Using cpu device
Run name: synthetic_ppo_v2
Starting training for 50000 timesteps...
Episodes: 10 | Mean Reward (last 10): 1.474 | Mean Score: 1.498 | Last-10 eps: [0.15, 0.0, 0.15, 0.05, 0.15, 0.15, 0.05, 0.2, 0.08, 0.5] | NaN reward steps so far: 0
Episodes: 20 | Mean Reward (last 10): 1.567 | Mean Score: 1.588 | Last-10 eps: [0.08, 0.0, 0.05, 0.1, 0.3, 0.08, 0.1, 0.3, 0.05, 0.6] | NaN reward steps so far: 0
Episodes: 30 | Mean Reward (last 10): 1.516 | Mean Score: 1.531 | Last-10 eps: [0.15, 0.1, 0.08, 0.08, 0.15, 0.25, 0.05, 0.15, 0.3, 0.0] | NaN reward steps so far: 0
Episodes: 40 | Mean Reward (last 10): 1.584 | Mean Score: 1.601 | Last-10 eps: [0.08, 0.4, 0.15, 0.15, 0.1, 0.4, 0.0, 0.15, 0.25, 0.05] | NaN reward steps so far: 0
Episodes: 50 | Mean Reward (last 10): 1.692 | Mean Score: 1.711 | Last-10 eps: [0.08, 0.4, 0.05, 0.1, 0.1, 0.2, 0.3, 0.05, 0.1, 0.08] | NaN reward steps so far: 0
Episodes: 60 | Mean Reward (last 10): 1.508 | Mean Score: 1.525 | Last-10 eps: [0.25, 0.1, 0.15, 0.5, 0.2, 0.25, 0.5, 0.15, 0.0, 0.05] | NaN reward steps so far: 0
Episodes: 70 | Mean Reward (last 10): 1.689 | Mean Score: 1.709 | Last-10 eps: [0.15, 0.25, 0.15, 0.25, 0.2, 0.5, 0.6, 0.15, 0.1, 0.25] | NaN reward steps so far: 0
Episodes: 80 | Mean Reward (last 10): 1.527 | Mean Score: 1.548 | Last-10 eps: [0.1, 0.25, 0.3, 0.1, 0.25, 0.25, 0.08, 0.08, 0.2, 0.4] | NaN reward steps so far: 0
Episodes: 90 | Mean Reward (last 10): 1.479 | Mean Score: 1.491 | Last-10 eps: [0.2, 0.0, 0.05, 0.1, 0.05, 0.05, 0.08, 0.05, 0.5, 0.5] | NaN reward steps so far: 0
Episodes: 100 | Mean Reward (last 10): 1.512 | Mean Score: 1.531 | Last-10 eps: [0.2, 0.08, 0.2, 0.5, 0.0, 0.15, 0.3, 0.15, 0.08, 0.25] | NaN reward steps so far: 0
Episodes: 110 | Mean Reward (last 10): 1.497 | Mean Score: 1.514 | Last-10 eps: [0.25, 0.15, 0.15, 0.0, 0.25, 0.3, 0.5, 0.5, 0.3, 0.1] | NaN reward steps so far: 0
Episodes: 120 | Mean Reward (last 10): 1.693 | Mean Score: 1.716 | Last-10 eps: [0.2, 0.6, 0.5, 0.15, 0.1, 0.08, 0.1, 0.1, 0.25, 0.05] | NaN reward steps so far: 0
Episodes: 130 | Mean Reward (last 10): 1.475 | Mean Score: 1.494 | Last-10 eps: [0.1, 0.1, 0.2, 0.1, 0.5, 0.0, 0.4, 0.25, 0.15, 0.2] | NaN reward steps so far: 0
Episodes: 140 | Mean Reward (last 10): 1.624 | Mean Score: 1.640 | Last-10 eps: [0.1, 0.4, 0.05, 0.5, 0.4, 0.1, 0.2, 0.6, 0.05, 0.3] | NaN reward steps so far: 0
Episodes: 150 | Mean Reward (last 10): 1.368 | Mean Score: 1.394 | Last-10 eps: [0.15, 0.2, 0.2, 0.5, 0.1, 0.5, 0.08, 0.1, 0.0, 0.5] | NaN reward steps so far: 0
Episodes: 160 | Mean Reward (last 10): 1.428 | Mean Score: 1.453 | Last-10 eps: [0.1, 0.03, 0.15, 0.3, 0.4, 0.5, 0.25, 0.5, 0.25, 0.3] | NaN reward steps so far: 0
Episodes: 170 | Mean Reward (last 10): 1.468 | Mean Score: 1.486 | Last-10 eps: [0.25, 0.2, 0.15, 0.15, 0.03, 0.08, 0.6, 0.6, 0.08, 0.25] | NaN reward steps so far: 0
Episodes: 180 | Mean Reward (last 10): 1.436 | Mean Score: 1.461 | Last-10 eps: [0.3, 0.1, 0.25, 0.5, 0.3, 0.4, 0.3, 0.1, 0.15, 0.3] | NaN reward steps so far: 0
Episodes: 190 | Mean Reward (last 10): 1.418 | Mean Score: 1.440 | Last-10 eps: [0.25, 0.0, 0.05, 0.25, 0.3, 0.2, 0.08, 0.1, 0.1, 0.4] | NaN reward steps so far: 0
Episodes: 200 | Mean Reward (last 10): 1.343 | Mean Score: 1.356 | Last-10 eps: [0.4, 0.15, 0.4, 0.25, 0.5, 0.0, 0.1, 0.25, 0.2, 0.0] | NaN reward steps so far: 0
Episodes: 210 | Mean Reward (last 10): 1.427 | Mean Score: 1.445 | Last-10 eps: [0.0, 0.5, 0.2, 0.25, 0.3, 0.4, 0.4, 0.1, 0.05, 0.08] | NaN reward steps so far: 0
Episodes: 220 | Mean Reward (last 10): 1.623 | Mean Score: 1.639 | Last-10 eps: [0.08, 0.15, 0.6, 0.08, 0.6, 0.3, 0.15, 0.08, 0.03, 0.1] | NaN reward steps so far: 0
Episodes: 230 | Mean Reward (last 10): 1.507 | Mean Score: 1.532 | Last-10 eps: [0.25, 0.25, 0.6, 0.2, 0.4, 0.6, 0.6, 0.08, 0.03, 0.1] | NaN reward steps so far: 0
Episodes: 240 | Mean Reward (last 10): 1.634 | Mean Score: 1.649 | Last-10 eps: [0.5, 0.1, 0.05, 0.03, 0.4, 0.2, 0.05, 0.1, 0.2, 0.15] | NaN reward steps so far: 0
Episodes: 250 | Mean Reward (last 10): 1.606 | Mean Score: 1.632 | Last-10 eps: [0.15, 0.08, 0.4, 0.3, 0.05, 0.1, 0.2, 0.5, 0.08, 0.2] | NaN reward steps so far: 0
Episodes: 260 | Mean Reward (last 10): 1.296 | Mean Score: 1.314 | Last-10 eps: [0.0, 0.2, 0.25, 0.05, 0.25, 0.1, 0.1, 0.1, 0.6, 0.03] | NaN reward steps so far: 0
Episodes: 270 | Mean Reward (last 10): 1.476 | Mean Score: 1.501 | Last-10 eps: [0.1, 0.08, 0.1, 0.0, 0.25, 0.5, 0.15, 0.4, 0.05, 0.08] | NaN reward steps so far: 0
Episodes: 280 | Mean Reward (last 10): 1.703 | Mean Score: 1.730 | Last-10 eps: [0.05, 0.1, 0.2, 0.08, 0.3, 0.25, 0.3, 0.6, 0.15, 0.1] | NaN reward steps so far: 0
Episodes: 290 | Mean Reward (last 10): 1.411 | Mean Score: 1.431 | Last-10 eps: [0.1, 0.3, 0.0, 0.05, 0.08, 0.05, 0.08, 0.2, 0.2, 0.6] | NaN reward steps so far: 0
Episodes: 300 | Mean Reward (last 10): 1.694 | Mean Score: 1.720 | Last-10 eps: [0.15, 0.08, 0.05, 0.4, 0.3, 0.1, 0.1, 0.3, 0.15, 0.1] | NaN reward steps so far: 0
Episodes: 310 | Mean Reward (last 10): 1.567 | Mean Score: 1.589 | Last-10 eps: [0.25, 0.1, 0.15, 0.5, 0.08, 0.08, 0.3, 0.15, 0.15, 0.08] | NaN reward steps so far: 0
Episodes: 320 | Mean Reward (last 10): 1.653 | Mean Score: 1.670 | Last-10 eps: [0.15, 0.6, 0.15, 0.05, 0.2, 0.4, 0.1, 0.15, 0.2, 0.5] | NaN reward steps so far: 0
Episodes: 330 | Mean Reward (last 10): 1.706 | Mean Score: 1.724 | Last-10 eps: [0.1, 0.4, 0.1, 0.2, 0.6, 0.05, 0.4, 0.2, 0.25, 0.15] | NaN reward steps so far: 0
Episodes: 340 | Mean Reward (last 10): 1.603 | Mean Score: 1.624 | Last-10 eps: [0.05, 0.08, 0.08, 0.6, 0.08, 0.08, 0.1, 0.4, 0.15, 0.08] | NaN reward steps so far: 0
Episodes: 350 | Mean Reward (last 10): 1.438 | Mean Score: 1.454 | Last-10 eps: [0.0, 0.08, 0.1, 0.4, 0.25, 0.1, 0.1, 0.4, 0.25, 0.03] | NaN reward steps so far: 0
Episodes: 360 | Mean Reward (last 10): 1.652 | Mean Score: 1.674 | Last-10 eps: [0.08, 0.05, 0.25, 0.05, 0.3, 0.15, 0.3, 0.25, 0.6, 0.15] | NaN reward steps so far: 0
Episodes: 370 | Mean Reward (last 10): 1.515 | Mean Score: 1.541 | Last-10 eps: [0.25, 0.15, 0.3, 0.08, 0.25, 0.3, 0.08, 0.05, 0.05, 0.1] | NaN reward steps so far: 0
Episodes: 380 | Mean Reward (last 10): 1.434 | Mean Score: 1.456 | Last-10 eps: [0.5, 0.05, 0.4, 0.3, 0.5, 0.05, 0.5, 0.0, 0.1, 0.3] | NaN reward steps so far: 0
Episodes: 390 | Mean Reward (last 10): 1.255 | Mean Score: 1.269 | Last-10 eps: [0.15, 0.25, 0.6, 0.08, 0.08, 0.0, 0.4, 0.25, 0.4, 0.25] | NaN reward steps so far: 0
Episodes: 400 | Mean Reward (last 10): 1.332 | Mean Score: 1.356 | Last-10 eps: [0.0, 0.15, 0.4, 0.4, 0.3, 0.25, 0.08, 0.5, 0.2, 0.25] | NaN reward steps so far: 0
Episodes: 410 | Mean Reward (last 10): 1.595 | Mean Score: 1.615 | Last-10 eps: [0.2, 0.4, 0.2, 0.03, 0.15, 0.2, 0.25, 0.3, 0.08, 0.3] | NaN reward steps so far: 0
Episodes: 420 | Mean Reward (last 10): 1.512 | Mean Score: 1.530 | Last-10 eps: [0.6, 0.08, 0.08, 0.4, 0.25, 0.25, 0.03, 0.15, 0.25, 0.1] | NaN reward steps so far: 0
Episodes: 430 | Mean Reward (last 10): 1.639 | Mean Score: 1.661 | Last-10 eps: [0.15, 0.05, 0.08, 0.1, 0.15, 0.1, 0.25, 0.05, 0.4, 0.25] | NaN reward steps so far: 0
Episodes: 440 | Mean Reward (last 10): 1.299 | Mean Score: 1.322 | Last-10 eps: [0.3, 0.0, 0.3, 0.0, 0.1, 0.05, 0.15, 0.15, 0.1, 0.5] | NaN reward steps so far: 0
Episodes: 450 | Mean Reward (last 10): 1.759 | Mean Score: 1.779 | Last-10 eps: [0.08, 0.08, 0.6, 0.3, 0.08, 0.25, 0.15, 0.15, 0.2, 0.15] | NaN reward steps so far: 0
Episodes: 460 | Mean Reward (last 10): 1.240 | Mean Score: 1.261 | Last-10 eps: [0.6, 0.08, 0.1, 0.1, 0.0, 0.6, 0.4, 0.1, 0.3, 0.15] | NaN reward steps so far: 0
Episodes: 470 | Mean Reward (last 10): 1.431 | Mean Score: 1.445 | Last-10 eps: [0.3, 0.5, 0.5, 0.05, 0.05, 0.08, 0.1, 0.1, 0.08, 0.3] | NaN reward steps so far: 0
Episodes: 480 | Mean Reward (last 10): 1.518 | Mean Score: 1.533 | Last-10 eps: [0.25, 0.4, 0.15, 0.4, 0.6, 0.4, 0.15, 0.25, 0.5, 0.4] | NaN reward steps so far: 0
Episodes: 490 | Mean Reward (last 10): 1.396 | Mean Score: 1.419 | Last-10 eps: [0.4, 0.6, 0.08, 0.05, 0.0, 0.08, 0.5, 0.15, 0.2, 0.15] | NaN reward steps so far: 0
Episodes: 500 | Mean Reward (last 10): 1.324 | Mean Score: 1.344 | Last-10 eps: [0.5, 0.3, 0.1, 0.05, 0.15, 0.6, 0.6, 0.2, 0.15, 0.0] | NaN reward steps so far: 0
Episodes: 510 | Mean Reward (last 10): 1.580 | Mean Score: 1.602 | Last-10 eps: [0.08, 0.1, 0.1, 0.25, 0.2, 0.2, 0.5, 0.5, 0.1, 0.25] | NaN reward steps so far: 0
Episodes: 520 | Mean Reward (last 10): 1.263 | Mean Score: 1.286 | Last-10 eps: [0.08, 0.5, 0.15, 0.15, 0.08, 0.2, 0.2, 0.05, 0.15, 0.0] | NaN reward steps so far: 0
Episodes: 530 | Mean Reward (last 10): 1.727 | Mean Score: 1.749 | Last-10 eps: [0.05, 0.05, 0.08, 0.05, 0.4, 0.1, 0.08, 0.25, 0.08, 0.25] | NaN reward steps so far: 0
Episodes: 540 | Mean Reward (last 10): 1.262 | Mean Score: 1.282 | Last-10 eps: [0.25, 0.15, 0.25, 0.3, 0.4, 0.0, 0.15, 0.1, 0.6, 0.6] | NaN reward steps so far: 0
Episodes: 550 | Mean Reward (last 10): 1.531 | Mean Score: 1.549 | Last-10 eps: [0.2, 0.5, 0.3, 0.15, 0.25, 0.6, 0.3, 0.1, 0.15, 0.3] | NaN reward steps so far: 0
Episodes: 560 | Mean Reward (last 10): 1.708 | Mean Score: 1.733 | Last-10 eps: [0.6, 0.3, 0.2, 0.05, 0.1, 0.08, 0.3, 0.3, 0.25, 0.1] | NaN reward steps so far: 0
Episodes: 570 | Mean Reward (last 10): 1.341 | Mean Score: 1.358 | Last-10 eps: [0.4, 0.3, 0.25, 0.3, 0.5, 0.1, 0.5, 0.0, 0.15, 0.08] | NaN reward steps so far: 0
Episodes: 580 | Mean Reward (last 10): 1.535 | Mean Score: 1.551 | Last-10 eps: [0.15, 0.15, 0.1, 0.6, 0.6, 0.1, 0.1, 0.3, 0.1, 0.08] | NaN reward steps so far: 0
Episodes: 590 | Mean Reward (last 10): 1.618 | Mean Score: 1.642 | Last-10 eps: [0.08, 0.08, 0.05, 0.05, 0.5, 0.15, 0.1, 0.08, 0.2, 0.08] | NaN reward steps so far: 0
Episodes: 600 | Mean Reward (last 10): 1.615 | Mean Score: 1.633 | Last-10 eps: [0.08, 0.25, 0.25, 0.05, 0.5, 0.2, 0.4, 0.25, 0.08, 0.2] | NaN reward steps so far: 0
Episodes: 610 | Mean Reward (last 10): 1.322 | Mean Score: 1.343 | Last-10 eps: [0.0, 0.25, 0.6, 0.1, 0.1, 0.15, 0.05, 0.6, 0.6, 0.15] | NaN reward steps so far: 0
Episodes: 620 | Mean Reward (last 10): 1.449 | Mean Score: 1.470 | Last-10 eps: [0.08, 0.5, 0.3, 0.6, 0.05, 0.0, 0.6, 0.05, 0.4, 0.6] | NaN reward steps so far: 0
Episodes: 630 | Mean Reward (last 10): 1.769 | Mean Score: 1.794 | Last-10 eps: [0.15, 0.1, 0.25, 0.5, 0.15, 0.1, 0.2, 0.15, 0.4, 0.03] | NaN reward steps so far: 0
Episodes: 640 | Mean Reward (last 10): 1.374 | Mean Score: 1.390 | Last-10 eps: [0.2, 0.03, 0.0, 0.6, 0.0, 0.6, 0.05, 0.2, 0.5, 0.4] | NaN reward steps so far: 0
Episodes: 650 | Mean Reward (last 10): 1.542 | Mean Score: 1.559 | Last-10 eps: [0.15, 0.15, 0.5, 0.6, 0.08, 0.1, 0.4, 0.3, 0.3, 0.2] | NaN reward steps so far: 0
Episodes: 660 | Mean Reward (last 10): 1.357 | Mean Score: 1.371 | Last-10 eps: [0.1, 0.4, 0.4, 0.2, 0.03, 0.25, 0.1, 0.0, 0.4, 0.15] | NaN reward steps so far: 0
Episodes: 670 | Mean Reward (last 10): 1.345 | Mean Score: 1.361 | Last-10 eps: [0.0, 0.5, 0.4, 0.4, 0.1, 0.25, 0.5, 0.1, 0.5, 0.0] | NaN reward steps so far: 0
Episodes: 680 | Mean Reward (last 10): 1.676 | Mean Score: 1.700 | Last-10 eps: [0.25, 0.08, 0.08, 0.2, 0.08, 0.25, 0.25, 0.1, 0.1, 0.1] | NaN reward steps so far: 0
Episodes: 690 | Mean Reward (last 10): 1.402 | Mean Score: 1.423 | Last-10 eps: [0.3, 0.2, 0.1, 0.3, 0.25, 0.0, 0.2, 0.08, 0.3, 0.1] | NaN reward steps so far: 0
Episodes: 700 | Mean Reward (last 10): 1.647 | Mean Score: 1.663 | Last-10 eps: [0.05, 0.3, 0.1, 0.4, 0.1, 0.1, 0.08, 0.3, 0.25, 0.25] | NaN reward steps so far: 0
Episodes: 710 | Mean Reward (last 10): 1.379 | Mean Score: 1.393 | Last-10 eps: [0.15, 0.0, 0.4, 0.08, 0.4, 0.2, 0.4, 0.25, 0.3, 0.25] | NaN reward steps so far: 0
Episodes: 720 | Mean Reward (last 10): 1.563 | Mean Score: 1.580 | Last-10 eps: [0.1, 0.1, 0.5, 0.5, 0.4, 0.15, 0.6, 0.08, 0.08, 0.3] | NaN reward steps so far: 0
Episodes: 730 | Mean Reward (last 10): 1.621 | Mean Score: 1.639 | Last-10 eps: [0.5, 0.6, 0.2, 0.08, 0.6, 0.3, 0.4, 0.3, 0.03, 0.1] | NaN reward steps so far: 0
Episodes: 740 | Mean Reward (last 10): 1.551 | Mean Score: 1.568 | Last-10 eps: [0.3, 0.15, 0.5, 0.25, 0.1, 0.08, 0.2, 0.08, 0.5, 0.08] | NaN reward steps so far: 0
Episodes: 750 | Mean Reward (last 10): 1.428 | Mean Score: 1.445 | Last-10 eps: [0.1, 0.5, 0.0, 0.1, 0.4, 0.6, 0.4, 0.4, 0.5, 0.3] | NaN reward steps so far: 0
Episodes: 760 | Mean Reward (last 10): 1.478 | Mean Score: 1.499 | Last-10 eps: [0.3, 0.05, 0.0, 0.15, 0.4, 0.5, 0.4, 0.15, 0.3, 0.4] | NaN reward steps so far: 0
Episodes: 770 | Mean Reward (last 10): 1.034 | Mean Score: 1.047 | Last-10 eps: [0.0, 0.2, 0.0, 0.1, 0.3, 0.4, 0.3, 0.4, 0.3, 0.0] | NaN reward steps so far: 0
Episodes: 780 | Mean Reward (last 10): 1.440 | Mean Score: 1.459 | Last-10 eps: [0.4, 0.2, 0.25, 0.15, 0.6, 0.15, 0.25, 0.0, 0.6, 0.15] | NaN reward steps so far: 0
Episodes: 790 | Mean Reward (last 10): 1.588 | Mean Score: 1.608 | Last-10 eps: [0.6, 0.15, 0.15, 0.2, 0.1, 0.4, 0.4, 0.5, 0.4, 0.1] | NaN reward steps so far: 0
Episodes: 800 | Mean Reward (last 10): 1.642 | Mean Score: 1.664 | Last-10 eps: [0.25, 0.15, 0.2, 0.2, 0.5, 0.3, 0.5, 0.6, 0.25, 0.15] | NaN reward steps so far: 0
Episodes: 810 | Mean Reward (last 10): 1.602 | Mean Score: 1.618 | Last-10 eps: [0.5, 0.2, 0.1, 0.5, 0.4, 0.2, 0.1, 0.5, 0.08, 0.5] | NaN reward steps so far: 0
Episodes: 820 | Mean Reward (last 10): 1.130 | Mean Score: 1.152 | Last-10 eps: [0.5, 0.1, 0.25, 0.25, 0.08, 0.3, 0.5, 0.0, 0.05, 0.25] | NaN reward steps so far: 0
Episodes: 830 | Mean Reward (last 10): 1.495 | Mean Score: 1.519 | Last-10 eps: [0.5, 0.08, 0.05, 0.4, 0.03, 0.15, 0.2, 0.1, 0.1, 0.0] | NaN reward steps so far: 0
Episodes: 840 | Mean Reward (last 10): 1.363 | Mean Score: 1.383 | Last-10 eps: [0.4, 0.25, 0.2, 0.0, 0.08, 0.15, 0.5, 0.3, 0.2, 0.08] | NaN reward steps so far: 0
Episodes: 850 | Mean Reward (last 10): 1.540 | Mean Score: 1.562 | Last-10 eps: [0.08, 0.5, 0.3, 0.4, 0.4, 0.5, 0.08, 0.0, 0.2, 0.2] | NaN reward steps so far: 0
Episodes: 860 | Mean Reward (last 10): 1.615 | Mean Score: 1.636 | Last-10 eps: [0.1, 0.5, 0.25, 0.08, 0.15, 0.4, 0.2, 0.08, 0.1, 0.25] | NaN reward steps so far: 0
Episodes: 870 | Mean Reward (last 10): 1.486 | Mean Score: 1.511 | Last-10 eps: [0.05, 0.6, 0.3, 0.08, 0.2, 0.08, 0.25, 0.08, 0.1, 0.5] | NaN reward steps so far: 0
Episodes: 880 | Mean Reward (last 10): 1.595 | Mean Score: 1.616 | Last-10 eps: [0.15, 0.15, 0.15, 0.15, 0.3, 0.4, 0.3, 0.3, 0.3, 0.03] | NaN reward steps so far: 0
Episodes: 890 | Mean Reward (last 10): 1.635 | Mean Score: 1.652 | Last-10 eps: [0.2, 0.05, 0.05, 0.15, 0.4, 0.2, 0.15, 0.15, 0.1, 0.5] | NaN reward steps so far: 0
Episodes: 900 | Mean Reward (last 10): 1.528 | Mean Score: 1.547 | Last-10 eps: [0.1, 0.08, 0.08, 0.4, 0.1, 0.25, 0.2, 0.4, 0.0, 0.2] | NaN reward steps so far: 0
Episodes: 910 | Mean Reward (last 10): 1.338 | Mean Score: 1.356 | Last-10 eps: [0.15, 0.0, 0.3, 0.05, 0.15, 0.3, 0.15, 0.5, 0.1, 0.15] | NaN reward steps so far: 0
Episodes: 920 | Mean Reward (last 10): 1.397 | Mean Score: 1.412 | Last-10 eps: [0.25, 0.1, 0.0, 0.05, 0.0, 0.1, 0.08, 0.2, 0.25, 0.2] | NaN reward steps so far: 0
Episodes: 930 | Mean Reward (last 10): 1.416 | Mean Score: 1.440 | Last-10 eps: [0.4, 0.08, 0.1, 0.08, 0.15, 0.1, 0.15, 0.15, 0.2, 0.5] | NaN reward steps so far: 0
Episodes: 940 | Mean Reward (last 10): 1.414 | Mean Score: 1.427 | Last-10 eps: [0.05, 0.05, 0.0, 0.4, 0.5, 0.6, 0.2, 0.15, 0.1, 0.03] | NaN reward steps so far: 0
Episodes: 950 | Mean Reward (last 10): 1.568 | Mean Score: 1.587 | Last-10 eps: [0.3, 0.05, 0.05, 0.6, 0.08, 0.4, 0.15, 0.08, 0.15, 0.15] | NaN reward steps so far: 0
Episodes: 960 | Mean Reward (last 10): 1.495 | Mean Score: 1.512 | Last-10 eps: [0.15, 0.08, 0.5, 0.1, 0.3, 0.0, 0.1, 0.25, 0.2, 0.25] | NaN reward steps so far: 0
Episodes: 970 | Mean Reward (last 10): 1.313 | Mean Score: 1.328 | Last-10 eps: [0.3, 0.08, 0.08, 0.1, 0.15, 0.05, 0.0, 0.3, 0.05, 0.0] | NaN reward steps so far: 0
Episodes: 980 | Mean Reward (last 10): 1.401 | Mean Score: 1.419 | Last-10 eps: [0.4, 0.1, 0.4, 0.08, 0.0, 0.1, 0.15, 0.1, 0.6, 0.25] | NaN reward steps so far: 0
Episodes: 990 | Mean Reward (last 10): 1.475 | Mean Score: 1.493 | Last-10 eps: [0.08, 0.3, 0.4, 0.05, 0.2, 0.0, 0.1, 0.2, 0.2, 0.4] | NaN reward steps so far: 0
Episodes: 1000 | Mean Reward (last 10): 1.550 | Mean Score: 1.566 | Last-10 eps: [0.5, 0.15, 0.1, 0.08, 0.25, 0.6, 0.15, 0.4, 0.5, 0.1] | NaN reward steps so far: 0
Episodes: 1010 | Mean Reward (last 10): 1.528 | Mean Score: 1.546 | Last-10 eps: [0.6, 0.4, 0.5, 0.1, 0.25, 0.08, 0.3, 0.1, 0.08, 0.3] | NaN reward steps so far: 0
Episodes: 1020 | Mean Reward (last 10): 1.525 | Mean Score: 1.543 | Last-10 eps: [0.08, 0.25, 0.15, 0.08, 0.25, 0.08, 0.05, 0.3, 0.0, 0.15] | NaN reward steps so far: 0
Episodes: 1030 | Mean Reward (last 10): 1.583 | Mean Score: 1.604 | Last-10 eps: [0.08, 0.15, 0.15, 0.5, 0.1, 0.3, 0.4, 0.08, 0.15, 0.4] | NaN reward steps so far: 0
Episodes: 1040 | Mean Reward (last 10): 1.514 | Mean Score: 1.538 | Last-10 eps: [0.25, 0.0, 0.25, 0.15, 0.2, 0.2, 0.3, 0.5, 0.08, 0.08] | NaN reward steps so far: 0
---------------------------------
| rollout/           |          |
|    ep_len_mean     | 1.84     |
|    ep_rew_mean     | 1.48     |
| time/              |          |
|    fps             | 1        |
|    iterations      | 1        |
|    time_elapsed    | 1040     |
|    total_timesteps | 2048     |
---------------------------------
Episodes: 1050 | Mean Reward (last 10): 1.441 | Mean Score: 1.460 | Last-10 eps: [0.08, 0.6, 0.05, 0.3, 0.0, 0.1, 0.25, 0.15, 0.5, 0.1] | NaN reward steps so far: 0
Episodes: 1060 | Mean Reward (last 10): 1.490 | Mean Score: 1.506 | Last-10 eps: [0.25, 0.15, 0.3, 0.2, 0.05, 0.1, 0.3, 0.15, 0.05, 0.1] | NaN reward steps so far: 0
Episodes: 1070 | Mean Reward (last 10): 1.759 | Mean Score: 1.786 | Last-10 eps: [0.05, 0.15, 0.2, 0.3, 0.25, 0.25, 0.6, 0.4, 0.15, 0.2] | NaN reward steps so far: 0
Episodes: 1080 | Mean Reward (last 10): 1.397 | Mean Score: 1.418 | Last-10 eps: [0.1, 0.1, 0.2, 0.3, 0.3, 0.15, 0.25, 0.15, 0.5, 0.2] | NaN reward steps so far: 0
Episodes: 1090 | Mean Reward (last 10): 1.337 | Mean Score: 1.354 | Last-10 eps: [0.25, 0.1, 0.0, 0.15, 0.4, 0.5, 0.5, 0.6, 0.15, 0.08] | NaN reward steps so far: 0
Episodes: 1100 | Mean Reward (last 10): 1.532 | Mean Score: 1.548 | Last-10 eps: [0.2, 0.15, 0.4, 0.15, 0.4, 0.3, 0.25, 0.15, 0.1, 0.08] | NaN reward steps so far: 0
Episodes: 1110 | Mean Reward (last 10): 1.815 | Mean Score: 1.835 | Last-10 eps: [0.05, 0.15, 0.4, 0.1, 0.4, 0.1, 0.1, 0.25, 0.05, 0.1] | NaN reward steps so far: 0
Episodes: 1120 | Mean Reward (last 10): 1.429 | Mean Score: 1.449 | Last-10 eps: [0.5, 0.2, 0.3, 0.1, 0.15, 0.6, 0.3, 0.25, 0.6, 0.25] | NaN reward steps so far: 0
Episodes: 1130 | Mean Reward (last 10): 1.391 | Mean Score: 1.416 | Last-10 eps: [0.5, 0.15, 0.08, 0.1, 0.05, 0.5, 0.1, 0.0, 0.25, 0.6] | NaN reward steps so far: 0
Episodes: 1140 | Mean Reward (last 10): 1.772 | Mean Score: 1.791 | Last-10 eps: [0.2, 0.3, 0.3, 0.1, 0.4, 0.2, 0.3, 0.1, 0.05, 0.1] | NaN reward steps so far: 0
Episodes: 1150 | Mean Reward (last 10): 1.661 | Mean Score: 1.681 | Last-10 eps: [0.05, 0.1, 0.15, 0.2, 0.1, 0.1, 0.2, 0.6, 0.25, 0.2] | NaN reward steps so far: 0
Episodes: 1160 | Mean Reward (last 10): 1.704 | Mean Score: 1.724 | Last-10 eps: [0.25, 0.15, 0.3, 0.4, 0.6, 0.4, 0.1, 0.4, 0.2, 0.1] | NaN reward steps so far: 0
Episodes: 1170 | Mean Reward (last 10): 1.481 | Mean Score: 1.506 | Last-10 eps: [0.1, 0.15, 0.08, 0.2, 0.4, 0.6, 0.15, 0.25, 0.08, 0.1] | NaN reward steps so far: 0
Episodes: 1180 | Mean Reward (last 10): 1.550 | Mean Score: 1.566 | Last-10 eps: [0.4, 0.4, 0.3, 0.08, 0.5, 0.05, 0.08, 0.5, 0.2, 0.2] | NaN reward steps so far: 0
Episodes: 1190 | Mean Reward (last 10): 1.421 | Mean Score: 1.441 | Last-10 eps: [0.1, 0.05, 0.08, 0.15, 0.3, 0.03, 0.1, 0.3, 0.5, 0.0] | NaN reward steps so far: 0
Episodes: 1200 | Mean Reward (last 10): 1.281 | Mean Score: 1.298 | Last-10 eps: [0.1, 0.4, 0.3, 0.1, 0.0, 0.1, 0.15, 0.4, 0.05, 0.0] | NaN reward steps so far: 0
Episodes: 1210 | Mean Reward (last 10): 1.601 | Mean Score: 1.621 | Last-10 eps: [0.4, 0.25, 0.08, 0.08, 0.08, 0.15, 0.08, 0.2, 0.5, 0.08] | NaN reward steps so far: 0
Episodes: 1220 | Mean Reward (last 10): 1.431 | Mean Score: 1.451 | Last-10 eps: [0.5, 0.08, 0.25, 0.4, 0.25, 0.2, 0.0, 0.5, 0.4, 0.1] | NaN reward steps so far: 0
Episodes: 1230 | Mean Reward (last 10): 1.494 | Mean Score: 1.518 | Last-10 eps: [0.25, 0.4, 0.08, 0.1, 0.15, 0.1, 0.5, 0.15, 0.1, 0.0] | NaN reward steps so far: 0
Episodes: 1240 | Mean Reward (last 10): 1.545 | Mean Score: 1.564 | Last-10 eps: [0.1, 0.15, 0.08, 0.15, 0.15, 0.0, 0.05, 0.1, 0.25, 0.25] | NaN reward steps so far: 0
Episodes: 1250 | Mean Reward (last 10): 1.463 | Mean Score: 1.480 | Last-10 eps: [0.4, 0.05, 0.05, 0.5, 0.05, 0.3, 0.6, 0.08, 0.15, 0.4] | NaN reward steps so far: 0
Episodes: 1260 | Mean Reward (last 10): 1.317 | Mean Score: 1.332 | Last-10 eps: [0.3, 0.0, 0.08, 0.15, 0.2, 0.0, 0.4, 0.1, 0.08, 0.5] | NaN reward steps so far: 0
Episodes: 1270 | Mean Reward (last 10): 1.595 | Mean Score: 1.620 | Last-10 eps: [0.4, 0.25, 0.2, 0.3, 0.05, 0.3, 0.15, 0.25, 0.05, 0.25] | NaN reward steps so far: 0
Episodes: 1280 | Mean Reward (last 10): 1.537 | Mean Score: 1.556 | Last-10 eps: [0.5, 0.25, 0.3, 0.0, 0.15, 0.05, 0.2, 0.2, 0.2, 0.25] | NaN reward steps so far: 0
Episodes: 1290 | Mean Reward (last 10): 1.371 | Mean Score: 1.390 | Last-10 eps: [0.0, 0.4, 0.6, 0.15, 0.05, 0.15, 0.5, 0.25, 0.4, 0.1] | NaN reward steps so far: 0
Episodes: 1300 | Mean Reward (last 10): 1.659 | Mean Score: 1.682 | Last-10 eps: [0.15, 0.5, 0.1, 0.1, 0.15, 0.05, 0.3, 0.6, 0.05, 0.6] | NaN reward steps so far: 0
Episodes: 1310 | Mean Reward (last 10): 1.674 | Mean Score: 1.698 | Last-10 eps: [0.08, 0.08, 0.2, 0.08, 0.1, 0.6, 0.05, 0.4, 0.1, 0.05] | NaN reward steps so far: 0
Episodes: 1320 | Mean Reward (last 10): 1.578 | Mean Score: 1.596 | Last-10 eps: [0.08, 0.3, 0.15, 0.05, 0.08, 0.15, 0.4, 0.2, 0.15, 0.3] | NaN reward steps so far: 0
Episodes: 1330 | Mean Reward (last 10): 1.472 | Mean Score: 1.495 | Last-10 eps: [0.2, 0.05, 0.1, 0.1, 0.1, 0.05, 0.6, 0.15, 0.2, 0.0] | NaN reward steps so far: 0
Episodes: 1340 | Mean Reward (last 10): 1.348 | Mean Score: 1.377 | Last-10 eps: [0.4, 0.1, 0.0, 0.08, 0.15, 0.0, 0.08, 0.08, 0.15, 0.05] | NaN reward steps so far: 0
Episodes: 1350 | Mean Reward (last 10): 1.610 | Mean Score: 1.636 | Last-10 eps: [0.05, 0.5, 0.5, 0.4, 0.3, 0.15, 0.1, 0.5, 0.1, 0.4] | NaN reward steps so far: 0
Episodes: 1360 | Mean Reward (last 10): 1.702 | Mean Score: 1.724 | Last-10 eps: [0.15, 0.2, 0.4, 0.1, 0.2, 0.3, 0.08, 0.05, 0.1, 0.2] | NaN reward steps so far: 0
Episodes: 1370 | Mean Reward (last 10): 1.702 | Mean Score: 1.728 | Last-10 eps: [0.15, 0.08, 0.2, 0.2, 0.05, 0.2, 0.05, 0.08, 0.25, 0.25] | NaN reward steps so far: 0
Episodes: 1380 | Mean Reward (last 10): 1.389 | Mean Score: 1.411 | Last-10 eps: [0.25, 0.25, 0.25, 0.25, 0.2, 0.3, 0.08, 0.0, 0.5, 0.2] | NaN reward steps so far: 0
Episodes: 1390 | Mean Reward (last 10): 1.679 | Mean Score: 1.702 | Last-10 eps: [0.25, 0.25, 0.25, 0.08, 0.1, 0.15, 0.25, 0.25, 0.15, 0.1] | NaN reward steps so far: 0
Episodes: 1400 | Mean Reward (last 10): 1.400 | Mean Score: 1.423 | Last-10 eps: [0.15, 0.0, 0.1, 0.3, 0.25, 0.2, 0.2, 0.25, 0.15, 0.25] | NaN reward steps so far: 0
Episodes: 1410 | Mean Reward (last 10): 1.500 | Mean Score: 1.520 | Last-10 eps: [0.25, 0.6, 0.2, 0.15, 0.15, 0.2, 0.0, 0.2, 0.4, 0.08] | NaN reward steps so far: 0
Episodes: 1420 | Mean Reward (last 10): 1.573 | Mean Score: 1.588 | Last-10 eps: [0.5, 0.08, 0.1, 0.1, 0.5, 0.4, 0.25, 0.25, 0.2, 0.6] | NaN reward steps so far: 0
Episodes: 1430 | Mean Reward (last 10): 1.510 | Mean Score: 1.536 | Last-10 eps: [0.4, 0.2, 0.3, 0.3, 0.4, 0.1, 0.03, 0.15, 0.08, 0.08] | NaN reward steps so far: 0
Episodes: 1440 | Mean Reward (last 10): 1.593 | Mean Score: 1.611 | Last-10 eps: [0.4, 0.08, 0.1, 0.15, 0.5, 0.3, 0.1, 0.25, 0.3, 0.1] | NaN reward steps so far: 0
Episodes: 1450 | Mean Reward (last 10): 1.641 | Mean Score: 1.663 | Last-10 eps: [0.4, 0.1, 0.6, 0.5, 0.08, 0.2, 0.05, 0.15, 0.4, 0.2] | NaN reward steps so far: 0
Episodes: 1460 | Mean Reward (last 10): 1.694 | Mean Score: 1.712 | Last-10 eps: [0.2, 0.05, 0.6, 0.05, 0.1, 0.05, 0.2, 0.03, 0.25, 0.08] | NaN reward steps so far: 0
Episodes: 1470 | Mean Reward (last 10): 1.382 | Mean Score: 1.403 | Last-10 eps: [0.25, 0.15, 0.6, 0.2, 0.0, 0.15, 0.2, 0.3, 0.0, 0.15] | NaN reward steps so far: 0
Episodes: 1480 | Mean Reward (last 10): 1.370 | Mean Score: 1.399 | Last-10 eps: [0.6, 0.3, 0.6, 0.08, 0.15, 0.0, 0.15, 0.15, 0.2, 0.6] | NaN reward steps so far: 0
Episodes: 1490 | Mean Reward (last 10): 1.597 | Mean Score: 1.626 | Last-10 eps: [0.15, 0.2, 0.05, 0.4, 0.15, 0.1, 0.2, 0.05, 0.15, 0.05] | NaN reward steps so far: 0
Episodes: 1500 | Mean Reward (last 10): 1.488 | Mean Score: 1.515 | Last-10 eps: [0.15, 0.15, 0.4, 0.05, 0.15, 0.1, 0.08, 0.6, 0.2, 0.0] | NaN reward steps so far: 0
Episodes: 1510 | Mean Reward (last 10): 1.443 | Mean Score: 1.462 | Last-10 eps: [0.1, 0.5, 0.1, 0.6, 0.08, 0.2, 0.4, 0.0, 0.15, 0.1] | NaN reward steps so far: 0
Episodes: 1520 | Mean Reward (last 10): 1.744 | Mean Score: 1.766 | Last-10 eps: [0.2, 0.3, 0.1, 0.25, 0.2, 0.1, 0.08, 0.08, 0.3, 0.1] | NaN reward steps so far: 0
Episodes: 1530 | Mean Reward (last 10): 1.294 | Mean Score: 1.314 | Last-10 eps: [0.1, 0.05, 0.4, 0.3, 0.3, 0.1, 0.0, 0.25, 0.15, 0.2] | NaN reward steps so far: 0
Episodes: 1540 | Mean Reward (last 10): 1.455 | Mean Score: 1.472 | Last-10 eps: [0.08, 0.2, 0.1, 0.1, 0.15, 0.08, 0.0, 0.25, 0.5, 0.2] | NaN reward steps so far: 0
Episodes: 1550 | Mean Reward (last 10): 1.615 | Mean Score: 1.635 | Last-10 eps: [0.05, 0.5, 0.1, 0.15, 0.1, 0.1, 0.4, 0.4, 0.5, 0.25] | NaN reward steps so far: 0
Episodes: 1560 | Mean Reward (last 10): 1.474 | Mean Score: 1.493 | Last-10 eps: [0.25, 0.5, 0.25, 0.2, 0.1, 0.25, 0.05, 0.2, 0.25, 0.6] | NaN reward steps so far: 0
Episodes: 1570 | Mean Reward (last 10): 1.328 | Mean Score: 1.342 | Last-10 eps: [0.25, 0.6, 0.25, 0.1, 0.0, 0.15, 0.08, 0.6, 0.0, 0.5] | NaN reward steps so far: 0
Episodes: 1580 | Mean Reward (last 10): 1.360 | Mean Score: 1.380 | Last-10 eps: [0.3, 0.2, 0.4, 0.3, 0.1, 0.08, 0.4, 0.3, 0.2, 0.5] | NaN reward steps so far: 0
Episodes: 1590 | Mean Reward (last 10): 1.303 | Mean Score: 1.319 | Last-10 eps: [0.1, 0.25, 0.2, 0.08, 0.1, 0.1, 0.15, 0.5, 0.0, 0.1] | NaN reward steps so far: 0
Episodes: 1600 | Mean Reward (last 10): 1.593 | Mean Score: 1.615 | Last-10 eps: [0.2, 0.6, 0.4, 0.05, 0.05, 0.08, 0.15, 0.1, 0.1, 0.08] | NaN reward steps so far: 0
Episodes: 1610 | Mean Reward (last 10): 1.505 | Mean Score: 1.530 | Last-10 eps: [0.2, 0.1, 0.3, 0.15, 0.1, 0.03, 0.15, 0.15, 0.2, 0.2] | NaN reward steps so far: 0
Episodes: 1620 | Mean Reward (last 10): 1.559 | Mean Score: 1.577 | Last-10 eps: [0.05, 0.25, 0.4, 0.25, 0.3, 0.08, 0.5, 0.03, 0.5, 0.15] | NaN reward steps so far: 0
Episodes: 1630 | Mean Reward (last 10): 1.534 | Mean Score: 1.564 | Last-10 eps: [0.3, 0.3, 0.1, 0.08, 0.1, 0.3, 0.08, 0.25, 0.3, 0.05] | NaN reward steps so far: 0
Episodes: 1640 | Mean Reward (last 10): 1.124 | Mean Score: 1.141 | Last-10 eps: [0.2, 0.25, 0.05, 0.0, 0.0, 0.2, 0.5, 0.2, 0.25, 0.03] | NaN reward steps so far: 0
Episodes: 1650 | Mean Reward (last 10): 1.461 | Mean Score: 1.478 | Last-10 eps: [0.15, 0.1, 0.6, 0.5, 0.0, 0.08, 0.25, 0.1, 0.4, 0.15] | NaN reward steps so far: 0
Episodes: 1660 | Mean Reward (last 10): 1.263 | Mean Score: 1.280 | Last-10 eps: [0.0, 0.5, 0.15, 0.6, 0.1, 0.6, 0.08, 0.3, 0.1, 0.05] | NaN reward steps so far: 0
Episodes: 1670 | Mean Reward (last 10): 1.463 | Mean Score: 1.482 | Last-10 eps: [0.25, 0.0, 0.6, 0.2, 0.3, 0.6, 0.1, 0.08, 0.08, 0.3] | NaN reward steps so far: 0
Episodes: 1680 | Mean Reward (last 10): 1.485 | Mean Score: 1.508 | Last-10 eps: [0.0, 0.05, 0.25, 0.2, 0.3, 0.08, 0.2, 0.08, 0.08, 0.05] | NaN reward steps so far: 0
Episodes: 1690 | Mean Reward (last 10): 1.567 | Mean Score: 1.587 | Last-10 eps: [0.2, 0.1, 0.25, 0.08, 0.3, 0.2, 0.2, 0.2, 0.1, 0.4] | NaN reward steps so far: 0
Episodes: 1700 | Mean Reward (last 10): 1.475 | Mean Score: 1.498 | Last-10 eps: [0.0, 0.1, 0.05, 0.2, 0.6, 0.6, 0.15, 0.1, 0.3, 0.15] | NaN reward steps so far: 0
Episodes: 1710 | Mean Reward (last 10): 1.385 | Mean Score: 1.399 | Last-10 eps: [0.4, 0.15, 0.6, 0.2, 0.1, 0.4, 0.1, 0.08, 0.1, 0.2] | NaN reward steps so far: 0
Episodes: 1720 | Mean Reward (last 10): 1.255 | Mean Score: 1.276 | Last-10 eps: [0.0, 0.08, 0.08, 0.4, 0.1, 0.08, 0.3, 0.3, 0.0, 0.3] | NaN reward steps so far: 0
Episodes: 1730 | Mean Reward (last 10): 1.353 | Mean Score: 1.372 | Last-10 eps: [0.0, 0.15, 0.1, 0.4, 0.3, 0.4, 0.1, 0.6, 0.4, 0.1] | NaN reward steps so far: 0
Episodes: 1740 | Mean Reward (last 10): 1.460 | Mean Score: 1.476 | Last-10 eps: [0.15, 0.2, 0.5, 0.4, 0.0, 0.2, 0.5, 0.25, 0.3, 0.4] | NaN reward steps so far: 0
Episodes: 1750 | Mean Reward (last 10): 1.533 | Mean Score: 1.548 | Last-10 eps: [0.25, 0.25, 0.6, 0.4, 0.2, 0.05, 0.08, 0.15, 0.08, 0.08] | NaN reward steps so far: 0
Episodes: 1760 | Mean Reward (last 10): 1.408 | Mean Score: 1.432 | Last-10 eps: [0.25, 0.05, 0.6, 0.2, 0.6, 0.15, 0.1, 0.08, 0.0, 0.6] | NaN reward steps so far: 0
Episodes: 1770 | Mean Reward (last 10): 1.684 | Mean Score: 1.707 | Last-10 eps: [0.1, 0.1, 0.1, 0.15, 0.4, 0.5, 0.1, 0.6, 0.05, 0.08] | NaN reward steps so far: 0
Episodes: 1780 | Mean Reward (last 10): 1.539 | Mean Score: 1.560 | Last-10 eps: [0.5, 0.2, 0.4, 0.6, 0.5, 0.25, 0.3, 0.05, 0.08, 0.5] | NaN reward steps so far: 0
Episodes: 1790 | Mean Reward (last 10): 1.435 | Mean Score: 1.459 | Last-10 eps: [0.15, 0.15, 0.25, 0.15, 0.08, 0.5, 0.15, 0.3, 0.0, 0.08] | NaN reward steps so far: 0
Episodes: 1800 | Mean Reward (last 10): 1.511 | Mean Score: 1.531 | Last-10 eps: [0.15, 0.2, 0.05, 0.15, 0.6, 0.2, 0.05, 0.1, 0.08, 0.0] | NaN reward steps so far: 0
Episodes: 1810 | Mean Reward (last 10): 1.578 | Mean Score: 1.601 | Last-10 eps: [0.2, 0.08, 0.05, 0.6, 0.05, 0.1, 0.2, 0.25, 0.1, 0.08] | NaN reward steps so far: 0
Episodes: 1820 | Mean Reward (last 10): 1.488 | Mean Score: 1.509 | Last-10 eps: [0.4, 0.6, 0.0, 0.08, 0.4, 0.6, 0.1, 0.15, 0.1, 0.15] | NaN reward steps so far: 0
Episodes: 1830 | Mean Reward (last 10): 1.708 | Mean Score: 1.722 | Last-10 eps: [0.15, 0.08, 0.3, 0.1, 0.15, 0.08, 0.2, 0.5, 0.08, 0.2] | NaN reward steps so far: 0
Episodes: 1840 | Mean Reward (last 10): 1.459 | Mean Score: 1.475 | Last-10 eps: [0.1, 0.08, 0.3, 0.5, 0.05, 0.0, 0.3, 0.05, 0.15, 0.25] | NaN reward steps so far: 0
Episodes: 1850 | Mean Reward (last 10): 1.560 | Mean Score: 1.585 | Last-10 eps: [0.3, 0.08, 0.08, 0.25, 0.1, 0.2, 0.25, 0.1, 0.08, 0.15] | NaN reward steps so far: 0
Episodes: 1860 | Mean Reward (last 10): 1.366 | Mean Score: 1.387 | Last-10 eps: [0.25, 0.3, 0.4, 0.0, 0.15, 0.3, 0.3, 0.4, 0.08, 0.08] | NaN reward steps so far: 0
Episodes: 1870 | Mean Reward (last 10): 1.496 | Mean Score: 1.514 | Last-10 eps: [0.3, 0.1, 0.08, 0.6, 0.25, 0.25, 0.08, 0.0, 0.4, 0.4] | NaN reward steps so far: 0
Episodes: 1880 | Mean Reward (last 10): 1.526 | Mean Score: 1.548 | Last-10 eps: [0.15, 0.05, 0.08, 0.05, 0.08, 0.15, 0.4, 0.2, 0.05, 0.3] | NaN reward steps so far: 0
Episodes: 1890 | Mean Reward (last 10): 1.609 | Mean Score: 1.630 | Last-10 eps: [0.4, 0.08, 0.25, 0.15, 0.15, 0.2, 0.1, 0.5, 0.1, 0.15] | NaN reward steps so far: 0
Episodes: 1900 | Mean Reward (last 10): 1.556 | Mean Score: 1.581 | Last-10 eps: [0.08, 0.15, 0.1, 0.08, 0.6, 0.3, 0.08, 0.25, 0.5, 0.15] | NaN reward steps so far: 0
Episodes: 1910 | Mean Reward (last 10): 1.569 | Mean Score: 1.589 | Last-10 eps: [0.5, 0.08, 0.2, 0.4, 0.3, 0.03, 0.3, 0.3, 0.15, 0.15] | NaN reward steps so far: 0
Episodes: 1920 | Mean Reward (last 10): 1.550 | Mean Score: 1.577 | Last-10 eps: [0.25, 0.25, 0.6, 0.3, 0.05, 0.15, 0.4, 0.25, 0.1, 0.15] | NaN reward steps so far: 0
Episodes: 1930 | Mean Reward (last 10): 1.075 | Mean Score: 1.089 | Last-10 eps: [0.05, 0.05, 0.6, 0.05, 0.25, 0.0, 0.5, 0.0, 0.0, 0.1] | NaN reward steps so far: 0
Episodes: 1940 | Mean Reward (last 10): 1.621 | Mean Score: 1.642 | Last-10 eps: [0.15, 0.05, 0.25, 0.2, 0.1, 0.25, 0.4, 0.3, 0.2, 0.4] | NaN reward steps so far: 0
Episodes: 1950 | Mean Reward (last 10): 1.727 | Mean Score: 1.750 | Last-10 eps: [0.2, 0.1, 0.08, 0.1, 0.1, 0.3, 0.1, 0.15, 0.1, 0.08] | NaN reward steps so far: 0
Episodes: 1960 | Mean Reward (last 10): 1.469 | Mean Score: 1.494 | Last-10 eps: [0.08, 0.3, 0.3, 0.1, 0.1, 0.03, 0.15, 0.1, 0.6, 0.15] | NaN reward steps so far: 0
Episodes: 1970 | Mean Reward (last 10): 1.520 | Mean Score: 1.545 | Last-10 eps: [0.4, 0.5, 0.3, 0.1, 0.1, 0.2, 0.08, 0.05, 0.3, 0.0] | NaN reward steps so far: 0
Episodes: 1980 | Mean Reward (last 10): 1.746 | Mean Score: 1.762 | Last-10 eps: [0.2, 0.5, 0.08, 0.5, 0.15, 0.6, 0.2, 0.15, 0.05, 0.5] | NaN reward steps so far: 0
Episodes: 1990 | Mean Reward (last 10): 1.414 | Mean Score: 1.429 | Last-10 eps: [0.25, 0.05, 0.5, 0.6, 0.25, 0.0, 0.3, 0.15, 0.25, 0.05] | NaN reward steps so far: 0
Episodes: 2000 | Mean Reward (last 10): 1.655 | Mean Score: 1.682 | Last-10 eps: [0.2, 0.3, 0.25, 0.15, 0.05, 0.15, 0.5, 0.1, 0.5, 0.3] | NaN reward steps so far: 0
Episodes: 2010 | Mean Reward (last 10): 1.591 | Mean Score: 1.614 | Last-10 eps: [0.3, 0.05, 0.4, 0.2, 0.3, 0.2, 0.4, 0.5, 0.3, 0.2] | NaN reward steps so far: 0
Episodes: 2020 | Mean Reward (last 10): 1.627 | Mean Score: 1.651 | Last-10 eps: [0.25, 0.1, 0.6, 0.08, 0.1, 0.15, 0.08, 0.3, 0.5, 0.1] | NaN reward steps so far: 0
-----------------------------------------
| rollout/                |             |
|    ep_len_mean          | 2.23        |
|    ep_rew_mean          | 1.56        |
| time/                   |             |
|    fps                  | 1           |
|    iterations           | 2           |
|    time_elapsed         | 2253        |
|    total_timesteps      | 4096        |
| train/                  |             |
|    approx_kl            | 0.015791856 |
|    clip_fraction        | 0.155       |
|    clip_range           | 0.2         |
|    entropy_loss         | -6.67       |
|    explained_variance   | -0.412      |
|    learning_rate        | 0.0003      |
|    loss                 | -0.0098     |
|    n_updates            | 10          |
|    policy_gradient_loss | -0.041      |
|    value_loss           | 1.91        |
-----------------------------------------
Episodes: 2030 | Mean Reward (last 10): 1.716 | Mean Score: 1.742 | Last-10 eps: [0.25, 0.3, 0.1, 0.08, 0.3, 0.1, 0.2, 0.4, 0.1, 0.25] | NaN reward steps so far: 0
Episodes: 2040 | Mean Reward (last 10): 1.627 | Mean Score: 1.645 | Last-10 eps: [0.5, 0.05, 0.15, 0.15, 0.05, 0.15, 0.2, 0.15, 0.15, 0.15] | NaN reward steps so far: 0
Episodes: 2050 | Mean Reward (last 10): 1.573 | Mean Score: 1.594 | Last-10 eps: [0.5, 0.08, 0.08, 0.4, 0.3, 0.08, 0.2, 0.4, 0.4, 0.08] | NaN reward steps so far: 0
Episodes: 2060 | Mean Reward (last 10): 1.316 | Mean Score: 1.332 | Last-10 eps: [0.08, 0.1, 0.08, 0.3, 0.0, 0.0, 0.2, 0.6, 0.1, 0.1] | NaN reward steps so far: 0
Episodes: 2070 | Mean Reward (last 10): 1.527 | Mean Score: 1.547 | Last-10 eps: [0.1, 0.3, 0.1, 0.2, 0.2, 0.08, 0.25, 0.2, 0.5, 0.15] | NaN reward steps so far: 0
Episodes: 2080 | Mean Reward (last 10): 1.456 | Mean Score: 1.474 | Last-10 eps: [0.2, 0.08, 0.6, 0.15, 0.25, 0.2, 0.1, 0.15, 0.08, 0.25] | NaN reward steps so far: 0
Episodes: 2090 | Mean Reward (last 10): 1.581 | Mean Score: 1.603 | Last-10 eps: [0.3, 0.3, 0.3, 0.6, 0.25, 0.25, 0.5, 0.25, 0.25, 0.1] | NaN reward steps so far: 0
Episodes: 2100 | Mean Reward (last 10): 1.517 | Mean Score: 1.545 | Last-10 eps: [0.5, 0.08, 0.2, 0.2, 0.4, 0.05, 0.25, 0.15, 0.08, 0.4] | NaN reward steps so far: 0
Episodes: 2110 | Mean Reward (last 10): 1.592 | Mean Score: 1.616 | Last-10 eps: [0.3, 0.5, 0.08, 0.25, 0.2, 0.08, 0.6, 0.15, 0.2, 0.1] | NaN reward steps so far: 0
Episodes: 2120 | Mean Reward (last 10): 1.500 | Mean Score: 1.524 | Last-10 eps: [0.6, 0.15, 0.15, 0.4, 0.08, 0.2, 0.3, 0.1, 0.2, 0.1] | NaN reward steps so far: 0
Episodes: 2130 | Mean Reward (last 10): 1.554 | Mean Score: 1.569 | Last-10 eps: [0.15, 0.2, 0.08, 0.2, 0.25, 0.2, 0.25, 0.3, 0.15, 0.4] | NaN reward steps so far: 0
Episodes: 2140 | Mean Reward (last 10): 1.733 | Mean Score: 1.751 | Last-10 eps: [0.2, 0.08, 0.3, 0.25, 0.08, 0.2, 0.25, 0.25, 0.1, 0.08] | NaN reward steps so far: 0
Episodes: 2150 | Mean Reward (last 10): 1.628 | Mean Score: 1.651 | Last-10 eps: [0.5, 0.08, 0.1, 0.15, 0.1, 0.1, 0.4, 0.3, 0.1, 0.2] | NaN reward steps so far: 0
Episodes: 2160 | Mean Reward (last 10): 1.080 | Mean Score: 1.106 | Last-10 eps: [0.4, 0.1, 0.0, 0.15, 0.4, 0.0, 0.15, 0.4, 0.3, 0.0] | NaN reward steps so far: 0
Episodes: 2170 | Mean Reward (last 10): 1.496 | Mean Score: 1.516 | Last-10 eps: [0.08, 0.3, 0.08, 0.15, 0.2, 0.05, 0.3, 0.1, 0.2, 0.1] | NaN reward steps so far: 0
Episodes: 2180 | Mean Reward (last 10): 1.364 | Mean Score: 1.376 | Last-10 eps: [0.25, 0.3, 0.1, 0.08, 0.0, 0.2, 0.15, 0.15, 0.15, 0.0] | NaN reward steps so far: 0
Episodes: 2190 | Mean Reward (last 10): 1.599 | Mean Score: 1.622 | Last-10 eps: [0.1, 0.2, 0.6, 0.1, 0.05, 0.2, 0.6, 0.5, 0.05, 0.15] | NaN reward steps so far: 0
Episodes: 2200 | Mean Reward (last 10): 1.522 | Mean Score: 1.540 | Last-10 eps: [0.25, 0.05, 0.5, 0.0, 0.1, 0.15, 0.2, 0.25, 0.4, 0.15] | NaN reward steps so far: 0
Episodes: 2210 | Mean Reward (last 10): 1.619 | Mean Score: 1.638 | Last-10 eps: [0.08, 0.08, 0.08, 0.25, 0.15, 0.08, 0.08, 0.05, 0.4, 0.08] | NaN reward steps so far: 0
Episodes: 2220 | Mean Reward (last 10): 1.568 | Mean Score: 1.592 | Last-10 eps: [0.1, 0.15, 0.4, 0.25, 0.08, 0.6, 0.2, 0.3, 0.1, 0.3] | NaN reward steps so far: 0
Episodes: 2230 | Mean Reward (last 10): 1.492 | Mean Score: 1.511 | Last-10 eps: [0.15, 0.08, 0.08, 0.03, 0.15, 0.1, 0.4, 0.2, 0.0, 0.6] | NaN reward steps so far: 0
Episodes: 2240 | Mean Reward (last 10): 1.388 | Mean Score: 1.405 | Last-10 eps: [0.05, 0.08, 0.08, 0.0, 0.0, 0.3, 0.25, 0.2, 0.5, 0.3] | NaN reward steps so far: 0
Episodes: 2250 | Mean Reward (last 10): 1.460 | Mean Score: 1.477 | Last-10 eps: [0.4, 0.2, 0.0, 0.3, 0.15, 0.6, 0.3, 0.05, 0.4, 0.1] | NaN reward steps so far: 0
Episodes: 2260 | Mean Reward (last 10): 1.586 | Mean Score: 1.601 | Last-10 eps: [0.4, 0.03, 0.03, 0.25, 0.25, 0.08, 0.5, 0.08, 0.05, 0.6] | NaN reward steps so far: 0
Episodes: 2270 | Mean Reward (last 10): 1.465 | Mean Score: 1.489 | Last-10 eps: [0.4, 0.08, 0.6, 0.2, 0.08, 0.15, 0.1, 0.03, 0.15, 0.3] | NaN reward steps so far: 0
Episodes: 2280 | Mean Reward (last 10): 1.627 | Mean Score: 1.646 | Last-10 eps: [0.3, 0.1, 0.1, 0.15, 0.4, 0.1, 0.05, 0.4, 0.08, 0.15] | NaN reward steps so far: 0
Episodes: 2290 | Mean Reward (last 10): 1.615 | Mean Score: 1.639 | Last-10 eps: [0.1, 0.08, 0.25, 0.5, 0.6, 0.15, 0.1, 0.15, 0.2, 0.0] | NaN reward steps so far: 0
Episodes: 2300 | Mean Reward (last 10): 1.569 | Mean Score: 1.585 | Last-10 eps: [0.15, 0.2, 0.2, 0.2, 0.25, 0.3, 0.6, 0.1, 0.15, 0.2] | NaN reward steps so far: 0
Episodes: 2310 | Mean Reward (last 10): 1.538 | Mean Score: 1.558 | Last-10 eps: [0.1, 0.3, 0.15, 0.1, 0.6, 0.1, 0.08, 0.5, 0.15, 0.1] | NaN reward steps so far: 0
Episodes: 2320 | Mean Reward (last 10): 1.569 | Mean Score: 1.589 | Last-10 eps: [0.25, 0.4, 0.1, 0.25, 0.6, 0.15, 0.5, 0.6, 0.25, 0.3] | NaN reward steps so far: 0
Episodes: 2330 | Mean Reward (last 10): 1.382 | Mean Score: 1.396 | Last-10 eps: [0.6, 0.5, 0.5, 0.08, 0.1, 0.08, 0.15, 0.05, 0.08, 0.0] | NaN reward steps so far: 0
Episodes: 2340 | Mean Reward (last 10): 1.721 | Mean Score: 1.737 | Last-10 eps: [0.25, 0.2, 0.25, 0.25, 0.1, 0.08, 0.2, 0.08, 0.3, 0.1] | NaN reward steps so far: 0
Episodes: 2350 | Mean Reward (last 10): 1.643 | Mean Score: 1.663 | Last-10 eps: [0.25, 0.5, 0.25, 0.6, 0.3, 0.5, 0.08, 0.2, 0.05, 0.1] | NaN reward steps so far: 0
Episodes: 2360 | Mean Reward (last 10): 1.597 | Mean Score: 1.615 | Last-10 eps: [0.1, 0.6, 0.1, 0.3, 0.08, 0.2, 0.08, 0.5, 0.4, 0.3] | NaN reward steps so far: 0
Episodes: 2370 | Mean Reward (last 10): 1.498 | Mean Score: 1.524 | Last-10 eps: [0.2, 0.08, 0.05, 0.15, 0.1, 0.08, 0.6, 0.6, 0.3, 0.08] | NaN reward steps so far: 0
Episodes: 2380 | Mean Reward (last 10): 1.298 | Mean Score: 1.318 | Last-10 eps: [0.0, 0.3, 0.05, 0.4, 0.1, 0.0, 0.1, 0.5, 0.08, 0.5] | NaN reward steps so far: 0
Episodes: 2390 | Mean Reward (last 10): 1.322 | Mean Score: 1.339 | Last-10 eps: [0.1, 0.2, 0.08, 0.6, 0.0, 0.15, 0.25, 0.5, 0.4, 0.3] | NaN reward steps so far: 0
Episodes: 2400 | Mean Reward (last 10): 1.407 | Mean Score: 1.428 | Last-10 eps: [0.6, 0.3, 0.05, 0.0, 0.4, 0.15, 0.1, 0.2, 0.03, 0.2] | NaN reward steps so far: 0
Episodes: 2410 | Mean Reward (last 10): 1.605 | Mean Score: 1.625 | Last-10 eps: [0.2, 0.25, 0.2, 0.1, 0.1, 0.6, 0.08, 0.15, 0.4, 0.2] | NaN reward steps so far: 0
Episodes: 2420 | Mean Reward (last 10): 1.470 | Mean Score: 1.489 | Last-10 eps: [0.1, 0.4, 0.3, 0.4, 0.05, 0.15, 0.3, 0.2, 0.1, 0.3] | NaN reward steps so far: 0
Episodes: 2430 | Mean Reward (last 10): 1.465 | Mean Score: 1.483 | Last-10 eps: [0.6, 0.03, 0.08, 0.15, 0.2, 0.2, 0.15, 0.1, 0.08, 0.05] | NaN reward steps so far: 0
Episodes: 2440 | Mean Reward (last 10): 1.430 | Mean Score: 1.455 | Last-10 eps: [0.5, 0.0, 0.3, 0.15, 0.3, 0.08, 0.1, 0.1, 0.03, 0.1] | NaN reward steps so far: 0
Episodes: 2450 | Mean Reward (last 10): 1.521 | Mean Score: 1.545 | Last-10 eps: [0.1, 0.3, 0.6, 0.15, 0.05, 0.03, 0.15, 0.15, 0.4, 0.05] | NaN reward steps so far: 0
Episodes: 2460 | Mean Reward (last 10): 1.636 | Mean Score: 1.661 | Last-10 eps: [0.4, 0.08, 0.08, 0.1, 0.25, 0.15, 0.2, 0.08, 0.1, 0.3] | NaN reward steps so far: 0
Episodes: 2470 | Mean Reward (last 10): 1.626 | Mean Score: 1.649 | Last-10 eps: [0.1, 0.1, 0.08, 0.3, 0.4, 0.2, 0.08, 0.5, 0.03, 0.05] | NaN reward steps so far: 0
Episodes: 2480 | Mean Reward (last 10): 1.392 | Mean Score: 1.412 | Last-10 eps: [0.08, 0.3, 0.0, 0.15, 0.5, 0.15, 0.4, 0.5, 0.2, 0.5] | NaN reward steps so far: 0
Episodes: 2490 | Mean Reward (last 10): 1.678 | Mean Score: 1.701 | Last-10 eps: [0.1, 0.3, 0.15, 0.08, 0.2, 0.6, 0.3, 0.4, 0.05, 0.1] | NaN reward steps so far: 0
Episodes: 2500 | Mean Reward (last 10): 1.485 | Mean Score: 1.500 | Last-10 eps: [0.08, 0.08, 0.4, 0.3, 0.08, 0.1, 0.08, 0.5, 0.08, 0.0] | NaN reward steps so far: 0
Episodes: 2510 | Mean Reward (last 10): 1.620 | Mean Score: 1.643 | Last-10 eps: [0.4, 0.05, 0.1, 0.1, 0.3, 0.15, 0.1, 0.25, 0.05, 0.6] | NaN reward steps so far: 0
Episodes: 2520 | Mean Reward (last 10): 1.543 | Mean Score: 1.566 | Last-10 eps: [0.5, 0.1, 0.3, 0.08, 0.08, 0.15, 0.6, 0.08, 0.1, 0.05] | NaN reward steps so far: 0
Episodes: 2530 | Mean Reward (last 10): 1.629 | Mean Score: 1.647 | Last-10 eps: [0.08, 0.2, 0.3, 0.5, 0.25, 0.08, 0.15, 0.25, 0.2, 0.1] | NaN reward steps so far: 0
Episodes: 2540 | Mean Reward (last 10): 1.339 | Mean Score: 1.357 | Last-10 eps: [0.0, 0.0, 0.2, 0.4, 0.05, 0.3, 0.25, 0.15, 0.15, 0.1] | NaN reward steps so far: 0
Episodes: 2550 | Mean Reward (last 10): 1.728 | Mean Score: 1.747 | Last-10 eps: [0.08, 0.1, 0.15, 0.1, 0.5, 0.25, 0.5, 0.08, 0.1, 0.2] | NaN reward steps so far: 0
Episodes: 2560 | Mean Reward (last 10): 1.700 | Mean Score: 1.721 | Last-10 eps: [0.2, 0.25, 0.4, 0.03, 0.15, 0.08, 0.4, 0.05, 0.08, 0.03] | NaN reward steps so far: 0
Episodes: 2570 | Mean Reward (last 10): 1.417 | Mean Score: 1.438 | Last-10 eps: [0.25, 0.25, 0.25, 0.4, 0.1, 0.1, 0.25, 0.0, 0.1, 0.1] | NaN reward steps so far: 0
Episodes: 2580 | Mean Reward (last 10): 1.493 | Mean Score: 1.515 | Last-10 eps: [0.08, 0.3, 0.05, 0.2, 0.2, 0.2, 0.3, 0.2, 0.2, 0.2] | NaN reward steps so far: 0
Episodes: 2590 | Mean Reward (last 10): 1.675 | Mean Score: 1.694 | Last-10 eps: [0.08, 0.25, 0.25, 0.05, 0.08, 0.6, 0.3, 0.1, 0.05, 0.2] | NaN reward steps so far: 0
Episodes: 2600 | Mean Reward (last 10): 1.516 | Mean Score: 1.530 | Last-10 eps: [0.25, 0.15, 0.1, 0.5, 0.15, 0.2, 0.6, 0.15, 0.08, 0.1] | NaN reward steps so far: 0
Episodes: 2610 | Mean Reward (last 10): 1.451 | Mean Score: 1.473 | Last-10 eps: [0.15, 0.6, 0.1, 0.1, 0.05, 0.1, 0.25, 0.25, 0.25, 0.1] | NaN reward steps so far: 0
Episodes: 2620 | Mean Reward (last 10): 1.719 | Mean Score: 1.736 | Last-10 eps: [0.1, 0.4, 0.08, 0.2, 0.2, 0.15, 0.3, 0.6, 0.05, 0.6] | NaN reward steps so far: 0
Episodes: 2630 | Mean Reward (last 10): 1.431 | Mean Score: 1.448 | Last-10 eps: [0.25, 0.1, 0.0, 0.6, 0.2, 0.5, 0.2, 0.15, 0.2, 0.1] | NaN reward steps so far: 0
Episodes: 2640 | Mean Reward (last 10): 1.524 | Mean Score: 1.547 | Last-10 eps: [0.0, 0.1, 0.4, 0.08, 0.5, 0.1, 0.15, 0.2, 0.05, 0.2] | NaN reward steps so far: 0
Episodes: 2650 | Mean Reward (last 10): 1.551 | Mean Score: 1.574 | Last-10 eps: [0.25, 0.08, 0.5, 0.2, 0.3, 0.25, 0.08, 0.15, 0.6, 0.4] | NaN reward steps so far: 0
Episodes: 2660 | Mean Reward (last 10): 1.518 | Mean Score: 1.537 | Last-10 eps: [0.1, 0.2, 0.1, 0.05, 0.15, 0.08, 0.08, 0.4, 0.05, 0.3] | NaN reward steps so far: 0
Episodes: 2670 | Mean Reward (last 10): 1.580 | Mean Score: 1.599 | Last-10 eps: [0.15, 0.08, 0.05, 0.25, 0.4, 0.03, 0.08, 0.5, 0.08, 0.5] | NaN reward steps so far: 0
Episodes: 2680 | Mean Reward (last 10): 1.553 | Mean Score: 1.571 | Last-10 eps: [0.3, 0.0, 0.15, 0.08, 0.1, 0.1, 0.2, 0.2, 0.15, 0.05] | NaN reward steps so far: 0
Episodes: 2690 | Mean Reward (last 10): 1.669 | Mean Score: 1.689 | Last-10 eps: [0.08, 0.15, 0.15, 0.4, 0.6, 0.08, 0.2, 0.4, 0.4, 0.6] | NaN reward steps so far: 0
Episodes: 2700 | Mean Reward (last 10): 1.661 | Mean Score: 1.677 | Last-10 eps: [0.08, 0.3, 0.6, 0.25, 0.1, 0.25, 0.4, 0.4, 0.3, 0.15] | NaN reward steps so far: 0
Episodes: 2710 | Mean Reward (last 10): 1.609 | Mean Score: 1.632 | Last-10 eps: [0.1, 0.1, 0.4, 0.3, 0.08, 0.4, 0.2, 0.08, 0.08, 0.4] | NaN reward steps so far: 0
Episodes: 2720 | Mean Reward (last 10): 1.721 | Mean Score: 1.743 | Last-10 eps: [0.4, 0.15, 0.08, 0.4, 0.08, 0.08, 0.2, 0.1, 0.05, 0.4] | NaN reward steps so far: 0
Episodes: 2730 | Mean Reward (last 10): 1.690 | Mean Score: 1.709 | Last-10 eps: [0.2, 0.4, 0.4, 0.2, 0.1, 0.1, 0.05, 0.1, 0.03, 0.15] | NaN reward steps so far: 0
Episodes: 2740 | Mean Reward (last 10): 1.445 | Mean Score: 1.472 | Last-10 eps: [0.3, 0.2, 0.2, 0.3, 0.2, 0.0, 0.08, 0.15, 0.15, 0.3] | NaN reward steps so far: 0
Episodes: 2750 | Mean Reward (last 10): 1.561 | Mean Score: 1.579 | Last-10 eps: [0.0, 0.2, 0.15, 0.15, 0.08, 0.25, 0.08, 0.08, 0.08, 0.4] | NaN reward steps so far: 0
Episodes: 2760 | Mean Reward (last 10): 1.556 | Mean Score: 1.570 | Last-10 eps: [0.5, 0.25, 0.03, 0.6, 0.1, 0.08, 0.0, 0.08, 0.25, 0.3] | NaN reward steps so far: 0
Episodes: 2770 | Mean Reward (last 10): 1.580 | Mean Score: 1.594 | Last-10 eps: [0.6, 0.1, 0.1, 0.1, 0.08, 0.2, 0.6, 0.25, 0.4, 0.05] | NaN reward steps so far: 0
Episodes: 2780 | Mean Reward (last 10): 1.288 | Mean Score: 1.307 | Last-10 eps: [0.3, 0.1, 0.1, 0.1, 0.3, 0.08, 0.2, 0.2, 0.6, 0.0] | NaN reward steps so far: 0
Episodes: 2790 | Mean Reward (last 10): 1.468 | Mean Score: 1.483 | Last-10 eps: [0.2, 0.5, 0.5, 0.2, 0.6, 0.4, 0.05, 0.5, 0.1, 0.3] | NaN reward steps so far: 0
Episodes: 2800 | Mean Reward (last 10): 1.651 | Mean Score: 1.671 | Last-10 eps: [0.1, 0.25, 0.05, 0.5, 0.5, 0.08, 0.4, 0.1, 0.1, 0.2] | NaN reward steps so far: 0
Episodes: 2810 | Mean Reward (last 10): 1.555 | Mean Score: 1.572 | Last-10 eps: [0.4, 0.6, 0.6, 0.2, 0.5, 0.15, 0.15, 0.25, 0.15, 0.1] | NaN reward steps so far: 0
Episodes: 2820 | Mean Reward (last 10): 1.542 | Mean Score: 1.562 | Last-10 eps: [0.1, 0.15, 0.3, 0.1, 0.15, 0.15, 0.3, 0.1, 0.15, 0.15] | NaN reward steps so far: 0
Episodes: 2830 | Mean Reward (last 10): 1.525 | Mean Score: 1.550 | Last-10 eps: [0.25, 0.2, 0.05, 0.25, 0.25, 0.25, 0.25, 0.15, 0.15, 0.25] | NaN reward steps so far: 0
Episodes: 2840 | Mean Reward (last 10): 1.662 | Mean Score: 1.682 | Last-10 eps: [0.08, 0.1, 0.15, 0.15, 0.25, 0.25, 0.05, 0.25, 0.1, 0.15] | NaN reward steps so far: 0
Episodes: 2850 | Mean Reward (last 10): 1.537 | Mean Score: 1.556 | Last-10 eps: [0.6, 0.05, 0.15, 0.15, 0.15, 0.1, 0.05, 0.5, 0.5, 0.6] | NaN reward steps so far: 0
Episodes: 2860 | Mean Reward (last 10): 1.547 | Mean Score: 1.567 | Last-10 eps: [0.03, 0.5, 0.08, 0.1, 0.2, 0.08, 0.6, 0.25, 0.2, 0.08] | NaN reward steps so far: 0
Episodes: 2870 | Mean Reward (last 10): 1.205 | Mean Score: 1.227 | Last-10 eps: [0.1, 0.15, 0.15, 0.15, 0.1, 0.0, 0.1, 0.1, 0.0, 0.0] | NaN reward steps so far: 0
Episodes: 2880 | Mean Reward (last 10): 1.531 | Mean Score: 1.550 | Last-10 eps: [0.05, 0.25, 0.6, 0.08, 0.03, 0.05, 0.25, 0.6, 0.3, 0.08] | NaN reward steps so far: 0
Episodes: 2890 | Mean Reward (last 10): 1.411 | Mean Score: 1.426 | Last-10 eps: [0.5, 0.08, 0.05, 0.25, 0.08, 0.15, 0.4, 0.0, 0.08, 0.25] | NaN reward steps so far: 0
Episodes: 2900 | Mean Reward (last 10): 1.323 | Mean Score: 1.343 | Last-10 eps: [0.3, 0.15, 0.0, 0.4, 0.0, 0.05, 0.05, 0.25, 0.15, 0.6] | NaN reward steps so far: 0
Episodes: 2910 | Mean Reward (last 10): 1.520 | Mean Score: 1.539 | Last-10 eps: [0.08, 0.2, 0.08, 0.08, 0.4, 0.2, 0.25, 0.15, 0.5, 0.5] | NaN reward steps so far: 0
Episodes: 2920 | Mean Reward (last 10): 1.659 | Mean Score: 1.673 | Last-10 eps: [0.2, 0.1, 0.5, 0.6, 0.25, 0.08, 0.08, 0.3, 0.1, 0.08] | NaN reward steps so far: 0
Episodes: 2930 | Mean Reward (last 10): 1.671 | Mean Score: 1.694 | Last-10 eps: [0.1, 0.1, 0.1, 0.25, 0.05, 0.15, 0.05, 0.08, 0.4, 0.5] | NaN reward steps so far: 0
Episodes: 2940 | Mean Reward (last 10): 1.568 | Mean Score: 1.582 | Last-10 eps: [0.15, 0.25, 0.15, 0.5, 0.25, 0.1, 0.1, 0.15, 0.15, 0.05] | NaN reward steps so far: 0
Episodes: 2950 | Mean Reward (last 10): 1.512 | Mean Score: 1.532 | Last-10 eps: [0.25, 0.5, 0.4, 0.25, 0.3, 0.08, 0.08, 0.6, 0.5, 0.08] | NaN reward steps so far: 0
Episodes: 2960 | Mean Reward (last 10): 1.507 | Mean Score: 1.527 | Last-10 eps: [0.1, 0.15, 0.4, 0.25, 0.2, 0.3, 0.2, 0.3, 0.2, 0.1] | NaN reward steps so far: 0
Episodes: 2970 | Mean Reward (last 10): 1.650 | Mean Score: 1.671 | Last-10 eps: [0.1, 0.15, 0.15, 0.08, 0.6, 0.08, 0.08, 0.25, 0.08, 0.08] | NaN reward steps so far: 0
Episodes: 2980 | Mean Reward (last 10): 1.411 | Mean Score: 1.425 | Last-10 eps: [0.5, 0.4, 0.25, 0.4, 0.08, 0.2, 0.25, 0.08, 0.1, 0.0] | NaN reward steps so far: 0
Episodes: 2990 | Mean Reward (last 10): 1.381 | Mean Score: 1.406 | Last-10 eps: [0.05, 0.5, 0.0, 0.2, 0.15, 0.5, 0.08, 0.05, 0.2, 0.15] | NaN reward steps so far: 0
Episodes: 3000 | Mean Reward (last 10): 1.548 | Mean Score: 1.564 | Last-10 eps: [0.15, 0.03, 0.4, 0.08, 0.2, 0.4, 0.25, 0.25, 0.15, 0.6] | NaN reward steps so far: 0
Episodes: 3010 | Mean Reward (last 10): 1.599 | Mean Score: 1.619 | Last-10 eps: [0.1, 0.4, 0.15, 0.3, 0.15, 0.15, 0.15, 0.03, 0.25, 0.5] | NaN reward steps so far: 0
Episodes: 3020 | Mean Reward (last 10): 1.606 | Mean Score: 1.630 | Last-10 eps: [0.1, 0.1, 0.15, 0.08, 0.25, 0.1, 0.1, 0.08, 0.3, 0.1] | NaN reward steps so far: 0
Episodes: 3030 | Mean Reward (last 10): 1.528 | Mean Score: 1.550 | Last-10 eps: [0.1, 0.6, 0.4, 0.15, 0.5, 0.15, 0.4, 0.25, 0.4, 0.4] | NaN reward steps so far: 0
Episodes: 3040 | Mean Reward (last 10): 1.653 | Mean Score: 1.674 | Last-10 eps: [0.15, 0.1, 0.15, 0.15, 0.1, 0.08, 0.2, 0.3, 0.1, 0.15] | NaN reward steps so far: 0
Episodes: 3050 | Mean Reward (last 10): 1.545 | Mean Score: 1.563 | Last-10 eps: [0.1, 0.05, 0.0, 0.05, 0.03, 0.3, 0.2, 0.08, 0.03, 0.6] | NaN reward steps so far: 0
Episodes: 3060 | Mean Reward (last 10): 1.680 | Mean Score: 1.704 | Last-10 eps: [0.05, 0.2, 0.4, 0.1, 0.15, 0.1, 0.25, 0.08, 0.2, 0.15] | NaN reward steps so far: 0
-----------------------------------------
| rollout/                |             |
|    ep_len_mean          | 2.05        |
|    ep_rew_mean          | 1.56        |
| time/                   |             |
|    fps                  | 1           |
|    iterations           | 3           |
|    time_elapsed         | 3479        |
|    total_timesteps      | 6144        |
| train/                  |             |
|    approx_kl            | 0.019668814 |
|    clip_fraction        | 0.24        |
|    clip_range           | 0.2         |
|    entropy_loss         | -6.64       |
|    explained_variance   | 0.817       |
|    learning_rate        | 0.0003      |
|    loss                 | 0.0743      |
|    n_updates            | 20          |
|    policy_gradient_loss | -0.056      |
|    value_loss           | 0.438       |
-----------------------------------------
Episodes: 3070 | Mean Reward (last 10): 1.762 | Mean Score: 1.791 | Last-10 eps: [0.4, 0.03, 0.05, 0.15, 0.15, 0.25, 0.1, 0.03, 0.2, 0.2] | NaN reward steps so far: 0
Episodes: 3080 | Mean Reward (last 10): 1.668 | Mean Score: 1.690 | Last-10 eps: [0.15, 0.2, 0.3, 0.4, 0.1, 0.3, 0.3, 0.1, 0.2, 0.15] | NaN reward steps so far: 0
Episodes: 3090 | Mean Reward (last 10): 1.667 | Mean Score: 1.691 | Last-10 eps: [0.15, 0.15, 0.08, 0.2, 0.08, 0.15, 0.05, 0.4, 0.1, 0.4] | NaN reward steps so far: 0
Episodes: 3100 | Mean Reward (last 10): 1.470 | Mean Score: 1.490 | Last-10 eps: [0.05, 0.3, 0.2, 0.1, 0.6, 0.1, 0.6, 0.25, 0.2, 0.15] | NaN reward steps so far: 0
Episodes: 3110 | Mean Reward (last 10): 1.674 | Mean Score: 1.694 | Last-10 eps: [0.1, 0.15, 0.5, 0.15, 0.3, 0.25, 0.15, 0.08, 0.2, 0.08] | NaN reward steps so far: 0
Episodes: 3120 | Mean Reward (last 10): 1.554 | Mean Score: 1.567 | Last-10 eps: [0.3, 0.5, 0.15, 0.2, 0.15, 0.1, 0.15, 0.05, 0.4, 0.0] | NaN reward steps so far: 0
Episodes: 3130 | Mean Reward (last 10): 1.596 | Mean Score: 1.617 | Last-10 eps: [0.15, 0.05, 0.1, 0.15, 0.2, 0.03, 0.3, 0.15, 0.08, 0.4] | NaN reward steps so far: 0
Episodes: 3140 | Mean Reward (last 10): 1.293 | Mean Score: 1.310 | Last-10 eps: [0.1, 0.6, 0.2, 0.1, 0.0, 0.05, 0.2, 0.0, 0.3, 0.25] | NaN reward steps so far: 0
Episodes: 3150 | Mean Reward (last 10): 1.636 | Mean Score: 1.663 | Last-10 eps: [0.05, 0.08, 0.1, 0.1, 0.08, 0.08, 0.25, 0.08, 0.2, 0.08] | NaN reward steps so far: 0
Episodes: 3160 | Mean Reward (last 10): 1.601 | Mean Score: 1.622 | Last-10 eps: [0.4, 0.3, 0.08, 0.15, 0.3, 0.1, 0.25, 0.5, 0.6, 0.1] | NaN reward steps so far: 0
Episodes: 3170 | Mean Reward (last 10): 1.503 | Mean Score: 1.524 | Last-10 eps: [0.25, 0.6, 0.1, 0.08, 0.05, 0.08, 0.0, 0.15, 0.1, 0.2] | NaN reward steps so far: 0
Episodes: 3180 | Mean Reward (last 10): 1.627 | Mean Score: 1.646 | Last-10 eps: [0.1, 0.05, 0.05, 0.6, 0.05, 0.15, 0.08, 0.5, 0.15, 0.05] | NaN reward steps so far: 0
Episodes: 3190 | Mean Reward (last 10): 1.395 | Mean Score: 1.416 | Last-10 eps: [0.15, 0.15, 0.2, 0.15, 0.25, 0.15, 0.3, 0.1, 0.25, 0.0] | NaN reward steps so far: 0
Episodes: 3200 | Mean Reward (last 10): 1.665 | Mean Score: 1.681 | Last-10 eps: [0.25, 0.05, 0.5, 0.6, 0.2, 0.1, 0.1, 0.08, 0.3, 0.25] | NaN reward steps so far: 0
Episodes: 3210 | Mean Reward (last 10): 1.302 | Mean Score: 1.321 | Last-10 eps: [0.15, 0.08, 0.15, 0.0, 0.15, 0.3, 0.03, 0.6, 0.2, 0.15] | NaN reward steps so far: 0
Episodes: 3220 | Mean Reward (last 10): 1.586 | Mean Score: 1.609 | Last-10 eps: [0.3, 0.2, 0.1, 0.15, 0.2, 0.3, 0.08, 0.2, 0.3, 0.1] | NaN reward steps so far: 0
Episodes: 3230 | Mean Reward (last 10): 1.534 | Mean Score: 1.555 | Last-10 eps: [0.6, 0.1, 0.0, 0.2, 0.15, 0.15, 0.4, 0.08, 0.4, 0.2] | NaN reward steps so far: 0
Episodes: 3240 | Mean Reward (last 10): 1.464 | Mean Score: 1.488 | Last-10 eps: [0.2, 0.05, 0.1, 0.05, 0.0, 0.1, 0.5, 0.4, 0.5, 0.5] | NaN reward steps so far: 0
Episodes: 3250 | Mean Reward (last 10): 1.559 | Mean Score: 1.581 | Last-10 eps: [0.25, 0.08, 0.25, 0.4, 0.5, 0.1, 0.15, 0.2, 0.08, 0.15] | NaN reward steps so far: 0
Episodes: 3260 | Mean Reward (last 10): 1.485 | Mean Score: 1.501 | Last-10 eps: [0.25, 0.2, 0.5, 0.08, 0.3, 0.1, 0.05, 0.08, 0.5, 0.4] | NaN reward steps so far: 0
Episodes: 3270 | Mean Reward (last 10): 1.617 | Mean Score: 1.642 | Last-10 eps: [0.08, 0.2, 0.2, 0.15, 0.6, 0.15, 0.05, 0.3, 0.25, 0.2] | NaN reward steps so far: 0
Episodes: 3280 | Mean Reward (last 10): 1.402 | Mean Score: 1.424 | Last-10 eps: [0.6, 0.3, 0.2, 0.4, 0.05, 0.08, 0.2, 0.0, 0.1, 0.08] | NaN reward steps so far: 0
Episodes: 3290 | Mean Reward (last 10): 1.450 | Mean Score: 1.479 | Last-10 eps: [0.08, 0.5, 0.2, 0.5, 0.15, 0.25, 0.25, 0.1, 0.08, 0.25] | NaN reward steps so far: 0
Episodes: 3300 | Mean Reward (last 10): 1.485 | Mean Score: 1.506 | Last-10 eps: [0.2, 0.4, 0.5, 0.05, 0.5, 0.08, 0.5, 0.1, 0.25, 0.5] | NaN reward steps so far: 0
Episodes: 3310 | Mean Reward (last 10): 1.451 | Mean Score: 1.472 | Last-10 eps: [0.2, 0.15, 0.2, 0.0, 0.5, 0.15, 0.4, 0.15, 0.1, 0.2] | NaN reward steps so far: 0
Episodes: 3320 | Mean Reward (last 10): 1.752 | Mean Score: 1.772 | Last-10 eps: [0.2, 0.25, 0.6, 0.08, 0.08, 0.15, 0.15, 0.1, 0.1, 0.08] | NaN reward steps so far: 0
Episodes: 3330 | Mean Reward (last 10): 1.553 | Mean Score: 1.573 | Last-10 eps: [0.2, 0.08, 0.5, 0.08, 0.1, 0.0, 0.3, 0.05, 0.05, 0.4] | NaN reward steps so far: 0
Episodes: 3340 | Mean Reward (last 10): 1.688 | Mean Score: 1.713 | Last-10 eps: [0.1, 0.08, 0.4, 0.15, 0.1, 0.1, 0.05, 0.15, 0.08, 0.15] | NaN reward steps so far: 0
Episodes: 3350 | Mean Reward (last 10): 1.598 | Mean Score: 1.620 | Last-10 eps: [0.2, 0.6, 0.15, 0.05, 0.08, 0.6, 0.1, 0.05, 0.15, 0.1] | NaN reward steps so far: 0
Episodes: 3360 | Mean Reward (last 10): 1.366 | Mean Score: 1.385 | Last-10 eps: [0.05, 0.0, 0.08, 0.25, 0.5, 0.08, 0.6, 0.2, 0.15, 0.5] | NaN reward steps so far: 0
Episodes: 3370 | Mean Reward (last 10): 1.183 | Mean Score: 1.207 | Last-10 eps: [0.1, 0.1, 0.2, 0.25, 0.0, 0.3, 0.08, 0.4, 0.25, 0.0] | NaN reward steps so far: 0
Episodes: 3380 | Mean Reward (last 10): 1.357 | Mean Score: 1.375 | Last-10 eps: [0.25, 0.15, 0.1, 0.4, 0.4, 0.3, 0.25, 0.0, 0.15, 0.3] | NaN reward steps so far: 0
Episodes: 3390 | Mean Reward (last 10): 1.598 | Mean Score: 1.626 | Last-10 eps: [0.3, 0.1, 0.05, 0.1, 0.25, 0.15, 0.5, 0.5, 0.1, 0.2] | NaN reward steps so far: 0
Episodes: 3400 | Mean Reward (last 10): 1.589 | Mean Score: 1.610 | Last-10 eps: [0.1, 0.08, 0.25, 0.5, 0.2, 0.6, 0.08, 0.2, 0.25, 0.5] | NaN reward steps so far: 0
Episodes: 3410 | Mean Reward (last 10): 1.654 | Mean Score: 1.677 | Last-10 eps: [0.15, 0.2, 0.15, 0.6, 0.2, 0.05, 0.05, 0.25, 0.2, 0.3] | NaN reward steps so far: 0
Episodes: 3420 | Mean Reward (last 10): 1.520 | Mean Score: 1.547 | Last-10 eps: [0.08, 0.5, 0.6, 0.08, 0.1, 0.08, 0.2, 0.08, 0.0, 0.05] | NaN reward steps so far: 0
Episodes: 3430 | Mean Reward (last 10): 1.424 | Mean Score: 1.446 | Last-10 eps: [0.08, 0.2, 0.15, 0.5, 0.6, 0.0, 0.15, 0.1, 0.3, 0.15] | NaN reward steps so far: 0
Episodes: 3440 | Mean Reward (last 10): 1.713 | Mean Score: 1.740 | Last-10 eps: [0.08, 0.5, 0.25, 0.2, 0.15, 0.3, 0.08, 0.08, 0.1, 0.15] | NaN reward steps so far: 0
Episodes: 3450 | Mean Reward (last 10): 1.611 | Mean Score: 1.634 | Last-10 eps: [0.1, 0.4, 0.1, 0.15, 0.15, 0.2, 0.1, 0.2, 0.15, 0.08] | NaN reward steps so far: 0
Episodes: 3460 | Mean Reward (last 10): 1.630 | Mean Score: 1.649 | Last-10 eps: [0.25, 0.15, 0.03, 0.5, 0.2, 0.08, 0.08, 0.3, 0.2, 0.15] | NaN reward steps so far: 0
Episodes: 3470 | Mean Reward (last 10): 1.607 | Mean Score: 1.636 | Last-10 eps: [0.25, 0.25, 0.25, 0.25, 0.4, 0.25, 0.1, 0.25, 0.2, 0.4] | NaN reward steps so far: 0
Episodes: 3480 | Mean Reward (last 10): 1.645 | Mean Score: 1.668 | Last-10 eps: [0.1, 0.25, 0.15, 0.15, 0.3, 0.03, 0.4, 0.15, 0.15, 0.08] | NaN reward steps so far: 0
Episodes: 3490 | Mean Reward (last 10): 1.732 | Mean Score: 1.752 | Last-10 eps: [0.3, 0.5, 0.6, 0.08, 0.4, 0.08, 0.08, 0.3, 0.5, 0.15] | NaN reward steps so far: 0
Episodes: 3500 | Mean Reward (last 10): 1.543 | Mean Score: 1.560 | Last-10 eps: [0.08, 0.1, 0.2, 0.08, 0.3, 0.25, 0.1, 0.15, 0.5, 0.5] | NaN reward steps so far: 0
Episodes: 3510 | Mean Reward (last 10): 1.517 | Mean Score: 1.545 | Last-10 eps: [0.5, 0.15, 0.6, 0.2, 0.1, 0.15, 0.4, 0.2, 0.1, 0.1] | NaN reward steps so far: 0
Episodes: 3520 | Mean Reward (last 10): 1.373 | Mean Score: 1.396 | Last-10 eps: [0.5, 0.08, 0.3, 0.3, 0.25, 0.2, 0.15, 0.0, 0.1, 0.2] | NaN reward steps so far: 0
Episodes: 3530 | Mean Reward (last 10): 1.547 | Mean Score: 1.566 | Last-10 eps: [0.2, 0.1, 0.03, 0.15, 0.4, 0.0, 0.1, 0.2, 0.3, 0.3] | NaN reward steps so far: 0
Episodes: 3540 | Mean Reward (last 10): 1.710 | Mean Score: 1.736 | Last-10 eps: [0.1, 0.2, 0.2, 0.15, 0.03, 0.5, 0.1, 0.2, 0.15, 0.08] | NaN reward steps so far: 0
Episodes: 3550 | Mean Reward (last 10): 1.626 | Mean Score: 1.650 | Last-10 eps: [0.08, 0.05, 0.25, 0.08, 0.6, 0.2, 0.15, 0.2, 0.08, 0.08] | NaN reward steps so far: 0
Episodes: 3560 | Mean Reward (last 10): 1.554 | Mean Score: 1.580 | Last-10 eps: [0.08, 0.15, 0.1, 0.15, 0.05, 0.1, 0.08, 0.1, 0.25, 0.15] | NaN reward steps so far: 0
Episodes: 3570 | Mean Reward (last 10): 1.735 | Mean Score: 1.756 | Last-10 eps: [0.08, 0.2, 0.5, 0.1, 0.08, 0.25, 0.08, 0.6, 0.3, 0.4] | NaN reward steps so far: 0
Episodes: 3580 | Mean Reward (last 10): 1.706 | Mean Score: 1.727 | Last-10 eps: [0.2, 0.1, 0.25, 0.08, 0.05, 0.1, 0.1, 0.1, 0.2, 0.5] | NaN reward steps so far: 0
Episodes: 3590 | Mean Reward (last 10): 1.671 | Mean Score: 1.684 | Last-10 eps: [0.6, 0.1, 0.15, 0.08, 0.3, 0.3, 0.25, 0.15, 0.2, 0.3] | NaN reward steps so far: 0
Episodes: 3600 | Mean Reward (last 10): 1.709 | Mean Score: 1.730 | Last-10 eps: [0.1, 0.08, 0.4, 0.3, 0.08, 0.2, 0.2, 0.1, 0.25, 0.08] | NaN reward steps so far: 0
Episodes: 3610 | Mean Reward (last 10): 1.666 | Mean Score: 1.688 | Last-10 eps: [0.08, 0.05, 0.2, 0.15, 0.25, 0.1, 0.2, 0.08, 0.3, 0.15] | NaN reward steps so far: 0
Episodes: 3620 | Mean Reward (last 10): 1.676 | Mean Score: 1.696 | Last-10 eps: [0.15, 0.25, 0.25, 0.1, 0.5, 0.1, 0.3, 0.3, 0.2, 0.05] | NaN reward steps so far: 0
Episodes: 3630 | Mean Reward (last 10): 1.500 | Mean Score: 1.520 | Last-10 eps: [0.0, 0.15, 0.08, 0.1, 0.15, 0.2, 0.2, 0.2, 0.05, 0.2] | NaN reward steps so far: 0
Episodes: 3640 | Mean Reward (last 10): 1.670 | Mean Score: 1.692 | Last-10 eps: [0.08, 0.25, 0.6, 0.1, 0.4, 0.1, 0.05, 0.08, 0.2, 0.03] | NaN reward steps so far: 0
Episodes: 3650 | Mean Reward (last 10): 1.578 | Mean Score: 1.596 | Last-10 eps: [0.1, 0.08, 0.5, 0.08, 0.3, 0.08, 0.5, 0.5, 0.3, 0.25] | NaN reward steps so far: 0
Episodes: 3660 | Mean Reward (last 10): 1.685 | Mean Score: 1.702 | Last-10 eps: [0.1, 0.6, 0.08, 0.2, 0.1, 0.3, 0.2, 0.25, 0.2, 0.15] | NaN reward steps so far: 0
Episodes: 3670 | Mean Reward (last 10): 1.488 | Mean Score: 1.514 | Last-10 eps: [0.15, 0.15, 0.05, 0.1, 0.15, 0.25, 0.0, 0.08, 0.2, 0.2] | NaN reward steps so far: 0
Episodes: 3680 | Mean Reward (last 10): 1.664 | Mean Score: 1.687 | Last-10 eps: [0.15, 0.2, 0.15, 0.1, 0.15, 0.2, 0.3, 0.3, 0.1, 0.25] | NaN reward steps so far: 0
Episodes: 3690 | Mean Reward (last 10): 1.310 | Mean Score: 1.328 | Last-10 eps: [0.05, 0.08, 0.05, 0.2, 0.08, 0.5, 0.0, 0.1, 0.15, 0.3] | NaN reward steps so far: 0
Episodes: 3700 | Mean Reward (last 10): 1.586 | Mean Score: 1.612 | Last-10 eps: [0.15, 0.15, 0.2, 0.4, 0.25, 0.15, 0.6, 0.1, 0.3, 0.2] | NaN reward steps so far: 0
Episodes: 3710 | Mean Reward (last 10): 1.617 | Mean Score: 1.637 | Last-10 eps: [0.1, 0.25, 0.05, 0.1, 0.4, 0.08, 0.3, 0.08, 0.05, 0.1] | NaN reward steps so far: 0
Episodes: 3720 | Mean Reward (last 10): 1.580 | Mean Score: 1.601 | Last-10 eps: [0.08, 0.3, 0.1, 0.1, 0.5, 0.2, 0.08, 0.08, 0.4, 0.15] | NaN reward steps so far: 0
Episodes: 3730 | Mean Reward (last 10): 1.553 | Mean Score: 1.570 | Last-10 eps: [0.3, 0.5, 0.1, 0.08, 0.05, 0.05, 0.15, 0.2, 0.15, 0.2] | NaN reward steps so far: 0
Episodes: 3740 | Mean Reward (last 10): 1.675 | Mean Score: 1.696 | Last-10 eps: [0.15, 0.4, 0.1, 0.25, 0.25, 0.5, 0.5, 0.15, 0.08, 0.1] | NaN reward steps so far: 0
Episodes: 3750 | Mean Reward (last 10): 1.706 | Mean Score: 1.729 | Last-10 eps: [0.1, 0.08, 0.05, 0.1, 0.08, 0.5, 0.1, 0.15, 0.15, 0.08] | NaN reward steps so far: 0
Episodes: 3760 | Mean Reward (last 10): 1.688 | Mean Score: 1.710 | Last-10 eps: [0.1, 0.6, 0.2, 0.1, 0.05, 0.2, 0.08, 0.15, 0.25, 0.3] | NaN reward steps so far: 0
Episodes: 3770 | Mean Reward (last 10): 1.512 | Mean Score: 1.531 | Last-10 eps: [0.6, 0.08, 0.15, 0.4, 0.5, 0.15, 0.5, 0.1, 0.08, 0.6] | NaN reward steps so far: 0
Episodes: 3780 | Mean Reward (last 10): 1.627 | Mean Score: 1.644 | Last-10 eps: [0.3, 0.5, 0.08, 0.2, 0.08, 0.15, 0.25, 0.3, 0.1, 0.2] | NaN reward steps so far: 0
Episodes: 3790 | Mean Reward (last 10): 1.542 | Mean Score: 1.563 | Last-10 eps: [0.4, 0.1, 0.2, 0.3, 0.4, 0.1, 0.15, 0.1, 0.25, 0.05] | NaN reward steps so far: 0
Episodes: 3800 | Mean Reward (last 10): 1.589 | Mean Score: 1.612 | Last-10 eps: [0.1, 0.3, 0.15, 0.15, 0.6, 0.1, 0.6, 0.15, 0.15, 0.05] | NaN reward steps so far: 0
Episodes: 3810 | Mean Reward (last 10): 1.568 | Mean Score: 1.593 | Last-10 eps: [0.15, 0.2, 0.15, 0.1, 0.25, 0.4, 0.15, 0.3, 0.3, 0.25] | NaN reward steps so far: 0
Episodes: 3820 | Mean Reward (last 10): 1.530 | Mean Score: 1.548 | Last-10 eps: [0.1, 0.0, 0.1, 0.15, 0.3, 0.5, 0.6, 0.2, 0.2, 0.6] | NaN reward steps so far: 0
Episodes: 3830 | Mean Reward (last 10): 1.633 | Mean Score: 1.653 | Last-10 eps: [0.2, 0.2, 0.15, 0.25, 0.6, 0.1, 0.3, 0.1, 0.2, 0.5] | NaN reward steps so far: 0
Episodes: 3840 | Mean Reward (last 10): 1.554 | Mean Score: 1.576 | Last-10 eps: [0.03, 0.15, 0.1, 0.15, 0.1, 0.5, 0.1, 0.05, 0.3, 0.08] | NaN reward steps so far: 0
Episodes: 3850 | Mean Reward (last 10): 1.653 | Mean Score: 1.676 | Last-10 eps: [0.1, 0.25, 0.2, 0.15, 0.5, 0.1, 0.3, 0.1, 0.08, 0.4] | NaN reward steps so far: 0
Episodes: 3860 | Mean Reward (last 10): 1.477 | Mean Score: 1.495 | Last-10 eps: [0.3, 0.08, 0.1, 0.5, 0.08, 0.4, 0.2, 0.15, 0.08, 0.4] | NaN reward steps so far: 0
Episodes: 3870 | Mean Reward (last 10): 1.675 | Mean Score: 1.696 | Last-10 eps: [0.5, 0.6, 0.6, 0.2, 0.2, 0.2, 0.15, 0.2, 0.05, 0.1] | NaN reward steps so far: 0
Episodes: 3880 | Mean Reward (last 10): 1.517 | Mean Score: 1.542 | Last-10 eps: [0.4, 0.4, 0.1, 0.3, 0.1, 0.08, 0.1, 0.3, 0.6, 0.15] | NaN reward steps so far: 0
Episodes: 3890 | Mean Reward (last 10): 1.666 | Mean Score: 1.689 | Last-10 eps: [0.1, 0.4, 0.15, 0.15, 0.3, 0.25, 0.05, 0.2, 0.1, 0.1] | NaN reward steps so far: 0
Episodes: 3900 | Mean Reward (last 10): 1.610 | Mean Score: 1.627 | Last-10 eps: [0.5, 0.08, 0.25, 0.03, 0.08, 0.4, 0.1, 0.15, 0.6, 0.1] | NaN reward steps so far: 0
Episodes: 3910 | Mean Reward (last 10): 1.667 | Mean Score: 1.684 | Last-10 eps: [0.15, 0.25, 0.03, 0.08, 0.3, 0.08, 0.05, 0.15, 0.2, 0.1] | NaN reward steps so far: 0
Episodes: 3920 | Mean Reward (last 10): 1.521 | Mean Score: 1.542 | Last-10 eps: [0.25, 0.4, 0.4, 0.0, 0.15, 0.1, 0.1, 0.1, 0.2, 0.3] | NaN reward steps so far: 0
Episodes: 3930 | Mean Reward (last 10): 1.605 | Mean Score: 1.629 | Last-10 eps: [0.2, 0.1, 0.3, 0.2, 0.3, 0.1, 0.2, 0.15, 0.3, 0.08] | NaN reward steps so far: 0
Episodes: 3940 | Mean Reward (last 10): 1.607 | Mean Score: 1.640 | Last-10 eps: [0.05, 0.6, 0.1, 0.1, 0.08, 0.1, 0.4, 0.25, 0.15, 0.08] | NaN reward steps so far: 0
Episodes: 3950 | Mean Reward (last 10): 1.694 | Mean Score: 1.715 | Last-10 eps: [0.05, 0.08, 0.08, 0.2, 0.4, 0.05, 0.2, 0.2, 0.2, 0.03] | NaN reward steps so far: 0
Episodes: 3960 | Mean Reward (last 10): 1.764 | Mean Score: 1.788 | Last-10 eps: [0.15, 0.08, 0.5, 0.25, 0.1, 0.2, 0.1, 0.25, 0.08, 0.15] | NaN reward steps so far: 0
Episodes: 3970 | Mean Reward (last 10): 1.585 | Mean Score: 1.601 | Last-10 eps: [0.5, 0.2, 0.05, 0.08, 0.15, 0.6, 0.4, 0.15, 0.03, 0.1] | NaN reward steps so far: 0
Episodes: 3980 | Mean Reward (last 10): 1.430 | Mean Score: 1.451 | Last-10 eps: [0.15, 0.3, 0.2, 0.15, 0.3, 0.0, 0.3, 0.05, 0.6, 0.08] | NaN reward steps so far: 0
Episodes: 3990 | Mean Reward (last 10): 1.465 | Mean Score: 1.487 | Last-10 eps: [0.1, 0.3, 0.08, 0.3, 0.2, 0.5, 0.1, 0.3, 0.2, 0.08] | NaN reward steps so far: 0
Episodes: 4000 | Mean Reward (last 10): 1.667 | Mean Score: 1.683 | Last-10 eps: [0.08, 0.1, 0.2, 0.5, 0.2, 0.25, 0.05, 0.25, 0.4, 0.1] | NaN reward steps so far: 0
-----------------------------------------
| rollout/                |             |
|    ep_len_mean          | 2.22        |
|    ep_rew_mean          | 1.6         |
| time/                   |             |
|    fps                  | 1           |
|    iterations           | 4           |
|    time_elapsed         | 4521        |
|    total_timesteps      | 8192        |
| train/                  |             |
|    approx_kl            | 0.019593146 |
|    clip_fraction        | 0.241       |
|    clip_range           | 0.2         |
|    entropy_loss         | -6.6        |
|    explained_variance   | 0.869       |
|    learning_rate        | 0.0003      |
|    loss                 | 0.0892      |
|    n_updates            | 30          |
|    policy_gradient_loss | -0.0553     |
|    value_loss           | 0.345       |
-----------------------------------------
Episodes: 4010 | Mean Reward (last 10): 1.656 | Mean Score: 1.685 | Last-10 eps: [0.15, 0.1, 0.3, 0.08, 0.2, 0.15, 0.15, 0.2, 0.2, 0.5] | NaN reward steps so far: 0
Episodes: 4020 | Mean Reward (last 10): 1.262 | Mean Score: 1.282 | Last-10 eps: [0.0, 0.15, 0.08, 0.25, 0.3, 0.2, 0.0, 0.08, 0.4, 0.08] | NaN reward steps so far: 0
Episodes: 4030 | Mean Reward (last 10): 1.516 | Mean Score: 1.539 | Last-10 eps: [0.15, 0.3, 0.1, 0.25, 0.1, 0.08, 0.08, 0.0, 0.1, 0.4] | NaN reward steps so far: 0
Episodes: 4040 | Mean Reward (last 10): 1.511 | Mean Score: 1.529 | Last-10 eps: [0.08, 0.08, 0.05, 0.1, 0.15, 0.3, 0.3, 0.0, 0.3, 0.2] | NaN reward steps so far: 0
Episodes: 4050 | Mean Reward (last 10): 1.757 | Mean Score: 1.779 | Last-10 eps: [0.2, 0.2, 0.05, 0.1, 0.05, 0.3, 0.3, 0.4, 0.1, 0.05] | NaN reward steps so far: 0
Episodes: 4060 | Mean Reward (last 10): 1.370 | Mean Score: 1.395 | Last-10 eps: [0.4, 0.08, 0.25, 0.4, 0.08, 0.15, 0.2, 0.5, 0.2, 0.0] | NaN reward steps so far: 0
Episodes: 4070 | Mean Reward (last 10): 1.710 | Mean Score: 1.737 | Last-10 eps: [0.1, 0.15, 0.2, 0.15, 0.08, 0.08, 0.3, 0.1, 0.08, 0.08] | NaN reward steps so far: 0
Episodes: 4080 | Mean Reward (last 10): 1.691 | Mean Score: 1.716 | Last-10 eps: [0.03, 0.05, 0.25, 0.3, 0.08, 0.1, 0.6, 0.25, 0.3, 0.15] | NaN reward steps so far: 0
Episodes: 4090 | Mean Reward (last 10): 1.792 | Mean Score: 1.813 | Last-10 eps: [0.05, 0.05, 0.2, 0.08, 0.15, 0.1, 0.5, 0.2, 0.2, 0.6] | NaN reward steps so far: 0
Episodes: 4100 | Mean Reward (last 10): 1.522 | Mean Score: 1.553 | Last-10 eps: [0.08, 0.3, 0.08, 0.1, 0.15, 0.08, 0.3, 0.15, 0.15, 0.6] | NaN reward steps so far: 0
Episodes: 4110 | Mean Reward (last 10): 1.693 | Mean Score: 1.718 | Last-10 eps: [0.1, 0.08, 0.1, 0.25, 0.4, 0.1, 0.15, 0.2, 0.1, 0.08] | NaN reward steps so far: 0
Episodes: 4120 | Mean Reward (last 10): 1.570 | Mean Score: 1.589 | Last-10 eps: [0.5, 0.2, 0.2, 0.05, 0.1, 0.0, 0.15, 0.1, 0.4, 0.05] | NaN reward steps so far: 0
Episodes: 4130 | Mean Reward (last 10): 1.486 | Mean Score: 1.503 | Last-10 eps: [0.1, 0.5, 0.15, 0.25, 0.5, 0.2, 0.1, 0.15, 0.2, 0.5] | NaN reward steps so far: 0
Episodes: 4140 | Mean Reward (last 10): 1.713 | Mean Score: 1.736 | Last-10 eps: [0.1, 0.08, 0.2, 0.1, 0.15, 0.15, 0.3, 0.08, 0.08, 0.08] | NaN reward steps so far: 0
Episodes: 4150 | Mean Reward (last 10): 1.602 | Mean Score: 1.620 | Last-10 eps: [0.2, 0.1, 0.2, 0.15, 0.08, 0.1, 0.6, 0.25, 0.15, 0.15] | NaN reward steps so far: 0
Episodes: 4160 | Mean Reward (last 10): 1.553 | Mean Score: 1.575 | Last-10 eps: [0.15, 0.1, 0.1, 0.25, 0.2, 0.15, 0.4, 0.0, 0.5, 0.2] | NaN reward steps so far: 0
Episodes: 4170 | Mean Reward (last 10): 1.597 | Mean Score: 1.615 | Last-10 eps: [0.08, 0.08, 0.5, 0.3, 0.3, 0.2, 0.1, 0.15, 0.03, 0.25] | NaN reward steps so far: 0
Episodes: 4180 | Mean Reward (last 10): 1.771 | Mean Score: 1.795 | Last-10 eps: [0.05, 0.15, 0.1, 0.15, 0.1, 0.08, 0.08, 0.1, 0.15, 0.5] | NaN reward steps so far: 0
Episodes: 4190 | Mean Reward (last 10): 1.286 | Mean Score: 1.309 | Last-10 eps: [0.4, 0.0, 0.1, 0.2, 0.1, 0.08, 0.4, 0.2, 0.0, 0.2] | NaN reward steps so far: 0
Episodes: 4200 | Mean Reward (last 10): 1.559 | Mean Score: 1.577 | Last-10 eps: [0.3, 0.2, 0.15, 0.4, 0.1, 0.08, 0.3, 0.25, 0.1, 0.08] | NaN reward steps so far: 0
Episodes: 4210 | Mean Reward (last 10): 1.535 | Mean Score: 1.553 | Last-10 eps: [0.4, 0.1, 0.2, 0.3, 0.15, 0.2, 0.2, 0.2, 0.1, 0.0] | NaN reward steps so far: 0
Episodes: 4220 | Mean Reward (last 10): 1.604 | Mean Score: 1.626 | Last-10 eps: [0.2, 0.25, 0.6, 0.2, 0.6, 0.15, 0.4, 0.5, 0.3, 0.1] | NaN reward steps so far: 0
Episodes: 4230 | Mean Reward (last 10): 1.426 | Mean Score: 1.452 | Last-10 eps: [0.5, 0.2, 0.05, 0.1, 0.6, 0.5, 0.0, 0.08, 0.08, 0.05] | NaN reward steps so far: 0
Episodes: 4240 | Mean Reward (last 10): 1.663 | Mean Score: 1.683 | Last-10 eps: [0.15, 0.25, 0.1, 0.25, 0.25, 0.1, 0.15, 0.05, 0.1, 0.05] | NaN reward steps so far: 0
Episodes: 4250 | Mean Reward (last 10): 1.611 | Mean Score: 1.629 | Last-10 eps: [0.1, 0.2, 0.08, 0.15, 0.2, 0.15, 0.4, 0.6, 0.15, 0.4] | NaN reward steps so far: 0
Episodes: 4260 | Mean Reward (last 10): 1.734 | Mean Score: 1.755 | Last-10 eps: [0.1, 0.05, 0.08, 0.08, 0.2, 0.08, 0.1, 0.08, 0.1, 0.15] | NaN reward steps so far: 0
Episodes: 4270 | Mean Reward (last 10): 1.780 | Mean Score: 1.799 | Last-10 eps: [0.5, 0.1, 0.15, 0.1, 0.1, 0.1, 0.3, 0.15, 0.03, 0.5] | NaN reward steps so far: 0
Episodes: 4280 | Mean Reward (last 10): 1.697 | Mean Score: 1.713 | Last-10 eps: [0.15, 0.2, 0.25, 0.2, 0.4, 0.2, 0.1, 0.08, 0.15, 0.1] | NaN reward steps so far: 0
Episodes: 4290 | Mean Reward (last 10): 1.580 | Mean Score: 1.598 | Last-10 eps: [0.2, 0.4, 0.25, 0.6, 0.08, 0.25, 0.6, 0.3, 0.25, 0.15] | NaN reward steps so far: 0
Episodes: 4300 | Mean Reward (last 10): 1.454 | Mean Score: 1.475 | Last-10 eps: [0.2, 0.25, 0.2, 0.15, 0.4, 0.0, 0.3, 0.1, 0.3, 0.05] | NaN reward steps so far: 0
Episodes: 4310 | Mean Reward (last 10): 1.241 | Mean Score: 1.268 | Last-10 eps: [0.15, 0.2, 0.2, 0.25, 0.08, 0.3, 0.25, 0.1, 0.0, 0.0] | NaN reward steps so far: 0
Episodes: 4320 | Mean Reward (last 10): 1.522 | Mean Score: 1.542 | Last-10 eps: [0.15, 0.5, 0.3, 0.08, 0.05, 0.05, 0.25, 0.25, 0.08, 0.6] | NaN reward steps so far: 0
Episodes: 4330 | Mean Reward (last 10): 1.667 | Mean Score: 1.689 | Last-10 eps: [0.2, 0.1, 0.2, 0.08, 0.1, 0.5, 0.6, 0.05, 0.2, 0.4] | NaN reward steps so far: 0
Episodes: 4340 | Mean Reward (last 10): 1.591 | Mean Score: 1.617 | Last-10 eps: [0.1, 0.6, 0.1, 0.1, 0.15, 0.2, 0.15, 0.08, 0.1, 0.08] | NaN reward steps so far: 0
Episodes: 4350 | Mean Reward (last 10): 1.594 | Mean Score: 1.616 | Last-10 eps: [0.15, 0.2, 0.25, 0.4, 0.1, 0.25, 0.05, 0.1, 0.4, 0.08] | NaN reward steps so far: 0
Episodes: 4360 | Mean Reward (last 10): 1.388 | Mean Score: 1.407 | Last-10 eps: [0.3, 0.6, 0.1, 0.1, 0.15, 0.05, 0.1, 0.0, 0.05, 0.08] | NaN reward steps so far: 0
Episodes: 4370 | Mean Reward (last 10): 1.779 | Mean Score: 1.799 | Last-10 eps: [0.1, 0.1, 0.1, 0.4, 0.6, 0.6, 0.15, 0.15, 0.2, 0.2] | NaN reward steps so far: 0
Episodes: 4380 | Mean Reward (last 10): 1.722 | Mean Score: 1.751 | Last-10 eps: [0.25, 0.15, 0.1, 0.2, 0.15, 0.1, 0.05, 0.25, 0.1, 0.2] | NaN reward steps so far: 0
Episodes: 4390 | Mean Reward (last 10): 1.652 | Mean Score: 1.677 | Last-10 eps: [0.3, 0.08, 0.4, 0.05, 0.08, 0.08, 0.15, 0.2, 0.08, 0.08] | NaN reward steps so far: 0
Episodes: 4400 | Mean Reward (last 10): 1.765 | Mean Score: 1.789 | Last-10 eps: [0.05, 0.1, 0.08, 0.08, 0.05, 0.08, 0.5, 0.08, 0.08, 0.15] | NaN reward steps so far: 0
Episodes: 4410 | Mean Reward (last 10): 1.604 | Mean Score: 1.624 | Last-10 eps: [0.6, 0.25, 0.15, 0.1, 0.1, 0.1, 0.4, 0.15, 0.6, 0.25] | NaN reward steps so far: 0
Episodes: 4420 | Mean Reward (last 10): 1.461 | Mean Score: 1.482 | Last-10 eps: [0.1, 0.08, 0.25, 0.1, 0.1, 0.4, 0.6, 0.0, 0.15, 0.3] | NaN reward steps so far: 0
Episodes: 4430 | Mean Reward (last 10): 1.641 | Mean Score: 1.660 | Last-10 eps: [0.15, 0.15, 0.1, 0.1, 0.2, 0.1, 0.25, 0.5, 0.25, 0.2] | NaN reward steps so far: 0
Episodes: 4440 | Mean Reward (last 10): 1.481 | Mean Score: 1.508 | Last-10 eps: [0.2, 0.2, 0.6, 0.4, 0.08, 0.1, 0.3, 0.2, 0.1, 0.1] | NaN reward steps so far: 0
Episodes: 4450 | Mean Reward (last 10): 1.576 | Mean Score: 1.598 | Last-10 eps: [0.2, 0.3, 0.1, 0.15, 0.1, 0.1, 0.08, 0.1, 0.1, 0.2] | NaN reward steps so far: 0
Episodes: 4460 | Mean Reward (last 10): 1.407 | Mean Score: 1.432 | Last-10 eps: [0.2, 0.5, 0.4, 0.2, 0.1, 0.3, 0.15, 0.15, 0.0, 0.1] | NaN reward steps so far: 0
Episodes: 4470 | Mean Reward (last 10): 1.472 | Mean Score: 1.491 | Last-10 eps: [0.3, 0.25, 0.05, 0.1, 0.08, 0.5, 0.4, 0.08, 0.0, 0.4] | NaN reward steps so far: 0
Episodes: 4480 | Mean Reward (last 10): 1.594 | Mean Score: 1.621 | Last-10 eps: [0.1, 0.6, 0.3, 0.08, 0.08, 0.5, 0.15, 0.05, 0.08, 0.08] | NaN reward steps so far: 0
Episodes: 4490 | Mean Reward (last 10): 1.498 | Mean Score: 1.520 | Last-10 eps: [0.1, 0.15, 0.3, 0.15, 0.08, 0.3, 0.15, 0.6, 0.1, 0.0] | NaN reward steps so far: 0
Episodes: 4500 | Mean Reward (last 10): 1.652 | Mean Score: 1.679 | Last-10 eps: [0.1, 0.15, 0.1, 0.15, 0.08, 0.3, 0.1, 0.15, 0.25, 0.2] | NaN reward steps so far: 0
Episodes: 4510 | Mean Reward (last 10): 1.686 | Mean Score: 1.710 | Last-10 eps: [0.15, 0.08, 0.5, 0.2, 0.6, 0.3, 0.4, 0.1, 0.08, 0.2] | NaN reward steps so far: 0
Episodes: 4520 | Mean Reward (last 10): 1.540 | Mean Score: 1.569 | Last-10 eps: [0.2, 0.08, 0.15, 0.15, 0.15, 0.5, 0.05, 0.15, 0.1, 0.15] | NaN reward steps so far: 0
Episodes: 4530 | Mean Reward (last 10): 1.740 | Mean Score: 1.761 | Last-10 eps: [0.15, 0.3, 0.4, 0.2, 0.08, 0.1, 0.05, 0.05, 0.05, 0.05] | NaN reward steps so far: 0
Episodes: 4540 | Mean Reward (last 10): 1.743 | Mean Score: 1.764 | Last-10 eps: [0.05, 0.6, 0.15, 0.25, 0.3, 0.1, 0.1, 0.1, 0.3, 0.5] | NaN reward steps so far: 0
Episodes: 4550 | Mean Reward (last 10): 1.566 | Mean Score: 1.582 | Last-10 eps: [0.08, 0.08, 0.2, 0.5, 0.2, 0.08, 0.4, 0.1, 0.3, 0.15] | NaN reward steps so far: 0
Episodes: 4560 | Mean Reward (last 10): 1.590 | Mean Score: 1.614 | Last-10 eps: [0.08, 0.4, 0.08, 0.25, 0.08, 0.25, 0.5, 0.25, 0.05, 0.4] | NaN reward steps so far: 0
Episodes: 4570 | Mean Reward (last 10): 1.575 | Mean Score: 1.596 | Last-10 eps: [0.0, 0.15, 0.2, 0.25, 0.08, 0.2, 0.05, 0.1, 0.4, 0.1] | NaN reward steps so far: 0
Episodes: 4580 | Mean Reward (last 10): 1.669 | Mean Score: 1.687 | Last-10 eps: [0.15, 0.05, 0.2, 0.08, 0.08, 0.08, 0.15, 0.25, 0.08, 0.1] | NaN reward steps so far: 0
Episodes: 4590 | Mean Reward (last 10): 1.602 | Mean Score: 1.624 | Last-10 eps: [0.08, 0.15, 0.5, 0.2, 0.5, 0.15, 0.5, 0.3, 0.15, 0.1] | NaN reward steps so far: 0
Episodes: 4600 | Mean Reward (last 10): 1.278 | Mean Score: 1.298 | Last-10 eps: [0.0, 0.2, 0.0, 0.1, 0.6, 0.1, 0.5, 0.1, 0.15, 0.5] | NaN reward steps so far: 0
Episodes: 4610 | Mean Reward (last 10): 1.368 | Mean Score: 1.387 | Last-10 eps: [0.08, 0.1, 0.15, 0.2, 0.5, 0.3, 0.0, 0.15, 0.15, 0.15] | NaN reward steps so far: 0
Episodes: 4620 | Mean Reward (last 10): 1.746 | Mean Score: 1.778 | Last-10 eps: [0.08, 0.1, 0.1, 0.05, 0.1, 0.2, 0.5, 0.08, 0.2, 0.25] | NaN reward steps so far: 0
Episodes: 4630 | Mean Reward (last 10): 1.288 | Mean Score: 1.307 | Last-10 eps: [0.6, 0.0, 0.08, 0.05, 0.6, 0.2, 0.0, 0.05, 0.08, 0.1] | NaN reward steps so far: 0
Episodes: 4640 | Mean Reward (last 10): 1.696 | Mean Score: 1.716 | Last-10 eps: [0.15, 0.15, 0.15, 0.05, 0.25, 0.1, 0.15, 0.2, 0.2, 0.2] | NaN reward steps so far: 0
Episodes: 4650 | Mean Reward (last 10): 1.468 | Mean Score: 1.489 | Last-10 eps: [0.15, 0.2, 0.6, 0.08, 0.5, 0.1, 0.0, 0.15, 0.5, 0.25] | NaN reward steps so far: 0
Episodes: 4660 | Mean Reward (last 10): 1.683 | Mean Score: 1.707 | Last-10 eps: [0.08, 0.25, 0.1, 0.2, 0.2, 0.08, 0.15, 0.5, 0.1, 0.08] | NaN reward steps so far: 0
Episodes: 4670 | Mean Reward (last 10): 1.557 | Mean Score: 1.588 | Last-10 eps: [0.15, 0.6, 0.08, 0.15, 0.15, 0.1, 0.05, 0.15, 0.15, 0.5] | NaN reward steps so far: 0
Episodes: 4680 | Mean Reward (last 10): 1.725 | Mean Score: 1.747 | Last-10 eps: [0.2, 0.08, 0.3, 0.2, 0.08, 0.15, 0.3, 0.2, 0.05, 0.3] | NaN reward steps so far: 0
Episodes: 4690 | Mean Reward (last 10): 1.513 | Mean Score: 1.539 | Last-10 eps: [0.5, 0.15, 0.1, 0.15, 0.15, 0.08, 0.1, 0.1, 0.0, 0.2] | NaN reward steps so far: 0
Episodes: 4700 | Mean Reward (last 10): 1.551 | Mean Score: 1.573 | Last-10 eps: [0.3, 0.5, 0.2, 0.2, 0.25, 0.6, 0.05, 0.3, 0.4, 0.25] | NaN reward steps so far: 0
Episodes: 4710 | Mean Reward (last 10): 1.584 | Mean Score: 1.611 | Last-10 eps: [0.05, 0.2, 0.5, 0.4, 0.2, 0.15, 0.08, 0.4, 0.08, 0.08] | NaN reward steps so far: 0
Episodes: 4720 | Mean Reward (last 10): 1.354 | Mean Score: 1.376 | Last-10 eps: [0.2, 0.2, 0.4, 0.6, 0.15, 0.15, 0.3, 0.15, 0.3, 0.4] | NaN reward steps so far: 0
Episodes: 4730 | Mean Reward (last 10): 1.601 | Mean Score: 1.622 | Last-10 eps: [0.4, 0.15, 0.15, 0.15, 0.4, 0.08, 0.4, 0.15, 0.03, 0.25] | NaN reward steps so far: 0
Episodes: 4740 | Mean Reward (last 10): 1.684 | Mean Score: 1.705 | Last-10 eps: [0.2, 0.15, 0.1, 0.05, 0.1, 0.15, 0.1, 0.25, 0.08, 0.05] | NaN reward steps so far: 0
Episodes: 4750 | Mean Reward (last 10): 1.655 | Mean Score: 1.677 | Last-10 eps: [0.08, 0.15, 0.1, 0.2, 0.3, 0.25, 0.15, 0.25, 0.15, 0.3] | NaN reward steps so far: 0
Episodes: 4760 | Mean Reward (last 10): 1.677 | Mean Score: 1.694 | Last-10 eps: [0.08, 0.4, 0.05, 0.08, 0.05, 0.15, 0.1, 0.15, 0.5, 0.25] | NaN reward steps so far: 0
Episodes: 4770 | Mean Reward (last 10): 1.645 | Mean Score: 1.667 | Last-10 eps: [0.08, 0.25, 0.1, 0.15, 0.3, 0.3, 0.3, 0.2, 0.3, 0.4] | NaN reward steps so far: 0
Episodes: 4780 | Mean Reward (last 10): 1.661 | Mean Score: 1.679 | Last-10 eps: [0.2, 0.08, 0.1, 0.15, 0.25, 0.15, 0.3, 0.05, 0.08, 0.3] | NaN reward steps so far: 0
Episodes: 4790 | Mean Reward (last 10): 1.524 | Mean Score: 1.549 | Last-10 eps: [0.08, 0.3, 0.3, 0.5, 0.1, 0.15, 0.15, 0.25, 0.1, 0.3] | NaN reward steps so far: 0
Episodes: 4800 | Mean Reward (last 10): 1.672 | Mean Score: 1.698 | Last-10 eps: [0.08, 0.1, 0.1, 0.4, 0.05, 0.05, 0.05, 0.08, 0.1, 0.2] | NaN reward steps so far: 0
Episodes: 4810 | Mean Reward (last 10): 1.684 | Mean Score: 1.716 | Last-10 eps: [0.2, 0.15, 0.2, 0.08, 0.2, 0.1, 0.15, 0.08, 0.05, 0.1] | NaN reward steps so far: 0
Episodes: 4820 | Mean Reward (last 10): 1.830 | Mean Score: 1.860 | Last-10 eps: [0.4, 0.2, 0.05, 0.25, 0.15, 0.08, 0.15, 0.3, 0.1, 0.08] | NaN reward steps so far: 0
Episodes: 4830 | Mean Reward (last 10): 1.562 | Mean Score: 1.582 | Last-10 eps: [0.0, 0.1, 0.2, 0.15, 0.08, 0.4, 0.08, 0.25, 0.3, 0.08] | NaN reward steps so far: 0
Episodes: 4840 | Mean Reward (last 10): 1.587 | Mean Score: 1.609 | Last-10 eps: [0.1, 0.15, 0.3, 0.25, 0.4, 0.1, 0.05, 0.2, 0.25, 0.1] | NaN reward steps so far: 0
Episodes: 4850 | Mean Reward (last 10): 1.731 | Mean Score: 1.750 | Last-10 eps: [0.1, 0.1, 0.1, 0.3, 0.15, 0.05, 0.3, 0.08, 0.05, 0.2] | NaN reward steps so far: 0
Episodes: 4860 | Mean Reward (last 10): 1.675 | Mean Score: 1.697 | Last-10 eps: [0.1, 0.25, 0.1, 0.2, 0.6, 0.08, 0.25, 0.05, 0.15, 0.25] | NaN reward steps so far: 0
Episodes: 4870 | Mean Reward (last 10): 1.689 | Mean Score: 1.712 | Last-10 eps: [0.08, 0.5, 0.1, 0.08, 0.3, 0.15, 0.5, 0.4, 0.08, 0.08] | NaN reward steps so far: 0
Episodes: 4880 | Mean Reward (last 10): 1.495 | Mean Score: 1.518 | Last-10 eps: [0.15, 0.3, 0.08, 0.5, 0.1, 0.25, 0.05, 0.3, 0.15, 0.05] | NaN reward steps so far: 0
Episodes: 4890 | Mean Reward (last 10): 1.533 | Mean Score: 1.553 | Last-10 eps: [0.15, 0.4, 0.15, 0.05, 0.25, 0.2, 0.1, 0.3, 0.1, 0.3] | NaN reward steps so far: 0
Episodes: 4900 | Mean Reward (last 10): 1.371 | Mean Score: 1.392 | Last-10 eps: [0.2, 0.08, 0.1, 0.08, 0.15, 0.2, 0.15, 0.0, 0.2, 0.2] | NaN reward steps so far: 0
Episodes: 4910 | Mean Reward (last 10): 1.557 | Mean Score: 1.580 | Last-10 eps: [0.5, 0.15, 0.05, 0.15, 0.2, 0.6, 0.1, 0.15, 0.3, 0.15] | NaN reward steps so far: 0
Episodes: 4920 | Mean Reward (last 10): 1.677 | Mean Score: 1.695 | Last-10 eps: [0.1, 0.1, 0.15, 0.15, 0.05, 0.1, 0.08, 0.1, 0.1, 0.15] | NaN reward steps so far: 0
----------------------------------------
| rollout/                |            |
|    ep_len_mean          | 2.16       |
|    ep_rew_mean          | 1.59       |
| time/                   |            |
|    fps                  | 1          |
|    iterations           | 5          |
|    time_elapsed         | 5508       |
|    total_timesteps      | 10240      |
| train/                  |            |
|    approx_kl            | 0.02182349 |
|    clip_fraction        | 0.271      |
|    clip_range           | 0.2        |
|    entropy_loss         | -6.55      |
|    explained_variance   | 0.903      |
|    learning_rate        | 0.0003     |
|    loss                 | -0.0701    |
|    n_updates            | 40         |
|    policy_gradient_loss | -0.0554    |
|    value_loss           | 0.279      |
----------------------------------------
Episodes: 4930 | Mean Reward (last 10): 1.636 | Mean Score: 1.662 | Last-10 eps: [0.08, 0.1, 0.08, 0.3, 0.08, 0.05, 0.08, 0.15, 0.08, 0.05] | NaN reward steps so far: 0
Episodes: 4940 | Mean Reward (last 10): 1.705 | Mean Score: 1.735 | Last-10 eps: [0.2, 0.1, 0.1, 0.05, 0.4, 0.15, 0.08, 0.1, 0.3, 0.15] | NaN reward steps so far: 0
Episodes: 4950 | Mean Reward (last 10): 1.706 | Mean Score: 1.728 | Last-10 eps: [0.15, 0.08, 0.08, 0.05, 0.08, 0.1, 0.08, 0.1, 0.15, 0.1] | NaN reward steps so far: 0
Episodes: 4960 | Mean Reward (last 10): 1.719 | Mean Score: 1.736 | Last-10 eps: [0.15, 0.05, 0.1, 0.1, 0.08, 0.15, 0.08, 0.15, 0.3, 0.05] | NaN reward steps so far: 0
Episodes: 4970 | Mean Reward (last 10): 1.656 | Mean Score: 1.677 | Last-10 eps: [0.08, 0.5, 0.15, 0.08, 0.2, 0.1, 0.08, 0.15, 0.08, 0.2] | NaN reward steps so far: 0
Episodes: 4980 | Mean Reward (last 10): 1.727 | Mean Score: 1.759 | Last-10 eps: [0.08, 0.08, 0.08, 0.1, 0.15, 0.05, 0.4, 0.5, 0.4, 0.15] | NaN reward steps so far: 0
Episodes: 4990 | Mean Reward (last 10): 1.730 | Mean Score: 1.756 | Last-10 eps: [0.05, 0.2, 0.6, 0.2, 0.2, 0.1, 0.08, 0.3, 0.08, 0.25] | NaN reward steps so far: 0
Episodes: 5000 | Mean Reward (last 10): 1.647 | Mean Score: 1.668 | Last-10 eps: [0.25, 0.1, 0.15, 0.08, 0.4, 0.15, 0.25, 0.08, 0.3, 0.03] | NaN reward steps so far: 0
Episodes: 5010 | Mean Reward (last 10): 1.560 | Mean Score: 1.581 | Last-10 eps: [0.3, 0.1, 0.0, 0.1, 0.15, 0.25, 0.2, 0.1, 0.2, 0.08] | NaN reward steps so far: 0
Episodes: 5020 | Mean Reward (last 10): 1.632 | Mean Score: 1.657 | Last-10 eps: [0.05, 0.3, 0.2, 0.25, 0.08, 0.05, 0.15, 0.08, 0.5, 0.2] | NaN reward steps so far: 0
Episodes: 5030 | Mean Reward (last 10): 1.473 | Mean Score: 1.501 | Last-10 eps: [0.15, 0.1, 0.08, 0.1, 0.08, 0.15, 0.2, 0.3, 0.2, 0.25] | NaN reward steps so far: 0
Episodes: 5040 | Mean Reward (last 10): 1.641 | Mean Score: 1.661 | Last-10 eps: [0.08, 0.15, 0.5, 0.05, 0.08, 0.15, 0.25, 0.15, 0.1, 0.1] | NaN reward steps so far: 0
Episodes: 5050 | Mean Reward (last 10): 1.554 | Mean Score: 1.570 | Last-10 eps: [0.1, 0.2, 0.1, 0.5, 0.2, 0.1, 0.2, 0.15, 0.08, 0.1] | NaN reward steps so far: 0
Episodes: 5060 | Mean Reward (last 10): 1.607 | Mean Score: 1.627 | Last-10 eps: [0.2, 0.05, 0.2, 0.1, 0.1, 0.15, 0.4, 0.25, 0.4, 0.1] | NaN reward steps so far: 0
Episodes: 5070 | Mean Reward (last 10): 1.736 | Mean Score: 1.762 | Last-10 eps: [0.05, 0.2, 0.2, 0.1, 0.3, 0.4, 0.2, 0.08, 0.2, 0.15] | NaN reward steps so far: 0
Episodes: 5080 | Mean Reward (last 10): 1.637 | Mean Score: 1.657 | Last-10 eps: [0.08, 0.3, 0.15, 0.1, 0.1, 0.08, 0.15, 0.15, 0.1, 0.25] | NaN reward steps so far: 0
Episodes: 5090 | Mean Reward (last 10): 1.628 | Mean Score: 1.649 | Last-10 eps: [0.15, 0.15, 0.1, 0.15, 0.25, 0.25, 0.08, 0.1, 0.08, 0.4] | NaN reward steps so far: 0
Episodes: 5100 | Mean Reward (last 10): 1.810 | Mean Score: 1.832 | Last-10 eps: [0.5, 0.08, 0.08, 0.08, 0.15, 0.1, 0.08, 0.1, 0.15, 0.03] | NaN reward steps so far: 0
Episodes: 5110 | Mean Reward (last 10): 1.664 | Mean Score: 1.685 | Last-10 eps: [0.05, 0.08, 0.1, 0.25, 0.1, 0.08, 0.1, 0.4, 0.15, 0.05] | NaN reward steps so far: 0
Episodes: 5120 | Mean Reward (last 10): 1.589 | Mean Score: 1.609 | Last-10 eps: [0.3, 0.08, 0.08, 0.25, 0.08, 0.2, 0.15, 0.25, 0.15, 0.1] | NaN reward steps so far: 0
Episodes: 5130 | Mean Reward (last 10): 1.300 | Mean Score: 1.319 | Last-10 eps: [0.2, 0.15, 0.08, 0.0, 0.4, 0.0, 0.05, 0.08, 0.4, 0.3] | NaN reward steps so far: 0
Episodes: 5140 | Mean Reward (last 10): 1.622 | Mean Score: 1.643 | Last-10 eps: [0.3, 0.4, 0.05, 0.25, 0.1, 0.08, 0.15, 0.6, 0.15, 0.2] | NaN reward steps so far: 0
Episodes: 5150 | Mean Reward (last 10): 1.658 | Mean Score: 1.683 | Last-10 eps: [0.15, 0.2, 0.15, 0.1, 0.4, 0.15, 0.3, 0.25, 0.1, 0.2] | NaN reward steps so far: 0
Episodes: 5160 | Mean Reward (last 10): 1.741 | Mean Score: 1.758 | Last-10 eps: [0.6, 0.15, 0.05, 0.25, 0.08, 0.08, 0.15, 0.08, 0.03, 0.2] | NaN reward steps so far: 0
Episodes: 5170 | Mean Reward (last 10): 1.480 | Mean Score: 1.503 | Last-10 eps: [0.3, 0.15, 0.2, 0.08, 0.05, 0.08, 0.6, 0.0, 0.08, 0.2] | NaN reward steps so far: 0
Episodes: 5180 | Mean Reward (last 10): 1.617 | Mean Score: 1.639 | Last-10 eps: [0.1, 0.4, 0.25, 0.1, 0.1, 0.15, 0.08, 0.15, 0.25, 0.15] | NaN reward steps so far: 0
Episodes: 5190 | Mean Reward (last 10): 1.536 | Mean Score: 1.561 | Last-10 eps: [0.15, 0.1, 0.4, 0.15, 0.6, 0.15, 0.3, 0.1, 0.5, 0.2] | NaN reward steps so far: 0
Episodes: 5200 | Mean Reward (last 10): 1.663 | Mean Score: 1.687 | Last-10 eps: [0.15, 0.2, 0.4, 0.15, 0.2, 0.1, 0.15, 0.1, 0.05, 0.1] | NaN reward steps so far: 0
Episodes: 5210 | Mean Reward (last 10): 1.758 | Mean Score: 1.780 | Last-10 eps: [0.4, 0.4, 0.08, 0.1, 0.2, 0.25, 0.08, 0.4, 0.15, 0.2] | NaN reward steps so far: 0
Episodes: 5220 | Mean Reward (last 10): 1.568 | Mean Score: 1.595 | Last-10 eps: [0.3, 0.4, 0.5, 0.1, 0.6, 0.5, 0.05, 0.6, 0.3, 0.2] | NaN reward steps so far: 0
Episodes: 5230 | Mean Reward (last 10): 1.693 | Mean Score: 1.713 | Last-10 eps: [0.5, 0.08, 0.15, 0.15, 0.2, 0.2, 0.3, 0.1, 0.4, 0.25] | NaN reward steps so far: 0
Episodes: 5240 | Mean Reward (last 10): 1.639 | Mean Score: 1.672 | Last-10 eps: [0.1, 0.08, 0.1, 0.15, 0.3, 0.3, 0.25, 0.08, 0.08, 0.2] | NaN reward steps so far: 0
Episodes: 5250 | Mean Reward (last 10): 1.718 | Mean Score: 1.739 | Last-10 eps: [0.15, 0.2, 0.25, 0.1, 0.1, 0.1, 0.08, 0.5, 0.08, 0.25] | NaN reward steps so far: 0
Episodes: 5260 | Mean Reward (last 10): 1.495 | Mean Score: 1.516 | Last-10 eps: [0.5, 0.25, 0.5, 0.5, 0.1, 0.1, 0.2, 0.1, 0.1, 0.3] | NaN reward steps so far: 0
Episodes: 5270 | Mean Reward (last 10): 1.496 | Mean Score: 1.521 | Last-10 eps: [0.25, 0.25, 0.2, 0.1, 0.1, 0.1, 0.15, 0.1, 0.15, 0.3] | NaN reward steps so far: 0
Episodes: 5280 | Mean Reward (last 10): 1.637 | Mean Score: 1.662 | Last-10 eps: [0.25, 0.2, 0.08, 0.25, 0.6, 0.2, 0.1, 0.15, 0.15, 0.25] | NaN reward steps so far: 0
Episodes: 5290 | Mean Reward (last 10): 1.443 | Mean Score: 1.466 | Last-10 eps: [0.15, 0.08, 0.2, 0.0, 0.15, 0.25, 0.3, 0.3, 0.08, 0.6] | NaN reward steps so far: 0
Episodes: 5300 | Mean Reward (last 10): 1.597 | Mean Score: 1.618 | Last-10 eps: [0.1, 0.3, 0.2, 0.2, 0.08, 0.4, 0.15, 0.4, 0.08, 0.3] | NaN reward steps so far: 0
Episodes: 5310 | Mean Reward (last 10): 1.583 | Mean Score: 1.603 | Last-10 eps: [0.1, 0.08, 0.15, 0.08, 0.5, 0.2, 0.25, 0.05, 0.3, 0.5] | NaN reward steps so far: 0
Episodes: 5320 | Mean Reward (last 10): 1.551 | Mean Score: 1.576 | Last-10 eps: [0.1, 0.5, 0.08, 0.2, 0.08, 0.08, 0.2, 0.3, 0.08, 0.2] | NaN reward steps so far: 0
Episodes: 5330 | Mean Reward (last 10): 1.596 | Mean Score: 1.626 | Last-10 eps: [0.2, 0.15, 0.4, 0.2, 0.4, 0.15, 0.1, 0.08, 0.1, 0.1] | NaN reward steps so far: 0
Episodes: 5340 | Mean Reward (last 10): 1.581 | Mean Score: 1.598 | Last-10 eps: [0.08, 0.3, 0.15, 0.05, 0.6, 0.5, 0.5, 0.2, 0.08, 0.5] | NaN reward steps so far: 0
Episodes: 5350 | Mean Reward (last 10): 1.735 | Mean Score: 1.758 | Last-10 eps: [0.4, 0.05, 0.08, 0.3, 0.1, 0.15, 0.05, 0.2, 0.1, 0.2] | NaN reward steps so far: 0
Episodes: 5360 | Mean Reward (last 10): 1.491 | Mean Score: 1.517 | Last-10 eps: [0.08, 0.1, 0.2, 0.08, 0.05, 0.15, 0.3, 0.15, 0.2, 0.08] | NaN reward steps so far: 0
Episodes: 5370 | Mean Reward (last 10): 1.625 | Mean Score: 1.659 | Last-10 eps: [0.15, 0.2, 0.1, 0.2, 0.08, 0.2, 0.15, 0.5, 0.1, 0.1] | NaN reward steps so far: 0
Episodes: 5380 | Mean Reward (last 10): 1.533 | Mean Score: 1.563 | Last-10 eps: [0.05, 0.08, 0.05, 0.1, 0.15, 0.25, 0.15, 0.1, 0.15, 0.4] | NaN reward steps so far: 0
Episodes: 5390 | Mean Reward (last 10): 1.566 | Mean Score: 1.587 | Last-10 eps: [0.08, 0.15, 0.4, 0.3, 0.1, 0.25, 0.6, 0.15, 0.15, 0.08] | NaN reward steps so far: 0
Episodes: 5400 | Mean Reward (last 10): 1.649 | Mean Score: 1.679 | Last-10 eps: [0.3, 0.08, 0.4, 0.25, 0.08, 0.6, 0.08, 0.08, 0.1, 0.1] | NaN reward steps so far: 0
Episodes: 5410 | Mean Reward (last 10): 1.572 | Mean Score: 1.587 | Last-10 eps: [0.5, 0.08, 0.3, 0.2, 0.5, 0.25, 0.08, 0.08, 0.2, 0.25] | NaN reward steps so far: 0
Episodes: 5420 | Mean Reward (last 10): 1.563 | Mean Score: 1.586 | Last-10 eps: [0.3, 0.5, 0.1, 0.1, 0.6, 0.05, 0.25, 0.08, 0.3, 0.4] | NaN reward steps so far: 0
Episodes: 5430 | Mean Reward (last 10): 1.445 | Mean Score: 1.468 | Last-10 eps: [0.0, 0.1, 0.08, 0.1, 0.15, 0.15, 0.2, 0.4, 0.3, 0.15] | NaN reward steps so far: 0
Episodes: 5440 | Mean Reward (last 10): 1.693 | Mean Score: 1.716 | Last-10 eps: [0.1, 0.05, 0.2, 0.08, 0.6, 0.08, 0.15, 0.1, 0.05, 0.3] | NaN reward steps so far: 0
Episodes: 5450 | Mean Reward (last 10): 1.678 | Mean Score: 1.707 | Last-10 eps: [0.05, 0.25, 0.4, 0.2, 0.25, 0.6, 0.1, 0.4, 0.08, 0.3] | NaN reward steps so far: 0
Episodes: 5460 | Mean Reward (last 10): 1.474 | Mean Score: 1.494 | Last-10 eps: [0.08, 0.2, 0.25, 0.08, 0.15, 0.0, 0.1, 0.15, 0.3, 0.3] | NaN reward steps so far: 0
Episodes: 5470 | Mean Reward (last 10): 1.593 | Mean Score: 1.613 | Last-10 eps: [0.4, 0.1, 0.2, 0.1, 0.08, 0.08, 0.5, 0.25, 0.08, 0.1] | NaN reward steps so far: 0
Episodes: 5480 | Mean Reward (last 10): 1.586 | Mean Score: 1.610 | Last-10 eps: [0.15, 0.3, 0.08, 0.25, 0.15, 0.1, 0.2, 0.15, 0.08, 0.25] | NaN reward steps so far: 0
Episodes: 5490 | Mean Reward (last 10): 1.218 | Mean Score: 1.233 | Last-10 eps: [0.08, 0.08, 0.08, 0.15, 0.6, 0.08, 0.0, 0.0, 0.4, 0.05] | NaN reward steps so far: 0
Episodes: 5500 | Mean Reward (last 10): 1.605 | Mean Score: 1.639 | Last-10 eps: [0.08, 0.15, 0.15, 0.1, 0.2, 0.15, 0.5, 0.1, 0.08, 0.1] | NaN reward steps so far: 0
Episodes: 5510 | Mean Reward (last 10): 1.333 | Mean Score: 1.357 | Last-10 eps: [0.2, 0.08, 0.03, 0.15, 0.2, 0.2, 0.08, 0.4, 0.3, 0.0] | NaN reward steps so far: 0
Episodes: 5520 | Mean Reward (last 10): 1.613 | Mean Score: 1.635 | Last-10 eps: [0.08, 0.1, 0.3, 0.1, 0.15, 0.08, 0.3, 0.08, 0.08, 0.05] | NaN reward steps so far: 0
Episodes: 5530 | Mean Reward (last 10): 1.536 | Mean Score: 1.560 | Last-10 eps: [0.4, 0.1, 0.25, 0.1, 0.0, 0.1, 0.25, 0.6, 0.08, 0.1] | NaN reward steps so far: 0
Episodes: 5540 | Mean Reward (last 10): 1.669 | Mean Score: 1.692 | Last-10 eps: [0.05, 0.15, 0.6, 0.2, 0.1, 0.08, 0.15, 0.1, 0.25, 0.1] | NaN reward steps so far: 0
Episodes: 5550 | Mean Reward (last 10): 1.808 | Mean Score: 1.829 | Last-10 eps: [0.05, 0.25, 0.1, 0.1, 0.08, 0.08, 0.05, 0.08, 0.15, 0.3] | NaN reward steps so far: 0
Episodes: 5560 | Mean Reward (last 10): 1.553 | Mean Score: 1.578 | Last-10 eps: [0.5, 0.1, 0.15, 0.2, 0.4, 0.15, 0.25, 0.2, 0.08, 0.15] | NaN reward steps so far: 0
Episodes: 5570 | Mean Reward (last 10): 1.602 | Mean Score: 1.626 | Last-10 eps: [0.2, 0.4, 0.15, 0.4, 0.5, 0.1, 0.08, 0.1, 0.25, 0.15] | NaN reward steps so far: 0
Episodes: 5580 | Mean Reward (last 10): 1.414 | Mean Score: 1.439 | Last-10 eps: [0.15, 0.1, 0.0, 0.3, 0.08, 0.3, 0.3, 0.5, 0.3, 0.2] | NaN reward steps so far: 0
Episodes: 5590 | Mean Reward (last 10): 1.501 | Mean Score: 1.520 | Last-10 eps: [0.25, 0.25, 0.0, 0.08, 0.1, 0.03, 0.08, 0.1, 0.08, 0.15] | NaN reward steps so far: 0
Episodes: 5600 | Mean Reward (last 10): 1.645 | Mean Score: 1.664 | Last-10 eps: [0.1, 0.08, 0.6, 0.2, 0.2, 0.2, 0.2, 0.03, 0.08, 0.08] | NaN reward steps so far: 0
Episodes: 5610 | Mean Reward (last 10): 1.796 | Mean Score: 1.821 | Last-10 eps: [0.08, 0.08, 0.1, 0.08, 0.03, 0.1, 0.08, 0.15, 0.25, 0.3] | NaN reward steps so far: 0
Episodes: 5620 | Mean Reward (last 10): 1.389 | Mean Score: 1.410 | Last-10 eps: [0.15, 0.3, 0.0, 0.25, 0.15, 0.5, 0.4, 0.15, 0.5, 0.2] | NaN reward steps so far: 0
Episodes: 5630 | Mean Reward (last 10): 1.746 | Mean Score: 1.769 | Last-10 eps: [0.3, 0.05, 0.2, 0.2, 0.25, 0.15, 0.08, 0.1, 0.2, 0.1] | NaN reward steps so far: 0
Episodes: 5640 | Mean Reward (last 10): 1.449 | Mean Score: 1.473 | Last-10 eps: [0.3, 0.4, 0.5, 0.4, 0.6, 0.2, 0.1, 0.15, 0.6, 0.03] | NaN reward steps so far: 0
Episodes: 5650 | Mean Reward (last 10): 1.647 | Mean Score: 1.678 | Last-10 eps: [0.08, 0.3, 0.25, 0.05, 0.15, 0.08, 0.08, 0.15, 0.2, 0.08] | NaN reward steps so far: 0
Episodes: 5660 | Mean Reward (last 10): 1.706 | Mean Score: 1.723 | Last-10 eps: [0.05, 0.2, 0.6, 0.15, 0.6, 0.1, 0.6, 0.25, 0.15, 0.6] | NaN reward steps so far: 0
Episodes: 5670 | Mean Reward (last 10): 1.515 | Mean Score: 1.538 | Last-10 eps: [0.25, 0.6, 0.08, 0.1, 0.08, 0.15, 0.08, 0.5, 0.25, 0.4] | NaN reward steps so far: 0
Episodes: 5680 | Mean Reward (last 10): 1.689 | Mean Score: 1.711 | Last-10 eps: [0.6, 0.2, 0.1, 0.15, 0.2, 0.6, 0.08, 0.08, 0.08, 0.08] | NaN reward steps so far: 0
Episodes: 5690 | Mean Reward (last 10): 1.513 | Mean Score: 1.538 | Last-10 eps: [0.1, 0.08, 0.4, 0.1, 0.08, 0.3, 0.08, 0.15, 0.2, 0.2] | NaN reward steps so far: 0
Episodes: 5700 | Mean Reward (last 10): 1.633 | Mean Score: 1.656 | Last-10 eps: [0.08, 0.15, 0.08, 0.2, 0.08, 0.25, 0.5, 0.3, 0.15, 0.3] | NaN reward steps so far: 0
Episodes: 5710 | Mean Reward (last 10): 1.694 | Mean Score: 1.713 | Last-10 eps: [0.3, 0.2, 0.05, 0.6, 0.2, 0.1, 0.1, 0.15, 0.1, 0.08] | NaN reward steps so far: 0
Episodes: 5720 | Mean Reward (last 10): 1.482 | Mean Score: 1.501 | Last-10 eps: [0.5, 0.1, 0.0, 0.08, 0.15, 0.08, 0.15, 0.2, 0.1, 0.15] | NaN reward steps so far: 0
Episodes: 5730 | Mean Reward (last 10): 1.658 | Mean Score: 1.679 | Last-10 eps: [0.2, 0.08, 0.05, 0.08, 0.08, 0.1, 0.2, 0.15, 0.1, 0.08] | NaN reward steps so far: 0
Episodes: 5740 | Mean Reward (last 10): 1.731 | Mean Score: 1.756 | Last-10 eps: [0.6, 0.2, 0.08, 0.08, 0.6, 0.08, 0.25, 0.15, 0.4, 0.15] | NaN reward steps so far: 0
Episodes: 5750 | Mean Reward (last 10): 1.569 | Mean Score: 1.592 | Last-10 eps: [0.08, 0.1, 0.2, 0.08, 0.4, 0.2, 0.5, 0.6, 0.05, 0.08] | NaN reward steps so far: 0
Episodes: 5760 | Mean Reward (last 10): 1.757 | Mean Score: 1.781 | Last-10 eps: [0.25, 0.05, 0.1, 0.08, 0.1, 0.25, 0.1, 0.08, 0.15, 0.1] | NaN reward steps so far: 0
Episodes: 5770 | Mean Reward (last 10): 1.589 | Mean Score: 1.619 | Last-10 eps: [0.25, 0.15, 0.08, 0.1, 0.2, 0.2, 0.4, 0.6, 0.08, 0.6] | NaN reward steps so far: 0
Episodes: 5780 | Mean Reward (last 10): 1.454 | Mean Score: 1.479 | Last-10 eps: [0.1, 0.2, 0.25, 0.4, 0.5, 0.0, 0.3, 0.3, 0.2, 0.25] | NaN reward steps so far: 0
Episodes: 5790 | Mean Reward (last 10): 1.653 | Mean Score: 1.669 | Last-10 eps: [0.08, 0.1, 0.1, 0.1, 0.5, 0.15, 0.6, 0.08, 0.6, 0.2] | NaN reward steps so far: 0
Episodes: 5800 | Mean Reward (last 10): 1.559 | Mean Score: 1.584 | Last-10 eps: [0.15, 0.0, 0.4, 0.25, 0.15, 0.08, 0.15, 0.1, 0.15, 0.08] | NaN reward steps so far: 0
Episodes: 5810 | Mean Reward (last 10): 1.438 | Mean Score: 1.457 | Last-10 eps: [0.2, 0.15, 0.0, 0.3, 0.2, 0.08, 0.1, 0.15, 0.4, 0.3] | NaN reward steps so far: 0
-----------------------------------------
| rollout/                |             |
|    ep_len_mean          | 2.27        |
|    ep_rew_mean          | 1.59        |
| time/                   |             |
|    fps                  | 1           |
|    iterations           | 6           |
|    time_elapsed         | 6511        |
|    total_timesteps      | 12288       |
| train/                  |             |
|    approx_kl            | 0.019174341 |
|    clip_fraction        | 0.237       |
|    clip_range           | 0.2         |
|    entropy_loss         | -6.49       |
|    explained_variance   | 0.911       |
|    learning_rate        | 0.0003      |
|    loss                 | -0.0283     |
|    n_updates            | 50          |
|    policy_gradient_loss | -0.05       |
|    value_loss           | 0.268       |
-----------------------------------------
Episodes: 5820 | Mean Reward (last 10): 1.552 | Mean Score: 1.577 | Last-10 eps: [0.3, 0.2, 0.6, 0.4, 0.08, 0.15, 0.25, 0.15, 0.08, 0.4] | NaN reward steps so far: 0
Episodes: 5830 | Mean Reward (last 10): 1.794 | Mean Score: 1.817 | Last-10 eps: [0.08, 0.08, 0.25, 0.3, 0.2, 0.08, 0.25, 0.15, 0.3, 0.08] | NaN reward steps so far: 0
Episodes: 5840 | Mean Reward (last 10): 1.668 | Mean Score: 1.689 | Last-10 eps: [0.3, 0.3, 0.15, 0.15, 0.1, 0.1, 0.1, 0.08, 0.15, 0.08] | NaN reward steps so far: 0
Episodes: 5850 | Mean Reward (last 10): 1.681 | Mean Score: 1.705 | Last-10 eps: [0.6, 0.1, 0.2, 0.3, 0.05, 0.2, 0.08, 0.1, 0.08, 0.1] | NaN reward steps so far: 0
Episodes: 5860 | Mean Reward (last 10): 1.589 | Mean Score: 1.616 | Last-10 eps: [0.15, 0.3, 0.08, 0.3, 0.1, 0.15, 0.15, 0.08, 0.25, 0.6] | NaN reward steps so far: 0
Episodes: 5870 | Mean Reward (last 10): 1.668 | Mean Score: 1.692 | Last-10 eps: [0.6, 0.15, 0.1, 0.2, 0.15, 0.05, 0.2, 0.1, 0.2, 0.08] | NaN reward steps so far: 0
Episodes: 5880 | Mean Reward (last 10): 1.658 | Mean Score: 1.676 | Last-10 eps: [0.15, 0.4, 0.15, 0.6, 0.2, 0.15, 0.2, 0.4, 0.6, 0.08] | NaN reward steps so far: 0
Episodes: 5890 | Mean Reward (last 10): 1.719 | Mean Score: 1.743 | Last-10 eps: [0.6, 0.08, 0.5, 0.3, 0.15, 0.1, 0.1, 0.08, 0.3, 0.3] | NaN reward steps so far: 0
Episodes: 5900 | Mean Reward (last 10): 1.742 | Mean Score: 1.764 | Last-10 eps: [0.1, 0.4, 0.15, 0.2, 0.1, 0.5, 0.4, 0.3, 0.1, 0.4] | NaN reward steps so far: 0
Episodes: 5910 | Mean Reward (last 10): 1.447 | Mean Score: 1.471 | Last-10 eps: [0.15, 0.4, 0.2, 0.6, 0.1, 0.1, 0.15, 0.4, 0.2, 0.1] | NaN reward steps so far: 0
Episodes: 5920 | Mean Reward (last 10): 1.652 | Mean Score: 1.668 | Last-10 eps: [0.1, 0.4, 0.4, 0.25, 0.1, 0.3, 0.1, 0.4, 0.25, 0.08] | NaN reward steps so far: 0
Episodes: 5930 | Mean Reward (last 10): 1.597 | Mean Score: 1.622 | Last-10 eps: [0.1, 0.2, 0.08, 0.2, 0.1, 0.1, 0.1, 0.1, 0.2, 0.1] | NaN reward steps so far: 0
Episodes: 5940 | Mean Reward (last 10): 1.750 | Mean Score: 1.776 | Last-10 eps: [0.08, 0.03, 0.15, 0.15, 0.08, 0.08, 0.08, 0.08, 0.08, 0.05] | NaN reward steps so far: 0
Episodes: 5950 | Mean Reward (last 10): 1.584 | Mean Score: 1.609 | Last-10 eps: [0.25, 0.2, 0.4, 0.08, 0.4, 0.08, 0.1, 0.08, 0.15, 0.15] | NaN reward steps so far: 0
Episodes: 5960 | Mean Reward (last 10): 1.660 | Mean Score: 1.689 | Last-10 eps: [0.08, 0.1, 0.08, 0.08, 0.5, 0.4, 0.1, 0.25, 0.25, 0.15] | NaN reward steps so far: 0
Episodes: 5970 | Mean Reward (last 10): 1.695 | Mean Score: 1.716 | Last-10 eps: [0.05, 0.1, 0.15, 0.08, 0.15, 0.25, 0.08, 0.1, 0.5, 0.2] | NaN reward steps so far: 0
Episodes: 5980 | Mean Reward (last 10): 1.682 | Mean Score: 1.705 | Last-10 eps: [0.3, 0.6, 0.15, 0.15, 0.1, 0.05, 0.1, 0.25, 0.3, 0.6] | NaN reward steps so far: 0
Episodes: 5990 | Mean Reward (last 10): 1.696 | Mean Score: 1.719 | Last-10 eps: [0.25, 0.3, 0.25, 0.2, 0.15, 0.08, 0.4, 0.4, 0.2, 0.2] | NaN reward steps so far: 0
Episodes: 6000 | Mean Reward (last 10): 1.572 | Mean Score: 1.598 | Last-10 eps: [0.1, 0.15, 0.1, 0.4, 0.2, 0.25, 0.08, 0.1, 0.05, 0.1] | NaN reward steps so far: 0
Episodes: 6010 | Mean Reward (last 10): 1.721 | Mean Score: 1.750 | Last-10 eps: [0.15, 0.1, 0.15, 0.6, 0.15, 0.1, 0.2, 0.08, 0.6, 0.15] | NaN reward steps so far: 0
Episodes: 6020 | Mean Reward (last 10): 1.703 | Mean Score: 1.728 | Last-10 eps: [0.08, 0.05, 0.1, 0.2, 0.3, 0.5, 0.15, 0.08, 0.6, 0.2] | NaN reward steps so far: 0
Episodes: 6030 | Mean Reward (last 10): 1.711 | Mean Score: 1.739 | Last-10 eps: [0.15, 0.08, 0.05, 0.1, 0.08, 0.05, 0.1, 0.4, 0.15, 0.25] | NaN reward steps so far: 0
Episodes: 6040 | Mean Reward (last 10): 1.674 | Mean Score: 1.699 | Last-10 eps: [0.2, 0.1, 0.3, 0.2, 0.05, 0.25, 0.15, 0.15, 0.3, 0.15] | NaN reward steps so far: 0
Episodes: 6050 | Mean Reward (last 10): 1.693 | Mean Score: 1.717 | Last-10 eps: [0.2, 0.3, 0.1, 0.4, 0.2, 0.5, 0.1, 0.15, 0.08, 0.15] | NaN reward steps so far: 0
Episodes: 6060 | Mean Reward (last 10): 1.596 | Mean Score: 1.622 | Last-10 eps: [0.25, 0.15, 0.6, 0.2, 0.08, 0.08, 0.15, 0.5, 0.5, 0.15] | NaN reward steps so far: 0
Episodes: 6070 | Mean Reward (last 10): 1.693 | Mean Score: 1.712 | Last-10 eps: [0.08, 0.08, 0.15, 0.1, 0.15, 0.6, 0.25, 0.1, 0.25, 0.08] | NaN reward steps so far: 0
Episodes: 6080 | Mean Reward (last 10): 1.582 | Mean Score: 1.605 | Last-10 eps: [0.5, 0.3, 0.15, 0.08, 0.2, 0.2, 0.05, 0.3, 0.1, 0.15] | NaN reward steps so far: 0
Episodes: 6090 | Mean Reward (last 10): 1.580 | Mean Score: 1.612 | Last-10 eps: [0.2, 0.3, 0.2, 0.15, 0.15, 0.08, 0.2, 0.1, 0.1, 0.1] | NaN reward steps so far: 0
Episodes: 6100 | Mean Reward (last 10): 1.649 | Mean Score: 1.668 | Last-10 eps: [0.2, 0.08, 0.08, 0.25, 0.1, 0.1, 0.08, 0.1, 0.6, 0.1] | NaN reward steps so far: 0
Episodes: 6110 | Mean Reward (last 10): 1.664 | Mean Score: 1.691 | Last-10 eps: [0.2, 0.05, 0.2, 0.05, 0.25, 0.08, 0.08, 0.05, 0.25, 0.08] | NaN reward steps so far: 0
Episodes: 6120 | Mean Reward (last 10): 1.812 | Mean Score: 1.833 | Last-10 eps: [0.3, 0.08, 0.15, 0.15, 0.05, 0.08, 0.1, 0.15, 0.05, 0.2] | NaN reward steps so far: 0
Episodes: 6130 | Mean Reward (last 10): 1.621 | Mean Score: 1.648 | Last-10 eps: [0.08, 0.25, 0.08, 0.25, 0.1, 0.1, 0.4, 0.2, 0.08, 0.15] | NaN reward steps so far: 0
Episodes: 6140 | Mean Reward (last 10): 1.680 | Mean Score: 1.700 | Last-10 eps: [0.05, 0.2, 0.25, 0.2, 0.4, 0.2, 0.6, 0.15, 0.05, 0.1] | NaN reward steps so far: 0
Episodes: 6150 | Mean Reward (last 10): 1.723 | Mean Score: 1.748 | Last-10 eps: [0.08, 0.05, 0.4, 0.05, 0.1, 0.25, 0.15, 0.08, 0.08, 0.15] | NaN reward steps so far: 0
Episodes: 6160 | Mean Reward (last 10): 1.779 | Mean Score: 1.802 | Last-10 eps: [0.08, 0.1, 0.05, 0.15, 0.3, 0.1, 0.25, 0.03, 0.15, 0.1] | NaN reward steps so far: 0
Episodes: 6170 | Mean Reward (last 10): 1.717 | Mean Score: 1.749 | Last-10 eps: [0.3, 0.2, 0.15, 0.15, 0.2, 0.03, 0.15, 0.05, 0.1, 0.05] | NaN reward steps so far: 0
Episodes: 6180 | Mean Reward (last 10): 1.612 | Mean Score: 1.637 | Last-10 eps: [0.1, 0.5, 0.1, 0.15, 0.1, 0.3, 0.1, 0.6, 0.1, 0.1] | NaN reward steps so far: 0
Episodes: 6190 | Mean Reward (last 10): 1.551 | Mean Score: 1.568 | Last-10 eps: [0.15, 0.0, 0.2, 0.08, 0.1, 0.5, 0.4, 0.25, 0.2, 0.2] | NaN reward steps so far: 0
Episodes: 6200 | Mean Reward (last 10): 1.704 | Mean Score: 1.729 | Last-10 eps: [0.2, 0.15, 0.05, 0.6, 0.2, 0.1, 0.1, 0.15, 0.15, 0.08] | NaN reward steps so far: 0
Episodes: 6210 | Mean Reward (last 10): 1.537 | Mean Score: 1.561 | Last-10 eps: [0.2, 0.08, 0.1, 0.08, 0.1, 0.0, 0.3, 0.1, 0.2, 0.25] | NaN reward steps so far: 0
Episodes: 6220 | Mean Reward (last 10): 1.748 | Mean Score: 1.771 | Last-10 eps: [0.1, 0.15, 0.3, 0.15, 0.08, 0.15, 0.2, 0.08, 0.15, 0.15] | NaN reward steps so far: 0
Episodes: 6230 | Mean Reward (last 10): 1.558 | Mean Score: 1.581 | Last-10 eps: [0.15, 0.3, 0.5, 0.08, 0.15, 0.08, 0.1, 0.15, 0.6, 0.2] | NaN reward steps so far: 0
Episodes: 6240 | Mean Reward (last 10): 1.637 | Mean Score: 1.657 | Last-10 eps: [0.15, 0.08, 0.5, 0.1, 0.1, 0.25, 0.05, 0.3, 0.05, 0.05] | NaN reward steps so far: 0
Episodes: 6250 | Mean Reward (last 10): 1.587 | Mean Score: 1.608 | Last-10 eps: [0.2, 0.1, 0.2, 0.05, 0.08, 0.05, 0.15, 0.3, 0.3, 0.0] | NaN reward steps so far: 0
Episodes: 6260 | Mean Reward (last 10): 1.682 | Mean Score: 1.709 | Last-10 eps: [0.2, 0.2, 0.1, 0.15, 0.2, 0.5, 0.08, 0.15, 0.25, 0.2] | NaN reward steps so far: 0
Episodes: 6270 | Mean Reward (last 10): 1.612 | Mean Score: 1.642 | Last-10 eps: [0.15, 0.1, 0.2, 0.1, 0.08, 0.25, 0.15, 0.4, 0.1, 0.15] | NaN reward steps so far: 0
Episodes: 6280 | Mean Reward (last 10): 1.621 | Mean Score: 1.652 | Last-10 eps: [0.15, 0.15, 0.2, 0.08, 0.1, 0.15, 0.2, 0.15, 0.15, 0.2] | NaN reward steps so far: 0
Episodes: 6290 | Mean Reward (last 10): 1.666 | Mean Score: 1.694 | Last-10 eps: [0.25, 0.15, 0.1, 0.08, 0.1, 0.15, 0.2, 0.25, 0.08, 0.1] | NaN reward steps so far: 0
Episodes: 6300 | Mean Reward (last 10): 1.574 | Mean Score: 1.599 | Last-10 eps: [0.1, 0.08, 0.2, 0.3, 0.3, 0.08, 0.15, 0.3, 0.2, 0.2] | NaN reward steps so far: 0
Episodes: 6310 | Mean Reward (last 10): 1.604 | Mean Score: 1.635 | Last-10 eps: [0.15, 0.2, 0.1, 0.1, 0.05, 0.2, 0.05, 0.1, 0.1, 0.0] | NaN reward steps so far: 0
Episodes: 6320 | Mean Reward (last 10): 1.791 | Mean Score: 1.809 | Last-10 eps: [0.1, 0.15, 0.08, 0.2, 0.08, 0.25, 0.1, 0.3, 0.15, 0.05] | NaN reward steps so far: 0
Episodes: 6330 | Mean Reward (last 10): 1.744 | Mean Score: 1.771 | Last-10 eps: [0.3, 0.08, 0.1, 0.08, 0.1, 0.05, 0.15, 0.3, 0.08, 0.08] | NaN reward steps so far: 0
Episodes: 6340 | Mean Reward (last 10): 1.696 | Mean Score: 1.718 | Last-10 eps: [0.08, 0.2, 0.4, 0.15, 0.15, 0.2, 0.15, 0.1, 0.3, 0.25] | NaN reward steps so far: 0
Episodes: 6350 | Mean Reward (last 10): 1.777 | Mean Score: 1.796 | Last-10 eps: [0.25, 0.08, 0.15, 0.1, 0.08, 0.2, 0.05, 0.3, 0.15, 0.05] | NaN reward steps so far: 0
Episodes: 6360 | Mean Reward (last 10): 1.681 | Mean Score: 1.705 | Last-10 eps: [0.6, 0.08, 0.2, 0.15, 0.2, 0.15, 0.5, 0.15, 0.08, 0.08] | NaN reward steps so far: 0
Episodes: 6370 | Mean Reward (last 10): 1.673 | Mean Score: 1.691 | Last-10 eps: [0.2, 0.3, 0.3, 0.2, 0.3, 0.08, 0.15, 0.15, 0.4, 0.2] | NaN reward steps so far: 0
Episodes: 6380 | Mean Reward (last 10): 1.781 | Mean Score: 1.806 | Last-10 eps: [0.1, 0.1, 0.1, 0.6, 0.05, 0.15, 0.25, 0.1, 0.15, 0.05] | NaN reward steps so far: 0
Episodes: 6390 | Mean Reward (last 10): 1.587 | Mean Score: 1.606 | Last-10 eps: [0.15, 0.1, 0.25, 0.1, 0.08, 0.25, 0.15, 0.15, 0.1, 0.25] | NaN reward steps so far: 0
Episodes: 6400 | Mean Reward (last 10): 1.684 | Mean Score: 1.703 | Last-10 eps: [0.15, 0.2, 0.2, 0.25, 0.4, 0.3, 0.05, 0.25, 0.05, 0.15] | NaN reward steps so far: 0
Episodes: 6410 | Mean Reward (last 10): 1.694 | Mean Score: 1.722 | Last-10 eps: [0.15, 0.05, 0.15, 0.15, 0.15, 0.05, 0.15, 0.15, 0.08, 0.15] | NaN reward steps so far: 0
Episodes: 6420 | Mean Reward (last 10): 1.750 | Mean Score: 1.767 | Last-10 eps: [0.15, 0.2, 0.2, 0.15, 0.15, 0.1, 0.2, 0.1, 0.15, 0.05] | NaN reward steps so far: 0
Episodes: 6430 | Mean Reward (last 10): 1.670 | Mean Score: 1.699 | Last-10 eps: [0.3, 0.05, 0.1, 0.08, 0.1, 0.1, 0.15, 0.05, 0.5, 0.15] | NaN reward steps so far: 0
Episodes: 6440 | Mean Reward (last 10): 1.617 | Mean Score: 1.643 | Last-10 eps: [0.2, 0.08, 0.08, 0.15, 0.15, 0.15, 0.1, 0.1, 0.2, 0.08] | NaN reward steps so far: 0
Episodes: 6450 | Mean Reward (last 10): 1.737 | Mean Score: 1.757 | Last-10 eps: [0.08, 0.3, 0.08, 0.2, 0.1, 0.3, 0.03, 0.4, 0.08, 0.05] | NaN reward steps so far: 0
Episodes: 6460 | Mean Reward (last 10): 1.686 | Mean Score: 1.709 | Last-10 eps: [0.15, 0.1, 0.5, 0.15, 0.1, 0.2, 0.1, 0.1, 0.05, 0.5] | NaN reward steps so far: 0
Episodes: 6470 | Mean Reward (last 10): 1.707 | Mean Score: 1.731 | Last-10 eps: [0.2, 0.2, 0.05, 0.08, 0.1, 0.08, 0.08, 0.15, 0.4, 0.3] | NaN reward steps so far: 0
Episodes: 6480 | Mean Reward (last 10): 1.696 | Mean Score: 1.726 | Last-10 eps: [0.08, 0.6, 0.5, 0.15, 0.15, 0.1, 0.08, 0.1, 0.15, 0.15] | NaN reward steps so far: 0
Episodes: 6490 | Mean Reward (last 10): 1.595 | Mean Score: 1.621 | Last-10 eps: [0.1, 0.15, 0.15, 0.3, 0.2, 0.08, 0.15, 0.15, 0.08, 0.15] | NaN reward steps so far: 0
Episodes: 6500 | Mean Reward (last 10): 1.501 | Mean Score: 1.527 | Last-10 eps: [0.2, 0.2, 0.08, 0.25, 0.15, 0.4, 0.2, 0.1, 0.05, 0.15] | NaN reward steps so far: 0
Episodes: 6510 | Mean Reward (last 10): 1.784 | Mean Score: 1.803 | Last-10 eps: [0.2, 0.6, 0.25, 0.2, 0.1, 0.25, 0.1, 0.25, 0.08, 0.2] | NaN reward steps so far: 0
Episodes: 6520 | Mean Reward (last 10): 1.758 | Mean Score: 1.780 | Last-10 eps: [0.08, 0.1, 0.08, 0.1, 0.6, 0.08, 0.25, 0.08, 0.1, 0.2] | NaN reward steps so far: 0
Episodes: 6530 | Mean Reward (last 10): 1.601 | Mean Score: 1.621 | Last-10 eps: [0.3, 0.6, 0.25, 0.3, 0.15, 0.1, 0.15, 0.25, 0.15, 0.25] | NaN reward steps so far: 0
Episodes: 6540 | Mean Reward (last 10): 1.546 | Mean Score: 1.571 | Last-10 eps: [0.1, 0.3, 0.2, 0.15, 0.25, 0.1, 0.1, 0.08, 0.2, 0.2] | NaN reward steps so far: 0
Episodes: 6550 | Mean Reward (last 10): 1.581 | Mean Score: 1.609 | Last-10 eps: [0.15, 0.15, 0.4, 0.3, 0.2, 0.15, 0.2, 0.3, 0.2, 0.15] | NaN reward steps so far: 0
Episodes: 6560 | Mean Reward (last 10): 1.678 | Mean Score: 1.703 | Last-10 eps: [0.25, 0.25, 0.15, 0.1, 0.4, 0.08, 0.08, 0.08, 0.08, 0.08] | NaN reward steps so far: 0
Episodes: 6570 | Mean Reward (last 10): 1.606 | Mean Score: 1.628 | Last-10 eps: [0.15, 0.25, 0.2, 0.2, 0.4, 0.15, 0.1, 0.15, 0.5, 0.6] | NaN reward steps so far: 0
Episodes: 6580 | Mean Reward (last 10): 1.774 | Mean Score: 1.795 | Last-10 eps: [0.05, 0.1, 0.15, 0.3, 0.15, 0.2, 0.5, 0.08, 0.2, 0.1] | NaN reward steps so far: 0
Episodes: 6590 | Mean Reward (last 10): 1.664 | Mean Score: 1.679 | Last-10 eps: [0.2, 0.05, 0.15, 0.08, 0.08, 0.3, 0.08, 0.08, 0.1, 0.4] | NaN reward steps so far: 0
Episodes: 6600 | Mean Reward (last 10): 1.748 | Mean Score: 1.763 | Last-10 eps: [0.08, 0.15, 0.2, 0.1, 0.25, 0.4, 0.08, 0.1, 0.08, 0.15] | NaN reward steps so far: 0
Episodes: 6610 | Mean Reward (last 10): 1.695 | Mean Score: 1.730 | Last-10 eps: [0.15, 0.1, 0.1, 0.2, 0.15, 0.15, 0.15, 0.25, 0.2, 0.15] | NaN reward steps so far: 0
Episodes: 6620 | Mean Reward (last 10): 1.607 | Mean Score: 1.628 | Last-10 eps: [0.1, 0.15, 0.15, 0.6, 0.1, 0.2, 0.2, 0.2, 0.08, 0.5] | NaN reward steps so far: 0
Episodes: 6630 | Mean Reward (last 10): 1.556 | Mean Score: 1.580 | Last-10 eps: [0.05, 0.15, 0.15, 0.2, 0.2, 0.15, 0.4, 0.5, 0.1, 0.25] | NaN reward steps so far: 0
Episodes: 6640 | Mean Reward (last 10): 1.580 | Mean Score: 1.601 | Last-10 eps: [0.4, 0.15, 0.4, 0.1, 0.15, 0.15, 0.05, 0.05, 0.4, 0.08] | NaN reward steps so far: 0
Episodes: 6650 | Mean Reward (last 10): 1.535 | Mean Score: 1.559 | Last-10 eps: [0.08, 0.6, 0.25, 0.2, 0.25, 0.6, 0.08, 0.5, 0.25, 0.3] | NaN reward steps so far: 0
Episodes: 6660 | Mean Reward (last 10): 1.552 | Mean Score: 1.574 | Last-10 eps: [0.2, 0.1, 0.25, 0.1, 0.08, 0.15, 0.5, 0.6, 0.1, 0.0] | NaN reward steps so far: 0
Episodes: 6670 | Mean Reward (last 10): 1.661 | Mean Score: 1.685 | Last-10 eps: [0.25, 0.3, 0.2, 0.2, 0.05, 0.1, 0.1, 0.2, 0.2, 0.1] | NaN reward steps so far: 0
-----------------------------------------
| rollout/                |             |
|    ep_len_mean          | 2.24        |
|    ep_rew_mean          | 1.63        |
| time/                   |             |
|    fps                  | 1           |
|    iterations           | 7           |
|    time_elapsed         | 7470        |
|    total_timesteps      | 14336       |
| train/                  |             |
|    approx_kl            | 0.017674116 |
|    clip_fraction        | 0.23        |
|    clip_range           | 0.2         |
|    entropy_loss         | -6.43       |
|    explained_variance   | 0.932       |
|    learning_rate        | 0.0003      |
|    loss                 | -0.018      |
|    n_updates            | 60          |
|    policy_gradient_loss | -0.049      |
|    value_loss           | 0.21        |
-----------------------------------------
Episodes: 6680 | Mean Reward (last 10): 1.700 | Mean Score: 1.727 | Last-10 eps: [0.5, 0.2, 0.08, 0.15, 0.1, 0.08, 0.15, 0.2, 0.1, 0.2] | NaN reward steps so far: 0
Episodes: 6690 | Mean Reward (last 10): 1.739 | Mean Score: 1.765 | Last-10 eps: [0.15, 0.03, 0.15, 0.25, 0.1, 0.1, 0.08, 0.15, 0.05, 0.05] | NaN reward steps so far: 0
Episodes: 6700 | Mean Reward (last 10): 1.611 | Mean Score: 1.630 | Last-10 eps: [0.25, 0.4, 0.5, 0.1, 0.15, 0.4, 0.05, 0.1, 0.08, 0.3] | NaN reward steps so far: 0
Episodes: 6710 | Mean Reward (last 10): 1.444 | Mean Score: 1.467 | Last-10 eps: [0.1, 0.08, 0.08, 0.15, 0.1, 0.15, 0.2, 0.0, 0.15, 0.2] | NaN reward steps so far: 0
Episodes: 6720 | Mean Reward (last 10): 1.651 | Mean Score: 1.677 | Last-10 eps: [0.15, 0.15, 0.25, 0.2, 0.3, 0.1, 0.05, 0.15, 0.1, 0.1] | NaN reward steps so far: 0
Episodes: 6730 | Mean Reward (last 10): 1.669 | Mean Score: 1.699 | Last-10 eps: [0.1, 0.15, 0.1, 0.1, 0.25, 0.08, 0.1, 0.05, 0.08, 0.1] | NaN reward steps so far: 0
Episodes: 6740 | Mean Reward (last 10): 1.695 | Mean Score: 1.723 | Last-10 eps: [0.05, 0.05, 0.2, 0.5, 0.15, 0.1, 0.1, 0.1, 0.08, 0.08] | NaN reward steps so far: 0
Episodes: 6750 | Mean Reward (last 10): 1.593 | Mean Score: 1.613 | Last-10 eps: [0.1, 0.4, 0.1, 0.08, 0.15, 0.1, 0.4, 0.1, 0.25, 0.15] | NaN reward steps so far: 0
Episodes: 6760 | Mean Reward (last 10): 1.588 | Mean Score: 1.609 | Last-10 eps: [0.5, 0.2, 0.08, 0.1, 0.3, 0.15, 0.1, 0.15, 0.1, 0.08] | NaN reward steps so far: 0
Episodes: 6770 | Mean Reward (last 10): 1.681 | Mean Score: 1.701 | Last-10 eps: [0.15, 0.2, 0.08, 0.25, 0.08, 0.15, 0.25, 0.1, 0.15, 0.03] | NaN reward steps so far: 0
Episodes: 6780 | Mean Reward (last 10): 1.650 | Mean Score: 1.679 | Last-10 eps: [0.1, 0.15, 0.1, 0.08, 0.08, 0.1, 0.05, 0.08, 0.2, 0.15] | NaN reward steps so far: 0
Episodes: 6790 | Mean Reward (last 10): 1.683 | Mean Score: 1.701 | Last-10 eps: [0.1, 0.15, 0.5, 0.2, 0.15, 0.2, 0.08, 0.15, 0.25, 0.2] | NaN reward steps so far: 0
Episodes: 6800 | Mean Reward (last 10): 1.712 | Mean Score: 1.742 | Last-10 eps: [0.1, 0.25, 0.2, 0.25, 0.25, 0.1, 0.3, 0.25, 0.15, 0.5] | NaN reward steps so far: 0
Episodes: 6810 | Mean Reward (last 10): 1.770 | Mean Score: 1.793 | Last-10 eps: [0.1, 0.6, 0.1, 0.1, 0.2, 0.15, 0.15, 0.05, 0.05, 0.15] | NaN reward steps so far: 0
Episodes: 6820 | Mean Reward (last 10): 1.554 | Mean Score: 1.581 | Last-10 eps: [0.2, 0.15, 0.15, 0.15, 0.4, 0.1, 0.15, 0.1, 0.08, 0.1] | NaN reward steps so far: 0
Episodes: 6830 | Mean Reward (last 10): 1.525 | Mean Score: 1.547 | Last-10 eps: [0.25, 0.08, 0.08, 0.1, 0.15, 0.0, 0.08, 0.08, 0.15, 0.05] | NaN reward steps so far: 0
Episodes: 6840 | Mean Reward (last 10): 1.781 | Mean Score: 1.807 | Last-10 eps: [0.1, 0.08, 0.2, 0.08, 0.05, 0.1, 0.3, 0.15, 0.5, 0.05] | NaN reward steps so far: 0
Episodes: 6850 | Mean Reward (last 10): 1.568 | Mean Score: 1.599 | Last-10 eps: [0.08, 0.15, 0.15, 0.1, 0.15, 0.15, 0.15, 0.15, 0.1, 0.15] | NaN reward steps so far: 0
Episodes: 6860 | Mean Reward (last 10): 1.771 | Mean Score: 1.795 | Last-10 eps: [0.08, 0.08, 0.25, 0.08, 0.2, 0.1, 0.3, 0.08, 0.05, 0.03] | NaN reward steps so far: 0
Episodes: 6870 | Mean Reward (last 10): 1.501 | Mean Score: 1.523 | Last-10 eps: [0.0, 0.15, 0.25, 0.4, 0.4, 0.1, 0.1, 0.5, 0.1, 0.3] | NaN reward steps so far: 0
Episodes: 6880 | Mean Reward (last 10): 1.567 | Mean Score: 1.599 | Last-10 eps: [0.08, 0.2, 0.1, 0.2, 0.25, 0.2, 0.2, 0.25, 0.15, 0.3] | NaN reward steps so far: 0
Episodes: 6890 | Mean Reward (last 10): 1.619 | Mean Score: 1.641 | Last-10 eps: [0.1, 0.08, 0.15, 0.2, 0.15, 0.25, 0.6, 0.15, 0.08, 0.2] | NaN reward steps so far: 0
Episodes: 6900 | Mean Reward (last 10): 1.683 | Mean Score: 1.704 | Last-10 eps: [0.1, 0.3, 0.08, 0.1, 0.08, 0.1, 0.3, 0.2, 0.1, 0.5] | NaN reward steps so far: 0
Episodes: 6910 | Mean Reward (last 10): 1.636 | Mean Score: 1.661 | Last-10 eps: [0.15, 0.1, 0.08, 0.4, 0.1, 0.1, 0.15, 0.4, 0.1, 0.5] | NaN reward steps so far: 0
Episodes: 6920 | Mean Reward (last 10): 1.567 | Mean Score: 1.591 | Last-10 eps: [0.05, 0.1, 0.1, 0.4, 0.05, 0.08, 0.4, 0.25, 0.1, 0.08] | NaN reward steps so far: 0
Episodes: 6930 | Mean Reward (last 10): 1.586 | Mean Score: 1.622 | Last-10 eps: [0.08, 0.4, 0.08, 0.08, 0.08, 0.05, 0.15, 0.2, 0.3, 0.1] | NaN reward steps so far: 0
Episodes: 6940 | Mean Reward (last 10): 1.670 | Mean Score: 1.702 | Last-10 eps: [0.15, 0.08, 0.08, 0.15, 0.1, 0.1, 0.1, 0.08, 0.25, 0.2] | NaN reward steps so far: 0
Episodes: 6950 | Mean Reward (last 10): 1.717 | Mean Score: 1.745 | Last-10 eps: [0.08, 0.3, 0.6, 0.1, 0.25, 0.08, 0.15, 0.1, 0.5, 0.15] | NaN reward steps so far: 0
Episodes: 6960 | Mean Reward (last 10): 1.451 | Mean Score: 1.474 | Last-10 eps: [0.15, 0.2, 0.08, 0.05, 0.25, 0.2, 0.15, 0.08, 0.5, 0.2] | NaN reward steps so far: 0
Episodes: 6970 | Mean Reward (last 10): 1.748 | Mean Score: 1.777 | Last-10 eps: [0.1, 0.6, 0.25, 0.15, 0.2, 0.08, 0.15, 0.1, 0.1, 0.1] | NaN reward steps so far: 0
Episodes: 6980 | Mean Reward (last 10): 1.760 | Mean Score: 1.783 | Last-10 eps: [0.15, 0.08, 0.25, 0.08, 0.4, 0.1, 0.2, 0.05, 0.05, 0.1] | NaN reward steps so far: 0
Episodes: 6990 | Mean Reward (last 10): 1.700 | Mean Score: 1.723 | Last-10 eps: [0.08, 0.2, 0.1, 0.08, 0.15, 0.2, 0.2, 0.6, 0.25, 0.15] | NaN reward steps so far: 0
Episodes: 7000 | Mean Reward (last 10): 1.754 | Mean Score: 1.782 | Last-10 eps: [0.25, 0.3, 0.1, 0.08, 0.05, 0.08, 0.1, 0.15, 0.1, 0.15] | NaN reward steps so far: 0
Episodes: 7010 | Mean Reward (last 10): 1.649 | Mean Score: 1.675 | Last-10 eps: [0.08, 0.25, 0.2, 0.3, 0.5, 0.15, 0.15, 0.25, 0.3, 0.15] | NaN reward steps so far: 0
Episodes: 7020 | Mean Reward (last 10): 1.705 | Mean Score: 1.729 | Last-10 eps: [0.1, 0.1, 0.1, 0.2, 0.25, 0.15, 0.15, 0.25, 0.2, 0.5] | NaN reward steps so far: 0
Episodes: 7030 | Mean Reward (last 10): 1.675 | Mean Score: 1.706 | Last-10 eps: [0.1, 0.08, 0.15, 0.15, 0.25, 0.2, 0.6, 0.05, 0.1, 0.08] | NaN reward steps so far: 0
Episodes: 7040 | Mean Reward (last 10): 1.650 | Mean Score: 1.675 | Last-10 eps: [0.2, 0.25, 0.1, 0.15, 0.15, 0.15, 0.2, 0.08, 0.08, 0.6] | NaN reward steps so far: 0
Episodes: 7050 | Mean Reward (last 10): 1.638 | Mean Score: 1.664 | Last-10 eps: [0.1, 0.25, 0.3, 0.3, 0.1, 0.08, 0.5, 0.1, 0.3, 0.08] | NaN reward steps so far: 0
Episodes: 7060 | Mean Reward (last 10): 1.739 | Mean Score: 1.761 | Last-10 eps: [0.15, 0.1, 0.1, 0.1, 0.1, 0.5, 0.15, 0.1, 0.2, 0.1] | NaN reward steps so far: 0
Episodes: 7070 | Mean Reward (last 10): 1.719 | Mean Score: 1.739 | Last-10 eps: [0.15, 0.3, 0.15, 0.05, 0.3, 0.4, 0.1, 0.05, 0.1, 0.15] | NaN reward steps so far: 0
Episodes: 7080 | Mean Reward (last 10): 1.745 | Mean Score: 1.765 | Last-10 eps: [0.08, 0.05, 0.15, 0.2, 0.1, 0.08, 0.15, 0.1, 0.15, 0.1] | NaN reward steps so far: 0
Episodes: 7090 | Mean Reward (last 10): 1.442 | Mean Score: 1.459 | Last-10 eps: [0.2, 0.1, 0.0, 0.1, 0.2, 0.08, 0.1, 0.4, 0.08, 0.2] | NaN reward steps so far: 0
Episodes: 7100 | Mean Reward (last 10): 1.485 | Mean Score: 1.514 | Last-10 eps: [0.15, 0.2, 0.03, 0.15, 0.1, 0.08, 0.2, 0.2, 0.08, 0.5] | NaN reward steps so far: 0
Episodes: 7110 | Mean Reward (last 10): 1.716 | Mean Score: 1.748 | Last-10 eps: [0.08, 0.08, 0.2, 0.15, 0.4, 0.25, 0.1, 0.08, 0.15, 0.08] | NaN reward steps so far: 0
Episodes: 7120 | Mean Reward (last 10): 1.646 | Mean Score: 1.672 | Last-10 eps: [0.15, 0.08, 0.08, 0.08, 0.4, 0.6, 0.25, 0.25, 0.08, 0.3] | NaN reward steps so far: 0
Episodes: 7130 | Mean Reward (last 10): 1.656 | Mean Score: 1.676 | Last-10 eps: [0.1, 0.1, 0.25, 0.08, 0.25, 0.15, 0.3, 0.08, 0.15, 0.3] | NaN reward steps so far: 0
Episodes: 7140 | Mean Reward (last 10): 1.643 | Mean Score: 1.675 | Last-10 eps: [0.15, 0.1, 0.15, 0.3, 0.15, 0.15, 0.2, 0.15, 0.15, 0.1] | NaN reward steps so far: 0
Episodes: 7150 | Mean Reward (last 10): 1.700 | Mean Score: 1.724 | Last-10 eps: [0.05, 0.15, 0.15, 0.4, 0.2, 0.08, 0.2, 0.2, 0.1, 0.1] | NaN reward steps so far: 0
Episodes: 7160 | Mean Reward (last 10): 1.676 | Mean Score: 1.702 | Last-10 eps: [0.6, 0.15, 0.15, 0.1, 0.5, 0.15, 0.1, 0.05, 0.1, 0.1] | NaN reward steps so far: 0
Episodes: 7170 | Mean Reward (last 10): 1.786 | Mean Score: 1.809 | Last-10 eps: [0.08, 0.08, 0.25, 0.05, 0.1, 0.2, 0.05, 0.08, 0.15, 0.2] | NaN reward steps so far: 0
Episodes: 7180 | Mean Reward (last 10): 1.701 | Mean Score: 1.720 | Last-10 eps: [0.6, 0.3, 0.08, 0.4, 0.2, 0.08, 0.1, 0.6, 0.05, 0.15] | NaN reward steps so far: 0
Episodes: 7190 | Mean Reward (last 10): 1.749 | Mean Score: 1.771 | Last-10 eps: [0.1, 0.1, 0.1, 0.4, 0.05, 0.1, 0.15, 0.2, 0.1, 0.6] | NaN reward steps so far: 0
Episodes: 7200 | Mean Reward (last 10): 1.623 | Mean Score: 1.651 | Last-10 eps: [0.15, 0.08, 0.15, 0.6, 0.5, 0.3, 0.3, 0.2, 0.1, 0.15] | NaN reward steps so far: 0
Episodes: 7210 | Mean Reward (last 10): 1.627 | Mean Score: 1.650 | Last-10 eps: [0.2, 0.3, 0.3, 0.5, 0.25, 0.05, 0.2, 0.6, 0.2, 0.3] | NaN reward steps so far: 0
Episodes: 7220 | Mean Reward (last 10): 1.673 | Mean Score: 1.688 | Last-10 eps: [0.1, 0.05, 0.25, 0.1, 0.5, 0.2, 0.1, 0.2, 0.08, 0.1] | NaN reward steps so far: 0
Episodes: 7230 | Mean Reward (last 10): 1.477 | Mean Score: 1.504 | Last-10 eps: [0.2, 0.3, 0.08, 0.25, 0.3, 0.25, 0.15, 0.1, 0.1, 0.3] | NaN reward steps so far: 0
Episodes: 7240 | Mean Reward (last 10): 1.661 | Mean Score: 1.682 | Last-10 eps: [0.1, 0.1, 0.25, 0.25, 0.08, 0.1, 0.2, 0.2, 0.5, 0.08] | NaN reward steps so far: 0
Episodes: 7250 | Mean Reward (last 10): 1.568 | Mean Score: 1.588 | Last-10 eps: [0.2, 0.4, 0.15, 0.25, 0.25, 0.3, 0.08, 0.15, 0.08, 0.1] | NaN reward steps so far: 0
Episodes: 7260 | Mean Reward (last 10): 1.502 | Mean Score: 1.522 | Last-10 eps: [0.2, 0.1, 0.6, 0.05, 0.0, 0.08, 0.15, 0.2, 0.3, 0.1] | NaN reward steps so far: 0
Episodes: 7270 | Mean Reward (last 10): 1.673 | Mean Score: 1.702 | Last-10 eps: [0.6, 0.25, 0.1, 0.1, 0.2, 0.1, 0.6, 0.15, 0.2, 0.2] | NaN reward steps so far: 0
Episodes: 7280 | Mean Reward (last 10): 1.706 | Mean Score: 1.728 | Last-10 eps: [0.4, 0.15, 0.1, 0.1, 0.2, 0.25, 0.15, 0.15, 0.1, 0.15] | NaN reward steps so far: 0
Episodes: 7290 | Mean Reward (last 10): 1.521 | Mean Score: 1.547 | Last-10 eps: [0.15, 0.5, 0.15, 0.08, 0.15, 0.15, 0.3, 0.5, 0.1, 0.1] | NaN reward steps so far: 0
Episodes: 7300 | Mean Reward (last 10): 1.717 | Mean Score: 1.737 | Last-10 eps: [0.15, 0.2, 0.5, 0.2, 0.1, 0.3, 0.2, 0.15, 0.1, 0.1] | NaN reward steps so far: 0
Episodes: 7310 | Mean Reward (last 10): 1.659 | Mean Score: 1.679 | Last-10 eps: [0.05, 0.1, 0.2, 0.15, 0.08, 0.25, 0.15, 0.2, 0.25, 0.15] | NaN reward steps so far: 0
Episodes: 7320 | Mean Reward (last 10): 1.316 | Mean Score: 1.345 | Last-10 eps: [0.25, 0.15, 0.15, 0.0, 0.2, 0.08, 0.1, 0.3, 0.25, 0.15] | NaN reward steps so far: 0
Episodes: 7330 | Mean Reward (last 10): 1.635 | Mean Score: 1.659 | Last-10 eps: [0.5, 0.25, 0.05, 0.15, 0.15, 0.15, 0.2, 0.05, 0.3, 0.25] | NaN reward steps so far: 0
Episodes: 7340 | Mean Reward (last 10): 1.806 | Mean Score: 1.833 | Last-10 eps: [0.25, 0.08, 0.05, 0.1, 0.15, 0.1, 0.2, 0.08, 0.15, 0.08] | NaN reward steps so far: 0
Episodes: 7350 | Mean Reward (last 10): 1.560 | Mean Score: 1.591 | Last-10 eps: [0.3, 0.15, 0.15, 0.25, 0.1, 0.05, 0.05, 0.4, 0.3, 0.25] | NaN reward steps so far: 0
Episodes: 7360 | Mean Reward (last 10): 1.682 | Mean Score: 1.705 | Last-10 eps: [0.25, 0.15, 0.1, 0.05, 0.08, 0.2, 0.1, 0.4, 0.1, 0.15] | NaN reward steps so far: 0
Episodes: 7370 | Mean Reward (last 10): 1.613 | Mean Score: 1.637 | Last-10 eps: [0.3, 0.3, 0.08, 0.15, 0.4, 0.15, 0.1, 0.1, 0.2, 0.08] | NaN reward steps so far: 0
Episodes: 7380 | Mean Reward (last 10): 1.698 | Mean Score: 1.720 | Last-10 eps: [0.2, 0.08, 0.05, 0.1, 0.15, 0.1, 0.15, 0.08, 0.25, 0.15] | NaN reward steps so far: 0
Episodes: 7390 | Mean Reward (last 10): 1.761 | Mean Score: 1.788 | Last-10 eps: [0.15, 0.2, 0.15, 0.3, 0.08, 0.2, 0.25, 0.2, 0.3, 0.1] | NaN reward steps so far: 0
Episodes: 7400 | Mean Reward (last 10): 1.466 | Mean Score: 1.494 | Last-10 eps: [0.25, 0.15, 0.5, 0.08, 0.08, 0.15, 0.15, 0.25, 0.08, 0.15] | NaN reward steps so far: 0
Episodes: 7410 | Mean Reward (last 10): 1.770 | Mean Score: 1.790 | Last-10 eps: [0.1, 0.1, 0.25, 0.2, 0.4, 0.08, 0.08, 0.25, 0.08, 0.1] | NaN reward steps so far: 0
Episodes: 7420 | Mean Reward (last 10): 1.728 | Mean Score: 1.747 | Last-10 eps: [0.3, 0.08, 0.15, 0.5, 0.3, 0.08, 0.2, 0.08, 0.2, 0.15] | NaN reward steps so far: 0
Episodes: 7430 | Mean Reward (last 10): 1.703 | Mean Score: 1.725 | Last-10 eps: [0.1, 0.3, 0.3, 0.2, 0.1, 0.1, 0.2, 0.3, 0.3, 0.2] | NaN reward steps so far: 0
Episodes: 7440 | Mean Reward (last 10): 1.670 | Mean Score: 1.693 | Last-10 eps: [0.25, 0.4, 0.4, 0.15, 0.08, 0.1, 0.08, 0.2, 0.2, 0.3] | NaN reward steps so far: 0
Episodes: 7450 | Mean Reward (last 10): 1.661 | Mean Score: 1.681 | Last-10 eps: [0.4, 0.3, 0.1, 0.2, 0.1, 0.2, 0.08, 0.03, 0.2, 0.08] | NaN reward steps so far: 0
Episodes: 7460 | Mean Reward (last 10): 1.606 | Mean Score: 1.628 | Last-10 eps: [0.08, 0.25, 0.25, 0.3, 0.15, 0.2, 0.15, 0.08, 0.15, 0.05] | NaN reward steps so far: 0
Episodes: 7470 | Mean Reward (last 10): 1.623 | Mean Score: 1.645 | Last-10 eps: [0.3, 0.15, 0.05, 0.15, 0.08, 0.3, 0.2, 0.4, 0.15, 0.05] | NaN reward steps so far: 0
Episodes: 7480 | Mean Reward (last 10): 1.716 | Mean Score: 1.735 | Last-10 eps: [0.05, 0.08, 0.5, 0.2, 0.05, 0.2, 0.25, 0.1, 0.08, 0.4] | NaN reward steps so far: 0
Episodes: 7490 | Mean Reward (last 10): 1.541 | Mean Score: 1.566 | Last-10 eps: [0.15, 0.15, 0.15, 0.2, 0.15, 0.08, 0.3, 0.15, 0.5, 0.15] | NaN reward steps so far: 0
Episodes: 7500 | Mean Reward (last 10): 1.633 | Mean Score: 1.656 | Last-10 eps: [0.1, 0.05, 0.2, 0.4, 0.1, 0.2, 0.08, 0.25, 0.25, 0.4] | NaN reward steps so far: 0
Episodes: 7510 | Mean Reward (last 10): 1.662 | Mean Score: 1.691 | Last-10 eps: [0.08, 0.15, 0.1, 0.08, 0.4, 0.08, 0.4, 0.05, 0.08, 0.2] | NaN reward steps so far: 0
-----------------------------------------
| rollout/                |             |
|    ep_len_mean          | 2.26        |
|    ep_rew_mean          | 1.66        |
| time/                   |             |
|    fps                  | 1           |
|    iterations           | 8           |
|    time_elapsed         | 8541        |
|    total_timesteps      | 16384       |
| train/                  |             |
|    approx_kl            | 0.019099051 |
|    clip_fraction        | 0.223       |
|    clip_range           | 0.2         |
|    entropy_loss         | -6.37       |
|    explained_variance   | 0.959       |
|    learning_rate        | 0.0003      |
|    loss                 | -0.119      |
|    n_updates            | 70          |
|    policy_gradient_loss | -0.0515     |
|    value_loss           | 0.126       |
-----------------------------------------
Episodes: 7520 | Mean Reward (last 10): 1.793 | Mean Score: 1.808 | Last-10 eps: [0.3, 0.2, 0.08, 0.15, 0.2, 0.15, 0.25, 0.15, 0.2, 0.1] | NaN reward steps so far: 0
Episodes: 7530 | Mean Reward (last 10): 1.615 | Mean Score: 1.637 | Last-10 eps: [0.15, 0.25, 0.15, 0.3, 0.2, 0.4, 0.4, 0.2, 0.6, 0.25] | NaN reward steps so far: 0
Episodes: 7540 | Mean Reward (last 10): 1.606 | Mean Score: 1.630 | Last-10 eps: [0.2, 0.15, 0.3, 0.1, 0.08, 0.2, 0.15, 0.1, 0.15, 0.05] | NaN reward steps so far: 0
Episodes: 7550 | Mean Reward (last 10): 1.594 | Mean Score: 1.623 | Last-10 eps: [0.5, 0.05, 0.1, 0.08, 0.15, 0.1, 0.6, 0.15, 0.3, 0.08] | NaN reward steps so far: 0
Episodes: 7560 | Mean Reward (last 10): 1.791 | Mean Score: 1.814 | Last-10 eps: [0.2, 0.15, 0.05, 0.1, 0.15, 0.05, 0.1, 0.2, 0.08, 0.15] | NaN reward steps so far: 0
Episodes: 7570 | Mean Reward (last 10): 1.752 | Mean Score: 1.777 | Last-10 eps: [0.15, 0.1, 0.3, 0.2, 0.1, 0.08, 0.2, 0.2, 0.08, 0.4] | NaN reward steps so far: 0
Episodes: 7580 | Mean Reward (last 10): 1.675 | Mean Score: 1.698 | Last-10 eps: [0.08, 0.15, 0.1, 0.15, 0.1, 0.1, 0.1, 0.05, 0.08, 0.15] | NaN reward steps so far: 0
Episodes: 7590 | Mean Reward (last 10): 1.716 | Mean Score: 1.743 | Last-10 eps: [0.4, 0.08, 0.3, 0.15, 0.05, 0.1, 0.08, 0.05, 0.1, 0.08] | NaN reward steps so far: 0
Episodes: 7600 | Mean Reward (last 10): 1.514 | Mean Score: 1.538 | Last-10 eps: [0.0, 0.25, 0.15, 0.1, 0.3, 0.08, 0.15, 0.4, 0.3, 0.03] | NaN reward steps so far: 0
Episodes: 7610 | Mean Reward (last 10): 1.619 | Mean Score: 1.646 | Last-10 eps: [0.15, 0.4, 0.4, 0.08, 0.4, 0.15, 0.08, 0.2, 0.2, 0.1] | NaN reward steps so far: 0
Episodes: 7620 | Mean Reward (last 10): 1.682 | Mean Score: 1.704 | Last-10 eps: [0.25, 0.15, 0.1, 0.2, 0.1, 0.15, 0.3, 0.25, 0.15, 0.6] | NaN reward steps so far: 0
Episodes: 7630 | Mean Reward (last 10): 1.699 | Mean Score: 1.722 | Last-10 eps: [0.1, 0.05, 0.25, 0.25, 0.25, 0.25, 0.5, 0.3, 0.3, 0.15] | NaN reward steps so far: 0
Episodes: 7640 | Mean Reward (last 10): 1.554 | Mean Score: 1.581 | Last-10 eps: [0.15, 0.1, 0.1, 0.15, 0.08, 0.2, 0.15, 0.15, 0.15, 0.25] | NaN reward steps so far: 0
Episodes: 7650 | Mean Reward (last 10): 1.618 | Mean Score: 1.636 | Last-10 eps: [0.1, 0.15, 0.25, 0.6, 0.2, 0.2, 0.08, 0.2, 0.25, 0.15] | NaN reward steps so far: 0
Episodes: 7660 | Mean Reward (last 10): 1.692 | Mean Score: 1.713 | Last-10 eps: [0.1, 0.6, 0.08, 0.2, 0.1, 0.1, 0.15, 0.15, 0.1, 0.08] | NaN reward steps so far: 0
Episodes: 7670 | Mean Reward (last 10): 1.736 | Mean Score: 1.758 | Last-10 eps: [0.2, 0.08, 0.1, 0.25, 0.5, 0.1, 0.25, 0.1, 0.08, 0.05] | NaN reward steps so far: 0
Episodes: 7680 | Mean Reward (last 10): 1.677 | Mean Score: 1.711 | Last-10 eps: [0.1, 0.08, 0.08, 0.15, 0.08, 0.15, 0.4, 0.1, 0.08, 0.08] | NaN reward steps so far: 0
Episodes: 7690 | Mean Reward (last 10): 1.567 | Mean Score: 1.588 | Last-10 eps: [0.2, 0.2, 0.05, 0.08, 0.08, 0.2, 0.15, 0.3, 0.1, 0.2] | NaN reward steps so far: 0
Episodes: 7700 | Mean Reward (last 10): 1.639 | Mean Score: 1.663 | Last-10 eps: [0.08, 0.15, 0.1, 0.4, 0.08, 0.05, 0.4, 0.15, 0.08, 0.15] | NaN reward steps so far: 0
Episodes: 7710 | Mean Reward (last 10): 1.560 | Mean Score: 1.585 | Last-10 eps: [0.3, 0.15, 0.08, 0.1, 0.15, 0.08, 0.08, 0.2, 0.3, 0.2] | NaN reward steps so far: 0
Episodes: 7720 | Mean Reward (last 10): 1.596 | Mean Score: 1.618 | Last-10 eps: [0.08, 0.15, 0.4, 0.25, 0.25, 0.4, 0.15, 0.6, 0.08, 0.08] | NaN reward steps so far: 0
Episodes: 7730 | Mean Reward (last 10): 1.370 | Mean Score: 1.394 | Last-10 eps: [0.15, 0.08, 0.05, 0.1, 0.0, 0.1, 0.25, 0.1, 0.15, 0.2] | NaN reward steps so far: 0
Episodes: 7740 | Mean Reward (last 10): 1.674 | Mean Score: 1.708 | Last-10 eps: [0.4, 0.15, 0.1, 0.15, 0.25, 0.15, 0.1, 0.2, 0.2, 0.25] | NaN reward steps so far: 0
Episodes: 7750 | Mean Reward (last 10): 1.722 | Mean Score: 1.748 | Last-10 eps: [0.05, 0.25, 0.4, 0.25, 0.08, 0.1, 0.15, 0.08, 0.05, 0.15] | NaN reward steps so far: 0
Episodes: 7760 | Mean Reward (last 10): 1.763 | Mean Score: 1.790 | Last-10 eps: [0.08, 0.2, 0.1, 0.25, 0.08, 0.08, 0.5, 0.08, 0.08, 0.25] | NaN reward steps so far: 0
Episodes: 7770 | Mean Reward (last 10): 1.687 | Mean Score: 1.714 | Last-10 eps: [0.3, 0.1, 0.05, 0.15, 0.5, 0.6, 0.2, 0.08, 0.15, 0.6] | NaN reward steps so far: 0
Episodes: 7780 | Mean Reward (last 10): 1.683 | Mean Score: 1.717 | Last-10 eps: [0.1, 0.05, 0.6, 0.3, 0.2, 0.05, 0.05, 0.1, 0.2, 0.08] | NaN reward steps so far: 0
Episodes: 7790 | Mean Reward (last 10): 1.635 | Mean Score: 1.654 | Last-10 eps: [0.15, 0.05, 0.08, 0.15, 0.1, 0.08, 0.1, 0.15, 0.2, 0.2] | NaN reward steps so far: 0
Episodes: 7800 | Mean Reward (last 10): 1.751 | Mean Score: 1.772 | Last-10 eps: [0.08, 0.25, 0.08, 0.03, 0.08, 0.08, 0.1, 0.15, 0.08, 0.3] | NaN reward steps so far: 0
Episodes: 7810 | Mean Reward (last 10): 1.614 | Mean Score: 1.640 | Last-10 eps: [0.15, 0.05, 0.3, 0.08, 0.15, 0.2, 0.15, 0.05, 0.3, 0.05] | NaN reward steps so far: 0
Episodes: 7820 | Mean Reward (last 10): 1.546 | Mean Score: 1.567 | Last-10 eps: [0.08, 0.08, 0.1, 0.2, 0.15, 0.05, 0.2, 0.15, 0.08, 0.4] | NaN reward steps so far: 0
Episodes: 7830 | Mean Reward (last 10): 1.719 | Mean Score: 1.743 | Last-10 eps: [0.2, 0.2, 0.1, 0.08, 0.15, 0.15, 0.15, 0.2, 0.1, 0.2] | NaN reward steps so far: 0
Episodes: 7840 | Mean Reward (last 10): 1.757 | Mean Score: 1.782 | Last-10 eps: [0.15, 0.1, 0.08, 0.2, 0.1, 0.15, 0.4, 0.1, 0.08, 0.05] | NaN reward steps so far: 0
Episodes: 7850 | Mean Reward (last 10): 1.548 | Mean Score: 1.575 | Last-10 eps: [0.25, 0.1, 0.25, 0.3, 0.15, 0.15, 0.08, 0.25, 0.25, 0.08] | NaN reward steps so far: 0
Episodes: 7860 | Mean Reward (last 10): 1.511 | Mean Score: 1.531 | Last-10 eps: [0.08, 0.0, 0.3, 0.5, 0.15, 0.08, 0.5, 0.1, 0.08, 0.2] | NaN reward steps so far: 0
Episodes: 7870 | Mean Reward (last 10): 1.507 | Mean Score: 1.526 | Last-10 eps: [0.2, 0.15, 0.1, 0.1, 0.08, 0.5, 0.05, 0.08, 0.0, 0.2] | NaN reward steps so far: 0
Episodes: 7880 | Mean Reward (last 10): 1.597 | Mean Score: 1.628 | Last-10 eps: [0.1, 0.08, 0.08, 0.08, 0.5, 0.15, 0.25, 0.15, 0.2, 0.1] | NaN reward steps so far: 0
Episodes: 7890 | Mean Reward (last 10): 1.754 | Mean Score: 1.782 | Last-10 eps: [0.4, 0.2, 0.2, 0.15, 0.15, 0.15, 0.15, 0.1, 0.15, 0.1] | NaN reward steps so far: 0
Episodes: 7900 | Mean Reward (last 10): 1.612 | Mean Score: 1.633 | Last-10 eps: [0.1, 0.2, 0.5, 0.08, 0.1, 0.4, 0.15, 0.4, 0.15, 0.1] | NaN reward steps so far: 0
Episodes: 7910 | Mean Reward (last 10): 1.652 | Mean Score: 1.678 | Last-10 eps: [0.1, 0.25, 0.08, 0.15, 0.2, 0.5, 0.4, 0.1, 0.4, 0.2] | NaN reward steps so far: 0
Episodes: 7920 | Mean Reward (last 10): 1.606 | Mean Score: 1.629 | Last-10 eps: [0.08, 0.15, 0.08, 0.15, 0.2, 0.15, 0.2, 0.05, 0.08, 0.15] | NaN reward steps so far: 0
Episodes: 7930 | Mean Reward (last 10): 1.573 | Mean Score: 1.594 | Last-10 eps: [0.5, 0.4, 0.15, 0.1, 0.08, 0.15, 0.05, 0.08, 0.25, 0.2] | NaN reward steps so far: 0
Episodes: 7940 | Mean Reward (last 10): 1.763 | Mean Score: 1.787 | Last-10 eps: [0.1, 0.08, 0.08, 0.08, 0.15, 0.2, 0.15, 0.1, 0.1, 0.4] | NaN reward steps so far: 0
Episodes: 7950 | Mean Reward (last 10): 1.665 | Mean Score: 1.690 | Last-10 eps: [0.15, 0.05, 0.1, 0.15, 0.08, 0.3, 0.1, 0.08, 0.15, 0.08] | NaN reward steps so far: 0
Episodes: 7960 | Mean Reward (last 10): 1.641 | Mean Score: 1.672 | Last-10 eps: [0.15, 0.2, 0.15, 0.1, 0.1, 0.1, 0.05, 0.5, 0.15, 0.15] | NaN reward steps so far: 0
Episodes: 7970 | Mean Reward (last 10): 1.491 | Mean Score: 1.521 | Last-10 eps: [0.15, 0.08, 0.2, 0.15, 0.15, 0.25, 0.08, 0.0, 0.6, 0.2] | NaN reward steps so far: 0
Episodes: 7980 | Mean Reward (last 10): 1.696 | Mean Score: 1.726 | Last-10 eps: [0.15, 0.2, 0.1, 0.25, 0.25, 0.08, 0.1, 0.3, 0.1, 0.1] | NaN reward steps so far: 0
Episodes: 7990 | Mean Reward (last 10): 1.626 | Mean Score: 1.659 | Last-10 eps: [0.5, 0.08, 0.15, 0.2, 0.08, 0.15, 0.25, 0.25, 0.15, 0.15] | NaN reward steps so far: 0
Episodes: 8000 | Mean Reward (last 10): 1.686 | Mean Score: 1.709 | Last-10 eps: [0.08, 0.2, 0.25, 0.2, 0.08, 0.15, 0.25, 0.08, 0.2, 0.3] | NaN reward steps so far: 0
Episodes: 8010 | Mean Reward (last 10): 1.668 | Mean Score: 1.701 | Last-10 eps: [0.25, 0.15, 0.15, 0.1, 0.15, 0.08, 0.1, 0.1, 0.2, 0.3] | NaN reward steps so far: 0
Episodes: 8020 | Mean Reward (last 10): 1.617 | Mean Score: 1.645 | Last-10 eps: [0.2, 0.15, 0.08, 0.4, 0.15, 0.4, 0.2, 0.08, 0.15, 0.1] | NaN reward steps so far: 0
Episodes: 8030 | Mean Reward (last 10): 1.718 | Mean Score: 1.745 | Last-10 eps: [0.15, 0.15, 0.1, 0.1, 0.2, 0.1, 0.08, 0.05, 0.1, 0.4] | NaN reward steps so far: 0
Episodes: 8040 | Mean Reward (last 10): 1.710 | Mean Score: 1.736 | Last-10 eps: [0.05, 0.1, 0.2, 0.15, 0.15, 0.25, 0.15, 0.08, 0.05, 0.2] | NaN reward steps so far: 0
Episodes: 8050 | Mean Reward (last 10): 1.753 | Mean Score: 1.781 | Last-10 eps: [0.4, 0.25, 0.15, 0.3, 0.1, 0.1, 0.1, 0.08, 0.15, 0.1] | NaN reward steps so far: 0
Episodes: 8060 | Mean Reward (last 10): 1.658 | Mean Score: 1.679 | Last-10 eps: [0.1, 0.08, 0.03, 0.2, 0.5, 0.15, 0.1, 0.1, 0.3, 0.08] | NaN reward steps so far: 0
Episodes: 8070 | Mean Reward (last 10): 1.477 | Mean Score: 1.492 | Last-10 eps: [0.3, 0.08, 0.6, 0.15, 0.4, 0.6, 0.15, 0.1, 0.4, 0.0] | NaN reward steps so far: 0
Episodes: 8080 | Mean Reward (last 10): 1.714 | Mean Score: 1.738 | Last-10 eps: [0.2, 0.15, 0.4, 0.15, 0.15, 0.05, 0.3, 0.08, 0.1, 0.4] | NaN reward steps so far: 0
Episodes: 8090 | Mean Reward (last 10): 1.516 | Mean Score: 1.546 | Last-10 eps: [0.1, 0.1, 0.2, 0.3, 0.15, 0.25, 0.1, 0.2, 0.15, 0.15] | NaN reward steps so far: 0
Episodes: 8100 | Mean Reward (last 10): 1.729 | Mean Score: 1.754 | Last-10 eps: [0.08, 0.03, 0.08, 0.1, 0.1, 0.15, 0.25, 0.1, 0.3, 0.2] | NaN reward steps so far: 0
Episodes: 8110 | Mean Reward (last 10): 1.676 | Mean Score: 1.705 | Last-10 eps: [0.08, 0.08, 0.08, 0.1, 0.1, 0.25, 0.2, 0.08, 0.08, 0.6] | NaN reward steps so far: 0
Episodes: 8120 | Mean Reward (last 10): 1.669 | Mean Score: 1.692 | Last-10 eps: [0.08, 0.25, 0.2, 0.25, 0.08, 0.08, 0.3, 0.25, 0.3, 0.1] | NaN reward steps so far: 0
Episodes: 8130 | Mean Reward (last 10): 1.669 | Mean Score: 1.698 | Last-10 eps: [0.5, 0.1, 0.08, 0.15, 0.05, 0.15, 0.08, 0.08, 0.1, 0.2] | NaN reward steps so far: 0
Episodes: 8140 | Mean Reward (last 10): 1.665 | Mean Score: 1.693 | Last-10 eps: [0.08, 0.2, 0.15, 0.25, 0.1, 0.5, 0.15, 0.1, 0.2, 0.1] | NaN reward steps so far: 0
Episodes: 8150 | Mean Reward (last 10): 1.670 | Mean Score: 1.698 | Last-10 eps: [0.25, 0.15, 0.08, 0.3, 0.08, 0.15, 0.08, 0.4, 0.1, 0.2] | NaN reward steps so far: 0
Episodes: 8160 | Mean Reward (last 10): 1.700 | Mean Score: 1.725 | Last-10 eps: [0.15, 0.15, 0.08, 0.08, 0.1, 0.1, 0.08, 0.3, 0.05, 0.2] | NaN reward steps so far: 0
Episodes: 8170 | Mean Reward (last 10): 1.499 | Mean Score: 1.521 | Last-10 eps: [0.15, 0.1, 0.08, 0.25, 0.3, 0.15, 0.15, 0.2, 0.2, 0.5] | NaN reward steps so far: 0
Episodes: 8180 | Mean Reward (last 10): 1.717 | Mean Score: 1.743 | Last-10 eps: [0.2, 0.15, 0.2, 0.08, 0.1, 0.05, 0.15, 0.4, 0.1, 0.1] | NaN reward steps so far: 0
Episodes: 8190 | Mean Reward (last 10): 1.689 | Mean Score: 1.711 | Last-10 eps: [0.5, 0.25, 0.1, 0.2, 0.25, 0.15, 0.15, 0.08, 0.15, 0.15] | NaN reward steps so far: 0
Episodes: 8200 | Mean Reward (last 10): 1.688 | Mean Score: 1.709 | Last-10 eps: [0.5, 0.15, 0.25, 0.08, 0.2, 0.6, 0.08, 0.3, 0.1, 0.1] | NaN reward steps so far: 0
Episodes: 8210 | Mean Reward (last 10): 1.697 | Mean Score: 1.728 | Last-10 eps: [0.08, 0.4, 0.1, 0.15, 0.08, 0.15, 0.2, 0.1, 0.4, 0.5] | NaN reward steps so far: 0
Episodes: 8220 | Mean Reward (last 10): 1.622 | Mean Score: 1.643 | Last-10 eps: [0.3, 0.4, 0.2, 0.2, 0.15, 0.1, 0.5, 0.08, 0.6, 0.2] | NaN reward steps so far: 0
Episodes: 8230 | Mean Reward (last 10): 1.554 | Mean Score: 1.584 | Last-10 eps: [0.15, 0.25, 0.25, 0.15, 0.08, 0.1, 0.1, 0.1, 0.15, 0.1] | NaN reward steps so far: 0
Episodes: 8240 | Mean Reward (last 10): 1.661 | Mean Score: 1.689 | Last-10 eps: [0.25, 0.08, 0.08, 0.4, 0.1, 0.1, 0.1, 0.08, 0.3, 0.1] | NaN reward steps so far: 0
Episodes: 8250 | Mean Reward (last 10): 1.509 | Mean Score: 1.535 | Last-10 eps: [0.1, 0.15, 0.1, 0.08, 0.4, 0.15, 0.1, 0.08, 0.15, 0.0] | NaN reward steps so far: 0
Episodes: 8260 | Mean Reward (last 10): 1.711 | Mean Score: 1.735 | Last-10 eps: [0.05, 0.15, 0.15, 0.1, 0.25, 0.3, 0.08, 0.1, 0.1, 0.3] | NaN reward steps so far: 0
Episodes: 8270 | Mean Reward (last 10): 1.612 | Mean Score: 1.631 | Last-10 eps: [0.3, 0.25, 0.1, 0.3, 0.1, 0.2, 0.08, 0.1, 0.08, 0.6] | NaN reward steps so far: 0
Episodes: 8280 | Mean Reward (last 10): 1.698 | Mean Score: 1.729 | Last-10 eps: [0.05, 0.05, 0.2, 0.3, 0.25, 0.08, 0.25, 0.3, 0.4, 0.05] | NaN reward steps so far: 0
Episodes: 8290 | Mean Reward (last 10): 1.616 | Mean Score: 1.644 | Last-10 eps: [0.1, 0.15, 0.2, 0.2, 0.15, 0.1, 0.08, 0.3, 0.08, 0.2] | NaN reward steps so far: 0
Episodes: 8300 | Mean Reward (last 10): 1.591 | Mean Score: 1.615 | Last-10 eps: [0.15, 0.2, 0.3, 0.15, 0.1, 0.4, 0.1, 0.1, 0.1, 0.25] | NaN reward steps so far: 0
Episodes: 8310 | Mean Reward (last 10): 1.679 | Mean Score: 1.707 | Last-10 eps: [0.08, 0.1, 0.15, 0.4, 0.08, 0.08, 0.5, 0.08, 0.08, 0.08] | NaN reward steps so far: 0
Episodes: 8320 | Mean Reward (last 10): 1.662 | Mean Score: 1.684 | Last-10 eps: [0.15, 0.25, 0.2, 0.25, 0.4, 0.15, 0.15, 0.08, 0.2, 0.6] | NaN reward steps so far: 0
-----------------------------------------
| rollout/                |             |
|    ep_len_mean          | 2.63        |
|    ep_rew_mean          | 1.64        |
| time/                   |             |
|    fps                  | 1           |
|    iterations           | 9           |
|    time_elapsed         | 9537        |
|    total_timesteps      | 18432       |
| train/                  |             |
|    approx_kl            | 0.019124968 |
|    clip_fraction        | 0.239       |
|    clip_range           | 0.2         |
|    entropy_loss         | -6.28       |
|    explained_variance   | 0.961       |
|    learning_rate        | 0.0003      |
|    loss                 | -0.0219     |
|    n_updates            | 80          |
|    policy_gradient_loss | -0.0492     |
|    value_loss           | 0.14        |
-----------------------------------------
Episodes: 8330 | Mean Reward (last 10): 1.728 | Mean Score: 1.755 | Last-10 eps: [0.08, 0.2, 0.08, 0.1, 0.05, 0.08, 0.05, 0.3, 0.15, 0.15] | NaN reward steps so far: 0
Episodes: 8340 | Mean Reward (last 10): 1.683 | Mean Score: 1.714 | Last-10 eps: [0.1, 0.08, 0.1, 0.4, 0.15, 0.3, 0.2, 0.1, 0.4, 0.1] | NaN reward steps so far: 0
Episodes: 8350 | Mean Reward (last 10): 1.696 | Mean Score: 1.714 | Last-10 eps: [0.08, 0.03, 0.15, 0.2, 0.15, 0.05, 0.1, 0.15, 0.15, 0.08] | NaN reward steps so far: 0
Episodes: 8360 | Mean Reward (last 10): 1.723 | Mean Score: 1.748 | Last-10 eps: [0.08, 0.25, 0.1, 0.2, 0.1, 0.08, 0.25, 0.08, 0.2, 0.2] | NaN reward steps so far: 0
Episodes: 8370 | Mean Reward (last 10): 1.733 | Mean Score: 1.754 | Last-10 eps: [0.2, 0.15, 0.25, 0.08, 0.08, 0.1, 0.08, 0.08, 0.15, 0.1] | NaN reward steps so far: 0
Episodes: 8380 | Mean Reward (last 10): 1.723 | Mean Score: 1.747 | Last-10 eps: [0.08, 0.08, 0.05, 0.5, 0.2, 0.4, 0.1, 0.25, 0.15, 0.15] | NaN reward steps so far: 0
Episodes: 8390 | Mean Reward (last 10): 1.673 | Mean Score: 1.692 | Last-10 eps: [0.05, 0.25, 0.1, 0.5, 0.15, 0.08, 0.15, 0.08, 0.15, 0.25] | NaN reward steps so far: 0
Episodes: 8400 | Mean Reward (last 10): 1.459 | Mean Score: 1.479 | Last-10 eps: [0.2, 0.15, 0.0, 0.08, 0.05, 0.05, 0.08, 0.4, 0.1, 0.0] | NaN reward steps so far: 0
Episodes: 8410 | Mean Reward (last 10): 1.693 | Mean Score: 1.716 | Last-10 eps: [0.1, 0.15, 0.15, 0.5, 0.08, 0.1, 0.5, 0.05, 0.15, 0.2] | NaN reward steps so far: 0
Episodes: 8420 | Mean Reward (last 10): 1.668 | Mean Score: 1.684 | Last-10 eps: [0.15, 0.05, 0.05, 0.25, 0.05, 0.15, 0.08, 0.15, 0.3, 0.15] | NaN reward steps so far: 0
Episodes: 8430 | Mean Reward (last 10): 1.527 | Mean Score: 1.551 | Last-10 eps: [0.1, 0.15, 0.5, 0.15, 0.1, 0.2, 0.15, 0.6, 0.5, 0.2] | NaN reward steps so far: 0
Episodes: 8440 | Mean Reward (last 10): 1.718 | Mean Score: 1.747 | Last-10 eps: [0.08, 0.1, 0.08, 0.15, 0.1, 0.08, 0.08, 0.1, 0.15, 0.3] | NaN reward steps so far: 0
Episodes: 8450 | Mean Reward (last 10): 1.622 | Mean Score: 1.652 | Last-10 eps: [0.08, 0.15, 0.1, 0.4, 0.15, 0.2, 0.15, 0.08, 0.15, 0.08] | NaN reward steps so far: 0
Episodes: 8460 | Mean Reward (last 10): 1.432 | Mean Score: 1.458 | Last-10 eps: [0.2, 0.25, 0.1, 0.1, 0.6, 0.1, 0.5, 0.1, 0.25, 0.1] | NaN reward steps so far: 0
Episodes: 8470 | Mean Reward (last 10): 1.679 | Mean Score: 1.705 | Last-10 eps: [0.2, 0.25, 0.2, 0.4, 0.25, 0.08, 0.15, 0.1, 0.15, 0.05] | NaN reward steps so far: 0
Episodes: 8480 | Mean Reward (last 10): 1.692 | Mean Score: 1.713 | Last-10 eps: [0.2, 0.2, 0.15, 0.08, 0.25, 0.2, 0.2, 0.5, 0.08, 0.05] | NaN reward steps so far: 0
Episodes: 8490 | Mean Reward (last 10): 1.672 | Mean Score: 1.703 | Last-10 eps: [0.15, 0.2, 0.15, 0.08, 0.4, 0.08, 0.4, 0.08, 0.15, 0.4] | NaN reward steps so far: 0
Episodes: 8500 | Mean Reward (last 10): 1.676 | Mean Score: 1.704 | Last-10 eps: [0.1, 0.1, 0.15, 0.15, 0.08, 0.15, 0.2, 0.1, 0.2, 0.15] | NaN reward steps so far: 0
Episodes: 8510 | Mean Reward (last 10): 1.652 | Mean Score: 1.673 | Last-10 eps: [0.1, 0.15, 0.15, 0.3, 0.25, 0.08, 0.08, 0.15, 0.4, 0.2] | NaN reward steps so far: 0
Episodes: 8520 | Mean Reward (last 10): 1.618 | Mean Score: 1.639 | Last-10 eps: [0.5, 0.08, 0.3, 0.1, 0.15, 0.2, 0.15, 0.2, 0.15, 0.25] | NaN reward steps so far: 0
Episodes: 8530 | Mean Reward (last 10): 1.714 | Mean Score: 1.745 | Last-10 eps: [0.2, 0.25, 0.05, 0.08, 0.1, 0.05, 0.1, 0.1, 0.2, 0.1] | NaN reward steps so far: 0
Episodes: 8540 | Mean Reward (last 10): 1.694 | Mean Score: 1.716 | Last-10 eps: [0.15, 0.1, 0.05, 0.15, 0.08, 0.1, 0.2, 0.08, 0.3, 0.08] | NaN reward steps so far: 0
Episodes: 8550 | Mean Reward (last 10): 1.580 | Mean Score: 1.596 | Last-10 eps: [0.15, 0.15, 0.3, 0.15, 0.6, 0.08, 0.1, 0.4, 0.3, 0.2] | NaN reward steps so far: 0
Episodes: 8560 | Mean Reward (last 10): 1.738 | Mean Score: 1.766 | Last-10 eps: [0.08, 0.08, 0.3, 0.1, 0.1, 0.25, 0.2, 0.08, 0.08, 0.15] | NaN reward steps so far: 0
Episodes: 8570 | Mean Reward (last 10): 1.375 | Mean Score: 1.397 | Last-10 eps: [0.25, 0.1, 0.08, 0.0, 0.25, 0.4, 0.4, 0.15, 0.15, 0.15] | NaN reward steps so far: 0
Episodes: 8580 | Mean Reward (last 10): 1.747 | Mean Score: 1.776 | Last-10 eps: [0.05, 0.1, 0.1, 0.1, 0.15, 0.2, 0.08, 0.1, 0.08, 0.2] | NaN reward steps so far: 0
Episodes: 8590 | Mean Reward (last 10): 1.562 | Mean Score: 1.583 | Last-10 eps: [0.15, 0.08, 0.1, 0.25, 0.08, 0.5, 0.15, 0.15, 0.15, 0.08] | NaN reward steps so far: 0
Episodes: 8600 | Mean Reward (last 10): 1.721 | Mean Score: 1.744 | Last-10 eps: [0.2, 0.2, 0.2, 0.15, 0.1, 0.15, 0.05, 0.2, 0.15, 0.15] | NaN reward steps so far: 0
Episodes: 8610 | Mean Reward (last 10): 1.465 | Mean Score: 1.493 | Last-10 eps: [0.15, 0.25, 0.2, 0.4, 0.25, 0.2, 0.15, 0.15, 0.25, 0.2] | NaN reward steps so far: 0
Episodes: 8620 | Mean Reward (last 10): 1.657 | Mean Score: 1.688 | Last-10 eps: [0.05, 0.2, 0.1, 0.08, 0.08, 0.1, 0.2, 0.1, 0.1, 0.15] | NaN reward steps so far: 0
Episodes: 8630 | Mean Reward (last 10): 1.592 | Mean Score: 1.616 | Last-10 eps: [0.2, 0.15, 0.08, 0.08, 0.4, 0.1, 0.6, 0.6, 0.15, 0.15] | NaN reward steps so far: 0
Episodes: 8640 | Mean Reward (last 10): 1.692 | Mean Score: 1.722 | Last-10 eps: [0.08, 0.2, 0.1, 0.2, 0.08, 0.2, 0.2, 0.15, 0.2, 0.2] | NaN reward steps so far: 0
Episodes: 8650 | Mean Reward (last 10): 1.716 | Mean Score: 1.739 | Last-10 eps: [0.08, 0.4, 0.15, 0.1, 0.1, 0.3, 0.2, 0.08, 0.25, 0.3] | NaN reward steps so far: 0
Episodes: 8660 | Mean Reward (last 10): 1.619 | Mean Score: 1.640 | Last-10 eps: [0.08, 0.1, 0.15, 0.1, 0.15, 0.15, 0.1, 0.05, 0.25, 0.3] | NaN reward steps so far: 0
Episodes: 8670 | Mean Reward (last 10): 1.496 | Mean Score: 1.522 | Last-10 eps: [0.2, 0.08, 0.25, 0.15, 0.25, 0.15, 0.2, 0.2, 0.5, 0.25] | NaN reward steps so far: 0
Episodes: 8680 | Mean Reward (last 10): 1.669 | Mean Score: 1.689 | Last-10 eps: [0.08, 0.2, 0.15, 0.15, 0.25, 0.1, 0.2, 0.15, 0.4, 0.15] | NaN reward steps so far: 0
Episodes: 8690 | Mean Reward (last 10): 1.765 | Mean Score: 1.785 | Last-10 eps: [0.25, 0.15, 0.08, 0.2, 0.08, 0.3, 0.15, 0.08, 0.25, 0.1] | NaN reward steps so far: 0
Episodes: 8700 | Mean Reward (last 10): 1.662 | Mean Score: 1.691 | Last-10 eps: [0.15, 0.15, 0.4, 0.1, 0.08, 0.15, 0.15, 0.15, 0.1, 0.08] | NaN reward steps so far: 0
Episodes: 8710 | Mean Reward (last 10): 1.624 | Mean Score: 1.644 | Last-10 eps: [0.2, 0.08, 0.05, 0.1, 0.08, 0.15, 0.25, 0.4, 0.25, 0.15] | NaN reward steps so far: 0
Episodes: 8720 | Mean Reward (last 10): 1.749 | Mean Score: 1.771 | Last-10 eps: [0.08, 0.08, 0.08, 0.5, 0.3, 0.1, 0.08, 0.2, 0.15, 0.2] | NaN reward steps so far: 0
Episodes: 8730 | Mean Reward (last 10): 1.597 | Mean Score: 1.625 | Last-10 eps: [0.25, 0.15, 0.4, 0.25, 0.08, 0.2, 0.15, 0.08, 0.25, 0.25] | NaN reward steps so far: 0
Episodes: 8740 | Mean Reward (last 10): 1.792 | Mean Score: 1.816 | Last-10 eps: [0.6, 0.08, 0.05, 0.08, 0.08, 0.25, 0.1, 0.08, 0.08, 0.08] | NaN reward steps so far: 0
Episodes: 8750 | Mean Reward (last 10): 1.604 | Mean Score: 1.633 | Last-10 eps: [0.1, 0.3, 0.1, 0.2, 0.15, 0.15, 0.2, 0.15, 0.2, 0.1] | NaN reward steps so far: 0
Episodes: 8760 | Mean Reward (last 10): 1.670 | Mean Score: 1.696 | Last-10 eps: [0.08, 0.25, 0.3, 0.2, 0.1, 0.25, 0.4, 0.1, 0.08, 0.15] | NaN reward steps so far: 0
Episodes: 8770 | Mean Reward (last 10): 1.616 | Mean Score: 1.636 | Last-10 eps: [0.15, 0.1, 0.15, 0.1, 0.2, 0.15, 0.08, 0.05, 0.08, 0.15] | NaN reward steps so far: 0
Episodes: 8780 | Mean Reward (last 10): 1.413 | Mean Score: 1.434 | Last-10 eps: [0.1, 0.25, 0.5, 0.1, 0.0, 0.2, 0.15, 0.4, 0.2, 0.4] | NaN reward steps so far: 0
Episodes: 8790 | Mean Reward (last 10): 1.533 | Mean Score: 1.558 | Last-10 eps: [0.1, 0.15, 0.08, 0.2, 0.1, 0.15, 0.08, 0.08, 0.3, 0.1] | NaN reward steps so far: 0
Episodes: 8800 | Mean Reward (last 10): 1.620 | Mean Score: 1.642 | Last-10 eps: [0.1, 0.1, 0.08, 0.4, 0.1, 0.3, 0.25, 0.15, 0.08, 0.08] | NaN reward steps so far: 0
Episodes: 8810 | Mean Reward (last 10): 1.669 | Mean Score: 1.694 | Last-10 eps: [0.08, 0.15, 0.2, 0.2, 0.2, 0.1, 0.08, 0.25, 0.4, 0.08] | NaN reward steps so far: 0
Episodes: 8820 | Mean Reward (last 10): 1.585 | Mean Score: 1.610 | Last-10 eps: [0.08, 0.1, 0.15, 0.15, 0.2, 0.08, 0.4, 0.6, 0.08, 0.3] | NaN reward steps so far: 0
Episodes: 8830 | Mean Reward (last 10): 1.847 | Mean Score: 1.868 | Last-10 eps: [0.4, 0.08, 0.25, 0.05, 0.15, 0.1, 0.2, 0.08, 0.05, 0.05] | NaN reward steps so far: 0
Episodes: 8840 | Mean Reward (last 10): 1.441 | Mean Score: 1.469 | Last-10 eps: [0.08, 0.25, 0.3, 0.08, 0.1, 0.0, 0.05, 0.08, 0.08, 0.08] | NaN reward steps so far: 0
Episodes: 8850 | Mean Reward (last 10): 1.672 | Mean Score: 1.695 | Last-10 eps: [0.15, 0.2, 0.1, 0.08, 0.05, 0.3, 0.1, 0.1, 0.15, 0.2] | NaN reward steps so far: 0
Episodes: 8860 | Mean Reward (last 10): 1.509 | Mean Score: 1.534 | Last-10 eps: [0.25, 0.2, 0.08, 0.05, 0.15, 0.2, 0.15, 0.08, 0.1, 0.15] | NaN reward steps so far: 0
Episodes: 8870 | Mean Reward (last 10): 1.703 | Mean Score: 1.732 | Last-10 eps: [0.15, 0.15, 0.6, 0.3, 0.2, 0.1, 0.2, 0.4, 0.2, 0.25] | NaN reward steps so far: 0
Episodes: 8880 | Mean Reward (last 10): 1.631 | Mean Score: 1.649 | Last-10 eps: [0.08, 0.08, 0.4, 0.2, 0.4, 0.1, 0.15, 0.08, 0.15, 0.2] | NaN reward steps so far: 0
Episodes: 8890 | Mean Reward (last 10): 1.637 | Mean Score: 1.661 | Last-10 eps: [0.1, 0.2, 0.08, 0.08, 0.25, 0.15, 0.4, 0.08, 0.2, 0.08] | NaN reward steps so far: 0
Episodes: 8900 | Mean Reward (last 10): 1.490 | Mean Score: 1.515 | Last-10 eps: [0.15, 0.6, 0.1, 0.15, 0.15, 0.0, 0.1, 0.25, 0.6, 0.4] | NaN reward steps so far: 0
Episodes: 8910 | Mean Reward (last 10): 1.650 | Mean Score: 1.674 | Last-10 eps: [0.1, 0.1, 0.25, 0.1, 0.5, 0.1, 0.2, 0.4, 0.1, 0.05] | NaN reward steps so far: 0
Episodes: 8920 | Mean Reward (last 10): 1.711 | Mean Score: 1.733 | Last-10 eps: [0.25, 0.08, 0.1, 0.15, 0.15, 0.4, 0.15, 0.2, 0.15, 0.08] | NaN reward steps so far: 0
Episodes: 8930 | Mean Reward (last 10): 1.689 | Mean Score: 1.707 | Last-10 eps: [0.15, 0.5, 0.2, 0.15, 0.15, 0.15, 0.15, 0.15, 0.08, 0.15] | NaN reward steps so far: 0
Episodes: 8940 | Mean Reward (last 10): 1.771 | Mean Score: 1.798 | Last-10 eps: [0.08, 0.08, 0.08, 0.08, 0.25, 0.25, 0.6, 0.2, 0.08, 0.08] | NaN reward steps so far: 0
Episodes: 8950 | Mean Reward (last 10): 1.656 | Mean Score: 1.678 | Last-10 eps: [0.2, 0.05, 0.3, 0.1, 0.25, 0.1, 0.1, 0.08, 0.08, 0.5] | NaN reward steps so far: 0
Episodes: 8960 | Mean Reward (last 10): 1.695 | Mean Score: 1.720 | Last-10 eps: [0.08, 0.08, 0.15, 0.15, 0.1, 0.08, 0.08, 0.2, 0.03, 0.15] | NaN reward steps so far: 0
Episodes: 8970 | Mean Reward (last 10): 1.683 | Mean Score: 1.705 | Last-10 eps: [0.3, 0.1, 0.4, 0.15, 0.08, 0.4, 0.2, 0.1, 0.2, 0.08] | NaN reward steps so far: 0
Episodes: 8980 | Mean Reward (last 10): 1.725 | Mean Score: 1.749 | Last-10 eps: [0.2, 0.1, 0.08, 0.1, 0.1, 0.2, 0.08, 0.6, 0.2, 0.08] | NaN reward steps so far: 0
Episodes: 8990 | Mean Reward (last 10): 1.721 | Mean Score: 1.748 | Last-10 eps: [0.5, 0.08, 0.2, 0.15, 0.1, 0.15, 0.1, 0.08, 0.08, 0.05] | NaN reward steps so far: 0
Episodes: 9000 | Mean Reward (last 10): 1.472 | Mean Score: 1.492 | Last-10 eps: [0.15, 0.2, 0.2, 0.15, 0.2, 0.3, 0.08, 0.0, 0.08, 0.1] | NaN reward steps so far: 0
Episodes: 9010 | Mean Reward (last 10): 1.739 | Mean Score: 1.765 | Last-10 eps: [0.1, 0.2, 0.4, 0.1, 0.25, 0.25, 0.15, 0.15, 0.08, 0.1] | NaN reward steps so far: 0
Episodes: 9020 | Mean Reward (last 10): 1.706 | Mean Score: 1.736 | Last-10 eps: [0.08, 0.08, 0.05, 0.4, 0.1, 0.08, 0.15, 0.2, 0.15, 0.1] | NaN reward steps so far: 0
Episodes: 9030 | Mean Reward (last 10): 1.666 | Mean Score: 1.695 | Last-10 eps: [0.15, 0.08, 0.15, 0.2, 0.2, 0.08, 0.1, 0.1, 0.1, 0.1] | NaN reward steps so far: 0
Episodes: 9040 | Mean Reward (last 10): 1.464 | Mean Score: 1.490 | Last-10 eps: [0.15, 0.1, 0.1, 0.1, 0.1, 0.3, 0.2, 0.08, 0.0, 0.2] | NaN reward steps so far: 0
Episodes: 9050 | Mean Reward (last 10): 1.497 | Mean Score: 1.521 | Last-10 eps: [0.08, 0.1, 0.08, 0.4, 0.15, 0.6, 0.3, 0.15, 0.08, 0.1] | NaN reward steps so far: 0
Episodes: 9060 | Mean Reward (last 10): 1.504 | Mean Score: 1.523 | Last-10 eps: [0.15, 0.08, 0.2, 0.1, 0.25, 0.25, 0.0, 0.1, 0.08, 0.05] | NaN reward steps so far: 0
Episodes: 9070 | Mean Reward (last 10): 1.704 | Mean Score: 1.725 | Last-10 eps: [0.08, 0.1, 0.2, 0.15, 0.15, 0.08, 0.2, 0.1, 0.08, 0.15] | NaN reward steps so far: 0
Episodes: 9080 | Mean Reward (last 10): 1.625 | Mean Score: 1.648 | Last-10 eps: [0.3, 0.08, 0.08, 0.1, 0.25, 0.15, 0.3, 0.4, 0.15, 0.08] | NaN reward steps so far: 0
Episodes: 9090 | Mean Reward (last 10): 1.679 | Mean Score: 1.700 | Last-10 eps: [0.08, 0.1, 0.15, 0.05, 0.08, 0.5, 0.2, 0.3, 0.1, 0.15] | NaN reward steps so far: 0
Episodes: 9100 | Mean Reward (last 10): 1.556 | Mean Score: 1.574 | Last-10 eps: [0.2, 0.15, 0.15, 0.3, 0.25, 0.08, 0.15, 0.2, 0.08, 0.6] | NaN reward steps so far: 0
Episodes: 9110 | Mean Reward (last 10): 1.615 | Mean Score: 1.642 | Last-10 eps: [0.25, 0.2, 0.15, 0.6, 0.15, 0.15, 0.1, 0.6, 0.15, 0.25] | NaN reward steps so far: 0
Episodes: 9120 | Mean Reward (last 10): 1.625 | Mean Score: 1.645 | Last-10 eps: [0.25, 0.08, 0.08, 0.3, 0.0, 0.5, 0.05, 0.08, 0.1, 0.08] | NaN reward steps so far: 0
Episodes: 9130 | Mean Reward (last 10): 1.695 | Mean Score: 1.717 | Last-10 eps: [0.1, 0.05, 0.3, 0.08, 0.2, 0.2, 0.4, 0.4, 0.2, 0.15] | NaN reward steps so far: 0
Episodes: 9140 | Mean Reward (last 10): 1.566 | Mean Score: 1.590 | Last-10 eps: [0.3, 0.25, 0.25, 0.1, 0.15, 0.2, 0.25, 0.08, 0.15, 0.2] | NaN reward steps so far: 0
Episodes: 9150 | Mean Reward (last 10): 1.473 | Mean Score: 1.497 | Last-10 eps: [0.0, 0.08, 0.1, 0.15, 0.4, 0.25, 0.25, 0.1, 0.2, 0.15] | NaN reward steps so far: 0
Episodes: 9160 | Mean Reward (last 10): 1.742 | Mean Score: 1.768 | Last-10 eps: [0.15, 0.2, 0.08, 0.08, 0.05, 0.1, 0.08, 0.08, 0.1, 0.15] | NaN reward steps so far: 0
Episodes: 9170 | Mean Reward (last 10): 1.511 | Mean Score: 1.537 | Last-10 eps: [0.08, 0.1, 0.1, 0.3, 0.15, 0.05, 0.1, 0.15, 0.1, 0.15] | NaN reward steps so far: 0
----------------------------------------
| rollout/                |            |
|    ep_len_mean          | 2.28       |
|    ep_rew_mean          | 1.62       |
| time/                   |            |
|    fps                  | 1          |
|    iterations           | 10         |
|    time_elapsed         | 10518      |
|    total_timesteps      | 20480      |
| train/                  |            |
|    approx_kl            | 0.01770651 |
|    clip_fraction        | 0.224      |
|    clip_range           | 0.2        |
|    entropy_loss         | -6.19      |
|    explained_variance   | 0.962      |
|    learning_rate        | 0.0003     |
|    loss                 | -0.0834    |
|    n_updates            | 90         |
|    policy_gradient_loss | -0.0468    |
|    value_loss           | 0.14       |
----------------------------------------
Episodes: 9180 | Mean Reward (last 10): 1.613 | Mean Score: 1.639 | Last-10 eps: [0.08, 0.1, 0.2, 0.05, 0.2, 0.1, 0.6, 0.08, 0.15, 0.5] | NaN reward steps so far: 0
Episodes: 9190 | Mean Reward (last 10): 1.606 | Mean Score: 1.628 | Last-10 eps: [0.4, 0.2, 0.15, 0.08, 0.15, 0.15, 0.1, 0.08, 0.1, 0.2] | NaN reward steps so far: 0
Episodes: 9200 | Mean Reward (last 10): 1.648 | Mean Score: 1.677 | Last-10 eps: [0.1, 0.15, 0.08, 0.15, 0.15, 0.15, 0.1, 0.1, 0.15, 0.08] | NaN reward steps so far: 0
Episodes: 9210 | Mean Reward (last 10): 1.456 | Mean Score: 1.473 | Last-10 eps: [0.25, 0.4, 0.15, 0.0, 0.08, 0.05, 0.15, 0.15, 0.6, 0.6] | NaN reward steps so far: 0
Episodes: 9220 | Mean Reward (last 10): 1.568 | Mean Score: 1.597 | Last-10 eps: [0.15, 0.15, 0.3, 0.25, 0.1, 0.1, 0.1, 0.08, 0.1, 0.1] | NaN reward steps so far: 0
Episodes: 9230 | Mean Reward (last 10): 1.757 | Mean Score: 1.781 | Last-10 eps: [0.15, 0.1, 0.08, 0.2, 0.1, 0.15, 0.2, 0.1, 0.08, 0.25] | NaN reward steps so far: 0
Episodes: 9240 | Mean Reward (last 10): 1.602 | Mean Score: 1.627 | Last-10 eps: [0.25, 0.05, 0.08, 0.15, 0.15, 0.5, 0.1, 0.25, 0.2, 0.1] | NaN reward steps so far: 0
Episodes: 9250 | Mean Reward (last 10): 1.602 | Mean Score: 1.638 | Last-10 eps: [0.1, 0.15, 0.1, 0.25, 0.1, 0.08, 0.15, 0.2, 0.15, 0.15] | NaN reward steps so far: 0
Episodes: 9260 | Mean Reward (last 10): 1.703 | Mean Score: 1.727 | Last-10 eps: [0.25, 0.15, 0.1, 0.25, 0.08, 0.15, 0.3, 0.15, 0.08, 0.05] | NaN reward steps so far: 0
Episodes: 9270 | Mean Reward (last 10): 1.463 | Mean Score: 1.486 | Last-10 eps: [0.6, 0.08, 0.1, 0.08, 0.15, 0.15, 0.0, 0.6, 0.2, 0.4] | NaN reward steps so far: 0
Episodes: 9280 | Mean Reward (last 10): 1.736 | Mean Score: 1.758 | Last-10 eps: [0.4, 0.2, 0.25, 0.08, 0.08, 0.08, 0.2, 0.1, 0.15, 0.2] | NaN reward steps so far: 0
Episodes: 9290 | Mean Reward (last 10): 1.639 | Mean Score: 1.667 | Last-10 eps: [0.3, 0.15, 0.08, 0.08, 0.15, 0.4, 0.2, 0.2, 0.08, 0.1] | NaN reward steps so far: 0
Episodes: 9300 | Mean Reward (last 10): 1.695 | Mean Score: 1.714 | Last-10 eps: [0.08, 0.4, 0.08, 0.15, 0.3, 0.08, 0.3, 0.1, 0.05, 0.2] | NaN reward steps so far: 0
Episodes: 9310 | Mean Reward (last 10): 1.706 | Mean Score: 1.729 | Last-10 eps: [0.2, 0.15, 0.08, 0.08, 0.15, 0.15, 0.05, 0.2, 0.2, 0.1] | NaN reward steps so far: 0
Episodes: 9320 | Mean Reward (last 10): 1.444 | Mean Score: 1.470 | Last-10 eps: [0.1, 0.2, 0.3, 0.15, 0.08, 0.08, 0.1, 0.25, 0.0, 0.15] | NaN reward steps so far: 0
Episodes: 9330 | Mean Reward (last 10): 1.723 | Mean Score: 1.748 | Last-10 eps: [0.25, 0.1, 0.2, 0.05, 0.5, 0.2, 0.08, 0.25, 0.3, 0.1] | NaN reward steps so far: 0
Episodes: 9340 | Mean Reward (last 10): 1.630 | Mean Score: 1.651 | Last-10 eps: [0.15, 0.3, 0.1, 0.15, 0.2, 0.1, 0.4, 0.1, 0.15, 0.3] | NaN reward steps so far: 0
Episodes: 9350 | Mean Reward (last 10): 1.640 | Mean Score: 1.666 | Last-10 eps: [0.4, 0.15, 0.4, 0.1, 0.2, 0.08, 0.25, 0.2, 0.2, 0.2] | NaN reward steps so far: 0
Episodes: 9360 | Mean Reward (last 10): 1.422 | Mean Score: 1.445 | Last-10 eps: [0.2, 0.1, 0.25, 0.15, 0.08, 0.1, 0.0, 0.15, 0.25, 0.1] | NaN reward steps so far: 0
Episodes: 9370 | Mean Reward (last 10): 1.663 | Mean Score: 1.685 | Last-10 eps: [0.1, 0.3, 0.25, 0.4, 0.2, 0.15, 0.1, 0.2, 0.2, 0.25] | NaN reward steps so far: 0
Episodes: 9380 | Mean Reward (last 10): 1.664 | Mean Score: 1.694 | Last-10 eps: [0.08, 0.08, 0.2, 0.25, 0.15, 0.15, 0.15, 0.2, 0.5, 0.1] | NaN reward steps so far: 0
Episodes: 9390 | Mean Reward (last 10): 1.757 | Mean Score: 1.779 | Last-10 eps: [0.15, 0.2, 0.1, 0.1, 0.08, 0.08, 0.25, 0.15, 0.15, 0.08] | NaN reward steps so far: 0
Episodes: 9400 | Mean Reward (last 10): 1.733 | Mean Score: 1.751 | Last-10 eps: [0.2, 0.08, 0.15, 0.1, 0.08, 0.1, 0.15, 0.5, 0.15, 0.2] | NaN reward steps so far: 0
Episodes: 9410 | Mean Reward (last 10): 1.795 | Mean Score: 1.821 | Last-10 eps: [0.08, 0.25, 0.15, 0.05, 0.05, 0.08, 0.15, 0.2, 0.6, 0.08] | NaN reward steps so far: 0
Episodes: 9420 | Mean Reward (last 10): 1.639 | Mean Score: 1.669 | Last-10 eps: [0.15, 0.08, 0.15, 0.08, 0.1, 0.2, 0.4, 0.15, 0.1, 0.15] | NaN reward steps so far: 0
Episodes: 9430 | Mean Reward (last 10): 1.660 | Mean Score: 1.690 | Last-10 eps: [0.1, 0.4, 0.1, 0.08, 0.08, 0.15, 0.1, 0.15, 0.1, 0.08] | NaN reward steps so far: 0
Episodes: 9440 | Mean Reward (last 10): 1.509 | Mean Score: 1.538 | Last-10 eps: [0.1, 0.2, 0.08, 0.0, 0.1, 0.08, 0.08, 0.1, 0.08, 0.08] | NaN reward steps so far: 0
Episodes: 9450 | Mean Reward (last 10): 1.473 | Mean Score: 1.505 | Last-10 eps: [0.2, 0.25, 0.08, 0.1, 0.1, 0.6, 0.1, 0.1, 0.15, 0.08] | NaN reward steps so far: 0
Episodes: 9460 | Mean Reward (last 10): 1.486 | Mean Score: 1.507 | Last-10 eps: [0.08, 0.25, 0.3, 0.25, 0.5, 0.15, 0.08, 0.25, 0.08, 0.2] | NaN reward steps so far: 0
Episodes: 9470 | Mean Reward (last 10): 1.615 | Mean Score: 1.642 | Last-10 eps: [0.2, 0.1, 0.25, 0.15, 0.25, 0.5, 0.2, 0.08, 0.08, 0.15] | NaN reward steps so far: 0
Episodes: 9480 | Mean Reward (last 10): 1.599 | Mean Score: 1.627 | Last-10 eps: [0.25, 0.08, 0.1, 0.4, 0.15, 0.15, 0.2, 0.15, 0.08, 0.15] | NaN reward steps so far: 0
Episodes: 9490 | Mean Reward (last 10): 1.587 | Mean Score: 1.609 | Last-10 eps: [0.15, 0.1, 0.1, 0.2, 0.2, 0.1, 0.25, 0.1, 0.08, 0.3] | NaN reward steps so far: 0
Episodes: 9500 | Mean Reward (last 10): 1.591 | Mean Score: 1.617 | Last-10 eps: [0.15, 0.15, 0.5, 0.2, 0.1, 0.1, 0.15, 0.2, 0.08, 0.1] | NaN reward steps so far: 0
Episodes: 9510 | Mean Reward (last 10): 1.713 | Mean Score: 1.735 | Last-10 eps: [0.3, 0.15, 0.2, 0.15, 0.15, 0.15, 0.25, 0.15, 0.1, 0.15] | NaN reward steps so far: 0
Episodes: 9520 | Mean Reward (last 10): 1.754 | Mean Score: 1.779 | Last-10 eps: [0.08, 0.15, 0.15, 0.1, 0.6, 0.6, 0.3, 0.15, 0.2, 0.5] | NaN reward steps so far: 0
Episodes: 9530 | Mean Reward (last 10): 1.692 | Mean Score: 1.719 | Last-10 eps: [0.1, 0.15, 0.08, 0.1, 0.15, 0.3, 0.15, 0.2, 0.15, 0.5] | NaN reward steps so far: 0
Episodes: 9540 | Mean Reward (last 10): 1.744 | Mean Score: 1.768 | Last-10 eps: [0.08, 0.4, 0.08, 0.1, 0.2, 0.15, 0.1, 0.3, 0.08, 0.08] | NaN reward steps so far: 0
Episodes: 9550 | Mean Reward (last 10): 1.617 | Mean Score: 1.647 | Last-10 eps: [0.1, 0.1, 0.15, 0.15, 0.15, 0.2, 0.15, 0.15, 0.1, 0.1] | NaN reward steps so far: 0
Episodes: 9560 | Mean Reward (last 10): 1.656 | Mean Score: 1.674 | Last-10 eps: [0.5, 0.15, 0.1, 0.08, 0.1, 0.25, 0.08, 0.2, 0.5, 0.08] | NaN reward steps so far: 0
Episodes: 9570 | Mean Reward (last 10): 1.710 | Mean Score: 1.734 | Last-10 eps: [0.15, 0.3, 0.15, 0.08, 0.2, 0.05, 0.2, 0.2, 0.15, 0.15] | NaN reward steps so far: 0
Episodes: 9580 | Mean Reward (last 10): 1.699 | Mean Score: 1.724 | Last-10 eps: [0.05, 0.15, 0.4, 0.1, 0.15, 0.1, 0.08, 0.08, 0.05, 0.2] | NaN reward steps so far: 0
Episodes: 9590 | Mean Reward (last 10): 1.643 | Mean Score: 1.666 | Last-10 eps: [0.2, 0.15, 0.08, 0.1, 0.2, 0.08, 0.6, 0.08, 0.15, 0.2] | NaN reward steps so far: 0
Episodes: 9600 | Mean Reward (last 10): 1.744 | Mean Score: 1.771 | Last-10 eps: [0.08, 0.15, 0.1, 0.08, 0.2, 0.2, 0.08, 0.4, 0.1, 0.2] | NaN reward steps so far: 0
Episodes: 9610 | Mean Reward (last 10): 1.750 | Mean Score: 1.777 | Last-10 eps: [0.1, 0.25, 0.1, 0.2, 0.1, 0.1, 0.1, 0.08, 0.15, 0.2] | NaN reward steps so far: 0
Episodes: 9620 | Mean Reward (last 10): 1.645 | Mean Score: 1.667 | Last-10 eps: [0.3, 0.5, 0.2, 0.3, 0.1, 0.4, 0.2, 0.3, 0.2, 0.3] | NaN reward steps so far: 0
Episodes: 9630 | Mean Reward (last 10): 1.693 | Mean Score: 1.715 | Last-10 eps: [0.1, 0.2, 0.2, 0.15, 0.15, 0.1, 0.1, 0.25, 0.08, 0.25] | NaN reward steps so far: 0
Episodes: 9640 | Mean Reward (last 10): 1.685 | Mean Score: 1.706 | Last-10 eps: [0.25, 0.15, 0.15, 0.25, 0.2, 0.08, 0.1, 0.15, 0.08, 0.15] | NaN reward steps so far: 0
Episodes: 9650 | Mean Reward (last 10): 1.478 | Mean Score: 1.499 | Last-10 eps: [0.25, 0.08, 0.1, 0.08, 0.08, 0.4, 0.1, 0.1, 0.0, 0.1] | NaN reward steps so far: 0
Episodes: 9660 | Mean Reward (last 10): 1.701 | Mean Score: 1.722 | Last-10 eps: [0.1, 0.1, 0.15, 0.15, 0.1, 0.15, 0.15, 0.2, 0.2, 0.25] | NaN reward steps so far: 0
Episodes: 9670 | Mean Reward (last 10): 1.467 | Mean Score: 1.498 | Last-10 eps: [0.15, 0.25, 0.1, 0.1, 0.1, 0.0, 0.08, 0.15, 0.1, 0.3] | NaN reward steps so far: 0
Episodes: 9680 | Mean Reward (last 10): 1.627 | Mean Score: 1.646 | Last-10 eps: [0.6, 0.2, 0.15, 0.15, 0.1, 0.15, 0.2, 0.5, 0.1, 0.4] | NaN reward steps so far: 0
Episodes: 9690 | Mean Reward (last 10): 1.678 | Mean Score: 1.701 | Last-10 eps: [0.1, 0.1, 0.08, 0.4, 0.15, 0.2, 0.5, 0.08, 0.1, 0.5] | NaN reward steps so far: 0
Episodes: 9700 | Mean Reward (last 10): 1.650 | Mean Score: 1.675 | Last-10 eps: [0.08, 0.25, 0.2, 0.2, 0.15, 0.2, 0.2, 0.05, 0.25, 0.1] | NaN reward steps so far: 0
Episodes: 9710 | Mean Reward (last 10): 1.725 | Mean Score: 1.745 | Last-10 eps: [0.2, 0.25, 0.1, 0.1, 0.15, 0.15, 0.5, 0.1, 0.08, 0.15] | NaN reward steps so far: 0
Episodes: 9720 | Mean Reward (last 10): 1.717 | Mean Score: 1.739 | Last-10 eps: [0.5, 0.25, 0.15, 0.15, 0.05, 0.2, 0.1, 0.08, 0.08, 0.4] | NaN reward steps so far: 0
Episodes: 9730 | Mean Reward (last 10): 1.705 | Mean Score: 1.724 | Last-10 eps: [0.15, 0.15, 0.05, 0.1, 0.1, 0.1, 0.2, 0.1, 0.4, 0.08] | NaN reward steps so far: 0
Episodes: 9740 | Mean Reward (last 10): 1.694 | Mean Score: 1.722 | Last-10 eps: [0.6, 0.15, 0.1, 0.15, 0.15, 0.25, 0.1, 0.2, 0.25, 0.08] | NaN reward steps so far: 0
Episodes: 9750 | Mean Reward (last 10): 1.382 | Mean Score: 1.407 | Last-10 eps: [0.05, 0.2, 0.1, 0.1, 0.1, 0.15, 0.4, 0.0, 0.1, 0.15] | NaN reward steps so far: 0
Episodes: 9760 | Mean Reward (last 10): 1.434 | Mean Score: 1.458 | Last-10 eps: [0.4, 0.2, 0.15, 0.15, 0.15, 0.0, 0.15, 0.08, 0.08, 0.1] | NaN reward steps so far: 0
Episodes: 9770 | Mean Reward (last 10): 1.709 | Mean Score: 1.731 | Last-10 eps: [0.1, 0.1, 0.3, 0.08, 0.1, 0.15, 0.08, 0.08, 0.05, 0.15] | NaN reward steps so far: 0
Episodes: 9780 | Mean Reward (last 10): 1.679 | Mean Score: 1.706 | Last-10 eps: [0.1, 0.15, 0.1, 0.08, 0.2, 0.1, 0.1, 0.15, 0.15, 0.3] | NaN reward steps so far: 0
Episodes: 9790 | Mean Reward (last 10): 1.584 | Mean Score: 1.607 | Last-10 eps: [0.1, 0.4, 0.6, 0.3, 0.08, 0.2, 0.1, 0.1, 0.15, 0.08] | NaN reward steps so far: 0
Episodes: 9800 | Mean Reward (last 10): 1.683 | Mean Score: 1.707 | Last-10 eps: [0.08, 0.05, 0.4, 0.25, 0.1, 0.2, 0.2, 0.25, 0.15, 0.5] | NaN reward steps so far: 0
Episodes: 9810 | Mean Reward (last 10): 1.431 | Mean Score: 1.456 | Last-10 eps: [0.08, 0.05, 0.0, 0.25, 0.1, 0.5, 0.15, 0.1, 0.2, 0.2] | NaN reward steps so far: 0
Episodes: 9820 | Mean Reward (last 10): 1.716 | Mean Score: 1.748 | Last-10 eps: [0.1, 0.08, 0.08, 0.2, 0.08, 0.08, 0.2, 0.15, 0.15, 0.25] | NaN reward steps so far: 0
Episodes: 9830 | Mean Reward (last 10): 1.691 | Mean Score: 1.709 | Last-10 eps: [0.1, 0.25, 0.15, 0.2, 0.08, 0.1, 0.3, 0.2, 0.1, 0.05] | NaN reward steps so far: 0
Episodes: 9840 | Mean Reward (last 10): 1.667 | Mean Score: 1.687 | Last-10 eps: [0.08, 0.08, 0.08, 0.08, 0.1, 0.25, 0.25, 0.15, 0.1, 0.1] | NaN reward steps so far: 0
Episodes: 9850 | Mean Reward (last 10): 1.740 | Mean Score: 1.772 | Last-10 eps: [0.3, 0.08, 0.08, 0.15, 0.2, 0.15, 0.25, 0.4, 0.15, 0.25] | NaN reward steps so far: 0
Episodes: 9860 | Mean Reward (last 10): 1.546 | Mean Score: 1.573 | Last-10 eps: [0.15, 0.08, 0.2, 0.2, 0.25, 0.3, 0.2, 0.2, 0.1, 0.2] | NaN reward steps so far: 0
Episodes: 9870 | Mean Reward (last 10): 1.574 | Mean Score: 1.601 | Last-10 eps: [0.15, 0.15, 0.08, 0.2, 0.15, 0.15, 0.15, 0.1, 0.5, 0.1] | NaN reward steps so far: 0
Episodes: 9880 | Mean Reward (last 10): 1.852 | Mean Score: 1.879 | Last-10 eps: [0.08, 0.15, 0.08, 0.1, 0.08, 0.5, 0.2, 0.1, 0.1, 0.08] | NaN reward steps so far: 0
Episodes: 9890 | Mean Reward (last 10): 1.669 | Mean Score: 1.692 | Last-10 eps: [0.15, 0.05, 0.15, 0.15, 0.15, 0.25, 0.2, 0.2, 0.1, 0.08] | NaN reward steps so far: 0
Episodes: 9900 | Mean Reward (last 10): 1.552 | Mean Score: 1.572 | Last-10 eps: [0.1, 0.08, 0.0, 0.15, 0.08, 0.1, 0.2, 0.15, 0.3, 0.08] | NaN reward steps so far: 0
Episodes: 9910 | Mean Reward (last 10): 1.584 | Mean Score: 1.611 | Last-10 eps: [0.1, 0.1, 0.08, 0.15, 0.4, 0.2, 0.3, 0.3, 0.3, 0.1] | NaN reward steps so far: 0
Episodes: 9920 | Mean Reward (last 10): 1.701 | Mean Score: 1.727 | Last-10 eps: [0.1, 0.15, 0.1, 0.08, 0.15, 0.15, 0.2, 0.2, 0.15, 0.1] | NaN reward steps so far: 0
Episodes: 9930 | Mean Reward (last 10): 1.717 | Mean Score: 1.743 | Last-10 eps: [0.4, 0.2, 0.2, 0.08, 0.08, 0.6, 0.4, 0.1, 0.08, 0.08] | NaN reward steps so far: 0
Episodes: 9940 | Mean Reward (last 10): 1.649 | Mean Score: 1.679 | Last-10 eps: [0.5, 0.2, 0.2, 0.15, 0.1, 0.1, 0.15, 0.1, 0.2, 0.08] | NaN reward steps so far: 0
Episodes: 9950 | Mean Reward (last 10): 1.605 | Mean Score: 1.638 | Last-10 eps: [0.6, 0.15, 0.15, 0.15, 0.1, 0.1, 0.2, 0.6, 0.05, 0.15] | NaN reward steps so far: 0
Episodes: 9960 | Mean Reward (last 10): 1.692 | Mean Score: 1.723 | Last-10 eps: [0.25, 0.1, 0.25, 0.2, 0.15, 0.08, 0.2, 0.15, 0.15, 0.15] | NaN reward steps so far: 0
Episodes: 9970 | Mean Reward (last 10): 1.531 | Mean Score: 1.551 | Last-10 eps: [0.4, 0.15, 0.15, 0.08, 0.1, 0.08, 0.2, 0.08, 0.0, 0.08] | NaN reward steps so far: 0
Episodes: 9980 | Mean Reward (last 10): 1.541 | Mean Score: 1.565 | Last-10 eps: [0.08, 0.15, 0.1, 0.15, 0.08, 0.2, 0.03, 0.03, 0.4, 0.15] | NaN reward steps so far: 0
Episodes: 9990 | Mean Reward (last 10): 1.626 | Mean Score: 1.649 | Last-10 eps: [0.25, 0.08, 0.15, 0.15, 0.25, 0.08, 0.15, 0.2, 0.2, 0.15] | NaN reward steps so far: 0
Episodes: 10000 | Mean Reward (last 10): 1.729 | Mean Score: 1.757 | Last-10 eps: [0.08, 0.15, 0.15, 0.2, 0.6, 0.08, 0.08, 0.03, 0.6, 0.1] | NaN reward steps so far: 0
-----------------------------------------
| rollout/                |             |
|    ep_len_mean          | 2.67        |
|    ep_rew_mean          | 1.63        |
| time/                   |             |
|    fps                  | 1           |
|    iterations           | 11          |
|    time_elapsed         | 11508       |
|    total_timesteps      | 22528       |
| train/                  |             |
|    approx_kl            | 0.019316766 |
|    clip_fraction        | 0.23        |
|    clip_range           | 0.2         |
|    entropy_loss         | -6.1        |
|    explained_variance   | 0.956       |
|    learning_rate        | 0.0003      |
|    loss                 | -0.0485     |
|    n_updates            | 100         |
|    policy_gradient_loss | -0.0443     |
|    value_loss           | 0.169       |
-----------------------------------------
Episodes: 10010 | Mean Reward (last 10): 1.650 | Mean Score: 1.674 | Last-10 eps: [0.3, 0.25, 0.15, 0.08, 0.1, 0.2, 0.08, 0.05, 0.05, 0.5] | NaN reward steps so far: 0
Episodes: 10020 | Mean Reward (last 10): 1.692 | Mean Score: 1.719 | Last-10 eps: [0.25, 0.2, 0.6, 0.3, 0.2, 0.15, 0.1, 0.15, 0.1, 0.25] | NaN reward steps so far: 0
Episodes: 10030 | Mean Reward (last 10): 1.563 | Mean Score: 1.588 | Last-10 eps: [0.1, 0.15, 0.1, 0.15, 0.15, 0.15, 0.08, 0.05, 0.4, 0.3] | NaN reward steps so far: 0
Episodes: 10040 | Mean Reward (last 10): 1.517 | Mean Score: 1.544 | Last-10 eps: [0.1, 0.1, 0.25, 0.25, 0.1, 0.25, 0.2, 0.5, 0.3, 0.2] | NaN reward steps so far: 0
Episodes: 10050 | Mean Reward (last 10): 1.694 | Mean Score: 1.718 | Last-10 eps: [0.5, 0.08, 0.08, 0.15, 0.1, 0.2, 0.2, 0.25, 0.15, 0.15] | NaN reward steps so far: 0
Episodes: 10060 | Mean Reward (last 10): 1.763 | Mean Score: 1.790 | Last-10 eps: [0.08, 0.1, 0.15, 0.3, 0.15, 0.08, 0.3, 0.1, 0.1, 0.1] | NaN reward steps so far: 0
Episodes: 10070 | Mean Reward (last 10): 1.768 | Mean Score: 1.793 | Last-10 eps: [0.05, 0.08, 0.15, 0.15, 0.08, 0.15, 0.08, 0.1, 0.08, 0.08] | NaN reward steps so far: 0
Episodes: 10080 | Mean Reward (last 10): 1.612 | Mean Score: 1.643 | Last-10 eps: [0.15, 0.2, 0.08, 0.3, 0.3, 0.1, 0.15, 0.2, 0.1, 0.2] | NaN reward steps so far: 0
Episodes: 10090 | Mean Reward (last 10): 1.714 | Mean Score: 1.738 | Last-10 eps: [0.25, 0.15, 0.08, 0.1, 0.15, 0.2, 0.08, 0.08, 0.08, 0.05] | NaN reward steps so far: 0
Episodes: 10100 | Mean Reward (last 10): 1.725 | Mean Score: 1.752 | Last-10 eps: [0.05, 0.1, 0.1, 0.08, 0.08, 0.5, 0.2, 0.15, 0.1, 0.2] | NaN reward steps so far: 0
Episodes: 10110 | Mean Reward (last 10): 1.705 | Mean Score: 1.727 | Last-10 eps: [0.08, 0.1, 0.25, 0.05, 0.15, 0.08, 0.25, 0.08, 0.15, 0.1] | NaN reward steps so far: 0
Episodes: 10120 | Mean Reward (last 10): 1.629 | Mean Score: 1.654 | Last-10 eps: [0.1, 0.25, 0.1, 0.1, 0.15, 0.25, 0.15, 0.08, 0.2, 0.15] | NaN reward steps so far: 0
Episodes: 10130 | Mean Reward (last 10): 1.773 | Mean Score: 1.799 | Last-10 eps: [0.08, 0.2, 0.08, 0.15, 0.6, 0.15, 0.05, 0.3, 0.1, 0.08] | NaN reward steps so far: 0
Episodes: 10140 | Mean Reward (last 10): 1.684 | Mean Score: 1.710 | Last-10 eps: [0.15, 0.25, 0.08, 0.1, 0.1, 0.2, 0.08, 0.15, 0.1, 0.05] | NaN reward steps so far: 0
Episodes: 10150 | Mean Reward (last 10): 1.717 | Mean Score: 1.744 | Last-10 eps: [0.1, 0.08, 0.25, 0.08, 0.1, 0.05, 0.1, 0.6, 0.2, 0.2] | NaN reward steps so far: 0
Episodes: 10160 | Mean Reward (last 10): 1.731 | Mean Score: 1.756 | Last-10 eps: [0.3, 0.15, 0.08, 0.2, 0.15, 0.05, 0.2, 0.15, 0.15, 0.1] | NaN reward steps so far: 0
Episodes: 10170 | Mean Reward (last 10): 1.701 | Mean Score: 1.728 | Last-10 eps: [0.25, 0.3, 0.15, 0.05, 0.2, 0.08, 0.08, 0.2, 0.08, 0.15] | NaN reward steps so far: 0
Episodes: 10180 | Mean Reward (last 10): 1.659 | Mean Score: 1.687 | Last-10 eps: [0.08, 0.5, 0.15, 0.1, 0.15, 0.15, 0.08, 0.6, 0.15, 0.1] | NaN reward steps so far: 0
Episodes: 10190 | Mean Reward (last 10): 1.555 | Mean Score: 1.582 | Last-10 eps: [0.6, 0.08, 0.1, 0.1, 0.3, 0.15, 0.4, 0.05, 0.15, 0.15] | NaN reward steps so far: 0
Episodes: 10200 | Mean Reward (last 10): 1.712 | Mean Score: 1.733 | Last-10 eps: [0.15, 0.25, 0.08, 0.2, 0.05, 0.05, 0.25, 0.25, 0.1, 0.08] | NaN reward steps so far: 0
Episodes: 10210 | Mean Reward (last 10): 1.744 | Mean Score: 1.776 | Last-10 eps: [0.1, 0.15, 0.1, 0.2, 0.1, 0.15, 0.1, 0.15, 0.1, 0.08] | NaN reward steps so far: 0
Episodes: 10220 | Mean Reward (last 10): 1.752 | Mean Score: 1.776 | Last-10 eps: [0.08, 0.08, 0.1, 0.3, 0.08, 0.2, 0.1, 0.2, 0.1, 0.25] | NaN reward steps so far: 0
Episodes: 10230 | Mean Reward (last 10): 1.659 | Mean Score: 1.680 | Last-10 eps: [0.08, 0.1, 0.25, 0.15, 0.15, 0.15, 0.15, 0.5, 0.05, 0.15] | NaN reward steps so far: 0
Episodes: 10240 | Mean Reward (last 10): 1.724 | Mean Score: 1.751 | Last-10 eps: [0.1, 0.2, 0.1, 0.1, 0.15, 0.25, 0.08, 0.1, 0.15, 0.15] | NaN reward steps so far: 0
Episodes: 10250 | Mean Reward (last 10): 1.523 | Mean Score: 1.554 | Last-10 eps: [0.1, 0.1, 0.08, 0.1, 0.25, 0.15, 0.1, 0.08, 0.15, 0.15] | NaN reward steps so far: 0
Episodes: 10260 | Mean Reward (last 10): 1.641 | Mean Score: 1.670 | Last-10 eps: [0.6, 0.2, 0.15, 0.1, 0.08, 0.2, 0.08, 0.1, 0.15, 0.2] | NaN reward steps so far: 0
Episodes: 10270 | Mean Reward (last 10): 1.631 | Mean Score: 1.665 | Last-10 eps: [0.5, 0.1, 0.08, 0.1, 0.2, 0.3, 0.1, 0.15, 0.15, 0.15] | NaN reward steps so far: 0
Episodes: 10280 | Mean Reward (last 10): 1.695 | Mean Score: 1.727 | Last-10 eps: [0.08, 0.08, 0.1, 0.15, 0.08, 0.15, 0.25, 0.08, 0.25, 0.1] | NaN reward steps so far: 0
Episodes: 10290 | Mean Reward (last 10): 1.712 | Mean Score: 1.735 | Last-10 eps: [0.5, 0.15, 0.2, 0.1, 0.15, 0.5, 0.08, 0.1, 0.15, 0.2] | NaN reward steps so far: 0
Episodes: 10300 | Mean Reward (last 10): 1.719 | Mean Score: 1.740 | Last-10 eps: [0.2, 0.15, 0.15, 0.1, 0.15, 0.08, 0.15, 0.08, 0.1, 0.2] | NaN reward steps so far: 0
Episodes: 10310 | Mean Reward (last 10): 1.689 | Mean Score: 1.714 | Last-10 eps: [0.1, 0.15, 0.15, 0.08, 0.15, 0.5, 0.4, 0.15, 0.25, 0.2] | NaN reward steps so far: 0
Episodes: 10320 | Mean Reward (last 10): 1.801 | Mean Score: 1.822 | Last-10 eps: [0.3, 0.2, 0.08, 0.5, 0.08, 0.15, 0.25, 0.6, 0.15, 0.3] | NaN reward steps so far: 0
Episodes: 10330 | Mean Reward (last 10): 1.628 | Mean Score: 1.647 | Last-10 eps: [0.5, 0.08, 0.08, 0.2, 0.08, 0.2, 0.15, 0.15, 0.1, 0.15] | NaN reward steps so far: 0
Episodes: 10340 | Mean Reward (last 10): 1.651 | Mean Score: 1.675 | Last-10 eps: [0.08, 0.2, 0.15, 0.2, 0.15, 0.25, 0.15, 0.1, 0.15, 0.08] | NaN reward steps so far: 0
Episodes: 10350 | Mean Reward (last 10): 1.654 | Mean Score: 1.681 | Last-10 eps: [0.1, 0.08, 0.15, 0.08, 0.08, 0.15, 0.1, 0.08, 0.25, 0.05] | NaN reward steps so far: 0
Episodes: 10360 | Mean Reward (last 10): 1.626 | Mean Score: 1.651 | Last-10 eps: [0.15, 0.25, 0.08, 0.3, 0.4, 0.08, 0.2, 0.15, 0.08, 0.08] | NaN reward steps so far: 0
Episodes: 10370 | Mean Reward (last 10): 1.730 | Mean Score: 1.753 | Last-10 eps: [0.2, 0.08, 0.3, 0.25, 0.1, 0.08, 0.08, 0.15, 0.08, 0.08] | NaN reward steps so far: 0
Episodes: 10380 | Mean Reward (last 10): 1.662 | Mean Score: 1.691 | Last-10 eps: [0.5, 0.1, 0.2, 0.05, 0.15, 0.2, 0.25, 0.15, 0.25, 0.2] | NaN reward steps so far: 0
Episodes: 10390 | Mean Reward (last 10): 1.571 | Mean Score: 1.599 | Last-10 eps: [0.1, 0.15, 0.4, 0.1, 0.25, 0.2, 0.2, 0.2, 0.15, 0.2] | NaN reward steps so far: 0
Episodes: 10400 | Mean Reward (last 10): 1.550 | Mean Score: 1.573 | Last-10 eps: [0.15, 0.4, 0.15, 0.4, 0.08, 0.2, 0.15, 0.3, 0.15, 0.1] | NaN reward steps so far: 0
Episodes: 10410 | Mean Reward (last 10): 1.716 | Mean Score: 1.749 | Last-10 eps: [0.2, 0.15, 0.1, 0.1, 0.25, 0.08, 0.1, 0.1, 0.15, 0.05] | NaN reward steps so far: 0
Episodes: 10420 | Mean Reward (last 10): 1.671 | Mean Score: 1.696 | Last-10 eps: [0.08, 0.25, 0.2, 0.1, 0.1, 0.15, 0.25, 0.15, 0.08, 0.1] | NaN reward steps so far: 0
Episodes: 10430 | Mean Reward (last 10): 1.672 | Mean Score: 1.700 | Last-10 eps: [0.08, 0.1, 0.2, 0.2, 0.08, 0.08, 0.1, 0.08, 0.15, 0.2] | NaN reward steps so far: 0
Episodes: 10440 | Mean Reward (last 10): 1.681 | Mean Score: 1.703 | Last-10 eps: [0.3, 0.1, 0.15, 0.3, 0.2, 0.05, 0.2, 0.5, 0.1, 0.2] | NaN reward steps so far: 0
Episodes: 10450 | Mean Reward (last 10): 1.662 | Mean Score: 1.682 | Last-10 eps: [0.2, 0.25, 0.15, 0.15, 0.08, 0.15, 0.6, 0.1, 0.2, 0.3] | NaN reward steps so far: 0
Episodes: 10460 | Mean Reward (last 10): 1.637 | Mean Score: 1.657 | Last-10 eps: [0.15, 0.1, 0.15, 0.1, 0.08, 0.15, 0.15, 0.15, 0.2, 0.1] | NaN reward steps so far: 0
Episodes: 10470 | Mean Reward (last 10): 1.690 | Mean Score: 1.715 | Last-10 eps: [0.15, 0.15, 0.2, 0.08, 0.08, 0.2, 0.25, 0.2, 0.08, 0.15] | NaN reward steps so far: 0
Episodes: 10480 | Mean Reward (last 10): 1.613 | Mean Score: 1.641 | Last-10 eps: [0.1, 0.15, 0.15, 0.08, 0.1, 0.15, 0.1, 0.1, 0.15, 0.1] | NaN reward steps so far: 0
Episodes: 10490 | Mean Reward (last 10): 1.713 | Mean Score: 1.743 | Last-10 eps: [0.15, 0.15, 0.2, 0.08, 0.4, 0.08, 0.1, 0.08, 0.2, 0.15] | NaN reward steps so far: 0
Episodes: 10500 | Mean Reward (last 10): 1.625 | Mean Score: 1.652 | Last-10 eps: [0.25, 0.15, 0.08, 0.2, 0.5, 0.1, 0.4, 0.08, 0.1, 0.15] | NaN reward steps so far: 0
Episodes: 10510 | Mean Reward (last 10): 1.607 | Mean Score: 1.634 | Last-10 eps: [0.1, 0.2, 0.15, 0.05, 0.08, 0.1, 0.15, 0.15, 0.2, 0.2] | NaN reward steps so far: 0
Episodes: 10520 | Mean Reward (last 10): 1.587 | Mean Score: 1.611 | Last-10 eps: [0.3, 0.15, 0.2, 0.15, 0.08, 0.15, 0.15, 0.15, 0.2, 0.2] | NaN reward steps so far: 0
Episodes: 10530 | Mean Reward (last 10): 1.734 | Mean Score: 1.756 | Last-10 eps: [0.1, 0.2, 0.25, 0.2, 0.1, 0.1, 0.2, 0.15, 0.08, 0.15] | NaN reward steps so far: 0
Episodes: 10540 | Mean Reward (last 10): 1.671 | Mean Score: 1.691 | Last-10 eps: [0.08, 0.08, 0.2, 0.5, 0.15, 0.1, 0.15, 0.08, 0.08, 0.2] | NaN reward steps so far: 0
Episodes: 10550 | Mean Reward (last 10): 1.652 | Mean Score: 1.678 | Last-10 eps: [0.25, 0.15, 0.1, 0.15, 0.08, 0.25, 0.3, 0.08, 0.25, 0.3] | NaN reward steps so far: 0
Episodes: 10560 | Mean Reward (last 10): 1.725 | Mean Score: 1.751 | Last-10 eps: [0.1, 0.15, 0.15, 0.1, 0.3, 0.25, 0.15, 0.15, 0.1, 0.15] | NaN reward steps so far: 0
Episodes: 10570 | Mean Reward (last 10): 1.689 | Mean Score: 1.718 | Last-10 eps: [0.05, 0.1, 0.1, 0.2, 0.2, 0.08, 0.25, 0.2, 0.15, 0.08] | NaN reward steps so far: 0
Episodes: 10580 | Mean Reward (last 10): 1.553 | Mean Score: 1.577 | Last-10 eps: [0.25, 0.15, 0.1, 0.15, 0.15, 0.1, 0.08, 0.1, 0.2, 0.3] | NaN reward steps so far: 0
Episodes: 10590 | Mean Reward (last 10): 1.751 | Mean Score: 1.775 | Last-10 eps: [0.1, 0.08, 0.08, 0.1, 0.15, 0.2, 0.6, 0.1, 0.08, 0.08] | NaN reward steps so far: 0
Episodes: 10600 | Mean Reward (last 10): 1.689 | Mean Score: 1.713 | Last-10 eps: [0.1, 0.2, 0.6, 0.25, 0.15, 0.1, 0.2, 0.3, 0.25, 0.08] | NaN reward steps so far: 0
Episodes: 10610 | Mean Reward (last 10): 1.698 | Mean Score: 1.719 | Last-10 eps: [0.1, 0.4, 0.15, 0.2, 0.2, 0.08, 0.1, 0.25, 0.3, 0.15] | NaN reward steps so far: 0
Episodes: 10620 | Mean Reward (last 10): 1.733 | Mean Score: 1.755 | Last-10 eps: [0.08, 0.1, 0.08, 0.2, 0.2, 0.08, 0.6, 0.1, 0.25, 0.1] | NaN reward steps so far: 0
Episodes: 10630 | Mean Reward (last 10): 1.686 | Mean Score: 1.712 | Last-10 eps: [0.5, 0.1, 0.08, 0.08, 0.1, 0.05, 0.08, 0.25, 0.1, 0.1] | NaN reward steps so far: 0
Episodes: 10640 | Mean Reward (last 10): 1.706 | Mean Score: 1.726 | Last-10 eps: [0.15, 0.25, 0.1, 0.4, 0.15, 0.08, 0.08, 0.1, 0.2, 0.15] | NaN reward steps so far: 0
Episodes: 10650 | Mean Reward (last 10): 1.722 | Mean Score: 1.750 | Last-10 eps: [0.25, 0.05, 0.2, 0.25, 0.05, 0.1, 0.15, 0.2, 0.1, 0.25] | NaN reward steps so far: 0
Episodes: 10660 | Mean Reward (last 10): 1.740 | Mean Score: 1.767 | Last-10 eps: [0.08, 0.2, 0.6, 0.15, 0.15, 0.05, 0.08, 0.2, 0.15, 0.1] | NaN reward steps so far: 0
Episodes: 10670 | Mean Reward (last 10): 1.754 | Mean Score: 1.782 | Last-10 eps: [0.08, 0.25, 0.1, 0.2, 0.05, 0.15, 0.1, 0.1, 0.2, 0.08] | NaN reward steps so far: 0
Episodes: 10680 | Mean Reward (last 10): 1.617 | Mean Score: 1.639 | Last-10 eps: [0.2, 0.08, 0.08, 0.2, 0.08, 0.15, 0.2, 0.08, 0.15, 0.15] | NaN reward steps so far: 0
Episodes: 10690 | Mean Reward (last 10): 1.713 | Mean Score: 1.738 | Last-10 eps: [0.25, 0.08, 0.1, 0.1, 0.15, 0.1, 0.08, 0.15, 0.15, 0.2] | NaN reward steps so far: 0
Episodes: 10700 | Mean Reward (last 10): 1.647 | Mean Score: 1.674 | Last-10 eps: [0.08, 0.2, 0.15, 0.08, 0.15, 0.15, 0.3, 0.08, 0.4, 0.05] | NaN reward steps so far: 0
Episodes: 10710 | Mean Reward (last 10): 1.758 | Mean Score: 1.776 | Last-10 eps: [0.2, 0.15, 0.15, 0.15, 0.08, 0.08, 0.1, 0.25, 0.08, 0.05] | NaN reward steps so far: 0
Episodes: 10720 | Mean Reward (last 10): 1.681 | Mean Score: 1.706 | Last-10 eps: [0.1, 0.15, 0.1, 0.08, 0.15, 0.4, 0.08, 0.1, 0.3, 0.08] | NaN reward steps so far: 0
Episodes: 10730 | Mean Reward (last 10): 1.572 | Mean Score: 1.600 | Last-10 eps: [0.15, 0.05, 0.15, 0.1, 0.25, 0.08, 0.15, 0.1, 0.15, 0.15] | NaN reward steps so far: 0
Episodes: 10740 | Mean Reward (last 10): 1.633 | Mean Score: 1.659 | Last-10 eps: [0.15, 0.2, 0.2, 0.1, 0.08, 0.08, 0.25, 0.5, 0.08, 0.15] | NaN reward steps so far: 0
Episodes: 10750 | Mean Reward (last 10): 1.597 | Mean Score: 1.619 | Last-10 eps: [0.05, 0.08, 0.15, 0.3, 0.08, 0.08, 0.15, 0.08, 0.2, 0.15] | NaN reward steps so far: 0
Episodes: 10760 | Mean Reward (last 10): 1.626 | Mean Score: 1.647 | Last-10 eps: [0.15, 0.08, 0.4, 0.08, 0.15, 0.15, 0.08, 0.15, 0.15, 0.2] | NaN reward steps so far: 0
Episodes: 10770 | Mean Reward (last 10): 1.797 | Mean Score: 1.825 | Last-10 eps: [0.1, 0.1, 0.1, 0.6, 0.1, 0.1, 0.1, 0.08, 0.08, 0.2] | NaN reward steps so far: 0
Episodes: 10780 | Mean Reward (last 10): 1.624 | Mean Score: 1.656 | Last-10 eps: [0.2, 0.2, 0.1, 0.05, 0.25, 0.1, 0.08, 0.1, 0.08, 0.2] | NaN reward steps so far: 0
Episodes: 10790 | Mean Reward (last 10): 1.660 | Mean Score: 1.687 | Last-10 eps: [0.4, 0.2, 0.1, 0.25, 0.25, 0.25, 0.1, 0.1, 0.3, 0.08] | NaN reward steps so far: 0
Episodes: 10800 | Mean Reward (last 10): 1.686 | Mean Score: 1.714 | Last-10 eps: [0.4, 0.25, 0.1, 0.15, 0.1, 0.1, 0.25, 0.15, 0.05, 0.1] | NaN reward steps so far: 0
-----------------------------------------
| rollout/                |             |
|    ep_len_mean          | 2.61        |
|    ep_rew_mean          | 1.66        |
| time/                   |             |
|    fps                  | 1           |
|    iterations           | 12          |
|    time_elapsed         | 12489       |
|    total_timesteps      | 24576       |
| train/                  |             |
|    approx_kl            | 0.017032044 |
|    clip_fraction        | 0.216       |
|    clip_range           | 0.2         |
|    entropy_loss         | -6.01       |
|    explained_variance   | 0.956       |
|    learning_rate        | 0.0003      |
|    loss                 | 0.0229      |
|    n_updates            | 110         |
|    policy_gradient_loss | -0.0422     |
|    value_loss           | 0.179       |
-----------------------------------------
Episodes: 10810 | Mean Reward (last 10): 1.545 | Mean Score: 1.574 | Last-10 eps: [0.08, 0.15, 0.05, 0.4, 0.15, 0.08, 0.15, 0.15, 0.1, 0.08] | NaN reward steps so far: 0
Episodes: 10820 | Mean Reward (last 10): 1.820 | Mean Score: 1.846 | Last-10 eps: [0.25, 0.08, 0.1, 0.05, 0.15, 0.2, 0.15, 0.1, 0.05, 0.15] | NaN reward steps so far: 0
Episodes: 10830 | Mean Reward (last 10): 1.634 | Mean Score: 1.661 | Last-10 eps: [0.5, 0.1, 0.15, 0.4, 0.05, 0.1, 0.1, 0.25, 0.25, 0.15] | NaN reward steps so far: 0
Episodes: 10840 | Mean Reward (last 10): 1.615 | Mean Score: 1.643 | Last-10 eps: [0.25, 0.08, 0.2, 0.15, 0.2, 0.2, 0.2, 0.1, 0.3, 0.1] | NaN reward steps so far: 0
Episodes: 10850 | Mean Reward (last 10): 1.492 | Mean Score: 1.515 | Last-10 eps: [0.6, 0.6, 0.3, 0.1, 0.3, 0.08, 0.08, 0.08, 0.0, 0.2] | NaN reward steps so far: 0
Episodes: 10860 | Mean Reward (last 10): 1.678 | Mean Score: 1.706 | Last-10 eps: [0.08, 0.15, 0.5, 0.08, 0.08, 0.08, 0.2, 0.25, 0.25, 0.1] | NaN reward steps so far: 0
Episodes: 10870 | Mean Reward (last 10): 1.651 | Mean Score: 1.673 | Last-10 eps: [0.25, 0.15, 0.3, 0.15, 0.3, 0.1, 0.1, 0.3, 0.2, 0.15] | NaN reward steps so far: 0
Episodes: 10880 | Mean Reward (last 10): 1.792 | Mean Score: 1.812 | Last-10 eps: [0.08, 0.1, 0.08, 0.1, 0.25, 0.15, 0.08, 0.2, 0.08, 0.08] | NaN reward steps so far: 0
Episodes: 10890 | Mean Reward (last 10): 1.528 | Mean Score: 1.560 | Last-10 eps: [0.1, 0.25, 0.25, 0.1, 0.0, 0.1, 0.15, 0.1, 0.1, 0.1] | NaN reward steps so far: 0
Episodes: 10900 | Mean Reward (last 10): 1.583 | Mean Score: 1.611 | Last-10 eps: [0.08, 0.08, 0.3, 0.1, 0.1, 0.25, 0.15, 0.6, 0.1, 0.15] | NaN reward steps so far: 0
Episodes: 10910 | Mean Reward (last 10): 1.703 | Mean Score: 1.725 | Last-10 eps: [0.15, 0.4, 0.1, 0.5, 0.08, 0.15, 0.2, 0.1, 0.15, 0.08] | NaN reward steps so far: 0
Episodes: 10920 | Mean Reward (last 10): 1.602 | Mean Score: 1.627 | Last-10 eps: [0.2, 0.08, 0.3, 0.05, 0.15, 0.1, 0.15, 0.08, 0.2, 0.15] | NaN reward steps so far: 0
Episodes: 10930 | Mean Reward (last 10): 1.639 | Mean Score: 1.664 | Last-10 eps: [0.25, 0.25, 0.08, 0.6, 0.3, 0.25, 0.15, 0.3, 0.5, 0.1] | NaN reward steps so far: 0
Episodes: 10940 | Mean Reward (last 10): 1.671 | Mean Score: 1.696 | Last-10 eps: [0.15, 0.1, 0.2, 0.15, 0.25, 0.08, 0.2, 0.15, 0.5, 0.05] | NaN reward steps so far: 0
Episodes: 10950 | Mean Reward (last 10): 1.638 | Mean Score: 1.667 | Last-10 eps: [0.15, 0.4, 0.08, 0.08, 0.25, 0.1, 0.08, 0.6, 0.08, 0.2] | NaN reward steps so far: 0
Episodes: 10960 | Mean Reward (last 10): 1.699 | Mean Score: 1.717 | Last-10 eps: [0.25, 0.1, 0.15, 0.08, 0.25, 0.05, 0.08, 0.1, 0.2, 0.15] | NaN reward steps so far: 0
Episodes: 10970 | Mean Reward (last 10): 1.657 | Mean Score: 1.687 | Last-10 eps: [0.15, 0.2, 0.1, 0.08, 0.2, 0.15, 0.05, 0.1, 0.1, 0.15] | NaN reward steps so far: 0
Episodes: 10980 | Mean Reward (last 10): 1.718 | Mean Score: 1.748 | Last-10 eps: [0.1, 0.15, 0.15, 0.2, 0.6, 0.08, 0.2, 0.08, 0.08, 0.05] | NaN reward steps so far: 0
Episodes: 10990 | Mean Reward (last 10): 1.741 | Mean Score: 1.773 | Last-10 eps: [0.2, 0.08, 0.15, 0.08, 0.15, 0.1, 0.1, 0.15, 0.25, 0.08] | NaN reward steps so far: 0
Episodes: 11000 | Mean Reward (last 10): 1.638 | Mean Score: 1.669 | Last-10 eps: [0.15, 0.2, 0.08, 0.15, 0.1, 0.15, 0.1, 0.3, 0.6, 0.15] | NaN reward steps so far: 0
Episodes: 11010 | Mean Reward (last 10): 1.706 | Mean Score: 1.730 | Last-10 eps: [0.3, 0.15, 0.08, 0.1, 0.2, 0.1, 0.1, 0.1, 0.1, 0.3] | NaN reward steps so far: 0
Episodes: 11020 | Mean Reward (last 10): 1.652 | Mean Score: 1.679 | Last-10 eps: [0.2, 0.08, 0.1, 0.3, 0.08, 0.08, 0.1, 0.1, 0.1, 0.08] | NaN reward steps so far: 0
Episodes: 11030 | Mean Reward (last 10): 1.643 | Mean Score: 1.672 | Last-10 eps: [0.08, 0.2, 0.1, 0.3, 0.1, 0.08, 0.3, 0.25, 0.3, 0.2] | NaN reward steps so far: 0
Episodes: 11040 | Mean Reward (last 10): 1.589 | Mean Score: 1.617 | Last-10 eps: [0.6, 0.2, 0.1, 0.15, 0.08, 0.15, 0.08, 0.1, 0.15, 0.15] | NaN reward steps so far: 0
Episodes: 11050 | Mean Reward (last 10): 1.707 | Mean Score: 1.730 | Last-10 eps: [0.3, 0.2, 0.08, 0.08, 0.05, 0.1, 0.3, 0.08, 0.1, 0.1] | NaN reward steps so far: 0
Episodes: 11060 | Mean Reward (last 10): 1.557 | Mean Score: 1.577 | Last-10 eps: [0.15, 0.2, 0.1, 0.3, 0.1, 0.5, 0.5, 0.08, 0.1, 0.2] | NaN reward steps so far: 0
Episodes: 11070 | Mean Reward (last 10): 1.699 | Mean Score: 1.727 | Last-10 eps: [0.1, 0.08, 0.08, 0.15, 0.4, 0.4, 0.08, 0.1, 0.3, 0.15] | NaN reward steps so far: 0
Episodes: 11080 | Mean Reward (last 10): 1.572 | Mean Score: 1.596 | Last-10 eps: [0.25, 0.08, 0.15, 0.08, 0.15, 0.25, 0.08, 0.15, 0.1, 0.4] | NaN reward steps so far: 0
Episodes: 11090 | Mean Reward (last 10): 1.726 | Mean Score: 1.753 | Last-10 eps: [0.15, 0.1, 0.15, 0.5, 0.05, 0.15, 0.1, 0.15, 0.08, 0.05] | NaN reward steps so far: 0
Episodes: 11100 | Mean Reward (last 10): 1.639 | Mean Score: 1.665 | Last-10 eps: [0.15, 0.25, 0.2, 0.15, 0.3, 0.15, 0.15, 0.15, 0.08, 0.5] | NaN reward steps so far: 0
Episodes: 11110 | Mean Reward (last 10): 1.789 | Mean Score: 1.812 | Last-10 eps: [0.05, 0.08, 0.15, 0.2, 0.25, 0.05, 0.15, 0.08, 0.15, 0.08] | NaN reward steps so far: 0
Episodes: 11120 | Mean Reward (last 10): 1.660 | Mean Score: 1.689 | Last-10 eps: [0.08, 0.08, 0.3, 0.08, 0.25, 0.15, 0.1, 0.15, 0.08, 0.15] | NaN reward steps so far: 0
Episodes: 11130 | Mean Reward (last 10): 1.733 | Mean Score: 1.755 | Last-10 eps: [0.1, 0.15, 0.2, 0.15, 0.1, 0.1, 0.15, 0.1, 0.2, 0.2] | NaN reward steps so far: 0
Episodes: 11140 | Mean Reward (last 10): 1.743 | Mean Score: 1.770 | Last-10 eps: [0.1, 0.1, 0.15, 0.08, 0.2, 0.1, 0.2, 0.1, 0.1, 0.1] | NaN reward steps so far: 0
Episodes: 11150 | Mean Reward (last 10): 1.546 | Mean Score: 1.573 | Last-10 eps: [0.1, 0.2, 0.25, 0.15, 0.08, 0.1, 0.2, 0.15, 0.15, 0.1] | NaN reward steps so far: 0
Episodes: 11160 | Mean Reward (last 10): 1.639 | Mean Score: 1.669 | Last-10 eps: [0.08, 0.25, 0.08, 0.25, 0.25, 0.15, 0.15, 0.3, 0.1, 0.1] | NaN reward steps so far: 0
Episodes: 11170 | Mean Reward (last 10): 1.498 | Mean Score: 1.522 | Last-10 eps: [0.1, 0.3, 0.08, 0.15, 0.1, 0.15, 0.15, 0.1, 0.3, 0.1] | NaN reward steps so far: 0
Episodes: 11180 | Mean Reward (last 10): 1.672 | Mean Score: 1.704 | Last-10 eps: [0.03, 0.15, 0.2, 0.08, 0.2, 0.2, 0.5, 0.3, 0.2, 0.15] | NaN reward steps so far: 0
Episodes: 11190 | Mean Reward (last 10): 1.644 | Mean Score: 1.670 | Last-10 eps: [0.1, 0.25, 0.08, 0.15, 0.1, 0.6, 0.1, 0.15, 0.15, 0.08] | NaN reward steps so far: 0
Episodes: 11200 | Mean Reward (last 10): 1.631 | Mean Score: 1.656 | Last-10 eps: [0.08, 0.1, 0.25, 0.05, 0.15, 0.15, 0.15, 0.15, 0.08, 0.25] | NaN reward steps so far: 0
Episodes: 11210 | Mean Reward (last 10): 1.730 | Mean Score: 1.757 | Last-10 eps: [0.08, 0.3, 0.25, 0.1, 0.1, 0.15, 0.08, 0.15, 0.2, 0.25] | NaN reward steps so far: 0
Episodes: 11220 | Mean Reward (last 10): 1.762 | Mean Score: 1.783 | Last-10 eps: [0.15, 0.05, 0.08, 0.08, 0.05, 0.08, 0.08, 0.15, 0.3, 0.1] | NaN reward steps so far: 0
Episodes: 11230 | Mean Reward (last 10): 1.671 | Mean Score: 1.696 | Last-10 eps: [0.08, 0.15, 0.08, 0.15, 0.3, 0.5, 0.15, 0.15, 0.15, 0.15] | NaN reward steps so far: 0
Episodes: 11240 | Mean Reward (last 10): 1.664 | Mean Score: 1.681 | Last-10 eps: [0.3, 0.2, 0.15, 0.1, 0.25, 0.2, 0.08, 0.15, 0.4, 0.15] | NaN reward steps so far: 0
Episodes: 11250 | Mean Reward (last 10): 1.692 | Mean Score: 1.720 | Last-10 eps: [0.1, 0.08, 0.2, 0.6, 0.08, 0.15, 0.08, 0.08, 0.08, 0.2] | NaN reward steps so far: 0
Episodes: 11260 | Mean Reward (last 10): 1.662 | Mean Score: 1.693 | Last-10 eps: [0.1, 0.08, 0.15, 0.1, 0.1, 0.15, 0.1, 0.08, 0.1, 0.1] | NaN reward steps so far: 0
Episodes: 11270 | Mean Reward (last 10): 1.633 | Mean Score: 1.660 | Last-10 eps: [0.25, 0.08, 0.2, 0.08, 0.1, 0.25, 0.25, 0.08, 0.15, 0.15] | NaN reward steps so far: 0
Episodes: 11280 | Mean Reward (last 10): 1.518 | Mean Score: 1.543 | Last-10 eps: [0.05, 0.1, 0.0, 0.15, 0.25, 0.08, 0.25, 0.2, 0.2, 0.08] | NaN reward steps so far: 0
Episodes: 11290 | Mean Reward (last 10): 1.659 | Mean Score: 1.685 | Last-10 eps: [0.2, 0.1, 0.2, 0.1, 0.2, 0.15, 0.15, 0.2, 0.25, 0.15] | NaN reward steps so far: 0
Episodes: 11300 | Mean Reward (last 10): 1.735 | Mean Score: 1.769 | Last-10 eps: [0.15, 0.15, 0.1, 0.25, 0.08, 0.08, 0.08, 0.08, 0.2, 0.1] | NaN reward steps so far: 0
Episodes: 11310 | Mean Reward (last 10): 1.618 | Mean Score: 1.645 | Last-10 eps: [0.1, 0.25, 0.15, 0.1, 0.3, 0.15, 0.15, 0.6, 0.08, 0.1] | NaN reward steps so far: 0
Episodes: 11320 | Mean Reward (last 10): 1.714 | Mean Score: 1.737 | Last-10 eps: [0.1, 0.2, 0.1, 0.15, 0.5, 0.1, 0.15, 0.08, 0.08, 0.25] | NaN reward steps so far: 0
Episodes: 11330 | Mean Reward (last 10): 1.649 | Mean Score: 1.677 | Last-10 eps: [0.6, 0.1, 0.15, 0.05, 0.08, 0.2, 0.1, 0.1, 0.1, 0.2] | NaN reward steps so far: 0
Episodes: 11340 | Mean Reward (last 10): 1.727 | Mean Score: 1.757 | Last-10 eps: [0.1, 0.08, 0.4, 0.3, 0.15, 0.15, 0.2, 0.1, 0.15, 0.1] | NaN reward steps so far: 0
Episodes: 11350 | Mean Reward (last 10): 1.736 | Mean Score: 1.758 | Last-10 eps: [0.1, 0.1, 0.2, 0.03, 0.1, 0.6, 0.15, 0.15, 0.08, 0.08] | NaN reward steps so far: 0
Episodes: 11360 | Mean Reward (last 10): 1.621 | Mean Score: 1.642 | Last-10 eps: [0.15, 0.1, 0.3, 0.2, 0.15, 0.3, 0.15, 0.15, 0.15, 0.1] | NaN reward steps so far: 0
Episodes: 11370 | Mean Reward (last 10): 1.708 | Mean Score: 1.733 | Last-10 eps: [0.05, 0.3, 0.08, 0.3, 0.15, 0.2, 0.2, 0.15, 0.08, 0.15] | NaN reward steps so far: 0
Episodes: 11380 | Mean Reward (last 10): 1.700 | Mean Score: 1.728 | Last-10 eps: [0.08, 0.2, 0.15, 0.25, 0.2, 0.08, 0.15, 0.1, 0.15, 0.15] | NaN reward steps so far: 0
Episodes: 11390 | Mean Reward (last 10): 1.767 | Mean Score: 1.799 | Last-10 eps: [0.08, 0.08, 0.1, 0.15, 0.15, 0.15, 0.1, 0.08, 0.1, 0.08] | NaN reward steps so far: 0
Episodes: 11400 | Mean Reward (last 10): 1.519 | Mean Score: 1.540 | Last-10 eps: [0.25, 0.15, 0.0, 0.08, 0.25, 0.15, 0.08, 0.25, 0.15, 0.2] | NaN reward steps so far: 0
Episodes: 11410 | Mean Reward (last 10): 1.740 | Mean Score: 1.767 | Last-10 eps: [0.05, 0.08, 0.08, 0.1, 0.2, 0.08, 0.2, 0.15, 0.05, 0.15] | NaN reward steps so far: 0
Episodes: 11420 | Mean Reward (last 10): 1.521 | Mean Score: 1.539 | Last-10 eps: [0.05, 0.2, 0.1, 0.15, 0.08, 0.15, 0.08, 0.2, 0.0, 0.3] | NaN reward steps so far: 0
Episodes: 11430 | Mean Reward (last 10): 1.738 | Mean Score: 1.763 | Last-10 eps: [0.08, 0.08, 0.2, 0.1, 0.1, 0.15, 0.1, 0.08, 0.08, 0.15] | NaN reward steps so far: 0
Episodes: 11440 | Mean Reward (last 10): 1.743 | Mean Score: 1.771 | Last-10 eps: [0.08, 0.15, 0.25, 0.2, 0.1, 0.15, 0.1, 0.08, 0.08, 0.2] | NaN reward steps so far: 0
Episodes: 11450 | Mean Reward (last 10): 1.582 | Mean Score: 1.609 | Last-10 eps: [0.15, 0.2, 0.1, 0.2, 0.08, 0.08, 0.2, 0.08, 0.15, 0.15] | NaN reward steps so far: 0
Episodes: 11460 | Mean Reward (last 10): 1.702 | Mean Score: 1.729 | Last-10 eps: [0.2, 0.2, 0.08, 0.08, 0.15, 0.15, 0.08, 0.08, 0.15, 0.2] | NaN reward steps so far: 0
Episodes: 11470 | Mean Reward (last 10): 1.734 | Mean Score: 1.756 | Last-10 eps: [0.25, 0.2, 0.15, 0.1, 0.08, 0.3, 0.08, 0.15, 0.1, 0.2] | NaN reward steps so far: 0
Episodes: 11480 | Mean Reward (last 10): 1.690 | Mean Score: 1.712 | Last-10 eps: [0.2, 0.1, 0.15, 0.15, 0.25, 0.08, 0.1, 0.2, 0.08, 0.08] | NaN reward steps so far: 0
Episodes: 11490 | Mean Reward (last 10): 1.715 | Mean Score: 1.742 | Last-10 eps: [0.2, 0.2, 0.08, 0.05, 0.08, 0.15, 0.08, 0.08, 0.25, 0.1] | NaN reward steps so far: 0
Episodes: 11500 | Mean Reward (last 10): 1.717 | Mean Score: 1.744 | Last-10 eps: [0.08, 0.2, 0.2, 0.15, 0.08, 0.08, 0.2, 0.1, 0.2, 0.15] | NaN reward steps so far: 0
Episodes: 11510 | Mean Reward (last 10): 1.631 | Mean Score: 1.656 | Last-10 eps: [0.08, 0.15, 0.2, 0.25, 0.08, 0.1, 0.1, 0.1, 0.08, 0.08] | NaN reward steps so far: 0
Episodes: 11520 | Mean Reward (last 10): 1.718 | Mean Score: 1.742 | Last-10 eps: [0.25, 0.08, 0.1, 0.08, 0.3, 0.1, 0.05, 0.4, 0.3, 0.15] | NaN reward steps so far: 0
Episodes: 11530 | Mean Reward (last 10): 1.688 | Mean Score: 1.716 | Last-10 eps: [0.3, 0.25, 0.1, 0.08, 0.1, 0.08, 0.15, 0.2, 0.1, 0.1] | NaN reward steps so far: 0
Episodes: 11540 | Mean Reward (last 10): 1.836 | Mean Score: 1.859 | Last-10 eps: [0.08, 0.05, 0.15, 0.1, 0.25, 0.2, 0.08, 0.08, 0.05, 0.25] | NaN reward steps so far: 0
Episodes: 11550 | Mean Reward (last 10): 1.675 | Mean Score: 1.696 | Last-10 eps: [0.2, 0.15, 0.15, 0.1, 0.08, 0.2, 0.08, 0.15, 0.15, 0.15] | NaN reward steps so far: 0
Episodes: 11560 | Mean Reward (last 10): 1.807 | Mean Score: 1.834 | Last-10 eps: [0.08, 0.1, 0.1, 0.08, 0.08, 0.15, 0.08, 0.1, 0.2, 0.15] | NaN reward steps so far: 0
Episodes: 11570 | Mean Reward (last 10): 1.659 | Mean Score: 1.692 | Last-10 eps: [0.05, 0.1, 0.3, 0.15, 0.1, 0.2, 0.1, 0.1, 0.25, 0.08] | NaN reward steps so far: 0
Episodes: 11580 | Mean Reward (last 10): 1.690 | Mean Score: 1.716 | Last-10 eps: [0.08, 0.4, 0.08, 0.15, 0.15, 0.15, 0.5, 0.15, 0.1, 0.08] | NaN reward steps so far: 0
Episodes: 11590 | Mean Reward (last 10): 1.642 | Mean Score: 1.670 | Last-10 eps: [0.15, 0.25, 0.25, 0.15, 0.4, 0.25, 0.5, 0.08, 0.1, 0.08] | NaN reward steps so far: 0
-----------------------------------------
| rollout/                |             |
|    ep_len_mean          | 2.62        |
|    ep_rew_mean          | 1.69        |
| time/                   |             |
|    fps                  | 1           |
|    iterations           | 13          |
|    time_elapsed         | 13460       |
|    total_timesteps      | 26624       |
| train/                  |             |
|    approx_kl            | 0.019002326 |
|    clip_fraction        | 0.224       |
|    clip_range           | 0.2         |
|    entropy_loss         | -5.94       |
|    explained_variance   | 0.978       |
|    learning_rate        | 0.0003      |
|    loss                 | -0.00544    |
|    n_updates            | 120         |
|    policy_gradient_loss | -0.044      |
|    value_loss           | 0.0795      |
-----------------------------------------
Episodes: 11600 | Mean Reward (last 10): 1.541 | Mean Score: 1.564 | Last-10 eps: [0.2, 0.15, 0.1, 0.2, 0.08, 0.05, 0.2, 0.2, 0.6, 0.15] | NaN reward steps so far: 0
Episodes: 11610 | Mean Reward (last 10): 1.694 | Mean Score: 1.718 | Last-10 eps: [0.4, 0.05, 0.1, 0.1, 0.25, 0.15, 0.15, 0.1, 0.1, 0.1] | NaN reward steps so far: 0
Episodes: 11620 | Mean Reward (last 10): 1.676 | Mean Score: 1.700 | Last-10 eps: [0.15, 0.4, 0.15, 0.1, 0.1, 0.15, 0.2, 0.08, 0.25, 0.15] | NaN reward steps so far: 0
Episodes: 11630 | Mean Reward (last 10): 1.548 | Mean Score: 1.572 | Last-10 eps: [0.2, 0.1, 0.2, 0.2, 0.15, 0.1, 0.08, 0.15, 0.3, 0.25] | NaN reward steps so far: 0
Episodes: 11640 | Mean Reward (last 10): 1.607 | Mean Score: 1.639 | Last-10 eps: [0.15, 0.2, 0.2, 0.25, 0.2, 0.1, 0.4, 0.1, 0.3, 0.08] | NaN reward steps so far: 0
Episodes: 11650 | Mean Reward (last 10): 1.669 | Mean Score: 1.698 | Last-10 eps: [0.15, 0.15, 0.1, 0.08, 0.1, 0.15, 0.1, 0.1, 0.25, 0.15] | NaN reward steps so far: 0
Episodes: 11660 | Mean Reward (last 10): 1.565 | Mean Score: 1.590 | Last-10 eps: [0.1, 0.1, 0.08, 0.15, 0.2, 0.15, 0.08, 0.1, 0.15, 0.08] | NaN reward steps so far: 0
Episodes: 11670 | Mean Reward (last 10): 1.710 | Mean Score: 1.736 | Last-10 eps: [0.15, 0.2, 0.1, 0.2, 0.2, 0.15, 0.1, 0.1, 0.1, 0.2] | NaN reward steps so far: 0
Episodes: 11680 | Mean Reward (last 10): 1.654 | Mean Score: 1.674 | Last-10 eps: [0.08, 0.25, 0.08, 0.08, 0.2, 0.5, 0.25, 0.1, 0.15, 0.2] | NaN reward steps so far: 0
Episodes: 11690 | Mean Reward (last 10): 1.659 | Mean Score: 1.688 | Last-10 eps: [0.08, 0.15, 0.15, 0.1, 0.15, 0.08, 0.08, 0.08, 0.3, 0.08] | NaN reward steps so far: 0
Episodes: 11700 | Mean Reward (last 10): 1.749 | Mean Score: 1.778 | Last-10 eps: [0.08, 0.3, 0.3, 0.2, 0.2, 0.05, 0.08, 0.15, 0.25, 0.1] | NaN reward steps so far: 0
Episodes: 11710 | Mean Reward (last 10): 1.726 | Mean Score: 1.751 | Last-10 eps: [0.08, 0.15, 0.2, 0.1, 0.08, 0.08, 0.2, 0.15, 0.5, 0.08] | NaN reward steps so far: 0
Episodes: 11720 | Mean Reward (last 10): 1.705 | Mean Score: 1.733 | Last-10 eps: [0.6, 0.15, 0.05, 0.15, 0.15, 0.25, 0.1, 0.1, 0.1, 0.25] | NaN reward steps so far: 0
Episodes: 11730 | Mean Reward (last 10): 1.580 | Mean Score: 1.615 | Last-10 eps: [0.15, 0.15, 0.08, 0.15, 0.2, 0.25, 0.15, 0.15, 0.4, 0.15] | NaN reward steps so far: 0
Episodes: 11740 | Mean Reward (last 10): 1.573 | Mean Score: 1.599 | Last-10 eps: [0.2, 0.15, 0.6, 0.1, 0.1, 0.3, 0.15, 0.15, 0.15, 0.08] | NaN reward steps so far: 0
Episodes: 11750 | Mean Reward (last 10): 1.605 | Mean Score: 1.631 | Last-10 eps: [0.2, 0.1, 0.1, 0.15, 0.1, 0.15, 0.3, 0.15, 0.15, 0.2] | NaN reward steps so far: 0
Episodes: 11760 | Mean Reward (last 10): 1.737 | Mean Score: 1.767 | Last-10 eps: [0.1, 0.15, 0.08, 0.08, 0.08, 0.15, 0.1, 0.6, 0.1, 0.08] | NaN reward steps so far: 0
Episodes: 11770 | Mean Reward (last 10): 1.542 | Mean Score: 1.568 | Last-10 eps: [0.25, 0.1, 0.2, 0.08, 0.1, 0.1, 0.08, 0.15, 0.1, 0.08] | NaN reward steps so far: 0
Episodes: 11780 | Mean Reward (last 10): 1.635 | Mean Score: 1.660 | Last-10 eps: [0.2, 0.15, 0.15, 0.15, 0.2, 0.15, 0.1, 0.25, 0.3, 0.1] | NaN reward steps so far: 0
Episodes: 11790 | Mean Reward (last 10): 1.694 | Mean Score: 1.721 | Last-10 eps: [0.15, 0.15, 0.08, 0.1, 0.1, 0.15, 0.15, 0.2, 0.2, 0.1] | NaN reward steps so far: 0
Episodes: 11800 | Mean Reward (last 10): 1.743 | Mean Score: 1.767 | Last-10 eps: [0.3, 0.08, 0.15, 0.2, 0.08, 0.1, 0.1, 0.08, 0.25, 0.1] | NaN reward steps so far: 0
Episodes: 11810 | Mean Reward (last 10): 1.714 | Mean Score: 1.738 | Last-10 eps: [0.1, 0.08, 0.25, 0.1, 0.1, 0.08, 0.2, 0.1, 0.2, 0.15] | NaN reward steps so far: 0
Episodes: 11820 | Mean Reward (last 10): 1.695 | Mean Score: 1.718 | Last-10 eps: [0.15, 0.08, 0.15, 0.15, 0.1, 0.2, 0.15, 0.3, 0.15, 0.08] | NaN reward steps so far: 0
Episodes: 11830 | Mean Reward (last 10): 1.703 | Mean Score: 1.727 | Last-10 eps: [0.25, 0.08, 0.15, 0.2, 0.15, 0.08, 0.1, 0.1, 0.3, 0.08] | NaN reward steps so far: 0
Episodes: 11840 | Mean Reward (last 10): 1.621 | Mean Score: 1.644 | Last-10 eps: [0.15, 0.2, 0.2, 0.08, 0.08, 0.15, 0.1, 0.25, 0.15, 0.25] | NaN reward steps so far: 0
Episodes: 11850 | Mean Reward (last 10): 1.558 | Mean Score: 1.582 | Last-10 eps: [0.15, 0.1, 0.15, 0.25, 0.2, 0.1, 0.15, 0.1, 0.2, 0.15] | NaN reward steps so far: 0
Episodes: 11860 | Mean Reward (last 10): 1.668 | Mean Score: 1.694 | Last-10 eps: [0.1, 0.1, 0.3, 0.15, 0.1, 0.15, 0.1, 0.15, 0.2, 0.4] | NaN reward steps so far: 0
Episodes: 11870 | Mean Reward (last 10): 1.713 | Mean Score: 1.743 | Last-10 eps: [0.3, 0.1, 0.4, 0.4, 0.3, 0.08, 0.15, 0.08, 0.05, 0.1] | NaN reward steps so far: 0
Episodes: 11880 | Mean Reward (last 10): 1.562 | Mean Score: 1.595 | Last-10 eps: [0.08, 0.08, 0.1, 0.15, 0.15, 0.15, 0.2, 0.1, 0.2, 0.05] | NaN reward steps so far: 0
Episodes: 11890 | Mean Reward (last 10): 1.595 | Mean Score: 1.621 | Last-10 eps: [0.15, 0.1, 0.15, 0.1, 0.15, 0.25, 0.1, 0.2, 0.1, 0.15] | NaN reward steps so far: 0
Episodes: 11900 | Mean Reward (last 10): 1.570 | Mean Score: 1.596 | Last-10 eps: [0.1, 0.25, 0.1, 0.25, 0.08, 0.25, 0.15, 0.25, 0.08, 0.1] | NaN reward steps so far: 0
Episodes: 11910 | Mean Reward (last 10): 1.742 | Mean Score: 1.771 | Last-10 eps: [0.08, 0.2, 0.08, 0.15, 0.15, 0.08, 0.2, 0.1, 0.15, 0.2] | NaN reward steps so far: 0
Episodes: 11920 | Mean Reward (last 10): 1.641 | Mean Score: 1.672 | Last-10 eps: [0.15, 0.15, 0.08, 0.15, 0.05, 0.15, 0.2, 0.1, 0.15, 0.08] | NaN reward steps so far: 0
Episodes: 11930 | Mean Reward (last 10): 1.680 | Mean Score: 1.704 | Last-10 eps: [0.08, 0.08, 0.2, 0.15, 0.08, 0.2, 0.2, 0.08, 0.1, 0.08] | NaN reward steps so far: 0
Episodes: 11940 | Mean Reward (last 10): 1.709 | Mean Score: 1.739 | Last-10 eps: [0.1, 0.15, 0.2, 0.08, 0.08, 0.08, 0.15, 0.15, 0.2, 0.08] | NaN reward steps so far: 0
Episodes: 11950 | Mean Reward (last 10): 1.612 | Mean Score: 1.642 | Last-10 eps: [0.1, 0.2, 0.25, 0.1, 0.1, 0.15, 0.15, 0.2, 0.1, 0.08] | NaN reward steps so far: 0
Episodes: 11960 | Mean Reward (last 10): 1.660 | Mean Score: 1.683 | Last-10 eps: [0.1, 0.15, 0.15, 0.15, 0.25, 0.1, 0.2, 0.08, 0.3, 0.5] | NaN reward steps so far: 0
Episodes: 11970 | Mean Reward (last 10): 1.462 | Mean Score: 1.488 | Last-10 eps: [0.08, 0.1, 0.15, 0.25, 0.1, 0.15, 0.0, 0.5, 0.25, 0.15] | NaN reward steps so far: 0
Episodes: 11980 | Mean Reward (last 10): 1.707 | Mean Score: 1.735 | Last-10 eps: [0.08, 0.2, 0.15, 0.15, 0.1, 0.15, 0.15, 0.25, 0.1, 0.3] | NaN reward steps so far: 0
Episodes: 11990 | Mean Reward (last 10): 1.700 | Mean Score: 1.732 | Last-10 eps: [0.15, 0.1, 0.15, 0.1, 0.1, 0.1, 0.1, 0.1, 0.2, 0.08] | NaN reward steps so far: 0
Episodes: 12000 | Mean Reward (last 10): 1.572 | Mean Score: 1.604 | Last-10 eps: [0.2, 0.3, 0.15, 0.15, 0.1, 0.08, 0.2, 0.1, 0.15, 0.25] | NaN reward steps so far: 0
Episodes: 12010 | Mean Reward (last 10): 1.633 | Mean Score: 1.659 | Last-10 eps: [0.15, 0.08, 0.15, 0.25, 0.1, 0.15, 0.15, 0.05, 0.15, 0.25] | NaN reward steps so far: 0
Episodes: 12020 | Mean Reward (last 10): 1.704 | Mean Score: 1.729 | Last-10 eps: [0.08, 0.1, 0.08, 0.05, 0.2, 0.2, 0.1, 0.2, 0.1, 0.25] | NaN reward steps so far: 0
Episodes: 12030 | Mean Reward (last 10): 1.782 | Mean Score: 1.808 | Last-10 eps: [0.6, 0.25, 0.25, 0.15, 0.2, 0.1, 0.1, 0.1, 0.1, 0.1] | NaN reward steps so far: 0
Episodes: 12040 | Mean Reward (last 10): 1.702 | Mean Score: 1.735 | Last-10 eps: [0.1, 0.08, 0.15, 0.08, 0.15, 0.1, 0.25, 0.25, 0.2, 0.15] | NaN reward steps so far: 0
Episodes: 12050 | Mean Reward (last 10): 1.706 | Mean Score: 1.728 | Last-10 eps: [0.05, 0.15, 0.1, 0.1, 0.15, 0.08, 0.08, 0.1, 0.08, 0.3] | NaN reward steps so far: 0
Episodes: 12060 | Mean Reward (last 10): 1.592 | Mean Score: 1.621 | Last-10 eps: [0.1, 0.15, 0.1, 0.15, 0.03, 0.1, 0.15, 0.1, 0.2, 0.15] | NaN reward steps so far: 0
Episodes: 12070 | Mean Reward (last 10): 1.727 | Mean Score: 1.750 | Last-10 eps: [0.15, 0.2, 0.2, 0.25, 0.15, 0.15, 0.1, 0.08, 0.08, 0.15] | NaN reward steps so far: 0
Episodes: 12080 | Mean Reward (last 10): 1.557 | Mean Score: 1.586 | Last-10 eps: [0.08, 0.3, 0.15, 0.15, 0.1, 0.15, 0.08, 0.15, 0.15, 0.5] | NaN reward steps so far: 0
Episodes: 12090 | Mean Reward (last 10): 1.795 | Mean Score: 1.813 | Last-10 eps: [0.1, 0.2, 0.5, 0.08, 0.08, 0.3, 0.08, 0.1, 0.15, 0.08] | NaN reward steps so far: 0
Episodes: 12100 | Mean Reward (last 10): 1.622 | Mean Score: 1.653 | Last-10 eps: [0.08, 0.2, 0.1, 0.15, 0.25, 0.2, 0.1, 0.15, 0.15, 0.08] | NaN reward steps so far: 0
Episodes: 12110 | Mean Reward (last 10): 1.752 | Mean Score: 1.779 | Last-10 eps: [0.1, 0.1, 0.2, 0.1, 0.1, 0.1, 0.08, 0.1, 0.15, 0.08] | NaN reward steps so far: 0
Episodes: 12120 | Mean Reward (last 10): 1.473 | Mean Score: 1.504 | Last-10 eps: [0.1, 0.08, 0.3, 0.2, 0.0, 0.15, 0.08, 0.6, 0.15, 0.05] | NaN reward steps so far: 0
Episodes: 12130 | Mean Reward (last 10): 1.755 | Mean Score: 1.782 | Last-10 eps: [0.1, 0.08, 0.1, 0.15, 0.08, 0.15, 0.2, 0.25, 0.2, 0.08] | NaN reward steps so far: 0
Episodes: 12140 | Mean Reward (last 10): 1.634 | Mean Score: 1.654 | Last-10 eps: [0.08, 0.1, 0.15, 0.15, 0.25, 0.15, 0.08, 0.25, 0.1, 0.25] | NaN reward steps so far: 0
Episodes: 12150 | Mean Reward (last 10): 1.722 | Mean Score: 1.749 | Last-10 eps: [0.25, 0.15, 0.05, 0.08, 0.1, 0.08, 0.15, 0.15, 0.15, 0.05] | NaN reward steps so far: 0
Episodes: 12160 | Mean Reward (last 10): 1.678 | Mean Score: 1.708 | Last-10 eps: [0.15, 0.1, 0.2, 0.15, 0.1, 0.4, 0.1, 0.6, 0.15, 0.1] | NaN reward steps so far: 0
Episodes: 12170 | Mean Reward (last 10): 1.787 | Mean Score: 1.811 | Last-10 eps: [0.15, 0.1, 0.25, 0.2, 0.2, 0.5, 0.15, 0.08, 0.3, 0.03] | NaN reward steps so far: 0
Episodes: 12180 | Mean Reward (last 10): 1.802 | Mean Score: 1.819 | Last-10 eps: [0.2, 0.05, 0.08, 0.08, 0.25, 0.25, 0.2, 0.2, 0.1, 0.08] | NaN reward steps so far: 0
Episodes: 12190 | Mean Reward (last 10): 1.687 | Mean Score: 1.710 | Last-10 eps: [0.08, 0.3, 0.1, 0.08, 0.1, 0.2, 0.15, 0.2, 0.15, 0.15] | NaN reward steps so far: 0
Episodes: 12200 | Mean Reward (last 10): 1.752 | Mean Score: 1.771 | Last-10 eps: [0.1, 0.08, 0.2, 0.08, 0.1, 0.08, 0.1, 0.5, 0.25, 0.08] | NaN reward steps so far: 0
Episodes: 12210 | Mean Reward (last 10): 1.669 | Mean Score: 1.700 | Last-10 eps: [0.15, 0.2, 0.15, 0.2, 0.08, 0.08, 0.08, 0.08, 0.5, 0.15] | NaN reward steps so far: 0
Episodes: 12220 | Mean Reward (last 10): 1.804 | Mean Score: 1.828 | Last-10 eps: [0.15, 0.15, 0.05, 0.25, 0.08, 0.08, 0.05, 0.1, 0.08, 0.08] | NaN reward steps so far: 0
Episodes: 12230 | Mean Reward (last 10): 1.769 | Mean Score: 1.798 | Last-10 eps: [0.2, 0.15, 0.05, 0.1, 0.15, 0.1, 0.05, 0.08, 0.1, 0.08] | NaN reward steps so far: 0
Episodes: 12240 | Mean Reward (last 10): 1.744 | Mean Score: 1.766 | Last-10 eps: [0.15, 0.2, 0.25, 0.15, 0.6, 0.25, 0.1, 0.08, 0.08, 0.08] | NaN reward steps so far: 0
Episodes: 12250 | Mean Reward (last 10): 1.773 | Mean Score: 1.803 | Last-10 eps: [0.08, 0.15, 0.08, 0.6, 0.15, 0.2, 0.08, 0.1, 0.15, 0.15] | NaN reward steps so far: 0
Episodes: 12260 | Mean Reward (last 10): 1.697 | Mean Score: 1.721 | Last-10 eps: [0.15, 0.25, 0.15, 0.15, 0.25, 0.2, 0.08, 0.15, 0.08, 0.15] | NaN reward steps so far: 0
Episodes: 12270 | Mean Reward (last 10): 1.725 | Mean Score: 1.753 | Last-10 eps: [0.1, 0.15, 0.15, 0.08, 0.25, 0.08, 0.2, 0.08, 0.15, 0.1] | NaN reward steps so far: 0
Episodes: 12280 | Mean Reward (last 10): 1.701 | Mean Score: 1.726 | Last-10 eps: [0.2, 0.15, 0.1, 0.08, 0.15, 0.2, 0.6, 0.2, 0.2, 0.25] | NaN reward steps so far: 0
Episodes: 12290 | Mean Reward (last 10): 1.622 | Mean Score: 1.648 | Last-10 eps: [0.3, 0.08, 0.15, 0.15, 0.3, 0.15, 0.5, 0.4, 0.2, 0.05] | NaN reward steps so far: 0
Episodes: 12300 | Mean Reward (last 10): 1.696 | Mean Score: 1.722 | Last-10 eps: [0.1, 0.08, 0.08, 0.1, 0.08, 0.08, 0.4, 0.2, 0.2, 0.1] | NaN reward steps so far: 0
Episodes: 12310 | Mean Reward (last 10): 1.566 | Mean Score: 1.595 | Last-10 eps: [0.08, 0.3, 0.08, 0.1, 0.08, 0.2, 0.25, 0.1, 0.25, 0.08] | NaN reward steps so far: 0
Episodes: 12320 | Mean Reward (last 10): 1.776 | Mean Score: 1.801 | Last-10 eps: [0.05, 0.08, 0.15, 0.15, 0.08, 0.1, 0.25, 0.3, 0.08, 0.15] | NaN reward steps so far: 0
Episodes: 12330 | Mean Reward (last 10): 1.657 | Mean Score: 1.689 | Last-10 eps: [0.1, 0.25, 0.2, 0.1, 0.1, 0.05, 0.3, 0.1, 0.08, 0.1] | NaN reward steps so far: 0
Episodes: 12340 | Mean Reward (last 10): 1.594 | Mean Score: 1.630 | Last-10 eps: [0.2, 0.2, 0.15, 0.15, 0.15, 0.1, 0.25, 0.1, 0.15, 0.1] | NaN reward steps so far: 0
Episodes: 12350 | Mean Reward (last 10): 1.571 | Mean Score: 1.599 | Last-10 eps: [0.08, 0.25, 0.1, 0.15, 0.2, 0.08, 0.2, 0.15, 0.1, 0.15] | NaN reward steps so far: 0
Episodes: 12360 | Mean Reward (last 10): 1.764 | Mean Score: 1.791 | Last-10 eps: [0.08, 0.2, 0.2, 0.25, 0.08, 0.05, 0.03, 0.15, 0.08, 0.6] | NaN reward steps so far: 0
----------------------------------------
| rollout/                |            |
|    ep_len_mean          | 2.8        |
|    ep_rew_mean          | 1.67       |
| time/                   |            |
|    fps                  | 1          |
|    iterations           | 14         |
|    time_elapsed         | 14395      |
|    total_timesteps      | 28672      |
| train/                  |            |
|    approx_kl            | 0.01729344 |
|    clip_fraction        | 0.223      |
|    clip_range           | 0.2        |
|    entropy_loss         | -5.85      |
|    explained_variance   | 0.974      |
|    learning_rate        | 0.0003     |
|    loss                 | -0.0838    |
|    n_updates            | 130        |
|    policy_gradient_loss | -0.0419    |
|    value_loss           | 0.118      |
----------------------------------------
Episodes: 12370 | Mean Reward (last 10): 1.715 | Mean Score: 1.738 | Last-10 eps: [0.1, 0.15, 0.05, 0.08, 0.2, 0.15, 0.08, 0.08, 0.08, 0.1] | NaN reward steps so far: 0
Episodes: 12380 | Mean Reward (last 10): 1.697 | Mean Score: 1.725 | Last-10 eps: [0.1, 0.15, 0.1, 0.6, 0.08, 0.2, 0.08, 0.1, 0.08, 0.25] | NaN reward steps so far: 0
Episodes: 12390 | Mean Reward (last 10): 1.702 | Mean Score: 1.726 | Last-10 eps: [0.5, 0.05, 0.1, 0.08, 0.25, 0.08, 0.08, 0.05, 0.08, 0.15] | NaN reward steps so far: 0
Episodes: 12400 | Mean Reward (last 10): 1.620 | Mean Score: 1.643 | Last-10 eps: [0.08, 0.08, 0.1, 0.15, 0.15, 0.15, 0.15, 0.08, 0.1, 0.2] | NaN reward steps so far: 0
Episodes: 12410 | Mean Reward (last 10): 1.650 | Mean Score: 1.682 | Last-10 eps: [0.15, 0.05, 0.2, 0.15, 0.15, 0.2, 0.15, 0.1, 0.1, 0.08] | NaN reward steps so far: 0
Episodes: 12420 | Mean Reward (last 10): 1.693 | Mean Score: 1.714 | Last-10 eps: [0.15, 0.15, 0.08, 0.1, 0.4, 0.25, 0.08, 0.1, 0.08, 0.15] | NaN reward steps so far: 0
Episodes: 12430 | Mean Reward (last 10): 1.670 | Mean Score: 1.696 | Last-10 eps: [0.15, 0.15, 0.1, 0.2, 0.3, 0.05, 0.1, 0.3, 0.1, 0.08] | NaN reward steps so far: 0
Episodes: 12440 | Mean Reward (last 10): 1.662 | Mean Score: 1.684 | Last-10 eps: [0.1, 0.15, 0.2, 0.1, 0.3, 0.15, 0.15, 0.08, 0.15, 0.08] | NaN reward steps so far: 0
Episodes: 12450 | Mean Reward (last 10): 1.675 | Mean Score: 1.703 | Last-10 eps: [0.1, 0.1, 0.1, 0.08, 0.15, 0.08, 0.1, 0.2, 0.25, 0.08] | NaN reward steps so far: 0
Episodes: 12460 | Mean Reward (last 10): 1.726 | Mean Score: 1.752 | Last-10 eps: [0.15, 0.3, 0.05, 0.15, 0.1, 0.15, 0.03, 0.15, 0.1, 0.1] | NaN reward steps so far: 0
Episodes: 12470 | Mean Reward (last 10): 1.760 | Mean Score: 1.787 | Last-10 eps: [0.1, 0.2, 0.05, 0.1, 0.15, 0.2, 0.15, 0.1, 0.2, 0.15] | NaN reward steps so far: 0
Episodes: 12480 | Mean Reward (last 10): 1.714 | Mean Score: 1.742 | Last-10 eps: [0.08, 0.2, 0.1, 0.2, 0.08, 0.05, 0.08, 0.15, 0.15, 0.1] | NaN reward steps so far: 0
Episodes: 12490 | Mean Reward (last 10): 1.708 | Mean Score: 1.728 | Last-10 eps: [0.08, 0.08, 0.15, 0.1, 0.08, 0.05, 0.15, 0.15, 0.1, 0.15] | NaN reward steps so far: 0
Episodes: 12500 | Mean Reward (last 10): 1.699 | Mean Score: 1.727 | Last-10 eps: [0.1, 0.15, 0.15, 0.08, 0.15, 0.1, 0.1, 0.08, 0.08, 0.2] | NaN reward steps so far: 0
Episodes: 12510 | Mean Reward (last 10): 1.697 | Mean Score: 1.720 | Last-10 eps: [0.1, 0.15, 0.25, 0.25, 0.1, 0.2, 0.1, 0.15, 0.05, 0.1] | NaN reward steps so far: 0
Episodes: 12520 | Mean Reward (last 10): 1.614 | Mean Score: 1.643 | Last-10 eps: [0.3, 0.15, 0.1, 0.1, 0.08, 0.15, 0.15, 0.2, 0.15, 0.1] | NaN reward steps so far: 0
Episodes: 12530 | Mean Reward (last 10): 1.760 | Mean Score: 1.786 | Last-10 eps: [0.2, 0.08, 0.2, 0.05, 0.15, 0.15, 0.08, 0.08, 0.25, 0.2] | NaN reward steps so far: 0
Episodes: 12540 | Mean Reward (last 10): 1.733 | Mean Score: 1.756 | Last-10 eps: [0.2, 0.08, 0.08, 0.15, 0.05, 0.15, 0.15, 0.08, 0.1, 0.2] | NaN reward steps so far: 0
Episodes: 12550 | Mean Reward (last 10): 1.633 | Mean Score: 1.662 | Last-10 eps: [0.15, 0.08, 0.2, 0.3, 0.1, 0.2, 0.08, 0.1, 0.08, 0.15] | NaN reward steps so far: 0
Episodes: 12560 | Mean Reward (last 10): 1.646 | Mean Score: 1.668 | Last-10 eps: [0.15, 0.1, 0.1, 0.15, 0.2, 0.15, 0.08, 0.15, 0.4, 0.2] | NaN reward steps so far: 0
Episodes: 12570 | Mean Reward (last 10): 1.683 | Mean Score: 1.714 | Last-10 eps: [0.25, 0.1, 0.05, 0.03, 0.1, 0.2, 0.08, 0.1, 0.15, 0.5] | NaN reward steps so far: 0
Episodes: 12580 | Mean Reward (last 10): 1.646 | Mean Score: 1.675 | Last-10 eps: [0.05, 0.25, 0.1, 0.1, 0.5, 0.08, 0.2, 0.1, 0.15, 0.6] | NaN reward steps so far: 0
Episodes: 12590 | Mean Reward (last 10): 1.738 | Mean Score: 1.760 | Last-10 eps: [0.1, 0.1, 0.08, 0.2, 0.15, 0.08, 0.15, 0.2, 0.08, 0.2] | NaN reward steps so far: 0
Episodes: 12600 | Mean Reward (last 10): 1.635 | Mean Score: 1.663 | Last-10 eps: [0.2, 0.08, 0.15, 0.15, 0.25, 0.08, 0.3, 0.15, 0.1, 0.08] | NaN reward steps so far: 0
Episodes: 12610 | Mean Reward (last 10): 1.749 | Mean Score: 1.774 | Last-10 eps: [0.3, 0.08, 0.08, 0.15, 0.08, 0.25, 0.15, 0.15, 0.15, 0.05] | NaN reward steps so far: 0
Episodes: 12620 | Mean Reward (last 10): 1.644 | Mean Score: 1.672 | Last-10 eps: [0.2, 0.1, 0.15, 0.08, 0.2, 0.15, 0.25, 0.15, 0.15, 0.15] | NaN reward steps so far: 0
Episodes: 12630 | Mean Reward (last 10): 1.582 | Mean Score: 1.608 | Last-10 eps: [0.15, 0.03, 0.2, 0.1, 0.2, 0.08, 0.3, 0.15, 0.15, 0.15] | NaN reward steps so far: 0
Episodes: 12640 | Mean Reward (last 10): 1.750 | Mean Score: 1.775 | Last-10 eps: [0.3, 0.08, 0.1, 0.08, 0.08, 0.08, 0.15, 0.08, 0.25, 0.15] | NaN reward steps so far: 0
Episodes: 12650 | Mean Reward (last 10): 1.730 | Mean Score: 1.756 | Last-10 eps: [0.08, 0.08, 0.08, 0.25, 0.5, 0.1, 0.1, 0.1, 0.15, 0.15] | NaN reward steps so far: 0
Episodes: 12660 | Mean Reward (last 10): 1.688 | Mean Score: 1.708 | Last-10 eps: [0.15, 0.1, 0.15, 0.25, 0.08, 0.15, 0.3, 0.15, 0.15, 0.15] | NaN reward steps so far: 0
Episodes: 12670 | Mean Reward (last 10): 1.683 | Mean Score: 1.703 | Last-10 eps: [0.15, 0.08, 0.1, 0.5, 0.08, 0.25, 0.5, 0.08, 0.1, 0.15] | NaN reward steps so far: 0
Episodes: 12680 | Mean Reward (last 10): 1.681 | Mean Score: 1.704 | Last-10 eps: [0.2, 0.1, 0.2, 0.1, 0.1, 0.25, 0.15, 0.15, 0.1, 0.15] | NaN reward steps so far: 0
Episodes: 12690 | Mean Reward (last 10): 1.728 | Mean Score: 1.750 | Last-10 eps: [0.08, 0.25, 0.6, 0.08, 0.08, 0.08, 0.15, 0.1, 0.15, 0.08] | NaN reward steps so far: 0
Episodes: 12700 | Mean Reward (last 10): 1.737 | Mean Score: 1.761 | Last-10 eps: [0.08, 0.08, 0.2, 0.2, 0.15, 0.08, 0.05, 0.15, 0.2, 0.15] | NaN reward steps so far: 0
Episodes: 12710 | Mean Reward (last 10): 1.623 | Mean Score: 1.647 | Last-10 eps: [0.1, 0.15, 0.2, 0.15, 0.08, 0.25, 0.15, 0.05, 0.2, 0.5] | NaN reward steps so far: 0
Episodes: 12720 | Mean Reward (last 10): 1.679 | Mean Score: 1.713 | Last-10 eps: [0.1, 0.08, 0.15, 0.1, 0.15, 0.08, 0.08, 0.2, 0.25, 0.1] | NaN reward steps so far: 0
Episodes: 12730 | Mean Reward (last 10): 1.735 | Mean Score: 1.759 | Last-10 eps: [0.1, 0.08, 0.15, 0.15, 0.5, 0.05, 0.08, 0.15, 0.15, 0.2] | NaN reward steps so far: 0
Episodes: 12740 | Mean Reward (last 10): 1.679 | Mean Score: 1.709 | Last-10 eps: [0.1, 0.1, 0.08, 0.25, 0.15, 0.1, 0.1, 0.08, 0.15, 0.08] | NaN reward steps so far: 0
Episodes: 12750 | Mean Reward (last 10): 1.731 | Mean Score: 1.757 | Last-10 eps: [0.05, 0.08, 0.1, 0.15, 0.08, 0.25, 0.2, 0.1, 0.1, 0.15] | NaN reward steps so far: 0
Episodes: 12760 | Mean Reward (last 10): 1.698 | Mean Score: 1.715 | Last-10 eps: [0.08, 0.15, 0.15, 0.15, 0.1, 0.1, 0.2, 0.2, 0.08, 0.4] | NaN reward steps so far: 0
Episodes: 12770 | Mean Reward (last 10): 1.683 | Mean Score: 1.712 | Last-10 eps: [0.1, 0.2, 0.1, 0.2, 0.08, 0.1, 0.4, 0.4, 0.08, 0.15] | NaN reward steps so far: 0
Episodes: 12780 | Mean Reward (last 10): 1.660 | Mean Score: 1.687 | Last-10 eps: [0.25, 0.15, 0.15, 0.08, 0.1, 0.1, 0.4, 0.25, 0.08, 0.1] | NaN reward steps so far: 0
Episodes: 12790 | Mean Reward (last 10): 1.692 | Mean Score: 1.722 | Last-10 eps: [0.15, 0.15, 0.3, 0.1, 0.08, 0.15, 0.15, 0.2, 0.2, 0.08] | NaN reward steps so far: 0
Episodes: 12800 | Mean Reward (last 10): 1.758 | Mean Score: 1.787 | Last-10 eps: [0.15, 0.1, 0.3, 0.15, 0.08, 0.1, 0.2, 0.1, 0.08, 0.08] | NaN reward steps so far: 0
Episodes: 12810 | Mean Reward (last 10): 1.698 | Mean Score: 1.721 | Last-10 eps: [0.1, 0.2, 0.15, 0.1, 0.1, 0.1, 0.1, 0.2, 0.1, 0.08] | NaN reward steps so far: 0
Episodes: 12820 | Mean Reward (last 10): 1.645 | Mean Score: 1.668 | Last-10 eps: [0.1, 0.08, 0.15, 0.25, 0.15, 0.25, 0.1, 0.15, 0.1, 0.1] | NaN reward steps so far: 0
Episodes: 12830 | Mean Reward (last 10): 1.752 | Mean Score: 1.772 | Last-10 eps: [0.1, 0.1, 0.1, 0.15, 0.15, 0.2, 0.25, 0.15, 0.2, 0.05] | NaN reward steps so far: 0
Episodes: 12840 | Mean Reward (last 10): 1.762 | Mean Score: 1.783 | Last-10 eps: [0.4, 0.3, 0.1, 0.08, 0.2, 0.1, 0.15, 0.08, 0.15, 0.15] | NaN reward steps so far: 0
Episodes: 12850 | Mean Reward (last 10): 1.667 | Mean Score: 1.691 | Last-10 eps: [0.15, 0.15, 0.08, 0.08, 0.3, 0.15, 0.1, 0.3, 0.15, 0.08] | NaN reward steps so far: 0
Episodes: 12860 | Mean Reward (last 10): 1.782 | Mean Score: 1.808 | Last-10 eps: [0.08, 0.08, 0.08, 0.2, 0.5, 0.08, 0.15, 0.05, 0.4, 0.1] | NaN reward steps so far: 0
Episodes: 12870 | Mean Reward (last 10): 1.705 | Mean Score: 1.738 | Last-10 eps: [0.08, 0.2, 0.08, 0.15, 0.1, 0.2, 0.05, 0.15, 0.15, 0.08] | NaN reward steps so far: 0
Episodes: 12880 | Mean Reward (last 10): 1.723 | Mean Score: 1.747 | Last-10 eps: [0.1, 0.08, 0.05, 0.15, 0.15, 0.15, 0.15, 0.08, 0.1, 0.15] | NaN reward steps so far: 0
Episodes: 12890 | Mean Reward (last 10): 1.518 | Mean Score: 1.544 | Last-10 eps: [0.15, 0.15, 0.15, 0.1, 0.2, 0.08, 0.1, 0.1, 0.15, 0.15] | NaN reward steps so far: 0
Episodes: 12900 | Mean Reward (last 10): 1.724 | Mean Score: 1.748 | Last-10 eps: [0.15, 0.1, 0.08, 0.5, 0.2, 0.15, 0.05, 0.2, 0.15, 0.15] | NaN reward steps so far: 0
Episodes: 12910 | Mean Reward (last 10): 1.645 | Mean Score: 1.675 | Last-10 eps: [0.08, 0.2, 0.1, 0.2, 0.08, 0.08, 0.15, 0.15, 0.08, 0.08] | NaN reward steps so far: 0
Episodes: 12920 | Mean Reward (last 10): 1.724 | Mean Score: 1.748 | Last-10 eps: [0.2, 0.2, 0.08, 0.1, 0.5, 0.1, 0.1, 0.08, 0.25, 0.1] | NaN reward steps so far: 0
Episodes: 12930 | Mean Reward (last 10): 1.663 | Mean Score: 1.691 | Last-10 eps: [0.1, 0.08, 0.1, 0.1, 0.2, 0.2, 0.2, 0.08, 0.2, 0.15] | NaN reward steps so far: 0
Episodes: 12940 | Mean Reward (last 10): 1.617 | Mean Score: 1.636 | Last-10 eps: [0.08, 0.08, 0.08, 0.08, 0.15, 0.6, 0.2, 0.08, 0.15, 0.08] | NaN reward steps so far: 0
Episodes: 12950 | Mean Reward (last 10): 1.349 | Mean Score: 1.370 | Last-10 eps: [0.25, 0.15, 0.25, 0.6, 0.2, 0.2, 0.25, 0.1, 0.0, 0.2] | NaN reward steps so far: 0
Episodes: 12960 | Mean Reward (last 10): 1.757 | Mean Score: 1.777 | Last-10 eps: [0.2, 0.15, 0.15, 0.15, 0.1, 0.2, 0.15, 0.2, 0.08, 0.1] | NaN reward steps so far: 0
Episodes: 12970 | Mean Reward (last 10): 1.610 | Mean Score: 1.639 | Last-10 eps: [0.15, 0.1, 0.08, 0.5, 0.08, 0.1, 0.2, 0.15, 0.15, 0.15] | NaN reward steps so far: 0
Episodes: 12980 | Mean Reward (last 10): 1.653 | Mean Score: 1.684 | Last-10 eps: [0.15, 0.1, 0.15, 0.1, 0.1, 0.15, 0.15, 0.1, 0.15, 0.25] | NaN reward steps so far: 0
Episodes: 12990 | Mean Reward (last 10): 1.783 | Mean Score: 1.805 | Last-10 eps: [0.15, 0.15, 0.1, 0.15, 0.25, 0.1, 0.1, 0.08, 0.08, 0.08] | NaN reward steps so far: 0
Episodes: 13000 | Mean Reward (last 10): 1.679 | Mean Score: 1.701 | Last-10 eps: [0.1, 0.15, 0.15, 0.25, 0.2, 0.15, 0.05, 0.1, 0.1, 0.08] | NaN reward steps so far: 0
Episodes: 13010 | Mean Reward (last 10): 1.773 | Mean Score: 1.798 | Last-10 eps: [0.05, 0.1, 0.1, 0.05, 0.08, 0.1, 0.1, 0.1, 0.15, 0.2] | NaN reward steps so far: 0
Episodes: 13020 | Mean Reward (last 10): 1.572 | Mean Score: 1.603 | Last-10 eps: [0.08, 0.1, 0.2, 0.15, 0.15, 0.05, 0.15, 0.2, 0.4, 0.25] | NaN reward steps so far: 0
Episodes: 13030 | Mean Reward (last 10): 1.703 | Mean Score: 1.726 | Last-10 eps: [0.15, 0.08, 0.08, 0.15, 0.15, 0.05, 0.2, 0.08, 0.08, 0.3] | NaN reward steps so far: 0
Episodes: 13040 | Mean Reward (last 10): 1.596 | Mean Score: 1.614 | Last-10 eps: [0.15, 0.08, 0.08, 0.15, 0.15, 0.1, 0.0, 0.08, 0.2, 0.08] | NaN reward steps so far: 0
Episodes: 13050 | Mean Reward (last 10): 1.632 | Mean Score: 1.658 | Last-10 eps: [0.08, 0.25, 0.2, 0.2, 0.1, 0.08, 0.15, 0.4, 0.15, 0.05] | NaN reward steps so far: 0
Episodes: 13060 | Mean Reward (last 10): 1.658 | Mean Score: 1.684 | Last-10 eps: [0.1, 0.2, 0.1, 0.5, 0.08, 0.08, 0.1, 0.1, 0.08, 0.1] | NaN reward steps so far: 0
Episodes: 13070 | Mean Reward (last 10): 1.581 | Mean Score: 1.606 | Last-10 eps: [0.1, 0.08, 0.15, 0.1, 0.25, 0.15, 0.15, 0.25, 0.1, 0.15] | NaN reward steps so far: 0
Episodes: 13080 | Mean Reward (last 10): 1.731 | Mean Score: 1.756 | Last-10 eps: [0.25, 0.08, 0.08, 0.15, 0.15, 0.08, 0.15, 0.08, 0.1, 0.25] | NaN reward steps so far: 0
Episodes: 13090 | Mean Reward (last 10): 1.662 | Mean Score: 1.690 | Last-10 eps: [0.15, 0.3, 0.3, 0.2, 0.15, 0.15, 0.1, 0.5, 0.1, 0.15] | NaN reward steps so far: 0
Episodes: 13100 | Mean Reward (last 10): 1.765 | Mean Score: 1.787 | Last-10 eps: [0.15, 0.08, 0.08, 0.08, 0.08, 0.08, 0.2, 0.08, 0.2, 0.2] | NaN reward steps so far: 0
Episodes: 13110 | Mean Reward (last 10): 1.741 | Mean Score: 1.765 | Last-10 eps: [0.1, 0.1, 0.1, 0.15, 0.08, 0.2, 0.15, 0.08, 0.15, 0.2] | NaN reward steps so far: 0
Episodes: 13120 | Mean Reward (last 10): 1.649 | Mean Score: 1.677 | Last-10 eps: [0.05, 0.1, 0.1, 0.15, 0.1, 0.1, 0.3, 0.15, 0.2, 0.1] | NaN reward steps so far: 0
Episodes: 13130 | Mean Reward (last 10): 1.704 | Mean Score: 1.727 | Last-10 eps: [0.08, 0.25, 0.6, 0.15, 0.08, 0.2, 0.08, 0.1, 0.2, 0.25] | NaN reward steps so far: 0
Episodes: 13140 | Mean Reward (last 10): 1.617 | Mean Score: 1.644 | Last-10 eps: [0.2, 0.15, 0.15, 0.08, 0.2, 0.4, 0.1, 0.15, 0.08, 0.08] | NaN reward steps so far: 0
Episodes: 13150 | Mean Reward (last 10): 1.599 | Mean Score: 1.624 | Last-10 eps: [0.1, 0.15, 0.2, 0.08, 0.15, 0.2, 0.15, 0.2, 0.6, 0.1] | NaN reward steps so far: 0
Episodes: 13160 | Mean Reward (last 10): 1.496 | Mean Score: 1.520 | Last-10 eps: [0.1, 0.08, 0.08, 0.05, 0.08, 0.0, 0.08, 0.1, 0.4, 0.15] | NaN reward steps so far: 0
Episodes: 13170 | Mean Reward (last 10): 1.603 | Mean Score: 1.632 | Last-10 eps: [0.08, 0.15, 0.15, 0.15, 0.3, 0.2, 0.15, 0.1, 0.2, 0.2] | NaN reward steps so far: 0
-----------------------------------------
| rollout/                |             |
|    ep_len_mean          | 2.59        |
|    ep_rew_mean          | 1.66        |
| time/                   |             |
|    fps                  | 2           |
|    iterations           | 15          |
|    time_elapsed         | 15344       |
|    total_timesteps      | 30720       |
| train/                  |             |
|    approx_kl            | 0.018960435 |
|    clip_fraction        | 0.236       |
|    clip_range           | 0.2         |
|    entropy_loss         | -5.75       |
|    explained_variance   | 0.983       |
|    learning_rate        | 0.0003      |
|    loss                 | -0.0748     |
|    n_updates            | 140         |
|    policy_gradient_loss | -0.0481     |
|    value_loss           | 0.0756      |
-----------------------------------------
Episodes: 13180 | Mean Reward (last 10): 1.691 | Mean Score: 1.709 | Last-10 eps: [0.08, 0.15, 0.2, 0.15, 0.15, 0.1, 0.15, 0.1, 0.2, 0.2] | NaN reward steps so far: 0
Episodes: 13190 | Mean Reward (last 10): 1.748 | Mean Score: 1.776 | Last-10 eps: [0.1, 0.4, 0.25, 0.1, 0.1, 0.08, 0.1, 0.25, 0.08, 0.15] | NaN reward steps so far: 0
Episodes: 13200 | Mean Reward (last 10): 1.794 | Mean Score: 1.816 | Last-10 eps: [0.08, 0.1, 0.08, 0.08, 0.08, 0.4, 0.1, 0.08, 0.25, 0.05] | NaN reward steps so far: 0
Episodes: 13210 | Mean Reward (last 10): 1.651 | Mean Score: 1.675 | Last-10 eps: [0.08, 0.08, 0.15, 0.1, 0.15, 0.1, 0.15, 0.1, 0.08, 0.25] | NaN reward steps so far: 0
Episodes: 13220 | Mean Reward (last 10): 1.660 | Mean Score: 1.689 | Last-10 eps: [0.15, 0.15, 0.15, 0.15, 0.08, 0.15, 0.08, 0.3, 0.08, 0.1] | NaN reward steps so far: 0
Episodes: 13230 | Mean Reward (last 10): 1.699 | Mean Score: 1.726 | Last-10 eps: [0.08, 0.15, 0.15, 0.4, 0.15, 0.08, 0.15, 0.05, 0.1, 0.08] | NaN reward steps so far: 0
Episodes: 13240 | Mean Reward (last 10): 1.763 | Mean Score: 1.787 | Last-10 eps: [0.1, 0.2, 0.1, 0.25, 0.08, 0.3, 0.08, 0.3, 0.3, 0.08] | NaN reward steps so far: 0
Episodes: 13250 | Mean Reward (last 10): 1.500 | Mean Score: 1.522 | Last-10 eps: [0.0, 0.08, 0.5, 0.15, 0.2, 0.08, 0.1, 0.1, 0.1, 0.2] | NaN reward steps so far: 0
Episodes: 13260 | Mean Reward (last 10): 1.704 | Mean Score: 1.736 | Last-10 eps: [0.08, 0.1, 0.1, 0.1, 0.08, 0.3, 0.1, 0.2, 0.1, 0.08] | NaN reward steps so far: 0
Episodes: 13270 | Mean Reward (last 10): 1.741 | Mean Score: 1.759 | Last-10 eps: [0.15, 0.08, 0.4, 0.15, 0.3, 0.15, 0.1, 0.1, 0.15, 0.1] | NaN reward steps so far: 0
Episodes: 13280 | Mean Reward (last 10): 1.769 | Mean Score: 1.791 | Last-10 eps: [0.25, 0.1, 0.1, 0.08, 0.03, 0.1, 0.08, 0.2, 0.15, 0.15] | NaN reward steps so far: 0
Episodes: 13290 | Mean Reward (last 10): 1.662 | Mean Score: 1.691 | Last-10 eps: [0.15, 0.08, 0.2, 0.08, 0.15, 0.15, 0.15, 0.08, 0.3, 0.25] | NaN reward steps so far: 0
Episodes: 13300 | Mean Reward (last 10): 1.658 | Mean Score: 1.683 | Last-10 eps: [0.5, 0.08, 0.15, 0.08, 0.15, 0.08, 0.3, 0.1, 0.2, 0.6] | NaN reward steps so far: 0
Episodes: 13310 | Mean Reward (last 10): 1.506 | Mean Score: 1.534 | Last-10 eps: [0.1, 0.5, 0.1, 0.4, 0.15, 0.1, 0.15, 0.15, 0.2, 0.1] | NaN reward steps so far: 0
Episodes: 13320 | Mean Reward (last 10): 1.645 | Mean Score: 1.673 | Last-10 eps: [0.1, 0.25, 0.1, 0.15, 0.1, 0.15, 0.2, 0.05, 0.15, 0.25] | NaN reward steps so far: 0
Episodes: 13330 | Mean Reward (last 10): 1.736 | Mean Score: 1.766 | Last-10 eps: [0.08, 0.2, 0.08, 0.25, 0.2, 0.2, 0.1, 0.08, 0.08, 0.08] | NaN reward steps so far: 0
Episodes: 13340 | Mean Reward (last 10): 1.750 | Mean Score: 1.772 | Last-10 eps: [0.08, 0.08, 0.1, 0.15, 0.1, 0.3, 0.1, 0.15, 0.2, 0.15] | NaN reward steps so far: 0
Episodes: 13350 | Mean Reward (last 10): 1.719 | Mean Score: 1.748 | Last-10 eps: [0.2, 0.15, 0.08, 0.1, 0.3, 0.08, 0.15, 0.08, 0.1, 0.15] | NaN reward steps so far: 0
Episodes: 13360 | Mean Reward (last 10): 1.522 | Mean Score: 1.551 | Last-10 eps: [0.1, 0.15, 0.15, 0.5, 0.1, 0.2, 0.1, 0.15, 0.2, 0.15] | NaN reward steps so far: 0
Episodes: 13370 | Mean Reward (last 10): 1.691 | Mean Score: 1.718 | Last-10 eps: [0.08, 0.15, 0.08, 0.2, 0.1, 0.08, 0.15, 0.08, 0.15, 0.15] | NaN reward steps so far: 0
Episodes: 13380 | Mean Reward (last 10): 1.808 | Mean Score: 1.837 | Last-10 eps: [0.15, 0.08, 0.05, 0.2, 0.1, 0.1, 0.1, 0.05, 0.08, 0.05] | NaN reward steps so far: 0
Episodes: 13390 | Mean Reward (last 10): 1.668 | Mean Score: 1.694 | Last-10 eps: [0.08, 0.15, 0.15, 0.1, 0.08, 0.05, 0.25, 0.15, 0.15, 0.15] | NaN reward steps so far: 0
Episodes: 13400 | Mean Reward (last 10): 1.695 | Mean Score: 1.721 | Last-10 eps: [0.1, 0.4, 0.15, 0.08, 0.08, 0.08, 0.4, 0.08, 0.1, 0.25] | NaN reward steps so far: 0
Episodes: 13410 | Mean Reward (last 10): 1.755 | Mean Score: 1.778 | Last-10 eps: [0.25, 0.08, 0.15, 0.2, 0.15, 0.15, 0.08, 0.1, 0.08, 0.1] | NaN reward steps so far: 0
Episodes: 13420 | Mean Reward (last 10): 1.616 | Mean Score: 1.644 | Last-10 eps: [0.1, 0.1, 0.1, 0.15, 0.2, 0.15, 0.1, 0.4, 0.08, 0.1] | NaN reward steps so far: 0
Episodes: 13430 | Mean Reward (last 10): 1.704 | Mean Score: 1.730 | Last-10 eps: [0.25, 0.15, 0.08, 0.1, 0.08, 0.08, 0.15, 0.6, 0.08, 0.15] | NaN reward steps so far: 0
Episodes: 13440 | Mean Reward (last 10): 1.638 | Mean Score: 1.666 | Last-10 eps: [0.15, 0.25, 0.1, 0.1, 0.15, 0.1, 0.15, 0.08, 0.1, 0.08] | NaN reward steps so far: 0
Episodes: 13450 | Mean Reward (last 10): 1.671 | Mean Score: 1.692 | Last-10 eps: [0.08, 0.15, 0.1, 0.15, 0.15, 0.15, 0.1, 0.1, 0.08, 0.15] | NaN reward steps so far: 0
Episodes: 13460 | Mean Reward (last 10): 1.721 | Mean Score: 1.747 | Last-10 eps: [0.08, 0.08, 0.4, 0.15, 0.15, 0.2, 0.08, 0.1, 0.25, 0.15] | NaN reward steps so far: 0
Episodes: 13470 | Mean Reward (last 10): 1.685 | Mean Score: 1.710 | Last-10 eps: [0.2, 0.2, 0.1, 0.15, 0.08, 0.15, 0.08, 0.1, 0.15, 0.1] | NaN reward steps so far: 0
Episodes: 13480 | Mean Reward (last 10): 1.745 | Mean Score: 1.769 | Last-10 eps: [0.1, 0.1, 0.08, 0.1, 0.08, 0.08, 0.15, 0.08, 0.15, 0.3] | NaN reward steps so far: 0
Episodes: 13490 | Mean Reward (last 10): 1.604 | Mean Score: 1.632 | Last-10 eps: [0.1, 0.1, 0.25, 0.2, 0.1, 0.1, 0.1, 0.2, 0.15, 0.2] | NaN reward steps so far: 0
Episodes: 13500 | Mean Reward (last 10): 1.657 | Mean Score: 1.685 | Last-10 eps: [0.15, 0.2, 0.1, 0.15, 0.15, 0.4, 0.15, 0.2, 0.08, 0.08] | NaN reward steps so far: 0
Episodes: 13510 | Mean Reward (last 10): 1.750 | Mean Score: 1.774 | Last-10 eps: [0.15, 0.1, 0.15, 0.15, 0.4, 0.08, 0.1, 0.2, 0.3, 0.15] | NaN reward steps so far: 0
Episodes: 13520 | Mean Reward (last 10): 1.649 | Mean Score: 1.668 | Last-10 eps: [0.1, 0.08, 0.08, 0.2, 0.08, 0.08, 0.15, 0.15, 0.08, 0.08] | NaN reward steps so far: 0
Episodes: 13530 | Mean Reward (last 10): 1.720 | Mean Score: 1.748 | Last-10 eps: [0.1, 0.08, 0.2, 0.08, 0.15, 0.2, 0.2, 0.2, 0.25, 0.3] | NaN reward steps so far: 0
Episodes: 13540 | Mean Reward (last 10): 1.743 | Mean Score: 1.763 | Last-10 eps: [0.05, 0.15, 0.1, 0.15, 0.3, 0.2, 0.1, 0.08, 0.08, 0.1] | NaN reward steps so far: 0
Episodes: 13550 | Mean Reward (last 10): 1.602 | Mean Score: 1.628 | Last-10 eps: [0.15, 0.15, 0.08, 0.15, 0.05, 0.15, 0.08, 0.3, 0.1, 0.08] | NaN reward steps so far: 0
Episodes: 13560 | Mean Reward (last 10): 1.743 | Mean Score: 1.766 | Last-10 eps: [0.3, 0.1, 0.08, 0.15, 0.3, 0.08, 0.1, 0.1, 0.5, 0.1] | NaN reward steps so far: 0
Episodes: 13570 | Mean Reward (last 10): 1.642 | Mean Score: 1.667 | Last-10 eps: [0.15, 0.3, 0.1, 0.3, 0.1, 0.2, 0.5, 0.2, 0.4, 0.1] | NaN reward steps so far: 0
Episodes: 13580 | Mean Reward (last 10): 1.749 | Mean Score: 1.773 | Last-10 eps: [0.2, 0.15, 0.08, 0.15, 0.15, 0.08, 0.15, 0.08, 0.1, 0.08] | NaN reward steps so far: 0
Episodes: 13590 | Mean Reward (last 10): 1.676 | Mean Score: 1.702 | Last-10 eps: [0.08, 0.1, 0.08, 0.08, 0.1, 0.08, 0.1, 0.25, 0.6, 0.1] | NaN reward steps so far: 0
Episodes: 13600 | Mean Reward (last 10): 1.827 | Mean Score: 1.852 | Last-10 eps: [0.08, 0.08, 0.05, 0.08, 0.4, 0.2, 0.08, 0.15, 0.08, 0.05] | NaN reward steps so far: 0
Episodes: 13610 | Mean Reward (last 10): 1.652 | Mean Score: 1.677 | Last-10 eps: [0.08, 0.1, 0.15, 0.25, 0.08, 0.1, 0.2, 0.1, 0.1, 0.1] | NaN reward steps so far: 0
Episodes: 13620 | Mean Reward (last 10): 1.480 | Mean Score: 1.506 | Last-10 eps: [0.15, 0.15, 0.2, 0.2, 0.2, 0.25, 0.1, 0.08, 0.15, 0.08] | NaN reward steps so far: 0
Episodes: 13630 | Mean Reward (last 10): 1.646 | Mean Score: 1.674 | Last-10 eps: [0.1, 0.15, 0.08, 0.05, 0.2, 0.1, 0.4, 0.5, 0.1, 0.08] | NaN reward steps so far: 0
Episodes: 13640 | Mean Reward (last 10): 1.739 | Mean Score: 1.768 | Last-10 eps: [0.1, 0.1, 0.1, 0.15, 0.08, 0.05, 0.1, 0.15, 0.1, 0.08] | NaN reward steps so far: 0
Episodes: 13650 | Mean Reward (last 10): 1.737 | Mean Score: 1.763 | Last-10 eps: [0.2, 0.25, 0.15, 0.15, 0.2, 0.08, 0.1, 0.15, 0.08, 0.08] | NaN reward steps so far: 0
Episodes: 13660 | Mean Reward (last 10): 1.657 | Mean Score: 1.683 | Last-10 eps: [0.15, 0.08, 0.15, 0.05, 0.08, 0.15, 0.08, 0.2, 0.2, 0.5] | NaN reward steps so far: 0
Episodes: 13670 | Mean Reward (last 10): 1.762 | Mean Score: 1.787 | Last-10 eps: [0.15, 0.1, 0.1, 0.2, 0.15, 0.3, 0.6, 0.1, 0.08, 0.1] | NaN reward steps so far: 0
Episodes: 13680 | Mean Reward (last 10): 1.648 | Mean Score: 1.668 | Last-10 eps: [0.08, 0.15, 0.05, 0.15, 0.15, 0.15, 0.2, 0.25, 0.15, 0.08] | NaN reward steps so far: 0
Episodes: 13690 | Mean Reward (last 10): 1.636 | Mean Score: 1.669 | Last-10 eps: [0.08, 0.2, 0.2, 0.15, 0.15, 0.1, 0.08, 0.15, 0.08, 0.2] | NaN reward steps so far: 0
Episodes: 13700 | Mean Reward (last 10): 1.677 | Mean Score: 1.700 | Last-10 eps: [0.1, 0.2, 0.1, 0.2, 0.1, 0.08, 0.15, 0.08, 0.6, 0.08] | NaN reward steps so far: 0
Episodes: 13710 | Mean Reward (last 10): 1.715 | Mean Score: 1.737 | Last-10 eps: [0.15, 0.1, 0.4, 0.4, 0.15, 0.08, 0.15, 0.15, 0.15, 0.2] | NaN reward steps so far: 0
Episodes: 13720 | Mean Reward (last 10): 1.616 | Mean Score: 1.644 | Last-10 eps: [0.15, 0.2, 0.08, 0.1, 0.08, 0.08, 0.15, 0.15, 0.2, 0.2] | NaN reward steps so far: 0
Episodes: 13730 | Mean Reward (last 10): 1.785 | Mean Score: 1.808 | Last-10 eps: [0.15, 0.08, 0.25, 0.15, 0.08, 0.08, 0.15, 0.15, 0.5, 0.05] | NaN reward steps so far: 0
Episodes: 13740 | Mean Reward (last 10): 1.639 | Mean Score: 1.673 | Last-10 eps: [0.2, 0.15, 0.1, 0.1, 0.15, 0.15, 0.1, 0.08, 0.2, 0.2] | NaN reward steps so far: 0
Episodes: 13750 | Mean Reward (last 10): 1.759 | Mean Score: 1.781 | Last-10 eps: [0.2, 0.08, 0.08, 0.1, 0.15, 0.15, 0.3, 0.1, 0.15, 0.1] | NaN reward steps so far: 0
Episodes: 13760 | Mean Reward (last 10): 1.749 | Mean Score: 1.772 | Last-10 eps: [0.08, 0.1, 0.15, 0.2, 0.08, 0.15, 0.08, 0.2, 0.1, 0.08] | NaN reward steps so far: 0
Episodes: 13770 | Mean Reward (last 10): 1.718 | Mean Score: 1.744 | Last-10 eps: [0.08, 0.15, 0.1, 0.08, 0.2, 0.1, 0.08, 0.15, 0.15, 0.1] | NaN reward steps so far: 0
Episodes: 13780 | Mean Reward (last 10): 1.598 | Mean Score: 1.630 | Last-10 eps: [0.2, 0.25, 0.15, 0.25, 0.15, 0.08, 0.08, 0.08, 0.08, 0.15] | NaN reward steps so far: 0
Episodes: 13790 | Mean Reward (last 10): 1.718 | Mean Score: 1.743 | Last-10 eps: [0.08, 0.1, 0.15, 0.15, 0.15, 0.2, 0.08, 0.08, 0.6, 0.2] | NaN reward steps so far: 0
Episodes: 13800 | Mean Reward (last 10): 1.728 | Mean Score: 1.761 | Last-10 eps: [0.08, 0.08, 0.15, 0.1, 0.1, 0.15, 0.2, 0.15, 0.1, 0.15] | NaN reward steps so far: 0
Episodes: 13810 | Mean Reward (last 10): 1.747 | Mean Score: 1.767 | Last-10 eps: [0.2, 0.1, 0.2, 0.08, 0.08, 0.15, 0.5, 0.08, 0.25, 0.08] | NaN reward steps so far: 0
Episodes: 13820 | Mean Reward (last 10): 1.673 | Mean Score: 1.698 | Last-10 eps: [0.08, 0.1, 0.08, 0.08, 0.08, 0.1, 0.3, 0.1, 0.2, 0.25] | NaN reward steps so far: 0
Episodes: 13830 | Mean Reward (last 10): 1.683 | Mean Score: 1.713 | Last-10 eps: [0.08, 0.15, 0.08, 0.15, 0.2, 0.1, 0.25, 0.2, 0.1, 0.2] | NaN reward steps so far: 0
Episodes: 13840 | Mean Reward (last 10): 1.726 | Mean Score: 1.747 | Last-10 eps: [0.15, 0.08, 0.05, 0.25, 0.5, 0.4, 0.08, 0.1, 0.08, 0.2] | NaN reward steps so far: 0
Episodes: 13850 | Mean Reward (last 10): 1.621 | Mean Score: 1.641 | Last-10 eps: [0.4, 0.3, 0.05, 0.15, 0.15, 0.08, 0.08, 0.1, 0.3, 0.15] | NaN reward steps so far: 0
Episodes: 13860 | Mean Reward (last 10): 1.766 | Mean Score: 1.797 | Last-10 eps: [0.15, 0.08, 0.25, 0.4, 0.08, 0.25, 0.08, 0.08, 0.15, 0.1] | NaN reward steps so far: 0
Episodes: 13870 | Mean Reward (last 10): 1.632 | Mean Score: 1.658 | Last-10 eps: [0.1, 0.08, 0.3, 0.15, 0.2, 0.15, 0.08, 0.1, 0.3, 0.15] | NaN reward steps so far: 0
Episodes: 13880 | Mean Reward (last 10): 1.659 | Mean Score: 1.685 | Last-10 eps: [0.1, 0.6, 0.1, 0.1, 0.2, 0.2, 0.25, 0.08, 0.08, 0.15] | NaN reward steps so far: 0
Episodes: 13890 | Mean Reward (last 10): 1.736 | Mean Score: 1.762 | Last-10 eps: [0.15, 0.08, 0.25, 0.25, 0.1, 0.08, 0.1, 0.08, 0.5, 0.1] | NaN reward steps so far: 0
Episodes: 13900 | Mean Reward (last 10): 1.615 | Mean Score: 1.636 | Last-10 eps: [0.15, 0.2, 0.2, 0.25, 0.15, 0.15, 0.15, 0.08, 0.1, 0.08] | NaN reward steps so far: 0
Episodes: 13910 | Mean Reward (last 10): 1.804 | Mean Score: 1.831 | Last-10 eps: [0.05, 0.08, 0.2, 0.05, 0.15, 0.08, 0.08, 0.08, 0.15, 0.08] | NaN reward steps so far: 0
Episodes: 13920 | Mean Reward (last 10): 1.736 | Mean Score: 1.757 | Last-10 eps: [0.1, 0.15, 0.1, 0.15, 0.15, 0.15, 0.4, 0.2, 0.1, 0.15] | NaN reward steps so far: 0
Episodes: 13930 | Mean Reward (last 10): 1.686 | Mean Score: 1.717 | Last-10 eps: [0.08, 0.1, 0.1, 0.15, 0.2, 0.1, 0.08, 0.1, 0.1, 0.15] | NaN reward steps so far: 0
Episodes: 13940 | Mean Reward (last 10): 1.650 | Mean Score: 1.678 | Last-10 eps: [0.15, 0.15, 0.08, 0.1, 0.08, 0.4, 0.05, 0.1, 0.3, 0.2] | NaN reward steps so far: 0
Episodes: 13950 | Mean Reward (last 10): 1.619 | Mean Score: 1.640 | Last-10 eps: [0.15, 0.1, 0.08, 0.25, 0.15, 0.15, 0.5, 0.08, 0.4, 0.15] | NaN reward steps so far: 0
Episodes: 13960 | Mean Reward (last 10): 1.631 | Mean Score: 1.663 | Last-10 eps: [0.25, 0.08, 0.25, 0.15, 0.15, 0.15, 0.2, 0.08, 0.08, 0.15] | NaN reward steps so far: 0
Episodes: 13970 | Mean Reward (last 10): 1.693 | Mean Score: 1.722 | Last-10 eps: [0.15, 0.2, 0.5, 0.1, 0.1, 0.25, 0.1, 0.15, 0.15, 0.1] | NaN reward steps so far: 0
---------------------------------------
| rollout/                |           |
|    ep_len_mean          | 2.59      |
|    ep_rew_mean          | 1.68      |
| time/                   |           |
|    fps                  | 2         |
|    iterations           | 16        |
|    time_elapsed         | 16297     |
|    total_timesteps      | 32768     |
| train/                  |           |
|    approx_kl            | 0.0162704 |
|    clip_fraction        | 0.197     |
|    clip_range           | 0.2       |
|    entropy_loss         | -5.65     |
|    explained_variance   | 0.981     |
|    learning_rate        | 0.0003    |
|    loss                 | -0.0914   |
|    n_updates            | 150       |
|    policy_gradient_loss | -0.0418   |
|    value_loss           | 0.0864    |
---------------------------------------
Episodes: 13980 | Mean Reward (last 10): 1.686 | Mean Score: 1.713 | Last-10 eps: [0.08, 0.15, 0.6, 0.08, 0.08, 0.2, 0.3, 0.1, 0.1, 0.15] | NaN reward steps so far: 0
Episodes: 13990 | Mean Reward (last 10): 1.564 | Mean Score: 1.597 | Last-10 eps: [0.15, 0.1, 0.08, 0.15, 0.15, 0.25, 0.08, 0.2, 0.2, 0.15] | NaN reward steps so far: 0
Episodes: 14000 | Mean Reward (last 10): 1.758 | Mean Score: 1.793 | Last-10 eps: [0.1, 0.05, 0.08, 0.08, 0.08, 0.08, 0.1, 0.1, 0.15, 0.1] | NaN reward steps so far: 0
Episodes: 14010 | Mean Reward (last 10): 1.502 | Mean Score: 1.523 | Last-10 eps: [0.25, 0.15, 0.2, 0.08, 0.4, 0.08, 0.25, 0.08, 0.25, 0.0] | NaN reward steps so far: 0
Episodes: 14020 | Mean Reward (last 10): 1.708 | Mean Score: 1.732 | Last-10 eps: [0.2, 0.5, 0.25, 0.1, 0.05, 0.15, 0.1, 0.1, 0.1, 0.15] | NaN reward steps so far: 0
Episodes: 14030 | Mean Reward (last 10): 1.705 | Mean Score: 1.732 | Last-10 eps: [0.15, 0.1, 0.08, 0.08, 0.15, 0.15, 0.1, 0.15, 0.15, 0.08] | NaN reward steps so far: 0
Episodes: 14040 | Mean Reward (last 10): 1.638 | Mean Score: 1.666 | Last-10 eps: [0.1, 0.15, 0.15, 0.15, 0.5, 0.2, 0.2, 0.2, 0.15, 0.08] | NaN reward steps so far: 0
Episodes: 14050 | Mean Reward (last 10): 1.689 | Mean Score: 1.719 | Last-10 eps: [0.1, 0.2, 0.2, 0.15, 0.1, 0.25, 0.08, 0.25, 0.08, 0.08] | NaN reward steps so far: 0
Episodes: 14060 | Mean Reward (last 10): 1.726 | Mean Score: 1.754 | Last-10 eps: [0.1, 0.3, 0.08, 0.2, 0.08, 0.1, 0.08, 0.08, 0.1, 0.08] | NaN reward steps so far: 0
Episodes: 14070 | Mean Reward (last 10): 1.596 | Mean Score: 1.623 | Last-10 eps: [0.08, 0.15, 0.2, 0.25, 0.1, 0.15, 0.15, 0.1, 0.1, 0.15] | NaN reward steps so far: 0
Episodes: 14080 | Mean Reward (last 10): 1.694 | Mean Score: 1.712 | Last-10 eps: [0.15, 0.2, 0.2, 0.1, 0.08, 0.2, 0.05, 0.15, 0.1, 0.08] | NaN reward steps so far: 0
Episodes: 14090 | Mean Reward (last 10): 1.656 | Mean Score: 1.684 | Last-10 eps: [0.1, 0.1, 0.3, 0.15, 0.08, 0.3, 0.15, 0.08, 0.1, 0.1] | NaN reward steps so far: 0
Episodes: 14100 | Mean Reward (last 10): 1.525 | Mean Score: 1.553 | Last-10 eps: [0.0, 0.2, 0.2, 0.08, 0.08, 0.2, 0.08, 0.15, 0.15, 0.08] | NaN reward steps so far: 0
Episodes: 14110 | Mean Reward (last 10): 1.694 | Mean Score: 1.715 | Last-10 eps: [0.2, 0.15, 0.15, 0.1, 0.08, 0.1, 0.2, 0.2, 0.2, 0.08] | NaN reward steps so far: 0
Episodes: 14120 | Mean Reward (last 10): 1.704 | Mean Score: 1.731 | Last-10 eps: [0.15, 0.2, 0.1, 0.2, 0.1, 0.3, 0.2, 0.15, 0.1, 0.08] | NaN reward steps so far: 0
Episodes: 14130 | Mean Reward (last 10): 1.730 | Mean Score: 1.753 | Last-10 eps: [0.15, 0.15, 0.1, 0.05, 0.15, 0.15, 0.2, 0.08, 0.08, 0.2] | NaN reward steps so far: 0
Episodes: 14140 | Mean Reward (last 10): 1.625 | Mean Score: 1.652 | Last-10 eps: [0.15, 0.15, 0.15, 0.2, 0.2, 0.2, 0.15, 0.1, 0.6, 0.15] | NaN reward steps so far: 0
Episodes: 14150 | Mean Reward (last 10): 1.570 | Mean Score: 1.590 | Last-10 eps: [0.2, 0.1, 0.08, 0.0, 0.2, 0.15, 0.2, 0.15, 0.1, 0.2] | NaN reward steps so far: 0
Episodes: 14160 | Mean Reward (last 10): 1.735 | Mean Score: 1.763 | Last-10 eps: [0.15, 0.1, 0.05, 0.15, 0.1, 0.1, 0.1, 0.6, 0.4, 0.08] | NaN reward steps so far: 0
Episodes: 14170 | Mean Reward (last 10): 1.616 | Mean Score: 1.637 | Last-10 eps: [0.1, 0.1, 0.1, 0.15, 0.08, 0.03, 0.15, 0.15, 0.1, 0.1] | NaN reward steps so far: 0
Episodes: 14180 | Mean Reward (last 10): 1.749 | Mean Score: 1.773 | Last-10 eps: [0.1, 0.1, 0.2, 0.08, 0.2, 0.2, 0.08, 0.08, 0.1, 0.1] | NaN reward steps so far: 0
Episodes: 14190 | Mean Reward (last 10): 1.644 | Mean Score: 1.673 | Last-10 eps: [0.15, 0.08, 0.15, 0.05, 0.1, 0.15, 0.2, 0.08, 0.2, 0.2] | NaN reward steps so far: 0
Episodes: 14200 | Mean Reward (last 10): 1.606 | Mean Score: 1.628 | Last-10 eps: [0.3, 0.1, 0.08, 0.2, 0.15, 0.15, 0.15, 0.25, 0.15, 0.08] | NaN reward steps so far: 0
Episodes: 14210 | Mean Reward (last 10): 1.635 | Mean Score: 1.662 | Last-10 eps: [0.2, 0.15, 0.15, 0.2, 0.15, 0.15, 0.25, 0.2, 0.2, 0.08] | NaN reward steps so far: 0
Episodes: 14220 | Mean Reward (last 10): 1.638 | Mean Score: 1.665 | Last-10 eps: [0.15, 0.1, 0.08, 0.15, 0.08, 0.15, 0.15, 0.2, 0.08, 0.2] | NaN reward steps so far: 0
Episodes: 14230 | Mean Reward (last 10): 1.640 | Mean Score: 1.663 | Last-10 eps: [0.15, 0.4, 0.25, 0.08, 0.05, 0.1, 0.25, 0.2, 0.15, 0.08] | NaN reward steps so far: 0
Episodes: 14240 | Mean Reward (last 10): 1.565 | Mean Score: 1.597 | Last-10 eps: [0.15, 0.08, 0.15, 0.15, 0.4, 0.2, 0.1, 0.2, 0.08, 0.15] | NaN reward steps so far: 0
Episodes: 14250 | Mean Reward (last 10): 1.663 | Mean Score: 1.689 | Last-10 eps: [0.1, 0.15, 0.15, 0.15, 0.1, 0.1, 0.1, 0.08, 0.2, 0.15] | NaN reward steps so far: 0
Episodes: 14260 | Mean Reward (last 10): 1.696 | Mean Score: 1.719 | Last-10 eps: [0.08, 0.15, 0.1, 0.1, 0.15, 0.3, 0.15, 0.1, 0.1, 0.1] | NaN reward steps so far: 0
Episodes: 14270 | Mean Reward (last 10): 1.741 | Mean Score: 1.769 | Last-10 eps: [0.08, 0.1, 0.1, 0.08, 0.1, 0.08, 0.2, 0.15, 0.15, 0.15] | NaN reward steps so far: 0
Episodes: 14280 | Mean Reward (last 10): 1.640 | Mean Score: 1.661 | Last-10 eps: [0.08, 0.08, 0.15, 0.25, 0.08, 0.15, 0.1, 0.15, 0.15, 0.2] | NaN reward steps so far: 0
Episodes: 14290 | Mean Reward (last 10): 1.645 | Mean Score: 1.675 | Last-10 eps: [0.2, 0.2, 0.15, 0.08, 0.1, 0.1, 0.15, 0.25, 0.1, 0.08] | NaN reward steps so far: 0
Episodes: 14300 | Mean Reward (last 10): 1.460 | Mean Score: 1.491 | Last-10 eps: [0.15, 0.08, 0.3, 0.15, 0.0, 0.08, 0.15, 0.15, 0.25, 0.2] | NaN reward steps so far: 0
Episodes: 14310 | Mean Reward (last 10): 1.719 | Mean Score: 1.740 | Last-10 eps: [0.1, 0.1, 0.08, 0.08, 0.15, 0.15, 0.15, 0.25, 0.1, 0.1] | NaN reward steps so far: 0
Episodes: 14320 | Mean Reward (last 10): 1.662 | Mean Score: 1.695 | Last-10 eps: [0.08, 0.1, 0.15, 0.15, 0.05, 0.15, 0.08, 0.15, 0.2, 0.25] | NaN reward steps so far: 0
Episodes: 14330 | Mean Reward (last 10): 1.602 | Mean Score: 1.633 | Last-10 eps: [0.3, 0.15, 0.1, 0.2, 0.08, 0.08, 0.15, 0.2, 0.3, 0.1] | NaN reward steps so far: 0
Episodes: 14340 | Mean Reward (last 10): 1.650 | Mean Score: 1.670 | Last-10 eps: [0.15, 0.2, 0.08, 0.1, 0.15, 0.15, 0.2, 0.15, 0.08, 0.1] | NaN reward steps so far: 0
Episodes: 14350 | Mean Reward (last 10): 1.780 | Mean Score: 1.807 | Last-10 eps: [0.1, 0.05, 0.3, 0.3, 0.15, 0.1, 0.1, 0.08, 0.08, 0.15] | NaN reward steps so far: 0
Episodes: 14360 | Mean Reward (last 10): 1.621 | Mean Score: 1.641 | Last-10 eps: [0.6, 0.15, 0.15, 0.08, 0.5, 0.15, 0.2, 0.25, 0.05, 0.08] | NaN reward steps so far: 0
Episodes: 14370 | Mean Reward (last 10): 1.757 | Mean Score: 1.775 | Last-10 eps: [0.15, 0.1, 0.08, 0.08, 0.08, 0.15, 0.15, 0.2, 0.1, 0.1] | NaN reward steps so far: 0
Episodes: 14380 | Mean Reward (last 10): 1.701 | Mean Score: 1.723 | Last-10 eps: [0.15, 0.15, 0.4, 0.08, 0.08, 0.05, 0.6, 0.1, 0.08, 0.2] | NaN reward steps so far: 0
Episodes: 14390 | Mean Reward (last 10): 1.747 | Mean Score: 1.777 | Last-10 eps: [0.1, 0.08, 0.08, 0.2, 0.5, 0.08, 0.08, 0.08, 0.15, 0.08] | NaN reward steps so far: 0
Episodes: 14400 | Mean Reward (last 10): 1.562 | Mean Score: 1.592 | Last-10 eps: [0.15, 0.15, 0.15, 0.1, 0.2, 0.1, 0.1, 0.15, 0.15, 0.2] | NaN reward steps so far: 0
Episodes: 14410 | Mean Reward (last 10): 1.739 | Mean Score: 1.766 | Last-10 eps: [0.1, 0.1, 0.08, 0.15, 0.15, 0.2, 0.2, 0.1, 0.08, 0.1] | NaN reward steps so far: 0
Episodes: 14420 | Mean Reward (last 10): 1.724 | Mean Score: 1.750 | Last-10 eps: [0.1, 0.25, 0.1, 0.15, 0.2, 0.08, 0.08, 0.1, 0.15, 0.2] | NaN reward steps so far: 0
Episodes: 14430 | Mean Reward (last 10): 1.680 | Mean Score: 1.706 | Last-10 eps: [0.1, 0.2, 0.15, 0.08, 0.1, 0.15, 0.15, 0.1, 0.1, 0.05] | NaN reward steps so far: 0
Episodes: 14440 | Mean Reward (last 10): 1.658 | Mean Score: 1.687 | Last-10 eps: [0.08, 0.25, 0.08, 0.3, 0.2, 0.15, 0.1, 0.15, 0.08, 0.15] | NaN reward steps so far: 0
Episodes: 14450 | Mean Reward (last 10): 1.709 | Mean Score: 1.733 | Last-10 eps: [0.5, 0.2, 0.15, 0.15, 0.2, 0.15, 0.1, 0.15, 0.5, 0.05] | NaN reward steps so far: 0
Episodes: 14460 | Mean Reward (last 10): 1.661 | Mean Score: 1.687 | Last-10 eps: [0.15, 0.3, 0.2, 0.15, 0.15, 0.15, 0.15, 0.25, 0.25, 0.1] | NaN reward steps so far: 0
Episodes: 14470 | Mean Reward (last 10): 1.750 | Mean Score: 1.778 | Last-10 eps: [0.2, 0.15, 0.15, 0.1, 0.15, 0.1, 0.4, 0.2, 0.05, 0.1] | NaN reward steps so far: 0
Episodes: 14480 | Mean Reward (last 10): 1.619 | Mean Score: 1.649 | Last-10 eps: [0.08, 0.1, 0.5, 0.15, 0.1, 0.1, 0.08, 0.08, 0.1, 0.15] | NaN reward steps so far: 0
Episodes: 14490 | Mean Reward (last 10): 1.724 | Mean Score: 1.752 | Last-10 eps: [0.2, 0.08, 0.03, 0.3, 0.15, 0.2, 0.2, 0.08, 0.15, 0.05] | NaN reward steps so far: 0
Episodes: 14500 | Mean Reward (last 10): 1.769 | Mean Score: 1.791 | Last-10 eps: [0.08, 0.2, 0.1, 0.08, 0.2, 0.08, 0.08, 0.15, 0.2, 0.08] | NaN reward steps so far: 0
Episodes: 14510 | Mean Reward (last 10): 1.775 | Mean Score: 1.794 | Last-10 eps: [0.08, 0.03, 0.1, 0.15, 0.1, 0.3, 0.15, 0.1, 0.15, 0.1] | NaN reward steps so far: 0
Episodes: 14520 | Mean Reward (last 10): 1.643 | Mean Score: 1.674 | Last-10 eps: [0.1, 0.08, 0.15, 0.05, 0.15, 0.1, 0.1, 0.08, 0.15, 0.08] | NaN reward steps so far: 0
Episodes: 14530 | Mean Reward (last 10): 1.713 | Mean Score: 1.737 | Last-10 eps: [0.2, 0.25, 0.1, 0.3, 0.2, 0.15, 0.2, 0.1, 0.08, 0.1] | NaN reward steps so far: 0
Episodes: 14540 | Mean Reward (last 10): 1.714 | Mean Score: 1.735 | Last-10 eps: [0.25, 0.15, 0.15, 0.1, 0.3, 0.1, 0.08, 0.3, 0.25, 0.6] | NaN reward steps so far: 0
Episodes: 14550 | Mean Reward (last 10): 1.621 | Mean Score: 1.647 | Last-10 eps: [0.1, 0.15, 0.15, 0.1, 0.15, 0.08, 0.3, 0.2, 0.08, 0.15] | NaN reward steps so far: 0
Episodes: 14560 | Mean Reward (last 10): 1.684 | Mean Score: 1.705 | Last-10 eps: [0.08, 0.15, 0.08, 0.4, 0.08, 0.08, 0.08, 0.08, 0.25, 0.1] | NaN reward steps so far: 0
Episodes: 14570 | Mean Reward (last 10): 1.653 | Mean Score: 1.676 | Last-10 eps: [0.08, 0.2, 0.15, 0.3, 0.15, 0.08, 0.25, 0.1, 0.2, 0.08] | NaN reward steps so far: 0
Episodes: 14580 | Mean Reward (last 10): 1.497 | Mean Score: 1.527 | Last-10 eps: [0.1, 0.15, 0.08, 0.2, 0.2, 0.15, 0.1, 0.1, 0.25, 0.2] | NaN reward steps so far: 0
Episodes: 14590 | Mean Reward (last 10): 1.728 | Mean Score: 1.757 | Last-10 eps: [0.15, 0.1, 0.1, 0.25, 0.15, 0.1, 0.15, 0.08, 0.05, 0.1] | NaN reward steps so far: 0
Episodes: 14600 | Mean Reward (last 10): 1.604 | Mean Score: 1.636 | Last-10 eps: [0.2, 0.15, 0.08, 0.1, 0.25, 0.1, 0.08, 0.1, 0.08, 0.08] | NaN reward steps so far: 0
Episodes: 14610 | Mean Reward (last 10): 1.659 | Mean Score: 1.683 | Last-10 eps: [0.1, 0.1, 0.15, 0.15, 0.15, 0.08, 0.6, 0.08, 0.08, 0.15] | NaN reward steps so far: 0
Episodes: 14620 | Mean Reward (last 10): 1.697 | Mean Score: 1.721 | Last-10 eps: [0.1, 0.15, 0.08, 0.08, 0.15, 0.1, 0.1, 0.08, 0.08, 0.15] | NaN reward steps so far: 0
Episodes: 14630 | Mean Reward (last 10): 1.681 | Mean Score: 1.708 | Last-10 eps: [0.2, 0.15, 0.15, 0.4, 0.08, 0.2, 0.5, 0.15, 0.15, 0.08] | NaN reward steps so far: 0
Episodes: 14640 | Mean Reward (last 10): 1.695 | Mean Score: 1.713 | Last-10 eps: [0.08, 0.15, 0.3, 0.15, 0.25, 0.2, 0.2, 0.1, 0.1, 0.08] | NaN reward steps so far: 0
Episodes: 14650 | Mean Reward (last 10): 1.687 | Mean Score: 1.713 | Last-10 eps: [0.15, 0.15, 0.08, 0.08, 0.15, 0.15, 0.2, 0.1, 0.08, 0.5] | NaN reward steps so far: 0
Episodes: 14660 | Mean Reward (last 10): 1.635 | Mean Score: 1.660 | Last-10 eps: [0.1, 0.1, 0.2, 0.08, 0.1, 0.15, 0.5, 0.1, 0.3, 0.03] | NaN reward steps so far: 0
Episodes: 14670 | Mean Reward (last 10): 1.669 | Mean Score: 1.696 | Last-10 eps: [0.08, 0.25, 0.2, 0.15, 0.15, 0.1, 0.2, 0.15, 0.2, 0.08] | NaN reward steps so far: 0
Episodes: 14680 | Mean Reward (last 10): 1.608 | Mean Score: 1.637 | Last-10 eps: [0.08, 0.1, 0.15, 0.1, 0.15, 0.1, 0.15, 0.15, 0.1, 0.08] | NaN reward steps so far: 0
Episodes: 14690 | Mean Reward (last 10): 1.725 | Mean Score: 1.746 | Last-10 eps: [0.08, 0.2, 0.1, 0.15, 0.2, 0.2, 0.1, 0.08, 0.08, 0.25] | NaN reward steps so far: 0
Episodes: 14700 | Mean Reward (last 10): 1.710 | Mean Score: 1.732 | Last-10 eps: [0.1, 0.15, 0.3, 0.2, 0.08, 0.15, 0.15, 0.05, 0.25, 0.08] | NaN reward steps so far: 0
Episodes: 14710 | Mean Reward (last 10): 1.727 | Mean Score: 1.753 | Last-10 eps: [0.08, 0.25, 0.1, 0.03, 0.08, 0.1, 0.08, 0.15, 0.08, 0.2] | NaN reward steps so far: 0
Episodes: 14720 | Mean Reward (last 10): 1.701 | Mean Score: 1.724 | Last-10 eps: [0.3, 0.25, 0.15, 0.08, 0.25, 0.15, 0.15, 0.15, 0.1, 0.15] | NaN reward steps so far: 0
Episodes: 14730 | Mean Reward (last 10): 1.698 | Mean Score: 1.717 | Last-10 eps: [0.08, 0.08, 0.08, 0.15, 0.1, 0.15, 0.08, 0.2, 0.3, 0.1] | NaN reward steps so far: 0
Episodes: 14740 | Mean Reward (last 10): 1.645 | Mean Score: 1.672 | Last-10 eps: [0.08, 0.3, 0.1, 0.2, 0.1, 0.08, 0.1, 0.25, 0.1, 0.15] | NaN reward steps so far: 0
Episodes: 14750 | Mean Reward (last 10): 1.750 | Mean Score: 1.776 | Last-10 eps: [0.08, 0.08, 0.1, 0.08, 0.15, 0.15, 0.1, 0.08, 0.15, 0.2] | NaN reward steps so far: 0
Episodes: 14760 | Mean Reward (last 10): 1.673 | Mean Score: 1.693 | Last-10 eps: [0.1, 0.08, 0.5, 0.2, 0.08, 0.08, 0.08, 0.08, 0.1, 0.25] | NaN reward steps so far: 0
Episodes: 14770 | Mean Reward (last 10): 1.629 | Mean Score: 1.655 | Last-10 eps: [0.15, 0.1, 0.08, 0.1, 0.08, 0.08, 0.15, 0.1, 0.2, 0.2] | NaN reward steps so far: 0
-----------------------------------------
| rollout/                |             |
|    ep_len_mean          | 2.39        |
|    ep_rew_mean          | 1.68        |
| time/                   |             |
|    fps                  | 2           |
|    iterations           | 17          |
|    time_elapsed         | 17317       |
|    total_timesteps      | 34816       |
| train/                  |             |
|    approx_kl            | 0.017173972 |
|    clip_fraction        | 0.2         |
|    clip_range           | 0.2         |
|    entropy_loss         | -5.59       |
|    explained_variance   | 0.981       |
|    learning_rate        | 0.0003      |
|    loss                 | -0.107      |
|    n_updates            | 160         |
|    policy_gradient_loss | -0.0405     |
|    value_loss           | 0.0916      |
-----------------------------------------
Episodes: 14780 | Mean Reward (last 10): 1.730 | Mean Score: 1.751 | Last-10 eps: [0.05, 0.2, 0.1, 0.08, 0.15, 0.15, 0.4, 0.08, 0.1, 0.1] | NaN reward steps so far: 0
Episodes: 14790 | Mean Reward (last 10): 1.636 | Mean Score: 1.660 | Last-10 eps: [0.25, 0.08, 0.15, 0.6, 0.08, 0.15, 0.1, 0.1, 0.15, 0.15] | NaN reward steps so far: 0
Episodes: 14800 | Mean Reward (last 10): 1.778 | Mean Score: 1.806 | Last-10 eps: [0.15, 0.08, 0.5, 0.15, 0.08, 0.05, 0.15, 0.2, 0.08, 0.1] | NaN reward steps so far: 0
Episodes: 14810 | Mean Reward (last 10): 1.771 | Mean Score: 1.799 | Last-10 eps: [0.08, 0.15, 0.15, 0.08, 0.08, 0.15, 0.08, 0.15, 0.6, 0.08] | NaN reward steps so far: 0
Episodes: 14820 | Mean Reward (last 10): 1.670 | Mean Score: 1.700 | Last-10 eps: [0.1, 0.08, 0.15, 0.08, 0.5, 0.15, 0.2, 0.2, 0.15, 0.15] | NaN reward steps so far: 0
Episodes: 14830 | Mean Reward (last 10): 1.643 | Mean Score: 1.662 | Last-10 eps: [0.25, 0.25, 0.25, 0.2, 0.25, 0.4, 0.25, 0.08, 0.3, 0.08] | NaN reward steps so far: 0
Episodes: 14840 | Mean Reward (last 10): 1.692 | Mean Score: 1.721 | Last-10 eps: [0.08, 0.15, 0.15, 0.25, 0.25, 0.1, 0.4, 0.1, 0.1, 0.1] | NaN reward steps so far: 0
Episodes: 14850 | Mean Reward (last 10): 1.538 | Mean Score: 1.566 | Last-10 eps: [0.1, 0.2, 0.08, 0.25, 0.2, 0.1, 0.15, 0.08, 0.4, 0.15] | NaN reward steps so far: 0
Episodes: 14860 | Mean Reward (last 10): 1.754 | Mean Score: 1.781 | Last-10 eps: [0.05, 0.15, 0.2, 0.1, 0.2, 0.1, 0.15, 0.1, 0.1, 0.3] | NaN reward steps so far: 0
Episodes: 14870 | Mean Reward (last 10): 1.771 | Mean Score: 1.793 | Last-10 eps: [0.15, 0.08, 0.08, 0.1, 0.4, 0.08, 0.1, 0.08, 0.1, 0.08] | NaN reward steps so far: 0
Episodes: 14880 | Mean Reward (last 10): 1.704 | Mean Score: 1.731 | Last-10 eps: [0.08, 0.08, 0.1, 0.1, 0.15, 0.08, 0.1, 0.1, 0.15, 0.1] | NaN reward steps so far: 0
Episodes: 14890 | Mean Reward (last 10): 1.653 | Mean Score: 1.682 | Last-10 eps: [0.15, 0.25, 0.15, 0.15, 0.1, 0.1, 0.1, 0.5, 0.15, 0.1] | NaN reward steps so far: 0
Episodes: 14900 | Mean Reward (last 10): 1.724 | Mean Score: 1.749 | Last-10 eps: [0.3, 0.08, 0.05, 0.15, 0.25, 0.15, 0.1, 0.25, 0.15, 0.08] | NaN reward steps so far: 0
Episodes: 14910 | Mean Reward (last 10): 1.758 | Mean Score: 1.779 | Last-10 eps: [0.05, 0.15, 0.25, 0.1, 0.08, 0.08, 0.15, 0.08, 0.15, 0.15] | NaN reward steps so far: 0
Episodes: 14920 | Mean Reward (last 10): 1.543 | Mean Score: 1.564 | Last-10 eps: [0.2, 0.3, 0.15, 0.4, 0.08, 0.15, 0.2, 0.0, 0.1, 0.2] | NaN reward steps so far: 0
Episodes: 14930 | Mean Reward (last 10): 1.686 | Mean Score: 1.714 | Last-10 eps: [0.1, 0.15, 0.15, 0.08, 0.08, 0.15, 0.15, 0.15, 0.5, 0.1] | NaN reward steps so far: 0
Episodes: 14940 | Mean Reward (last 10): 1.720 | Mean Score: 1.746 | Last-10 eps: [0.2, 0.08, 0.08, 0.1, 0.15, 0.2, 0.08, 0.2, 0.08, 0.15] | NaN reward steps so far: 0
Episodes: 14950 | Mean Reward (last 10): 1.652 | Mean Score: 1.680 | Last-10 eps: [0.1, 0.1, 0.08, 0.2, 0.15, 0.08, 0.15, 0.1, 0.15, 0.08] | NaN reward steps so far: 0
Episodes: 14960 | Mean Reward (last 10): 1.602 | Mean Score: 1.631 | Last-10 eps: [0.15, 0.1, 0.05, 0.2, 0.15, 0.1, 0.15, 0.1, 0.08, 0.2] | NaN reward steps so far: 0
Episodes: 14970 | Mean Reward (last 10): 1.629 | Mean Score: 1.649 | Last-10 eps: [0.15, 0.15, 0.15, 0.2, 0.2, 0.1, 0.15, 0.1, 0.08, 0.2] | NaN reward steps so far: 0
Episodes: 14980 | Mean Reward (last 10): 1.608 | Mean Score: 1.631 | Last-10 eps: [0.15, 0.08, 0.15, 0.1, 0.08, 0.08, 0.2, 0.2, 0.1, 0.2] | NaN reward steps so far: 0
Episodes: 14990 | Mean Reward (last 10): 1.689 | Mean Score: 1.713 | Last-10 eps: [0.08, 0.25, 0.1, 0.1, 0.1, 0.1, 0.2, 0.1, 0.2, 0.1] | NaN reward steps so far: 0
Episodes: 15000 | Mean Reward (last 10): 1.688 | Mean Score: 1.715 | Last-10 eps: [0.08, 0.15, 0.1, 0.2, 0.2, 0.15, 0.08, 0.2, 0.25, 0.15] | NaN reward steps so far: 0
Episodes: 15010 | Mean Reward (last 10): 1.580 | Mean Score: 1.605 | Last-10 eps: [0.1, 0.08, 0.0, 0.08, 0.2, 0.08, 0.1, 0.08, 0.08, 0.2] | NaN reward steps so far: 0
Episodes: 15020 | Mean Reward (last 10): 1.645 | Mean Score: 1.673 | Last-10 eps: [0.08, 0.15, 0.15, 0.2, 0.1, 0.05, 0.15, 0.15, 0.2, 0.2] | NaN reward steps so far: 0
Episodes: 15030 | Mean Reward (last 10): 1.738 | Mean Score: 1.767 | Last-10 eps: [0.4, 0.08, 0.15, 0.08, 0.15, 0.1, 0.1, 0.3, 0.08, 0.2] | NaN reward steps so far: 0
Episodes: 15040 | Mean Reward (last 10): 1.593 | Mean Score: 1.619 | Last-10 eps: [0.1, 0.15, 0.2, 0.2, 0.1, 0.15, 0.1, 0.1, 0.08, 0.08] | NaN reward steps so far: 0
Episodes: 15050 | Mean Reward (last 10): 1.714 | Mean Score: 1.737 | Last-10 eps: [0.08, 0.08, 0.2, 0.25, 0.25, 0.15, 0.1, 0.1, 0.1, 0.08] | NaN reward steps so far: 0
Episodes: 15060 | Mean Reward (last 10): 1.754 | Mean Score: 1.782 | Last-10 eps: [0.08, 0.15, 0.08, 0.08, 0.1, 0.1, 0.08, 0.25, 0.3, 0.15] | NaN reward steps so far: 0
Episodes: 15070 | Mean Reward (last 10): 1.767 | Mean Score: 1.792 | Last-10 eps: [0.15, 0.1, 0.15, 0.2, 0.15, 0.1, 0.2, 0.15, 0.05, 0.1] | NaN reward steps so far: 0
Episodes: 15080 | Mean Reward (last 10): 1.672 | Mean Score: 1.699 | Last-10 eps: [0.15, 0.08, 0.6, 0.1, 0.08, 0.08, 0.15, 0.15, 0.1, 0.15] | NaN reward steps so far: 0
Episodes: 15090 | Mean Reward (last 10): 1.722 | Mean Score: 1.745 | Last-10 eps: [0.05, 0.08, 0.1, 0.15, 0.2, 0.2, 0.1, 0.15, 0.25, 0.1] | NaN reward steps so far: 0
Episodes: 15100 | Mean Reward (last 10): 1.815 | Mean Score: 1.842 | Last-10 eps: [0.1, 0.1, 0.15, 0.15, 0.1, 0.05, 0.05, 0.1, 0.08, 0.05] | NaN reward steps so far: 0
Episodes: 15110 | Mean Reward (last 10): 1.675 | Mean Score: 1.696 | Last-10 eps: [0.15, 0.15, 0.2, 0.25, 0.15, 0.15, 0.15, 0.08, 0.2, 0.15] | NaN reward steps so far: 0
Episodes: 15120 | Mean Reward (last 10): 1.610 | Mean Score: 1.642 | Last-10 eps: [0.08, 0.15, 0.15, 0.15, 0.15, 0.15, 0.2, 0.15, 0.15, 0.1] | NaN reward steps so far: 0
Episodes: 15130 | Mean Reward (last 10): 1.667 | Mean Score: 1.690 | Last-10 eps: [0.08, 0.08, 0.15, 0.08, 0.08, 0.2, 0.1, 0.3, 0.08, 0.3] | NaN reward steps so far: 0
Episodes: 15140 | Mean Reward (last 10): 1.701 | Mean Score: 1.731 | Last-10 eps: [0.08, 0.15, 0.05, 0.15, 0.1, 0.15, 0.08, 0.08, 0.1, 0.15] | NaN reward steps so far: 0
Episodes: 15150 | Mean Reward (last 10): 1.662 | Mean Score: 1.688 | Last-10 eps: [0.2, 0.15, 0.08, 0.08, 0.1, 0.6, 0.2, 0.3, 0.3, 0.08] | NaN reward steps so far: 0
Episodes: 15160 | Mean Reward (last 10): 1.655 | Mean Score: 1.682 | Last-10 eps: [0.2, 0.1, 0.15, 0.1, 0.25, 0.3, 0.15, 0.08, 0.1, 0.2] | NaN reward steps so far: 0
Episodes: 15170 | Mean Reward (last 10): 1.588 | Mean Score: 1.620 | Last-10 eps: [0.1, 0.08, 0.08, 0.15, 0.15, 0.08, 0.15, 0.2, 0.1, 0.2] | NaN reward steps so far: 0
Episodes: 15180 | Mean Reward (last 10): 1.801 | Mean Score: 1.828 | Last-10 eps: [0.08, 0.08, 0.3, 0.1, 0.08, 0.1, 0.1, 0.05, 0.08, 0.08] | NaN reward steps so far: 0
Episodes: 15190 | Mean Reward (last 10): 1.673 | Mean Score: 1.701 | Last-10 eps: [0.4, 0.1, 0.08, 0.1, 0.1, 0.1, 0.15, 0.2, 0.15, 0.2] | NaN reward steps so far: 0
Episodes: 15200 | Mean Reward (last 10): 1.593 | Mean Score: 1.610 | Last-10 eps: [0.1, 0.25, 0.2, 0.08, 0.15, 0.25, 0.08, 0.0, 0.25, 0.15] | NaN reward steps so far: 0
Episodes: 15210 | Mean Reward (last 10): 1.660 | Mean Score: 1.689 | Last-10 eps: [0.15, 0.1, 0.15, 0.1, 0.2, 0.15, 0.15, 0.1, 0.1, 0.15] | NaN reward steps so far: 0
Episodes: 15220 | Mean Reward (last 10): 1.444 | Mean Score: 1.472 | Last-10 eps: [0.0, 0.15, 0.15, 0.15, 0.1, 0.1, 0.1, 0.2, 0.1, 0.15] | NaN reward steps so far: 0
Episodes: 15230 | Mean Reward (last 10): 1.694 | Mean Score: 1.718 | Last-10 eps: [0.08, 0.15, 0.15, 0.2, 0.3, 0.4, 0.1, 0.08, 0.08, 0.15] | NaN reward steps so far: 0
Episodes: 15240 | Mean Reward (last 10): 1.786 | Mean Score: 1.810 | Last-10 eps: [0.15, 0.1, 0.6, 0.1, 0.08, 0.2, 0.15, 0.2, 0.1, 0.15] | NaN reward steps so far: 0
Episodes: 15250 | Mean Reward (last 10): 1.724 | Mean Score: 1.748 | Last-10 eps: [0.08, 0.1, 0.15, 0.1, 0.08, 0.6, 0.08, 0.15, 0.1, 0.1] | NaN reward steps so far: 0
Episodes: 15260 | Mean Reward (last 10): 1.744 | Mean Score: 1.762 | Last-10 eps: [0.05, 0.1, 0.08, 0.1, 0.1, 0.2, 0.6, 0.15, 0.1, 0.15] | NaN reward steps so far: 0
Episodes: 15270 | Mean Reward (last 10): 1.523 | Mean Score: 1.550 | Last-10 eps: [0.15, 0.1, 0.1, 0.15, 0.15, 0.2, 0.25, 0.15, 0.15, 0.1] | NaN reward steps so far: 0
Episodes: 15280 | Mean Reward (last 10): 1.764 | Mean Score: 1.792 | Last-10 eps: [0.08, 0.08, 0.15, 0.08, 0.15, 0.08, 0.25, 0.25, 0.15, 0.08] | NaN reward steps so far: 0
Episodes: 15290 | Mean Reward (last 10): 1.815 | Mean Score: 1.836 | Last-10 eps: [0.4, 0.08, 0.15, 0.05, 0.05, 0.15, 0.08, 0.08, 0.1, 0.2] | NaN reward steps so far: 0
Episodes: 15300 | Mean Reward (last 10): 1.611 | Mean Score: 1.638 | Last-10 eps: [0.2, 0.15, 0.15, 0.15, 0.08, 0.08, 0.08, 0.15, 0.08, 0.1] | NaN reward steps so far: 0
Episodes: 15310 | Mean Reward (last 10): 1.698 | Mean Score: 1.723 | Last-10 eps: [0.15, 0.15, 0.1, 0.15, 0.15, 0.1, 0.2, 0.15, 0.3, 0.08] | NaN reward steps so far: 0
Episodes: 15320 | Mean Reward (last 10): 1.807 | Mean Score: 1.834 | Last-10 eps: [0.08, 0.08, 0.1, 0.15, 0.15, 0.1, 0.08, 0.08, 0.08, 0.08] | NaN reward steps so far: 0
Episodes: 15330 | Mean Reward (last 10): 1.753 | Mean Score: 1.778 | Last-10 eps: [0.2, 0.15, 0.15, 0.1, 0.08, 0.08, 0.08, 0.03, 0.15, 0.2] | NaN reward steps so far: 0
Episodes: 15340 | Mean Reward (last 10): 1.687 | Mean Score: 1.713 | Last-10 eps: [0.15, 0.08, 0.25, 0.3, 0.15, 0.1, 0.15, 0.1, 0.25, 0.05] | NaN reward steps so far: 0
Episodes: 15350 | Mean Reward (last 10): 1.659 | Mean Score: 1.679 | Last-10 eps: [0.3, 0.2, 0.15, 0.1, 0.1, 0.15, 0.15, 0.08, 0.1, 0.25] | NaN reward steps so far: 0
Episodes: 15360 | Mean Reward (last 10): 1.828 | Mean Score: 1.850 | Last-10 eps: [0.1, 0.2, 0.3, 0.2, 0.1, 0.1, 0.2, 0.08, 0.15, 0.1] | NaN reward steps so far: 0
Episodes: 15370 | Mean Reward (last 10): 1.722 | Mean Score: 1.748 | Last-10 eps: [0.15, 0.15, 0.2, 0.08, 0.2, 0.1, 0.08, 0.1, 0.08, 0.15] | NaN reward steps so far: 0
Episodes: 15380 | Mean Reward (last 10): 1.737 | Mean Score: 1.761 | Last-10 eps: [0.5, 0.1, 0.08, 0.08, 0.1, 0.1, 0.08, 0.08, 0.25, 0.08] | NaN reward steps so far: 0
Episodes: 15390 | Mean Reward (last 10): 1.735 | Mean Score: 1.756 | Last-10 eps: [0.1, 0.1, 0.2, 0.1, 0.15, 0.1, 0.15, 0.08, 0.08, 0.15] | NaN reward steps so far: 0
Episodes: 15400 | Mean Reward (last 10): 1.726 | Mean Score: 1.754 | Last-10 eps: [0.15, 0.08, 0.08, 0.08, 0.1, 0.15, 0.1, 0.15, 0.08, 0.15] | NaN reward steps so far: 0
Episodes: 15410 | Mean Reward (last 10): 1.662 | Mean Score: 1.680 | Last-10 eps: [0.2, 0.08, 0.08, 0.1, 0.2, 0.1, 0.08, 0.15, 0.25, 0.2] | NaN reward steps so far: 0
Episodes: 15420 | Mean Reward (last 10): 1.696 | Mean Score: 1.724 | Last-10 eps: [0.15, 0.1, 0.2, 0.15, 0.1, 0.1, 0.08, 0.2, 0.2, 0.1] | NaN reward steps so far: 0
Episodes: 15430 | Mean Reward (last 10): 1.783 | Mean Score: 1.803 | Last-10 eps: [0.3, 0.08, 0.15, 0.1, 0.08, 0.08, 0.1, 0.1, 0.1, 0.08] | NaN reward steps so far: 0
Episodes: 15440 | Mean Reward (last 10): 1.793 | Mean Score: 1.817 | Last-10 eps: [0.1, 0.15, 0.15, 0.08, 0.15, 0.08, 0.1, 0.08, 0.25, 0.1] | NaN reward steps so far: 0
Episodes: 15450 | Mean Reward (last 10): 1.633 | Mean Score: 1.660 | Last-10 eps: [0.2, 0.08, 0.1, 0.2, 0.08, 0.08, 0.15, 0.15, 0.5, 0.15] | NaN reward steps so far: 0
Episodes: 15460 | Mean Reward (last 10): 1.821 | Mean Score: 1.837 | Last-10 eps: [0.2, 0.25, 0.08, 0.15, 0.6, 0.1, 0.1, 0.2, 0.1, 0.2] | NaN reward steps so far: 0
Episodes: 15470 | Mean Reward (last 10): 1.747 | Mean Score: 1.770 | Last-10 eps: [0.08, 0.08, 0.1, 0.2, 0.1, 0.15, 0.2, 0.08, 0.1, 0.1] | NaN reward steps so far: 0
Episodes: 15480 | Mean Reward (last 10): 1.684 | Mean Score: 1.702 | Last-10 eps: [0.08, 0.4, 0.1, 0.15, 0.15, 0.08, 0.15, 0.05, 0.2, 0.25] | NaN reward steps so far: 0
Episodes: 15490 | Mean Reward (last 10): 1.635 | Mean Score: 1.657 | Last-10 eps: [0.08, 0.1, 0.25, 0.08, 0.4, 0.2, 0.1, 0.2, 0.2, 0.15] | NaN reward steps so far: 0
Episodes: 15500 | Mean Reward (last 10): 1.732 | Mean Score: 1.758 | Last-10 eps: [0.25, 0.5, 0.1, 0.25, 0.08, 0.5, 0.1, 0.08, 0.08, 0.2] | NaN reward steps so far: 0
Episodes: 15510 | Mean Reward (last 10): 1.792 | Mean Score: 1.815 | Last-10 eps: [0.08, 0.1, 0.15, 0.15, 0.08, 0.1, 0.1, 0.1, 0.2, 0.2] | NaN reward steps so far: 0
Episodes: 15520 | Mean Reward (last 10): 1.615 | Mean Score: 1.643 | Last-10 eps: [0.08, 0.15, 0.08, 0.2, 0.08, 0.2, 0.15, 0.3, 0.1, 0.1] | NaN reward steps so far: 0
Episodes: 15530 | Mean Reward (last 10): 1.738 | Mean Score: 1.761 | Last-10 eps: [0.08, 0.2, 0.15, 0.25, 0.25, 0.2, 0.25, 0.2, 0.1, 0.15] | NaN reward steps so far: 0
Episodes: 15540 | Mean Reward (last 10): 1.773 | Mean Score: 1.795 | Last-10 eps: [0.2, 0.2, 0.08, 0.1, 0.08, 0.08, 0.2, 0.08, 0.08, 0.2] | NaN reward steps so far: 0
Episodes: 15550 | Mean Reward (last 10): 1.746 | Mean Score: 1.773 | Last-10 eps: [0.3, 0.08, 0.08, 0.2, 0.3, 0.15, 0.2, 0.08, 0.4, 0.15] | NaN reward steps so far: 0
Episodes: 15560 | Mean Reward (last 10): 1.693 | Mean Score: 1.716 | Last-10 eps: [0.08, 0.15, 0.08, 0.2, 0.15, 0.03, 0.08, 0.08, 0.3, 0.1] | NaN reward steps so far: 0
Episodes: 15570 | Mean Reward (last 10): 1.619 | Mean Score: 1.651 | Last-10 eps: [0.6, 0.2, 0.15, 0.2, 0.1, 0.15, 0.25, 0.25, 0.15, 0.15] | NaN reward steps so far: 0
Episodes: 15580 | Mean Reward (last 10): 1.746 | Mean Score: 1.770 | Last-10 eps: [0.1, 0.2, 0.15, 0.25, 0.2, 0.08, 0.08, 0.15, 0.08, 0.08] | NaN reward steps so far: 0
Episodes: 15590 | Mean Reward (last 10): 1.611 | Mean Score: 1.633 | Last-10 eps: [0.2, 0.25, 0.25, 0.2, 0.15, 0.15, 0.1, 0.08, 0.2, 0.08] | NaN reward steps so far: 0
-----------------------------------------
| rollout/                |             |
|    ep_len_mean          | 2.49        |
|    ep_rew_mean          | 1.71        |
| time/                   |             |
|    fps                  | 2           |
|    iterations           | 18          |
|    time_elapsed         | 18314       |
|    total_timesteps      | 36864       |
| train/                  |             |
|    approx_kl            | 0.015172876 |
|    clip_fraction        | 0.168       |
|    clip_range           | 0.2         |
|    entropy_loss         | -5.49       |
|    explained_variance   | 0.975       |
|    learning_rate        | 0.0003      |
|    loss                 | -0.0536     |
|    n_updates            | 170         |
|    policy_gradient_loss | -0.0324     |
|    value_loss           | 0.119       |
-----------------------------------------
Episodes: 15600 | Mean Reward (last 10): 1.650 | Mean Score: 1.678 | Last-10 eps: [0.1, 0.2, 0.08, 0.1, 0.25, 0.15, 0.2, 0.1, 0.2, 0.2] | NaN reward steps so far: 0
Episodes: 15610 | Mean Reward (last 10): 1.630 | Mean Score: 1.665 | Last-10 eps: [0.2, 0.08, 0.15, 0.15, 0.15, 0.15, 0.15, 0.1, 0.1, 0.08] | NaN reward steps so far: 0
Episodes: 15620 | Mean Reward (last 10): 1.614 | Mean Score: 1.636 | Last-10 eps: [0.2, 0.1, 0.1, 0.15, 0.2, 0.08, 0.1, 0.08, 0.2, 0.1] | NaN reward steps so far: 0
Episodes: 15630 | Mean Reward (last 10): 1.677 | Mean Score: 1.706 | Last-10 eps: [0.05, 0.2, 0.08, 0.25, 0.1, 0.15, 0.2, 0.1, 0.1, 0.2] | NaN reward steps so far: 0
Episodes: 15640 | Mean Reward (last 10): 1.735 | Mean Score: 1.767 | Last-10 eps: [0.1, 0.15, 0.15, 0.15, 0.1, 0.08, 0.08, 0.08, 0.15, 0.15] | NaN reward steps so far: 0
Episodes: 15650 | Mean Reward (last 10): 1.613 | Mean Score: 1.640 | Last-10 eps: [0.15, 0.1, 0.2, 0.1, 0.1, 0.15, 0.1, 0.08, 0.08, 0.08] | NaN reward steps so far: 0
Episodes: 15660 | Mean Reward (last 10): 1.672 | Mean Score: 1.694 | Last-10 eps: [0.25, 0.08, 0.1, 0.2, 0.2, 0.15, 0.1, 0.2, 0.05, 0.08] | NaN reward steps so far: 0
Episodes: 15670 | Mean Reward (last 10): 1.634 | Mean Score: 1.664 | Last-10 eps: [0.15, 0.25, 0.2, 0.1, 0.1, 0.15, 0.15, 0.08, 0.08, 0.15] | NaN reward steps so far: 0
Episodes: 15680 | Mean Reward (last 10): 1.612 | Mean Score: 1.634 | Last-10 eps: [0.2, 0.2, 0.15, 0.15, 0.1, 0.15, 0.2, 0.15, 0.15, 0.4] | NaN reward steps so far: 0
Episodes: 15690 | Mean Reward (last 10): 1.684 | Mean Score: 1.712 | Last-10 eps: [0.15, 0.15, 0.15, 0.15, 0.08, 0.08, 0.25, 0.08, 0.08, 0.15] | NaN reward steps so far: 0
Episodes: 15700 | Mean Reward (last 10): 1.728 | Mean Score: 1.755 | Last-10 eps: [0.08, 0.08, 0.15, 0.15, 0.08, 0.1, 0.15, 0.1, 0.2, 0.25] | NaN reward steps so far: 0
Episodes: 15710 | Mean Reward (last 10): 1.730 | Mean Score: 1.757 | Last-10 eps: [0.08, 0.08, 0.1, 0.2, 0.05, 0.15, 0.1, 0.15, 0.1, 0.5] | NaN reward steps so far: 0
Episodes: 15720 | Mean Reward (last 10): 1.705 | Mean Score: 1.731 | Last-10 eps: [0.2, 0.1, 0.08, 0.1, 0.1, 0.08, 0.15, 0.05, 0.15, 0.1] | NaN reward steps so far: 0
Episodes: 15730 | Mean Reward (last 10): 1.653 | Mean Score: 1.682 | Last-10 eps: [0.2, 0.15, 0.1, 0.25, 0.25, 0.15, 0.2, 0.05, 0.15, 0.15] | NaN reward steps so far: 0
Episodes: 15740 | Mean Reward (last 10): 1.599 | Mean Score: 1.629 | Last-10 eps: [0.15, 0.1, 0.1, 0.1, 0.1, 0.1, 0.08, 0.2, 0.2, 0.15] | NaN reward steps so far: 0
Episodes: 15750 | Mean Reward (last 10): 1.675 | Mean Score: 1.695 | Last-10 eps: [0.25, 0.1, 0.08, 0.15, 0.1, 0.2, 0.15, 0.08, 0.08, 0.08] | NaN reward steps so far: 0
Episodes: 15760 | Mean Reward (last 10): 1.668 | Mean Score: 1.692 | Last-10 eps: [0.08, 0.2, 0.15, 0.25, 0.2, 0.2, 0.08, 0.15, 0.08, 0.08] | NaN reward steps so far: 0
Episodes: 15770 | Mean Reward (last 10): 1.713 | Mean Score: 1.739 | Last-10 eps: [0.08, 0.1, 0.1, 0.08, 0.15, 0.2, 0.08, 0.1, 0.08, 0.15] | NaN reward steps so far: 0
Episodes: 15780 | Mean Reward (last 10): 1.477 | Mean Score: 1.507 | Last-10 eps: [0.08, 0.15, 0.15, 0.08, 0.08, 0.2, 0.4, 0.15, 0.1, 0.1] | NaN reward steps so far: 0
Episodes: 15790 | Mean Reward (last 10): 1.631 | Mean Score: 1.659 | Last-10 eps: [0.3, 0.15, 0.15, 0.15, 0.05, 0.1, 0.15, 0.1, 0.1, 0.08] | NaN reward steps so far: 0
Episodes: 15800 | Mean Reward (last 10): 1.634 | Mean Score: 1.666 | Last-10 eps: [0.2, 0.15, 0.08, 0.25, 0.2, 0.15, 0.08, 0.08, 0.15, 0.05] | NaN reward steps so far: 0
Episodes: 15810 | Mean Reward (last 10): 1.745 | Mean Score: 1.768 | Last-10 eps: [0.1, 0.25, 0.3, 0.08, 0.05, 0.08, 0.2, 0.2, 0.15, 0.08] | NaN reward steps so far: 0
Episodes: 15820 | Mean Reward (last 10): 1.769 | Mean Score: 1.796 | Last-10 eps: [0.1, 0.08, 0.1, 0.08, 0.15, 0.2, 0.08, 0.1, 0.2, 0.1] | NaN reward steps so far: 0
Episodes: 15830 | Mean Reward (last 10): 1.810 | Mean Score: 1.835 | Last-10 eps: [0.05, 0.2, 0.05, 0.2, 0.08, 0.2, 0.15, 0.08, 0.2, 0.08] | NaN reward steps so far: 0
Episodes: 15840 | Mean Reward (last 10): 1.557 | Mean Score: 1.575 | Last-10 eps: [0.08, 0.25, 0.1, 0.25, 0.15, 0.15, 0.08, 0.1, 0.1, 0.15] | NaN reward steps so far: 0
Episodes: 15850 | Mean Reward (last 10): 1.702 | Mean Score: 1.724 | Last-10 eps: [0.15, 0.08, 0.2, 0.08, 0.08, 0.08, 0.15, 0.15, 0.15, 0.15] | NaN reward steps so far: 0
Episodes: 15860 | Mean Reward (last 10): 1.560 | Mean Score: 1.587 | Last-10 eps: [0.15, 0.1, 0.15, 0.15, 0.2, 0.2, 0.08, 0.15, 0.08, 0.15] | NaN reward steps so far: 0
Episodes: 15870 | Mean Reward (last 10): 1.712 | Mean Score: 1.739 | Last-10 eps: [0.08, 0.15, 0.08, 0.2, 0.1, 0.08, 0.15, 0.1, 0.1, 0.08] | NaN reward steps so far: 0
Episodes: 15880 | Mean Reward (last 10): 1.791 | Mean Score: 1.815 | Last-10 eps: [0.08, 0.15, 0.1, 0.15, 0.05, 0.08, 0.08, 0.1, 0.1, 0.08] | NaN reward steps so far: 0
Episodes: 15890 | Mean Reward (last 10): 1.756 | Mean Score: 1.778 | Last-10 eps: [0.08, 0.15, 0.2, 0.25, 0.05, 0.2, 0.1, 0.2, 0.08, 0.15] | NaN reward steps so far: 0
Episodes: 15900 | Mean Reward (last 10): 1.735 | Mean Score: 1.757 | Last-10 eps: [0.08, 0.1, 0.25, 0.25, 0.08, 0.1, 0.5, 0.05, 0.08, 0.4] | NaN reward steps so far: 0
Episodes: 15910 | Mean Reward (last 10): 1.626 | Mean Score: 1.653 | Last-10 eps: [0.1, 0.15, 0.08, 0.1, 0.1, 0.1, 0.1, 0.15, 0.1, 0.15] | NaN reward steps so far: 0
Episodes: 15920 | Mean Reward (last 10): 1.701 | Mean Score: 1.726 | Last-10 eps: [0.5, 0.15, 0.08, 0.15, 0.25, 0.08, 0.08, 0.1, 0.1, 0.1] | NaN reward steps so far: 0
Episodes: 15930 | Mean Reward (last 10): 1.716 | Mean Score: 1.740 | Last-10 eps: [0.5, 0.08, 0.08, 0.08, 0.3, 0.05, 0.15, 0.2, 0.2, 0.15] | NaN reward steps so far: 0
Episodes: 15940 | Mean Reward (last 10): 1.602 | Mean Score: 1.626 | Last-10 eps: [0.2, 0.2, 0.15, 0.2, 0.15, 0.2, 0.1, 0.1, 0.08, 0.1] | NaN reward steps so far: 0
Episodes: 15950 | Mean Reward (last 10): 1.732 | Mean Score: 1.762 | Last-10 eps: [0.08, 0.15, 0.15, 0.05, 0.08, 0.1, 0.15, 0.08, 0.08, 0.08] | NaN reward steps so far: 0
Episodes: 15960 | Mean Reward (last 10): 1.752 | Mean Score: 1.769 | Last-10 eps: [0.1, 0.08, 0.2, 0.1, 0.2, 0.15, 0.1, 0.08, 0.08, 0.4] | NaN reward steps so far: 0
Episodes: 15970 | Mean Reward (last 10): 1.662 | Mean Score: 1.684 | Last-10 eps: [0.08, 0.1, 0.15, 0.15, 0.1, 0.15, 0.15, 0.2, 0.25, 0.1] | NaN reward steps so far: 0
Episodes: 15980 | Mean Reward (last 10): 1.670 | Mean Score: 1.696 | Last-10 eps: [0.15, 0.2, 0.3, 0.2, 0.1, 0.08, 0.25, 0.1, 0.08, 0.4] | NaN reward steps so far: 0
Episodes: 15990 | Mean Reward (last 10): 1.702 | Mean Score: 1.727 | Last-10 eps: [0.25, 0.2, 0.08, 0.15, 0.1, 0.08, 0.08, 0.1, 0.08, 0.08] | NaN reward steps so far: 0
Episodes: 16000 | Mean Reward (last 10): 1.661 | Mean Score: 1.682 | Last-10 eps: [0.1, 0.15, 0.2, 0.2, 0.2, 0.05, 0.15, 0.25, 0.2, 0.15] | NaN reward steps so far: 0
Episodes: 16010 | Mean Reward (last 10): 1.671 | Mean Score: 1.696 | Last-10 eps: [0.15, 0.08, 0.2, 0.15, 0.15, 0.15, 0.15, 0.15, 0.08, 0.05] | NaN reward steps so far: 0
Episodes: 16020 | Mean Reward (last 10): 1.657 | Mean Score: 1.685 | Last-10 eps: [0.15, 0.15, 0.1, 0.25, 0.25, 0.2, 0.15, 0.08, 0.08, 0.5] | NaN reward steps so far: 0
Episodes: 16030 | Mean Reward (last 10): 1.692 | Mean Score: 1.722 | Last-10 eps: [0.2, 0.1, 0.08, 0.08, 0.08, 0.15, 0.15, 0.1, 0.1, 0.08] | NaN reward steps so far: 0
Episodes: 16040 | Mean Reward (last 10): 1.660 | Mean Score: 1.694 | Last-10 eps: [0.08, 0.05, 0.15, 0.15, 0.1, 0.2, 0.08, 0.15, 0.1, 0.1] | NaN reward steps so far: 0
Episodes: 16050 | Mean Reward (last 10): 1.611 | Mean Score: 1.638 | Last-10 eps: [0.25, 0.1, 0.15, 0.1, 0.25, 0.15, 0.25, 0.08, 0.08, 0.1] | NaN reward steps so far: 0
Episodes: 16060 | Mean Reward (last 10): 1.584 | Mean Score: 1.612 | Last-10 eps: [0.15, 0.08, 0.15, 0.1, 0.2, 0.1, 0.25, 0.25, 0.4, 0.1] | NaN reward steps so far: 0
Episodes: 16070 | Mean Reward (last 10): 1.673 | Mean Score: 1.700 | Last-10 eps: [0.15, 0.1, 0.15, 0.08, 0.15, 0.15, 0.2, 0.08, 0.15, 0.08] | NaN reward steps so far: 0
Episodes: 16080 | Mean Reward (last 10): 1.625 | Mean Score: 1.657 | Last-10 eps: [0.1, 0.08, 0.15, 0.1, 0.2, 0.15, 0.08, 0.08, 0.15, 0.15] | NaN reward steps so far: 0
Episodes: 16090 | Mean Reward (last 10): 1.648 | Mean Score: 1.678 | Last-10 eps: [0.5, 0.1, 0.1, 0.2, 0.1, 0.15, 0.15, 0.25, 0.1, 0.1] | NaN reward steps so far: 0
Episodes: 16100 | Mean Reward (last 10): 1.724 | Mean Score: 1.755 | Last-10 eps: [0.1, 0.15, 0.05, 0.15, 0.2, 0.2, 0.2, 0.15, 0.08, 0.05] | NaN reward steps so far: 0
Episodes: 16110 | Mean Reward (last 10): 1.610 | Mean Score: 1.638 | Last-10 eps: [0.25, 0.15, 0.2, 0.15, 0.2, 0.08, 0.1, 0.08, 0.08, 0.08] | NaN reward steps so far: 0
Episodes: 16120 | Mean Reward (last 10): 1.783 | Mean Score: 1.806 | Last-10 eps: [0.1, 0.3, 0.2, 0.08, 0.05, 0.1, 0.08, 0.15, 0.08, 0.1] | NaN reward steps so far: 0
Episodes: 16130 | Mean Reward (last 10): 1.724 | Mean Score: 1.743 | Last-10 eps: [0.08, 0.15, 0.1, 0.08, 0.1, 0.2, 0.15, 0.2, 0.2, 0.08] | NaN reward steps so far: 0
Episodes: 16140 | Mean Reward (last 10): 1.767 | Mean Score: 1.794 | Last-10 eps: [0.08, 0.15, 0.08, 0.2, 0.4, 0.1, 0.05, 0.2, 0.1, 0.3] | NaN reward steps so far: 0
Episodes: 16150 | Mean Reward (last 10): 1.767 | Mean Score: 1.793 | Last-10 eps: [0.08, 0.15, 0.4, 0.15, 0.08, 0.2, 0.1, 0.15, 0.1, 0.1] | NaN reward steps so far: 0
Episodes: 16160 | Mean Reward (last 10): 1.668 | Mean Score: 1.693 | Last-10 eps: [0.3, 0.4, 0.05, 0.15, 0.08, 0.08, 0.15, 0.15, 0.15, 0.2] | NaN reward steps so far: 0
Episodes: 16170 | Mean Reward (last 10): 1.617 | Mean Score: 1.645 | Last-10 eps: [0.15, 0.08, 0.15, 0.08, 0.15, 0.1, 0.15, 0.15, 0.2, 0.05] | NaN reward steps so far: 0
Episodes: 16180 | Mean Reward (last 10): 1.587 | Mean Score: 1.613 | Last-10 eps: [0.15, 0.1, 0.15, 0.25, 0.1, 0.08, 0.08, 0.15, 0.2, 0.15] | NaN reward steps so far: 0
Episodes: 16190 | Mean Reward (last 10): 1.793 | Mean Score: 1.817 | Last-10 eps: [0.1, 0.08, 0.08, 0.05, 0.15, 0.08, 0.2, 0.08, 0.15, 0.08] | NaN reward steps so far: 0
Episodes: 16200 | Mean Reward (last 10): 1.654 | Mean Score: 1.685 | Last-10 eps: [0.15, 0.2, 0.15, 0.1, 0.1, 0.15, 0.1, 0.15, 0.1, 0.1] | NaN reward steps so far: 0
Episodes: 16210 | Mean Reward (last 10): 1.722 | Mean Score: 1.742 | Last-10 eps: [0.08, 0.15, 0.15, 0.08, 0.1, 0.15, 0.08, 0.2, 0.08, 0.1] | NaN reward steps so far: 0
Episodes: 16220 | Mean Reward (last 10): 1.727 | Mean Score: 1.756 | Last-10 eps: [0.25, 0.08, 0.15, 0.15, 0.08, 0.2, 0.08, 0.25, 0.15, 0.1] | NaN reward steps so far: 0
Episodes: 16230 | Mean Reward (last 10): 1.798 | Mean Score: 1.827 | Last-10 eps: [0.05, 0.1, 0.25, 0.08, 0.1, 0.08, 0.15, 0.1, 0.1, 0.1] | NaN reward steps so far: 0
Episodes: 16240 | Mean Reward (last 10): 1.690 | Mean Score: 1.713 | Last-10 eps: [0.15, 0.25, 0.15, 0.15, 0.3, 0.08, 0.15, 0.4, 0.15, 0.15] | NaN reward steps so far: 0
Episodes: 16250 | Mean Reward (last 10): 1.737 | Mean Score: 1.762 | Last-10 eps: [0.08, 0.1, 0.08, 0.08, 0.08, 0.1, 0.2, 0.08, 0.15, 0.2] | NaN reward steps so far: 0
Episodes: 16260 | Mean Reward (last 10): 1.799 | Mean Score: 1.827 | Last-10 eps: [0.08, 0.05, 0.2, 0.2, 0.1, 0.1, 0.08, 0.08, 0.15, 0.15] | NaN reward steps so far: 0
Episodes: 16270 | Mean Reward (last 10): 1.676 | Mean Score: 1.702 | Last-10 eps: [0.15, 0.15, 0.4, 0.08, 0.15, 0.15, 0.15, 0.05, 0.15, 0.25] | NaN reward steps so far: 0
Episodes: 16280 | Mean Reward (last 10): 1.661 | Mean Score: 1.689 | Last-10 eps: [0.4, 0.15, 0.08, 0.1, 0.1, 0.15, 0.15, 0.08, 0.4, 0.08] | NaN reward steps so far: 0
Episodes: 16290 | Mean Reward (last 10): 1.679 | Mean Score: 1.700 | Last-10 eps: [0.08, 0.15, 0.2, 0.1, 0.2, 0.1, 0.25, 0.15, 0.1, 0.08] | NaN reward steps so far: 0
Episodes: 16300 | Mean Reward (last 10): 1.683 | Mean Score: 1.709 | Last-10 eps: [0.15, 0.15, 0.08, 0.15, 0.08, 0.15, 0.15, 0.08, 0.15, 0.2] | NaN reward steps so far: 0
Episodes: 16310 | Mean Reward (last 10): 1.700 | Mean Score: 1.724 | Last-10 eps: [0.15, 0.08, 0.15, 0.1, 0.2, 0.15, 0.1, 0.08, 0.05, 0.2] | NaN reward steps so far: 0
Episodes: 16320 | Mean Reward (last 10): 1.718 | Mean Score: 1.747 | Last-10 eps: [0.1, 0.15, 0.08, 0.1, 0.15, 0.1, 0.15, 0.15, 0.08, 0.15] | NaN reward steps so far: 0
Episodes: 16330 | Mean Reward (last 10): 1.750 | Mean Score: 1.775 | Last-10 eps: [0.1, 0.08, 0.1, 0.15, 0.2, 0.15, 0.08, 0.2, 0.1, 0.1] | NaN reward steps so far: 0
Episodes: 16340 | Mean Reward (last 10): 1.696 | Mean Score: 1.720 | Last-10 eps: [0.05, 0.08, 0.2, 0.08, 0.15, 0.08, 0.2, 0.08, 0.15, 0.1] | NaN reward steps so far: 0
Episodes: 16350 | Mean Reward (last 10): 1.649 | Mean Score: 1.673 | Last-10 eps: [0.1, 0.2, 0.15, 0.15, 0.15, 0.15, 0.2, 0.2, 0.1, 0.2] | NaN reward steps so far: 0
Episodes: 16360 | Mean Reward (last 10): 1.695 | Mean Score: 1.726 | Last-10 eps: [0.08, 0.15, 0.15, 0.2, 0.1, 0.08, 0.08, 0.3, 0.15, 0.08] | NaN reward steps so far: 0
Episodes: 16370 | Mean Reward (last 10): 1.733 | Mean Score: 1.761 | Last-10 eps: [0.05, 0.08, 0.08, 0.3, 0.25, 0.08, 0.2, 0.15, 0.1, 0.08] | NaN reward steps so far: 0
-----------------------------------------
| rollout/                |             |
|    ep_len_mean          | 2.5         |
|    ep_rew_mean          | 1.71        |
| time/                   |             |
|    fps                  | 2           |
|    iterations           | 19          |
|    time_elapsed         | 19307       |
|    total_timesteps      | 38912       |
| train/                  |             |
|    approx_kl            | 0.017119711 |
|    clip_fraction        | 0.196       |
|    clip_range           | 0.2         |
|    entropy_loss         | -5.42       |
|    explained_variance   | 0.978       |
|    learning_rate        | 0.0003      |
|    loss                 | -0.0428     |
|    n_updates            | 180         |
|    policy_gradient_loss | -0.0401     |
|    value_loss           | 0.111       |
-----------------------------------------
Episodes: 16380 | Mean Reward (last 10): 1.781 | Mean Score: 1.802 | Last-10 eps: [0.1, 0.4, 0.08, 0.08, 0.25, 0.1, 0.15, 0.4, 0.08, 0.08] | NaN reward steps so far: 0
Episodes: 16390 | Mean Reward (last 10): 1.762 | Mean Score: 1.789 | Last-10 eps: [0.15, 0.15, 0.08, 0.15, 0.08, 0.08, 0.2, 0.15, 0.08, 0.15] | NaN reward steps so far: 0
Episodes: 16400 | Mean Reward (last 10): 1.712 | Mean Score: 1.729 | Last-10 eps: [0.2, 0.15, 0.5, 0.25, 0.15, 0.15, 0.08, 0.08, 0.08, 0.08] | NaN reward steps so far: 0
Episodes: 16410 | Mean Reward (last 10): 1.602 | Mean Score: 1.627 | Last-10 eps: [0.08, 0.15, 0.2, 0.1, 0.2, 0.15, 0.4, 0.4, 0.2, 0.15] | NaN reward steps so far: 0
Episodes: 16420 | Mean Reward (last 10): 1.594 | Mean Score: 1.620 | Last-10 eps: [0.4, 0.1, 0.08, 0.1, 0.08, 0.08, 0.08, 0.15, 0.15, 0.15] | NaN reward steps so far: 0
Episodes: 16430 | Mean Reward (last 10): 1.642 | Mean Score: 1.676 | Last-10 eps: [0.1, 0.2, 0.1, 0.15, 0.25, 0.15, 0.15, 0.08, 0.05, 0.2] | NaN reward steps so far: 0
Episodes: 16440 | Mean Reward (last 10): 1.751 | Mean Score: 1.774 | Last-10 eps: [0.15, 0.1, 0.2, 0.08, 0.4, 0.15, 0.15, 0.2, 0.2, 0.5] | NaN reward steps so far: 0
Episodes: 16450 | Mean Reward (last 10): 1.764 | Mean Score: 1.785 | Last-10 eps: [0.08, 0.2, 0.15, 0.15, 0.08, 0.1, 0.15, 0.08, 0.1, 0.15] | NaN reward steps so far: 0
Episodes: 16460 | Mean Reward (last 10): 1.723 | Mean Score: 1.751 | Last-10 eps: [0.2, 0.5, 0.08, 0.1, 0.1, 0.08, 0.15, 0.25, 0.08, 0.1] | NaN reward steps so far: 0
Episodes: 16470 | Mean Reward (last 10): 1.751 | Mean Score: 1.776 | Last-10 eps: [0.15, 0.08, 0.08, 0.08, 0.1, 0.08, 0.1, 0.25, 0.15, 0.15] | NaN reward steps so far: 0
Episodes: 16480 | Mean Reward (last 10): 1.672 | Mean Score: 1.699 | Last-10 eps: [0.1, 0.08, 0.3, 0.05, 0.1, 0.2, 0.08, 0.15, 0.1, 0.1] | NaN reward steps so far: 0
Episodes: 16490 | Mean Reward (last 10): 1.535 | Mean Score: 1.554 | Last-10 eps: [0.15, 0.1, 0.15, 0.2, 0.0, 0.05, 0.08, 0.25, 0.2, 0.15] | NaN reward steps so far: 0
Episodes: 16500 | Mean Reward (last 10): 1.544 | Mean Score: 1.576 | Last-10 eps: [0.4, 0.1, 0.1, 0.2, 0.15, 0.15, 0.15, 0.15, 0.1, 0.08] | NaN reward steps so far: 0
Episodes: 16510 | Mean Reward (last 10): 1.637 | Mean Score: 1.664 | Last-10 eps: [0.1, 0.15, 0.3, 0.1, 0.3, 0.08, 0.1, 0.15, 0.1, 0.2] | NaN reward steps so far: 0
Episodes: 16520 | Mean Reward (last 10): 1.740 | Mean Score: 1.759 | Last-10 eps: [0.15, 0.1, 0.3, 0.1, 0.2, 0.08, 0.15, 0.15, 0.1, 0.2] | NaN reward steps so far: 0
Episodes: 16530 | Mean Reward (last 10): 1.691 | Mean Score: 1.716 | Last-10 eps: [0.15, 0.2, 0.2, 0.6, 0.2, 0.2, 0.15, 0.5, 0.1, 0.15] | NaN reward steps so far: 0
Episodes: 16540 | Mean Reward (last 10): 1.665 | Mean Score: 1.686 | Last-10 eps: [0.15, 0.25, 0.15, 0.1, 0.1, 0.2, 0.3, 0.1, 0.25, 0.15] | NaN reward steps so far: 0
Episodes: 16550 | Mean Reward (last 10): 1.646 | Mean Score: 1.673 | Last-10 eps: [0.08, 0.2, 0.08, 0.1, 0.15, 0.15, 0.15, 0.08, 0.15, 0.15] | NaN reward steps so far: 0
Episodes: 16560 | Mean Reward (last 10): 1.613 | Mean Score: 1.643 | Last-10 eps: [0.15, 0.15, 0.25, 0.2, 0.15, 0.1, 0.15, 0.15, 0.2, 0.3] | NaN reward steps so far: 0
Episodes: 16570 | Mean Reward (last 10): 1.602 | Mean Score: 1.628 | Last-10 eps: [0.2, 0.3, 0.15, 0.15, 0.2, 0.08, 0.1, 0.25, 0.08, 0.15] | NaN reward steps so far: 0
Episodes: 16580 | Mean Reward (last 10): 1.767 | Mean Score: 1.786 | Last-10 eps: [0.08, 0.08, 0.08, 0.3, 0.2, 0.15, 0.3, 0.15, 0.15, 0.1] | NaN reward steps so far: 0
Episodes: 16590 | Mean Reward (last 10): 1.683 | Mean Score: 1.708 | Last-10 eps: [0.15, 0.2, 0.15, 0.15, 0.15, 0.1, 0.05, 0.08, 0.25, 0.6] | NaN reward steps so far: 0
Episodes: 16600 | Mean Reward (last 10): 1.585 | Mean Score: 1.619 | Last-10 eps: [0.25, 0.2, 0.15, 0.1, 0.1, 0.15, 0.1, 0.2, 0.15, 0.1] | NaN reward steps so far: 0
Episodes: 16610 | Mean Reward (last 10): 1.758 | Mean Score: 1.784 | Last-10 eps: [0.08, 0.05, 0.08, 0.08, 0.15, 0.08, 0.15, 0.08, 0.2, 0.1] | NaN reward steps so far: 0
Episodes: 16620 | Mean Reward (last 10): 1.715 | Mean Score: 1.746 | Last-10 eps: [0.15, 0.1, 0.2, 0.15, 0.15, 0.15, 0.2, 0.1, 0.08, 0.08] | NaN reward steps so far: 0
Episodes: 16630 | Mean Reward (last 10): 1.663 | Mean Score: 1.691 | Last-10 eps: [0.08, 0.1, 0.08, 0.08, 0.2, 0.15, 0.15, 0.2, 0.15, 0.15] | NaN reward steps so far: 0
Episodes: 16640 | Mean Reward (last 10): 1.805 | Mean Score: 1.823 | Last-10 eps: [0.1, 0.25, 0.25, 0.25, 0.1, 0.1, 0.08, 0.25, 0.08, 0.15] | NaN reward steps so far: 0
Episodes: 16650 | Mean Reward (last 10): 1.705 | Mean Score: 1.732 | Last-10 eps: [0.08, 0.08, 0.2, 0.1, 0.15, 0.15, 0.2, 0.25, 0.1, 0.15] | NaN reward steps so far: 0
Episodes: 16660 | Mean Reward (last 10): 1.722 | Mean Score: 1.747 | Last-10 eps: [0.2, 0.15, 0.1, 0.08, 0.2, 0.1, 0.15, 0.15, 0.15, 0.2] | NaN reward steps so far: 0
Episodes: 16670 | Mean Reward (last 10): 1.732 | Mean Score: 1.757 | Last-10 eps: [0.2, 0.15, 0.15, 0.15, 0.2, 0.15, 0.2, 0.15, 0.08, 0.15] | NaN reward steps so far: 0
Episodes: 16680 | Mean Reward (last 10): 1.683 | Mean Score: 1.706 | Last-10 eps: [0.2, 0.2, 0.1, 0.08, 0.08, 0.2, 0.08, 0.1, 0.15, 0.2] | NaN reward steps so far: 0
Episodes: 16690 | Mean Reward (last 10): 1.700 | Mean Score: 1.725 | Last-10 eps: [0.08, 0.2, 0.15, 0.08, 0.1, 0.05, 0.2, 0.2, 0.08, 0.1] | NaN reward steps so far: 0
Episodes: 16700 | Mean Reward (last 10): 1.636 | Mean Score: 1.668 | Last-10 eps: [0.15, 0.15, 0.15, 0.08, 0.1, 0.25, 0.15, 0.1, 0.15, 0.25] | NaN reward steps so far: 0
Episodes: 16710 | Mean Reward (last 10): 1.718 | Mean Score: 1.745 | Last-10 eps: [0.15, 0.15, 0.1, 0.1, 0.1, 0.15, 0.15, 0.2, 0.08, 0.15] | NaN reward steps so far: 0
Episodes: 16720 | Mean Reward (last 10): 1.800 | Mean Score: 1.826 | Last-10 eps: [0.1, 0.25, 0.08, 0.08, 0.08, 0.15, 0.1, 0.05, 0.1, 0.08] | NaN reward steps so far: 0
Episodes: 16730 | Mean Reward (last 10): 1.588 | Mean Score: 1.614 | Last-10 eps: [0.15, 0.08, 0.15, 0.1, 0.25, 0.2, 0.15, 0.1, 0.15, 0.15] | NaN reward steps so far: 0
Episodes: 16740 | Mean Reward (last 10): 1.611 | Mean Score: 1.637 | Last-10 eps: [0.08, 0.1, 0.15, 0.15, 0.08, 0.2, 0.08, 0.2, 0.1, 0.1] | NaN reward steps so far: 0
Episodes: 16750 | Mean Reward (last 10): 1.663 | Mean Score: 1.689 | Last-10 eps: [0.25, 0.1, 0.1, 0.1, 0.08, 0.15, 0.15, 0.15, 0.1, 0.2] | NaN reward steps so far: 0
Episodes: 16760 | Mean Reward (last 10): 1.751 | Mean Score: 1.774 | Last-10 eps: [0.3, 0.25, 0.1, 0.15, 0.15, 0.2, 0.08, 0.2, 0.15, 0.08] | NaN reward steps so far: 0
Episodes: 16770 | Mean Reward (last 10): 1.662 | Mean Score: 1.692 | Last-10 eps: [0.2, 0.1, 0.1, 0.25, 0.15, 0.2, 0.08, 0.15, 0.08, 0.15] | NaN reward steps so far: 0
Episodes: 16780 | Mean Reward (last 10): 1.663 | Mean Score: 1.684 | Last-10 eps: [0.15, 0.15, 0.08, 0.15, 0.15, 0.08, 0.08, 0.08, 0.08, 0.1] | NaN reward steps so far: 0
Episodes: 16790 | Mean Reward (last 10): 1.731 | Mean Score: 1.756 | Last-10 eps: [0.2, 0.15, 0.15, 0.1, 0.15, 0.15, 0.08, 0.15, 0.1, 0.15] | NaN reward steps so far: 0
Episodes: 16800 | Mean Reward (last 10): 1.683 | Mean Score: 1.715 | Last-10 eps: [0.08, 0.08, 0.15, 0.1, 0.05, 0.05, 0.1, 0.1, 0.08, 0.25] | NaN reward steps so far: 0
Episodes: 16810 | Mean Reward (last 10): 1.684 | Mean Score: 1.709 | Last-10 eps: [0.2, 0.1, 0.15, 0.1, 0.15, 0.08, 0.1, 0.15, 0.08, 0.08] | NaN reward steps so far: 0
Episodes: 16820 | Mean Reward (last 10): 1.748 | Mean Score: 1.775 | Last-10 eps: [0.15, 0.08, 0.08, 0.08, 0.1, 0.08, 0.1, 0.1, 0.03, 0.15] | NaN reward steps so far: 0
Episodes: 16830 | Mean Reward (last 10): 1.630 | Mean Score: 1.652 | Last-10 eps: [0.25, 0.08, 0.08, 0.15, 0.08, 0.2, 0.5, 0.08, 0.1, 0.1] | NaN reward steps so far: 0
Episodes: 16840 | Mean Reward (last 10): 1.701 | Mean Score: 1.726 | Last-10 eps: [0.1, 0.1, 0.2, 0.2, 0.2, 0.1, 0.05, 0.2, 0.15, 0.1] | NaN reward steps so far: 0
Episodes: 16850 | Mean Reward (last 10): 1.640 | Mean Score: 1.669 | Last-10 eps: [0.15, 0.15, 0.2, 0.08, 0.2, 0.25, 0.08, 0.2, 0.15, 0.1] | NaN reward steps so far: 0
Episodes: 16860 | Mean Reward (last 10): 1.684 | Mean Score: 1.711 | Last-10 eps: [0.15, 0.08, 0.08, 0.1, 0.15, 0.2, 0.25, 0.25, 0.3, 0.08] | NaN reward steps so far: 0
Episodes: 16870 | Mean Reward (last 10): 1.657 | Mean Score: 1.690 | Last-10 eps: [0.05, 0.15, 0.08, 0.15, 0.15, 0.15, 0.15, 0.1, 0.15, 0.4] | NaN reward steps so far: 0
Episodes: 16880 | Mean Reward (last 10): 1.581 | Mean Score: 1.612 | Last-10 eps: [0.15, 0.08, 0.1, 0.15, 0.15, 0.15, 0.25, 0.3, 0.05, 0.1] | NaN reward steps so far: 0
Episodes: 16890 | Mean Reward (last 10): 1.806 | Mean Score: 1.828 | Last-10 eps: [0.1, 0.15, 0.1, 0.08, 0.1, 0.08, 0.15, 0.1, 0.08, 0.08] | NaN reward steps so far: 0
Episodes: 16900 | Mean Reward (last 10): 1.450 | Mean Score: 1.470 | Last-10 eps: [0.08, 0.15, 0.5, 0.1, 0.15, 0.15, 0.0, 0.08, 0.15, 0.15] | NaN reward steps so far: 0
Episodes: 16910 | Mean Reward (last 10): 1.635 | Mean Score: 1.656 | Last-10 eps: [0.08, 0.08, 0.15, 0.08, 0.2, 0.08, 0.15, 0.08, 0.08, 0.5] | NaN reward steps so far: 0
Episodes: 16920 | Mean Reward (last 10): 1.653 | Mean Score: 1.674 | Last-10 eps: [0.3, 0.2, 0.08, 0.15, 0.2, 0.15, 0.3, 0.1, 0.2, 0.2] | NaN reward steps so far: 0
Episodes: 16930 | Mean Reward (last 10): 1.691 | Mean Score: 1.716 | Last-10 eps: [0.1, 0.08, 0.08, 0.2, 0.25, 0.15, 0.08, 0.15, 0.1, 0.15] | NaN reward steps so far: 0
Episodes: 16940 | Mean Reward (last 10): 1.698 | Mean Score: 1.723 | Last-10 eps: [0.5, 0.08, 0.1, 0.1, 0.2, 0.15, 0.4, 0.15, 0.08, 0.2] | NaN reward steps so far: 0
Episodes: 16950 | Mean Reward (last 10): 1.717 | Mean Score: 1.745 | Last-10 eps: [0.15, 0.15, 0.08, 0.1, 0.08, 0.15, 0.08, 0.15, 0.6, 0.08] | NaN reward steps so far: 0
Episodes: 16960 | Mean Reward (last 10): 1.731 | Mean Score: 1.756 | Last-10 eps: [0.15, 0.15, 0.08, 0.15, 0.15, 0.08, 0.1, 0.2, 0.3, 0.08] | NaN reward steps so far: 0
Episodes: 16970 | Mean Reward (last 10): 1.613 | Mean Score: 1.632 | Last-10 eps: [0.25, 0.2, 0.1, 0.08, 0.15, 0.2, 0.15, 0.2, 0.15, 0.15] | NaN reward steps so far: 0
Episodes: 16980 | Mean Reward (last 10): 1.802 | Mean Score: 1.829 | Last-10 eps: [0.08, 0.25, 0.2, 0.08, 0.15, 0.1, 0.08, 0.1, 0.08, 0.25] | NaN reward steps so far: 0
Episodes: 16990 | Mean Reward (last 10): 1.641 | Mean Score: 1.665 | Last-10 eps: [0.15, 0.1, 0.15, 0.1, 0.08, 0.08, 0.3, 0.15, 0.4, 0.2] | NaN reward steps so far: 0
Episodes: 17000 | Mean Reward (last 10): 1.723 | Mean Score: 1.751 | Last-10 eps: [0.15, 0.1, 0.08, 0.08, 0.2, 0.15, 0.15, 0.2, 0.15, 0.08] | NaN reward steps so far: 0
Episodes: 17010 | Mean Reward (last 10): 1.720 | Mean Score: 1.739 | Last-10 eps: [0.15, 0.3, 0.15, 0.08, 0.15, 0.2, 0.2, 0.15, 0.15, 0.2] | NaN reward steps so far: 0
Episodes: 17020 | Mean Reward (last 10): 1.736 | Mean Score: 1.758 | Last-10 eps: [0.08, 0.25, 0.1, 0.15, 0.15, 0.15, 0.08, 0.1, 0.1, 0.1] | NaN reward steps so far: 0
Episodes: 17030 | Mean Reward (last 10): 1.534 | Mean Score: 1.555 | Last-10 eps: [0.08, 0.15, 0.2, 0.08, 0.08, 0.15, 0.1, 0.0, 0.1, 0.15] | NaN reward steps so far: 0
Episodes: 17040 | Mean Reward (last 10): 1.643 | Mean Score: 1.674 | Last-10 eps: [0.1, 0.1, 0.15, 0.08, 0.15, 0.15, 0.15, 0.1, 0.15, 0.1] | NaN reward steps so far: 0
Episodes: 17050 | Mean Reward (last 10): 1.589 | Mean Score: 1.610 | Last-10 eps: [0.2, 0.25, 0.08, 0.1, 0.2, 0.15, 0.5, 0.1, 0.2, 0.15] | NaN reward steps so far: 0
Episodes: 17060 | Mean Reward (last 10): 1.700 | Mean Score: 1.728 | Last-10 eps: [0.25, 0.15, 0.15, 0.15, 0.2, 0.1, 0.1, 0.1, 0.15, 0.15] | NaN reward steps so far: 0
Episodes: 17070 | Mean Reward (last 10): 1.730 | Mean Score: 1.753 | Last-10 eps: [0.2, 0.15, 0.1, 0.25, 0.15, 0.15, 0.25, 0.15, 0.15, 0.08] | NaN reward steps so far: 0
Episodes: 17080 | Mean Reward (last 10): 1.588 | Mean Score: 1.618 | Last-10 eps: [0.08, 0.08, 0.15, 0.1, 0.15, 0.08, 0.08, 0.2, 0.15, 0.15] | NaN reward steps so far: 0
Episodes: 17090 | Mean Reward (last 10): 1.729 | Mean Score: 1.757 | Last-10 eps: [0.15, 0.15, 0.25, 0.15, 0.05, 0.2, 0.15, 0.2, 0.2, 0.05] | NaN reward steps so far: 0
Episodes: 17100 | Mean Reward (last 10): 1.705 | Mean Score: 1.735 | Last-10 eps: [0.2, 0.08, 0.2, 0.08, 0.2, 0.15, 0.1, 0.1, 0.08, 0.15] | NaN reward steps so far: 0
Episodes: 17110 | Mean Reward (last 10): 1.674 | Mean Score: 1.697 | Last-10 eps: [0.05, 0.15, 0.25, 0.15, 0.15, 0.1, 0.08, 0.15, 0.1, 0.15] | NaN reward steps so far: 0
Episodes: 17120 | Mean Reward (last 10): 1.745 | Mean Score: 1.764 | Last-10 eps: [0.15, 0.15, 0.5, 0.15, 0.5, 0.1, 0.08, 0.25, 0.2, 0.2] | NaN reward steps so far: 0
Episodes: 17130 | Mean Reward (last 10): 1.708 | Mean Score: 1.731 | Last-10 eps: [0.1, 0.15, 0.08, 0.08, 0.5, 0.15, 0.15, 0.1, 0.08, 0.1] | NaN reward steps so far: 0
Episodes: 17140 | Mean Reward (last 10): 1.812 | Mean Score: 1.832 | Last-10 eps: [0.08, 0.1, 0.5, 0.1, 0.08, 0.08, 0.05, 0.08, 0.08, 0.3] | NaN reward steps so far: 0
Episodes: 17150 | Mean Reward (last 10): 1.811 | Mean Score: 1.835 | Last-10 eps: [0.4, 0.08, 0.15, 0.1, 0.08, 0.05, 0.2, 0.1, 0.1, 0.08] | NaN reward steps so far: 0
Episodes: 17160 | Mean Reward (last 10): 1.679 | Mean Score: 1.705 | Last-10 eps: [0.08, 0.1, 0.1, 0.08, 0.15, 0.15, 0.08, 0.2, 0.15, 0.1] | NaN reward steps so far: 0
Episodes: 17170 | Mean Reward (last 10): 1.732 | Mean Score: 1.759 | Last-10 eps: [0.1, 0.15, 0.1, 0.15, 0.08, 0.15, 0.08, 0.2, 0.08, 0.1] | NaN reward steps so far: 0
Episodes: 17180 | Mean Reward (last 10): 1.769 | Mean Score: 1.790 | Last-10 eps: [0.1, 0.08, 0.15, 0.08, 0.08, 0.08, 0.2, 0.15, 0.15, 0.25] | NaN reward steps so far: 0
-----------------------------------------
| rollout/                |             |
|    ep_len_mean          | 2.32        |
|    ep_rew_mean          | 1.73        |
| time/                   |             |
|    fps                  | 2           |
|    iterations           | 20          |
|    time_elapsed         | 20276       |
|    total_timesteps      | 40960       |
| train/                  |             |
|    approx_kl            | 0.016794775 |
|    clip_fraction        | 0.201       |
|    clip_range           | 0.2         |
|    entropy_loss         | -5.34       |
|    explained_variance   | 0.982       |
|    learning_rate        | 0.0003      |
|    loss                 | -0.109      |
|    n_updates            | 190         |
|    policy_gradient_loss | -0.0405     |
|    value_loss           | 0.0844      |
-----------------------------------------
Episodes: 17190 | Mean Reward (last 10): 1.652 | Mean Score: 1.674 | Last-10 eps: [0.1, 0.1, 0.08, 0.1, 0.15, 0.1, 0.08, 0.3, 0.15, 0.15] | NaN reward steps so far: 0
Episodes: 17200 | Mean Reward (last 10): 1.631 | Mean Score: 1.658 | Last-10 eps: [0.1, 0.15, 0.2, 0.05, 0.1, 0.08, 0.1, 0.25, 0.1, 0.1] | NaN reward steps so far: 0
Episodes: 17210 | Mean Reward (last 10): 1.630 | Mean Score: 1.651 | Last-10 eps: [0.2, 0.15, 0.1, 0.1, 0.15, 0.1, 0.2, 0.1, 0.08, 0.08] | NaN reward steps so far: 0
Episodes: 17220 | Mean Reward (last 10): 1.709 | Mean Score: 1.738 | Last-10 eps: [0.15, 0.08, 0.2, 0.1, 0.4, 0.2, 0.1, 0.2, 0.05, 0.15] | NaN reward steps so far: 0
Episodes: 17230 | Mean Reward (last 10): 1.852 | Mean Score: 1.871 | Last-10 eps: [0.08, 0.1, 0.1, 0.08, 0.1, 0.25, 0.08, 0.05, 0.1, 0.15] | NaN reward steps so far: 0
Episodes: 17240 | Mean Reward (last 10): 1.643 | Mean Score: 1.665 | Last-10 eps: [0.15, 0.08, 0.08, 0.1, 0.08, 0.15, 0.1, 0.15, 0.08, 0.2] | NaN reward steps so far: 0
Episodes: 17250 | Mean Reward (last 10): 1.758 | Mean Score: 1.782 | Last-10 eps: [0.15, 0.08, 0.1, 0.6, 0.2, 0.08, 0.2, 0.2, 0.2, 0.05] | NaN reward steps so far: 0
Episodes: 17260 | Mean Reward (last 10): 1.777 | Mean Score: 1.799 | Last-10 eps: [0.15, 0.2, 0.15, 0.15, 0.08, 0.08, 0.08, 0.1, 0.1, 0.15] | NaN reward steps so far: 0
Episodes: 17270 | Mean Reward (last 10): 1.736 | Mean Score: 1.755 | Last-10 eps: [0.15, 0.1, 0.15, 0.2, 0.08, 0.15, 0.08, 0.15, 0.3, 0.1] | NaN reward steps so far: 0
Episodes: 17280 | Mean Reward (last 10): 1.691 | Mean Score: 1.715 | Last-10 eps: [0.08, 0.1, 0.15, 0.3, 0.1, 0.2, 0.08, 0.3, 0.15, 0.25] | NaN reward steps so far: 0
Episodes: 17290 | Mean Reward (last 10): 1.785 | Mean Score: 1.804 | Last-10 eps: [0.3, 0.3, 0.15, 0.08, 0.15, 0.1, 0.08, 0.05, 0.2, 0.08] | NaN reward steps so far: 0
Episodes: 17300 | Mean Reward (last 10): 1.637 | Mean Score: 1.667 | Last-10 eps: [0.2, 0.08, 0.08, 0.08, 0.2, 0.15, 0.1, 0.15, 0.1, 0.15] | NaN reward steps so far: 0
Episodes: 17310 | Mean Reward (last 10): 1.732 | Mean Score: 1.757 | Last-10 eps: [0.15, 0.05, 0.1, 0.08, 0.08, 0.1, 0.4, 0.1, 0.1, 0.05] | NaN reward steps so far: 0
Episodes: 17320 | Mean Reward (last 10): 1.753 | Mean Score: 1.775 | Last-10 eps: [0.1, 0.1, 0.08, 0.08, 0.1, 0.08, 0.2, 0.2, 0.08, 0.1] | NaN reward steps so far: 0
Episodes: 17330 | Mean Reward (last 10): 1.679 | Mean Score: 1.715 | Last-10 eps: [0.1, 0.08, 0.15, 0.1, 0.1, 0.2, 0.1, 0.08, 0.1, 0.08] | NaN reward steps so far: 0
Episodes: 17340 | Mean Reward (last 10): 1.646 | Mean Score: 1.673 | Last-10 eps: [0.15, 0.2, 0.08, 0.1, 0.1, 0.2, 0.15, 0.1, 0.15, 0.08] | NaN reward steps so far: 0
Episodes: 17350 | Mean Reward (last 10): 1.675 | Mean Score: 1.696 | Last-10 eps: [0.2, 0.15, 0.1, 0.15, 0.08, 0.6, 0.08, 0.15, 0.1, 0.08] | NaN reward steps so far: 0
Episodes: 17360 | Mean Reward (last 10): 1.721 | Mean Score: 1.745 | Last-10 eps: [0.15, 0.25, 0.15, 0.2, 0.08, 0.08, 0.1, 0.1, 0.08, 0.1] | NaN reward steps so far: 0
Episodes: 17370 | Mean Reward (last 10): 1.740 | Mean Score: 1.768 | Last-10 eps: [0.08, 0.1, 0.15, 0.15, 0.2, 0.15, 0.15, 0.05, 0.3, 0.1] | NaN reward steps so far: 0
Episodes: 17380 | Mean Reward (last 10): 1.669 | Mean Score: 1.695 | Last-10 eps: [0.08, 0.1, 0.4, 0.08, 0.15, 0.15, 0.15, 0.08, 0.15, 0.1] | NaN reward steps so far: 0
Episodes: 17390 | Mean Reward (last 10): 1.737 | Mean Score: 1.759 | Last-10 eps: [0.3, 0.1, 0.1, 0.6, 0.08, 0.1, 0.15, 0.15, 0.1, 0.25] | NaN reward steps so far: 0
Episodes: 17400 | Mean Reward (last 10): 1.728 | Mean Score: 1.752 | Last-10 eps: [0.1, 0.1, 0.15, 0.08, 0.08, 0.1, 0.08, 0.1, 0.1, 0.08] | NaN reward steps so far: 0
Episodes: 17410 | Mean Reward (last 10): 1.549 | Mean Score: 1.573 | Last-10 eps: [0.2, 0.05, 0.2, 0.15, 0.15, 0.0, 0.15, 0.08, 0.25, 0.08] | NaN reward steps so far: 0
Episodes: 17420 | Mean Reward (last 10): 1.572 | Mean Score: 1.591 | Last-10 eps: [0.1, 0.4, 0.2, 0.25, 0.3, 0.0, 0.1, 0.08, 0.08, 0.15] | NaN reward steps so far: 0
Episodes: 17430 | Mean Reward (last 10): 1.822 | Mean Score: 1.844 | Last-10 eps: [0.25, 0.1, 0.08, 0.2, 0.08, 0.05, 0.2, 0.15, 0.08, 0.08] | NaN reward steps so far: 0
Episodes: 17440 | Mean Reward (last 10): 1.727 | Mean Score: 1.751 | Last-10 eps: [0.15, 0.08, 0.15, 0.2, 0.15, 0.15, 0.25, 0.08, 0.08, 0.15] | NaN reward steps so far: 0
Episodes: 17450 | Mean Reward (last 10): 1.797 | Mean Score: 1.819 | Last-10 eps: [0.05, 0.2, 0.1, 0.15, 0.2, 0.08, 0.08, 0.15, 0.1, 0.1] | NaN reward steps so far: 0
Episodes: 17460 | Mean Reward (last 10): 1.762 | Mean Score: 1.785 | Last-10 eps: [0.08, 0.15, 0.08, 0.15, 0.1, 0.25, 0.1, 0.1, 0.2, 0.5] | NaN reward steps so far: 0
Episodes: 17470 | Mean Reward (last 10): 1.653 | Mean Score: 1.679 | Last-10 eps: [0.2, 0.08, 0.15, 0.15, 0.08, 0.15, 0.2, 0.15, 0.15, 0.1] | NaN reward steps so far: 0
Episodes: 17480 | Mean Reward (last 10): 1.651 | Mean Score: 1.675 | Last-10 eps: [0.1, 0.2, 0.15, 0.1, 0.2, 0.1, 0.15, 0.1, 0.15, 0.1] | NaN reward steps so far: 0
Episodes: 17490 | Mean Reward (last 10): 1.609 | Mean Score: 1.640 | Last-10 eps: [0.25, 0.15, 0.15, 0.15, 0.15, 0.05, 0.1, 0.08, 0.4, 0.2] | NaN reward steps so far: 0
Episodes: 17500 | Mean Reward (last 10): 1.806 | Mean Score: 1.829 | Last-10 eps: [0.1, 0.08, 0.2, 0.08, 0.1, 0.08, 0.15, 0.1, 0.1, 0.08] | NaN reward steps so far: 0
Episodes: 17510 | Mean Reward (last 10): 1.686 | Mean Score: 1.711 | Last-10 eps: [0.08, 0.15, 0.2, 0.15, 0.2, 0.15, 0.1, 0.15, 0.15, 0.1] | NaN reward steps so far: 0
Episodes: 17520 | Mean Reward (last 10): 1.617 | Mean Score: 1.640 | Last-10 eps: [0.1, 0.15, 0.25, 0.1, 0.15, 0.1, 0.15, 0.08, 0.6, 0.5] | NaN reward steps so far: 0
Episodes: 17530 | Mean Reward (last 10): 1.472 | Mean Score: 1.499 | Last-10 eps: [0.15, 0.0, 0.1, 0.15, 0.08, 0.25, 0.15, 0.15, 0.05, 0.1] | NaN reward steps so far: 0
Episodes: 17540 | Mean Reward (last 10): 1.632 | Mean Score: 1.656 | Last-10 eps: [0.15, 0.15, 0.2, 0.25, 0.15, 0.2, 0.15, 0.08, 0.15, 0.2] | NaN reward steps so far: 0
Episodes: 17550 | Mean Reward (last 10): 1.670 | Mean Score: 1.697 | Last-10 eps: [0.1, 0.15, 0.1, 0.25, 0.1, 0.15, 0.08, 0.08, 0.15, 0.1] | NaN reward steps so far: 0
Episodes: 17560 | Mean Reward (last 10): 1.592 | Mean Score: 1.622 | Last-10 eps: [0.5, 0.1, 0.15, 0.15, 0.2, 0.08, 0.15, 0.15, 0.2, 0.2] | NaN reward steps so far: 0
Episodes: 17570 | Mean Reward (last 10): 1.731 | Mean Score: 1.759 | Last-10 eps: [0.05, 0.2, 0.2, 0.08, 0.15, 0.15, 0.1, 0.1, 0.1, 0.1] | NaN reward steps so far: 0
Episodes: 17580 | Mean Reward (last 10): 1.704 | Mean Score: 1.733 | Last-10 eps: [0.15, 0.08, 0.08, 0.2, 0.1, 0.1, 0.15, 0.05, 0.2, 0.15] | NaN reward steps so far: 0
Episodes: 17590 | Mean Reward (last 10): 1.806 | Mean Score: 1.824 | Last-10 eps: [0.08, 0.15, 0.4, 0.03, 0.08, 0.3, 0.2, 0.2, 0.08, 0.1] | NaN reward steps so far: 0
Episodes: 17600 | Mean Reward (last 10): 1.717 | Mean Score: 1.741 | Last-10 eps: [0.3, 0.3, 0.4, 0.2, 0.15, 0.08, 0.08, 0.08, 0.08, 0.15] | NaN reward steps so far: 0
Episodes: 17610 | Mean Reward (last 10): 1.704 | Mean Score: 1.731 | Last-10 eps: [0.08, 0.08, 0.08, 0.15, 0.05, 0.15, 0.1, 0.15, 0.15, 0.15] | NaN reward steps so far: 0
Episodes: 17620 | Mean Reward (last 10): 1.643 | Mean Score: 1.673 | Last-10 eps: [0.15, 0.2, 0.15, 0.1, 0.15, 0.05, 0.25, 0.08, 0.08, 0.15] | NaN reward steps so far: 0
Episodes: 17630 | Mean Reward (last 10): 1.717 | Mean Score: 1.737 | Last-10 eps: [0.2, 0.1, 0.08, 0.1, 0.2, 0.2, 0.15, 0.1, 0.08, 0.2] | NaN reward steps so far: 0
Episodes: 17640 | Mean Reward (last 10): 1.710 | Mean Score: 1.734 | Last-10 eps: [0.1, 0.15, 0.2, 0.1, 0.1, 0.08, 0.1, 0.15, 0.1, 0.1] | NaN reward steps so far: 0
Episodes: 17650 | Mean Reward (last 10): 1.616 | Mean Score: 1.641 | Last-10 eps: [0.08, 0.1, 0.2, 0.2, 0.4, 0.15, 0.08, 0.15, 0.5, 0.1] | NaN reward steps so far: 0
Episodes: 17660 | Mean Reward (last 10): 1.727 | Mean Score: 1.754 | Last-10 eps: [0.5, 0.4, 0.2, 0.3, 0.15, 0.15, 0.08, 0.08, 0.15, 0.1] | NaN reward steps so far: 0
Episodes: 17670 | Mean Reward (last 10): 1.623 | Mean Score: 1.647 | Last-10 eps: [0.08, 0.2, 0.15, 0.15, 0.15, 0.1, 0.15, 0.2, 0.1, 0.15] | NaN reward steps so far: 0
Episodes: 17680 | Mean Reward (last 10): 1.630 | Mean Score: 1.654 | Last-10 eps: [0.15, 0.1, 0.15, 0.08, 0.1, 0.15, 0.15, 0.1, 0.2, 0.15] | NaN reward steps so far: 0
Episodes: 17690 | Mean Reward (last 10): 1.684 | Mean Score: 1.705 | Last-10 eps: [0.2, 0.25, 0.15, 0.08, 0.25, 0.2, 0.15, 0.15, 0.1, 0.1] | NaN reward steps so far: 0
Episodes: 17700 | Mean Reward (last 10): 1.683 | Mean Score: 1.707 | Last-10 eps: [0.08, 0.2, 0.15, 0.15, 0.2, 0.08, 0.15, 0.2, 0.15, 0.15] | NaN reward steps so far: 0
Episodes: 17710 | Mean Reward (last 10): 1.707 | Mean Score: 1.726 | Last-10 eps: [0.2, 0.15, 0.1, 0.2, 0.15, 0.05, 0.15, 0.15, 0.15, 0.15] | NaN reward steps so far: 0
Episodes: 17720 | Mean Reward (last 10): 1.846 | Mean Score: 1.869 | Last-10 eps: [0.08, 0.15, 0.08, 0.08, 0.08, 0.05, 0.1, 0.08, 0.05, 0.05] | NaN reward steps so far: 0
Episodes: 17730 | Mean Reward (last 10): 1.613 | Mean Score: 1.641 | Last-10 eps: [0.15, 0.15, 0.1, 0.15, 0.15, 0.1, 0.08, 0.15, 0.25, 0.2] | NaN reward steps so far: 0
Episodes: 17740 | Mean Reward (last 10): 1.718 | Mean Score: 1.743 | Last-10 eps: [0.15, 0.1, 0.15, 0.1, 0.15, 0.2, 0.08, 0.1, 0.15, 0.15] | NaN reward steps so far: 0
Episodes: 17750 | Mean Reward (last 10): 1.727 | Mean Score: 1.752 | Last-10 eps: [0.2, 0.15, 0.15, 0.08, 0.1, 0.2, 0.4, 0.08, 0.15, 0.08] | NaN reward steps so far: 0
Episodes: 17760 | Mean Reward (last 10): 1.636 | Mean Score: 1.654 | Last-10 eps: [0.25, 0.2, 0.15, 0.15, 0.15, 0.15, 0.1, 0.15, 0.1, 0.15] | NaN reward steps so far: 0
Episodes: 17770 | Mean Reward (last 10): 1.717 | Mean Score: 1.744 | Last-10 eps: [0.08, 0.08, 0.05, 0.1, 0.15, 0.25, 0.1, 0.15, 0.08, 0.2] | NaN reward steps so far: 0
Episodes: 17780 | Mean Reward (last 10): 1.671 | Mean Score: 1.693 | Last-10 eps: [0.25, 0.15, 0.15, 0.1, 0.15, 0.2, 0.08, 0.1, 0.08, 0.15] | NaN reward steps so far: 0
Episodes: 17790 | Mean Reward (last 10): 1.667 | Mean Score: 1.695 | Last-10 eps: [0.15, 0.08, 0.15, 0.1, 0.15, 0.25, 0.08, 0.2, 0.15, 0.08] | NaN reward steps so far: 0
Episodes: 17800 | Mean Reward (last 10): 1.812 | Mean Score: 1.829 | Last-10 eps: [0.08, 0.08, 0.08, 0.1, 0.1, 0.15, 0.08, 0.2, 0.08, 0.08] | NaN reward steps so far: 0
Episodes: 17810 | Mean Reward (last 10): 1.746 | Mean Score: 1.772 | Last-10 eps: [0.08, 0.08, 0.05, 0.15, 0.2, 0.1, 0.08, 0.2, 0.08, 0.15] | NaN reward steps so far: 0
Episodes: 17820 | Mean Reward (last 10): 1.756 | Mean Score: 1.781 | Last-10 eps: [0.08, 0.08, 0.15, 0.1, 0.08, 0.15, 0.08, 0.15, 0.5, 0.15] | NaN reward steps so far: 0
Episodes: 17830 | Mean Reward (last 10): 1.725 | Mean Score: 1.750 | Last-10 eps: [0.2, 0.1, 0.1, 0.1, 0.08, 0.1, 0.08, 0.08, 0.08, 0.2] | NaN reward steps so far: 0
Episodes: 17840 | Mean Reward (last 10): 1.682 | Mean Score: 1.703 | Last-10 eps: [0.08, 0.15, 0.1, 0.15, 0.2, 0.3, 0.15, 0.08, 0.08, 0.05] | NaN reward steps so far: 0
Episodes: 17850 | Mean Reward (last 10): 1.697 | Mean Score: 1.724 | Last-10 eps: [0.08, 0.2, 0.05, 0.1, 0.2, 0.1, 0.08, 0.2, 0.08, 0.2] | NaN reward steps so far: 0
Episodes: 17860 | Mean Reward (last 10): 1.703 | Mean Score: 1.730 | Last-10 eps: [0.1, 0.2, 0.08, 0.2, 0.08, 0.2, 0.15, 0.1, 0.1, 0.1] | NaN reward steps so far: 0
Episodes: 17870 | Mean Reward (last 10): 1.612 | Mean Score: 1.641 | Last-10 eps: [0.25, 0.15, 0.15, 0.2, 0.15, 0.08, 0.15, 0.2, 0.1, 0.15] | NaN reward steps so far: 0
Episodes: 17880 | Mean Reward (last 10): 1.748 | Mean Score: 1.770 | Last-10 eps: [0.15, 0.15, 0.08, 0.1, 0.08, 0.2, 0.08, 0.15, 0.08, 0.15] | NaN reward steps so far: 0
Episodes: 17890 | Mean Reward (last 10): 1.707 | Mean Score: 1.729 | Last-10 eps: [0.15, 0.08, 0.08, 0.2, 0.5, 0.15, 0.15, 0.2, 0.1, 0.5] | NaN reward steps so far: 0
Episodes: 17900 | Mean Reward (last 10): 1.748 | Mean Score: 1.773 | Last-10 eps: [0.2, 0.4, 0.2, 0.2, 0.08, 0.08, 0.15, 0.1, 0.08, 0.15] | NaN reward steps so far: 0
Episodes: 17910 | Mean Reward (last 10): 1.672 | Mean Score: 1.700 | Last-10 eps: [0.08, 0.15, 0.15, 0.15, 0.1, 0.15, 0.15, 0.08, 0.15, 0.08] | NaN reward steps so far: 0
Episodes: 17920 | Mean Reward (last 10): 1.711 | Mean Score: 1.741 | Last-10 eps: [0.1, 0.15, 0.15, 0.1, 0.15, 0.1, 0.15, 0.08, 0.15, 0.08] | NaN reward steps so far: 0
Episodes: 17930 | Mean Reward (last 10): 1.602 | Mean Score: 1.637 | Last-10 eps: [0.1, 0.2, 0.08, 0.1, 0.15, 0.15, 0.1, 0.15, 0.15, 0.25] | NaN reward steps so far: 0
Episodes: 17940 | Mean Reward (last 10): 1.778 | Mean Score: 1.799 | Last-10 eps: [0.08, 0.08, 0.2, 0.08, 0.08, 0.08, 0.1, 0.1, 0.15, 0.08] | NaN reward steps so far: 0
Episodes: 17950 | Mean Reward (last 10): 1.585 | Mean Score: 1.608 | Last-10 eps: [0.2, 0.4, 0.15, 0.15, 0.15, 0.15, 0.15, 0.1, 0.2, 0.15] | NaN reward steps so far: 0
Episodes: 17960 | Mean Reward (last 10): 1.581 | Mean Score: 1.603 | Last-10 eps: [0.08, 0.25, 0.08, 0.08, 0.25, 0.1, 0.15, 0.1, 0.08, 0.15] | NaN reward steps so far: 0
Episodes: 17970 | Mean Reward (last 10): 1.658 | Mean Score: 1.676 | Last-10 eps: [0.4, 0.2, 0.08, 0.15, 0.25, 0.25, 0.1, 0.15, 0.08, 0.1] | NaN reward steps so far: 0
Episodes: 17980 | Mean Reward (last 10): 1.690 | Mean Score: 1.719 | Last-10 eps: [0.08, 0.15, 0.08, 0.25, 0.15, 0.08, 0.15, 0.15, 0.2, 0.08] | NaN reward steps so far: 0
Episodes: 17990 | Mean Reward (last 10): 1.715 | Mean Score: 1.739 | Last-10 eps: [0.15, 0.1, 0.15, 0.08, 0.05, 0.15, 0.1, 0.2, 0.4, 0.15] | NaN reward steps so far: 0
Episodes: 18000 | Mean Reward (last 10): 1.685 | Mean Score: 1.706 | Last-10 eps: [0.15, 0.08, 0.08, 0.1, 0.15, 0.15, 0.3, 0.15, 0.03, 0.15] | NaN reward steps so far: 0
Episodes: 18010 | Mean Reward (last 10): 1.730 | Mean Score: 1.751 | Last-10 eps: [0.05, 0.15, 0.2, 0.08, 0.2, 0.25, 0.1, 0.1, 0.25, 0.15] | NaN reward steps so far: 0
Episodes: 18020 | Mean Reward (last 10): 1.544 | Mean Score: 1.569 | Last-10 eps: [0.5, 0.5, 0.1, 0.08, 0.25, 0.08, 0.08, 0.2, 0.15, 0.08] | NaN reward steps so far: 0
-----------------------------------------
| rollout/                |             |
|    ep_len_mean          | 2.29        |
|    ep_rew_mean          | 1.66        |
| time/                   |             |
|    fps                  | 2           |
|    iterations           | 21          |
|    time_elapsed         | 21286       |
|    total_timesteps      | 43008       |
| train/                  |             |
|    approx_kl            | 0.016988127 |
|    clip_fraction        | 0.192       |
|    clip_range           | 0.2         |
|    entropy_loss         | -5.29       |
|    explained_variance   | 0.983       |
|    learning_rate        | 0.0003      |
|    loss                 | -0.0855     |
|    n_updates            | 200         |
|    policy_gradient_loss | -0.0376     |
|    value_loss           | 0.0934      |
-----------------------------------------
Episodes: 18030 | Mean Reward (last 10): 1.606 | Mean Score: 1.631 | Last-10 eps: [0.15, 0.1, 0.1, 0.08, 0.4, 0.08, 0.15, 0.15, 0.15, 0.1] | NaN reward steps so far: 0
Episodes: 18040 | Mean Reward (last 10): 1.658 | Mean Score: 1.683 | Last-10 eps: [0.2, 0.15, 0.2, 0.08, 0.1, 0.08, 0.1, 0.15, 0.15, 0.15] | NaN reward steps so far: 0
Episodes: 18050 | Mean Reward (last 10): 1.714 | Mean Score: 1.735 | Last-10 eps: [0.08, 0.15, 0.05, 0.2, 0.05, 0.15, 0.08, 0.15, 0.1, 0.08] | NaN reward steps so far: 0
Episodes: 18060 | Mean Reward (last 10): 1.710 | Mean Score: 1.742 | Last-10 eps: [0.05, 0.08, 0.1, 0.15, 0.08, 0.15, 0.05, 0.08, 0.2, 0.08] | NaN reward steps so far: 0
Episodes: 18070 | Mean Reward (last 10): 1.675 | Mean Score: 1.697 | Last-10 eps: [0.2, 0.08, 0.08, 0.2, 0.15, 0.6, 0.08, 0.2, 0.2, 0.2] | NaN reward steps so far: 0
Episodes: 18080 | Mean Reward (last 10): 1.681 | Mean Score: 1.707 | Last-10 eps: [0.08, 0.2, 0.15, 0.1, 0.08, 0.1, 0.2, 0.08, 0.15, 0.1] | NaN reward steps so far: 0
Episodes: 18090 | Mean Reward (last 10): 1.670 | Mean Score: 1.696 | Last-10 eps: [0.08, 0.15, 0.15, 0.08, 0.15, 0.15, 0.4, 0.1, 0.2, 0.08] | NaN reward steps so far: 0
Episodes: 18100 | Mean Reward (last 10): 1.742 | Mean Score: 1.767 | Last-10 eps: [0.08, 0.05, 0.08, 0.15, 0.15, 0.08, 0.08, 0.08, 0.1, 0.25] | NaN reward steps so far: 0
Episodes: 18110 | Mean Reward (last 10): 1.670 | Mean Score: 1.692 | Last-10 eps: [0.08, 0.03, 0.08, 0.2, 0.15, 0.08, 0.08, 0.15, 0.2, 0.15] | NaN reward steps so far: 0
Episodes: 18120 | Mean Reward (last 10): 1.690 | Mean Score: 1.714 | Last-10 eps: [0.08, 0.08, 0.1, 0.15, 0.1, 0.08, 0.05, 0.15, 0.08, 0.25] | NaN reward steps so far: 0
Episodes: 18130 | Mean Reward (last 10): 1.673 | Mean Score: 1.699 | Last-10 eps: [0.2, 0.15, 0.08, 0.15, 0.1, 0.15, 0.15, 0.15, 0.1, 0.2] | NaN reward steps so far: 0
Episodes: 18140 | Mean Reward (last 10): 1.668 | Mean Score: 1.695 | Last-10 eps: [0.15, 0.08, 0.1, 0.08, 0.15, 0.15, 0.15, 0.1, 0.15, 0.15] | NaN reward steps so far: 0
Episodes: 18150 | Mean Reward (last 10): 1.710 | Mean Score: 1.736 | Last-10 eps: [0.1, 0.15, 0.05, 0.15, 0.1, 0.1, 0.2, 0.15, 0.08, 0.08] | NaN reward steps so far: 0
Episodes: 18160 | Mean Reward (last 10): 1.554 | Mean Score: 1.586 | Last-10 eps: [0.15, 0.08, 0.15, 0.1, 0.2, 0.2, 0.15, 0.1, 0.2, 0.15] | NaN reward steps so far: 0
Episodes: 18170 | Mean Reward (last 10): 1.762 | Mean Score: 1.788 | Last-10 eps: [0.08, 0.3, 0.15, 0.2, 0.3, 0.2, 0.1, 0.08, 0.08, 0.1] | NaN reward steps so far: 0
Episodes: 18180 | Mean Reward (last 10): 1.694 | Mean Score: 1.718 | Last-10 eps: [0.2, 0.15, 0.2, 0.1, 0.08, 0.3, 0.1, 0.2, 0.1, 0.1] | NaN reward steps so far: 0
Episodes: 18190 | Mean Reward (last 10): 1.716 | Mean Score: 1.744 | Last-10 eps: [0.15, 0.1, 0.08, 0.15, 0.1, 0.1, 0.1, 0.08, 0.08, 0.1] | NaN reward steps so far: 0
Episodes: 18200 | Mean Reward (last 10): 1.652 | Mean Score: 1.680 | Last-10 eps: [0.15, 0.2, 0.15, 0.2, 0.2, 0.08, 0.15, 0.1, 0.15, 0.08] | NaN reward steps so far: 0
Episodes: 18210 | Mean Reward (last 10): 1.670 | Mean Score: 1.701 | Last-10 eps: [0.15, 0.2, 0.2, 0.08, 0.2, 0.05, 0.1, 0.08, 0.2, 0.15] | NaN reward steps so far: 0
Episodes: 18220 | Mean Reward (last 10): 1.629 | Mean Score: 1.654 | Last-10 eps: [0.25, 0.15, 0.08, 0.15, 0.15, 0.2, 0.08, 0.15, 0.15, 0.1] | NaN reward steps so far: 0
Episodes: 18230 | Mean Reward (last 10): 1.770 | Mean Score: 1.798 | Last-10 eps: [0.1, 0.15, 0.08, 0.15, 0.1, 0.2, 0.1, 0.08, 0.15, 0.08] | NaN reward steps so far: 0
Episodes: 18240 | Mean Reward (last 10): 1.784 | Mean Score: 1.805 | Last-10 eps: [0.08, 0.08, 0.15, 0.2, 0.15, 0.1, 0.15, 0.08, 0.2, 0.15] | NaN reward steps so far: 0
Episodes: 18250 | Mean Reward (last 10): 1.684 | Mean Score: 1.709 | Last-10 eps: [0.08, 0.08, 0.15, 0.08, 0.1, 0.2, 0.1, 0.08, 0.2, 0.15] | NaN reward steps so far: 0
Episodes: 18260 | Mean Reward (last 10): 1.570 | Mean Score: 1.599 | Last-10 eps: [0.15, 0.15, 0.15, 0.15, 0.15, 0.05, 0.15, 0.1, 0.2, 0.15] | NaN reward steps so far: 0
Episodes: 18270 | Mean Reward (last 10): 1.708 | Mean Score: 1.734 | Last-10 eps: [0.15, 0.1, 0.1, 0.08, 0.1, 0.08, 0.1, 0.2, 0.1, 0.15] | NaN reward steps so far: 0
Episodes: 18280 | Mean Reward (last 10): 1.764 | Mean Score: 1.786 | Last-10 eps: [0.15, 0.1, 0.2, 0.1, 0.15, 0.08, 0.1, 0.08, 0.08, 0.1] | NaN reward steps so far: 0
Episodes: 18290 | Mean Reward (last 10): 1.741 | Mean Score: 1.769 | Last-10 eps: [0.08, 0.1, 0.2, 0.2, 0.15, 0.08, 0.3, 0.08, 0.1, 0.15] | NaN reward steps so far: 0
Episodes: 18300 | Mean Reward (last 10): 1.644 | Mean Score: 1.665 | Last-10 eps: [0.15, 0.08, 0.1, 0.08, 0.15, 0.2, 0.2, 0.1, 0.25, 0.1] | NaN reward steps so far: 0
Episodes: 18310 | Mean Reward (last 10): 1.711 | Mean Score: 1.730 | Last-10 eps: [0.25, 0.08, 0.2, 0.2, 0.2, 0.3, 0.08, 0.2, 0.15, 0.25] | NaN reward steps so far: 0
Episodes: 18320 | Mean Reward (last 10): 1.766 | Mean Score: 1.788 | Last-10 eps: [0.15, 0.15, 0.15, 0.08, 0.2, 0.08, 0.15, 0.05, 0.08, 0.08] | NaN reward steps so far: 0
Episodes: 18330 | Mean Reward (last 10): 1.642 | Mean Score: 1.669 | Last-10 eps: [0.15, 0.1, 0.15, 0.15, 0.15, 0.15, 0.15, 0.1, 0.15, 0.1] | NaN reward steps so far: 0
Episodes: 18340 | Mean Reward (last 10): 1.822 | Mean Score: 1.840 | Last-10 eps: [0.15, 0.1, 0.15, 0.15, 0.08, 0.1, 0.1, 0.15, 0.4, 0.15] | NaN reward steps so far: 0
Episodes: 18350 | Mean Reward (last 10): 1.767 | Mean Score: 1.792 | Last-10 eps: [0.08, 0.15, 0.5, 0.2, 0.08, 0.15, 0.08, 0.25, 0.1, 0.3] | NaN reward steps so far: 0
Episodes: 18360 | Mean Reward (last 10): 1.696 | Mean Score: 1.717 | Last-10 eps: [0.15, 0.1, 0.15, 0.1, 0.08, 0.1, 0.08, 0.08, 0.08, 0.15] | NaN reward steps so far: 0
Episodes: 18370 | Mean Reward (last 10): 1.741 | Mean Score: 1.768 | Last-10 eps: [0.08, 0.15, 0.08, 0.15, 0.2, 0.15, 0.1, 0.1, 0.08, 0.15] | NaN reward steps so far: 0
Episodes: 18380 | Mean Reward (last 10): 1.666 | Mean Score: 1.696 | Last-10 eps: [0.15, 0.08, 0.25, 0.1, 0.15, 0.1, 0.08, 0.15, 0.1, 0.15] | NaN reward steps so far: 0
Episodes: 18390 | Mean Reward (last 10): 1.645 | Mean Score: 1.666 | Last-10 eps: [0.1, 0.08, 0.08, 0.08, 0.08, 0.6, 0.25, 0.15, 0.15, 0.15] | NaN reward steps so far: 0
Episodes: 18400 | Mean Reward (last 10): 1.664 | Mean Score: 1.689 | Last-10 eps: [0.08, 0.15, 0.08, 0.15, 0.15, 0.05, 0.15, 0.15, 0.08, 0.08] | NaN reward steps so far: 0
Episodes: 18410 | Mean Reward (last 10): 1.683 | Mean Score: 1.705 | Last-10 eps: [0.2, 0.1, 0.2, 0.1, 0.1, 0.2, 0.15, 0.08, 0.25, 0.2] | NaN reward steps so far: 0
Episodes: 18420 | Mean Reward (last 10): 1.695 | Mean Score: 1.723 | Last-10 eps: [0.15, 0.1, 0.15, 0.15, 0.15, 0.1, 0.15, 0.08, 0.08, 0.1] | NaN reward steps so far: 0
Episodes: 18430 | Mean Reward (last 10): 1.621 | Mean Score: 1.645 | Last-10 eps: [0.15, 0.6, 0.08, 0.15, 0.08, 0.15, 0.08, 0.1, 0.15, 0.08] | NaN reward steps so far: 0
Episodes: 18440 | Mean Reward (last 10): 1.689 | Mean Score: 1.709 | Last-10 eps: [0.1, 0.2, 0.08, 0.15, 0.1, 0.15, 0.08, 0.25, 0.15, 0.15] | NaN reward steps so far: 0
Episodes: 18450 | Mean Reward (last 10): 1.694 | Mean Score: 1.717 | Last-10 eps: [0.2, 0.2, 0.2, 0.3, 0.15, 0.2, 0.2, 0.2, 0.1, 0.1] | NaN reward steps so far: 0
Episodes: 18460 | Mean Reward (last 10): 1.774 | Mean Score: 1.794 | Last-10 eps: [0.15, 0.15, 0.05, 0.15, 0.08, 0.1, 0.08, 0.1, 0.08, 0.15] | NaN reward steps so far: 0
Episodes: 18470 | Mean Reward (last 10): 1.710 | Mean Score: 1.737 | Last-10 eps: [0.1, 0.2, 0.05, 0.2, 0.2, 0.1, 0.08, 0.2, 0.1, 0.08] | NaN reward steps so far: 0
Episodes: 18480 | Mean Reward (last 10): 1.792 | Mean Score: 1.809 | Last-10 eps: [0.08, 0.08, 0.08, 0.08, 0.15, 0.08, 0.25, 0.08, 0.15, 0.1] | NaN reward steps so far: 0
Episodes: 18490 | Mean Reward (last 10): 1.691 | Mean Score: 1.719 | Last-10 eps: [0.08, 0.15, 0.15, 0.05, 0.15, 0.08, 0.08, 0.2, 0.3, 0.15] | NaN reward steps so far: 0
Episodes: 18500 | Mean Reward (last 10): 1.672 | Mean Score: 1.696 | Last-10 eps: [0.15, 0.08, 0.05, 0.1, 0.08, 0.25, 0.15, 0.2, 0.6, 0.15] | NaN reward steps so far: 0
Episodes: 18510 | Mean Reward (last 10): 1.610 | Mean Score: 1.630 | Last-10 eps: [0.2, 0.6, 0.08, 0.1, 0.15, 0.0, 0.08, 0.08, 0.1, 0.08] | NaN reward steps so far: 0
Episodes: 18520 | Mean Reward (last 10): 1.718 | Mean Score: 1.742 | Last-10 eps: [0.1, 0.1, 0.08, 0.1, 0.15, 0.05, 0.08, 0.1, 0.08, 0.15] | NaN reward steps so far: 0
Episodes: 18530 | Mean Reward (last 10): 1.658 | Mean Score: 1.689 | Last-10 eps: [0.15, 0.08, 0.1, 0.25, 0.1, 0.1, 0.1, 0.1, 0.15, 0.08] | NaN reward steps so far: 0
Episodes: 18540 | Mean Reward (last 10): 1.659 | Mean Score: 1.680 | Last-10 eps: [0.1, 0.08, 0.15, 0.15, 0.15, 0.03, 0.25, 0.08, 0.08, 0.2] | NaN reward steps so far: 0
Episodes: 18550 | Mean Reward (last 10): 1.636 | Mean Score: 1.669 | Last-10 eps: [0.15, 0.3, 0.08, 0.08, 0.1, 0.05, 0.15, 0.08, 0.2, 0.2] | NaN reward steps so far: 0
Episodes: 18560 | Mean Reward (last 10): 1.743 | Mean Score: 1.766 | Last-10 eps: [0.2, 0.15, 0.08, 0.08, 0.1, 0.25, 0.08, 0.15, 0.15, 0.2] | NaN reward steps so far: 0
Episodes: 18570 | Mean Reward (last 10): 1.730 | Mean Score: 1.745 | Last-10 eps: [0.08, 0.08, 0.15, 0.15, 0.1, 0.1, 0.1, 0.2, 0.15, 0.6] | NaN reward steps so far: 0
Episodes: 18580 | Mean Reward (last 10): 1.675 | Mean Score: 1.696 | Last-10 eps: [0.08, 0.15, 0.15, 0.15, 0.08, 0.1, 0.08, 0.08, 0.15, 0.2] | NaN reward steps so far: 0
Episodes: 18590 | Mean Reward (last 10): 1.447 | Mean Score: 1.471 | Last-10 eps: [0.0, 0.2, 0.08, 0.15, 0.1, 0.1, 0.15, 0.15, 0.15, 0.3] | NaN reward steps so far: 0
Episodes: 18600 | Mean Reward (last 10): 1.773 | Mean Score: 1.793 | Last-10 eps: [0.1, 0.1, 0.15, 0.2, 0.15, 0.3, 0.2, 0.1, 0.08, 0.15] | NaN reward steps so far: 0
Episodes: 18610 | Mean Reward (last 10): 1.671 | Mean Score: 1.703 | Last-10 eps: [0.08, 0.15, 0.15, 0.15, 0.25, 0.3, 0.08, 0.2, 0.08, 0.1] | NaN reward steps so far: 0
Episodes: 18620 | Mean Reward (last 10): 1.699 | Mean Score: 1.721 | Last-10 eps: [0.08, 0.15, 0.08, 0.1, 0.1, 0.15, 0.15, 0.1, 0.08, 0.08] | NaN reward steps so far: 0
Episodes: 18630 | Mean Reward (last 10): 1.534 | Mean Score: 1.572 | Last-10 eps: [0.08, 0.15, 0.08, 0.2, 0.1, 0.08, 0.08, 0.1, 0.15, 0.15] | NaN reward steps so far: 0
Episodes: 18640 | Mean Reward (last 10): 1.699 | Mean Score: 1.718 | Last-10 eps: [0.2, 0.08, 0.1, 0.1, 0.2, 0.1, 0.05, 0.08, 0.1, 0.15] | NaN reward steps so far: 0
Episodes: 18650 | Mean Reward (last 10): 1.725 | Mean Score: 1.745 | Last-10 eps: [0.08, 0.15, 0.08, 0.15, 0.2, 0.1, 0.15, 0.15, 0.08, 0.3] | NaN reward steps so far: 0
Episodes: 18660 | Mean Reward (last 10): 1.650 | Mean Score: 1.684 | Last-10 eps: [0.2, 0.08, 0.08, 0.25, 0.15, 0.1, 0.15, 0.15, 0.1, 0.2] | NaN reward steps so far: 0
Episodes: 18670 | Mean Reward (last 10): 1.775 | Mean Score: 1.795 | Last-10 eps: [0.08, 0.3, 0.15, 0.2, 0.08, 0.08, 0.3, 0.15, 0.4, 0.1] | NaN reward steps so far: 0
Episodes: 18680 | Mean Reward (last 10): 1.675 | Mean Score: 1.701 | Last-10 eps: [0.1, 0.08, 0.15, 0.2, 0.08, 0.15, 0.15, 0.08, 0.08, 0.15] | NaN reward steps so far: 0
Episodes: 18690 | Mean Reward (last 10): 1.625 | Mean Score: 1.652 | Last-10 eps: [0.08, 0.1, 0.15, 0.2, 0.08, 0.15, 0.1, 0.2, 0.2, 0.2] | NaN reward steps so far: 0
Episodes: 18700 | Mean Reward (last 10): 1.735 | Mean Score: 1.762 | Last-10 eps: [0.1, 0.1, 0.08, 0.1, 0.08, 0.08, 0.2, 0.25, 0.05, 0.08] | NaN reward steps so far: 0
Episodes: 18710 | Mean Reward (last 10): 1.782 | Mean Score: 1.805 | Last-10 eps: [0.15, 0.15, 0.05, 0.08, 0.2, 0.1, 0.2, 0.15, 0.2, 0.08] | NaN reward steps so far: 0
Episodes: 18720 | Mean Reward (last 10): 1.686 | Mean Score: 1.713 | Last-10 eps: [0.2, 0.08, 0.2, 0.2, 0.2, 0.25, 0.08, 0.15, 0.08, 0.15] | NaN reward steps so far: 0
Episodes: 18730 | Mean Reward (last 10): 1.744 | Mean Score: 1.767 | Last-10 eps: [0.25, 0.08, 0.15, 0.15, 0.1, 0.08, 0.1, 0.2, 0.15, 0.2] | NaN reward steps so far: 0
Episodes: 18740 | Mean Reward (last 10): 1.629 | Mean Score: 1.653 | Last-10 eps: [0.1, 0.4, 0.2, 0.15, 0.15, 0.08, 0.1, 0.1, 0.15, 0.08] | NaN reward steps so far: 0
Episodes: 18750 | Mean Reward (last 10): 1.770 | Mean Score: 1.799 | Last-10 eps: [0.08, 0.05, 0.4, 0.08, 0.1, 0.15, 0.08, 0.15, 0.15, 0.15] | NaN reward steps so far: 0
Episodes: 18760 | Mean Reward (last 10): 1.733 | Mean Score: 1.757 | Last-10 eps: [0.08, 0.15, 0.15, 0.2, 0.1, 0.5, 0.08, 0.3, 0.15, 0.15] | NaN reward steps so far: 0
Episodes: 18770 | Mean Reward (last 10): 1.765 | Mean Score: 1.788 | Last-10 eps: [0.05, 0.15, 0.2, 0.2, 0.15, 0.08, 0.1, 0.1, 0.3, 0.08] | NaN reward steps so far: 0
Episodes: 18780 | Mean Reward (last 10): 1.727 | Mean Score: 1.749 | Last-10 eps: [0.15, 0.1, 0.4, 0.15, 0.08, 0.4, 0.2, 0.08, 0.4, 0.2] | NaN reward steps so far: 0
Episodes: 18790 | Mean Reward (last 10): 1.734 | Mean Score: 1.759 | Last-10 eps: [0.08, 0.1, 0.2, 0.15, 0.08, 0.15, 0.15, 0.1, 0.08, 0.1] | NaN reward steps so far: 0
Episodes: 18800 | Mean Reward (last 10): 1.601 | Mean Score: 1.629 | Last-10 eps: [0.3, 0.1, 0.5, 0.08, 0.15, 0.08, 0.08, 0.2, 0.15, 0.3] | NaN reward steps so far: 0
Episodes: 18810 | Mean Reward (last 10): 1.717 | Mean Score: 1.746 | Last-10 eps: [0.15, 0.05, 0.1, 0.15, 0.08, 0.08, 0.15, 0.15, 0.1, 0.08] | NaN reward steps so far: 0
Episodes: 18820 | Mean Reward (last 10): 1.780 | Mean Score: 1.800 | Last-10 eps: [0.08, 0.05, 0.15, 0.15, 0.15, 0.1, 0.3, 0.15, 0.08, 0.08] | NaN reward steps so far: 0
Episodes: 18830 | Mean Reward (last 10): 1.705 | Mean Score: 1.734 | Last-10 eps: [0.1, 0.08, 0.1, 0.1, 0.2, 0.08, 0.2, 0.15, 0.08, 0.2] | NaN reward steps so far: 0
Episodes: 18840 | Mean Reward (last 10): 1.632 | Mean Score: 1.659 | Last-10 eps: [0.15, 0.6, 0.08, 0.08, 0.05, 0.1, 0.15, 0.15, 0.2, 0.1] | NaN reward steps so far: 0
Episodes: 18850 | Mean Reward (last 10): 1.746 | Mean Score: 1.767 | Last-10 eps: [0.1, 0.08, 0.2, 0.25, 0.15, 0.15, 0.1, 0.2, 0.05, 0.05] | NaN reward steps so far: 0
-----------------------------------------
| rollout/                |             |
|    ep_len_mean          | 2.46        |
|    ep_rew_mean          | 1.71        |
| time/                   |             |
|    fps                  | 2           |
|    iterations           | 22          |
|    time_elapsed         | 22286       |
|    total_timesteps      | 45056       |
| train/                  |             |
|    approx_kl            | 0.016263388 |
|    clip_fraction        | 0.2         |
|    clip_range           | 0.2         |
|    entropy_loss         | -5.21       |
|    explained_variance   | 0.984       |
|    learning_rate        | 0.0003      |
|    loss                 | -0.0885     |
|    n_updates            | 210         |
|    policy_gradient_loss | -0.0384     |
|    value_loss           | 0.0916      |
-----------------------------------------
Episodes: 18860 | Mean Reward (last 10): 1.672 | Mean Score: 1.700 | Last-10 eps: [0.15, 0.1, 0.15, 0.15, 0.08, 0.15, 0.15, 0.08, 0.15, 0.15] | NaN reward steps so far: 0
Episodes: 18870 | Mean Reward (last 10): 1.725 | Mean Score: 1.757 | Last-10 eps: [0.08, 0.08, 0.03, 0.08, 0.1, 0.1, 0.1, 0.15, 0.1, 0.15] | NaN reward steps so far: 0
Episodes: 18880 | Mean Reward (last 10): 1.686 | Mean Score: 1.705 | Last-10 eps: [0.08, 0.08, 0.2, 0.15, 0.15, 0.15, 0.15, 0.08, 0.08, 0.08] | NaN reward steps so far: 0
Episodes: 18890 | Mean Reward (last 10): 1.840 | Mean Score: 1.862 | Last-10 eps: [0.1, 0.08, 0.08, 0.08, 0.05, 0.08, 0.2, 0.08, 0.15, 0.08] | NaN reward steps so far: 0
Episodes: 18900 | Mean Reward (last 10): 1.741 | Mean Score: 1.765 | Last-10 eps: [0.15, 0.5, 0.08, 0.15, 0.08, 0.15, 0.1, 0.2, 0.05, 0.08] | NaN reward steps so far: 0
Episodes: 18910 | Mean Reward (last 10): 1.674 | Mean Score: 1.698 | Last-10 eps: [0.1, 0.08, 0.2, 0.25, 0.08, 0.1, 0.15, 0.15, 0.15, 0.08] | NaN reward steps so far: 0
Episodes: 18920 | Mean Reward (last 10): 1.609 | Mean Score: 1.642 | Last-10 eps: [0.15, 0.1, 0.08, 0.2, 0.15, 0.08, 0.1, 0.4, 0.15, 0.25] | NaN reward steps so far: 0
Episodes: 18930 | Mean Reward (last 10): 1.725 | Mean Score: 1.755 | Last-10 eps: [0.2, 0.08, 0.15, 0.08, 0.2, 0.1, 0.2, 0.15, 0.05, 0.1] | NaN reward steps so far: 0
Episodes: 18940 | Mean Reward (last 10): 1.701 | Mean Score: 1.721 | Last-10 eps: [0.15, 0.2, 0.08, 0.08, 0.15, 0.15, 0.08, 0.15, 0.08, 0.15] | NaN reward steps so far: 0
Episodes: 18950 | Mean Reward (last 10): 1.702 | Mean Score: 1.726 | Last-10 eps: [0.1, 0.15, 0.03, 0.15, 0.1, 0.15, 0.15, 0.2, 0.15, 0.08] | NaN reward steps so far: 0
Episodes: 18960 | Mean Reward (last 10): 1.696 | Mean Score: 1.720 | Last-10 eps: [0.2, 0.15, 0.1, 0.1, 0.15, 0.2, 0.2, 0.08, 0.2, 0.5] | NaN reward steps so far: 0
Episodes: 18970 | Mean Reward (last 10): 1.650 | Mean Score: 1.678 | Last-10 eps: [0.08, 0.3, 0.08, 0.15, 0.15, 0.1, 0.1, 0.15, 0.15, 0.08] | NaN reward steps so far: 0
Episodes: 18980 | Mean Reward (last 10): 1.696 | Mean Score: 1.718 | Last-10 eps: [0.4, 0.25, 0.08, 0.1, 0.15, 0.15, 0.08, 0.05, 0.15, 0.1] | NaN reward steps so far: 0
Episodes: 18990 | Mean Reward (last 10): 1.645 | Mean Score: 1.674 | Last-10 eps: [0.1, 0.1, 0.15, 0.1, 0.15, 0.2, 0.15, 0.08, 0.08, 0.1] | NaN reward steps so far: 0
Episodes: 19000 | Mean Reward (last 10): 1.707 | Mean Score: 1.729 | Last-10 eps: [0.2, 0.15, 0.08, 0.03, 0.08, 0.1, 0.08, 0.15, 0.15, 0.1] | NaN reward steps so far: 0
Episodes: 19010 | Mean Reward (last 10): 1.760 | Mean Score: 1.785 | Last-10 eps: [0.1, 0.08, 0.08, 0.2, 0.25, 0.08, 0.15, 0.08, 0.15, 0.1] | NaN reward steps so far: 0
Episodes: 19020 | Mean Reward (last 10): 1.630 | Mean Score: 1.658 | Last-10 eps: [0.1, 0.2, 0.08, 0.2, 0.15, 0.1, 0.1, 0.2, 0.2, 0.2] | NaN reward steps so far: 0
Episodes: 19030 | Mean Reward (last 10): 1.641 | Mean Score: 1.669 | Last-10 eps: [0.15, 0.15, 0.2, 0.25, 0.25, 0.08, 0.1, 0.08, 0.1, 0.08] | NaN reward steps so far: 0
Episodes: 19040 | Mean Reward (last 10): 1.768 | Mean Score: 1.789 | Last-10 eps: [0.08, 0.08, 0.08, 0.15, 0.15, 0.25, 0.2, 0.15, 0.1, 0.05] | NaN reward steps so far: 0
Episodes: 19050 | Mean Reward (last 10): 1.780 | Mean Score: 1.804 | Last-10 eps: [0.15, 0.15, 0.2, 0.15, 0.15, 0.15, 0.1, 0.3, 0.08, 0.1] | NaN reward steps so far: 0
Episodes: 19060 | Mean Reward (last 10): 1.743 | Mean Score: 1.766 | Last-10 eps: [0.08, 0.1, 0.08, 0.2, 0.08, 0.15, 0.08, 0.2, 0.15, 0.08] | NaN reward steps so far: 0
Episodes: 19070 | Mean Reward (last 10): 1.647 | Mean Score: 1.675 | Last-10 eps: [0.15, 0.15, 0.1, 0.1, 0.15, 0.08, 0.1, 0.15, 0.08, 0.15] | NaN reward steps so far: 0
Episodes: 19080 | Mean Reward (last 10): 1.700 | Mean Score: 1.721 | Last-10 eps: [0.2, 0.08, 0.15, 0.08, 0.1, 0.3, 0.2, 0.2, 0.15, 0.15] | NaN reward steps so far: 0
Episodes: 19090 | Mean Reward (last 10): 1.673 | Mean Score: 1.695 | Last-10 eps: [0.08, 0.08, 0.2, 0.15, 0.15, 0.1, 0.08, 0.15, 0.15, 0.15] | NaN reward steps so far: 0
Episodes: 19100 | Mean Reward (last 10): 1.589 | Mean Score: 1.619 | Last-10 eps: [0.1, 0.25, 0.1, 0.3, 0.1, 0.1, 0.1, 0.05, 0.15, 0.2] | NaN reward steps so far: 0
Episodes: 19110 | Mean Reward (last 10): 1.666 | Mean Score: 1.692 | Last-10 eps: [0.1, 0.1, 0.08, 0.08, 0.15, 0.15, 0.25, 0.08, 0.08, 0.08] | NaN reward steps so far: 0
Episodes: 19120 | Mean Reward (last 10): 1.841 | Mean Score: 1.865 | Last-10 eps: [0.1, 0.08, 0.08, 0.08, 0.08, 0.05, 0.1, 0.08, 0.08, 0.2] | NaN reward steps so far: 0
Episodes: 19130 | Mean Reward (last 10): 1.686 | Mean Score: 1.710 | Last-10 eps: [0.15, 0.15, 0.15, 0.1, 0.05, 0.2, 0.15, 0.25, 0.15, 0.1] | NaN reward steps so far: 0
Episodes: 19140 | Mean Reward (last 10): 1.653 | Mean Score: 1.678 | Last-10 eps: [0.2, 0.15, 0.1, 0.15, 0.08, 0.3, 0.15, 0.15, 0.08, 0.1] | NaN reward steps so far: 0
Episodes: 19150 | Mean Reward (last 10): 1.764 | Mean Score: 1.788 | Last-10 eps: [0.08, 0.08, 0.1, 0.08, 0.08, 0.15, 0.08, 0.15, 0.1, 0.08] | NaN reward steps so far: 0
Episodes: 19160 | Mean Reward (last 10): 1.678 | Mean Score: 1.703 | Last-10 eps: [0.15, 0.25, 0.1, 0.25, 0.08, 0.15, 0.08, 0.15, 0.05, 0.2] | NaN reward steps so far: 0
Episodes: 19170 | Mean Reward (last 10): 1.657 | Mean Score: 1.684 | Last-10 eps: [0.08, 0.2, 0.1, 0.1, 0.1, 0.08, 0.1, 0.15, 0.1, 0.3] | NaN reward steps so far: 0
Episodes: 19180 | Mean Reward (last 10): 1.689 | Mean Score: 1.716 | Last-10 eps: [0.08, 0.08, 0.15, 0.25, 0.15, 0.15, 0.2, 0.15, 0.08, 0.2] | NaN reward steps so far: 0
Episodes: 19190 | Mean Reward (last 10): 1.846 | Mean Score: 1.869 | Last-10 eps: [0.08, 0.1, 0.08, 0.08, 0.08, 0.1, 0.15, 0.15, 0.2, 0.08] | NaN reward steps so far: 0
Episodes: 19200 | Mean Reward (last 10): 1.686 | Mean Score: 1.712 | Last-10 eps: [0.15, 0.1, 0.15, 0.1, 0.1, 0.05, 0.6, 0.08, 0.15, 0.15] | NaN reward steps so far: 0
Episodes: 19210 | Mean Reward (last 10): 1.672 | Mean Score: 1.697 | Last-10 eps: [0.1, 0.2, 0.15, 0.08, 0.2, 0.1, 0.1, 0.15, 0.08, 0.15] | NaN reward steps so far: 0
Episodes: 19220 | Mean Reward (last 10): 1.781 | Mean Score: 1.809 | Last-10 eps: [0.1, 0.2, 0.2, 0.05, 0.08, 0.08, 0.15, 0.08, 0.15, 0.2] | NaN reward steps so far: 0
Episodes: 19230 | Mean Reward (last 10): 1.777 | Mean Score: 1.801 | Last-10 eps: [0.08, 0.15, 0.1, 0.08, 0.08, 0.08, 0.15, 0.08, 0.08, 0.5] | NaN reward steps so far: 0
Episodes: 19240 | Mean Reward (last 10): 1.768 | Mean Score: 1.790 | Last-10 eps: [0.08, 0.08, 0.2, 0.05, 0.2, 0.15, 0.25, 0.08, 0.05, 0.2] | NaN reward steps so far: 0
Episodes: 19250 | Mean Reward (last 10): 1.702 | Mean Score: 1.725 | Last-10 eps: [0.1, 0.08, 0.15, 0.5, 0.5, 0.1, 0.08, 0.08, 0.15, 0.15] | NaN reward steps so far: 0
Episodes: 19260 | Mean Reward (last 10): 1.671 | Mean Score: 1.701 | Last-10 eps: [0.15, 0.1, 0.3, 0.1, 0.15, 0.1, 0.1, 0.15, 0.15, 0.08] | NaN reward steps so far: 0
Episodes: 19270 | Mean Reward (last 10): 1.738 | Mean Score: 1.764 | Last-10 eps: [0.08, 0.2, 0.4, 0.08, 0.08, 0.08, 0.08, 0.08, 0.2, 0.2] | NaN reward steps so far: 0
Episodes: 19280 | Mean Reward (last 10): 1.710 | Mean Score: 1.742 | Last-10 eps: [0.1, 0.15, 0.08, 0.08, 0.2, 0.08, 0.08, 0.2, 0.05, 0.08] | NaN reward steps so far: 0
Episodes: 19290 | Mean Reward (last 10): 1.678 | Mean Score: 1.701 | Last-10 eps: [0.1, 0.08, 0.1, 0.15, 0.08, 0.1, 0.05, 0.15, 0.15, 0.15] | NaN reward steps so far: 0
Episodes: 19300 | Mean Reward (last 10): 1.740 | Mean Score: 1.768 | Last-10 eps: [0.08, 0.1, 0.2, 0.2, 0.1, 0.15, 0.08, 0.2, 0.2, 0.1] | NaN reward steps so far: 0
Episodes: 19310 | Mean Reward (last 10): 1.689 | Mean Score: 1.712 | Last-10 eps: [0.15, 0.08, 0.08, 0.5, 0.2, 0.1, 0.1, 0.08, 0.2, 0.15] | NaN reward steps so far: 0
Episodes: 19320 | Mean Reward (last 10): 1.680 | Mean Score: 1.710 | Last-10 eps: [0.1, 0.15, 0.15, 0.08, 0.08, 0.1, 0.2, 0.2, 0.05, 0.2] | NaN reward steps so far: 0
Episodes: 19330 | Mean Reward (last 10): 1.732 | Mean Score: 1.758 | Last-10 eps: [0.1, 0.1, 0.1, 0.1, 0.15, 0.2, 0.15, 0.05, 0.1, 0.08] | NaN reward steps so far: 0
Episodes: 19340 | Mean Reward (last 10): 1.714 | Mean Score: 1.736 | Last-10 eps: [0.08, 0.15, 0.08, 0.4, 0.08, 0.15, 0.15, 0.1, 0.08, 0.15] | NaN reward steps so far: 0
Episodes: 19350 | Mean Reward (last 10): 1.690 | Mean Score: 1.715 | Last-10 eps: [0.15, 0.15, 0.15, 0.08, 0.3, 0.15, 0.15, 0.2, 0.1, 0.08] | NaN reward steps so far: 0
Episodes: 19360 | Mean Reward (last 10): 1.631 | Mean Score: 1.662 | Last-10 eps: [0.15, 0.15, 0.15, 0.15, 0.1, 0.1, 0.25, 0.15, 0.15, 0.08] | NaN reward steps so far: 0
Episodes: 19370 | Mean Reward (last 10): 1.635 | Mean Score: 1.666 | Last-10 eps: [0.08, 0.15, 0.15, 0.2, 0.15, 0.15, 0.2, 0.08, 0.15, 0.1] | NaN reward steps so far: 0
Episodes: 19380 | Mean Reward (last 10): 1.674 | Mean Score: 1.701 | Last-10 eps: [0.2, 0.15, 0.15, 0.08, 0.1, 0.15, 0.1, 0.15, 0.08, 0.4] | NaN reward steps so far: 0
Episodes: 19390 | Mean Reward (last 10): 1.738 | Mean Score: 1.762 | Last-10 eps: [0.1, 0.08, 0.08, 0.2, 0.15, 0.1, 0.2, 0.15, 0.08, 0.2] | NaN reward steps so far: 0
Episodes: 19400 | Mean Reward (last 10): 1.644 | Mean Score: 1.675 | Last-10 eps: [0.08, 0.15, 0.08, 0.1, 0.15, 0.15, 0.15, 0.25, 0.08, 0.15] | NaN reward steps so far: 0
Episodes: 19410 | Mean Reward (last 10): 1.788 | Mean Score: 1.807 | Last-10 eps: [0.08, 0.3, 0.08, 0.15, 0.3, 0.1, 0.3, 0.25, 0.08, 0.08] | NaN reward steps so far: 0
Episodes: 19420 | Mean Reward (last 10): 1.707 | Mean Score: 1.726 | Last-10 eps: [0.15, 0.1, 0.1, 0.08, 0.15, 0.1, 0.2, 0.1, 0.1, 0.2] | NaN reward steps so far: 0
Episodes: 19430 | Mean Reward (last 10): 1.618 | Mean Score: 1.646 | Last-10 eps: [0.05, 0.15, 0.08, 0.15, 0.1, 0.15, 0.15, 0.4, 0.15, 0.15] | NaN reward steps so far: 0
Episodes: 19440 | Mean Reward (last 10): 1.647 | Mean Score: 1.676 | Last-10 eps: [0.1, 0.15, 0.15, 0.1, 0.15, 0.08, 0.08, 0.1, 0.15, 0.08] | NaN reward steps so far: 0
Episodes: 19450 | Mean Reward (last 10): 1.659 | Mean Score: 1.690 | Last-10 eps: [0.1, 0.1, 0.1, 0.15, 0.2, 0.08, 0.08, 0.5, 0.08, 0.15] | NaN reward steps so far: 0
Episodes: 19460 | Mean Reward (last 10): 1.648 | Mean Score: 1.670 | Last-10 eps: [0.1, 0.15, 0.2, 0.08, 0.08, 0.3, 0.15, 0.2, 0.2, 0.2] | NaN reward steps so far: 0
Episodes: 19470 | Mean Reward (last 10): 1.702 | Mean Score: 1.726 | Last-10 eps: [0.1, 0.15, 0.3, 0.1, 0.15, 0.05, 0.15, 0.2, 0.08, 0.08] | NaN reward steps so far: 0
Episodes: 19480 | Mean Reward (last 10): 1.683 | Mean Score: 1.705 | Last-10 eps: [0.2, 0.15, 0.08, 0.2, 0.15, 0.15, 0.1, 0.15, 0.25, 0.1] | NaN reward steps so far: 0
Episodes: 19490 | Mean Reward (last 10): 1.791 | Mean Score: 1.812 | Last-10 eps: [0.2, 0.08, 0.15, 0.15, 0.1, 0.08, 0.15, 0.05, 0.2, 0.1] | NaN reward steps so far: 0
Episodes: 19500 | Mean Reward (last 10): 1.717 | Mean Score: 1.739 | Last-10 eps: [0.1, 0.1, 0.1, 0.1, 0.08, 0.08, 0.5, 0.1, 0.08, 0.15] | NaN reward steps so far: 0
Episodes: 19510 | Mean Reward (last 10): 1.723 | Mean Score: 1.749 | Last-10 eps: [0.15, 0.1, 0.15, 0.15, 0.08, 0.08, 0.1, 0.1, 0.15, 0.08] | NaN reward steps so far: 0
Episodes: 19520 | Mean Reward (last 10): 1.718 | Mean Score: 1.738 | Last-10 eps: [0.2, 0.2, 0.15, 0.08, 0.08, 0.03, 0.2, 0.1, 0.1, 0.08] | NaN reward steps so far: 0
Episodes: 19530 | Mean Reward (last 10): 1.721 | Mean Score: 1.747 | Last-10 eps: [0.15, 0.08, 0.08, 0.08, 0.15, 0.05, 0.15, 0.15, 0.08, 0.25] | NaN reward steps so far: 0
Episodes: 19540 | Mean Reward (last 10): 1.553 | Mean Score: 1.573 | Last-10 eps: [0.2, 0.15, 0.15, 0.15, 0.15, 0.15, 0.15, 0.15, 0.15, 0.1] | NaN reward steps so far: 0
Episodes: 19550 | Mean Reward (last 10): 1.798 | Mean Score: 1.821 | Last-10 eps: [0.15, 0.08, 0.4, 0.15, 0.08, 0.5, 0.4, 0.08, 0.08, 0.1] | NaN reward steps so far: 0
Episodes: 19560 | Mean Reward (last 10): 1.769 | Mean Score: 1.790 | Last-10 eps: [0.15, 0.15, 0.08, 0.08, 0.15, 0.08, 0.08, 0.08, 0.08, 0.2] | NaN reward steps so far: 0
Episodes: 19570 | Mean Reward (last 10): 1.664 | Mean Score: 1.688 | Last-10 eps: [0.15, 0.15, 0.1, 0.15, 0.08, 0.2, 0.1, 0.15, 0.2, 0.15] | NaN reward steps so far: 0
Episodes: 19580 | Mean Reward (last 10): 1.629 | Mean Score: 1.656 | Last-10 eps: [0.15, 0.1, 0.1, 0.15, 0.15, 0.2, 0.2, 0.05, 0.15, 0.25] | NaN reward steps so far: 0
Episodes: 19590 | Mean Reward (last 10): 1.688 | Mean Score: 1.712 | Last-10 eps: [0.15, 0.08, 0.08, 0.1, 0.08, 0.2, 0.15, 0.15, 0.25, 0.15] | NaN reward steps so far: 0
Episodes: 19600 | Mean Reward (last 10): 1.682 | Mean Score: 1.705 | Last-10 eps: [0.15, 0.5, 0.08, 0.08, 0.1, 0.15, 0.08, 0.15, 0.25, 0.15] | NaN reward steps so far: 0
Episodes: 19610 | Mean Reward (last 10): 1.627 | Mean Score: 1.652 | Last-10 eps: [0.08, 0.1, 0.15, 0.15, 0.08, 0.15, 0.15, 0.25, 0.2, 0.5] | NaN reward steps so far: 0
Episodes: 19620 | Mean Reward (last 10): 1.684 | Mean Score: 1.709 | Last-10 eps: [0.1, 0.08, 0.08, 0.08, 0.2, 0.15, 0.08, 0.15, 0.6, 0.2] | NaN reward steps so far: 0
Episodes: 19630 | Mean Reward (last 10): 1.710 | Mean Score: 1.739 | Last-10 eps: [0.05, 0.2, 0.08, 0.08, 0.1, 0.15, 0.15, 0.08, 0.2, 0.15] | NaN reward steps so far: 0
Episodes: 19640 | Mean Reward (last 10): 1.775 | Mean Score: 1.803 | Last-10 eps: [0.08, 0.1, 0.08, 0.05, 0.08, 0.15, 0.08, 0.15, 0.05, 0.05] | NaN reward steps so far: 0
Episodes: 19650 | Mean Reward (last 10): 1.772 | Mean Score: 1.794 | Last-10 eps: [0.1, 0.08, 0.1, 0.08, 0.15, 0.2, 0.08, 0.15, 0.08, 0.2] | NaN reward steps so far: 0
Episodes: 19660 | Mean Reward (last 10): 1.701 | Mean Score: 1.724 | Last-10 eps: [0.08, 0.25, 0.25, 0.08, 0.2, 0.15, 0.15, 0.2, 0.08, 0.25] | NaN reward steps so far: 0
-----------------------------------------
| rollout/                |             |
|    ep_len_mean          | 2.49        |
|    ep_rew_mean          | 1.7         |
| time/                   |             |
|    fps                  | 2           |
|    iterations           | 23          |
|    time_elapsed         | 23218       |
|    total_timesteps      | 47104       |
| train/                  |             |
|    approx_kl            | 0.016260013 |
|    clip_fraction        | 0.185       |
|    clip_range           | 0.2         |
|    entropy_loss         | -5.13       |
|    explained_variance   | 0.984       |
|    learning_rate        | 0.0003      |
|    loss                 | -0.0606     |
|    n_updates            | 220         |
|    policy_gradient_loss | -0.039      |
|    value_loss           | 0.0923      |
-----------------------------------------
Episodes: 19670 | Mean Reward (last 10): 1.680 | Mean Score: 1.703 | Last-10 eps: [0.08, 0.08, 0.08, 0.3, 0.2, 0.1, 0.08, 0.25, 0.15, 0.15] | NaN reward steps so far: 0
Episodes: 19680 | Mean Reward (last 10): 1.679 | Mean Score: 1.704 | Last-10 eps: [0.1, 0.08, 0.15, 0.25, 0.08, 0.1, 0.08, 0.15, 0.2, 0.15] | NaN reward steps so far: 0
Episodes: 19690 | Mean Reward (last 10): 1.778 | Mean Score: 1.797 | Last-10 eps: [0.08, 0.15, 0.2, 0.08, 0.1, 0.1, 0.08, 0.1, 0.08, 0.08] | NaN reward steps so far: 0
Episodes: 19700 | Mean Reward (last 10): 1.711 | Mean Score: 1.731 | Last-10 eps: [0.08, 0.15, 0.15, 0.1, 0.05, 0.2, 0.1, 0.25, 0.1, 0.08] | NaN reward steps so far: 0
Episodes: 19710 | Mean Reward (last 10): 1.655 | Mean Score: 1.686 | Last-10 eps: [0.15, 0.15, 0.15, 0.08, 0.15, 0.08, 0.15, 0.2, 0.1, 0.08] | NaN reward steps so far: 0
Episodes: 19720 | Mean Reward (last 10): 1.816 | Mean Score: 1.843 | Last-10 eps: [0.1, 0.25, 0.08, 0.08, 0.2, 0.1, 0.08, 0.08, 0.2, 0.08] | NaN reward steps so far: 0
Episodes: 19730 | Mean Reward (last 10): 1.678 | Mean Score: 1.703 | Last-10 eps: [0.15, 0.15, 0.08, 0.08, 0.05, 0.15, 0.2, 0.08, 0.1, 0.25] | NaN reward steps so far: 0
Episodes: 19740 | Mean Reward (last 10): 1.676 | Mean Score: 1.698 | Last-10 eps: [0.15, 0.08, 0.2, 0.08, 0.1, 0.15, 0.2, 0.25, 0.08, 0.08] | NaN reward steps so far: 0
Episodes: 19750 | Mean Reward (last 10): 1.665 | Mean Score: 1.688 | Last-10 eps: [0.15, 0.1, 0.15, 0.15, 0.1, 0.15, 0.1, 0.1, 0.1, 0.15] | NaN reward steps so far: 0
Episodes: 19760 | Mean Reward (last 10): 1.677 | Mean Score: 1.699 | Last-10 eps: [0.1, 0.2, 0.1, 0.15, 0.1, 0.15, 0.08, 0.4, 0.2, 0.15] | NaN reward steps so far: 0
Episodes: 19770 | Mean Reward (last 10): 1.672 | Mean Score: 1.699 | Last-10 eps: [0.5, 0.15, 0.08, 0.15, 0.1, 0.15, 0.15, 0.15, 0.1, 0.1] | NaN reward steps so far: 0
Episodes: 19780 | Mean Reward (last 10): 1.771 | Mean Score: 1.793 | Last-10 eps: [0.15, 0.2, 0.08, 0.1, 0.08, 0.1, 0.1, 0.1, 0.2, 0.08] | NaN reward steps so far: 0
Episodes: 19790 | Mean Reward (last 10): 1.713 | Mean Score: 1.743 | Last-10 eps: [0.15, 0.15, 0.15, 0.25, 0.2, 0.05, 0.08, 0.1, 0.1, 0.15] | NaN reward steps so far: 0
Episodes: 19800 | Mean Reward (last 10): 1.758 | Mean Score: 1.784 | Last-10 eps: [0.1, 0.1, 0.25, 0.15, 0.1, 0.15, 0.08, 0.1, 0.1, 0.1] | NaN reward steps so far: 0
Episodes: 19810 | Mean Reward (last 10): 1.696 | Mean Score: 1.717 | Last-10 eps: [0.15, 0.2, 0.2, 0.08, 0.15, 0.08, 0.15, 0.08, 0.2, 0.2] | NaN reward steps so far: 0
Episodes: 19820 | Mean Reward (last 10): 1.690 | Mean Score: 1.712 | Last-10 eps: [0.05, 0.15, 0.08, 0.15, 0.15, 0.08, 0.4, 0.05, 0.1, 0.1] | NaN reward steps so far: 0
Episodes: 19830 | Mean Reward (last 10): 1.707 | Mean Score: 1.734 | Last-10 eps: [0.15, 0.08, 0.08, 0.2, 0.15, 0.1, 0.15, 0.15, 0.08, 0.1] | NaN reward steps so far: 0
Episodes: 19840 | Mean Reward (last 10): 1.707 | Mean Score: 1.733 | Last-10 eps: [0.15, 0.08, 0.08, 0.1, 0.1, 0.1, 0.08, 0.08, 0.1, 0.15] | NaN reward steps so far: 0
Episodes: 19850 | Mean Reward (last 10): 1.589 | Mean Score: 1.620 | Last-10 eps: [0.1, 0.15, 0.1, 0.08, 0.15, 0.1, 0.15, 0.15, 0.1, 0.25] | NaN reward steps so far: 0
Episodes: 19860 | Mean Reward (last 10): 1.784 | Mean Score: 1.804 | Last-10 eps: [0.05, 0.08, 0.15, 0.08, 0.05, 0.15, 0.1, 0.1, 0.03, 0.08] | NaN reward steps so far: 0
Episodes: 19870 | Mean Reward (last 10): 1.654 | Mean Score: 1.676 | Last-10 eps: [0.1, 0.15, 0.15, 0.15, 0.08, 0.1, 0.5, 0.15, 0.25, 0.08] | NaN reward steps so far: 0
Episodes: 19880 | Mean Reward (last 10): 1.779 | Mean Score: 1.801 | Last-10 eps: [0.05, 0.15, 0.08, 0.05, 0.1, 0.2, 0.1, 0.2, 0.08, 0.1] | NaN reward steps so far: 0
Episodes: 19890 | Mean Reward (last 10): 1.695 | Mean Score: 1.721 | Last-10 eps: [0.15, 0.25, 0.08, 0.05, 0.08, 0.1, 0.08, 0.15, 0.08, 0.08] | NaN reward steps so far: 0
Episodes: 19900 | Mean Reward (last 10): 1.627 | Mean Score: 1.649 | Last-10 eps: [0.1, 0.1, 0.1, 0.1, 0.1, 0.15, 0.1, 0.15, 0.15, 0.1] | NaN reward steps so far: 0
Episodes: 19910 | Mean Reward (last 10): 1.749 | Mean Score: 1.766 | Last-10 eps: [0.15, 0.15, 0.08, 0.2, 0.1, 0.08, 0.08, 0.15, 0.15, 0.08] | NaN reward steps so far: 0
Episodes: 19920 | Mean Reward (last 10): 1.744 | Mean Score: 1.765 | Last-10 eps: [0.1, 0.08, 0.15, 0.15, 0.15, 0.05, 0.2, 0.1, 0.08, 0.25] | NaN reward steps so far: 0
Episodes: 19930 | Mean Reward (last 10): 1.730 | Mean Score: 1.753 | Last-10 eps: [0.25, 0.1, 0.15, 0.08, 0.1, 0.2, 0.1, 0.05, 0.5, 0.15] | NaN reward steps so far: 0
Episodes: 19940 | Mean Reward (last 10): 1.804 | Mean Score: 1.829 | Last-10 eps: [0.1, 0.08, 0.15, 0.4, 0.15, 0.05, 0.6, 0.08, 0.08, 0.08] | NaN reward steps so far: 0
Episodes: 19950 | Mean Reward (last 10): 1.671 | Mean Score: 1.699 | Last-10 eps: [0.15, 0.2, 0.08, 0.15, 0.1, 0.1, 0.08, 0.15, 0.25, 0.2] | NaN reward steps so far: 0
Episodes: 19960 | Mean Reward (last 10): 1.740 | Mean Score: 1.766 | Last-10 eps: [0.15, 0.1, 0.15, 0.08, 0.08, 0.15, 0.2, 0.5, 0.08, 0.1] | NaN reward steps so far: 0
Episodes: 19970 | Mean Reward (last 10): 1.758 | Mean Score: 1.784 | Last-10 eps: [0.08, 0.08, 0.08, 0.1, 0.15, 0.2, 0.1, 0.15, 0.15, 0.15] | NaN reward steps so far: 0
Episodes: 19980 | Mean Reward (last 10): 1.693 | Mean Score: 1.721 | Last-10 eps: [0.2, 0.2, 0.15, 0.08, 0.2, 0.08, 0.1, 0.15, 0.08, 0.15] | NaN reward steps so far: 0
Episodes: 19990 | Mean Reward (last 10): 1.709 | Mean Score: 1.728 | Last-10 eps: [0.15, 0.2, 0.25, 0.2, 0.08, 0.2, 0.15, 0.1, 0.08, 0.08] | NaN reward steps so far: 0
Episodes: 20000 | Mean Reward (last 10): 1.721 | Mean Score: 1.746 | Last-10 eps: [0.15, 0.25, 0.08, 0.08, 0.2, 0.08, 0.1, 0.1, 0.08, 0.08] | NaN reward steps so far: 0
Episodes: 20010 | Mean Reward (last 10): 1.733 | Mean Score: 1.759 | Last-10 eps: [0.1, 0.1, 0.08, 0.08, 0.2, 0.08, 0.08, 0.2, 0.15, 0.3] | NaN reward steps so far: 0
Episodes: 20020 | Mean Reward (last 10): 1.657 | Mean Score: 1.679 | Last-10 eps: [0.25, 0.2, 0.25, 0.08, 0.15, 0.3, 0.1, 0.15, 0.15, 0.08] | NaN reward steps so far: 0
Episodes: 20030 | Mean Reward (last 10): 1.822 | Mean Score: 1.849 | Last-10 eps: [0.08, 0.15, 0.1, 0.03, 0.08, 0.15, 0.08, 0.08, 0.15, 0.1] | NaN reward steps so far: 0
Episodes: 20040 | Mean Reward (last 10): 1.773 | Mean Score: 1.792 | Last-10 eps: [0.1, 0.1, 0.1, 0.08, 0.15, 0.1, 0.15, 0.08, 0.08, 0.2] | NaN reward steps so far: 0
Episodes: 20050 | Mean Reward (last 10): 1.834 | Mean Score: 1.851 | Last-10 eps: [0.2, 0.25, 0.05, 0.08, 0.1, 0.1, 0.08, 0.15, 0.08, 0.2] | NaN reward steps so far: 0
Episodes: 20060 | Mean Reward (last 10): 1.744 | Mean Score: 1.769 | Last-10 eps: [0.08, 0.08, 0.08, 0.08, 0.08, 0.15, 0.15, 0.08, 0.2, 0.3] | NaN reward steps so far: 0
Episodes: 20070 | Mean Reward (last 10): 1.648 | Mean Score: 1.670 | Last-10 eps: [0.2, 0.25, 0.25, 0.15, 0.15, 0.15, 0.25, 0.1, 0.2, 0.1] | NaN reward steps so far: 0
Episodes: 20080 | Mean Reward (last 10): 1.614 | Mean Score: 1.635 | Last-10 eps: [0.2, 0.15, 0.15, 0.15, 0.15, 0.1, 0.15, 0.2, 0.1, 0.15] | NaN reward steps so far: 0
Episodes: 20090 | Mean Reward (last 10): 1.713 | Mean Score: 1.736 | Last-10 eps: [0.15, 0.15, 0.08, 0.08, 0.15, 0.1, 0.08, 0.3, 0.1, 0.4] | NaN reward steps so far: 0
Episodes: 20100 | Mean Reward (last 10): 1.724 | Mean Score: 1.744 | Last-10 eps: [0.15, 0.2, 0.15, 0.2, 0.15, 0.15, 0.6, 0.2, 0.1, 0.1] | NaN reward steps so far: 0
Episodes: 20110 | Mean Reward (last 10): 1.729 | Mean Score: 1.751 | Last-10 eps: [0.2, 0.15, 0.15, 0.1, 0.1, 0.08, 0.08, 0.08, 0.15, 0.2] | NaN reward steps so far: 0
Episodes: 20120 | Mean Reward (last 10): 1.735 | Mean Score: 1.758 | Last-10 eps: [0.08, 0.05, 0.1, 0.2, 0.08, 0.08, 0.1, 0.08, 0.08, 0.15] | NaN reward steps so far: 0
Episodes: 20130 | Mean Reward (last 10): 1.560 | Mean Score: 1.586 | Last-10 eps: [0.1, 0.1, 0.15, 0.15, 0.15, 0.1, 0.15, 0.08, 0.15, 0.5] | NaN reward steps so far: 0
Episodes: 20140 | Mean Reward (last 10): 1.733 | Mean Score: 1.758 | Last-10 eps: [0.25, 0.1, 0.1, 0.1, 0.08, 0.15, 0.2, 0.1, 0.08, 0.05] | NaN reward steps so far: 0
Episodes: 20150 | Mean Reward (last 10): 1.688 | Mean Score: 1.714 | Last-10 eps: [0.08, 0.15, 0.1, 0.3, 0.2, 0.08, 0.2, 0.1, 0.08, 0.2] | NaN reward steps so far: 0
Episodes: 20160 | Mean Reward (last 10): 1.646 | Mean Score: 1.671 | Last-10 eps: [0.15, 0.15, 0.15, 0.1, 0.1, 0.1, 0.1, 0.15, 0.08, 0.2] | NaN reward steps so far: 0
Episodes: 20170 | Mean Reward (last 10): 1.672 | Mean Score: 1.704 | Last-10 eps: [0.15, 0.15, 0.08, 0.08, 0.08, 0.2, 0.15, 0.15, 0.2, 0.08] | NaN reward steps so far: 0
Episodes: 20180 | Mean Reward (last 10): 1.625 | Mean Score: 1.650 | Last-10 eps: [0.08, 0.2, 0.15, 0.15, 0.2, 0.1, 0.1, 0.1, 0.08, 0.15] | NaN reward steps so far: 0
Episodes: 20190 | Mean Reward (last 10): 1.736 | Mean Score: 1.756 | Last-10 eps: [0.08, 0.15, 0.2, 0.1, 0.1, 0.2, 0.15, 0.4, 0.15, 0.15] | NaN reward steps so far: 0
Episodes: 20200 | Mean Reward (last 10): 1.790 | Mean Score: 1.807 | Last-10 eps: [0.15, 0.15, 0.1, 0.15, 0.08, 0.15, 0.08, 0.08, 0.15, 0.08] | NaN reward steps so far: 0
Episodes: 20210 | Mean Reward (last 10): 1.800 | Mean Score: 1.820 | Last-10 eps: [0.1, 0.08, 0.15, 0.08, 0.08, 0.08, 0.08, 0.08, 0.2, 0.2] | NaN reward steps so far: 0
Episodes: 20220 | Mean Reward (last 10): 1.711 | Mean Score: 1.731 | Last-10 eps: [0.08, 0.1, 0.08, 0.08, 0.15, 0.15, 0.2, 0.08, 0.15, 0.1] | NaN reward steps so far: 0
Episodes: 20230 | Mean Reward (last 10): 1.702 | Mean Score: 1.729 | Last-10 eps: [0.2, 0.1, 0.1, 0.3, 0.08, 0.08, 0.2, 0.15, 0.4, 0.15] | NaN reward steps so far: 0
Episodes: 20240 | Mean Reward (last 10): 1.751 | Mean Score: 1.775 | Last-10 eps: [0.08, 0.2, 0.1, 0.15, 0.1, 0.08, 0.2, 0.15, 0.2, 0.08] | NaN reward steps so far: 0
Episodes: 20250 | Mean Reward (last 10): 1.720 | Mean Score: 1.745 | Last-10 eps: [0.15, 0.08, 0.1, 0.08, 0.1, 0.15, 0.1, 0.15, 0.1, 0.2] | NaN reward steps so far: 0
Episodes: 20260 | Mean Reward (last 10): 1.795 | Mean Score: 1.817 | Last-10 eps: [0.2, 0.4, 0.15, 0.08, 0.15, 0.2, 0.3, 0.2, 0.15, 0.08] | NaN reward steps so far: 0
Episodes: 20270 | Mean Reward (last 10): 1.644 | Mean Score: 1.672 | Last-10 eps: [0.08, 0.15, 0.05, 0.08, 0.1, 0.1, 0.08, 0.08, 0.25, 0.08] | NaN reward steps so far: 0
Episodes: 20280 | Mean Reward (last 10): 1.776 | Mean Score: 1.802 | Last-10 eps: [0.15, 0.1, 0.1, 0.1, 0.1, 0.25, 0.08, 0.1, 0.2, 0.08] | NaN reward steps so far: 0
Episodes: 20290 | Mean Reward (last 10): 1.619 | Mean Score: 1.643 | Last-10 eps: [0.15, 0.2, 0.2, 0.15, 0.15, 0.15, 0.6, 0.1, 0.2, 0.1] | NaN reward steps so far: 0
Episodes: 20300 | Mean Reward (last 10): 1.689 | Mean Score: 1.714 | Last-10 eps: [0.15, 0.15, 0.08, 0.05, 0.08, 0.2, 0.08, 0.15, 0.1, 0.05] | NaN reward steps so far: 0
Episodes: 20310 | Mean Reward (last 10): 1.692 | Mean Score: 1.720 | Last-10 eps: [0.4, 0.2, 0.08, 0.08, 0.1, 0.2, 0.1, 0.15, 0.15, 0.15] | NaN reward steps so far: 0
Episodes: 20320 | Mean Reward (last 10): 1.707 | Mean Score: 1.734 | Last-10 eps: [0.1, 0.15, 0.2, 0.15, 0.1, 0.1, 0.2, 0.1, 0.1, 0.08] | NaN reward steps so far: 0
Episodes: 20330 | Mean Reward (last 10): 1.512 | Mean Score: 1.538 | Last-10 eps: [0.5, 0.2, 0.08, 0.08, 0.05, 0.1, 0.15, 0.5, 0.1, 0.25] | NaN reward steps so far: 0
Episodes: 20340 | Mean Reward (last 10): 1.637 | Mean Score: 1.663 | Last-10 eps: [0.15, 0.1, 0.15, 0.2, 0.15, 0.08, 0.3, 0.1, 0.1, 0.15] | NaN reward steps so far: 0
Episodes: 20350 | Mean Reward (last 10): 1.588 | Mean Score: 1.612 | Last-10 eps: [0.25, 0.2, 0.15, 0.4, 0.15, 0.08, 0.1, 0.15, 0.25, 0.1] | NaN reward steps so far: 0
Episodes: 20360 | Mean Reward (last 10): 1.732 | Mean Score: 1.751 | Last-10 eps: [0.2, 0.15, 0.25, 0.08, 0.08, 0.08, 0.15, 0.1, 0.15, 0.2] | NaN reward steps so far: 0
Episodes: 20370 | Mean Reward (last 10): 1.688 | Mean Score: 1.710 | Last-10 eps: [0.15, 0.1, 0.08, 0.1, 0.2, 0.1, 0.15, 0.2, 0.15, 0.15] | NaN reward steps so far: 0
Episodes: 20380 | Mean Reward (last 10): 1.738 | Mean Score: 1.765 | Last-10 eps: [0.08, 0.08, 0.15, 0.08, 0.2, 0.08, 0.4, 0.1, 0.08, 0.15] | NaN reward steps so far: 0
Episodes: 20390 | Mean Reward (last 10): 1.666 | Mean Score: 1.686 | Last-10 eps: [0.25, 0.2, 0.1, 0.15, 0.08, 0.15, 0.4, 0.15, 0.1, 0.08] | NaN reward steps so far: 0
Episodes: 20400 | Mean Reward (last 10): 1.714 | Mean Score: 1.740 | Last-10 eps: [0.08, 0.08, 0.15, 0.2, 0.1, 0.15, 0.08, 0.08, 0.15, 0.08] | NaN reward steps so far: 0
Episodes: 20410 | Mean Reward (last 10): 1.733 | Mean Score: 1.757 | Last-10 eps: [0.1, 0.4, 0.08, 0.08, 0.15, 0.15, 0.08, 0.1, 0.15, 0.15] | NaN reward steps so far: 0
Episodes: 20420 | Mean Reward (last 10): 1.798 | Mean Score: 1.815 | Last-10 eps: [0.08, 0.08, 0.1, 0.1, 0.08, 0.08, 0.1, 0.08, 0.08, 0.2] | NaN reward steps so far: 0
Episodes: 20430 | Mean Reward (last 10): 1.453 | Mean Score: 1.478 | Last-10 eps: [0.08, 0.0, 0.25, 0.15, 0.15, 0.1, 0.1, 0.2, 0.08, 0.1] | NaN reward steps so far: 0
Episodes: 20440 | Mean Reward (last 10): 1.686 | Mean Score: 1.709 | Last-10 eps: [0.08, 0.1, 0.1, 0.1, 0.08, 0.1, 0.1, 0.15, 0.2, 0.4] | NaN reward steps so far: 0
Episodes: 20450 | Mean Reward (last 10): 1.742 | Mean Score: 1.767 | Last-10 eps: [0.1, 0.15, 0.08, 0.08, 0.08, 0.15, 0.15, 0.05, 0.15, 0.08] | NaN reward steps so far: 0
Episodes: 20460 | Mean Reward (last 10): 1.737 | Mean Score: 1.760 | Last-10 eps: [0.15, 0.05, 0.08, 0.2, 0.1, 0.1, 0.2, 0.2, 0.15, 0.1] | NaN reward steps so far: 0
Episodes: 20470 | Mean Reward (last 10): 1.657 | Mean Score: 1.678 | Last-10 eps: [0.15, 0.1, 0.25, 0.2, 0.08, 0.08, 0.2, 0.2, 0.2, 0.15] | NaN reward steps so far: 0
Episodes: 20480 | Mean Reward (last 10): 1.696 | Mean Score: 1.718 | Last-10 eps: [0.2, 0.15, 0.1, 0.08, 0.1, 0.08, 0.08, 0.15, 0.15, 0.15] | NaN reward steps so far: 0
Episodes: 20490 | Mean Reward (last 10): 1.651 | Mean Score: 1.668 | Last-10 eps: [0.6, 0.08, 0.15, 0.1, 0.15, 0.08, 0.2, 0.15, 0.08, 0.15] | NaN reward steps so far: 0
Episodes: 20500 | Mean Reward (last 10): 1.581 | Mean Score: 1.602 | Last-10 eps: [0.1, 0.1, 0.1, 0.25, 0.1, 0.1, 0.3, 0.15, 0.15, 0.15] | NaN reward steps so far: 0
Episodes: 20510 | Mean Reward (last 10): 1.824 | Mean Score: 1.843 | Last-10 eps: [0.1, 0.15, 0.15, 0.1, 0.15, 0.08, 0.08, 0.08, 0.08, 0.08] | NaN reward steps so far: 0
Episodes: 20520 | Mean Reward (last 10): 1.797 | Mean Score: 1.819 | Last-10 eps: [0.08, 0.1, 0.1, 0.08, 0.15, 0.08, 0.2, 0.1, 0.15, 0.1] | NaN reward steps so far: 0
Episodes: 20530 | Mean Reward (last 10): 1.764 | Mean Score: 1.792 | Last-10 eps: [0.1, 0.15, 0.08, 0.2, 0.15, 0.08, 0.2, 0.08, 0.1, 0.1] | NaN reward steps so far: 0
----------------------------------------
| rollout/                |            |
|    ep_len_mean          | 2.15       |
|    ep_rew_mean          | 1.72       |
| time/                   |            |
|    fps                  | 2          |
|    iterations           | 24         |
|    time_elapsed         | 24216      |
|    total_timesteps      | 49152      |
| train/                  |            |
|    approx_kl            | 0.01679404 |
|    clip_fraction        | 0.215      |
|    clip_range           | 0.2        |
|    entropy_loss         | -5.1       |
|    explained_variance   | 0.991      |
|    learning_rate        | 0.0003     |
|    loss                 | -0.0864    |
|    n_updates            | 230        |
|    policy_gradient_loss | -0.0387    |
|    value_loss           | 0.0474     |
----------------------------------------
Episodes: 20540 | Mean Reward (last 10): 1.817 | Mean Score: 1.832 | Last-10 eps: [0.05, 0.08, 0.08, 0.1, 0.2, 0.1, 0.08, 0.1, 0.15, 0.05] | NaN reward steps so far: 0
Episodes: 20550 | Mean Reward (last 10): 1.658 | Mean Score: 1.681 | Last-10 eps: [0.1, 0.1, 0.1, 0.1, 0.1, 0.2, 0.08, 0.1, 0.15, 0.2] | NaN reward steps so far: 0
Episodes: 20560 | Mean Reward (last 10): 1.628 | Mean Score: 1.653 | Last-10 eps: [0.1, 0.1, 0.15, 0.1, 0.15, 0.15, 0.15, 0.15, 0.1, 0.25] | NaN reward steps so far: 0
Episodes: 20570 | Mean Reward (last 10): 1.634 | Mean Score: 1.657 | Last-10 eps: [0.15, 0.2, 0.1, 0.15, 0.08, 0.08, 0.15, 0.15, 0.15, 0.25] | NaN reward steps so far: 0
Episodes: 20580 | Mean Reward (last 10): 1.644 | Mean Score: 1.673 | Last-10 eps: [0.15, 0.15, 0.15, 0.08, 0.15, 0.2, 0.1, 0.08, 0.1, 0.1] | NaN reward steps so far: 0
Episodes: 20590 | Mean Reward (last 10): 1.688 | Mean Score: 1.709 | Last-10 eps: [0.2, 0.15, 0.25, 0.1, 0.15, 0.08, 0.08, 0.1, 0.1, 0.15] | NaN reward steps so far: 0
Episodes: 20600 | Mean Reward (last 10): 1.732 | Mean Score: 1.760 | Last-10 eps: [0.08, 0.1, 0.08, 0.15, 0.2, 0.2, 0.08, 0.2, 0.08, 0.08] | NaN reward steps so far: 0
Episodes: 20610 | Mean Reward (last 10): 1.743 | Mean Score: 1.765 | Last-10 eps: [0.15, 0.08, 0.2, 0.15, 0.08, 0.08, 0.15, 0.08, 0.2, 0.2] | NaN reward steps so far: 0
Episodes: 20620 | Mean Reward (last 10): 1.571 | Mean Score: 1.601 | Last-10 eps: [0.2, 0.1, 0.08, 0.15, 0.1, 0.15, 0.15, 0.08, 0.1, 0.1] | NaN reward steps so far: 0
Episodes: 20630 | Mean Reward (last 10): 1.778 | Mean Score: 1.802 | Last-10 eps: [0.05, 0.08, 0.1, 0.1, 0.1, 0.1, 0.2, 0.08, 0.2, 0.1] | NaN reward steps so far: 0
Episodes: 20640 | Mean Reward (last 10): 1.683 | Mean Score: 1.711 | Last-10 eps: [0.15, 0.1, 0.1, 0.08, 0.2, 0.15, 0.2, 0.2, 0.2, 0.1] | NaN reward steps so far: 0
Episodes: 20650 | Mean Reward (last 10): 1.786 | Mean Score: 1.804 | Last-10 eps: [0.25, 0.15, 0.1, 0.2, 0.08, 0.15, 0.15, 0.08, 0.1, 0.15] | NaN reward steps so far: 0
Episodes: 20660 | Mean Reward (last 10): 1.707 | Mean Score: 1.730 | Last-10 eps: [0.15, 0.08, 0.08, 0.1, 0.15, 0.08, 0.08, 0.15, 0.15, 0.15] | NaN reward steps so far: 0
Episodes: 20670 | Mean Reward (last 10): 1.668 | Mean Score: 1.689 | Last-10 eps: [0.1, 0.08, 0.1, 0.2, 0.08, 0.15, 0.1, 0.2, 0.1, 0.25] | NaN reward steps so far: 0
Episodes: 20680 | Mean Reward (last 10): 1.652 | Mean Score: 1.676 | Last-10 eps: [0.08, 0.15, 0.08, 0.08, 0.08, 0.3, 0.08, 0.2, 0.15, 0.15] | NaN reward steps so far: 0
Episodes: 20690 | Mean Reward (last 10): 1.825 | Mean Score: 1.845 | Last-10 eps: [0.2, 0.15, 0.08, 0.1, 0.08, 0.1, 0.15, 0.15, 0.08, 0.08] | NaN reward steps so far: 0
Episodes: 20700 | Mean Reward (last 10): 1.601 | Mean Score: 1.627 | Last-10 eps: [0.15, 0.15, 0.15, 0.1, 0.25, 0.1, 0.08, 0.15, 0.08, 0.15] | NaN reward steps so far: 0
Episodes: 20710 | Mean Reward (last 10): 1.736 | Mean Score: 1.767 | Last-10 eps: [0.08, 0.15, 0.08, 0.6, 0.1, 0.08, 0.1, 0.08, 0.1, 0.1] | NaN reward steps so far: 0
Episodes: 20720 | Mean Reward (last 10): 1.704 | Mean Score: 1.724 | Last-10 eps: [0.05, 0.08, 0.5, 0.08, 0.15, 0.15, 0.2, 0.08, 0.15, 0.5] | NaN reward steps so far: 0
Episodes: 20730 | Mean Reward (last 10): 1.776 | Mean Score: 1.800 | Last-10 eps: [0.08, 0.08, 0.08, 0.08, 0.1, 0.15, 0.08, 0.1, 0.08, 0.08] | NaN reward steps so far: 0
Episodes: 20740 | Mean Reward (last 10): 1.648 | Mean Score: 1.674 | Last-10 eps: [0.08, 0.25, 0.15, 0.1, 0.2, 0.15, 0.3, 0.1, 0.15, 0.15] | NaN reward steps so far: 0
Episodes: 20750 | Mean Reward (last 10): 1.667 | Mean Score: 1.696 | Last-10 eps: [0.08, 0.08, 0.2, 0.15, 0.1, 0.2, 0.08, 0.15, 0.08, 0.2] | NaN reward steps so far: 0
Episodes: 20760 | Mean Reward (last 10): 1.809 | Mean Score: 1.830 | Last-10 eps: [0.15, 0.08, 0.08, 0.08, 0.08, 0.1, 0.08, 0.05, 0.08, 0.5] | NaN reward steps so far: 0
Episodes: 20770 | Mean Reward (last 10): 1.719 | Mean Score: 1.746 | Last-10 eps: [0.15, 0.1, 0.15, 0.15, 0.08, 0.08, 0.08, 0.3, 0.1, 0.08] | NaN reward steps so far: 0
Episodes: 20780 | Mean Reward (last 10): 1.726 | Mean Score: 1.750 | Last-10 eps: [0.2, 0.15, 0.15, 0.1, 0.2, 0.15, 0.1, 0.15, 0.08, 0.08] | NaN reward steps so far: 0
Episodes: 20790 | Mean Reward (last 10): 1.699 | Mean Score: 1.723 | Last-10 eps: [0.08, 0.1, 0.15, 0.08, 0.08, 0.08, 0.08, 0.15, 0.2, 0.15] | NaN reward steps so far: 0
Episodes: 20800 | Mean Reward (last 10): 1.625 | Mean Score: 1.653 | Last-10 eps: [0.08, 0.1, 0.15, 0.15, 0.08, 0.15, 0.1, 0.08, 0.15, 0.15] | NaN reward steps so far: 0
Episodes: 20810 | Mean Reward (last 10): 1.646 | Mean Score: 1.674 | Last-10 eps: [0.15, 0.2, 0.05, 0.08, 0.1, 0.15, 0.1, 0.1, 0.15, 0.1] | NaN reward steps so far: 0
Episodes: 20820 | Mean Reward (last 10): 1.710 | Mean Score: 1.733 | Last-10 eps: [0.2, 0.1, 0.2, 0.2, 0.3, 0.15, 0.08, 0.25, 0.1, 0.15] | NaN reward steps so far: 0
Episodes: 20830 | Mean Reward (last 10): 1.586 | Mean Score: 1.609 | Last-10 eps: [0.15, 0.08, 0.2, 0.15, 0.15, 0.1, 0.15, 0.2, 0.3, 0.25] | NaN reward steps so far: 0
Episodes: 20840 | Mean Reward (last 10): 1.645 | Mean Score: 1.675 | Last-10 eps: [0.15, 0.1, 0.15, 0.25, 0.08, 0.15, 0.2, 0.15, 0.08, 0.08] | NaN reward steps so far: 0
Episodes: 20850 | Mean Reward (last 10): 1.812 | Mean Score: 1.835 | Last-10 eps: [0.15, 0.25, 0.4, 0.08, 0.1, 0.2, 0.3, 0.1, 0.08, 0.2] | NaN reward steps so far: 0
Episodes: 20860 | Mean Reward (last 10): 1.769 | Mean Score: 1.791 | Last-10 eps: [0.1, 0.25, 0.08, 0.08, 0.05, 0.08, 0.25, 0.25, 0.15, 0.08] | NaN reward steps so far: 0
Episodes: 20870 | Mean Reward (last 10): 1.781 | Mean Score: 1.808 | Last-10 eps: [0.15, 0.08, 0.08, 0.1, 0.1, 0.08, 0.2, 0.08, 0.1, 0.08] | NaN reward steps so far: 0
Episodes: 20880 | Mean Reward (last 10): 1.708 | Mean Score: 1.733 | Last-10 eps: [0.1, 0.15, 0.3, 0.3, 0.08, 0.15, 0.3, 0.15, 0.2, 0.1] | NaN reward steps so far: 0
Episodes: 20890 | Mean Reward (last 10): 1.596 | Mean Score: 1.622 | Last-10 eps: [0.15, 0.2, 0.15, 0.15, 0.15, 0.15, 0.15, 0.1, 0.15, 0.08] | NaN reward steps so far: 0
Episodes: 20900 | Mean Reward (last 10): 1.734 | Mean Score: 1.758 | Last-10 eps: [0.15, 0.15, 0.05, 0.1, 0.2, 0.05, 0.1, 0.1, 0.2, 0.15] | NaN reward steps so far: 0
Episodes: 20910 | Mean Reward (last 10): 1.669 | Mean Score: 1.693 | Last-10 eps: [0.15, 0.1, 0.15, 0.2, 0.1, 0.15, 0.1, 0.08, 0.15, 0.2] | NaN reward steps so far: 0
Episodes: 20920 | Mean Reward (last 10): 1.668 | Mean Score: 1.688 | Last-10 eps: [0.1, 0.1, 0.1, 0.08, 0.05, 0.15, 0.08, 0.08, 0.4, 0.2] | NaN reward steps so far: 0
Episodes: 20930 | Mean Reward (last 10): 1.700 | Mean Score: 1.727 | Last-10 eps: [0.15, 0.08, 0.15, 0.05, 0.08, 0.1, 0.05, 0.15, 0.15, 0.08] | NaN reward steps so far: 0
Episodes: 20940 | Mean Reward (last 10): 1.657 | Mean Score: 1.684 | Last-10 eps: [0.15, 0.15, 0.08, 0.2, 0.1, 0.2, 0.08, 0.25, 0.08, 0.15] | NaN reward steps so far: 0
Episodes: 20950 | Mean Reward (last 10): 1.692 | Mean Score: 1.714 | Last-10 eps: [0.1, 0.1, 0.08, 0.08, 0.1, 0.15, 0.08, 0.08, 0.2, 0.08] | NaN reward steps so far: 0
Episodes: 20960 | Mean Reward (last 10): 1.741 | Mean Score: 1.764 | Last-10 eps: [0.2, 0.15, 0.1, 0.1, 0.08, 0.15, 0.4, 0.15, 0.25, 0.2] | NaN reward steps so far: 0
Episodes: 20970 | Mean Reward (last 10): 1.740 | Mean Score: 1.769 | Last-10 eps: [0.08, 0.08, 0.08, 0.15, 0.1, 0.2, 0.1, 0.15, 0.1, 0.08] | NaN reward steps so far: 0
Episodes: 20980 | Mean Reward (last 10): 1.670 | Mean Score: 1.698 | Last-10 eps: [0.15, 0.1, 0.1, 0.2, 0.15, 0.15, 0.15, 0.25, 0.15, 0.08] | NaN reward steps so far: 0
Episodes: 20990 | Mean Reward (last 10): 1.761 | Mean Score: 1.784 | Last-10 eps: [0.1, 0.08, 0.08, 0.08, 0.1, 0.08, 0.08, 0.08, 0.15, 0.15] | NaN reward steps so far: 0
Episodes: 21000 | Mean Reward (last 10): 1.800 | Mean Score: 1.821 | Last-10 eps: [0.08, 0.2, 0.15, 0.2, 0.08, 0.1, 0.15, 0.08, 0.15, 0.08] | NaN reward steps so far: 0
Episodes: 21010 | Mean Reward (last 10): 1.784 | Mean Score: 1.811 | Last-10 eps: [0.15, 0.05, 0.08, 0.15, 0.08, 0.08, 0.2, 0.08, 0.2, 0.08] | NaN reward steps so far: 0
Episodes: 21020 | Mean Reward (last 10): 1.673 | Mean Score: 1.698 | Last-10 eps: [0.08, 0.2, 0.15, 0.25, 0.1, 0.15, 0.25, 0.15, 0.15, 0.1] | NaN reward steps so far: 0
Episodes: 21030 | Mean Reward (last 10): 1.683 | Mean Score: 1.707 | Last-10 eps: [0.1, 0.2, 0.08, 0.1, 0.5, 0.25, 0.15, 0.15, 0.08, 0.08] | NaN reward steps so far: 0
Episodes: 21040 | Mean Reward (last 10): 1.611 | Mean Score: 1.639 | Last-10 eps: [0.15, 0.1, 0.3, 0.15, 0.2, 0.1, 0.08, 0.15, 0.05, 0.15] | NaN reward steps so far: 0
Episodes: 21050 | Mean Reward (last 10): 1.675 | Mean Score: 1.697 | Last-10 eps: [0.1, 0.15, 0.2, 0.15, 0.2, 0.08, 0.08, 0.25, 0.15, 0.2] | NaN reward steps so far: 0
Episodes: 21060 | Mean Reward (last 10): 1.746 | Mean Score: 1.764 | Last-10 eps: [0.05, 0.15, 0.1, 0.08, 0.15, 0.15, 0.25, 0.08, 0.1, 0.15] | NaN reward steps so far: 0
Episodes: 21070 | Mean Reward (last 10): 1.731 | Mean Score: 1.754 | Last-10 eps: [0.2, 0.15, 0.2, 0.08, 0.08, 0.15, 0.05, 0.15, 0.15, 0.15] | NaN reward steps so far: 0
Episodes: 21080 | Mean Reward (last 10): 1.692 | Mean Score: 1.717 | Last-10 eps: [0.15, 0.3, 0.15, 0.1, 0.1, 0.15, 0.08, 0.15, 0.03, 0.15] | NaN reward steps so far: 0
Episodes: 21090 | Mean Reward (last 10): 1.590 | Mean Score: 1.617 | Last-10 eps: [0.15, 0.15, 0.1, 0.2, 0.15, 0.2, 0.1, 0.15, 0.2, 0.1] | NaN reward steps so far: 0
Episodes: 21100 | Mean Reward (last 10): 1.729 | Mean Score: 1.758 | Last-10 eps: [0.1, 0.2, 0.15, 0.15, 0.1, 0.08, 0.08, 0.2, 0.15, 0.15] | NaN reward steps so far: 0
Episodes: 21110 | Mean Reward (last 10): 1.688 | Mean Score: 1.713 | Last-10 eps: [0.15, 0.08, 0.1, 0.08, 0.1, 0.08, 0.1, 0.1, 0.1, 0.15] | NaN reward steps so far: 0
Episodes: 21120 | Mean Reward (last 10): 1.730 | Mean Score: 1.749 | Last-10 eps: [0.2, 0.15, 0.15, 0.25, 0.08, 0.1, 0.08, 0.25, 0.08, 0.08] | NaN reward steps so far: 0
Episodes: 21130 | Mean Reward (last 10): 1.618 | Mean Score: 1.643 | Last-10 eps: [0.15, 0.08, 0.15, 0.15, 0.15, 0.1, 0.15, 0.15, 0.15, 0.15] | NaN reward steps so far: 0
Episodes: 21140 | Mean Reward (last 10): 1.672 | Mean Score: 1.693 | Last-10 eps: [0.1, 0.08, 0.25, 0.1, 0.08, 0.08, 0.1, 0.1, 0.15, 0.25] | NaN reward steps so far: 0
Episodes: 21150 | Mean Reward (last 10): 1.664 | Mean Score: 1.686 | Last-10 eps: [0.1, 0.08, 0.08, 0.15, 0.08, 0.15, 0.08, 0.15, 0.25, 0.15] | NaN reward steps so far: 0
Episodes: 21160 | Mean Reward (last 10): 1.747 | Mean Score: 1.770 | Last-10 eps: [0.1, 0.08, 0.2, 0.15, 0.05, 0.2, 0.15, 0.15, 0.15, 0.2] | NaN reward steps so far: 0
Episodes: 21170 | Mean Reward (last 10): 1.679 | Mean Score: 1.701 | Last-10 eps: [0.08, 0.08, 0.08, 0.08, 0.15, 0.2, 0.15, 0.08, 0.15, 0.2] | NaN reward steps so far: 0
Episodes: 21180 | Mean Reward (last 10): 1.599 | Mean Score: 1.624 | Last-10 eps: [0.15, 0.15, 0.15, 0.1, 0.15, 0.15, 0.15, 0.15, 0.08, 0.15] | NaN reward steps so far: 0
Episodes: 21190 | Mean Reward (last 10): 1.730 | Mean Score: 1.748 | Last-10 eps: [0.05, 0.15, 0.1, 0.25, 0.08, 0.08, 0.15, 0.2, 0.15, 0.25] | NaN reward steps so far: 0
Episodes: 21200 | Mean Reward (last 10): 1.628 | Mean Score: 1.655 | Last-10 eps: [0.15, 0.15, 0.15, 0.2, 0.1, 0.2, 0.15, 0.25, 0.08, 0.08] | NaN reward steps so far: 0
Episodes: 21210 | Mean Reward (last 10): 1.725 | Mean Score: 1.746 | Last-10 eps: [0.2, 0.15, 0.15, 0.2, 0.15, 0.1, 0.1, 0.15, 0.1, 0.1] | NaN reward steps so far: 0
Episodes: 21220 | Mean Reward (last 10): 1.750 | Mean Score: 1.773 | Last-10 eps: [0.08, 0.15, 0.1, 0.08, 0.15, 0.15, 0.2, 0.08, 0.08, 0.15] | NaN reward steps so far: 0
Episodes: 21230 | Mean Reward (last 10): 1.764 | Mean Score: 1.788 | Last-10 eps: [0.1, 0.1, 0.15, 0.4, 0.08, 0.1, 0.15, 0.6, 0.1, 0.2] | NaN reward steps so far: 0
Episodes: 21240 | Mean Reward (last 10): 1.728 | Mean Score: 1.750 | Last-10 eps: [0.15, 0.1, 0.08, 0.1, 0.1, 0.08, 0.6, 0.08, 0.15, 0.08] | NaN reward steps so far: 0
Episodes: 21250 | Mean Reward (last 10): 1.702 | Mean Score: 1.723 | Last-10 eps: [0.15, 0.08, 0.15, 0.08, 0.08, 0.2, 0.08, 0.3, 0.3, 0.08] | NaN reward steps so far: 0
Episodes: 21260 | Mean Reward (last 10): 1.770 | Mean Score: 1.789 | Last-10 eps: [0.08, 0.15, 0.15, 0.1, 0.15, 0.15, 0.08, 0.1, 0.08, 0.08] | NaN reward steps so far: 0
Episodes: 21270 | Mean Reward (last 10): 1.650 | Mean Score: 1.673 | Last-10 eps: [0.25, 0.08, 0.15, 0.05, 0.1, 0.08, 0.1, 0.2, 0.08, 0.1] | NaN reward steps so far: 0
Episodes: 21280 | Mean Reward (last 10): 1.599 | Mean Score: 1.629 | Last-10 eps: [0.15, 0.08, 0.15, 0.15, 0.08, 0.15, 0.1, 0.15, 0.15, 0.2] | NaN reward steps so far: 0
Episodes: 21290 | Mean Reward (last 10): 1.782 | Mean Score: 1.806 | Last-10 eps: [0.08, 0.1, 0.15, 0.1, 0.1, 0.2, 0.08, 0.25, 0.08, 0.15] | NaN reward steps so far: 0
Episodes: 21300 | Mean Reward (last 10): 1.753 | Mean Score: 1.777 | Last-10 eps: [0.08, 0.1, 0.15, 0.15, 0.2, 0.15, 0.1, 0.2, 0.2, 0.08] | NaN reward steps so far: 0
Episodes: 21310 | Mean Reward (last 10): 1.750 | Mean Score: 1.774 | Last-10 eps: [0.15, 0.15, 0.08, 0.2, 0.15, 0.3, 0.1, 0.2, 0.08, 0.1] | NaN reward steps so far: 0
Episodes: 21320 | Mean Reward (last 10): 1.622 | Mean Score: 1.646 | Last-10 eps: [0.15, 0.2, 0.15, 0.08, 0.08, 0.1, 0.08, 0.15, 0.0, 0.08] | NaN reward steps so far: 0
Episodes: 21330 | Mean Reward (last 10): 1.664 | Mean Score: 1.693 | Last-10 eps: [0.15, 0.15, 0.08, 0.15, 0.08, 0.1, 0.08, 0.2, 0.15, 0.1] | NaN reward steps so far: 0
Episodes: 21340 | Mean Reward (last 10): 1.687 | Mean Score: 1.710 | Last-10 eps: [0.15, 0.2, 0.15, 0.25, 0.08, 0.15, 0.15, 0.15, 0.15, 0.1] | NaN reward steps so far: 0
Episodes: 21350 | Mean Reward (last 10): 1.604 | Mean Score: 1.636 | Last-10 eps: [0.08, 0.15, 0.08, 0.6, 0.15, 0.08, 0.2, 0.08, 0.2, 0.15] | NaN reward steps so far: 0
Episodes: 21360 | Mean Reward (last 10): 1.766 | Mean Score: 1.790 | Last-10 eps: [0.1, 0.15, 0.08, 0.15, 0.08, 0.15, 0.08, 0.08, 0.08, 0.1] | NaN reward steps so far: 0
Episodes: 21370 | Mean Reward (last 10): 1.590 | Mean Score: 1.623 | Last-10 eps: [0.08, 0.1, 0.15, 0.2, 0.08, 0.15, 0.15, 0.15, 0.25, 0.08] | NaN reward steps so far: 0
-----------------------------------------
| rollout/                |             |
|    ep_len_mean          | 2.62        |
|    ep_rew_mean          | 1.68        |
| time/                   |             |
|    fps                  | 2           |
|    iterations           | 25          |
|    time_elapsed         | 25172       |
|    total_timesteps      | 51200       |
| train/                  |             |
|    approx_kl            | 0.015777454 |
|    clip_fraction        | 0.178       |
|    clip_range           | 0.2         |
|    entropy_loss         | -4.95       |
|    explained_variance   | 0.989       |
|    learning_rate        | 0.0003      |
|    loss                 | -0.0723     |
|    n_updates            | 240         |
|    policy_gradient_loss | -0.0372     |
|    value_loss           | 0.0683      |
-----------------------------------------
Model saved to C:\Users\sarfo\Downloads\Ransac_material\models\synthetic_ppo_v2.zip
VecNormalize stats saved to C:\Users\sarfo\Downloads\Ransac_material\models\synthetic_ppo_v2_vecnormalize.pkl
Wall-clock: 25173.8s total, 0.5035 s/step (50000 steps)
Unique eps values chosen across all 21377 episodes: [0.0, 0.03, 0.05, 0.08, 0.1, 0.15, 0.2, 0.25, 0.3, 0.4, 0.5, 0.6]
Last 20 episodes' chosen eps: [0.08, 0.08, 0.1, 0.08, 0.1, 0.15, 0.2, 0.08, 0.15, 0.15, 0.15, 0.25, 0.08, 0.08, 0.15, 0.08, 0.15, 0.1, 0.4, 0.15]
Total steps with a NaN reward: 0
