frame_id,epsilon,min_support,normal_threshold,runtime,reward,steps_used,inlier_ratio,plane_normal,residual
000000_lcam_front_lidar.ply/000000_lcam_front_lidar.ply,0.25,200,0.8,0.27786,0.01844,1,0.02774,0.98927,0.29538
000001_lcam_front_lidar.ply/000001_lcam_front_lidar.ply,0.25,200,0.8,0.29797,0.10649,2,0.01434,0.9898,0.03576
000002_lcam_front_lidar.ply/000002_lcam_front_lidar.ply,0.25,200,0.8,0.23383,-0.04782,3,0.01723,0.99626,0.11911
000003_lcam_front_lidar.ply/000003_lcam_front_lidar.ply,0.25,200,0.8,0.25231,-0.10323,4,0.0303,0.98409,0.32806
000004_lcam_front_lidar.ply/000004_lcam_front_lidar.ply,0.25,200,0.8,0.28495,0.12683,5,0.01325,0.99475,0.02349
000005_lcam_front_lidar.ply/000005_lcam_front_lidar.ply,0.25,200,0.8,0.20707,-0.13848,6,0.02808,0.98074,0.30591
000006_lcam_front_lidar.ply/000006_lcam_front_lidar.ply,0.25,200,0.8,0.26459,0.11837,7,0.0133,0.99479,0.02383
000007_lcam_front_lidar.ply/000007_lcam_front_lidar.ply,0.25,200,0.8,0.23034,-0.13319,8,0.02856,0.99126,0.29967
000008_lcam_front_lidar.ply/000008_lcam_front_lidar.ply,0.25,200,0.8,0.21348,-0.02957,9,0.03236,0.98057,0.34319
000009_lcam_front_lidar.ply/000009_lcam_front_lidar.ply,0.25,200,0.8,0.23282,0.17524,10,0.13618,0.99995,0.18617
000010_lcam_front_lidar.ply/000010_lcam_front_lidar.ply,0.25,200,0.8,0.21368,-0.17511,11,0.01251,0.92242,0.24578
000011_lcam_front_lidar.ply/000011_lcam_front_lidar.ply,0.25,200,0.8,0.26327,-0.01023,12,0.02214,0.99518,0.28733
000012_lcam_front_lidar.ply/000012_lcam_front_lidar.ply,0.25,200,0.8,0.23554,0.01801,13,0.03836,0.99453,0.26355
000013_lcam_front_lidar.ply/000013_lcam_front_lidar.ply,0.25,200,0.8,0.233,0.06291,14,0.00575,0.99683,0.0532
000014_lcam_front_lidar.ply/000014_lcam_front_lidar.ply,0.25,200,0.8,0.25354,-0.03586,15,0.01281,0.80241,0.06071
000015_lcam_front_lidar.ply/000015_lcam_front_lidar.ply,0.25,200,0.8,0.20359,-0.05387,16,0.01357,0.9759,0.20203
000016_lcam_front_lidar.ply/000016_lcam_front_lidar.ply,0.25,200,0.8,0.24363,-0.01067,17,0.02155,0.99525,0.22512
000017_lcam_front_lidar.ply/000017_lcam_front_lidar.ply,0.25,200,0.8,0.2124,-0.06684,18,0.02684,0.95711,0.33793
000018_lcam_front_lidar.ply/000018_lcam_front_lidar.ply,0.25,200,0.8,0.20084,0.09725,19,0.01223,0.91188,0.08064
000019_lcam_front_lidar.ply/000019_lcam_front_lidar.ply,0.25,200,0.8,0.21474,-0.04907,20,0.00866,0.96273,0.1669
000020_lcam_front_lidar.ply/000020_lcam_front_lidar.ply,0.25,200,0.8,0.19503,0.05765,21,0.01139,0.98119,0.04261
000021_lcam_front_lidar.ply/000021_lcam_front_lidar.ply,0.25,200,0.8,0.22565,0.04871,22,0.13911,0.99977,0.1862
000022_lcam_front_lidar.ply/000022_lcam_front_lidar.ply,0.25,200,0.8,0.20751,-0.21491,23,0.00886,0.97965,0.3295
000023_lcam_front_lidar.ply/000023_lcam_front_lidar.ply,0.25,200,0.8,0.26067,0.0066,24,0.02912,0.97367,0.33502
000024_lcam_front_lidar.ply/000024_lcam_front_lidar.ply,0.25,200,0.8,0.21058,0.1117,25,0.01134,0.97529,0.05655
000025_lcam_front_lidar.ply/000025_lcam_front_lidar.ply,0.25,200,0.8,0.22776,-0.12988,26,0.02674,0.99266,0.3323
000026_lcam_front_lidar.ply/000026_lcam_front_lidar.ply,0.25,200,0.8,0.24629,0.12917,27,0.00815,0.99581,0.01775
000027_lcam_front_lidar.ply/000027_lcam_front_lidar.ply,0.25,200,0.8,0.23275,-0.03539,28,0.01102,0.96668,0.06551
000028_lcam_front_lidar.ply/000028_lcam_front_lidar.ply,0.25,200,0.8,0.26488,0.01674,29,0.00841,0.99736,0.01603
000029_lcam_front_lidar.ply/000029_lcam_front_lidar.ply,0.25,200,0.8,0.23479,-0.03638,30,0.01136,0.97149,0.06691
000030_lcam_front_lidar.ply/000030_lcam_front_lidar.ply,0.25,200,0.8,0.25292,0.00204,31,0.01038,0.98427,0.0447
000031_lcam_front_lidar.ply/000031_lcam_front_lidar.ply,0.25,200,0.8,0.25731,-0.01618,32,0.0107,0.97249,0.05415
000032_lcam_front_lidar.ply/000032_lcam_front_lidar.ply,0.25,200,0.8,0.24817,0.05987,33,0.14648,0.99982,0.1942
000033_lcam_front_lidar.ply/000033_lcam_front_lidar.ply,0.25,200,0.8,0.22563,-0.08415,34,0.01037,0.97024,0.06139
000034_lcam_front_lidar.ply/000034_lcam_front_lidar.ply,0.25,200,0.8,0.30071,-0.03593,35,0.00518,0.99127,0.10919
000035_lcam_front_lidar.ply/000035_lcam_front_lidar.ply,0.25,200,0.8,0.26174,-0.00159,36,0.00987,0.87104,0.0657
000036_lcam_front_lidar.ply/000036_lcam_front_lidar.ply,0.25,200,0.8,0.25794,0.02588,37,0.00964,0.99175,0.02969
000037_lcam_front_lidar.ply/000037_lcam_front_lidar.ply,0.25,200,0.8,0.30465,-0.01714,38,0.0076,0.95036,0.02748
000038_lcam_front_lidar.ply/000038_lcam_front_lidar.ply,0.25,200,0.8,0.23186,-0.0043,39,0.00987,0.99231,0.03322
000039_lcam_front_lidar.ply/000039_lcam_front_lidar.ply,0.25,200,0.8,0.26298,-0.02102,40,0.00948,0.95743,0.044
000040_lcam_front_lidar.ply/000040_lcam_front_lidar.ply,0.25,200,0.8,0.3427,-0.02306,41,0.00928,0.93183,0.06205
000041_lcam_front_lidar.ply/000041_lcam_front_lidar.ply,0.25,200,0.8,0.27597,-0.00607,42,0.00873,0.95236,0.05924
000042_lcam_front_lidar.ply/000042_lcam_front_lidar.ply,0.25,200,0.8,0.27929,-0.01018,43,0.00907,0.96119,0.06292
000043_lcam_front_lidar.ply/000043_lcam_front_lidar.ply,0.25,200,0.8,0.2548,0.01238,44,0.00897,0.98967,0.0265
000044_lcam_front_lidar.ply/000044_lcam_front_lidar.ply,0.25,200,0.8,0.31897,-0.02857,45,0.00893,0.92774,0.04498
000045_lcam_front_lidar.ply/000045_lcam_front_lidar.ply,0.25,200,0.8,0.32895,0.01552,46,0.00512,0.98599,0.0038
000046_lcam_front_lidar.ply/000046_lcam_front_lidar.ply,0.25,200,0.8,0.27872,-0.02139,47,0.00784,0.97087,0.02746
000047_lcam_front_lidar.ply/000047_lcam_front_lidar.ply,0.25,200,0.8,0.32634,0.00105,48,0.00699,0.99487,0.01087
000048_lcam_front_lidar.ply/000048_lcam_front_lidar.ply,0.25,200,0.8,0.31136,-0.15094,49,0.02406,0.97144,0.31986
000049_lcam_front_lidar.ply/000049_lcam_front_lidar.ply,0.25,200,0.8,0.25255,-0.00836,50,0.00946,0.87996,0.25992
000050_lcam_front_lidar.ply/000050_lcam_front_lidar.ply,0.25,200,0.8,0.31987,0.11255,51,0.00938,0.98886,0.04733
000051_lcam_front_lidar.ply/000051_lcam_front_lidar.ply,0.25,200,0.8,0.31296,-0.0596,52,0.01442,0.83312,0.10989
000052_lcam_front_lidar.ply/000052_lcam_front_lidar.ply,0.25,200,0.8,0.38252,0.0529,53,0.00741,0.98885,0.0168
000053_lcam_front_lidar.ply/000053_lcam_front_lidar.ply,0.25,200,0.8,0.31958,-0.0747,54,0.00725,0.88912,0.11597
000054_lcam_front_lidar.ply/000054_lcam_front_lidar.ply,0.25,200,0.8,0.39135,0.05643,55,0.00777,0.98515,0.01294
000055_lcam_front_lidar.ply/000055_lcam_front_lidar.ply,0.25,200,0.8,0.37712,-0.17804,56,0.01467,0.93523,0.34785
000056_lcam_front_lidar.ply/000056_lcam_front_lidar.ply,0.25,200,0.8,0.29254,0.15466,57,0.00878,0.98584,0.02193
000057_lcam_front_lidar.ply/000057_lcam_front_lidar.ply,0.25,200,0.8,0.29593,-0.12034,58,0.01767,0.83878,0.21626
000058_lcam_front_lidar.ply/000058_lcam_front_lidar.ply,0.25,200,0.8,0.36824,0.07974,59,0.01268,0.95543,0.06179
000059_lcam_front_lidar.ply/000059_lcam_front_lidar.ply,0.25,200,0.8,0.36387,-0.00322,60,0.00966,0.98961,0.05244
000060_lcam_front_lidar.ply/000060_lcam_front_lidar.ply,0.25,200,0.8,0.32167,-0.0104,61,0.00968,0.99041,0.05351
000061_lcam_front_lidar.ply/000061_lcam_front_lidar.ply,0.25,200,0.8,0.29188,0.00369,62,0.0065,0.98285,0.01751
000062_lcam_front_lidar.ply/000062_lcam_front_lidar.ply,0.25,200,0.8,0.35155,-0.04128,63,0.01045,0.97488,0.08558
000063_lcam_front_lidar.ply/000063_lcam_front_lidar.ply,0.25,200,0.8,0.43941,0.01841,64,0.0093,0.99447,0.03233
000064_lcam_front_lidar.ply/000064_lcam_front_lidar.ply,0.25,200,0.8,0.41718,-0.16398,65,0.01306,0.97394,0.34164
000065_lcam_front_lidar.ply/000065_lcam_front_lidar.ply,0.25,200,0.8,0.43771,-0.0279,66,0.00671,0.95282,0.35842
000066_lcam_front_lidar.ply/000066_lcam_front_lidar.ply,0.25,200,0.8,0.39443,0.01496,67,0.0294,0.80592,0.30983
000067_lcam_front_lidar.ply/000067_lcam_front_lidar.ply,0.25,200,0.8,0.45575,0.02392,68,0.02664,0.98531,0.29028
000068_lcam_front_lidar.ply/000068_lcam_front_lidar.ply,0.25,200,0.8,0.36354,0.03421,69,0.01431,0.99576,0.18033
000069_lcam_front_lidar.ply/000069_lcam_front_lidar.ply,0.25,200,0.8,0.37477,-0.09018,70,0.01605,0.88128,0.30984
000070_lcam_front_lidar.ply/000070_lcam_front_lidar.ply,0.25,200,0.8,0.42218,0.11598,71,0.00971,0.95919,0.06858
000071_lcam_front_lidar.ply/000071_lcam_front_lidar.ply,0.25,200,0.8,0.42741,-0.01046,72,0.00962,0.95681,0.0686
000072_lcam_front_lidar.ply/000072_lcam_front_lidar.ply,0.25,200,0.8,0.44231,-0.10521,73,0.018,0.97161,0.28023
000073_lcam_front_lidar.ply/000073_lcam_front_lidar.ply,0.25,200,0.8,0.36419,-0.04782,74,0.02055,0.96322,0.35846
000074_lcam_front_lidar.ply/000074_lcam_front_lidar.ply,0.25,200,0.8,0.43478,0.14366,75,0.00703,0.99102,0.03245
000075_lcam_front_lidar.ply/000075_lcam_front_lidar.ply,0.25,200,0.8,0.43116,-0.01342,76,0.00909,0.99203,0.0437
000076_lcam_front_lidar.ply/000076_lcam_front_lidar.ply,0.25,200,0.8,0.39558,-0.09112,77,0.01616,0.97763,0.21576
000077_lcam_front_lidar.ply/000077_lcam_front_lidar.ply,0.25,200,0.8,0.39602,-0.07182,78,0.02285,0.99794,0.35887
000078_lcam_front_lidar.ply/000078_lcam_front_lidar.ply,0.25,200,0.8,0.4735,0.12983,79,0.00848,0.98535,0.0467
000079_lcam_front_lidar.ply/000079_lcam_front_lidar.ply,0.25,200,0.8,0.47942,-0.16342,80,0.02163,0.98647,0.3802
000080_lcam_front_lidar.ply/000080_lcam_front_lidar.ply,0.25,200,0.8,0.43348,0.02311,81,0.03845,0.83347,0.3017
000081_lcam_front_lidar.ply/000081_lcam_front_lidar.ply,0.25,200,0.8,0.4071,-0.02208,82,0.01833,0.89245,0.30332
000082_lcam_front_lidar.ply/000082_lcam_front_lidar.ply,0.25,200,0.8,0.34354,-0.04013,83,0.023,0.99157,0.40266
000083_lcam_front_lidar.ply/000083_lcam_front_lidar.ply,0.25,200,0.8,0.4138,-0.00625,84,0.02372,0.99011,0.39617
000084_lcam_front_lidar.ply/000084_lcam_front_lidar.ply,0.25,200,0.8,0.36217,0.00821,85,0.03485,0.81364,0.32906
000085_lcam_front_lidar.ply/000085_lcam_front_lidar.ply,0.25,200,0.8,0.50619,0.00122,86,0.04228,0.98188,0.37195
000086_lcam_front_lidar.ply/000086_lcam_front_lidar.ply,0.25,200,0.8,0.44145,0.02826,87,0.01003,0.98185,0.23092
000087_lcam_front_lidar.ply/000087_lcam_front_lidar.ply,0.25,200,0.8,0.41925,-9e-05,88,0.01473,0.94489,0.20942
000088_lcam_front_lidar.ply/000088_lcam_front_lidar.ply,0.25,200,0.8,0.42689,-0.04898,89,0.04852,0.98413,0.36674
000089_lcam_front_lidar.ply/000089_lcam_front_lidar.ply,0.25,200,0.8,0.39219,-0.03897,90,0.01054,0.89513,0.32201
000090_lcam_front_lidar.ply/000090_lcam_front_lidar.ply,0.25,200,0.8,0.45952,0.00282,91,0.02117,0.97008,0.34011
000091_lcam_front_lidar.ply/000091_lcam_front_lidar.ply,0.25,200,0.8,0.40033,0.00663,92,0.04195,0.85242,0.31311
000092_lcam_front_lidar.ply/000092_lcam_front_lidar.ply,0.25,200,0.8,0.39971,-0.01079,93,0.01521,0.98183,0.30003
000093_lcam_front_lidar.ply/000093_lcam_front_lidar.ply,0.25,200,0.8,0.35841,-0.04461,94,0.01714,0.99306,0.37648
000094_lcam_front_lidar.ply/000094_lcam_front_lidar.ply,0.25,200,0.8,0.40469,0.04673,95,0.01577,0.98261,0.25714
000095_lcam_front_lidar.ply/000095_lcam_front_lidar.ply,0.25,200,0.8,0.3141,-0.03923,96,0.01491,0.88224,0.28376
000096_lcam_front_lidar.ply/000096_lcam_front_lidar.ply,0.25,200,0.8,0.3652,0.06001,97,0.01652,0.9813,0.17668
000097_lcam_front_lidar.ply/000097_lcam_front_lidar.ply,0.25,200,0.8,0.36795,-0.00538,98,0.01156,0.97219,0.15479
000098_lcam_front_lidar.ply/000098_lcam_front_lidar.ply,0.25,200,0.8,0.36374,-0.05907,99,0.05524,0.98099,0.34294
000099_lcam_front_lidar.ply/000099_lcam_front_lidar.ply,0.25,200,0.8,0.35885,0.01031,100,0.05607,0.99494,0.30815
000100_lcam_front_lidar.ply/000100_lcam_front_lidar.ply,0.25,200,0.8,0.3138,-0.04242,101,0.0543,0.92039,0.3471
000101_lcam_front_lidar.ply/000101_lcam_front_lidar.ply,0.25,200,0.8,0.32562,0.07557,102,0.01543,0.9895,0.11895
000102_lcam_front_lidar.ply/000102_lcam_front_lidar.ply,0.25,200,0.8,0.38532,-0.10424,103,0.02685,0.97592,0.32618
000103_lcam_front_lidar.ply/000103_lcam_front_lidar.ply,0.25,200,0.8,0.35168,-0.01029,104,0.02622,0.96744,0.32297
000104_lcam_front_lidar.ply/000104_lcam_front_lidar.ply,0.25,200,0.8,0.39391,0.05713,105,0.01448,0.87821,0.13845
000105_lcam_front_lidar.ply/000105_lcam_front_lidar.ply,0.25,200,0.8,0.40045,-0.05881,106,0.01762,0.9712,0.27024
000106_lcam_front_lidar.ply/000106_lcam_front_lidar.ply,0.25,200,0.8,0.36754,-0.01394,107,0.06011,0.87389,0.33392
000107_lcam_front_lidar.ply/000107_lcam_front_lidar.ply,0.25,200,0.8,0.31918,-0.00872,108,0.0208,0.97132,0.28195
000108_lcam_front_lidar.ply/000108_lcam_front_lidar.ply,0.25,200,0.8,0.50749,0.00301,109,0.02104,0.98159,0.25949
000109_lcam_front_lidar.ply/000109_lcam_front_lidar.ply,0.25,200,0.8,0.39699,-0.02832,110,0.02111,0.96137,0.29021
000110_lcam_front_lidar.ply/000110_lcam_front_lidar.ply,0.25,200,0.8,0.38388,0.01583,111,0.01813,0.98736,0.24039
000111_lcam_front_lidar.ply/000111_lcam_front_lidar.ply,0.25,200,0.8,0.38432,-0.04658,112,0.0242,0.97948,0.32332
000112_lcam_front_lidar.ply/000112_lcam_front_lidar.ply,0.25,200,0.8,0.36536,0.02416,113,0.02125,0.98435,0.25055
000113_lcam_front_lidar.ply/000113_lcam_front_lidar.ply,0.25,200,0.8,0.33899,-0.01168,114,0.02454,0.98363,0.26028
000114_lcam_front_lidar.ply/000114_lcam_front_lidar.ply,0.25,200,0.8,0.42111,-0.08204,115,0.00888,0.96688,0.36802
000115_lcam_front_lidar.ply/000115_lcam_front_lidar.ply,0.25,200,0.8,0.3517,0.05044,116,0.01925,0.97292,0.26969
000116_lcam_front_lidar.ply/000116_lcam_front_lidar.ply,0.25,200,0.8,0.42275,-0.01384,117,0.01649,0.97453,0.27233
000117_lcam_front_lidar.ply/000117_lcam_front_lidar.ply,0.25,200,0.8,0.40073,-0.00357,118,0.01777,0.99312,0.2676
000118_lcam_front_lidar.ply/000118_lcam_front_lidar.ply,0.25,200,0.8,0.47821,-0.01771,119,0.02412,0.9441,0.28102
000119_lcam_front_lidar.ply/000119_lcam_front_lidar.ply,0.25,200,0.8,0.3945,-0.01109,120,0.03929,0.99392,0.3285
000120_lcam_front_lidar.ply/000120_lcam_front_lidar.ply,0.25,200,0.8,0.47705,-0.01746,121,0.04904,0.99997,0.36471
000121_lcam_front_lidar.ply/000121_lcam_front_lidar.ply,0.25,200,0.8,0.36355,0.0093,122,0.02206,0.94917,0.25693
000122_lcam_front_lidar.ply/000122_lcam_front_lidar.ply,0.25,200,0.8,0.6925,-0.01355,123,0.02408,0.94372,0.26644
000123_lcam_front_lidar.ply/000123_lcam_front_lidar.ply,0.25,200,0.8,0.55939,-0.02079,124,0.04759,0.98584,0.34767
000124_lcam_front_lidar.ply/000124_lcam_front_lidar.ply,0.25,200,0.8,0.44648,0.03448,125,0.01905,0.99344,0.20392
000125_lcam_front_lidar.ply/000125_lcam_front_lidar.ply,0.25,200,0.8,0.42171,-0.02645,126,0.02722,0.98684,0.25118
000126_lcam_front_lidar.ply/000126_lcam_front_lidar.ply,0.25,200,0.8,0.4558,-0.03589,127,0.01707,0.92745,0.26484
000127_lcam_front_lidar.ply/000127_lcam_front_lidar.ply,0.25,200,0.8,0.43292,-0.00164,128,0.01437,0.95462,0.25088
000128_lcam_front_lidar.ply/000128_lcam_front_lidar.ply,0.25,200,0.8,0.42777,-0.00288,129,0.01619,0.94103,0.23619
000129_lcam_front_lidar.ply/000129_lcam_front_lidar.ply,0.25,200,0.8,0.45475,-0.0064,130,0.04275,0.98404,0.29501
000130_lcam_front_lidar.ply/000130_lcam_front_lidar.ply,0.25,200,0.8,0.34847,-0.02276,131,0.05691,0.96153,0.34209
000131_lcam_front_lidar.ply/000131_lcam_front_lidar.ply,0.25,200,0.8,0.36623,0.0045,132,0.01579,0.88729,0.20859
000132_lcam_front_lidar.ply/000132_lcam_front_lidar.ply,0.25,200,0.8,0.3415,-0.04406,133,0.05832,0.87977,0.35952
000133_lcam_front_lidar.ply/000133_lcam_front_lidar.ply,0.25,200,0.8,0.34359,0.00606,134,0.0352,0.99991,0.3172
000134_lcam_front_lidar.ply/000134_lcam_front_lidar.ply,0.25,200,0.8,0.39596,0.03998,135,0.01628,0.97734,0.17263
000135_lcam_front_lidar.ply/000135_lcam_front_lidar.ply,0.25,200,0.8,0.2962,-0.06819,136,0.05456,0.93237,0.35209
000136_lcam_front_lidar.ply/000136_lcam_front_lidar.ply,0.25,200,0.8,0.27871,-0.00314,137,0.04809,0.95013,0.33076
000137_lcam_front_lidar.ply/000137_lcam_front_lidar.ply,0.25,200,0.8,0.32444,0.02694,138,0.01597,0.87697,0.17069
000138_lcam_front_lidar.ply/000138_lcam_front_lidar.ply,0.25,200,0.8,0.30504,-0.04004,139,0.05024,0.96454,0.32557
000139_lcam_front_lidar.ply/000139_lcam_front_lidar.ply,0.25,200,0.8,0.28802,0.00808,140,0.01915,0.91482,0.21232
000140_lcam_front_lidar.ply/000140_lcam_front_lidar.ply,0.25,200,0.8,0.32086,-0.04054,141,0.05381,0.98238,0.36297
000141_lcam_front_lidar.ply/000141_lcam_front_lidar.ply,0.25,200,0.8,0.31658,0.03771,142,0.0193,0.97706,0.19694
000142_lcam_front_lidar.ply/000142_lcam_front_lidar.ply,0.25,200,0.8,0.29549,-0.05524,143,0.04449,0.99927,0.34447
000143_lcam_front_lidar.ply/000143_lcam_front_lidar.ply,0.25,200,0.8,0.2533,-0.00692,144,0.04932,0.98861,0.34477
000144_lcam_front_lidar.ply/000144_lcam_front_lidar.ply,0.25,200,0.8,0.30889,-0.01733,145,0.04131,0.98888,0.3435
000145_lcam_front_lidar.ply/000145_lcam_front_lidar.ply,0.25,200,0.8,0.24481,-0.01502,146,0.03798,0.9999,0.35019
000146_lcam_front_lidar.ply/000146_lcam_front_lidar.ply,0.25,200,0.8,0.25428,-0.02787,147,0.02847,0.89908,0.33665
000147_lcam_front_lidar.ply/000147_lcam_front_lidar.ply,0.25,200,0.8,0.32254,0.23334,148,0.13987,0.99999,0.10305
000148_lcam_front_lidar.ply/000148_lcam_front_lidar.ply,0.25,200,0.8,0.27483,-0.24512,149,0.03745,0.93468,0.34886
000149_lcam_front_lidar.ply/000149_lcam_front_lidar.ply,0.25,200,0.8,0.27629,0.22919,150,0.14355,0.99997,0.10227
000150_lcam_front_lidar.ply/000150_lcam_front_lidar.ply,0.25,200,0.8,0.29234,-0.11326,151,0.0089,0.98256,0.03426
000151_lcam_front_lidar.ply/000151_lcam_front_lidar.ply,0.25,200,0.8,0.29309,-0.11285,152,0.01722,0.97449,0.25418
000152_lcam_front_lidar.ply/000152_lcam_front_lidar.ply,0.25,200,0.8,0.21251,0.20371,153,0.14868,0.99999,0.09733
000153_lcam_front_lidar.ply/000153_lcam_front_lidar.ply,0.25,200,0.8,0.27506,-0.2268,154,0.0192,0.97335,0.26397
000154_lcam_front_lidar.ply/000154_lcam_front_lidar.ply,0.25,200,0.8,0.25886,0.10861,155,0.00359,0.99867,0.00312
000155_lcam_front_lidar.ply/000155_lcam_front_lidar.ply,0.25,200,0.8,0.23391,0.07909,156,0.14085,0.99998,0.09986
000156_lcam_front_lidar.ply/000156_lcam_front_lidar.ply,0.25,200,0.8,0.30098,-0.11155,157,0.00898,0.98317,0.03418
000157_lcam_front_lidar.ply/000157_lcam_front_lidar.ply,0.25,200,0.8,0.20984,0.09829,158,0.14657,0.99998,0.09782
000158_lcam_front_lidar.ply/000158_lcam_front_lidar.ply,0.25,200,0.8,0.23553,-0.24998,159,0.01993,0.99245,0.32222
000159_lcam_front_lidar.ply/000159_lcam_front_lidar.ply,0.25,200,0.8,0.23559,0.03464,160,0.01307,0.88281,0.18633
000160_lcam_front_lidar.ply/000160_lcam_front_lidar.ply,0.25,200,0.8,0.24865,0.17784,161,0.14223,0.99997,0.10412
000161_lcam_front_lidar.ply/000161_lcam_front_lidar.ply,0.25,200,0.8,0.27696,-0.00361,162,0.14522,0.99998,0.09733
000162_lcam_front_lidar.ply/000162_lcam_front_lidar.ply,0.25,200,0.8,0.23253,-0.01575,163,0.14321,0.99998,0.10481
000163_lcam_front_lidar.ply/000163_lcam_front_lidar.ply,0.25,200,0.8,0.24405,-0.11273,164,0.00879,0.99046,0.03855
000164_lcam_front_lidar.ply/000164_lcam_front_lidar.ply,0.25,200,0.8,0.26528,-0.09282,165,0.01035,0.87017,0.17123
000165_lcam_front_lidar.ply/000165_lcam_front_lidar.ply,0.25,200,0.8,0.24015,0.07743,166,0.00841,0.9779,0.0248
000166_lcam_front_lidar.ply/000166_lcam_front_lidar.ply,0.25,200,0.8,0.24368,-0.14908,167,0.00864,0.89182,0.2776
000167_lcam_front_lidar.ply/000167_lcam_front_lidar.ply,0.25,200,0.8,0.22235,0.23115,168,0.14553,0.99998,0.1015
000168_lcam_front_lidar.ply/000168_lcam_front_lidar.ply,0.25,200,0.8,0.22394,-0.19825,169,0.01373,0.87961,0.17831
000169_lcam_front_lidar.ply/000169_lcam_front_lidar.ply,0.25,200,0.8,0.289,0.07559,170,0.00841,0.98315,0.02754
000170_lcam_front_lidar.ply/000170_lcam_front_lidar.ply,0.25,200,0.8,0.21725,-0.14943,171,0.01506,0.97547,0.3174
000171_lcam_front_lidar.ply/000171_lcam_front_lidar.ply,0.25,200,0.8,0.21677,0.22968,172,0.14482,0.99997,0.10491
000172_lcam_front_lidar.ply/000172_lcam_front_lidar.ply,0.25,200,0.8,0.28095,-0.25384,173,0.01736,0.84514,0.29123
000173_lcam_front_lidar.ply/000173_lcam_front_lidar.ply,0.25,200,0.8,0.23662,0.04179,174,0.01223,0.98476,0.21926
000174_lcam_front_lidar.ply/000174_lcam_front_lidar.ply,0.25,200,0.8,0.25706,0.18333,175,0.14051,0.99999,0.09374
000175_lcam_front_lidar.ply/000175_lcam_front_lidar.ply,0.25,200,0.8,0.22043,-0.00825,176,0.14544,0.99999,0.10012
000176_lcam_front_lidar.ply/000176_lcam_front_lidar.ply,0.25,200,0.8,0.23774,-0.24563,177,0.01916,0.94295,0.30171
000177_lcam_front_lidar.ply/000177_lcam_front_lidar.ply,0.25,200,0.8,0.23648,0.22584,178,0.15449,0.99997,0.11779
000178_lcam_front_lidar.ply/000178_lcam_front_lidar.ply,0.25,200,0.8,0.22731,-0.0117,179,0.14595,0.99997,0.1041
000179_lcam_front_lidar.ply/000179_lcam_front_lidar.ply,0.25,200,0.8,0.25818,-0.00734,180,0.15225,1.0,0.11138
000180_lcam_front_lidar.ply/000180_lcam_front_lidar.ply,0.25,200,0.8,0.24678,-0.1153,181,0.00774,0.97195,0.02455
000181_lcam_front_lidar.ply/000181_lcam_front_lidar.ply,0.25,200,0.8,0.20451,0.09505,182,0.15032,0.99995,0.10801
000182_lcam_front_lidar.ply/000182_lcam_front_lidar.ply,0.25,200,0.8,0.26882,-0.20577,183,0.01321,0.89517,0.19388
000183_lcam_front_lidar.ply/000183_lcam_front_lidar.ply,0.25,200,0.8,0.22092,0.17775,184,0.13865,0.99996,0.10071
000184_lcam_front_lidar.ply/000184_lcam_front_lidar.ply,0.25,200,0.8,0.30412,-0.00287,185,0.15396,0.99994,0.11707
000185_lcam_front_lidar.ply/000185_lcam_front_lidar.ply,0.25,200,0.8,0.25427,-0.21704,186,0.01168,0.83877,0.19823
000186_lcam_front_lidar.ply/000186_lcam_front_lidar.ply,0.25,200,0.8,0.32875,0.09349,187,0.01043,0.92024,0.01318
000187_lcam_front_lidar.ply/000187_lcam_front_lidar.ply,0.25,200,0.8,0.30644,-0.0101,188,0.01041,0.92079,0.01352
000188_lcam_front_lidar.ply/000188_lcam_front_lidar.ply,0.25,200,0.8,0.30787,-0.00967,189,0.01113,0.92087,0.01433
000189_lcam_front_lidar.ply/000189_lcam_front_lidar.ply,0.25,200,0.8,0.2415,-0.16341,190,0.02152,0.82758,0.31393
000190_lcam_front_lidar.ply/000190_lcam_front_lidar.ply,0.25,200,0.8,0.27578,0.14241,191,0.01052,0.92046,0.01497
000191_lcam_front_lidar.ply/000191_lcam_front_lidar.ply,0.25,200,0.8,0.22341,-0.15464,192,0.0196,0.83414,0.29653
000192_lcam_front_lidar.ply/000192_lcam_front_lidar.ply,0.25,200,0.8,0.25005,0.13552,193,0.01129,0.92363,0.0157
000193_lcam_front_lidar.ply/000193_lcam_front_lidar.ply,0.25,200,0.8,0.21498,0.0835,194,0.16393,0.99975,0.15684
000194_lcam_front_lidar.ply/000194_lcam_front_lidar.ply,0.25,200,0.8,0.24578,-0.10329,195,0.01246,0.92149,0.01698
000195_lcam_front_lidar.ply/000195_lcam_front_lidar.ply,0.25,200,0.8,0.21798,-0.00956,196,0.01321,0.92089,0.01742
000196_lcam_front_lidar.ply/000196_lcam_front_lidar.ply,0.25,200,0.8,0.23043,-0.00987,197,0.01288,0.92269,0.01704
000197_lcam_front_lidar.ply/000197_lcam_front_lidar.ply,0.25,200,0.8,0.39252,-0.00987,198,0.01325,0.9233,0.01771
000198_lcam_front_lidar.ply/000198_lcam_front_lidar.ply,0.25,200,0.8,0.25346,-0.00989,199,0.01365,0.92285,0.01815
000199_lcam_front_lidar.ply/000199_lcam_front_lidar.ply,0.25,200,0.8,0.2238,-0.12296,200,0.01788,0.9505,0.26082
000200_lcam_front_lidar.ply/000200_lcam_front_lidar.ply,0.25,200,0.8,0.27408,0.10235,201,0.01366,0.91844,0.01806
000201_lcam_front_lidar.ply/000201_lcam_front_lidar.ply,0.25,200,0.8,0.23874,-0.01905,202,0.01109,0.99419,0.05375
000202_lcam_front_lidar.ply/000202_lcam_front_lidar.ply,0.25,200,0.8,0.34009,0.07901,203,0.14535,0.99992,0.14597
000203_lcam_front_lidar.ply/000203_lcam_front_lidar.ply,0.25,200,0.8,0.24644,-0.09112,204,0.01305,0.91634,0.01853
000204_lcam_front_lidar.ply/000204_lcam_front_lidar.ply,0.25,200,0.8,0.32929,-0.02013,205,0.01102,0.99331,0.05783
000205_lcam_front_lidar.ply/000205_lcam_front_lidar.ply,0.25,200,0.8,0.26695,-0.12199,206,0.02374,0.98464,0.30464
000206_lcam_front_lidar.ply/000206_lcam_front_lidar.ply,0.25,200,0.8,0.25487,0.10403,207,0.01097,0.9937,0.05375
000207_lcam_front_lidar.ply/000207_lcam_front_lidar.ply,0.25,200,0.8,0.33596,-0.0093,208,0.01131,0.99357,0.053
000208_lcam_front_lidar.ply/000208_lcam_front_lidar.ply,0.25,200,0.8,0.22671,-0.00851,209,0.01148,0.99496,0.05076
000209_lcam_front_lidar.ply/000209_lcam_front_lidar.ply,0.25,200,0.8,0.23888,-0.00969,210,0.01138,0.996,0.05025
000210_lcam_front_lidar.ply/000210_lcam_front_lidar.ply,0.25,200,0.8,0.25535,-0.01094,211,0.01187,0.99641,0.05324
000211_lcam_front_lidar.ply/000211_lcam_front_lidar.ply,0.25,200,0.8,0.27571,-0.00866,212,0.0114,0.99674,0.04971
000212_lcam_front_lidar.ply/000212_lcam_front_lidar.ply,0.25,200,0.8,0.2627,-0.01128,213,0.01193,0.9965,0.05326
000213_lcam_front_lidar.ply/000213_lcam_front_lidar.ply,0.25,200,0.8,0.25056,-0.00905,214,0.01212,0.99646,0.05172
000214_lcam_front_lidar.ply/000214_lcam_front_lidar.ply,0.25,200,0.8,0.27835,-0.01086,215,0.01169,0.99722,0.05281
000215_lcam_front_lidar.ply/000215_lcam_front_lidar.ply,0.25,200,0.8,0.29366,-0.01093,216,0.01158,0.99664,0.05426
000216_lcam_front_lidar.ply/000216_lcam_front_lidar.ply,0.25,200,0.8,0.24302,-0.00837,217,0.01218,0.99657,0.05219
000217_lcam_front_lidar.ply/000217_lcam_front_lidar.ply,0.25,200,0.8,0.27696,-0.00933,218,0.01196,0.99647,0.05037
000218_lcam_front_lidar.ply/000218_lcam_front_lidar.ply,0.25,200,0.8,0.2501,-0.01235,219,0.01166,0.99536,0.05414
000219_lcam_front_lidar.ply/000219_lcam_front_lidar.ply,0.25,200,0.8,0.25167,-0.01036,220,0.01182,0.99578,0.05529
000220_lcam_front_lidar.ply/000220_lcam_front_lidar.ply,0.25,200,0.8,0.25912,-0.00299,221,0.00967,0.98737,0.03445
000221_lcam_front_lidar.ply/000221_lcam_front_lidar.ply,0.25,200,0.8,0.22165,-0.00991,222,0.00962,0.98728,0.03414
000222_lcam_front_lidar.ply/000222_lcam_front_lidar.ply,0.25,200,0.8,0.23186,-0.11373,223,0.02263,0.95694,0.25851
000223_lcam_front_lidar.ply/000223_lcam_front_lidar.ply,0.25,200,0.8,0.26683,0.09389,224,0.00997,0.98899,0.03504
000224_lcam_front_lidar.ply/000224_lcam_front_lidar.ply,0.25,200,0.8,0.30307,0.00207,225,0.00515,0.99906,0.00428
000225_lcam_front_lidar.ply/000225_lcam_front_lidar.ply,0.25,200,0.8,0.25628,-0.02193,226,0.00975,0.98784,0.03396
000226_lcam_front_lidar.ply/000226_lcam_front_lidar.ply,0.25,200,0.8,0.22741,-0.01016,227,0.00973,0.98795,0.03428
000227_lcam_front_lidar.ply/000227_lcam_front_lidar.ply,0.25,200,0.8,0.27553,-0.05164,228,0.01726,0.82643,0.08417
000228_lcam_front_lidar.ply/000228_lcam_front_lidar.ply,0.25,200,0.8,0.23415,0.0329,229,0.00932,0.98975,0.03148
000229_lcam_front_lidar.ply/000229_lcam_front_lidar.ply,0.25,200,0.8,0.23704,-0.0158,230,0.01099,0.99265,0.0473
000230_lcam_front_lidar.ply/000230_lcam_front_lidar.ply,0.25,200,0.8,0.2227,-0.0045,231,0.00913,0.98712,0.03093
000231_lcam_front_lidar.ply/000231_lcam_front_lidar.ply,0.25,200,0.8,0.19798,-0.15173,232,0.03304,0.81285,0.30991
000232_lcam_front_lidar.ply/000232_lcam_front_lidar.ply,0.25,200,0.8,0.23929,0.13204,233,0.0094,0.98543,0.03033
000233_lcam_front_lidar.ply/000233_lcam_front_lidar.ply,0.25,200,0.8,0.18095,0.05606,234,0.14938,0.99957,0.18243
000234_lcam_front_lidar.ply/000234_lcam_front_lidar.ply,0.25,200,0.8,0.19095,-0.00019,235,0.14295,0.99982,0.15002
000235_lcam_front_lidar.ply/000235_lcam_front_lidar.ply,0.25,200,0.8,0.18022,-0.13786,236,0.01694,0.80272,0.09461
000236_lcam_front_lidar.ply/000236_lcam_front_lidar.ply,0.25,200,0.8,0.2033,0.03711,237,0.01141,0.99314,0.04644
000237_lcam_front_lidar.ply/000237_lcam_front_lidar.ply,0.25,200,0.8,0.1884,-0.00888,238,0.01006,0.9902,0.04063
000238_lcam_front_lidar.ply/000238_lcam_front_lidar.ply,0.25,200,0.8,0.2597,-0.00458,239,0.0085,0.98553,0.02529
000239_lcam_front_lidar.ply/000239_lcam_front_lidar.ply,0.25,200,0.8,0.19884,-0.01645,240,0.01044,0.99033,0.04349
000240_lcam_front_lidar.ply/000240_lcam_front_lidar.ply,0.25,200,0.8,0.25134,-0.00998,241,0.0112,0.99121,0.04524
000241_lcam_front_lidar.ply/000241_lcam_front_lidar.ply,0.25,200,0.8,0.20523,-0.13116,242,0.02437,0.91439,0.29086
000242_lcam_front_lidar.ply/000242_lcam_front_lidar.ply,0.25,200,0.8,0.30842,0.10919,243,0.01064,0.99309,0.04863
000243_lcam_front_lidar.ply/000243_lcam_front_lidar.ply,0.25,200,0.8,0.20145,-0.047,244,0.01568,0.83265,0.08458
000244_lcam_front_lidar.ply/000244_lcam_front_lidar.ply,0.25,200,0.8,0.27203,0.02967,245,0.00973,0.99479,0.04199
000245_lcam_front_lidar.ply/000245_lcam_front_lidar.ply,0.25,200,0.8,0.21458,-0.00944,246,0.00994,0.99252,0.04061
000246_lcam_front_lidar.ply/000246_lcam_front_lidar.ply,0.25,200,0.8,0.23386,-0.01098,247,0.01051,0.99357,0.04402
000247_lcam_front_lidar.ply/000247_lcam_front_lidar.ply,0.25,200,0.8,0.20018,-0.04383,248,0.01567,0.83722,0.07509
000248_lcam_front_lidar.ply/000248_lcam_front_lidar.ply,0.25,200,0.8,0.19868,0.02207,249,0.01265,0.90311,0.02469
000249_lcam_front_lidar.ply/000249_lcam_front_lidar.ply,0.25,200,0.8,0.22251,-0.00729,250,0.00996,0.99402,0.04115
000250_lcam_front_lidar.ply/000250_lcam_front_lidar.ply,0.25,200,0.8,0.2484,-0.01037,251,0.00991,0.99286,0.04144
000251_lcam_front_lidar.ply/000251_lcam_front_lidar.ply,0.25,200,0.8,0.35506,-0.00976,252,0.01013,0.99378,0.04167
000252_lcam_front_lidar.ply/000252_lcam_front_lidar.ply,0.25,200,0.8,0.22796,-0.00935,253,0.00999,0.99375,0.04009
000253_lcam_front_lidar.ply/000253_lcam_front_lidar.ply,0.25,200,0.8,0.27558,-0.00969,254,0.01045,0.99355,0.04032
000254_lcam_front_lidar.ply/000254_lcam_front_lidar.ply,0.25,200,0.8,0.25086,-0.01059,255,0.01014,0.99358,0.0409
000255_lcam_front_lidar.ply/000255_lcam_front_lidar.ply,0.25,200,0.8,0.21107,-0.01018,256,0.00962,0.99345,0.04018
000256_lcam_front_lidar.ply/000256_lcam_front_lidar.ply,0.25,200,0.8,0.27959,-0.01006,257,0.01005,0.99347,0.04116
000257_lcam_front_lidar.ply/000257_lcam_front_lidar.ply,0.25,200,0.8,0.27116,-0.02631,258,0.01606,0.86682,0.04781
000258_lcam_front_lidar.ply/000258_lcam_front_lidar.ply,0.25,200,0.8,0.28371,-0.00918,259,0.01432,0.87091,0.04393
000259_lcam_front_lidar.ply/000259_lcam_front_lidar.ply,0.25,200,0.8,0.27889,0.006,260,0.0095,0.99298,0.0389
000260_lcam_front_lidar.ply/000260_lcam_front_lidar.ply,0.25,200,0.8,0.27322,-0.00967,261,0.0095,0.99307,0.03827
000261_lcam_front_lidar.ply/000261_lcam_front_lidar.ply,0.25,200,0.8,0.30842,-0.14116,262,0.04233,0.85293,0.32421
000262_lcam_front_lidar.ply/000262_lcam_front_lidar.ply,0.25,200,0.8,0.23743,0.21122,263,0.1419,0.99997,0.12501
000263_lcam_front_lidar.ply/000263_lcam_front_lidar.ply,0.25,200,0.8,0.24894,-0.22265,264,0.02269,0.89534,0.28051
000264_lcam_front_lidar.ply/000264_lcam_front_lidar.ply,0.25,200,0.8,0.27604,-0.02703,265,0.03641,0.88547,0.33904
000265_lcam_front_lidar.ply/000265_lcam_front_lidar.ply,0.25,200,0.8,0.26974,0.12854,266,0.00934,0.99162,0.03966
000266_lcam_front_lidar.ply/000266_lcam_front_lidar.ply,0.25,200,0.8,0.26451,-0.14263,267,0.02604,0.8762,0.3037
000267_lcam_front_lidar.ply/000267_lcam_front_lidar.ply,0.25,200,0.8,0.23375,0.0798,268,0.0127,0.81162,0.07806
000268_lcam_front_lidar.ply/000268_lcam_front_lidar.ply,0.25,200,0.8,0.24393,-0.08904,269,0.01811,0.95395,0.28964
000269_lcam_front_lidar.ply/000269_lcam_front_lidar.ply,0.25,200,0.8,0.23549,0.04309,270,0.00878,0.92383,0.15577
000270_lcam_front_lidar.ply/000270_lcam_front_lidar.ply,0.25,200,0.8,0.23834,0.03219,271,0.01102,0.84698,0.05283
000271_lcam_front_lidar.ply/000271_lcam_front_lidar.ply,0.25,200,0.8,0.28787,0.02408,272,0.00882,0.99292,0.02403
000272_lcam_front_lidar.ply/000272_lcam_front_lidar.ply,0.25,200,0.8,0.25036,-0.15623,273,0.01963,0.96621,0.33011
000273_lcam_front_lidar.ply/000273_lcam_front_lidar.ply,0.25,200,0.8,0.33065,0.02673,274,0.00952,0.9719,0.23815
000274_lcam_front_lidar.ply/000274_lcam_front_lidar.ply,0.25,200,0.8,0.28227,0.10615,275,0.00458,0.99822,0.00387
000275_lcam_front_lidar.ply/000275_lcam_front_lidar.ply,0.25,200,0.8,0.24209,-0.12445,276,0.01789,0.86855,0.22049
000276_lcam_front_lidar.ply/000276_lcam_front_lidar.ply,0.25,200,0.8,0.2632,0.07062,277,0.00834,0.99049,0.07674
000277_lcam_front_lidar.ply/000277_lcam_front_lidar.ply,0.25,200,0.8,0.34649,-0.08228,278,0.03123,0.98395,0.26511
000278_lcam_front_lidar.ply/000278_lcam_front_lidar.ply,0.25,200,0.8,0.2906,0.09402,279,0.00839,0.99764,0.0155
000279_lcam_front_lidar.ply/000279_lcam_front_lidar.ply,0.25,200,0.8,0.3004,-0.01347,280,0.00833,0.99424,0.02131
000280_lcam_front_lidar.ply/000280_lcam_front_lidar.ply,0.25,200,0.8,0.30146,-0.01272,281,0.00841,0.99539,0.02724
000281_lcam_front_lidar.ply/000281_lcam_front_lidar.ply,0.25,200,0.8,0.2949,-0.14889,282,0.02775,0.86091,0.30335
000282_lcam_front_lidar.ply/000282_lcam_front_lidar.ply,0.25,200,0.8,0.28092,0.13466,283,0.00474,0.99461,0.00814
000283_lcam_front_lidar.ply/000283_lcam_front_lidar.ply,0.25,200,0.8,0.25152,-0.0164,284,0.00898,0.99583,0.02978
000284_lcam_front_lidar.ply/000284_lcam_front_lidar.ply,0.25,200,0.8,0.30654,-0.00016,285,0.00945,0.99898,0.01197
000285_lcam_front_lidar.ply/000285_lcam_front_lidar.ply,0.25,200,0.8,0.25927,-0.0231,286,0.00878,0.9971,0.03626
000286_lcam_front_lidar.ply/000286_lcam_front_lidar.ply,0.25,200,0.8,0.26282,-0.00945,287,0.00911,0.99427,0.03498
000287_lcam_front_lidar.ply/000287_lcam_front_lidar.ply,0.25,200,0.8,0.29813,-0.01032,288,0.00924,0.99409,0.03581
000288_lcam_front_lidar.ply/000288_lcam_front_lidar.ply,0.25,200,0.8,0.26356,-0.01083,289,0.00916,0.99069,0.03631
000289_lcam_front_lidar.ply/000289_lcam_front_lidar.ply,0.25,200,0.8,0.27474,-0.01132,290,0.00924,0.98854,0.03845
000290_lcam_front_lidar.ply/000290_lcam_front_lidar.ply,0.25,200,0.8,0.351,-0.01066,291,0.00942,0.98289,0.03845
000291_lcam_front_lidar.ply/000291_lcam_front_lidar.ply,0.25,200,0.8,0.25374,-0.08619,292,0.02932,0.9325,0.21551
000292_lcam_front_lidar.ply/000292_lcam_front_lidar.ply,0.25,200,0.8,0.32946,0.06729,293,0.00916,0.98754,0.03711
000293_lcam_front_lidar.ply/000293_lcam_front_lidar.ply,0.25,200,0.8,0.31524,-0.08698,294,0.03052,0.99634,0.23643
000294_lcam_front_lidar.ply/000294_lcam_front_lidar.ply,0.25,200,0.8,0.32227,0.06769,295,0.00927,0.99074,0.03687
000295_lcam_front_lidar.ply/000295_lcam_front_lidar.ply,0.25,200,0.8,0.27884,-0.01083,296,0.00942,0.98649,0.03754
000296_lcam_front_lidar.ply/000296_lcam_front_lidar.ply,0.25,200,0.8,0.30372,-0.00993,297,0.00912,0.9874,0.03708
000297_lcam_front_lidar.ply/000297_lcam_front_lidar.ply,0.25,200,0.8,0.40146,-0.00938,298,0.0092,0.98818,0.03623
000298_lcam_front_lidar.ply/000298_lcam_front_lidar.ply,0.25,200,0.8,0.33406,-0.08223,299,0.03238,0.86799,0.19099
000299_lcam_front_lidar.ply/000299_lcam_front_lidar.ply,0.25,200,0.8,0.35111,0.06068,300,0.00874,0.98598,0.03775
000300_lcam_front_lidar.ply/000300_lcam_front_lidar.ply,0.25,200,0.8,0.45559,-0.14079,301,0.0131,0.88093,0.27652
000301_lcam_front_lidar.ply/000301_lcam_front_lidar.ply,0.25,200,0.8,0.34293,0.1204,302,0.00792,0.98499,0.03658
000302_lcam_front_lidar.ply/000302_lcam_front_lidar.ply,0.25,200,0.8,0.29012,-0.14098,303,0.03116,0.97795,0.3429
000303_lcam_front_lidar.ply/000303_lcam_front_lidar.ply,0.25,200,0.8,0.29968,-0.02622,304,0.0136,0.99734,0.34605
000304_lcam_front_lidar.ply/000304_lcam_front_lidar.ply,0.25,200,0.8,0.32451,0.07366,305,0.03338,0.81085,0.16235
000305_lcam_front_lidar.ply/000305_lcam_front_lidar.ply,0.25,200,0.8,0.29167,-0.09286,306,0.02828,0.93946,0.35645
000306_lcam_front_lidar.ply/000306_lcam_front_lidar.ply,0.25,200,0.8,0.3161,0.00634,307,0.04297,0.97409,0.36353
000307_lcam_front_lidar.ply/000307_lcam_front_lidar.ply,0.25,200,0.8,0.30193,0.13117,308,0.00035,0.98772,4e-05
000308_lcam_front_lidar.ply/000308_lcam_front_lidar.ply,0.25,200,0.8,0.3263,-0.14661,309,0.04067,0.95741,0.34481
000309_lcam_front_lidar.ply/000309_lcam_front_lidar.ply,0.25,200,0.8,0.32032,-0.02964,310,0.0455,0.98932,0.40332
000310_lcam_front_lidar.ply/000310_lcam_front_lidar.ply,0.25,200,0.8,0.34274,0.00195,311,0.04124,0.99087,0.37137
000311_lcam_front_lidar.ply/000311_lcam_front_lidar.ply,0.25,200,0.8,0.31164,0.00244,312,0.03455,0.94758,0.32014
000312_lcam_front_lidar.ply/000312_lcam_front_lidar.ply,0.25,200,0.8,0.26527,-0.00326,313,0.03783,0.97238,0.32065
000313_lcam_front_lidar.ply/000313_lcam_front_lidar.ply,0.25,200,0.8,0.29472,-0.02637,314,0.04573,0.94544,0.36111
000314_lcam_front_lidar.ply/000314_lcam_front_lidar.ply,0.25,200,0.8,0.29455,0.0637,315,0.03764,0.85879,0.17154
000315_lcam_front_lidar.ply/000315_lcam_front_lidar.ply,0.25,200,0.8,0.25163,-0.09136,316,0.01293,0.85448,0.28355
000316_lcam_front_lidar.ply/000316_lcam_front_lidar.ply,0.25,200,0.8,0.30045,0.01397,317,0.03409,0.97955,0.31545
000317_lcam_front_lidar.ply/000317_lcam_front_lidar.ply,0.25,200,0.8,0.32356,-0.0133,318,0.04111,0.93536,0.32284
000318_lcam_front_lidar.ply/000318_lcam_front_lidar.ply,0.25,200,0.8,0.30464,-0.01502,319,0.06093,0.87928,0.35569
000319_lcam_front_lidar.ply/000319_lcam_front_lidar.ply,0.25,200,0.8,0.34246,-0.01558,320,0.03828,0.97233,0.34947
000320_lcam_front_lidar.ply/000320_lcam_front_lidar.ply,0.25,200,0.8,0.30757,-0.015,321,0.05655,0.90832,0.37681
000321_lcam_front_lidar.ply/000321_lcam_front_lidar.ply,0.25,200,0.8,0.28451,-0.00312,322,0.05697,0.87654,0.35435
000322_lcam_front_lidar.ply/000322_lcam_front_lidar.ply,0.25,200,0.8,0.40029,-0.00055,323,0.03932,0.9777,0.33048
000323_lcam_front_lidar.ply/000323_lcam_front_lidar.ply,0.25,200,0.8,0.3178,-0.03198,324,0.04448,0.89743,0.36069
000324_lcam_front_lidar.ply/000324_lcam_front_lidar.ply,0.25,200,0.8,0.28372,0.01585,325,0.05113,0.9159,0.32784
000325_lcam_front_lidar.ply/000325_lcam_front_lidar.ply,0.25,200,0.8,0.28619,-0.03443,326,0.0504,0.83139,0.3499
000326_lcam_front_lidar.ply/000326_lcam_front_lidar.ply,0.25,200,0.8,0.38118,0.0086,327,0.03841,0.97765,0.33258
000327_lcam_front_lidar.ply/000327_lcam_front_lidar.ply,0.25,200,0.8,0.39231,-0.01142,328,0.04044,0.93483,0.32664
000328_lcam_front_lidar.ply/000328_lcam_front_lidar.ply,0.25,200,0.8,0.32139,0.00245,329,0.03775,0.98159,0.31038
000329_lcam_front_lidar.ply/000329_lcam_front_lidar.ply,0.25,200,0.8,0.32066,0.04316,330,0.00991,0.8027,0.09471
000330_lcam_front_lidar.ply/000330_lcam_front_lidar.ply,0.25,200,0.8,0.27713,-0.07979,331,0.04241,0.92865,0.33707
000331_lcam_front_lidar.ply/000331_lcam_front_lidar.ply,0.25,200,0.8,0.30149,-0.02052,332,0.04778,0.89002,0.35728
000332_lcam_front_lidar.ply/000332_lcam_front_lidar.ply,0.25,200,0.8,0.34806,0.00248,333,0.04684,0.91894,0.33911
000333_lcam_front_lidar.ply/000333_lcam_front_lidar.ply,0.25,200,0.8,0.33187,0.11664,334,0.00666,0.98359,0.02486
000334_lcam_front_lidar.ply/000334_lcam_front_lidar.ply,0.25,200,0.8,0.36864,-0.01471,335,0.01074,0.99456,0.04573
000335_lcam_front_lidar.ply/000335_lcam_front_lidar.ply,0.25,200,0.8,0.26372,-0.00911,336,0.01088,0.99773,0.04516
000336_lcam_front_lidar.ply/000336_lcam_front_lidar.ply,0.25,200,0.8,0.29036,-0.12504,337,0.03951,0.98002,0.32719
000337_lcam_front_lidar.ply/000337_lcam_front_lidar.ply,0.25,200,0.8,0.37728,0.10374,338,0.01127,0.99542,0.04785
000338_lcam_front_lidar.ply/000338_lcam_front_lidar.ply,0.25,200,0.8,0.26395,-0.14838,339,0.04692,0.87044,0.3584
000339_lcam_front_lidar.ply/000339_lcam_front_lidar.ply,0.25,200,0.8,0.25855,0.00952,340,0.04041,0.97782,0.33856
000340_lcam_front_lidar.ply/000340_lcam_front_lidar.ply,0.25,200,0.8,0.28213,0.10655,341,0.01188,0.98876,0.05168
000341_lcam_front_lidar.ply/000341_lcam_front_lidar.ply,0.25,200,0.8,0.21822,-0.1367,342,0.04913,0.87629,0.34584
000342_lcam_front_lidar.ply/000342_lcam_front_lidar.ply,0.25,200,0.8,0.30547,0.00454,343,0.04013,0.98217,0.33053
000343_lcam_front_lidar.ply/000343_lcam_front_lidar.ply,0.25,200,0.8,0.22015,0.10328,344,0.01203,0.99613,0.05195
000344_lcam_front_lidar.ply/000344_lcam_front_lidar.ply,0.25,200,0.8,0.2536,-0.01049,345,0.01256,0.99306,0.05309
000345_lcam_front_lidar.ply/000345_lcam_front_lidar.ply,0.25,200,0.8,0.25544,-0.11115,346,0.02742,0.96437,0.2765
000346_lcam_front_lidar.ply/000346_lcam_front_lidar.ply,0.25,200,0.8,0.24376,-0.01152,347,0.03349,0.98054,0.29652
000347_lcam_front_lidar.ply/000347_lcam_front_lidar.ply,0.25,200,0.8,0.29311,0.04323,348,0.01219,0.86377,0.11242
000348_lcam_front_lidar.ply/000348_lcam_front_lidar.ply,0.25,200,0.8,0.24875,-0.01226,349,0.04678,0.92581,0.20475
000349_lcam_front_lidar.ply/000349_lcam_front_lidar.ply,0.25,200,0.8,0.22414,-0.09396,350,0.05026,0.81817,0.34734
000350_lcam_front_lidar.ply/000350_lcam_front_lidar.ply,0.25,200,0.8,0.30844,0.00375,351,0.04829,0.96695,0.36052
000351_lcam_front_lidar.ply/000351_lcam_front_lidar.ply,0.25,200,0.8,0.26949,-0.01291,352,0.01385,0.90796,0.27977
000352_lcam_front_lidar.ply/000352_lcam_front_lidar.ply,0.25,200,0.8,0.31481,0.06945,353,0.01261,0.86862,0.10659
000353_lcam_front_lidar.ply/000353_lcam_front_lidar.ply,0.25,200,0.8,0.26988,-0.00622,354,0.01355,0.90621,0.11218
000354_lcam_front_lidar.ply/000354_lcam_front_lidar.ply,0.25,200,0.8,0.24993,-0.10242,355,0.02724,0.93579,0.33327
000355_lcam_front_lidar.ply/000355_lcam_front_lidar.ply,0.25,200,0.8,0.24288,0.05235,356,0.0248,0.99778,0.22229
000356_lcam_front_lidar.ply/000356_lcam_front_lidar.ply,0.25,200,0.8,0.19841,-0.04666,357,0.03065,0.87047,0.2691
000357_lcam_front_lidar.ply/000357_lcam_front_lidar.ply,0.25,200,0.8,0.1798,-0.00814,358,0.03351,0.92685,0.28802
000358_lcam_front_lidar.ply/000358_lcam_front_lidar.ply,0.25,200,0.8,0.17124,-0.00352,359,0.03282,0.91297,0.26951
000359_lcam_front_lidar.ply/000359_lcam_front_lidar.ply,0.25,200,0.8,0.1761,0.00184,360,0.0309,0.92264,0.24489
000360_lcam_front_lidar.ply/000360_lcam_front_lidar.ply,0.25,200,0.8,0.17336,-0.01733,361,0.03078,0.92655,0.26049
000361_lcam_front_lidar.ply/000361_lcam_front_lidar.ply,0.25,200,0.8,0.16381,0.04586,362,0.01611,0.85146,0.0969
000362_lcam_front_lidar.ply/000362_lcam_front_lidar.ply,0.25,200,0.8,0.16392,-0.01236,363,0.0183,0.89304,0.11847
000363_lcam_front_lidar.ply/000363_lcam_front_lidar.ply,0.25,200,0.8,0.18443,-0.01355,364,0.01868,0.90069,0.12863
000364_lcam_front_lidar.ply/000364_lcam_front_lidar.ply,0.25,200,0.8,0.16285,-0.0146,365,0.01903,0.88414,0.13356
000365_lcam_front_lidar.ply/000365_lcam_front_lidar.ply,0.25,200,0.8,0.17237,-0.05868,366,0.02057,0.94245,0.25149
000366_lcam_front_lidar.ply/000366_lcam_front_lidar.ply,0.25,200,0.8,0.18903,0.11551,367,0.08974,0.99988,0.15606
000367_lcam_front_lidar.ply/000367_lcam_front_lidar.ply,0.25,200,0.8,0.18601,-0.06903,368,0.05926,0.84179,0.16574
000368_lcam_front_lidar.ply/000368_lcam_front_lidar.ply,0.25,200,0.8,0.2461,0.0016,369,0.04941,0.99989,0.17028
000369_lcam_front_lidar.ply/000369_lcam_front_lidar.ply,0.25,200,0.8,0.17418,0.04364,370,0.0926,0.9999,0.14938
000370_lcam_front_lidar.ply/000370_lcam_front_lidar.ply,0.25,200,0.8,0.14108,-0.07045,371,0.04937,0.84879,0.13848
000371_lcam_front_lidar.ply/000371_lcam_front_lidar.ply,0.25,200,0.8,0.16649,-0.00537,372,0.0512,0.80319,0.11921
000372_lcam_front_lidar.ply/000372_lcam_front_lidar.ply,0.25,200,0.8,0.13508,-0.00527,373,0.05542,0.82919,0.12598
000373_lcam_front_lidar.ply/000373_lcam_front_lidar.ply,0.25,200,0.8,0.16098,-0.03013,374,0.05674,0.81755,0.1654
000374_lcam_front_lidar.ply/000374_lcam_front_lidar.ply,0.25,200,0.8,0.15645,0.04486,375,0.0756,0.99999,0.14811
000375_lcam_front_lidar.ply/000375_lcam_front_lidar.ply,0.25,200,0.8,0.16324,-0.06153,376,0.05023,0.9973,0.19962
000376_lcam_front_lidar.ply/000376_lcam_front_lidar.ply,0.25,200,0.8,0.1556,-0.10543,377,0.03724,0.80387,0.30648
000377_lcam_front_lidar.ply/000377_lcam_front_lidar.ply,0.25,200,0.8,0.14958,0.04144,378,0.01716,0.95213,0.20792
000378_lcam_front_lidar.ply/000378_lcam_front_lidar.ply,0.25,200,0.8,0.19267,-0.08748,379,0.03579,0.87384,0.37666
000379_lcam_front_lidar.ply/000379_lcam_front_lidar.ply,0.25,200,0.8,0.16748,0.07029,380,0.02014,0.98934,0.21944
000380_lcam_front_lidar.ply/000380_lcam_front_lidar.ply,0.25,200,0.8,0.15665,-0.0613,381,0.0395,0.82988,0.31291
000381_lcam_front_lidar.ply/000381_lcam_front_lidar.ply,0.25,200,0.8,0.1449,0.08144,382,0.05429,0.86878,0.1713
000382_lcam_front_lidar.ply/000382_lcam_front_lidar.ply,0.25,200,0.8,0.16953,-0.09367,383,0.02239,0.94245,0.29692
000383_lcam_front_lidar.ply/000383_lcam_front_lidar.ply,0.25,200,0.8,0.17625,0.06946,384,0.06997,0.97547,0.24306
000384_lcam_front_lidar.ply/000384_lcam_front_lidar.ply,0.25,200,0.8,0.15735,-0.09665,385,0.04382,0.84889,0.32608
000385_lcam_front_lidar.ply/000385_lcam_front_lidar.ply,0.25,200,0.8,0.12605,0.15593,386,0.10503,0.99996,0.16197
000386_lcam_front_lidar.ply/000386_lcam_front_lidar.ply,0.25,200,0.8,0.15331,-0.18841,387,0.02803,0.97286,0.35665
000387_lcam_front_lidar.ply/000387_lcam_front_lidar.ply,0.25,200,0.8,0.12534,0.13062,388,0.05515,0.99792,0.13716
000388_lcam_front_lidar.ply/000388_lcam_front_lidar.ply,0.25,200,0.8,0.176,0.01936,389,0.11068,0.99941,0.18996
000389_lcam_front_lidar.ply/000389_lcam_front_lidar.ply,0.25,200,0.8,0.1392,-0.06789,390,0.04665,0.82655,0.1258
000390_lcam_front_lidar.ply/000390_lcam_front_lidar.ply,0.25,200,0.8,0.20643,0.0294,391,0.01242,0.99805,0.03001
000391_lcam_front_lidar.ply/000391_lcam_front_lidar.ply,0.25,200,0.8,0.1774,-0.00303,392,0.0122,0.99887,0.01586
000392_lcam_front_lidar.ply/000392_lcam_front_lidar.ply,0.25,200,0.8,0.18095,-0.01684,393,0.01281,0.99984,0.03104
000393_lcam_front_lidar.ply/000393_lcam_front_lidar.ply,0.25,200,0.8,0.12755,-0.03904,394,0.07457,0.99456,0.21105
000394_lcam_front_lidar.ply/000394_lcam_front_lidar.ply,0.25,200,0.8,0.17387,0.00274,395,0.01204,0.9369,0.04323
000395_lcam_front_lidar.ply/000395_lcam_front_lidar.ply,0.25,200,0.8,0.19102,-0.00988,396,0.01228,0.9427,0.0452
000396_lcam_front_lidar.ply/000396_lcam_front_lidar.ply,0.25,200,0.8,0.15386,-0.13472,397,0.03205,0.87157,0.31284
000397_lcam_front_lidar.ply/000397_lcam_front_lidar.ply,0.25,200,0.8,0.20298,0.13132,398,0.01245,0.99977,0.02945
000398_lcam_front_lidar.ply/000398_lcam_front_lidar.ply,0.25,200,0.8,0.12545,-0.01109,399,0.01256,0.99982,0.03188
000399_lcam_front_lidar.ply/000399_lcam_front_lidar.ply,0.25,200,0.8,0.21392,-0.02594,400,0.0121,0.93561,0.04357
000400_lcam_front_lidar.ply/000400_lcam_front_lidar.ply,0.25,200,0.8,0.20043,0.00387,401,0.00653,0.96721,0.01417
000401_lcam_front_lidar.ply/000401_lcam_front_lidar.ply,0.25,200,0.8,0.18827,-0.00632,402,0.01235,0.99913,0.02803
000402_lcam_front_lidar.ply/000402_lcam_front_lidar.ply,0.25,200,0.8,0.17262,-0.01017,403,0.01221,0.9974,0.02756
000403_lcam_front_lidar.ply/000403_lcam_front_lidar.ply,0.25,200,0.8,0.19055,-0.01227,404,0.01214,0.97631,0.02563
000404_lcam_front_lidar.ply/000404_lcam_front_lidar.ply,0.25,200,0.8,0.14601,-0.00831,405,0.01186,0.9927,0.0266
000405_lcam_front_lidar.ply/000405_lcam_front_lidar.ply,0.25,200,0.8,0.16127,-0.00728,406,0.01199,0.99129,0.02101
000406_lcam_front_lidar.ply/000406_lcam_front_lidar.ply,0.25,200,0.8,0.14462,-0.00356,407,0.01176,0.99714,0.00944
000407_lcam_front_lidar.ply/000407_lcam_front_lidar.ply,0.25,200,0.8,0.14812,-0.01357,408,0.01158,0.99592,0.01585
000408_lcam_front_lidar.ply/000408_lcam_front_lidar.ply,0.25,200,0.8,0.17466,-0.01159,409,0.0097,0.99661,0.01547
000409_lcam_front_lidar.ply/000409_lcam_front_lidar.ply,0.25,200,0.8,0.16859,-0.15415,410,0.03268,0.88271,0.31556
000410_lcam_front_lidar.ply/000410_lcam_front_lidar.ply,0.25,200,0.8,0.12737,0.03187,411,0.02673,0.89722,0.22429
000411_lcam_front_lidar.ply/000411_lcam_front_lidar.ply,0.25,200,0.8,0.10757,-0.01523,412,0.02024,0.99285,0.25046
000412_lcam_front_lidar.ply/000412_lcam_front_lidar.ply,0.25,200,0.8,0.15365,0.09233,413,0.01137,0.963,0.01912
000413_lcam_front_lidar.ply/000413_lcam_front_lidar.ply,0.25,200,0.8,0.18735,-0.00924,414,0.01113,0.97209,0.01984
000414_lcam_front_lidar.ply/000414_lcam_front_lidar.ply,0.25,200,0.8,0.14891,-0.03181,415,0.01113,0.8331,0.02176
000415_lcam_front_lidar.ply/000415_lcam_front_lidar.ply,0.25,200,0.8,0.20714,-0.11799,416,0.02275,0.99744,0.31029
000416_lcam_front_lidar.ply/000416_lcam_front_lidar.ply,0.25,200,0.8,0.15023,0.07633,417,0.00871,0.96382,0.09946
000417_lcam_front_lidar.ply/000417_lcam_front_lidar.ply,0.25,200,0.8,0.24323,0.0393,418,0.01116,0.99859,0.01619
000418_lcam_front_lidar.ply/000418_lcam_front_lidar.ply,0.25,200,0.8,0.15727,-0.18971,419,0.03089,0.80325,0.35647
000419_lcam_front_lidar.ply/000419_lcam_front_lidar.ply,0.25,200,0.8,0.18834,0.12094,420,0.04363,0.84918,0.13385
000420_lcam_front_lidar.ply/000420_lcam_front_lidar.ply,0.25,200,0.8,0.14947,0.03227,421,0.01083,0.99957,0.02882
000421_lcam_front_lidar.ply/000421_lcam_front_lidar.ply,0.25,200,0.8,0.17904,-0.00909,422,0.01116,0.99959,0.02768
000422_lcam_front_lidar.ply/000422_lcam_front_lidar.ply,0.25,200,0.8,0.20419,-0.01041,423,0.01055,0.99831,0.0269
000423_lcam_front_lidar.ply/000423_lcam_front_lidar.ply,0.25,200,0.8,0.23548,-0.02703,424,0.01141,0.93585,0.04395
000424_lcam_front_lidar.ply/000424_lcam_front_lidar.ply,0.25,200,0.8,0.17654,-0.01002,425,0.01132,0.93528,0.04364
000425_lcam_front_lidar.ply/000425_lcam_front_lidar.ply,0.25,200,0.8,0.1849,-0.00984,426,0.01151,0.93706,0.04422
000426_lcam_front_lidar.ply/000426_lcam_front_lidar.ply,0.25,200,0.8,0.18433,0.01593,427,0.01094,0.99934,0.00991
000427_lcam_front_lidar.ply/000427_lcam_front_lidar.ply,0.25,200,0.8,0.21008,-0.03544,428,0.01167,0.94068,0.04465
000428_lcam_front_lidar.ply/000428_lcam_front_lidar.ply,0.25,200,0.8,0.24081,0.00671,429,0.01186,0.99983,0.02935
000429_lcam_front_lidar.ply/000429_lcam_front_lidar.ply,0.25,200,0.8,0.18164,-0.01229,430,0.00644,0.96673,0.01315
000430_lcam_front_lidar.ply/000430_lcam_front_lidar.ply,0.25,200,0.8,0.17927,-0.00647,431,0.01189,0.9976,0.02625
000431_lcam_front_lidar.ply/000431_lcam_front_lidar.ply,0.25,200,0.8,0.15842,-0.00515,432,0.01197,0.99857,0.017
000432_lcam_front_lidar.ply/000432_lcam_front_lidar.ply,0.25,200,0.8,0.22215,-0.03189,433,0.01136,0.93733,0.04119
000433_lcam_front_lidar.ply/000433_lcam_front_lidar.ply,0.25,200,0.8,0.15733,-0.11515,434,0.03542,0.92195,0.29499
000434_lcam_front_lidar.ply/000434_lcam_front_lidar.ply,0.25,200,0.8,0.17015,0.1175,435,0.01259,0.99836,0.01725
000435_lcam_front_lidar.ply/000435_lcam_front_lidar.ply,0.25,200,0.8,0.16245,-0.01036,436,0.01239,0.99793,0.01745
000436_lcam_front_lidar.ply/000436_lcam_front_lidar.ply,0.25,200,0.8,0.2071,-0.0151,437,0.01237,0.99987,0.02819
000437_lcam_front_lidar.ply/000437_lcam_front_lidar.ply,0.25,200,0.8,0.16947,-0.00765,438,0.01249,0.99974,0.02369
000438_lcam_front_lidar.ply/000438_lcam_front_lidar.ply,0.25,200,0.8,0.24063,-0.01547,439,0.01275,0.99922,0.035
000439_lcam_front_lidar.ply/000439_lcam_front_lidar.ply,0.25,200,0.8,0.16764,-0.00534,440,0.01217,0.99988,0.0247
000440_lcam_front_lidar.ply/000440_lcam_front_lidar.ply,0.25,200,0.8,0.20317,-0.01557,441,0.01249,0.99651,0.03548
000441_lcam_front_lidar.ply/000441_lcam_front_lidar.ply,0.25,200,0.8,0.13293,-0.12549,442,0.03916,0.83519,0.27141
000442_lcam_front_lidar.ply/000442_lcam_front_lidar.ply,0.25,200,0.8,0.23892,0.09138,443,0.01007,0.92312,0.03685
000443_lcam_front_lidar.ply/000443_lcam_front_lidar.ply,0.25,200,0.8,0.1465,0.0242,444,0.09438,0.99999,0.16013
000444_lcam_front_lidar.ply/000444_lcam_front_lidar.ply,0.25,200,0.8,0.24116,-0.04501,445,0.00982,0.91796,0.03641
000445_lcam_front_lidar.ply/000445_lcam_front_lidar.ply,0.25,200,0.8,0.20767,-0.0037,446,0.00981,0.96243,0.03714
000446_lcam_front_lidar.ply/000446_lcam_front_lidar.ply,0.25,200,0.8,0.20784,-0.0099,447,0.00981,0.96291,0.03711
000447_lcam_front_lidar.ply/000447_lcam_front_lidar.ply,0.25,200,0.8,0.18232,-0.00282,448,0.0063,0.96876,0.01748
000448_lcam_front_lidar.ply/000448_lcam_front_lidar.ply,0.25,200,0.8,0.21212,-0.11422,449,0.01134,0.86575,0.20508
000449_lcam_front_lidar.ply/000449_lcam_front_lidar.ply,0.25,200,0.8,0.17094,-0.05185,450,0.01587,0.81003,0.28112
000450_lcam_front_lidar.ply/000450_lcam_front_lidar.ply,0.25,200,0.8,0.22025,0.1674,451,0.09079,0.99998,0.13315
000451_lcam_front_lidar.ply/000451_lcam_front_lidar.ply,0.25,200,0.8,0.15678,-0.22017,452,0.02966,0.85472,0.38764
000452_lcam_front_lidar.ply/000452_lcam_front_lidar.ply,0.25,200,0.8,0.23626,0.16828,453,0.01156,0.99874,0.0381
000453_lcam_front_lidar.ply/000453_lcam_front_lidar.ply,0.25,200,0.8,0.19355,-0.00401,454,0.01163,0.99771,0.02594
000454_lcam_front_lidar.ply/000454_lcam_front_lidar.ply,0.25,200,0.8,0.20654,-0.0101,455,0.01224,0.99532,0.02663
000455_lcam_front_lidar.ply/000455_lcam_front_lidar.ply,0.25,200,0.8,0.18315,-0.00989,456,0.00413,0.99781,0.01095
000456_lcam_front_lidar.ply/000456_lcam_front_lidar.ply,0.25,200,0.8,0.18336,-0.01105,457,0.10296,0.99784,0.21072
000457_lcam_front_lidar.ply/000457_lcam_front_lidar.ply,0.25,200,0.8,0.19273,-0.08704,458,0.01929,0.98175,0.19262
000458_lcam_front_lidar.ply/000458_lcam_front_lidar.ply,0.25,200,0.8,0.18688,-0.02774,459,0.01714,0.93934,0.21109
000459_lcam_front_lidar.ply/000459_lcam_front_lidar.ply,0.25,200,0.8,0.17035,0.09383,460,0.0119,0.99954,0.01101
000460_lcam_front_lidar.ply/000460_lcam_front_lidar.ply,0.25,200,0.8,0.18455,-0.00975,461,0.01226,0.99969,0.01129
000461_lcam_front_lidar.ply/000461_lcam_front_lidar.ply,0.25,200,0.8,0.18581,-0.08923,462,0.01688,0.98361,0.17415
000462_lcam_front_lidar.ply/000462_lcam_front_lidar.ply,0.25,200,0.8,0.1752,0.06943,463,0.01243,0.99973,0.01123
000463_lcam_front_lidar.ply/000463_lcam_front_lidar.ply,0.25,200,0.8,0.19928,-0.05584,464,0.05771,0.86321,0.15251
000464_lcam_front_lidar.ply/000464_lcam_front_lidar.ply,0.25,200,0.8,0.16256,-0.07924,465,0.02956,0.95712,0.26286
000465_lcam_front_lidar.ply/000465_lcam_front_lidar.ply,0.25,200,0.8,0.16403,0.10123,466,0.01259,0.99914,0.01906
000466_lcam_front_lidar.ply/000466_lcam_front_lidar.ply,0.25,200,0.8,0.19865,-0.1446,467,0.01693,0.8402,0.24926
000467_lcam_front_lidar.ply/000467_lcam_front_lidar.ply,0.25,200,0.8,0.1943,0.03838,468,0.0186,0.9055,0.17545
000468_lcam_front_lidar.ply/000468_lcam_front_lidar.ply,0.25,200,0.8,0.39597,0.06348,469,0.01353,0.99489,0.04516
000469_lcam_front_lidar.ply/000469_lcam_front_lidar.ply,0.25,200,0.8,0.21051,-0.06645,470,0.01788,0.89451,0.13663
000470_lcam_front_lidar.ply/000470_lcam_front_lidar.ply,0.25,200,0.8,0.28138,-0.08096,471,0.04136,0.80366,0.29827
000471_lcam_front_lidar.ply/000471_lcam_front_lidar.ply,0.25,200,0.8,0.23059,0.06532,472,0.01677,0.83109,0.10667
000472_lcam_front_lidar.ply/000472_lcam_front_lidar.ply,0.25,200,0.8,0.31304,0.03734,473,0.0092,0.94364,0.03063
000473_lcam_front_lidar.ply/000473_lcam_front_lidar.ply,0.25,200,0.8,0.33034,-0.00507,474,0.01253,0.99955,0.04421
000474_lcam_front_lidar.ply/000474_lcam_front_lidar.ply,0.25,200,0.8,0.22691,-0.00796,475,0.0102,0.97159,0.02707
000475_lcam_front_lidar.ply/000475_lcam_front_lidar.ply,0.25,200,0.8,0.20901,-0.12838,476,0.03194,0.86659,0.27582
000476_lcam_front_lidar.ply/000476_lcam_front_lidar.ply,0.25,200,0.8,0.23821,-0.03049,477,0.03462,0.86551,0.32184
000477_lcam_front_lidar.ply/000477_lcam_front_lidar.ply,0.25,200,0.8,0.37991,0.12183,478,0.04639,0.99972,0.12198
000478_lcam_front_lidar.ply/000478_lcam_front_lidar.ply,0.25,200,0.8,0.26347,-0.16016,479,0.02109,0.96617,0.36163
000479_lcam_front_lidar.ply/000479_lcam_front_lidar.ply,0.25,200,0.8,0.31469,0.01,480,0.02167,0.97304,0.32485
000480_lcam_front_lidar.ply/000480_lcam_front_lidar.ply,0.25,200,0.8,0.32809,-0.00269,481,0.02753,0.92622,0.3079
000481_lcam_front_lidar.ply/000481_lcam_front_lidar.ply,0.25,200,0.8,0.32056,-0.02652,482,0.02234,0.99909,0.35241
000482_lcam_front_lidar.ply/000482_lcam_front_lidar.ply,0.25,200,0.8,0.4023,0.13968,483,0.01145,0.99879,0.03118
000483_lcam_front_lidar.ply/000483_lcam_front_lidar.ply,0.25,200,0.8,0.44635,-0.1749,484,0.01045,0.95755,0.34662
000484_lcam_front_lidar.ply/000484_lcam_front_lidar.ply,0.25,200,0.8,0.31688,0.0965,485,0.01191,0.99613,0.14811
000485_lcam_front_lidar.ply/000485_lcam_front_lidar.ply,0.25,200,0.8,0.85215,0.03371,486,0.00979,0.98507,0.05312
000486_lcam_front_lidar.ply/000486_lcam_front_lidar.ply,0.25,200,0.8,0.59865,-0.1468,487,0.04211,0.99792,0.39521
000487_lcam_front_lidar.ply/000487_lcam_front_lidar.ply,0.25,200,0.8,0.34081,0.13242,488,0.01171,0.99434,0.04848
000488_lcam_front_lidar.ply/000488_lcam_front_lidar.ply,0.25,200,0.8,0.39298,-0.10027,489,0.03323,0.97517,0.26631
000489_lcam_front_lidar.ply/000489_lcam_front_lidar.ply,0.25,200,0.8,0.47137,0.08043,490,0.01149,0.99504,0.04792
000490_lcam_front_lidar.ply/000490_lcam_front_lidar.ply,0.25,200,0.8,0.52572,-0.11861,491,0.03827,0.9745,0.31254
000491_lcam_front_lidar.ply/000491_lcam_front_lidar.ply,0.25,200,0.8,0.40842,0.09817,492,0.01061,0.98925,0.04529
000492_lcam_front_lidar.ply/000492_lcam_front_lidar.ply,0.25,200,0.8,0.28947,-0.12456,493,0.04268,0.97838,0.33529
000493_lcam_front_lidar.ply/000493_lcam_front_lidar.ply,0.25,200,0.8,0.35716,-0.03359,494,0.04842,0.97948,0.39428
000494_lcam_front_lidar.ply/000494_lcam_front_lidar.ply,0.25,200,0.8,0.534,0.01298,495,0.04011,0.97971,0.33175
000495_lcam_front_lidar.ply/000495_lcam_front_lidar.ply,0.25,200,0.8,0.3261,0.00192,496,0.03935,0.98195,0.30708
000496_lcam_front_lidar.ply/000496_lcam_front_lidar.ply,0.25,200,0.8,0.28539,-0.01165,497,0.03807,0.98519,0.3088
000497_lcam_front_lidar.ply/000497_lcam_front_lidar.ply,0.25,200,0.8,0.39551,-0.03795,498,0.05313,0.98957,0.39612
000498_lcam_front_lidar.ply/000498_lcam_front_lidar.ply,0.25,200,0.8,0.3888,0.00115,499,0.02722,0.97594,0.31792
000499_lcam_front_lidar.ply/000499_lcam_front_lidar.ply,0.25,200,0.8,0.27135,-0.02258,500,0.05151,0.99051,0.39601
000500_lcam_front_lidar.ply/000500_lcam_front_lidar.ply,0.25,200,0.8,0.3701,-0.00112,501,0.04661,0.99152,0.36878
000501_lcam_front_lidar.ply/000501_lcam_front_lidar.ply,0.25,200,0.8,0.31388,0.02219,502,0.03414,0.97836,0.27551
000502_lcam_front_lidar.ply/000502_lcam_front_lidar.ply,0.25,200,0.8,0.25489,-0.04527,503,0.05252,0.98455,0.38465
000503_lcam_front_lidar.ply/000503_lcam_front_lidar.ply,0.25,200,0.8,0.27945,0.01643,504,0.03565,0.98616,0.29852
000504_lcam_front_lidar.ply/000504_lcam_front_lidar.ply,0.25,200,0.8,0.25427,-0.01091,505,0.03626,0.98562,0.3014
000505_lcam_front_lidar.ply/000505_lcam_front_lidar.ply,0.25,200,0.8,0.26788,-0.02046,506,0.0404,0.97966,0.32883
000506_lcam_front_lidar.ply/000506_lcam_front_lidar.ply,0.25,200,0.8,0.24264,-0.00327,507,0.03968,0.97548,0.31265
000507_lcam_front_lidar.ply/000507_lcam_front_lidar.ply,0.25,200,0.8,0.24714,-0.0187,508,0.04722,0.95306,0.33842
000508_lcam_front_lidar.ply/000508_lcam_front_lidar.ply,0.25,200,0.8,0.2597,0.06447,509,0.02509,0.97914,0.15304
000509_lcam_front_lidar.ply/000509_lcam_front_lidar.ply,0.25,200,0.8,0.3181,-0.0735,510,0.03973,0.98075,0.30979
000510_lcam_front_lidar.ply/000510_lcam_front_lidar.ply,0.25,200,0.8,0.30902,-0.03874,511,0.05575,0.97343,0.39713
000511_lcam_front_lidar.ply/000511_lcam_front_lidar.ply,0.25,200,0.8,0.32118,0.04227,512,0.0325,0.98059,0.24823
000512_lcam_front_lidar.ply/000512_lcam_front_lidar.ply,0.25,200,0.8,0.33037,-0.03185,513,0.03805,0.98244,0.3036
000513_lcam_front_lidar.ply/000513_lcam_front_lidar.ply,0.25,200,0.8,0.31816,-0.01578,514,0.02615,0.99002,0.29363
000514_lcam_front_lidar.ply/000514_lcam_front_lidar.ply,0.25,200,0.8,0.35037,0.00371,515,0.01143,0.92565,0.21747
000515_lcam_front_lidar.ply/000515_lcam_front_lidar.ply,0.25,200,0.8,0.30468,0.07467,516,0.01842,0.97984,0.07836
000516_lcam_front_lidar.ply/000516_lcam_front_lidar.ply,0.25,200,0.8,0.33395,-0.12932,517,0.0521,0.93206,0.37003
000517_lcam_front_lidar.ply/000517_lcam_front_lidar.ply,0.25,200,0.8,0.31246,-0.01397,518,0.05493,0.97237,0.39574
000518_lcam_front_lidar.ply/000518_lcam_front_lidar.ply,0.25,200,0.8,0.31958,0.00051,519,0.05688,0.90751,0.35914
000519_lcam_front_lidar.ply/000519_lcam_front_lidar.ply,0.25,200,0.8,0.42824,0.02191,520,0.03286,0.95737,0.26224
000520_lcam_front_lidar.ply/000520_lcam_front_lidar.ply,0.25,200,0.8,0.30448,-0.01591,521,0.03974,0.9825,0.29536
000521_lcam_front_lidar.ply/000521_lcam_front_lidar.ply,0.25,200,0.8,0.38969,0.05862,522,0.01714,0.97839,0.11169
000522_lcam_front_lidar.ply/000522_lcam_front_lidar.ply,0.25,200,0.8,0.39998,-0.09686,523,0.02798,0.98388,0.30874
000523_lcam_front_lidar.ply/000523_lcam_front_lidar.ply,0.25,200,0.8,0.37347,-0.0063,524,0.05772,0.93134,0.34507
000524_lcam_front_lidar.ply/000524_lcam_front_lidar.ply,0.25,200,0.8,0.27236,0.08961,525,0.01999,0.9832,0.08592
000525_lcam_front_lidar.ply/000525_lcam_front_lidar.ply,0.25,200,0.8,0.33071,-0.1239,526,0.05698,0.91554,0.3674
000526_lcam_front_lidar.ply/000526_lcam_front_lidar.ply,0.25,200,0.8,0.30106,0.02767,527,0.03211,0.99177,0.26521
000527_lcam_front_lidar.ply/000527_lcam_front_lidar.ply,0.25,200,0.8,0.28547,-0.05164,528,0.05739,0.98397,0.39671
000528_lcam_front_lidar.ply/000528_lcam_front_lidar.ply,0.25,200,0.8,0.30765,-0.00354,529,0.05055,0.94219,0.35759
000529_lcam_front_lidar.ply/000529_lcam_front_lidar.ply,0.25,200,0.8,0.32487,-0.00746,530,0.05448,0.98861,0.3743
000530_lcam_front_lidar.ply/000530_lcam_front_lidar.ply,0.25,200,0.8,0.26622,0.00733,531,0.04419,0.97782,0.31583
000531_lcam_front_lidar.ply/000531_lcam_front_lidar.ply,0.25,200,0.8,0.33827,-0.01937,532,0.0465,0.95411,0.33207
000532_lcam_front_lidar.ply/000532_lcam_front_lidar.ply,0.25,200,0.8,0.38199,0.0206,533,0.03239,0.9901,0.25345
000533_lcam_front_lidar.ply/000533_lcam_front_lidar.ply,0.25,200,0.8,0.37452,-0.04985,534,0.05813,0.92262,0.3644
000534_lcam_front_lidar.ply/000534_lcam_front_lidar.ply,0.25,200,0.8,0.33358,0.00435,535,0.05605,0.99815,0.3542
000535_lcam_front_lidar.ply/000535_lcam_front_lidar.ply,0.25,200,0.8,0.37899,-0.00338,536,0.04552,0.97791,0.3138
000536_lcam_front_lidar.ply/000536_lcam_front_lidar.ply,0.25,200,0.8,0.39065,-0.00169,537,0.04034,0.98248,0.28822
000537_lcam_front_lidar.ply/000537_lcam_front_lidar.ply,0.25,200,0.8,0.33433,-0.02097,538,0.02674,0.9988,0.28784
000538_lcam_front_lidar.ply/000538_lcam_front_lidar.ply,0.25,200,0.8,0.33192,0.01796,539,0.01546,0.87752,0.17298
000539_lcam_front_lidar.ply/000539_lcam_front_lidar.ply,0.25,200,0.8,0.3635,0.05965,540,0.00566,0.91742,0.02605
000540_lcam_front_lidar.ply/000540_lcam_front_lidar.ply,0.25,200,0.8,0.39373,-0.11979,541,0.04738,0.96663,0.34384
000541_lcam_front_lidar.ply/000541_lcam_front_lidar.ply,0.25,200,0.8,0.36834,0.0287,542,0.01515,0.91008,0.18502
000542_lcam_front_lidar.ply/000542_lcam_front_lidar.ply,0.25,200,0.8,0.381,-0.05533,543,0.05075,0.99926,0.37364
000543_lcam_front_lidar.ply/000543_lcam_front_lidar.ply,0.25,200,0.8,0.39228,-0.05131,544,0.01959,0.90977,0.36709
000544_lcam_front_lidar.ply/000544_lcam_front_lidar.ply,0.25,200,0.8,0.41497,0.03225,545,0.02227,0.95479,0.30147
000545_lcam_front_lidar.ply/000545_lcam_front_lidar.ply,0.25,200,0.8,0.32106,0.00502,546,0.01723,0.95006,0.25991
000546_lcam_front_lidar.ply/000546_lcam_front_lidar.ply,0.25,200,0.8,0.38429,-0.03375,547,0.02351,0.82105,0.28129
000547_lcam_front_lidar.ply/000547_lcam_front_lidar.ply,0.25,200,0.8,0.33909,0.02617,548,0.02708,0.9839,0.26493
000548_lcam_front_lidar.ply/000548_lcam_front_lidar.ply,0.25,200,0.8,0.36818,-0.0243,549,0.00737,0.85903,0.21666
000549_lcam_front_lidar.ply/000549_lcam_front_lidar.ply,0.25,200,0.8,0.29412,0.09803,550,0.00875,0.9925,0.04339
000550_lcam_front_lidar.ply/000550_lcam_front_lidar.ply,0.25,200,0.8,0.44877,-0.10058,551,0.0228,0.98546,0.25055
000551_lcam_front_lidar.ply/000551_lcam_front_lidar.ply,0.25,200,0.8,0.38011,-0.01655,552,0.0241,0.98298,0.26551
000552_lcam_front_lidar.ply/000552_lcam_front_lidar.ply,0.25,200,0.8,0.39723,-0.01907,553,0.01484,0.94821,0.25468
000553_lcam_front_lidar.ply/000553_lcam_front_lidar.ply,0.25,200,0.8,0.41883,-0.01383,554,0.02157,0.97781,0.28469
000554_lcam_front_lidar.ply/000554_lcam_front_lidar.ply,0.25,200,0.8,0.44677,-0.04062,555,0.03529,0.97696,0.3731
000555_lcam_front_lidar.ply/000555_lcam_front_lidar.ply,0.25,200,0.8,0.48948,0.00159,556,0.03441,0.91004,0.3281
000556_lcam_front_lidar.ply/000556_lcam_front_lidar.ply,0.25,200,0.8,0.44241,0.01582,557,0.01309,0.89624,0.22967
000557_lcam_front_lidar.ply/000557_lcam_front_lidar.ply,0.25,200,0.8,0.41229,-0.03837,558,0.02801,0.94354,0.33044
000558_lcam_front_lidar.ply/000558_lcam_front_lidar.ply,0.25,200,0.8,0.43782,0.00945,559,0.02765,0.98029,0.30185
000559_lcam_front_lidar.ply/000559_lcam_front_lidar.ply,0.25,200,0.8,0.45359,-0.03951,560,0.03196,0.99959,0.37528
000560_lcam_front_lidar.ply/000560_lcam_front_lidar.ply,0.25,200,0.8,0.32854,0.23153,561,0.13474,0.99995,0.09789
000561_lcam_front_lidar.ply/000561_lcam_front_lidar.ply,0.25,200,0.8,0.29997,-0.17545,562,0.01773,0.88723,0.16095
000562_lcam_front_lidar.ply/000562_lcam_front_lidar.ply,0.25,200,0.8,0.3611,-0.0074,563,0.01338,0.90666,0.15287
000563_lcam_front_lidar.ply/000563_lcam_front_lidar.ply,0.25,200,0.8,0.32925,-0.08166,564,0.02378,0.92946,0.32384
000564_lcam_front_lidar.ply/000564_lcam_front_lidar.ply,0.25,200,0.8,0.3033,0.06664,565,0.01591,0.92744,0.15421
000565_lcam_front_lidar.ply/000565_lcam_front_lidar.ply,0.25,200,0.8,0.31465,0.14531,566,0.1365,0.99996,0.10653
000566_lcam_front_lidar.ply/000566_lcam_front_lidar.ply,0.25,200,0.8,0.33525,-0.1768,567,0.00991,0.90399,0.15816
000567_lcam_front_lidar.ply/000567_lcam_front_lidar.ply,0.25,200,0.8,0.3009,0.15333,568,0.14048,0.99997,0.12142
000568_lcam_front_lidar.ply/000568_lcam_front_lidar.ply,0.25,200,0.8,0.29737,-0.01098,569,0.14094,0.99997,0.12429
000569_lcam_front_lidar.ply/000569_lcam_front_lidar.ply,0.25,200,0.8,0.37751,-0.00561,570,0.14067,0.99995,0.11497
000570_lcam_front_lidar.ply/000570_lcam_front_lidar.ply,0.25,200,0.8,0.40111,-0.18394,571,0.0135,0.94416,0.19177
000571_lcam_front_lidar.ply/000571_lcam_front_lidar.ply,0.25,200,0.8,0.29922,0.17277,572,0.15318,0.99996,0.12233
000572_lcam_front_lidar.ply/000572_lcam_front_lidar.ply,0.25,200,0.8,0.36525,-0.21624,573,0.01438,0.97073,0.24842
000573_lcam_front_lidar.ply/000573_lcam_front_lidar.ply,0.25,200,0.8,0.31995,0.02608,574,0.01071,0.83041,0.12683
000574_lcam_front_lidar.ply/000574_lcam_front_lidar.ply,0.25,200,0.8,0.27711,-0.072,575,0.02515,0.86926,0.29138
000575_lcam_front_lidar.ply/000575_lcam_front_lidar.ply,0.25,200,0.8,0.30202,0.21209,576,0.14518,0.99992,0.12645
000576_lcam_front_lidar.ply/000576_lcam_front_lidar.ply,0.25,200,0.8,0.31541,-0.00347,577,0.14625,0.99992,0.11553
000577_lcam_front_lidar.ply/000577_lcam_front_lidar.ply,0.25,200,0.8,0.28771,-0.18575,578,0.01202,0.97377,0.19072
000578_lcam_front_lidar.ply/000578_lcam_front_lidar.ply,0.25,200,0.8,0.26304,0.16598,579,0.1487,0.99996,0.11998
000579_lcam_front_lidar.ply/000579_lcam_front_lidar.ply,0.25,200,0.8,0.32759,-0.26893,580,0.02878,0.97437,0.39032
000580_lcam_front_lidar.ply/000580_lcam_front_lidar.ply,0.25,200,0.8,0.36604,0.05285,581,0.0165,0.99968,0.24766
000581_lcam_front_lidar.ply/000581_lcam_front_lidar.ply,0.25,200,0.8,0.31252,0.00231,582,0.00731,0.96268,0.19356
000582_lcam_front_lidar.ply/000582_lcam_front_lidar.ply,0.25,200,0.8,0.30505,0.07005,583,0.00819,0.97133,0.03782
000583_lcam_front_lidar.ply/000583_lcam_front_lidar.ply,0.25,200,0.8,0.34058,-0.03921,584,0.00971,0.98428,0.10317
000584_lcam_front_lidar.ply/000584_lcam_front_lidar.ply,0.25,200,0.8,0.28294,-0.13505,585,0.02665,0.88407,0.35709
000585_lcam_front_lidar.ply/000585_lcam_front_lidar.ply,0.25,200,0.8,0.2704,-0.0102,586,0.02896,0.93914,0.37865
000586_lcam_front_lidar.ply/000586_lcam_front_lidar.ply,0.25,200,0.8,0.32214,0.25614,587,0.16081,0.99997,0.1283
000587_lcam_front_lidar.ply/000587_lcam_front_lidar.ply,0.25,200,0.8,0.25916,-0.25748,588,0.0382,0.82817,0.3265
000588_lcam_front_lidar.ply/000588_lcam_front_lidar.ply,0.25,200,0.8,0.27083,0.23503,589,0.15557,0.99998,0.12273
000589_lcam_front_lidar.ply/000589_lcam_front_lidar.ply,0.25,200,0.8,0.34747,-0.15398,590,0.01066,0.96664,0.11089
000590_lcam_front_lidar.ply/000590_lcam_front_lidar.ply,0.25,200,0.8,0.28144,-0.05214,591,0.01696,0.91287,0.19163
000591_lcam_front_lidar.ply/000591_lcam_front_lidar.ply,0.25,200,0.8,0.32027,-0.05238,592,0.03707,0.81698,0.28786
000592_lcam_front_lidar.ply/000592_lcam_front_lidar.ply,0.25,200,0.8,0.39191,-0.03027,593,0.02435,0.97626,0.35071
000593_lcam_front_lidar.ply/000593_lcam_front_lidar.ply,0.25,200,0.8,0.28738,0.23113,594,0.14696,0.99997,0.12081
000594_lcam_front_lidar.ply/000594_lcam_front_lidar.ply,0.25,200,0.8,0.30752,-0.26911,595,0.02798,0.99316,0.39903
000595_lcam_front_lidar.ply/000595_lcam_front_lidar.ply,0.25,200,0.8,0.34511,0.11177,596,0.01027,0.98248,0.11687
000596_lcam_front_lidar.ply/000596_lcam_front_lidar.ply,0.25,200,0.8,0.32924,0.03874,597,0.00921,0.977,0.01562
000597_lcam_front_lidar.ply/000597_lcam_front_lidar.ply,0.25,200,0.8,0.31636,0.06906,598,0.14922,0.99992,0.14438
000598_lcam_front_lidar.ply/000598_lcam_front_lidar.ply,0.25,200,0.8,0.34351,-0.24627,599,0.02665,0.98457,0.36718
000599_lcam_front_lidar.ply/000599_lcam_front_lidar.ply,0.25,200,0.8,0.35786,0.012,600,0.03857,0.83255,0.30142
000600_lcam_front_lidar.ply/000600_lcam_front_lidar.ply,0.25,200,0.8,0.36824,0.00832,601,0.016,0.9805,0.26402
000601_lcam_front_lidar.ply/000601_lcam_front_lidar.ply,0.25,200,0.8,0.37207,-0.05526,602,0.02486,0.92486,0.35557
000602_lcam_front_lidar.ply/000602_lcam_front_lidar.ply,0.25,200,0.8,0.36901,0.15301,603,0.00952,0.97729,0.01459
000603_lcam_front_lidar.ply/000603_lcam_front_lidar.ply,0.25,200,0.8,0.36394,-0.11189,604,0.00903,0.85431,0.1805
000604_lcam_front_lidar.ply/000604_lcam_front_lidar.ply,0.25,200,0.8,0.36035,-0.04025,605,0.02311,0.98804,0.30928
000605_lcam_front_lidar.ply/000605_lcam_front_lidar.ply,0.25,200,0.8,0.40363,-0.0426,606,0.02469,0.88787,0.34759
000606_lcam_front_lidar.ply/000606_lcam_front_lidar.ply,0.25,200,0.8,0.47982,0.06444,607,0.01087,0.98445,0.20004
000607_lcam_front_lidar.ply/000607_lcam_front_lidar.ply,0.25,200,0.8,0.36673,-0.03746,608,0.01548,0.98981,0.26578
000608_lcam_front_lidar.ply/000608_lcam_front_lidar.ply,0.25,200,0.8,0.33929,-0.0067,609,0.01577,0.99095,0.26012
000609_lcam_front_lidar.ply/000609_lcam_front_lidar.ply,0.25,200,0.8,0.39494,-0.01056,610,0.01527,0.99148,0.2604
000610_lcam_front_lidar.ply/000610_lcam_front_lidar.ply,0.25,200,0.8,0.36954,0.04993,611,0.01428,0.98564,0.1368
000611_lcam_front_lidar.ply/000611_lcam_front_lidar.ply,0.25,200,0.8,0.42441,-0.01331,612,0.01298,0.98723,0.14128
000612_lcam_front_lidar.ply/000612_lcam_front_lidar.ply,0.25,200,0.8,0.36559,-0.09846,613,0.01791,0.98363,0.32698
000613_lcam_front_lidar.ply/000613_lcam_front_lidar.ply,0.25,200,0.8,0.41865,0.02257,614,0.00833,0.81958,0.19347
000614_lcam_front_lidar.ply/000614_lcam_front_lidar.ply,0.25,200,0.8,0.34524,0.03286,615,0.00661,0.96191,0.147
000615_lcam_front_lidar.ply/000615_lcam_front_lidar.ply,0.25,200,0.8,0.37038,0.00933,616,0.01362,0.9858,0.12953
000616_lcam_front_lidar.ply/000616_lcam_front_lidar.ply,0.25,200,0.8,0.41641,-0.09591,617,0.02785,0.98317,0.32901
000617_lcam_front_lidar.ply/000617_lcam_front_lidar.ply,0.25,200,0.8,0.46382,0.0008,618,0.0172,0.86502,0.25068
000618_lcam_front_lidar.ply/000618_lcam_front_lidar.ply,0.25,200,0.8,0.43066,-0.01899,619,0.03727,0.81146,0.29273
000619_lcam_front_lidar.ply/000619_lcam_front_lidar.ply,0.25,200,0.8,0.45467,-0.03272,620,0.02485,0.968,0.36029
000620_lcam_front_lidar.ply/000620_lcam_front_lidar.ply,0.25,200,0.8,0.40144,0.00738,621,0.04817,0.92252,0.35851
000621_lcam_front_lidar.ply/000621_lcam_front_lidar.ply,0.25,200,0.8,0.43087,-0.00443,622,0.03959,0.82881,0.30212
000622_lcam_front_lidar.ply/000622_lcam_front_lidar.ply,0.25,200,0.8,0.45689,-0.00922,623,0.04568,0.93684,0.34515
000623_lcam_front_lidar.ply/000623_lcam_front_lidar.ply,0.25,200,0.8,0.42124,0.00281,624,0.0252,0.99935,0.29732
000624_lcam_front_lidar.ply/000624_lcam_front_lidar.ply,0.25,200,0.8,0.48157,0.03386,625,0.01655,0.99907,0.1922
000625_lcam_front_lidar.ply/000625_lcam_front_lidar.ply,0.25,200,0.8,0.45019,-0.06732,626,0.01787,0.99987,0.30972
000626_lcam_front_lidar.ply/000626_lcam_front_lidar.ply,0.25,200,0.8,0.50068,0.1206,627,0.0077,0.99264,0.02602
000627_lcam_front_lidar.ply/000627_lcam_front_lidar.ply,0.25,200,0.8,0.36417,-0.14016,628,0.04847,0.88453,0.33545
000628_lcam_front_lidar.ply/000628_lcam_front_lidar.ply,0.25,200,0.8,0.39227,-0.00925,629,0.04331,0.93993,0.34024
000629_lcam_front_lidar.ply/000629_lcam_front_lidar.ply,0.25,200,0.8,0.36004,0.09888,630,0.00845,0.90666,0.04278
000630_lcam_front_lidar.ply/000630_lcam_front_lidar.ply,0.25,200,0.8,0.40363,-0.11043,631,0.02232,0.96512,0.28892
000631_lcam_front_lidar.ply/000631_lcam_front_lidar.ply,0.25,200,0.8,0.39588,-0.05624,632,0.01811,0.99793,0.38282
000632_lcam_front_lidar.ply/000632_lcam_front_lidar.ply,0.25,200,0.8,0.36019,0.15366,633,0.00822,0.99219,0.03398
000633_lcam_front_lidar.ply/000633_lcam_front_lidar.ply,0.25,200,0.8,0.34775,-0.04098,634,0.01084,0.94691,0.0876
000634_lcam_front_lidar.ply/000634_lcam_front_lidar.ply,0.25,200,0.8,0.38479,-0.01092,635,0.01105,0.99936,0.10558
000635_lcam_front_lidar.ply/000635_lcam_front_lidar.ply,0.25,200,0.8,0.41318,0.02223,636,0.00842,0.99381,0.0342
000636_lcam_front_lidar.ply/000636_lcam_front_lidar.ply,0.25,200,0.8,0.44127,-0.01055,637,0.00847,0.99281,0.0351
000637_lcam_front_lidar.ply/000637_lcam_front_lidar.ply,0.25,200,0.8,0.37169,-0.13789,638,0.01489,0.98636,0.30178
000638_lcam_front_lidar.ply/000638_lcam_front_lidar.ply,0.25,200,0.8,0.32517,-0.01969,639,0.03637,0.81133,0.31163
000639_lcam_front_lidar.ply/000639_lcam_front_lidar.ply,0.25,200,0.8,0.41677,0.02434,640,0.0217,0.99465,0.2686
000640_lcam_front_lidar.ply/000640_lcam_front_lidar.ply,0.25,200,0.8,0.36937,-0.034,641,0.04559,0.94438,0.34932
000641_lcam_front_lidar.ply/000641_lcam_front_lidar.ply,0.25,200,0.8,0.41033,0.05101,642,0.01351,0.92658,0.1578
000642_lcam_front_lidar.ply/000642_lcam_front_lidar.ply,0.25,200,0.8,0.37361,-0.06002,643,0.03978,0.99049,0.32955
000643_lcam_front_lidar.ply/000643_lcam_front_lidar.ply,0.25,200,0.8,0.47142,0.02344,644,0.01385,0.81972,0.15959
000644_lcam_front_lidar.ply/000644_lcam_front_lidar.ply,0.25,200,0.8,0.41225,-0.03723,645,0.02306,0.99951,0.28638
000645_lcam_front_lidar.ply/000645_lcam_front_lidar.ply,0.25,200,0.8,0.43879,-0.01064,646,0.02582,0.99976,0.29326
000646_lcam_front_lidar.ply/000646_lcam_front_lidar.ply,0.25,200,0.8,0.36542,0.00918,647,0.02646,0.99823,0.25573
000647_lcam_front_lidar.ply/000647_lcam_front_lidar.ply,0.25,200,0.8,0.42548,0.08129,648,0.00811,0.98825,0.03345
000648_lcam_front_lidar.ply/000648_lcam_front_lidar.ply,0.25,200,0.8,0.43753,-0.06355,649,0.01175,0.87372,0.11346
000649_lcam_front_lidar.ply/000649_lcam_front_lidar.ply,0.25,200,0.8,0.34665,0.05263,650,0.0079,0.99607,0.01721
000650_lcam_front_lidar.ply/000650_lcam_front_lidar.ply,0.25,200,0.8,0.45159,-0.08079,651,0.0118,0.89011,0.13481
000651_lcam_front_lidar.ply/000651_lcam_front_lidar.ply,0.25,200,0.8,0.48224,-0.10317,652,0.01199,0.8419,0.30705
000652_lcam_front_lidar.ply/000652_lcam_front_lidar.ply,0.25,200,0.8,0.52222,0.03013,653,0.01601,0.9886,0.27884
000653_lcam_front_lidar.ply/000653_lcam_front_lidar.ply,0.25,200,0.8,0.51771,0.11472,654,0.00735,0.99649,0.01444
000654_lcam_front_lidar.ply/000654_lcam_front_lidar.ply,0.25,200,0.8,0.63905,-0.02343,655,0.01347,0.93515,0.03516
000655_lcam_front_lidar.ply/000655_lcam_front_lidar.ply,0.25,200,0.8,0.47585,-0.01715,656,0.01411,0.96206,0.0588
000656_lcam_front_lidar.ply/000656_lcam_front_lidar.ply,0.25,200,0.8,0.41962,-0.14301,657,0.04224,0.98751,0.38873
000657_lcam_front_lidar.ply/000657_lcam_front_lidar.ply,0.25,200,0.8,0.45864,0.0027,658,0.04444,0.95427,0.35776
000658_lcam_front_lidar.ply/000658_lcam_front_lidar.ply,0.25,200,0.8,0.39781,0.11603,659,0.01261,0.9616,0.04423
000659_lcam_front_lidar.ply/000659_lcam_front_lidar.ply,0.25,200,0.8,0.42661,-0.04752,660,0.01236,0.84706,0.08442
000660_lcam_front_lidar.ply/000660_lcam_front_lidar.ply,0.25,200,0.8,0.3883,0.02606,661,0.01236,0.90678,0.03021
000661_lcam_front_lidar.ply/000661_lcam_front_lidar.ply,0.25,200,0.8,0.44491,-0.13682,662,0.04545,0.92222,0.35466
000662_lcam_front_lidar.ply/000662_lcam_front_lidar.ply,0.25,200,0.8,0.5171,0.03074,663,0.0215,0.98977,0.24555
000663_lcam_front_lidar.ply/000663_lcam_front_lidar.ply,0.25,200,0.8,0.50164,-0.05835,664,0.04081,0.86441,0.34328
000664_lcam_front_lidar.ply/000664_lcam_front_lidar.ply,0.25,200,0.8,0.42078,0.13149,665,0.01282,0.91996,0.02097
000665_lcam_front_lidar.ply/000665_lcam_front_lidar.ply,0.25,200,0.8,0.49079,-0.1427,666,0.04353,0.84827,0.32628
000666_lcam_front_lidar.ply/000666_lcam_front_lidar.ply,0.25,200,0.8,0.44401,-0.00857,667,0.0304,0.80107,0.28301
000667_lcam_front_lidar.ply/000667_lcam_front_lidar.ply,0.25,200,0.8,0.40716,-0.00255,668,0.03102,0.8142,0.27329
000668_lcam_front_lidar.ply/000668_lcam_front_lidar.ply,0.25,200,0.8,0.37194,-0.0145,669,0.03196,0.80951,0.28276
000669_lcam_front_lidar.ply/000669_lcam_front_lidar.ply,0.25,200,0.8,0.48475,0.12711,670,0.00628,0.98506,0.00984
000670_lcam_front_lidar.ply/000670_lcam_front_lidar.ply,0.25,200,0.8,0.32336,-0.00942,671,0.01053,0.99519,0.0202
000671_lcam_front_lidar.ply/000671_lcam_front_lidar.ply,0.25,200,0.8,0.38588,-0.05702,672,0.014,0.82116,0.06898
000672_lcam_front_lidar.ply/000672_lcam_front_lidar.ply,0.25,200,0.8,0.38629,-0.10213,673,0.03845,0.98775,0.35212
000673_lcam_front_lidar.ply/000673_lcam_front_lidar.ply,0.25,200,0.8,0.4888,0.02874,674,0.01289,0.96542,0.21682
000674_lcam_front_lidar.ply/000674_lcam_front_lidar.ply,0.25,200,0.8,0.36549,-0.01472,675,0.01797,0.97184,0.23835
000675_lcam_front_lidar.ply/000675_lcam_front_lidar.ply,0.25,200,0.8,0.30577,-0.01186,676,0.01835,0.97261,0.24306
000676_lcam_front_lidar.ply/000676_lcam_front_lidar.ply,0.25,200,0.8,0.38326,-0.042,677,0.02719,0.988,0.32936
000677_lcam_front_lidar.ply/000677_lcam_front_lidar.ply,0.25,200,0.8,0.32686,0.0277,678,0.01331,0.96577,0.21953
000678_lcam_front_lidar.ply/000678_lcam_front_lidar.ply,0.25,200,0.8,0.36067,-0.02335,679,0.01923,0.9744,0.26066
000679_lcam_front_lidar.ply/000679_lcam_front_lidar.ply,0.25,200,0.8,0.2967,-0.03204,680,0.01919,0.9996,0.31221
000680_lcam_front_lidar.ply/000680_lcam_front_lidar.ply,0.25,200,0.8,0.33195,0.01112,681,0.02038,0.97526,0.26506
000681_lcam_front_lidar.ply/000681_lcam_front_lidar.ply,0.25,200,0.8,0.29556,-0.00106,682,0.02066,0.97458,0.24752
000682_lcam_front_lidar.ply/000682_lcam_front_lidar.ply,0.25,200,0.8,0.35918,0.0402,683,0.01301,0.99485,0.13791
000683_lcam_front_lidar.ply/000683_lcam_front_lidar.ply,0.25,200,0.8,0.29085,-0.03308,684,0.01778,0.98449,0.19049
000684_lcam_front_lidar.ply/000684_lcam_front_lidar.ply,0.25,200,0.8,0.36332,0.03253,685,0.01074,0.87604,0.0588
000685_lcam_front_lidar.ply/000685_lcam_front_lidar.ply,0.25,200,0.8,0.34498,-0.00131,686,0.01072,0.94866,0.06317
000686_lcam_front_lidar.ply/000686_lcam_front_lidar.ply,0.25,200,0.8,0.3,0.00624,687,0.00781,0.97361,0.03236
000687_lcam_front_lidar.ply/000687_lcam_front_lidar.ply,0.25,200,0.8,0.31945,-0.01585,688,0.00976,0.98087,0.05013
000688_lcam_front_lidar.ply/000688_lcam_front_lidar.ply,0.25,200,0.8,0.35969,-0.01925,689,0.01029,0.96602,0.06525
000689_lcam_front_lidar.ply/000689_lcam_front_lidar.ply,0.25,200,0.8,0.36039,-0.00978,690,0.01017,0.96,0.06275
000690_lcam_front_lidar.ply/000690_lcam_front_lidar.ply,0.25,200,0.8,0.3077,-0.01027,691,0.0104,0.9561,0.06259
000691_lcam_front_lidar.ply/000691_lcam_front_lidar.ply,0.25,200,0.8,0.48577,-0.08371,692,0.01715,0.8629,0.19556
000692_lcam_front_lidar.ply/000692_lcam_front_lidar.ply,0.25,200,0.8,0.35445,0.06341,693,0.00979,0.94697,0.05924
000693_lcam_front_lidar.ply/000693_lcam_front_lidar.ply,0.25,200,0.8,0.33119,-0.01474,694,0.00995,0.91403,0.05917
000694_lcam_front_lidar.ply/000694_lcam_front_lidar.ply,0.25,200,0.8,0.38038,0.0148,695,0.00973,0.99175,0.03242
000695_lcam_front_lidar.ply/000695_lcam_front_lidar.ply,0.25,200,0.8,0.41193,-0.02087,696,0.0097,0.98083,0.05084
000696_lcam_front_lidar.ply/000696_lcam_front_lidar.ply,0.25,200,0.8,0.37148,-0.02046,697,0.00992,0.94012,0.05998
000697_lcam_front_lidar.ply/000697_lcam_front_lidar.ply,0.25,200,0.8,0.36573,0.00062,698,0.00995,0.98407,0.05198
000698_lcam_front_lidar.ply/000698_lcam_front_lidar.ply,0.25,200,0.8,0.3014,-0.00825,699,0.00915,0.97349,0.04371
000699_lcam_front_lidar.ply/000699_lcam_front_lidar.ply,0.25,200,0.8,0.43825,-0.01134,700,0.0103,0.98497,0.05213
000700_lcam_front_lidar.ply/000700_lcam_front_lidar.ply,0.25,200,0.8,0.28072,-0.01046,701,0.01017,0.9842,0.05256
000701_lcam_front_lidar.ply/000701_lcam_front_lidar.ply,0.25,200,0.8,0.3271,-0.01392,702,0.00982,0.96387,0.05358
000702_lcam_front_lidar.ply/000702_lcam_front_lidar.ply,0.25,200,0.8,0.33539,-0.00778,703,0.01013,0.98661,0.05659
000703_lcam_front_lidar.ply/000703_lcam_front_lidar.ply,0.25,200,0.8,0.29291,-0.00867,704,0.00976,0.9777,0.05051
000704_lcam_front_lidar.ply/000704_lcam_front_lidar.ply,0.25,200,0.8,0.28382,-0.00923,705,0.00904,0.97745,0.04747
000705_lcam_front_lidar.ply/000705_lcam_front_lidar.ply,0.25,200,0.8,0.34865,-0.0111,706,0.01043,0.98141,0.05364
000706_lcam_front_lidar.ply/000706_lcam_front_lidar.ply,0.25,200,0.8,0.28368,-0.01003,707,0.0102,0.98142,0.05324
000707_lcam_front_lidar.ply/000707_lcam_front_lidar.ply,0.25,200,0.8,0.38026,-0.00028,708,0.00889,0.97173,0.02828
000708_lcam_front_lidar.ply/000708_lcam_front_lidar.ply,0.25,200,0.8,0.32228,-0.01948,709,0.01047,0.97971,0.05278
000709_lcam_front_lidar.ply/000709_lcam_front_lidar.ply,0.25,200,0.8,0.26362,-0.00071,710,0.00868,0.9717,0.02823
000710_lcam_front_lidar.ply/000710_lcam_front_lidar.ply,0.25,200,0.8,0.26385,0.0018,711,0.00965,0.99862,0.01464
000711_lcam_front_lidar.ply/000711_lcam_front_lidar.ply,0.25,200,0.8,0.31192,-0.01026,712,0.00967,0.99862,0.01519
000712_lcam_front_lidar.ply/000712_lcam_front_lidar.ply,0.25,200,0.8,0.27513,-0.03677,713,0.01456,0.95161,0.06442
000713_lcam_front_lidar.ply/000713_lcam_front_lidar.ply,0.25,200,0.8,0.25165,-0.04995,714,0.01525,0.88688,0.12627
000714_lcam_front_lidar.ply/000714_lcam_front_lidar.ply,0.25,200,0.8,0.44876,0.05404,715,0.00843,0.98662,0.01446
000715_lcam_front_lidar.ply/000715_lcam_front_lidar.ply,0.25,200,0.8,0.24555,-0.01587,716,0.00925,0.98815,0.0283
000716_lcam_front_lidar.ply/000716_lcam_front_lidar.ply,0.25,200,0.8,0.27913,0.00048,717,0.00748,0.998,0.00675
000717_lcam_front_lidar.ply/000717_lcam_front_lidar.ply,0.25,200,0.8,0.33378,-0.01223,718,0.00778,0.99492,0.01087
000718_lcam_front_lidar.ply/000718_lcam_front_lidar.ply,0.25,200,0.8,0.27194,-0.01271,719,0.00839,0.98665,0.01506
000719_lcam_front_lidar.ply/000719_lcam_front_lidar.ply,0.25,200,0.8,0.33575,-0.00526,720,0.00727,0.99795,0.00672
000720_lcam_front_lidar.ply/000720_lcam_front_lidar.ply,0.25,200,0.8,0.24563,-0.01212,721,0.00775,0.99485,0.01101
000721_lcam_front_lidar.ply/000721_lcam_front_lidar.ply,0.25,200,0.8,0.27908,-0.01635,722,0.00816,0.99314,0.02402
000722_lcam_front_lidar.ply/000722_lcam_front_lidar.ply,0.25,200,0.8,0.33013,-0.14633,723,0.02027,0.91819,0.29842
000723_lcam_front_lidar.ply/000723_lcam_front_lidar.ply,0.25,200,0.8,0.22551,-0.01571,724,0.01377,0.95753,0.30864
000724_lcam_front_lidar.ply/000724_lcam_front_lidar.ply,0.25,200,0.8,0.29176,0.07019,725,0.01084,0.94165,0.13765
000725_lcam_front_lidar.ply/000725_lcam_front_lidar.ply,0.25,200,0.8,0.33107,-0.00812,726,0.01727,0.95473,0.15068
000726_lcam_front_lidar.ply/000726_lcam_front_lidar.ply,0.25,200,0.8,0.27456,0.00505,727,0.00259,0.99809,0.10423
000727_lcam_front_lidar.ply/000727_lcam_front_lidar.ply,0.25,200,0.8,0.28166,-0.02709,728,0.01724,0.99454,0.16663
000728_lcam_front_lidar.ply/000728_lcam_front_lidar.ply,0.25,200,0.8,0.43413,0.05019,729,0.00812,0.98906,0.02636
000729_lcam_front_lidar.ply/000729_lcam_front_lidar.ply,0.25,200,0.8,0.27787,-0.00733,730,0.0081,0.98865,0.02085
000730_lcam_front_lidar.ply/000730_lcam_front_lidar.ply,0.25,200,0.8,0.2687,-0.08664,731,0.02085,0.96337,0.19206
000731_lcam_front_lidar.ply/000731_lcam_front_lidar.ply,0.25,200,0.8,0.33045,-0.02645,732,0.05248,0.83409,0.24944
000732_lcam_front_lidar.ply/000732_lcam_front_lidar.ply,0.25,200,0.8,0.28379,-0.02108,733,0.00808,0.88705,0.19867
000733_lcam_front_lidar.ply/000733_lcam_front_lidar.ply,0.25,200,0.8,0.28768,-0.01041,734,0.05019,0.82542,0.26522
000734_lcam_front_lidar.ply/000734_lcam_front_lidar.ply,0.25,200,0.8,0.44371,-0.05315,735,0.00712,0.96151,0.30621
000735_lcam_front_lidar.ply/000735_lcam_front_lidar.ply,0.25,200,0.8,0.29573,0.01676,736,0.01927,0.93857,0.27011
000736_lcam_front_lidar.ply/000736_lcam_front_lidar.ply,0.25,200,0.8,0.2595,0.10586,737,0.00783,0.97776,0.02726
000737_lcam_front_lidar.ply/000737_lcam_front_lidar.ply,0.25,200,0.8,0.41302,-0.0728,738,0.01056,0.84388,0.11816
000738_lcam_front_lidar.ply/000738_lcam_front_lidar.ply,0.25,200,0.8,0.28115,0.0519,739,0.00775,0.97614,0.02841
000739_lcam_front_lidar.ply/000739_lcam_front_lidar.ply,0.25,200,0.8,0.38409,-0.03737,740,0.01012,0.95565,0.08174
000740_lcam_front_lidar.ply/000740_lcam_front_lidar.ply,0.25,200,0.8,0.34046,-0.03607,741,0.0099,0.98932,0.14354
000741_lcam_front_lidar.ply/000741_lcam_front_lidar.ply,0.25,200,0.8,0.29735,-0.0849,742,0.02404,0.92839,0.30333
000742_lcam_front_lidar.ply/000742_lcam_front_lidar.ply,0.25,200,0.8,0.28169,0.19285,743,0.1562,0.99993,0.18341
000743_lcam_front_lidar.ply/000743_lcam_front_lidar.ply,0.25,200,0.8,0.30343,-0.07048,744,0.00813,0.99818,0.00769
000744_lcam_front_lidar.ply/000744_lcam_front_lidar.ply,0.25,200,0.8,0.28164,-0.17385,745,0.02157,0.9207,0.33905
000745_lcam_front_lidar.ply/000745_lcam_front_lidar.ply,0.25,200,0.8,0.31182,0.08113,746,0.01737,0.99892,0.17186
000746_lcam_front_lidar.ply/000746_lcam_front_lidar.ply,0.25,200,0.8,0.34203,0.06161,747,0.00749,0.98996,0.00619
000747_lcam_front_lidar.ply/000747_lcam_front_lidar.ply,0.25,200,0.8,0.253,-0.04175,748,0.00853,0.92317,0.05173
000748_lcam_front_lidar.ply/000748_lcam_front_lidar.ply,0.25,200,0.8,0.26235,0.08339,749,0.14968,0.99996,0.17028
000749_lcam_front_lidar.ply/000749_lcam_front_lidar.ply,0.25,200,0.8,0.31211,-0.08699,750,0.00755,0.97033,0.03112
000750_lcam_front_lidar.ply/000750_lcam_front_lidar.ply,0.25,200,0.8,0.26641,0.00468,751,0.00647,0.9898,0.00544
000751_lcam_front_lidar.ply/000751_lcam_front_lidar.ply,0.25,200,0.8,0.2747,-0.00837,752,0.00716,0.99896,0.0063
000752_lcam_front_lidar.ply/000752_lcam_front_lidar.ply,0.25,200,0.8,0.29902,-0.06867,753,0.01119,0.83446,0.08235
000753_lcam_front_lidar.ply/000753_lcam_front_lidar.ply,0.25,200,0.8,0.28962,0.02387,754,0.00764,0.93278,0.03701
000754_lcam_front_lidar.ply/000754_lcam_front_lidar.ply,0.25,200,0.8,0.30301,-0.03355,755,0.01235,0.9834,0.10871
000755_lcam_front_lidar.ply/000755_lcam_front_lidar.ply,0.25,200,0.8,0.291,0.02214,756,0.00828,0.97292,0.03315
000756_lcam_front_lidar.ply/000756_lcam_front_lidar.ply,0.25,200,0.8,0.3052,-0.01752,757,0.00775,0.94766,0.03955
000757_lcam_front_lidar.ply/000757_lcam_front_lidar.ply,0.25,200,0.8,0.25746,0.00844,758,0.00803,0.99167,0.01645
000758_lcam_front_lidar.ply/000758_lcam_front_lidar.ply,0.25,200,0.8,0.25124,-0.05704,759,0.01088,0.96825,0.10919
000759_lcam_front_lidar.ply/000759_lcam_front_lidar.ply,0.25,200,0.8,0.26663,-0.01339,760,0.0109,0.95183,0.11109
000760_lcam_front_lidar.ply/000760_lcam_front_lidar.ply,0.25,200,0.8,0.30052,-0.0198,761,0.00751,0.99767,0.13766
000761_lcam_front_lidar.ply/000761_lcam_front_lidar.ply,0.25,200,0.8,0.254,-0.00592,762,0.00991,0.8918,0.10255
000762_lcam_front_lidar.ply/000762_lcam_front_lidar.ply,0.25,200,0.8,0.26429,0.10869,763,0.15039,0.99995,0.17857
000763_lcam_front_lidar.ply/000763_lcam_front_lidar.ply,0.25,200,0.8,0.31255,-0.13037,764,0.01094,0.89292,0.10832
000764_lcam_front_lidar.ply/000764_lcam_front_lidar.ply,0.25,200,0.8,0.26292,0.03386,765,0.00792,0.97501,0.03918
000765_lcam_front_lidar.ply/000765_lcam_front_lidar.ply,0.25,200,0.8,0.28797,-0.16189,766,0.01063,0.92709,0.33399
000766_lcam_front_lidar.ply/000766_lcam_front_lidar.ply,0.25,200,0.8,0.265,0.21537,767,0.15444,0.99989,0.19273
000767_lcam_front_lidar.ply/000767_lcam_front_lidar.ply,0.25,200,0.8,0.23654,-0.20135,768,0.01072,0.87086,0.24929
000768_lcam_front_lidar.ply/000768_lcam_front_lidar.ply,0.25,200,0.8,0.36595,0.06558,769,0.00836,0.82784,0.08049
000769_lcam_front_lidar.ply/000769_lcam_front_lidar.ply,0.25,200,0.8,0.28276,-0.00496,770,0.00956,0.97381,0.1166
000770_lcam_front_lidar.ply/000770_lcam_front_lidar.ply,0.25,200,0.8,0.30123,0.02305,771,0.00871,0.95819,0.04413
000771_lcam_front_lidar.ply/000771_lcam_front_lidar.ply,0.25,200,0.8,0.32356,-0.03224,772,0.01139,0.98288,0.10136
000772_lcam_front_lidar.ply/000772_lcam_front_lidar.ply,0.25,200,0.8,0.27163,0.00581,773,0.00428,0.83174,0.01017
000773_lcam_front_lidar.ply/000773_lcam_front_lidar.ply,0.25,200,0.8,0.35965,0.01362,774,0.0085,0.99063,0.01906
000774_lcam_front_lidar.ply/000774_lcam_front_lidar.ply,0.25,200,0.8,0.28125,0.0644,775,0.16324,0.99995,0.18252
000775_lcam_front_lidar.ply/000775_lcam_front_lidar.ply,0.25,200,0.8,0.30537,-0.08406,776,0.00918,0.99032,0.01963
000776_lcam_front_lidar.ply/000776_lcam_front_lidar.ply,0.25,200,0.8,0.28689,-0.06021,777,0.00989,0.91871,0.09999
000777_lcam_front_lidar.ply/000777_lcam_front_lidar.ply,0.25,200,0.8,0.2378,0.0115,778,0.00948,0.94751,0.06481
000778_lcam_front_lidar.ply/000778_lcam_front_lidar.ply,0.25,200,0.8,0.30421,-0.01276,779,0.00954,0.87744,0.04942
000779_lcam_front_lidar.ply/000779_lcam_front_lidar.ply,0.25,200,0.8,0.32795,0.01326,780,0.00839,0.98763,0.03367
000780_lcam_front_lidar.ply/000780_lcam_front_lidar.ply,0.25,200,0.8,0.26614,-0.01015,781,0.00841,0.98713,0.03383
000781_lcam_front_lidar.ply/000781_lcam_front_lidar.ply,0.25,200,0.8,0.30066,-0.03916,782,0.01053,0.93174,0.07978
000782_lcam_front_lidar.ply/000782_lcam_front_lidar.ply,0.25,200,0.8,0.25878,0.09075,783,0.15456,0.99994,0.18681
000783_lcam_front_lidar.ply/000783_lcam_front_lidar.ply,0.25,200,0.8,0.27782,-0.25915,784,0.0105,0.97645,0.38995
000784_lcam_front_lidar.ply/000784_lcam_front_lidar.ply,0.25,200,0.8,0.27014,0.16494,785,0.0094,0.98243,0.03967
000785_lcam_front_lidar.ply/000785_lcam_front_lidar.ply,0.25,200,0.8,0.33041,-0.00959,786,0.00891,0.98177,0.03766
000786_lcam_front_lidar.ply/000786_lcam_front_lidar.ply,0.25,200,0.8,0.34517,-0.0098,787,0.00875,0.98083,0.03666
000787_lcam_front_lidar.ply/000787_lcam_front_lidar.ply,0.25,200,0.8,0.31145,0.07079,788,0.14899,0.99993,0.16129
000788_lcam_front_lidar.ply/000788_lcam_front_lidar.ply,0.25,200,0.8,0.27264,-0.19345,789,0.01202,0.97741,0.24749
000789_lcam_front_lidar.ply/000789_lcam_front_lidar.ply,0.25,200,0.8,0.31097,-0.02371,790,0.02787,0.8378,0.26471
000790_lcam_front_lidar.ply/000790_lcam_front_lidar.ply,0.25,200,0.8,0.32162,0.10582,791,0.00954,0.98346,0.04012
000791_lcam_front_lidar.ply/000791_lcam_front_lidar.ply,0.25,200,0.8,0.36064,-0.01253,792,0.01004,0.98624,0.04701
000792_lcam_front_lidar.ply/000792_lcam_front_lidar.ply,0.25,200,0.8,0.37722,-0.00843,793,0.0097,0.98522,0.0429
000793_lcam_front_lidar.ply/000793_lcam_front_lidar.ply,0.25,200,0.8,0.31863,-0.00083,794,0.009,0.98952,0.02444
000794_lcam_front_lidar.ply/000794_lcam_front_lidar.ply,0.25,200,0.8,0.35365,-0.01885,795,0.01016,0.98651,0.04356
000795_lcam_front_lidar.ply/000795_lcam_front_lidar.ply,0.25,200,0.8,0.38167,-0.11629,796,0.01204,0.99561,0.26264
000796_lcam_front_lidar.ply/000796_lcam_front_lidar.ply,0.25,200,0.8,0.31613,0.09836,797,0.00941,0.98557,0.03766
000797_lcam_front_lidar.ply/000797_lcam_front_lidar.ply,0.25,200,0.8,0.36396,-0.01824,798,0.00937,0.99197,0.05598
000798_lcam_front_lidar.ply/000798_lcam_front_lidar.ply,0.25,200,0.8,0.37845,0.00825,799,0.00801,0.96572,0.00887
000799_lcam_front_lidar.ply/000799_lcam_front_lidar.ply,0.25,200,0.8,0.30871,-0.06637,800,0.00927,0.99942,0.13426
000800_lcam_front_lidar.ply/000800_lcam_front_lidar.ply,0.25,200,0.8,0.35359,0.03593,801,0.00743,0.95717,0.02603
000801_lcam_front_lidar.ply/000801_lcam_front_lidar.ply,0.25,200,0.8,0.35776,-0.13203,802,0.01534,0.9236,0.27584
000802_lcam_front_lidar.ply/000802_lcam_front_lidar.ply,0.25,200,0.8,0.33159,0.11812,803,0.00826,0.98812,0.02481
000803_lcam_front_lidar.ply/000803_lcam_front_lidar.ply,0.25,200,0.8,0.32851,-0.11251,804,0.01461,0.99747,0.24532
000804_lcam_front_lidar.ply/000804_lcam_front_lidar.ply,0.25,200,0.8,0.28751,-0.01762,805,0.03922,0.86741,0.27077
000805_lcam_front_lidar.ply/000805_lcam_front_lidar.ply,0.25,200,0.8,0.43725,0.01298,806,0.01,0.95221,0.1918
000806_lcam_front_lidar.ply/000806_lcam_front_lidar.ply,0.25,200,0.8,0.30525,-0.00751,807,0.03412,0.89057,0.21658
000807_lcam_front_lidar.ply/000807_lcam_front_lidar.ply,0.25,200,0.8,0.32568,-0.01412,808,0.02559,0.80909,0.18331
000808_lcam_front_lidar.ply/000808_lcam_front_lidar.ply,0.25,200,0.8,0.36573,-0.03837,809,0.03938,0.84723,0.27908
000809_lcam_front_lidar.ply/000809_lcam_front_lidar.ply,0.25,200,0.8,0.43479,0.0049,810,0.0331,0.88475,0.24796
000810_lcam_front_lidar.ply/000810_lcam_front_lidar.ply,0.25,200,0.8,0.28481,-0.06564,811,0.02735,0.996,0.38112
000811_lcam_front_lidar.ply/000811_lcam_front_lidar.ply,0.25,200,0.8,0.32785,-0.01641,812,0.02776,0.99001,0.39298
000812_lcam_front_lidar.ply/000812_lcam_front_lidar.ply,0.25,200,0.8,0.37417,0.00839,813,0.0325,0.98116,0.36301
000813_lcam_front_lidar.ply/000813_lcam_front_lidar.ply,0.25,200,0.8,0.27424,-0.0284,814,0.03264,0.82355,0.35281
000814_lcam_front_lidar.ply/000814_lcam_front_lidar.ply,0.25,200,0.8,0.28846,0.00534,815,0.03077,0.88203,0.33594
000815_lcam_front_lidar.ply/000815_lcam_front_lidar.ply,0.25,200,0.8,0.27294,0.21216,816,0.1576,0.99994,0.18065
000816_lcam_front_lidar.ply/000816_lcam_front_lidar.ply,0.25,200,0.8,0.35341,-0.24619,817,0.03386,0.83928,0.35736
000817_lcam_front_lidar.ply/000817_lcam_front_lidar.ply,0.25,200,0.8,0.35871,0.03532,818,0.01775,0.84901,0.23743
000818_lcam_front_lidar.ply/000818_lcam_front_lidar.ply,0.25,200,0.8,0.31388,-0.02972,819,0.03446,0.9979,0.35495
000819_lcam_front_lidar.ply/000819_lcam_front_lidar.ply,0.25,200,0.8,0.4108,-0.00544,820,0.03039,0.99542,0.33696
000820_lcam_front_lidar.ply/000820_lcam_front_lidar.ply,0.25,200,0.8,0.39296,-0.03537,821,0.02164,0.84443,0.3249
000821_lcam_front_lidar.ply/000821_lcam_front_lidar.ply,0.25,200,0.8,0.37143,0.00806,822,0.03291,0.99603,0.35682
000822_lcam_front_lidar.ply/000822_lcam_front_lidar.ply,0.25,200,0.8,0.37274,0.02343,823,0.03356,0.92675,0.27047
000823_lcam_front_lidar.ply/000823_lcam_front_lidar.ply,0.25,200,0.8,0.37638,0.10362,824,0.00427,0.99349,0.00468
000824_lcam_front_lidar.ply/000824_lcam_front_lidar.ply,0.25,200,0.8,0.34502,-0.11394,825,0.03869,0.90979,0.25628
000825_lcam_front_lidar.ply/000825_lcam_front_lidar.ply,0.25,200,0.8,0.39048,-0.0385,826,0.03711,0.99451,0.33553
000826_lcam_front_lidar.ply/000826_lcam_front_lidar.ply,0.25,200,0.8,0.35199,0.01938,827,0.04192,0.91461,0.26242
000827_lcam_front_lidar.ply/000827_lcam_front_lidar.ply,0.25,200,0.8,0.35981,0.00954,828,0.04164,0.99204,0.246
000828_lcam_front_lidar.ply/000828_lcam_front_lidar.ply,0.25,200,0.8,0.43082,-0.06064,829,0.04374,0.99592,0.35265
000829_lcam_front_lidar.ply/000829_lcam_front_lidar.ply,0.25,200,0.8,0.45223,0.13626,830,0.11002,1.0,0.1939
000830_lcam_front_lidar.ply/000830_lcam_front_lidar.ply,0.25,200,0.8,0.38579,0.04958,831,0.1699,0.99984,0.19446
000831_lcam_front_lidar.ply/000831_lcam_front_lidar.ply,0.25,200,0.8,0.38326,-0.20116,832,0.04589,0.99207,0.32643
000832_lcam_front_lidar.ply/000832_lcam_front_lidar.ply,0.25,200,0.8,0.37067,-0.02116,833,0.04617,0.99861,0.35127
000833_lcam_front_lidar.ply/000833_lcam_front_lidar.ply,0.25,200,0.8,0.31487,0.10954,834,0.07001,0.99905,0.15999
000834_lcam_front_lidar.ply/000834_lcam_front_lidar.ply,0.25,200,0.8,0.49862,-0.11848,835,0.04733,0.98703,0.32799
000835_lcam_front_lidar.ply/000835_lcam_front_lidar.ply,0.25,200,0.8,0.3672,-0.01387,836,0.04814,0.9949,0.33972
000836_lcam_front_lidar.ply/000836_lcam_front_lidar.ply,0.25,200,0.8,0.35645,-0.00551,837,0.05018,0.98764,0.33263
000837_lcam_front_lidar.ply/000837_lcam_front_lidar.ply,0.25,200,0.8,0.41755,-0.0562,838,0.01327,0.9659,0.34468
000838_lcam_front_lidar.ply/000838_lcam_front_lidar.ply,0.25,200,0.8,0.40387,0.00446,839,0.01831,0.98191,0.33066
000839_lcam_front_lidar.ply/000839_lcam_front_lidar.ply,0.25,200,0.8,0.37016,-0.01929,840,0.01848,0.94139,0.3374
000840_lcam_front_lidar.ply/000840_lcam_front_lidar.ply,0.25,200,0.8,0.41543,0.02241,841,0.04709,0.99664,0.34639
000841_lcam_front_lidar.ply/000841_lcam_front_lidar.ply,0.25,200,0.8,0.34141,-0.03468,842,0.02531,0.99927,0.35297
000842_lcam_front_lidar.ply/000842_lcam_front_lidar.ply,0.25,200,0.8,0.4025,-0.01518,843,0.03037,0.98957,0.37054
000843_lcam_front_lidar.ply/000843_lcam_front_lidar.ply,0.25,200,0.8,0.39903,0.22187,844,0.17064,0.99992,0.19046
000844_lcam_front_lidar.ply/000844_lcam_front_lidar.ply,0.25,200,0.8,0.40908,-0.2487,845,0.03286,0.86104,0.35063
000845_lcam_front_lidar.ply/000845_lcam_front_lidar.ply,0.25,200,0.8,0.25522,0.22874,846,0.16558,0.99981,0.18022
000846_lcam_front_lidar.ply/000846_lcam_front_lidar.ply,0.25,200,0.8,0.35376,-0.00921,847,0.15894,1.0,0.1654
000847_lcam_front_lidar.ply/000847_lcam_front_lidar.ply,0.25,200,0.8,0.43236,-0.21885,848,0.01736,0.912,0.27354
000848_lcam_front_lidar.ply/000848_lcam_front_lidar.ply,0.25,200,0.8,0.36845,-0.01534,849,0.01369,0.87138,0.26471
000849_lcam_front_lidar.ply/000849_lcam_front_lidar.ply,0.25,200,0.8,0.32879,-0.01105,850,0.05437,0.84585,0.3405
000850_lcam_front_lidar.ply/000850_lcam_front_lidar.ply,0.25,200,0.8,0.34607,0.19296,851,0.16129,0.9999,0.19463
000851_lcam_front_lidar.ply/000851_lcam_front_lidar.ply,0.25,200,0.8,0.36747,-0.10131,852,0.00968,0.96293,0.06295
000852_lcam_front_lidar.ply/000852_lcam_front_lidar.ply,0.25,200,0.8,0.39664,-0.12563,853,0.01206,0.94704,0.29422
000853_lcam_front_lidar.ply/000853_lcam_front_lidar.ply,0.25,200,0.8,0.34312,0.01595,854,0.04682,0.99454,0.32608
000854_lcam_front_lidar.ply/000854_lcam_front_lidar.ply,0.25,200,0.8,0.37891,-0.01318,855,0.04903,0.99942,0.33833
000855_lcam_front_lidar.ply/000855_lcam_front_lidar.ply,0.25,200,0.8,0.34373,-0.0029,856,0.05111,0.99764,0.32775
000856_lcam_front_lidar.ply/000856_lcam_front_lidar.ply,0.25,200,0.8,0.40328,-0.04008,857,0.04439,0.98895,0.37186
000857_lcam_front_lidar.ply/000857_lcam_front_lidar.ply,0.25,200,0.8,0.34683,0.13053,858,0.09261,0.99966,0.19045
000858_lcam_front_lidar.ply/000858_lcam_front_lidar.ply,0.25,200,0.8,0.38867,-0.15081,859,0.04372,0.98851,0.37095
000859_lcam_front_lidar.ply/000859_lcam_front_lidar.ply,0.25,200,0.8,0.34016,0.01422,860,0.03999,0.87613,0.28134
000860_lcam_front_lidar.ply/000860_lcam_front_lidar.ply,0.25,200,0.8,0.36037,-0.00149,861,0.05404,0.99659,0.32855
000861_lcam_front_lidar.ply/000861_lcam_front_lidar.ply,0.25,200,0.8,0.40757,-0.0145,862,0.05315,0.99747,0.33605
000862_lcam_front_lidar.ply/000862_lcam_front_lidar.ply,0.25,200,0.8,0.3253,0.0675,863,0.08535,0.9973,0.24541
000863_lcam_front_lidar.ply/000863_lcam_front_lidar.ply,0.25,200,0.8,0.34315,-0.09154,864,0.04984,0.99707,0.33739
000864_lcam_front_lidar.ply/000864_lcam_front_lidar.ply,0.25,200,0.8,0.43071,-0.01427,865,0.01774,0.99584,0.28135
000865_lcam_front_lidar.ply/000865_lcam_front_lidar.ply,0.25,200,0.8,0.42976,-0.04008,866,0.01026,0.99895,0.32748
000866_lcam_front_lidar.ply/000866_lcam_front_lidar.ply,0.25,200,0.8,0.41563,0.03245,867,0.06709,0.84711,0.3107
000867_lcam_front_lidar.ply/000867_lcam_front_lidar.ply,0.25,200,0.8,0.40581,-0.0349,868,0.01921,0.98729,0.3068
000868_lcam_front_lidar.ply/000868_lcam_front_lidar.ply,0.25,200,0.8,0.37512,0.00514,869,0.03457,0.98499,0.30655
000869_lcam_front_lidar.ply/000869_lcam_front_lidar.ply,0.25,200,0.8,0.41898,0.09772,870,0.01016,0.98608,0.0426
000870_lcam_front_lidar.ply/000870_lcam_front_lidar.ply,0.25,200,0.8,0.46349,-0.11229,871,0.01573,0.99629,0.2614
000871_lcam_front_lidar.ply/000871_lcam_front_lidar.ply,0.25,200,0.8,0.40125,-0.01209,872,0.01181,0.97992,0.25282
000872_lcam_front_lidar.ply/000872_lcam_front_lidar.ply,0.25,200,0.8,0.4991,0.01186,873,0.02029,0.99852,0.23164
000873_lcam_front_lidar.ply/000873_lcam_front_lidar.ply,0.25,200,0.8,0.44432,-0.01567,874,0.01615,0.99659,0.23412
000874_lcam_front_lidar.ply/000874_lcam_front_lidar.ply,0.25,200,0.8,0.44367,0.07862,875,0.0112,0.98941,0.04484
000875_lcam_front_lidar.ply/000875_lcam_front_lidar.ply,0.25,200,0.8,0.49519,-0.11743,876,0.02229,0.99797,0.28443
000876_lcam_front_lidar.ply/000876_lcam_front_lidar.ply,0.25,200,0.8,0.4352,0.03809,877,0.01882,0.99862,0.18152
000877_lcam_front_lidar.ply/000877_lcam_front_lidar.ply,0.25,200,0.8,0.39681,-0.06465,878,0.03317,0.99795,0.31932
000878_lcam_front_lidar.ply/000878_lcam_front_lidar.ply,0.25,200,0.8,0.3676,-0.004,879,0.0202,0.99175,0.27953
000879_lcam_front_lidar.ply/000879_lcam_front_lidar.ply,0.25,200,0.8,0.46255,0.04859,880,0.01776,0.9981,0.15938
000880_lcam_front_lidar.ply/000880_lcam_front_lidar.ply,0.25,200,0.8,0.42866,-0.0396,881,0.01925,0.99825,0.22159
000881_lcam_front_lidar.ply/000881_lcam_front_lidar.ply,0.25,200,0.8,0.48721,-0.03575,882,0.02142,0.99782,0.27729
000882_lcam_front_lidar.ply/000882_lcam_front_lidar.ply,0.25,200,0.8,0.4334,0.03443,883,0.01809,0.99849,0.18199
000883_lcam_front_lidar.ply/000883_lcam_front_lidar.ply,0.25,200,0.8,0.46739,-0.0528,884,0.02057,0.99842,0.27252
000884_lcam_front_lidar.ply/000884_lcam_front_lidar.ply,0.25,200,0.8,0.38624,-0.02742,885,0.02132,0.99822,0.30882
000885_lcam_front_lidar.ply/000885_lcam_front_lidar.ply,0.25,200,0.8,0.40648,-0.0078,886,0.02066,0.99335,0.30162
000886_lcam_front_lidar.ply/000886_lcam_front_lidar.ply,0.25,200,0.8,0.41997,-0.01022,887,0.01887,0.97566,0.29317
000887_lcam_front_lidar.ply/000887_lcam_front_lidar.ply,0.25,200,0.8,0.42352,0.00085,888,0.06041,0.81757,0.30713
000888_lcam_front_lidar.ply/000888_lcam_front_lidar.ply,0.25,200,0.8,0.43854,-0.02697,889,0.01869,0.98272,0.30718
000889_lcam_front_lidar.ply/000889_lcam_front_lidar.ply,0.25,200,0.8,0.32055,0.0101,890,0.01687,0.99534,0.26714
000890_lcam_front_lidar.ply/000890_lcam_front_lidar.ply,0.25,200,0.8,0.34493,-0.04866,891,0.01452,0.94568,0.32484
000891_lcam_front_lidar.ply/000891_lcam_front_lidar.ply,0.25,200,0.8,0.39875,0.02476,892,0.05449,0.80708,0.29369
000892_lcam_front_lidar.ply/000892_lcam_front_lidar.ply,0.25,200,0.8,0.36644,0.01663,893,0.01554,0.97198,0.21198
000893_lcam_front_lidar.ply/000893_lcam_front_lidar.ply,0.25,200,0.8,0.40347,-0.07668,894,0.04381,0.91215,0.38393
000894_lcam_front_lidar.ply/000894_lcam_front_lidar.ply,0.25,200,0.8,0.32696,0.11194,895,0.01375,0.87102,0.06759
000895_lcam_front_lidar.ply/000895_lcam_front_lidar.ply,0.25,200,0.8,0.36097,-0.09001,896,0.03317,0.99246,0.3029
000896_lcam_front_lidar.ply/000896_lcam_front_lidar.ply,0.25,200,0.8,0.36995,0.09274,897,0.00528,0.95465,0.03028
000897_lcam_front_lidar.ply/000897_lcam_front_lidar.ply,0.25,200,0.8,0.3659,-0.11861,898,0.03314,0.99033,0.31393
000898_lcam_front_lidar.ply/000898_lcam_front_lidar.ply,0.25,200,0.8,0.31221,0.01845,899,0.02649,0.99321,0.2446
000899_lcam_front_lidar.ply/000899_lcam_front_lidar.ply,0.25,200,0.8,0.33327,-0.0306,900,0.03501,0.99175,0.30241
000900_lcam_front_lidar.ply/000900_lcam_front_lidar.ply,0.25,200,0.8,0.37266,-0.00396,901,0.05818,0.83868,0.29075
000901_lcam_front_lidar.ply/000901_lcam_front_lidar.ply,0.25,200,0.8,0.30001,0.04267,902,0.02081,0.98477,0.1545
000902_lcam_front_lidar.ply/000902_lcam_front_lidar.ply,0.25,200,0.8,0.3199,0.154,903,0.15739,0.99991,0.10421
000903_lcam_front_lidar.ply/000903_lcam_front_lidar.ply,0.25,200,0.8,0.39479,-0.21923,904,0.03193,0.99226,0.26946
000904_lcam_front_lidar.ply/000904_lcam_front_lidar.ply,0.25,200,0.8,0.39054,-0.02286,905,0.03699,0.98737,0.30383
000905_lcam_front_lidar.ply/000905_lcam_front_lidar.ply,0.25,200,0.8,0.41043,0.065,906,0.01682,0.9865,0.11323
000906_lcam_front_lidar.ply/000906_lcam_front_lidar.ply,0.25,200,0.8,0.29689,-0.06979,907,0.0101,0.85656,0.18039
000907_lcam_front_lidar.ply/000907_lcam_front_lidar.ply,0.25,200,0.8,0.32067,-0.02678,908,0.03621,0.98955,0.30607
000908_lcam_front_lidar.ply/000908_lcam_front_lidar.ply,0.25,200,0.8,0.416,-0.08161,909,0.01313,0.97359,0.39834
000909_lcam_front_lidar.ply/000909_lcam_front_lidar.ply,0.25,200,0.8,0.33867,0.26929,910,0.17847,0.99949,0.1782
000910_lcam_front_lidar.ply/000910_lcam_front_lidar.ply,0.25,200,0.8,0.33185,-0.21008,911,0.05721,0.91852,0.31155
000911_lcam_front_lidar.ply/000911_lcam_front_lidar.ply,0.25,200,0.8,0.36578,0.2049,912,0.17706,0.99978,0.14585
000912_lcam_front_lidar.ply/000912_lcam_front_lidar.ply,0.25,200,0.8,0.33092,-0.00522,913,0.16436,0.99993,0.11093
000913_lcam_front_lidar.ply/000913_lcam_front_lidar.ply,0.25,200,0.8,0.36083,-0.25833,914,0.03372,0.81925,0.29211
000914_lcam_front_lidar.ply/000914_lcam_front_lidar.ply,0.25,200,0.8,0.37079,0.22258,915,0.18162,0.99972,0.17688
000915_lcam_front_lidar.ply/000915_lcam_front_lidar.ply,0.25,200,0.8,0.46208,-0.21088,916,0.02428,0.95479,0.2505
000916_lcam_front_lidar.ply/000916_lcam_front_lidar.ply,0.25,200,0.8,0.44639,-0.05679,917,0.0326,0.80038,0.31438
000917_lcam_front_lidar.ply/000917_lcam_front_lidar.ply,0.25,200,0.8,0.34589,0.03846,918,0.05852,0.95331,0.31519
000918_lcam_front_lidar.ply/000918_lcam_front_lidar.ply,0.25,200,0.8,0.3261,0.19113,919,0.18201,0.99952,0.17377
000919_lcam_front_lidar.ply/000919_lcam_front_lidar.ply,0.25,200,0.8,0.35341,-0.23324,920,0.04885,0.82551,0.30172
000920_lcam_front_lidar.ply/000920_lcam_front_lidar.ply,0.25,200,0.8,0.38616,0.00842,921,0.03195,0.98854,0.27999
000921_lcam_front_lidar.ply/000921_lcam_front_lidar.ply,0.25,200,0.8,0.3454,-0.00744,922,0.03206,0.98817,0.27497
000922_lcam_front_lidar.ply/000922_lcam_front_lidar.ply,0.25,200,0.8,0.32226,-0.01309,923,0.01688,0.97529,0.24693
000923_lcam_front_lidar.ply/000923_lcam_front_lidar.ply,0.25,200,0.8,0.41319,0.19848,924,0.18648,0.99954,0.17643
000924_lcam_front_lidar.ply/000924_lcam_front_lidar.ply,0.25,200,0.8,0.35254,-0.20956,925,0.04557,0.88806,0.2603
000925_lcam_front_lidar.ply/000925_lcam_front_lidar.ply,0.25,200,0.8,0.40777,-0.01562,926,0.03339,0.98747,0.27702
000926_lcam_front_lidar.ply/000926_lcam_front_lidar.ply,0.25,200,0.8,0.37481,0.19565,927,0.1772,0.99966,0.157
000927_lcam_front_lidar.ply/000927_lcam_front_lidar.ply,0.25,200,0.8,0.32023,-0.21795,928,0.04246,0.87693,0.2666
000928_lcam_front_lidar.ply/000928_lcam_front_lidar.ply,0.25,200,0.8,0.37494,-0.01404,929,0.04372,0.85445,0.27044
000929_lcam_front_lidar.ply/000929_lcam_front_lidar.ply,0.25,200,0.8,0.38225,0.19872,930,0.18489,0.99952,0.17887
000930_lcam_front_lidar.ply/000930_lcam_front_lidar.ply,0.25,200,0.8,0.30226,-0.23094,931,0.03654,0.83292,0.27409
000931_lcam_front_lidar.ply/000931_lcam_front_lidar.ply,0.25,200,0.8,0.33931,0.20175,932,0.16537,0.99961,0.15825
000932_lcam_front_lidar.ply/000932_lcam_front_lidar.ply,0.25,200,0.8,0.34912,-0.20553,933,0.00889,0.96455,0.22584
000933_lcam_front_lidar.ply/000933_lcam_front_lidar.ply,0.25,200,0.8,0.35369,0.19238,934,0.17095,0.99952,0.15568
000934_lcam_front_lidar.ply/000934_lcam_front_lidar.ply,0.25,200,0.8,0.31313,-0.20268,935,0.01191,0.97734,0.21632
000935_lcam_front_lidar.ply/000935_lcam_front_lidar.ply,0.25,200,0.8,0.31588,0.16978,936,0.15933,0.99964,0.15826
000936_lcam_front_lidar.ply/000936_lcam_front_lidar.ply,0.25,200,0.8,0.37879,-0.18884,937,0.01057,0.9793,0.21232
000937_lcam_front_lidar.ply/000937_lcam_front_lidar.ply,0.25,200,0.8,0.31947,0.17714,938,0.16471,0.99973,0.15245
000938_lcam_front_lidar.ply/000938_lcam_front_lidar.ply,0.25,200,0.8,0.35046,-0.10717,939,0.00789,0.96804,0.02364
000939_lcam_front_lidar.ply/000939_lcam_front_lidar.ply,0.25,200,0.8,0.33788,-0.11064,940,0.03338,0.87791,0.24885
000940_lcam_front_lidar.ply/000940_lcam_front_lidar.ply,0.25,200,0.8,0.42362,0.09057,941,0.0079,0.96816,0.02384
000941_lcam_front_lidar.ply/000941_lcam_front_lidar.ply,0.25,200,0.8,0.49069,-0.01019,942,0.00784,0.96787,0.02401
000942_lcam_front_lidar.ply/000942_lcam_front_lidar.ply,0.25,200,0.8,0.37102,-0.06306,943,0.00962,0.97562,0.13601
000943_lcam_front_lidar.ply/000943_lcam_front_lidar.ply,0.25,200,0.8,0.41099,-0.08128,944,0.03155,0.81051,0.27292
000944_lcam_front_lidar.ply/000944_lcam_front_lidar.ply,0.25,200,0.8,0.37095,0.04953,945,0.00801,0.95826,0.1511
000945_lcam_front_lidar.ply/000945_lcam_front_lidar.ply,0.25,200,0.8,0.39809,-0.01072,946,0.01035,0.96845,0.16027
000946_lcam_front_lidar.ply/000946_lcam_front_lidar.ply,0.25,200,0.8,0.48179,-0.05163,947,0.02999,0.86858,0.25286
000947_lcam_front_lidar.ply/000947_lcam_front_lidar.ply,0.25,200,0.8,0.44739,0.03557,948,0.01628,0.98263,0.16851
000948_lcam_front_lidar.ply/000948_lcam_front_lidar.ply,0.25,200,0.8,0.45253,-0.02728,949,0.01908,0.9736,0.20595
000949_lcam_front_lidar.ply/000949_lcam_front_lidar.ply,0.25,200,0.8,0.44822,0.04005,950,0.00702,0.90203,0.06027
000950_lcam_front_lidar.ply/000950_lcam_front_lidar.ply,0.25,200,0.8,0.44993,-0.05813,951,0.01683,0.98232,0.20025
000951_lcam_front_lidar.ply/000951_lcam_front_lidar.ply,0.25,200,0.8,0.38223,-0.02443,952,0.01981,0.92504,0.21789
000952_lcam_front_lidar.ply/000952_lcam_front_lidar.ply,0.25,200,0.8,0.45943,-0.06329,953,0.03916,0.95557,0.37232
000953_lcam_front_lidar.ply/000953_lcam_front_lidar.ply,0.25,200,0.8,0.46491,0.00352,954,0.0366,0.82441,0.3008
000954_lcam_front_lidar.ply/000954_lcam_front_lidar.ply,0.25,200,0.8,0.46028,-0.00088,955,0.03146,0.84319,0.27791
000955_lcam_front_lidar.ply/000955_lcam_front_lidar.ply,0.25,200,0.8,0.46885,-0.0174,956,0.03197,0.83784,0.29212
000956_lcam_front_lidar.ply/000956_lcam_front_lidar.ply,0.25,200,0.8,0.47358,-0.0321,957,0.03409,0.80278,0.33003
000957_lcam_front_lidar.ply/000957_lcam_front_lidar.ply,0.25,200,0.8,0.45133,0.02406,958,0.03186,0.98656,0.31259
000958_lcam_front_lidar.ply/000958_lcam_front_lidar.ply,0.25,200,0.8,0.48977,-0.00475,959,0.02841,0.97794,0.29261
000959_lcam_front_lidar.ply/000959_lcam_front_lidar.ply,0.25,200,0.8,0.3818,0.11754,960,0.01224,0.99971,0.01172
000960_lcam_front_lidar.ply/000960_lcam_front_lidar.ply,0.25,200,0.8,0.403,-0.02887,961,0.01249,0.94104,0.03236
000961_lcam_front_lidar.ply/000961_lcam_front_lidar.ply,0.25,200,0.8,0.41963,-0.09378,962,0.01255,0.99765,0.21704
000962_lcam_front_lidar.ply/000962_lcam_front_lidar.ply,0.25,200,0.8,0.4124,0.07502,963,0.00654,0.988,0.03207
000963_lcam_front_lidar.ply/000963_lcam_front_lidar.ply,0.25,200,0.8,0.45207,-0.14896,964,0.0206,0.98628,0.3376
000964_lcam_front_lidar.ply/000964_lcam_front_lidar.ply,0.25,200,0.8,0.44553,0.00475,965,0.02452,0.80871,0.26266
000965_lcam_front_lidar.ply/000965_lcam_front_lidar.ply,0.25,200,0.8,0.44578,0.01398,966,0.02192,0.89449,0.23523
000966_lcam_front_lidar.ply/000966_lcam_front_lidar.ply,0.25,200,0.8,0.38662,0.10698,967,0.01235,0.99568,0.0125
000967_lcam_front_lidar.ply/000967_lcam_front_lidar.ply,0.25,200,0.8,0.39146,-0.02614,968,0.00759,0.97116,0.02789
000968_lcam_front_lidar.ply/000968_lcam_front_lidar.ply,0.25,200,0.8,0.43281,-0.16003,969,0.02622,0.99693,0.37295
000969_lcam_front_lidar.ply/000969_lcam_front_lidar.ply,0.25,200,0.8,0.38295,0.0509,970,0.01538,0.99988,0.23034
000970_lcam_front_lidar.ply/000970_lcam_front_lidar.ply,0.25,200,0.8,0.42593,-0.03171,971,0.01653,0.99851,0.27566
000971_lcam_front_lidar.ply/000971_lcam_front_lidar.ply,0.25,200,0.8,0.44672,-0.037,972,0.01863,0.82502,0.28182
000972_lcam_front_lidar.ply/000972_lcam_front_lidar.ply,0.25,200,0.8,0.40414,0.03148,973,0.01316,0.91708,0.21553
000973_lcam_front_lidar.ply/000973_lcam_front_lidar.ply,0.25,200,0.8,0.42141,0.10556,974,0.01169,0.99997,0.00634
000974_lcam_front_lidar.ply/000974_lcam_front_lidar.ply,0.25,200,0.8,0.38437,-0.15508,975,0.01933,0.99975,0.31173
000975_lcam_front_lidar.ply/000975_lcam_front_lidar.ply,0.25,200,0.8,0.37063,0.11345,976,0.00785,0.95492,0.02841
000976_lcam_front_lidar.ply/000976_lcam_front_lidar.ply,0.25,200,0.8,0.36871,0.01073,977,0.00996,0.99996,0.00469
000977_lcam_front_lidar.ply/000977_lcam_front_lidar.ply,0.25,200,0.8,0.38681,-0.01481,978,0.0106,0.99852,0.01515
000978_lcam_front_lidar.ply/000978_lcam_front_lidar.ply,0.25,200,0.8,0.41333,-0.00856,979,0.00517,0.99994,0.00185
000979_lcam_front_lidar.ply/000979_lcam_front_lidar.ply,0.25,200,0.8,0.407,-0.08032,980,0.01473,0.92768,0.13993
000980_lcam_front_lidar.ply/000980_lcam_front_lidar.ply,0.25,200,0.8,0.41344,0.04295,981,0.00797,0.95361,0.02826
000981_lcam_front_lidar.ply/000981_lcam_front_lidar.ply,0.25,200,0.8,0.43322,-0.00819,982,0.00792,0.97131,0.02986
000982_lcam_front_lidar.ply/000982_lcam_front_lidar.ply,0.25,200,0.8,0.38397,0.00079,983,0.00782,0.99898,0.01637
000983_lcam_front_lidar.ply/000983_lcam_front_lidar.ply,0.25,200,0.8,0.36248,-0.11428,984,0.02269,0.98468,0.25038
000984_lcam_front_lidar.ply/000984_lcam_front_lidar.ply,0.25,200,0.8,0.37843,0.0839,985,0.00805,0.97058,0.02906
000985_lcam_front_lidar.ply/000985_lcam_front_lidar.ply,0.25,200,0.8,0.4086,-0.0104,986,0.00789,0.97173,0.0299
000986_lcam_front_lidar.ply/000986_lcam_front_lidar.ply,0.25,200,0.8,0.37573,-0.0269,987,0.01125,0.91338,0.05292
000987_lcam_front_lidar.ply/000987_lcam_front_lidar.ply,0.25,200,0.8,0.39746,-0.06659,988,0.00806,0.89458,0.15407
000988_lcam_front_lidar.ply/000988_lcam_front_lidar.ply,0.25,200,0.8,0.3494,0.05979,989,0.00831,0.95015,0.03167
000989_lcam_front_lidar.ply/000989_lcam_front_lidar.ply,0.25,200,0.8,0.37431,0.00193,990,0.01087,0.98026,0.02197
000990_lcam_front_lidar.ply/000990_lcam_front_lidar.ply,0.25,200,0.8,0.38202,-0.02175,991,0.00877,0.95,0.0322
000991_lcam_front_lidar.ply/000991_lcam_front_lidar.ply,0.25,200,0.8,0.34048,-0.01119,992,0.00879,0.94682,0.03365
000992_lcam_front_lidar.ply/000992_lcam_front_lidar.ply,0.25,200,0.8,0.37388,-0.0039,993,0.00812,0.97172,0.02758
000993_lcam_front_lidar.ply/000993_lcam_front_lidar.ply,0.25,200,0.8,0.36494,-0.01597,994,0.00924,0.94882,0.03488
000994_lcam_front_lidar.ply/000994_lcam_front_lidar.ply,0.25,200,0.8,0.29609,-0.01061,995,0.00967,0.94732,0.03651
000995_lcam_front_lidar.ply/000995_lcam_front_lidar.ply,0.25,200,0.8,0.3023,-0.01048,996,0.00998,0.94752,0.03814
000996_lcam_front_lidar.ply/000996_lcam_front_lidar.ply,0.25,200,0.8,0.29217,-0.00902,997,0.01009,0.94921,0.0369
000997_lcam_front_lidar.ply/000997_lcam_front_lidar.ply,0.25,200,0.8,0.30377,-0.01018,998,0.01021,0.94839,0.03725
000998_lcam_front_lidar.ply/000998_lcam_front_lidar.ply,0.25,200,0.8,0.32107,-0.00892,999,0.01039,0.95102,0.03625
000999_lcam_front_lidar.ply/000999_lcam_front_lidar.ply,0.25,200,0.8,0.30303,-0.00913,1000,0.01024,0.9513,0.03428
001000_lcam_front_lidar.ply/001000_lcam_front_lidar.ply,0.25,200,0.8,0.26691,-0.06293,1001,0.03689,0.96562,0.19775
001001_lcam_front_lidar.ply/001001_lcam_front_lidar.ply,0.25,200,0.8,0.30039,0.06676,1002,0.01188,0.99998,0.00452
001002_lcam_front_lidar.ply/001002_lcam_front_lidar.ply,0.25,200,0.8,0.32765,-0.03302,1003,0.01057,0.952,0.03354
001003_lcam_front_lidar.ply/001003_lcam_front_lidar.ply,0.25,200,0.8,0.29001,-0.06417,1004,0.03662,0.96324,0.19737
001004_lcam_front_lidar.ply/001004_lcam_front_lidar.ply,0.25,200,0.8,0.28314,0.04051,1005,0.01045,0.95825,0.0425
001005_lcam_front_lidar.ply/001005_lcam_front_lidar.ply,0.25,200,0.8,0.2777,-0.00723,1006,0.01064,0.95595,0.03666
001006_lcam_front_lidar.ply/001006_lcam_front_lidar.ply,0.25,200,0.8,0.23024,-0.04257,1007,0.03734,0.9684,0.15894
001007_lcam_front_lidar.ply/001007_lcam_front_lidar.ply,0.25,200,0.8,0.26503,-0.03908,1008,0.00935,0.9445,0.15393
001008_lcam_front_lidar.ply/001008_lcam_front_lidar.ply,0.25,200,0.8,0.30409,0.02288,1009,0.03566,0.97287,0.14931
001009_lcam_front_lidar.ply/001009_lcam_front_lidar.ply,0.25,200,0.8,0.28838,-0.06385,1010,0.02108,0.9804,0.23011
001010_lcam_front_lidar.ply/001010_lcam_front_lidar.ply,0.25,200,0.8,0.25744,0.09343,1011,0.01949,0.99566,0.02464
001011_lcam_front_lidar.ply/001011_lcam_front_lidar.ply,0.25,200,0.8,0.20756,-0.13869,1012,0.02041,0.946,0.26897
001012_lcam_front_lidar.ply/001012_lcam_front_lidar.ply,0.25,200,0.8,0.23785,0.07012,1013,0.05036,0.98457,0.1802
001013_lcam_front_lidar.ply/001013_lcam_front_lidar.ply,0.25,200,0.8,0.21272,-0.02648,1014,0.01525,0.88002,0.11156
001014_lcam_front_lidar.ply/001014_lcam_front_lidar.ply,0.25,200,0.8,0.26102,0.03649,1015,0.01103,0.96013,0.03417
001015_lcam_front_lidar.ply/001015_lcam_front_lidar.ply,0.25,200,0.8,0.21072,-0.02966,1016,0.0482,0.98446,0.15512
001016_lcam_front_lidar.ply/001016_lcam_front_lidar.ply,0.25,200,0.8,0.2692,0.00115,1017,0.013,0.92792,0.04545
001017_lcam_front_lidar.ply/001017_lcam_front_lidar.ply,0.25,200,0.8,0.25096,-0.07336,1018,0.04515,0.95015,0.24313
001018_lcam_front_lidar.ply/001018_lcam_front_lidar.ply,0.25,200,0.8,0.2477,0.0253,1019,0.01272,0.9516,0.10812
001019_lcam_front_lidar.ply/001019_lcam_front_lidar.ply,0.25,200,0.8,0.22933,0.01429,1020,0.01302,0.92495,0.05216
001020_lcam_front_lidar.ply/001020_lcam_front_lidar.ply,0.25,200,0.8,0.25058,-0.00866,1021,0.01376,0.92496,0.05095
001021_lcam_front_lidar.ply/001021_lcam_front_lidar.ply,0.25,200,0.8,0.26617,-0.08,1022,0.04823,0.8967,0.2514
001022_lcam_front_lidar.ply/001022_lcam_front_lidar.ply,0.25,200,0.8,0.24661,0.07271,1023,0.01085,0.95959,0.03011
001023_lcam_front_lidar.ply/001023_lcam_front_lidar.ply,0.25,200,0.8,0.21123,-0.00088,1024,0.01361,0.99763,0.0288
001024_lcam_front_lidar.ply/001024_lcam_front_lidar.ply,0.25,200,0.8,0.21339,-0.05935,1025,0.01303,0.8789,0.09072
001025_lcam_front_lidar.ply/001025_lcam_front_lidar.ply,0.25,200,0.8,0.26405,0.02099,1026,0.0153,0.92862,0.04821
001026_lcam_front_lidar.ply/001026_lcam_front_lidar.ply,0.25,200,0.8,0.16391,-0.0079,1027,0.0161,0.92937,0.04584
001027_lcam_front_lidar.ply/001027_lcam_front_lidar.ply,0.25,200,0.8,0.17849,-0.00888,1028,0.01663,0.92972,0.04477
001028_lcam_front_lidar.ply/001028_lcam_front_lidar.ply,0.25,200,0.8,0.21097,-0.02322,1029,0.0163,0.8693,0.05241
001029_lcam_front_lidar.ply/001029_lcam_front_lidar.ply,0.25,200,0.8,0.15093,-0.01068,1030,0.0168,0.86197,0.05259
001030_lcam_front_lidar.ply/001030_lcam_front_lidar.ply,0.25,200,0.8,0.19395,-0.015,1031,0.03659,0.93305,0.12349
001031_lcam_front_lidar.ply/001031_lcam_front_lidar.ply,0.25,200,0.8,0.21708,0.01015,1032,0.01748,0.93477,0.0455
001032_lcam_front_lidar.ply/001032_lcam_front_lidar.ply,0.25,200,0.8,0.18948,-0.01358,1033,0.01658,0.92632,0.04831
001033_lcam_front_lidar.ply/001033_lcam_front_lidar.ply,0.25,200,0.8,0.22239,-0.00884,1034,0.01673,0.93432,0.04869
001034_lcam_front_lidar.ply/001034_lcam_front_lidar.ply,0.25,200,0.8,0.16967,-0.03897,1035,0.01798,0.99349,0.12688
001035_lcam_front_lidar.ply/001035_lcam_front_lidar.ply,0.25,200,0.8,0.16127,-0.00784,1036,0.01266,0.93463,0.09427
001036_lcam_front_lidar.ply/001036_lcam_front_lidar.ply,0.25,200,0.8,0.2191,0.02043,1037,0.01633,0.94289,0.04324
001037_lcam_front_lidar.ply/001037_lcam_front_lidar.ply,0.25,200,0.8,0.14594,-0.01069,1038,0.01602,0.94315,0.04407
001038_lcam_front_lidar.ply/001038_lcam_front_lidar.ply,0.25,200,0.8,0.1815,-0.00919,1039,0.0162,0.94322,0.04284
001039_lcam_front_lidar.ply/001039_lcam_front_lidar.ply,0.25,200,0.8,0.22143,-0.00825,1040,0.01622,0.94463,0.03978
001040_lcam_front_lidar.ply/001040_lcam_front_lidar.ply,0.25,200,0.8,0.18362,-0.01023,1041,0.01603,0.94472,0.03989
001041_lcam_front_lidar.ply/001041_lcam_front_lidar.ply,0.25,200,0.8,0.17655,-0.01122,1042,0.01566,0.94458,0.04155
001042_lcam_front_lidar.ply/001042_lcam_front_lidar.ply,0.25,200,0.8,0.17437,-0.01168,1043,0.01518,0.94276,0.04342
001043_lcam_front_lidar.ply/001043_lcam_front_lidar.ply,0.25,200,0.8,0.19825,-0.00778,1044,0.01573,0.94363,0.04034
001044_lcam_front_lidar.ply/001044_lcam_front_lidar.ply,0.25,200,0.8,0.15221,-0.0089,1045,0.01497,0.94798,0.03792
001045_lcam_front_lidar.ply/001045_lcam_front_lidar.ply,0.25,200,0.8,0.18341,-0.08964,1046,0.0181,0.939,0.20077
001046_lcam_front_lidar.ply/001046_lcam_front_lidar.ply,0.25,200,0.8,0.11969,-0.05313,1047,0.03308,0.96416,0.32453
001047_lcam_front_lidar.ply/001047_lcam_front_lidar.ply,0.25,200,0.8,0.1463,0.07245,1048,0.01574,0.98687,0.13177
001048_lcam_front_lidar.ply/001048_lcam_front_lidar.ply,0.25,200,0.8,0.16635,0.03073,1049,0.01441,0.94564,0.03528
001049_lcam_front_lidar.ply/001049_lcam_front_lidar.ply,0.25,200,0.8,0.15229,-0.00801,1050,0.01526,0.94791,0.03368
001050_lcam_front_lidar.ply/001050_lcam_front_lidar.ply,0.25,200,0.8,0.16194,-0.05607,1051,0.01606,0.94426,0.12632
001051_lcam_front_lidar.ply/001051_lcam_front_lidar.ply,0.25,200,0.8,0.15814,-0.00295,1052,0.03194,0.86323,0.11968
001052_lcam_front_lidar.ply/001052_lcam_front_lidar.ply,0.25,200,0.8,0.16051,0.04243,1053,0.01165,0.99736,0.01447
001053_lcam_front_lidar.ply/001053_lcam_front_lidar.ply,0.25,200,0.8,0.17004,-0.01084,1054,0.03149,0.99812,0.05605
001054_lcam_front_lidar.ply/001054_lcam_front_lidar.ply,0.25,200,0.8,0.17737,-0.06724,1055,0.02988,0.888,0.13428
001055_lcam_front_lidar.ply/001055_lcam_front_lidar.ply,0.25,200,0.8,0.1382,0.01345,1056,0.01416,0.94707,0.07365
001056_lcam_front_lidar.ply/001056_lcam_front_lidar.ply,0.25,200,0.8,0.15592,-0.02952,1057,0.02617,0.87751,0.11586
001057_lcam_front_lidar.ply/001057_lcam_front_lidar.ply,0.25,200,0.8,0.10483,-0.01095,1058,0.02255,0.88357,0.11232
001058_lcam_front_lidar.ply/001058_lcam_front_lidar.ply,0.25,200,0.8,0.1325,0.04441,1059,0.01003,0.997,0.01251
001059_lcam_front_lidar.ply/001059_lcam_front_lidar.ply,0.25,200,0.8,0.1141,-0.00993,1060,0.00979,0.99706,0.01191
001060_lcam_front_lidar.ply/001060_lcam_front_lidar.ply,0.25,200,0.8,0.11813,-0.03142,1061,0.00843,0.92145,0.02933
001061_lcam_front_lidar.ply/001061_lcam_front_lidar.ply,0.25,200,0.8,0.11076,-0.06023,1062,0.04105,0.90593,0.1904
001062_lcam_front_lidar.ply/001062_lcam_front_lidar.ply,0.25,200,0.8,0.11091,0.01801,1063,0.021,0.88396,0.08768
001063_lcam_front_lidar.ply/001063_lcam_front_lidar.ply,0.25,200,0.8,0.09425,-0.02853,1064,0.02934,0.85778,0.13355
001064_lcam_front_lidar.ply/001064_lcam_front_lidar.ply,0.25,200,0.8,0.10675,-0.01012,1065,0.02817,0.84421,0.12739
001065_lcam_front_lidar.ply/001065_lcam_front_lidar.ply,0.25,200,0.8,0.11312,-0.01227,1066,0.02669,0.855,0.13219
001066_lcam_front_lidar.ply/001066_lcam_front_lidar.ply,0.25,200,0.8,0.10906,0.01871,1067,0.01721,0.89976,0.06926
001067_lcam_front_lidar.ply/001067_lcam_front_lidar.ply,0.25,200,0.8,0.12149,-0.04219,1068,0.03016,0.90884,0.16226
001068_lcam_front_lidar.ply/001068_lcam_front_lidar.ply,0.25,200,0.8,0.10913,0.01809,1069,0.0163,0.88554,0.07138
001069_lcam_front_lidar.ply/001069_lcam_front_lidar.ply,0.25,200,0.8,0.14179,-0.03348,1070,0.02572,0.84781,0.12584
001070_lcam_front_lidar.ply/001070_lcam_front_lidar.ply,0.25,200,0.8,0.09877,-0.0099,1071,0.02258,0.845,0.11853
001071_lcam_front_lidar.ply/001071_lcam_front_lidar.ply,0.25,200,0.8,0.12515,-0.01093,1072,0.02287,0.84269,0.12027
001072_lcam_front_lidar.ply/001072_lcam_front_lidar.ply,0.25,200,0.8,0.11158,0.00533,1073,0.01414,0.87023,0.08041
001073_lcam_front_lidar.ply/001073_lcam_front_lidar.ply,0.25,200,0.8,0.11898,0.03588,1074,0.0655,0.99396,0.12849
001074_lcam_front_lidar.ply/001074_lcam_front_lidar.ply,0.25,200,0.8,0.12989,-0.00783,1075,0.067,0.99392,0.12714
001075_lcam_front_lidar.ply/001075_lcam_front_lidar.ply,0.25,200,0.8,0.10489,-0.01024,1076,0.06584,0.99399,0.12533
001076_lcam_front_lidar.ply/001076_lcam_front_lidar.ply,0.25,200,0.8,0.11323,-0.04516,1077,0.10574,0.99845,0.27678
001077_lcam_front_lidar.ply/001077_lcam_front_lidar.ply,0.25,200,0.8,0.1179,-0.03827,1078,0.06291,0.99697,0.24722
001078_lcam_front_lidar.ply/001078_lcam_front_lidar.ply,0.25,200,0.8,0.1374,-0.00124,1079,0.05444,0.99158,0.21114
001079_lcam_front_lidar.ply/001079_lcam_front_lidar.ply,0.25,200,0.8,0.11517,-0.0147,1080,0.05571,0.99346,0.22363
001080_lcam_front_lidar.ply/001080_lcam_front_lidar.ply,0.25,200,0.8,0.14522,0.02854,1081,0.01731,0.99966,0.07162
001081_lcam_front_lidar.ply/001081_lcam_front_lidar.ply,0.25,200,0.8,0.11818,-0.04674,1082,0.05259,0.99421,0.21402
001082_lcam_front_lidar.ply/001082_lcam_front_lidar.ply,0.25,200,0.8,0.10675,-0.0043,1083,0.05125,0.99394,0.19985
001083_lcam_front_lidar.ply/001083_lcam_front_lidar.ply,0.25,200,0.8,0.12756,-0.0146,1084,0.04558,0.9926,0.19731
001084_lcam_front_lidar.ply/001084_lcam_front_lidar.ply,0.25,200,0.8,0.15472,0.04993,1085,0.01378,0.99508,0.0146
001085_lcam_front_lidar.ply/001085_lcam_front_lidar.ply,0.25,200,0.8,0.14234,-0.07977,1086,0.03709,0.99563,0.20094
001086_lcam_front_lidar.ply/001086_lcam_front_lidar.ply,0.25,200,0.8,0.13617,0.04902,1087,0.01673,0.99617,0.04234
001087_lcam_front_lidar.ply/001087_lcam_front_lidar.ply,0.25,200,0.8,0.12016,-0.07929,1088,0.03787,0.98463,0.21975
001088_lcam_front_lidar.ply/001088_lcam_front_lidar.ply,0.25,200,0.8,0.12027,0.00073,1089,0.03402,0.98958,0.19207
001089_lcam_front_lidar.ply/001089_lcam_front_lidar.ply,0.25,200,0.8,0.11025,-0.01145,1090,0.03693,0.99282,0.20176
001090_lcam_front_lidar.ply/001090_lcam_front_lidar.ply,0.25,200,0.8,0.1405,-0.01242,1091,0.03427,0.99302,0.20134
001091_lcam_front_lidar.ply/001091_lcam_front_lidar.ply,0.25,200,0.8,0.1073,-0.01211,1092,0.034,0.99,0.20412
001092_lcam_front_lidar.ply/001092_lcam_front_lidar.ply,0.25,200,0.8,0.11735,-0.01037,1093,0.02841,0.99585,0.19543
001093_lcam_front_lidar.ply/001093_lcam_front_lidar.ply,0.25,200,0.8,0.08237,-0.00653,1094,0.03161,0.99714,0.19527
001094_lcam_front_lidar.ply/001094_lcam_front_lidar.ply,0.25,200,0.8,0.09679,-0.02257,1095,0.03412,0.99352,0.22435
001095_lcam_front_lidar.ply/001095_lcam_front_lidar.ply,0.25,200,0.8,0.11662,-0.0036,1096,0.0373,0.99391,0.21802
001096_lcam_front_lidar.ply/001096_lcam_front_lidar.ply,0.25,200,0.8,0.12352,-0.00759,1097,0.036,0.98862,0.20902
001097_lcam_front_lidar.ply/001097_lcam_front_lidar.ply,0.25,200,0.8,0.12142,-0.0009,1098,0.0329,0.98949,0.18487
001098_lcam_front_lidar.ply/001098_lcam_front_lidar.ply,0.25,200,0.8,0.11666,-0.00724,1099,0.03269,0.99194,0.17968
001099_lcam_front_lidar.ply/001099_lcam_front_lidar.ply,0.25,200,0.8,0.12531,-0.04502,1100,0.03685,0.99938,0.26026
001100_lcam_front_lidar.ply/001100_lcam_front_lidar.ply,0.25,200,0.8,0.10828,0.02116,1101,0.03366,0.99833,0.19124
001101_lcam_front_lidar.ply/001101_lcam_front_lidar.ply,0.25,200,0.8,0.1226,-0.00442,1102,0.03493,0.99839,0.18264
001102_lcam_front_lidar.ply/001102_lcam_front_lidar.ply,0.25,200,0.8,0.10554,-0.01448,1103,0.03712,0.99715,0.19561
001103_lcam_front_lidar.ply/001103_lcam_front_lidar.ply,0.25,200,0.8,0.14131,0.03879,1104,0.01364,0.94619,0.03578
001104_lcam_front_lidar.ply/001104_lcam_front_lidar.ply,0.25,200,0.8,0.10868,-0.04963,1105,0.03431,0.99807,0.17195
001105_lcam_front_lidar.ply/001105_lcam_front_lidar.ply,0.25,200,0.8,0.11862,-0.02185,1106,0.05288,0.99111,0.23071
001106_lcam_front_lidar.ply/001106_lcam_front_lidar.ply,0.25,200,0.8,0.11559,-0.00323,1107,0.05596,0.9936,0.22407
001107_lcam_front_lidar.ply/001107_lcam_front_lidar.ply,0.25,200,0.8,0.12028,-0.00858,1108,0.05762,0.99492,0.22495
001108_lcam_front_lidar.ply/001108_lcam_front_lidar.ply,0.25,200,0.8,0.11073,-0.00946,1109,0.01359,0.85514,0.09387
001109_lcam_front_lidar.ply/001109_lcam_front_lidar.ply,0.25,200,0.8,0.10379,0.00033,1110,0.06004,0.99222,0.20722
001110_lcam_front_lidar.ply/001110_lcam_front_lidar.ply,0.25,200,0.8,0.11496,0.03705,1111,0.06709,0.99415,0.12782
001111_lcam_front_lidar.ply/001111_lcam_front_lidar.ply,0.25,200,0.8,0.10724,-0.04596,1112,0.11366,0.99753,0.2939
001112_lcam_front_lidar.ply/001112_lcam_front_lidar.ply,0.25,200,0.8,0.11125,-0.071,1113,0.05324,0.97752,0.28907
001113_lcam_front_lidar.ply/001113_lcam_front_lidar.ply,0.25,200,0.8,0.11534,0.08954,1114,0.06873,0.99369,0.12581
001114_lcam_front_lidar.ply/001114_lcam_front_lidar.ply,0.25,200,0.8,0.12211,-0.05496,1115,0.01618,0.87566,0.07522
001115_lcam_front_lidar.ply/001115_lcam_front_lidar.ply,0.25,200,0.8,0.1089,-0.00552,1116,0.01508,0.87899,0.06507
001116_lcam_front_lidar.ply/001116_lcam_front_lidar.ply,0.25,200,0.8,0.11114,-0.02227,1117,0.01698,0.83762,0.081
001117_lcam_front_lidar.ply/001117_lcam_front_lidar.ply,0.25,200,0.8,0.11294,-0.00725,1118,0.01879,0.87102,0.08913
001118_lcam_front_lidar.ply/001118_lcam_front_lidar.ply,0.25,200,0.8,0.12709,-0.00092,1119,0.01742,0.8856,0.07262
001119_lcam_front_lidar.ply/001119_lcam_front_lidar.ply,0.25,200,0.8,0.1246,-0.00191,1120,0.01608,0.89219,0.05573
001120_lcam_front_lidar.ply/001120_lcam_front_lidar.ply,0.25,200,0.8,0.10791,-0.05283,1121,0.02579,0.85962,0.15106
001121_lcam_front_lidar.ply/001121_lcam_front_lidar.ply,0.25,200,0.8,0.11432,0.0456,1122,0.10785,0.99209,0.24372
001122_lcam_front_lidar.ply/001122_lcam_front_lidar.ply,0.25,200,0.8,0.12498,-0.05818,1123,0.03051,0.8635,0.14681
001123_lcam_front_lidar.ply/001123_lcam_front_lidar.ply,0.25,200,0.8,0.15453,0.05368,1124,0.00451,0.98627,0.0043
001124_lcam_front_lidar.ply/001124_lcam_front_lidar.ply,0.25,200,0.8,0.12714,-0.05569,1125,0.02136,0.88281,0.09833
001125_lcam_front_lidar.ply/001125_lcam_front_lidar.ply,0.25,200,0.8,0.16565,-0.05212,1126,0.01763,0.92209,0.1869
001126_lcam_front_lidar.ply/001126_lcam_front_lidar.ply,0.25,200,0.8,0.13696,0.06838,1127,0.01352,0.94825,0.02978
001127_lcam_front_lidar.ply/001127_lcam_front_lidar.ply,0.25,200,0.8,0.1914,-0.06267,1128,0.01516,0.94909,0.13865
001128_lcam_front_lidar.ply/001128_lcam_front_lidar.ply,0.25,200,0.8,0.18455,-0.02881,1129,0.01882,0.95186,0.18442
001129_lcam_front_lidar.ply/001129_lcam_front_lidar.ply,0.25,200,0.8,0.14419,0.01069,1130,0.0404,0.88391,0.16582
001130_lcam_front_lidar.ply/001130_lcam_front_lidar.ply,0.25,200,0.8,0.16727,0.00135,1131,0.01528,0.94553,0.11137
001131_lcam_front_lidar.ply/001131_lcam_front_lidar.ply,0.25,200,0.8,0.14958,-0.01722,1132,0.02852,0.86291,0.12749
001132_lcam_front_lidar.ply/001132_lcam_front_lidar.ply,0.25,200,0.8,0.18316,0.03434,1133,0.01431,0.946,0.03532
001133_lcam_front_lidar.ply/001133_lcam_front_lidar.ply,0.25,200,0.8,0.18464,-0.05324,1134,0.0169,0.97879,0.13682
001134_lcam_front_lidar.ply/001134_lcam_front_lidar.ply,0.25,200,0.8,0.1798,0.03205,1135,0.01529,0.94453,0.03923
001135_lcam_front_lidar.ply/001135_lcam_front_lidar.ply,0.25,200,0.8,0.16067,-0.00848,1136,0.01567,0.94477,0.03704
001136_lcam_front_lidar.ply/001136_lcam_front_lidar.ply,0.25,200,0.8,0.16716,-0.04148,1137,0.01702,0.98632,0.11515
001137_lcam_front_lidar.ply/001137_lcam_front_lidar.ply,0.25,200,0.8,0.14257,0.01862,1138,0.01618,0.94211,0.04295
001138_lcam_front_lidar.ply/001138_lcam_front_lidar.ply,0.25,200,0.8,0.18602,-0.00331,1139,0.01596,0.93431,0.0268
001139_lcam_front_lidar.ply/001139_lcam_front_lidar.ply,0.25,200,0.8,0.16373,-0.01732,1140,0.01633,0.94066,0.04407
001140_lcam_front_lidar.ply/001140_lcam_front_lidar.ply,0.25,200,0.8,0.2099,-0.00873,1141,0.01678,0.94225,0.04291
001141_lcam_front_lidar.ply/001141_lcam_front_lidar.ply,0.25,200,0.8,0.15631,-0.08245,1142,0.01952,0.953,0.19651
001142_lcam_front_lidar.ply/001142_lcam_front_lidar.ply,0.25,200,0.8,0.16493,0.05982,1143,0.01692,0.93886,0.04743
001143_lcam_front_lidar.ply/001143_lcam_front_lidar.ply,0.25,200,0.8,0.23651,-0.00876,1144,0.01725,0.93884,0.04562
001144_lcam_front_lidar.ply/001144_lcam_front_lidar.ply,0.25,200,0.8,0.16889,-0.0564,1145,0.01367,0.91383,0.12376
001145_lcam_front_lidar.ply/001145_lcam_front_lidar.ply,0.25,200,0.8,0.17789,0.03194,1146,0.01736,0.93069,0.05231
001146_lcam_front_lidar.ply/001146_lcam_front_lidar.ply,0.25,200,0.8,0.19021,-0.00805,1147,0.01779,0.93293,0.04995
001147_lcam_front_lidar.ply/001147_lcam_front_lidar.ply,0.25,200,0.8,0.18202,-0.02339,1148,0.01692,0.86512,0.05465
001148_lcam_front_lidar.ply/001148_lcam_front_lidar.ply,0.25,200,0.8,0.17447,-0.00899,1149,0.01693,0.86595,0.05291
001149_lcam_front_lidar.ply/001149_lcam_front_lidar.ply,0.25,200,0.8,0.1963,0.01569,1150,0.01824,0.92697,0.02244
001150_lcam_front_lidar.ply/001150_lcam_front_lidar.ply,0.25,200,0.8,0.15938,-0.01611,1151,0.07541,0.98979,0.16784
001151_lcam_front_lidar.ply/001151_lcam_front_lidar.ply,0.25,200,0.8,0.22294,-0.01966,1152,0.01519,0.92715,0.04793
001152_lcam_front_lidar.ply/001152_lcam_front_lidar.ply,0.25,200,0.8,0.23622,-0.00939,1153,0.0141,0.92899,0.04508
001153_lcam_front_lidar.ply/001153_lcam_front_lidar.ply,0.25,200,0.8,0.24371,-0.01203,1154,0.01399,0.92692,0.04829
001154_lcam_front_lidar.ply/001154_lcam_front_lidar.ply,0.25,200,0.8,0.21105,-0.07713,1155,0.03865,0.9608,0.24205
001155_lcam_front_lidar.ply/001155_lcam_front_lidar.ply,0.25,200,0.8,0.26911,0.07262,1156,0.01097,0.98607,0.02904
001156_lcam_front_lidar.ply/001156_lcam_front_lidar.ply,0.25,200,0.8,0.19833,-0.08281,1157,0.0468,0.81632,0.19539
001157_lcam_front_lidar.ply/001157_lcam_front_lidar.ply,0.25,200,0.8,0.21055,0.01907,1158,0.02511,0.99739,0.14821
001158_lcam_front_lidar.ply/001158_lcam_front_lidar.ply,0.25,200,0.8,0.28644,-0.02959,1159,0.02667,0.99689,0.19036
001159_lcam_front_lidar.ply/001159_lcam_front_lidar.ply,0.25,200,0.8,0.25881,-0.04311,1160,0.02059,0.82625,0.19322
001160_lcam_front_lidar.ply/001160_lcam_front_lidar.ply,0.25,200,0.8,0.2468,0.09943,1161,0.01433,0.9997,0.01387
001161_lcam_front_lidar.ply/001161_lcam_front_lidar.ply,0.25,200,0.8,0.24898,-0.03623,1162,0.01656,0.98826,0.06737
001162_lcam_front_lidar.ply/001162_lcam_front_lidar.ply,0.25,200,0.8,0.27301,-0.01108,1163,0.01515,0.98896,0.06691
001163_lcam_front_lidar.ply/001163_lcam_front_lidar.ply,0.25,200,0.8,0.28295,-0.09286,1164,0.02177,0.99567,0.24788
001164_lcam_front_lidar.ply/001164_lcam_front_lidar.ply,0.25,200,0.8,0.2856,0.07355,1165,0.01333,0.9888,0.06185
001165_lcam_front_lidar.ply/001165_lcam_front_lidar.ply,0.25,200,0.8,0.31063,-0.00425,1166,0.01215,0.98571,0.04706
001166_lcam_front_lidar.ply/001166_lcam_front_lidar.ply,0.25,200,0.8,0.3065,-0.01046,1167,0.01236,0.98601,0.04847
001167_lcam_front_lidar.ply/001167_lcam_front_lidar.ply,0.25,200,0.8,0.39318,0.00806,1168,0.01082,0.9996,0.01335
001168_lcam_front_lidar.ply/001168_lcam_front_lidar.ply,0.25,200,0.8,0.36906,-0.03247,1169,0.01328,0.98518,0.05887
001169_lcam_front_lidar.ply/001169_lcam_front_lidar.ply,0.25,200,0.8,0.35475,-0.12202,1170,0.02976,0.99797,0.31973
001170_lcam_front_lidar.ply/001170_lcam_front_lidar.ply,0.25,200,0.8,0.33068,0.03939,1171,0.01333,0.98725,0.18486
001171_lcam_front_lidar.ply/001171_lcam_front_lidar.ply,0.25,200,0.8,0.33011,-0.01063,1172,0.02392,0.9949,0.2096
001172_lcam_front_lidar.ply/001172_lcam_front_lidar.ply,0.25,200,0.8,0.32901,0.05648,1173,0.01282,0.98661,0.05196
001173_lcam_front_lidar.ply/001173_lcam_front_lidar.ply,0.25,200,0.8,0.38514,-0.1134,1174,0.01232,0.80678,0.20382
001174_lcam_front_lidar.ply/001174_lcam_front_lidar.ply,0.25,200,0.8,0.31781,0.09202,1175,0.01276,0.98764,0.05492
001175_lcam_front_lidar.ply/001175_lcam_front_lidar.ply,0.25,200,0.8,0.31037,-0.1248,1176,0.03192,0.997,0.32566
001176_lcam_front_lidar.ply/001176_lcam_front_lidar.ply,0.25,200,0.8,0.32821,0.10589,1177,0.01332,0.98918,0.05431
001177_lcam_front_lidar.ply/001177_lcam_front_lidar.ply,0.25,200,0.8,0.32279,0.01539,1178,0.01272,0.99996,0.00557
001178_lcam_front_lidar.ply/001178_lcam_front_lidar.ply,0.25,200,0.8,0.35755,-0.14011,1179,0.03352,0.99742,0.30664
001179_lcam_front_lidar.ply/001179_lcam_front_lidar.ply,0.25,200,0.8,0.36283,-0.00238,1180,0.04239,0.98045,0.30403
001180_lcam_front_lidar.ply/001180_lcam_front_lidar.ply,0.25,200,0.8,0.35403,-0.0055,1181,0.03486,0.99555,0.28452
001181_lcam_front_lidar.ply/001181_lcam_front_lidar.ply,0.25,200,0.8,0.32482,0.09391,1182,0.01035,0.99567,0.02771
