frame_id,epsilon,min_support,normal_threshold,runtime,reward,steps_used,inlier_ratio,plane_normal,residual
000000_lcam_front_lidar.ply/000000_lcam_front_lidar.ply,0.1,800,0.9,0.09263,0.09291,1,0.12312,0.07603,0.06323
000001_lcam_front_lidar.ply/000001_lcam_front_lidar.ply,0.1,800,0.9,0.10004,-0.00478,2,0.13073,0.06201,0.06379
000002_lcam_front_lidar.ply/000002_lcam_front_lidar.ply,0.1,800,0.9,0.07816,-0.0056,3,0.13799,0.05737,0.06813
000003_lcam_front_lidar.ply/000003_lcam_front_lidar.ply,0.1,800,0.9,0.08536,-0.00719,4,0.14199,0.05171,0.0688
000004_lcam_front_lidar.ply/000004_lcam_front_lidar.ply,0.1,800,0.9,0.11024,-0.0028,5,0.15006,0.04892,0.06971
000005_lcam_front_lidar.ply/000005_lcam_front_lidar.ply,0.1,800,0.9,0.0956,-0.0054,6,0.15656,0.03971,0.07073
000006_lcam_front_lidar.ply/000006_lcam_front_lidar.ply,0.1,800,0.9,0.08887,-0.00487,7,0.1623,0.0392,0.07181
000007_lcam_front_lidar.ply/000007_lcam_front_lidar.ply,0.1,800,0.9,0.09457,-0.01199,8,0.16054,0.0416,0.07297
000008_lcam_front_lidar.ply/000008_lcam_front_lidar.ply,0.1,800,0.9,0.09489,-0.00057,9,0.16877,0.04749,0.07235
000009_lcam_front_lidar.ply/000009_lcam_front_lidar.ply,0.1,800,0.9,0.10002,-0.00857,10,0.1708,0.04666,0.07332
000010_lcam_front_lidar.ply/000010_lcam_front_lidar.ply,0.1,800,0.9,0.08318,-0.02154,11,0.15462,0.06193,0.06861
000011_lcam_front_lidar.ply/000011_lcam_front_lidar.ply,0.1,800,0.9,0.10816,-0.00528,12,0.16455,0.04038,0.07257
000012_lcam_front_lidar.ply/000012_lcam_front_lidar.ply,0.1,800,0.9,0.09483,0.00212,13,0.17794,0.03522,0.07355
000013_lcam_front_lidar.ply/000013_lcam_front_lidar.ply,0.1,800,0.9,0.07798,-0.00916,14,0.17871,0.03758,0.07413
000014_lcam_front_lidar.ply/000014_lcam_front_lidar.ply,0.1,800,0.9,0.09632,-0.01021,15,0.18228,0.02491,0.07789
000015_lcam_front_lidar.ply/000015_lcam_front_lidar.ply,0.1,800,0.9,0.12883,-0.0158,16,0.17002,0.049,0.07221
000016_lcam_front_lidar.ply/000016_lcam_front_lidar.ply,0.1,800,0.9,0.09099,-0.01282,17,0.16562,0.05399,0.07054
000017_lcam_front_lidar.ply/000017_lcam_front_lidar.ply,0.1,800,0.9,0.09108,-0.01526,18,0.16287,0.0425,0.07212
000018_lcam_front_lidar.ply/000018_lcam_front_lidar.ply,0.1,800,0.9,0.09557,-0.00394,19,0.17453,0.02518,0.07812
000019_lcam_front_lidar.ply/000019_lcam_front_lidar.ply,0.1,800,0.9,0.12055,-0.01898,20,0.15954,0.05158,0.07404
000020_lcam_front_lidar.ply/000020_lcam_front_lidar.ply,0.1,800,0.9,0.1034,-0.01374,21,0.1565,0.04739,0.07416
000021_lcam_front_lidar.ply/000021_lcam_front_lidar.ply,0.1,800,0.9,0.09485,-0.01372,22,0.15585,0.03749,0.07736
000022_lcam_front_lidar.ply/000022_lcam_front_lidar.ply,0.1,800,0.9,0.11725,-0.00553,23,0.15862,0.04131,0.07511
000023_lcam_front_lidar.ply/000023_lcam_front_lidar.ply,0.1,800,0.9,0.13306,-0.00963,24,0.16105,0.0351,0.07735
000024_lcam_front_lidar.ply/000024_lcam_front_lidar.ply,0.1,800,0.9,0.12513,-0.02335,25,0.14872,0.03615,0.0797
000025_lcam_front_lidar.ply/000025_lcam_front_lidar.ply,0.1,800,0.9,0.10626,-0.00243,26,0.1579,0.0252,0.07964
000026_lcam_front_lidar.ply/000026_lcam_front_lidar.ply,0.1,800,0.9,0.122,-0.01128,27,0.15099,0.03323,0.07079
000027_lcam_front_lidar.ply/000027_lcam_front_lidar.ply,0.1,800,0.9,0.11552,0.04691,28,0.04389,0.99997,0.03277
000028_lcam_front_lidar.ply/000028_lcam_front_lidar.ply,0.1,800,0.9,0.13675,-0.07511,29,0.14728,0.02636,0.07769
000029_lcam_front_lidar.ply/000029_lcam_front_lidar.ply,0.1,800,0.9,0.12273,-0.0095,30,0.15009,0.02248,0.08115
000030_lcam_front_lidar.ply/000030_lcam_front_lidar.ply,0.1,800,0.9,0.11678,-0.01263,31,0.1435,0.03146,0.07594
000031_lcam_front_lidar.ply/000031_lcam_front_lidar.ply,0.1,800,0.9,0.11681,-0.01097,32,0.14312,0.03076,0.07691
000032_lcam_front_lidar.ply/000032_lcam_front_lidar.ply,0.1,800,0.9,0.11545,-0.01399,33,0.14195,0.0176,0.0786
000033_lcam_front_lidar.ply/000033_lcam_front_lidar.ply,0.1,800,0.9,0.12996,-0.01494,34,0.12992,0.02655,0.06711
000034_lcam_front_lidar.ply/000034_lcam_front_lidar.ply,0.1,800,0.9,0.13432,0.05669,35,0.0313,1.0,0.02853
000035_lcam_front_lidar.ply/000035_lcam_front_lidar.ply,0.1,800,0.9,0.13943,-0.0903,36,0.12211,0.02319,0.07769
000036_lcam_front_lidar.ply/000036_lcam_front_lidar.ply,0.1,800,0.9,0.1316,0.08277,37,0.04962,0.9999,0.0402
000037_lcam_front_lidar.ply/000037_lcam_front_lidar.ply,0.1,800,0.9,0.1254,0.00808,38,0.06691,0.9999,0.03863
000038_lcam_front_lidar.ply/000038_lcam_front_lidar.ply,0.1,800,0.9,0.11837,-0.02252,39,0.05291,0.99997,0.03567
000039_lcam_front_lidar.ply/000039_lcam_front_lidar.ply,0.1,800,0.9,0.11886,-0.02059,40,0.04395,0.99998,0.03893
000040_lcam_front_lidar.ply/000040_lcam_front_lidar.ply,0.1,800,0.9,0.13231,-0.05416,41,0.16536,0.00815,0.07253
000041_lcam_front_lidar.ply/000041_lcam_front_lidar.ply,0.1,800,0.9,0.14049,0.02468,42,0.02729,0.9999,0.02455
000042_lcam_front_lidar.ply/000042_lcam_front_lidar.ply,0.1,800,0.9,0.13689,0.02261,43,0.06518,0.99994,0.03514
000043_lcam_front_lidar.ply/000043_lcam_front_lidar.ply,0.1,800,0.9,0.14318,-0.00439,44,0.07301,0.99994,0.03957
000044_lcam_front_lidar.ply/000044_lcam_front_lidar.ply,0.1,800,0.9,0.12531,-0.02353,45,0.06447,0.99994,0.04957
000045_lcam_front_lidar.ply/000045_lcam_front_lidar.ply,0.1,800,0.9,0.12682,-0.00381,46,0.06704,0.99994,0.04232
000046_lcam_front_lidar.ply/000046_lcam_front_lidar.ply,0.1,800,0.9,0.12102,-0.01855,47,0.05711,0.99999,0.03959
000047_lcam_front_lidar.ply/000047_lcam_front_lidar.ply,0.1,800,0.9,0.10871,-0.00726,48,0.06032,0.99998,0.04052
000048_lcam_front_lidar.ply/000048_lcam_front_lidar.ply,0.1,800,0.9,0.13137,-0.00485,49,0.06579,0.99998,0.04115
000049_lcam_front_lidar.ply/000049_lcam_front_lidar.ply,0.1,800,0.9,0.12989,-0.01571,50,0.0607,0.99997,0.04238
000050_lcam_front_lidar.ply/000050_lcam_front_lidar.ply,0.1,800,0.9,0.14369,-0.0078,51,0.06042,0.99997,0.03744
000051_lcam_front_lidar.ply/000051_lcam_front_lidar.ply,0.1,800,0.9,0.12512,-0.01267,52,0.05837,0.99998,0.03868
000052_lcam_front_lidar.ply/000052_lcam_front_lidar.ply,0.1,800,0.9,0.12701,-0.01566,53,0.05401,0.99998,0.04128
000053_lcam_front_lidar.ply/000053_lcam_front_lidar.ply,0.1,800,0.9,0.12599,-0.00186,54,0.06091,0.99998,0.03879
000054_lcam_front_lidar.ply/000054_lcam_front_lidar.ply,0.1,800,0.9,0.13208,-0.00784,55,0.06448,0.99998,0.04161
000055_lcam_front_lidar.ply/000055_lcam_front_lidar.ply,0.1,800,0.9,0.11864,-0.01838,56,0.05342,1.0,0.03627
000056_lcam_front_lidar.ply/000056_lcam_front_lidar.ply,0.1,800,0.9,0.15175,-0.0093,57,0.05375,1.0,0.03551
000057_lcam_front_lidar.ply/000057_lcam_front_lidar.ply,0.1,800,0.9,0.14538,0.00355,58,0.06792,0.99999,0.03675
000058_lcam_front_lidar.ply/000058_lcam_front_lidar.ply,0.1,800,0.9,0.15825,-0.01424,59,0.06138,0.99999,0.03215
000059_lcam_front_lidar.ply/000059_lcam_front_lidar.ply,0.1,800,0.9,0.14135,-0.0288,60,0.04215,0.99999,0.03128
000060_lcam_front_lidar.ply/000060_lcam_front_lidar.ply,0.1,800,0.9,0.12697,-0.01062,61,0.04276,0.99997,0.03376
000061_lcam_front_lidar.ply/000061_lcam_front_lidar.ply,0.1,800,0.9,0.14609,-0.00997,62,0.04293,0.99996,0.03401
000062_lcam_front_lidar.ply/000062_lcam_front_lidar.ply,0.1,800,0.9,0.14016,-0.01048,63,0.04154,0.99996,0.03219
000063_lcam_front_lidar.ply/000063_lcam_front_lidar.ply,0.1,800,0.9,0.13646,-0.01302,64,0.04231,0.9999,0.03975
000064_lcam_front_lidar.ply/000064_lcam_front_lidar.ply,0.1,800,0.9,0.13462,-0.0095,65,0.04192,0.99991,0.03798
000065_lcam_front_lidar.ply/000065_lcam_front_lidar.ply,0.1,800,0.9,0.11439,-0.00972,66,0.04005,0.99996,0.0337
000066_lcam_front_lidar.ply/000066_lcam_front_lidar.ply,0.1,800,0.9,0.13557,-0.01018,67,0.04036,0.99994,0.03465
000067_lcam_front_lidar.ply/000067_lcam_front_lidar.ply,0.1,800,0.9,0.14046,-0.00929,68,0.04092,0.99996,0.03436
000068_lcam_front_lidar.ply/000068_lcam_front_lidar.ply,0.1,800,0.9,0.16242,-0.01605,69,0.03609,0.99989,0.03677
000069_lcam_front_lidar.ply/000069_lcam_front_lidar.ply,0.1,800,0.9,0.15866,-0.01067,70,0.03501,0.99991,0.03595
000070_lcam_front_lidar.ply/000070_lcam_front_lidar.ply,0.1,800,0.9,0.12738,-0.00978,71,0.03567,0.99989,0.03682
000071_lcam_front_lidar.ply/000071_lcam_front_lidar.ply,0.1,800,0.9,0.12781,-0.01127,72,0.03663,0.99993,0.0413
000072_lcam_front_lidar.ply/000072_lcam_front_lidar.ply,0.1,800,0.9,0.11384,-0.01086,73,0.03318,0.99998,0.03613
000073_lcam_front_lidar.ply/000073_lcam_front_lidar.ply,0.1,800,0.9,0.11957,-0.00917,74,0.03136,0.99997,0.03083
000074_lcam_front_lidar.ply/000074_lcam_front_lidar.ply,0.1,800,0.9,0.13081,-0.0107,75,0.03045,0.99989,0.03038
000075_lcam_front_lidar.ply/000075_lcam_front_lidar.ply,0.1,800,0.9,0.1323,-0.00971,76,0.03098,0.99989,0.03086
000076_lcam_front_lidar.ply/000076_lcam_front_lidar.ply,0.1,800,0.9,0.13432,-0.00087,77,0.0408,0.99995,0.03226
000077_lcam_front_lidar.ply/000077_lcam_front_lidar.ply,0.1,800,0.9,0.13599,-0.01005,78,0.04113,0.99995,0.03302
000078_lcam_front_lidar.ply/000078_lcam_front_lidar.ply,0.1,800,0.9,0.12447,-0.14924,79,0.04984,0.02265,0.03573
000079_lcam_front_lidar.ply/000079_lcam_front_lidar.ply,0.1,800,0.9,0.1346,0.12804,80,0.04085,0.99997,0.03487
000080_lcam_front_lidar.ply/000080_lcam_front_lidar.ply,0.1,800,0.9,0.151,-0.14233,81,0.05635,0.0189,0.03621
000081_lcam_front_lidar.ply/000081_lcam_front_lidar.ply,0.1,800,0.9,0.15984,-0.00761,82,0.05927,0.01698,0.03669
000082_lcam_front_lidar.ply/000082_lcam_front_lidar.ply,0.1,800,0.9,0.15572,-0.00805,83,0.06061,0.0169,0.03547
000083_lcam_front_lidar.ply/000083_lcam_front_lidar.ply,0.1,800,0.9,0.15627,-0.00588,84,0.06442,0.01629,0.03464
000084_lcam_front_lidar.ply/000084_lcam_front_lidar.ply,0.1,800,0.9,0.15501,-0.00634,85,0.06753,0.01641,0.03358
000085_lcam_front_lidar.ply/000085_lcam_front_lidar.ply,0.1,800,0.9,0.13743,-0.00716,86,0.07044,0.01554,0.03346
000086_lcam_front_lidar.ply/000086_lcam_front_lidar.ply,0.1,800,0.9,0.14483,-0.01333,87,0.06729,0.01611,0.034
000087_lcam_front_lidar.ply/000087_lcam_front_lidar.ply,0.1,800,0.9,0.14112,-0.00633,88,0.07015,0.01448,0.0319
000088_lcam_front_lidar.ply/000088_lcam_front_lidar.ply,0.1,800,0.9,0.13772,-0.00449,89,0.07521,0.0145,0.03099
000089_lcam_front_lidar.ply/000089_lcam_front_lidar.ply,0.1,800,0.9,0.13764,-0.00967,90,0.07526,0.01522,0.03064
000090_lcam_front_lidar.ply/000090_lcam_front_lidar.ply,0.1,800,0.9,0.14135,-0.00834,91,0.07602,0.01232,0.02797
000091_lcam_front_lidar.ply/000091_lcam_front_lidar.ply,0.1,800,0.9,0.13199,-0.01016,92,0.07566,0.01076,0.0271
000092_lcam_front_lidar.ply/000092_lcam_front_lidar.ply,0.1,800,0.9,0.14461,-0.01445,93,0.07127,0.01098,0.0273
000093_lcam_front_lidar.ply/000093_lcam_front_lidar.ply,0.1,800,0.9,0.13097,-0.01818,94,0.06273,0.01248,0.02702
000094_lcam_front_lidar.ply/000094_lcam_front_lidar.ply,0.1,800,0.9,0.14627,-0.03502,95,0.03843,0.00014,0.02477
000095_lcam_front_lidar.ply/000095_lcam_front_lidar.ply,0.1,800,0.9,0.12664,0.01526,96,0.06289,0.01286,0.02698
000096_lcam_front_lidar.ply/000096_lcam_front_lidar.ply,0.1,800,0.9,0.14308,0.11828,97,0.04337,0.99999,0.02752
000097_lcam_front_lidar.ply/000097_lcam_front_lidar.ply,0.1,800,0.9,0.12372,-0.15834,98,0.04295,0.00289,0.02422
000098_lcam_front_lidar.ply/000098_lcam_front_lidar.ply,0.1,800,0.9,0.12706,0.00281,99,0.05602,0.00202,0.02448
000099_lcam_front_lidar.ply/000099_lcam_front_lidar.ply,0.1,800,0.9,0.11524,-0.01045,100,0.05513,0.00247,0.02374
000100_lcam_front_lidar.ply/000100_lcam_front_lidar.ply,0.1,800,0.9,0.1397,-0.00507,101,0.05986,0.00418,0.02387
000101_lcam_front_lidar.ply/000101_lcam_front_lidar.ply,0.1,800,0.9,0.14868,-0.00574,102,0.06428,0.00371,0.02403
000102_lcam_front_lidar.ply/000102_lcam_front_lidar.ply,0.1,800,0.9,0.14481,-0.02542,103,0.0498,0.00029,0.02489
000103_lcam_front_lidar.ply/000103_lcam_front_lidar.ply,0.1,800,0.9,0.12686,-0.00895,104,0.05062,0.00118,0.02469
000104_lcam_front_lidar.ply/000104_lcam_front_lidar.ply,0.1,800,0.9,0.11673,-0.00625,105,0.05354,0.00198,0.02328
000105_lcam_front_lidar.ply/000105_lcam_front_lidar.ply,0.1,800,0.9,0.13463,0.11687,106,0.03346,0.99999,0.02879
000106_lcam_front_lidar.ply/000106_lcam_front_lidar.ply,0.1,800,0.9,0.1243,-0.00878,107,0.03509,0.99999,0.02959
000107_lcam_front_lidar.ply/000107_lcam_front_lidar.ply,0.1,800,0.9,0.11818,0.00665,108,0.05042,0.99999,0.02695
000108_lcam_front_lidar.ply/000108_lcam_front_lidar.ply,0.1,800,0.9,0.10654,-0.01393,109,0.04705,0.99999,0.02805
000109_lcam_front_lidar.ply/000109_lcam_front_lidar.ply,0.1,800,0.9,0.12663,-0.00869,110,0.048,0.99998,0.02733
000110_lcam_front_lidar.ply/000110_lcam_front_lidar.ply,0.1,800,0.9,0.12637,-0.0077,111,0.0499,0.99999,0.02654
000111_lcam_front_lidar.ply/000111_lcam_front_lidar.ply,0.1,800,0.9,0.10658,-0.00994,112,0.0487,0.99998,0.02403
000112_lcam_front_lidar.ply/000112_lcam_front_lidar.ply,0.1,800,0.9,0.12814,-0.00848,113,0.0502,0.99999,0.02399
000113_lcam_front_lidar.ply/000113_lcam_front_lidar.ply,0.1,800,0.9,0.11128,-0.01055,114,0.05006,0.99998,0.02481
000114_lcam_front_lidar.ply/000114_lcam_front_lidar.ply,0.1,800,0.9,0.12067,-0.01146,115,0.0487,0.99998,0.02502
000115_lcam_front_lidar.ply/000115_lcam_front_lidar.ply,0.1,800,0.9,0.1437,-0.03058,116,0.02743,0.99998,0.02362
000116_lcam_front_lidar.ply/000116_lcam_front_lidar.ply,0.1,800,0.9,0.13949,0.01903,117,0.0677,0.99993,0.0461
000117_lcam_front_lidar.ply/000117_lcam_front_lidar.ply,0.1,800,0.9,0.14811,-0.02375,118,0.04264,0.99998,0.0235
000118_lcam_front_lidar.ply/000118_lcam_front_lidar.ply,0.1,800,0.9,0.14558,-0.00338,119,0.05889,0.99989,0.04273
000119_lcam_front_lidar.ply/000119_lcam_front_lidar.ply,0.1,800,0.9,0.13971,-0.00806,120,0.05956,0.99994,0.04022
000120_lcam_front_lidar.ply/000120_lcam_front_lidar.ply,0.1,800,0.9,0.12615,-0.00934,121,0.06064,0.99992,0.04104
000121_lcam_front_lidar.ply/000121_lcam_front_lidar.ply,0.1,800,0.9,0.13677,-0.01685,122,0.05171,0.99995,0.03689
000122_lcam_front_lidar.ply/000122_lcam_front_lidar.ply,0.1,800,0.9,0.10316,-0.00241,123,0.05988,0.99993,0.03803
000123_lcam_front_lidar.ply/000123_lcam_front_lidar.ply,0.1,800,0.9,0.12693,-0.00726,124,0.0612,0.99994,0.03521
000124_lcam_front_lidar.ply/000124_lcam_front_lidar.ply,0.1,800,0.9,0.14283,-0.02912,125,0.03791,0.99995,0.02687
000125_lcam_front_lidar.ply/000125_lcam_front_lidar.ply,0.1,800,0.9,0.10847,0.01483,126,0.07193,0.99995,0.04527
000126_lcam_front_lidar.ply/000126_lcam_front_lidar.ply,0.1,800,0.9,0.10477,-0.01467,127,0.06313,0.99993,0.03699
000127_lcam_front_lidar.ply/000127_lcam_front_lidar.ply,0.1,800,0.9,0.12935,-0.01295,128,0.06242,0.99993,0.04147
000128_lcam_front_lidar.ply/000128_lcam_front_lidar.ply,0.1,800,0.9,0.12909,-0.20167,129,0.0,0.0,0.0
000129_lcam_front_lidar.ply/000129_lcam_front_lidar.ply,0.1,800,0.9,0.17525,-0.01,130,0.0,0.0,0.0
000130_lcam_front_lidar.ply/000130_lcam_front_lidar.ply,0.1,800,0.9,0.13367,0.16556,131,0.03743,0.99994,0.02372
000131_lcam_front_lidar.ply/000131_lcam_front_lidar.ply,0.1,800,0.9,0.1318,0.0037,132,0.0581,0.99997,0.03767
000132_lcam_front_lidar.ply/000132_lcam_front_lidar.ply,0.1,800,0.9,0.13404,-0.01382,133,0.05429,0.99998,0.03771
000133_lcam_front_lidar.ply/000133_lcam_front_lidar.ply,0.1,800,0.9,0.12995,0.0045,134,0.07043,0.99998,0.04098
000134_lcam_front_lidar.ply/000134_lcam_front_lidar.ply,0.1,800,0.9,0.13911,-0.02146,135,0.05827,0.99997,0.03959
000135_lcam_front_lidar.ply/000135_lcam_front_lidar.ply,0.1,800,0.9,0.11656,0.00319,136,0.07376,0.99997,0.04418
000136_lcam_front_lidar.ply/000136_lcam_front_lidar.ply,0.1,800,0.9,0.12019,-0.02477,137,0.05885,0.99996,0.0439
000137_lcam_front_lidar.ply/000137_lcam_front_lidar.ply,0.1,800,0.9,0.12325,-0.00646,138,0.05979,0.99997,0.0387
000138_lcam_front_lidar.ply/000138_lcam_front_lidar.ply,0.1,800,0.9,0.12312,0.00257,139,0.07384,0.99998,0.04164
000139_lcam_front_lidar.ply/000139_lcam_front_lidar.ply,0.1,800,0.9,0.11459,-0.02043,140,0.06088,0.99997,0.0366
000140_lcam_front_lidar.ply/000140_lcam_front_lidar.ply,0.1,800,0.9,0.11394,0.0013,141,0.07402,0.99998,0.04029
000141_lcam_front_lidar.ply/000141_lcam_front_lidar.ply,0.1,800,0.9,0.13887,-0.02199,142,0.05905,0.99997,0.03433
000142_lcam_front_lidar.ply/000142_lcam_front_lidar.ply,0.1,800,0.9,0.15445,-0.00882,143,0.06017,0.99997,0.03421
000143_lcam_front_lidar.ply/000143_lcam_front_lidar.ply,0.1,800,0.9,0.13679,-0.01708,144,0.05954,0.99997,0.0471
000144_lcam_front_lidar.ply/000144_lcam_front_lidar.ply,0.1,800,0.9,0.13935,-0.00614,145,0.05842,0.99997,0.03714
000145_lcam_front_lidar.ply/000145_lcam_front_lidar.ply,0.1,800,0.9,0.14442,-0.01229,146,0.0617,0.99997,0.04829
000146_lcam_front_lidar.ply/000146_lcam_front_lidar.ply,0.1,800,0.9,0.1494,-0.00851,147,0.06308,0.99998,0.04807
000147_lcam_front_lidar.ply/000147_lcam_front_lidar.ply,0.1,800,0.9,0.12804,-0.00811,148,0.06453,0.99998,0.04719
000148_lcam_front_lidar.ply/000148_lcam_front_lidar.ply,0.1,800,0.9,0.15011,-0.00979,149,0.06585,0.99998,0.04942
000149_lcam_front_lidar.ply/000149_lcam_front_lidar.ply,0.1,800,0.9,0.15111,-0.00872,150,0.06501,0.99998,0.04516
000150_lcam_front_lidar.ply/000150_lcam_front_lidar.ply,0.1,800,0.9,0.1739,-0.00874,151,0.06675,0.99998,0.04613
000151_lcam_front_lidar.ply/000151_lcam_front_lidar.ply,0.1,800,0.9,0.13099,-0.00922,152,0.06764,0.99998,0.04633
000152_lcam_front_lidar.ply/000152_lcam_front_lidar.ply,0.1,800,0.9,0.13818,-0.01014,153,0.06511,0.99999,0.04156
000153_lcam_front_lidar.ply/000153_lcam_front_lidar.ply,0.1,800,0.9,0.12675,-0.00901,154,0.06756,0.99998,0.04449
000154_lcam_front_lidar.ply/000154_lcam_front_lidar.ply,0.1,800,0.9,0.13491,-0.00865,155,0.06842,0.99999,0.04352
000155_lcam_front_lidar.ply/000155_lcam_front_lidar.ply,0.1,800,0.9,0.12051,-0.01176,156,0.06715,0.99999,0.04449
000156_lcam_front_lidar.ply/000156_lcam_front_lidar.ply,0.1,800,0.9,0.13352,-0.00904,157,0.06706,0.99999,0.04238
000157_lcam_front_lidar.ply/000157_lcam_front_lidar.ply,0.1,800,0.9,0.13655,-0.01045,158,0.06174,0.99997,0.03263
000158_lcam_front_lidar.ply/000158_lcam_front_lidar.ply,0.1,800,0.9,0.13344,-0.01708,159,0.05434,0.99997,0.03199
000159_lcam_front_lidar.ply/000159_lcam_front_lidar.ply,0.1,800,0.9,0.14129,-0.00985,160,0.05446,0.99997,0.03193
000160_lcam_front_lidar.ply/000160_lcam_front_lidar.ply,0.1,800,0.9,0.15435,-0.00836,161,0.05613,0.99997,0.03198
000161_lcam_front_lidar.ply/000161_lcam_front_lidar.ply,0.1,800,0.9,0.13696,-0.01043,162,0.05662,0.99998,0.03384
000162_lcam_front_lidar.ply/000162_lcam_front_lidar.ply,0.1,800,0.9,0.17385,-0.00878,163,0.05811,0.99998,0.03438
000163_lcam_front_lidar.ply/000163_lcam_front_lidar.ply,0.1,800,0.9,0.13797,-0.01583,164,0.05149,0.99998,0.0328
000164_lcam_front_lidar.ply/000164_lcam_front_lidar.ply,0.1,800,0.9,0.1467,-0.00335,165,0.06243,1.0,0.0414
000165_lcam_front_lidar.ply/000165_lcam_front_lidar.ply,0.1,800,0.9,0.16205,-0.01087,166,0.05975,0.99999,0.03777
000166_lcam_front_lidar.ply/000166_lcam_front_lidar.ply,0.1,800,0.9,0.17685,-0.14691,167,0.0649,0.00493,0.02338
000167_lcam_front_lidar.ply/000167_lcam_front_lidar.ply,0.1,800,0.9,0.15782,-0.01228,168,0.06306,0.00356,0.02385
000168_lcam_front_lidar.ply/000168_lcam_front_lidar.ply,0.1,800,0.9,0.15764,-0.00295,169,0.07033,0.00295,0.02411
000169_lcam_front_lidar.ply/000169_lcam_front_lidar.ply,0.1,800,0.9,0.15839,-0.01157,170,0.0686,0.00364,0.02398
000170_lcam_front_lidar.ply/000170_lcam_front_lidar.ply,0.1,800,0.9,0.17187,-0.00807,171,0.07037,0.00317,0.02353
000171_lcam_front_lidar.ply/000171_lcam_front_lidar.ply,0.1,800,0.9,0.15243,-0.00608,172,0.0742,0.00253,0.02316
000172_lcam_front_lidar.ply/000172_lcam_front_lidar.ply,0.1,800,0.9,0.15561,-0.01409,173,0.06987,0.003,0.02282
000173_lcam_front_lidar.ply/000173_lcam_front_lidar.ply,0.1,800,0.9,0.14547,-0.00811,174,0.07183,0.00346,0.0231
000174_lcam_front_lidar.ply/000174_lcam_front_lidar.ply,0.1,800,0.9,0.17116,-0.01206,175,0.06963,0.00207,0.0224
000175_lcam_front_lidar.ply/000175_lcam_front_lidar.ply,0.1,800,0.9,0.13724,-0.01342,176,0.06669,0.00206,0.02336
000176_lcam_front_lidar.ply/000176_lcam_front_lidar.ply,0.1,800,0.9,0.22034,0.11165,177,0.04014,0.99996,0.02632
000177_lcam_front_lidar.ply/000177_lcam_front_lidar.ply,0.1,800,0.9,0.18092,-0.01956,178,0.03089,0.99994,0.02695
000178_lcam_front_lidar.ply/000178_lcam_front_lidar.ply,0.1,800,0.9,0.13837,-0.12809,179,0.06029,0.00693,0.02401
000179_lcam_front_lidar.ply/000179_lcam_front_lidar.ply,0.1,800,0.9,0.15219,-0.00184,180,0.0687,0.00264,0.02324
000180_lcam_front_lidar.ply/000180_lcam_front_lidar.ply,0.1,800,0.9,0.14232,-0.02097,181,0.06598,0.01507,0.04346
000181_lcam_front_lidar.ply/000181_lcam_front_lidar.ply,0.1,800,0.9,0.13203,-0.00621,182,0.07014,0.01369,0.04378
000182_lcam_front_lidar.ply/000182_lcam_front_lidar.ply,0.1,800,0.9,0.12505,-0.01065,183,0.06894,0.01429,0.04287
000183_lcam_front_lidar.ply/000183_lcam_front_lidar.ply,0.1,800,0.9,0.19126,0.11961,184,0.04126,0.99994,0.02398
000184_lcam_front_lidar.ply/000184_lcam_front_lidar.ply,0.1,800,0.9,0.14448,-0.01486,185,0.03639,0.99993,0.02396
000185_lcam_front_lidar.ply/000185_lcam_front_lidar.ply,0.1,800,0.9,0.15864,-0.00692,186,0.04052,0.99994,0.02606
000186_lcam_front_lidar.ply/000186_lcam_front_lidar.ply,0.1,800,0.9,0.15589,-0.13362,187,0.07355,0.01589,0.04415
000187_lcam_front_lidar.ply/000187_lcam_front_lidar.ply,0.1,800,0.9,0.18143,0.11472,188,0.04112,0.99994,0.02506
000188_lcam_front_lidar.ply/000188_lcam_front_lidar.ply,0.1,800,0.9,0.19836,-0.01553,189,0.0321,0.9999,0.01805
000189_lcam_front_lidar.ply/000189_lcam_front_lidar.ply,0.1,800,0.9,0.19065,-0.00644,190,0.03808,0.99991,0.02291
000190_lcam_front_lidar.ply/000190_lcam_front_lidar.ply,0.1,800,0.9,0.19467,-0.00909,191,0.03849,0.99991,0.0219
000191_lcam_front_lidar.ply/000191_lcam_front_lidar.ply,0.1,800,0.9,0.14009,-0.00451,192,0.0443,0.99992,0.02255
000192_lcam_front_lidar.ply/000192_lcam_front_lidar.ply,0.1,800,0.9,0.11002,-0.01119,193,0.05009,0.99993,0.03653
000193_lcam_front_lidar.ply/000193_lcam_front_lidar.ply,0.1,800,0.9,0.09979,-0.02441,194,0.02608,0.99989,0.0173
000194_lcam_front_lidar.ply/000194_lcam_front_lidar.ply,0.1,800,0.9,0.12642,0.00484,195,0.04242,0.99992,0.02033
000195_lcam_front_lidar.ply/000195_lcam_front_lidar.ply,0.1,800,0.9,0.16441,-0.01085,196,0.04153,0.99993,0.02024
000196_lcam_front_lidar.ply/000196_lcam_front_lidar.ply,0.1,800,0.9,0.16996,-0.01104,197,0.03983,0.99991,0.01892
000197_lcam_front_lidar.ply/000197_lcam_front_lidar.ply,0.1,800,0.9,0.14771,-0.01084,198,0.03842,0.9999,0.01778
000198_lcam_front_lidar.ply/000198_lcam_front_lidar.ply,0.1,800,0.9,0.13495,-0.01159,199,0.03683,0.99989,0.01777
000199_lcam_front_lidar.ply/000199_lcam_front_lidar.ply,0.1,800,0.9,0.13759,-0.01098,200,0.03604,0.99989,0.01816
000200_lcam_front_lidar.ply/000200_lcam_front_lidar.ply,0.1,800,0.9,0.12213,-0.01093,201,0.0348,0.99989,0.01754
000201_lcam_front_lidar.ply/000201_lcam_front_lidar.ply,0.1,800,0.9,0.09284,-0.01413,202,0.03447,0.99998,0.02516
000202_lcam_front_lidar.ply/000202_lcam_front_lidar.ply,0.1,800,0.9,0.11893,-0.10618,203,0.09839,0.00817,0.04782
000203_lcam_front_lidar.ply/000203_lcam_front_lidar.ply,0.1,800,0.9,0.12191,0.0874,204,0.03375,0.99997,0.02128
000204_lcam_front_lidar.ply/000204_lcam_front_lidar.ply,0.1,800,0.9,0.12988,-0.10751,205,0.09871,0.00581,0.04798
000205_lcam_front_lidar.ply/000205_lcam_front_lidar.ply,0.1,800,0.9,0.10456,-0.00667,206,0.10189,0.00733,0.04812
000206_lcam_front_lidar.ply/000206_lcam_front_lidar.ply,0.1,800,0.9,0.0988,-0.01032,207,0.10145,0.00697,0.04777
000207_lcam_front_lidar.ply/000207_lcam_front_lidar.ply,0.1,800,0.9,0.11074,-0.00886,208,0.10365,0.00605,0.04961
000208_lcam_front_lidar.ply/000208_lcam_front_lidar.ply,0.1,800,0.9,0.11301,-0.01009,209,0.10328,0.0058,0.04899
000209_lcam_front_lidar.ply/000209_lcam_front_lidar.ply,0.1,800,0.9,0.11709,-0.01086,210,0.1039,0.00535,0.0518
000210_lcam_front_lidar.ply/000210_lcam_front_lidar.ply,0.1,800,0.9,0.10512,-0.00961,211,0.10428,0.00755,0.05244
000211_lcam_front_lidar.ply/000211_lcam_front_lidar.ply,0.1,800,0.9,0.11166,-0.00914,212,0.10536,0.00335,0.05161
000212_lcam_front_lidar.ply/000212_lcam_front_lidar.ply,0.1,800,0.9,0.08319,-0.00992,213,0.10595,0.00389,0.05279
000213_lcam_front_lidar.ply/000213_lcam_front_lidar.ply,0.1,800,0.9,0.0946,-0.01131,214,0.10391,0.00233,0.05087
000214_lcam_front_lidar.ply/000214_lcam_front_lidar.ply,0.1,800,0.9,0.10872,-0.00999,215,0.10427,0.00279,0.05168
000215_lcam_front_lidar.ply/000215_lcam_front_lidar.ply,0.1,800,0.9,0.1096,-0.01368,216,0.10048,0.00411,0.05186
000216_lcam_front_lidar.ply/000216_lcam_front_lidar.ply,0.1,800,0.9,0.11774,-0.01358,217,0.09867,0.00044,0.05429
000217_lcam_front_lidar.ply/000217_lcam_front_lidar.ply,0.1,800,0.9,0.12934,-0.01008,218,0.09929,0.00154,0.05602
000218_lcam_front_lidar.ply/000218_lcam_front_lidar.ply,0.1,800,0.9,0.10366,-0.00915,219,0.101,0.00114,0.05763
000219_lcam_front_lidar.ply/000219_lcam_front_lidar.ply,0.1,800,0.9,0.09773,-0.01041,220,0.09998,0.0031,0.05699
000220_lcam_front_lidar.ply/000220_lcam_front_lidar.ply,0.1,800,0.9,0.12692,-0.01192,221,0.0982,0.00117,0.05669
000221_lcam_front_lidar.ply/000221_lcam_front_lidar.ply,0.1,800,0.9,0.11908,0.08668,222,0.03215,0.99994,0.03087
000222_lcam_front_lidar.ply/000222_lcam_front_lidar.ply,0.1,800,0.9,0.113,-0.11194,223,0.0925,0.00318,0.05644
000223_lcam_front_lidar.ply/000223_lcam_front_lidar.ply,0.1,800,0.9,0.11812,-0.00814,224,0.09428,0.0029,0.05619
000224_lcam_front_lidar.ply/000224_lcam_front_lidar.ply,0.1,800,0.9,0.09993,0.09457,225,0.03612,0.99988,0.02981
000225_lcam_front_lidar.ply/000225_lcam_front_lidar.ply,0.1,800,0.9,0.12227,-0.11992,226,0.08915,0.00163,0.05625
000226_lcam_front_lidar.ply/000226_lcam_front_lidar.ply,0.1,800,0.9,0.12239,0.0994,227,0.03586,0.99987,0.03033
000227_lcam_front_lidar.ply/000227_lcam_front_lidar.ply,0.1,800,0.9,0.12478,-0.12363,228,0.08564,0.00096,0.05747
000228_lcam_front_lidar.ply/000228_lcam_front_lidar.ply,0.1,800,0.9,0.11203,-0.01098,229,0.08503,0.00025,0.058
000229_lcam_front_lidar.ply/000229_lcam_front_lidar.ply,0.1,800,0.9,0.0846,-0.01336,230,0.08124,0.00176,0.05758
000230_lcam_front_lidar.ply/000230_lcam_front_lidar.ply,0.1,800,0.9,0.10582,-0.00876,231,0.08226,0.00148,0.05706
000231_lcam_front_lidar.ply/000231_lcam_front_lidar.ply,0.1,800,0.9,0.11249,-0.00951,232,0.08307,0.00024,0.05733
000232_lcam_front_lidar.ply/000232_lcam_front_lidar.ply,0.1,800,0.9,0.14489,-0.01192,233,0.0802,0.00158,0.05581
000233_lcam_front_lidar.ply/000233_lcam_front_lidar.ply,0.1,800,0.9,0.24828,-0.00839,234,0.08155,0.00161,0.0553
000234_lcam_front_lidar.ply/000234_lcam_front_lidar.ply,0.1,800,0.9,0.10947,-0.01097,235,0.0812,0.00099,0.05636
000235_lcam_front_lidar.ply/000235_lcam_front_lidar.ply,0.1,800,0.9,0.108,-0.01174,236,0.07923,0.00161,0.05609
000236_lcam_front_lidar.ply/000236_lcam_front_lidar.ply,0.1,800,0.9,0.13938,0.11298,237,0.03741,0.99988,0.02597
000237_lcam_front_lidar.ply/000237_lcam_front_lidar.ply,0.1,800,0.9,0.14634,-0.00035,238,0.05021,0.99978,0.03223
000238_lcam_front_lidar.ply/000238_lcam_front_lidar.ply,0.1,800,0.9,0.09766,-0.01487,239,0.04493,0.99974,0.0314
000239_lcam_front_lidar.ply/000239_lcam_front_lidar.ply,0.1,800,0.9,0.09532,-0.13801,240,0.0794,0.0019,0.05701
000240_lcam_front_lidar.ply/000240_lcam_front_lidar.ply,0.1,800,0.9,0.09114,0.11484,241,0.03985,0.99987,0.02761
000241_lcam_front_lidar.ply/000241_lcam_front_lidar.ply,0.1,800,0.9,0.11595,-0.01062,242,0.04229,0.99985,0.03373
000242_lcam_front_lidar.ply/000242_lcam_front_lidar.ply,0.1,800,0.9,0.16075,-0.00056,243,0.05247,0.99988,0.03523
000243_lcam_front_lidar.ply/000243_lcam_front_lidar.ply,0.1,800,0.9,0.15262,-0.00871,244,0.05069,0.99984,0.02907
000244_lcam_front_lidar.ply/000244_lcam_front_lidar.ply,0.1,800,0.9,0.13215,-0.01097,245,0.04858,0.99984,0.02678
000245_lcam_front_lidar.ply/000245_lcam_front_lidar.ply,0.1,800,0.9,0.1195,-0.01682,246,0.04005,0.99991,0.02339
000246_lcam_front_lidar.ply/000246_lcam_front_lidar.ply,0.1,800,0.9,0.12243,0.00517,247,0.05648,0.99986,0.0259
000247_lcam_front_lidar.ply/000247_lcam_front_lidar.ply,0.1,800,0.9,0.11773,-0.05652,248,0.02023,0.99996,0.04646
000248_lcam_front_lidar.ply/000248_lcam_front_lidar.ply,0.1,800,0.9,0.13539,0.03122,249,0.05266,0.99985,0.02885
000249_lcam_front_lidar.ply/000249_lcam_front_lidar.ply,0.1,800,0.9,0.11065,-0.14447,250,0.0791,0.00336,0.05171
000250_lcam_front_lidar.ply/000250_lcam_front_lidar.ply,0.1,800,0.9,0.16692,0.1157,251,0.04055,0.99991,0.02218
000251_lcam_front_lidar.ply/000251_lcam_front_lidar.ply,0.1,800,0.9,0.18094,-0.00996,252,0.04044,0.99992,0.02188
000252_lcam_front_lidar.ply/000252_lcam_front_lidar.ply,0.1,800,0.9,0.17474,-0.0088,253,0.04151,0.99992,0.02163
000253_lcam_front_lidar.ply/000253_lcam_front_lidar.ply,0.1,800,0.9,0.17028,-0.13745,254,0.07829,0.00268,0.0509
000254_lcam_front_lidar.ply/000254_lcam_front_lidar.ply,0.1,800,0.9,0.12819,-0.00831,255,0.08041,0.00082,0.05121
000255_lcam_front_lidar.ply/000255_lcam_front_lidar.ply,0.1,800,0.9,0.11105,0.12434,256,0.05353,0.99988,0.02849
000256_lcam_front_lidar.ply/000256_lcam_front_lidar.ply,0.1,800,0.9,0.14196,-0.14359,257,0.08141,0.00122,0.05184
000257_lcam_front_lidar.ply/000257_lcam_front_lidar.ply,0.1,800,0.9,0.14671,-0.01172,258,0.07943,0.00092,0.05122
000258_lcam_front_lidar.ply/000258_lcam_front_lidar.ply,0.1,800,0.9,0.21728,-0.0087,259,0.08029,0.00059,0.05024
000259_lcam_front_lidar.ply/000259_lcam_front_lidar.ply,0.1,800,0.9,0.13617,0.13397,260,0.06382,0.99993,0.02917
000260_lcam_front_lidar.ply/000260_lcam_front_lidar.ply,0.1,800,0.9,0.1518,-0.03011,261,0.04342,0.99984,0.02856
000261_lcam_front_lidar.ply/000261_lcam_front_lidar.ply,0.1,800,0.9,0.14821,-0.00978,262,0.04417,0.99984,0.02961
000262_lcam_front_lidar.ply/000262_lcam_front_lidar.ply,0.1,800,0.9,0.15014,-0.01009,263,0.04427,0.99986,0.03
000263_lcam_front_lidar.ply/000263_lcam_front_lidar.ply,0.1,800,0.9,0.1359,-0.00168,264,0.05038,0.99987,0.02558
000264_lcam_front_lidar.ply/000264_lcam_front_lidar.ply,0.1,800,0.9,0.13675,-0.00996,265,0.04999,0.99987,0.02473
000265_lcam_front_lidar.ply/000265_lcam_front_lidar.ply,0.1,800,0.9,0.1698,-0.01019,266,0.04944,0.99988,0.02402
000266_lcam_front_lidar.ply/000266_lcam_front_lidar.ply,0.1,800,0.9,0.14169,-0.00933,267,0.04992,0.99988,0.02364
000267_lcam_front_lidar.ply/000267_lcam_front_lidar.ply,0.1,800,0.9,0.11024,-0.0104,268,0.04989,0.99989,0.02437
000268_lcam_front_lidar.ply/000268_lcam_front_lidar.ply,0.1,800,0.9,0.11116,-0.01136,269,0.04794,0.99988,0.0232
000269_lcam_front_lidar.ply/000269_lcam_front_lidar.ply,0.1,800,0.9,0.10681,0.01157,270,0.07068,0.99993,0.02555
000270_lcam_front_lidar.ply/000270_lcam_front_lidar.ply,0.1,800,0.9,0.13519,-0.02528,271,0.05533,0.99991,0.0254
000271_lcam_front_lidar.ply/000271_lcam_front_lidar.ply,0.1,800,0.9,0.11446,-0.01119,272,0.05482,0.99991,0.02676
000272_lcam_front_lidar.ply/000272_lcam_front_lidar.ply,0.1,800,0.9,0.20019,-0.15287,273,0.07234,0.00097,0.04788
000273_lcam_front_lidar.ply/000273_lcam_front_lidar.ply,0.1,800,0.9,0.13765,-0.01253,274,0.0693,0.00099,0.04685
000274_lcam_front_lidar.ply/000274_lcam_front_lidar.ply,0.1,800,0.9,0.13005,0.1241,275,0.04463,0.99983,0.02895
000275_lcam_front_lidar.ply/000275_lcam_front_lidar.ply,0.1,800,0.9,0.20592,-0.1446,276,0.06921,0.00035,0.04748
000276_lcam_front_lidar.ply/000276_lcam_front_lidar.ply,0.1,800,0.9,0.18375,-0.00072,277,0.06777,0.01072,0.02915
000277_lcam_front_lidar.ply/000277_lcam_front_lidar.ply,0.1,800,0.9,0.14668,-0.01024,278,0.0671,0.01109,0.02842
000278_lcam_front_lidar.ply/000278_lcam_front_lidar.ply,0.1,800,0.9,0.19388,0.11412,279,0.04157,0.99995,0.02576
000279_lcam_front_lidar.ply/000279_lcam_front_lidar.ply,0.1,800,0.9,0.19547,-0.0115,280,0.03948,0.99979,0.02454
000280_lcam_front_lidar.ply/000280_lcam_front_lidar.ply,0.1,800,0.9,0.12624,0.0073,281,0.0584,0.99993,0.02781
000281_lcam_front_lidar.ply/000281_lcam_front_lidar.ply,0.1,800,0.9,0.13664,-0.01341,282,0.05322,0.99994,0.02427
000282_lcam_front_lidar.ply/000282_lcam_front_lidar.ply,0.1,800,0.9,0.16649,-0.02366,283,0.0379,0.99985,0.02094
000283_lcam_front_lidar.ply/000283_lcam_front_lidar.ply,0.1,800,0.9,0.13739,-0.01073,284,0.03751,0.99982,0.02161
000284_lcam_front_lidar.ply/000284_lcam_front_lidar.ply,0.1,800,0.9,0.15444,-0.02391,285,0.02724,0.99993,0.02891
000285_lcam_front_lidar.ply/000285_lcam_front_lidar.ply,0.1,800,0.9,0.20861,0.01302,286,0.04743,0.99991,0.02326
000286_lcam_front_lidar.ply/000286_lcam_front_lidar.ply,0.1,800,0.9,0.14786,-0.01004,287,0.04735,0.99991,0.02316
000287_lcam_front_lidar.ply/000287_lcam_front_lidar.ply,0.1,800,0.9,0.15317,-0.01092,288,0.04533,0.99989,0.02096
000288_lcam_front_lidar.ply/000288_lcam_front_lidar.ply,0.1,800,0.9,0.14814,-0.00958,289,0.04583,0.99987,0.02112
000289_lcam_front_lidar.ply/000289_lcam_front_lidar.ply,0.1,800,0.9,0.16824,-0.01187,290,0.04382,0.99987,0.02084
000290_lcam_front_lidar.ply/000290_lcam_front_lidar.ply,0.1,800,0.9,0.15205,-0.01031,291,0.04381,0.99986,0.02143
000291_lcam_front_lidar.ply/000291_lcam_front_lidar.ply,0.1,800,0.9,0.13672,-0.00912,292,0.04484,0.99987,0.02173
000292_lcam_front_lidar.ply/000292_lcam_front_lidar.ply,0.1,800,0.9,0.19153,-0.01149,293,0.0443,0.99985,0.02362
000293_lcam_front_lidar.ply/000293_lcam_front_lidar.ply,0.1,800,0.9,0.18062,-0.01101,294,0.04304,0.99985,0.02314
000294_lcam_front_lidar.ply/000294_lcam_front_lidar.ply,0.1,800,0.9,0.18425,-0.01115,295,0.04405,0.99994,0.02749
000295_lcam_front_lidar.ply/000295_lcam_front_lidar.ply,0.1,800,0.9,0.20025,-0.01139,296,0.04199,0.99993,0.02615
000296_lcam_front_lidar.ply/000296_lcam_front_lidar.ply,0.1,800,0.9,0.17927,-0.01884,297,0.0351,0.99998,0.03005
000297_lcam_front_lidar.ply/000297_lcam_front_lidar.ply,0.1,800,0.9,0.16673,-0.00832,298,0.03683,0.99999,0.03015
000298_lcam_front_lidar.ply/000298_lcam_front_lidar.ply,0.1,800,0.9,0.18851,-0.01,299,0.0367,0.99998,0.02989
000299_lcam_front_lidar.ply/000299_lcam_front_lidar.ply,0.1,800,0.9,0.14926,-0.00653,300,0.03885,0.99998,0.02725
000300_lcam_front_lidar.ply/000300_lcam_front_lidar.ply,0.1,800,0.9,0.16863,-0.01297,301,0.03515,0.99997,0.02581
000301_lcam_front_lidar.ply/000301_lcam_front_lidar.ply,0.1,800,0.9,0.17081,-0.00603,302,0.04019,0.99998,0.02795
000302_lcam_front_lidar.ply/000302_lcam_front_lidar.ply,0.1,800,0.9,0.17835,0.00518,303,0.05394,0.99998,0.02509
000303_lcam_front_lidar.ply/000303_lcam_front_lidar.ply,0.1,800,0.9,0.16925,-0.02489,304,0.03948,0.99994,0.02594
000304_lcam_front_lidar.ply/000304_lcam_front_lidar.ply,0.1,800,0.9,0.19123,-0.01152,305,0.03869,0.99996,0.02741
000305_lcam_front_lidar.ply/000305_lcam_front_lidar.ply,0.1,800,0.9,0.20035,0.00689,306,0.05503,0.99996,0.02631
000306_lcam_front_lidar.ply/000306_lcam_front_lidar.ply,0.1,800,0.9,0.18864,-0.01126,307,0.05451,0.99998,0.02779
000307_lcam_front_lidar.ply/000307_lcam_front_lidar.ply,0.1,800,0.9,0.16257,-0.02741,308,0.03594,0.99999,0.02546
000308_lcam_front_lidar.ply/000308_lcam_front_lidar.ply,0.1,800,0.9,0.15007,0.00729,309,0.05323,0.99996,0.02544
000309_lcam_front_lidar.ply/000309_lcam_front_lidar.ply,0.1,800,0.9,0.13149,-0.0107,310,0.05277,0.99997,0.02592
000310_lcam_front_lidar.ply/000310_lcam_front_lidar.ply,0.1,800,0.9,0.12326,-0.01028,311,0.05238,0.99997,0.0257
000311_lcam_front_lidar.ply/000311_lcam_front_lidar.ply,0.1,800,0.9,0.12434,-0.0331,312,0.02634,0.99999,0.01982
000312_lcam_front_lidar.ply/000312_lcam_front_lidar.ply,0.1,800,0.9,0.11216,-0.12173,313,0.07481,0.0017,0.04073
000313_lcam_front_lidar.ply/000313_lcam_front_lidar.ply,0.1,800,0.9,0.11458,-0.00863,314,0.07633,0.00091,0.04079
000314_lcam_front_lidar.ply/000314_lcam_front_lidar.ply,0.1,800,0.9,0.117,0.10426,315,0.03119,0.99999,0.02172
000315_lcam_front_lidar.ply/000315_lcam_front_lidar.ply,0.1,800,0.9,0.13209,-0.01089,316,0.03085,0.99999,0.02281
000316_lcam_front_lidar.ply/000316_lcam_front_lidar.ply,0.1,800,0.9,0.14259,-0.00967,317,0.03106,0.99999,0.02257
000317_lcam_front_lidar.ply/000317_lcam_front_lidar.ply,0.1,800,0.9,0.12709,-0.11537,318,0.08393,0.00099,0.03936
000318_lcam_front_lidar.ply/000318_lcam_front_lidar.ply,0.1,800,0.9,0.16046,0.10931,319,0.04651,0.99999,0.02559
000319_lcam_front_lidar.ply/000319_lcam_front_lidar.ply,0.1,800,0.9,0.13891,-0.00938,320,0.0463,0.99999,0.02395
000320_lcam_front_lidar.ply/000320_lcam_front_lidar.ply,0.1,800,0.9,0.14858,-0.12493,321,0.08949,0.00196,0.04077
000321_lcam_front_lidar.ply/000321_lcam_front_lidar.ply,0.1,800,0.9,0.15818,0.08828,322,0.03055,0.99991,0.02572
000322_lcam_front_lidar.ply/000322_lcam_front_lidar.ply,0.1,800,0.9,0.12072,-0.10581,323,0.09288,0.001,0.04232
000323_lcam_front_lidar.ply/000323_lcam_front_lidar.ply,0.1,800,0.9,0.16042,-0.00887,324,0.09442,0.00118,0.04319
000324_lcam_front_lidar.ply/000324_lcam_front_lidar.ply,0.1,800,0.9,0.17206,-0.0077,325,0.09648,0.00118,0.04271
000325_lcam_front_lidar.ply/000325_lcam_front_lidar.ply,0.1,800,0.9,0.12195,-0.01013,326,0.09635,0.00275,0.0432
000326_lcam_front_lidar.ply/000326_lcam_front_lidar.ply,0.1,800,0.9,0.14801,-0.00854,327,0.09764,0.00414,0.04326
000327_lcam_front_lidar.ply/000327_lcam_front_lidar.ply,0.1,800,0.9,0.10828,-0.01047,328,0.09731,0.00538,0.04392
000328_lcam_front_lidar.ply/000328_lcam_front_lidar.ply,0.1,800,0.9,0.17192,-0.00801,329,0.09975,0.00453,0.04457
000329_lcam_front_lidar.ply/000329_lcam_front_lidar.ply,0.1,800,0.9,0.16772,-0.00917,330,0.10016,0.00465,0.04375
000330_lcam_front_lidar.ply/000330_lcam_front_lidar.ply,0.1,800,0.9,0.12677,-0.0101,331,0.0995,0.00502,0.04274
000331_lcam_front_lidar.ply/000331_lcam_front_lidar.ply,0.1,800,0.9,0.10681,-0.00854,332,0.10209,0.00637,0.04541
000332_lcam_front_lidar.ply/000332_lcam_front_lidar.ply,0.1,800,0.9,0.10084,-0.00782,333,0.10399,0.00584,0.04468
000333_lcam_front_lidar.ply/000333_lcam_front_lidar.ply,0.1,800,0.9,0.09925,-0.00961,334,0.10382,0.00629,0.04371
000334_lcam_front_lidar.ply/000334_lcam_front_lidar.ply,0.1,800,0.9,0.15004,-0.0097,335,0.1046,0.00676,0.0448
000335_lcam_front_lidar.ply/000335_lcam_front_lidar.ply,0.1,800,0.9,0.15673,-0.00874,336,0.10622,0.00572,0.04519
000336_lcam_front_lidar.ply/000336_lcam_front_lidar.ply,0.1,800,0.9,0.1011,-0.00677,337,0.10923,0.00764,0.04535
000337_lcam_front_lidar.ply/000337_lcam_front_lidar.ply,0.1,800,0.9,0.11142,-0.00927,338,0.11044,0.0069,0.0461
000338_lcam_front_lidar.ply/000338_lcam_front_lidar.ply,0.1,800,0.9,0.10845,-0.00612,339,0.11462,0.0053,0.04621
000339_lcam_front_lidar.ply/000339_lcam_front_lidar.ply,0.1,800,0.9,0.1326,-0.00993,340,0.11447,0.00399,0.04536
000340_lcam_front_lidar.ply/000340_lcam_front_lidar.ply,0.1,800,0.9,0.09521,-0.0087,341,0.11643,0.00429,0.04677
000341_lcam_front_lidar.ply/000341_lcam_front_lidar.ply,0.1,800,0.9,0.11661,-0.00531,342,0.12137,0.00546,0.04764
000342_lcam_front_lidar.ply/000342_lcam_front_lidar.ply,0.1,800,0.9,0.14547,-0.01139,343,0.11976,0.00415,0.0468
000343_lcam_front_lidar.ply/000343_lcam_front_lidar.ply,0.1,800,0.9,0.1247,-0.00605,344,0.12431,0.00368,0.04786
000344_lcam_front_lidar.ply/000344_lcam_front_lidar.ply,0.1,800,0.9,0.13403,-0.01126,345,0.12239,0.00566,0.04713
000345_lcam_front_lidar.ply/000345_lcam_front_lidar.ply,0.1,800,0.9,0.11329,-0.00616,346,0.12559,0.00625,0.04604
000346_lcam_front_lidar.ply/000346_lcam_front_lidar.ply,0.1,800,0.9,0.13162,-0.00675,347,0.12977,0.00828,0.04851
000347_lcam_front_lidar.ply/000347_lcam_front_lidar.ply,0.1,800,0.9,0.09455,-0.00768,348,0.13188,0.00755,0.04789
000348_lcam_front_lidar.ply/000348_lcam_front_lidar.ply,0.1,800,0.9,0.10424,-0.00657,349,0.13598,0.00697,0.04905
000349_lcam_front_lidar.ply/000349_lcam_front_lidar.ply,0.1,800,0.9,0.12598,-0.00541,350,0.14088,0.00612,0.0494
000350_lcam_front_lidar.ply/000350_lcam_front_lidar.ply,0.1,800,0.9,0.08477,-0.01061,351,0.14045,0.00664,0.04992
000351_lcam_front_lidar.ply/000351_lcam_front_lidar.ply,0.1,800,0.9,0.10766,-0.00959,352,0.1409,0.00365,0.0491
000352_lcam_front_lidar.ply/000352_lcam_front_lidar.ply,0.1,800,0.9,0.11609,-0.00449,353,0.14674,0.00459,0.05004
000353_lcam_front_lidar.ply/000353_lcam_front_lidar.ply,0.1,800,0.9,0.11834,-0.00742,354,0.15026,0.00158,0.05101
000354_lcam_front_lidar.ply/000354_lcam_front_lidar.ply,0.1,800,0.9,0.11977,-0.00446,355,0.15525,0.00261,0.05023
000355_lcam_front_lidar.ply/000355_lcam_front_lidar.ply,0.1,800,0.9,0.09263,-0.00829,356,0.15804,0.0008,0.05184
000356_lcam_front_lidar.ply/000356_lcam_front_lidar.ply,0.1,800,0.9,0.13095,-0.00567,357,0.16184,0.00015,0.05059
000357_lcam_front_lidar.ply/000357_lcam_front_lidar.ply,0.1,800,0.9,0.09389,-0.00903,358,0.16362,0.00159,0.05263
000358_lcam_front_lidar.ply/000358_lcam_front_lidar.ply,0.1,800,0.9,0.12103,-0.00647,359,0.16721,0.00263,0.05305
000359_lcam_front_lidar.ply/000359_lcam_front_lidar.ply,0.1,800,0.9,0.11708,-0.0075,360,0.16987,0.00051,0.05273
000360_lcam_front_lidar.ply/000360_lcam_front_lidar.ply,0.1,800,0.9,0.09209,-0.00686,361,0.17229,0.00314,0.05209
000361_lcam_front_lidar.ply/000361_lcam_front_lidar.ply,0.1,800,0.9,0.10866,-0.00746,362,0.17572,0.00189,0.05348
000362_lcam_front_lidar.ply/000362_lcam_front_lidar.ply,0.1,800,0.9,0.11424,-0.01021,363,0.17486,0.00172,0.05214
000363_lcam_front_lidar.ply/000363_lcam_front_lidar.ply,0.1,800,0.9,0.09321,-0.0062,364,0.17951,0.00153,0.05377
000364_lcam_front_lidar.ply/000364_lcam_front_lidar.ply,0.1,800,0.9,0.09309,-0.00626,365,0.18325,0.00446,0.05466
000365_lcam_front_lidar.ply/000365_lcam_front_lidar.ply,0.1,800,0.9,0.10556,-0.01108,366,0.18177,0.00436,0.05382
000366_lcam_front_lidar.ply/000366_lcam_front_lidar.ply,0.1,800,0.9,0.09796,-0.00643,367,0.18511,0.00592,0.05384
000367_lcam_front_lidar.ply/000367_lcam_front_lidar.ply,0.1,800,0.9,0.09819,-0.00865,368,0.18643,0.00497,0.05349
000368_lcam_front_lidar.ply/000368_lcam_front_lidar.ply,0.1,800,0.9,0.10069,-0.00511,369,0.19075,0.00765,0.05315
000369_lcam_front_lidar.ply/000369_lcam_front_lidar.ply,0.1,800,0.9,0.09948,-0.0085,370,0.19226,0.00677,0.0529
000370_lcam_front_lidar.ply/000370_lcam_front_lidar.ply,0.1,800,0.9,0.06867,-0.00717,371,0.19647,0.00652,0.0556
000371_lcam_front_lidar.ply/000371_lcam_front_lidar.ply,0.1,800,0.9,0.076,-0.0089,372,0.19658,0.00609,0.05347
000372_lcam_front_lidar.ply/000372_lcam_front_lidar.ply,0.1,800,0.9,0.08232,-0.01057,373,0.19509,0.00783,0.05215
000373_lcam_front_lidar.ply/000373_lcam_front_lidar.ply,0.1,800,0.9,0.09202,-0.00779,374,0.19753,0.00743,0.05249
000374_lcam_front_lidar.ply/000374_lcam_front_lidar.ply,0.1,800,0.9,0.07179,-0.00772,375,0.19967,0.00822,0.05245
000375_lcam_front_lidar.ply/000375_lcam_front_lidar.ply,0.1,800,0.9,0.07683,-0.00675,376,0.20243,0.00891,0.05168
000376_lcam_front_lidar.ply/000376_lcam_front_lidar.ply,0.1,800,0.9,0.07053,-0.00867,377,0.2039,0.00907,0.05201
000377_lcam_front_lidar.ply/000377_lcam_front_lidar.ply,0.1,800,0.9,0.0636,-0.00846,378,0.20511,0.01032,0.05173
000378_lcam_front_lidar.ply/000378_lcam_front_lidar.ply,0.1,800,0.9,0.08892,-0.01096,379,0.20378,0.01098,0.05119
000379_lcam_front_lidar.ply/000379_lcam_front_lidar.ply,0.1,800,0.9,0.09304,-0.00884,380,0.20575,0.01084,0.05278
000380_lcam_front_lidar.ply/000380_lcam_front_lidar.ply,0.1,800,0.9,0.07998,-0.00953,381,0.20672,0.01099,0.05381
000381_lcam_front_lidar.ply/000381_lcam_front_lidar.ply,0.1,800,0.9,0.11749,-0.00778,382,0.20861,0.01113,0.0532
000382_lcam_front_lidar.ply/000382_lcam_front_lidar.ply,0.1,800,0.9,0.10204,-0.00789,383,0.21038,0.01293,0.05306
000383_lcam_front_lidar.ply/000383_lcam_front_lidar.ply,0.1,800,0.9,0.07504,-0.00938,384,0.21094,0.01454,0.05341
000384_lcam_front_lidar.ply/000384_lcam_front_lidar.ply,0.1,800,0.9,0.08199,-0.00764,385,0.21277,0.01319,0.05195
000385_lcam_front_lidar.ply/000385_lcam_front_lidar.ply,0.1,800,0.9,0.09922,-0.01162,386,0.21089,0.01419,0.05173
000386_lcam_front_lidar.ply/000386_lcam_front_lidar.ply,0.1,800,0.9,0.09892,-0.00536,387,0.2152,0.01635,0.05171
000387_lcam_front_lidar.ply/000387_lcam_front_lidar.ply,0.1,800,0.9,0.10008,-0.01539,388,0.21002,0.01476,0.05167
000388_lcam_front_lidar.ply/000388_lcam_front_lidar.ply,0.1,800,0.9,0.11326,-0.00476,389,0.21474,0.01593,0.05098
000389_lcam_front_lidar.ply/000389_lcam_front_lidar.ply,0.1,800,0.9,0.08113,-0.00951,390,0.21522,0.01457,0.05054
000390_lcam_front_lidar.ply/000390_lcam_front_lidar.ply,0.1,800,0.9,0.07764,-0.01446,391,0.21112,0.01566,0.05159
000391_lcam_front_lidar.ply/000391_lcam_front_lidar.ply,0.1,800,0.9,0.07785,-0.0042,392,0.21687,0.01687,0.05183
000392_lcam_front_lidar.ply/000392_lcam_front_lidar.ply,0.1,800,0.9,0.07995,-0.01319,393,0.21392,0.01637,0.05216
000393_lcam_front_lidar.ply/000393_lcam_front_lidar.ply,0.1,800,0.9,0.08247,-0.00933,394,0.21323,0.0174,0.04977
000394_lcam_front_lidar.ply/000394_lcam_front_lidar.ply,0.1,800,0.9,0.08735,-0.00975,395,0.21417,0.01708,0.05106
000395_lcam_front_lidar.ply/000395_lcam_front_lidar.ply,0.1,800,0.9,0.11841,-0.00708,396,0.21704,0.01898,0.05152
000396_lcam_front_lidar.ply/000396_lcam_front_lidar.ply,0.1,800,0.9,0.10027,-0.01166,397,0.21531,0.01959,0.05156
000397_lcam_front_lidar.ply/000397_lcam_front_lidar.ply,0.1,800,0.9,0.08532,-0.00911,398,0.21598,0.01887,0.05091
000398_lcam_front_lidar.ply/000398_lcam_front_lidar.ply,0.1,800,0.9,0.11616,-0.01409,399,0.21186,0.01854,0.05074
000399_lcam_front_lidar.ply/000399_lcam_front_lidar.ply,0.1,800,0.9,0.09309,-0.05123,400,0.00081,0.98212,0.00016
000400_lcam_front_lidar.ply/000400_lcam_front_lidar.ply,0.1,800,0.9,0.08331,0.03194,401,0.21261,0.01596,0.05005
000401_lcam_front_lidar.ply/000401_lcam_front_lidar.ply,0.1,800,0.9,0.12203,-0.00819,402,0.21482,0.01552,0.05072
000402_lcam_front_lidar.ply/000402_lcam_front_lidar.ply,0.1,800,0.9,0.07887,-0.00833,403,0.21687,0.0137,0.05093
000403_lcam_front_lidar.ply/000403_lcam_front_lidar.ply,0.1,800,0.9,0.10094,-0.01083,404,0.21607,0.01379,0.05103
000404_lcam_front_lidar.ply/000404_lcam_front_lidar.ply,0.1,800,0.9,0.07887,-0.01388,405,0.2119,0.01426,0.0506
000405_lcam_front_lidar.ply/000405_lcam_front_lidar.ply,0.1,800,0.9,0.10208,-0.00937,406,0.21341,0.01186,0.05164
000406_lcam_front_lidar.ply/000406_lcam_front_lidar.ply,0.1,800,0.9,0.09776,-0.01046,407,0.21282,0.01334,0.05183
000407_lcam_front_lidar.ply/000407_lcam_front_lidar.ply,0.1,800,0.9,0.09451,-0.01266,408,0.20922,0.01541,0.05056
000408_lcam_front_lidar.ply/000408_lcam_front_lidar.ply,0.1,800,0.9,0.09829,-0.00906,409,0.21091,0.01376,0.05156
000409_lcam_front_lidar.ply/000409_lcam_front_lidar.ply,0.1,800,0.9,0.0992,-0.00777,410,0.21329,0.01524,0.0523
000410_lcam_front_lidar.ply/000410_lcam_front_lidar.ply,0.1,800,0.9,0.10417,-0.0103,411,0.21263,0.01469,0.0514
000411_lcam_front_lidar.ply/000411_lcam_front_lidar.ply,0.1,800,0.9,0.09373,-0.01032,412,0.21236,0.01468,0.0515
000412_lcam_front_lidar.ply/000412_lcam_front_lidar.ply,0.1,800,0.9,0.08484,-0.05232,413,0.00157,0.96802,0.00055
000413_lcam_front_lidar.ply/000413_lcam_front_lidar.ply,0.1,800,0.9,0.11857,0.037,414,0.21724,0.01425,0.05176
000414_lcam_front_lidar.ply/000414_lcam_front_lidar.ply,0.1,800,0.9,0.12431,-0.00855,415,0.21843,0.01292,0.05084
000415_lcam_front_lidar.ply/000415_lcam_front_lidar.ply,0.1,800,0.9,0.06422,-0.01118,416,0.21768,0.01186,0.05139
000416_lcam_front_lidar.ply/000416_lcam_front_lidar.ply,0.1,800,0.9,0.10933,-0.00973,417,0.21717,0.01252,0.05003
000417_lcam_front_lidar.ply/000417_lcam_front_lidar.ply,0.1,800,0.9,0.09611,-0.00659,418,0.22078,0.01211,0.05029
000418_lcam_front_lidar.ply/000418_lcam_front_lidar.ply,0.1,800,0.9,0.09787,-0.00522,419,0.22607,0.01333,0.05168
000419_lcam_front_lidar.ply/000419_lcam_front_lidar.ply,0.1,800,0.9,0.0969,-0.01048,420,0.22529,0.0147,0.0515
000420_lcam_front_lidar.ply/000420_lcam_front_lidar.ply,0.1,800,0.9,0.09197,-0.00519,421,0.2304,0.01351,0.05174
000421_lcam_front_lidar.ply/000421_lcam_front_lidar.ply,0.1,800,0.9,0.10442,-0.01035,422,0.2291,0.01554,0.05046
000422_lcam_front_lidar.ply/000422_lcam_front_lidar.ply,0.1,800,0.9,0.07934,-0.0077,423,0.23162,0.01702,0.05134
000423_lcam_front_lidar.ply/000423_lcam_front_lidar.ply,0.1,800,0.9,0.08836,-0.01433,424,0.22721,0.01561,0.05077
000424_lcam_front_lidar.ply/000424_lcam_front_lidar.ply,0.1,800,0.9,0.11815,-0.00429,425,0.23267,0.01731,0.05077
000425_lcam_front_lidar.ply/000425_lcam_front_lidar.ply,0.1,800,0.9,0.12094,-0.01449,426,0.22794,0.01741,0.0503
000426_lcam_front_lidar.ply/000426_lcam_front_lidar.ply,0.1,800,0.9,0.0932,-0.00791,427,0.23021,0.01736,0.05065
000427_lcam_front_lidar.ply/000427_lcam_front_lidar.ply,0.1,800,0.9,0.10213,-0.01153,428,0.22882,0.01654,0.0507
000428_lcam_front_lidar.ply/000428_lcam_front_lidar.ply,0.1,800,0.9,0.10133,-0.01178,429,0.22707,0.01665,0.05079
000429_lcam_front_lidar.ply/000429_lcam_front_lidar.ply,0.1,800,0.9,0.10796,-0.01118,430,0.2255,0.01553,0.04968
000430_lcam_front_lidar.ply/000430_lcam_front_lidar.ply,0.1,800,0.9,0.08545,-0.01097,431,0.22506,0.01643,0.051
000431_lcam_front_lidar.ply/000431_lcam_front_lidar.ply,0.1,800,0.9,0.08902,-0.01283,432,0.22222,0.01795,0.05144
000432_lcam_front_lidar.ply/000432_lcam_front_lidar.ply,0.1,800,0.9,0.10329,-0.00881,433,0.22344,0.01814,0.05155
000433_lcam_front_lidar.ply/000433_lcam_front_lidar.ply,0.1,800,0.9,0.08829,-0.01188,434,0.22166,0.01784,0.05168
000434_lcam_front_lidar.ply/000434_lcam_front_lidar.ply,0.1,800,0.9,0.09245,-0.01379,435,0.21765,0.01675,0.0509
000435_lcam_front_lidar.ply/000435_lcam_front_lidar.ply,0.1,800,0.9,0.08268,-0.00834,436,0.2198,0.01638,0.05176
000436_lcam_front_lidar.ply/000436_lcam_front_lidar.ply,0.1,800,0.9,0.09151,-0.01192,437,0.21787,0.01538,0.05145
000437_lcam_front_lidar.ply/000437_lcam_front_lidar.ply,0.1,800,0.9,0.084,-0.01207,438,0.21633,0.01502,0.05242
000438_lcam_front_lidar.ply/000438_lcam_front_lidar.ply,0.1,800,0.9,0.07031,-0.00652,439,0.22016,0.01532,0.05319
000439_lcam_front_lidar.ply/000439_lcam_front_lidar.ply,0.1,800,0.9,0.11001,-0.0093,440,0.22091,0.01336,0.05271
000440_lcam_front_lidar.ply/000440_lcam_front_lidar.ply,0.1,800,0.9,0.07934,-0.01042,441,0.22094,0.01473,0.05402
000441_lcam_front_lidar.ply/000441_lcam_front_lidar.ply,0.1,800,0.9,0.07812,-0.00689,442,0.22438,0.01369,0.05437
000442_lcam_front_lidar.ply/000442_lcam_front_lidar.ply,0.1,800,0.9,0.09742,-0.01031,443,0.22432,0.01357,0.05483
000443_lcam_front_lidar.ply/000443_lcam_front_lidar.ply,0.1,800,0.9,0.097,-0.00645,444,0.2281,0.01162,0.0547
000444_lcam_front_lidar.ply/000444_lcam_front_lidar.ply,0.1,800,0.9,0.09532,-0.00954,445,0.22853,0.01148,0.05458
000445_lcam_front_lidar.ply/000445_lcam_front_lidar.ply,0.1,800,0.9,0.08733,-0.01307,446,0.22599,0.01054,0.05536
000446_lcam_front_lidar.ply/000446_lcam_front_lidar.ply,0.1,800,0.9,0.11425,-0.00951,447,0.22642,0.00995,0.05507
000447_lcam_front_lidar.ply/000447_lcam_front_lidar.ply,0.1,800,0.9,0.13369,-0.01164,448,0.22509,0.00859,0.05528
000448_lcam_front_lidar.ply/000448_lcam_front_lidar.ply,0.1,800,0.9,0.09483,-0.009,449,0.2258,0.00951,0.05498
000449_lcam_front_lidar.ply/000449_lcam_front_lidar.ply,0.1,800,0.9,0.10746,-0.01277,450,0.22338,0.00959,0.05569
000450_lcam_front_lidar.ply/000450_lcam_front_lidar.ply,0.1,800,0.9,0.07962,-0.01203,451,0.22202,0.00773,0.05647
000451_lcam_front_lidar.ply/000451_lcam_front_lidar.ply,0.1,800,0.9,0.10208,-0.00493,452,0.227,0.01003,0.05699
000452_lcam_front_lidar.ply/000452_lcam_front_lidar.ply,0.1,800,0.9,0.1029,-0.01365,453,0.22286,0.00804,0.05541
000453_lcam_front_lidar.ply/000453_lcam_front_lidar.ply,0.1,800,0.9,0.11646,-0.01141,454,0.22167,0.00834,0.05593
000454_lcam_front_lidar.ply/000454_lcam_front_lidar.ply,0.1,800,0.9,0.1556,-0.01329,455,0.21901,0.00636,0.05661
000455_lcam_front_lidar.ply/000455_lcam_front_lidar.ply,0.1,800,0.9,0.08875,-0.01116,456,0.21717,0.00736,0.05554
000456_lcam_front_lidar.ply/000456_lcam_front_lidar.ply,0.1,800,0.9,0.11268,-0.01218,457,0.21488,0.00688,0.05519
000457_lcam_front_lidar.ply/000457_lcam_front_lidar.ply,0.1,800,0.9,0.08867,-0.00981,458,0.21486,0.00635,0.05459
000458_lcam_front_lidar.ply/000458_lcam_front_lidar.ply,0.1,800,0.9,0.08112,-0.01553,459,0.20931,0.0071,0.05478
000459_lcam_front_lidar.ply/000459_lcam_front_lidar.ply,0.1,800,0.9,0.09947,-0.01085,460,0.20852,0.0055,0.05443
000460_lcam_front_lidar.ply/000460_lcam_front_lidar.ply,0.1,800,0.9,0.12594,-0.01119,461,0.20687,0.00651,0.05381
000461_lcam_front_lidar.ply/000461_lcam_front_lidar.ply,0.1,800,0.9,0.09565,-0.01535,462,0.2016,0.00513,0.05353
000462_lcam_front_lidar.ply/000462_lcam_front_lidar.ply,0.1,800,0.9,0.09928,-0.01087,463,0.20103,0.00555,0.05426
000463_lcam_front_lidar.ply/000463_lcam_front_lidar.ply,0.1,800,0.9,0.07311,-0.01229,464,0.19903,0.00366,0.05428
000464_lcam_front_lidar.ply/000464_lcam_front_lidar.ply,0.1,800,0.9,0.09118,-0.01269,465,0.1964,0.00496,0.05478
000465_lcam_front_lidar.ply/000465_lcam_front_lidar.ply,0.1,800,0.9,0.0917,-0.01121,466,0.19392,0.00625,0.05263
000466_lcam_front_lidar.ply/000466_lcam_front_lidar.ply,0.1,800,0.9,0.07287,-0.01304,467,0.19177,0.00614,0.05438
000467_lcam_front_lidar.ply/000467_lcam_front_lidar.ply,0.1,800,0.9,0.09921,-0.01239,468,0.18991,0.00475,0.05503
000468_lcam_front_lidar.ply/000468_lcam_front_lidar.ply,0.1,800,0.9,0.07346,-0.01068,469,0.18933,0.00421,0.05506
000469_lcam_front_lidar.ply/000469_lcam_front_lidar.ply,0.1,800,0.9,0.06888,-0.01365,470,0.18615,0.00217,0.05538
000470_lcam_front_lidar.ply/000470_lcam_front_lidar.ply,0.1,800,0.9,0.08682,-0.01429,471,0.1804,0.00263,0.0526
000471_lcam_front_lidar.ply/000471_lcam_front_lidar.ply,0.1,800,0.9,0.09695,-0.01207,472,0.17974,0.00059,0.05482
000472_lcam_front_lidar.ply/000472_lcam_front_lidar.ply,0.1,800,0.9,0.0957,-0.00934,473,0.17998,0.00221,0.05446
000473_lcam_front_lidar.ply/000473_lcam_front_lidar.ply,0.1,800,0.9,0.08246,-0.01332,474,0.17661,9e-05,0.05372
000474_lcam_front_lidar.ply/000474_lcam_front_lidar.ply,0.1,800,0.9,0.08549,-0.01165,475,0.17444,0.00122,0.05303
000475_lcam_front_lidar.ply/000475_lcam_front_lidar.ply,0.1,800,0.9,0.079,-0.01347,476,0.17121,0.00053,0.05328
000476_lcam_front_lidar.ply/000476_lcam_front_lidar.ply,0.1,800,0.9,0.09338,-0.0113,477,0.1694,0.00042,0.05224
000477_lcam_front_lidar.ply/000477_lcam_front_lidar.ply,0.1,800,0.9,0.09677,-0.01385,478,0.16492,0.0022,0.05151
000478_lcam_front_lidar.ply/000478_lcam_front_lidar.ply,0.1,800,0.9,0.10313,-0.01113,479,0.16387,0.00169,0.0515
000479_lcam_front_lidar.ply/000479_lcam_front_lidar.ply,0.1,800,0.9,0.07908,-0.01497,480,0.15894,0.00222,0.05173
000480_lcam_front_lidar.ply/000480_lcam_front_lidar.ply,0.1,800,0.9,0.0849,-0.01141,481,0.1568,0.00082,0.04985
000481_lcam_front_lidar.ply/000481_lcam_front_lidar.ply,0.1,800,0.9,0.09478,-0.01414,482,0.15206,0.00476,0.04985
000482_lcam_front_lidar.ply/000482_lcam_front_lidar.ply,0.1,800,0.9,0.10114,-0.01147,483,0.15062,0.00574,0.05022
000483_lcam_front_lidar.ply/000483_lcam_front_lidar.ply,0.1,800,0.9,0.10772,-0.01023,484,0.14994,0.00599,0.04937
000484_lcam_front_lidar.ply/000484_lcam_front_lidar.ply,0.1,800,0.9,0.08917,-0.01536,485,0.14423,0.00631,0.04879
000485_lcam_front_lidar.ply/000485_lcam_front_lidar.ply,0.1,800,0.9,0.10535,-0.01467,486,0.13978,0.00535,0.04893
000486_lcam_front_lidar.ply/000486_lcam_front_lidar.ply,0.1,800,0.9,0.08692,-0.01267,487,0.13704,0.00443,0.04851
000487_lcam_front_lidar.ply/000487_lcam_front_lidar.ply,0.1,800,0.9,0.0954,-0.01245,488,0.13444,0.0049,0.04835
000488_lcam_front_lidar.ply/000488_lcam_front_lidar.ply,0.1,800,0.9,0.1153,-0.01279,489,0.13177,0.00469,0.04853
000489_lcam_front_lidar.ply/000489_lcam_front_lidar.ply,0.1,800,0.9,0.11269,-0.01397,490,0.12786,0.00433,0.04855
000490_lcam_front_lidar.ply/000490_lcam_front_lidar.ply,0.1,800,0.9,0.12968,-0.01265,491,0.12447,0.00602,0.04757
000491_lcam_front_lidar.ply/000491_lcam_front_lidar.ply,0.1,800,0.9,0.09546,-0.01272,492,0.1221,0.00574,0.04821
000492_lcam_front_lidar.ply/000492_lcam_front_lidar.ply,0.1,800,0.9,0.09611,-0.0155,493,0.1161,0.00595,0.04727
000493_lcam_front_lidar.ply/000493_lcam_front_lidar.ply,0.1,800,0.9,0.09895,-0.0118,494,0.11406,0.00499,0.04649
000494_lcam_front_lidar.ply/000494_lcam_front_lidar.ply,0.1,800,0.9,0.11838,-0.00984,495,0.11476,0.00289,0.04695
000495_lcam_front_lidar.ply/000495_lcam_front_lidar.ply,0.1,800,0.9,0.0937,-0.0133,496,0.11149,0.002,0.04674
000496_lcam_front_lidar.ply/000496_lcam_front_lidar.ply,0.1,800,0.9,0.09981,-0.01168,497,0.10986,0.00487,0.04769
000497_lcam_front_lidar.ply/000497_lcam_front_lidar.ply,0.1,800,0.9,0.11753,-0.01226,498,0.10683,0.0059,0.04647
000498_lcam_front_lidar.ply/000498_lcam_front_lidar.ply,0.1,800,0.9,0.09662,-0.01411,499,0.10282,0.00548,0.04655
000499_lcam_front_lidar.ply/000499_lcam_front_lidar.ply,0.1,800,0.9,0.13172,-0.01264,500,0.09996,0.00271,0.04527
000500_lcam_front_lidar.ply/000500_lcam_front_lidar.ply,0.1,800,0.9,0.11712,-0.01124,501,0.09897,0.00348,0.04599
000501_lcam_front_lidar.ply/000501_lcam_front_lidar.ply,0.1,800,0.9,0.11484,-0.0123,502,0.09731,0.00147,0.04668
000502_lcam_front_lidar.ply/000502_lcam_front_lidar.ply,0.1,800,0.9,0.09943,-0.01166,503,0.09573,0.00407,0.04764
000503_lcam_front_lidar.ply/000503_lcam_front_lidar.ply,0.1,800,0.9,0.10872,0.08389,504,0.03223,0.99964,0.03153
000504_lcam_front_lidar.ply/000504_lcam_front_lidar.ply,0.1,800,0.9,0.13254,0.00818,505,0.04843,0.99997,0.02765
000505_lcam_front_lidar.ply/000505_lcam_front_lidar.ply,0.1,800,0.9,0.13904,-0.02378,506,0.03454,0.99983,0.02738
000506_lcam_front_lidar.ply/000506_lcam_front_lidar.ply,0.1,800,0.9,0.12133,-0.01087,507,0.03397,0.99977,0.02797
000507_lcam_front_lidar.ply/000507_lcam_front_lidar.ply,0.1,800,0.9,0.15082,-0.0102,508,0.03518,0.99969,0.03076
000508_lcam_front_lidar.ply/000508_lcam_front_lidar.ply,0.1,800,0.9,0.19182,-0.00494,509,0.03475,0.99998,0.01988
000509_lcam_front_lidar.ply/000509_lcam_front_lidar.ply,0.1,800,0.9,0.13199,-0.00983,510,0.03528,0.99998,0.02061
000510_lcam_front_lidar.ply/000510_lcam_front_lidar.ply,0.1,800,0.9,0.14975,-0.01166,511,0.03302,0.99999,0.01939
000511_lcam_front_lidar.ply/000511_lcam_front_lidar.ply,0.1,800,0.9,0.18017,-0.00014,512,0.04824,1.0,0.03012
000512_lcam_front_lidar.ply/000512_lcam_front_lidar.ply,0.1,800,0.9,0.18217,-0.00957,513,0.04949,0.99996,0.03175
000513_lcam_front_lidar.ply/000513_lcam_front_lidar.ply,0.1,800,0.9,0.14007,-0.00788,514,0.04916,0.99999,0.02685
000514_lcam_front_lidar.ply/000514_lcam_front_lidar.ply,0.1,800,0.9,0.19299,-0.01822,515,0.03871,0.99998,0.02239
000515_lcam_front_lidar.ply/000515_lcam_front_lidar.ply,0.1,800,0.9,0.1679,0.00202,516,0.05287,0.99999,0.02668
000516_lcam_front_lidar.ply/000516_lcam_front_lidar.ply,0.1,800,0.9,0.17657,-0.01583,517,0.05071,0.99999,0.03401
000517_lcam_front_lidar.ply/000517_lcam_front_lidar.ply,0.1,800,0.9,0.15977,-0.00708,518,0.05044,0.99999,0.02763
000518_lcam_front_lidar.ply/000518_lcam_front_lidar.ply,0.1,800,0.9,0.20853,-0.02193,519,0.03991,0.99999,0.03044
000519_lcam_front_lidar.ply/000519_lcam_front_lidar.ply,0.1,800,0.9,0.204,-0.00984,520,0.04079,0.99999,0.03187
000520_lcam_front_lidar.ply/000520_lcam_front_lidar.ply,0.1,800,0.9,0.17327,-0.00746,521,0.04118,1.0,0.02757
000521_lcam_front_lidar.ply/000521_lcam_front_lidar.ply,0.1,800,0.9,0.1616,-0.01549,522,0.03562,1.0,0.02742
000522_lcam_front_lidar.ply/000522_lcam_front_lidar.ply,0.1,800,0.9,0.15482,-0.00575,523,0.04081,1.0,0.02929
000523_lcam_front_lidar.ply/000523_lcam_front_lidar.ply,0.1,800,0.9,0.21905,-0.00582,524,0.05176,0.99999,0.04283
000524_lcam_front_lidar.ply/000524_lcam_front_lidar.ply,0.1,800,0.9,0.16543,-0.01388,525,0.04266,0.99999,0.03239
000525_lcam_front_lidar.ply/000525_lcam_front_lidar.ply,0.1,800,0.9,0.14737,0.0111,526,0.06758,0.99997,0.04001
000526_lcam_front_lidar.ply/000526_lcam_front_lidar.ply,0.1,800,0.9,0.1286,-0.01046,527,0.06758,0.99997,0.04092
000527_lcam_front_lidar.ply/000527_lcam_front_lidar.ply,0.1,800,0.9,0.18567,-0.03296,528,0.03648,0.99994,0.02465
000528_lcam_front_lidar.ply/000528_lcam_front_lidar.ply,0.1,800,0.9,0.16313,0.0051,529,0.06247,0.99997,0.04643
000529_lcam_front_lidar.ply/000529_lcam_front_lidar.ply,0.1,800,0.9,0.14921,-0.05011,530,0.03185,0.99993,0.06539
000530_lcam_front_lidar.ply/000530_lcam_front_lidar.ply,0.1,800,0.9,0.13504,0.0097,531,0.03121,0.99991,0.02469
000531_lcam_front_lidar.ply/000531_lcam_front_lidar.ply,0.1,800,0.9,0.13181,0.00957,532,0.0636,0.99996,0.05034
000532_lcam_front_lidar.ply/000532_lcam_front_lidar.ply,0.1,800,0.9,0.14951,-0.16983,533,0.04989,0.02137,0.04899
000533_lcam_front_lidar.ply/000533_lcam_front_lidar.ply,0.1,800,0.9,0.13516,0.13035,534,0.03212,0.9999,0.02634
000534_lcam_front_lidar.ply/000534_lcam_front_lidar.ply,0.1,800,0.9,0.15246,-0.0099,535,0.0325,0.9999,0.0269
000535_lcam_front_lidar.ply/000535_lcam_front_lidar.ply,0.1,800,0.9,0.13396,-0.01078,536,0.03149,0.99989,0.02645
000536_lcam_front_lidar.ply/000536_lcam_front_lidar.ply,0.1,800,0.9,0.15887,-0.0094,537,0.03176,0.99989,0.02579
000537_lcam_front_lidar.ply/000537_lcam_front_lidar.ply,0.1,800,0.9,0.14854,-0.01045,538,0.03102,0.99989,0.02522
000538_lcam_front_lidar.ply/000538_lcam_front_lidar.ply,0.1,800,0.9,0.13619,-0.0104,539,0.03058,0.9999,0.02513
000539_lcam_front_lidar.ply/000539_lcam_front_lidar.ply,0.1,800,0.9,0.18376,-0.01468,540,0.03593,0.99995,0.04521
000540_lcam_front_lidar.ply/000540_lcam_front_lidar.ply,0.1,800,0.9,0.18156,-0.01236,541,0.03579,0.99995,0.04965
000541_lcam_front_lidar.ply/000541_lcam_front_lidar.ply,0.1,800,0.9,0.16331,-0.01008,542,0.03724,0.99997,0.05273
000542_lcam_front_lidar.ply/000542_lcam_front_lidar.ply,0.1,800,0.9,0.11917,-0.00739,543,0.03543,0.99997,0.04388
000543_lcam_front_lidar.ply/000543_lcam_front_lidar.ply,0.1,800,0.9,0.12738,-0.17349,544,0.0,0.0,0.0
000544_lcam_front_lidar.ply/000544_lcam_front_lidar.ply,0.1,800,0.9,0.13229,-0.01,545,0.0,0.0,0.0
000545_lcam_front_lidar.ply/000545_lcam_front_lidar.ply,0.1,800,0.9,0.16535,0.17665,546,0.05687,0.99996,0.04042
000546_lcam_front_lidar.ply/000546_lcam_front_lidar.ply,0.1,800,0.9,0.13606,-0.02025,547,0.03816,0.99994,0.02351
000547_lcam_front_lidar.ply/000547_lcam_front_lidar.ply,0.1,800,0.9,0.11949,-0.00411,548,0.04583,0.99991,0.02706
000548_lcam_front_lidar.ply/000548_lcam_front_lidar.ply,0.1,800,0.9,0.12113,-0.01217,549,0.0435,0.9999,0.02673
000549_lcam_front_lidar.ply/000549_lcam_front_lidar.ply,0.1,800,0.9,0.17385,0.00293,550,0.05951,0.99996,0.03293
000550_lcam_front_lidar.ply/000550_lcam_front_lidar.ply,0.1,800,0.9,0.13438,-0.0108,551,0.06398,0.99995,0.04346
000551_lcam_front_lidar.ply/000551_lcam_front_lidar.ply,0.1,800,0.9,0.11292,-0.00959,552,0.06172,0.99995,0.03811
000552_lcam_front_lidar.ply/000552_lcam_front_lidar.ply,0.1,800,0.9,0.12752,-0.00418,553,0.07033,0.99995,0.0437
000553_lcam_front_lidar.ply/000553_lcam_front_lidar.ply,0.1,800,0.9,0.13245,-0.01034,554,0.06847,0.99997,0.04065
000554_lcam_front_lidar.ply/000554_lcam_front_lidar.ply,0.1,800,0.9,0.11106,-0.00919,555,0.06948,0.99997,0.04105
000555_lcam_front_lidar.ply/000555_lcam_front_lidar.ply,0.1,800,0.9,0.135,-0.00567,556,0.07439,0.99999,0.04222
000556_lcam_front_lidar.ply/000556_lcam_front_lidar.ply,0.1,800,0.9,0.13606,-0.00878,557,0.0749,0.99998,0.04079
000557_lcam_front_lidar.ply/000557_lcam_front_lidar.ply,0.1,800,0.9,0.13861,-0.01562,558,0.06913,0.99997,0.04051
000558_lcam_front_lidar.ply/000558_lcam_front_lidar.ply,0.1,800,0.9,0.14434,-0.01209,559,0.06709,0.99996,0.04058
000559_lcam_front_lidar.ply/000559_lcam_front_lidar.ply,0.1,800,0.9,0.1476,-0.0116,560,0.06597,0.99997,0.04155
000560_lcam_front_lidar.ply/000560_lcam_front_lidar.ply,0.1,800,0.9,0.15768,-0.00902,561,0.06636,0.99997,0.04038
000561_lcam_front_lidar.ply/000561_lcam_front_lidar.ply,0.1,800,0.9,0.14668,-0.01247,562,0.06488,0.99997,0.04234
000562_lcam_front_lidar.ply/000562_lcam_front_lidar.ply,0.1,800,0.9,0.13505,-0.01346,563,0.06181,0.99997,0.04313
000563_lcam_front_lidar.ply/000563_lcam_front_lidar.ply,0.1,800,0.9,0.15641,-0.01058,564,0.05351,0.99998,0.02769
000564_lcam_front_lidar.ply/000564_lcam_front_lidar.ply,0.1,800,0.9,0.13436,-0.00157,565,0.06785,0.99998,0.03953
000565_lcam_front_lidar.ply/000565_lcam_front_lidar.ply,0.1,800,0.9,0.12815,-0.01536,566,0.0627,0.99998,0.03993
000566_lcam_front_lidar.ply/000566_lcam_front_lidar.ply,0.1,800,0.9,0.16365,-0.00684,567,0.06494,0.99998,0.03809
000567_lcam_front_lidar.ply/000567_lcam_front_lidar.ply,0.1,800,0.9,0.1278,-0.01589,568,0.05963,0.99998,0.03924
000568_lcam_front_lidar.ply/000568_lcam_front_lidar.ply,0.1,800,0.9,0.15287,-0.00465,569,0.06519,0.99998,0.03967
000569_lcam_front_lidar.ply/000569_lcam_front_lidar.ply,0.1,800,0.9,0.14558,-0.00139,570,0.07256,0.99999,0.0372
000570_lcam_front_lidar.ply/000570_lcam_front_lidar.ply,0.1,800,0.9,0.13171,-0.00979,571,0.07341,0.99998,0.03848
000571_lcam_front_lidar.ply/000571_lcam_front_lidar.ply,0.1,800,0.9,0.12622,-0.00929,572,0.07048,1.0,0.03119
000572_lcam_front_lidar.ply/000572_lcam_front_lidar.ply,0.1,800,0.9,0.12052,-0.00842,573,0.07662,0.99999,0.0403
000573_lcam_front_lidar.ply/000573_lcam_front_lidar.ply,0.1,800,0.9,0.10378,-0.01144,574,0.07446,0.99998,0.03887
000574_lcam_front_lidar.ply/000574_lcam_front_lidar.ply,0.1,800,0.9,0.12437,-0.01048,575,0.07394,0.99998,0.03878
000575_lcam_front_lidar.ply/000575_lcam_front_lidar.ply,0.1,800,0.9,0.11689,-0.0124,576,0.07242,0.99998,0.04055
000576_lcam_front_lidar.ply/000576_lcam_front_lidar.ply,0.1,800,0.9,0.11884,-0.00802,577,0.07237,0.99999,0.03649
000577_lcam_front_lidar.ply/000577_lcam_front_lidar.ply,0.1,800,0.9,0.12712,-0.01236,578,0.07128,0.99998,0.03903
000578_lcam_front_lidar.ply/000578_lcam_front_lidar.ply,0.1,800,0.9,0.11528,-0.01054,579,0.06936,0.99999,0.03627
000579_lcam_front_lidar.ply/000579_lcam_front_lidar.ply,0.1,800,0.9,0.11897,-0.01046,580,0.06948,0.99999,0.03744
000580_lcam_front_lidar.ply/000580_lcam_front_lidar.ply,0.1,800,0.9,0.12881,-0.01044,581,0.06974,0.99999,0.03884
000581_lcam_front_lidar.ply/000581_lcam_front_lidar.ply,0.1,800,0.9,0.12745,-0.00995,582,0.06983,0.99999,0.03894
000582_lcam_front_lidar.ply/000582_lcam_front_lidar.ply,0.1,800,0.9,0.1226,-0.0112,583,0.06806,0.99999,0.03778
000583_lcam_front_lidar.ply/000583_lcam_front_lidar.ply,0.1,800,0.9,0.11625,-0.01035,584,0.07038,0.99998,0.04311
000584_lcam_front_lidar.ply/000584_lcam_front_lidar.ply,0.1,800,0.9,0.11452,-0.01936,585,0.06184,0.99997,0.04476
000585_lcam_front_lidar.ply/000585_lcam_front_lidar.ply,0.1,800,0.9,0.12473,-0.00063,586,0.07091,0.99998,0.04416
000586_lcam_front_lidar.ply/000586_lcam_front_lidar.ply,0.1,800,0.9,0.12709,-0.00623,587,0.07403,0.99998,0.04285
000587_lcam_front_lidar.ply/000587_lcam_front_lidar.ply,0.1,800,0.9,0.12289,-0.00746,588,0.07508,0.99999,0.03988
000588_lcam_front_lidar.ply/000588_lcam_front_lidar.ply,0.1,800,0.9,0.12653,-0.01153,589,0.07417,0.99999,0.04111
000589_lcam_front_lidar.ply/000589_lcam_front_lidar.ply,0.1,800,0.9,0.11505,-0.01247,590,0.07104,0.99999,0.0398
000590_lcam_front_lidar.ply/000590_lcam_front_lidar.ply,0.1,800,0.9,0.12234,-0.01259,591,0.06935,0.99999,0.0416
000591_lcam_front_lidar.ply/000591_lcam_front_lidar.ply,0.1,800,0.9,0.14251,-0.01284,592,0.0651,0.99999,0.03877
000592_lcam_front_lidar.ply/000592_lcam_front_lidar.ply,0.1,800,0.9,0.13081,0.00047,593,0.07717,0.99999,0.04198
000593_lcam_front_lidar.ply/000593_lcam_front_lidar.ply,0.1,800,0.9,0.10628,-0.02388,594,0.06397,0.99999,0.04335
000594_lcam_front_lidar.ply/000594_lcam_front_lidar.ply,0.1,800,0.9,0.16359,-0.00168,595,0.07068,0.99999,0.04015
000595_lcam_front_lidar.ply/000595_lcam_front_lidar.ply,0.1,800,0.9,0.20778,-0.00522,596,0.07587,0.99999,0.04096
000596_lcam_front_lidar.ply/000596_lcam_front_lidar.ply,0.1,800,0.9,0.13504,-0.01619,597,0.06994,0.99999,0.04147
000597_lcam_front_lidar.ply/000597_lcam_front_lidar.ply,0.1,800,0.9,0.15832,-0.00991,598,0.07026,0.99999,0.04194
000598_lcam_front_lidar.ply/000598_lcam_front_lidar.ply,0.1,800,0.9,0.14393,-0.01035,599,0.06936,0.99999,0.04085
000599_lcam_front_lidar.ply/000599_lcam_front_lidar.ply,0.1,800,0.9,0.13311,-0.01197,600,0.06795,0.99999,0.04197
000600_lcam_front_lidar.ply/000600_lcam_front_lidar.ply,0.1,800,0.9,0.14472,-0.01292,601,0.06488,0.99999,0.04168
000601_lcam_front_lidar.ply/000601_lcam_front_lidar.ply,0.1,800,0.9,0.14113,-0.01583,602,0.06082,0.99998,0.04521
000602_lcam_front_lidar.ply/000602_lcam_front_lidar.ply,0.1,800,0.9,0.11978,-0.01039,603,0.05953,0.99999,0.04341
000603_lcam_front_lidar.ply/000603_lcam_front_lidar.ply,0.1,800,0.9,0.12099,-0.01278,604,0.05829,0.99998,0.0465
000604_lcam_front_lidar.ply/000604_lcam_front_lidar.ply,0.1,800,0.9,0.14832,-0.01166,605,0.05613,0.99998,0.0455
000605_lcam_front_lidar.ply/000605_lcam_front_lidar.ply,0.1,800,0.9,0.14798,-0.01115,606,0.05465,0.99999,0.04483
000606_lcam_front_lidar.ply/000606_lcam_front_lidar.ply,0.1,800,0.9,0.16369,-0.09902,607,0.10439,0.00121,0.02273
000607_lcam_front_lidar.ply/000607_lcam_front_lidar.ply,0.1,800,0.9,0.1691,-0.01148,608,0.10317,0.00118,0.02322
000608_lcam_front_lidar.ply/000608_lcam_front_lidar.ply,0.1,800,0.9,0.13056,0.08018,609,0.04838,0.99999,0.03293
000609_lcam_front_lidar.ply/000609_lcam_front_lidar.ply,0.1,800,0.9,0.23911,-0.09946,610,0.10396,0.00105,0.02331
000610_lcam_front_lidar.ply/000610_lcam_front_lidar.ply,0.1,800,0.9,0.22823,-0.01195,611,0.10179,0.00175,0.02308
000611_lcam_front_lidar.ply/000611_lcam_front_lidar.ply,0.1,800,0.9,0.15078,-0.00999,612,0.10191,0.00251,0.02353
000612_lcam_front_lidar.ply/000612_lcam_front_lidar.ply,0.1,800,0.9,0.13621,-0.01143,613,0.10043,0.00173,0.0232
000613_lcam_front_lidar.ply/000613_lcam_front_lidar.ply,0.1,800,0.9,0.17181,-0.00977,614,0.10072,0.00213,0.02344
000614_lcam_front_lidar.ply/000614_lcam_front_lidar.ply,0.1,800,0.9,0.16565,-0.01123,615,0.09955,0.00214,0.02358
000615_lcam_front_lidar.ply/000615_lcam_front_lidar.ply,0.1,800,0.9,0.25598,-0.00956,616,0.09995,0.00205,0.02348
000616_lcam_front_lidar.ply/000616_lcam_front_lidar.ply,0.1,800,0.9,0.17172,-0.01201,617,0.09781,0.00281,0.02346
000617_lcam_front_lidar.ply/000617_lcam_front_lidar.ply,0.1,800,0.9,0.16775,-0.01113,618,0.09654,0.003,0.02324
000618_lcam_front_lidar.ply/000618_lcam_front_lidar.ply,0.1,800,0.9,0.16678,-0.01013,619,0.09657,0.00286,0.02352
000619_lcam_front_lidar.ply/000619_lcam_front_lidar.ply,0.1,800,0.9,0.22223,-0.01152,620,0.09484,0.00333,0.02326
000620_lcam_front_lidar.ply/000620_lcam_front_lidar.ply,0.1,800,0.9,0.15894,-0.01079,621,0.09414,0.00323,0.02339
000621_lcam_front_lidar.ply/000621_lcam_front_lidar.ply,0.1,800,0.9,0.13756,-0.01004,622,0.09402,0.00331,0.02326
000622_lcam_front_lidar.ply/000622_lcam_front_lidar.ply,0.1,800,0.9,0.12495,-0.01242,623,0.09169,0.00291,0.02332
000623_lcam_front_lidar.ply/000623_lcam_front_lidar.ply,0.1,800,0.9,0.14778,0.0813,624,0.03904,1.0,0.03454
000624_lcam_front_lidar.ply/000624_lcam_front_lidar.ply,0.1,800,0.9,0.19996,-0.00575,625,0.04337,0.99999,0.0347
000625_lcam_front_lidar.ply/000625_lcam_front_lidar.ply,0.1,800,0.9,0.1512,-0.01611,626,0.03703,1.0,0.03425
000626_lcam_front_lidar.ply/000626_lcam_front_lidar.ply,0.1,800,0.9,0.19251,-0.10352,627,0.08765,0.00363,0.02362
000627_lcam_front_lidar.ply/000627_lcam_front_lidar.ply,0.1,800,0.9,0.22225,0.08294,628,0.03576,0.99999,0.03287
000628_lcam_front_lidar.ply/000628_lcam_front_lidar.ply,0.1,800,0.9,0.18199,-0.00958,629,0.03738,0.99998,0.03526
000629_lcam_front_lidar.ply/000629_lcam_front_lidar.ply,0.1,800,0.9,0.12536,-0.10505,630,0.08594,0.0038,0.02362
000630_lcam_front_lidar.ply/000630_lcam_front_lidar.ply,0.1,800,0.9,0.14604,-0.01064,631,0.0855,0.00381,0.02402
000631_lcam_front_lidar.ply/000631_lcam_front_lidar.ply,0.1,800,0.9,0.111,0.07669,632,0.03228,0.99995,0.04304
000632_lcam_front_lidar.ply/000632_lcam_front_lidar.ply,0.1,800,0.9,0.15477,-0.00565,633,0.0373,0.99994,0.04436
000633_lcam_front_lidar.ply/000633_lcam_front_lidar.ply,0.1,800,0.9,0.15525,-0.00347,634,0.04382,0.99991,0.04434
000634_lcam_front_lidar.ply/000634_lcam_front_lidar.ply,0.1,800,0.9,0.14047,-0.11543,635,0.0783,0.00304,0.02509
000635_lcam_front_lidar.ply/000635_lcam_front_lidar.ply,0.1,800,0.9,0.14431,0.08742,636,0.03695,0.9999,0.04661
000636_lcam_front_lidar.ply/000636_lcam_front_lidar.ply,0.1,800,0.9,0.1344,-0.00308,637,0.04246,0.9999,0.04381
000637_lcam_front_lidar.ply/000637_lcam_front_lidar.ply,0.1,800,0.9,0.1393,-0.01168,638,0.04109,0.9999,0.04443
000638_lcam_front_lidar.ply/000638_lcam_front_lidar.ply,0.1,800,0.9,0.10029,-0.12137,639,0.06991,0.00283,0.02567
000639_lcam_front_lidar.ply/000639_lcam_front_lidar.ply,0.1,800,0.9,0.12211,-0.0135,640,0.06686,0.00258,0.02651
000640_lcam_front_lidar.ply/000640_lcam_front_lidar.ply,0.1,800,0.9,0.12203,-0.01055,641,0.06642,0.00251,0.02671
000641_lcam_front_lidar.ply/000641_lcam_front_lidar.ply,0.1,800,0.9,0.19056,0.10387,642,0.03897,0.99992,0.04331
000642_lcam_front_lidar.ply/000642_lcam_front_lidar.ply,0.1,800,0.9,0.12695,-0.12682,643,0.06383,0.00302,0.0276
000643_lcam_front_lidar.ply/000643_lcam_front_lidar.ply,0.1,800,0.9,0.17931,0.10779,644,0.03962,0.99994,0.04269
000644_lcam_front_lidar.ply/000644_lcam_front_lidar.ply,0.1,800,0.9,0.13891,-0.13182,645,0.06005,0.00316,0.02814
000645_lcam_front_lidar.ply/000645_lcam_front_lidar.ply,0.1,800,0.9,0.1187,-0.01245,646,0.05737,0.00474,0.02816
000646_lcam_front_lidar.ply/000646_lcam_front_lidar.ply,0.1,800,0.9,0.1367,-0.01143,647,0.05577,0.0057,0.02812
000647_lcam_front_lidar.ply/000647_lcam_front_lidar.ply,0.1,800,0.9,0.15742,-0.01044,648,0.05507,0.00731,0.02807
000648_lcam_front_lidar.ply/000648_lcam_front_lidar.ply,0.1,800,0.9,0.17282,-0.01156,649,0.05296,0.00968,0.02767
000649_lcam_front_lidar.ply/000649_lcam_front_lidar.ply,0.1,800,0.9,0.13904,-0.01099,650,0.05156,0.01257,0.02771
000650_lcam_front_lidar.ply/000650_lcam_front_lidar.ply,0.1,800,0.9,0.12704,0.11035,651,0.03291,1.0,0.04594
000651_lcam_front_lidar.ply/000651_lcam_front_lidar.ply,0.1,800,0.9,0.09551,-0.14141,652,0.04093,0.01401,0.029
000652_lcam_front_lidar.ply/000652_lcam_front_lidar.ply,0.1,800,0.9,0.10094,-0.01056,653,0.04106,0.01376,0.0303
000653_lcam_front_lidar.ply/000653_lcam_front_lidar.ply,0.1,800,0.9,0.12204,-0.01303,654,0.03628,0.02653,0.03064
000654_lcam_front_lidar.ply/000654_lcam_front_lidar.ply,0.1,800,0.9,0.13303,-0.01103,655,0.03448,0.0311,0.03047
000655_lcam_front_lidar.ply/000655_lcam_front_lidar.ply,0.1,800,0.9,0.1243,-0.0038,656,0.0328,0.02686,0.01344
000656_lcam_front_lidar.ply/000656_lcam_front_lidar.ply,0.1,800,0.9,0.10306,-0.04011,657,0.0,0.0,0.0
000657_lcam_front_lidar.ply/000657_lcam_front_lidar.ply,0.1,800,0.9,0.12707,0.0214,658,0.03603,0.01498,0.01375
000658_lcam_front_lidar.ply/000658_lcam_front_lidar.ply,0.1,800,0.9,0.11115,-0.0068,659,0.03672,0.03036,0.01337
000659_lcam_front_lidar.ply/000659_lcam_front_lidar.ply,0.1,800,0.9,0.11892,-0.00925,660,0.03693,0.03358,0.01325
000660_lcam_front_lidar.ply/000660_lcam_front_lidar.ply,0.1,800,0.9,0.1333,-0.00998,661,0.03664,0.03556,0.01322
000661_lcam_front_lidar.ply/000661_lcam_front_lidar.ply,0.1,800,0.9,0.11338,-0.00961,662,0.0374,0.03268,0.01311
000662_lcam_front_lidar.ply/000662_lcam_front_lidar.ply,0.1,800,0.9,0.14098,-0.01059,663,0.03675,0.03449,0.01352
000663_lcam_front_lidar.ply/000663_lcam_front_lidar.ply,0.1,800,0.9,0.11798,-0.04516,664,0.0,0.0,0.0
000664_lcam_front_lidar.ply/000664_lcam_front_lidar.ply,0.1,800,0.9,0.10791,-0.01,665,0.0,0.0,0.0
000665_lcam_front_lidar.ply/000665_lcam_front_lidar.ply,0.1,800,0.9,0.12591,0.02567,666,0.03774,0.02969,0.01306
000666_lcam_front_lidar.ply/000666_lcam_front_lidar.ply,0.1,800,0.9,0.12646,-0.00848,667,0.0394,0.02945,0.01328
000667_lcam_front_lidar.ply/000667_lcam_front_lidar.ply,0.1,800,0.9,0.12411,-0.0113,668,0.03815,0.02961,0.01343
000668_lcam_front_lidar.ply/000668_lcam_front_lidar.ply,0.1,800,0.9,0.11606,-0.04588,669,0.0,0.0,0.0
000669_lcam_front_lidar.ply/000669_lcam_front_lidar.ply,0.1,800,0.9,0.11336,0.03225,670,0.07096,0.00527,0.05899
000670_lcam_front_lidar.ply/000670_lcam_front_lidar.ply,0.1,800,0.9,0.137,-0.00266,671,0.08151,0.0009,0.0641
000671_lcam_front_lidar.ply/000671_lcam_front_lidar.ply,0.1,800,0.9,0.1301,-0.01097,672,0.08046,0.00517,0.06521
000672_lcam_front_lidar.ply/000672_lcam_front_lidar.ply,0.1,800,0.9,0.11185,-0.03373,673,0.0438,0.00653,0.03977
000673_lcam_front_lidar.ply/000673_lcam_front_lidar.ply,0.1,800,0.9,0.12208,-0.01953,674,0.05852,4e-05,0.08632
000674_lcam_front_lidar.ply/000674_lcam_front_lidar.ply,0.1,800,0.9,0.11179,-0.02537,675,0.0,0.0,0.0
000675_lcam_front_lidar.ply/000675_lcam_front_lidar.ply,0.1,800,0.9,0.12737,-0.01,676,0.0,0.0,0.0
000676_lcam_front_lidar.ply/000676_lcam_front_lidar.ply,0.1,800,0.9,0.12262,0.05576,677,0.09725,0.00392,0.06416
000677_lcam_front_lidar.ply/000677_lcam_front_lidar.ply,0.1,800,0.9,0.12715,-0.00939,678,0.09846,0.00261,0.06496
000678_lcam_front_lidar.ply/000678_lcam_front_lidar.ply,0.1,800,0.9,0.1146,-0.01043,679,0.09854,0.0004,0.06532
000679_lcam_front_lidar.ply/000679_lcam_front_lidar.ply,0.1,800,0.9,0.10706,-0.00482,680,0.10356,0.0036,0.06597
000680_lcam_front_lidar.ply/000680_lcam_front_lidar.ply,0.1,800,0.9,0.15456,-0.01485,681,0.09536,0.00324,0.05915
000681_lcam_front_lidar.ply/000681_lcam_front_lidar.ply,0.1,800,0.9,0.13646,0.00113,682,0.10923,0.00458,0.06506
000682_lcam_front_lidar.ply/000682_lcam_front_lidar.ply,0.1,800,0.9,0.1083,-0.00054,683,0.11693,0.0057,0.06188
000683_lcam_front_lidar.ply/000683_lcam_front_lidar.ply,0.1,800,0.9,0.10731,-0.00675,684,0.12041,0.0072,0.06279
000684_lcam_front_lidar.ply/000684_lcam_front_lidar.ply,0.1,800,0.9,0.10444,-0.01312,685,0.11841,0.00423,0.06412
000685_lcam_front_lidar.ply/000685_lcam_front_lidar.ply,0.1,800,0.9,0.16421,-0.02216,686,0.10381,0.00326,0.05897
000686_lcam_front_lidar.ply/000686_lcam_front_lidar.ply,0.1,800,0.9,0.12985,-0.00981,687,0.10468,0.00273,0.06017
000687_lcam_front_lidar.ply/000687_lcam_front_lidar.ply,0.1,800,0.9,0.11957,-9e-05,688,0.11795,0.00718,0.06821
000688_lcam_front_lidar.ply/000688_lcam_front_lidar.ply,0.1,800,0.9,0.11935,-0.00697,689,0.12045,0.00575,0.06671
000689_lcam_front_lidar.ply/000689_lcam_front_lidar.ply,0.1,800,0.9,0.13268,0.0028,690,0.13312,0.00631,0.06663
000690_lcam_front_lidar.ply/000690_lcam_front_lidar.ply,0.1,800,0.9,0.1294,-0.02799,691,0.11609,0.0043,0.06794
000691_lcam_front_lidar.ply/000691_lcam_front_lidar.ply,0.1,800,0.9,0.14644,-0.01843,692,0.10452,0.00329,0.06135
000692_lcam_front_lidar.ply/000692_lcam_front_lidar.ply,0.1,800,0.9,0.12865,0.00434,693,0.12107,0.00704,0.06688
000693_lcam_front_lidar.ply/000693_lcam_front_lidar.ply,0.1,800,0.9,0.1222,-0.00587,694,0.12495,0.00977,0.06719
000694_lcam_front_lidar.ply/000694_lcam_front_lidar.ply,0.1,800,0.9,0.13193,-0.0125,695,0.12366,0.00669,0.06869
000695_lcam_front_lidar.ply/000695_lcam_front_lidar.ply,0.1,800,0.9,0.13082,-0.01187,696,0.12164,0.00955,0.06924
000696_lcam_front_lidar.ply/000696_lcam_front_lidar.ply,0.1,800,0.9,0.1307,0.06766,697,0.03133,0.99999,0.03043
000697_lcam_front_lidar.ply/000697_lcam_front_lidar.ply,0.1,800,0.9,0.13819,-0.0841,698,0.12463,0.00764,0.06754
000698_lcam_front_lidar.ply/000698_lcam_front_lidar.ply,0.1,800,0.9,0.1345,0.06605,699,0.02993,0.99999,0.02374
000699_lcam_front_lidar.ply/000699_lcam_front_lidar.ply,0.1,800,0.9,0.13286,-0.09276,700,0.119,0.00881,0.07006
000700_lcam_front_lidar.ply/000700_lcam_front_lidar.ply,0.1,800,0.9,0.1166,-0.0025,701,0.12531,0.0114,0.06847
000701_lcam_front_lidar.ply/000701_lcam_front_lidar.ply,0.1,800,0.9,0.12662,-0.06018,702,0.06751,0.01009,0.05284
000702_lcam_front_lidar.ply/000702_lcam_front_lidar.ply,0.1,800,0.9,0.12322,0.03182,703,0.11798,0.01315,0.07105
000703_lcam_front_lidar.ply/000703_lcam_front_lidar.ply,0.1,800,0.9,0.15314,-0.05174,704,0.06669,0.01789,0.05339
000704_lcam_front_lidar.ply/000704_lcam_front_lidar.ply,0.1,800,0.9,0.13908,0.11804,705,0.03355,0.99999,0.02565
000705_lcam_front_lidar.ply/000705_lcam_front_lidar.ply,0.1,800,0.9,0.1362,-0.09959,706,0.11483,0.01506,0.07189
000706_lcam_front_lidar.ply/000706_lcam_front_lidar.ply,0.1,800,0.9,0.10685,0.09456,707,0.05468,0.99997,0.03796
000707_lcam_front_lidar.ply/000707_lcam_front_lidar.ply,0.1,800,0.9,0.12649,-0.02117,708,0.03683,0.99997,0.0246
000708_lcam_front_lidar.ply/000708_lcam_front_lidar.ply,0.1,800,0.9,0.13743,-0.00679,709,0.04105,0.99998,0.02662
000709_lcam_front_lidar.ply/000709_lcam_front_lidar.ply,0.1,800,0.9,0.14283,0.0031,710,0.05924,0.99996,0.0368
000710_lcam_front_lidar.ply/000710_lcam_front_lidar.ply,0.1,800,0.9,0.15825,-0.02097,711,0.04518,0.99999,0.03062
000711_lcam_front_lidar.ply/000711_lcam_front_lidar.ply,0.1,800,0.9,0.11843,0.00648,712,0.06541,0.99997,0.03811
000712_lcam_front_lidar.ply/000712_lcam_front_lidar.ply,0.1,800,0.9,0.12474,-0.01046,713,0.06649,0.99997,0.04119
000713_lcam_front_lidar.ply/000713_lcam_front_lidar.ply,0.1,800,0.9,0.11334,-0.0146,714,0.05916,0.99998,0.03573
000714_lcam_front_lidar.ply/000714_lcam_front_lidar.ply,0.1,800,0.9,0.14007,-0.00318,715,0.06621,0.99998,0.0362
000715_lcam_front_lidar.ply/000715_lcam_front_lidar.ply,0.1,800,0.9,0.14435,-0.0212,716,0.05759,0.99999,0.04136
000716_lcam_front_lidar.ply/000716_lcam_front_lidar.ply,0.1,800,0.9,0.13721,-0.00746,717,0.06061,0.99997,0.04231
000717_lcam_front_lidar.ply/000717_lcam_front_lidar.ply,0.1,800,0.9,0.12259,-0.00492,718,0.06626,0.99998,0.04344
000718_lcam_front_lidar.ply/000718_lcam_front_lidar.ply,0.1,800,0.9,0.11509,-0.00083,719,0.07366,0.99998,0.0399
000719_lcam_front_lidar.ply/000719_lcam_front_lidar.ply,0.1,800,0.9,0.11105,-0.01493,720,0.07042,0.99996,0.04329
000720_lcam_front_lidar.ply/000720_lcam_front_lidar.ply,0.1,800,0.9,0.13188,-0.00982,721,0.07058,0.99998,0.04325
000721_lcam_front_lidar.ply/000721_lcam_front_lidar.ply,0.1,800,0.9,0.12246,-0.00465,722,0.07705,0.99996,0.04547
000722_lcam_front_lidar.ply/000722_lcam_front_lidar.ply,0.1,800,0.9,0.12335,-0.01118,723,0.07459,0.99997,0.04292
000723_lcam_front_lidar.ply/000723_lcam_front_lidar.ply,0.1,800,0.9,0.1095,-0.00405,724,0.07998,0.99997,0.0418
000724_lcam_front_lidar.ply/000724_lcam_front_lidar.ply,0.1,800,0.9,0.14813,-0.01783,725,0.07324,0.99997,0.04398
000725_lcam_front_lidar.ply/000725_lcam_front_lidar.ply,0.1,800,0.9,0.14252,-0.00449,726,0.0771,0.99997,0.04069
000726_lcam_front_lidar.ply/000726_lcam_front_lidar.ply,0.1,800,0.9,0.12261,-0.01056,727,0.07616,0.99998,0.03991
000727_lcam_front_lidar.ply/000727_lcam_front_lidar.ply,0.1,800,0.9,0.12103,-0.01159,728,0.0752,0.99997,0.04117
000728_lcam_front_lidar.ply/000728_lcam_front_lidar.ply,0.1,800,0.9,0.12413,-0.01073,729,0.07337,0.99997,0.03897
000729_lcam_front_lidar.ply/000729_lcam_front_lidar.ply,0.1,800,0.9,0.14836,-0.01063,730,0.07183,0.99997,0.03716
000730_lcam_front_lidar.ply/000730_lcam_front_lidar.ply,0.1,800,0.9,0.13445,-0.02707,731,0.0553,0.99998,0.03823
000731_lcam_front_lidar.ply/000731_lcam_front_lidar.ply,0.1,800,0.9,0.11929,0.00081,732,0.0662,0.99997,0.0384
000732_lcam_front_lidar.ply/000732_lcam_front_lidar.ply,0.1,800,0.9,0.1289,-0.01423,733,0.06256,0.99997,0.03959
000733_lcam_front_lidar.ply/000733_lcam_front_lidar.ply,0.1,800,0.9,0.12452,0.00334,734,0.07551,0.99997,0.03882
000734_lcam_front_lidar.ply/000734_lcam_front_lidar.ply,0.1,800,0.9,0.15669,-0.0118,735,0.07579,0.99997,0.04297
000735_lcam_front_lidar.ply/000735_lcam_front_lidar.ply,0.1,800,0.9,0.15009,-0.02277,736,0.06505,0.99998,0.04704
000736_lcam_front_lidar.ply/000736_lcam_front_lidar.ply,0.1,800,0.9,0.12055,0.00288,737,0.07637,0.99998,0.04392
000737_lcam_front_lidar.ply/000737_lcam_front_lidar.ply,0.1,800,0.9,0.10871,-0.00965,738,0.07667,0.99996,0.04381
000738_lcam_front_lidar.ply/000738_lcam_front_lidar.ply,0.1,800,0.9,0.11546,-0.03025,739,0.05196,0.99987,0.03488
000739_lcam_front_lidar.ply/000739_lcam_front_lidar.ply,0.1,800,0.9,0.15241,-0.09996,740,0.12769,0.01299,0.07018
000740_lcam_front_lidar.ply/000740_lcam_front_lidar.ply,0.1,800,0.9,0.15961,-0.00955,741,0.129,0.01234,0.07172
000741_lcam_front_lidar.ply/000741_lcam_front_lidar.ply,0.1,800,0.9,0.24744,0.08346,742,0.05203,0.99991,0.02713
000742_lcam_front_lidar.ply/000742_lcam_front_lidar.ply,0.1,800,0.9,0.13626,-0.00682,743,0.06289,0.99996,0.04251
000743_lcam_front_lidar.ply/000743_lcam_front_lidar.ply,0.1,800,0.9,0.12572,-0.00163,744,0.06754,0.99998,0.03505
000744_lcam_front_lidar.ply/000744_lcam_front_lidar.ply,0.1,800,0.9,0.16488,-0.01749,745,0.05893,0.99995,0.03282
000745_lcam_front_lidar.ply/000745_lcam_front_lidar.ply,0.1,800,0.9,0.16312,-0.01239,746,0.05989,0.99998,0.03953
000746_lcam_front_lidar.ply/000746_lcam_front_lidar.ply,0.1,800,0.9,0.14516,0.00387,747,0.07708,0.99999,0.04616
000747_lcam_front_lidar.ply/000747_lcam_front_lidar.ply,0.1,800,0.9,0.12738,-0.03143,748,0.05158,0.99997,0.03802
000748_lcam_front_lidar.ply/000748_lcam_front_lidar.ply,0.1,800,0.9,0.12593,-0.00518,749,0.0575,0.99999,0.04023
000749_lcam_front_lidar.ply/000749_lcam_front_lidar.ply,0.1,800,0.9,0.14051,-0.01318,750,0.05242,0.99993,0.03642
000750_lcam_front_lidar.ply/000750_lcam_front_lidar.ply,0.1,800,0.9,0.14254,-0.00979,751,0.05215,0.99999,0.03548
000751_lcam_front_lidar.ply/000751_lcam_front_lidar.ply,0.1,800,0.9,0.13853,-0.00946,752,0.05218,0.99999,0.03446
000752_lcam_front_lidar.ply/000752_lcam_front_lidar.ply,0.1,800,0.9,0.13683,0.0111,753,0.07801,0.99996,0.04391
000753_lcam_front_lidar.ply/000753_lcam_front_lidar.ply,0.1,800,0.9,0.13433,-0.02972,754,0.05415,0.99998,0.03563
000754_lcam_front_lidar.ply/000754_lcam_front_lidar.ply,0.1,800,0.9,0.15747,-0.00746,755,0.05605,0.99999,0.03435
000755_lcam_front_lidar.ply/000755_lcam_front_lidar.ply,0.1,800,0.9,0.12729,-0.01277,756,0.05367,0.99999,0.03513
000756_lcam_front_lidar.ply/000756_lcam_front_lidar.ply,0.1,800,0.9,0.12932,-0.02822,757,0.03426,0.99998,0.03275
000757_lcam_front_lidar.ply/000757_lcam_front_lidar.ply,0.1,800,0.9,0.13281,0.00852,758,0.05465,0.99999,0.03648
000758_lcam_front_lidar.ply/000758_lcam_front_lidar.ply,0.1,800,0.9,0.15233,-0.01441,759,0.0503,0.99999,0.03661
000759_lcam_front_lidar.ply/000759_lcam_front_lidar.ply,0.1,800,0.9,0.15359,-0.0103,760,0.04949,1.0,0.03559
000760_lcam_front_lidar.ply/000760_lcam_front_lidar.ply,0.1,800,0.9,0.13059,-0.00655,761,0.05263,1.0,0.03497
000761_lcam_front_lidar.ply/000761_lcam_front_lidar.ply,0.1,800,0.9,0.11532,-0.02167,762,0.04176,0.99999,0.03657
000762_lcam_front_lidar.ply/000762_lcam_front_lidar.ply,0.1,800,0.9,0.14,-0.00883,763,0.04258,0.99998,0.03587
000763_lcam_front_lidar.ply/000763_lcam_front_lidar.ply,0.1,800,0.9,0.14107,-0.00927,764,0.04302,0.99999,0.03529
000764_lcam_front_lidar.ply/000764_lcam_front_lidar.ply,0.1,800,0.9,0.11119,-0.00448,765,0.04899,1.0,0.03619
000765_lcam_front_lidar.ply/000765_lcam_front_lidar.ply,0.1,800,0.9,0.12141,-0.01712,766,0.04136,1.0,0.03517
000766_lcam_front_lidar.ply/000766_lcam_front_lidar.ply,0.1,800,0.9,0.14748,-0.00685,767,0.04448,1.0,0.0351
000767_lcam_front_lidar.ply/000767_lcam_front_lidar.ply,0.1,800,0.9,0.14873,-0.01805,768,0.03748,0.99999,0.03719
000768_lcam_front_lidar.ply/000768_lcam_front_lidar.ply,0.1,800,0.9,0.13279,-0.00977,769,0.03715,0.99999,0.03608
000769_lcam_front_lidar.ply/000769_lcam_front_lidar.ply,0.1,800,0.9,0.12095,-0.01606,770,0.03181,0.99999,0.03751
000770_lcam_front_lidar.ply/000770_lcam_front_lidar.ply,0.1,800,0.9,0.13918,-0.00983,771,0.03191,0.99999,0.03736
000771_lcam_front_lidar.ply/000771_lcam_front_lidar.ply,0.1,800,0.9,0.1505,-0.09196,772,0.11587,0.01968,0.0751
000772_lcam_front_lidar.ply/000772_lcam_front_lidar.ply,0.1,800,0.9,0.12721,0.08309,773,0.04161,0.99999,0.03449
000773_lcam_front_lidar.ply/000773_lcam_front_lidar.ply,0.1,800,0.9,0.12514,-0.10576,774,0.11368,0.01854,0.07571
000774_lcam_front_lidar.ply/000774_lcam_front_lidar.ply,0.1,800,0.9,0.15921,0.08913,775,0.04665,1.0,0.03781
000775_lcam_front_lidar.ply/000775_lcam_front_lidar.ply,0.1,800,0.9,0.13102,-0.02722,776,0.03021,0.99998,0.03939
000776_lcam_front_lidar.ply/000776_lcam_front_lidar.ply,0.1,800,0.9,0.15458,0.00408,777,0.04273,0.99999,0.03626
000777_lcam_front_lidar.ply/000777_lcam_front_lidar.ply,0.1,800,0.9,0.23687,-0.10322,778,0.1164,0.01921,0.0758
000778_lcam_front_lidar.ply/000778_lcam_front_lidar.ply,0.1,800,0.9,0.13923,0.08498,779,0.04446,1.0,0.03619
000779_lcam_front_lidar.ply/000779_lcam_front_lidar.ply,0.1,800,0.9,0.11579,-0.10933,780,0.11234,0.0169,0.0757
000780_lcam_front_lidar.ply/000780_lcam_front_lidar.ply,0.1,800,0.9,0.11247,-0.01379,781,0.10823,0.01948,0.07582
000781_lcam_front_lidar.ply/000781_lcam_front_lidar.ply,0.1,800,0.9,0.13623,-0.01305,782,0.10544,0.01744,0.07573
000782_lcam_front_lidar.ply/000782_lcam_front_lidar.ply,0.1,800,0.9,0.12084,0.00015,783,0.11445,0.01336,0.07225
000783_lcam_front_lidar.ply/000783_lcam_front_lidar.ply,0.1,800,0.9,0.12037,-0.02526,784,0.10117,0.01581,0.07693
000784_lcam_front_lidar.ply/000784_lcam_front_lidar.ply,0.1,800,0.9,0.15354,0.09064,785,0.03359,1.0,0.03576
000785_lcam_front_lidar.ply/000785_lcam_front_lidar.ply,0.1,800,0.9,0.12526,-0.11217,786,0.09792,0.01913,0.07452
000786_lcam_front_lidar.ply/000786_lcam_front_lidar.ply,0.1,800,0.9,0.12933,0.10655,787,0.0483,1.0,0.03643
000787_lcam_front_lidar.ply/000787_lcam_front_lidar.ply,0.1,800,0.9,0.12905,-0.02531,788,0.03131,0.99993,0.03305
000788_lcam_front_lidar.ply/000788_lcam_front_lidar.ply,0.1,800,0.9,0.12595,0.01606,789,0.05872,0.99999,0.03577
000789_lcam_front_lidar.ply/000789_lcam_front_lidar.ply,0.1,800,0.9,0.0969,-0.00418,790,0.06451,0.99998,0.03569
000790_lcam_front_lidar.ply/000790_lcam_front_lidar.ply,0.1,800,0.9,0.11452,-0.00909,791,0.07041,0.99995,0.04566
000791_lcam_front_lidar.ply/000791_lcam_front_lidar.ply,0.1,800,0.9,0.11639,-0.02146,792,0.05357,0.99998,0.03492
000792_lcam_front_lidar.ply/000792_lcam_front_lidar.ply,0.1,800,0.9,0.11173,-0.02611,793,0.03764,0.99997,0.03527
000793_lcam_front_lidar.ply/000793_lcam_front_lidar.ply,0.1,800,0.9,0.13295,0.013,794,0.06007,0.99997,0.03414
000794_lcam_front_lidar.ply/000794_lcam_front_lidar.ply,0.1,800,0.9,0.15631,-0.02341,795,0.04677,0.99997,0.03436
000795_lcam_front_lidar.ply/000795_lcam_front_lidar.ply,0.1,800,0.9,0.11099,0.00526,796,0.06223,0.99998,0.03475
000796_lcam_front_lidar.ply/000796_lcam_front_lidar.ply,0.1,800,0.9,0.12074,-0.01035,797,0.06178,0.99998,0.03457
000797_lcam_front_lidar.ply/000797_lcam_front_lidar.ply,0.1,800,0.9,0.13345,-0.02228,798,0.04787,0.99999,0.03129
000798_lcam_front_lidar.ply/000798_lcam_front_lidar.ply,0.1,800,0.9,0.12053,0.00214,799,0.06076,0.99998,0.03279
000799_lcam_front_lidar.ply/000799_lcam_front_lidar.ply,0.1,800,0.9,0.13584,-0.00955,800,0.06077,0.99999,0.03193
000800_lcam_front_lidar.ply/000800_lcam_front_lidar.ply,0.1,800,0.9,0.11709,-0.00998,801,0.06185,0.99999,0.03404
000801_lcam_front_lidar.ply/000801_lcam_front_lidar.ply,0.1,800,0.9,0.12868,-0.01398,802,0.05799,0.99998,0.03428
000802_lcam_front_lidar.ply/000802_lcam_front_lidar.ply,0.1,800,0.9,0.12374,-0.00287,803,0.06497,0.99998,0.03398
000803_lcam_front_lidar.ply/000803_lcam_front_lidar.ply,0.1,800,0.9,0.12649,-0.02305,804,0.05142,0.99999,0.03297
000804_lcam_front_lidar.ply/000804_lcam_front_lidar.ply,0.1,800,0.9,0.14738,0.01415,805,0.07611,0.99999,0.03404
000805_lcam_front_lidar.ply/000805_lcam_front_lidar.ply,0.1,800,0.9,0.12497,-0.0342,806,0.05174,0.99998,0.0337
000806_lcam_front_lidar.ply/000806_lcam_front_lidar.ply,0.1,800,0.9,0.12162,0.0001,807,0.06058,0.99999,0.03119
000807_lcam_front_lidar.ply/000807_lcam_front_lidar.ply,0.1,800,0.9,0.13461,-0.00582,808,0.06549,0.99999,0.03264
000808_lcam_front_lidar.ply/000808_lcam_front_lidar.ply,0.1,800,0.9,0.12124,-0.01445,809,0.06049,0.99999,0.03155
000809_lcam_front_lidar.ply/000809_lcam_front_lidar.ply,0.1,800,0.9,0.12421,-0.01964,810,0.05097,0.99997,0.03178
000810_lcam_front_lidar.ply/000810_lcam_front_lidar.ply,0.1,800,0.9,0.12303,-0.01126,811,0.0486,0.99998,0.02956
000811_lcam_front_lidar.ply/000811_lcam_front_lidar.ply,0.1,800,0.9,0.1465,-0.01181,812,0.04758,0.99995,0.03113
000812_lcam_front_lidar.ply/000812_lcam_front_lidar.ply,0.1,800,0.9,0.11369,-0.00877,813,0.04728,0.99998,0.02807
000813_lcam_front_lidar.ply/000813_lcam_front_lidar.ply,0.1,800,0.9,0.12355,0.00071,814,0.05982,0.99998,0.03174
000814_lcam_front_lidar.ply/000814_lcam_front_lidar.ply,0.1,800,0.9,0.14164,-0.02429,815,0.04288,0.99997,0.02642
000815_lcam_front_lidar.ply/000815_lcam_front_lidar.ply,0.1,800,0.9,0.13504,-0.014,816,0.03806,0.99993,0.02479
000816_lcam_front_lidar.ply/000816_lcam_front_lidar.ply,0.1,800,0.9,0.14774,-0.00862,817,0.0415,0.99995,0.02891
000817_lcam_front_lidar.ply/000817_lcam_front_lidar.ply,0.1,800,0.9,0.15084,-0.00879,818,0.0423,0.99995,0.0281
000818_lcam_front_lidar.ply/000818_lcam_front_lidar.ply,0.1,800,0.9,0.13927,0.00573,819,0.05933,0.99998,0.03069
000819_lcam_front_lidar.ply/000819_lcam_front_lidar.ply,0.1,800,0.9,0.1312,-0.02796,820,0.04029,0.99992,0.02853
000820_lcam_front_lidar.ply/000820_lcam_front_lidar.ply,0.1,800,0.9,0.14374,-0.00851,821,0.04293,0.99993,0.03083
000821_lcam_front_lidar.ply/000821_lcam_front_lidar.ply,0.1,800,0.9,0.12325,-0.00893,822,0.04244,0.99994,0.02771
000822_lcam_front_lidar.ply/000822_lcam_front_lidar.ply,0.1,800,0.9,0.12324,-0.0107,823,0.04145,0.99991,0.02712
000823_lcam_front_lidar.ply/000823_lcam_front_lidar.ply,0.1,800,0.9,0.14139,-0.18788,824,0.0,0.0,0.0
000824_lcam_front_lidar.ply/000824_lcam_front_lidar.ply,0.1,800,0.9,0.12676,-0.01,825,0.0,0.0,0.0
000825_lcam_front_lidar.ply/000825_lcam_front_lidar.ply,0.1,800,0.9,0.11682,0.16706,826,0.03912,0.99995,0.02412
000826_lcam_front_lidar.ply/000826_lcam_front_lidar.ply,0.1,800,0.9,0.14211,-0.18706,827,0.0,0.0,0.0
000827_lcam_front_lidar.ply/000827_lcam_front_lidar.ply,0.1,800,0.9,0.1225,0.16361,828,0.03628,0.99993,0.02532
000828_lcam_front_lidar.ply/000828_lcam_front_lidar.ply,0.1,800,0.9,0.13158,-0.01152,829,0.03422,0.99992,0.02424
000829_lcam_front_lidar.ply/000829_lcam_front_lidar.ply,0.1,800,0.9,0.14859,-0.18209,830,0.0,0.0,0.0
000830_lcam_front_lidar.ply/000830_lcam_front_lidar.ply,0.1,800,0.9,0.10724,-0.01,831,0.0,0.0,0.0
000831_lcam_front_lidar.ply/000831_lcam_front_lidar.ply,0.1,800,0.9,0.14736,0.16154,832,0.03378,0.99991,0.02445
000832_lcam_front_lidar.ply/000832_lcam_front_lidar.ply,0.1,800,0.9,0.1715,-0.18154,833,0.0,0.0,0.0
000833_lcam_front_lidar.ply/000833_lcam_front_lidar.ply,0.1,800,0.9,0.10877,-0.01,834,0.0,0.0,0.0
000834_lcam_front_lidar.ply/000834_lcam_front_lidar.ply,0.1,800,0.9,0.1519,0.16186,835,0.03285,0.99989,0.02194
000835_lcam_front_lidar.ply/000835_lcam_front_lidar.ply,0.1,800,0.9,0.11419,-0.18186,836,0.0,0.0,0.0
000836_lcam_front_lidar.ply/000836_lcam_front_lidar.ply,0.1,800,0.9,0.11061,-0.01,837,0.0,0.0,0.0
000837_lcam_front_lidar.ply/000837_lcam_front_lidar.ply,0.1,800,0.9,0.14661,-0.01,838,0.0,0.0,0.0
000838_lcam_front_lidar.ply/000838_lcam_front_lidar.ply,0.1,800,0.9,0.12057,-0.01,839,0.0,0.0,0.0
000839_lcam_front_lidar.ply/000839_lcam_front_lidar.ply,0.1,800,0.9,0.10716,-0.01,840,0.0,0.0,0.0
000840_lcam_front_lidar.ply/000840_lcam_front_lidar.ply,0.1,800,0.9,0.11742,-0.01,841,0.0,0.0,0.0
000841_lcam_front_lidar.ply/000841_lcam_front_lidar.ply,0.1,800,0.9,0.10505,0.15874,842,0.03002,0.9999,0.02253
000842_lcam_front_lidar.ply/000842_lcam_front_lidar.ply,0.1,800,0.9,0.13051,-0.17874,843,0.0,0.0,0.0
000843_lcam_front_lidar.ply/000843_lcam_front_lidar.ply,0.1,800,0.9,0.11329,-0.01,844,0.0,0.0,0.0
000844_lcam_front_lidar.ply/000844_lcam_front_lidar.ply,0.1,800,0.9,0.11109,-0.01,845,0.0,0.0,0.0
000845_lcam_front_lidar.ply/000845_lcam_front_lidar.ply,0.1,800,0.9,0.1204,-0.01,846,0.0,0.0,0.0
000846_lcam_front_lidar.ply/000846_lcam_front_lidar.ply,0.1,800,0.9,0.1088,-0.01,847,0.0,0.0,0.0
000847_lcam_front_lidar.ply/000847_lcam_front_lidar.ply,0.1,800,0.9,0.12422,-0.01,848,0.0,0.0,0.0
000848_lcam_front_lidar.ply/000848_lcam_front_lidar.ply,0.1,800,0.9,0.1073,-0.01,849,0.0,0.0,0.0
000849_lcam_front_lidar.ply/000849_lcam_front_lidar.ply,0.1,800,0.9,0.11101,-0.01,850,0.0,0.0,0.0
000850_lcam_front_lidar.ply/000850_lcam_front_lidar.ply,0.1,800,0.9,0.10163,-0.01,851,0.0,0.0,0.0
000851_lcam_front_lidar.ply/000851_lcam_front_lidar.ply,0.1,800,0.9,0.1122,-0.01,852,0.0,0.0,0.0
000852_lcam_front_lidar.ply/000852_lcam_front_lidar.ply,0.1,800,0.9,0.10706,-0.01,853,0.0,0.0,0.0
000853_lcam_front_lidar.ply/000853_lcam_front_lidar.ply,0.1,800,0.9,0.10288,-0.01,854,0.0,0.0,0.0
000854_lcam_front_lidar.ply/000854_lcam_front_lidar.ply,0.1,800,0.9,0.11796,-0.01,855,0.0,0.0,0.0
000855_lcam_front_lidar.ply/000855_lcam_front_lidar.ply,0.1,800,0.9,0.11431,-0.01,856,0.0,0.0,0.0
000856_lcam_front_lidar.ply/000856_lcam_front_lidar.ply,0.1,800,0.9,0.14285,-0.01,857,0.0,0.0,0.0
000857_lcam_front_lidar.ply/000857_lcam_front_lidar.ply,0.1,800,0.9,0.10944,-0.01,858,0.0,0.0,0.0
000858_lcam_front_lidar.ply/000858_lcam_front_lidar.ply,0.1,800,0.9,0.10187,-0.01,859,0.0,0.0,0.0
000859_lcam_front_lidar.ply/000859_lcam_front_lidar.ply,0.1,800,0.9,0.10708,-0.01,860,0.0,0.0,0.0
000860_lcam_front_lidar.ply/000860_lcam_front_lidar.ply,0.1,800,0.9,0.10335,-0.01,861,0.0,0.0,0.0
000861_lcam_front_lidar.ply/000861_lcam_front_lidar.ply,0.1,800,0.9,0.12731,-0.01,862,0.0,0.0,0.0
000862_lcam_front_lidar.ply/000862_lcam_front_lidar.ply,0.1,800,0.9,0.12999,-0.01,863,0.0,0.0,0.0
000863_lcam_front_lidar.ply/000863_lcam_front_lidar.ply,0.1,800,0.9,0.12961,-0.01,864,0.0,0.0,0.0
000864_lcam_front_lidar.ply/000864_lcam_front_lidar.ply,0.1,800,0.9,0.1023,-0.01,865,0.0,0.0,0.0
000865_lcam_front_lidar.ply/000865_lcam_front_lidar.ply,0.1,800,0.9,0.13085,0.01879,866,0.03035,0.03724,0.01429
000866_lcam_front_lidar.ply/000866_lcam_front_lidar.ply,0.1,800,0.9,0.111,-0.03879,867,0.0,0.0,0.0
000867_lcam_front_lidar.ply/000867_lcam_front_lidar.ply,0.1,800,0.9,0.13936,0.02103,868,0.03244,0.03324,0.01279
000868_lcam_front_lidar.ply/000868_lcam_front_lidar.ply,0.1,800,0.9,0.15575,-0.01008,869,0.03317,0.026,0.01224
000869_lcam_front_lidar.ply/000869_lcam_front_lidar.ply,0.1,800,0.9,0.13074,-0.04095,870,0.0,0.0,0.0
000870_lcam_front_lidar.ply/000870_lcam_front_lidar.ply,0.1,800,0.9,0.15283,0.02431,871,0.03648,0.02344,0.01136
000871_lcam_front_lidar.ply/000871_lcam_front_lidar.ply,0.1,800,0.9,0.14456,-0.00722,872,0.0386,0.02485,0.01047
000872_lcam_front_lidar.ply/000872_lcam_front_lidar.ply,0.1,800,0.9,0.13451,-0.00988,873,0.039,0.03268,0.0134
000873_lcam_front_lidar.ply/000873_lcam_front_lidar.ply,0.1,800,0.9,0.14918,-0.01013,874,0.03872,0.03484,0.01375
000874_lcam_front_lidar.ply/000874_lcam_front_lidar.ply,0.1,800,0.9,0.11018,-0.00964,875,0.03938,0.03253,0.01366
000875_lcam_front_lidar.ply/000875_lcam_front_lidar.ply,0.1,800,0.9,0.12994,-0.00881,876,0.04001,0.03664,0.01374
000876_lcam_front_lidar.ply/000876_lcam_front_lidar.ply,0.1,800,0.9,0.12867,-0.00861,877,0.04096,0.04872,0.01649
000877_lcam_front_lidar.ply/000877_lcam_front_lidar.ply,0.1,800,0.9,0.11148,-0.00904,878,0.0417,0.0473,0.01564
000878_lcam_front_lidar.ply/000878_lcam_front_lidar.ply,0.1,800,0.9,0.19418,-0.01101,879,0.04175,0.041,0.01587
000879_lcam_front_lidar.ply/000879_lcam_front_lidar.ply,0.1,800,0.9,0.14612,0.11978,880,0.03825,0.99996,0.03698
000880_lcam_front_lidar.ply/000880_lcam_front_lidar.ply,0.1,800,0.9,0.12158,-0.01794,881,0.02841,0.99985,0.03317
000881_lcam_front_lidar.ply/000881_lcam_front_lidar.ply,0.1,800,0.9,0.17036,-0.1318,882,0.04202,0.04415,0.01727
000882_lcam_front_lidar.ply/000882_lcam_front_lidar.ply,0.1,800,0.9,0.10759,-0.00958,883,0.04279,0.04155,0.0172
000883_lcam_front_lidar.ply/000883_lcam_front_lidar.ply,0.1,800,0.9,0.1442,-0.00843,884,0.04269,0.04897,0.0161
000884_lcam_front_lidar.ply/000884_lcam_front_lidar.ply,0.1,800,0.9,0.11997,0.11149,885,0.02993,0.9999,0.03286
000885_lcam_front_lidar.ply/000885_lcam_front_lidar.ply,0.1,800,0.9,0.16088,-0.12806,886,0.04602,0.04854,0.01575
000886_lcam_front_lidar.ply/000886_lcam_front_lidar.ply,0.1,800,0.9,0.14911,0.11048,887,0.03301,0.9999,0.0342
000887_lcam_front_lidar.ply/000887_lcam_front_lidar.ply,0.1,800,0.9,0.1556,0.00025,888,0.04597,0.99998,0.03963
000888_lcam_front_lidar.ply/000888_lcam_front_lidar.ply,0.1,800,0.9,0.13984,-0.00847,889,0.04716,0.99998,0.03895
000889_lcam_front_lidar.ply/000889_lcam_front_lidar.ply,0.1,800,0.9,0.11672,-0.00863,890,0.04995,0.99999,0.0418
000890_lcam_front_lidar.ply/000890_lcam_front_lidar.ply,0.1,800,0.9,0.12802,-0.01021,891,0.0494,0.99999,0.04113
000891_lcam_front_lidar.ply/000891_lcam_front_lidar.ply,0.1,800,0.9,0.11843,-0.01216,892,0.04822,0.99999,0.04307
000892_lcam_front_lidar.ply/000892_lcam_front_lidar.ply,0.1,800,0.9,0.09888,-0.00798,893,0.05003,0.99998,0.04266
000893_lcam_front_lidar.ply/000893_lcam_front_lidar.ply,0.1,800,0.9,0.16977,-0.00677,894,0.05345,0.99998,0.04305
000894_lcam_front_lidar.ply/000894_lcam_front_lidar.ply,0.1,800,0.9,0.11653,-0.01238,895,0.05145,0.99999,0.04382
000895_lcam_front_lidar.ply/000895_lcam_front_lidar.ply,0.1,800,0.9,0.15891,-0.00747,896,0.0537,0.99999,0.04325
000896_lcam_front_lidar.ply/000896_lcam_front_lidar.ply,0.1,800,0.9,0.10669,-0.0075,897,0.05621,0.99998,0.04328
000897_lcam_front_lidar.ply/000897_lcam_front_lidar.ply,0.1,800,0.9,0.14093,-0.00466,898,0.06095,0.99998,0.04207
000898_lcam_front_lidar.ply/000898_lcam_front_lidar.ply,0.1,800,0.9,0.13522,-0.01128,899,0.06063,0.99997,0.04399
000899_lcam_front_lidar.ply/000899_lcam_front_lidar.ply,0.1,800,0.9,0.11919,-0.01127,900,0.06055,0.99997,0.04637
000900_lcam_front_lidar.ply/000900_lcam_front_lidar.ply,0.1,800,0.9,0.11539,-0.00888,901,0.06169,0.99997,0.04641
000901_lcam_front_lidar.ply/000901_lcam_front_lidar.ply,0.1,800,0.9,0.11315,0.00854,902,0.08056,0.99998,0.04708
000902_lcam_front_lidar.ply/000902_lcam_front_lidar.ply,0.1,800,0.9,0.13354,-0.00483,903,0.0851,0.99998,0.04582
000903_lcam_front_lidar.ply/000903_lcam_front_lidar.ply,0.1,800,0.9,0.18054,-0.02804,904,0.0659,0.99998,0.0435
000904_lcam_front_lidar.ply/000904_lcam_front_lidar.ply,0.1,800,0.9,0.1709,-0.00419,905,0.07289,0.99998,0.04587
000905_lcam_front_lidar.ply/000905_lcam_front_lidar.ply,0.1,800,0.9,0.09433,-0.00391,906,0.07964,0.99998,0.04718
000906_lcam_front_lidar.ply/000906_lcam_front_lidar.ply,0.1,800,0.9,0.16173,-0.01004,907,0.08116,0.99998,0.0503
000907_lcam_front_lidar.ply/000907_lcam_front_lidar.ply,0.1,800,0.9,0.11465,-0.01092,908,0.07843,0.99997,0.04667
000908_lcam_front_lidar.ply/000908_lcam_front_lidar.ply,0.1,800,0.9,0.11749,-0.00994,909,0.07858,0.99997,0.04684
000909_lcam_front_lidar.ply/000909_lcam_front_lidar.ply,0.1,800,0.9,0.1892,-0.02105,910,0.06602,0.99998,0.04383
000910_lcam_front_lidar.ply/000910_lcam_front_lidar.ply,0.1,800,0.9,0.11167,0.00272,911,0.08013,0.99998,0.04661
000911_lcam_front_lidar.ply/000911_lcam_front_lidar.ply,0.1,800,0.9,0.10098,-0.01171,912,0.07772,0.99998,0.0452
000912_lcam_front_lidar.ply/000912_lcam_front_lidar.ply,0.1,800,0.9,0.10314,-0.00257,913,0.08516,0.99998,0.04523
000913_lcam_front_lidar.ply/000913_lcam_front_lidar.ply,0.1,800,0.9,0.15082,-0.01161,914,0.08417,0.99997,0.04648
000914_lcam_front_lidar.ply/000914_lcam_front_lidar.ply,0.1,800,0.9,0.10463,-0.00535,915,0.08943,0.99997,0.0477
000915_lcam_front_lidar.ply/000915_lcam_front_lidar.ply,0.1,800,0.9,0.13939,-0.01168,916,0.08899,0.99997,0.05018
000916_lcam_front_lidar.ply/000916_lcam_front_lidar.ply,0.1,800,0.9,0.10418,-0.0104,917,0.08719,0.99997,0.04738
000917_lcam_front_lidar.ply/000917_lcam_front_lidar.ply,0.1,800,0.9,0.13183,-0.01356,918,0.08398,0.99997,0.0481
000918_lcam_front_lidar.ply/000918_lcam_front_lidar.ply,0.1,800,0.9,0.10277,-0.02805,919,0.06687,0.99998,0.04997
000919_lcam_front_lidar.ply/000919_lcam_front_lidar.ply,0.1,800,0.9,0.11231,0.00843,920,0.08476,0.99997,0.0489
000920_lcam_front_lidar.ply/000920_lcam_front_lidar.ply,0.1,800,0.9,0.09903,-0.00579,921,0.08865,0.99997,0.04826
000921_lcam_front_lidar.ply/000921_lcam_front_lidar.ply,0.1,800,0.9,0.09908,-0.03205,922,0.06671,0.99998,0.04849
000922_lcam_front_lidar.ply/000922_lcam_front_lidar.ply,0.1,800,0.9,0.09969,-0.01148,923,0.06564,0.99998,0.04929
000923_lcam_front_lidar.ply/000923_lcam_front_lidar.ply,0.1,800,0.9,0.10676,0.0113,924,0.08586,0.99998,0.04713
000924_lcam_front_lidar.ply/000924_lcam_front_lidar.ply,0.1,800,0.9,0.13004,-0.0075,925,0.08852,0.99998,0.04746
000925_lcam_front_lidar.ply/000925_lcam_front_lidar.ply,0.1,800,0.9,0.0911,-0.01759,926,0.08109,0.99998,0.04777
000926_lcam_front_lidar.ply/000926_lcam_front_lidar.ply,0.1,800,0.9,0.12153,-0.00872,927,0.08182,0.99997,0.04667
000927_lcam_front_lidar.ply/000927_lcam_front_lidar.ply,0.1,800,0.9,0.09381,-0.00921,928,0.08236,0.99997,0.04615
000928_lcam_front_lidar.ply/000928_lcam_front_lidar.ply,0.1,800,0.9,0.12228,-0.02052,929,0.07125,0.99997,0.04498
000929_lcam_front_lidar.ply/000929_lcam_front_lidar.ply,0.1,800,0.9,0.10604,-0.00872,930,0.0726,0.99997,0.04514
000930_lcam_front_lidar.ply/000930_lcam_front_lidar.ply,0.1,800,0.9,0.14731,-0.00776,931,0.07588,0.99997,0.0472
000931_lcam_front_lidar.ply/000931_lcam_front_lidar.ply,0.1,800,0.9,0.10893,-0.01109,932,0.07373,0.99997,0.04509
000932_lcam_front_lidar.ply/000932_lcam_front_lidar.ply,0.1,800,0.9,0.10696,-0.00349,933,0.08051,0.99996,0.04562
000933_lcam_front_lidar.ply/000933_lcam_front_lidar.ply,0.1,800,0.9,0.1272,-0.00263,934,0.08797,0.99997,0.04581
000934_lcam_front_lidar.ply/000934_lcam_front_lidar.ply,0.1,800,0.9,0.11489,-0.01009,935,0.08683,0.99997,0.0437
000935_lcam_front_lidar.ply/000935_lcam_front_lidar.ply,0.1,800,0.9,0.12308,-0.04112,936,0.05628,0.99996,0.04485
000936_lcam_front_lidar.ply/000936_lcam_front_lidar.ply,0.1,800,0.9,0.17925,0.00394,937,0.06936,0.99996,0.04315
000937_lcam_front_lidar.ply/000937_lcam_front_lidar.ply,0.1,800,0.9,0.13231,-0.024,938,0.05689,0.99995,0.04619
000938_lcam_front_lidar.ply/000938_lcam_front_lidar.ply,0.1,800,0.9,0.1637,0.00374,939,0.0697,0.99996,0.04433
000939_lcam_front_lidar.ply/000939_lcam_front_lidar.ply,0.1,800,0.9,0.11151,-0.00983,940,0.06918,0.99996,0.04296
000940_lcam_front_lidar.ply/000940_lcam_front_lidar.ply,0.1,800,0.9,0.17363,-0.00024,941,0.07829,0.99996,0.04165
000941_lcam_front_lidar.ply/000941_lcam_front_lidar.ply,0.1,800,0.9,0.11951,-0.03047,942,0.05769,0.99996,0.04138
000942_lcam_front_lidar.ply/000942_lcam_front_lidar.ply,0.1,800,0.9,0.14468,-0.01269,943,0.05563,0.99995,0.04264
000943_lcam_front_lidar.ply/000943_lcam_front_lidar.ply,0.1,800,0.9,0.21712,-0.00883,944,0.05605,0.99996,0.04115
000944_lcam_front_lidar.ply/000944_lcam_front_lidar.ply,0.1,800,0.9,0.14588,-0.011,945,0.05581,0.99996,0.04266
000945_lcam_front_lidar.ply/000945_lcam_front_lidar.ply,0.1,800,0.9,0.139,-0.00287,946,0.06237,0.99996,0.04151
000946_lcam_front_lidar.ply/000946_lcam_front_lidar.ply,0.1,800,0.9,0.12421,-0.01611,947,0.05605,0.99996,0.04109
000947_lcam_front_lidar.ply/000947_lcam_front_lidar.ply,0.1,800,0.9,0.13309,-0.00515,948,0.0614,0.99996,0.04208
000948_lcam_front_lidar.ply/000948_lcam_front_lidar.ply,0.1,800,0.9,0.12416,-0.00631,949,0.06571,0.99995,0.04332
000949_lcam_front_lidar.ply/000949_lcam_front_lidar.ply,0.1,800,0.9,0.1237,-0.01817,950,0.05743,0.99992,0.04311
000950_lcam_front_lidar.ply/000950_lcam_front_lidar.ply,0.1,800,0.9,0.142,0.00421,951,0.07053,0.99995,0.04089
000951_lcam_front_lidar.ply/000951_lcam_front_lidar.ply,0.1,800,0.9,0.16435,-0.02505,952,0.05576,0.99992,0.04143
000952_lcam_front_lidar.ply/000952_lcam_front_lidar.ply,0.1,800,0.9,0.12991,-0.01054,953,0.05568,0.99993,0.04235
000953_lcam_front_lidar.ply/000953_lcam_front_lidar.ply,0.1,800,0.9,0.19259,-0.00921,954,0.05495,0.99994,0.03933
000954_lcam_front_lidar.ply/000954_lcam_front_lidar.ply,0.1,800,0.9,0.14666,-0.01273,955,0.05296,0.99994,0.04079
000955_lcam_front_lidar.ply/000955_lcam_front_lidar.ply,0.1,800,0.9,0.15712,-0.00596,956,0.05591,0.99994,0.03863
000956_lcam_front_lidar.ply/000956_lcam_front_lidar.ply,0.1,800,0.9,0.15646,-0.0206,957,0.04768,0.9999,0.04336
000957_lcam_front_lidar.ply/000957_lcam_front_lidar.ply,0.1,800,0.9,0.16778,-0.00935,958,0.04813,0.9999,0.04295
000958_lcam_front_lidar.ply/000958_lcam_front_lidar.ply,0.1,800,0.9,0.1549,-0.01006,959,0.0481,0.9999,0.04303
000959_lcam_front_lidar.ply/000959_lcam_front_lidar.ply,0.1,800,0.9,0.20064,0.00178,960,0.05838,0.99993,0.04002
000960_lcam_front_lidar.ply/000960_lcam_front_lidar.ply,0.1,800,0.9,0.11858,-0.0115,961,0.05743,0.99994,0.04113
000961_lcam_front_lidar.ply/000961_lcam_front_lidar.ply,0.1,800,0.9,0.13936,-0.19686,962,0.0,0.0,0.0
000962_lcam_front_lidar.ply/000962_lcam_front_lidar.ply,0.1,800,0.9,0.16774,0.16281,963,0.04565,0.99991,0.04566
000963_lcam_front_lidar.ply/000963_lcam_front_lidar.ply,0.1,800,0.9,0.13605,0.00406,964,0.05764,0.99993,0.04153
000964_lcam_front_lidar.ply/000964_lcam_front_lidar.ply,0.1,800,0.9,0.12701,-0.19687,965,0.0,0.0,0.0
000965_lcam_front_lidar.ply/000965_lcam_front_lidar.ply,0.1,800,0.9,0.11211,0.17849,966,0.05918,0.99991,0.04135
000966_lcam_front_lidar.ply/000966_lcam_front_lidar.ply,0.1,800,0.9,0.14845,-0.01347,967,0.05541,0.99993,0.04075
000967_lcam_front_lidar.ply/000967_lcam_front_lidar.ply,0.1,800,0.9,0.1106,-0.19502,968,0.0,0.0,0.0
000968_lcam_front_lidar.ply/000968_lcam_front_lidar.ply,0.1,800,0.9,0.11248,0.17405,969,0.0537,0.99993,0.03928
000969_lcam_front_lidar.ply/000969_lcam_front_lidar.ply,0.1,800,0.9,0.12009,-0.0214,970,0.04321,0.9999,0.04108
000970_lcam_front_lidar.ply/000970_lcam_front_lidar.ply,0.1,800,0.9,0.11896,0.00487,971,0.05806,0.9999,0.04102
000971_lcam_front_lidar.ply/000971_lcam_front_lidar.ply,0.1,800,0.9,0.11859,-0.01088,972,0.05593,0.99994,0.03854
000972_lcam_front_lidar.ply/000972_lcam_front_lidar.ply,0.1,800,0.9,0.10101,-0.00834,973,0.05775,0.99989,0.03884
000973_lcam_front_lidar.ply/000973_lcam_front_lidar.ply,0.1,800,0.9,0.12447,-0.00633,974,0.06142,0.99989,0.03885
000974_lcam_front_lidar.ply/000974_lcam_front_lidar.ply,0.1,800,0.9,0.13031,-0.00153,975,0.06939,0.99993,0.03785
000975_lcam_front_lidar.ply/000975_lcam_front_lidar.ply,0.1,800,0.9,0.19176,-0.02841,976,0.04903,0.9999,0.03395
000976_lcam_front_lidar.ply/000976_lcam_front_lidar.ply,0.1,800,0.9,0.1944,4e-05,977,0.06055,0.99989,0.03691
000977_lcam_front_lidar.ply/000977_lcam_front_lidar.ply,0.1,800,0.9,0.15988,0.00078,978,0.07125,0.99992,0.03675
000978_lcam_front_lidar.ply/000978_lcam_front_lidar.ply,0.1,800,0.9,0.13466,-0.02637,979,0.05446,0.99991,0.0359
000979_lcam_front_lidar.ply/000979_lcam_front_lidar.ply,0.1,800,0.9,0.11855,0.00386,980,0.06875,0.99988,0.03674
000980_lcam_front_lidar.ply/000980_lcam_front_lidar.ply,0.1,800,0.9,0.12988,-0.02041,981,0.05757,0.99987,0.03519
000981_lcam_front_lidar.ply/000981_lcam_front_lidar.ply,0.1,800,0.9,0.12483,-0.01021,982,0.05699,0.99986,0.03445
000982_lcam_front_lidar.ply/000982_lcam_front_lidar.ply,0.1,800,0.9,0.12078,-0.01689,983,0.05022,0.99991,0.0347
000983_lcam_front_lidar.ply/000983_lcam_front_lidar.ply,0.1,800,0.9,0.14581,-0.00758,984,0.05311,0.9999,0.03565
000984_lcam_front_lidar.ply/000984_lcam_front_lidar.ply,0.1,800,0.9,0.12825,0.00403,985,0.06795,0.99989,0.03727
000985_lcam_front_lidar.ply/000985_lcam_front_lidar.ply,0.1,800,0.9,0.13094,-0.02525,986,0.05213,0.9999,0.03614
000986_lcam_front_lidar.ply/000986_lcam_front_lidar.ply,0.1,800,0.9,0.13976,-0.00374,987,0.05838,0.99986,0.03611
000987_lcam_front_lidar.ply/000987_lcam_front_lidar.ply,0.1,800,0.9,0.10082,-0.20031,988,0.0,0.0,0.0
000988_lcam_front_lidar.ply/000988_lcam_front_lidar.ply,0.1,800,0.9,0.16772,-0.01,989,0.0,0.0,0.0
000989_lcam_front_lidar.ply/000989_lcam_front_lidar.ply,0.1,800,0.9,0.13174,-0.01,990,0.0,0.0,0.0
000990_lcam_front_lidar.ply/000990_lcam_front_lidar.ply,0.1,800,0.9,0.15861,-0.01,991,0.0,0.0,0.0
000991_lcam_front_lidar.ply/000991_lcam_front_lidar.ply,0.1,800,0.9,0.1307,-0.01,992,0.0,0.0,0.0
000992_lcam_front_lidar.ply/000992_lcam_front_lidar.ply,0.1,800,0.9,0.14683,-0.01,993,0.0,0.0,0.0
000993_lcam_front_lidar.ply/000993_lcam_front_lidar.ply,0.1,800,0.9,0.09926,-0.01,994,0.0,0.0,0.0
000994_lcam_front_lidar.ply/000994_lcam_front_lidar.ply,0.1,800,0.9,0.12897,-0.01,995,0.0,0.0,0.0
000995_lcam_front_lidar.ply/000995_lcam_front_lidar.ply,0.1,800,0.9,0.10518,0.16665,996,0.04362,0.99986,0.03389
000996_lcam_front_lidar.ply/000996_lcam_front_lidar.ply,0.1,800,0.9,0.12112,-0.01245,997,0.04129,0.99982,0.03411
000997_lcam_front_lidar.ply/000997_lcam_front_lidar.ply,0.1,800,0.9,0.12497,0.00739,998,0.05866,0.99993,0.03411
000998_lcam_front_lidar.ply/000998_lcam_front_lidar.ply,0.1,800,0.9,0.10948,-0.0158,999,0.05294,0.9999,0.03425
000999_lcam_front_lidar.ply/000999_lcam_front_lidar.ply,0.1,800,0.9,0.12283,-0.1958,1000,0.0,0.0,0.0
001000_lcam_front_lidar.ply/001000_lcam_front_lidar.ply,0.1,800,0.9,0.0983,-0.01,1001,0.0,0.0,0.0
001001_lcam_front_lidar.ply/001001_lcam_front_lidar.ply,0.1,800,0.9,0.09233,-0.01,1002,0.0,0.0,0.0
001002_lcam_front_lidar.ply/001002_lcam_front_lidar.ply,0.1,800,0.9,0.09493,-0.01,1003,0.0,0.0,0.0
001003_lcam_front_lidar.ply/001003_lcam_front_lidar.ply,0.1,800,0.9,0.09651,-0.01,1004,0.0,0.0,0.0
001004_lcam_front_lidar.ply/001004_lcam_front_lidar.ply,0.1,800,0.9,0.09269,-0.01,1005,0.0,0.0,0.0
001005_lcam_front_lidar.ply/001005_lcam_front_lidar.ply,0.1,800,0.9,0.09246,-0.01,1006,0.0,0.0,0.0
001006_lcam_front_lidar.ply/001006_lcam_front_lidar.ply,0.1,800,0.9,0.09882,-0.01,1007,0.0,0.0,0.0
001007_lcam_front_lidar.ply/001007_lcam_front_lidar.ply,0.1,800,0.9,0.107,-0.01,1008,0.0,0.0,0.0
001008_lcam_front_lidar.ply/001008_lcam_front_lidar.ply,0.1,800,0.9,0.0714,-0.01,1009,0.0,0.0,0.0
001009_lcam_front_lidar.ply/001009_lcam_front_lidar.ply,0.1,800,0.9,0.08768,-0.01,1010,0.0,0.0,0.0
001010_lcam_front_lidar.ply/001010_lcam_front_lidar.ply,0.1,800,0.9,0.09023,0.16411,1011,0.04603,0.99999,0.04384
001011_lcam_front_lidar.ply/001011_lcam_front_lidar.ply,0.1,800,0.9,0.08505,-0.18411,1012,0.0,0.0,0.0
001012_lcam_front_lidar.ply/001012_lcam_front_lidar.ply,0.1,800,0.9,0.07896,-0.01,1013,0.0,0.0,0.0
001013_lcam_front_lidar.ply/001013_lcam_front_lidar.ply,0.1,800,0.9,0.08094,-0.01,1014,0.0,0.0,0.0
001014_lcam_front_lidar.ply/001014_lcam_front_lidar.ply,0.1,800,0.9,0.11127,-0.01,1015,0.0,0.0,0.0
001015_lcam_front_lidar.ply/001015_lcam_front_lidar.ply,0.1,800,0.9,0.08982,0.0381,1016,0.09319,0.01991,0.09615
001016_lcam_front_lidar.ply/001016_lcam_front_lidar.ply,0.1,800,0.9,0.07955,-0.0581,1017,0.0,0.0,0.0
001017_lcam_front_lidar.ply/001017_lcam_front_lidar.ply,0.1,800,0.9,0.07908,0.03995,1018,0.09632,0.01531,0.09733
001018_lcam_front_lidar.ply/001018_lcam_front_lidar.ply,0.1,800,0.9,0.0845,-0.00872,1019,0.09565,0.02496,0.09633
001019_lcam_front_lidar.ply/001019_lcam_front_lidar.ply,0.1,800,0.9,0.08506,-0.00868,1020,0.09935,0.01692,0.09867
001020_lcam_front_lidar.ply/001020_lcam_front_lidar.ply,0.1,800,0.9,0.09579,-0.00802,1021,0.1017,0.00988,0.09729
001021_lcam_front_lidar.ply/001021_lcam_front_lidar.ply,0.1,800,0.9,0.10733,-0.00689,1022,0.10643,0.00542,0.09919
001022_lcam_front_lidar.ply/001022_lcam_front_lidar.ply,0.1,800,0.9,0.07852,-0.01097,1023,0.10424,0.01269,0.09895
001023_lcam_front_lidar.ply/001023_lcam_front_lidar.ply,0.1,800,0.9,0.07269,-0.00799,1024,0.10347,0.0249,0.09704
001024_lcam_front_lidar.ply/001024_lcam_front_lidar.ply,0.1,800,0.9,0.06687,-0.00447,1025,0.11027,0.02073,0.09834
001025_lcam_front_lidar.ply/001025_lcam_front_lidar.ply,0.1,800,0.9,0.08264,-0.07421,1026,0.0,0.0,0.0
001026_lcam_front_lidar.ply/001026_lcam_front_lidar.ply,0.1,800,0.9,0.08496,0.06638,1027,0.1249,0.01164,0.10053
001027_lcam_front_lidar.ply/001027_lcam_front_lidar.ply,0.1,800,0.9,0.05948,-0.02009,1028,0.06731,0.03605,0.01287
001028_lcam_front_lidar.ply/001028_lcam_front_lidar.ply,0.1,800,0.9,0.06455,0.0094,1029,0.13433,0.00698,0.09938
001029_lcam_front_lidar.ply/001029_lcam_front_lidar.ply,0.1,800,0.9,0.07664,-0.00524,1030,0.13883,0.00777,0.0991
001030_lcam_front_lidar.ply/001030_lcam_front_lidar.ply,0.1,800,0.9,0.06514,-0.00414,1031,0.14132,0.01633,0.09493
001031_lcam_front_lidar.ply/001031_lcam_front_lidar.ply,0.1,800,0.9,0.06986,-0.00403,1032,0.14748,0.01407,0.09465
001032_lcam_front_lidar.ply/001032_lcam_front_lidar.ply,0.1,800,0.9,0.07096,-0.00949,1033,0.14874,0.01182,0.09545
001033_lcam_front_lidar.ply/001033_lcam_front_lidar.ply,0.1,800,0.9,0.05927,-0.01026,1034,0.14844,0.01579,0.09656
001034_lcam_front_lidar.ply/001034_lcam_front_lidar.ply,0.1,800,0.9,0.09935,-0.00727,1035,0.14891,0.02343,0.09432
001035_lcam_front_lidar.ply/001035_lcam_front_lidar.ply,0.1,800,0.9,0.06509,-0.00786,1036,0.15249,0.01784,0.09553
001036_lcam_front_lidar.ply/001036_lcam_front_lidar.ply,0.1,800,0.9,0.07549,-0.0136,1037,0.14849,0.02048,0.09554
001037_lcam_front_lidar.ply/001037_lcam_front_lidar.ply,0.1,800,0.9,0.05565,-0.00896,1038,0.1458,0.03921,0.09369
001038_lcam_front_lidar.ply/001038_lcam_front_lidar.ply,0.1,800,0.9,0.06342,-0.01295,1039,0.14644,0.02246,0.09585
001039_lcam_front_lidar.ply/001039_lcam_front_lidar.ply,0.1,800,0.9,0.06919,-0.01051,1040,0.14637,0.02173,0.09652
001040_lcam_front_lidar.ply/001040_lcam_front_lidar.ply,0.1,800,0.9,0.05965,-0.01099,1041,0.14418,0.02764,0.0959
001041_lcam_front_lidar.ply/001041_lcam_front_lidar.ply,0.1,800,0.9,0.06298,-0.01575,1042,0.13886,0.02209,0.09509
001042_lcam_front_lidar.ply/001042_lcam_front_lidar.ply,0.1,800,0.9,0.07468,-0.00495,1043,0.13498,0.06241,0.08933
001043_lcam_front_lidar.ply/001043_lcam_front_lidar.ply,0.1,800,0.9,0.05906,-0.01033,1044,0.14228,0.03124,0.09524
001044_lcam_front_lidar.ply/001044_lcam_front_lidar.ply,0.1,800,0.9,0.06561,-0.01741,1045,0.13572,0.02039,0.09369
001045_lcam_front_lidar.ply/001045_lcam_front_lidar.ply,0.1,800,0.9,0.07115,-0.01129,1046,0.1335,0.02414,0.09296
001046_lcam_front_lidar.ply/001046_lcam_front_lidar.ply,0.1,800,0.9,0.07344,-0.00739,1047,0.13478,0.03897,0.09474
001047_lcam_front_lidar.ply/001047_lcam_front_lidar.ply,0.1,800,0.9,0.07075,-0.01404,1048,0.12964,0.03766,0.09215
001048_lcam_front_lidar.ply/001048_lcam_front_lidar.ply,0.1,800,0.9,0.05797,0.04761,1049,0.00064,0.97469,4e-05
001049_lcam_front_lidar.ply/001049_lcam_front_lidar.ply,0.1,800,0.9,0.0675,-0.09088,1050,0.08891,0.05534,0.06255
001050_lcam_front_lidar.ply/001050_lcam_front_lidar.ply,0.1,800,0.9,0.10685,0.00612,1051,0.1261,0.02644,0.09601
001051_lcam_front_lidar.ply/001051_lcam_front_lidar.ply,0.1,800,0.9,0.07314,-0.00817,1052,0.12743,0.02562,0.09479
001052_lcam_front_lidar.ply/001052_lcam_front_lidar.ply,0.1,800,0.9,0.06768,-0.00636,1053,0.12995,0.02533,0.09245
001053_lcam_front_lidar.ply/001053_lcam_front_lidar.ply,0.1,800,0.9,0.10238,-0.01772,1054,0.12073,0.02868,0.09048
001054_lcam_front_lidar.ply/001054_lcam_front_lidar.ply,0.1,800,0.9,0.08257,-0.0005,1055,0.12674,0.04349,0.08793
001055_lcam_front_lidar.ply/001055_lcam_front_lidar.ply,0.1,800,0.9,0.06709,-0.01449,1056,0.12515,0.03526,0.09128
001056_lcam_front_lidar.ply/001056_lcam_front_lidar.ply,0.1,800,0.9,0.05938,-0.00897,1057,0.12711,0.02891,0.09123
001057_lcam_front_lidar.ply/001057_lcam_front_lidar.ply,0.1,800,0.9,0.06907,-0.01548,1058,0.12226,0.02713,0.09195
001058_lcam_front_lidar.ply/001058_lcam_front_lidar.ply,0.1,800,0.9,0.08743,0.06065,1059,0.00116,0.99912,7e-05
001059_lcam_front_lidar.ply/001059_lcam_front_lidar.ply,0.1,800,0.9,0.14189,-0.07949,1060,0.11469,0.07188,0.08794
001060_lcam_front_lidar.ply/001060_lcam_front_lidar.ply,0.1,800,0.9,0.07345,0.00751,1061,0.11834,0.01054,0.0418
001061_lcam_front_lidar.ply/001061_lcam_front_lidar.ply,0.1,800,0.9,0.08119,-1e-05,1062,0.12784,0.01106,0.04098
001062_lcam_front_lidar.ply/001062_lcam_front_lidar.ply,0.1,800,0.9,0.07531,-0.01241,1063,0.12378,0.01643,0.03928
001063_lcam_front_lidar.ply/001063_lcam_front_lidar.ply,0.1,800,0.9,0.10798,-0.00654,1064,0.12775,0.01392,0.03956
001064_lcam_front_lidar.ply/001064_lcam_front_lidar.ply,0.1,800,0.9,0.0759,-0.0047,1065,0.13354,0.01577,0.0411
001065_lcam_front_lidar.ply/001065_lcam_front_lidar.ply,0.1,800,0.9,0.07923,-0.00194,1066,0.14104,0.01506,0.03977
001066_lcam_front_lidar.ply/001066_lcam_front_lidar.ply,0.1,800,0.9,0.08963,-0.00515,1067,0.14592,0.01658,0.04027
001067_lcam_front_lidar.ply/001067_lcam_front_lidar.ply,0.1,800,0.9,0.07142,-0.0,1068,0.15572,0.01496,0.03941
001068_lcam_front_lidar.ply/001068_lcam_front_lidar.ply,0.1,800,0.9,0.07107,0.00063,1069,0.16688,0.01618,0.04083
001069_lcam_front_lidar.ply/001069_lcam_front_lidar.ply,0.1,800,0.9,0.07655,-0.00354,1070,0.17289,0.01927,0.04087
001070_lcam_front_lidar.ply/001070_lcam_front_lidar.ply,0.1,800,0.9,0.07835,-0.00286,1071,0.18049,0.02243,0.04272
001071_lcam_front_lidar.ply/001071_lcam_front_lidar.ply,0.1,800,0.9,0.07914,-0.00301,1072,0.18695,0.02176,0.04146
001072_lcam_front_lidar.ply/001072_lcam_front_lidar.ply,0.1,800,0.9,0.06264,-0.00806,1073,0.18962,0.02299,0.04329
001073_lcam_front_lidar.ply/001073_lcam_front_lidar.ply,0.1,800,0.9,0.07754,-0.00182,1074,0.19744,0.02259,0.04247
001074_lcam_front_lidar.ply/001074_lcam_front_lidar.ply,0.1,800,0.9,0.07155,-0.00349,1075,0.20382,0.01888,0.0411
001075_lcam_front_lidar.ply/001075_lcam_front_lidar.ply,0.1,800,0.9,0.05803,-0.00583,1076,0.20847,0.02064,0.04259
001076_lcam_front_lidar.ply/001076_lcam_front_lidar.ply,0.1,800,0.9,0.08621,0.00141,1077,0.21922,0.02152,0.04154
001077_lcam_front_lidar.ply/001077_lcam_front_lidar.ply,0.1,800,0.9,0.07326,-0.00589,1078,0.22337,0.0224,0.04189
001078_lcam_front_lidar.ply/001078_lcam_front_lidar.ply,0.1,800,0.9,0.07678,-0.00621,1079,0.22791,0.02504,0.04418
001079_lcam_front_lidar.ply/001079_lcam_front_lidar.ply,0.1,800,0.9,0.06766,-0.00423,1080,0.23413,0.01832,0.04309
001080_lcam_front_lidar.ply/001080_lcam_front_lidar.ply,0.1,800,0.9,0.08167,-0.00583,1081,0.2378,0.02313,0.04353
001081_lcam_front_lidar.ply/001081_lcam_front_lidar.ply,0.1,800,0.9,0.09282,-0.00704,1082,0.24165,0.02505,0.04587
001082_lcam_front_lidar.ply/001082_lcam_front_lidar.ply,0.1,800,0.9,0.07429,-0.00295,1083,0.24782,0.01959,0.04248
001083_lcam_front_lidar.ply/001083_lcam_front_lidar.ply,0.1,800,0.9,0.07894,-0.01237,1084,0.24576,0.0171,0.04236
001084_lcam_front_lidar.ply/001084_lcam_front_lidar.ply,0.1,800,0.9,0.05915,-0.00857,1085,0.24764,0.01654,0.0431
001085_lcam_front_lidar.ply/001085_lcam_front_lidar.ply,0.1,800,0.9,0.06965,-0.00805,1086,0.24978,0.01581,0.04325
001086_lcam_front_lidar.ply/001086_lcam_front_lidar.ply,0.1,800,0.9,0.07218,-0.00804,1087,0.25138,0.01845,0.04333
001087_lcam_front_lidar.ply/001087_lcam_front_lidar.ply,0.1,800,0.9,0.0648,-0.01142,1088,0.25032,0.0177,0.04382
001088_lcam_front_lidar.ply/001088_lcam_front_lidar.ply,0.1,800,0.9,0.05153,-0.00773,1089,0.25348,0.01588,0.04506
001089_lcam_front_lidar.ply/001089_lcam_front_lidar.ply,0.1,800,0.9,0.08333,-0.00869,1090,0.25532,0.01519,0.04592
001090_lcam_front_lidar.ply/001090_lcam_front_lidar.ply,0.1,800,0.9,0.06477,-0.01146,1091,0.2544,0.01464,0.04683
001091_lcam_front_lidar.ply/001091_lcam_front_lidar.ply,0.1,800,0.9,0.06315,-0.01022,1092,0.25432,0.01706,0.04784
001092_lcam_front_lidar.ply/001092_lcam_front_lidar.ply,0.1,800,0.9,0.06684,-0.00835,1093,0.25572,0.0162,0.0471
001093_lcam_front_lidar.ply/001093_lcam_front_lidar.ply,0.1,800,0.9,0.06608,-0.01216,1094,0.25406,0.01614,0.04807
001094_lcam_front_lidar.ply/001094_lcam_front_lidar.ply,0.1,800,0.9,0.05556,-0.01097,1095,0.25356,0.01427,0.04844
001095_lcam_front_lidar.ply/001095_lcam_front_lidar.ply,0.1,800,0.9,0.07168,-0.0103,1096,0.2516,0.01335,0.04484
001096_lcam_front_lidar.ply/001096_lcam_front_lidar.ply,0.1,800,0.9,0.06358,-0.00577,1097,0.2558,0.01168,0.04427
001097_lcam_front_lidar.ply/001097_lcam_front_lidar.ply,0.1,800,0.9,0.07691,-0.01699,1098,0.24881,0.01305,0.04469
001098_lcam_front_lidar.ply/001098_lcam_front_lidar.ply,0.1,800,0.9,0.06673,-0.01447,1099,0.24459,0.01287,0.04512
001099_lcam_front_lidar.ply/001099_lcam_front_lidar.ply,0.1,800,0.9,0.06564,-0.00975,1100,0.24448,0.01324,0.0445
001100_lcam_front_lidar.ply/001100_lcam_front_lidar.ply,0.1,800,0.9,0.07175,-0.01754,1101,0.23681,0.0138,0.04442
001101_lcam_front_lidar.ply/001101_lcam_front_lidar.ply,0.1,800,0.9,0.06343,-0.01577,1102,0.23052,0.01389,0.0434
001102_lcam_front_lidar.ply/001102_lcam_front_lidar.ply,0.1,800,0.9,0.06336,-0.01168,1103,0.22849,0.0126,0.0423
001103_lcam_front_lidar.ply/001103_lcam_front_lidar.ply,0.1,800,0.9,0.06897,-0.00946,1104,0.22833,0.01265,0.04092
001104_lcam_front_lidar.ply/001104_lcam_front_lidar.ply,0.1,800,0.9,0.06799,-0.01116,1105,0.22731,0.01262,0.0412
001105_lcam_front_lidar.ply/001105_lcam_front_lidar.ply,0.1,800,0.9,0.08857,-0.01009,1106,0.22712,0.01509,0.04174
001106_lcam_front_lidar.ply/001106_lcam_front_lidar.ply,0.1,800,0.9,0.07305,-0.0167,1107,0.22085,0.01446,0.04242
001107_lcam_front_lidar.ply/001107_lcam_front_lidar.ply,0.1,800,0.9,0.07447,-0.01038,1108,0.22028,0.01938,0.04351
001108_lcam_front_lidar.ply/001108_lcam_front_lidar.ply,0.1,800,0.9,0.07683,-0.01948,1109,0.21055,0.01854,0.04277
001109_lcam_front_lidar.ply/001109_lcam_front_lidar.ply,0.1,800,0.9,0.07639,-0.01412,1110,0.20639,0.0167,0.04213
001110_lcam_front_lidar.ply/001110_lcam_front_lidar.ply,0.1,800,0.9,0.08839,-0.01227,1111,0.20341,0.01984,0.04165
001111_lcam_front_lidar.ply/001111_lcam_front_lidar.ply,0.1,800,0.9,0.07639,-0.01795,1112,0.19538,0.01953,0.0414
001112_lcam_front_lidar.ply/001112_lcam_front_lidar.ply,0.1,800,0.9,0.07317,-0.01696,1113,0.18895,0.02332,0.04359
001113_lcam_front_lidar.ply/001113_lcam_front_lidar.ply,0.1,800,0.9,0.07946,-0.01456,1114,0.18461,0.02593,0.04482
001114_lcam_front_lidar.ply/001114_lcam_front_lidar.ply,0.1,800,0.9,0.07384,-0.01611,1115,0.17761,0.0232,0.04221
001115_lcam_front_lidar.ply/001115_lcam_front_lidar.ply,0.1,800,0.9,0.14177,-0.01246,1116,0.17513,0.0199,0.04119
001116_lcam_front_lidar.ply/001116_lcam_front_lidar.ply,0.1,800,0.9,0.07869,-0.01705,1117,0.16799,0.01642,0.03996
001117_lcam_front_lidar.ply/001117_lcam_front_lidar.ply,0.1,800,0.9,0.08219,-0.02266,1118,0.15482,0.01405,0.03824
001118_lcam_front_lidar.ply/001118_lcam_front_lidar.ply,0.1,800,0.9,0.08238,-0.02065,1119,0.1438,0.01442,0.0376
001119_lcam_front_lidar.ply/001119_lcam_front_lidar.ply,0.1,800,0.9,0.08437,-0.01723,1120,0.13704,0.0116,0.03768
001120_lcam_front_lidar.ply/001120_lcam_front_lidar.ply,0.1,800,0.9,0.10219,-0.02093,1121,0.1273,0.01389,0.04074
001121_lcam_front_lidar.ply/001121_lcam_front_lidar.ply,0.1,800,0.9,0.07647,-0.02255,1122,0.11425,0.01339,0.03959
001122_lcam_front_lidar.ply/001122_lcam_front_lidar.ply,0.1,800,0.9,0.08761,-0.00506,1123,0.11833,0.01269,0.03765
001123_lcam_front_lidar.ply/001123_lcam_front_lidar.ply,0.1,800,0.9,0.0824,-0.02331,1124,0.12818,0.03347,0.09021
001124_lcam_front_lidar.ply/001124_lcam_front_lidar.ply,0.1,800,0.9,0.0803,-0.0113,1125,0.12623,0.03618,0.08972
001125_lcam_front_lidar.ply/001125_lcam_front_lidar.ply,0.1,800,0.9,0.07245,-0.00556,1126,0.13233,0.02477,0.0896
001126_lcam_front_lidar.ply/001126_lcam_front_lidar.ply,0.1,800,0.9,0.07392,-0.01035,1127,0.13321,0.01952,0.09049
001127_lcam_front_lidar.ply/001127_lcam_front_lidar.ply,0.1,800,0.9,0.0726,-0.02591,1128,0.09243,0.00701,0.03702
001128_lcam_front_lidar.ply/001128_lcam_front_lidar.ply,0.1,800,0.9,0.07508,0.0093,1129,0.13595,0.02314,0.0903
001129_lcam_front_lidar.ply/001129_lcam_front_lidar.ply,0.1,800,0.9,0.08164,-0.00578,1130,0.1409,0.026,0.09262
001130_lcam_front_lidar.ply/001130_lcam_front_lidar.ply,0.1,800,0.9,0.06482,-0.00916,1131,0.14061,0.03064,0.09177
001131_lcam_front_lidar.ply/001131_lcam_front_lidar.ply,0.1,800,0.9,0.07233,-0.01517,1132,0.13718,0.02629,0.09394
001132_lcam_front_lidar.ply/001132_lcam_front_lidar.ply,0.1,800,0.9,0.09129,-0.00195,1133,0.1434,0.02852,0.09094
001133_lcam_front_lidar.ply/001133_lcam_front_lidar.ply,0.1,800,0.9,0.09623,-0.00792,1134,0.14442,0.03644,0.0912
001134_lcam_front_lidar.ply/001134_lcam_front_lidar.ply,0.1,800,0.9,0.07739,-0.01094,1135,0.14379,0.03506,0.09141
001135_lcam_front_lidar.ply/001135_lcam_front_lidar.ply,0.1,800,0.9,0.07505,-0.02007,1136,0.13642,0.02184,0.09284
001136_lcam_front_lidar.ply/001136_lcam_front_lidar.ply,0.1,800,0.9,0.07385,-0.00682,1137,0.13901,0.02751,0.09336
001137_lcam_front_lidar.ply/001137_lcam_front_lidar.ply,0.1,800,0.9,0.08452,-0.00426,1138,0.14193,0.04263,0.09225
001138_lcam_front_lidar.ply/001138_lcam_front_lidar.ply,0.1,800,0.9,0.05899,-0.01215,1139,0.13755,0.0529,0.09089
001139_lcam_front_lidar.ply/001139_lcam_front_lidar.ply,0.1,800,0.9,0.05652,-0.01562,1140,0.13822,0.02871,0.09621
001140_lcam_front_lidar.ply/001140_lcam_front_lidar.ply,0.1,800,0.9,0.06469,-0.00546,1141,0.14129,0.03172,0.09418
001141_lcam_front_lidar.ply/001141_lcam_front_lidar.ply,0.1,800,0.9,0.08125,-0.01343,1142,0.14083,0.01838,0.09612
001142_lcam_front_lidar.ply/001142_lcam_front_lidar.ply,0.1,800,0.9,0.07318,-0.0088,1143,0.14316,0.01656,0.09783
001143_lcam_front_lidar.ply/001143_lcam_front_lidar.ply,0.1,800,0.9,0.06085,-0.00873,1144,0.14276,0.01922,0.09528
001144_lcam_front_lidar.ply/001144_lcam_front_lidar.ply,0.1,800,0.9,0.08055,-0.01219,1145,0.1428,0.01313,0.09791
001145_lcam_front_lidar.ply/001145_lcam_front_lidar.ply,0.1,800,0.9,0.06783,-0.00658,1146,0.14686,0.01943,0.10109
001146_lcam_front_lidar.ply/001146_lcam_front_lidar.ply,0.1,800,0.9,0.05705,-0.01364,1147,0.1424,0.01627,0.09852
001147_lcam_front_lidar.ply/001147_lcam_front_lidar.ply,0.1,800,0.9,0.06776,-0.01098,1148,0.14283,0.01382,0.1006
001148_lcam_front_lidar.ply/001148_lcam_front_lidar.ply,0.1,800,0.9,0.06283,0.02438,1149,0.00224,0.88216,0.01115
001149_lcam_front_lidar.ply/001149_lcam_front_lidar.ply,0.1,800,0.9,0.08281,-0.07112,1150,0.06957,0.03363,0.01348
001150_lcam_front_lidar.ply/001150_lcam_front_lidar.ply,0.1,800,0.9,0.06496,0.00115,1151,0.12661,0.01211,0.09882
001151_lcam_front_lidar.ply/001151_lcam_front_lidar.ply,0.1,800,0.9,0.07682,-0.0181,1152,0.11888,0.00691,0.09799
001152_lcam_front_lidar.ply/001152_lcam_front_lidar.ply,0.1,800,0.9,0.08615,-0.01548,1153,0.11154,0.02236,0.0989
001153_lcam_front_lidar.ply/001153_lcam_front_lidar.ply,0.1,800,0.9,0.08235,-0.01747,1154,0.10573,0.01153,0.09896
001154_lcam_front_lidar.ply/001154_lcam_front_lidar.ply,0.1,800,0.9,0.09437,-0.01342,1155,0.10223,0.01,0.09834
001155_lcam_front_lidar.ply/001155_lcam_front_lidar.ply,0.1,800,0.9,0.07433,-0.00475,1156,0.10593,0.01679,0.09729
001156_lcam_front_lidar.ply/001156_lcam_front_lidar.ply,0.1,800,0.9,0.07676,-0.00452,1157,0.11134,0.01622,0.09696
001157_lcam_front_lidar.ply/001157_lcam_front_lidar.ply,0.1,800,0.9,0.08522,-0.00484,1158,0.11845,0.01209,0.09963
001158_lcam_front_lidar.ply/001158_lcam_front_lidar.ply,0.1,800,0.9,0.08968,-0.00937,1159,0.11816,0.0175,0.09941
001159_lcam_front_lidar.ply/001159_lcam_front_lidar.ply,0.1,800,0.9,0.11559,0.09784,1160,0.04681,0.99988,0.03574
001160_lcam_front_lidar.ply/001160_lcam_front_lidar.ply,0.1,800,0.9,0.07025,-0.18892,1161,0.0,0.0,0.0
001161_lcam_front_lidar.ply/001161_lcam_front_lidar.ply,0.1,800,0.9,0.08105,-0.01,1162,0.0,0.0,0.0
001162_lcam_front_lidar.ply/001162_lcam_front_lidar.ply,0.1,800,0.9,0.0848,0.15579,1163,0.02982,0.99994,0.02804
001163_lcam_front_lidar.ply/001163_lcam_front_lidar.ply,0.1,800,0.9,0.10028,0.00943,1164,0.05049,0.99999,0.03054
001164_lcam_front_lidar.ply/001164_lcam_front_lidar.ply,0.1,800,0.9,0.11142,-0.00652,1165,0.0524,0.99999,0.02739
001165_lcam_front_lidar.ply/001165_lcam_front_lidar.ply,0.1,800,0.9,0.096,-0.1987,1166,0.0,0.0,0.0
001166_lcam_front_lidar.ply/001166_lcam_front_lidar.ply,0.1,800,0.9,0.1147,0.17595,1167,0.04987,0.99999,0.02783
001167_lcam_front_lidar.ply/001167_lcam_front_lidar.ply,0.1,800,0.9,0.10902,-0.0172,1168,0.04222,0.99998,0.02693
001168_lcam_front_lidar.ply/001168_lcam_front_lidar.ply,0.1,800,0.9,0.11614,-0.00504,1169,0.0473,0.99998,0.02719
001169_lcam_front_lidar.ply/001169_lcam_front_lidar.ply,0.1,800,0.9,0.0993,-0.00834,1170,0.04422,0.99996,0.01768
001170_lcam_front_lidar.ply/001170_lcam_front_lidar.ply,0.1,800,0.9,0.151,-0.00569,1171,0.05449,0.99993,0.02959
001171_lcam_front_lidar.ply/001171_lcam_front_lidar.ply,0.1,800,0.9,0.1149,-0.02195,1172,0.036,0.99996,0.01652
001172_lcam_front_lidar.ply/001172_lcam_front_lidar.ply,0.1,800,0.9,0.14864,-0.00518,1173,0.04974,0.99995,0.03435
001173_lcam_front_lidar.ply/001173_lcam_front_lidar.ply,0.1,800,0.9,0.11961,-0.01272,1174,0.04587,0.99995,0.03205
001174_lcam_front_lidar.ply/001174_lcam_front_lidar.ply,0.1,800,0.9,0.14787,-0.01309,1175,0.04409,0.99999,0.03469
001175_lcam_front_lidar.ply/001175_lcam_front_lidar.ply,0.1,800,0.9,0.10766,-0.00951,1176,0.04267,0.99998,0.03087
001176_lcam_front_lidar.ply/001176_lcam_front_lidar.ply,0.1,800,0.9,0.12864,-0.00655,1177,0.04696,0.99999,0.03254
001177_lcam_front_lidar.ply/001177_lcam_front_lidar.ply,0.1,800,0.9,0.09308,-0.0199,1178,0.03606,0.99999,0.03054
001178_lcam_front_lidar.ply/001178_lcam_front_lidar.ply,0.1,800,0.9,0.12925,-0.15936,1179,0.05757,0.01056,0.07547
001179_lcam_front_lidar.ply/001179_lcam_front_lidar.ply,0.1,800,0.9,0.09839,-0.03142,1180,0.0,0.0,0.0
001180_lcam_front_lidar.ply/001180_lcam_front_lidar.ply,0.1,800,0.9,0.09883,-0.01,1181,0.0,0.0,0.0
001181_lcam_front_lidar.ply/001181_lcam_front_lidar.ply,0.1,800,0.9,0.09737,-0.01,1182,0.0,0.0,0.0
