frame_id,epsilon,min_support,normal_threshold,runtime,reward,steps_used,inlier_ratio,plane_normal,residual
Data_omni/000000_lcam_front_lidar.ply,0.2,800,0.8,0.07962,0.13847,1,0.06084,0.99944,0.12457
Data_omni/000001_lcam_front_lidar.ply,0.2,800,0.8,0.07569,-0.01169,1,0.05549,0.99941,0.11434
Data_omni/000002_lcam_front_lidar.ply,0.2,800,0.8,0.10355,-0.00856,1,0.07148,0.99799,0.13964
Data_omni/000003_lcam_front_lidar.ply,0.2,800,0.8,0.1056,-0.01593,1,0.0759,0.99771,0.16357
Data_omni/000004_lcam_front_lidar.ply,0.2,800,0.8,0.10358,0.00028,1,0.08964,0.99892,0.15908
Data_omni/000005_lcam_front_lidar.ply,0.2,800,0.8,0.12173,-0.05206,1,0.01645,0.9591,0.10507
Data_omni/000006_lcam_front_lidar.ply,0.2,800,0.8,0.09575,-0.03859,1,0.04161,0.98937,0.14948
Data_omni/000007_lcam_front_lidar.ply,0.2,800,0.8,0.13232,-0.0008,1,0.08325,0.99926,0.15107
Data_omni/000008_lcam_front_lidar.ply,0.2,800,0.8,0.10039,0.01447,1,0.10881,0.99942,0.16872
Data_omni/000009_lcam_front_lidar.ply,0.2,800,0.8,0.14028,0.0218,1,0.10465,0.99956,0.14575
Data_omni/000010_lcam_front_lidar.ply,0.2,800,0.8,0.09272,-0.05427,1,0.01768,0.97713,0.11718
Data_omni/000011_lcam_front_lidar.ply,0.2,800,0.8,0.11126,-0.06663,1,0.01688,0.98882,0.15054
Data_omni/000012_lcam_front_lidar.ply,0.2,800,0.8,0.10511,-0.01182,1,0.07421,0.99929,0.1552
Data_omni/000013_lcam_front_lidar.ply,0.2,800,0.8,0.11516,-0.00326,1,0.07849,0.99927,0.1435
Data_omni/000014_lcam_front_lidar.ply,0.2,800,0.8,0.11175,-0.06469,1,0.01216,0.96605,0.12374
Data_omni/000015_lcam_front_lidar.ply,0.2,800,0.8,0.10192,-0.08509,1,0.03875,0.99427,0.23615
Data_omni/000016_lcam_front_lidar.ply,0.2,800,0.8,0.11445,-0.07217,1,0.03277,0.99609,0.19043
Data_omni/000017_lcam_front_lidar.ply,0.2,800,0.8,0.10801,-0.07493,1,0.00966,0.98018,0.14441
Data_omni/000018_lcam_front_lidar.ply,0.2,800,0.8,0.12281,-0.1034,1,0.0397,0.99283,0.27
Data_omni/000019_lcam_front_lidar.ply,0.2,800,0.8,0.11585,-0.07893,1,0.01603,0.99837,0.17158
Data_omni/000020_lcam_front_lidar.ply,0.2,800,0.8,0.11369,-0.08401,1,0.04779,0.89589,0.21287
Data_omni/000021_lcam_front_lidar.ply,0.2,800,0.8,0.10589,-0.07851,1,0.05074,0.88514,0.23528
Data_omni/000022_lcam_front_lidar.ply,0.2,800,0.8,0.11987,0.05236,1,0.12614,0.99964,0.1619
Data_omni/000023_lcam_front_lidar.ply,0.2,800,0.8,0.1494,0.03716,1,0.13412,0.99987,0.17399
Data_omni/000024_lcam_front_lidar.ply,0.2,800,0.8,0.12164,0.03321,1,0.13091,0.99983,0.17538
Data_omni/000025_lcam_front_lidar.ply,0.2,800,0.8,0.1159,0.0443,1,0.13237,0.99985,0.15613
Data_omni/000026_lcam_front_lidar.ply,0.2,800,0.8,0.10899,-0.09227,1,0.03421,0.81359,0.17709
Data_omni/000027_lcam_front_lidar.ply,0.2,800,0.8,0.12452,0.0687,1,0.14127,0.99969,0.18097
Data_omni/000028_lcam_front_lidar.ply,0.2,800,0.8,0.18474,-0.01864,1,0.02477,0.98221,0.06158
Data_omni/000029_lcam_front_lidar.ply,0.2,800,0.8,0.11884,0.03763,1,0.13369,0.99986,0.17741
Data_omni/000030_lcam_front_lidar.ply,0.2,800,0.8,0.13324,-0.08743,1,0.03917,0.8595,0.19108
Data_omni/000031_lcam_front_lidar.ply,0.2,800,0.8,0.11463,0.06052,1,0.13074,0.99982,0.16253
Data_omni/000032_lcam_front_lidar.ply,0.2,800,0.8,0.12815,-0.02831,1,0.04743,0.99847,0.13107
Data_omni/000033_lcam_front_lidar.ply,0.2,800,0.8,0.11893,0.05127,1,0.13816,0.99985,0.15419
Data_omni/000034_lcam_front_lidar.ply,0.2,800,0.8,0.118,0.04245,1,0.14568,0.99983,0.18646
Data_omni/000035_lcam_front_lidar.ply,0.2,800,0.8,0.1318,-0.11208,1,0.03736,0.80907,0.22166
Data_omni/000036_lcam_front_lidar.ply,0.2,800,0.8,0.11676,0.07607,1,0.13891,0.99975,0.16288
Data_omni/000037_lcam_front_lidar.ply,0.2,800,0.8,0.12161,-0.09289,1,0.05108,0.82077,0.21424
Data_omni/000038_lcam_front_lidar.ply,0.2,800,0.8,0.12104,0.08271,1,0.14699,0.99965,0.16223
Data_omni/000039_lcam_front_lidar.ply,0.2,800,0.8,0.11922,0.0489,1,0.13571,0.9997,0.15364
Data_omni/000040_lcam_front_lidar.ply,0.2,800,0.8,0.11454,0.04381,1,0.14039,0.99991,0.17322
Data_omni/000041_lcam_front_lidar.ply,0.25,800,0.8,0.13738,-0.10446,1,0.003,0.90012,0.16498
Data_omni/000042_lcam_front_lidar.ply,0.2,800,0.8,0.12797,0.0659,1,0.13865,0.99958,0.15533
Data_omni/000043_lcam_front_lidar.ply,0.2,800,0.8,0.15228,0.05626,1,0.15292,0.99988,0.1734
Data_omni/000044_lcam_front_lidar.ply,0.2,800,0.8,0.11921,-0.09763,1,0.04019,0.83288,0.20554
Data_omni/000045_lcam_front_lidar.ply,0.25,800,0.8,0.14712,-0.03787,1,0.00753,0.97527,0.11351
Data_omni/000046_lcam_front_lidar.ply,0.2,800,0.8,0.15635,-0.07514,1,0.04791,0.88686,0.19959
Data_omni/000047_lcam_front_lidar.ply,0.2,800,0.8,0.1306,0.06646,1,0.14449,0.99976,0.16994
Data_omni/000048_lcam_front_lidar.ply,0.25,800,0.8,0.14143,-0.06254,1,0.00737,0.97244,0.11163
Data_omni/000049_lcam_front_lidar.ply,0.2,800,0.8,0.135,-0.08677,1,0.04209,0.82316,0.19295
Data_omni/000050_lcam_front_lidar.ply,0.2,800,0.8,0.10353,-0.05296,1,0.04864,0.88232,0.20095
Data_omni/000051_lcam_front_lidar.ply,0.25,800,0.8,0.15432,-0.02798,1,0.00306,0.99981,0.07734
Data_omni/000052_lcam_front_lidar.ply,0.25,800,0.8,0.14845,-0.07256,1,0.00868,0.98444,0.13786
Data_omni/000053_lcam_front_lidar.ply,0.25,800,0.8,0.13018,-0.07662,1,0.01058,0.9882,0.15554
Data_omni/000054_lcam_front_lidar.ply,0.25,800,0.8,0.12892,-0.07043,1,0.0116,0.99074,0.14482
Data_omni/000055_lcam_front_lidar.ply,0.25,800,0.8,0.13087,0.04432,1,0.14864,0.99978,0.19136
Data_omni/000056_lcam_front_lidar.ply,0.25,800,0.8,0.13589,0.05224,1,0.15256,0.99979,0.18064
Data_omni/000057_lcam_front_lidar.ply,0.25,800,0.8,0.1389,0.04621,1,0.14909,0.99984,0.18578
Data_omni/000058_lcam_front_lidar.ply,0.25,800,0.8,0.14863,-0.10619,1,0.01076,0.98933,0.21075
Data_omni/000059_lcam_front_lidar.ply,0.25,800,0.8,0.13775,-0.09107,1,0.02871,0.90958,0.19563
Data_omni/000060_lcam_front_lidar.ply,0.25,800,0.8,0.18131,0.06657,1,0.15927,0.99985,0.19247
Data_omni/000061_lcam_front_lidar.ply,0.25,800,0.8,0.1473,0.06415,1,0.16041,0.99994,0.17256
Data_omni/000062_lcam_front_lidar.ply,0.2,800,0.8,0.19627,0.06453,1,0.14284,0.99967,0.13654
Data_omni/000063_lcam_front_lidar.ply,0.25,800,0.8,0.15033,0.03898,1,0.16414,0.99998,0.2304
Data_omni/000064_lcam_front_lidar.ply,0.2,800,0.8,0.2018,0.05069,1,0.14946,0.99995,0.17754
Data_omni/000065_lcam_front_lidar.ply,0.25,800,0.8,0.13867,0.03688,1,0.15144,0.99996,0.20912
Data_omni/000066_lcam_front_lidar.ply,0.25,800,0.8,0.21113,0.03017,1,0.13898,0.99997,0.19762
Data_omni/000067_lcam_front_lidar.ply,0.25,800,0.8,0.15974,0.04479,1,0.13847,0.99992,0.16735
Data_omni/000068_lcam_front_lidar.ply,0.25,800,0.8,0.19271,0.04539,1,0.15306,0.99988,0.19533
Data_omni/000069_lcam_front_lidar.ply,0.2,800,0.8,0.16889,0.0556,1,0.13135,0.99993,0.13151
Data_omni/000070_lcam_front_lidar.ply,0.25,800,0.8,0.19236,0.05101,1,0.14649,0.9998,0.17093
Data_omni/000071_lcam_front_lidar.ply,0.2,800,0.8,0.24919,0.06174,1,0.13899,0.99982,0.1345
Data_omni/000072_lcam_front_lidar.ply,0.25,800,0.8,0.17556,0.04822,1,0.1713,0.99998,0.22621
Data_omni/000073_lcam_front_lidar.ply,0.25,800,0.8,0.19999,0.04111,1,0.1352,0.99955,0.16806
Data_omni/000074_lcam_front_lidar.ply,0.25,800,0.8,0.1707,0.06054,1,0.16676,0.99993,0.19255
Data_omni/000075_lcam_front_lidar.ply,0.25,800,0.8,0.14938,0.06306,1,0.17233,0.9999,0.19852
Data_omni/000076_lcam_front_lidar.ply,0.25,800,0.8,0.22833,0.04495,1,0.15807,0.99996,0.20625
Data_omni/000077_lcam_front_lidar.ply,0.2,800,0.8,0.20924,0.0717,1,0.13707,0.99994,0.11073
Data_omni/000078_lcam_front_lidar.ply,0.2,800,0.8,0.20422,0.04507,1,0.11396,0.99997,0.11779
Data_omni/000079_lcam_front_lidar.ply,0.2,800,0.8,0.22416,0.02799,1,0.09563,0.9999,0.11525
Data_omni/000080_lcam_front_lidar.ply,0.2,800,0.8,0.22816,-0.01518,1,0.04668,0.99917,0.10349
Data_omni/000081_lcam_front_lidar.ply,0.2,800,0.8,0.21872,0.02121,1,0.10809,0.99992,0.15399
Data_omni/000082_lcam_front_lidar.ply,0.2,800,0.8,0.21916,-0.02721,1,0.04698,0.99864,0.12799
Data_omni/000083_lcam_front_lidar.ply,0.2,800,0.8,0.23888,0.00722,1,0.05507,0.99995,0.07609
Data_omni/000084_lcam_front_lidar.ply,0.2,800,0.8,0.29205,-0.02463,1,0.04026,0.99948,0.10963
Data_omni/000085_lcam_front_lidar.ply,0.2,800,0.8,0.17633,0.0234,1,0.07939,0.99995,0.09213
Data_omni/000086_lcam_front_lidar.ply,0.2,800,0.8,0.2729,0.05447,1,0.11434,1.0,0.09975
Data_omni/000087_lcam_front_lidar.ply,0.2,800,0.8,0.18812,0.05277,1,0.11826,0.99996,0.11097
Data_omni/000088_lcam_front_lidar.ply,0.25,800,0.8,0.21114,0.04417,1,0.13419,0.99998,0.16003
Data_omni/000089_lcam_front_lidar.ply,0.2,800,0.8,0.20636,0.04263,1,0.11162,0.99995,0.11797
Data_omni/000090_lcam_front_lidar.ply,0.2,800,0.8,0.17521,0.02949,1,0.08821,0.99997,0.09745
Data_omni/000091_lcam_front_lidar.ply,0.2,800,0.8,0.20607,0.066,1,0.12017,0.99999,0.08837
Data_omni/000092_lcam_front_lidar.ply,0.25,800,0.8,0.1542,0.04974,1,0.13177,0.99997,0.14405
Data_omni/000093_lcam_front_lidar.ply,0.25,800,0.8,0.17328,0.04418,1,0.13208,0.99998,0.15579
Data_omni/000094_lcam_front_lidar.ply,0.25,800,0.8,0.16768,0.0361,1,0.13584,0.99992,0.17945
Data_omni/000095_lcam_front_lidar.ply,0.3,800,0.8,0.19106,0.04147,1,0.16083,0.99983,0.21868
Data_omni/000096_lcam_front_lidar.ply,0.3,800,0.8,0.20619,0.0539,1,0.1839,0.99999,0.24005
Data_omni/000097_lcam_front_lidar.ply,0.3,800,0.8,0.18588,0.0589,1,0.1694,0.99991,0.20098
Data_omni/000098_lcam_front_lidar.ply,0.3,800,0.8,0.17331,0.04637,1,0.1676,0.99988,0.22246
Data_omni/000099_lcam_front_lidar.ply,0.3,800,0.8,0.19519,-0.15612,1,0.06664,0.88076,0.38979
Data_omni/000100_lcam_front_lidar.ply,0.3,800,0.8,0.18553,0.07289,1,0.16648,0.99985,0.20291
Data_omni/000101_lcam_front_lidar.ply,0.3,800,0.8,0.2653,0.05566,1,0.16642,0.9998,0.20152
Data_omni/000102_lcam_front_lidar.ply,0.3,800,0.8,0.18404,0.0496,1,0.17648,0.99998,0.2338
Data_omni/000103_lcam_front_lidar.ply,0.3,800,0.8,0.17867,0.05746,1,0.1642,0.99986,0.19346
Data_omni/000104_lcam_front_lidar.ply,0.3,800,0.8,0.14587,0.05891,1,0.17762,0.99999,0.21746
Data_omni/000105_lcam_front_lidar.ply,0.3,800,0.8,0.19495,0.06062,1,0.17036,0.99978,0.19942
Data_omni/000106_lcam_front_lidar.ply,0.3,800,0.8,0.16683,-0.15099,1,0.07397,0.9461,0.41382
Data_omni/000107_lcam_front_lidar.ply,0.3,800,0.85,0.15081,-0.13862,1,0.06724,0.96998,0.39888
Data_omni/000108_lcam_front_lidar.ply,0.3,800,0.8,0.17548,0.06856,1,0.17034,0.99986,0.19252
Data_omni/000109_lcam_front_lidar.ply,0.3,800,0.85,0.1637,0.05147,1,0.16186,1.0,0.20083
Data_omni/000110_lcam_front_lidar.ply,0.3,800,0.85,0.22007,-0.15662,1,0.02264,0.96425,0.32779
Data_omni/000111_lcam_front_lidar.ply,0.3,800,0.8,0.18903,-0.14055,1,0.0714,0.96759,0.40491
Data_omni/000112_lcam_front_lidar.ply,0.25,800,0.8,0.15976,0.06583,1,0.12531,0.99998,0.10867
Data_omni/000113_lcam_front_lidar.ply,0.3,800,0.8,0.17144,-0.14896,1,0.07055,0.9662,0.40888
Data_omni/000114_lcam_front_lidar.ply,0.3,800,0.8,0.21433,-0.14757,1,0.07576,0.95697,0.4239
Data_omni/000115_lcam_front_lidar.ply,0.3,800,0.8,0.24842,0.06201,1,0.15289,0.99994,0.17467
Data_omni/000116_lcam_front_lidar.ply,0.3,800,0.8,0.18016,0.05101,1,0.14898,0.99993,0.17594
Data_omni/000117_lcam_front_lidar.ply,0.3,800,0.8,0.16201,0.0465,1,0.15397,0.99994,0.19495
Data_omni/000118_lcam_front_lidar.ply,0.3,800,0.8,0.15649,0.04221,1,0.15173,0.99998,0.19906
Data_omni/000119_lcam_front_lidar.ply,0.3,800,0.8,0.18454,0.04382,1,0.15579,0.99991,0.20392
Data_omni/000120_lcam_front_lidar.ply,0.3,800,0.8,0.19006,0.05357,1,0.14885,0.99991,0.17056
Data_omni/000121_lcam_front_lidar.ply,0.3,800,0.8,0.15686,0.05778,1,0.1528,0.9999,0.17004
Data_omni/000122_lcam_front_lidar.ply,0.25,800,0.8,0.15204,0.05101,1,0.13397,0.99997,0.14594
Data_omni/000123_lcam_front_lidar.ply,0.3,800,0.8,0.17448,0.05075,1,0.13826,0.9999,0.155
Data_omni/000124_lcam_front_lidar.ply,0.3,800,0.8,0.15306,0.05764,1,0.14501,0.99993,0.15474
Data_omni/000125_lcam_front_lidar.ply,0.3,800,0.85,0.29058,0.0523,1,0.15886,0.99996,0.19313
Data_omni/000126_lcam_front_lidar.ply,0.3,800,0.85,0.14823,0.04893,1,0.14981,0.99989,0.18175
Data_omni/000127_lcam_front_lidar.ply,0.25,800,0.8,0.20629,0.06972,1,0.14142,0.99998,0.12341
Data_omni/000128_lcam_front_lidar.ply,0.25,800,0.8,0.17706,0.06217,1,0.12879,0.99998,0.11323
Data_omni/000129_lcam_front_lidar.ply,0.3,800,0.8,0.15016,0.07547,1,0.17266,0.99992,0.17437
Data_omni/000130_lcam_front_lidar.ply,0.3,800,0.85,0.19282,0.06168,1,0.16743,0.99983,0.19147
Data_omni/000131_lcam_front_lidar.ply,0.3,800,0.8,0.14948,0.05826,1,0.15746,0.99988,0.17842
Data_omni/000132_lcam_front_lidar.ply,0.3,800,0.85,0.19523,0.0565,1,0.15535,0.99978,0.17767
Data_omni/000133_lcam_front_lidar.ply,0.3,800,0.8,0.16025,0.06233,1,0.1577,0.9999,0.17078
Data_omni/000134_lcam_front_lidar.ply,0.3,800,0.85,0.17146,0.06179,1,0.15232,0.99987,0.16104
Data_omni/000135_lcam_front_lidar.ply,0.3,800,0.85,0.15286,0.06132,1,0.17124,0.99995,0.19988
Data_omni/000136_lcam_front_lidar.ply,0.3,800,0.8,0.16608,0.06643,1,0.16874,0.99997,0.18462
Data_omni/000137_lcam_front_lidar.ply,0.3,800,0.8,0.18032,0.07554,1,0.1748,0.99989,0.17851
Data_omni/000138_lcam_front_lidar.ply,0.3,800,0.8,0.17171,0.06252,1,0.16617,0.99986,0.1873
Data_omni/000139_lcam_front_lidar.ply,0.3,800,0.8,0.21078,0.06888,1,0.17773,0.99995,0.19772
Data_omni/000140_lcam_front_lidar.ply,0.3,800,0.8,0.17172,0.07056,1,0.16188,0.99991,0.16263
Data_omni/000141_lcam_front_lidar.ply,0.3,800,0.8,0.16687,0.07157,1,0.17168,1.0,0.18025
Data_omni/000142_lcam_front_lidar.ply,0.3,800,0.8,0.23958,0.077,1,0.17305,0.99999,0.1721
Data_omni/000143_lcam_front_lidar.ply,0.3,800,0.8,0.15948,0.07124,1,0.1639,0.99994,0.16529
Data_omni/000144_lcam_front_lidar.ply,0.3,800,0.8,0.19137,0.07116,1,0.15905,0.99992,0.15577
Data_omni/000145_lcam_front_lidar.ply,0.3,800,0.8,0.15104,0.07085,1,0.16054,0.99997,0.15941
Data_omni/000146_lcam_front_lidar.ply,0.3,800,0.8,0.14681,0.07354,1,0.17591,0.99999,0.18474
Data_omni/000147_lcam_front_lidar.ply,0.3,800,0.85,0.15821,0.07786,1,0.15538,0.99995,0.13503
Data_omni/000148_lcam_front_lidar.ply,0.3,800,0.8,0.17055,0.07586,1,0.15429,0.99992,0.13684
Data_omni/000149_lcam_front_lidar.ply,0.3,800,0.8,0.21737,0.07304,1,0.14788,0.99994,0.12968
Data_omni/000150_lcam_front_lidar.ply,0.3,800,0.8,0.25543,0.07842,1,0.15793,0.99991,0.139
Data_omni/000151_lcam_front_lidar.ply,0.3,800,0.8,0.14563,0.07762,1,0.15511,0.99992,0.13499
Data_omni/000152_lcam_front_lidar.ply,0.3,800,0.8,0.138,0.07568,1,0.16188,0.99999,0.15244
Data_omni/000153_lcam_front_lidar.ply,0.3,800,0.8,0.14205,0.08264,1,0.16279,0.99994,0.14029
Data_omni/000154_lcam_front_lidar.ply,0.3,800,0.8,0.15457,0.07863,1,0.15211,0.99991,0.12696
Data_omni/000155_lcam_front_lidar.ply,0.3,800,0.8,0.1819,0.07203,1,0.15359,0.99988,0.14311
Data_omni/000156_lcam_front_lidar.ply,0.3,800,0.8,0.17756,0.08014,1,0.15355,0.99992,0.12683
Data_omni/000157_lcam_front_lidar.ply,0.3,800,0.8,0.16332,0.07521,1,0.15188,0.99991,0.13334
Data_omni/000158_lcam_front_lidar.ply,0.3,800,0.8,0.15026,0.07656,1,0.15182,0.99993,0.13052
Data_omni/000159_lcam_front_lidar.ply,0.3,800,0.8,0.14601,0.08144,1,0.14984,0.99997,0.11682
Data_omni/000160_lcam_front_lidar.ply,0.3,800,0.8,0.21784,0.07894,1,0.15058,0.99994,0.12327
Data_omni/000161_lcam_front_lidar.ply,0.25,800,0.8,0.14573,0.08338,1,0.14714,0.99997,0.10753
Data_omni/000162_lcam_front_lidar.ply,0.25,800,0.8,0.15305,0.08308,1,0.14229,0.99999,0.09843
Data_omni/000163_lcam_front_lidar.ply,0.25,800,0.8,0.15766,0.0826,1,0.14389,0.99997,0.10259
Data_omni/000164_lcam_front_lidar.ply,0.25,800,0.8,0.14174,0.08524,1,0.14988,0.99998,0.10929
Data_omni/000165_lcam_front_lidar.ply,0.25,800,0.8,0.20601,0.08503,1,0.14667,0.99996,0.10328
Data_omni/000166_lcam_front_lidar.ply,0.3,800,0.8,0.18126,0.07688,1,0.15867,0.99989,0.14355
Data_omni/000167_lcam_front_lidar.ply,0.3,800,0.8,0.13442,0.08239,1,0.15738,0.99993,0.12999
Data_omni/000168_lcam_front_lidar.ply,0.3,800,0.8,0.14476,0.07679,1,0.15328,0.99991,0.13298
Data_omni/000169_lcam_front_lidar.ply,0.3,800,0.8,0.12211,0.07965,1,0.15231,0.99993,0.12534
Data_omni/000170_lcam_front_lidar.ply,0.3,800,0.8,0.13646,0.07683,1,0.15338,0.99993,0.1331
Data_omni/000171_lcam_front_lidar.ply,0.3,800,0.8,0.12921,0.07613,1,0.15744,0.99991,0.14263
Data_omni/000172_lcam_front_lidar.ply,0.3,800,0.8,0.17721,0.07647,1,0.15609,0.99991,0.13924
Data_omni/000173_lcam_front_lidar.ply,0.3,800,0.8,0.15467,0.07746,1,0.16988,0.99997,0.16485
Data_omni/000174_lcam_front_lidar.ply,0.3,800,0.8,0.16495,0.07572,1,0.15218,0.99995,0.13292
Data_omni/000175_lcam_front_lidar.ply,0.3,800,0.8,0.22022,0.07959,1,0.16512,0.99993,0.15107
Data_omni/000176_lcam_front_lidar.ply,0.3,800,0.8,0.17183,0.0772,1,0.16282,0.99996,0.15125
Data_omni/000177_lcam_front_lidar.ply,0.3,800,0.8,0.15932,0.0818,1,0.17518,0.99995,0.16676
Data_omni/000178_lcam_front_lidar.ply,0.3,800,0.8,0.16756,0.07589,1,0.16065,0.99987,0.14948
Data_omni/000179_lcam_front_lidar.ply,0.3,800,0.8,0.23763,0.07953,1,0.15518,1.0,0.13134
Data_omni/000180_lcam_front_lidar.ply,0.3,800,0.8,0.16409,0.08013,1,0.16745,0.99989,0.1546
Data_omni/000181_lcam_front_lidar.ply,0.3,800,0.8,0.18289,0.0844,1,0.1674,0.99994,0.14602
Data_omni/000182_lcam_front_lidar.ply,0.3,800,0.8,0.25954,0.08431,1,0.16939,0.99989,0.15013
Data_omni/000183_lcam_front_lidar.ply,0.3,800,0.8,0.18287,0.07995,1,0.16508,0.9999,0.15026
Data_omni/000184_lcam_front_lidar.ply,0.3,800,0.8,0.11945,0.07568,1,0.16194,0.99981,0.15248
Data_omni/000185_lcam_front_lidar.ply,0.3,800,0.8,0.13015,0.08065,1,0.17001,0.99988,0.15874
Data_omni/000186_lcam_front_lidar.ply,0.3,800,0.8,0.12993,0.07912,1,0.1726,0.99987,0.16695
Data_omni/000187_lcam_front_lidar.ply,0.3,800,0.8,0.13625,0.07422,1,0.17484,0.99995,0.18126
Data_omni/000188_lcam_front_lidar.ply,0.3,800,0.8,0.14928,0.0667,1,0.16239,0.99982,0.17133
Data_omni/000189_lcam_front_lidar.ply,0.3,800,0.8,0.15073,0.06878,1,0.16294,0.99982,0.1683
Data_omni/000190_lcam_front_lidar.ply,0.3,800,0.8,0.19011,0.07882,1,0.17453,0.99985,0.17142
Data_omni/000191_lcam_front_lidar.ply,0.3,800,0.8,0.13414,0.08235,1,0.17354,0.99987,0.16238
Data_omni/000192_lcam_front_lidar.ply,0.3,800,0.8,0.13529,0.08746,1,0.17994,0.99988,0.16497
Data_omni/000193_lcam_front_lidar.ply,0.3,800,0.8,0.12199,0.08108,1,0.17484,0.99983,0.1675
Data_omni/000194_lcam_front_lidar.ply,0.3,800,0.8,0.13758,0.07495,1,0.17088,0.99998,0.17191
Data_omni/000195_lcam_front_lidar.ply,0.3,800,0.8,0.13375,0.06385,1,0.17088,0.99988,0.19402
Data_omni/000196_lcam_front_lidar.ply,0.3,800,0.8,0.16088,0.07299,1,0.15999,0.99992,0.154
Data_omni/000197_lcam_front_lidar.ply,0.3,800,0.8,0.1349,0.02852,1,0.12127,0.99963,0.16541
Data_omni/000198_lcam_front_lidar.ply,0.3,800,0.8,0.17812,0.05567,1,0.16247,0.99976,0.19365
Data_omni/000199_lcam_front_lidar.ply,0.3,800,0.8,0.15475,0.05281,1,0.16369,0.99983,0.20178
Data_omni/000200_lcam_front_lidar.ply,0.3,800,0.8,0.16587,0.05025,1,0.16436,0.99974,0.20818
Data_omni/000201_lcam_front_lidar.ply,0.3,800,0.8,0.11311,0.05926,1,0.16137,0.99977,0.18422
Data_omni/000202_lcam_front_lidar.ply,0.3,800,0.8,0.13039,0.04467,1,0.16307,0.99978,0.2168
Data_omni/000203_lcam_front_lidar.ply,0.3,800,0.85,0.12551,0.00924,1,0.11887,0.99845,0.19886
Data_omni/000204_lcam_front_lidar.ply,0.3,800,0.8,0.11786,0.04251,1,0.15126,0.9997,0.19787
Data_omni/000205_lcam_front_lidar.ply,0.3,800,0.8,0.12725,0.0053,1,0.1176,0.99861,0.20426
Data_omni/000206_lcam_front_lidar.ply,0.3,800,0.8,0.15541,0.00114,1,0.11449,0.99859,0.20668
Data_omni/000207_lcam_front_lidar.ply,0.25,800,0.8,0.11462,0.00131,1,0.10142,0.99913,0.18038
Data_omni/000208_lcam_front_lidar.ply,0.3,800,0.8,0.12147,-0.00798,1,0.11113,0.99864,0.21807
Data_omni/000209_lcam_front_lidar.ply,0.25,800,0.8,0.12511,-0.00028,1,0.10425,0.99893,0.18916
Data_omni/000210_lcam_front_lidar.ply,0.3,800,0.8,0.15482,-0.01285,1,0.10198,0.99873,0.20958
Data_omni/000211_lcam_front_lidar.ply,0.3,800,0.8,0.17897,0.03864,1,0.1411,0.99956,0.18516
Data_omni/000212_lcam_front_lidar.ply,0.3,800,0.8,0.1547,0.0297,1,0.14039,0.99959,0.2014
Data_omni/000213_lcam_front_lidar.ply,0.25,800,0.8,0.2923,0.04418,1,0.12226,0.99983,0.13622
Data_omni/000214_lcam_front_lidar.ply,0.25,800,0.8,0.16091,-0.00724,1,0.09776,0.99863,0.18964
Data_omni/000215_lcam_front_lidar.ply,0.25,800,0.8,0.19849,0.04785,1,0.1338,0.99991,0.15228
Data_omni/000216_lcam_front_lidar.ply,0.25,800,0.8,0.13091,0.03761,1,0.1391,0.99953,0.18287
Data_omni/000217_lcam_front_lidar.ply,0.3,800,0.85,0.1568,0.0351,1,0.13871,0.9995,0.18721
Data_omni/000218_lcam_front_lidar.ply,0.25,800,0.8,0.15786,0.03594,1,0.14029,0.99946,0.18869
Data_omni/000219_lcam_front_lidar.ply,0.3,800,0.8,0.15435,0.02898,1,0.14684,0.99891,0.21556
Data_omni/000220_lcam_front_lidar.ply,0.25,800,0.8,0.12897,0.03529,1,0.13978,0.9994,0.18913
Data_omni/000221_lcam_front_lidar.ply,0.25,800,0.8,0.14017,0.04037,1,0.13833,0.99933,0.1759
Data_omni/000222_lcam_front_lidar.ply,0.25,800,0.8,0.11787,0.04116,1,0.1418,0.99946,0.18132
Data_omni/000223_lcam_front_lidar.ply,0.25,800,0.8,0.12134,0.05798,1,0.13131,0.99991,0.12678
Data_omni/000224_lcam_front_lidar.ply,0.25,800,0.8,0.10876,0.0504,1,0.149,0.99963,0.17712
Data_omni/000225_lcam_front_lidar.ply,0.25,800,0.8,0.11761,0.04311,1,0.14091,0.99959,0.17559
Data_omni/000226_lcam_front_lidar.ply,0.25,800,0.8,0.11859,0.05046,1,0.14406,0.9997,0.16724
Data_omni/000227_lcam_front_lidar.ply,0.25,800,0.8,0.12525,0.03898,1,0.14423,0.99969,0.1905
Data_omni/000228_lcam_front_lidar.ply,0.25,800,0.8,0.09941,0.05448,1,0.13133,0.99992,0.13375
Data_omni/000229_lcam_front_lidar.ply,0.25,800,0.8,0.10808,0.04949,1,0.14688,0.99965,0.17471
Data_omni/000230_lcam_front_lidar.ply,0.25,800,0.8,0.11984,0.04707,1,0.14803,0.99955,0.18189
Data_omni/000231_lcam_front_lidar.ply,0.25,800,0.8,0.11115,0.04043,1,0.14527,0.9995,0.18968
Data_omni/000232_lcam_front_lidar.ply,0.25,800,0.8,0.1503,0.05658,1,0.14002,0.99996,0.14703
Data_omni/000233_lcam_front_lidar.ply,0.25,800,0.8,0.10686,0.05246,1,0.14728,0.99958,0.16953
Data_omni/000234_lcam_front_lidar.ply,0.25,800,0.8,0.22753,0.06432,1,0.13914,0.99993,0.12976
Data_omni/000235_lcam_front_lidar.ply,0.25,800,0.8,0.12493,0.05009,1,0.15637,0.99956,0.19246
Data_omni/000236_lcam_front_lidar.ply,0.25,800,0.8,0.16411,0.04896,1,0.1533,0.99955,0.18866
Data_omni/000237_lcam_front_lidar.ply,0.25,800,0.8,0.09821,0.05343,1,0.15351,0.99957,0.18017
Data_omni/000238_lcam_front_lidar.ply,0.25,800,0.8,0.14418,0.05269,1,0.1453,0.99965,0.16524
Data_omni/000239_lcam_front_lidar.ply,0.25,800,0.8,0.10965,0.05974,1,0.13831,0.99988,0.1372
Data_omni/000240_lcam_front_lidar.ply,0.25,800,0.8,0.13953,0.05628,1,0.14482,0.99991,0.15709
Data_omni/000241_lcam_front_lidar.ply,0.25,800,0.8,0.11698,0.05557,1,0.15173,0.99961,0.17222
Data_omni/000242_lcam_front_lidar.ply,0.25,800,0.8,0.13425,0.05746,1,0.15146,0.99993,0.16808
Data_omni/000243_lcam_front_lidar.ply,0.25,800,0.8,0.11699,0.05523,1,0.14873,0.99975,0.16695
Data_omni/000244_lcam_front_lidar.ply,0.25,800,0.8,0.10172,0.05927,1,0.15383,0.99973,0.16912
Data_omni/000245_lcam_front_lidar.ply,0.25,800,0.8,0.11255,0.05938,1,0.15488,0.99977,0.171
Data_omni/000246_lcam_front_lidar.ply,0.25,800,0.8,0.12663,0.06548,1,0.14016,0.9999,0.12938
Data_omni/000247_lcam_front_lidar.ply,0.25,800,0.8,0.13146,0.0632,1,0.15737,0.99978,0.16831
Data_omni/000248_lcam_front_lidar.ply,0.25,800,0.8,0.15762,0.06441,1,0.14513,0.99995,0.14148
Data_omni/000249_lcam_front_lidar.ply,0.25,800,0.8,0.1299,0.06076,1,0.14843,0.9999,0.15532
Data_omni/000250_lcam_front_lidar.ply,0.25,800,0.8,0.13424,0.05871,1,0.13823,0.99988,0.13902
Data_omni/000251_lcam_front_lidar.ply,0.25,800,0.8,0.15899,0.05823,1,0.14774,0.99988,0.15902
Data_omni/000252_lcam_front_lidar.ply,0.25,800,0.8,0.12105,0.0413,1,0.13252,0.99976,0.1624
Data_omni/000253_lcam_front_lidar.ply,0.25,800,0.8,0.1429,0.04726,1,0.12778,0.99989,0.14108
Data_omni/000254_lcam_front_lidar.ply,0.25,800,0.8,0.11584,0.04793,1,0.13116,0.99985,0.14646
Data_omni/000255_lcam_front_lidar.ply,0.25,800,0.8,0.13068,0.05001,1,0.12417,0.99991,0.12832
Data_omni/000256_lcam_front_lidar.ply,0.25,800,0.8,0.18266,0.04841,1,0.13333,0.99989,0.14984
Data_omni/000257_lcam_front_lidar.ply,0.25,800,0.8,0.12001,0.0615,1,0.12798,0.99995,0.11297
Data_omni/000258_lcam_front_lidar.ply,0.25,800,0.8,0.12302,0.06429,1,0.15642,0.9999,0.16424
Data_omni/000259_lcam_front_lidar.ply,0.25,800,0.8,0.12722,0.05784,1,0.13842,0.99997,0.14118
Data_omni/000260_lcam_front_lidar.ply,0.25,800,0.8,0.21211,0.07739,1,0.13642,0.99997,0.09807
Data_omni/000261_lcam_front_lidar.ply,0.25,800,0.8,0.11886,0.05912,1,0.13309,0.99997,0.12794
Data_omni/000262_lcam_front_lidar.ply,0.25,800,0.8,0.15509,0.06921,1,0.14201,0.99997,0.1256
Data_omni/000263_lcam_front_lidar.ply,0.25,800,0.8,0.1329,0.07568,1,0.14409,0.99998,0.11682
Data_omni/000264_lcam_front_lidar.ply,0.25,800,0.8,0.14988,0.06352,1,0.13135,0.99999,0.11566
Data_omni/000265_lcam_front_lidar.ply,0.25,800,0.8,0.12124,0.07661,1,0.14299,0.99998,0.11276
Data_omni/000266_lcam_front_lidar.ply,0.25,800,0.8,0.13693,0.0842,1,0.15355,0.99998,0.11869
Data_omni/000267_lcam_front_lidar.ply,0.25,800,0.8,0.1357,0.08321,1,0.14048,0.99995,0.09452
Data_omni/000268_lcam_front_lidar.ply,0.25,800,0.8,0.21875,0.0831,1,0.1482,0.99998,0.11021
Data_omni/000269_lcam_front_lidar.ply,0.25,800,0.8,0.13355,0.07973,1,0.15328,0.99998,0.12711
Data_omni/000270_lcam_front_lidar.ply,0.25,800,0.8,0.1181,0.08151,1,0.14595,0.99998,0.10887
Data_omni/000271_lcam_front_lidar.ply,0.25,800,0.8,0.15106,0.08997,1,0.15838,0.99999,0.11683
Data_omni/000272_lcam_front_lidar.ply,0.25,800,0.8,0.11848,0.06508,1,0.12635,0.99999,0.10254
Data_omni/000273_lcam_front_lidar.ply,0.25,800,0.8,0.11706,0.08548,1,0.14669,0.99997,0.10241
Data_omni/000274_lcam_front_lidar.ply,0.25,800,0.8,0.13186,0.07146,1,0.12696,0.99999,0.091
Data_omni/000275_lcam_front_lidar.ply,0.25,800,0.8,0.10029,0.0723,1,0.13113,1.0,0.09766
Data_omni/000276_lcam_front_lidar.ply,0.25,800,0.8,0.13009,0.09049,1,0.15389,0.99997,0.10678
Data_omni/000277_lcam_front_lidar.ply,0.25,800,0.8,0.11674,0.0658,1,0.1217,1.0,0.09181
Data_omni/000278_lcam_front_lidar.ply,0.25,800,0.8,0.12259,0.07492,1,0.13258,0.99999,0.09532
Data_omni/000279_lcam_front_lidar.ply,0.25,800,0.8,0.12639,0.07363,1,0.12893,1.0,0.09062
Data_omni/000280_lcam_front_lidar.ply,0.25,800,0.8,0.12022,0.09003,1,0.15137,0.99998,0.10268
Data_omni/000281_lcam_front_lidar.ply,0.25,800,0.8,0.1304,0.08776,1,0.15345,0.99998,0.11139
Data_omni/000282_lcam_front_lidar.ply,0.25,800,0.8,0.12341,0.07792,1,0.13563,1.0,0.09542
Data_omni/000283_lcam_front_lidar.ply,0.25,800,0.8,0.13033,0.08619,1,0.14905,0.99999,0.10571
Data_omni/000284_lcam_front_lidar.ply,0.25,800,0.8,0.12675,0.08513,1,0.14828,0.99998,0.1063
Data_omni/000285_lcam_front_lidar.ply,0.25,800,0.8,0.10925,0.08735,1,0.14801,0.99998,0.10134
Data_omni/000286_lcam_front_lidar.ply,0.25,800,0.8,0.16335,0.0736,1,0.1313,1.0,0.09541
Data_omni/000287_lcam_front_lidar.ply,0.25,800,0.8,0.12255,0.0675,1,0.12584,0.99999,0.09668
Data_omni/000288_lcam_front_lidar.ply,0.25,800,0.8,0.1364,0.06315,1,0.13802,0.99994,0.12972
Data_omni/000289_lcam_front_lidar.ply,0.25,800,0.8,0.13361,0.08413,1,0.13784,0.99991,0.08741
Data_omni/000290_lcam_front_lidar.ply,0.25,800,0.8,0.1165,0.06559,1,0.12325,1.0,0.09534
Data_omni/000291_lcam_front_lidar.ply,0.25,800,0.8,0.1617,0.07985,1,0.15001,0.99993,0.1203
Data_omni/000292_lcam_front_lidar.ply,0.25,800,0.8,0.13666,0.03839,1,0.08462,0.99995,0.07246
Data_omni/000293_lcam_front_lidar.ply,0.25,800,0.8,0.1267,0.08484,1,0.14219,0.99999,0.0947
Data_omni/000294_lcam_front_lidar.ply,0.25,800,0.8,0.15647,0.05738,1,0.1079,0.99997,0.08105
Data_omni/000295_lcam_front_lidar.ply,0.25,800,0.8,0.1328,0.07209,1,0.13482,1.0,0.10548
Data_omni/000296_lcam_front_lidar.ply,0.25,800,0.8,0.12729,0.07917,1,0.14371,0.99999,0.10907
Data_omni/000297_lcam_front_lidar.ply,0.25,800,0.8,0.13636,0.05426,1,0.11985,1.0,0.11119
Data_omni/000298_lcam_front_lidar.ply,0.25,800,0.8,0.12756,0.04564,1,0.11393,1.0,0.11659
Data_omni/000299_lcam_front_lidar.ply,0.25,800,0.8,0.13664,0.07979,1,0.13647,0.99995,0.09335
Data_omni/000300_lcam_front_lidar.ply,0.25,800,0.8,0.12174,0.04975,1,0.11807,1.0,0.11666
Data_omni/000301_lcam_front_lidar.ply,0.25,800,0.8,0.12812,0.06146,1,0.1254,1.0,0.10788
Data_omni/000302_lcam_front_lidar.ply,0.25,800,0.8,0.14254,0.07288,1,0.15141,0.99994,0.13705
Data_omni/000303_lcam_front_lidar.ply,0.3,800,0.85,0.11504,0.056,1,0.15517,0.99988,0.17832
Data_omni/000304_lcam_front_lidar.ply,0.3,800,0.85,0.12281,0.05269,1,0.1739,0.99991,0.22242
Data_omni/000305_lcam_front_lidar.ply,0.3,800,0.85,0.14058,0.06391,1,0.16677,0.99991,0.18573
Data_omni/000306_lcam_front_lidar.ply,0.3,800,0.85,0.11348,0.05732,1,0.15594,0.9999,0.17724
Data_omni/000307_lcam_front_lidar.ply,0.3,800,0.85,0.13418,0.05331,1,0.15451,0.99988,0.1824
Data_omni/000308_lcam_front_lidar.ply,0.3,800,0.85,0.12106,0.04935,1,0.15845,0.9998,0.19818
Data_omni/000309_lcam_front_lidar.ply,0.25,800,0.8,0.12987,-0.04756,1,0.04651,0.99923,0.16797
Data_omni/000310_lcam_front_lidar.ply,0.25,800,0.8,0.13351,0.07002,1,0.14043,0.99998,0.12103
Data_omni/000311_lcam_front_lidar.ply,0.25,800,0.8,0.1356,0.03146,1,0.10842,0.99946,0.13377
Data_omni/000312_lcam_front_lidar.ply,0.25,800,0.8,0.12895,0.03717,1,0.11104,0.99999,0.12791
Data_omni/000313_lcam_front_lidar.ply,0.25,800,0.8,0.12674,0.04416,1,0.13797,0.99985,0.16756
Data_omni/000314_lcam_front_lidar.ply,0.25,800,0.8,0.12245,0.04194,1,0.13555,0.99995,0.16726
Data_omni/000315_lcam_front_lidar.ply,0.25,800,0.8,0.14419,0.04237,1,0.13244,0.99996,0.16015
Data_omni/000316_lcam_front_lidar.ply,0.25,800,0.8,0.12199,0.01663,1,0.10387,0.99977,0.15442
Data_omni/000317_lcam_front_lidar.ply,0.3,800,0.8,0.14031,0.04186,1,0.16182,0.99997,0.21998
Data_omni/000318_lcam_front_lidar.ply,0.25,800,0.8,0.12338,0.05059,1,0.12924,0.99997,0.13729
Data_omni/000319_lcam_front_lidar.ply,0.25,800,0.8,0.11454,0.03684,1,0.13064,0.99987,0.16757
Data_omni/000320_lcam_front_lidar.ply,0.25,800,0.8,0.16129,0.05025,1,0.1314,0.99996,0.14234
Data_omni/000321_lcam_front_lidar.ply,0.3,800,0.8,0.1011,0.02002,1,0.13442,0.99989,0.20879
Data_omni/000322_lcam_front_lidar.ply,0.3,800,0.8,0.1111,0.03588,1,0.14993,0.99997,0.20811
Data_omni/000323_lcam_front_lidar.ply,0.25,800,0.8,0.13223,0.04671,1,0.12337,0.99998,0.13331
Data_omni/000324_lcam_front_lidar.ply,0.25,800,0.8,0.10849,0.0328,1,0.12228,0.99998,0.15896
Data_omni/000325_lcam_front_lidar.ply,0.25,800,0.8,0.13731,0.02141,1,0.11537,0.99998,0.16791
Data_omni/000326_lcam_front_lidar.ply,0.25,800,0.8,0.12611,0.01997,1,0.11673,0.99999,0.17352
Data_omni/000327_lcam_front_lidar.ply,0.25,800,0.8,0.1394,0.00853,1,0.11321,0.99991,0.18935
Data_omni/000328_lcam_front_lidar.ply,0.2,800,0.8,0.11086,-0.0037,1,0.09582,0.99972,0.179
Data_omni/000329_lcam_front_lidar.ply,0.3,800,0.85,0.1121,0.01883,1,0.13766,0.99979,0.21768
Data_omni/000330_lcam_front_lidar.ply,0.25,800,0.8,0.16078,0.0023,1,0.11722,0.99966,0.20979
Data_omni/000331_lcam_front_lidar.ply,0.25,800,0.8,0.12027,-0.00524,1,0.11556,0.9998,0.22165
Data_omni/000332_lcam_front_lidar.ply,0.2,800,0.8,0.11311,-0.00943,1,0.09279,0.9999,0.18447
Data_omni/000333_lcam_front_lidar.ply,0.2,800,0.8,0.1165,-0.00028,1,0.0985,0.99994,0.17756
Data_omni/000334_lcam_front_lidar.ply,0.2,800,0.8,0.09969,0.00785,1,0.05874,0.99951,0.08165
Data_omni/000335_lcam_front_lidar.ply,0.2,800,0.8,0.12681,-0.00094,1,0.06121,0.99898,0.10414
Data_omni/000336_lcam_front_lidar.ply,0.2,800,0.8,0.11483,0.01279,1,0.0648,0.99973,0.08425
Data_omni/000337_lcam_front_lidar.ply,0.3,800,0.85,0.12422,0.00576,1,0.08016,0.99995,0.12886
Data_omni/000338_lcam_front_lidar.ply,0.2,800,0.8,0.10984,0.00115,1,0.05287,0.99959,0.08332
Data_omni/000339_lcam_front_lidar.ply,0.2,800,0.8,0.11552,-0.0025,1,0.05557,0.99912,0.096
Data_omni/000340_lcam_front_lidar.ply,0.2,800,0.8,0.10817,-0.0302,1,0.06149,0.99605,0.16247
Data_omni/000341_lcam_front_lidar.ply,0.2,800,0.8,0.11884,-0.05646,1,0.13586,0.04417,0.07908
Data_omni/000342_lcam_front_lidar.ply,0.2,800,0.8,0.11444,0.08541,1,0.13601,0.04568,0.08166
Data_omni/000343_lcam_front_lidar.ply,0.3,800,0.85,0.08641,0.15104,1,0.1338,0.99978,0.23175
Data_omni/000344_lcam_front_lidar.ply,0.3,800,0.85,0.11358,-0.03094,1,0.10153,0.99816,0.24446
Data_omni/000345_lcam_front_lidar.ply,0.3,800,0.85,0.09726,0.00125,1,0.12551,0.99969,0.22897
Data_omni/000346_lcam_front_lidar.ply,0.3,800,0.85,0.13343,-0.00472,1,0.13171,0.99988,0.25293
Data_omni/000347_lcam_front_lidar.ply,0.3,800,0.85,0.11564,-0.04605,1,0.05217,0.99559,0.17516
Data_omni/000348_lcam_front_lidar.ply,0.3,800,0.85,0.11721,-0.04571,1,0.04145,0.99931,0.15544
Data_omni/000349_lcam_front_lidar.ply,0.2,800,0.8,0.09096,-0.03726,1,0.15711,0.04132,0.08134
Data_omni/000350_lcam_front_lidar.ply,0.3,800,0.85,0.10156,0.09652,1,0.15799,0.0644,0.10986
Data_omni/000351_lcam_front_lidar.ply,0.3,800,0.85,0.09873,0.0959,1,0.16176,0.07204,0.11401
Data_omni/000352_lcam_front_lidar.ply,0.2,800,0.8,0.08829,0.11105,1,0.16477,0.04466,0.07921
Data_omni/000353_lcam_front_lidar.ply,0.2,800,0.8,0.08968,0.11919,1,0.16814,0.046,0.0783
Data_omni/000354_lcam_front_lidar.ply,0.2,800,0.8,0.08021,0.12448,1,0.17385,0.05005,0.07996
Data_omni/000355_lcam_front_lidar.ply,0.2,800,0.8,0.08721,0.12454,1,0.17394,0.04277,0.07663
Data_omni/000356_lcam_front_lidar.ply,0.2,800,0.8,0.08139,0.13021,1,0.17823,0.03976,0.07514
Data_omni/000357_lcam_front_lidar.ply,0.2,800,0.8,0.07747,0.13316,1,0.18019,0.04023,0.07421
Data_omni/000358_lcam_front_lidar.ply,0.2,800,0.8,0.07511,0.13693,1,0.18462,0.04858,0.07788
Data_omni/000359_lcam_front_lidar.ply,0.2,800,0.8,0.07879,0.1394,1,0.18919,0.04899,0.07969
Data_omni/000360_lcam_front_lidar.ply,0.2,800,0.8,0.06977,0.1424,1,0.18898,0.04013,0.0705
Data_omni/000361_lcam_front_lidar.ply,0.2,800,0.8,0.08883,0.14609,1,0.19197,0.03406,0.06992
Data_omni/000362_lcam_front_lidar.ply,0.2,800,0.8,0.08282,0.14798,1,0.19153,0.0303,0.06599
Data_omni/000363_lcam_front_lidar.ply,0.2,800,0.8,0.08343,0.15214,1,0.19584,0.02839,0.06683
Data_omni/000364_lcam_front_lidar.ply,0.2,800,0.8,0.08401,0.15789,1,0.20204,0.04493,0.07326
Data_omni/000365_lcam_front_lidar.ply,0.2,800,0.8,0.08016,0.15316,1,0.19814,0.02951,0.06535
Data_omni/000366_lcam_front_lidar.ply,0.2,800,0.8,0.08811,0.15749,1,0.19935,0.01604,0.05967
Data_omni/000367_lcam_front_lidar.ply,0.2,800,0.8,0.08121,0.16156,1,0.20186,0.03259,0.06557
Data_omni/000368_lcam_front_lidar.ply,0.2,800,0.8,0.09271,0.16419,1,0.20617,0.03699,0.06528
Data_omni/000369_lcam_front_lidar.ply,0.2,800,0.8,0.07295,0.16561,1,0.20915,0.04162,0.06847
Data_omni/000370_lcam_front_lidar.ply,0.2,800,0.8,0.09118,0.16558,1,0.20946,0.01918,0.06102
Data_omni/000371_lcam_front_lidar.ply,0.2,800,0.8,0.07138,0.1718,1,0.21256,0.03823,0.06724
Data_omni/000372_lcam_front_lidar.ply,0.2,800,0.8,0.07902,0.16835,1,0.21175,0.03966,0.06725
Data_omni/000373_lcam_front_lidar.ply,0.2,800,0.8,0.07962,0.17106,1,0.21472,0.04235,0.06812
Data_omni/000374_lcam_front_lidar.ply,0.2,800,0.8,0.08306,0.17299,1,0.2166,0.04055,0.0667
Data_omni/000375_lcam_front_lidar.ply,0.2,800,0.8,0.07106,0.17614,1,0.21881,0.03631,0.06407
Data_omni/000376_lcam_front_lidar.ply,0.2,800,0.8,0.0754,0.17805,1,0.22081,0.03928,0.06642
Data_omni/000377_lcam_front_lidar.ply,0.2,800,0.8,0.07995,0.1768,1,0.21791,0.0193,0.05621
Data_omni/000378_lcam_front_lidar.ply,0.2,800,0.8,0.07778,0.18306,1,0.22277,0.04495,0.06711
Data_omni/000379_lcam_front_lidar.ply,0.2,800,0.8,0.08506,0.15124,1,0.07916,0.99997,0.12233
Data_omni/000380_lcam_front_lidar.ply,0.2,800,0.8,0.07339,0.03436,1,0.22038,0.01617,0.05689
Data_omni/000381_lcam_front_lidar.ply,0.2,800,0.8,0.08444,0.18363,1,0.22197,0.0177,0.05713
Data_omni/000382_lcam_front_lidar.ply,0.2,800,0.8,0.08274,0.14601,1,0.0774,0.99995,0.13745
Data_omni/000383_lcam_front_lidar.ply,0.2,800,0.8,0.08292,0.03822,1,0.22379,0.02148,0.0576
Data_omni/000384_lcam_front_lidar.ply,0.2,800,0.8,0.05873,0.18825,1,0.22644,0.02258,0.0567
Data_omni/000385_lcam_front_lidar.ply,0.2,800,0.8,0.07016,0.1856,1,0.22375,0.0249,0.05701
Data_omni/000386_lcam_front_lidar.ply,0.2,800,0.8,0.08041,0.18913,1,0.2274,0.02294,0.05595
Data_omni/000387_lcam_front_lidar.ply,0.2,800,0.8,0.08815,0.18619,1,0.22434,0.02915,0.05815
Data_omni/000388_lcam_front_lidar.ply,0.2,800,0.8,0.07584,0.18878,1,0.22736,0.027,0.0565
Data_omni/000389_lcam_front_lidar.ply,0.2,800,0.8,0.08748,0.18891,1,0.22686,0.02531,0.05539
Data_omni/000390_lcam_front_lidar.ply,0.2,800,0.8,0.08349,0.18541,1,0.22335,0.02382,0.05544
Data_omni/000391_lcam_front_lidar.ply,0.2,800,0.8,0.08637,0.07492,1,0.04185,0.97425,0.19899
Data_omni/000392_lcam_front_lidar.ply,0.2,800,0.8,0.08368,0.04405,1,0.22469,0.02482,0.05646
Data_omni/000393_lcam_front_lidar.ply,0.2,800,0.8,0.10464,0.0834,1,0.03892,0.98816,0.18006
Data_omni/000394_lcam_front_lidar.ply,0.2,800,0.8,0.08075,0.04156,1,0.22378,0.02486,0.05545
Data_omni/000395_lcam_front_lidar.ply,0.2,800,0.8,0.11278,0.18846,1,0.22583,0.02566,0.05499
Data_omni/000396_lcam_front_lidar.ply,0.2,800,0.8,0.07303,0.08235,1,0.04132,0.98523,0.18581
Data_omni/000397_lcam_front_lidar.ply,0.2,800,0.8,0.10705,-0.07439,1,0.03811,0.97708,0.20255
Data_omni/000398_lcam_front_lidar.ply,0.2,800,0.8,0.08288,-0.06393,1,0.00671,0.9155,0.1028
Data_omni/000399_lcam_front_lidar.ply,0.2,800,0.8,0.10017,0.04372,1,0.10809,0.99997,0.13407
Data_omni/000400_lcam_front_lidar.ply,0.2,800,0.8,0.08746,0.03183,1,0.10735,1.0,0.13104
Data_omni/000401_lcam_front_lidar.ply,0.2,800,0.8,0.09272,0.03914,1,0.22259,0.02173,0.05341
Data_omni/000402_lcam_front_lidar.ply,0.2,800,0.8,0.08323,0.18854,1,0.22578,0.0215,0.0544
Data_omni/000403_lcam_front_lidar.ply,0.2,800,0.8,0.09288,0.17503,1,0.10194,0.99999,0.12736
Data_omni/000404_lcam_front_lidar.ply,0.2,800,0.8,0.08356,0.03812,1,0.22198,0.02168,0.05421
Data_omni/000405_lcam_front_lidar.ply,0.2,800,0.8,0.09516,0.18627,1,0.22451,0.02004,0.05598
Data_omni/000406_lcam_front_lidar.ply,0.2,800,0.8,0.09332,0.18495,1,0.22285,0.0226,0.05657
Data_omni/000407_lcam_front_lidar.ply,0.2,800,0.8,0.10104,0.1826,1,0.2202,0.02488,0.05588
Data_omni/000408_lcam_front_lidar.ply,0.2,800,0.8,0.06376,0.18185,1,0.22014,0.02198,0.05573
Data_omni/000409_lcam_front_lidar.ply,0.2,800,0.8,0.07156,0.18374,1,0.2218,0.02123,0.05588
Data_omni/000410_lcam_front_lidar.ply,0.25,800,0.8,0.0829,0.18622,1,0.22664,0.04056,0.06665
Data_omni/000411_lcam_front_lidar.ply,0.2,800,0.8,0.09455,0.081,1,0.00536,0.91733,0.09175
Data_omni/000412_lcam_front_lidar.ply,0.2,800,0.8,0.08243,0.0527,1,0.22493,0.02268,0.05606
Data_omni/000413_lcam_front_lidar.ply,0.2,800,0.8,0.08542,0.18845,1,0.22615,0.02111,0.05492
Data_omni/000414_lcam_front_lidar.ply,0.2,800,0.8,0.0852,0.18914,1,0.22649,0.0184,0.05388
Data_omni/000415_lcam_front_lidar.ply,0.2,800,0.8,0.09074,0.19026,1,0.22767,0.01936,0.05512
Data_omni/000416_lcam_front_lidar.ply,0.2,800,0.8,0.07901,0.08128,1,0.06937,0.98316,0.24532
Data_omni/000417_lcam_front_lidar.ply,0.2,800,0.8,0.09978,0.04914,1,0.23062,0.01851,0.05358
Data_omni/000418_lcam_front_lidar.ply,0.2,800,0.8,0.09493,0.19873,1,0.23593,0.01824,0.05433
Data_omni/000419_lcam_front_lidar.ply,0.2,800,0.8,0.11226,0.11351,1,0.0472,0.99498,0.1404
Data_omni/000420_lcam_front_lidar.ply,0.2,800,0.8,0.09474,0.02647,1,0.10716,0.99994,0.14287
Data_omni/000421_lcam_front_lidar.ply,0.2,800,0.8,0.09078,0.02618,1,0.10807,1.0,0.1438
Data_omni/000422_lcam_front_lidar.ply,0.2,800,0.8,0.09921,0.02403,1,0.1089,0.99999,0.14973
Data_omni/000423_lcam_front_lidar.ply,0.25,800,0.8,0.12088,-0.00789,1,0.1185,0.99847,0.23234
Data_omni/000424_lcam_front_lidar.ply,0.25,800,0.8,0.07742,-0.05689,1,0.09183,0.97945,0.27173
Data_omni/000425_lcam_front_lidar.ply,0.25,800,0.8,0.10035,-0.03566,1,0.10892,0.98039,0.26944
Data_omni/000426_lcam_front_lidar.ply,0.25,800,0.8,0.10425,-0.07807,1,0.07004,0.98192,0.27668
Data_omni/000427_lcam_front_lidar.ply,0.25,800,0.8,0.11723,-0.00364,1,0.11804,0.99904,0.22848
Data_omni/000428_lcam_front_lidar.ply,0.25,800,0.8,0.09013,-0.06393,1,0.10207,0.95738,0.29949
Data_omni/000429_lcam_front_lidar.ply,0.25,800,0.8,0.09598,-0.02132,1,0.12024,0.99101,0.27321
Data_omni/000430_lcam_front_lidar.ply,0.25,800,0.8,0.079,-0.06895,1,0.07063,0.98839,0.25837
Data_omni/000431_lcam_front_lidar.ply,0.25,800,0.8,0.09658,-0.03226,1,0.07871,0.99557,0.20408
Data_omni/000432_lcam_front_lidar.ply,0.25,800,0.8,0.08111,-0.04806,1,0.05715,0.99673,0.19078
Data_omni/000433_lcam_front_lidar.ply,0.25,800,0.8,0.10279,0.04877,1,0.2333,0.03397,0.06023
Data_omni/000434_lcam_front_lidar.ply,0.25,800,0.8,0.08261,0.19171,1,0.23134,0.03065,0.05828
Data_omni/000435_lcam_front_lidar.ply,0.25,800,0.8,0.09705,0.105,1,0.08531,0.98878,0.22805
Data_omni/000436_lcam_front_lidar.ply,0.25,800,0.8,0.07874,-0.05727,1,0.04474,0.86249,0.14614
Data_omni/000437_lcam_front_lidar.ply,0.25,800,0.8,0.10427,0.06502,1,0.23036,0.03448,0.06227
Data_omni/000438_lcam_front_lidar.ply,0.25,800,0.8,0.07945,0.19336,1,0.23425,0.03065,0.06063
Data_omni/000439_lcam_front_lidar.ply,0.25,800,0.8,0.09537,0.19352,1,0.23378,0.03037,0.06043
Data_omni/000440_lcam_front_lidar.ply,0.25,800,0.8,0.10176,0.08029,1,0.05679,0.99731,0.22307
Data_omni/000441_lcam_front_lidar.ply,0.25,800,0.8,0.11453,0.05242,1,0.23856,0.03465,0.06348
Data_omni/000442_lcam_front_lidar.ply,0.25,800,0.8,0.07867,0.10506,1,0.04902,0.9982,0.15699
Data_omni/000443_lcam_front_lidar.ply,0.25,800,0.8,0.10336,-0.01516,1,0.1013,0.9992,0.21323
Data_omni/000444_lcam_front_lidar.ply,0.25,800,0.8,0.10279,-0.02936,1,0.04662,0.99942,0.13204
Data_omni/000445_lcam_front_lidar.ply,0.25,800,0.8,0.12118,-0.01454,1,0.09652,0.99938,0.20212
Data_omni/000446_lcam_front_lidar.ply,0.25,800,0.8,0.09344,0.00815,1,0.10115,0.99975,0.1661
Data_omni/000447_lcam_front_lidar.ply,0.25,800,0.8,0.09173,0.05378,1,0.24078,0.02441,0.0614
Data_omni/000448_lcam_front_lidar.ply,0.25,800,0.8,0.06563,0.08435,1,0.05776,0.9598,0.20743
Data_omni/000449_lcam_front_lidar.ply,0.25,800,0.8,0.08751,0.05631,1,0.23725,0.02958,0.06281
Data_omni/000450_lcam_front_lidar.ply,0.25,800,0.8,0.09105,0.13431,1,0.0969,0.99908,0.19604
Data_omni/000451_lcam_front_lidar.ply,0.25,800,0.8,0.08911,0.05572,1,0.24391,0.04765,0.07094
Data_omni/000452_lcam_front_lidar.ply,0.2,800,0.8,0.08945,0.19438,1,0.23928,0.03844,0.06705
Data_omni/000453_lcam_front_lidar.ply,0.2,800,0.8,0.08971,0.19367,1,0.23636,0.03088,0.0631
Data_omni/000454_lcam_front_lidar.ply,0.2,800,0.8,0.09978,0.1918,1,0.23484,0.03593,0.06759
Data_omni/000455_lcam_front_lidar.ply,0.2,800,0.8,0.0983,0.18859,1,0.23102,0.01818,0.05954
Data_omni/000456_lcam_front_lidar.ply,0.2,800,0.8,0.07909,0.19048,1,0.23175,0.03663,0.06807
Data_omni/000457_lcam_front_lidar.ply,0.2,800,0.8,0.08801,0.18629,1,0.22897,0.02062,0.06055
Data_omni/000458_lcam_front_lidar.ply,0.2,800,0.8,0.07934,0.1851,1,0.22525,0.02015,0.06014
Data_omni/000459_lcam_front_lidar.ply,0.2,800,0.8,0.08279,0.18364,1,0.22439,0.02189,0.06202
Data_omni/000460_lcam_front_lidar.ply,0.2,800,0.8,0.07983,0.18316,1,0.22485,0.03634,0.06772
Data_omni/000461_lcam_front_lidar.ply,0.2,800,0.8,0.09895,0.17515,1,0.21843,0.03288,0.06551
Data_omni/000462_lcam_front_lidar.ply,0.2,800,0.8,0.08737,0.17375,1,0.216,0.01337,0.05865
Data_omni/000463_lcam_front_lidar.ply,0.2,800,0.8,0.09329,0.17398,1,0.21366,0.02006,0.06137
Data_omni/000464_lcam_front_lidar.ply,0.2,800,0.8,0.08641,0.17073,1,0.21186,0.03001,0.06525
Data_omni/000465_lcam_front_lidar.ply,0.2,800,0.8,0.10161,0.16865,1,0.2111,0.04199,0.06851
Data_omni/000466_lcam_front_lidar.ply,0.2,800,0.8,0.08341,0.1639,1,0.20856,0.039,0.06842
Data_omni/000467_lcam_front_lidar.ply,0.2,800,0.8,0.11372,0.1614,1,0.2055,0.0285,0.06505
Data_omni/000468_lcam_front_lidar.ply,0.2,800,0.8,0.06871,0.16274,1,0.20631,0.03215,0.06823
Data_omni/000469_lcam_front_lidar.ply,0.2,800,0.8,0.09722,0.15766,1,0.20225,0.03229,0.06922
Data_omni/000470_lcam_front_lidar.ply,0.2,800,0.8,0.08604,0.15396,1,0.19853,0.04134,0.07186
Data_omni/000471_lcam_front_lidar.ply,0.2,800,0.8,0.10899,0.1491,1,0.19554,0.03275,0.0703
Data_omni/000472_lcam_front_lidar.ply,0.2,800,0.8,0.06351,0.15164,1,0.19755,0.04765,0.07628
Data_omni/000473_lcam_front_lidar.ply,0.2,800,0.8,0.11293,0.14569,1,0.19433,0.04579,0.07672
Data_omni/000474_lcam_front_lidar.ply,0.2,800,0.8,0.07354,0.14217,1,0.18928,0.03972,0.07241
Data_omni/000475_lcam_front_lidar.ply,0.2,800,0.8,0.10766,0.13957,1,0.18627,0.03741,0.0727
Data_omni/000476_lcam_front_lidar.ply,0.2,800,0.8,0.09329,0.14117,1,0.18841,0.04839,0.07778
Data_omni/000477_lcam_front_lidar.ply,0.2,800,0.8,0.10162,0.07162,1,0.05201,0.99702,0.22536
Data_omni/000478_lcam_front_lidar.ply,0.2,800,0.8,0.09252,-0.0105,1,0.18174,0.04627,0.07925
Data_omni/000479_lcam_front_lidar.ply,0.2,800,0.8,0.12894,0.12665,1,0.17647,0.04686,0.0798
Data_omni/000480_lcam_front_lidar.ply,0.2,800,0.8,0.08096,0.12585,1,0.17547,0.04758,0.07946
Data_omni/000481_lcam_front_lidar.ply,0.2,800,0.8,0.09195,0.11986,1,0.16882,0.04205,0.07627
Data_omni/000482_lcam_front_lidar.ply,0.2,800,0.8,0.09934,0.11797,1,0.16909,0.04462,0.08301
Data_omni/000483_lcam_front_lidar.ply,0.2,800,0.8,0.11301,0.1187,1,0.16963,0.04526,0.08205
Data_omni/000484_lcam_front_lidar.ply,0.2,800,0.8,0.09942,0.11322,1,0.16208,0.04117,0.07649
Data_omni/000485_lcam_front_lidar.ply,0.2,800,0.8,0.10787,0.1083,1,0.15787,0.04523,0.08035
Data_omni/000486_lcam_front_lidar.ply,0.3,800,0.85,0.13065,0.10827,1,0.10091,0.99724,0.25089
Data_omni/000487_lcam_front_lidar.ply,0.3,800,0.85,0.11093,-0.00213,1,0.12273,0.99924,0.23032
Data_omni/000488_lcam_front_lidar.ply,0.3,800,0.85,0.12269,-0.00461,1,0.14606,0.99987,0.28153
Data_omni/000489_lcam_front_lidar.ply,0.3,800,0.85,0.09537,0.01389,1,0.13014,0.99974,0.21246
Data_omni/000490_lcam_front_lidar.ply,0.3,800,0.85,0.1377,-0.02085,1,0.0791,0.99974,0.1799
Data_omni/000491_lcam_front_lidar.ply,0.3,800,0.85,0.10689,0.02465,1,0.12869,0.99994,0.18814
Data_omni/000492_lcam_front_lidar.ply,0.3,800,0.85,0.10825,-0.12343,1,0.02603,0.99926,0.27872
Data_omni/000493_lcam_front_lidar.ply,0.3,800,0.85,0.11967,-0.00672,1,0.00631,0.99888,0.00595
Data_omni/000494_lcam_front_lidar.ply,0.3,800,0.85,0.10146,-0.17616,1,0.04582,0.85056,0.37946
Data_omni/000495_lcam_front_lidar.ply,0.3,800,0.85,0.1192,0.01643,1,0.14056,0.99995,0.27308
Data_omni/000496_lcam_front_lidar.ply,0.3,800,0.85,0.14264,-0.00903,1,0.12347,1.0,0.24501
Data_omni/000497_lcam_front_lidar.ply,0.3,800,0.85,0.13138,0.04898,1,0.12637,0.99981,0.13473
Data_omni/000498_lcam_front_lidar.ply,0.3,800,0.85,0.12477,0.04916,1,0.13229,0.99993,0.14629
Data_omni/000499_lcam_front_lidar.ply,0.3,800,0.85,0.11438,0.03336,1,0.14063,0.99999,0.19456
Data_omni/000500_lcam_front_lidar.ply,0.3,800,0.85,0.15788,0.03192,1,0.16477,0.99978,0.24562
Data_omni/000501_lcam_front_lidar.ply,0.3,800,0.85,0.12192,0.05797,1,0.16326,0.99993,0.19063
Data_omni/000502_lcam_front_lidar.ply,0.3,800,0.85,0.10914,0.04853,1,0.16941,0.99998,0.22176
Data_omni/000503_lcam_front_lidar.ply,0.3,800,0.85,0.11086,0.04029,1,0.17295,0.99993,0.2453
Data_omni/000504_lcam_front_lidar.ply,0.3,800,0.85,0.11617,0.03652,1,0.17972,0.99995,0.26639
Data_omni/000505_lcam_front_lidar.ply,0.3,800,0.85,0.14152,0.05361,1,0.16036,0.99999,0.19351
Data_omni/000506_lcam_front_lidar.ply,0.3,800,0.85,0.12702,0.0595,1,0.16313,0.99986,0.18721
Data_omni/000507_lcam_front_lidar.ply,0.3,800,0.85,0.12547,0.03852,1,0.16676,0.99992,0.23651
Data_omni/000508_lcam_front_lidar.ply,0.3,800,0.85,0.13026,0.04361,1,0.1604,0.99982,0.21355
Data_omni/000509_lcam_front_lidar.ply,0.25,800,0.8,0.11888,0.05928,1,0.1344,0.99999,0.1303
Data_omni/000510_lcam_front_lidar.ply,0.25,800,0.8,0.16575,0.07041,1,0.13655,0.99999,0.11229
Data_omni/000511_lcam_front_lidar.ply,0.3,800,0.8,0.12097,0.04793,1,0.18525,0.99998,0.25463
Data_omni/000512_lcam_front_lidar.ply,0.3,800,0.85,0.1312,0.05057,1,0.15813,0.9998,0.19506
Data_omni/000513_lcam_front_lidar.ply,0.3,800,0.85,0.1158,0.05286,1,0.16244,0.99999,0.19923
Data_omni/000514_lcam_front_lidar.ply,0.3,800,0.85,0.12677,0.03787,1,0.14966,0.99995,0.20357
Data_omni/000515_lcam_front_lidar.ply,0.3,800,0.85,0.16129,0.05019,1,0.16423,1.0,0.2081
Data_omni/000516_lcam_front_lidar.ply,0.3,800,0.8,0.2085,-0.1307,1,0.05266,0.9054,0.31835
Data_omni/000517_lcam_front_lidar.ply,0.3,800,0.85,0.12088,-0.10074,1,0.03715,0.97295,0.27605
Data_omni/000518_lcam_front_lidar.ply,0.3,800,0.85,0.14406,0.05201,1,0.15495,1.0,0.19401
Data_omni/000519_lcam_front_lidar.ply,0.3,800,0.8,0.12733,0.03924,1,0.14711,0.99998,0.19573
Data_omni/000520_lcam_front_lidar.ply,0.3,800,0.8,0.13696,0.06062,1,0.14068,0.99999,0.14013
Data_omni/000521_lcam_front_lidar.ply,0.25,800,0.8,0.18433,0.05376,1,0.1261,0.99997,0.12467
Data_omni/000522_lcam_front_lidar.ply,0.25,800,0.8,0.12617,0.06592,1,0.11984,0.99996,0.08784
Data_omni/000523_lcam_front_lidar.ply,0.25,800,0.8,0.16819,0.0598,1,0.1574,0.99986,0.17516
Data_omni/000524_lcam_front_lidar.ply,0.3,800,0.8,0.11412,0.06413,1,0.17321,0.99994,0.19817
Data_omni/000525_lcam_front_lidar.ply,0.25,800,0.8,0.12311,0.06801,1,0.15829,0.99983,0.16053
Data_omni/000526_lcam_front_lidar.ply,0.3,800,0.8,0.1555,0.07606,1,0.17851,0.99991,0.18493
Data_omni/000527_lcam_front_lidar.ply,0.3,800,0.85,0.12815,0.05602,1,0.17576,0.99996,0.2195
Data_omni/000528_lcam_front_lidar.ply,0.3,800,0.85,0.11386,0.05686,1,0.16437,0.99992,0.19501
Data_omni/000529_lcam_front_lidar.ply,0.3,800,0.85,0.1284,0.05337,1,0.16036,0.99999,0.19401
Data_omni/000530_lcam_front_lidar.ply,0.3,800,0.85,0.13013,0.06169,1,0.16278,0.99988,0.18215
Data_omni/000531_lcam_front_lidar.ply,0.3,800,0.85,0.14934,0.06221,1,0.16411,1.0,0.18384
Data_omni/000532_lcam_front_lidar.ply,0.3,800,0.85,0.13294,0.04737,1,0.14894,0.99977,0.18308
Data_omni/000533_lcam_front_lidar.ply,0.3,800,0.85,0.11588,0.05227,1,0.16983,0.9999,0.21515
Data_omni/000534_lcam_front_lidar.ply,0.3,800,0.85,0.1458,0.0588,1,0.17392,0.99987,0.21023
Data_omni/000535_lcam_front_lidar.ply,0.3,800,0.85,0.11269,0.05219,1,0.1391,0.99993,0.15385
Data_omni/000536_lcam_front_lidar.ply,0.3,800,0.85,0.13093,0.06584,1,0.15204,0.99998,0.15241
Data_omni/000537_lcam_front_lidar.ply,0.3,800,0.85,0.14285,0.07052,1,0.17497,0.99985,0.18886
Data_omni/000538_lcam_front_lidar.ply,0.3,800,0.85,0.12241,0.06497,1,0.17229,0.99994,0.19467
Data_omni/000539_lcam_front_lidar.ply,0.3,800,0.85,0.14135,0.0451,1,0.13772,0.99992,0.16523
Data_omni/000540_lcam_front_lidar.ply,0.3,800,0.85,0.1507,0.05866,1,0.14013,0.99999,0.14295
Data_omni/000541_lcam_front_lidar.ply,0.3,800,0.85,0.13448,0.04904,1,0.14668,1.0,0.17529
Data_omni/000542_lcam_front_lidar.ply,0.3,800,0.85,0.13898,0.06033,1,0.15516,0.99999,0.16965
Data_omni/000543_lcam_front_lidar.ply,0.3,800,0.85,0.13687,-0.0686,1,0.00339,0.9526,0.10976
Data_omni/000544_lcam_front_lidar.ply,0.3,800,0.8,0.14368,0.05957,1,0.14214,0.99995,0.15934
Data_omni/000545_lcam_front_lidar.ply,0.3,800,0.85,0.14145,0.04751,1,0.14357,0.99986,0.17208
Data_omni/000546_lcam_front_lidar.ply,0.3,800,0.85,0.12532,0.07563,1,0.16944,0.99998,0.16766
Data_omni/000547_lcam_front_lidar.ply,0.3,800,0.85,0.12678,0.06491,1,0.16059,0.99988,0.17132
Data_omni/000548_lcam_front_lidar.ply,0.3,800,0.85,0.14469,0.06016,1,0.15068,0.99997,0.16107
Data_omni/000549_lcam_front_lidar.ply,0.3,800,0.8,0.12239,0.06739,1,0.15182,0.99989,0.14882
Data_omni/000550_lcam_front_lidar.ply,0.3,800,0.85,0.13425,0.06992,1,0.1412,0.99996,0.12257
Data_omni/000551_lcam_front_lidar.ply,0.3,800,0.8,0.16013,0.07203,1,0.14382,1.0,0.1236
Data_omni/000552_lcam_front_lidar.ply,0.3,800,0.8,0.1229,0.06457,1,0.14113,0.99989,0.1331
Data_omni/000553_lcam_front_lidar.ply,0.3,800,0.8,0.12724,0.05847,1,0.15872,0.99994,0.18052
Data_omni/000554_lcam_front_lidar.ply,0.3,800,0.85,0.13728,0.06839,1,0.12764,0.99998,0.0985
Data_omni/000555_lcam_front_lidar.ply,0.3,800,0.8,0.13472,0.06379,1,0.14487,0.99991,0.14215
Data_omni/000556_lcam_front_lidar.ply,0.3,800,0.85,0.13673,0.06508,1,0.14249,0.99999,0.13484
Data_omni/000557_lcam_front_lidar.ply,0.3,800,0.85,0.12274,0.06437,1,0.1375,0.99994,0.12626
Data_omni/000558_lcam_front_lidar.ply,0.25,800,0.8,0.13602,0.06383,1,0.12408,0.99991,0.1005
Data_omni/000559_lcam_front_lidar.ply,0.25,800,0.8,0.18103,0.0688,1,0.13409,0.9999,0.11057
Data_omni/000560_lcam_front_lidar.ply,0.25,800,0.8,0.15355,0.07696,1,0.13431,0.99996,0.09473
Data_omni/000561_lcam_front_lidar.ply,0.3,800,0.85,0.134,0.06697,1,0.14471,0.99988,0.13545
Data_omni/000562_lcam_front_lidar.ply,0.25,800,0.8,0.1517,0.06983,1,0.13101,0.99995,0.10239
Data_omni/000563_lcam_front_lidar.ply,0.25,800,0.8,0.14119,0.06506,1,0.12978,0.99995,0.10944
Data_omni/000564_lcam_front_lidar.ply,0.25,800,0.8,0.14742,0.07175,1,0.1407,0.99999,0.11789
Data_omni/000565_lcam_front_lidar.ply,0.25,800,0.8,0.13443,0.07323,1,0.1365,0.99996,0.10653
Data_omni/000566_lcam_front_lidar.ply,0.25,800,0.8,0.13538,0.07401,1,0.1391,0.99998,0.1102
Data_omni/000567_lcam_front_lidar.ply,0.3,800,0.85,0.13419,0.07106,1,0.14767,0.99995,0.13321
Data_omni/000568_lcam_front_lidar.ply,0.3,800,0.85,0.12349,0.06604,1,0.1515,0.9999,0.1509
Data_omni/000569_lcam_front_lidar.ply,0.3,800,0.85,0.11078,0.07457,1,0.15891,0.99989,0.14868
Data_omni/000570_lcam_front_lidar.ply,0.3,800,0.85,0.15321,0.07755,1,0.16148,0.99993,0.14787
Data_omni/000571_lcam_front_lidar.ply,0.25,800,0.8,0.12537,0.08202,1,0.15322,0.99996,0.1224
Data_omni/000572_lcam_front_lidar.ply,0.3,800,0.8,0.15001,0.07745,1,0.15885,0.9999,0.14279
Data_omni/000573_lcam_front_lidar.ply,0.3,800,0.85,0.16076,0.07972,1,0.15734,0.99995,0.13527
Data_omni/000574_lcam_front_lidar.ply,0.25,800,0.8,0.12787,0.07232,1,0.14823,0.99992,0.13182
Data_omni/000575_lcam_front_lidar.ply,0.25,800,0.8,0.13247,0.07341,1,0.14448,0.99993,0.12216
Data_omni/000576_lcam_front_lidar.ply,0.25,800,0.8,0.13246,0.07549,1,0.14776,0.9999,0.12452
Data_omni/000577_lcam_front_lidar.ply,0.25,800,0.8,0.12298,0.07746,1,0.14993,0.99991,0.12494
Data_omni/000578_lcam_front_lidar.ply,0.3,800,0.8,0.14681,0.07297,1,0.15732,0.99988,0.14868
Data_omni/000579_lcam_front_lidar.ply,0.3,800,0.8,0.11896,0.08082,1,0.17342,0.99981,0.16518
Data_omni/000580_lcam_front_lidar.ply,0.3,800,0.8,0.12541,0.07458,1,0.17136,0.99979,0.17356
Data_omni/000581_lcam_front_lidar.ply,0.3,800,0.8,0.14051,0.08578,1,0.16492,0.99992,0.13832
Data_omni/000582_lcam_front_lidar.ply,0.3,800,0.8,0.11917,0.07677,1,0.1592,0.99987,0.14484
Data_omni/000583_lcam_front_lidar.ply,0.25,800,0.8,0.12896,0.07455,1,0.16265,0.99987,0.15621
Data_omni/000584_lcam_front_lidar.ply,0.25,800,0.8,0.12897,0.07057,1,0.1408,0.99994,0.12047
Data_omni/000585_lcam_front_lidar.ply,0.3,800,0.8,0.09557,0.08301,1,0.167,0.99989,0.14797
Data_omni/000586_lcam_front_lidar.ply,0.25,800,0.8,0.14744,0.08508,1,0.16153,0.99996,0.13293
Data_omni/000587_lcam_front_lidar.ply,0.25,800,0.8,0.13169,0.07426,1,0.14643,0.99994,0.12432
Data_omni/000588_lcam_front_lidar.ply,0.3,800,0.8,0.13579,0.07247,1,0.17407,0.99991,0.1832
Data_omni/000589_lcam_front_lidar.ply,0.3,800,0.8,0.12709,0.07032,1,0.17165,0.99986,0.18265
Data_omni/000590_lcam_front_lidar.ply,0.3,800,0.8,0.1125,0.08482,1,0.17069,0.9999,0.15175
Data_omni/000591_lcam_front_lidar.ply,0.25,800,0.8,0.16202,0.08536,1,0.14602,0.99992,0.10132
Data_omni/000592_lcam_front_lidar.ply,0.25,800,0.8,0.12207,0.07075,1,0.15357,0.99991,0.14565
Data_omni/000593_lcam_front_lidar.ply,0.25,800,0.8,0.11105,0.06818,1,0.15025,0.99995,0.14415
Data_omni/000594_lcam_front_lidar.ply,0.25,800,0.8,0.15227,0.05731,1,0.13306,0.99989,0.13149
Data_omni/000595_lcam_front_lidar.ply,0.3,800,0.8,0.13477,0.0601,1,0.16829,0.9998,0.19635
Data_omni/000596_lcam_front_lidar.ply,0.3,800,0.8,0.11111,0.06546,1,0.16574,0.99979,0.18056
Data_omni/000597_lcam_front_lidar.ply,0.25,800,0.8,0.16228,0.0655,1,0.1481,0.99992,0.14525
Data_omni/000598_lcam_front_lidar.ply,0.3,800,0.8,0.11601,0.05976,1,0.17281,0.99981,0.20606
Data_omni/000599_lcam_front_lidar.ply,0.3,800,0.8,0.1308,0.06535,1,0.16665,0.99975,0.18259
Data_omni/000600_lcam_front_lidar.ply,0.3,800,0.8,0.21432,0.06594,1,0.14894,0.99993,0.14606
Data_omni/000601_lcam_front_lidar.ply,0.3,800,0.8,0.11151,0.06001,1,0.15376,0.99998,0.16751
Data_omni/000602_lcam_front_lidar.ply,0.3,800,0.8,0.13892,0.05553,1,0.16108,0.99987,0.19107
Data_omni/000603_lcam_front_lidar.ply,0.3,800,0.8,0.11628,0.04668,1,0.16599,0.9998,0.2186
Data_omni/000604_lcam_front_lidar.ply,0.25,800,0.8,0.10936,0.06181,1,0.14506,0.99989,0.14653
Data_omni/000605_lcam_front_lidar.ply,0.25,800,0.8,0.13265,0.05744,1,0.14674,0.99992,0.1586
Data_omni/000606_lcam_front_lidar.ply,0.25,800,0.8,0.12693,0.06131,1,0.1485,0.99992,0.15439
Data_omni/000607_lcam_front_lidar.ply,0.25,800,0.8,0.11257,0.05424,1,0.14702,0.99992,0.16554
Data_omni/000608_lcam_front_lidar.ply,0.3,800,0.8,0.15022,0.04136,1,0.16535,0.99991,0.22798
Data_omni/000609_lcam_front_lidar.ply,0.25,800,0.8,0.13394,0.06394,1,0.14774,0.99995,0.1476
Data_omni/000610_lcam_front_lidar.ply,0.3,800,0.8,0.1273,0.06422,1,0.15735,0.99993,0.16626
Data_omni/000611_lcam_front_lidar.ply,0.3,800,0.8,0.15789,0.0455,1,0.16421,0.99987,0.21741
Data_omni/000612_lcam_front_lidar.ply,0.3,800,0.8,0.13987,0.0463,1,0.16377,0.99979,0.21491
Data_omni/000613_lcam_front_lidar.ply,0.3,800,0.8,0.14196,0.05631,1,0.16282,0.99983,0.19302
Data_omni/000614_lcam_front_lidar.ply,0.25,800,0.8,0.13865,0.06348,1,0.14889,0.99995,0.15085
Data_omni/000615_lcam_front_lidar.ply,0.3,800,0.8,0.1497,0.04612,1,0.16229,0.99989,0.21232
Data_omni/000616_lcam_front_lidar.ply,0.3,800,0.8,0.14074,0.05319,1,0.15869,0.99982,0.19099
Data_omni/000617_lcam_front_lidar.ply,0.3,800,0.8,0.16546,0.0524,1,0.16298,0.99986,0.20118
Data_omni/000618_lcam_front_lidar.ply,0.25,800,0.8,0.1485,0.04664,1,0.13374,0.99992,0.15423
Data_omni/000619_lcam_front_lidar.ply,0.25,800,0.8,0.15113,0.05231,1,0.13168,0.99995,0.13875
Data_omni/000620_lcam_front_lidar.ply,0.25,800,0.8,0.16984,0.04653,1,0.13366,0.99991,0.15425
Data_omni/000621_lcam_front_lidar.ply,0.25,800,0.8,0.14246,0.03789,1,0.13479,0.9999,0.17379
Data_omni/000622_lcam_front_lidar.ply,0.25,800,0.8,0.14692,0.04383,1,0.13585,0.99992,0.16403
Data_omni/000623_lcam_front_lidar.ply,0.25,800,0.8,0.16905,0.04741,1,0.13863,0.99993,0.16244
Data_omni/000624_lcam_front_lidar.ply,0.25,800,0.8,0.13831,0.04378,1,0.13431,0.99994,0.16108
Data_omni/000625_lcam_front_lidar.ply,0.25,800,0.8,0.12103,0.03915,1,0.14454,0.99981,0.19074
Data_omni/000626_lcam_front_lidar.ply,0.25,800,0.8,0.17394,0.04179,1,0.13737,0.99988,0.17117
Data_omni/000627_lcam_front_lidar.ply,0.25,800,0.8,0.12734,0.04616,1,0.13796,0.99995,0.16363
Data_omni/000628_lcam_front_lidar.ply,0.25,800,0.8,0.13847,0.04284,1,0.13734,0.99994,0.16901
Data_omni/000629_lcam_front_lidar.ply,0.25,800,0.8,0.15102,0.04288,1,0.14233,0.99992,0.17889
Data_omni/000630_lcam_front_lidar.ply,0.25,800,0.8,0.13612,0.04259,1,0.14181,0.99984,0.17843
Data_omni/000631_lcam_front_lidar.ply,0.25,800,0.8,0.13454,0.04714,1,0.13247,0.99998,0.15071
Data_omni/000632_lcam_front_lidar.ply,0.25,800,0.8,0.14689,0.04454,1,0.13221,0.99998,0.15532
Data_omni/000633_lcam_front_lidar.ply,0.2,800,0.8,0.13631,0.01902,1,0.10899,0.99983,0.15989
Data_omni/000634_lcam_front_lidar.ply,0.25,800,0.8,0.11434,0.04702,1,0.15813,0.99993,0.20226
Data_omni/000635_lcam_front_lidar.ply,0.2,800,0.8,0.1494,0.03159,1,0.11847,0.99974,0.1537
Data_omni/000636_lcam_front_lidar.ply,0.2,800,0.8,0.15837,0.01502,1,0.10511,0.99981,0.16019
Data_omni/000637_lcam_front_lidar.ply,0.2,800,0.8,0.15515,0.02837,1,0.09864,0.99995,0.12059
Data_omni/000638_lcam_front_lidar.ply,0.2,800,0.8,0.15378,0.05097,1,0.10025,0.99996,0.07855
Data_omni/000639_lcam_front_lidar.ply,0.2,800,0.8,0.14698,0.03208,1,0.11687,0.99977,0.14953
Data_omni/000640_lcam_front_lidar.ply,0.25,800,0.8,0.13616,0.03132,1,0.13529,0.99997,0.18801
Data_omni/000641_lcam_front_lidar.ply,0.25,800,0.8,0.16061,0.02998,1,0.13303,0.99997,0.1861
Data_omni/000642_lcam_front_lidar.ply,0.2,800,0.8,0.16422,0.04892,1,0.11422,0.99987,0.11057
Data_omni/000643_lcam_front_lidar.ply,0.25,800,0.8,0.13698,0.03496,1,0.13626,1.0,0.18265
Data_omni/000644_lcam_front_lidar.ply,0.2,800,0.8,0.14373,0.01736,1,0.10546,0.99987,0.15618
Data_omni/000645_lcam_front_lidar.ply,0.2,800,0.8,0.1694,0.01705,1,0.10883,0.99997,0.16358
Data_omni/000646_lcam_front_lidar.ply,0.2,800,0.8,0.16134,0.02845,1,0.11859,0.99974,0.16022
Data_omni/000647_lcam_front_lidar.ply,0.2,800,0.8,0.14669,0.01393,1,0.10392,0.99971,0.15996
Data_omni/000648_lcam_front_lidar.ply,0.2,800,0.8,0.15566,0.03748,1,0.126,0.99978,0.15706
Data_omni/000649_lcam_front_lidar.ply,0.2,800,0.8,0.15625,0.00995,1,0.10253,0.99991,0.1652
Data_omni/000650_lcam_front_lidar.ply,0.2,800,0.8,0.16386,-0.04015,1,0.0549,0.99794,0.16951
Data_omni/000651_lcam_front_lidar.ply,0.2,800,0.8,0.1773,0.02418,1,0.08467,0.99973,0.10152
Data_omni/000652_lcam_front_lidar.ply,0.2,800,0.8,0.14645,0.02842,1,0.10974,0.99975,0.14265
Data_omni/000653_lcam_front_lidar.ply,0.2,800,0.8,0.14728,0.03564,1,0.10212,0.99981,0.11298
Data_omni/000654_lcam_front_lidar.ply,0.2,800,0.8,0.17441,0.02997,1,0.09051,0.99988,0.10109
Data_omni/000655_lcam_front_lidar.ply,0.2,800,0.8,0.14293,0.03863,1,0.10205,0.99981,0.10684
Data_omni/000656_lcam_front_lidar.ply,0.2,800,0.8,0.13243,0.02238,1,0.09106,0.9999,0.11739
Data_omni/000657_lcam_front_lidar.ply,0.2,800,0.8,0.14064,0.03669,1,0.08611,0.99991,0.07884
Data_omni/000658_lcam_front_lidar.ply,0.2,800,0.8,0.12345,0.03011,1,0.0987,0.99998,0.1172
Data_omni/000659_lcam_front_lidar.ply,0.2,800,0.8,0.13548,0.00717,1,0.10183,0.99998,0.16932
Data_omni/000660_lcam_front_lidar.ply,0.2,800,0.8,0.16069,0.02614,1,0.09403,1.0,0.11578
Data_omni/000661_lcam_front_lidar.ply,0.2,800,0.8,0.12879,0.01969,1,0.11923,0.99921,0.17883
Data_omni/000662_lcam_front_lidar.ply,0.2,800,0.8,0.14224,0.03549,1,0.0925,0.99995,0.09424
Data_omni/000663_lcam_front_lidar.ply,0.2,800,0.8,0.14179,0.01675,1,0.07883,0.99944,0.104
Data_omni/000664_lcam_front_lidar.ply,0.2,800,0.8,0.12887,0.01888,1,0.09368,0.99907,0.12948
Data_omni/000665_lcam_front_lidar.ply,0.2,800,0.8,0.18188,0.02055,1,0.08052,0.99974,0.10015
Data_omni/000666_lcam_front_lidar.ply,0.2,800,0.8,0.14635,0.03816,1,0.07278,0.99999,0.0493
Data_omni/000667_lcam_front_lidar.ply,0.2,800,0.8,0.1327,0.03707,1,0.07645,1.0,0.05876
Data_omni/000668_lcam_front_lidar.ply,0.2,800,0.8,0.14173,0.02325,1,0.07545,0.99987,0.08437
Data_omni/000669_lcam_front_lidar.ply,0.2,800,0.8,0.13437,0.02422,1,0.06555,0.99999,0.0627
Data_omni/000670_lcam_front_lidar.ply,0.2,800,0.8,0.14246,0.0272,1,0.06595,0.99997,0.05749
Data_omni/000671_lcam_front_lidar.ply,0.25,800,0.8,0.11678,0.03309,1,0.13603,0.99904,0.18561
Data_omni/000672_lcam_front_lidar.ply,0.2,800,0.8,0.11524,0.02716,1,0.06704,0.99999,0.06004
Data_omni/000673_lcam_front_lidar.ply,0.2,800,0.8,0.12869,0.01645,1,0.07363,0.99974,0.09428
Data_omni/000674_lcam_front_lidar.ply,0.2,800,0.8,0.12139,0.02061,1,0.09586,0.9997,0.13047
Data_omni/000675_lcam_front_lidar.ply,0.2,800,0.8,0.14867,0.01252,1,0.05566,0.99999,0.06637
Data_omni/000676_lcam_front_lidar.ply,0.2,800,0.8,0.11844,0.02038,1,0.06411,0.99999,0.06746
Data_omni/000677_lcam_front_lidar.ply,0.2,800,0.8,0.13213,0.03845,1,0.07479,0.99998,0.05267
Data_omni/000678_lcam_front_lidar.ply,0.2,800,0.8,0.1055,0.03049,1,0.07136,0.99998,0.06174
Data_omni/000679_lcam_front_lidar.ply,0.2,800,0.8,0.11873,0.02261,1,0.08174,0.99983,0.09823
Data_omni/000680_lcam_front_lidar.ply,0.2,800,0.8,0.16262,-0.0312,1,0.05864,0.99861,0.15931
Data_omni/000681_lcam_front_lidar.ply,0.2,800,0.8,0.1217,0.02576,1,0.05775,1.0,0.04439
Data_omni/000682_lcam_front_lidar.ply,0.2,800,0.8,0.14171,0.01393,1,0.05145,0.99998,0.05503
Data_omni/000683_lcam_front_lidar.ply,0.2,800,0.8,0.11372,0.01651,1,0.08581,0.99902,0.11831
Data_omni/000684_lcam_front_lidar.ply,0.2,800,0.8,0.12366,0.02008,1,0.0742,0.99998,0.08854
Data_omni/000685_lcam_front_lidar.ply,0.2,800,0.8,0.14633,-0.05023,1,0.147,0.0066,0.07644
Data_omni/000686_lcam_front_lidar.ply,0.2,800,0.8,0.13425,0.09806,1,0.14799,0.0067,0.07989
Data_omni/000687_lcam_front_lidar.ply,0.2,800,0.8,0.15062,0.10262,1,0.15156,0.00821,0.07833
Data_omni/000688_lcam_front_lidar.ply,0.2,800,0.8,0.12859,0.17392,1,0.11439,0.9992,0.15822
Data_omni/000689_lcam_front_lidar.ply,0.2,800,0.8,0.14219,0.02487,1,0.06116,0.99997,0.0528
Data_omni/000690_lcam_front_lidar.ply,0.2,800,0.8,0.17,-0.04647,1,0.00421,0.99111,0.07869
Data_omni/000691_lcam_front_lidar.ply,0.2,800,0.8,0.1517,0.01528,1,0.1187,0.99968,0.18941
Data_omni/000692_lcam_front_lidar.ply,0.2,800,0.8,0.13821,0.02228,1,0.12419,0.99969,0.18383
Data_omni/000693_lcam_front_lidar.ply,0.2,800,0.8,0.16918,0.01345,1,0.10493,0.99974,0.16298
Data_omni/000694_lcam_front_lidar.ply,0.2,800,0.8,0.12303,0.01977,1,0.10406,0.99986,0.14861
Data_omni/000695_lcam_front_lidar.ply,0.2,800,0.8,0.15384,0.03085,1,0.12292,0.99984,0.16414
Data_omni/000696_lcam_front_lidar.ply,0.2,800,0.8,0.11427,0.03176,1,0.13965,0.99972,0.19574
Data_omni/000697_lcam_front_lidar.ply,0.2,800,0.8,0.11829,0.01742,1,0.11417,0.99955,0.17345
Data_omni/000698_lcam_front_lidar.ply,0.2,800,0.8,0.14648,0.03131,1,0.13841,0.9997,0.19424
Data_omni/000699_lcam_front_lidar.ply,0.2,800,0.8,0.1272,-0.0598,1,0.03516,0.9447,0.15343
Data_omni/000700_lcam_front_lidar.ply,0.2,800,0.8,0.1256,0.04309,1,0.12608,0.99977,0.16251
Data_omni/000701_lcam_front_lidar.ply,0.2,800,0.8,0.12011,-0.08994,1,0.0341,0.86093,0.18643
Data_omni/000702_lcam_front_lidar.ply,0.2,800,0.8,0.14033,0.04244,1,0.10145,0.99863,0.13934
Data_omni/000703_lcam_front_lidar.ply,0.2,800,0.8,0.10703,-0.07687,1,0.05434,0.99108,0.24017
Data_omni/000704_lcam_front_lidar.ply,0.2,800,0.8,0.11295,-0.06147,1,0.03432,0.93431,0.15455
Data_omni/000705_lcam_front_lidar.ply,0.2,800,0.8,0.14638,0.03127,1,0.1002,0.99854,0.13714
Data_omni/000706_lcam_front_lidar.ply,0.2,800,0.8,0.11675,-0.07707,1,0.03964,0.92326,0.19083
Data_omni/000707_lcam_front_lidar.ply,0.2,800,0.8,0.11883,0.05186,1,0.09636,0.99998,0.09202
Data_omni/000708_lcam_front_lidar.ply,0.2,800,0.8,0.1135,-0.08024,1,0.00682,0.96716,0.14426
Data_omni/000709_lcam_front_lidar.ply,0.2,800,0.8,0.10864,-0.03655,1,0.02001,0.99792,0.10234
Data_omni/000710_lcam_front_lidar.ply,0.2,800,0.8,0.10532,0.0421,1,0.13672,0.99951,0.16971
Data_omni/000711_lcam_front_lidar.ply,0.2,800,0.8,0.10881,0.04968,1,0.12986,0.99921,0.14027
Data_omni/000712_lcam_front_lidar.ply,0.2,800,0.8,0.11238,0.04746,1,0.1329,0.99942,0.15096
Data_omni/000713_lcam_front_lidar.ply,0.2,800,0.8,0.10511,0.0526,1,0.13076,0.9992,0.13625
Data_omni/000714_lcam_front_lidar.ply,0.2,800,0.8,0.11752,0.04338,1,0.12995,0.99944,0.15322
Data_omni/000715_lcam_front_lidar.ply,0.2,800,0.8,0.10498,0.04295,1,0.13504,0.99946,0.16418
Data_omni/000716_lcam_front_lidar.ply,0.2,800,0.8,0.11126,-0.08503,1,0.03353,0.92835,0.19578
Data_omni/000717_lcam_front_lidar.ply,0.2,800,0.8,0.10305,0.06441,1,0.13565,0.9993,0.14377
Data_omni/000718_lcam_front_lidar.ply,0.2,800,0.8,0.11162,-0.08478,1,0.04092,0.89762,0.20088
Data_omni/000719_lcam_front_lidar.ply,0.2,800,0.8,0.08725,0.07179,1,0.13569,0.9995,0.13837
Data_omni/000720_lcam_front_lidar.ply,0.2,800,0.8,0.10464,-0.06577,1,0.00692,0.97704,0.11864
Data_omni/000721_lcam_front_lidar.ply,0.2,800,0.8,0.10607,0.05886,1,0.13981,0.99945,0.14861
Data_omni/000722_lcam_front_lidar.ply,0.2,800,0.8,0.10447,0.05421,1,0.13672,0.99979,0.14512
Data_omni/000723_lcam_front_lidar.ply,0.2,800,0.8,0.11653,0.05406,1,0.13549,0.99979,0.14286
Data_omni/000724_lcam_front_lidar.ply,0.2,800,0.8,0.10893,0.05617,1,0.14225,0.99938,0.15203
Data_omni/000725_lcam_front_lidar.ply,0.2,800,0.8,0.12425,-0.08594,1,0.03635,0.87565,0.18747
Data_omni/000726_lcam_front_lidar.ply,0.2,800,0.8,0.11275,-0.04561,1,0.00789,0.97321,0.11626
Data_omni/000727_lcam_front_lidar.ply,0.2,800,0.8,0.1067,-0.08044,1,0.045,0.86845,0.19944
Data_omni/000728_lcam_front_lidar.ply,0.2,800,0.8,0.11255,-0.04473,1,0.00787,0.97719,0.11782
Data_omni/000729_lcam_front_lidar.ply,0.2,800,0.8,0.09856,0.0464,1,0.13914,0.9997,0.17222
Data_omni/000730_lcam_front_lidar.ply,0.2,800,0.8,0.11692,-0.08728,1,0.0467,0.89188,0.21561
Data_omni/000731_lcam_front_lidar.ply,0.2,800,0.8,0.11056,0.06438,1,0.12501,0.99951,0.13355
Data_omni/000732_lcam_front_lidar.ply,0.2,800,0.8,0.12003,-0.08248,1,0.04447,0.86146,0.19248
Data_omni/000733_lcam_front_lidar.ply,0.2,800,0.8,0.11157,-0.06458,1,0.04701,0.88394,0.20993
Data_omni/000734_lcam_front_lidar.ply,0.2,800,0.8,0.1324,-0.0572,1,0.00985,0.98975,0.14585
Data_omni/000735_lcam_front_lidar.ply,0.2,800,0.8,0.09767,-0.073,1,0.01009,0.98876,0.14588
Data_omni/000736_lcam_front_lidar.ply,0.2,800,0.8,0.10199,-0.08185,1,0.04392,0.88058,0.19909
Data_omni/000737_lcam_front_lidar.ply,0.2,800,0.8,0.11189,-0.07901,1,0.03633,0.88934,0.2133
Data_omni/000738_lcam_front_lidar.ply,0.2,800,0.8,0.1092,-0.07015,1,0.03916,0.89876,0.20145
Data_omni/000739_lcam_front_lidar.ply,0.2,800,0.8,0.12719,0.06363,1,0.13743,0.99991,0.15794
Data_omni/000740_lcam_front_lidar.ply,0.2,800,0.8,0.11438,0.04848,1,0.14709,0.99989,0.17721
Data_omni/000741_lcam_front_lidar.ply,0.2,800,0.8,0.12049,0.05664,1,0.14064,0.99973,0.14794
Data_omni/000742_lcam_front_lidar.ply,0.2,800,0.8,0.11159,-0.1052,1,0.03781,0.80267,0.20691
Data_omni/000743_lcam_front_lidar.ply,0.2,800,0.8,0.11384,-0.07115,1,0.03079,0.8733,0.20506
Data_omni/000744_lcam_front_lidar.ply,0.2,800,0.8,0.13446,0.07922,1,0.13505,0.99988,0.12964
Data_omni/000745_lcam_front_lidar.ply,0.2,800,0.8,0.10886,-0.06385,1,0.00888,0.99259,0.12326
Data_omni/000746_lcam_front_lidar.ply,0.2,800,0.8,0.11098,-0.11685,1,0.02857,0.80798,0.21544
Data_omni/000747_lcam_front_lidar.ply,0.2,800,0.8,0.10732,0.08688,1,0.14577,0.99986,0.15536
Data_omni/000748_lcam_front_lidar.ply,0.2,800,0.8,0.11306,0.05916,1,0.13868,0.99999,0.13907
Data_omni/000749_lcam_front_lidar.ply,0.2,800,0.8,0.121,0.05864,1,0.14456,0.99973,0.15178
Data_omni/000750_lcam_front_lidar.ply,0.2,800,0.8,0.11112,-0.09504,1,0.03102,0.89082,0.19946
Data_omni/000751_lcam_front_lidar.ply,0.2,800,0.8,0.1323,-0.05115,1,0.03893,0.95642,0.17985
Data_omni/000752_lcam_front_lidar.ply,0.2,800,0.8,0.10681,0.07862,1,0.14078,0.99988,0.11736
Data_omni/000753_lcam_front_lidar.ply,0.2,800,0.8,0.12448,-0.08329,1,0.0116,0.99018,0.16687
Data_omni/000754_lcam_front_lidar.ply,0.2,800,0.8,0.1174,-0.08445,1,0.01437,0.99631,0.17947
Data_omni/000755_lcam_front_lidar.ply,0.2,800,0.8,0.11646,0.05794,1,0.13841,0.9998,0.14199
Data_omni/000756_lcam_front_lidar.ply,0.2,800,0.8,0.11076,0.05065,1,0.12835,0.99978,0.13539
Data_omni/000757_lcam_front_lidar.ply,0.2,800,0.8,0.10936,-0.07879,1,0.00383,0.97778,0.13865
Data_omni/000758_lcam_front_lidar.ply,0.2,800,0.8,0.13115,0.0667,1,0.14806,0.99996,0.14938
Data_omni/000759_lcam_front_lidar.ply,0.2,800,0.8,0.10545,0.05501,1,0.13492,0.99985,0.13979
Data_omni/000760_lcam_front_lidar.ply,0.2,800,0.8,0.11459,0.05999,1,0.14674,0.99987,0.15351
Data_omni/000761_lcam_front_lidar.ply,0.2,800,0.8,0.11645,0.05501,1,0.14048,0.99999,0.15098
Data_omni/000762_lcam_front_lidar.ply,0.2,800,0.8,0.0974,-0.07925,1,0.02842,0.93492,0.17582
Data_omni/000763_lcam_front_lidar.ply,0.2,800,0.8,0.13634,0.06571,1,0.14141,0.99991,0.1509
Data_omni/000764_lcam_front_lidar.ply,0.2,800,0.8,0.12533,0.05124,1,0.13476,0.99989,0.14704
Data_omni/000765_lcam_front_lidar.ply,0.2,800,0.8,0.10561,-0.05181,1,0.03577,0.9952,0.15377
Data_omni/000766_lcam_front_lidar.ply,0.2,800,0.8,0.10894,-0.06909,1,0.00762,0.95702,0.12196
Data_omni/000767_lcam_front_lidar.ply,0.2,800,0.8,0.11128,-0.00182,1,0.00259,0.99871,0.00131
Data_omni/000768_lcam_front_lidar.ply,0.2,800,0.8,0.11817,-0.06779,1,0.00929,0.93441,0.11486
Data_omni/000769_lcam_front_lidar.ply,0.2,800,0.8,0.11717,0.06982,1,0.1315,0.99987,0.12298
Data_omni/000770_lcam_front_lidar.ply,0.2,800,0.8,0.14467,0.05733,1,0.13005,0.99993,0.12545
Data_omni/000771_lcam_front_lidar.ply,0.2,800,0.8,0.12146,0.06714,1,0.14937,0.99982,0.14442
Data_omni/000772_lcam_front_lidar.ply,0.2,800,0.8,0.14846,0.06185,1,0.14536,0.9999,0.14704
Data_omni/000773_lcam_front_lidar.ply,0.2,800,0.8,0.12898,0.05799,1,0.13842,0.99992,0.14087
Data_omni/000774_lcam_front_lidar.ply,0.2,800,0.8,0.13842,0.07157,1,0.14173,0.99997,0.12033
Data_omni/000775_lcam_front_lidar.ply,0.2,800,0.8,0.14269,0.06297,1,0.14962,0.99986,0.15328
Data_omni/000776_lcam_front_lidar.ply,0.2,800,0.8,0.1144,0.07209,1,0.14184,0.99997,0.11953
Data_omni/000777_lcam_front_lidar.ply,0.2,800,0.8,0.14499,-0.07809,1,0.00958,0.94667,0.13935
Data_omni/000778_lcam_front_lidar.ply,0.2,800,0.8,0.11063,0.07348,1,0.13975,0.9999,0.1285
Data_omni/000779_lcam_front_lidar.ply,0.2,800,0.8,0.11783,0.0621,1,0.15114,0.99999,0.15811
Data_omni/000780_lcam_front_lidar.ply,0.2,800,0.8,0.11281,0.06634,1,0.14017,0.99985,0.12762
Data_omni/000781_lcam_front_lidar.ply,0.2,800,0.8,0.12059,0.0611,1,0.14319,0.99987,0.14418
Data_omni/000782_lcam_front_lidar.ply,0.2,800,0.8,0.11138,0.0609,1,0.13577,0.99988,0.12975
Data_omni/000783_lcam_front_lidar.ply,0.2,800,0.8,0.10932,0.05849,1,0.13564,0.99989,0.13431
Data_omni/000784_lcam_front_lidar.ply,0.2,800,0.8,0.11277,0.06618,1,0.13885,0.99984,0.12533
Data_omni/000785_lcam_front_lidar.ply,0.2,800,0.8,0.10912,0.06158,1,0.13121,0.99985,0.11925
Data_omni/000786_lcam_front_lidar.ply,0.2,800,0.8,0.10133,0.06574,1,0.13622,0.99987,0.12096
Data_omni/000787_lcam_front_lidar.ply,0.2,800,0.8,0.116,0.06616,1,0.12766,0.99989,0.10301
Data_omni/000788_lcam_front_lidar.ply,0.2,800,0.8,0.10261,0.06091,1,0.13775,0.9998,0.13367
Data_omni/000789_lcam_front_lidar.ply,0.2,800,0.8,0.137,0.06121,1,0.13614,0.99981,0.12987
Data_omni/000790_lcam_front_lidar.ply,0.2,800,0.8,0.1129,-0.01117,1,0.00069,0.98783,0.00013
Data_omni/000791_lcam_front_lidar.ply,0.2,800,0.8,0.12656,0.06562,1,0.13356,0.99988,0.11951
Data_omni/000792_lcam_front_lidar.ply,0.2,800,0.8,0.11436,0.06234,1,0.13759,0.99986,0.1305
Data_omni/000793_lcam_front_lidar.ply,0.2,800,0.8,0.1091,0.06464,1,0.14269,0.99987,0.13611
Data_omni/000794_lcam_front_lidar.ply,0.2,800,0.8,0.13283,0.06953,1,0.14883,0.99987,0.1386
Data_omni/000795_lcam_front_lidar.ply,0.2,800,0.8,0.11297,0.05553,1,0.13796,0.99999,0.14491
Data_omni/000796_lcam_front_lidar.ply,0.2,800,0.8,0.13799,0.07299,1,0.14604,0.99991,0.12608
Data_omni/000797_lcam_front_lidar.ply,0.2,800,0.8,0.12369,0.0662,1,0.14018,0.99986,0.12794
Data_omni/000798_lcam_front_lidar.ply,0.2,800,0.8,0.11105,0.0718,1,0.14234,0.99982,0.12106
Data_omni/000799_lcam_front_lidar.ply,0.2,800,0.8,0.12477,0.0698,1,0.14086,0.99985,0.12212
Data_omni/000800_lcam_front_lidar.ply,0.2,800,0.8,0.12024,0.08,1,0.15391,0.99992,0.12784
Data_omni/000801_lcam_front_lidar.ply,0.2,800,0.8,0.15544,0.06269,1,0.14097,0.99997,0.13658
Data_omni/000802_lcam_front_lidar.ply,0.2,800,0.8,0.11482,0.08504,1,0.15103,0.9999,0.11196
Data_omni/000803_lcam_front_lidar.ply,0.2,800,0.8,0.12544,0.07704,1,0.14048,0.99986,0.10687
Data_omni/000804_lcam_front_lidar.ply,0.2,800,0.8,0.13971,0.07162,1,0.14785,0.99997,0.13249
Data_omni/000805_lcam_front_lidar.ply,0.25,800,0.8,0.1232,0.07264,1,0.15983,0.99996,0.15436
Data_omni/000806_lcam_front_lidar.ply,0.2,800,0.8,0.16336,0.07916,1,0.14903,0.9999,0.11972
Data_omni/000807_lcam_front_lidar.ply,0.2,800,0.8,0.11385,0.07648,1,0.15235,0.99996,0.13175
Data_omni/000808_lcam_front_lidar.ply,0.25,800,0.8,0.12637,0.07498,1,0.15813,0.99997,0.1463
Data_omni/000809_lcam_front_lidar.ply,0.2,800,0.8,0.12072,0.08248,1,0.14782,0.9999,0.11064
Data_omni/000810_lcam_front_lidar.ply,0.2,800,0.8,0.12672,0.08073,1,0.14909,0.99992,0.11672
Data_omni/000811_lcam_front_lidar.ply,0.2,800,0.8,0.14677,0.07839,1,0.15131,0.99991,0.12584
Data_omni/000812_lcam_front_lidar.ply,0.2,800,0.8,0.1278,0.07349,1,0.14386,0.99985,0.12074
Data_omni/000813_lcam_front_lidar.ply,0.2,800,0.8,0.12381,0.06702,1,0.15748,0.99998,0.16097
Data_omni/000814_lcam_front_lidar.ply,0.2,800,0.8,0.12513,0.07074,1,0.1452,0.9999,0.12889
Data_omni/000815_lcam_front_lidar.ply,0.2,800,0.8,0.12324,0.06253,1,0.13589,0.99984,0.12671
Data_omni/000816_lcam_front_lidar.ply,0.2,800,0.8,0.13424,0.0649,1,0.13802,0.99985,0.12624
Data_omni/000817_lcam_front_lidar.ply,0.2,800,0.8,0.11113,0.07122,1,0.14507,0.99989,0.12771
Data_omni/000818_lcam_front_lidar.ply,0.2,800,0.8,0.13009,0.0602,1,0.13607,0.99987,0.13174
Data_omni/000819_lcam_front_lidar.ply,0.2,800,0.8,0.14039,0.06167,1,0.1316,0.99983,0.11983
Data_omni/000820_lcam_front_lidar.ply,0.2,800,0.8,0.12246,0.06396,1,0.13765,0.99987,0.12739
Data_omni/000821_lcam_front_lidar.ply,0.2,800,0.8,0.14971,0.06059,1,0.12671,0.9998,0.11221
Data_omni/000822_lcam_front_lidar.ply,0.2,800,0.8,0.13262,0.06128,1,0.14011,0.99987,0.13768
Data_omni/000823_lcam_front_lidar.ply,0.2,800,0.8,0.12405,0.05972,1,0.13611,0.9999,0.13279
Data_omni/000824_lcam_front_lidar.ply,0.2,800,0.8,0.15621,0.02282,1,0.10969,0.99987,0.15373
Data_omni/000825_lcam_front_lidar.ply,0.2,800,0.8,0.14689,0.06053,1,0.13027,0.99982,0.11947
Data_omni/000826_lcam_front_lidar.ply,0.2,800,0.8,0.17129,0.02383,1,0.09873,0.99981,0.1298
Data_omni/000827_lcam_front_lidar.ply,0.2,800,0.8,0.15738,0.01859,1,0.10378,0.99996,0.15045
Data_omni/000828_lcam_front_lidar.ply,0.2,800,0.8,0.163,0.02828,1,0.10229,0.99986,0.12799
Data_omni/000829_lcam_front_lidar.ply,0.2,800,0.8,0.19177,0.01415,1,0.09953,0.99994,0.15077
Data_omni/000830_lcam_front_lidar.ply,0.2,800,0.8,0.14238,0.01911,1,0.09411,0.99991,0.12999
Data_omni/000831_lcam_front_lidar.ply,0.2,800,0.8,0.14317,0.01822,1,0.09815,0.99992,0.13986
Data_omni/000832_lcam_front_lidar.ply,0.2,800,0.8,0.16653,0.01825,1,0.0994,0.9999,0.1423
Data_omni/000833_lcam_front_lidar.ply,0.2,800,0.8,0.18027,0.01055,1,0.09448,0.99989,0.14784
Data_omni/000834_lcam_front_lidar.ply,0.2,800,0.8,0.14031,0.02068,1,0.0964,0.99992,0.13144
Data_omni/000835_lcam_front_lidar.ply,0.2,800,0.8,0.16183,0.01451,1,0.09618,0.9999,0.14332
Data_omni/000836_lcam_front_lidar.ply,0.2,800,0.8,0.17034,0.02373,1,0.0922,0.99993,0.11694
Data_omni/000837_lcam_front_lidar.ply,0.2,800,0.8,0.12595,0.05871,1,0.12943,0.99994,0.12144
Data_omni/000838_lcam_front_lidar.ply,0.2,800,0.8,0.15492,0.06257,1,0.12574,0.99993,0.10633
Data_omni/000839_lcam_front_lidar.ply,0.2,800,0.8,0.15072,0.05152,1,0.12693,0.99994,0.13082
Data_omni/000840_lcam_front_lidar.ply,0.2,800,0.8,0.15773,0.06126,1,0.12656,0.99995,0.11062
Data_omni/000841_lcam_front_lidar.ply,0.2,800,0.8,0.16755,-0.06469,1,0.03712,0.99598,0.18242
Data_omni/000842_lcam_front_lidar.ply,0.2,800,0.8,0.15694,0.01408,1,0.09076,0.99997,0.13457
Data_omni/000843_lcam_front_lidar.ply,0.2,800,0.8,0.12683,0.05053,1,0.10555,0.99994,0.09004
Data_omni/000844_lcam_front_lidar.ply,0.2,800,0.8,0.16189,0.05723,1,0.12225,0.99994,0.11003
Data_omni/000845_lcam_front_lidar.ply,0.2,800,0.8,0.14898,0.05619,1,0.11983,0.99992,0.10729
Data_omni/000846_lcam_front_lidar.ply,0.2,800,0.8,0.16419,0.00548,1,0.09001,0.9996,0.14898
Data_omni/000847_lcam_front_lidar.ply,0.2,800,0.8,0.17584,0.01253,1,0.08861,0.99993,0.13227
Data_omni/000848_lcam_front_lidar.ply,0.2,800,0.8,0.15092,0.00381,1,0.09079,0.99991,0.15396
Data_omni/000849_lcam_front_lidar.ply,0.2,800,0.8,0.18969,-0.04148,1,0.03504,0.99817,0.13251
Data_omni/000850_lcam_front_lidar.ply,0.2,800,0.8,0.18266,-0.04335,1,0.03511,0.99926,0.13725
Data_omni/000851_lcam_front_lidar.ply,0.2,800,0.8,0.15931,-0.04352,1,0.04626,0.99789,0.15915
Data_omni/000852_lcam_front_lidar.ply,0.2,800,0.8,0.16989,-0.00789,1,0.05745,0.99877,0.11093
Data_omni/000853_lcam_front_lidar.ply,0.2,800,0.8,0.18495,-0.04713,1,0.04492,0.99782,0.16381
Data_omni/000854_lcam_front_lidar.ply,0.2,800,0.8,0.15027,-0.04366,1,0.04633,0.99971,0.16056
Data_omni/000855_lcam_front_lidar.ply,0.2,800,0.8,0.16354,-0.04453,1,0.04625,0.99759,0.16092
Data_omni/000856_lcam_front_lidar.ply,0.2,800,0.8,0.13588,0.01156,1,0.07965,0.99973,0.11682
Data_omni/000857_lcam_front_lidar.ply,0.2,800,0.8,0.14421,-0.00453,1,0.08872,0.99935,0.16639
Data_omni/000858_lcam_front_lidar.ply,0.2,800,0.8,0.17192,-0.04706,1,0.04643,0.99761,0.16647
Data_omni/000859_lcam_front_lidar.ply,0.2,800,0.8,0.18566,-0.02058,1,0.04208,0.9975,0.10529
Data_omni/000860_lcam_front_lidar.ply,0.2,800,0.8,0.23137,-0.0458,1,0.04568,0.99763,0.16299
Data_omni/000861_lcam_front_lidar.ply,0.2,800,0.8,0.18087,-0.0508,1,0.0436,0.99768,0.16881
Data_omni/000862_lcam_front_lidar.ply,0.2,800,0.8,0.18602,-0.05023,1,0.04224,0.99799,0.16502
Data_omni/000863_lcam_front_lidar.ply,0.2,800,0.8,0.18707,-0.01988,1,0.03946,0.99804,0.0987
Data_omni/000864_lcam_front_lidar.ply,0.2,800,0.8,0.14824,0.00101,1,0.06775,0.99962,0.11395
Data_omni/000865_lcam_front_lidar.ply,0.2,800,0.8,0.17909,-0.00644,1,0.03769,0.99927,0.06815
Data_omni/000866_lcam_front_lidar.ply,0.2,800,0.8,0.15288,-0.02559,1,0.03529,0.99766,0.10128
Data_omni/000867_lcam_front_lidar.ply,0.2,800,0.8,0.16618,-0.02487,1,0.03683,0.99827,0.10359
Data_omni/000868_lcam_front_lidar.ply,0.2,800,0.8,0.18368,0.01378,1,0.04718,0.99998,0.04731
Data_omni/000869_lcam_front_lidar.ply,0.2,800,0.8,0.13807,-0.00228,1,0.04353,0.99983,0.07157
Data_omni/000870_lcam_front_lidar.ply,0.2,800,0.8,0.15959,0.01522,1,0.04928,0.99998,0.04818
Data_omni/000871_lcam_front_lidar.ply,0.2,800,0.8,0.17303,0.01783,1,0.05178,0.99998,0.04791
Data_omni/000872_lcam_front_lidar.ply,0.2,800,0.8,0.14127,0.0151,1,0.05078,0.99999,0.05138
Data_omni/000873_lcam_front_lidar.ply,0.2,800,0.8,0.17067,-0.0093,1,0.03254,0.99984,0.06364
Data_omni/000874_lcam_front_lidar.ply,0.2,800,0.8,0.15643,0.01587,1,0.05261,0.99999,0.05352
Data_omni/000875_lcam_front_lidar.ply,0.2,800,0.8,0.14172,0.01614,1,0.05394,0.99999,0.05562
Data_omni/000876_lcam_front_lidar.ply,0.2,800,0.8,0.16616,0.01945,1,0.05368,0.99998,0.04846
Data_omni/000877_lcam_front_lidar.ply,0.2,800,0.8,0.1605,0.01517,1,0.08145,0.99959,0.11244
Data_omni/000878_lcam_front_lidar.ply,0.2,800,0.8,0.14694,0.01868,1,0.08204,0.99959,0.10673
Data_omni/000879_lcam_front_lidar.ply,0.2,800,0.8,0.184,0.02085,1,0.0559,0.99991,0.0502
Data_omni/000880_lcam_front_lidar.ply,0.2,800,0.8,0.14053,0.02458,1,0.08592,0.99945,0.10253
Data_omni/000881_lcam_front_lidar.ply,0.2,800,0.8,0.13679,0.02099,1,0.0897,0.99946,0.11743
Data_omni/000882_lcam_front_lidar.ply,0.2,800,0.8,0.18238,0.02176,1,0.09071,0.99943,0.11788
Data_omni/000883_lcam_front_lidar.ply,0.2,800,0.8,0.15285,0.02313,1,0.08965,0.99943,0.11304
Data_omni/000884_lcam_front_lidar.ply,0.2,800,0.8,0.17398,0.02269,1,0.09318,0.99941,0.12097
Data_omni/000885_lcam_front_lidar.ply,0.2,800,0.8,0.20729,0.03623,1,0.09126,0.99952,0.0901
Data_omni/000886_lcam_front_lidar.ply,0.2,800,0.8,0.13286,0.03314,1,0.09595,0.99956,0.10563
Data_omni/000887_lcam_front_lidar.ply,0.2,800,0.8,0.14567,0.03576,1,0.09885,0.99963,0.10619
Data_omni/000888_lcam_front_lidar.ply,0.2,800,0.8,0.12873,0.06148,1,0.11332,0.99996,0.08378
Data_omni/000889_lcam_front_lidar.ply,0.2,800,0.8,0.11646,0.07025,1,0.13447,0.99989,0.10842
Data_omni/000890_lcam_front_lidar.ply,0.2,800,0.8,0.1314,0.06563,1,0.12814,0.9999,0.10503
Data_omni/000891_lcam_front_lidar.ply,0.2,800,0.8,0.1254,0.06759,1,0.1288,0.99991,0.10243
Data_omni/000892_lcam_front_lidar.ply,0.2,800,0.8,0.1483,0.04387,1,0.09533,0.99966,0.08285
Data_omni/000893_lcam_front_lidar.ply,0.2,800,0.8,0.10544,0.0647,1,0.12737,0.99989,0.1054
Data_omni/000894_lcam_front_lidar.ply,0.2,800,0.8,0.12383,0.0395,1,0.09071,0.99961,0.08232
Data_omni/000895_lcam_front_lidar.ply,0.2,800,0.8,0.11837,0.04255,1,0.07735,0.99999,0.04972
Data_omni/000896_lcam_front_lidar.ply,0.2,800,0.8,0.10916,0.06577,1,0.12524,0.9999,0.09891
Data_omni/000897_lcam_front_lidar.ply,0.2,800,0.8,0.14096,0.08807,1,0.14997,0.99992,0.1038
Data_omni/000898_lcam_front_lidar.ply,0.2,800,0.8,0.11112,0.07707,1,0.13444,0.99994,0.09473
Data_omni/000899_lcam_front_lidar.ply,0.2,800,0.8,0.12884,0.09166,1,0.14882,0.99994,0.09433
Data_omni/000900_lcam_front_lidar.ply,0.25,800,0.8,0.10701,0.07647,1,0.16029,0.99964,0.14755
Data_omni/000901_lcam_front_lidar.ply,0.2,800,0.8,0.11025,0.09459,1,0.15654,0.99992,0.10398
Data_omni/000902_lcam_front_lidar.ply,0.25,800,0.8,0.1107,0.07192,1,0.172,0.99966,0.18007
Data_omni/000903_lcam_front_lidar.ply,0.25,800,0.8,0.1095,0.08553,1,0.16581,0.99989,0.14063
Data_omni/000904_lcam_front_lidar.ply,0.25,800,0.8,0.13212,0.0853,1,0.16492,0.9999,0.13925
Data_omni/000905_lcam_front_lidar.ply,0.25,800,0.8,0.11102,0.07309,1,0.17713,0.99965,0.18799
Data_omni/000906_lcam_front_lidar.ply,0.2,800,0.8,0.14932,0.05445,1,0.09254,0.99999,0.05629
Data_omni/000907_lcam_front_lidar.ply,0.25,800,0.8,0.10039,0.07549,1,0.17638,0.99961,0.18166
Data_omni/000908_lcam_front_lidar.ply,0.2,800,0.8,0.12185,0.0914,1,0.14391,0.99994,0.08511
Data_omni/000909_lcam_front_lidar.ply,0.2,800,0.8,0.11034,0.05653,1,0.09521,1.0,0.05739
Data_omni/000910_lcam_front_lidar.ply,0.2,800,0.8,0.11511,0.06261,1,0.09959,1.0,0.05398
Data_omni/000911_lcam_front_lidar.ply,0.2,800,0.8,0.14366,-0.04411,1,0.05028,0.99861,0.16836
Data_omni/000912_lcam_front_lidar.ply,0.25,800,0.8,0.10062,0.08309,1,0.17959,0.99949,0.17328
Data_omni/000913_lcam_front_lidar.ply,0.2,800,0.8,0.12228,0.08797,1,0.14652,0.9999,0.09722
Data_omni/000914_lcam_front_lidar.ply,0.25,800,0.8,0.10854,0.08185,1,0.17833,0.99948,0.17285
Data_omni/000915_lcam_front_lidar.ply,0.25,800,0.8,0.12874,0.07904,1,0.18083,0.99958,0.18361
Data_omni/000916_lcam_front_lidar.ply,0.2,800,0.8,0.10888,0.08752,1,0.14889,0.99988,0.10282
Data_omni/000917_lcam_front_lidar.ply,0.2,800,0.8,0.10005,0.08856,1,0.13861,0.99993,0.08012
Data_omni/000918_lcam_front_lidar.ply,0.25,800,0.8,0.10679,0.09357,1,0.18299,0.99976,0.1588
Data_omni/000919_lcam_front_lidar.ply,0.25,800,0.8,0.1145,0.09657,1,0.18122,0.99969,0.14928
Data_omni/000920_lcam_front_lidar.ply,0.2,800,0.8,0.12405,0.08959,1,0.13967,0.99996,0.08025
Data_omni/000921_lcam_front_lidar.ply,0.2,800,0.8,0.10358,0.10025,1,0.15352,0.99991,0.08652
Data_omni/000922_lcam_front_lidar.ply,0.2,800,0.8,0.12222,0.08535,1,0.13585,0.99993,0.081
Data_omni/000923_lcam_front_lidar.ply,0.2,800,0.8,0.10271,0.09446,1,0.15133,0.99989,0.09373
Data_omni/000924_lcam_front_lidar.ply,0.2,800,0.8,0.13682,0.07565,1,0.11179,0.99999,0.0523
Data_omni/000925_lcam_front_lidar.ply,0.2,800,0.8,0.09284,0.0932,1,0.15226,0.9999,0.09809
Data_omni/000926_lcam_front_lidar.ply,0.2,800,0.8,0.13313,0.08872,1,0.13739,0.99994,0.07736
Data_omni/000927_lcam_front_lidar.ply,0.2,800,0.8,0.11365,0.08429,1,0.13156,0.99998,0.07455
Data_omni/000928_lcam_front_lidar.ply,0.2,800,0.8,0.11746,0.09361,1,0.14974,0.99992,0.09224
Data_omni/000929_lcam_front_lidar.ply,0.25,800,0.8,0.10555,0.08539,1,0.18489,0.99952,0.17887
Data_omni/000930_lcam_front_lidar.ply,0.2,800,0.8,0.09722,0.0735,1,0.11462,0.99999,0.06237
Data_omni/000931_lcam_front_lidar.ply,0.2,800,0.8,0.10242,0.08935,1,0.12959,0.99999,0.06048
Data_omni/000932_lcam_front_lidar.ply,0.25,800,0.8,0.09501,0.07189,1,0.16462,0.99955,0.16532
Data_omni/000933_lcam_front_lidar.ply,0.25,800,0.8,0.12166,0.07666,1,0.15655,0.99981,0.13986
Data_omni/000934_lcam_front_lidar.ply,0.25,800,0.8,0.12401,0.09393,1,0.15898,0.99993,0.11014
Data_omni/000935_lcam_front_lidar.ply,0.25,800,0.8,0.15887,0.0709,1,0.15864,0.99966,0.15539
Data_omni/000936_lcam_front_lidar.ply,0.25,800,0.8,0.12044,0.0725,1,0.1697,0.99954,0.17437
Data_omni/000937_lcam_front_lidar.ply,0.25,800,0.8,0.11851,0.079,1,0.16383,0.99972,0.14972
Data_omni/000938_lcam_front_lidar.ply,0.25,800,0.8,0.11333,0.07382,1,0.15886,0.99968,0.15008
Data_omni/000939_lcam_front_lidar.ply,0.25,800,0.8,0.12637,0.07067,1,0.15303,0.99972,0.14474
Data_omni/000940_lcam_front_lidar.ply,0.25,800,0.8,0.12074,0.06274,1,0.16232,0.99943,0.17906
Data_omni/000941_lcam_front_lidar.ply,0.25,800,0.8,0.11284,0.07987,1,0.14501,0.99997,0.11045
Data_omni/000942_lcam_front_lidar.ply,0.25,800,0.8,0.12015,0.06162,1,0.14854,0.99965,0.15375
Data_omni/000943_lcam_front_lidar.ply,0.25,800,0.8,0.11224,0.06514,1,0.1568,0.99959,0.16331
Data_omni/000944_lcam_front_lidar.ply,0.25,800,0.8,0.15773,0.06711,1,0.15064,0.99961,0.14707
Data_omni/000945_lcam_front_lidar.ply,0.25,800,0.8,0.11712,0.06553,1,0.15578,0.9994,0.16044
Data_omni/000946_lcam_front_lidar.ply,0.25,800,0.8,0.15027,0.06146,1,0.15688,0.99952,0.17089
Data_omni/000947_lcam_front_lidar.ply,0.25,800,0.8,0.14424,0.08561,1,0.14578,0.99993,0.10046
Data_omni/000948_lcam_front_lidar.ply,0.25,800,0.8,0.11492,0.0665,1,0.14863,0.99948,0.14413
Data_omni/000949_lcam_front_lidar.ply,0.25,800,0.8,0.13677,0.07143,1,0.15619,0.99957,0.14955
Data_omni/000950_lcam_front_lidar.ply,0.25,800,0.8,0.12629,0.07569,1,0.15211,0.9998,0.13291
Data_omni/000951_lcam_front_lidar.ply,0.25,800,0.8,0.14219,0.06818,1,0.15695,0.99952,0.15746
Data_omni/000952_lcam_front_lidar.ply,0.25,800,0.8,0.13035,0.07783,1,0.14572,0.99984,0.11588
Data_omni/000953_lcam_front_lidar.ply,0.25,800,0.8,0.12681,0.06598,1,0.14217,0.99973,0.13236
Data_omni/000954_lcam_front_lidar.ply,0.25,800,0.8,0.14201,0.07844,1,0.14145,0.99994,0.10608
Data_omni/000955_lcam_front_lidar.ply,0.25,800,0.8,0.11528,0.05622,1,0.14708,0.99976,0.16166
Data_omni/000956_lcam_front_lidar.ply,0.25,800,0.8,0.14978,0.06417,1,0.14951,0.99965,0.15066
Data_omni/000957_lcam_front_lidar.ply,0.25,800,0.8,0.13059,0.06172,1,0.14918,0.99964,0.15493
Data_omni/000958_lcam_front_lidar.ply,0.25,800,0.8,0.11875,0.06448,1,0.14845,0.99968,0.14794
Data_omni/000959_lcam_front_lidar.ply,0.25,800,0.8,0.15262,0.07604,1,0.13967,0.99994,0.10732
Data_omni/000960_lcam_front_lidar.ply,0.25,800,0.8,0.17897,0.06132,1,0.14713,0.99968,0.15155
Data_omni/000961_lcam_front_lidar.ply,0.25,800,0.8,0.15719,0.07053,1,0.13501,0.99994,0.10906
Data_omni/000962_lcam_front_lidar.ply,0.25,800,0.8,0.13503,0.06164,1,0.1443,0.99973,0.14526
Data_omni/000963_lcam_front_lidar.ply,0.25,800,0.8,0.139,0.05866,1,0.14552,0.99973,0.15372
Data_omni/000964_lcam_front_lidar.ply,0.25,800,0.8,0.14587,0.06421,1,0.13378,0.99995,0.11922
Data_omni/000965_lcam_front_lidar.ply,0.25,800,0.8,0.13502,0.07159,1,0.13916,0.99995,0.11513
Data_omni/000966_lcam_front_lidar.ply,0.25,800,0.8,0.15961,0.06025,1,0.14297,0.99968,0.14536
Data_omni/000967_lcam_front_lidar.ply,0.25,800,0.8,0.13631,0.05514,1,0.14878,0.99945,0.1672
Data_omni/000968_lcam_front_lidar.ply,0.25,800,0.8,0.13196,0.0595,1,0.15104,0.99958,0.16313
Data_omni/000969_lcam_front_lidar.ply,0.25,800,0.8,0.14492,0.06253,1,0.14821,0.99967,0.15139
Data_omni/000970_lcam_front_lidar.ply,0.25,800,0.8,0.12805,0.05768,1,0.15287,0.99946,0.1703
Data_omni/000971_lcam_front_lidar.ply,0.25,800,0.8,0.15416,0.0667,1,0.15289,0.99963,0.15242
Data_omni/000972_lcam_front_lidar.ply,0.25,800,0.8,0.10897,0.05901,1,0.15097,0.99957,0.16389
Data_omni/000973_lcam_front_lidar.ply,0.25,800,0.8,0.12848,0.07152,1,0.15699,0.99964,0.15095
Data_omni/000974_lcam_front_lidar.ply,0.25,800,0.8,0.11812,0.07329,1,0.15825,0.99976,0.14996
Data_omni/000975_lcam_front_lidar.ply,0.25,800,0.8,0.11858,0.07729,1,0.13415,0.99992,0.09378
Data_omni/000976_lcam_front_lidar.ply,0.25,800,0.8,0.1511,0.0754,1,0.13481,0.99992,0.09883
Data_omni/000977_lcam_front_lidar.ply,0.25,800,0.8,0.12041,0.07309,1,0.13483,0.99991,0.10348
Data_omni/000978_lcam_front_lidar.ply,0.25,800,0.8,0.12031,0.07551,1,0.16264,0.99972,0.1542
Data_omni/000979_lcam_front_lidar.ply,0.25,800,0.8,0.12649,0.07361,1,0.13637,0.99992,0.10558
Data_omni/000980_lcam_front_lidar.ply,0.25,800,0.8,0.14137,0.06923,1,0.13306,0.99991,0.10766
Data_omni/000981_lcam_front_lidar.ply,0.25,800,0.8,0.16946,0.07223,1,0.13491,0.99993,0.10537
Data_omni/000982_lcam_front_lidar.ply,0.25,800,0.8,0.1263,0.06605,1,0.15354,0.99967,0.1549
Data_omni/000983_lcam_front_lidar.ply,0.25,800,0.8,0.12734,0.06874,1,0.1285,0.99989,0.09957
Data_omni/000984_lcam_front_lidar.ply,0.25,800,0.8,0.18575,0.07035,1,0.14223,0.99977,0.12374
Data_omni/000985_lcam_front_lidar.ply,0.25,800,0.8,0.12863,0.04748,1,0.12741,0.99999,0.13993
Data_omni/000986_lcam_front_lidar.ply,0.25,800,0.8,0.23808,0.07164,1,0.15119,0.99974,0.13902
Data_omni/000987_lcam_front_lidar.ply,0.25,800,0.8,0.14643,0.0644,1,0.12731,0.99984,0.10586
Data_omni/000988_lcam_front_lidar.ply,0.25,800,0.8,0.16061,0.04186,1,0.15622,0.99998,0.20876
Data_omni/000989_lcam_front_lidar.ply,0.2,800,0.8,0.1669,0.04399,1,0.09969,0.99974,0.09133
Data_omni/000990_lcam_front_lidar.ply,0.25,800,0.8,0.14197,0.03986,1,0.09943,0.99986,0.09918
Data_omni/000991_lcam_front_lidar.ply,0.25,800,0.8,0.15714,0.04336,1,0.12797,0.99948,0.14911
Data_omni/000992_lcam_front_lidar.ply,0.25,800,0.8,0.13194,0.03065,1,0.09827,0.99972,0.11531
Data_omni/000993_lcam_front_lidar.ply,0.2,800,0.8,0.15094,0.03999,1,0.1276,0.99947,0.15514
Data_omni/000994_lcam_front_lidar.ply,0.2,800,0.8,0.12228,0.03642,1,0.10189,0.99972,0.111
Data_omni/000995_lcam_front_lidar.ply,0.2,800,0.8,0.12536,0.0475,1,0.09795,0.99983,0.08095
Data_omni/000996_lcam_front_lidar.ply,0.25,800,0.8,0.13041,0.0395,1,0.09782,0.99985,0.09666
Data_omni/000997_lcam_front_lidar.ply,0.25,800,0.8,0.12172,0.03486,1,0.10383,0.99947,0.11783
Data_omni/000998_lcam_front_lidar.ply,0.25,800,0.8,0.13502,0.04276,1,0.09833,0.99989,0.09126
Data_omni/000999_lcam_front_lidar.ply,0.25,800,0.8,0.1115,0.04253,1,0.09168,0.99991,0.0783
Data_omni/001000_lcam_front_lidar.ply,0.25,800,0.8,0.13703,0.03641,1,0.09339,0.99987,0.09394
Data_omni/001001_lcam_front_lidar.ply,0.2,800,0.8,0.10407,0.03454,1,0.08565,0.99986,0.08223
Data_omni/001002_lcam_front_lidar.ply,0.2,800,0.8,0.11965,0.03867,1,0.07868,0.99991,0.06002
Data_omni/001003_lcam_front_lidar.ply,0.25,800,0.8,0.10119,0.0298,1,0.082,0.99989,0.0844
Data_omni/001004_lcam_front_lidar.ply,0.2,800,0.8,0.11358,0.03028,1,0.07808,0.99986,0.07559
Data_omni/001005_lcam_front_lidar.ply,0.2,800,0.8,0.10068,0.03292,1,0.07929,0.99991,0.07276
Data_omni/001006_lcam_front_lidar.ply,0.25,800,0.8,0.11702,0.00496,1,0.0975,0.99917,0.16488
Data_omni/001007_lcam_front_lidar.ply,0.2,800,0.8,0.09012,0.03191,1,0.07481,0.99989,0.06603
Data_omni/001008_lcam_front_lidar.ply,0.25,800,0.8,0.10263,0.01362,1,0.11297,0.9986,0.17833
Data_omni/001009_lcam_front_lidar.ply,0.25,800,0.8,0.09856,0.01974,1,0.08231,0.99981,0.10551
Data_omni/001010_lcam_front_lidar.ply,0.25,800,0.8,0.10643,0.00714,1,0.09038,0.99918,0.14631
Data_omni/001011_lcam_front_lidar.ply,0.25,800,0.8,0.09632,0.02104,1,0.12279,0.99909,0.18349
Data_omni/001012_lcam_front_lidar.ply,0.25,800,0.8,0.10281,0.01825,1,0.10721,0.99922,0.15797
Data_omni/001013_lcam_front_lidar.ply,0.2,800,0.8,0.09708,0.02524,1,0.07131,0.99991,0.07235
Data_omni/001014_lcam_front_lidar.ply,0.25,800,0.8,0.09611,0.0092,1,0.14814,0.99959,0.25777
Data_omni/001015_lcam_front_lidar.ply,0.25,800,0.8,0.07981,-0.02032,1,0.11903,0.9981,0.25825
Data_omni/001016_lcam_front_lidar.ply,0.2,800,0.8,0.10141,0.02164,1,0.06049,0.9998,0.05823
Data_omni/001017_lcam_front_lidar.ply,0.2,800,0.8,0.07889,0.02065,1,0.06021,0.99986,0.05915
Data_omni/001018_lcam_front_lidar.ply,0.2,800,0.8,0.08038,0.01763,1,0.05679,0.99985,0.05832
Data_omni/001019_lcam_front_lidar.ply,0.2,800,0.8,0.09998,0.01184,1,0.0544,0.99984,0.06511
Data_omni/001020_lcam_front_lidar.ply,0.2,800,0.8,0.09638,0.01899,1,0.05388,0.99996,0.04981
Data_omni/001021_lcam_front_lidar.ply,0.2,800,0.8,0.09529,0.01494,1,0.05444,0.99993,0.05899
Data_omni/001022_lcam_front_lidar.ply,0.2,800,0.8,0.09537,-0.00629,1,0.03787,0.99967,0.06824
Data_omni/001023_lcam_front_lidar.ply,0.2,800,0.8,0.09301,-0.09052,1,0.11664,0.029,0.10312
Data_omni/001024_lcam_front_lidar.ply,0.2,800,0.8,0.105,0.06248,1,0.12309,0.03561,0.10321
Data_omni/001025_lcam_front_lidar.ply,0.2,800,0.8,0.0894,0.06526,1,0.1286,0.02672,0.104
Data_omni/001026_lcam_front_lidar.ply,0.2,800,0.8,0.09169,0.0777,1,0.1398,0.0329,0.10607
Data_omni/001027_lcam_front_lidar.ply,0.2,800,0.8,0.08596,0.08232,1,0.14476,0.03497,0.1055
Data_omni/001028_lcam_front_lidar.ply,0.2,800,0.8,0.10338,0.08814,1,0.15103,0.03123,0.10467
Data_omni/001029_lcam_front_lidar.ply,0.2,800,0.8,0.07599,0.09333,1,0.15474,0.02904,0.10216
Data_omni/001030_lcam_front_lidar.ply,0.2,800,0.8,0.06997,0.09636,1,0.15655,0.03109,0.101
Data_omni/001031_lcam_front_lidar.ply,0.2,800,0.8,0.07472,0.10173,1,0.16153,0.02957,0.09914
Data_omni/001032_lcam_front_lidar.ply,0.2,800,0.8,0.07342,0.10377,1,0.16244,0.02364,0.09556
Data_omni/001033_lcam_front_lidar.ply,0.2,800,0.8,0.08251,0.10425,1,0.16197,0.02303,0.09526
Data_omni/001034_lcam_front_lidar.ply,0.2,800,0.8,0.10451,0.10856,1,0.16533,0.02983,0.09558
Data_omni/001035_lcam_front_lidar.ply,0.2,800,0.8,0.11493,0.10524,1,0.16368,0.01938,0.09375
Data_omni/001036_lcam_front_lidar.ply,0.2,800,0.8,0.08524,0.10244,1,0.15916,0.02178,0.09415
Data_omni/001037_lcam_front_lidar.ply,0.2,800,0.8,0.07146,0.10544,1,0.16218,0.03145,0.09637
Data_omni/001038_lcam_front_lidar.ply,0.2,800,0.8,0.05828,0.10275,1,0.16071,0.02985,0.09544
Data_omni/001039_lcam_front_lidar.ply,0.2,800,0.8,0.07034,0.10276,1,0.16012,0.03093,0.09504
Data_omni/001040_lcam_front_lidar.ply,0.2,800,0.8,0.07904,0.09753,1,0.15482,0.02988,0.09426
Data_omni/001041_lcam_front_lidar.ply,0.2,800,0.8,0.07041,0.09475,1,0.15232,0.02811,0.09462
Data_omni/001042_lcam_front_lidar.ply,0.2,800,0.8,0.08531,0.07332,1,0.04939,0.98882,0.22036
Data_omni/001043_lcam_front_lidar.ply,0.2,800,0.8,0.08177,-0.04557,1,0.15443,0.03417,0.09359
Data_omni/001044_lcam_front_lidar.ply,0.2,800,0.8,0.0684,0.09413,1,0.14985,0.051,0.09649
Data_omni/001045_lcam_front_lidar.ply,0.2,800,0.8,0.08411,0.08714,1,0.14612,0.03546,0.0933
Data_omni/001046_lcam_front_lidar.ply,0.2,800,0.8,0.08444,0.09077,1,0.14778,0.03945,0.09522
Data_omni/001047_lcam_front_lidar.ply,0.2,800,0.8,0.09344,0.05904,1,0.14774,0.00646,0.1475
Data_omni/001048_lcam_front_lidar.ply,0.25,800,0.8,0.06985,0.07139,1,0.15277,0.00975,0.14376
Data_omni/001049_lcam_front_lidar.ply,0.25,800,0.8,0.09748,0.06385,1,0.14742,0.0074,0.14643
Data_omni/001050_lcam_front_lidar.ply,0.25,800,0.8,0.09225,0.06472,1,0.14708,0.00759,0.14479
Data_omni/001051_lcam_front_lidar.ply,0.25,800,0.8,0.08374,0.06434,1,0.14726,0.01043,0.14668
Data_omni/001052_lcam_front_lidar.ply,0.25,800,0.8,0.07705,0.06524,1,0.14708,0.01329,0.14455
Data_omni/001053_lcam_front_lidar.ply,0.25,800,0.8,0.07529,0.06365,1,0.14402,0.01403,0.14096
Data_omni/001054_lcam_front_lidar.ply,0.25,800,0.8,0.08083,0.06371,1,0.14591,0.01386,0.14435
Data_omni/001055_lcam_front_lidar.ply,0.25,800,0.8,0.07688,0.06449,1,0.14498,0.01458,0.1412
Data_omni/001056_lcam_front_lidar.ply,0.25,800,0.8,0.10311,0.06597,1,0.14717,0.0123,0.14171
Data_omni/001057_lcam_front_lidar.ply,0.25,800,0.8,0.07448,0.06515,1,0.14542,0.01562,0.14153
Data_omni/001058_lcam_front_lidar.ply,0.25,800,0.8,0.07986,0.10832,1,0.08945,0.99146,0.23501
Data_omni/001059_lcam_front_lidar.ply,0.25,800,0.8,0.08013,-0.00709,1,0.00409,0.99274,0.00275
Data_omni/001060_lcam_front_lidar.ply,0.25,800,0.8,0.07348,-0.0294,1,0.10176,0.99026,0.24158
Data_omni/001061_lcam_front_lidar.ply,0.25,800,0.8,0.08367,-0.028,1,0.10566,0.9891,0.24696
Data_omni/001062_lcam_front_lidar.ply,0.25,800,0.8,0.08756,-0.00934,1,0.0757,0.99153,0.15081
Data_omni/001063_lcam_front_lidar.ply,0.25,800,0.8,0.12852,-0.00929,1,0.06762,0.99228,0.13403
Data_omni/001064_lcam_front_lidar.ply,0.25,800,0.8,0.07004,-0.03198,1,0.14814,0.02315,0.04951
Data_omni/001065_lcam_front_lidar.ply,0.25,800,0.8,0.0808,0.11892,1,0.15282,0.02482,0.04829
Data_omni/001066_lcam_front_lidar.ply,0.25,800,0.8,0.07429,0.12207,1,0.01119,0.99591,0.04955
Data_omni/001067_lcam_front_lidar.ply,0.25,800,0.8,0.09859,-0.0134,1,0.16544,0.0226,0.04568
Data_omni/001068_lcam_front_lidar.ply,0.25,800,0.8,0.07857,0.14438,1,0.07943,0.99451,0.14168
Data_omni/001069_lcam_front_lidar.ply,0.25,800,0.8,0.07722,-0.00289,1,0.07388,0.9942,0.13345
Data_omni/001070_lcam_front_lidar.ply,0.25,800,0.8,0.06731,0.01259,1,0.19196,0.02873,0.04911
Data_omni/001071_lcam_front_lidar.ply,0.25,800,0.8,0.09809,0.13629,1,0.07136,0.99458,0.13991
Data_omni/001072_lcam_front_lidar.ply,0.25,800,0.8,0.07714,0.02193,1,0.20146,0.02864,0.04928
Data_omni/001073_lcam_front_lidar.ply,0.25,800,0.8,0.0684,0.1757,1,0.20986,0.02781,0.04809
Data_omni/001074_lcam_front_lidar.ply,0.25,800,0.8,0.08528,0.18278,1,0.21613,0.02392,0.04555
Data_omni/001075_lcam_front_lidar.ply,0.25,800,0.8,0.08108,0.18723,1,0.22051,0.02532,0.04698
Data_omni/001076_lcam_front_lidar.ply,0.25,800,0.8,0.08755,0.19825,1,0.23136,0.02647,0.04657
Data_omni/001077_lcam_front_lidar.ply,0.25,800,0.8,0.07687,0.20295,1,0.23722,0.02982,0.04954
Data_omni/001078_lcam_front_lidar.ply,0.25,800,0.8,0.09189,0.20943,1,0.24461,0.02907,0.05014
Data_omni/001079_lcam_front_lidar.ply,0.25,800,0.8,0.07291,0.21353,1,0.24824,0.02116,0.04705
Data_omni/001080_lcam_front_lidar.ply,0.25,800,0.8,0.10919,0.21842,1,0.25298,0.02938,0.05158
Data_omni/001081_lcam_front_lidar.ply,0.25,800,0.8,0.07702,0.2209,1,0.25693,0.03015,0.05229
Data_omni/001082_lcam_front_lidar.ply,0.25,500,0.85,0.11692,0.22372,1,0.25805,0.02488,0.04708
Data_omni/001083_lcam_front_lidar.ply,0.25,500,0.85,0.09614,0.2228,1,0.2564,0.02151,0.04618
Data_omni/001084_lcam_front_lidar.ply,0.25,500,0.85,0.10689,0.22468,1,0.25807,0.01941,0.04615
Data_omni/001085_lcam_front_lidar.ply,0.25,500,0.85,0.08343,0.22767,1,0.26087,0.01754,0.04584
Data_omni/001086_lcam_front_lidar.ply,0.25,800,0.85,0.08644,0.22872,1,0.26135,0.02244,0.04671
Data_omni/001087_lcam_front_lidar.ply,0.3,500,0.85,0.07072,0.2275,1,0.26144,0.02023,0.04721
Data_omni/001088_lcam_front_lidar.ply,0.3,500,0.85,0.07769,0.22929,1,0.26372,0.01858,0.04838
Data_omni/001089_lcam_front_lidar.ply,0.3,500,0.85,0.08213,0.23091,1,0.26548,0.0179,0.04894
Data_omni/001090_lcam_front_lidar.ply,0.3,500,0.85,0.07631,0.22993,1,0.26479,0.01682,0.0494
Data_omni/001091_lcam_front_lidar.ply,0.3,500,0.85,0.07348,0.22903,1,0.26391,0.01882,0.05036
Data_omni/001092_lcam_front_lidar.ply,0.3,500,0.85,0.08278,0.01833,1,0.04093,0.99981,0.3195
Data_omni/001093_lcam_front_lidar.ply,0.3,500,0.85,0.10686,0.07928,1,0.26147,0.01535,0.04905
Data_omni/001094_lcam_front_lidar.ply,0.3,500,0.85,0.11021,0.22803,1,0.26301,0.01643,0.0503
Data_omni/001095_lcam_front_lidar.ply,0.3,500,0.85,0.07152,0.2259,1,0.25963,0.01431,0.04682
Data_omni/001096_lcam_front_lidar.ply,0.3,500,0.85,0.06494,0.23162,1,0.26507,0.01256,0.04637
Data_omni/001097_lcam_front_lidar.ply,0.3,500,0.85,0.08495,0.22542,1,0.25861,0.01392,0.04678
Data_omni/001098_lcam_front_lidar.ply,0.3,500,0.85,0.09114,0.22116,1,0.25506,0.01494,0.04811
Data_omni/001099_lcam_front_lidar.ply,0.3,500,0.85,0.07642,0.22093,1,0.25479,0.01325,0.04722
Data_omni/001100_lcam_front_lidar.ply,0.3,500,0.85,0.08767,0.21573,1,0.2496,0.0159,0.04852
Data_omni/001101_lcam_front_lidar.ply,0.3,500,0.85,0.10093,0.20704,1,0.24057,0.01544,0.04691
Data_omni/001102_lcam_front_lidar.ply,0.25,500,0.85,0.09406,0.20607,1,0.239,0.01322,0.04519
Data_omni/001103_lcam_front_lidar.ply,0.25,800,0.85,0.08828,0.20663,1,0.23882,0.01409,0.04463
Data_omni/001104_lcam_front_lidar.ply,0.25,500,0.85,0.09785,0.20414,1,0.23581,0.01398,0.04332
Data_omni/001105_lcam_front_lidar.ply,0.25,800,0.85,0.07309,0.20417,1,0.23607,0.01644,0.04454
Data_omni/001106_lcam_front_lidar.ply,0.25,800,0.8,0.08293,0.20542,1,0.23918,0.02068,0.0488
Data_omni/001107_lcam_front_lidar.ply,0.25,800,0.8,0.0977,0.20069,1,0.23529,0.02569,0.0507
Data_omni/001108_lcam_front_lidar.ply,0.25,800,0.8,0.08333,0.19282,1,0.22757,0.02713,0.04994
Data_omni/001109_lcam_front_lidar.ply,0.25,800,0.8,0.08261,0.18651,1,0.22133,0.02306,0.04843
Data_omni/001110_lcam_front_lidar.ply,0.25,800,0.8,0.07862,0.18255,1,0.21601,0.02613,0.04785
Data_omni/001111_lcam_front_lidar.ply,0.25,800,0.8,0.09588,0.17519,1,0.20883,0.0263,0.04733
Data_omni/001112_lcam_front_lidar.ply,0.25,800,0.8,0.07635,0.16666,1,0.2013,0.02982,0.05033
Data_omni/001113_lcam_front_lidar.ply,0.25,800,0.8,0.0833,0.13929,1,0.06904,0.99374,0.12868
Data_omni/001114_lcam_front_lidar.ply,0.25,800,0.8,0.07657,-0.00556,1,0.07168,0.99455,0.13473
Data_omni/001115_lcam_front_lidar.ply,0.25,800,0.8,0.07646,-0.00385,1,0.06886,0.99267,0.12486
Data_omni/001116_lcam_front_lidar.ply,0.25,800,0.8,0.07478,-0.00143,1,0.17791,0.02682,0.04892
Data_omni/001117_lcam_front_lidar.ply,0.25,800,0.8,0.08879,0.13151,1,0.16462,0.02222,0.04483
Data_omni/001118_lcam_front_lidar.ply,0.25,800,0.8,0.09615,0.14246,1,0.07528,0.99327,0.13695
Data_omni/001119_lcam_front_lidar.ply,0.25,800,0.8,0.09027,-0.00664,1,0.0724,0.99277,0.13793
Data_omni/001120_lcam_front_lidar.ply,0.25,800,0.8,0.1323,-0.08391,1,0.04808,0.97665,0.23914
Data_omni/001121_lcam_front_lidar.ply,0.25,800,0.8,0.08383,-0.00141,1,0.00896,0.99883,0.00739
Data_omni/001122_lcam_front_lidar.ply,0.25,800,0.8,0.09723,-0.00285,1,0.07753,0.99136,0.13851
Data_omni/001123_lcam_front_lidar.ply,0.25,800,0.8,0.08113,-0.00605,1,0.00973,0.99552,0.01281
Data_omni/001124_lcam_front_lidar.ply,0.25,800,0.8,0.07647,-0.08549,1,0.14416,0.01233,0.14434
Data_omni/001125_lcam_front_lidar.ply,0.25,800,0.8,0.09533,0.07436,1,0.15531,0.01483,0.14264
Data_omni/001126_lcam_front_lidar.ply,0.25,800,0.8,0.10144,0.07179,1,0.15459,0.01044,0.14428
Data_omni/001127_lcam_front_lidar.ply,0.25,800,0.8,0.08867,0.07145,1,0.15252,0.01028,0.14209
Data_omni/001128_lcam_front_lidar.ply,0.25,800,0.8,0.0824,0.07673,1,0.15856,0.01381,0.14471
Data_omni/001129_lcam_front_lidar.ply,0.25,800,0.8,0.08439,0.07637,1,0.15798,0.01637,0.14399
Data_omni/001130_lcam_front_lidar.ply,0.25,800,0.8,0.07908,0.07436,1,0.15804,0.01008,0.14546
Data_omni/001131_lcam_front_lidar.ply,0.25,800,0.8,0.09237,0.10632,1,0.07635,0.99092,0.21431
Data_omni/001132_lcam_front_lidar.ply,0.2,800,0.8,0.07677,-0.06822,1,0.15957,0.01256,0.14207
Data_omni/001133_lcam_front_lidar.ply,0.2,800,0.8,0.06143,0.07668,1,0.15921,0.01068,0.1445
Data_omni/001134_lcam_front_lidar.ply,0.2,800,0.8,0.0925,0.07281,1,0.15645,0.00851,0.14662
Data_omni/001135_lcam_front_lidar.ply,0.2,800,0.8,0.0742,0.06528,1,0.14991,0.01066,0.14991
Data_omni/001136_lcam_front_lidar.ply,0.2,800,0.8,0.0831,0.10012,1,0.15152,0.05517,0.09616
Data_omni/001137_lcam_front_lidar.ply,0.2,800,0.8,0.09415,0.09596,1,0.1545,0.03973,0.09245
Data_omni/001138_lcam_front_lidar.ply,0.2,800,0.8,0.09805,0.09436,1,0.15182,0.03188,0.09256
Data_omni/001139_lcam_front_lidar.ply,0.2,800,0.8,0.06581,0.09606,1,0.1521,0.03768,0.09381
Data_omni/001140_lcam_front_lidar.ply,0.2,800,0.8,0.06649,0.095,1,0.15407,0.02345,0.09388
Data_omni/001141_lcam_front_lidar.ply,0.2,800,0.8,0.07694,0.09845,1,0.15501,0.03143,0.0955
Data_omni/001142_lcam_front_lidar.ply,0.2,800,0.8,0.06685,0.09703,1,0.15572,0.02787,0.09631
Data_omni/001143_lcam_front_lidar.ply,0.2,800,0.8,0.08511,0.09684,1,0.15488,0.0229,0.09457
Data_omni/001144_lcam_front_lidar.ply,0.2,800,0.8,0.0653,0.10073,1,0.15861,0.03177,0.09842
Data_omni/001145_lcam_front_lidar.ply,0.2,800,0.8,0.0891,0.10101,1,0.16124,0.03678,0.10196
Data_omni/001146_lcam_front_lidar.ply,0.2,800,0.8,0.05227,0.09674,1,0.15733,0.02585,0.0979
Data_omni/001147_lcam_front_lidar.ply,0.2,800,0.8,0.06984,0.09597,1,0.15639,0.02674,0.10112
Data_omni/001148_lcam_front_lidar.ply,0.2,800,0.8,0.07264,0.09511,1,0.15483,0.03488,0.10189
Data_omni/001149_lcam_front_lidar.ply,0.2,800,0.8,0.07741,0.08302,1,0.14456,0.01989,0.09858
Data_omni/001150_lcam_front_lidar.ply,0.2,800,0.8,0.09442,0.07681,1,0.13599,0.01782,0.09774
Data_omni/001151_lcam_front_lidar.ply,0.2,800,0.8,0.08864,0.07194,1,0.13254,0.02943,0.10468
Data_omni/001152_lcam_front_lidar.ply,0.2,800,0.8,0.10955,0.06114,1,0.12188,0.03438,0.10296
Data_omni/001153_lcam_front_lidar.ply,0.2,800,0.8,0.09727,0.1602,1,0.05327,0.99996,0.05581
Data_omni/001154_lcam_front_lidar.ply,0.2,800,0.8,0.12824,0.01813,1,0.05659,0.9999,0.05692
Data_omni/001155_lcam_front_lidar.ply,0.2,800,0.8,0.08482,0.01464,1,0.06186,0.99969,0.07438
Data_omni/001156_lcam_front_lidar.ply,0.2,800,0.8,0.10307,0.02305,1,0.06414,0.99972,0.06219
Data_omni/001157_lcam_front_lidar.ply,0.2,800,0.8,0.08084,0.03149,1,0.06666,0.99995,0.0504
Data_omni/001158_lcam_front_lidar.ply,0.2,800,0.8,0.09357,0.02932,1,0.075,0.99987,0.07133
Data_omni/001159_lcam_front_lidar.ply,0.2,800,0.8,0.07861,0.02849,1,0.08663,0.99978,0.09626
Data_omni/001160_lcam_front_lidar.ply,0.25,800,0.8,0.10023,0.00731,1,0.10632,0.99912,0.17783
Data_omni/001161_lcam_front_lidar.ply,0.25,800,0.8,0.08747,0.01205,1,0.09258,0.99939,0.14114
Data_omni/001162_lcam_front_lidar.ply,0.25,800,0.8,0.12637,0.03278,1,0.11706,0.99945,0.14859
Data_omni/001163_lcam_front_lidar.ply,0.25,800,0.8,0.10273,-0.00132,1,0.09428,0.99851,0.17093
Data_omni/001164_lcam_front_lidar.ply,0.25,800,0.8,0.13119,0.00849,1,0.09227,0.99976,0.14794
Data_omni/001165_lcam_front_lidar.ply,0.25,800,0.8,0.11154,0.03251,1,0.08697,0.99988,0.08897
Data_omni/001166_lcam_front_lidar.ply,0.25,800,0.8,0.11367,0.01772,1,0.10078,0.99937,0.14597
Data_omni/001167_lcam_front_lidar.ply,0.25,800,0.8,0.10383,0.02987,1,0.09595,0.99995,0.11234
Data_omni/001168_lcam_front_lidar.ply,0.25,800,0.8,0.11749,0.02939,1,0.11101,0.99966,0.14315
Data_omni/001169_lcam_front_lidar.ply,0.25,800,0.8,0.14721,0.03605,1,0.1151,0.99978,0.13814
Data_omni/001170_lcam_front_lidar.ply,0.25,800,0.8,0.1178,0.03172,1,0.11607,0.99988,0.14873
Data_omni/001171_lcam_front_lidar.ply,0.25,800,0.8,0.13421,0.03263,1,0.12133,0.99992,0.15741
Data_omni/001172_lcam_front_lidar.ply,0.25,800,0.8,0.1274,0.04048,1,0.11688,0.99991,0.1328
Data_omni/001173_lcam_front_lidar.ply,0.25,800,0.8,0.1189,0.0311,1,0.12058,0.99983,0.15895
Data_omni/001174_lcam_front_lidar.ply,0.25,800,0.8,0.11037,0.03578,1,0.11438,0.99998,0.13725
Data_omni/001175_lcam_front_lidar.ply,0.25,800,0.8,0.12777,0.06212,1,0.13915,0.99998,0.13407
Data_omni/001176_lcam_front_lidar.ply,0.25,800,0.8,0.13019,0.04957,1,0.13284,0.99992,0.14653
Data_omni/001177_lcam_front_lidar.ply,0.25,800,0.8,0.12467,0.04564,1,0.12534,0.99993,0.1394
Data_omni/001178_lcam_front_lidar.ply,0.25,800,0.8,0.15496,0.02554,1,0.11494,0.99996,0.15882
Data_omni/001179_lcam_front_lidar.ply,0.25,800,0.8,0.11061,0.04611,1,0.1257,0.99998,0.13917
Data_omni/001180_lcam_front_lidar.ply,0.25,800,0.8,0.11304,0.03278,1,0.12479,0.99996,0.16402
Data_omni/001181_lcam_front_lidar.ply,0.25,800,0.8,0.11049,0.02438,1,0.10577,0.99993,0.14278
