frame_id,epsilon,min_support,normal_threshold,runtime,reward,steps_used,inlier_ratio,plane_normal,residual
000000_lcam_front_lidar.ply,0.1,500,0.9,0.0475,0.36931,1,0.10385,0.04038,0.03269
000001_lcam_front_lidar.ply,0.1,500,0.9,0.03187,0.37853,1,0.10993,0.0374,0.03141
000002_lcam_front_lidar.ply,0.1,500,0.9,0.04863,0.3694,1,0.10407,0.04184,0.03274
000003_lcam_front_lidar.ply,0.1,500,0.9,0.04764,0.36391,1,0.09903,0.04363,0.03334
000004_lcam_front_lidar.ply,0.1,500,0.9,0.04164,0.37033,1,0.1035,0.04237,0.03193
000005_lcam_front_lidar.ply,0.1,500,0.9,0.03609,0.36825,1,0.10142,0.0454,0.03283
000006_lcam_front_lidar.ply,0.1,500,0.9,0.04672,0.36672,1,0.10112,0.0408,0.03144
000007_lcam_front_lidar.ply,0.1,500,0.9,0.04902,0.36934,1,0.10055,0.03533,0.02642
000008_lcam_front_lidar.ply,0.1,500,0.9,0.05918,0.36688,1,0.10112,0.04246,0.03162
000009_lcam_front_lidar.ply,0.1,500,0.9,0.05233,0.35985,1,0.10404,0.05729,0.05318
000010_lcam_front_lidar.ply,0.1,500,0.9,0.04944,0.36557,1,0.11083,0.06707,0.05482
000011_lcam_front_lidar.ply,0.1,500,0.9,0.03949,0.36996,1,0.11468,0.0617,0.0566
000012_lcam_front_lidar.ply,0.1,500,0.9,0.0524,0.3703,1,0.11541,0.06099,0.05508
000013_lcam_front_lidar.ply,0.1,500,0.9,0.05016,0.36338,1,0.1071,0.0787,0.05054
000014_lcam_front_lidar.ply,0.1,500,0.9,0.06352,0.3872,1,0.11224,0.00136,0.01037
000015_lcam_front_lidar.ply,0.1,500,0.9,0.05285,0.38813,1,0.11045,0.00125,0.00891
000016_lcam_front_lidar.ply,0.1,500,0.9,0.06357,0.37139,1,0.11656,0.07045,0.05206
000017_lcam_front_lidar.ply,0.1,500,0.9,0.06308,0.36833,1,0.11461,0.06837,0.05336
000018_lcam_front_lidar.ply,0.1,500,0.9,0.06744,0.36453,1,0.11143,0.06628,0.05417
000019_lcam_front_lidar.ply,0.1,500,0.9,0.06334,0.37031,1,0.11616,0.06277,0.05335
000020_lcam_front_lidar.ply,0.1,500,0.9,0.06328,0.37978,1,0.12636,0.06329,0.05384
000021_lcam_front_lidar.ply,0.1,500,0.9,0.05173,0.38753,1,0.13063,0.05936,0.05082
000022_lcam_front_lidar.ply,0.1,500,0.9,0.06348,0.38887,1,0.13455,0.06144,0.0527
000023_lcam_front_lidar.ply,0.1,500,0.9,0.04862,0.39755,1,0.14057,0.07052,0.05116
000024_lcam_front_lidar.ply,0.1,500,0.9,0.06677,0.3968,1,0.14193,0.07328,0.0519
000025_lcam_front_lidar.ply,0.1,500,0.9,0.06358,0.40369,1,0.14825,0.06957,0.05071
000026_lcam_front_lidar.ply,0.1,500,0.9,0.05622,0.40728,1,0.15052,0.07113,0.04915
000027_lcam_front_lidar.ply,0.1,500,0.9,0.0386,0.41889,1,0.16139,0.06497,0.05077
000028_lcam_front_lidar.ply,0.1,500,0.9,0.0317,0.43386,1,0.17691,0.05644,0.05253
000029_lcam_front_lidar.ply,0.1,500,0.9,0.04698,0.43165,1,0.17529,0.0622,0.05207
000030_lcam_front_lidar.ply,0.1,500,0.9,0.04756,0.4381,1,0.1809,0.05147,0.04799
000031_lcam_front_lidar.ply,0.1,500,0.9,0.04765,0.45984,1,0.20309,0.05553,0.04996
000032_lcam_front_lidar.ply,0.1,500,0.9,0.05542,0.47032,1,0.2143,0.05017,0.0507
000033_lcam_front_lidar.ply,0.1,500,0.9,0.04776,0.48888,1,0.23186,0.04924,0.05035
000034_lcam_front_lidar.ply,0.1,500,0.9,0.04761,0.50452,1,0.24747,0.0463,0.05044
000035_lcam_front_lidar.ply,0.1,500,0.9,0.03786,0.51957,1,0.26029,0.04691,0.04907
000036_lcam_front_lidar.ply,0.1,500,0.9,0.05562,0.54247,1,0.28561,0.04448,0.04937
000037_lcam_front_lidar.ply,0.1,500,0.9,0.06331,0.55707,1,0.30117,0.04037,0.04772
000038_lcam_front_lidar.ply,0.1,500,0.9,0.05368,0.5802,1,0.32354,0.04048,0.0482
000039_lcam_front_lidar.ply,0.1,500,0.9,0.04745,0.61196,1,0.35437,0.0342,0.04809
000040_lcam_front_lidar.ply,0.1,500,0.9,0.05019,0.63699,1,0.37971,0.03351,0.0478
000041_lcam_front_lidar.ply,0.1,800,0.9,0.05168,0.62848,1,0.37105,0.03276,0.04688
000042_lcam_front_lidar.ply,0.1,800,0.9,0.06458,0.60656,1,0.3508,0.03422,0.04869
000043_lcam_front_lidar.ply,0.1,800,0.9,0.06399,0.59359,1,0.33785,0.03407,0.04879
000044_lcam_front_lidar.ply,0.1,800,0.9,0.05961,0.57865,1,0.32295,0.03295,0.04917
000045_lcam_front_lidar.ply,0.1,800,0.9,0.06347,0.58104,1,0.32601,0.03369,0.05076
000046_lcam_front_lidar.ply,0.1,800,0.9,0.06423,0.56812,1,0.31332,0.03374,0.0511
000047_lcam_front_lidar.ply,0.1,800,0.9,0.06356,0.57211,1,0.31799,0.03278,0.05059
000048_lcam_front_lidar.ply,0.1,800,0.9,0.0794,0.57063,1,0.31805,0.03326,0.0526
000049_lcam_front_lidar.ply,0.1,800,0.9,0.05537,0.56709,1,0.31258,0.03416,0.0531
000050_lcam_front_lidar.ply,0.1,800,0.9,0.06389,0.46829,1,0.20782,0.00733,0.04168
000051_lcam_front_lidar.ply,0.1,800,0.9,0.09889,0.46562,1,0.21006,0.00718,0.0435
000052_lcam_front_lidar.ply,0.1,800,0.9,0.06269,0.46925,1,0.20941,0.00819,0.04271
000053_lcam_front_lidar.ply,0.1,800,0.9,0.06347,0.4667,1,0.20663,0.00865,0.04244
000054_lcam_front_lidar.ply,0.1,800,0.9,0.05896,0.46357,1,0.20325,0.00766,0.04168
000055_lcam_front_lidar.ply,0.1,800,0.9,0.07263,0.4653,1,0.2068,0.00701,0.04225
000056_lcam_front_lidar.ply,0.1,800,0.9,0.07734,0.45607,1,0.19815,0.00758,0.04368
000057_lcam_front_lidar.ply,0.1,800,0.9,0.0791,0.45364,1,0.19577,0.0087,0.04232
000058_lcam_front_lidar.ply,0.1,800,0.9,0.07927,0.4518,1,0.19451,0.00714,0.04271
000059_lcam_front_lidar.ply,0.1,800,0.9,0.0675,0.4401,1,0.18102,0.00718,0.04239
000060_lcam_front_lidar.ply,0.1,800,0.9,0.06156,0.45244,1,0.19354,0.00919,0.04387
000061_lcam_front_lidar.ply,0.1,800,0.9,0.07088,0.4414,1,0.18469,0.00951,0.04436
000062_lcam_front_lidar.ply,0.1,800,0.9,0.06345,0.44366,1,0.18594,0.00886,0.04403
000063_lcam_front_lidar.ply,0.1,800,0.9,0.06335,0.44462,1,0.18499,0.00834,0.04333
000064_lcam_front_lidar.ply,0.1,800,0.9,0.06726,0.46167,1,0.18953,0.01171,0.0146
000065_lcam_front_lidar.ply,0.1,800,0.9,0.07895,0.46313,1,0.1911,0.01218,0.01501
000066_lcam_front_lidar.ply,0.1,800,0.9,0.07361,0.46008,1,0.18852,0.01176,0.01473
000067_lcam_front_lidar.ply,0.1,800,0.9,0.05675,0.47948,1,0.20439,0.01127,0.01426
000068_lcam_front_lidar.ply,0.1,800,0.9,0.06326,0.474,1,0.20061,0.01126,0.01436
000069_lcam_front_lidar.ply,0.1,800,0.9,0.06351,0.48738,1,0.21408,0.01086,0.01445
000070_lcam_front_lidar.ply,0.1,800,0.9,0.07129,0.4833,1,0.21035,0.01117,0.0146
000071_lcam_front_lidar.ply,0.1,800,0.9,0.0649,0.48164,1,0.20871,0.01138,0.0151
000072_lcam_front_lidar.ply,0.1,800,0.9,0.06313,0.48899,1,0.21541,0.01122,0.01465
000073_lcam_front_lidar.ply,0.1,800,0.9,0.06233,0.58403,1,0.31828,0.02256,0.03074
000074_lcam_front_lidar.ply,0.1,800,0.9,0.07952,0.58486,1,0.32206,0.02266,0.0307
000075_lcam_front_lidar.ply,0.1,800,0.9,0.06871,0.59018,1,0.32633,0.02285,0.03045
000076_lcam_front_lidar.ply,0.1,800,0.9,0.06344,0.59666,1,0.33108,0.02229,0.02987
000077_lcam_front_lidar.ply,0.1,800,0.9,0.0556,0.6084,1,0.34238,0.02138,0.02907
000078_lcam_front_lidar.ply,0.1,800,0.9,0.05257,0.61091,1,0.34327,0.02152,0.02829
000079_lcam_front_lidar.ply,0.1,800,0.9,0.04775,0.60648,1,0.33912,0.02289,0.02997
000080_lcam_front_lidar.ply,0.1,800,0.9,0.05764,0.62118,1,0.35458,0.02264,0.02924
000081_lcam_front_lidar.ply,0.1,500,0.9,0.05237,0.64658,1,0.37851,0.02154,0.02874
000082_lcam_front_lidar.ply,0.1,500,0.9,0.04787,0.6147,1,0.34718,0.02065,0.0302
000083_lcam_front_lidar.ply,0.1,500,0.9,0.04774,0.59056,1,0.32284,0.01821,0.0285
000084_lcam_front_lidar.ply,0.1,500,0.9,0.04725,0.53591,1,0.26054,0.01328,0.01594
000085_lcam_front_lidar.ply,0.1,500,0.9,0.04725,0.52363,1,0.2491,0.01325,0.01622
000086_lcam_front_lidar.ply,0.1,500,0.9,0.03626,0.50817,1,0.23168,0.01381,0.01563
000087_lcam_front_lidar.ply,0.1,500,0.9,0.05371,0.48958,1,0.21492,0.0143,0.0161
000088_lcam_front_lidar.ply,0.1,500,0.9,0.03019,0.48995,1,0.21244,0.01254,0.01572
000089_lcam_front_lidar.ply,0.1,500,0.9,0.0456,0.47307,1,0.197,0.0126,0.01598
000090_lcam_front_lidar.ply,0.1,500,0.9,0.04719,0.46169,1,0.18545,0.01068,0.01505
000091_lcam_front_lidar.ply,0.1,500,0.9,0.0335,0.45032,1,0.1735,0.01213,0.01656
000092_lcam_front_lidar.ply,0.1,500,0.9,0.04761,0.43643,1,0.16764,0.06515,0.02894
000093_lcam_front_lidar.ply,0.1,500,0.9,0.0479,0.43626,1,0.16926,0.07282,0.03267
000094_lcam_front_lidar.ply,0.1,500,0.9,0.04375,0.44482,1,0.17754,0.07267,0.03307
000095_lcam_front_lidar.ply,0.1,500,0.9,0.04982,0.44281,1,0.17748,0.0812,0.03551
000096_lcam_front_lidar.ply,0.1,500,0.9,0.01741,0.45549,1,0.18983,0.09421,0.04103
000097_lcam_front_lidar.ply,0.1,500,0.9,0.05323,0.45409,1,0.1913,0.08771,0.03891
000098_lcam_front_lidar.ply,0.1,500,0.9,0.03364,0.46437,1,0.19869,0.08229,0.03827
000099_lcam_front_lidar.ply,0.1,500,0.9,0.02352,0.47202,1,0.20716,0.08074,0.03843
000100_lcam_front_lidar.ply,0.1,500,0.9,0.03178,0.47677,1,0.21645,0.10605,0.04765
000101_lcam_front_lidar.ply,0.1,500,0.9,0.04135,0.47424,1,0.2128,0.0948,0.04277
000102_lcam_front_lidar.ply,0.1,500,0.9,0.03163,0.4899,1,0.22815,0.08808,0.0433
000103_lcam_front_lidar.ply,0.1,500,0.9,0.03143,0.49057,1,0.22901,0.08687,0.04318
000104_lcam_front_lidar.ply,0.1,500,0.9,0.03565,0.49094,1,0.2307,0.09512,0.04578
000105_lcam_front_lidar.ply,0.1,500,0.9,0.03185,0.4775,1,0.21587,0.10028,0.04456
000106_lcam_front_lidar.ply,0.1,500,0.9,0.03154,0.47345,1,0.21315,0.10937,0.0476
000107_lcam_front_lidar.ply,0.1,500,0.9,0.04768,0.464,1,0.20112,0.09794,0.04142
000108_lcam_front_lidar.ply,0.1,500,0.9,0.03549,0.45951,1,0.19409,0.08393,0.03683
000109_lcam_front_lidar.ply,0.1,500,0.9,0.03167,0.46694,1,0.19886,0.07231,0.03343
000110_lcam_front_lidar.ply,0.1,500,0.9,0.03624,0.45154,1,0.18537,0.08728,0.03676
000111_lcam_front_lidar.ply,0.1,500,0.9,0.02568,0.44781,1,0.17617,0.06003,0.02831
000112_lcam_front_lidar.ply,0.1,500,0.9,0.04734,0.43894,1,0.1712,0.07335,0.03213
000113_lcam_front_lidar.ply,0.1,500,0.9,0.0399,0.44413,1,0.16742,0.01086,0.01534
000114_lcam_front_lidar.ply,0.1,500,0.9,0.04375,0.45744,1,0.18079,0.0113,0.01572
000115_lcam_front_lidar.ply,0.1,500,0.9,0.03362,0.47921,1,0.20268,0.01338,0.01638
000116_lcam_front_lidar.ply,0.1,500,0.9,0.0476,0.49114,1,0.21496,0.01445,0.01633
000117_lcam_front_lidar.ply,0.1,500,0.9,0.04718,0.51091,1,0.23584,0.0141,0.01553
000118_lcam_front_lidar.ply,0.1,500,0.9,0.05404,0.51677,1,0.24169,0.01293,0.015
000119_lcam_front_lidar.ply,0.1,500,0.9,0.06347,0.55037,1,0.28309,0.02075,0.02738
000120_lcam_front_lidar.ply,0.1,500,0.9,0.0433,0.63447,1,0.36612,0.02304,0.03096
000121_lcam_front_lidar.ply,0.1,500,0.9,0.0631,0.66087,1,0.39305,0.02061,0.02842
000122_lcam_front_lidar.ply,0.1,800,0.9,0.06466,0.63428,1,0.36748,0.02311,0.02904
000123_lcam_front_lidar.ply,0.1,800,0.9,0.05633,0.60253,1,0.33561,0.02492,0.02905
000124_lcam_front_lidar.ply,0.1,800,0.9,0.05332,0.59419,1,0.32683,0.02293,0.02691
000125_lcam_front_lidar.ply,0.1,800,0.9,0.05011,0.59109,1,0.32508,0.0244,0.02751
000126_lcam_front_lidar.ply,0.1,800,0.9,0.04518,0.59993,1,0.33208,0.02484,0.02698
000127_lcam_front_lidar.ply,0.1,800,0.9,0.06317,0.59305,1,0.32642,0.02545,0.02682
000128_lcam_front_lidar.ply,0.1,800,0.9,0.05708,0.6091,1,0.3415,0.0254,0.02614
000129_lcam_front_lidar.ply,0.1,800,0.9,0.03895,0.6098,1,0.34051,0.02617,0.02581
000130_lcam_front_lidar.ply,0.1,800,0.9,0.04121,0.60982,1,0.33953,0.02806,0.0259
000131_lcam_front_lidar.ply,0.1,800,0.9,0.04555,0.60621,1,0.33668,0.02741,0.02556
000132_lcam_front_lidar.ply,0.1,800,0.9,0.04177,0.59277,1,0.32289,0.02771,0.02551
000133_lcam_front_lidar.ply,0.1,800,0.9,0.0606,0.58517,1,0.31728,0.02809,0.02463
000134_lcam_front_lidar.ply,0.1,800,0.9,0.05516,0.58017,1,0.31229,0.02836,0.0248
000135_lcam_front_lidar.ply,0.1,800,0.9,0.04451,0.57643,1,0.30596,0.02929,0.0244
000136_lcam_front_lidar.ply,0.1,800,0.9,0.04931,0.56922,1,0.29991,0.02879,0.024
000137_lcam_front_lidar.ply,0.1,800,0.9,0.06313,0.55515,1,0.2873,0.02971,0.0238
000138_lcam_front_lidar.ply,0.1,800,0.9,0.04965,0.54063,1,0.26973,0.03173,0.02377
000139_lcam_front_lidar.ply,0.1,800,0.9,0.05301,0.55381,1,0.28492,0.03009,0.02307
000140_lcam_front_lidar.ply,0.1,800,0.9,0.0534,0.54798,1,0.27746,0.0309,0.02257
000141_lcam_front_lidar.ply,0.1,800,0.9,0.058,0.55759,1,0.28692,0.02958,0.02246
000142_lcam_front_lidar.ply,0.1,800,0.9,0.05508,0.55499,1,0.28469,0.03001,0.02183
000143_lcam_front_lidar.ply,0.1,800,0.9,0.05845,0.5486,1,0.27774,0.03077,0.02123
000144_lcam_front_lidar.ply,0.1,800,0.9,0.04962,0.55121,1,0.28062,0.02869,0.02066
000145_lcam_front_lidar.ply,0.1,800,0.9,0.04851,0.56011,1,0.28783,0.02675,0.01976
000146_lcam_front_lidar.ply,0.1,800,0.9,0.0623,0.5572,1,0.28666,0.02654,0.01956
000147_lcam_front_lidar.ply,0.1,800,0.9,0.04995,0.55207,1,0.27976,0.02714,0.01924
000148_lcam_front_lidar.ply,0.1,800,0.9,0.04529,0.55173,1,0.27946,0.02453,0.01919
000149_lcam_front_lidar.ply,0.1,800,0.9,0.05507,0.55067,1,0.27805,0.02605,0.01965
000150_lcam_front_lidar.ply,0.1,800,0.9,0.04442,0.53599,1,0.2622,0.0249,0.01986
000151_lcam_front_lidar.ply,0.1,800,0.9,0.04905,0.53736,1,0.2643,0.02255,0.01942
000152_lcam_front_lidar.ply,0.1,800,0.9,0.05139,0.52592,1,0.25361,0.02239,0.02029
000153_lcam_front_lidar.ply,0.1,800,0.9,0.0526,0.51943,1,0.24835,0.02064,0.02048
000154_lcam_front_lidar.ply,0.1,800,0.9,0.04332,0.50708,1,0.23356,0.01961,0.01956
000155_lcam_front_lidar.ply,0.1,800,0.9,0.04931,0.50649,1,0.23336,0.01935,0.02015
000156_lcam_front_lidar.ply,0.1,800,0.9,0.04636,0.49766,1,0.22566,0.01837,0.0203
000157_lcam_front_lidar.ply,0.1,800,0.9,0.04759,0.49164,1,0.21931,0.0156,0.01945
000158_lcam_front_lidar.ply,0.1,800,0.9,0.05132,0.47641,1,0.20691,0.0171,0.02025
000159_lcam_front_lidar.ply,0.1,800,0.9,0.07028,0.46422,1,0.19556,0.01903,0.02076
000160_lcam_front_lidar.ply,0.1,800,0.9,0.06509,0.45258,1,0.18577,0.01879,0.02155
000161_lcam_front_lidar.ply,0.1,800,0.9,0.06134,0.43881,1,0.17247,0.01978,0.02136
000162_lcam_front_lidar.ply,0.1,800,0.9,0.08048,0.43329,1,0.16638,0.01912,0.02111
000163_lcam_front_lidar.ply,0.1,800,0.9,0.06126,0.42954,1,0.16158,0.02023,0.02097
000164_lcam_front_lidar.ply,0.1,800,0.9,0.0651,0.42344,1,0.15523,0.01928,0.0204
000165_lcam_front_lidar.ply,0.1,800,0.9,0.0689,0.41613,1,0.14835,0.01878,0.0202
000166_lcam_front_lidar.ply,0.1,800,0.9,0.06723,0.40774,1,0.13812,0.01906,0.02047
000167_lcam_front_lidar.ply,0.1,800,0.9,0.08258,0.39628,1,0.12987,0.02079,0.02123
000168_lcam_front_lidar.ply,0.1,800,0.9,0.07877,0.39003,1,0.12164,0.01469,0.01719
000169_lcam_front_lidar.ply,0.1,800,0.9,0.10298,0.37973,1,0.11315,0.01853,0.01957
000170_lcam_front_lidar.ply,0.1,800,0.9,0.06404,0.38457,1,0.11484,0.01657,0.01859
000171_lcam_front_lidar.ply,0.1,800,0.9,0.07734,0.35319,1,0.11858,0.01118,0.08851
000172_lcam_front_lidar.ply,0.1,800,0.9,0.07843,0.35534,1,0.11965,0.00388,0.08644
000173_lcam_front_lidar.ply,0.1,800,0.9,0.07885,0.35786,1,0.12462,0.02167,0.09068
000174_lcam_front_lidar.ply,0.1,800,0.9,0.08312,0.27931,1,0.00221,0.94971,0.00065
000175_lcam_front_lidar.ply,0.1,800,0.9,0.06116,0.36116,1,0.09007,0.01663,0.01829
000176_lcam_front_lidar.ply,0.1,800,0.9,0.08722,0.36121,1,0.12774,0.02554,0.08843
000177_lcam_front_lidar.ply,0.1,800,0.9,0.07063,0.36803,1,0.13482,0.03151,0.09336
000178_lcam_front_lidar.ply,0.1,800,0.9,0.08086,0.36963,1,0.13442,0.03728,0.08692
000179_lcam_front_lidar.ply,0.1,800,0.9,0.06338,0.37626,1,0.14103,0.03882,0.0902
000180_lcam_front_lidar.ply,0.1,800,0.9,0.07907,0.38005,1,0.14399,0.02609,0.08533
000181_lcam_front_lidar.ply,0.1,800,0.9,0.07851,0.37782,1,0.1421,0.0363,0.08729
000182_lcam_front_lidar.ply,0.1,800,0.9,0.07754,0.38368,1,0.14677,0.03065,0.08461
000183_lcam_front_lidar.ply,0.1,800,0.9,0.06599,0.38352,1,0.14835,0.03325,0.08801
000184_lcam_front_lidar.ply,0.1,800,0.9,0.06542,0.38679,1,0.14836,0.02147,0.0807
000185_lcam_front_lidar.ply,0.1,800,0.9,0.07993,0.38763,1,0.14911,0.03164,0.08176
000186_lcam_front_lidar.ply,0.1,800,0.9,0.06951,0.38383,1,0.14352,0.05843,0.07812
000187_lcam_front_lidar.ply,0.1,800,0.9,0.07242,0.39357,1,0.15421,0.033,0.08188
000188_lcam_front_lidar.ply,0.1,800,0.9,0.06921,0.39138,1,0.15071,0.02572,0.0763
000189_lcam_front_lidar.ply,0.1,800,0.9,0.06108,0.40396,1,0.16081,0.0256,0.07431
000190_lcam_front_lidar.ply,0.1,800,0.9,0.07932,0.39229,1,0.15161,0.0316,0.0747
000191_lcam_front_lidar.ply,0.1,800,0.9,0.08086,0.40724,1,0.16483,0.03127,0.07031
000192_lcam_front_lidar.ply,0.1,800,0.9,0.05825,0.4026,1,0.15659,0.04213,0.06553
000193_lcam_front_lidar.ply,0.1,800,0.9,0.07142,0.41363,1,0.16905,0.0261,0.0686
000194_lcam_front_lidar.ply,0.1,800,0.9,0.07065,0.4189,1,0.17049,0.02211,0.06214
000195_lcam_front_lidar.ply,0.1,800,0.9,0.0721,0.42008,1,0.17075,0.02907,0.06103
000196_lcam_front_lidar.ply,0.1,800,0.9,0.06434,0.42777,1,0.17528,0.02311,0.05488
000197_lcam_front_lidar.ply,0.1,800,0.9,0.06468,0.43375,1,0.18101,0.02594,0.05619
000198_lcam_front_lidar.ply,0.1,800,0.9,0.08533,0.4235,1,0.1711,0.02128,0.04888
000199_lcam_front_lidar.ply,0.1,800,0.9,0.06915,0.43361,1,0.18094,0.0289,0.05297
000200_lcam_front_lidar.ply,0.1,800,0.9,0.05692,0.43217,1,0.17574,0.0286,0.04908
000201_lcam_front_lidar.ply,0.1,800,0.9,0.0717,0.44015,1,0.18587,0.02561,0.0488
000202_lcam_front_lidar.ply,0.1,800,0.9,0.06485,0.43959,1,0.18102,0.02704,0.0439
000203_lcam_front_lidar.ply,0.1,800,0.9,0.0651,0.44262,1,0.18399,0.02429,0.04238
000204_lcam_front_lidar.ply,0.1,800,0.9,0.0555,0.44684,1,0.18774,0.03127,0.04578
000205_lcam_front_lidar.ply,0.1,800,0.9,0.05363,0.4445,1,0.18529,0.03168,0.04409
000206_lcam_front_lidar.ply,0.1,800,0.9,0.06534,0.45057,1,0.19098,0.02718,0.04259
000207_lcam_front_lidar.ply,0.1,800,0.9,0.06518,0.45756,1,0.19733,0.02812,0.04333
000208_lcam_front_lidar.ply,0.1,800,0.9,0.05956,0.457,1,0.19864,0.0286,0.04297
000209_lcam_front_lidar.ply,0.1,800,0.9,0.05943,0.48031,1,0.22054,0.02223,0.03963
000210_lcam_front_lidar.ply,0.1,800,0.9,0.05309,0.4856,1,0.22502,0.02929,0.04305
000211_lcam_front_lidar.ply,0.1,800,0.9,0.04235,0.49619,1,0.23386,0.02357,0.04048
000212_lcam_front_lidar.ply,0.1,800,0.9,0.05825,0.48355,1,0.22094,0.02573,0.04086
000213_lcam_front_lidar.ply,0.1,800,0.9,0.05323,0.47716,1,0.21758,0.02518,0.04274
000214_lcam_front_lidar.ply,0.1,800,0.9,0.06208,0.46393,1,0.20637,0.02698,0.04399
000215_lcam_front_lidar.ply,0.1,800,0.9,0.06708,0.47949,1,0.22025,0.02307,0.0433
000216_lcam_front_lidar.ply,0.1,800,0.9,0.05883,0.50726,1,0.24846,0.0266,0.04529
000217_lcam_front_lidar.ply,0.1,800,0.9,0.04178,0.52347,1,0.26405,0.02852,0.04645
000218_lcam_front_lidar.ply,0.1,800,0.9,0.0476,0.53969,1,0.28114,0.02974,0.04838
000219_lcam_front_lidar.ply,0.1,800,0.9,0.02952,0.53175,1,0.27022,0.03741,0.04879
000220_lcam_front_lidar.ply,0.1,800,0.9,0.04682,0.50806,1,0.24947,0.03782,0.04993
000221_lcam_front_lidar.ply,0.1,800,0.9,0.0389,0.47085,1,0.21017,0.03162,0.04604
000222_lcam_front_lidar.ply,0.1,800,0.9,0.03755,0.45435,1,0.19168,0.02622,0.04431
000223_lcam_front_lidar.ply,0.1,800,0.9,0.04946,0.47482,1,0.19245,0.00084,0.00044
000224_lcam_front_lidar.ply,0.1,800,0.9,0.03303,0.48539,1,0.20055,0.00081,0.00042
000225_lcam_front_lidar.ply,0.1,800,0.9,0.03397,0.49117,1,0.20678,0.00084,0.00044
000226_lcam_front_lidar.ply,0.1,800,0.9,0.03556,0.50046,1,0.21559,0.00088,0.00046
000227_lcam_front_lidar.ply,0.1,800,0.9,0.03554,0.51319,1,0.22841,0.00077,0.00049
000228_lcam_front_lidar.ply,0.1,800,0.9,0.03148,0.52675,1,0.24296,0.00075,0.00051
000229_lcam_front_lidar.ply,0.1,500,0.9,0.03555,0.53669,1,0.25221,0.00056,0.00049
000230_lcam_front_lidar.ply,0.1,800,0.9,0.03355,0.54586,1,0.26058,0.0005,0.00053
000231_lcam_front_lidar.ply,0.1,800,0.9,0.03347,0.55762,1,0.27342,0.00036,0.00053
000232_lcam_front_lidar.ply,0.1,800,0.9,0.0353,0.55984,1,0.27584,6e-05,0.00061
000233_lcam_front_lidar.ply,0.1,800,0.9,0.02564,0.5759,1,0.29101,0.00037,0.00084
000234_lcam_front_lidar.ply,0.1,800,0.9,0.0353,0.5704,1,0.28592,0.00027,0.0008
000235_lcam_front_lidar.ply,0.1,800,0.9,0.02546,0.5929,1,0.30764,0.00013,0.00074
000236_lcam_front_lidar.ply,0.1,800,0.9,0.0159,0.60355,1,0.31714,1e-05,0.0007
000237_lcam_front_lidar.ply,0.1,800,0.9,0.01977,0.59429,1,0.30907,1e-05,0.00061
000238_lcam_front_lidar.ply,0.1,800,0.9,0.01794,0.59403,1,0.30773,1e-05,0.00046
000239_lcam_front_lidar.ply,0.1,500,0.9,0.02578,0.58668,1,0.30251,2e-05,0.00043
000240_lcam_front_lidar.ply,0.1,800,0.9,0.02178,0.58363,1,0.29831,4e-05,0.00039
000241_lcam_front_lidar.ply,0.1,500,0.9,0.02953,0.58383,1,0.2988,2e-05,0.00042
000242_lcam_front_lidar.ply,0.1,500,0.9,0.01176,0.5836,1,0.29848,1e-05,0.00042
000243_lcam_front_lidar.ply,0.1,500,0.9,0.02945,0.58545,1,0.30067,7e-05,0.00048
000244_lcam_front_lidar.ply,0.1,500,0.9,0.0273,0.58197,1,0.29731,0.00026,0.00048
000245_lcam_front_lidar.ply,0.1,800,0.9,0.02358,0.5785,1,0.29338,0.00038,0.0004
000246_lcam_front_lidar.ply,0.25,800,0.9,0.03746,0.58461,1,0.30042,0.00041,0.00044
000247_lcam_front_lidar.ply,0.1,800,0.9,0.0237,0.58792,1,0.30241,0.00041,0.00047
000248_lcam_front_lidar.ply,0.1,800,0.9,0.02178,0.5951,1,0.30976,0.00038,0.00049
000249_lcam_front_lidar.ply,0.1,800,0.9,0.01978,0.59922,1,0.31317,0.00038,0.00052
000250_lcam_front_lidar.ply,0.1,800,0.9,0.01952,0.5852,1,0.29916,0.0004,0.00053
000251_lcam_front_lidar.ply,0.1,500,0.9,0.03186,0.60424,1,0.31967,0.00036,0.00052
000252_lcam_front_lidar.ply,0.1,800,0.9,0.01368,0.60419,1,0.31731,0.0004,0.00055
000253_lcam_front_lidar.ply,0.1,500,0.9,0.03991,0.58413,1,0.30096,0.00033,0.00056
000254_lcam_front_lidar.ply,0.1,800,0.9,0.03014,0.57422,1,0.28898,0.0003,0.00053
000255_lcam_front_lidar.ply,0.1,800,0.9,0.02936,0.57088,1,0.28638,0.00026,0.00059
000256_lcam_front_lidar.ply,0.1,800,0.9,0.01323,0.5682,1,0.28148,0.00033,0.00057
000257_lcam_front_lidar.ply,0.1,800,0.9,0.03783,0.55445,1,0.27054,0.00022,0.0005
000258_lcam_front_lidar.ply,0.1,800,0.9,0.02581,0.5577,1,0.27376,0.00022,0.00049
000259_lcam_front_lidar.ply,0.1,500,0.9,0.03351,0.53921,1,0.25502,0.00013,0.00044
000260_lcam_front_lidar.ply,0.1,800,0.9,0.03556,0.51898,1,0.2499,0.06229,0.02729
000261_lcam_front_lidar.ply,0.1,500,0.9,0.0353,0.51221,1,0.24604,0.06846,0.03196
000262_lcam_front_lidar.ply,0.1,500,0.9,0.02954,0.51301,1,0.24558,0.06608,0.03226
000263_lcam_front_lidar.ply,0.1,500,0.9,0.02753,0.51253,1,0.24621,0.06384,0.03336
000264_lcam_front_lidar.ply,0.1,500,0.9,0.02779,0.51166,1,0.24677,0.06044,0.03563
000265_lcam_front_lidar.ply,0.1,500,0.9,0.01176,0.50939,1,0.24843,0.06342,0.04458
000266_lcam_front_lidar.ply,0.1,500,0.9,0.03191,0.50575,1,0.24692,0.06542,0.04974
000267_lcam_front_lidar.ply,0.1,500,0.9,0.03162,0.51389,1,0.25529,0.056,0.05052
000268_lcam_front_lidar.ply,0.1,500,0.9,0.03956,0.51247,1,0.25648,0.03866,0.05511
000269_lcam_front_lidar.ply,0.1,500,0.9,0.04131,0.50781,1,0.25208,0.01042,0.0562
000270_lcam_front_lidar.ply,0.1,500,0.9,0.02367,0.49165,1,0.2371,0.00127,0.05972
000271_lcam_front_lidar.ply,0.1,500,0.9,0.03049,0.49354,1,0.23955,0.00983,0.06041
000272_lcam_front_lidar.ply,0.1,500,0.9,0.03329,0.48506,1,0.23217,0.01383,0.0618
000273_lcam_front_lidar.ply,0.1,500,0.9,0.0288,0.48815,1,0.23441,0.02124,0.05894
000274_lcam_front_lidar.ply,0.1,500,0.9,0.01768,0.48681,1,0.23176,0.02616,0.06152
000275_lcam_front_lidar.ply,0.1,500,0.9,0.04513,0.4759,1,0.22264,0.03332,0.05985
000276_lcam_front_lidar.ply,0.1,500,0.9,0.02954,0.47977,1,0.22398,0.03773,0.0589
000277_lcam_front_lidar.ply,0.1,500,0.9,0.02553,0.47961,1,0.22323,0.04363,0.05836
000278_lcam_front_lidar.ply,0.1,500,0.9,0.03582,0.46923,1,0.2004,0.007,0.02906
000279_lcam_front_lidar.ply,0.1,500,0.9,0.02969,0.4726,1,0.20066,0.01477,0.02594
000280_lcam_front_lidar.ply,0.1,500,0.9,0.03337,0.48684,1,0.20262,0.00031,0.00027
000281_lcam_front_lidar.ply,0.1,500,0.9,0.03555,0.4824,1,0.19803,0.0002,0.00023
000282_lcam_front_lidar.ply,0.1,800,0.9,0.03934,0.46551,1,0.20382,0.02658,0.04424
000283_lcam_front_lidar.ply,0.1,800,0.9,0.03756,0.49202,1,0.22896,0.02891,0.04445
000284_lcam_front_lidar.ply,0.1,800,0.9,0.02353,0.51963,1,0.25825,0.03267,0.04937
000285_lcam_front_lidar.ply,0.1,800,0.9,0.03672,0.54091,1,0.28237,0.03646,0.05018
000286_lcam_front_lidar.ply,0.1,800,0.9,0.03188,0.557,1,0.297,0.03362,0.04794
000287_lcam_front_lidar.ply,0.1,800,0.9,0.05508,0.53646,1,0.28048,0.02965,0.04671
000288_lcam_front_lidar.ply,0.1,800,0.9,0.04258,0.5177,1,0.25904,0.02837,0.04649
000289_lcam_front_lidar.ply,0.1,800,0.9,0.05137,0.48399,1,0.22798,0.02891,0.04609
000290_lcam_front_lidar.ply,0.1,800,0.9,0.06129,0.47076,1,0.21395,0.0308,0.04668
000291_lcam_front_lidar.ply,0.1,800,0.9,0.06905,0.46929,1,0.21507,0.03542,0.05024
000292_lcam_front_lidar.ply,0.1,800,0.9,0.06718,0.46479,1,0.21161,0.03801,0.0506
000293_lcam_front_lidar.ply,0.1,800,0.9,0.06708,0.46574,1,0.21155,0.03535,0.04977
000294_lcam_front_lidar.ply,0.1,800,0.9,0.05934,0.47031,1,0.21663,0.03413,0.05008
000295_lcam_front_lidar.ply,0.1,800,0.9,0.06508,0.46433,1,0.20859,0.03033,0.04734
000296_lcam_front_lidar.ply,0.1,800,0.9,0.06059,0.46186,1,0.20848,0.03331,0.04988
000297_lcam_front_lidar.ply,0.1,800,0.9,0.05571,0.45609,1,0.2041,0.03544,0.05107
000298_lcam_front_lidar.ply,0.1,800,0.9,0.06355,0.45412,1,0.20215,0.03267,0.04926
000299_lcam_front_lidar.ply,0.1,800,0.9,0.06931,0.45092,1,0.19695,0.02988,0.04751
000300_lcam_front_lidar.ply,0.1,800,0.9,0.07467,0.45006,1,0.1981,0.03705,0.05093
000301_lcam_front_lidar.ply,0.1,800,0.9,0.07269,0.45053,1,0.19653,0.03157,0.04958
000302_lcam_front_lidar.ply,0.1,800,0.9,0.07539,0.44872,1,0.19682,0.02974,0.04869
000303_lcam_front_lidar.ply,0.1,800,0.9,0.08333,0.44443,1,0.19081,0.02998,0.04937
000304_lcam_front_lidar.ply,0.1,800,0.9,0.07952,0.4444,1,0.19488,0.03527,0.05249
000305_lcam_front_lidar.ply,0.1,800,0.9,0.0653,0.44803,1,0.19393,0.02911,0.04962
000306_lcam_front_lidar.ply,0.1,800,0.9,0.06797,0.43662,1,0.18419,0.03568,0.05415
000307_lcam_front_lidar.ply,0.1,800,0.9,0.05869,0.44295,1,0.18937,0.03487,0.05151
000308_lcam_front_lidar.ply,0.1,800,0.9,0.0697,0.44144,1,0.18921,0.03609,0.05188
000309_lcam_front_lidar.ply,0.1,800,0.9,0.0793,0.44293,1,0.19298,0.03731,0.05264
000310_lcam_front_lidar.ply,0.1,800,0.9,0.06383,0.43929,1,0.18563,0.03471,0.05009
000311_lcam_front_lidar.ply,0.1,800,0.9,0.08347,0.43361,1,0.18187,0.03511,0.05036
000312_lcam_front_lidar.ply,0.1,800,0.9,0.08015,0.43829,1,0.18472,0.0295,0.04726
000313_lcam_front_lidar.ply,0.1,800,0.9,0.06295,0.43696,1,0.17989,0.03128,0.04832
000314_lcam_front_lidar.ply,0.1,800,0.9,0.07248,0.44131,1,0.18802,0.03578,0.05131
000315_lcam_front_lidar.ply,0.1,800,0.9,0.08291,0.43824,1,0.18491,0.03127,0.04767
000316_lcam_front_lidar.ply,0.1,800,0.9,0.07676,0.44344,1,0.19255,0.03593,0.05066
000317_lcam_front_lidar.ply,0.1,800,0.9,0.06841,0.43817,1,0.18502,0.03589,0.05184
000318_lcam_front_lidar.ply,0.1,800,0.9,0.07484,0.43609,1,0.17995,0.02542,0.04516
000319_lcam_front_lidar.ply,0.1,800,0.9,0.07343,0.43782,1,0.18422,0.03405,0.05015
000320_lcam_front_lidar.ply,0.1,800,0.9,0.07548,0.43304,1,0.18122,0.03152,0.04899
000321_lcam_front_lidar.ply,0.1,800,0.9,0.07943,0.43722,1,0.17947,0.02478,0.0433
000322_lcam_front_lidar.ply,0.1,800,0.9,0.06119,0.43966,1,0.18062,0.02112,0.04163
000323_lcam_front_lidar.ply,0.1,800,0.9,0.07226,0.43693,1,0.17821,0.02179,0.04279
000324_lcam_front_lidar.ply,0.1,800,0.9,0.0808,0.42686,1,0.1765,0.03039,0.05007
000325_lcam_front_lidar.ply,0.1,800,0.9,0.06341,0.43229,1,0.17682,0.02684,0.04749
000326_lcam_front_lidar.ply,0.1,800,0.9,0.0671,0.43023,1,0.16954,0.01111,0.03694
000327_lcam_front_lidar.ply,0.1,800,0.9,0.06124,0.43231,1,0.17151,0.01673,0.04092
000328_lcam_front_lidar.ply,0.1,800,0.9,0.07337,0.426,1,0.16863,0.01932,0.04214
000329_lcam_front_lidar.ply,0.1,800,0.9,0.07485,0.42493,1,0.16461,0.01474,0.03874
000330_lcam_front_lidar.ply,0.1,800,0.9,0.06328,0.4215,1,0.16086,0.01495,0.03732
000331_lcam_front_lidar.ply,0.1,800,0.9,0.05884,0.42127,1,0.16099,0.02201,0.04229
000332_lcam_front_lidar.ply,0.1,800,0.9,0.06341,0.41866,1,0.15611,0.01735,0.03841
000333_lcam_front_lidar.ply,0.1,800,0.9,0.06498,0.41362,1,0.15572,0.02218,0.04301
000334_lcam_front_lidar.ply,0.1,800,0.9,0.0791,0.41413,1,0.1524,0.01493,0.03669
000335_lcam_front_lidar.ply,0.1,800,0.9,0.07091,0.40605,1,0.14474,0.01511,0.03719
000336_lcam_front_lidar.ply,0.1,800,0.9,0.07556,0.40335,1,0.14298,0.01794,0.03853
000337_lcam_front_lidar.ply,0.1,800,0.9,0.0635,0.40383,1,0.14168,0.01235,0.03603
000338_lcam_front_lidar.ply,0.1,800,0.9,0.06402,0.39541,1,0.13188,0.00921,0.03385
000339_lcam_front_lidar.ply,0.1,800,0.9,0.07864,0.39092,1,0.12852,0.01002,0.03458
000340_lcam_front_lidar.ply,0.1,800,0.9,0.0731,0.39312,1,0.13062,0.01173,0.03524
000341_lcam_front_lidar.ply,0.1,800,0.9,0.0749,0.39651,1,0.13347,0.00928,0.03347
000342_lcam_front_lidar.ply,0.1,800,0.9,0.08307,0.39581,1,0.13376,0.00869,0.03357
000343_lcam_front_lidar.ply,0.1,800,0.9,0.06908,0.39201,1,0.12819,0.00865,0.03422
000344_lcam_front_lidar.ply,0.1,800,0.9,0.06357,0.37725,1,0.11197,0.00384,0.0318
000345_lcam_front_lidar.ply,0.1,800,0.9,0.06883,0.35814,1,0.11321,0.00356,0.06889
000346_lcam_front_lidar.ply,0.1,800,0.9,0.05759,0.28176,1,0.0,0.0,0.0
000347_lcam_front_lidar.ply,0.1,800,0.9,0.07112,0.31372,1,0.03824,0.00387,0.01052
000348_lcam_front_lidar.ply,0.1,800,0.9,0.05935,0.28154,1,0.0,0.0,0.0
000349_lcam_front_lidar.ply,0.1,800,0.9,0.05655,0.37448,1,0.11692,0.01082,0.04777
000350_lcam_front_lidar.ply,0.1,800,0.9,0.06337,0.28027,1,0.0,0.0,0.0
000351_lcam_front_lidar.ply,0.1,800,0.9,0.05164,0.28212,1,0.0,0.0,0.0
000352_lcam_front_lidar.ply,0.1,800,0.9,0.06024,0.35282,1,0.07519,0.00442,0.00697
000353_lcam_front_lidar.ply,0.1,800,0.9,0.06294,0.35728,1,0.07968,0.00373,0.00689
000354_lcam_front_lidar.ply,0.1,800,0.9,0.05355,0.35962,1,0.08096,0.00333,0.00687
000355_lcam_front_lidar.ply,0.1,800,0.9,0.06021,0.36385,1,0.08558,0.00378,0.00713
000356_lcam_front_lidar.ply,0.1,800,0.9,0.06422,0.36305,1,0.08579,0.00365,0.0071
000357_lcam_front_lidar.ply,0.1,800,0.9,0.0477,0.36655,1,0.08697,0.00375,0.00696
000358_lcam_front_lidar.ply,0.1,800,0.9,0.06351,0.36063,1,0.08322,0.00384,0.00641
000359_lcam_front_lidar.ply,0.1,800,0.9,0.06393,0.36164,1,0.08289,0.00375,0.00649
000360_lcam_front_lidar.ply,0.1,800,0.9,0.06358,0.36126,1,0.08457,0.00367,0.00638
000361_lcam_front_lidar.ply,0.1,800,0.9,0.06393,0.35739,1,0.08132,0.00401,0.00617
000362_lcam_front_lidar.ply,0.1,800,0.9,0.05345,0.35993,1,0.08202,0.00409,0.00655
000363_lcam_front_lidar.ply,0.1,800,0.9,0.04068,0.35996,1,0.08149,0.00412,0.00683
000364_lcam_front_lidar.ply,0.1,800,0.9,0.05963,0.35942,1,0.08068,0.00411,0.00642
000365_lcam_front_lidar.ply,0.1,800,0.9,0.06351,0.34121,1,0.09184,0.02765,0.06087
000366_lcam_front_lidar.ply,0.1,800,0.9,0.06335,0.35811,1,0.07972,0.00412,0.00623
000367_lcam_front_lidar.ply,0.1,800,0.9,0.0558,0.28129,1,0.0,0.0,0.0
000368_lcam_front_lidar.ply,0.1,800,0.9,0.03902,0.28281,1,0.0,0.0,0.0
000369_lcam_front_lidar.ply,0.1,800,0.9,0.04867,0.28272,1,0.0,0.0,0.0
000370_lcam_front_lidar.ply,0.1,800,0.9,0.03579,0.28366,1,0.0,0.0,0.0
000371_lcam_front_lidar.ply,0.1,800,0.9,0.0726,0.32832,1,0.05586,0.00826,0.01398
000372_lcam_front_lidar.ply,0.1,800,0.9,0.04585,0.33543,1,0.05951,0.00841,0.01253
000373_lcam_front_lidar.ply,0.1,800,0.9,0.06092,0.34455,1,0.07043,0.00927,0.01197
000374_lcam_front_lidar.ply,0.1,800,0.9,0.07901,0.34823,1,0.07606,0.00903,0.01247
000375_lcam_front_lidar.ply,0.1,800,0.9,0.05959,0.3591,1,0.09176,0.01345,0.02549
000376_lcam_front_lidar.ply,0.1,800,0.9,0.06987,0.36446,1,0.10954,0.01475,0.04766
000377_lcam_front_lidar.ply,0.1,800,0.9,0.04358,0.45098,1,0.19728,0.0183,0.05701
000378_lcam_front_lidar.ply,0.1,800,0.9,0.0515,0.44829,1,0.20168,0.01879,0.07093
000379_lcam_front_lidar.ply,0.1,800,0.9,0.05331,0.45635,1,0.21128,0.01687,0.07083
000380_lcam_front_lidar.ply,0.25,800,0.9,0.05529,0.51739,1,0.29206,0.0254,0.11016
000381_lcam_front_lidar.ply,0.25,800,0.9,0.06551,0.52823,1,0.3023,0.03093,0.10669
000382_lcam_front_lidar.ply,0.25,800,0.9,0.04415,0.53087,1,0.30133,0.03129,0.1059
000383_lcam_front_lidar.ply,0.25,800,0.9,0.05306,0.54008,1,0.30898,0.02561,0.10078
000384_lcam_front_lidar.ply,0.25,800,0.9,0.05751,0.54046,1,0.3088,0.03223,0.10015
000385_lcam_front_lidar.ply,0.1,800,0.9,0.0631,0.39661,1,0.12153,0.00985,0.01366
000386_lcam_front_lidar.ply,0.1,800,0.9,0.04726,0.39874,1,0.12316,0.00904,0.01358
000387_lcam_front_lidar.ply,0.25,800,0.9,0.04778,0.36421,1,0.17273,0.15011,0.17802
000388_lcam_front_lidar.ply,0.1,800,0.9,0.05332,0.40194,1,0.12818,0.0106,0.01389
000389_lcam_front_lidar.ply,0.1,800,0.9,0.04014,0.39692,1,0.1204,0.00924,0.01437
000390_lcam_front_lidar.ply,0.1,800,0.9,0.03963,0.39207,1,0.11604,0.00951,0.01411
000391_lcam_front_lidar.ply,0.1,800,0.9,0.05802,0.38938,1,0.11758,0.01057,0.01429
000392_lcam_front_lidar.ply,0.1,800,0.9,0.06261,0.38959,1,0.11619,0.01065,0.01426
000393_lcam_front_lidar.ply,0.1,800,0.9,0.05909,0.34823,1,0.11611,0.11807,0.09405
000394_lcam_front_lidar.ply,0.1,800,0.9,0.06307,0.35119,1,0.11952,0.11285,0.09611
000395_lcam_front_lidar.ply,0.1,800,0.9,0.06297,0.35542,1,0.12397,0.10658,0.09572
000396_lcam_front_lidar.ply,0.1,800,0.9,0.06107,0.35679,1,0.12524,0.10686,0.09597
000397_lcam_front_lidar.ply,0.1,800,0.9,0.05146,0.41025,1,0.16914,0.07998,0.07852
000398_lcam_front_lidar.ply,0.1,800,0.9,0.05501,0.41264,1,0.17166,0.07868,0.07738
000399_lcam_front_lidar.ply,0.1,500,0.9,0.06337,0.43682,1,0.1902,0.05415,0.06546
000400_lcam_front_lidar.ply,0.1,500,0.9,0.06984,0.41192,1,0.16263,0.05588,0.06157
000401_lcam_front_lidar.ply,0.1,500,0.9,0.06128,0.40976,1,0.18707,0.02071,0.11606
000402_lcam_front_lidar.ply,0.1,500,0.9,0.05567,0.40361,1,0.1814,0.01789,0.11567
000403_lcam_front_lidar.ply,0.1,500,0.9,0.03354,0.42542,1,0.20127,0.02953,0.11939
000404_lcam_front_lidar.ply,0.1,500,0.9,0.04733,0.43135,1,0.20887,0.01129,0.11935
000405_lcam_front_lidar.ply,0.1,500,0.9,0.05355,0.41895,1,0.14018,0.00341,0.00716
000406_lcam_front_lidar.ply,0.1,500,0.9,0.03993,0.44685,1,0.2246,0.01714,0.12
000407_lcam_front_lidar.ply,0.1,500,0.9,0.04339,0.42002,1,0.14092,0.00281,0.00725
000408_lcam_front_lidar.ply,0.1,500,0.9,0.04262,0.40341,1,0.17778,0.0308,0.11266
000409_lcam_front_lidar.ply,0.1,500,0.9,0.04771,0.42431,1,0.20589,0.03262,0.12569
000410_lcam_front_lidar.ply,0.1,500,0.9,0.06299,0.41133,1,0.19096,0.02738,0.11853
000411_lcam_front_lidar.ply,0.1,500,0.9,0.05897,0.39308,1,0.17047,0.02316,0.11565
000412_lcam_front_lidar.ply,0.1,500,0.9,0.04977,0.41293,1,0.16797,0.07437,0.0726
000413_lcam_front_lidar.ply,0.1,800,0.9,0.05944,0.43238,1,0.19081,0.07252,0.07704
000414_lcam_front_lidar.ply,0.1,800,0.9,0.04931,0.41486,1,0.16609,0.05671,0.06443
000415_lcam_front_lidar.ply,0.1,800,0.9,0.06308,0.35654,1,0.12798,0.10588,0.09777
000416_lcam_front_lidar.ply,0.1,800,0.9,0.05533,0.3562,1,0.12384,0.10527,0.09499
000417_lcam_front_lidar.ply,0.1,800,0.9,0.06264,0.3574,1,0.12537,0.11064,0.09442
000418_lcam_front_lidar.ply,0.1,800,0.9,0.04755,0.35262,1,0.12028,0.11077,0.09568
000419_lcam_front_lidar.ply,0.1,800,0.9,0.06342,0.35313,1,0.12181,0.11644,0.09558
000420_lcam_front_lidar.ply,0.1,800,0.9,0.04991,0.39135,1,0.11926,0.01185,0.01524
000421_lcam_front_lidar.ply,0.1,800,0.9,0.06142,0.39427,1,0.12157,0.01119,0.01459
000422_lcam_front_lidar.ply,0.1,800,0.9,0.05934,0.39704,1,0.12315,0.01017,0.01464
000423_lcam_front_lidar.ply,0.1,800,0.9,0.04838,0.39346,1,0.11891,0.0099,0.01416
000424_lcam_front_lidar.ply,0.1,800,0.9,0.06371,0.40043,1,0.1269,0.00967,0.01435
000425_lcam_front_lidar.ply,0.1,800,0.9,0.06134,0.39835,1,0.12479,0.01034,0.0145
000426_lcam_front_lidar.ply,0.1,800,0.9,0.06328,0.39373,1,0.12003,0.00959,0.01402
000427_lcam_front_lidar.ply,0.1,800,0.9,0.04993,0.38635,1,0.14394,0.04946,0.07736
000428_lcam_front_lidar.ply,0.1,800,0.9,0.06884,0.38857,1,0.13442,0.12101,0.05048
000429_lcam_front_lidar.ply,0.1,800,0.9,0.05502,0.38828,1,0.14725,0.07084,0.08187
000430_lcam_front_lidar.ply,0.1,800,0.9,0.05256,0.37374,1,0.12735,0.12604,0.07038
000431_lcam_front_lidar.ply,0.1,800,0.9,0.06484,0.37895,1,0.12737,0.14194,0.05549
000432_lcam_front_lidar.ply,0.1,800,0.9,0.0533,0.44675,1,0.20396,0.01714,0.07411
000433_lcam_front_lidar.ply,0.1,800,0.9,0.04737,0.45433,1,0.20278,0.01641,0.05882
000434_lcam_front_lidar.ply,0.1,800,0.9,0.09722,0.36153,1,0.10906,0.01177,0.04799
000435_lcam_front_lidar.ply,0.1,800,0.9,0.05989,0.36082,1,0.08901,0.00942,0.01543
000436_lcam_front_lidar.ply,0.1,800,0.9,0.0533,0.3513,1,0.07905,0.00833,0.01259
000437_lcam_front_lidar.ply,0.1,800,0.9,0.06509,0.34836,1,0.07491,0.00922,0.01249
000438_lcam_front_lidar.ply,0.1,800,0.9,0.05816,0.3391,1,0.06669,0.00859,0.01222
000439_lcam_front_lidar.ply,0.1,800,0.9,0.07125,0.32976,1,0.05647,0.00829,0.01258
000440_lcam_front_lidar.ply,0.1,800,0.9,0.05514,0.28041,1,0.0,0.0,0.0
000441_lcam_front_lidar.ply,0.1,800,0.9,0.0455,0.28104,1,0.0,0.0,0.0
000442_lcam_front_lidar.ply,0.1,800,0.9,0.06709,0.2793,1,0.0,0.0,0.0
000443_lcam_front_lidar.ply,0.1,800,0.9,0.06721,0.279,1,0.0,0.0,0.0
000444_lcam_front_lidar.ply,0.1,800,0.9,0.05988,0.28075,1,0.0,0.0,0.0
000445_lcam_front_lidar.ply,0.1,800,0.9,0.05505,0.27928,1,0.0,0.0,0.0
000446_lcam_front_lidar.ply,0.1,800,0.9,0.06162,0.28118,1,0.0,0.0,0.0
000447_lcam_front_lidar.ply,0.1,800,0.9,0.07031,0.35769,1,0.08073,0.00354,0.00577
000448_lcam_front_lidar.ply,0.1,800,0.9,0.06533,0.35895,1,0.08232,0.00383,0.00619
000449_lcam_front_lidar.ply,0.1,800,0.9,0.06342,0.35866,1,0.08138,0.00394,0.00603
000450_lcam_front_lidar.ply,0.1,800,0.9,0.06509,0.27964,1,0.0,0.0,0.0
000451_lcam_front_lidar.ply,0.1,800,0.9,0.06168,0.28137,1,0.0,0.0,0.0
000452_lcam_front_lidar.ply,0.1,800,0.9,0.06483,0.28188,1,0.0,0.0,0.0
000453_lcam_front_lidar.ply,0.1,800,0.9,0.07921,0.36177,1,0.08526,0.00354,0.00544
000454_lcam_front_lidar.ply,0.1,800,0.9,0.06308,0.28039,1,0.0,0.0,0.0
000455_lcam_front_lidar.ply,0.1,800,0.9,0.05744,0.36935,1,0.09091,0.00351,0.00574
000456_lcam_front_lidar.ply,0.1,800,0.9,0.07273,0.36352,1,0.0852,0.00342,0.00564
000457_lcam_front_lidar.ply,0.1,800,0.9,0.05358,0.28028,1,0.0,0.0,0.0
000458_lcam_front_lidar.ply,0.1,800,0.9,0.06284,0.28149,1,0.0,0.0,0.0
000459_lcam_front_lidar.ply,0.1,800,0.9,0.05647,0.27986,1,0.0,0.0,0.0
000460_lcam_front_lidar.ply,0.1,800,0.9,0.04588,0.28161,1,0.0,0.0,0.0
000461_lcam_front_lidar.ply,0.1,800,0.9,0.0535,0.28118,1,0.0,0.0,0.0
000462_lcam_front_lidar.ply,0.1,800,0.9,0.04777,0.40515,1,0.14294,0.01828,0.03893
000463_lcam_front_lidar.ply,0.1,800,0.9,0.06308,0.40264,1,0.14331,0.01984,0.04089
000464_lcam_front_lidar.ply,0.1,800,0.9,0.0596,0.41246,1,0.14889,0.01977,0.03713
000465_lcam_front_lidar.ply,0.1,800,0.9,0.05626,0.40994,1,0.14509,0.0211,0.03507
000466_lcam_front_lidar.ply,0.1,800,0.9,0.06147,0.41211,1,0.14436,0.01598,0.02817
000467_lcam_front_lidar.ply,0.1,800,0.9,0.05553,0.41384,1,0.14498,0.01825,0.02805
000468_lcam_front_lidar.ply,0.1,800,0.9,0.04561,0.41723,1,0.14786,0.01727,0.02502
000469_lcam_front_lidar.ply,0.1,800,0.9,0.05731,0.41522,1,0.14858,0.01714,0.02341
000470_lcam_front_lidar.ply,0.1,800,0.9,0.05131,0.41013,1,0.14021,0.01796,0.02416
000471_lcam_front_lidar.ply,0.1,800,0.9,0.07356,0.34121,1,0.0661,1.0,0.00796
000472_lcam_front_lidar.ply,0.1,800,0.9,0.06543,0.34103,1,0.06519,1.0,0.00893
000473_lcam_front_lidar.ply,0.1,800,0.9,0.06306,0.42502,1,0.18127,0.02336,0.07357
000474_lcam_front_lidar.ply,0.1,800,0.9,0.07721,0.34516,1,0.07062,1.0,0.00473
000475_lcam_front_lidar.ply,0.1,800,0.9,0.05919,0.34822,1,0.07227,1.0,0.00762
000476_lcam_front_lidar.ply,0.1,800,0.9,0.06222,0.45442,1,0.20954,0.02054,0.07442
000477_lcam_front_lidar.ply,0.1,800,0.9,0.05329,0.46974,1,0.22466,0.02268,0.07244
000478_lcam_front_lidar.ply,0.1,800,0.9,0.06709,0.46382,1,0.22045,0.02471,0.07261
000479_lcam_front_lidar.ply,0.1,800,0.9,0.05839,0.47073,1,0.22813,0.0192,0.07703
000480_lcam_front_lidar.ply,0.1,800,0.9,0.04907,0.47619,1,0.2339,0.01604,0.07657
000481_lcam_front_lidar.ply,0.1,800,0.9,0.05077,0.47316,1,0.23348,0.01356,0.07835
000482_lcam_front_lidar.ply,0.1,800,0.9,0.05153,0.4742,1,0.23374,0.01432,0.07873
000483_lcam_front_lidar.ply,0.1,800,0.9,0.05579,0.47008,1,0.22926,0.01666,0.07943
000484_lcam_front_lidar.ply,0.1,800,0.9,0.05343,0.4723,1,0.23062,0.01441,0.07992
000485_lcam_front_lidar.ply,0.1,800,0.9,0.07103,0.47548,1,0.23499,0.00723,0.07957
000486_lcam_front_lidar.ply,0.1,800,0.9,0.06142,0.46973,1,0.22988,0.00962,0.0798
000487_lcam_front_lidar.ply,0.1,800,0.9,0.04702,0.47035,1,0.22837,0.00771,0.07983
000488_lcam_front_lidar.ply,0.1,800,0.9,0.06353,0.46503,1,0.22602,0.00543,0.08085
000489_lcam_front_lidar.ply,0.1,800,0.9,0.06318,0.46962,1,0.22907,0.00211,0.08006
000490_lcam_front_lidar.ply,0.1,800,0.9,0.04779,0.46275,1,0.22191,0.00214,0.08007
000491_lcam_front_lidar.ply,0.1,800,0.9,0.04756,0.46572,1,0.22434,0.00788,0.08092
000492_lcam_front_lidar.ply,0.1,800,0.9,0.04955,0.46427,1,0.22359,0.00478,0.07993
000493_lcam_front_lidar.ply,0.1,800,0.9,0.04756,0.46135,1,0.21984,0.00655,0.07942
000494_lcam_front_lidar.ply,0.1,800,0.9,0.04524,0.45979,1,0.21727,0.00633,0.08086
000495_lcam_front_lidar.ply,0.1,800,0.9,0.04756,0.44732,1,0.20713,0.02395,0.08029
000496_lcam_front_lidar.ply,0.1,800,0.9,0.04373,0.42075,1,0.17869,0.00421,0.07936
000497_lcam_front_lidar.ply,0.1,800,0.9,0.05212,0.42196,1,0.18123,0.00485,0.07931
000498_lcam_front_lidar.ply,0.1,800,0.9,0.05089,0.44034,1,0.20096,0.01279,0.08177
000499_lcam_front_lidar.ply,0.1,800,0.9,0.05854,0.42857,1,0.18625,0.00059,0.07498
000500_lcam_front_lidar.ply,0.1,800,0.9,0.0645,0.45617,1,0.21615,0.01029,0.08115
000501_lcam_front_lidar.ply,0.1,800,0.9,0.04854,0.47316,1,0.23058,0.00413,0.07971
000502_lcam_front_lidar.ply,0.1,800,0.9,0.05033,0.43422,1,0.19221,0.00267,0.07976
000503_lcam_front_lidar.ply,0.1,800,0.9,0.05033,0.43798,1,0.19686,0.00192,0.07902
000504_lcam_front_lidar.ply,0.1,800,0.9,0.04523,0.46363,1,0.22232,0.02208,0.0811
000505_lcam_front_lidar.ply,0.1,800,0.9,0.05348,0.47112,1,0.23053,0.00269,0.08069
000506_lcam_front_lidar.ply,0.1,800,0.9,0.0573,0.44025,1,0.20126,0.0034,0.08112
000507_lcam_front_lidar.ply,0.1,800,0.9,0.04771,0.48683,1,0.24342,0.0052,0.07789
000508_lcam_front_lidar.ply,0.1,800,0.9,0.06364,0.48037,1,0.24088,0.00629,0.07971
000509_lcam_front_lidar.ply,0.1,800,0.9,0.04793,0.48518,1,0.24595,0.00977,0.08149
000510_lcam_front_lidar.ply,0.1,800,0.9,0.04942,0.4847,1,0.24513,0.0033,0.08012
000511_lcam_front_lidar.ply,0.1,800,0.9,0.03158,0.47817,1,0.23727,0.00317,0.08149
000512_lcam_front_lidar.ply,0.1,800,0.9,0.03637,0.48746,1,0.24682,0.00758,0.0799
000513_lcam_front_lidar.ply,0.1,800,0.9,0.04774,0.49306,1,0.25139,0.00587,0.07857
000514_lcam_front_lidar.ply,0.1,800,0.9,0.04356,0.49496,1,0.2526,0.00772,0.07775
000515_lcam_front_lidar.ply,0.1,800,0.9,0.0526,0.50002,1,0.25712,0.00466,0.07749
000516_lcam_front_lidar.ply,0.1,800,0.9,0.04734,0.50055,1,0.26149,0.00581,0.08046
000517_lcam_front_lidar.ply,0.1,800,0.9,0.04922,0.49806,1,0.2591,0.00624,0.07929
000518_lcam_front_lidar.ply,0.1,800,0.9,0.04737,0.49692,1,0.25583,0.00535,0.07978
000519_lcam_front_lidar.ply,0.1,800,0.9,0.04787,0.49771,1,0.25646,0.00747,0.07995
000520_lcam_front_lidar.ply,0.1,800,0.9,0.04277,0.48583,1,0.24338,0.00789,0.07935
000521_lcam_front_lidar.ply,0.1,800,0.9,0.04562,0.4945,1,0.25368,0.00822,0.07889
000522_lcam_front_lidar.ply,0.1,800,0.9,0.04775,0.48926,1,0.24812,0.00805,0.07649
000523_lcam_front_lidar.ply,0.1,800,0.9,0.02972,0.50373,1,0.25966,0.0076,0.07962
000524_lcam_front_lidar.ply,0.1,800,0.9,0.05341,0.49465,1,0.25313,0.00343,0.07967
000525_lcam_front_lidar.ply,0.1,800,0.9,0.04949,0.48834,1,0.24749,0.00394,0.08084
000526_lcam_front_lidar.ply,0.1,800,0.9,0.05708,0.44388,1,0.20244,0.00167,0.0781
000527_lcam_front_lidar.ply,0.1,800,0.9,0.04762,0.50117,1,0.2575,0.00558,0.07944
000528_lcam_front_lidar.ply,0.1,800,0.9,0.04715,0.49655,1,0.25309,0.00318,0.07958
000529_lcam_front_lidar.ply,0.1,800,0.9,0.04785,0.47366,1,0.231,0.00465,0.08038
000530_lcam_front_lidar.ply,0.1,800,0.9,0.03556,0.49019,1,0.24506,0.0043,0.07822
000531_lcam_front_lidar.ply,0.1,800,0.9,0.04059,0.48342,1,0.23896,0.00733,0.07872
000532_lcam_front_lidar.ply,0.1,800,0.9,0.05341,0.47901,1,0.23767,0.00548,0.08047
000533_lcam_front_lidar.ply,0.1,800,0.9,0.03485,0.48324,1,0.24015,0.00337,0.08167
000534_lcam_front_lidar.ply,0.1,800,0.9,0.04719,0.46971,1,0.22694,0.00446,0.07953
000535_lcam_front_lidar.ply,0.1,800,0.9,0.0471,0.49126,1,0.25052,0.00324,0.082
000536_lcam_front_lidar.ply,0.1,800,0.9,0.04766,0.47968,1,0.24005,0.00633,0.08088
000537_lcam_front_lidar.ply,0.1,800,0.9,0.063,0.46674,1,0.22718,0.00438,0.08019
000538_lcam_front_lidar.ply,0.1,800,0.9,0.04756,0.4816,1,0.23952,0.00526,0.08126
000539_lcam_front_lidar.ply,0.1,800,0.9,0.05171,0.47348,1,0.23331,0.00244,0.08157
000540_lcam_front_lidar.ply,0.1,800,0.9,0.06363,0.49866,1,0.22377,0.0019,0.01096
000541_lcam_front_lidar.ply,0.1,800,0.9,0.04739,0.5017,1,0.22663,0.00189,0.01133
000542_lcam_front_lidar.ply,0.1,800,0.9,0.05705,0.50116,1,0.22705,0.00154,0.0106
000543_lcam_front_lidar.ply,0.1,800,0.9,0.06344,0.50752,1,0.23228,0.00216,0.01135
000544_lcam_front_lidar.ply,0.1,800,0.9,0.0655,0.49822,1,0.22321,0.0022,0.01124
000545_lcam_front_lidar.ply,0.1,800,0.9,0.06354,0.50731,1,0.23062,0.00188,0.0101
000546_lcam_front_lidar.ply,0.1,800,0.9,0.06282,0.49976,1,0.22528,0.00217,0.01079
000547_lcam_front_lidar.ply,0.1,800,0.9,0.06358,0.49511,1,0.22067,0.00233,0.01091
000548_lcam_front_lidar.ply,0.1,800,0.9,0.06345,0.48961,1,0.21603,0.00273,0.01071
000549_lcam_front_lidar.ply,0.1,800,0.9,0.06294,0.48605,1,0.21173,0.00265,0.0109
000550_lcam_front_lidar.ply,0.1,800,0.9,0.06108,0.48757,1,0.21333,0.00301,0.01123
000551_lcam_front_lidar.ply,0.1,800,0.9,0.0691,0.48777,1,0.21536,0.00317,0.01079
000552_lcam_front_lidar.ply,0.1,800,0.9,0.05982,0.49699,1,0.2207,0.00319,0.01104
000553_lcam_front_lidar.ply,0.1,800,0.9,0.07102,0.49844,1,0.22584,0.00327,0.01116
000554_lcam_front_lidar.ply,0.1,800,0.9,0.05405,0.50264,1,0.22679,0.00323,0.0114
000555_lcam_front_lidar.ply,0.1,800,0.9,0.06708,0.49466,1,0.22051,0.00363,0.01174
000556_lcam_front_lidar.ply,0.1,800,0.9,0.05315,0.49985,1,0.22332,0.00399,0.01161
000557_lcam_front_lidar.ply,0.1,800,0.9,0.04774,0.50722,1,0.22974,0.00365,0.01135
000558_lcam_front_lidar.ply,0.1,800,0.9,0.06371,0.49658,1,0.22102,0.00401,0.01154
000559_lcam_front_lidar.ply,0.1,800,0.9,0.06334,0.50011,1,0.22364,0.00382,0.01144
000560_lcam_front_lidar.ply,0.15,800,0.9,0.04956,0.65422,1,0.37763,0.00482,0.01101
000561_lcam_front_lidar.ply,0.1,800,0.9,0.06086,0.49429,1,0.21869,0.00441,0.01139
000562_lcam_front_lidar.ply,0.15,800,0.9,0.05133,0.65923,1,0.38345,0.00556,0.01158
000563_lcam_front_lidar.ply,0.1,800,0.9,0.05731,0.49425,1,0.2189,0.0044,0.01207
000564_lcam_front_lidar.ply,0.15,800,0.9,0.04729,0.65799,1,0.38349,0.00586,0.01254
000565_lcam_front_lidar.ply,0.15,800,0.9,0.05809,0.65887,1,0.38775,0.00924,0.0174
000566_lcam_front_lidar.ply,0.1,800,0.9,0.05671,0.66342,1,0.38976,0.00566,0.01264
000567_lcam_front_lidar.ply,0.1,800,0.9,0.04869,0.65465,1,0.37802,0.00611,0.01265
000568_lcam_front_lidar.ply,0.1,800,0.9,0.04779,0.65027,1,0.37384,0.00599,0.01242
000569_lcam_front_lidar.ply,0.1,800,0.9,0.06259,0.65905,1,0.38369,0.00638,0.01243
000570_lcam_front_lidar.ply,0.1,800,0.9,0.04772,0.6602,1,0.3839,0.00643,0.01235
000571_lcam_front_lidar.ply,0.1,800,0.9,0.04157,0.66254,1,0.38667,0.00621,0.01231
000572_lcam_front_lidar.ply,0.1,800,0.9,0.04358,0.66537,1,0.39128,0.00664,0.01224
000573_lcam_front_lidar.ply,0.1,800,0.9,0.04789,0.67732,1,0.40028,0.00691,0.01236
000574_lcam_front_lidar.ply,0.1,800,0.9,0.03213,0.67215,1,0.3945,0.00713,0.01314
000575_lcam_front_lidar.ply,0.1,800,0.9,0.04071,0.65435,1,0.37983,0.00792,0.01361
000576_lcam_front_lidar.ply,0.1,800,0.9,0.04769,0.67487,1,0.3996,0.00873,0.01573
000577_lcam_front_lidar.ply,0.1,800,0.9,0.04809,0.66771,1,0.39537,0.00965,0.01726
000578_lcam_front_lidar.ply,0.1,800,0.9,0.04752,0.66873,1,0.39454,0.00926,0.01747
000579_lcam_front_lidar.ply,0.1,800,0.9,0.04778,0.66181,1,0.38937,0.00955,0.01836
000580_lcam_front_lidar.ply,0.1,800,0.9,0.06311,0.66055,1,0.39003,0.01123,0.0209
000581_lcam_front_lidar.ply,0.1,800,0.9,0.05733,0.48417,1,0.21854,0.01645,0.03324
000582_lcam_front_lidar.ply,0.1,800,0.9,0.05835,0.48099,1,0.21834,0.0174,0.0361
000583_lcam_front_lidar.ply,0.1,800,0.9,0.05123,0.48465,1,0.21949,0.01759,0.03485
000584_lcam_front_lidar.ply,0.1,800,0.9,0.05552,0.48276,1,0.21656,0.01348,0.03023
000585_lcam_front_lidar.ply,0.1,800,0.9,0.0433,0.48238,1,0.2152,0.01421,0.03192
000586_lcam_front_lidar.ply,0.1,800,0.9,0.04527,0.48292,1,0.21779,0.01708,0.03676
000587_lcam_front_lidar.ply,0.1,800,0.9,0.06009,0.47709,1,0.21648,0.01639,0.03982
000588_lcam_front_lidar.ply,0.1,800,0.9,0.06684,0.47877,1,0.21477,0.01465,0.03528
000589_lcam_front_lidar.ply,0.1,800,0.9,0.06322,0.47892,1,0.21861,0.01528,0.04099
000590_lcam_front_lidar.ply,0.1,800,0.9,0.04778,0.47415,1,0.21237,0.0153,0.0424
000591_lcam_front_lidar.ply,0.1,800,0.9,0.06382,0.47423,1,0.21494,0.01489,0.04293
000592_lcam_front_lidar.ply,0.1,800,0.9,0.06858,0.47652,1,0.21707,0.01392,0.04144
000593_lcam_front_lidar.ply,0.1,800,0.9,0.07109,0.4798,1,0.22057,0.01282,0.04244
000594_lcam_front_lidar.ply,0.1,800,0.9,0.05723,0.47735,1,0.21734,0.01244,0.04254
000595_lcam_front_lidar.ply,0.1,800,0.9,0.06533,0.47943,1,0.21859,0.01083,0.04059
000596_lcam_front_lidar.ply,0.25,800,0.9,0.05147,0.47738,1,0.23848,0.01421,0.08491
000597_lcam_front_lidar.ply,0.1,800,0.9,0.07338,0.48096,1,0.22336,0.01104,0.04538
000598_lcam_front_lidar.ply,0.1,800,0.9,0.05357,0.48381,1,0.22468,0.01033,0.04515
000599_lcam_front_lidar.ply,0.1,800,0.9,0.05534,0.48282,1,0.22046,0.00936,0.03925
000600_lcam_front_lidar.ply,0.1,800,0.9,0.05734,0.48738,1,0.2259,0.00884,0.04051
000601_lcam_front_lidar.ply,0.1,800,0.9,0.06325,0.48586,1,0.22725,0.00917,0.04513
000602_lcam_front_lidar.ply,0.1,800,0.9,0.06691,0.37103,1,0.12453,0.00419,0.06902
000603_lcam_front_lidar.ply,0.1,800,0.9,0.05842,0.39494,1,0.12605,0.01482,0.024
000604_lcam_front_lidar.ply,0.1,800,0.9,0.06509,0.39807,1,0.13036,0.01586,0.02533
000605_lcam_front_lidar.ply,0.1,800,0.9,0.06294,0.39819,1,0.13452,0.02081,0.03195
000606_lcam_front_lidar.ply,0.1,800,0.9,0.05547,0.40534,1,0.13637,0.01588,0.02543
000607_lcam_front_lidar.ply,0.1,800,0.9,0.05355,0.40783,1,0.13692,0.01472,0.02365
000608_lcam_front_lidar.ply,0.1,800,0.9,0.05976,0.41529,1,0.14645,0.01576,0.02428
000609_lcam_front_lidar.ply,0.1,800,0.9,0.05766,0.41757,1,0.14733,0.01409,0.02252
000610_lcam_front_lidar.ply,0.1,800,0.9,0.04936,0.42183,1,0.14996,0.01358,0.021
000611_lcam_front_lidar.ply,0.1,800,0.9,0.0611,0.4235,1,0.15453,0.01735,0.02479
000612_lcam_front_lidar.ply,0.1,800,0.9,0.05812,0.42722,1,0.163,0.02659,0.03607
000613_lcam_front_lidar.ply,0.1,800,0.9,0.06021,0.42739,1,0.16112,0.02155,0.02996
000614_lcam_front_lidar.ply,0.1,800,0.9,0.05996,0.43119,1,0.16027,0.01486,0.02165
000615_lcam_front_lidar.ply,0.1,800,0.9,0.06379,0.43325,1,0.16596,0.02077,0.02849
000616_lcam_front_lidar.ply,0.1,800,0.9,0.05527,0.43648,1,0.16588,0.01636,0.02308
000617_lcam_front_lidar.ply,0.1,800,0.9,0.06261,0.4396,1,0.17182,0.02081,0.0276
000618_lcam_front_lidar.ply,0.1,800,0.9,0.05733,0.44297,1,0.17656,0.02412,0.0319
000619_lcam_front_lidar.ply,0.1,800,0.9,0.06315,0.44434,1,0.17558,0.01831,0.02466
000620_lcam_front_lidar.ply,0.1,800,0.9,0.05096,0.44823,1,0.17951,0.02077,0.02689
000621_lcam_front_lidar.ply,0.1,800,0.9,0.03528,0.45,1,0.17956,0.02038,0.02671
000622_lcam_front_lidar.ply,0.1,800,0.9,0.04971,0.46434,1,0.20528,0.00068,0.04794
000623_lcam_front_lidar.ply,0.1,800,0.9,0.06189,0.45326,1,0.1854,0.0216,0.02674
000624_lcam_front_lidar.ply,0.1,800,0.9,0.05126,0.46613,1,0.20969,0.00199,0.0495
000625_lcam_front_lidar.ply,0.1,800,0.9,0.04359,0.47079,1,0.20984,0.00407,0.04652
000626_lcam_front_lidar.ply,0.1,800,0.9,0.06726,0.47115,1,0.2158,0.00848,0.05209
000627_lcam_front_lidar.ply,0.1,800,0.9,0.04931,0.47095,1,0.21377,0.00288,0.05002
000628_lcam_front_lidar.ply,0.1,800,0.9,0.05695,0.47329,1,0.2168,0.01194,0.05258
000629_lcam_front_lidar.ply,0.1,800,0.9,0.0495,0.47579,1,0.2191,0.00058,0.05122
000630_lcam_front_lidar.ply,0.1,800,0.9,0.06349,0.47426,1,0.21908,0.00051,0.0533
000631_lcam_front_lidar.ply,0.1,800,0.9,0.04957,0.4797,1,0.22656,0.0002,0.06001
000632_lcam_front_lidar.ply,0.1,800,0.9,0.04931,0.47991,1,0.22759,0.0104,0.06192
000633_lcam_front_lidar.ply,0.1,800,0.9,0.06328,0.47339,1,0.22356,0.01378,0.06374
000634_lcam_front_lidar.ply,0.1,800,0.9,0.05457,0.52514,1,0.26679,0.01883,0.04994
000635_lcam_front_lidar.ply,0.1,800,0.9,0.05171,0.52202,1,0.2644,0.01732,0.04987
000636_lcam_front_lidar.ply,0.1,800,0.9,0.04817,0.52432,1,0.2666,0.02122,0.04999
000637_lcam_front_lidar.ply,0.1,800,0.9,0.04957,0.52691,1,0.26771,0.022,0.04772
000638_lcam_front_lidar.ply,0.1,800,0.9,0.05934,0.52802,1,0.2708,0.02346,0.05189
000639_lcam_front_lidar.ply,0.1,800,0.9,0.06368,0.52967,1,0.27091,0.01772,0.04662
000640_lcam_front_lidar.ply,0.1,800,0.9,0.05559,0.52588,1,0.26505,0.01834,0.0453
000641_lcam_front_lidar.ply,0.1,800,0.9,0.05708,0.5329,1,0.27186,0.01715,0.04305
000642_lcam_front_lidar.ply,0.1,800,0.9,0.04761,0.5318,1,0.27334,0.02793,0.04873
000643_lcam_front_lidar.ply,0.1,800,0.9,0.05986,0.53366,1,0.27349,0.0242,0.0453
000644_lcam_front_lidar.ply,0.1,800,0.9,0.06302,0.53848,1,0.27927,0.02867,0.04506
000645_lcam_front_lidar.ply,0.1,800,0.9,0.05299,0.54213,1,0.28417,0.03448,0.04948
000646_lcam_front_lidar.ply,0.1,800,0.9,0.04388,0.55034,1,0.28949,0.03041,0.04566
000647_lcam_front_lidar.ply,0.1,800,0.9,0.06157,0.54779,1,0.28862,0.0335,0.0465
000648_lcam_front_lidar.ply,0.1,800,0.9,0.05983,0.55086,1,0.28916,0.03109,0.04146
000649_lcam_front_lidar.ply,0.1,800,0.9,0.03953,0.55377,1,0.29068,0.03459,0.04291
000650_lcam_front_lidar.ply,0.1,800,0.9,0.04752,0.55626,1,0.29248,0.03151,0.03984
000651_lcam_front_lidar.ply,0.1,800,0.9,0.04758,0.55399,1,0.28849,0.03252,0.03691
000652_lcam_front_lidar.ply,0.1,800,0.9,0.04145,0.55302,1,0.28984,0.03652,0.0421
000653_lcam_front_lidar.ply,0.1,800,0.9,0.0534,0.55652,1,0.29216,0.03301,0.03768
000654_lcam_front_lidar.ply,0.1,800,0.9,0.04854,0.56458,1,0.30054,0.03513,0.03916
000655_lcam_front_lidar.ply,0.1,800,0.9,0.02952,0.5641,1,0.29628,0.0315,0.03575
000656_lcam_front_lidar.ply,0.1,800,0.9,0.05346,0.56952,1,0.30432,0.03107,0.03557
000657_lcam_front_lidar.ply,0.1,800,0.9,0.06719,0.56485,1,0.29927,0.02838,0.03239
000658_lcam_front_lidar.ply,0.1,800,0.9,0.04745,0.57068,1,0.30463,0.03051,0.03588
000659_lcam_front_lidar.ply,0.1,800,0.9,0.06534,0.56804,1,0.30414,0.0327,0.03699
000660_lcam_front_lidar.ply,0.1,800,0.9,0.04932,0.57663,1,0.30981,0.02959,0.03331
000661_lcam_front_lidar.ply,0.1,800,0.9,0.05564,0.57847,1,0.31541,0.03429,0.03808
000662_lcam_front_lidar.ply,0.1,800,0.9,0.05132,0.57735,1,0.31386,0.03428,0.04014
000663_lcam_front_lidar.ply,0.1,800,0.9,0.04329,0.57998,1,0.3144,0.03093,0.03753
000664_lcam_front_lidar.ply,0.1,800,0.9,0.06329,0.57841,1,0.31769,0.03663,0.04368
000665_lcam_front_lidar.ply,0.1,800,0.9,0.05733,0.57522,1,0.31182,0.03247,0.03895
000666_lcam_front_lidar.ply,0.25,800,0.9,0.04535,0.55957,1,0.33185,0.05862,0.11188
000667_lcam_front_lidar.ply,0.1,800,0.9,0.05767,0.57273,1,0.31051,0.03492,0.04239
000668_lcam_front_lidar.ply,0.25,800,0.9,0.06322,0.56262,1,0.33763,0.06129,0.11488
000669_lcam_front_lidar.ply,0.25,800,0.9,0.04812,0.55929,1,0.33083,0.05648,0.11085
000670_lcam_front_lidar.ply,0.25,800,0.9,0.04269,0.55585,1,0.32799,0.05801,0.11102
000671_lcam_front_lidar.ply,0.25,800,0.9,0.04853,0.55975,1,0.33166,0.05624,0.11008
000672_lcam_front_lidar.ply,0.25,800,0.9,0.04872,0.56215,1,0.33344,0.05581,0.10988
000673_lcam_front_lidar.ply,0.25,800,0.9,0.05197,0.56555,1,0.33599,0.05498,0.10868
000674_lcam_front_lidar.ply,0.25,800,0.9,0.04529,0.5619,1,0.33256,0.05406,0.11028
000675_lcam_front_lidar.ply,0.25,800,0.9,0.04742,0.56943,1,0.34316,0.05813,0.11288
000676_lcam_front_lidar.ply,0.25,800,0.9,0.05533,0.56673,1,0.33803,0.05525,0.10711
000677_lcam_front_lidar.ply,0.1,800,0.9,0.05149,0.56854,1,0.30459,0.03655,0.03937
000678_lcam_front_lidar.ply,0.1,800,0.9,0.04932,0.56874,1,0.30426,0.03501,0.03813
000679_lcam_front_lidar.ply,0.1,800,0.9,0.05851,0.57157,1,0.30699,0.03196,0.03483
000680_lcam_front_lidar.ply,0.1,800,0.9,0.05534,0.57021,1,0.30789,0.0373,0.04202
000681_lcam_front_lidar.ply,0.1,800,0.9,0.04757,0.28426,1,0.0017,0.88001,0.00347
000682_lcam_front_lidar.ply,0.1,800,0.9,0.06332,0.56507,1,0.30013,0.03139,0.03443
000683_lcam_front_lidar.ply,0.1,800,0.9,0.06894,0.56719,1,0.30371,0.02876,0.0327
000684_lcam_front_lidar.ply,0.1,800,0.9,0.05157,0.56843,1,0.30129,0.03012,0.03355
000685_lcam_front_lidar.ply,0.1,800,0.9,0.06162,0.55519,1,0.28786,0.02934,0.0313
000686_lcam_front_lidar.ply,0.1,800,0.9,0.06269,0.55689,1,0.28971,0.03036,0.03105
000687_lcam_front_lidar.ply,0.1,800,0.9,0.05571,0.56066,1,0.29263,0.0285,0.03047
000688_lcam_front_lidar.ply,0.1,800,0.9,0.04046,0.55456,1,0.28508,0.02806,0.03022
000689_lcam_front_lidar.ply,0.1,800,0.9,0.04734,0.54804,1,0.27803,0.02542,0.02775
000690_lcam_front_lidar.ply,0.1,800,0.9,0.05854,0.54799,1,0.28012,0.0272,0.02889
000691_lcam_front_lidar.ply,0.1,800,0.9,0.04648,0.51091,1,0.24376,0.04732,0.03269
000692_lcam_front_lidar.ply,0.1,500,0.9,0.05328,0.53964,1,0.27382,0.02771,0.03153
000693_lcam_front_lidar.ply,0.1,500,0.9,0.05682,0.49956,1,0.23474,0.04512,0.03597
000694_lcam_front_lidar.ply,0.1,500,0.9,0.05576,0.53105,1,0.26643,0.02918,0.03664
000695_lcam_front_lidar.ply,0.1,500,0.9,0.05536,0.52959,1,0.2648,0.0256,0.03704
000696_lcam_front_lidar.ply,0.1,500,0.9,0.06934,0.52344,1,0.26297,0.02421,0.04111
000697_lcam_front_lidar.ply,0.1,500,0.9,0.0623,0.51835,1,0.25756,0.02622,0.04298
000698_lcam_front_lidar.ply,0.1,800,0.9,0.06138,0.51945,1,0.25992,0.02563,0.04473
000699_lcam_front_lidar.ply,0.1,800,0.9,0.05323,0.51939,1,0.25964,0.02158,0.04469
000700_lcam_front_lidar.ply,0.1,800,0.9,0.06195,0.51529,1,0.25801,0.02392,0.04691
000701_lcam_front_lidar.ply,0.1,800,0.9,0.05669,0.52014,1,0.25903,0.01567,0.04418
000702_lcam_front_lidar.ply,0.1,800,0.9,0.0596,0.51318,1,0.25791,0.02085,0.05045
000703_lcam_front_lidar.ply,0.1,800,0.9,0.06326,0.51522,1,0.2562,0.01475,0.0428
000704_lcam_front_lidar.ply,0.1,800,0.9,0.0613,0.47689,1,0.22088,0.00125,0.04941
000705_lcam_front_lidar.ply,0.1,800,0.9,0.06287,0.47618,1,0.21969,0.00308,0.04975
000706_lcam_front_lidar.ply,0.1,800,0.9,0.06722,0.47102,1,0.21467,0.00829,0.05062
000707_lcam_front_lidar.ply,0.1,800,0.9,0.06134,0.46784,1,0.21158,0.00883,0.05138
000708_lcam_front_lidar.ply,0.1,800,0.9,0.06929,0.46656,1,0.2101,0.00348,0.04827
000709_lcam_front_lidar.ply,0.1,800,0.9,0.05325,0.46453,1,0.20672,0.00631,0.04948
000710_lcam_front_lidar.ply,0.1,800,0.9,0.04925,0.44653,1,0.17873,0.02592,0.02773
000711_lcam_front_lidar.ply,0.1,800,0.9,0.05908,0.45893,1,0.19997,0.01361,0.04753
000712_lcam_front_lidar.ply,0.1,800,0.9,0.06643,0.4519,1,0.18136,0.01846,0.02375
000713_lcam_front_lidar.ply,0.1,800,0.9,0.05524,0.44204,1,0.17362,0.02365,0.02852
000714_lcam_front_lidar.ply,0.1,800,0.9,0.04752,0.44021,1,0.16983,0.02213,0.02615
000715_lcam_front_lidar.ply,0.1,800,0.9,0.06864,0.43221,1,0.16463,0.02225,0.02698
000716_lcam_front_lidar.ply,0.1,800,0.9,0.06508,0.43066,1,0.16268,0.02146,0.02745
000717_lcam_front_lidar.ply,0.1,800,0.9,0.05407,0.42293,1,0.15517,0.01879,0.02691
000718_lcam_front_lidar.ply,0.1,800,0.9,0.06567,0.4235,1,0.15583,0.01922,0.02856
000719_lcam_front_lidar.ply,0.1,800,0.9,0.06885,0.40464,1,0.1393,0.0217,0.03111
000720_lcam_front_lidar.ply,0.1,800,0.9,0.05485,0.40158,1,0.13541,0.02113,0.0318
000721_lcam_front_lidar.ply,0.1,800,0.9,0.06356,0.40741,1,0.13282,0.00391,0.01208
000722_lcam_front_lidar.ply,0.1,800,0.9,0.06334,0.40405,1,0.12943,0.00337,0.01103
000723_lcam_front_lidar.ply,0.25,800,0.9,0.06467,0.50304,1,0.26419,0.01108,0.08017
000724_lcam_front_lidar.ply,0.1,800,0.9,0.06296,0.40097,1,0.12564,0.00438,0.01175
000725_lcam_front_lidar.ply,0.1,800,0.9,0.06488,0.4998,1,0.23695,0.00729,0.03705
000726_lcam_front_lidar.ply,0.1,800,0.9,0.05106,0.49905,1,0.23562,0.00809,0.03833
000727_lcam_front_lidar.ply,0.1,800,0.9,0.07933,0.48717,1,0.22564,0.00768,0.03697
000728_lcam_front_lidar.ply,0.1,800,0.9,0.0478,0.48861,1,0.22775,0.00931,0.04367
000729_lcam_front_lidar.ply,0.1,800,0.9,0.06126,0.48441,1,0.22458,0.01038,0.04151
000730_lcam_front_lidar.ply,0.1,800,0.9,0.04155,0.48875,1,0.22712,0.01213,0.04161
000731_lcam_front_lidar.ply,0.1,800,0.9,0.07319,0.48863,1,0.22944,0.0116,0.04145
000732_lcam_front_lidar.ply,0.1,800,0.9,0.05484,0.49575,1,0.23393,0.01324,0.04092
000733_lcam_front_lidar.ply,0.1,800,0.9,0.06311,0.48865,1,0.22764,0.01369,0.0405
000734_lcam_front_lidar.ply,0.1,800,0.9,0.06633,0.48863,1,0.22657,0.01387,0.03978
000735_lcam_front_lidar.ply,0.1,800,0.9,0.06399,0.4887,1,0.22582,0.01401,0.03732
000736_lcam_front_lidar.ply,0.1,800,0.9,0.05532,0.49241,1,0.22965,0.0166,0.04009
000737_lcam_front_lidar.ply,0.1,800,0.9,0.05347,0.49081,1,0.22677,0.01461,0.03489
000738_lcam_front_lidar.ply,0.1,800,0.9,0.06109,0.48943,1,0.22817,0.01741,0.03987
000739_lcam_front_lidar.ply,0.1,800,0.9,0.05746,0.49408,1,0.23057,0.01743,0.03851
000740_lcam_front_lidar.ply,0.1,800,0.9,0.04902,0.49223,1,0.22693,0.01722,0.03552
000741_lcam_front_lidar.ply,0.1,800,0.9,0.05042,0.49338,1,0.2269,0.01613,0.03148
000742_lcam_front_lidar.ply,0.1,800,0.9,0.05782,0.49839,1,0.23274,0.01754,0.03349
000743_lcam_front_lidar.ply,0.1,800,0.9,0.05109,0.49906,1,0.23389,0.0176,0.03488
000744_lcam_front_lidar.ply,0.1,800,0.9,0.03168,0.67744,1,0.40425,0.01168,0.02218
000745_lcam_front_lidar.ply,0.1,800,0.9,0.05507,0.49568,1,0.22975,0.01671,0.03241
000746_lcam_front_lidar.ply,0.1,800,0.9,0.04932,0.6773,1,0.40558,0.01147,0.02175
000747_lcam_front_lidar.ply,0.1,800,0.9,0.05137,0.6857,1,0.41413,0.01145,0.02089
000748_lcam_front_lidar.ply,0.1,800,0.9,0.0533,0.68832,1,0.41593,0.01012,0.01921
000749_lcam_front_lidar.ply,0.1,800,0.9,0.04531,0.68633,1,0.41283,0.0102,0.01838
000750_lcam_front_lidar.ply,0.1,800,0.9,0.04758,0.68437,1,0.41139,0.01026,0.01811
000751_lcam_front_lidar.ply,0.1,800,0.9,0.05107,0.6859,1,0.41173,0.00977,0.01721
000752_lcam_front_lidar.ply,0.1,800,0.9,0.05307,0.68518,1,0.41075,0.00945,0.01656
000753_lcam_front_lidar.ply,0.1,800,0.9,0.0421,0.68137,1,0.40605,0.00857,0.01521
000754_lcam_front_lidar.ply,0.1,800,0.9,0.0526,0.68654,1,0.41218,0.00844,0.01496
000755_lcam_front_lidar.ply,0.1,800,0.9,0.03729,0.69157,1,0.41411,0.0073,0.01271
000756_lcam_front_lidar.ply,0.1,800,0.9,0.05125,0.69428,1,0.41937,0.00707,0.01294
000757_lcam_front_lidar.ply,0.1,800,0.9,0.04908,0.69061,1,0.41596,0.00661,0.01258
000758_lcam_front_lidar.ply,0.1,800,0.9,0.05362,0.68076,1,0.40547,0.00699,0.01229
000759_lcam_front_lidar.ply,0.1,800,0.9,0.03523,0.67901,1,0.40189,0.00691,0.0127
000760_lcam_front_lidar.ply,0.1,800,0.9,0.04535,0.66534,1,0.39076,0.00634,0.01207
000761_lcam_front_lidar.ply,0.1,800,0.9,0.0435,0.66707,1,0.39026,0.00649,0.01246
000762_lcam_front_lidar.ply,0.1,800,0.9,0.05327,0.65991,1,0.38573,0.00654,0.01247
000763_lcam_front_lidar.ply,0.1,800,0.9,0.0436,0.66127,1,0.38511,0.00636,0.01231
000764_lcam_front_lidar.ply,0.1,800,0.9,0.05925,0.65248,1,0.37684,0.00612,0.01213
000765_lcam_front_lidar.ply,0.1,800,0.9,0.04571,0.65207,1,0.37688,0.00615,0.01233
000766_lcam_front_lidar.ply,0.1,800,0.9,0.05536,0.65433,1,0.37834,0.00609,0.0126
000767_lcam_front_lidar.ply,0.1,800,0.9,0.05126,0.64389,1,0.36773,0.00584,0.01217
000768_lcam_front_lidar.ply,0.1,800,0.9,0.05489,0.64345,1,0.36875,0.00611,0.01201
000769_lcam_front_lidar.ply,0.1,800,0.9,0.05841,0.63675,1,0.36161,0.00582,0.01239
000770_lcam_front_lidar.ply,0.1,800,0.9,0.0515,0.63871,1,0.36501,0.00617,0.01298
000771_lcam_front_lidar.ply,0.15,800,0.9,0.05106,0.63455,1,0.36184,0.00649,0.01345
000772_lcam_front_lidar.ply,0.15,800,0.9,0.0551,0.6334,1,0.35978,0.00602,0.01172
000773_lcam_front_lidar.ply,0.1,800,0.9,0.04157,0.47833,1,0.20088,0.00442,0.01115
000774_lcam_front_lidar.ply,0.15,800,0.9,0.05952,0.62362,1,0.35039,0.00639,0.01187
000775_lcam_front_lidar.ply,0.1,800,0.9,0.06297,0.47278,1,0.1982,0.00411,0.01143
000776_lcam_front_lidar.ply,0.1,800,0.9,0.04782,0.47353,1,0.1977,0.00406,0.01162
000777_lcam_front_lidar.ply,0.1,800,0.9,0.04174,0.47903,1,0.20232,0.00403,0.01188
000778_lcam_front_lidar.ply,0.1,800,0.9,0.06328,0.47226,1,0.19827,0.00423,0.01169
000779_lcam_front_lidar.ply,0.1,800,0.9,0.06308,0.47113,1,0.19689,0.00406,0.01167
000780_lcam_front_lidar.ply,0.1,800,0.9,0.04922,0.46833,1,0.19305,0.00407,0.01177
000781_lcam_front_lidar.ply,0.1,800,0.9,0.07884,0.46014,1,0.18639,0.00418,0.01178
000782_lcam_front_lidar.ply,0.15,800,0.9,0.055,0.46422,1,0.19007,0.00413,0.01182
000783_lcam_front_lidar.ply,0.1,800,0.9,0.05988,0.46743,1,0.1931,0.00386,0.01192
000784_lcam_front_lidar.ply,0.1,800,0.9,0.06344,0.46536,1,0.19138,0.00394,0.01181
000785_lcam_front_lidar.ply,0.1,800,0.9,0.0593,0.46414,1,0.18936,0.0041,0.01173
000786_lcam_front_lidar.ply,0.1,800,0.9,0.07129,0.46623,1,0.19283,0.00397,0.01178
000787_lcam_front_lidar.ply,0.1,800,0.9,0.07183,0.46357,1,0.19025,0.00367,0.01209
000788_lcam_front_lidar.ply,0.1,800,0.9,0.0671,0.46249,1,0.18878,0.00416,0.01211
000789_lcam_front_lidar.ply,0.1,800,0.9,0.07086,0.45882,1,0.18572,0.00417,0.01198
000790_lcam_front_lidar.ply,0.1,800,0.9,0.05905,0.45492,1,0.18072,0.00373,0.01228
000791_lcam_front_lidar.ply,0.1,800,0.9,0.07084,0.45876,1,0.18447,0.00436,0.01201
000792_lcam_front_lidar.ply,0.1,800,0.9,0.07538,0.45735,1,0.18463,0.00413,0.01225
000793_lcam_front_lidar.ply,0.1,800,0.9,0.08012,0.45681,1,0.18435,0.0042,0.01206
000794_lcam_front_lidar.ply,0.1,800,0.9,0.07737,0.45649,1,0.18377,0.00444,0.01205
000795_lcam_front_lidar.ply,0.1,800,0.9,0.07886,0.45794,1,0.18708,0.00433,0.01194
000796_lcam_front_lidar.ply,0.1,800,0.9,0.06321,0.45995,1,0.18807,0.00467,0.01213
000797_lcam_front_lidar.ply,0.1,800,0.9,0.08214,0.45804,1,0.18589,0.00462,0.01217
000798_lcam_front_lidar.ply,0.1,800,0.9,0.06371,0.46071,1,0.1861,0.00459,0.0122
000799_lcam_front_lidar.ply,0.1,800,0.9,0.06334,0.28154,1,0.0,0.0,0.0
000800_lcam_front_lidar.ply,0.1,800,0.9,0.05121,0.28067,1,0.0,0.0,0.0
000801_lcam_front_lidar.ply,0.1,800,0.9,0.0734,0.27932,1,0.0,0.0,0.0
000802_lcam_front_lidar.ply,0.1,800,0.9,0.05604,0.28242,1,0.0,0.0,0.0
000803_lcam_front_lidar.ply,0.1,800,0.9,0.05689,0.28172,1,0.0,0.0,0.0
000804_lcam_front_lidar.ply,0.1,800,0.9,0.06712,0.28036,1,0.0,0.0,0.0
000805_lcam_front_lidar.ply,0.1,800,0.9,0.06105,0.28084,1,0.0,0.0,0.0
000806_lcam_front_lidar.ply,0.1,800,0.9,0.06332,0.27964,1,0.0,0.0,0.0
000807_lcam_front_lidar.ply,0.1,800,0.9,0.06735,0.28071,1,0.0,0.0,0.0
000808_lcam_front_lidar.ply,0.1,800,0.9,0.07367,0.28009,1,0.0,0.0,0.0
000809_lcam_front_lidar.ply,0.1,800,0.9,0.0711,0.28038,1,0.0,0.0,0.0
000810_lcam_front_lidar.ply,0.1,800,0.9,0.06532,0.28064,1,0.0,0.0,0.0
000811_lcam_front_lidar.ply,0.1,800,0.9,0.07331,0.27941,1,0.0,0.0,0.0
000812_lcam_front_lidar.ply,0.1,800,0.9,0.06562,0.28102,1,0.0,0.0,0.0
000813_lcam_front_lidar.ply,0.1,800,0.9,0.08004,0.27859,1,0.0,0.0,0.0
000814_lcam_front_lidar.ply,0.1,800,0.9,0.05933,0.2812,1,0.0,0.0,0.0
000815_lcam_front_lidar.ply,0.1,800,0.9,0.06308,0.46436,1,0.19032,0.00668,0.01303
000816_lcam_front_lidar.ply,0.1,800,0.9,0.05588,0.46855,1,0.19298,0.00706,0.01303
000817_lcam_front_lidar.ply,0.1,800,0.9,0.07728,0.45845,1,0.18665,0.00682,0.0131
000818_lcam_front_lidar.ply,0.1,800,0.9,0.05712,0.46467,1,0.18899,0.0066,0.013
000819_lcam_front_lidar.ply,0.1,800,0.9,0.05822,0.46204,1,0.18605,0.00709,0.01299
000820_lcam_front_lidar.ply,0.1,800,0.9,0.0691,0.45912,1,0.18501,0.00686,0.01309
000821_lcam_front_lidar.ply,0.1,800,0.9,0.06716,0.46105,1,0.18639,0.00651,0.01298
000822_lcam_front_lidar.ply,0.1,800,0.9,0.06941,0.46075,1,0.18625,0.0069,0.01296
000823_lcam_front_lidar.ply,0.1,800,0.9,0.05144,0.4612,1,0.18571,0.00606,0.01306
000824_lcam_front_lidar.ply,0.1,800,0.9,0.06205,0.45734,1,0.18199,0.00651,0.01309
000825_lcam_front_lidar.ply,0.1,800,0.9,0.0632,0.45681,1,0.18276,0.00641,0.01293
000826_lcam_front_lidar.ply,0.1,800,0.9,0.0553,0.4576,1,0.18197,0.00653,0.01303
000827_lcam_front_lidar.ply,0.1,800,0.9,0.05555,0.45507,1,0.17924,0.00666,0.01291
000828_lcam_front_lidar.ply,0.1,800,0.9,0.05927,0.45626,1,0.17998,0.00655,0.01286
000829_lcam_front_lidar.ply,0.1,800,0.9,0.06713,0.45534,1,0.18113,0.00665,0.01294
000830_lcam_front_lidar.ply,0.1,800,0.9,0.05195,0.45491,1,0.17928,0.00671,0.0129
000831_lcam_front_lidar.ply,0.1,800,0.9,0.05512,0.45602,1,0.18194,0.0067,0.01289
000832_lcam_front_lidar.ply,0.1,800,0.9,0.06884,0.45392,1,0.17957,0.0067,0.01278
000833_lcam_front_lidar.ply,0.1,800,0.9,0.04279,0.45141,1,0.17564,0.00694,0.01274
000834_lcam_front_lidar.ply,0.1,800,0.9,0.06338,0.4518,1,0.17704,0.00668,0.01272
000835_lcam_front_lidar.ply,0.1,800,0.9,0.06229,0.44875,1,0.17314,0.00668,0.01267
000836_lcam_front_lidar.ply,0.1,800,0.9,0.07681,0.44726,1,0.1744,0.00652,0.01259
000837_lcam_front_lidar.ply,0.1,800,0.9,0.06296,0.44978,1,0.1743,0.00692,0.0128
000838_lcam_front_lidar.ply,0.1,800,0.9,0.07535,0.44867,1,0.17531,0.0068,0.01275
000839_lcam_front_lidar.ply,0.1,800,0.9,0.05907,0.44884,1,0.17438,0.00674,0.01273
000840_lcam_front_lidar.ply,0.1,800,0.9,0.05117,0.4154,1,0.17453,0.00067,0.08001
000841_lcam_front_lidar.ply,0.1,800,0.9,0.04339,0.41584,1,0.17334,0.00017,0.08078
000842_lcam_front_lidar.ply,0.1,800,0.9,0.07912,0.40986,1,0.17203,0.00011,0.08165
000843_lcam_front_lidar.ply,0.1,800,0.9,0.0653,0.41454,1,0.17397,0.00137,0.08081
000844_lcam_front_lidar.ply,0.1,800,0.9,0.06077,0.41419,1,0.17277,0.00205,0.07983
000845_lcam_front_lidar.ply,0.1,800,0.9,0.05733,0.4123,1,0.17248,0.00241,0.0807
000846_lcam_front_lidar.ply,0.1,800,0.9,0.06305,0.41389,1,0.17267,0.00187,0.08035
000847_lcam_front_lidar.ply,0.1,800,0.9,0.05734,0.41518,1,0.17299,0.00256,0.08057
000848_lcam_front_lidar.ply,0.1,800,0.9,0.0713,0.41064,1,0.17148,0.00301,0.07991
000849_lcam_front_lidar.ply,0.1,800,0.9,0.06531,0.41223,1,0.1712,0.00221,0.08076
000850_lcam_front_lidar.ply,0.1,800,0.9,0.07133,0.41042,1,0.17007,0.00341,0.08125
000851_lcam_front_lidar.ply,0.1,800,0.9,0.05386,0.41064,1,0.16896,0.0036,0.08107
000852_lcam_front_lidar.ply,0.1,800,0.9,0.06936,0.41167,1,0.17096,0.00323,0.07952
000853_lcam_front_lidar.ply,0.1,800,0.9,0.05768,0.41014,1,0.16892,0.00251,0.07953
000854_lcam_front_lidar.ply,0.1,800,0.9,0.04748,0.4111,1,0.16892,0.00234,0.08006
000855_lcam_front_lidar.ply,0.1,800,0.9,0.05508,0.41248,1,0.17112,0.00216,0.08001
000856_lcam_front_lidar.ply,0.1,800,0.9,0.06596,0.40891,1,0.16811,0.00241,0.0796
000857_lcam_front_lidar.ply,0.1,800,0.9,0.07097,0.40659,1,0.16533,0.00172,0.07889
000858_lcam_front_lidar.ply,0.1,800,0.9,0.07111,0.40224,1,0.16337,0.00221,0.07794
000859_lcam_front_lidar.ply,0.1,800,0.9,0.06311,0.40844,1,0.16718,0.00224,0.07938
000860_lcam_front_lidar.ply,0.1,800,0.9,0.06654,0.4058,1,0.16553,0.00283,0.07968
000861_lcam_front_lidar.ply,0.1,800,0.9,0.06046,0.40692,1,0.1642,0.0028,0.07966
000862_lcam_front_lidar.ply,0.1,800,0.9,0.05021,0.41135,1,0.16872,0.00169,0.07911
000863_lcam_front_lidar.ply,0.1,800,0.9,0.07444,0.40711,1,0.16632,0.00167,0.07926
000864_lcam_front_lidar.ply,0.1,800,0.9,0.06957,0.40683,1,0.16566,0.00291,0.07822
000865_lcam_front_lidar.ply,0.1,800,0.9,0.06478,0.40972,1,0.16639,0.00283,0.07769
000866_lcam_front_lidar.ply,0.1,800,0.9,0.07084,0.4079,1,0.16752,0.00215,0.07963
000867_lcam_front_lidar.ply,0.1,800,0.9,0.05716,0.40467,1,0.16282,0.00336,0.07947
000868_lcam_front_lidar.ply,0.1,800,0.9,0.06483,0.40426,1,0.16213,0.00245,0.07848
000869_lcam_front_lidar.ply,0.1,800,0.9,0.0579,0.40485,1,0.16214,0.00171,0.07832
000870_lcam_front_lidar.ply,0.1,800,0.9,0.06509,0.39912,1,0.15776,0.00196,0.08019
000871_lcam_front_lidar.ply,0.1,800,0.9,0.05893,0.40056,1,0.15783,0.00155,0.07925
000872_lcam_front_lidar.ply,0.1,800,0.9,0.05031,0.40176,1,0.15891,0.00166,0.08031
000873_lcam_front_lidar.ply,0.1,800,0.9,0.06307,0.40058,1,0.1589,0.00201,0.07815
000874_lcam_front_lidar.ply,0.1,800,0.9,0.06482,0.39942,1,0.1575,0.00216,0.07861
000875_lcam_front_lidar.ply,0.1,800,0.9,0.0794,0.39606,1,0.15655,0.00056,0.07926
000876_lcam_front_lidar.ply,0.1,800,0.9,0.07138,0.39781,1,0.15635,0.00088,0.07784
000877_lcam_front_lidar.ply,0.1,800,0.9,0.06187,0.39863,1,0.15638,0.00108,0.07782
000878_lcam_front_lidar.ply,0.1,800,0.9,0.07931,0.39396,1,0.15536,0.00156,0.07918
000879_lcam_front_lidar.ply,0.1,800,0.9,0.07338,0.39289,1,0.15274,9e-05,0.079
000880_lcam_front_lidar.ply,0.1,800,0.9,0.0794,0.39202,1,0.15164,0.00058,0.07914
000881_lcam_front_lidar.ply,0.1,800,0.9,0.07952,0.39058,1,0.1501,0.00101,0.07911
000882_lcam_front_lidar.ply,0.1,800,0.9,0.07779,0.38729,1,0.146,0.00184,0.07853
000883_lcam_front_lidar.ply,0.1,800,0.9,0.06364,0.38785,1,0.14578,0.00135,0.07831
000884_lcam_front_lidar.ply,0.1,800,0.9,0.07688,0.38835,1,0.14752,0.00173,0.0775
000885_lcam_front_lidar.ply,0.1,800,0.9,0.0787,0.3857,1,0.14497,0.00204,0.07745
000886_lcam_front_lidar.ply,0.1,800,0.9,0.07938,0.38241,1,0.14274,0.00273,0.07704
000887_lcam_front_lidar.ply,0.1,800,0.9,0.0834,0.38538,1,0.1463,0.00157,0.07787
000888_lcam_front_lidar.ply,0.1,800,0.9,0.07958,0.39234,1,0.15132,0.00167,0.07571
000889_lcam_front_lidar.ply,0.1,800,0.9,0.0795,0.38937,1,0.14846,0.00257,0.07665
000890_lcam_front_lidar.ply,0.1,800,0.9,0.0828,0.38643,1,0.1458,0.00197,0.076
000891_lcam_front_lidar.ply,0.1,800,0.9,0.07946,0.38428,1,0.14318,0.00345,0.07754
000892_lcam_front_lidar.ply,0.1,800,0.9,0.07562,0.28094,1,0.00069,0.99998,5e-05
000893_lcam_front_lidar.ply,0.1,800,0.9,0.06651,0.38411,1,0.1411,0.00734,0.07423
000894_lcam_front_lidar.ply,0.1,800,0.9,0.06351,0.38525,1,0.14186,0.00699,0.07533
000895_lcam_front_lidar.ply,0.1,800,0.9,0.07137,0.38571,1,0.14326,0.00374,0.07614
000896_lcam_front_lidar.ply,0.1,800,0.9,0.07949,0.38553,1,0.14344,0.00473,0.07305
000897_lcam_front_lidar.ply,0.1,800,0.9,0.0829,0.37954,1,0.13792,0.00731,0.074
000898_lcam_front_lidar.ply,0.1,800,0.9,0.06105,0.38199,1,0.13827,0.00369,0.07518
000899_lcam_front_lidar.ply,0.1,800,0.9,0.07942,0.37628,1,0.13388,0.00979,0.07218
000900_lcam_front_lidar.ply,0.1,800,0.9,0.08741,0.37574,1,0.13376,0.00732,0.0736
000901_lcam_front_lidar.ply,0.1,800,0.9,0.07875,0.38067,1,0.13859,0.00649,0.07427
000902_lcam_front_lidar.ply,0.1,800,0.9,0.07188,0.39152,1,0.13173,0.01742,0.03978
000903_lcam_front_lidar.ply,0.1,800,0.9,0.07947,0.39673,1,0.13693,0.01792,0.0398
000904_lcam_front_lidar.ply,0.1,800,0.9,0.08026,0.38057,1,0.13868,0.00535,0.07385
000905_lcam_front_lidar.ply,0.1,800,0.9,0.05918,0.39723,1,0.1378,0.02113,0.0433
000906_lcam_front_lidar.ply,0.1,800,0.9,0.08085,0.37774,1,0.13624,0.00332,0.07438
000907_lcam_front_lidar.ply,0.1,800,0.9,0.06328,0.39583,1,0.13462,0.01068,0.03649
000908_lcam_front_lidar.ply,0.1,800,0.9,0.09507,0.39896,1,0.14371,0.0151,0.04236
000909_lcam_front_lidar.ply,0.1,800,0.9,0.08885,0.40035,1,0.14564,0.02078,0.04543
000910_lcam_front_lidar.ply,0.1,800,0.9,0.07709,0.40287,1,0.14481,0.01594,0.04176
000911_lcam_front_lidar.ply,0.1,800,0.9,0.07541,0.40576,1,0.14775,0.01812,0.04227
000912_lcam_front_lidar.ply,0.1,800,0.9,0.09464,0.40521,1,0.1502,0.01944,0.04389
000913_lcam_front_lidar.ply,0.1,800,0.9,0.08587,0.40357,1,0.14733,0.02066,0.04326
000914_lcam_front_lidar.ply,0.1,800,0.9,0.08413,0.40298,1,0.14774,0.02269,0.04404
000915_lcam_front_lidar.ply,0.1,800,0.9,0.07351,0.40752,1,0.15302,0.02767,0.04869
000916_lcam_front_lidar.ply,0.1,800,0.9,0.05942,0.40582,1,0.15043,0.02829,0.04764
000917_lcam_front_lidar.ply,0.1,800,0.9,0.067,0.4099,1,0.15348,0.02595,0.04748
000918_lcam_front_lidar.ply,0.1,800,0.9,0.08111,0.40449,1,0.14945,0.02721,0.04566
000919_lcam_front_lidar.ply,0.1,800,0.9,0.06806,0.40764,1,0.15314,0.03215,0.04941
000920_lcam_front_lidar.ply,0.1,800,0.9,0.06675,0.41188,1,0.15741,0.03271,0.04963
000921_lcam_front_lidar.ply,0.1,800,0.9,0.07084,0.41588,1,0.16048,0.03054,0.04824
000922_lcam_front_lidar.ply,0.1,800,0.9,0.06512,0.41305,1,0.15763,0.03366,0.0499
000923_lcam_front_lidar.ply,0.1,800,0.9,0.08062,0.41764,1,0.16309,0.02916,0.04596
000924_lcam_front_lidar.ply,0.1,800,0.9,0.06739,0.42003,1,0.16522,0.03431,0.04954
000925_lcam_front_lidar.ply,0.1,800,0.9,0.06881,0.42022,1,0.16362,0.03199,0.04711
000926_lcam_front_lidar.ply,0.1,800,0.9,0.07685,0.42331,1,0.16905,0.03095,0.0473
000927_lcam_front_lidar.ply,0.1,800,0.9,0.06324,0.43091,1,0.17431,0.03269,0.04682
000928_lcam_front_lidar.ply,0.1,800,0.9,0.06145,0.43514,1,0.17955,0.03347,0.04795
000929_lcam_front_lidar.ply,0.1,800,0.9,0.06509,0.44386,1,0.18946,0.03404,0.04793
000930_lcam_front_lidar.ply,0.1,800,0.9,0.06911,0.43278,1,0.1782,0.03284,0.0472
000931_lcam_front_lidar.ply,0.1,800,0.9,0.06526,0.45833,1,0.20312,0.03582,0.04902
000932_lcam_front_lidar.ply,0.1,800,0.9,0.04802,0.46226,1,0.20442,0.03482,0.04851
000933_lcam_front_lidar.ply,0.1,800,0.9,0.05907,0.46241,1,0.20657,0.03731,0.04963
000934_lcam_front_lidar.ply,0.1,800,0.9,0.04929,0.46835,1,0.21077,0.03092,0.04612
000935_lcam_front_lidar.ply,0.1,800,0.9,0.05339,0.47256,1,0.21607,0.03574,0.04969
000936_lcam_front_lidar.ply,0.1,800,0.9,0.05396,0.46869,1,0.21039,0.02753,0.04459
000937_lcam_front_lidar.ply,0.1,800,0.9,0.05566,0.46612,1,0.20898,0.03046,0.04706
000938_lcam_front_lidar.ply,0.1,800,0.9,0.05633,0.46824,1,0.21118,0.03494,0.04963
000939_lcam_front_lidar.ply,0.1,800,0.9,0.05313,0.45797,1,0.20009,0.03184,0.04689
000940_lcam_front_lidar.ply,0.1,800,0.9,0.06364,0.45771,1,0.20227,0.03525,0.04903
000941_lcam_front_lidar.ply,0.1,800,0.9,0.06516,0.44775,1,0.19415,0.03306,0.04823
000942_lcam_front_lidar.ply,0.1,800,0.9,0.0651,0.45558,1,0.19749,0.03113,0.04641
000943_lcam_front_lidar.ply,0.1,800,0.9,0.05133,0.4554,1,0.19668,0.03037,0.04649
000944_lcam_front_lidar.ply,0.1,800,0.9,0.05193,0.45582,1,0.19532,0.02893,0.04527
000945_lcam_front_lidar.ply,0.1,800,0.9,0.05156,0.45347,1,0.19398,0.02697,0.04405
000946_lcam_front_lidar.ply,0.1,800,0.9,0.05934,0.45449,1,0.19619,0.02863,0.04429
000947_lcam_front_lidar.ply,0.1,800,0.9,0.05331,0.45833,1,0.19758,0.02914,0.044
000948_lcam_front_lidar.ply,0.1,800,0.9,0.05187,0.45722,1,0.19866,0.029,0.04569
000949_lcam_front_lidar.ply,0.1,800,0.9,0.06323,0.45799,1,0.20112,0.03097,0.04599
000950_lcam_front_lidar.ply,0.1,800,0.9,0.05722,0.45841,1,0.20027,0.02732,0.04395
000951_lcam_front_lidar.ply,0.1,800,0.9,0.06343,0.46099,1,0.20284,0.02787,0.04474
000952_lcam_front_lidar.ply,0.1,800,0.9,0.06451,0.45818,1,0.2019,0.02468,0.04275
000953_lcam_front_lidar.ply,0.1,800,0.9,0.04758,0.46726,1,0.20588,0.02494,0.04257
000954_lcam_front_lidar.ply,0.1,800,0.9,0.06169,0.4725,1,0.21444,0.02875,0.04494
000955_lcam_front_lidar.ply,0.1,800,0.9,0.0531,0.46868,1,0.21,0.02707,0.04459
000956_lcam_front_lidar.ply,0.1,800,0.9,0.06453,0.46859,1,0.21064,0.02823,0.04466
000957_lcam_front_lidar.ply,0.1,800,0.9,0.04758,0.4708,1,0.21019,0.02761,0.04425
000958_lcam_front_lidar.ply,0.1,800,0.9,0.04992,0.47368,1,0.21379,0.02916,0.04499
000959_lcam_front_lidar.ply,0.1,800,0.9,0.06348,0.47449,1,0.21656,0.02871,0.0448
000960_lcam_front_lidar.ply,0.1,800,0.9,0.04931,0.47205,1,0.21302,0.02824,0.04367
000961_lcam_front_lidar.ply,0.1,800,0.9,0.04789,0.48114,1,0.21994,0.0268,0.04272
000962_lcam_front_lidar.ply,0.1,800,0.9,0.05534,0.48141,1,0.22135,0.02766,0.04343
000963_lcam_front_lidar.ply,0.1,800,0.9,0.06304,0.50436,1,0.24398,0.02325,0.03868
000964_lcam_front_lidar.ply,0.1,800,0.9,0.04948,0.48534,1,0.22492,0.02713,0.04335
000965_lcam_front_lidar.ply,0.1,800,0.9,0.05989,0.35078,1,0.06893,1.0,0.00068
000966_lcam_front_lidar.ply,0.1,800,0.9,0.05768,0.488,1,0.22646,0.02181,0.04101
000967_lcam_front_lidar.ply,0.1,800,0.9,0.05139,0.48301,1,0.22227,0.02353,0.04196
000968_lcam_front_lidar.ply,0.1,800,0.9,0.04729,0.48146,1,0.21788,0.0207,0.03992
000969_lcam_front_lidar.ply,0.1,800,0.9,0.06366,0.47205,1,0.21396,0.02657,0.04355
000970_lcam_front_lidar.ply,0.1,800,0.9,0.05188,0.47186,1,0.21172,0.02421,0.04209
000971_lcam_front_lidar.ply,0.1,800,0.9,0.06307,0.46715,1,0.20881,0.02313,0.04083
000972_lcam_front_lidar.ply,0.1,800,0.9,0.05959,0.46888,1,0.20737,0.02097,0.04
000973_lcam_front_lidar.ply,0.1,800,0.9,0.06517,0.46323,1,0.20687,0.02712,0.04406
000974_lcam_front_lidar.ply,0.1,800,0.9,0.05537,0.46513,1,0.20571,0.02423,0.04195
000975_lcam_front_lidar.ply,0.1,800,0.9,0.07081,0.45839,1,0.19974,0.0254,0.04269
000976_lcam_front_lidar.ply,0.1,800,0.9,0.06511,0.46463,1,0.20633,0.02457,0.04179
000977_lcam_front_lidar.ply,0.1,800,0.9,0.06154,0.46828,1,0.20769,0.02548,0.04169
000978_lcam_front_lidar.ply,0.1,800,0.9,0.0559,0.45508,1,0.1936,0.02378,0.03968
000979_lcam_front_lidar.ply,0.1,800,0.9,0.06064,0.45294,1,0.19282,0.02644,0.04265
000980_lcam_front_lidar.ply,0.1,800,0.9,0.06346,0.45471,1,0.19641,0.02772,0.04335
000981_lcam_front_lidar.ply,0.1,800,0.9,0.04742,0.44917,1,0.18864,0.02965,0.04407
000982_lcam_front_lidar.ply,0.1,800,0.9,0.06356,0.45301,1,0.1939,0.02761,0.04291
000983_lcam_front_lidar.ply,0.1,800,0.9,0.07205,0.44524,1,0.18751,0.02829,0.04381
000984_lcam_front_lidar.ply,0.1,800,0.9,0.0671,0.4459,1,0.1876,0.02667,0.0426
000985_lcam_front_lidar.ply,0.1,800,0.9,0.05907,0.43306,1,0.17386,0.02583,0.0423
000986_lcam_front_lidar.ply,0.1,800,0.9,0.06799,0.44264,1,0.18393,0.02426,0.04178
000987_lcam_front_lidar.ply,0.1,800,0.9,0.0584,0.44495,1,0.18708,0.02642,0.04222
000988_lcam_front_lidar.ply,0.1,800,0.9,0.07321,0.4469,1,0.18741,0.02639,0.04271
000989_lcam_front_lidar.ply,0.1,800,0.9,0.06327,0.44673,1,0.1881,0.02733,0.0431
000990_lcam_front_lidar.ply,0.1,800,0.9,0.04932,0.44592,1,0.1838,0.0216,0.03931
000991_lcam_front_lidar.ply,0.1,800,0.9,0.05534,0.44499,1,0.18524,0.02808,0.04407
000992_lcam_front_lidar.ply,0.1,800,0.9,0.05555,0.44317,1,0.18534,0.02898,0.04451
000993_lcam_front_lidar.ply,0.1,800,0.9,0.04775,0.43925,1,0.181,0.02891,0.04614
000994_lcam_front_lidar.ply,0.1,800,0.9,0.06634,0.44249,1,0.18854,0.02961,0.04639
000995_lcam_front_lidar.ply,0.1,800,0.9,0.06316,0.44218,1,0.18346,0.02526,0.04254
000996_lcam_front_lidar.ply,0.1,800,0.9,0.05336,0.4444,1,0.18582,0.02389,0.04282
000997_lcam_front_lidar.ply,0.1,800,0.9,0.05411,0.44274,1,0.18214,0.01973,0.04008
000998_lcam_front_lidar.ply,0.1,800,0.9,0.07566,0.44021,1,0.18401,0.02827,0.04565
000999_lcam_front_lidar.ply,0.1,800,0.9,0.07284,0.42694,1,0.1709,0.02173,0.0416
001000_lcam_front_lidar.ply,0.1,800,0.9,0.06735,0.43932,1,0.18417,0.02797,0.04629
001001_lcam_front_lidar.ply,0.1,800,0.9,0.06282,0.4427,1,0.18324,0.02601,0.04308
001002_lcam_front_lidar.ply,0.1,800,0.9,0.0718,0.43961,1,0.18155,0.02697,0.04339
001003_lcam_front_lidar.ply,0.1,800,0.9,0.0536,0.43392,1,0.17714,0.02911,0.04784
001004_lcam_front_lidar.ply,0.1,800,0.9,0.05306,0.43077,1,0.1732,0.02666,0.04417
001005_lcam_front_lidar.ply,0.1,800,0.9,0.05389,0.43925,1,0.18045,0.02614,0.04429
001006_lcam_front_lidar.ply,0.1,800,0.9,0.06139,0.43634,1,0.18084,0.02635,0.04733
001007_lcam_front_lidar.ply,0.1,800,0.9,0.07916,0.43407,1,0.1797,0.02659,0.04477
001008_lcam_front_lidar.ply,0.1,800,0.9,0.07902,0.42551,1,0.17269,0.02669,0.04848
001009_lcam_front_lidar.ply,0.1,800,0.9,0.04932,0.42895,1,0.17098,0.0286,0.04646
001010_lcam_front_lidar.ply,0.1,800,0.9,0.07415,0.42923,1,0.17568,0.02673,0.04866
001011_lcam_front_lidar.ply,0.1,800,0.9,0.06946,0.43166,1,0.17495,0.02353,0.04547
001012_lcam_front_lidar.ply,0.1,800,0.9,0.06794,0.42987,1,0.17282,0.02747,0.04725
001013_lcam_front_lidar.ply,0.1,800,0.9,0.05251,0.43407,1,0.1757,0.02817,0.04869
001014_lcam_front_lidar.ply,0.1,800,0.9,0.06218,0.43279,1,0.1761,0.0211,0.04685
001015_lcam_front_lidar.ply,0.1,800,0.9,0.05663,0.42915,1,0.17461,0.0254,0.05165
001016_lcam_front_lidar.ply,0.1,800,0.9,0.07057,0.43092,1,0.17785,0.02593,0.05311
001017_lcam_front_lidar.ply,0.1,800,0.9,0.06337,0.42952,1,0.17514,0.02751,0.04927
001018_lcam_front_lidar.ply,0.1,800,0.9,0.06458,0.42859,1,0.174,0.02696,0.05007
001019_lcam_front_lidar.ply,0.1,800,0.9,0.06522,0.42686,1,0.17487,0.03119,0.05343
001020_lcam_front_lidar.ply,0.1,800,0.9,0.07905,0.42515,1,0.17229,0.03089,0.05059
001021_lcam_front_lidar.ply,0.1,800,0.9,0.06989,0.42469,1,0.1748,0.02502,0.05717
001022_lcam_front_lidar.ply,0.1,800,0.9,0.07182,0.42299,1,0.17103,0.02451,0.05327
001023_lcam_front_lidar.ply,0.1,800,0.9,0.05517,0.42608,1,0.17467,0.02448,0.05915
001024_lcam_front_lidar.ply,0.1,800,0.9,0.06736,0.42142,1,0.17206,0.02669,0.05813
001025_lcam_front_lidar.ply,0.1,800,0.9,0.06336,0.42453,1,0.17595,0.0238,0.0622
001026_lcam_front_lidar.ply,0.1,800,0.9,0.062,0.42302,1,0.17092,0.02417,0.05797
001027_lcam_front_lidar.ply,0.1,800,0.9,0.06878,0.41821,1,0.17104,0.02592,0.062
001028_lcam_front_lidar.ply,0.1,800,0.9,0.06698,0.42197,1,0.17549,0.02565,0.06627
001029_lcam_front_lidar.ply,0.1,800,0.9,0.06534,0.41718,1,0.1694,0.02134,0.05974
001030_lcam_front_lidar.ply,0.1,800,0.9,0.0651,0.41993,1,0.17042,0.02351,0.05881
001031_lcam_front_lidar.ply,0.1,800,0.9,0.06309,0.41812,1,0.16872,0.0268,0.06223
001032_lcam_front_lidar.ply,0.1,800,0.9,0.06947,0.41721,1,0.16998,0.02252,0.06183
001033_lcam_front_lidar.ply,0.1,800,0.9,0.07902,0.41458,1,0.16855,0.02225,0.06307
001034_lcam_front_lidar.ply,0.1,800,0.9,0.05304,0.41208,1,0.16474,0.02319,0.06322
001035_lcam_front_lidar.ply,0.1,800,0.9,0.06323,0.41781,1,0.16867,0.02103,0.06176
001036_lcam_front_lidar.ply,0.1,800,0.9,0.0783,0.41439,1,0.16981,0.02255,0.06668
001037_lcam_front_lidar.ply,0.1,800,0.9,0.07976,0.41452,1,0.16819,0.01301,0.06192
001038_lcam_front_lidar.ply,0.1,800,0.9,0.07119,0.41072,1,0.16805,0.03005,0.06744
001039_lcam_front_lidar.ply,0.1,800,0.9,0.07031,0.41108,1,0.16522,0.02607,0.06757
001040_lcam_front_lidar.ply,0.1,800,0.9,0.06498,0.40951,1,0.16461,0.02941,0.0691
001041_lcam_front_lidar.ply,0.1,800,0.9,0.07131,0.40946,1,0.16717,0.02631,0.07088
001042_lcam_front_lidar.ply,0.1,800,0.9,0.06901,0.40816,1,0.16411,0.0258,0.07025
001043_lcam_front_lidar.ply,0.1,800,0.9,0.07296,0.41032,1,0.1688,0.02888,0.0734
001044_lcam_front_lidar.ply,0.1,800,0.9,0.06514,0.40742,1,0.16367,0.02765,0.07269
001045_lcam_front_lidar.ply,0.1,800,0.9,0.07092,0.39321,1,0.15307,0.02064,0.07593
001046_lcam_front_lidar.ply,0.1,800,0.9,0.07305,0.40778,1,0.16538,0.02643,0.07316
001047_lcam_front_lidar.ply,0.1,800,0.9,0.07299,0.39871,1,0.15838,0.02412,0.07488
001048_lcam_front_lidar.ply,0.1,800,0.9,0.07519,0.40023,1,0.15799,0.01639,0.07158
001049_lcam_front_lidar.ply,0.1,800,0.9,0.07949,0.39744,1,0.15662,0.02327,0.07037
001050_lcam_front_lidar.ply,0.1,800,0.9,0.06572,0.39995,1,0.15707,0.02666,0.07387
001051_lcam_front_lidar.ply,0.1,800,0.9,0.06549,0.38821,1,0.14859,0.03564,0.07881
001052_lcam_front_lidar.ply,0.1,800,0.9,0.06972,0.39949,1,0.16145,0.03191,0.0809
001053_lcam_front_lidar.ply,0.1,800,0.9,0.07334,0.39508,1,0.15535,0.02941,0.07878
001054_lcam_front_lidar.ply,0.1,800,0.9,0.0771,0.392,1,0.15142,0.03043,0.07428
001055_lcam_front_lidar.ply,0.1,800,0.9,0.06102,0.39258,1,0.15316,0.03117,0.07964
001056_lcam_front_lidar.ply,0.1,800,0.9,0.06374,0.39274,1,0.14984,0.0365,0.07317
001057_lcam_front_lidar.ply,0.1,800,0.9,0.06805,0.3899,1,0.15429,0.03139,0.08356
001058_lcam_front_lidar.ply,0.1,800,0.9,0.0633,0.39281,1,0.1505,0.01343,0.07467
001059_lcam_front_lidar.ply,0.1,800,0.9,0.06709,0.38692,1,0.14925,0.02975,0.08244
001060_lcam_front_lidar.ply,0.1,800,0.9,0.07537,0.3838,1,0.14369,0.01287,0.07616
001061_lcam_front_lidar.ply,0.1,800,0.9,0.09076,0.38157,1,0.1471,0.02854,0.08247
001062_lcam_front_lidar.ply,0.1,800,0.9,0.07616,0.38524,1,0.14941,0.02437,0.08324
001063_lcam_front_lidar.ply,0.1,800,0.9,0.06764,0.38254,1,0.14433,0.01758,0.07971
001064_lcam_front_lidar.ply,0.1,800,0.9,0.07933,0.38125,1,0.14542,0.02777,0.08088
001065_lcam_front_lidar.ply,0.1,800,0.9,0.07148,0.38129,1,0.14278,0.0266,0.08175
001066_lcam_front_lidar.ply,0.1,800,0.9,0.06514,0.38354,1,0.1484,0.03209,0.08538
001067_lcam_front_lidar.ply,0.1,800,0.9,0.06841,0.38202,1,0.14377,0.0249,0.08216
001068_lcam_front_lidar.ply,0.1,800,0.9,0.06914,0.3811,1,0.14592,0.02993,0.08459
001069_lcam_front_lidar.ply,0.1,800,0.9,0.07353,0.37289,1,0.1413,0.0344,0.08838
001070_lcam_front_lidar.ply,0.1,800,0.9,0.07285,0.38053,1,0.14468,0.02726,0.08529
001071_lcam_front_lidar.ply,0.1,800,0.9,0.07711,0.37575,1,0.1367,0.01295,0.07801
001072_lcam_front_lidar.ply,0.1,800,0.9,0.06441,0.38306,1,0.14637,0.03343,0.08657
001073_lcam_front_lidar.ply,0.1,800,0.9,0.06507,0.38725,1,0.15264,0.02522,0.08683
001074_lcam_front_lidar.ply,0.1,800,0.9,0.06923,0.38067,1,0.14313,0.02613,0.08222
001075_lcam_front_lidar.ply,0.1,800,0.9,0.07567,0.37973,1,0.1434,0.02587,0.081
001076_lcam_front_lidar.ply,0.1,800,0.9,0.05731,0.38156,1,0.14608,0.03457,0.08762
001077_lcam_front_lidar.ply,0.1,800,0.9,0.06371,0.38446,1,0.14745,0.03137,0.08605
001078_lcam_front_lidar.ply,0.1,800,0.9,0.08059,0.37718,1,0.13958,0.03275,0.07884
001079_lcam_front_lidar.ply,0.1,800,0.9,0.07684,0.38074,1,0.14331,0.01668,0.0827
001080_lcam_front_lidar.ply,0.1,800,0.9,0.07285,0.38184,1,0.14379,0.01857,0.08002
001081_lcam_front_lidar.ply,0.1,800,0.9,0.06751,0.37985,1,0.14091,0.01848,0.07863
001082_lcam_front_lidar.ply,0.1,800,0.9,0.06785,0.3778,1,0.14246,0.03397,0.08773
001083_lcam_front_lidar.ply,0.1,800,0.9,0.08308,0.37397,1,0.13921,0.02816,0.08581
001084_lcam_front_lidar.ply,0.1,800,0.9,0.07102,0.37535,1,0.14045,0.03724,0.08984
001085_lcam_front_lidar.ply,0.1,800,0.9,0.07092,0.37159,1,0.13663,0.04432,0.08908
001086_lcam_front_lidar.ply,0.1,800,0.9,0.06593,0.37658,1,0.14182,0.03364,0.0889
001087_lcam_front_lidar.ply,0.1,800,0.9,0.08066,0.37794,1,0.14474,0.03638,0.0917
001088_lcam_front_lidar.ply,0.1,800,0.9,0.07317,0.36381,1,0.1264,0.05494,0.08216
001089_lcam_front_lidar.ply,0.1,800,0.9,0.07685,0.37339,1,0.14078,0.03415,0.09191
001090_lcam_front_lidar.ply,0.1,800,0.9,0.06938,0.37058,1,0.13519,0.02926,0.08919
001091_lcam_front_lidar.ply,0.1,800,0.9,0.08682,0.36999,1,0.13758,0.03099,0.09208
001092_lcam_front_lidar.ply,0.1,800,0.9,0.05748,0.37331,1,0.13612,0.03135,0.09004
001093_lcam_front_lidar.ply,0.1,800,0.9,0.07943,0.37029,1,0.13624,0.03131,0.09103
001094_lcam_front_lidar.ply,0.1,800,0.9,0.0796,0.36291,1,0.13019,0.0291,0.09098
001095_lcam_front_lidar.ply,0.1,800,0.9,0.07228,0.37318,1,0.14017,0.02779,0.09441
001096_lcam_front_lidar.ply,0.1,800,0.9,0.06371,0.36493,1,0.12975,0.02865,0.09182
001097_lcam_front_lidar.ply,0.1,800,0.9,0.05536,0.36464,1,0.12706,0.00931,0.08753
001098_lcam_front_lidar.ply,0.1,800,0.9,0.06159,0.36783,1,0.13142,0.02485,0.09143
001099_lcam_front_lidar.ply,0.1,800,0.9,0.07486,0.36254,1,0.13086,0.01951,0.09171
001100_lcam_front_lidar.ply,0.1,800,0.9,0.06513,0.36759,1,0.09566,0.01369,0.01477
001101_lcam_front_lidar.ply,0.1,800,0.9,0.07141,0.36014,1,0.12589,0.02171,0.09066
001102_lcam_front_lidar.ply,0.1,800,0.9,0.07326,0.36209,1,0.12741,0.01151,0.09119
001103_lcam_front_lidar.ply,0.1,800,0.9,0.07719,0.35938,1,0.12448,0.00404,0.08877
001104_lcam_front_lidar.ply,0.1,800,0.9,0.0689,0.36019,1,0.12539,0.00428,0.08828
001105_lcam_front_lidar.ply,0.1,800,0.9,0.07132,0.37755,1,0.10635,0.01502,0.01479
001106_lcam_front_lidar.ply,0.1,800,0.9,0.06231,0.3543,1,0.11857,0.0119,0.08622
001107_lcam_front_lidar.ply,0.1,800,0.9,0.06774,0.35506,1,0.12219,0.0108,0.08661
001108_lcam_front_lidar.ply,0.1,800,0.9,0.08286,0.39088,1,0.12028,0.01425,0.01502
001109_lcam_front_lidar.ply,0.1,800,0.9,0.05954,0.35379,1,0.11592,0.01222,0.08355
001110_lcam_front_lidar.ply,0.1,800,0.9,0.07864,0.38793,1,0.11726,0.01423,0.01544
001111_lcam_front_lidar.ply,0.1,800,0.9,0.0669,0.38862,1,0.11673,0.01437,0.01542
001112_lcam_front_lidar.ply,0.1,800,0.9,0.07655,0.38573,1,0.11699,0.01388,0.0155
001113_lcam_front_lidar.ply,0.1,800,0.9,0.08202,0.39195,1,0.12208,0.01413,0.01566
001114_lcam_front_lidar.ply,0.1,800,0.9,0.07937,0.38778,1,0.12024,0.01454,0.01575
001115_lcam_front_lidar.ply,0.1,800,0.9,0.07229,0.39238,1,0.12268,0.01324,0.0149
001116_lcam_front_lidar.ply,0.1,800,0.9,0.07943,0.3984,1,0.12682,0.01393,0.01546
001117_lcam_front_lidar.ply,0.1,800,0.9,0.06335,0.39708,1,0.12512,0.01519,0.01548
001118_lcam_front_lidar.ply,0.1,800,0.9,0.06442,0.3999,1,0.12976,0.0142,0.01539
001119_lcam_front_lidar.ply,0.1,800,0.9,0.07944,0.40087,1,0.13233,0.01424,0.01563
001120_lcam_front_lidar.ply,0.1,800,0.9,0.06844,0.4031,1,0.13379,0.01399,0.01535
001121_lcam_front_lidar.ply,0.1,800,0.9,0.05079,0.40756,1,0.13477,0.01476,0.01537
001122_lcam_front_lidar.ply,0.1,800,0.9,0.06307,0.4121,1,0.14163,0.01361,0.01497
001123_lcam_front_lidar.ply,0.1,800,0.9,0.05891,0.42008,1,0.14901,0.01324,0.01484
001124_lcam_front_lidar.ply,0.1,800,0.9,0.04749,0.42232,1,0.14965,0.01384,0.01519
001125_lcam_front_lidar.ply,0.1,800,0.9,0.06308,0.42088,1,0.15064,0.01328,0.01503
001126_lcam_front_lidar.ply,0.1,800,0.9,0.0536,0.42409,1,0.15291,0.01322,0.01523
001127_lcam_front_lidar.ply,0.1,800,0.9,0.05342,0.42628,1,0.15459,0.01361,0.01515
001128_lcam_front_lidar.ply,0.1,800,0.9,0.05677,0.4302,1,0.15869,0.01253,0.0149
001129_lcam_front_lidar.ply,0.1,800,0.9,0.04542,0.44209,1,0.16924,0.01267,0.01519
001130_lcam_front_lidar.ply,0.15,800,0.9,0.06708,0.42974,1,0.19035,0.00661,0.07538
001131_lcam_front_lidar.ply,0.1,800,0.9,0.04734,0.43705,1,0.16407,0.01299,0.0151
001132_lcam_front_lidar.ply,0.1,800,0.9,0.05139,0.44495,1,0.17198,0.01238,0.01482
001133_lcam_front_lidar.ply,0.1,800,0.9,0.05334,0.44657,1,0.17361,0.012,0.01507
001134_lcam_front_lidar.ply,0.1,800,0.9,0.06883,0.44465,1,0.17459,0.01372,0.01526
001135_lcam_front_lidar.ply,0.1,800,0.9,0.05881,0.44417,1,0.17345,0.01119,0.01458
001136_lcam_front_lidar.ply,0.15,800,0.9,0.05988,0.44641,1,0.20323,0.00563,0.07172
001137_lcam_front_lidar.ply,0.1,800,0.9,0.07077,0.44835,1,0.17818,0.01198,0.01486
001138_lcam_front_lidar.ply,0.1,800,0.9,0.05316,0.46351,1,0.19066,0.01167,0.01453
001139_lcam_front_lidar.ply,0.1,800,0.9,0.05124,0.46284,1,0.18953,0.01285,0.0152
001140_lcam_front_lidar.ply,0.1,800,0.9,0.06731,0.45602,1,0.18434,0.01437,0.0155
001141_lcam_front_lidar.ply,0.1,800,0.9,0.04851,0.46874,1,0.195,0.01266,0.01487
001142_lcam_front_lidar.ply,0.1,800,0.9,0.05077,0.47026,1,0.19658,0.0126,0.01529
001143_lcam_front_lidar.ply,0.1,800,0.9,0.05258,0.46972,1,0.19702,0.01364,0.01561
001144_lcam_front_lidar.ply,0.1,800,0.9,0.04769,0.47234,1,0.19773,0.01301,0.01527
001145_lcam_front_lidar.ply,0.1,800,0.9,0.05358,0.47684,1,0.20468,0.0128,0.01558
001146_lcam_front_lidar.ply,0.1,800,0.9,0.05015,0.47616,1,0.20289,0.01305,0.01524
001147_lcam_front_lidar.ply,0.1,800,0.9,0.04743,0.47644,1,0.20381,0.01384,0.01523
001148_lcam_front_lidar.ply,0.1,800,0.9,0.04736,0.48294,1,0.21015,0.01206,0.01482
001149_lcam_front_lidar.ply,0.1,800,0.9,0.04992,0.48786,1,0.21582,0.01366,0.01504
001150_lcam_front_lidar.ply,0.1,800,0.9,0.05345,0.48936,1,0.21466,0.01393,0.01513
001151_lcam_front_lidar.ply,0.1,800,0.9,0.03522,0.4936,1,0.2189,0.01341,0.01462
001152_lcam_front_lidar.ply,0.1,800,0.9,0.04743,0.48707,1,0.21273,0.01372,0.01474
001153_lcam_front_lidar.ply,0.1,800,0.9,0.04737,0.49371,1,0.21974,0.01426,0.01504
001154_lcam_front_lidar.ply,0.1,800,0.9,0.04765,0.49332,1,0.22101,0.0149,0.01481
001155_lcam_front_lidar.ply,0.1,800,0.9,0.05157,0.5115,1,0.23625,0.01448,0.01438
001156_lcam_front_lidar.ply,0.1,800,0.9,0.05525,0.49794,1,0.22468,0.01467,0.01516
001157_lcam_front_lidar.ply,0.1,800,0.9,0.06246,0.49327,1,0.2202,0.01522,0.01518
001158_lcam_front_lidar.ply,0.1,800,0.9,0.05923,0.49674,1,0.22376,0.01586,0.01509
001159_lcam_front_lidar.ply,0.1,800,0.9,0.05418,0.50559,1,0.23186,0.01594,0.01523
001160_lcam_front_lidar.ply,0.1,800,0.9,0.06364,0.50797,1,0.23469,0.01532,0.0152
001161_lcam_front_lidar.ply,0.1,800,0.9,0.05442,0.50362,1,0.22963,0.01538,0.01519
001162_lcam_front_lidar.ply,0.1,800,0.9,0.05744,0.50938,1,0.23634,0.01628,0.01539
001163_lcam_front_lidar.ply,0.1,800,0.9,0.06082,0.51108,1,0.23823,0.01654,0.01557
001164_lcam_front_lidar.ply,0.1,800,0.9,0.04986,0.51551,1,0.2403,0.01611,0.0151
001165_lcam_front_lidar.ply,0.1,800,0.9,0.0599,0.51059,1,0.23748,0.01739,0.01535
001166_lcam_front_lidar.ply,0.1,800,0.9,0.04659,0.51607,1,0.24021,0.01822,0.01542
001167_lcam_front_lidar.ply,0.1,800,0.9,0.05283,0.51526,1,0.24083,0.01754,0.01516
001168_lcam_front_lidar.ply,0.1,800,0.9,0.04779,0.50425,1,0.23011,0.01943,0.0155
001169_lcam_front_lidar.ply,0.1,800,0.9,0.05195,0.52305,1,0.24776,0.01845,0.01555
001170_lcam_front_lidar.ply,0.1,800,0.9,0.06,0.52394,1,0.25091,0.01743,0.01541
001171_lcam_front_lidar.ply,0.1,800,0.9,0.04547,0.53069,1,0.25705,0.01817,0.01562
001172_lcam_front_lidar.ply,0.1,800,0.9,0.0476,0.53041,1,0.25575,0.01785,0.01555
001173_lcam_front_lidar.ply,0.1,800,0.9,0.05027,0.53775,1,0.26305,0.01879,0.01538
001174_lcam_front_lidar.ply,0.1,800,0.9,0.0475,0.53387,1,0.26115,0.01789,0.0151
001175_lcam_front_lidar.ply,0.1,800,0.9,0.04982,0.53733,1,0.26263,0.01945,0.01521
001176_lcam_front_lidar.ply,0.1,800,0.9,0.04757,0.53813,1,0.26462,0.02023,0.01541
001177_lcam_front_lidar.ply,0.1,800,0.9,0.06077,0.54026,1,0.26612,0.01989,0.0156
001178_lcam_front_lidar.ply,0.1,800,0.9,0.06468,0.54089,1,0.26734,0.01989,0.01558
001179_lcam_front_lidar.ply,0.1,800,0.9,0.05553,0.5427,1,0.26986,0.0197,0.0156
001180_lcam_front_lidar.ply,0.1,800,0.9,0.04753,0.54788,1,0.27385,0.02045,0.01578
001181_lcam_front_lidar.ply,0.1,800,0.9,0.04681,0.55014,1,0.27544,0.02024,0.01589
001182_lcam_front_lidar.ply,0.1,800,0.9,0.0582,0.54453,1,0.27184,0.0198,0.0157
001183_lcam_front_lidar.ply,0.1,800,0.9,0.06053,0.54644,1,0.27348,0.02054,0.01585
001184_lcam_front_lidar.ply,0.1,800,0.9,0.04563,0.5476,1,0.27354,0.02209,0.01551
001185_lcam_front_lidar.ply,0.1,800,0.9,0.04731,0.54832,1,0.27292,0.0211,0.01577
001186_lcam_front_lidar.ply,0.1,800,0.9,0.05693,0.5483,1,0.27442,0.02034,0.01549
001187_lcam_front_lidar.ply,0.1,800,0.9,0.04378,0.55299,1,0.27853,0.02084,0.01587
001188_lcam_front_lidar.ply,0.1,800,0.9,0.07494,0.54852,1,0.27617,0.02086,0.01565
001189_lcam_front_lidar.ply,0.1,800,0.9,0.06427,0.55311,1,0.2805,0.02211,0.01593
001190_lcam_front_lidar.ply,0.1,800,0.9,0.06329,0.55342,1,0.28006,0.02075,0.01578
001191_lcam_front_lidar.ply,0.1,800,0.9,0.06323,0.55828,1,0.28804,0.02035,0.01594
001192_lcam_front_lidar.ply,0.1,800,0.9,0.0568,0.5529,1,0.28093,0.02021,0.01588
001193_lcam_front_lidar.ply,0.1,800,0.9,0.06556,0.55294,1,0.28027,0.01993,0.01559
001194_lcam_front_lidar.ply,0.1,800,0.9,0.05746,0.56081,1,0.28708,0.01948,0.01588
001195_lcam_front_lidar.ply,0.1,800,0.9,0.06358,0.55811,1,0.28644,0.02027,0.01583
001196_lcam_front_lidar.ply,0.1,800,0.9,0.0599,0.56081,1,0.2884,0.01935,0.01599
001197_lcam_front_lidar.ply,0.1,800,0.9,0.06402,0.56247,1,0.29088,0.01899,0.01593
001198_lcam_front_lidar.ply,0.1,800,0.9,0.05996,0.56,1,0.28863,0.01947,0.01577
001199_lcam_front_lidar.ply,0.1,800,0.9,0.05369,0.56028,1,0.28678,0.01809,0.01551
001200_lcam_front_lidar.ply,0.1,800,0.9,0.05568,0.56591,1,0.29129,0.0202,0.01587
001201_lcam_front_lidar.ply,0.1,800,0.9,0.04927,0.56723,1,0.29424,0.01848,0.01571
001202_lcam_front_lidar.ply,0.1,800,0.9,0.05133,0.56597,1,0.29171,0.01977,0.01576
001203_lcam_front_lidar.ply,0.1,800,0.9,0.05146,0.56586,1,0.29233,0.01924,0.01551
001204_lcam_front_lidar.ply,0.1,800,0.9,0.06853,0.57035,1,0.29963,0.01875,0.01571
001205_lcam_front_lidar.ply,0.1,800,0.9,0.06546,0.57035,1,0.29676,0.01894,0.01601
001206_lcam_front_lidar.ply,0.1,800,0.9,0.06151,0.57139,1,0.29831,0.01942,0.01618
001207_lcam_front_lidar.ply,0.1,800,0.9,0.06123,0.57258,1,0.29957,0.01886,0.01595
001208_lcam_front_lidar.ply,0.1,800,0.9,0.05948,0.57295,1,0.29879,0.01921,0.01583
001209_lcam_front_lidar.ply,0.1,800,0.9,0.05533,0.5769,1,0.30326,0.01928,0.01601
001210_lcam_front_lidar.ply,0.1,800,0.9,0.03445,0.57353,1,0.29786,0.01995,0.01596
001211_lcam_front_lidar.ply,0.1,800,0.9,0.05857,0.57789,1,0.30486,0.01883,0.01579
001212_lcam_front_lidar.ply,0.1,800,0.9,0.06309,0.58088,1,0.30792,0.01828,0.01589
001213_lcam_front_lidar.ply,0.1,800,0.9,0.05072,0.57836,1,0.30508,0.0186,0.01588
001214_lcam_front_lidar.ply,0.1,800,0.9,0.05542,0.57993,1,0.30671,0.0181,0.01571
001215_lcam_front_lidar.ply,0.1,800,0.9,0.04781,0.58108,1,0.30617,0.01767,0.01563
001216_lcam_front_lidar.ply,0.1,800,0.9,0.05259,0.58756,1,0.31351,0.01711,0.01584
001217_lcam_front_lidar.ply,0.1,800,0.9,0.06307,0.58831,1,0.31641,0.01671,0.01559
001218_lcam_front_lidar.ply,0.1,800,0.9,0.05226,0.5834,1,0.31191,0.01683,0.01567
001219_lcam_front_lidar.ply,0.1,800,0.9,0.06978,0.58607,1,0.31584,0.01755,0.01591
001220_lcam_front_lidar.ply,0.1,800,0.9,0.07198,0.59172,1,0.32007,0.01666,0.01571
001221_lcam_front_lidar.ply,0.1,800,0.9,0.04751,0.59395,1,0.31905,0.01711,0.01573
001222_lcam_front_lidar.ply,0.1,800,0.9,0.0534,0.59791,1,0.32447,0.01704,0.01558
001223_lcam_front_lidar.ply,0.1,800,0.9,0.07578,0.59369,1,0.32123,0.01673,0.01558
001224_lcam_front_lidar.ply,0.1,800,0.9,0.05716,0.60208,1,0.32884,0.01581,0.01554
001225_lcam_front_lidar.ply,0.1,800,0.9,0.05331,0.60337,1,0.33056,0.01527,0.01558
001226_lcam_front_lidar.ply,0.1,800,0.9,0.05554,0.60709,1,0.33275,0.01548,0.01543
001227_lcam_front_lidar.ply,0.1,800,0.9,0.05824,0.60674,1,0.33285,0.01625,0.01554
001228_lcam_front_lidar.ply,0.1,800,0.9,0.05731,0.60809,1,0.33583,0.01553,0.0154
001229_lcam_front_lidar.ply,0.1,800,0.9,0.06212,0.61555,1,0.34169,0.01526,0.01539
001230_lcam_front_lidar.ply,0.1,800,0.9,0.0495,0.62106,1,0.34555,0.01458,0.01533
001231_lcam_front_lidar.ply,0.1,800,0.9,0.05074,0.6196,1,0.34531,0.01439,0.01539
001232_lcam_front_lidar.ply,0.1,800,0.9,0.04525,0.62334,1,0.34802,0.01488,0.01554
001233_lcam_front_lidar.ply,0.1,800,0.9,0.05659,0.62308,1,0.34961,0.01451,0.01528
001234_lcam_front_lidar.ply,0.1,800,0.9,0.06123,0.6223,1,0.34835,0.01477,0.01524
001235_lcam_front_lidar.ply,0.1,800,0.9,0.03921,0.62671,1,0.35063,0.01439,0.01509
001236_lcam_front_lidar.ply,0.1,800,0.9,0.06497,0.62447,1,0.35261,0.01359,0.01511
001237_lcam_front_lidar.ply,0.1,800,0.9,0.05529,0.62908,1,0.35547,0.01442,0.01532
001238_lcam_front_lidar.ply,0.1,800,0.9,0.05326,0.63391,1,0.35927,0.01366,0.01525
001239_lcam_front_lidar.ply,0.1,800,0.9,0.06829,0.62711,1,0.35396,0.01404,0.01509
001240_lcam_front_lidar.ply,0.1,800,0.9,0.0714,0.63147,1,0.35823,0.01262,0.01507
001241_lcam_front_lidar.ply,0.1,800,0.9,0.05144,0.63034,1,0.35556,0.01382,0.01513
001242_lcam_front_lidar.ply,0.1,800,0.9,0.0562,0.63769,1,0.36328,0.01292,0.01515
001243_lcam_front_lidar.ply,0.1,800,0.9,0.05143,0.63744,1,0.36179,0.01318,0.01504
001244_lcam_front_lidar.ply,0.1,800,0.9,0.05314,0.64044,1,0.36491,0.01292,0.01488
001245_lcam_front_lidar.ply,0.1,800,0.9,0.07011,0.64573,1,0.37228,0.01379,0.01547
001246_lcam_front_lidar.ply,0.1,800,0.9,0.05939,0.63653,1,0.36158,0.01397,0.01557
001247_lcam_front_lidar.ply,0.1,800,0.9,0.04366,0.64512,1,0.37058,0.01359,0.01536
001248_lcam_front_lidar.ply,0.1,800,0.9,0.05341,0.63722,1,0.36144,0.01367,0.01533
001249_lcam_front_lidar.ply,0.1,800,0.9,0.04939,0.63931,1,0.36323,0.01411,0.01539
001250_lcam_front_lidar.ply,0.1,800,0.9,0.05703,0.63877,1,0.36392,0.01429,0.01528
001251_lcam_front_lidar.ply,0.1,800,0.9,0.06319,0.65373,1,0.37973,0.01328,0.01506
001252_lcam_front_lidar.ply,0.1,800,0.9,0.05304,0.65301,1,0.37843,0.0137,0.01531
001253_lcam_front_lidar.ply,0.25,800,0.9,0.036,0.65259,1,0.3772,0.01475,0.01598
001254_lcam_front_lidar.ply,0.1,800,0.9,0.05941,0.65492,1,0.38047,0.01396,0.01542
001255_lcam_front_lidar.ply,0.25,800,0.9,0.06298,0.65428,1,0.38013,0.01429,0.01555
001256_lcam_front_lidar.ply,0.25,800,0.9,0.05527,0.65696,1,0.38224,0.01498,0.01594
001257_lcam_front_lidar.ply,0.25,800,0.9,0.04874,0.65557,1,0.37996,0.01475,0.01595
001258_lcam_front_lidar.ply,0.25,800,0.9,0.04571,0.6632,1,0.38894,0.01524,0.01627
001259_lcam_front_lidar.ply,0.1,800,0.9,0.06344,0.65278,1,0.3793,0.01374,0.01514
001260_lcam_front_lidar.ply,0.1,800,0.9,0.06307,0.64246,1,0.36758,0.01362,0.01507
001261_lcam_front_lidar.ply,0.25,800,0.9,0.05914,0.65801,1,0.38335,0.01507,0.01599
001262_lcam_front_lidar.ply,0.25,800,0.9,0.04921,0.65988,1,0.38586,0.01614,0.01681
001263_lcam_front_lidar.ply,0.25,800,0.9,0.04821,0.66425,1,0.38923,0.01687,0.01711
001264_lcam_front_lidar.ply,0.25,800,0.9,0.06154,0.65845,1,0.3852,0.01625,0.01691
001265_lcam_front_lidar.ply,0.25,800,0.9,0.04753,0.66301,1,0.38777,0.01466,0.016
001266_lcam_front_lidar.ply,0.25,800,0.9,0.06388,0.65798,1,0.38605,0.01542,0.01624
001267_lcam_front_lidar.ply,0.1,800,0.9,0.0533,0.66234,1,0.38785,0.01465,0.01572
001268_lcam_front_lidar.ply,0.1,800,0.9,0.0513,0.66244,1,0.38791,0.01374,0.01521
001269_lcam_front_lidar.ply,0.1,800,0.9,0.05047,0.66446,1,0.38923,0.01346,0.01524
001270_lcam_front_lidar.ply,0.1,800,0.9,0.0615,0.66477,1,0.39151,0.01296,0.01516
001271_lcam_front_lidar.ply,0.1,800,0.9,0.04677,0.66062,1,0.38549,0.01365,0.0153
001272_lcam_front_lidar.ply,0.1,800,0.9,0.04456,0.66674,1,0.39052,0.01357,0.0154
001273_lcam_front_lidar.ply,0.1,800,0.9,0.04755,0.67106,1,0.39538,0.01402,0.01542
001274_lcam_front_lidar.ply,0.1,800,0.9,0.05788,0.66651,1,0.39167,0.01331,0.01518
001275_lcam_front_lidar.ply,0.1,800,0.9,0.06803,0.66744,1,0.39464,0.01345,0.01517
001276_lcam_front_lidar.ply,0.1,800,0.9,0.05223,0.66841,1,0.39275,0.01356,0.01538
001277_lcam_front_lidar.ply,0.1,800,0.9,0.04558,0.67374,1,0.3985,0.01321,0.01508
001278_lcam_front_lidar.ply,0.1,800,0.9,0.06427,0.67209,1,0.39803,0.014,0.01543
001279_lcam_front_lidar.ply,0.1,800,0.9,0.05581,0.671,1,0.39519,0.0135,0.01501
001280_lcam_front_lidar.ply,0.1,800,0.9,0.05193,0.6673,1,0.39206,0.01386,0.01534
001281_lcam_front_lidar.ply,0.1,800,0.9,0.06314,0.66757,1,0.39328,0.01419,0.01538
001282_lcam_front_lidar.ply,0.25,800,0.9,0.05165,0.66735,1,0.39345,0.01593,0.01653
001283_lcam_front_lidar.ply,0.25,800,0.9,0.05357,0.67191,1,0.3976,0.01712,0.01729
001284_lcam_front_lidar.ply,0.25,800,0.9,0.03542,0.67419,1,0.39739,0.01443,0.01576
001285_lcam_front_lidar.ply,0.25,800,0.9,0.06158,0.66812,1,0.39414,0.01455,0.01589
001286_lcam_front_lidar.ply,0.1,800,0.9,0.05346,0.67192,1,0.39617,0.01333,0.01482
001287_lcam_front_lidar.ply,0.25,800,0.9,0.04902,0.66916,1,0.39388,0.01412,0.01543
001288_lcam_front_lidar.ply,0.25,800,0.9,0.0472,0.66731,1,0.39264,0.01489,0.01592
001289_lcam_front_lidar.ply,0.25,800,0.9,0.05361,0.66495,1,0.39026,0.01733,0.01686
001290_lcam_front_lidar.ply,0.25,800,0.9,0.04731,0.66584,1,0.39085,0.01682,0.01676
001291_lcam_front_lidar.ply,0.25,800,0.9,0.04918,0.66864,1,0.3928,0.01534,0.01572
001292_lcam_front_lidar.ply,0.25,800,0.9,0.05995,0.66948,1,0.39652,0.01748,0.01662
001293_lcam_front_lidar.ply,0.25,800,0.9,0.05134,0.66638,1,0.39165,0.01595,0.01589
001294_lcam_front_lidar.ply,0.25,800,0.9,0.05735,0.66897,1,0.39512,0.01547,0.01581
001295_lcam_front_lidar.ply,0.25,800,0.9,0.04933,0.67168,1,0.39583,0.01588,0.01637
001296_lcam_front_lidar.ply,0.25,800,0.9,0.05932,0.66524,1,0.39155,0.01582,0.01579
001297_lcam_front_lidar.ply,0.25,800,0.9,0.04781,0.66809,1,0.39268,0.01624,0.01588
001298_lcam_front_lidar.ply,0.25,800,0.9,0.04345,0.66495,1,0.38895,0.01746,0.01616
001299_lcam_front_lidar.ply,0.25,800,0.9,0.05863,0.66491,1,0.39113,0.01937,0.01726
001300_lcam_front_lidar.ply,0.15,800,0.9,0.0556,0.66163,1,0.38892,0.01596,0.01618
001301_lcam_front_lidar.ply,0.1,800,0.9,0.06346,0.65722,1,0.38433,0.01598,0.01556
001302_lcam_front_lidar.ply,0.1,800,0.9,0.05762,0.66159,1,0.38775,0.01514,0.01536
001303_lcam_front_lidar.ply,0.1,800,0.9,0.06386,0.66651,1,0.39287,0.01626,0.01568
001304_lcam_front_lidar.ply,0.1,800,0.9,0.05341,0.66066,1,0.38606,0.01608,0.01572
001305_lcam_front_lidar.ply,0.1,800,0.9,0.04329,0.66531,1,0.38895,0.0162,0.01552
001306_lcam_front_lidar.ply,0.1,800,0.9,0.04582,0.65431,1,0.37839,0.01539,0.01542
001307_lcam_front_lidar.ply,0.1,800,0.9,0.04933,0.64933,1,0.37358,0.01504,0.01548
001308_lcam_front_lidar.ply,0.1,800,0.9,0.05131,0.648,1,0.37289,0.01467,0.01512
001309_lcam_front_lidar.ply,0.1,800,0.9,0.05132,0.65546,1,0.38077,0.0142,0.01558
001310_lcam_front_lidar.ply,0.1,500,0.9,0.04937,0.65774,1,0.385,0.01345,0.01522
001311_lcam_front_lidar.ply,0.1,800,0.9,0.05649,0.66631,1,0.39174,0.01439,0.0154
001312_lcam_front_lidar.ply,0.1,800,0.9,0.04933,0.64709,1,0.37198,0.01475,0.01528
001313_lcam_front_lidar.ply,0.1,800,0.9,0.03782,0.65078,1,0.374,0.01476,0.01543
001314_lcam_front_lidar.ply,0.1,800,0.9,0.04637,0.65113,1,0.37576,0.01564,0.01564
001315_lcam_front_lidar.ply,0.1,800,0.9,0.04557,0.65055,1,0.37493,0.01503,0.01578
001316_lcam_front_lidar.ply,0.1,800,0.9,0.05934,0.65952,1,0.38541,0.01612,0.01589
001317_lcam_front_lidar.ply,0.1,800,0.9,0.04755,0.66542,1,0.38994,0.01642,0.01577
001318_lcam_front_lidar.ply,0.1,800,0.9,0.04154,0.66033,1,0.38517,0.01675,0.01553
001319_lcam_front_lidar.ply,0.1,800,0.9,0.04731,0.66355,1,0.38927,0.01439,0.0153
001320_lcam_front_lidar.ply,0.1,800,0.9,0.04378,0.65596,1,0.38039,0.01537,0.01521
001321_lcam_front_lidar.ply,0.1,800,0.9,0.05501,0.65623,1,0.38257,0.01606,0.01551
001322_lcam_front_lidar.ply,0.1,800,0.9,0.04157,0.65767,1,0.38176,0.01437,0.0147
001323_lcam_front_lidar.ply,0.1,500,0.9,0.05492,0.6569,1,0.38165,0.01452,0.01477
001324_lcam_front_lidar.ply,0.1,500,0.9,0.06677,0.66283,1,0.39048,0.01412,0.01524
001325_lcam_front_lidar.ply,0.1,500,0.9,0.06346,0.67258,1,0.39869,0.01453,0.01565
001326_lcam_front_lidar.ply,0.1,500,0.9,0.05194,0.67867,1,0.4039,0.01422,0.0153
001327_lcam_front_lidar.ply,0.1,500,0.9,0.06094,0.67458,1,0.40011,0.01461,0.01509
001328_lcam_front_lidar.ply,0.1,500,0.9,0.04762,0.67765,1,0.40137,0.01352,0.01485
001329_lcam_front_lidar.ply,0.1,800,0.9,0.05798,0.68253,1,0.40772,0.01292,0.01489
001330_lcam_front_lidar.ply,0.1,800,0.9,0.04129,0.68764,1,0.41116,0.01294,0.01528
001331_lcam_front_lidar.ply,0.1,800,0.9,0.05564,0.69518,1,0.41994,0.01234,0.01468
001332_lcam_front_lidar.ply,0.1,800,0.9,0.05556,0.69398,1,0.41904,0.01192,0.01456
001333_lcam_front_lidar.ply,0.1,800,0.9,0.04924,0.69289,1,0.41665,0.01229,0.01505
001334_lcam_front_lidar.ply,0.1,800,0.9,0.05157,0.69787,1,0.42208,0.01257,0.0153
001335_lcam_front_lidar.ply,0.1,800,0.9,0.0616,0.69233,1,0.41727,0.01267,0.01512
001336_lcam_front_lidar.ply,0.1,800,0.9,0.05439,0.6838,1,0.40881,0.01248,0.01537
001337_lcam_front_lidar.ply,0.1,800,0.9,0.05709,0.69493,1,0.42063,0.01291,0.01554
001338_lcam_front_lidar.ply,0.1,800,0.9,0.05363,0.6988,1,0.42297,0.01299,0.01573
001339_lcam_front_lidar.ply,0.1,800,0.9,0.06337,0.70561,1,0.4309,0.01205,0.01523
001340_lcam_front_lidar.ply,0.25,800,0.9,0.05169,0.69866,1,0.42493,0.01727,0.01847
001341_lcam_front_lidar.ply,0.25,800,0.9,0.05163,0.69618,1,0.42191,0.01798,0.01857
001342_lcam_front_lidar.ply,0.25,800,0.9,0.04528,0.69757,1,0.42326,0.01771,0.01833
001343_lcam_front_lidar.ply,0.25,800,0.9,0.05533,0.70245,1,0.42905,0.01544,0.01687
001344_lcam_front_lidar.ply,0.25,800,0.9,0.04782,0.69547,1,0.42008,0.01499,0.0167
001345_lcam_front_lidar.ply,0.25,800,0.9,0.05506,0.69244,1,0.41805,0.01479,0.01608
001346_lcam_front_lidar.ply,0.25,800,0.9,0.04542,0.70169,1,0.42571,0.0153,0.01668
001347_lcam_front_lidar.ply,0.25,800,0.9,0.04922,0.69383,1,0.41968,0.01888,0.01845
001348_lcam_front_lidar.ply,0.25,800,0.9,0.05332,0.68559,1,0.41142,0.01437,0.01589
001349_lcam_front_lidar.ply,0.25,800,0.9,0.06233,0.67433,1,0.40264,0.01393,0.01933
001350_lcam_front_lidar.ply,0.25,800,0.9,0.0534,0.6748,1,0.40068,0.01605,0.01661
001351_lcam_front_lidar.ply,0.25,800,0.9,0.06152,0.67147,1,0.39782,0.0152,0.01599
001352_lcam_front_lidar.ply,0.1,800,0.9,0.04361,0.66563,1,0.38917,0.01273,0.015
001353_lcam_front_lidar.ply,0.1,800,0.9,0.04534,0.65334,1,0.37748,0.01328,0.01573
001354_lcam_front_lidar.ply,0.1,800,0.9,0.04929,0.649,1,0.37362,0.01234,0.01496
001355_lcam_front_lidar.ply,0.1,800,0.9,0.05328,0.63953,1,0.36461,0.01376,0.0151
001356_lcam_front_lidar.ply,0.1,800,0.9,0.06702,0.6363,1,0.36299,0.01396,0.01564
001357_lcam_front_lidar.ply,0.1,800,0.9,0.06339,0.6315,1,0.35893,0.01415,0.01521
001358_lcam_front_lidar.ply,0.1,800,0.9,0.08842,0.61487,1,0.34482,0.01561,0.01571
001359_lcam_front_lidar.ply,0.1,800,0.9,0.06245,0.60967,1,0.33614,0.01684,0.01567
001360_lcam_front_lidar.ply,0.1,800,0.9,0.05268,0.61142,1,0.33708,0.01496,0.01521
001361_lcam_front_lidar.ply,0.1,800,0.9,0.06482,0.58925,1,0.31785,0.01797,0.01583
001362_lcam_front_lidar.ply,0.1,800,0.9,0.05934,0.58281,1,0.31023,0.0172,0.01588
001363_lcam_front_lidar.ply,0.25,800,0.9,0.05648,0.58198,1,0.32151,0.00821,0.03819
001364_lcam_front_lidar.ply,0.1,800,0.9,0.05307,0.57872,1,0.30398,0.01784,0.01626
001365_lcam_front_lidar.ply,0.1,800,0.9,0.05132,0.57519,1,0.30274,0.01847,0.01631
001366_lcam_front_lidar.ply,0.1,800,0.9,0.05335,0.56969,1,0.29577,0.0185,0.01658
001367_lcam_front_lidar.ply,0.1,800,0.9,0.05507,0.56904,1,0.29644,0.01731,0.01605
001368_lcam_front_lidar.ply,0.1,800,0.9,0.04763,0.57412,1,0.29906,0.01627,0.01587
001369_lcam_front_lidar.ply,0.1,800,0.9,0.05537,0.57673,1,0.3037,0.01569,0.01577
001370_lcam_front_lidar.ply,0.1,800,0.9,0.0591,0.57835,1,0.30523,0.01626,0.01567
001371_lcam_front_lidar.ply,0.1,800,0.9,0.05708,0.57682,1,0.30448,0.01646,0.01554
001372_lcam_front_lidar.ply,0.1,800,0.9,0.04937,0.58667,1,0.3128,0.01554,0.01492
001373_lcam_front_lidar.ply,0.1,800,0.9,0.04677,0.58327,1,0.30868,0.01638,0.01574
001374_lcam_front_lidar.ply,0.1,800,0.9,0.04935,0.58749,1,0.31227,0.01361,0.01523
001375_lcam_front_lidar.ply,0.1,800,0.9,0.03191,0.58893,1,0.31218,0.01391,0.01511
001376_lcam_front_lidar.ply,0.1,800,0.9,0.05533,0.56893,1,0.29484,0.01276,0.01461
001377_lcam_front_lidar.ply,0.1,800,0.9,0.04757,0.56836,1,0.2928,0.01266,0.01489
001378_lcam_front_lidar.ply,0.1,800,0.9,0.04935,0.56127,1,0.28592,0.01198,0.01472
001379_lcam_front_lidar.ply,0.1,800,0.9,0.04534,0.55579,1,0.28203,0.01261,0.01523
001380_lcam_front_lidar.ply,0.1,800,0.9,0.04931,0.53767,1,0.26414,0.01181,0.01493
001381_lcam_front_lidar.ply,0.1,800,0.9,0.04132,0.52491,1,0.25264,0.01219,0.01449
001382_lcam_front_lidar.ply,0.1,800,0.9,0.05142,0.50621,1,0.23521,0.01253,0.015
001383_lcam_front_lidar.ply,0.1,800,0.9,0.04731,0.49416,1,0.22181,0.01237,0.01499
001384_lcam_front_lidar.ply,0.1,800,0.9,0.04637,0.47089,1,0.199,0.01268,0.01458
001385_lcam_front_lidar.ply,0.1,800,0.9,0.0633,0.45522,1,0.18413,0.01314,0.01518
001386_lcam_front_lidar.ply,0.1,800,0.9,0.05898,0.44306,1,0.17261,0.01257,0.01508
001387_lcam_front_lidar.ply,0.1,800,0.9,0.06832,0.43306,1,0.16155,0.0125,0.01481
001388_lcam_front_lidar.ply,0.1,800,0.9,0.0647,0.42664,1,0.15576,0.01202,0.01435
001389_lcam_front_lidar.ply,0.1,800,0.9,0.07825,0.41711,1,0.14628,0.01137,0.01442
001390_lcam_front_lidar.ply,0.1,800,0.9,0.05585,0.41135,1,0.138,0.01146,0.01354
001391_lcam_front_lidar.ply,0.1,800,0.9,0.06312,0.40428,1,0.1329,0.01238,0.01415
001392_lcam_front_lidar.ply,0.1,800,0.9,0.0751,0.40141,1,0.1288,0.01286,0.01395
001393_lcam_front_lidar.ply,0.1,800,0.9,0.07548,0.3993,1,0.12817,0.01279,0.01398
001394_lcam_front_lidar.ply,0.1,800,0.9,0.07447,0.39826,1,0.12695,0.01224,0.01523
001395_lcam_front_lidar.ply,0.1,800,0.9,0.07365,0.39817,1,0.1267,0.0099,0.01395
001396_lcam_front_lidar.ply,0.1,800,0.9,0.07561,0.39831,1,0.12593,0.01072,0.01351
001397_lcam_front_lidar.ply,0.1,800,0.9,0.07067,0.39491,1,0.12408,0.01155,0.01396
001398_lcam_front_lidar.ply,0.1,800,0.9,0.08354,0.39288,1,0.12324,0.01161,0.01422
001399_lcam_front_lidar.ply,0.1,800,0.9,0.06522,0.39347,1,0.12273,0.01075,0.01314
001400_lcam_front_lidar.ply,0.1,800,0.9,0.07362,0.39417,1,0.12306,0.00982,0.01387
001401_lcam_front_lidar.ply,0.1,800,0.9,0.08319,0.39417,1,0.12261,0.01029,0.01275
001402_lcam_front_lidar.ply,0.1,800,0.9,0.07402,0.3919,1,0.11926,0.00921,0.01282
001403_lcam_front_lidar.ply,0.1,800,0.9,0.07935,0.38679,1,0.1153,0.00967,0.01278
001404_lcam_front_lidar.ply,0.1,800,0.9,0.07924,0.38246,1,0.111,0.01104,0.01308
001405_lcam_front_lidar.ply,0.1,800,0.9,0.06334,0.3472,1,0.10605,0.01651,0.07642
001406_lcam_front_lidar.ply,0.1,800,0.9,0.0548,0.34799,1,0.11174,0.02841,0.08589
001407_lcam_front_lidar.ply,0.1,800,0.9,0.05335,0.35737,1,0.12022,0.02398,0.08305
001408_lcam_front_lidar.ply,0.1,800,0.9,0.07946,0.3473,1,0.11454,0.0289,0.08638
001409_lcam_front_lidar.ply,0.1,800,0.9,0.06325,0.36683,1,0.12612,0.02114,0.07785
001410_lcam_front_lidar.ply,0.1,800,0.9,0.06622,0.36168,1,0.12485,0.02958,0.08366
001411_lcam_front_lidar.ply,0.1,800,0.9,0.07841,0.36311,1,0.1287,0.04042,0.08524
001412_lcam_front_lidar.ply,0.1,800,0.9,0.07998,0.36854,1,0.12999,0.03552,0.07626
001413_lcam_front_lidar.ply,0.1,800,0.9,0.06406,0.35809,1,0.12103,0.04102,0.08644
001414_lcam_front_lidar.ply,0.1,800,0.9,0.07937,0.36534,1,0.13041,0.03925,0.08329
001415_lcam_front_lidar.ply,0.1,800,0.9,0.09047,0.37143,1,0.13364,0.04125,0.07729
001416_lcam_front_lidar.ply,0.1,800,0.9,0.07598,0.38537,1,0.14548,0.03466,0.073
001417_lcam_front_lidar.ply,0.1,800,0.9,0.05533,0.39004,1,0.14028,0.05038,0.06245
001418_lcam_front_lidar.ply,0.1,800,0.9,0.07707,0.398,1,0.15623,0.03426,0.0697
001419_lcam_front_lidar.ply,0.1,800,0.9,0.07113,0.39391,1,0.15296,0.03154,0.07274
001420_lcam_front_lidar.ply,0.1,800,0.9,0.05534,0.40457,1,0.15889,0.0296,0.06834
001421_lcam_front_lidar.ply,0.1,800,0.9,0.06122,0.40597,1,0.16264,0.03063,0.06969
001422_lcam_front_lidar.ply,0.1,800,0.9,0.06335,0.4159,1,0.1693,0.02327,0.06229
001423_lcam_front_lidar.ply,0.1,800,0.9,0.06331,0.41495,1,0.1646,0.02963,0.05887
001424_lcam_front_lidar.ply,0.1,800,0.9,0.06309,0.41317,1,0.16277,0.0248,0.05867
001425_lcam_front_lidar.ply,0.1,800,0.9,0.06478,0.43111,1,0.17843,0.0258,0.05343
001426_lcam_front_lidar.ply,0.1,800,0.9,0.05942,0.42138,1,0.16906,0.02591,0.05455
001427_lcam_front_lidar.ply,0.1,800,0.9,0.07995,0.43543,1,0.18343,0.02459,0.05173
001428_lcam_front_lidar.ply,0.1,800,0.9,0.08024,0.43715,1,0.18577,0.02451,0.04972
001429_lcam_front_lidar.ply,0.1,800,0.9,0.06696,0.4403,1,0.18858,0.03396,0.05197
001430_lcam_front_lidar.ply,0.1,800,0.9,0.06938,0.44204,1,0.19052,0.03683,0.05075
001431_lcam_front_lidar.ply,0.1,800,0.9,0.06374,0.44494,1,0.19274,0.03352,0.05178
001432_lcam_front_lidar.ply,0.1,800,0.9,0.06935,0.44773,1,0.19432,0.03606,0.05015
001433_lcam_front_lidar.ply,0.1,800,0.9,0.08213,0.43134,1,0.17859,0.02852,0.04628
001434_lcam_front_lidar.ply,0.1,800,0.9,0.07926,0.4507,1,0.19792,0.03223,0.04934
001435_lcam_front_lidar.ply,0.1,800,0.9,0.06521,0.44909,1,0.19578,0.0306,0.04992
001436_lcam_front_lidar.ply,0.1,800,0.9,0.06911,0.4555,1,0.20129,0.03093,0.04845
001437_lcam_front_lidar.ply,0.1,800,0.9,0.08054,0.45333,1,0.19887,0.03069,0.04835
001438_lcam_front_lidar.ply,0.1,800,0.9,0.06429,0.47025,1,0.21412,0.02632,0.04823
001439_lcam_front_lidar.ply,0.1,800,0.9,0.0636,0.45978,1,0.20638,0.02603,0.0475
001440_lcam_front_lidar.ply,0.1,800,0.9,0.06366,0.46688,1,0.21373,0.02938,0.04985
001441_lcam_front_lidar.ply,0.1,800,0.9,0.06342,0.47055,1,0.21703,0.03075,0.05105
001442_lcam_front_lidar.ply,0.1,800,0.9,0.07316,0.46449,1,0.21591,0.03502,0.05642
001443_lcam_front_lidar.ply,0.1,800,0.9,0.05804,0.4691,1,0.21563,0.03302,0.05404
001444_lcam_front_lidar.ply,0.1,800,0.9,0.06381,0.46769,1,0.21834,0.03642,0.05527
001445_lcam_front_lidar.ply,0.1,800,0.9,0.069,0.47043,1,0.21763,0.03456,0.05467
001446_lcam_front_lidar.ply,0.1,800,0.9,0.06613,0.46529,1,0.21458,0.03579,0.05607
001447_lcam_front_lidar.ply,0.1,800,0.9,0.07933,0.4599,1,0.20948,0.03601,0.05537
001448_lcam_front_lidar.ply,0.1,800,0.9,0.06758,0.46352,1,0.21242,0.03145,0.0545
001449_lcam_front_lidar.ply,0.1,800,0.9,0.06292,0.46142,1,0.21016,0.0412,0.0582
001450_lcam_front_lidar.ply,0.1,800,0.9,0.05304,0.46205,1,0.21242,0.04276,0.05913
001451_lcam_front_lidar.ply,0.1,800,0.9,0.07322,0.46541,1,0.21645,0.04296,0.05792
001452_lcam_front_lidar.ply,0.1,800,0.9,0.06336,0.46226,1,0.21201,0.03862,0.05636
001453_lcam_front_lidar.ply,0.1,800,0.9,0.06593,0.45232,1,0.20566,0.04401,0.05938
001454_lcam_front_lidar.ply,0.1,800,0.9,0.07041,0.45569,1,0.2091,0.04587,0.05946
001455_lcam_front_lidar.ply,0.1,800,0.9,0.07742,0.45173,1,0.20668,0.04947,0.06094
001456_lcam_front_lidar.ply,0.1,800,0.9,0.06377,0.45039,1,0.19999,0.04644,0.05917
001457_lcam_front_lidar.ply,0.1,800,0.9,0.06486,0.4387,1,0.19024,0.04657,0.06142
001458_lcam_front_lidar.ply,0.1,800,0.9,0.08076,0.43796,1,0.1947,0.0631,0.06715
001459_lcam_front_lidar.ply,0.1,800,0.9,0.06523,0.4416,1,0.19513,0.04807,0.0584
001460_lcam_front_lidar.ply,0.1,800,0.9,0.0634,0.43414,1,0.18461,0.05405,0.06203
001461_lcam_front_lidar.ply,0.1,800,0.9,0.06462,0.39029,1,0.14335,0.08327,0.06493
001462_lcam_front_lidar.ply,0.1,800,0.9,0.07933,0.3875,1,0.13819,0.07423,0.05986
001463_lcam_front_lidar.ply,0.1,800,0.9,0.05951,0.38089,1,0.13177,0.08023,0.06136
001464_lcam_front_lidar.ply,0.1,800,0.9,0.08915,0.37657,1,0.13141,0.0807,0.06084
001465_lcam_front_lidar.ply,0.1,800,0.9,0.05933,0.37807,1,0.12965,0.08954,0.06366
001466_lcam_front_lidar.ply,0.1,800,0.9,0.05766,0.36982,1,0.1237,0.09366,0.06542
001467_lcam_front_lidar.ply,0.1,800,0.9,0.06568,0.27811,1,0.0,0.0,0.0
001468_lcam_front_lidar.ply,0.1,800,0.9,0.04784,0.28208,1,0.0,0.0,0.0
001469_lcam_front_lidar.ply,0.1,800,0.9,0.06576,0.35047,1,0.10031,0.08643,0.05812
001470_lcam_front_lidar.ply,0.1,800,0.9,0.07335,0.27787,1,0.0,0.0,0.0
001471_lcam_front_lidar.ply,0.1,800,0.9,0.06278,0.27932,1,0.0,0.0,0.0
001472_lcam_front_lidar.ply,0.1,800,0.9,0.06388,0.27897,1,0.0,0.0,0.0
001473_lcam_front_lidar.ply,0.1,800,0.9,0.04742,0.28165,1,0.0,0.0,0.0
001474_lcam_front_lidar.ply,0.1,800,0.9,0.05364,0.27895,1,0.0,0.0,0.0
001475_lcam_front_lidar.ply,0.1,800,0.9,0.05923,0.28101,1,0.0,0.0,0.0
001476_lcam_front_lidar.ply,0.1,800,0.9,0.05546,0.28085,1,0.0,0.0,0.0
001477_lcam_front_lidar.ply,0.1,800,0.9,0.06333,0.27934,1,0.0,0.0,0.0
001478_lcam_front_lidar.ply,0.1,800,0.9,0.04787,0.2814,1,0.0,0.0,0.0
001479_lcam_front_lidar.ply,0.1,800,0.9,0.04372,0.2826,1,0.0,0.0,0.0
001480_lcam_front_lidar.ply,0.1,800,0.9,0.03992,0.28294,1,0.0,0.0,0.0
001481_lcam_front_lidar.ply,0.1,800,0.9,0.05114,0.28204,1,0.0,0.0,0.0
001482_lcam_front_lidar.ply,0.1,800,0.9,0.04668,0.36395,1,0.08273,0.0002,0.00084
001483_lcam_front_lidar.ply,0.1,800,0.9,0.05041,0.34631,1,0.0917,0.02195,0.05647
001484_lcam_front_lidar.ply,0.1,800,0.9,0.04735,0.36979,1,0.09251,0.00373,0.01027
001485_lcam_front_lidar.ply,0.1,800,0.9,0.06533,0.38314,1,0.1075,0.00366,0.01011
001486_lcam_front_lidar.ply,0.1,800,0.9,0.03736,0.39413,1,0.11486,0.00392,0.01035
001487_lcam_front_lidar.ply,0.1,800,0.9,0.04707,0.38517,1,0.1369,0.02424,0.07161
001488_lcam_front_lidar.ply,0.1,800,0.9,0.04107,0.40373,1,0.15613,0.02676,0.07333
001489_lcam_front_lidar.ply,0.1,800,0.9,0.04799,0.41774,1,0.16887,0.02506,0.06974
001490_lcam_front_lidar.ply,0.1,800,0.9,0.03578,0.43597,1,0.1873,0.03174,0.07158
001491_lcam_front_lidar.ply,0.1,800,0.9,0.0477,0.45163,1,0.16822,0.00118,0.00095
001492_lcam_front_lidar.ply,0.1,800,0.9,0.03581,0.47613,1,0.19126,0.00153,0.00099
001493_lcam_front_lidar.ply,0.1,800,0.9,0.02604,0.48046,1,0.19543,0.00177,0.00101
001494_lcam_front_lidar.ply,0.1,800,0.9,0.01766,0.48643,1,0.19951,0.00028,0.00049
001495_lcam_front_lidar.ply,0.1,500,0.9,0.03189,0.48648,1,0.20176,0.00212,0.00099
001496_lcam_front_lidar.ply,0.1,500,0.9,0.03188,0.49308,1,0.20794,0.00231,0.00101
001497_lcam_front_lidar.ply,0.1,500,0.9,0.02853,0.49597,1,0.21046,0.00235,0.00099
001498_lcam_front_lidar.ply,0.1,500,0.9,0.04945,0.49709,1,0.21392,0.00199,0.00108
001499_lcam_front_lidar.ply,0.1,500,0.9,0.01609,0.50807,1,0.22131,0.00017,0.00046
001500_lcam_front_lidar.ply,0.1,500,0.9,0.03164,0.50528,1,0.21999,0.00017,0.00054
001501_lcam_front_lidar.ply,0.1,500,0.9,0.03587,0.50797,1,0.22334,0.00057,0.00035
001502_lcam_front_lidar.ply,0.1,500,0.9,0.03197,0.51263,1,0.22803,0.00072,0.00041
001503_lcam_front_lidar.ply,0.1,500,0.9,0.02363,0.5277,1,0.2415,0.00069,0.00047
001504_lcam_front_lidar.ply,0.1,500,0.9,0.03079,0.53268,1,0.24751,0.00079,0.00049
001505_lcam_front_lidar.ply,0.1,500,0.9,0.03786,0.53526,1,0.25098,0.00074,0.0005
001506_lcam_front_lidar.ply,0.1,500,0.9,0.016,0.54234,1,0.25591,0.00064,0.00047
001507_lcam_front_lidar.ply,0.1,500,0.9,0.03754,0.54642,1,0.26173,0.00031,0.00055
001508_lcam_front_lidar.ply,0.1,500,0.9,0.03175,0.55352,1,0.26901,0.0001,0.00064
001509_lcam_front_lidar.ply,0.1,500,0.9,0.02952,0.55354,1,0.26854,6e-05,0.00054
001510_lcam_front_lidar.ply,0.1,500,0.9,0.03212,0.56646,1,0.28211,9e-05,0.00049
001511_lcam_front_lidar.ply,0.1,500,0.9,0.03602,0.56257,1,0.27855,5e-05,0.00046
001512_lcam_front_lidar.ply,0.1,500,0.9,0.03179,0.56276,1,0.27955,4e-05,0.00039
001513_lcam_front_lidar.ply,0.1,500,0.9,0.0309,0.36235,1,0.07823,0.86613,0.00029
001514_lcam_front_lidar.ply,0.1,500,0.9,0.03161,0.59152,1,0.30673,3e-05,0.00036
001515_lcam_front_lidar.ply,0.1,500,0.9,0.03179,0.59518,1,0.31125,1e-05,0.00037
001516_lcam_front_lidar.ply,0.1,500,0.9,0.03904,0.60139,1,0.31767,1e-05,0.00035
001517_lcam_front_lidar.ply,0.1,500,0.9,0.02971,0.59624,1,0.3114,1e-05,0.00038
001518_lcam_front_lidar.ply,0.1,500,0.9,0.03167,0.59885,1,0.31438,1e-05,0.00039
001519_lcam_front_lidar.ply,0.1,500,0.9,0.0316,0.59889,1,0.31446,3e-05,0.00041
001520_lcam_front_lidar.ply,0.1,500,0.9,0.04128,0.59358,1,0.3108,6e-05,0.00043
001521_lcam_front_lidar.ply,0.1,500,0.9,0.02177,0.59458,1,0.3099,5e-05,0.00043
001522_lcam_front_lidar.ply,0.1,500,0.9,0.02734,0.59017,1,0.30519,5e-05,0.00044
001523_lcam_front_lidar.ply,0.1,500,0.9,0.03191,0.58894,1,0.30449,3e-05,0.00045
001524_lcam_front_lidar.ply,0.1,500,0.9,0.02073,0.59452,1,0.30914,5e-05,0.00044
001525_lcam_front_lidar.ply,0.1,500,0.9,0.01765,0.59502,1,0.30906,3e-05,0.00046
001526_lcam_front_lidar.ply,0.1,500,0.9,0.03141,0.59583,1,0.31235,3e-05,0.00045
001527_lcam_front_lidar.ply,0.1,500,0.9,0.02574,0.59649,1,0.31183,2e-05,0.00044
001528_lcam_front_lidar.ply,0.1,500,0.9,0.03907,0.5925,1,0.30933,0.0,0.00043
001529_lcam_front_lidar.ply,0.1,500,0.9,0.0239,0.59359,1,0.30909,0.0,0.00039
001530_lcam_front_lidar.ply,0.1,800,0.9,0.01751,0.59523,1,0.31039,5e-05,0.0004
001531_lcam_front_lidar.ply,0.1,800,0.9,0.01978,0.59237,1,0.30713,0.00119,0.00085
001532_lcam_front_lidar.ply,0.1,500,0.9,0.03168,0.58585,1,0.30165,1e-05,0.00039
001533_lcam_front_lidar.ply,0.1,500,0.9,0.0195,0.58994,1,0.30403,1e-05,0.0004
001534_lcam_front_lidar.ply,0.1,800,0.9,0.03466,0.57846,1,0.29424,1e-05,0.00035
001535_lcam_front_lidar.ply,0.1,500,0.9,0.02322,0.5882,1,0.30264,5e-05,0.00037
001536_lcam_front_lidar.ply,0.1,500,0.9,0.01968,0.57822,1,0.29238,7e-05,0.00044
001537_lcam_front_lidar.ply,0.1,500,0.9,0.02378,0.57159,1,0.28699,0.00016,0.00058
001538_lcam_front_lidar.ply,0.1,500,0.9,0.04763,0.57716,1,0.29469,0.00038,0.00077
001539_lcam_front_lidar.ply,0.1,500,0.9,0.03374,0.5727,1,0.28907,0.0003,0.00074
001540_lcam_front_lidar.ply,0.1,500,0.9,0.03268,0.58038,1,0.29573,0.00033,0.00091
001541_lcam_front_lidar.ply,0.1,500,0.9,0.03979,0.57993,1,0.29715,0.00023,0.00083
001542_lcam_front_lidar.ply,0.1,500,0.9,0.03189,0.58582,1,0.30078,7e-05,0.00051
001543_lcam_front_lidar.ply,0.1,500,0.9,0.0257,0.58769,1,0.30186,2e-05,0.00055
001544_lcam_front_lidar.ply,0.1,500,0.9,0.03947,0.57607,1,0.29233,5e-05,0.00055
001545_lcam_front_lidar.ply,0.1,500,0.9,0.03156,0.56692,1,0.2836,9e-05,0.00053
001546_lcam_front_lidar.ply,0.1,500,0.9,0.03163,0.55606,1,0.27081,0.00017,0.00051
001547_lcam_front_lidar.ply,0.1,500,0.9,0.03656,0.55417,1,0.27024,0.00021,0.00052
001548_lcam_front_lidar.ply,0.1,500,0.9,0.03527,0.56159,1,0.27684,0.00032,0.00053
001549_lcam_front_lidar.ply,0.1,500,0.9,0.01718,0.55973,1,0.27385,0.00034,0.00048
001550_lcam_front_lidar.ply,0.1,500,0.9,0.01577,0.55309,1,0.2667,0.00066,0.00089
001551_lcam_front_lidar.ply,0.1,500,0.9,0.01611,0.5358,1,0.24959,0.00102,0.00091
001552_lcam_front_lidar.ply,0.1,500,0.9,0.01376,0.54006,1,0.25315,0.00121,0.00094
001553_lcam_front_lidar.ply,0.1,500,0.9,0.03572,0.5271,1,0.24272,0.00168,0.00087
001554_lcam_front_lidar.ply,0.1,500,0.9,0.0425,0.52016,1,0.23644,0.0017,0.00088
001555_lcam_front_lidar.ply,0.1,500,0.9,0.03208,0.51398,1,0.22931,0.00179,0.00085
001556_lcam_front_lidar.ply,0.1,500,0.9,0.03796,0.50478,1,0.22037,0.00215,0.00089
001557_lcam_front_lidar.ply,0.1,500,0.9,0.04725,0.50575,1,0.22237,0.00191,0.00089
001558_lcam_front_lidar.ply,0.1,500,0.9,0.03224,0.49946,1,0.21506,0.00154,0.00086
001559_lcam_front_lidar.ply,0.1,500,0.9,0.02678,0.49377,1,0.20833,0.0006,0.00078
001560_lcam_front_lidar.ply,0.1,500,0.9,0.02705,0.48722,1,0.20138,0.00014,0.00069
001561_lcam_front_lidar.ply,0.1,500,0.9,0.02188,0.48725,1,0.20164,0.00026,0.00056
001562_lcam_front_lidar.ply,0.1,500,0.9,0.02213,0.47645,1,0.19096,0.00049,0.00055
001563_lcam_front_lidar.ply,0.1,800,0.9,0.03193,0.46802,1,0.1828,0.00067,0.00051
001564_lcam_front_lidar.ply,0.1,800,0.9,0.03177,0.4523,1,0.16798,0.00028,0.00086
001565_lcam_front_lidar.ply,0.1,800,0.9,0.01376,0.44907,1,0.16211,0.00024,0.00091
001566_lcam_front_lidar.ply,0.1,800,0.9,0.03308,0.41939,1,0.17508,0.0301,0.08257
001567_lcam_front_lidar.ply,0.1,800,0.9,0.03163,0.42528,1,0.18012,0.02766,0.0794
001568_lcam_front_lidar.ply,0.1,800,0.9,0.03189,0.41291,1,0.16609,0.02693,0.07785
001569_lcam_front_lidar.ply,0.1,800,0.9,0.05588,0.38621,1,0.14229,0.02791,0.07788
001570_lcam_front_lidar.ply,0.1,800,0.9,0.04697,0.37986,1,0.13823,0.02476,0.08253
001571_lcam_front_lidar.ply,0.1,800,0.9,0.04775,0.39673,1,0.11836,0.00399,0.01007
001572_lcam_front_lidar.ply,0.1,800,0.9,0.06344,0.3916,1,0.11513,0.00375,0.01036
001573_lcam_front_lidar.ply,0.1,800,0.9,0.03725,0.39223,1,0.11469,0.00358,0.01033
001574_lcam_front_lidar.ply,0.1,800,0.9,0.05958,0.39024,1,0.11358,0.00378,0.01046
001575_lcam_front_lidar.ply,0.1,800,0.9,0.06907,0.39335,1,0.11821,0.00362,0.01065
001576_lcam_front_lidar.ply,0.1,800,0.9,0.06386,0.39578,1,0.12014,0.00363,0.01065
001577_lcam_front_lidar.ply,0.1,800,0.9,0.04529,0.40282,1,0.1245,0.00368,0.01009
001578_lcam_front_lidar.ply,0.1,800,0.9,0.04967,0.40489,1,0.12718,0.00349,0.01029
001579_lcam_front_lidar.ply,0.1,800,0.9,0.05908,0.40882,1,0.13101,0.00347,0.00992
001580_lcam_front_lidar.ply,0.1,800,0.9,0.05477,0.39276,1,0.11525,0.00393,0.01074
001581_lcam_front_lidar.ply,0.1,800,0.9,0.05134,0.40973,1,0.13195,0.00377,0.0107
001582_lcam_front_lidar.ply,0.1,800,0.9,0.0591,0.41301,1,0.13672,0.00397,0.01088
001583_lcam_front_lidar.ply,0.1,800,0.9,0.03728,0.41443,1,0.13568,0.00394,0.01049
001584_lcam_front_lidar.ply,0.1,800,0.9,0.05365,0.41597,1,0.13975,0.0039,0.01011
001585_lcam_front_lidar.ply,0.1,800,0.9,0.05533,0.4182,1,0.1404,0.00378,0.01054
001586_lcam_front_lidar.ply,0.1,800,0.9,0.0493,0.42264,1,0.14514,0.00386,0.01026
001587_lcam_front_lidar.ply,0.1,800,0.9,0.05388,0.42937,1,0.15142,0.00409,0.01078
001588_lcam_front_lidar.ply,0.1,800,0.9,0.05357,0.43414,1,0.15596,0.00425,0.01046
001589_lcam_front_lidar.ply,0.1,800,0.9,0.06365,0.43856,1,0.16194,0.00422,0.01102
001590_lcam_front_lidar.ply,0.1,800,0.9,0.05582,0.43769,1,0.16015,0.00431,0.01092
001591_lcam_front_lidar.ply,0.1,800,0.9,0.0553,0.44869,1,0.17199,0.00453,0.01122
001592_lcam_front_lidar.ply,0.1,800,0.9,0.04358,0.45506,1,0.17719,0.00486,0.01118
001593_lcam_front_lidar.ply,0.1,800,0.9,0.06352,0.45923,1,0.18274,0.00463,0.01106
001594_lcam_front_lidar.ply,0.1,800,0.9,0.05155,0.46566,1,0.18815,0.00502,0.01105
001595_lcam_front_lidar.ply,0.1,800,0.9,0.0493,0.47114,1,0.19267,0.00451,0.01098
001596_lcam_front_lidar.ply,0.1,800,0.9,0.07221,0.4767,1,0.20057,0.00487,0.01057
001597_lcam_front_lidar.ply,0.1,800,0.9,0.06403,0.49095,1,0.21588,0.00925,0.01388
001598_lcam_front_lidar.ply,0.1,800,0.9,0.06364,0.49768,1,0.22391,0.00965,0.01506
001599_lcam_front_lidar.ply,0.1,800,0.9,0.06757,0.49762,1,0.22124,0.00529,0.01156
001600_lcam_front_lidar.ply,0.1,800,0.9,0.05092,0.51298,1,0.23711,0.0106,0.01553
001601_lcam_front_lidar.ply,0.1,800,0.9,0.06345,0.5333,1,0.2584,0.01037,0.01542
001602_lcam_front_lidar.ply,0.1,800,0.9,0.06696,0.53324,1,0.25895,0.01079,0.01588
001603_lcam_front_lidar.ply,0.1,800,0.9,0.05985,0.54162,1,0.26764,0.01061,0.01589
001604_lcam_front_lidar.ply,0.1,800,0.9,0.06356,0.54541,1,0.27102,0.01046,0.01566
001605_lcam_front_lidar.ply,0.1,800,0.9,0.04915,0.56197,1,0.28612,0.01065,0.01555
001606_lcam_front_lidar.ply,0.1,800,0.9,0.06343,0.5602,1,0.28572,0.01093,0.01571
001607_lcam_front_lidar.ply,0.1,800,0.9,0.06965,0.56051,1,0.28698,0.01055,0.0155
001608_lcam_front_lidar.ply,0.1,800,0.9,0.05213,0.56427,1,0.28942,0.01044,0.01528
001609_lcam_front_lidar.ply,0.1,800,0.9,0.0557,0.56622,1,0.28921,0.00482,0.01175
001610_lcam_front_lidar.ply,0.1,800,0.9,0.0618,0.57764,1,0.3029,0.01084,0.01491
001611_lcam_front_lidar.ply,0.1,800,0.9,0.06664,0.58839,1,0.31409,0.01007,0.01527
001612_lcam_front_lidar.ply,0.1,800,0.9,0.05362,0.59086,1,0.31538,0.01092,0.01597
001613_lcam_front_lidar.ply,0.1,800,0.9,0.04769,0.57858,1,0.30204,0.01005,0.0151
001614_lcam_front_lidar.ply,0.1,800,0.9,0.0544,0.56655,1,0.2914,0.00944,0.01451
001615_lcam_front_lidar.ply,0.1,800,0.9,0.06367,0.55341,1,0.27858,0.01021,0.01519
001616_lcam_front_lidar.ply,0.1,800,0.9,0.04755,0.54207,1,0.26579,0.00887,0.01443
001617_lcam_front_lidar.ply,0.1,800,0.9,0.06191,0.5338,1,0.25853,0.00827,0.01395
001618_lcam_front_lidar.ply,0.1,800,0.9,0.04699,0.52123,1,0.24423,0.00853,0.0141
001619_lcam_front_lidar.ply,0.1,800,0.9,0.04744,0.51064,1,0.23407,0.00728,0.01337
001620_lcam_front_lidar.ply,0.1,800,0.9,0.05188,0.50761,1,0.23057,0.00654,0.01219
001621_lcam_front_lidar.ply,0.1,800,0.9,0.05934,0.48433,1,0.20799,0.00405,0.01026
001622_lcam_front_lidar.ply,0.1,800,0.9,0.0513,0.4825,1,0.20552,0.00737,0.01341
001623_lcam_front_lidar.ply,0.1,800,0.9,0.05855,0.47154,1,0.19605,0.00718,0.01318
001624_lcam_front_lidar.ply,0.1,800,0.9,0.04739,0.45734,1,0.18014,0.00397,0.01049
001625_lcam_front_lidar.ply,0.1,800,0.9,0.06513,0.44351,1,0.1675,0.00385,0.01068
001626_lcam_front_lidar.ply,0.1,800,0.9,0.05552,0.4345,1,0.15725,0.00379,0.01041
001627_lcam_front_lidar.ply,0.1,800,0.9,0.04935,0.42654,1,0.14893,0.00398,0.01043
001628_lcam_front_lidar.ply,0.1,800,0.9,0.06123,0.42198,1,0.14527,0.00375,0.01016
001629_lcam_front_lidar.ply,0.1,800,0.9,0.05362,0.42121,1,0.14358,0.00376,0.01074
001630_lcam_front_lidar.ply,0.1,800,0.9,0.03209,0.42125,1,0.14133,0.00366,0.01013
001631_lcam_front_lidar.ply,0.1,800,0.9,0.04572,0.41063,1,0.13249,0.00371,0.0101
001632_lcam_front_lidar.ply,0.1,800,0.9,0.04993,0.38238,1,0.10575,0.00391,0.01072
001633_lcam_front_lidar.ply,0.1,800,0.9,0.04333,0.3975,1,0.11958,0.00369,0.01006
001634_lcam_front_lidar.ply,0.1,800,0.9,0.04736,0.4056,1,0.12731,0.00403,0.01054
001635_lcam_front_lidar.ply,0.1,800,0.9,0.05921,0.40945,1,0.13233,0.00382,0.00975
001636_lcam_front_lidar.ply,0.1,800,0.9,0.04769,0.40661,1,0.15853,0.02385,0.06913
001637_lcam_front_lidar.ply,0.1,800,0.9,0.01951,0.43133,1,0.1769,0.02499,0.06314
001638_lcam_front_lidar.ply,0.1,500,0.9,0.02866,0.45342,1,0.20198,0.03145,0.06869
001639_lcam_front_lidar.ply,0.1,500,0.9,0.01376,0.48869,1,0.20166,0.00143,0.00127
001640_lcam_front_lidar.ply,0.1,500,0.9,0.04179,0.49517,1,0.21088,0.00087,0.00105
001641_lcam_front_lidar.ply,0.1,500,0.9,0.03173,0.51316,1,0.22782,0.00063,0.00075
001642_lcam_front_lidar.ply,0.1,500,0.9,0.02782,0.50854,1,0.22302,0.00054,0.00041
001643_lcam_front_lidar.ply,0.1,500,0.9,0.03554,0.49345,1,0.22557,0.02181,0.03429
001644_lcam_front_lidar.ply,0.1,500,0.9,0.0178,0.50335,1,0.24134,0.03412,0.05062
001645_lcam_front_lidar.ply,0.1,500,0.9,0.01951,0.50917,1,0.25312,0.03465,0.06142
001646_lcam_front_lidar.ply,0.1,500,0.9,0.02778,0.51186,1,0.25749,0.02889,0.06202
001647_lcam_front_lidar.ply,0.1,500,0.9,0.02386,0.51023,1,0.25432,0.01027,0.05939
001648_lcam_front_lidar.ply,0.1,500,0.9,0.03342,0.5243,1,0.26744,0.03122,0.0564
001649_lcam_front_lidar.ply,0.1,500,0.9,0.0308,0.54571,1,0.28418,0.05899,0.04715
001650_lcam_front_lidar.ply,0.1,500,0.9,0.03786,0.54094,1,0.27693,0.06628,0.03992
001651_lcam_front_lidar.ply,0.1,500,0.9,0.02979,0.35905,1,0.07611,0.86614,0.00032
001652_lcam_front_lidar.ply,0.1,500,0.9,0.02779,0.5278,1,0.25792,0.0674,0.03048
001653_lcam_front_lidar.ply,0.1,500,0.9,0.0317,0.52871,1,0.25842,0.0722,0.02914
001654_lcam_front_lidar.ply,0.1,500,0.9,0.02152,0.52557,1,0.25232,0.06064,0.02317
001655_lcam_front_lidar.ply,0.1,500,0.9,0.01977,0.52352,1,0.24677,0.05292,0.01968
001656_lcam_front_lidar.ply,0.1,500,0.9,0.02979,0.54587,1,0.26072,0.00081,0.00089
001657_lcam_front_lidar.ply,0.1,500,0.9,0.02169,0.55695,1,0.27178,0.00109,0.0011
001658_lcam_front_lidar.ply,0.1,500,0.9,0.02352,0.56894,1,0.28429,0.00077,0.00107
001659_lcam_front_lidar.ply,0.1,500,0.9,0.01596,0.59432,1,0.30932,0.00093,0.00133
001660_lcam_front_lidar.ply,0.1,800,0.9,0.01978,0.59881,1,0.31324,0.00123,0.00131
001661_lcam_front_lidar.ply,0.1,800,0.9,0.02579,0.59668,1,0.3116,0.00124,0.00127
001662_lcam_front_lidar.ply,0.1,500,0.9,0.02636,0.58467,1,0.29978,0.00145,0.00128
001663_lcam_front_lidar.ply,0.1,500,0.9,0.03356,0.58361,1,0.29934,0.00133,0.00123
001664_lcam_front_lidar.ply,0.1,500,0.9,0.02966,0.58222,1,0.29738,0.00119,0.00114
001665_lcam_front_lidar.ply,0.1,500,0.9,0.02352,0.5842,1,0.29838,0.00046,0.00088
001666_lcam_front_lidar.ply,0.1,500,0.9,0.02666,0.59339,1,0.30827,4e-05,0.00061
001667_lcam_front_lidar.ply,0.1,500,0.9,0.02676,0.60825,1,0.32368,0.00017,0.00046
001668_lcam_front_lidar.ply,0.1,500,0.9,0.0368,0.60856,1,0.32495,7e-05,0.00051
001669_lcam_front_lidar.ply,0.1,500,0.9,0.03957,0.61406,1,0.33017,2e-05,0.00056
001670_lcam_front_lidar.ply,0.1,500,0.9,0.02824,0.58566,1,0.30153,0.00012,0.00056
001671_lcam_front_lidar.ply,0.1,500,0.9,0.02352,0.35774,1,0.07673,0.87297,0.00904
001672_lcam_front_lidar.ply,0.1,500,0.9,0.03566,0.57512,1,0.2912,0.00035,0.00055
001673_lcam_front_lidar.ply,0.1,500,0.9,0.02758,0.56018,1,0.27552,0.00044,0.00052
001674_lcam_front_lidar.ply,0.1,500,0.9,0.02805,0.55542,1,0.27035,0.0005,0.0005
001675_lcam_front_lidar.ply,0.1,500,0.9,0.03153,0.53474,1,0.24953,0.00055,0.00043
001676_lcam_front_lidar.ply,0.1,500,0.9,0.02978,0.53783,1,0.25283,0.00048,0.00035
001677_lcam_front_lidar.ply,0.1,500,0.9,0.02754,0.52169,1,0.23638,0.00124,0.00094
001678_lcam_front_lidar.ply,0.1,500,0.9,0.03956,0.5143,1,0.2302,0.00216,0.00104
001679_lcam_front_lidar.ply,0.1,500,0.9,0.01767,0.51112,1,0.22471,0.00215,0.00097
001680_lcam_front_lidar.ply,0.1,500,0.9,0.0273,0.5101,1,0.22411,0.00031,0.00057
001681_lcam_front_lidar.ply,0.1,500,0.9,0.01752,0.51246,1,0.22637,0.00119,0.00106
001682_lcam_front_lidar.ply,0.1,500,0.9,0.03583,0.51124,1,0.22642,0.00019,0.00037
001683_lcam_front_lidar.ply,0.1,500,0.9,0.04132,0.49519,1,0.22296,0.01616,0.02434
001684_lcam_front_lidar.ply,0.1,500,0.9,0.03195,0.49566,1,0.23279,0.03122,0.04488
001685_lcam_front_lidar.ply,0.1,500,0.9,0.02386,0.49406,1,0.2378,0.04254,0.05961
001686_lcam_front_lidar.ply,0.1,500,0.9,0.02779,0.49385,1,0.23903,0.03626,0.06033
001687_lcam_front_lidar.ply,0.1,500,0.9,0.02767,0.49932,1,0.24382,0.02293,0.06041
001688_lcam_front_lidar.ply,0.1,500,0.9,0.03689,0.50106,1,0.2467,0.00128,0.0583
001689_lcam_front_lidar.ply,0.1,500,0.9,0.03862,0.5203,1,0.26321,0.03642,0.05369
001690_lcam_front_lidar.ply,0.1,500,0.9,0.04733,0.51821,1,0.25488,0.05335,0.04115
001691_lcam_front_lidar.ply,0.1,500,0.9,0.04574,0.53343,1,0.27063,0.06379,0.04019
001692_lcam_front_lidar.ply,0.1,500,0.9,0.02552,0.53518,1,0.26805,0.07107,0.03693
001693_lcam_front_lidar.ply,0.1,500,0.9,0.02552,0.54774,1,0.27892,0.0655,0.03204
001694_lcam_front_lidar.ply,0.1,500,0.9,0.03554,0.5432,1,0.27128,0.05856,0.02638
001695_lcam_front_lidar.ply,0.1,500,0.9,0.03169,0.54096,1,0.26722,0.0573,0.02315
001696_lcam_front_lidar.ply,0.1,500,0.9,0.03418,0.54956,1,0.26584,0.00029,0.00039
001697_lcam_front_lidar.ply,0.1,500,0.9,0.03737,0.55449,1,0.27005,0.00024,0.00038
001698_lcam_front_lidar.ply,0.1,500,0.9,0.022,0.56542,1,0.27982,0.00065,0.00075
001699_lcam_front_lidar.ply,0.1,500,0.9,0.02151,0.57872,1,0.29357,0.00028,0.00041
001700_lcam_front_lidar.ply,0.1,500,0.9,0.03362,0.59861,1,0.3138,7e-05,0.0003
001701_lcam_front_lidar.ply,0.1,500,0.9,0.02553,0.59731,1,0.31103,0.00012,0.00019
001702_lcam_front_lidar.ply,0.1,500,0.9,0.02754,0.60057,1,0.3147,0.00021,0.00042
001703_lcam_front_lidar.ply,0.1,500,0.9,0.04124,0.5778,1,0.2941,0.00085,0.00102
001704_lcam_front_lidar.ply,0.1,500,0.9,0.01934,0.57267,1,0.28678,5e-05,0.00027
001705_lcam_front_lidar.ply,0.1,500,0.9,0.02476,0.57105,1,0.28633,0.00068,0.00104
001706_lcam_front_lidar.ply,0.1,500,0.9,0.04759,0.56889,1,0.28574,0.00057,0.00093
001707_lcam_front_lidar.ply,0.1,500,0.9,0.02579,0.57253,1,0.28694,0.00034,0.00044
001708_lcam_front_lidar.ply,0.1,500,0.9,0.02578,0.5732,1,0.28813,0.00029,0.00051
001709_lcam_front_lidar.ply,0.1,500,0.9,0.03555,0.58782,1,0.30306,0.00018,0.00054
001710_lcam_front_lidar.ply,0.1,500,0.9,0.03369,0.58803,1,0.30348,8e-05,0.00054
001711_lcam_front_lidar.ply,0.1,500,0.9,0.03762,0.58807,1,0.30482,1e-05,0.00056
001712_lcam_front_lidar.ply,0.1,500,0.9,0.03755,0.57498,1,0.29119,0.0001,0.00052
001713_lcam_front_lidar.ply,0.1,500,0.9,0.0318,0.35434,1,0.07488,0.87265,0.0096
001714_lcam_front_lidar.ply,0.1,500,0.9,0.02391,0.56378,1,0.27885,0.00053,0.00087
001715_lcam_front_lidar.ply,0.1,500,0.9,0.03986,0.55175,1,0.26719,0.00073,0.00088
001716_lcam_front_lidar.ply,0.1,500,0.9,0.04565,0.54285,1,0.25922,0.00132,0.00093
001717_lcam_front_lidar.ply,0.1,500,0.9,0.0258,0.52875,1,0.2434,0.00191,0.00087
001718_lcam_front_lidar.ply,0.1,500,0.9,0.02378,0.52378,1,0.23876,0.00187,0.00087
001719_lcam_front_lidar.ply,0.1,500,0.9,0.02607,0.50946,1,0.22409,0.00153,0.00082
001720_lcam_front_lidar.ply,0.1,500,0.9,0.03392,0.50586,1,0.22139,0.00182,0.00088
001721_lcam_front_lidar.ply,0.1,500,0.9,0.02398,0.51161,1,0.2258,0.00115,0.00075
001722_lcam_front_lidar.ply,0.1,500,0.9,0.02753,0.51216,1,0.22678,0.00162,0.00101
001723_lcam_front_lidar.ply,0.1,500,0.9,0.0204,0.51173,1,0.22621,0.00135,0.00119
001724_lcam_front_lidar.ply,0.1,500,0.9,0.03555,0.50758,1,0.23484,0.01381,0.025
001725_lcam_front_lidar.ply,0.1,500,0.9,0.02954,0.49815,1,0.23495,0.02807,0.04339
001726_lcam_front_lidar.ply,0.1,500,0.9,0.03217,0.50813,1,0.25272,0.04016,0.05998
001727_lcam_front_lidar.ply,0.1,500,0.9,0.03564,0.51165,1,0.2572,0.02977,0.06109
001728_lcam_front_lidar.ply,0.1,500,0.9,0.03361,0.52096,1,0.26535,0.01797,0.05927
001729_lcam_front_lidar.ply,0.1,500,0.9,0.02152,0.52321,1,0.26392,0.01429,0.05463
001730_lcam_front_lidar.ply,0.1,500,0.9,0.03749,0.53452,1,0.27624,0.05149,0.05101
001731_lcam_front_lidar.ply,0.1,500,0.9,0.03324,0.55281,1,0.28947,0.0626,0.04394
001732_lcam_front_lidar.ply,0.1,500,0.9,0.03355,0.5409,1,0.27553,0.06883,0.03751
001733_lcam_front_lidar.ply,0.1,500,0.9,0.02752,0.54713,1,0.27849,0.06724,0.03249
001734_lcam_front_lidar.ply,0.1,500,0.9,0.02135,0.53492,1,0.26266,0.06279,0.027
001735_lcam_front_lidar.ply,0.1,500,0.9,0.04234,0.54152,1,0.26682,0.04676,0.01885
001736_lcam_front_lidar.ply,0.1,500,0.9,0.02664,0.53202,1,0.25667,0.05245,0.02015
001737_lcam_front_lidar.ply,0.1,500,0.9,0.02947,0.53583,1,0.25832,0.04354,0.01579
001738_lcam_front_lidar.ply,0.1,500,0.9,0.02364,0.55666,1,0.2707,0.00028,0.00043
001739_lcam_front_lidar.ply,0.1,500,0.9,0.02379,0.56981,1,0.28394,0.00021,0.0004
001740_lcam_front_lidar.ply,0.1,500,0.9,0.02959,0.57464,1,0.28924,0.00017,0.00034
001741_lcam_front_lidar.ply,0.1,500,0.9,0.02747,0.59208,1,0.30635,0.0001,0.00026
001742_lcam_front_lidar.ply,0.1,500,0.9,0.03351,0.60316,1,0.31808,0.00013,0.00024
001743_lcam_front_lidar.ply,0.25,800,0.9,0.01951,0.58191,1,0.29645,0.00064,0.00085
001744_lcam_front_lidar.ply,0.1,800,0.9,0.04058,0.58062,1,0.29779,0.0,0.00022
001745_lcam_front_lidar.ply,0.1,800,0.9,0.03556,0.58438,1,0.29967,3e-05,0.00036
001746_lcam_front_lidar.ply,0.1,500,0.9,0.03089,0.59132,1,0.30654,0.00026,0.00036
001747_lcam_front_lidar.ply,0.1,500,0.9,0.02786,0.58157,1,0.29683,0.00032,0.00043
001748_lcam_front_lidar.ply,0.1,500,0.9,0.03528,0.587,1,0.30299,0.00029,0.0005
001749_lcam_front_lidar.ply,0.1,500,0.9,0.04,0.59804,1,0.31514,0.00026,0.00055
001750_lcam_front_lidar.ply,0.1,500,0.9,0.02955,0.60133,1,0.31701,0.00013,0.00057
001751_lcam_front_lidar.ply,0.1,500,0.9,0.02674,0.61271,1,0.32728,3e-05,0.00058
001752_lcam_front_lidar.ply,0.1,500,0.9,0.03355,0.60364,1,0.31902,2e-05,0.00055
001753_lcam_front_lidar.ply,0.1,500,0.9,0.02066,0.57568,1,0.29027,7e-05,0.00052
001754_lcam_front_lidar.ply,0.1,500,0.9,0.02979,0.35563,1,0.07265,0.86728,0.00242
001755_lcam_front_lidar.ply,0.1,500,0.9,0.02372,0.5642,1,0.28089,0.00055,0.00089
001756_lcam_front_lidar.ply,0.1,500,0.9,0.03154,0.5465,1,0.26201,0.00089,0.0009
001757_lcam_front_lidar.ply,0.1,500,0.9,0.02655,0.53301,1,0.24798,0.00121,0.00084
001758_lcam_front_lidar.ply,0.1,500,0.9,0.03783,0.51478,1,0.23173,0.00113,0.00074
001759_lcam_front_lidar.ply,0.1,500,0.9,0.02646,0.50603,1,0.22183,0.00094,0.00071
001760_lcam_front_lidar.ply,0.1,500,0.9,0.02572,0.48578,1,0.20177,0.00113,0.00078
001761_lcam_front_lidar.ply,0.1,500,0.9,0.03153,0.47535,1,0.19208,0.00058,0.00066
001762_lcam_front_lidar.ply,0.1,500,0.9,0.03152,0.47226,1,0.18842,0.0003,0.00065
001763_lcam_front_lidar.ply,0.1,500,0.9,0.04597,0.46186,1,0.17998,1e-05,0.00063
001764_lcam_front_lidar.ply,0.1,500,0.9,0.0406,0.46085,1,0.17813,0.00023,0.00056
001765_lcam_front_lidar.ply,0.1,500,0.9,0.03458,0.4569,1,0.17372,0.00042,0.00053
001766_lcam_front_lidar.ply,0.1,500,0.9,0.03782,0.45314,1,0.16987,0.00048,0.00057
001767_lcam_front_lidar.ply,0.1,500,0.9,0.04213,0.44282,1,0.15935,0.00056,0.00058
001768_lcam_front_lidar.ply,0.1,500,0.9,0.04138,0.42971,1,0.14635,0.00052,0.00063
001769_lcam_front_lidar.ply,0.1,500,0.9,0.05535,0.41316,1,0.13164,0.00038,0.00057
001770_lcam_front_lidar.ply,0.1,500,0.9,0.04753,0.39311,1,0.11109,0.00041,0.00346
001771_lcam_front_lidar.ply,0.1,800,0.9,0.0498,0.38595,1,0.10619,0.0041,0.00641
001772_lcam_front_lidar.ply,0.1,800,0.9,0.05753,0.3845,1,0.10483,0.00098,0.00433
001773_lcam_front_lidar.ply,0.1,800,0.9,0.05155,0.38223,1,0.10363,0.00302,0.00665
001774_lcam_front_lidar.ply,0.1,800,0.9,0.03879,0.38888,1,0.10792,0.00108,0.00455
001775_lcam_front_lidar.ply,0.1,800,0.9,0.05532,0.38875,1,0.10875,0.00112,0.00401
001776_lcam_front_lidar.ply,0.1,800,0.9,0.05347,0.39458,1,0.1135,0.0003,0.00297
001777_lcam_front_lidar.ply,0.1,800,0.9,0.07051,0.39126,1,0.11146,0.00046,0.00324
001778_lcam_front_lidar.ply,0.1,800,0.9,0.06237,0.39395,1,0.11515,0.00168,0.00457
001779_lcam_front_lidar.ply,0.1,800,0.9,0.05935,0.39357,1,0.11366,0.00084,0.00437
001780_lcam_front_lidar.ply,0.1,800,0.9,0.07336,0.38716,1,0.10882,5e-05,0.00399
001781_lcam_front_lidar.ply,0.1,800,0.9,0.05531,0.38977,1,0.10869,0.00035,0.00345
001782_lcam_front_lidar.ply,0.1,800,0.9,0.05932,0.3773,1,0.09777,0.00038,0.00368
001783_lcam_front_lidar.ply,0.1,800,0.9,0.06905,0.3693,1,0.08979,0.00045,0.00377
001784_lcam_front_lidar.ply,0.1,800,0.9,0.06716,0.35747,1,0.07848,0.00023,0.00443
001785_lcam_front_lidar.ply,0.1,800,0.9,0.06655,0.40466,1,0.14659,0.03085,0.04485
001786_lcam_front_lidar.ply,0.1,800,0.9,0.08114,0.32661,1,0.07884,0.08065,0.06271
001787_lcam_front_lidar.ply,0.1,800,0.9,0.07722,0.32616,1,0.07922,0.07902,0.06351
001788_lcam_front_lidar.ply,0.1,800,0.9,0.06359,0.32795,1,0.07855,0.07914,0.06249
001789_lcam_front_lidar.ply,0.1,800,0.9,0.06377,0.32698,1,0.07866,0.07988,0.06251
001790_lcam_front_lidar.ply,0.1,800,0.9,0.06837,0.32403,1,0.07678,0.08335,0.06367
001791_lcam_front_lidar.ply,0.1,800,0.9,0.07698,0.2797,1,0.0,0.0,0.0
001792_lcam_front_lidar.ply,0.1,800,0.9,0.07686,0.32572,1,0.07993,0.08773,0.06404
001793_lcam_front_lidar.ply,0.1,800,0.9,0.0639,0.32535,1,0.07618,0.08247,0.0631
001794_lcam_front_lidar.ply,0.1,800,0.9,0.07495,0.32097,1,0.07488,0.08366,0.06346
001795_lcam_front_lidar.ply,0.1,800,0.9,0.07037,0.27792,1,0.0,0.0,0.0
001796_lcam_front_lidar.ply,0.1,800,0.9,0.06707,0.36139,1,0.09722,0.03819,0.02893
001797_lcam_front_lidar.ply,0.1,800,0.9,0.06677,0.3897,1,0.13305,0.00816,0.04384
001798_lcam_front_lidar.ply,0.1,800,0.9,0.07435,0.39421,1,0.13659,0.00268,0.04168
001799_lcam_front_lidar.ply,0.1,800,0.9,0.06512,0.38709,1,0.12452,0.01908,0.03506
001800_lcam_front_lidar.ply,0.1,800,0.9,0.06034,0.38459,1,0.12321,0.01504,0.0317
001801_lcam_front_lidar.ply,0.1,800,0.9,0.07733,0.39334,1,0.13751,0.00816,0.04485
001802_lcam_front_lidar.ply,0.1,800,0.9,0.0651,0.39162,1,0.13743,0.00155,0.0507
001803_lcam_front_lidar.ply,0.1,800,0.9,0.06414,0.39764,1,0.14267,0.0007,0.04996
001804_lcam_front_lidar.ply,0.1,800,0.9,0.0967,0.39377,1,0.14436,0.00521,0.05148
001805_lcam_front_lidar.ply,0.1,800,0.9,0.08194,0.40031,1,0.14969,0.0037,0.05323
001806_lcam_front_lidar.ply,0.1,800,0.9,0.05329,0.41055,1,0.15732,0.0025,0.05176
001807_lcam_front_lidar.ply,0.1,800,0.9,0.06306,0.40956,1,0.1571,0.00115,0.0512
001808_lcam_front_lidar.ply,0.1,800,0.9,0.07316,0.41003,1,0.16017,0.00196,0.05135
001809_lcam_front_lidar.ply,0.1,800,0.9,0.06404,0.41158,1,0.15947,0.00578,0.05087
001810_lcam_front_lidar.ply,0.1,800,0.9,0.07947,0.41554,1,0.16453,0.00601,0.05107
001811_lcam_front_lidar.ply,0.1,800,0.9,0.07228,0.40906,1,0.15456,0.01855,0.04435
001812_lcam_front_lidar.ply,0.1,800,0.9,0.09516,0.4115,1,0.16177,0.01488,0.0461
001813_lcam_front_lidar.ply,0.1,800,0.9,0.05932,0.41264,1,0.16035,0.01372,0.04762
001814_lcam_front_lidar.ply,0.1,800,0.9,0.08309,0.4068,1,0.15346,0.01902,0.048
001815_lcam_front_lidar.ply,0.1,800,0.9,0.06666,0.41061,1,0.1564,0.01818,0.04624
001816_lcam_front_lidar.ply,0.1,800,0.9,0.07283,0.41763,1,0.16395,0.0203,0.04715
001817_lcam_front_lidar.ply,0.1,800,0.9,0.07686,0.40851,1,0.1554,0.02115,0.04816
001818_lcam_front_lidar.ply,0.1,800,0.9,0.07533,0.40783,1,0.15363,0.02192,0.0504
001819_lcam_front_lidar.ply,0.1,800,0.9,0.06499,0.41053,1,0.15594,0.02282,0.0498
001820_lcam_front_lidar.ply,0.1,800,0.9,0.06838,0.40883,1,0.15613,0.02146,0.05342
001821_lcam_front_lidar.ply,0.1,800,0.9,0.06506,0.40526,1,0.15518,0.02177,0.05392
001822_lcam_front_lidar.ply,0.1,800,0.9,0.06747,0.40726,1,0.15662,0.02125,0.05606
001823_lcam_front_lidar.ply,0.1,800,0.9,0.0816,0.41076,1,0.1609,0.01779,0.05527
001824_lcam_front_lidar.ply,0.1,800,0.9,0.06377,0.40699,1,0.1579,0.02079,0.05832
001825_lcam_front_lidar.ply,0.1,800,0.9,0.06319,0.41078,1,0.16103,0.01775,0.05916
001826_lcam_front_lidar.ply,0.1,800,0.9,0.07533,0.4085,1,0.15974,0.02217,0.06057
001827_lcam_front_lidar.ply,0.1,800,0.9,0.06504,0.40969,1,0.15996,0.01666,0.06232
001828_lcam_front_lidar.ply,0.1,800,0.9,0.06514,0.40436,1,0.15714,0.01582,0.0645
001829_lcam_front_lidar.ply,0.1,800,0.9,0.05821,0.40802,1,0.16024,0.01427,0.06644
001830_lcam_front_lidar.ply,0.1,800,0.9,0.05458,0.4084,1,0.15962,0.01498,0.06634
001831_lcam_front_lidar.ply,0.1,800,0.9,0.0695,0.40603,1,0.15935,0.01561,0.06721
001832_lcam_front_lidar.ply,0.1,800,0.9,0.06643,0.40292,1,0.15659,0.01627,0.0681
001833_lcam_front_lidar.ply,0.1,800,0.9,0.067,0.40205,1,0.1559,0.01653,0.06805
001834_lcam_front_lidar.ply,0.1,800,0.9,0.06448,0.40047,1,0.15418,0.01443,0.0681
001835_lcam_front_lidar.ply,0.1,800,0.9,0.06655,0.40199,1,0.1558,0.0122,0.06822
001836_lcam_front_lidar.ply,0.1,800,0.9,0.07056,0.40007,1,0.15544,0.01156,0.06915
001837_lcam_front_lidar.ply,0.1,800,0.9,0.07524,0.3976,1,0.15178,0.00849,0.06963
001838_lcam_front_lidar.ply,0.1,800,0.9,0.07187,0.3973,1,0.1535,0.00541,0.07197
001839_lcam_front_lidar.ply,0.1,800,0.9,0.07903,0.35943,1,0.10824,0.00897,0.05478
001840_lcam_front_lidar.ply,0.1,800,0.9,0.06787,0.35451,1,0.10286,0.00616,0.0567
001841_lcam_front_lidar.ply,0.1,800,0.9,0.07928,0.38404,1,0.13825,0.00736,0.06779
001842_lcam_front_lidar.ply,0.1,800,0.9,0.0593,0.35683,1,0.10392,0.01252,0.05741
001843_lcam_front_lidar.ply,0.1,800,0.9,0.08506,0.35317,1,0.10441,0.00148,0.05881
001844_lcam_front_lidar.ply,0.1,800,0.9,0.07714,0.34837,1,0.0998,3e-05,0.06407
001845_lcam_front_lidar.ply,0.1,800,0.9,0.08333,0.34193,1,0.09146,0.01634,0.05738
001846_lcam_front_lidar.ply,0.1,800,0.9,0.07324,0.34924,1,0.09562,0.0169,0.05351
001847_lcam_front_lidar.ply,0.1,800,0.9,0.08361,0.34099,1,0.08932,0.01877,0.05339
001848_lcam_front_lidar.ply,0.1,800,0.9,0.0877,0.34273,1,0.09081,0.01693,0.05526
001849_lcam_front_lidar.ply,0.1,800,0.9,0.07544,0.35213,1,0.09404,0.03501,0.04195
001850_lcam_front_lidar.ply,0.1,800,0.9,0.06506,0.33955,1,0.08922,0.02683,0.06101
001851_lcam_front_lidar.ply,0.1,800,0.9,0.07875,0.33644,1,0.08602,0.03348,0.05795
001852_lcam_front_lidar.ply,0.1,800,0.9,0.08012,0.33466,1,0.08544,0.03832,0.06064
001853_lcam_front_lidar.ply,0.1,800,0.9,0.09468,0.33037,1,0.08615,0.03977,0.06328
001854_lcam_front_lidar.ply,0.1,800,0.9,0.07685,0.34958,1,0.08456,0.02445,0.02849
001855_lcam_front_lidar.ply,0.1,800,0.9,0.07945,0.35397,1,0.10783,0.0162,0.06629
001856_lcam_front_lidar.ply,0.1,800,0.9,0.07888,0.34173,1,0.09642,0.0219,0.06873
001857_lcam_front_lidar.ply,0.1,800,0.9,0.06349,0.35183,1,0.10507,0.01359,0.06831
001858_lcam_front_lidar.ply,0.1,800,0.9,0.07747,0.34728,1,0.10219,0.01808,0.06692
001859_lcam_front_lidar.ply,0.1,800,0.9,0.07938,0.34962,1,0.10436,0.01625,0.06783
001860_lcam_front_lidar.ply,0.1,800,0.9,0.06307,0.35469,1,0.10803,0.02122,0.06657
001861_lcam_front_lidar.ply,0.1,800,0.9,0.0635,0.36496,1,0.11699,0.02754,0.06533
001862_lcam_front_lidar.ply,0.1,800,0.9,0.06156,0.35968,1,0.11344,0.02625,0.06487
001863_lcam_front_lidar.ply,0.1,800,0.9,0.06311,0.35103,1,0.10472,0.02706,0.06601
001864_lcam_front_lidar.ply,0.1,800,0.9,0.06341,0.35784,1,0.11029,0.02752,0.06567
001865_lcam_front_lidar.ply,0.1,800,0.9,0.06379,0.36086,1,0.1138,0.02442,0.06472
001866_lcam_front_lidar.ply,0.1,800,0.9,0.05746,0.3602,1,0.11107,0.02103,0.06466
001867_lcam_front_lidar.ply,0.1,800,0.9,0.06871,0.35296,1,0.10637,0.0157,0.06439
001868_lcam_front_lidar.ply,0.1,800,0.9,0.05268,0.36719,1,0.11773,0.0216,0.06227
001869_lcam_front_lidar.ply,0.1,800,0.9,0.06385,0.36066,1,0.11265,0.01985,0.06251
001870_lcam_front_lidar.ply,0.1,800,0.9,0.06146,0.37016,1,0.11953,0.0237,0.06095
001871_lcam_front_lidar.ply,0.1,800,0.9,0.05718,0.35866,1,0.07945,2e-05,0.00533
001872_lcam_front_lidar.ply,0.1,800,0.9,0.05563,0.37145,1,0.12184,0.02723,0.0602
001873_lcam_front_lidar.ply,0.1,800,0.9,0.06325,0.36041,1,0.11028,0.0198,0.06075
001874_lcam_front_lidar.ply,0.1,800,0.9,0.04882,0.37936,1,0.09874,1e-05,0.00531
001875_lcam_front_lidar.ply,0.1,800,0.9,0.05576,0.38003,1,0.10176,1e-05,0.00512
001876_lcam_front_lidar.ply,0.1,800,0.9,0.05132,0.38714,1,0.10981,0.00015,0.00477
001877_lcam_front_lidar.ply,0.1,800,0.9,0.04777,0.38665,1,0.11088,0.00016,0.0045
001878_lcam_front_lidar.ply,0.1,800,0.9,0.03782,0.40286,1,0.12821,1e-05,0.0048
001879_lcam_front_lidar.ply,0.1,800,0.9,0.04628,0.40644,1,0.12886,0.00021,0.0048
001880_lcam_front_lidar.ply,0.1,800,0.9,0.03378,0.39767,1,0.11774,7e-05,0.00466
001881_lcam_front_lidar.ply,0.1,800,0.9,0.02861,0.38685,1,0.11094,4e-05,0.00559
001882_lcam_front_lidar.ply,0.1,800,0.9,0.02445,0.28012,1,0.0,0.0,0.0
001883_lcam_front_lidar.ply,0.1,800,0.9,0.0268,0.28192,1,0.0,0.0,0.0
001884_lcam_front_lidar.ply,0.1,500,0.9,0.03144,0.39589,1,0.13823,0.00887,0.04718
001885_lcam_front_lidar.ply,0.1,800,0.9,0.02575,0.28285,1,0.0,0.0,0.0
001886_lcam_front_lidar.ply,0.1,800,0.9,0.04001,0.27634,1,0.0,0.0,0.0
001887_lcam_front_lidar.ply,0.1,800,0.9,0.03529,0.39087,1,0.11347,0.00693,0.00393
001888_lcam_front_lidar.ply,0.1,800,0.9,0.02761,0.39042,1,0.11397,2e-05,0.00534
001889_lcam_front_lidar.ply,0.1,800,0.9,0.03958,0.39864,1,0.11799,4e-05,0.00402
001890_lcam_front_lidar.ply,0.1,800,0.9,0.03787,0.40309,1,0.12396,0.00015,0.00507
001891_lcam_front_lidar.ply,0.1,800,0.9,0.05772,0.397,1,0.11849,0.00019,0.0047
001892_lcam_front_lidar.ply,0.1,800,0.9,0.04745,0.39293,1,0.11349,2e-05,0.00458
001893_lcam_front_lidar.ply,0.1,800,0.9,0.04777,0.3886,1,0.11064,0.00019,0.00451
001894_lcam_front_lidar.ply,0.1,800,0.9,0.06032,0.38851,1,0.11255,0.00016,0.00554
001895_lcam_front_lidar.ply,0.1,800,0.9,0.05134,0.38288,1,0.10542,0.0,0.00452
001896_lcam_front_lidar.ply,0.1,800,0.9,0.06169,0.38293,1,0.1045,0.00014,0.0049
001897_lcam_front_lidar.ply,0.1,800,0.9,0.06442,0.36612,1,0.11663,0.02205,0.06086
001898_lcam_front_lidar.ply,0.1,800,0.9,0.05707,0.37504,1,0.12511,0.02488,0.06257
001899_lcam_front_lidar.ply,0.1,800,0.9,0.0556,0.38638,1,0.1346,0.02175,0.05877
001900_lcam_front_lidar.ply,0.1,800,0.9,0.06509,0.39313,1,0.14329,0.02236,0.05795
001901_lcam_front_lidar.ply,0.1,800,0.9,0.057,0.40519,1,0.15258,0.02629,0.05626
001902_lcam_front_lidar.ply,0.1,800,0.9,0.06106,0.41317,1,0.16063,0.02589,0.05639
001903_lcam_front_lidar.ply,0.1,800,0.9,0.06124,0.4136,1,0.16256,0.0323,0.05873
001904_lcam_front_lidar.ply,0.1,800,0.9,0.06326,0.41738,1,0.16649,0.02895,0.05741
001905_lcam_front_lidar.ply,0.1,800,0.9,0.06176,0.40726,1,0.1562,0.02798,0.05646
001906_lcam_front_lidar.ply,0.1,800,0.9,0.06351,0.39908,1,0.14689,0.02951,0.05605
001907_lcam_front_lidar.ply,0.1,800,0.9,0.04875,0.40672,1,0.15377,0.02953,0.05765
001908_lcam_front_lidar.ply,0.1,800,0.9,0.06344,0.39904,1,0.14903,0.03039,0.05793
001909_lcam_front_lidar.ply,0.1,800,0.9,0.04765,0.40642,1,0.15499,0.02834,0.05729
001910_lcam_front_lidar.ply,0.1,800,0.9,0.04946,0.40538,1,0.15199,0.03128,0.05547
001911_lcam_front_lidar.ply,0.1,800,0.9,0.04929,0.41353,1,0.15908,0.02978,0.05355
001912_lcam_front_lidar.ply,0.1,800,0.9,0.06315,0.40496,1,0.15131,0.03064,0.05393
001913_lcam_front_lidar.ply,0.1,800,0.9,0.06893,0.40289,1,0.15097,0.02769,0.05273
001914_lcam_front_lidar.ply,0.1,800,0.9,0.06359,0.40242,1,0.14839,0.02846,0.05137
001915_lcam_front_lidar.ply,0.1,800,0.9,0.06569,0.39409,1,0.14086,0.02777,0.05214
001916_lcam_front_lidar.ply,0.1,800,0.9,0.05893,0.40008,1,0.14992,0.00933,0.05819
001917_lcam_front_lidar.ply,0.1,800,0.9,0.05705,0.39569,1,0.14526,0.0086,0.05882
001918_lcam_front_lidar.ply,0.1,800,0.9,0.0683,0.39099,1,0.14318,0.00899,0.0583
001919_lcam_front_lidar.ply,0.1,800,0.9,0.06355,0.38942,1,0.14186,0.00692,0.05941
001920_lcam_front_lidar.ply,0.1,800,0.9,0.06336,0.39565,1,0.14469,0.0079,0.05671
001921_lcam_front_lidar.ply,0.1,800,0.9,0.0671,0.39109,1,0.14086,0.00986,0.05718
001922_lcam_front_lidar.ply,0.1,800,0.9,0.06144,0.38919,1,0.13794,0.00817,0.05801
001923_lcam_front_lidar.ply,0.1,800,0.9,0.06814,0.38791,1,0.13727,0.0091,0.05425
001924_lcam_front_lidar.ply,0.1,800,0.9,0.05315,0.39036,1,0.13462,0.01025,0.05121
001925_lcam_front_lidar.ply,0.1,800,0.9,0.07418,0.38659,1,0.1325,0.01263,0.05141
001926_lcam_front_lidar.ply,0.1,800,0.9,0.06876,0.38277,1,0.12823,0.01308,0.05122
001927_lcam_front_lidar.ply,0.1,800,0.9,0.06333,0.38269,1,0.12849,0.00949,0.05104
001928_lcam_front_lidar.ply,0.1,800,0.9,0.08305,0.37869,1,0.12362,0.00982,0.04696
001929_lcam_front_lidar.ply,0.1,800,0.9,0.07284,0.37981,1,0.12325,0.01395,0.04376
001930_lcam_front_lidar.ply,0.1,800,0.9,0.08429,0.37909,1,0.121,0.01696,0.04026
001931_lcam_front_lidar.ply,0.1,800,0.9,0.07874,0.37483,1,0.11892,0.00493,0.04635
001932_lcam_front_lidar.ply,0.1,800,0.9,0.07351,0.37316,1,0.1153,0.00056,0.04411
001933_lcam_front_lidar.ply,0.1,800,0.9,0.07558,0.36993,1,0.11403,0.0003,0.04557
001934_lcam_front_lidar.ply,0.1,800,0.9,0.07905,0.37027,1,0.11484,0.00173,0.0463
001935_lcam_front_lidar.ply,0.1,800,0.9,0.0669,0.36995,1,0.10132,0.00932,0.02453
001936_lcam_front_lidar.ply,0.1,800,0.9,0.06625,0.36569,1,0.10263,0.02335,0.03286
001937_lcam_front_lidar.ply,0.1,800,0.9,0.07881,0.37135,1,0.10224,0.01099,0.02085
001938_lcam_front_lidar.ply,0.1,800,0.9,0.0716,0.36774,1,0.11001,0.00719,0.04589
001939_lcam_front_lidar.ply,0.1,800,0.9,0.07532,0.36809,1,0.09919,0.01033,0.02185
001940_lcam_front_lidar.ply,0.1,800,0.9,0.08089,0.36322,1,0.1045,0.00013,0.04185
001941_lcam_front_lidar.ply,0.1,800,0.9,0.0735,0.35945,1,0.10382,0.01087,0.04837
001942_lcam_front_lidar.ply,0.1,800,0.9,0.07902,0.35815,1,0.10282,0.01265,0.0475
001943_lcam_front_lidar.ply,0.1,800,0.9,0.09476,0.35685,1,0.0996,0.00675,0.04265
001944_lcam_front_lidar.ply,0.1,800,0.9,0.08347,0.36748,1,0.09829,0.00611,0.02137
001945_lcam_front_lidar.ply,0.1,800,0.9,0.07991,0.35536,1,0.10065,0.0163,0.04961
001946_lcam_front_lidar.ply,0.1,800,0.9,0.06503,0.35431,1,0.09762,0.0117,0.04553
001947_lcam_front_lidar.ply,0.1,800,0.9,0.06488,0.35763,1,0.10215,0.04017,0.05036
001948_lcam_front_lidar.ply,0.1,800,0.9,0.05957,0.36458,1,0.10958,0.03619,0.05056
001949_lcam_front_lidar.ply,0.1,800,0.9,0.05959,0.36484,1,0.10975,0.04254,0.05181
001950_lcam_front_lidar.ply,0.1,800,0.9,0.06803,0.37524,1,0.12445,0.04171,0.05499
001951_lcam_front_lidar.ply,0.1,800,0.9,0.06863,0.38284,1,0.12952,0.04391,0.05522
001952_lcam_front_lidar.ply,0.1,800,0.9,0.06326,0.38581,1,0.13337,0.04466,0.05711
001953_lcam_front_lidar.ply,0.1,800,0.9,0.05533,0.39042,1,0.13866,0.04348,0.05838
001954_lcam_front_lidar.ply,0.1,800,0.9,0.06139,0.39674,1,0.1461,0.04345,0.06047
001955_lcam_front_lidar.ply,0.1,800,0.9,0.06416,0.40545,1,0.15516,0.04256,0.06009
001956_lcam_front_lidar.ply,0.1,800,0.9,0.0455,0.40558,1,0.15294,0.04496,0.05973
001957_lcam_front_lidar.ply,0.1,800,0.9,0.06355,0.364,1,0.09217,0.00266,0.01968
001958_lcam_front_lidar.ply,0.1,800,0.9,0.07899,0.34398,1,0.08983,0.03808,0.04958
001959_lcam_front_lidar.ply,0.1,800,0.9,0.06091,0.3503,1,0.09424,0.0385,0.04915
001960_lcam_front_lidar.ply,0.1,800,0.9,0.06367,0.35525,1,0.09862,0.03684,0.05056
001961_lcam_front_lidar.ply,0.1,800,0.9,0.05101,0.35915,1,0.10398,0.03486,0.05274
001962_lcam_front_lidar.ply,0.1,800,0.9,0.08019,0.35727,1,0.10464,0.03075,0.05245
001963_lcam_front_lidar.ply,0.1,800,0.9,0.06334,0.35893,1,0.10339,0.03457,0.05036
001964_lcam_front_lidar.ply,0.1,800,0.9,0.06643,0.35989,1,0.10542,0.02994,0.05198
001965_lcam_front_lidar.ply,0.1,800,0.9,0.06385,0.36194,1,0.10719,0.0277,0.05246
001966_lcam_front_lidar.ply,0.1,800,0.9,0.06339,0.36058,1,0.10642,0.02504,0.05225
001967_lcam_front_lidar.ply,0.1,800,0.9,0.05916,0.36713,1,0.11283,0.02289,0.05264
001968_lcam_front_lidar.ply,0.1,800,0.9,0.07895,0.36216,1,0.11008,0.02392,0.05249
001969_lcam_front_lidar.ply,0.1,800,0.9,0.05882,0.36749,1,0.11297,0.02444,0.05275
001970_lcam_front_lidar.ply,0.1,800,0.9,0.05911,0.34713,1,0.08884,0.05935,0.04553
001971_lcam_front_lidar.ply,0.1,800,0.9,0.06391,0.37181,1,0.11555,0.02283,0.05009
001972_lcam_front_lidar.ply,0.1,800,0.9,0.04915,0.35208,1,0.08317,0.0217,0.02525
001973_lcam_front_lidar.ply,0.1,800,0.9,0.06332,0.3535,1,0.08581,0.02585,0.02786
001974_lcam_front_lidar.ply,0.1,800,0.9,0.06346,0.35638,1,0.08821,0.0258,0.02623
001975_lcam_front_lidar.ply,0.1,800,0.9,0.06679,0.35446,1,0.09112,0.02723,0.02866
001976_lcam_front_lidar.ply,0.1,800,0.9,0.05901,0.3583,1,0.09456,0.03094,0.02877
001977_lcam_front_lidar.ply,0.1,800,0.9,0.0769,0.35902,1,0.09702,0.03298,0.03064
001978_lcam_front_lidar.ply,0.1,800,0.9,0.05933,0.36398,1,0.10421,0.03045,0.03296
001979_lcam_front_lidar.ply,0.1,800,0.9,0.06188,0.36948,1,0.10763,0.0299,0.0334
001980_lcam_front_lidar.ply,0.1,800,0.9,0.06189,0.3748,1,0.11168,0.02952,0.03442
001981_lcam_front_lidar.ply,0.1,800,0.9,0.06026,0.35962,1,0.10923,0.03754,0.05805
001982_lcam_front_lidar.ply,0.1,800,0.9,0.07525,0.36215,1,0.11326,0.04588,0.05684
001983_lcam_front_lidar.ply,0.1,800,0.9,0.05392,0.3798,1,0.11875,0.03037,0.0374
001984_lcam_front_lidar.ply,0.1,800,0.9,0.06306,0.39182,1,0.12999,0.0308,0.03799
001985_lcam_front_lidar.ply,0.1,800,0.9,0.04861,0.39936,1,0.13828,0.03107,0.0389
001986_lcam_front_lidar.ply,0.1,800,0.9,0.0633,0.40931,1,0.14993,0.0324,0.04115
001987_lcam_front_lidar.ply,0.1,800,0.9,0.0671,0.41794,1,0.15921,0.02863,0.04211
001988_lcam_front_lidar.ply,0.1,800,0.9,0.06139,0.43005,1,0.17076,0.03265,0.04309
001989_lcam_front_lidar.ply,0.1,800,0.9,0.05708,0.44211,1,0.18199,0.03055,0.04422
001990_lcam_front_lidar.ply,0.1,800,0.9,0.05531,0.45747,1,0.19751,0.02916,0.04503
001991_lcam_front_lidar.ply,0.1,800,0.9,0.05787,0.46479,1,0.20517,0.02561,0.04579
001992_lcam_front_lidar.ply,0.1,800,0.9,0.05556,0.47255,1,0.21505,0.02566,0.04758
001993_lcam_front_lidar.ply,0.1,800,0.9,0.04942,0.47881,1,0.22038,0.02263,0.04803
001994_lcam_front_lidar.ply,0.1,800,0.9,0.04909,0.48436,1,0.22608,0.02683,0.04742
001995_lcam_front_lidar.ply,0.1,800,0.9,0.0493,0.57604,1,0.32078,0.04021,0.05201
001996_lcam_front_lidar.ply,0.1,800,0.9,0.0596,0.57253,1,0.31811,0.04156,0.05139
001997_lcam_front_lidar.ply,0.1,800,0.9,0.07137,0.45521,1,0.20604,0.05607,0.05904
001998_lcam_front_lidar.ply,0.1,800,0.9,0.07515,0.45583,1,0.20471,0.05465,0.0585
001999_lcam_front_lidar.ply,0.1,800,0.9,0.0697,0.44594,1,0.19681,0.05818,0.05817
002000_lcam_front_lidar.ply,0.1,800,0.9,0.06651,0.43811,1,0.18789,0.05582,0.05821
002001_lcam_front_lidar.ply,0.1,800,0.9,0.06745,0.43195,1,0.18062,0.05644,0.05781
002002_lcam_front_lidar.ply,0.1,800,0.9,0.04775,0.42713,1,0.17424,0.05725,0.05792
002003_lcam_front_lidar.ply,0.1,800,0.9,0.06498,0.41725,1,0.16587,0.05647,0.05884
002004_lcam_front_lidar.ply,0.1,800,0.9,0.05939,0.40987,1,0.15876,0.05171,0.05893
002005_lcam_front_lidar.ply,0.1,800,0.9,0.06938,0.40329,1,0.153,0.05446,0.05935
002006_lcam_front_lidar.ply,0.1,800,0.9,0.06425,0.39646,1,0.1448,0.05148,0.05831
002007_lcam_front_lidar.ply,0.1,800,0.9,0.07348,0.38506,1,0.13521,0.05511,0.05846
002008_lcam_front_lidar.ply,0.1,800,0.9,0.07909,0.38459,1,0.13389,0.05205,0.05839
002009_lcam_front_lidar.ply,0.1,800,0.9,0.06148,0.37819,1,0.12515,0.05343,0.05774
002010_lcam_front_lidar.ply,0.1,800,0.9,0.04929,0.38693,1,0.12237,0.02689,0.03735
002011_lcam_front_lidar.ply,0.1,800,0.9,0.06576,0.38981,1,0.12754,0.02602,0.03797
