frame_id,epsilon,min_support,normal_threshold,runtime,reward,steps_used,inlier_ratio,plane_normal,residual
000000_lcam_front_lidar.ply/000000_lcam_front_lidar.ply,0.25,200,0.8,0.42862,0.16652,1,0.07541,0.99995,0.09775
000001_lcam_front_lidar.ply/000001_lcam_front_lidar.ply,0.25,200,0.8,0.35474,-0.01383,2,0.07542,0.99987,0.1054
000002_lcam_front_lidar.ply/000002_lcam_front_lidar.ply,0.25,200,0.8,0.38277,0.00107,3,0.07661,0.99999,0.08567
000003_lcam_front_lidar.ply/000003_lcam_front_lidar.ply,0.25,200,0.8,0.34568,-0.06926,4,0.0415,0.99889,0.13364
000004_lcam_front_lidar.ply/000004_lcam_front_lidar.ply,0.25,200,0.8,0.39851,-0.01048,5,0.02917,0.99463,0.10867
000005_lcam_front_lidar.ply/000005_lcam_front_lidar.ply,0.25,200,0.8,0.35364,-0.04508,6,0.01989,0.9929,0.15975
000006_lcam_front_lidar.ply/000006_lcam_front_lidar.ply,0.25,200,0.8,0.35776,-0.01516,7,0.00969,0.97312,0.14372
000007_lcam_front_lidar.ply/000007_lcam_front_lidar.ply,0.25,200,0.8,0.41852,0.05772,8,0.04875,0.99646,0.09341
000008_lcam_front_lidar.ply/000008_lcam_front_lidar.ply,0.25,200,0.8,0.36247,-0.0173,9,0.06119,0.99925,0.13373
000009_lcam_front_lidar.ply/000009_lcam_front_lidar.ply,0.25,200,0.8,0.38839,0.03199,10,0.06255,0.99996,0.05268
000010_lcam_front_lidar.ply/000010_lcam_front_lidar.ply,0.25,200,0.8,0.45775,-0.00787,11,0.0835,0.99986,0.09031
000011_lcam_front_lidar.ply/000011_lcam_front_lidar.ply,0.25,200,0.8,0.48071,-0.01252,12,0.06705,0.99994,0.06247
000012_lcam_front_lidar.ply/000012_lcam_front_lidar.ply,0.25,200,0.8,0.44565,-0.06779,13,0.01248,0.99736,0.06812
000013_lcam_front_lidar.ply/000013_lcam_front_lidar.ply,0.25,200,0.8,0.59375,0.05546,14,0.0851,0.99999,0.08323
000014_lcam_front_lidar.ply/000014_lcam_front_lidar.ply,0.25,200,0.8,0.46433,-0.06989,15,0.01259,0.9968,0.05702
000015_lcam_front_lidar.ply/000015_lcam_front_lidar.ply,0.25,200,0.8,0.44979,-0.007,16,0.03355,0.9973,0.09309
000016_lcam_front_lidar.ply/000016_lcam_front_lidar.ply,0.25,200,0.8,0.58579,0.00437,17,0.03309,0.99842,0.06375
000017_lcam_front_lidar.ply/000017_lcam_front_lidar.ply,0.25,200,0.8,0.49736,-0.02314,18,0.00944,0.99992,0.04319
000018_lcam_front_lidar.ply/000018_lcam_front_lidar.ply,0.25,200,0.8,0.43704,-0.02241,19,0.03392,0.99658,0.11598
000019_lcam_front_lidar.ply/000019_lcam_front_lidar.ply,0.25,200,0.8,0.52334,-0.00953,20,0.02773,0.9969,0.10277
000020_lcam_front_lidar.ply/000020_lcam_front_lidar.ply,0.25,200,0.8,0.6612,0.00267,21,0.0276,0.99834,0.07759
000021_lcam_front_lidar.ply/000021_lcam_front_lidar.ply,0.25,200,0.8,0.59466,-0.0094,22,0.00953,0.99979,0.04069
000022_lcam_front_lidar.ply/000022_lcam_front_lidar.ply,0.25,200,0.8,0.56368,-0.00685,23,0.00748,0.99995,0.03033
000023_lcam_front_lidar.ply/000023_lcam_front_lidar.ply,0.25,200,0.8,0.57804,-0.03129,24,0.02965,0.99753,0.11652
000024_lcam_front_lidar.ply/000024_lcam_front_lidar.ply,0.25,200,0.8,0.60702,-0.06406,25,0.01464,0.9867,0.19136
000025_lcam_front_lidar.ply/000025_lcam_front_lidar.ply,0.25,200,0.8,0.58788,0.03013,26,0.02846,0.99945,0.14256
000026_lcam_front_lidar.ply/000026_lcam_front_lidar.ply,0.25,200,0.8,0.434,0.03304,27,0.03835,0.99967,0.07635
000027_lcam_front_lidar.ply/000027_lcam_front_lidar.ply,0.25,200,0.8,0.48878,-0.00881,28,0.03936,0.99976,0.07601
000028_lcam_front_lidar.ply/000028_lcam_front_lidar.ply,0.25,200,0.8,0.57425,-0.02719,29,0.04161,0.99949,0.11481
000029_lcam_front_lidar.ply/000029_lcam_front_lidar.ply,0.25,200,0.8,0.47895,0.00614,30,0.04053,0.99967,0.0804
000030_lcam_front_lidar.ply/000030_lcam_front_lidar.ply,0.25,200,0.8,0.43742,-0.01209,31,0.03961,0.99968,0.08273
000031_lcam_front_lidar.ply/000031_lcam_front_lidar.ply,0.25,200,0.8,0.53182,-0.00295,32,0.04013,0.99971,0.06969
000032_lcam_front_lidar.ply/000032_lcam_front_lidar.ply,0.25,200,0.8,0.60012,-0.01713,33,0.02205,0.99964,0.04777
000033_lcam_front_lidar.ply/000033_lcam_front_lidar.ply,0.25,200,0.8,0.52114,-0.00349,34,0.04142,0.99976,0.07353
000034_lcam_front_lidar.ply/000034_lcam_front_lidar.ply,0.25,200,0.8,0.43181,-0.0151,35,0.02271,0.99961,0.04625
000035_lcam_front_lidar.ply/000035_lcam_front_lidar.ply,0.25,200,0.8,0.36208,-0.00364,36,0.04244,0.9998,0.07307
000036_lcam_front_lidar.ply/000036_lcam_front_lidar.ply,0.25,200,0.8,0.48741,-0.03701,37,0.04944,0.99812,0.14057
000037_lcam_front_lidar.ply/000037_lcam_front_lidar.ply,0.25,200,0.8,0.54019,0.00534,38,0.00807,0.99287,0.02558
000038_lcam_front_lidar.ply/000038_lcam_front_lidar.ply,0.25,200,0.8,0.38654,-0.02172,39,0.04744,0.99831,0.12939
000039_lcam_front_lidar.ply/000039_lcam_front_lidar.ply,0.25,200,0.8,0.46392,-0.0081,40,0.04776,0.99849,0.1263
000040_lcam_front_lidar.ply/000040_lcam_front_lidar.ply,0.25,200,0.8,0.41731,-0.00836,41,0.04852,0.99805,0.12442
000041_lcam_front_lidar.ply/000041_lcam_front_lidar.ply,0.25,200,0.8,0.30665,-0.01292,42,0.05205,0.99815,0.13734
000042_lcam_front_lidar.ply/000042_lcam_front_lidar.ply,0.25,200,0.8,0.3282,-0.00989,43,0.04986,0.99821,0.13278
000043_lcam_front_lidar.ply/000043_lcam_front_lidar.ply,0.25,200,0.8,0.32145,0.00852,44,0.01024,0.9985,0.01658
000044_lcam_front_lidar.ply/000044_lcam_front_lidar.ply,0.25,200,0.8,0.30701,-0.01039,45,0.00575,0.995,0.00733
000045_lcam_front_lidar.ply/000045_lcam_front_lidar.ply,0.25,200,0.8,0.33549,-0.00725,46,0.01064,0.99936,0.01294
000046_lcam_front_lidar.ply/000046_lcam_front_lidar.ply,0.25,200,0.8,0.31725,-0.00947,47,0.01072,0.99931,0.01203
000047_lcam_front_lidar.ply/000047_lcam_front_lidar.ply,0.25,200,0.8,0.28851,-0.01093,48,0.00463,0.99839,0.00142
000048_lcam_front_lidar.ply/000048_lcam_front_lidar.ply,0.25,200,0.8,0.31129,-0.00932,49,0.01044,0.99916,0.01191
000049_lcam_front_lidar.ply/000049_lcam_front_lidar.ply,0.25,200,0.8,0.30315,-0.0112,50,0.00965,0.99872,0.0126
000050_lcam_front_lidar.ply/000050_lcam_front_lidar.ply,0.25,200,0.8,0.31072,-0.01086,51,0.01048,0.99857,0.01595
000051_lcam_front_lidar.ply/000051_lcam_front_lidar.ply,0.25,200,0.8,0.27674,-0.00867,52,0.00979,0.99894,0.01202
000052_lcam_front_lidar.ply/000052_lcam_front_lidar.ply,0.25,200,0.8,0.2935,-0.13082,53,0.00343,0.81037,0.18438
000053_lcam_front_lidar.ply/000053_lcam_front_lidar.ply,0.25,200,0.8,0.27021,0.11147,54,0.0056,0.99834,0.00214
000054_lcam_front_lidar.ply/000054_lcam_front_lidar.ply,0.25,200,0.8,0.28909,-0.02188,55,0.00935,0.99356,0.03196
000055_lcam_front_lidar.ply/000055_lcam_front_lidar.ply,0.25,200,0.8,0.30276,-0.0028,56,0.06089,0.99937,0.12239
000056_lcam_front_lidar.ply/000056_lcam_front_lidar.ply,0.25,200,0.8,0.25268,-0.02336,57,0.04644,0.99909,0.12012
000057_lcam_front_lidar.ply/000057_lcam_front_lidar.ply,0.25,200,0.8,0.31206,0.00897,58,0.0102,0.99933,0.00978
000058_lcam_front_lidar.ply/000058_lcam_front_lidar.ply,0.25,200,0.8,0.24538,-0.02888,59,0.04739,0.99924,0.12189
000059_lcam_front_lidar.ply/000059_lcam_front_lidar.ply,0.25,200,0.8,0.38246,-0.10922,60,0.00402,0.8186,0.1794
000060_lcam_front_lidar.ply/000060_lcam_front_lidar.ply,0.25,200,0.8,0.35718,0.10871,61,0.01008,0.99924,0.00831
000061_lcam_front_lidar.ply/000061_lcam_front_lidar.ply,0.25,200,0.8,0.30623,-0.04273,62,0.01117,0.9828,0.07101
000062_lcam_front_lidar.ply/000062_lcam_front_lidar.ply,0.25,200,0.8,0.29157,0.02286,63,0.01037,0.99898,0.00853
000063_lcam_front_lidar.ply/000063_lcam_front_lidar.ply,0.25,200,0.8,0.28578,-0.0102,64,0.01074,0.99864,0.00959
000064_lcam_front_lidar.ply/000064_lcam_front_lidar.ply,0.25,200,0.8,0.25587,-0.00975,65,0.00952,0.99882,0.00669
000065_lcam_front_lidar.ply/000065_lcam_front_lidar.ply,0.25,200,0.8,0.27105,-0.02556,66,0.01067,0.99297,0.03837
000066_lcam_front_lidar.ply/000066_lcam_front_lidar.ply,0.25,200,0.8,0.27106,0.02103,67,0.0566,0.99964,0.07017
000067_lcam_front_lidar.ply/000067_lcam_front_lidar.ply,0.25,200,0.8,0.25584,-0.02293,68,0.04423,0.99959,0.07127
000068_lcam_front_lidar.ply/000068_lcam_front_lidar.ply,0.25,200,0.8,0.26995,-0.11879,69,0.01292,0.97085,0.2176
000069_lcam_front_lidar.ply/000069_lcam_front_lidar.ply,0.25,200,0.8,0.28032,0.06044,70,0.01481,0.99197,0.08684
000070_lcam_front_lidar.ply/000070_lcam_front_lidar.ply,0.25,200,0.8,0.26426,-0.03611,71,0.01708,0.99726,0.14518
000071_lcam_front_lidar.ply/000071_lcam_front_lidar.ply,0.25,200,0.8,0.25517,0.05845,72,0.04785,0.99968,0.07056
000072_lcam_front_lidar.ply/000072_lcam_front_lidar.ply,0.25,200,0.8,0.25281,-0.07476,73,0.01551,0.99722,0.13465
000073_lcam_front_lidar.ply/000073_lcam_front_lidar.ply,0.25,200,0.8,0.30437,-0.07937,74,0.01516,0.95517,0.26009
000074_lcam_front_lidar.ply/000074_lcam_front_lidar.ply,0.25,200,0.8,0.28957,0.05796,75,0.01166,0.99844,0.13014
000075_lcam_front_lidar.ply/000075_lcam_front_lidar.ply,0.25,200,0.8,0.2796,-0.01841,76,0.01566,0.99878,0.15507
000076_lcam_front_lidar.ply/000076_lcam_front_lidar.ply,0.25,200,0.8,0.26406,-0.01765,77,0.01575,0.99838,0.17041
000077_lcam_front_lidar.ply/000077_lcam_front_lidar.ply,0.25,200,0.8,0.27671,-0.00582,78,0.01623,0.99772,0.16282
000078_lcam_front_lidar.ply/000078_lcam_front_lidar.ply,0.25,200,0.8,0.26346,-0.00819,79,0.01542,0.99648,0.15721
000079_lcam_front_lidar.ply/000079_lcam_front_lidar.ply,0.25,200,0.8,0.25586,-0.02306,80,0.01244,0.98631,0.17432
000080_lcam_front_lidar.ply/000080_lcam_front_lidar.ply,0.25,200,0.8,0.29534,0.00445,81,0.01566,0.99255,0.15375
000081_lcam_front_lidar.ply/000081_lcam_front_lidar.ply,0.25,200,0.8,0.25849,-0.00767,82,0.01451,0.99731,0.1482
000082_lcam_front_lidar.ply/000082_lcam_front_lidar.ply,0.25,200,0.8,0.25427,-0.01886,83,0.01124,0.99079,0.15743
000083_lcam_front_lidar.ply/000083_lcam_front_lidar.ply,0.25,200,0.8,0.24644,-0.00482,84,0.01452,0.99717,0.15553
000084_lcam_front_lidar.ply/000084_lcam_front_lidar.ply,0.25,200,0.8,0.23531,0.06987,85,0.05472,0.99956,0.07692
000085_lcam_front_lidar.ply/000085_lcam_front_lidar.ply,0.25,200,0.8,0.2342,-0.01256,86,0.05423,0.9995,0.08105
000086_lcam_front_lidar.ply/000086_lcam_front_lidar.ply,0.25,200,0.8,0.26089,-0.07843,87,0.0113,0.99313,0.13014
000087_lcam_front_lidar.ply/000087_lcam_front_lidar.ply,0.25,200,0.8,0.25067,-0.01756,88,0.01127,0.99072,0.14448
000088_lcam_front_lidar.ply/000088_lcam_front_lidar.ply,0.25,200,0.8,0.26831,-0.01515,89,0.01121,0.97716,0.15059
000089_lcam_front_lidar.ply/000089_lcam_front_lidar.ply,0.25,200,0.8,0.21357,0.07368,90,0.05308,0.99954,0.07367
000090_lcam_front_lidar.ply/000090_lcam_front_lidar.ply,0.25,200,0.8,0.27351,-0.00613,91,0.05503,0.99966,0.06986
000091_lcam_front_lidar.ply/000091_lcam_front_lidar.ply,0.25,200,0.8,0.25166,-0.08434,92,0.01479,0.99465,0.13655
000092_lcam_front_lidar.ply/000092_lcam_front_lidar.ply,0.25,200,0.8,0.27603,-0.00906,93,0.0154,0.99348,0.13553
000093_lcam_front_lidar.ply/000093_lcam_front_lidar.ply,0.25,200,0.8,0.29009,-0.01143,94,0.01561,0.99194,0.13836
000094_lcam_front_lidar.ply/000094_lcam_front_lidar.ply,0.25,200,0.8,0.25264,-0.01147,95,0.01598,0.99166,0.14196
000095_lcam_front_lidar.ply/000095_lcam_front_lidar.ply,0.25,200,0.8,0.25919,0.07031,96,0.05868,0.99976,0.06914
000096_lcam_front_lidar.ply/000096_lcam_front_lidar.ply,0.25,200,0.8,0.28561,-0.08865,97,0.01651,0.99034,0.13928
000097_lcam_front_lidar.ply/000097_lcam_front_lidar.ply,0.25,200,0.8,0.24324,-0.00472,98,0.02628,0.99743,0.15039
000098_lcam_front_lidar.ply/000098_lcam_front_lidar.ply,0.25,200,0.8,0.23063,0.0657,99,0.06022,0.99983,0.0676
000099_lcam_front_lidar.ply/000099_lcam_front_lidar.ply,0.25,200,0.8,0.18428,-0.01124,100,0.06013,0.99963,0.06983
000100_lcam_front_lidar.ply/000100_lcam_front_lidar.ply,0.25,200,0.8,0.23498,-0.046,101,0.02498,0.99954,0.07149
000101_lcam_front_lidar.ply/000101_lcam_front_lidar.ply,0.25,200,0.8,0.24278,-0.07106,102,0.01229,0.97534,0.16097
000102_lcam_front_lidar.ply/000102_lcam_front_lidar.ply,0.25,200,0.8,0.21627,-0.016,103,0.01307,0.96893,0.1726
000103_lcam_front_lidar.ply/000103_lcam_front_lidar.ply,0.25,200,0.8,0.22061,0.09912,104,0.06413,0.99968,0.06571
000104_lcam_front_lidar.ply/000104_lcam_front_lidar.ply,0.25,200,0.8,0.2478,-0.13084,105,0.01735,0.99639,0.21284
000105_lcam_front_lidar.ply/000105_lcam_front_lidar.ply,0.25,200,0.8,0.21542,0.11098,106,0.0637,0.99971,0.06458
000106_lcam_front_lidar.ply/000106_lcam_front_lidar.ply,0.25,200,0.8,0.21853,-0.13047,107,0.02136,0.94775,0.20525
000107_lcam_front_lidar.ply/000107_lcam_front_lidar.ply,0.25,200,0.8,0.21342,-0.02064,108,0.02158,0.94308,0.22557
000108_lcam_front_lidar.ply/000108_lcam_front_lidar.ply,0.25,200,0.8,0.19131,-0.00473,109,0.01814,0.99724,0.22441
000109_lcam_front_lidar.ply/000109_lcam_front_lidar.ply,0.25,200,0.8,0.1755,0.14829,110,0.09945,0.99996,0.07128
000110_lcam_front_lidar.ply/000110_lcam_front_lidar.ply,0.25,200,0.8,0.21677,-0.16461,111,0.02046,0.94204,0.20514
000111_lcam_front_lidar.ply/000111_lcam_front_lidar.ply,0.25,200,0.8,0.14365,0.14708,112,0.1007,0.99997,0.06883
000112_lcam_front_lidar.ply/000112_lcam_front_lidar.ply,0.25,200,0.8,0.19213,-0.16328,113,0.01934,0.99575,0.21139
000113_lcam_front_lidar.ply/000113_lcam_front_lidar.ply,0.25,200,0.8,0.21614,-0.00679,114,0.01836,0.99696,0.20338
000114_lcam_front_lidar.ply/000114_lcam_front_lidar.ply,0.25,200,0.8,0.16337,-0.01155,115,0.01946,0.99628,0.20847
000115_lcam_front_lidar.ply/000115_lcam_front_lidar.ply,0.25,200,0.8,0.23233,-0.01508,116,0.01925,0.95371,0.20545
000116_lcam_front_lidar.ply/000116_lcam_front_lidar.ply,0.25,200,0.8,0.21179,-0.00521,117,0.01938,0.99554,0.20868
000117_lcam_front_lidar.ply/000117_lcam_front_lidar.ply,0.25,200,0.8,0.21179,0.02647,118,0.01414,0.98828,0.12308
000118_lcam_front_lidar.ply/000118_lcam_front_lidar.ply,0.25,200,0.8,0.21138,0.07347,119,0.06843,0.99976,0.06817
000119_lcam_front_lidar.ply/000119_lcam_front_lidar.ply,0.25,200,0.8,0.18184,-0.13189,120,0.0184,0.99529,0.21055
000120_lcam_front_lidar.ply/000120_lcam_front_lidar.ply,0.25,200,0.8,0.20648,-0.00656,121,0.01871,0.99507,0.20422
000121_lcam_front_lidar.ply/000121_lcam_front_lidar.ply,0.25,200,0.8,0.24995,-0.00804,122,0.0182,0.99609,0.19957
000122_lcam_front_lidar.ply/000122_lcam_front_lidar.ply,0.25,200,0.8,0.27189,-0.00356,123,0.0173,0.99771,0.1854
000123_lcam_front_lidar.ply/000123_lcam_front_lidar.ply,0.25,200,0.8,0.20877,-0.01492,124,0.01942,0.99532,0.19875
000124_lcam_front_lidar.ply/000124_lcam_front_lidar.ply,0.25,200,0.8,0.198,0.12274,125,0.08729,0.99994,0.0704
000125_lcam_front_lidar.ply/000125_lcam_front_lidar.ply,0.25,200,0.8,0.21171,-0.0138,126,0.08307,0.99995,0.06956
000126_lcam_front_lidar.ply/000126_lcam_front_lidar.ply,0.25,200,0.8,0.19508,-0.01193,127,0.08249,0.99995,0.07225
000127_lcam_front_lidar.ply/000127_lcam_front_lidar.ply,0.25,200,0.8,0.19491,-0.13366,128,0.01892,0.99541,0.19107
000128_lcam_front_lidar.ply/000128_lcam_front_lidar.ply,0.25,200,0.8,0.19736,0.09703,129,0.06513,0.99964,0.07069
000129_lcam_front_lidar.ply/000129_lcam_front_lidar.ply,0.25,200,0.8,0.14503,-0.11548,130,0.01792,0.99822,0.18681
000130_lcam_front_lidar.ply/000130_lcam_front_lidar.ply,0.25,200,0.8,0.13701,0.12354,131,0.09393,0.99996,0.07228
000131_lcam_front_lidar.ply/000131_lcam_front_lidar.ply,0.25,200,0.8,0.18137,-0.0339,132,0.06906,0.99965,0.07023
000132_lcam_front_lidar.ply/000132_lcam_front_lidar.ply,0.25,200,0.8,0.24754,-0.00761,133,0.06858,0.99974,0.0645
000133_lcam_front_lidar.ply/000133_lcam_front_lidar.ply,0.25,200,0.8,0.11322,-0.12993,134,0.0182,0.9975,0.20294
000134_lcam_front_lidar.ply/000134_lcam_front_lidar.ply,0.25,200,0.8,0.14996,0.14405,135,0.10367,0.99995,0.06649
000135_lcam_front_lidar.ply/000135_lcam_front_lidar.ply,0.25,200,0.8,0.14908,-0.00972,136,0.10421,0.99994,0.06701
000136_lcam_front_lidar.ply/000136_lcam_front_lidar.ply,0.25,200,0.8,0.16445,-0.16579,137,0.01767,0.99704,0.20464
000137_lcam_front_lidar.ply/000137_lcam_front_lidar.ply,0.25,200,0.8,0.14771,0.01882,138,0.01436,0.99712,0.14039
000138_lcam_front_lidar.ply/000138_lcam_front_lidar.ply,0.25,200,0.8,0.15833,-0.03981,139,0.01781,0.99724,0.20696
000139_lcam_front_lidar.ply/000139_lcam_front_lidar.ply,0.25,200,0.8,0.15068,-0.00702,140,0.01649,0.99662,0.19816
000140_lcam_front_lidar.ply/000140_lcam_front_lidar.ply,0.25,200,0.8,0.19039,0.13666,141,0.09355,0.99996,0.05996
000141_lcam_front_lidar.ply/000141_lcam_front_lidar.ply,0.25,200,0.8,0.20464,-0.00263,142,0.10013,0.99997,0.05839
000142_lcam_front_lidar.ply/000142_lcam_front_lidar.ply,0.25,200,0.8,0.21777,-0.11577,143,0.00679,0.95004,0.06828
000143_lcam_front_lidar.ply/000143_lcam_front_lidar.ply,0.25,200,0.8,0.20557,0.07405,144,0.08224,0.99996,0.06605
000144_lcam_front_lidar.ply/000144_lcam_front_lidar.ply,0.25,200,0.8,0.25156,-0.00627,145,0.08143,0.99997,0.05697
000145_lcam_front_lidar.ply/000145_lcam_front_lidar.ply,0.25,200,0.8,0.18251,0.01617,146,0.1037,0.99996,0.04917
000146_lcam_front_lidar.ply/000146_lcam_front_lidar.ply,0.25,200,0.8,0.20791,-0.15253,147,0.01645,0.99862,0.15933
000147_lcam_front_lidar.ply/000147_lcam_front_lidar.ply,0.25,200,0.8,0.22222,-0.05767,148,0.02488,0.98847,0.26847
000148_lcam_front_lidar.ply/000148_lcam_front_lidar.ply,0.25,200,0.8,0.20815,0.17064,149,0.0949,0.99997,0.05068
000149_lcam_front_lidar.ply/000149_lcam_front_lidar.ply,0.25,200,0.8,0.25604,-0.13865,150,0.01548,0.99811,0.14858
000150_lcam_front_lidar.ply/000150_lcam_front_lidar.ply,0.25,200,0.8,0.14872,-0.01805,151,0.01583,0.9936,0.16403
000151_lcam_front_lidar.ply/000151_lcam_front_lidar.ply,0.25,200,0.8,0.21281,0.12926,152,0.09884,0.99996,0.05344
000152_lcam_front_lidar.ply/000152_lcam_front_lidar.ply,0.25,200,0.8,0.22275,-0.13611,153,0.01394,0.99635,0.13479
000153_lcam_front_lidar.ply/000153_lcam_front_lidar.ply,0.25,200,0.8,0.17594,0.08806,154,0.07367,0.99989,0.05918
000154_lcam_front_lidar.ply/000154_lcam_front_lidar.ply,0.25,200,0.8,0.2629,-0.1249,155,0.01493,0.99829,0.17103
000155_lcam_front_lidar.ply/000155_lcam_front_lidar.ply,0.25,200,0.8,0.21277,0.1221,156,0.09286,0.99996,0.06318
000156_lcam_front_lidar.ply/000156_lcam_front_lidar.ply,0.25,200,0.8,0.25261,-0.13523,157,0.01429,0.99711,0.15564
000157_lcam_front_lidar.ply/000157_lcam_front_lidar.ply,0.25,200,0.8,0.17904,0.12605,158,0.10198,0.99993,0.05976
000158_lcam_front_lidar.ply/000158_lcam_front_lidar.ply,0.25,200,0.8,0.21695,-0.13807,159,0.01425,0.9944,0.13881
000159_lcam_front_lidar.ply/000159_lcam_front_lidar.ply,0.25,200,0.8,0.20051,-0.05375,160,0.01675,0.97005,0.224
000160_lcam_front_lidar.ply/000160_lcam_front_lidar.ply,0.25,200,0.8,0.18858,0.03535,161,0.01437,0.99488,0.13597
000161_lcam_front_lidar.ply/000161_lcam_front_lidar.ply,0.25,200,0.8,0.20837,-0.06161,162,0.02664,0.9867,0.26128
000162_lcam_front_lidar.ply/000162_lcam_front_lidar.ply,0.25,200,0.8,0.17167,0.04455,163,0.01532,0.99334,0.13154
000163_lcam_front_lidar.ply/000163_lcam_front_lidar.ply,0.25,200,0.8,0.18439,0.12347,164,0.10626,0.99996,0.04847
000164_lcam_front_lidar.ply/000164_lcam_front_lidar.ply,0.25,200,0.8,0.15612,0.00679,165,0.12122,0.99996,0.0448
000165_lcam_front_lidar.ply/000165_lcam_front_lidar.ply,0.25,200,0.8,0.27221,-0.03279,166,0.09899,0.99996,0.04594
000166_lcam_front_lidar.ply/000166_lcam_front_lidar.ply,0.25,200,0.8,0.29178,0.03153,167,0.14353,0.99996,0.05194
000167_lcam_front_lidar.ply/000167_lcam_front_lidar.ply,0.25,200,0.8,0.18697,-0.0372,168,0.11594,0.99995,0.05114
000168_lcam_front_lidar.ply/000168_lcam_front_lidar.ply,0.25,200,0.8,0.18426,-0.19373,169,0.02342,0.9889,0.23025
000169_lcam_front_lidar.ply/000169_lcam_front_lidar.ply,0.25,200,0.8,0.20103,0.17918,170,0.12237,0.99996,0.0531
000170_lcam_front_lidar.ply/000170_lcam_front_lidar.ply,0.25,200,0.8,0.27391,-0.15678,171,0.01451,0.994,0.12917
000171_lcam_front_lidar.ply/000171_lcam_front_lidar.ply,0.25,200,0.8,0.30932,-0.03542,172,0.00882,0.9953,0.16901
000172_lcam_front_lidar.ply/000172_lcam_front_lidar.ply,0.25,200,0.8,0.25317,0.15749,173,0.11675,0.99997,0.05131
000173_lcam_front_lidar.ply/000173_lcam_front_lidar.ply,0.25,200,0.8,0.28424,-0.00634,174,0.11901,0.99997,0.0485
000174_lcam_front_lidar.ply/000174_lcam_front_lidar.ply,0.25,200,0.8,0.27546,-0.00818,175,0.11932,0.99998,0.04548
000175_lcam_front_lidar.ply/000175_lcam_front_lidar.ply,0.25,200,0.8,0.29792,-0.01406,176,0.11579,0.99997,0.04653
000176_lcam_front_lidar.ply/000176_lcam_front_lidar.ply,0.25,200,0.8,0.38227,-0.17557,177,0.01479,0.99907,0.1754
000177_lcam_front_lidar.ply/000177_lcam_front_lidar.ply,0.25,200,0.8,0.22299,0.15659,178,0.11684,0.99997,0.0466
000178_lcam_front_lidar.ply/000178_lcam_front_lidar.ply,0.25,200,0.8,0.21827,-0.01369,179,0.11222,0.99998,0.04474
000179_lcam_front_lidar.ply/000179_lcam_front_lidar.ply,0.25,200,0.8,0.26445,-0.01704,180,0.1083,0.99998,0.05098
000180_lcam_front_lidar.ply/000180_lcam_front_lidar.ply,0.25,200,0.8,0.30835,-0.01081,181,0.10602,0.99998,0.04803
000181_lcam_front_lidar.ply/000181_lcam_front_lidar.ply,0.25,200,0.8,0.25199,-0.00727,182,0.10895,0.99998,0.04844
000182_lcam_front_lidar.ply/000182_lcam_front_lidar.ply,0.25,200,0.8,0.24032,-0.00666,183,0.11524,0.99999,0.05435
000183_lcam_front_lidar.ply/000183_lcam_front_lidar.ply,0.25,200,0.8,0.22991,-0.17897,184,0.02179,0.99824,0.20486
000184_lcam_front_lidar.ply/000184_lcam_front_lidar.ply,0.25,200,0.8,0.21447,0.17459,185,0.12726,0.99998,0.04715
000185_lcam_front_lidar.ply/000185_lcam_front_lidar.ply,0.25,200,0.8,0.2896,-0.17319,186,0.01729,0.99627,0.15247
000186_lcam_front_lidar.ply/000186_lcam_front_lidar.ply,0.25,200,0.8,0.24022,0.13404,187,0.1084,0.99998,0.04773
000187_lcam_front_lidar.ply/000187_lcam_front_lidar.ply,0.25,200,0.8,0.30196,-0.18038,188,0.02316,0.99528,0.21662
000188_lcam_front_lidar.ply/000188_lcam_front_lidar.ply,0.25,200,0.8,0.27937,0.17855,189,0.12578,0.99999,0.04614
000189_lcam_front_lidar.ply/000189_lcam_front_lidar.ply,0.25,200,0.8,0.27697,-0.01005,190,0.12703,0.99998,0.04874
000190_lcam_front_lidar.ply/000190_lcam_front_lidar.ply,0.25,200,0.8,0.32509,-0.2028,191,0.02004,0.99438,0.21869
000191_lcam_front_lidar.ply/000191_lcam_front_lidar.ply,0.25,200,0.8,0.30911,0.02602,192,0.02547,0.999,0.1589
000192_lcam_front_lidar.ply/000192_lcam_front_lidar.ply,0.25,200,0.8,0.34599,-0.0227,193,0.01432,0.99668,0.16132
000193_lcam_front_lidar.ply/000193_lcam_front_lidar.ply,0.25,200,0.8,0.32368,-0.02979,194,0.02114,0.99301,0.21343
000194_lcam_front_lidar.ply/000194_lcam_front_lidar.ply,0.25,200,0.8,0.30802,-0.01122,195,0.02134,0.99037,0.21546
000195_lcam_front_lidar.ply/000195_lcam_front_lidar.ply,0.25,200,0.8,0.27966,-0.00622,196,0.02023,0.99065,0.20579
000196_lcam_front_lidar.ply/000196_lcam_front_lidar.ply,0.25,200,0.8,0.28765,-0.01244,197,0.02163,0.99256,0.21404
000197_lcam_front_lidar.ply/000197_lcam_front_lidar.ply,0.25,200,0.8,0.30499,0.00158,198,0.02027,0.98702,0.1865
000198_lcam_front_lidar.ply/000198_lcam_front_lidar.ply,0.25,200,0.8,0.35126,-0.06595,199,0.0151,0.97371,0.28405
000199_lcam_front_lidar.ply/000199_lcam_front_lidar.ply,0.25,200,0.8,0.31697,0.03262,200,0.01427,0.9037,0.17614
000200_lcam_front_lidar.ply/000200_lcam_front_lidar.ply,0.25,200,0.8,0.31108,-0.01753,201,0.02068,0.98241,0.22763
000201_lcam_front_lidar.ply/000201_lcam_front_lidar.ply,0.25,200,0.8,0.2643,-0.00121,202,0.02065,0.98299,0.21017
000202_lcam_front_lidar.ply/000202_lcam_front_lidar.ply,0.25,200,0.8,0.30455,-0.00478,203,0.02114,0.98039,0.19992
000203_lcam_front_lidar.ply/000203_lcam_front_lidar.ply,0.25,200,0.8,0.27266,-0.01124,204,0.02177,0.98402,0.20476
000204_lcam_front_lidar.ply/000204_lcam_front_lidar.ply,0.25,200,0.8,0.26965,-0.07463,205,0.01215,0.99165,0.31705
000205_lcam_front_lidar.ply/000205_lcam_front_lidar.ply,0.25,200,0.8,0.26528,0.03958,206,0.02318,0.96672,0.23248
000206_lcam_front_lidar.ply/000206_lcam_front_lidar.ply,0.25,200,0.8,0.28883,-0.01094,207,0.02331,0.98232,0.23931
000207_lcam_front_lidar.ply/000207_lcam_front_lidar.ply,0.25,200,0.8,0.24567,-0.0028,208,0.02406,0.97984,0.22566
000208_lcam_front_lidar.ply/000208_lcam_front_lidar.ply,0.25,200,0.8,0.2665,-0.05573,209,0.01746,0.93644,0.2909
000209_lcam_front_lidar.ply/000209_lcam_front_lidar.ply,0.25,200,0.8,0.25749,0.05261,210,0.01651,0.99943,0.18268
000210_lcam_front_lidar.ply/000210_lcam_front_lidar.ply,0.25,200,0.8,0.25384,-0.04184,211,0.02382,0.97885,0.2548
000211_lcam_front_lidar.ply/000211_lcam_front_lidar.ply,0.25,200,0.8,0.24255,-0.0015,212,0.02154,0.97005,0.23062
000212_lcam_front_lidar.ply/000212_lcam_front_lidar.ply,0.25,200,0.8,0.28157,-0.01561,213,0.02316,0.96824,0.24452
000213_lcam_front_lidar.ply/000213_lcam_front_lidar.ply,0.25,200,0.8,0.34637,-0.00493,214,0.02231,0.96492,0.23169
000214_lcam_front_lidar.ply/000214_lcam_front_lidar.ply,0.25,200,0.8,0.24887,-0.0026,215,0.02028,0.96609,0.21317
000215_lcam_front_lidar.ply/000215_lcam_front_lidar.ply,0.25,200,0.8,0.30325,-0.02931,216,0.00401,0.90498,0.20093
000216_lcam_front_lidar.ply/000216_lcam_front_lidar.ply,0.25,200,0.8,0.28305,0.01252,217,0.02252,0.9688,0.21205
000217_lcam_front_lidar.ply/000217_lcam_front_lidar.ply,0.25,200,0.8,0.2838,-0.09629,218,0.0164,0.94967,0.36664
000218_lcam_front_lidar.ply/000218_lcam_front_lidar.ply,0.25,200,0.8,0.30643,0.06782,219,0.01806,0.92065,0.20561
000219_lcam_front_lidar.ply/000219_lcam_front_lidar.ply,0.25,200,0.8,0.26405,-0.05165,220,0.01727,0.97265,0.30294
000220_lcam_front_lidar.ply/000220_lcam_front_lidar.ply,0.25,200,0.8,0.25736,0.24689,221,0.15598,0.99997,0.07477
000221_lcam_front_lidar.ply/000221_lcam_front_lidar.ply,0.25,200,0.8,0.32065,-0.22478,222,0.02208,0.96717,0.22668
000222_lcam_front_lidar.ply/000222_lcam_front_lidar.ply,0.25,200,0.8,0.30565,-0.01262,223,0.0192,0.96057,0.22418
000223_lcam_front_lidar.ply/000223_lcam_front_lidar.ply,0.25,200,0.8,0.27056,-0.00958,224,0.01935,0.97049,0.22661
000224_lcam_front_lidar.ply/000224_lcam_front_lidar.ply,0.25,200,0.8,0.24528,0.20245,225,0.15166,0.99997,0.07518
000225_lcam_front_lidar.ply/000225_lcam_front_lidar.ply,0.25,200,0.8,0.36425,-0.265,226,0.01588,0.96557,0.30329
000226_lcam_front_lidar.ply/000226_lcam_front_lidar.ply,0.25,200,0.8,0.32701,0.02712,227,0.0206,0.98897,0.24552
000227_lcam_front_lidar.ply/000227_lcam_front_lidar.ply,0.25,200,0.8,0.29114,-0.00405,228,0.01761,0.91375,0.20508
000228_lcam_front_lidar.ply/000228_lcam_front_lidar.ply,0.25,200,0.8,0.23461,0.00178,229,0.01723,0.9919,0.2042
000229_lcam_front_lidar.ply/000229_lcam_front_lidar.ply,0.25,200,0.8,0.20776,0.1865,230,0.14428,0.99998,0.06773
000230_lcam_front_lidar.ply/000230_lcam_front_lidar.ply,0.25,200,0.8,0.22459,-0.22495,231,0.01545,0.92323,0.21694
000231_lcam_front_lidar.ply/000231_lcam_front_lidar.ply,0.25,200,0.8,0.23575,0.24076,232,0.1769,0.99998,0.06135
000232_lcam_front_lidar.ply/000232_lcam_front_lidar.ply,0.25,200,0.8,0.23239,-0.28164,233,0.0173,0.97341,0.27746
000233_lcam_front_lidar.ply/000233_lcam_front_lidar.ply,0.25,200,0.8,0.21144,0.01459,234,0.02202,0.99024,0.24279
000234_lcam_front_lidar.ply/000234_lcam_front_lidar.ply,0.25,200,0.8,0.22372,0.21143,235,0.15754,0.99999,0.07388
000235_lcam_front_lidar.ply/000235_lcam_front_lidar.ply,0.25,200,0.8,0.19373,-0.22691,236,0.021,0.98871,0.23122
000236_lcam_front_lidar.ply/000236_lcam_front_lidar.ply,0.25,200,0.8,0.21132,0.09443,237,0.02734,0.99874,0.03808
000237_lcam_front_lidar.ply/000237_lcam_front_lidar.ply,0.25,200,0.8,0.17028,0.09311,238,0.14539,0.99999,0.06831
000238_lcam_front_lidar.ply/000238_lcam_front_lidar.ply,0.25,200,0.8,0.22329,-0.22897,239,0.02195,0.98478,0.25482
000239_lcam_front_lidar.ply/000239_lcam_front_lidar.ply,0.25,200,0.8,0.22204,-0.00896,240,0.02284,0.98822,0.25555
000240_lcam_front_lidar.ply/000240_lcam_front_lidar.ply,0.25,200,0.8,0.19438,-0.00475,241,0.02246,0.98968,0.24472
000241_lcam_front_lidar.ply/000241_lcam_front_lidar.ply,0.25,200,0.8,0.1853,0.08799,242,0.00445,0.99987,0.01576
000242_lcam_front_lidar.ply/000242_lcam_front_lidar.ply,0.25,200,0.8,0.20864,-0.11105,243,0.02238,0.98781,0.25013
000243_lcam_front_lidar.ply/000243_lcam_front_lidar.ply,0.25,200,0.8,0.19087,0.09481,244,0.00051,0.99864,1e-05
000244_lcam_front_lidar.ply/000244_lcam_front_lidar.ply,0.25,200,0.8,0.21262,0.00017,245,0.02328,0.99885,0.02527
000245_lcam_front_lidar.ply/000245_lcam_front_lidar.ply,0.25,200,0.8,0.22341,-0.01018,246,0.02269,0.99897,0.02449
000246_lcam_front_lidar.ply/000246_lcam_front_lidar.ply,0.25,200,0.8,0.20618,-0.16411,247,0.01885,0.95508,0.31187
000247_lcam_front_lidar.ply/000247_lcam_front_lidar.ply,0.25,200,0.8,0.19959,0.14016,248,0.01024,0.99802,0.00721
000248_lcam_front_lidar.ply/000248_lcam_front_lidar.ply,0.25,200,0.8,0.17865,-0.02117,249,0.01014,0.99529,0.02853
000249_lcam_front_lidar.ply/000249_lcam_front_lidar.ply,0.25,200,0.8,0.17393,0.10742,250,0.13176,0.99999,0.03834
000250_lcam_front_lidar.ply/000250_lcam_front_lidar.ply,0.25,200,0.8,0.22868,-0.19856,251,0.01621,0.94249,0.16709
000251_lcam_front_lidar.ply/000251_lcam_front_lidar.ply,0.25,200,0.8,0.22357,-0.02023,252,0.02435,0.97858,0.21466
000252_lcam_front_lidar.ply/000252_lcam_front_lidar.ply,0.25,200,0.8,0.20732,-0.00714,253,0.02409,0.9768,0.20789
000253_lcam_front_lidar.ply/000253_lcam_front_lidar.ply,0.25,200,0.8,0.23764,-0.00755,254,0.0256,0.97304,0.20487
000254_lcam_front_lidar.ply/000254_lcam_front_lidar.ply,0.25,200,0.8,0.18734,0.07437,255,0.01913,0.9998,0.03122
000255_lcam_front_lidar.ply/000255_lcam_front_lidar.ply,0.25,200,0.8,0.20627,-0.00744,256,0.01957,0.99973,0.02695
000256_lcam_front_lidar.ply/000256_lcam_front_lidar.ply,0.25,200,0.8,0.17723,-0.00982,257,0.00989,0.99855,0.00689
000257_lcam_front_lidar.ply/000257_lcam_front_lidar.ply,0.25,200,0.8,0.19592,-0.10894,258,0.0239,0.96561,0.22291
000258_lcam_front_lidar.ply/000258_lcam_front_lidar.ply,0.25,200,0.8,0.21512,0.16479,259,0.11224,0.99997,0.0603
000259_lcam_front_lidar.ply/000259_lcam_front_lidar.ply,0.25,200,0.8,0.23665,-0.10284,260,0.05209,0.99934,0.12549
000260_lcam_front_lidar.ply/000260_lcam_front_lidar.ply,0.25,200,0.8,0.22526,0.00021,261,0.05949,0.99926,0.11985
000261_lcam_front_lidar.ply/000261_lcam_front_lidar.ply,0.25,200,0.8,0.2673,-0.0534,262,0.0099,0.99909,0.10742
000262_lcam_front_lidar.ply/000262_lcam_front_lidar.ply,0.25,200,0.8,0.2001,0.03636,263,0.06373,0.99879,0.12226
000263_lcam_front_lidar.ply/000263_lcam_front_lidar.ply,0.25,200,0.8,0.23681,0.05616,264,0.10369,0.99994,0.0702
000264_lcam_front_lidar.ply/000264_lcam_front_lidar.ply,0.25,200,0.8,0.25788,-0.18916,265,0.02092,0.93761,0.24428
000265_lcam_front_lidar.ply/000265_lcam_front_lidar.ply,0.25,200,0.8,0.20601,0.15316,266,0.10593,0.99978,0.10664
000266_lcam_front_lidar.ply/000266_lcam_front_lidar.ply,0.25,200,0.8,0.17785,-0.00273,267,0.10376,0.99988,0.08779
000267_lcam_front_lidar.ply/000267_lcam_front_lidar.ply,0.25,200,0.8,0.226,-0.10948,268,0.01003,0.99982,0.09925
000268_lcam_front_lidar.ply/000268_lcam_front_lidar.ply,0.25,200,0.8,0.23211,-0.08805,269,0.0219,0.92213,0.25578
000269_lcam_front_lidar.ply/000269_lcam_front_lidar.ply,0.25,200,0.8,0.16583,0.176,270,0.1042,0.99993,0.07173
000270_lcam_front_lidar.ply/000270_lcam_front_lidar.ply,0.25,200,0.8,0.17777,-0.12295,271,0.01068,0.999,0.1103
000271_lcam_front_lidar.ply/000271_lcam_front_lidar.ply,0.25,200,0.8,0.14408,0.11713,272,0.11632,0.99997,0.06761
000272_lcam_front_lidar.ply/000272_lcam_front_lidar.ply,0.25,200,0.8,0.17309,-0.15641,273,0.01199,0.99646,0.15074
000273_lcam_front_lidar.ply/000273_lcam_front_lidar.ply,0.25,200,0.8,0.18529,-0.00911,274,0.01344,0.99133,0.15031
000274_lcam_front_lidar.ply/000274_lcam_front_lidar.ply,0.25,200,0.8,0.16802,-0.03261,275,0.01198,0.99157,0.19268
000275_lcam_front_lidar.ply/000275_lcam_front_lidar.ply,0.25,200,0.8,0.22685,0.01536,276,0.01389,0.99034,0.1454
000276_lcam_front_lidar.ply/000276_lcam_front_lidar.ply,0.25,200,0.8,0.18491,0.05162,277,0.01571,0.99991,0.02867
000277_lcam_front_lidar.ply/000277_lcam_front_lidar.ply,0.25,200,0.8,0.15754,-0.00944,278,0.01588,0.99992,0.02788
000278_lcam_front_lidar.ply/000278_lcam_front_lidar.ply,0.25,200,0.8,0.16631,-0.00865,279,0.01625,0.99995,0.02594
000279_lcam_front_lidar.ply/000279_lcam_front_lidar.ply,0.25,200,0.8,0.15942,-0.00525,280,0.01324,0.99942,0.01026
000280_lcam_front_lidar.ply/000280_lcam_front_lidar.ply,0.25,200,0.8,0.16145,-0.01596,281,0.01551,0.99996,0.02689
000281_lcam_front_lidar.ply/000281_lcam_front_lidar.ply,0.25,200,0.8,0.14526,-0.00745,282,0.01309,0.99941,0.01678
000282_lcam_front_lidar.ply/000282_lcam_front_lidar.ply,0.25,200,0.8,0.1936,-0.0076,283,0.0134,0.99934,0.01257
000283_lcam_front_lidar.ply/000283_lcam_front_lidar.ply,0.25,200,0.8,0.17043,-0.01318,284,0.01373,0.9995,0.01964
000284_lcam_front_lidar.ply/000284_lcam_front_lidar.ply,0.25,200,0.8,0.20254,-0.01334,285,0.01581,0.99982,0.03059
000285_lcam_front_lidar.ply/000285_lcam_front_lidar.ply,0.25,200,0.8,0.22513,-0.05347,286,0.01079,0.99359,0.10562
000286_lcam_front_lidar.ply/000286_lcam_front_lidar.ply,0.25,200,0.8,0.17544,0.0341,287,0.01436,0.99988,0.02645
000287_lcam_front_lidar.ply/000287_lcam_front_lidar.ply,0.25,200,0.8,0.19113,-0.01322,288,0.01643,0.99997,0.03706
000288_lcam_front_lidar.ply/000288_lcam_front_lidar.ply,0.25,200,0.8,0.22771,-0.00747,289,0.01497,0.99994,0.02907
000289_lcam_front_lidar.ply/000289_lcam_front_lidar.ply,0.25,200,0.8,0.16007,-0.00686,290,0.01762,0.99983,0.02804
000290_lcam_front_lidar.ply/000290_lcam_front_lidar.ply,0.25,200,0.8,0.23794,-0.01317,291,0.01518,0.99996,0.02954
000291_lcam_front_lidar.ply/000291_lcam_front_lidar.ply,0.25,200,0.8,0.21715,-0.01032,292,0.01615,0.99974,0.03206
000292_lcam_front_lidar.ply/000292_lcam_front_lidar.ply,0.25,200,0.8,0.21051,-0.00989,293,0.01561,0.9999,0.03081
000293_lcam_front_lidar.ply/000293_lcam_front_lidar.ply,0.25,200,0.8,0.3149,-0.13415,294,0.01764,0.92841,0.26172
000294_lcam_front_lidar.ply/000294_lcam_front_lidar.ply,0.25,200,0.8,0.274,0.11479,295,0.01852,0.99929,0.03516
000295_lcam_front_lidar.ply/000295_lcam_front_lidar.ply,0.25,200,0.8,0.26053,-0.00966,296,0.01896,0.99901,0.03528
000296_lcam_front_lidar.ply/000296_lcam_front_lidar.ply,0.25,200,0.8,0.24728,0.00379,297,0.03221,0.99937,0.03431
000297_lcam_front_lidar.ply/000297_lcam_front_lidar.ply,0.25,200,0.8,0.26284,-0.02491,298,0.01458,0.99872,0.02867
000298_lcam_front_lidar.ply/000298_lcam_front_lidar.ply,0.25,200,0.8,0.30578,-0.01297,299,0.04406,0.99987,0.09392
000299_lcam_front_lidar.ply/000299_lcam_front_lidar.ply,0.25,200,0.8,0.24028,-0.00243,300,0.04221,0.99991,0.07509
000300_lcam_front_lidar.ply/000300_lcam_front_lidar.ply,0.25,200,0.8,0.37334,-0.06745,301,0.00755,0.98174,0.11522
000301_lcam_front_lidar.ply/000301_lcam_front_lidar.ply,0.25,200,0.8,0.30657,-0.06897,302,0.01929,0.97393,0.2543
000302_lcam_front_lidar.ply/000302_lcam_front_lidar.ply,0.25,200,0.8,0.32913,-0.00184,303,0.02,0.9769,0.24029
000303_lcam_front_lidar.ply/000303_lcam_front_lidar.ply,0.25,200,0.8,0.2988,0.15758,304,0.09549,0.99998,0.06303
000304_lcam_front_lidar.ply/000304_lcam_front_lidar.ply,0.25,200,0.8,0.29984,-0.1786,305,0.01946,0.97791,0.24155
000305_lcam_front_lidar.ply/000305_lcam_front_lidar.ply,0.25,200,0.8,0.26968,0.08705,306,0.00669,0.99973,0.02845
000306_lcam_front_lidar.ply/000306_lcam_front_lidar.ply,0.25,200,0.8,0.30806,0.00115,307,0.00763,0.99884,0.00778
000307_lcam_front_lidar.ply/000307_lcam_front_lidar.ply,0.25,200,0.8,0.25256,-0.00991,308,0.00785,0.99873,0.00801
000308_lcam_front_lidar.ply/000308_lcam_front_lidar.ply,0.25,200,0.8,0.25985,-0.17793,309,0.0098,0.86097,0.30645
000309_lcam_front_lidar.ply/000309_lcam_front_lidar.ply,0.25,200,0.8,0.32511,0.15625,310,0.01603,0.99985,0.02807
000310_lcam_front_lidar.ply/000310_lcam_front_lidar.ply,0.25,200,0.8,0.28349,-0.00736,311,0.00852,0.99864,0.00742
000311_lcam_front_lidar.ply/000311_lcam_front_lidar.ply,0.25,200,0.8,0.22214,-0.00966,312,0.01532,0.99994,0.02072
000312_lcam_front_lidar.ply/000312_lcam_front_lidar.ply,0.25,200,0.8,0.21673,0.00123,313,0.03481,0.99991,0.03723
000313_lcam_front_lidar.ply/000313_lcam_front_lidar.ply,0.25,200,0.8,0.23935,-0.01735,314,0.00949,1.0,0.00132
000314_lcam_front_lidar.ply/000314_lcam_front_lidar.ply,0.25,200,0.8,0.20347,0.05795,315,0.10232,1.0,0.05108
000315_lcam_front_lidar.ply/000315_lcam_front_lidar.ply,0.25,200,0.8,0.24034,-0.07806,316,0.00921,1.0,0.00098
000316_lcam_front_lidar.ply/000316_lcam_front_lidar.ply,0.25,200,0.8,0.21113,0.02064,317,0.06943,0.99994,0.06013
000317_lcam_front_lidar.ply/000317_lcam_front_lidar.ply,0.25,200,0.8,0.22024,-0.12515,318,0.00913,0.98285,0.1647
000318_lcam_front_lidar.ply/000318_lcam_front_lidar.ply,0.25,200,0.8,0.27314,-0.04715,319,0.02282,0.99216,0.26915
000319_lcam_front_lidar.ply/000319_lcam_front_lidar.ply,0.25,200,0.8,0.28711,0.01659,320,0.02137,0.98728,0.21162
000320_lcam_front_lidar.ply/000320_lcam_front_lidar.ply,0.25,200,0.8,0.25733,-0.01078,321,0.0214,0.98728,0.21325
000321_lcam_front_lidar.ply/000321_lcam_front_lidar.ply,0.25,200,0.8,0.26803,-0.01466,322,0.02098,0.98919,0.2223
000322_lcam_front_lidar.ply/000322_lcam_front_lidar.ply,0.25,200,0.8,0.27063,0.02649,323,0.01184,0.9967,0.13327
000323_lcam_front_lidar.ply/000323_lcam_front_lidar.ply,0.25,200,0.8,0.27397,-0.03553,324,0.01843,0.99897,0.1982
000324_lcam_front_lidar.ply/000324_lcam_front_lidar.ply,0.25,200,0.8,0.2832,0.00293,325,0.01661,0.99924,0.16879
000325_lcam_front_lidar.ply/000325_lcam_front_lidar.ply,0.25,200,0.8,0.31264,-0.03634,326,0.01689,0.99412,0.22047
000326_lcam_front_lidar.ply/000326_lcam_front_lidar.ply,0.25,200,0.8,0.28769,0.08863,327,0.00867,0.99797,0.00794
000327_lcam_front_lidar.ply/000327_lcam_front_lidar.ply,0.25,200,0.8,0.26031,-0.03863,328,0.02552,0.99976,0.09944
000328_lcam_front_lidar.ply/000328_lcam_front_lidar.ply,0.25,200,0.8,0.30648,-0.00346,329,0.0154,0.99619,0.06504
000329_lcam_front_lidar.ply/000329_lcam_front_lidar.ply,0.25,200,0.8,0.29931,-0.08721,330,0.01843,0.99202,0.22428
000330_lcam_front_lidar.ply/000330_lcam_front_lidar.ply,0.25,200,0.8,0.29185,0.0196,331,0.01369,0.98499,0.1535
000331_lcam_front_lidar.ply/000331_lcam_front_lidar.ply,0.25,200,0.8,0.28323,-0.0358,332,0.01839,0.98592,0.21478
000332_lcam_front_lidar.ply/000332_lcam_front_lidar.ply,0.25,200,0.8,0.26245,-0.08712,333,0.01006,0.99773,0.35589
000333_lcam_front_lidar.ply/000333_lcam_front_lidar.ply,0.25,200,0.8,0.32046,-0.01279,334,0.02919,0.86326,0.35941
000334_lcam_front_lidar.ply/000334_lcam_front_lidar.ply,0.25,200,0.8,0.27143,0.10864,335,0.01416,0.99342,0.13111
000335_lcam_front_lidar.ply/000335_lcam_front_lidar.ply,0.25,200,0.8,0.22899,-0.02216,336,0.01741,0.99344,0.16194
000336_lcam_front_lidar.ply/000336_lcam_front_lidar.ply,0.25,200,0.8,0.26078,-0.03661,337,0.0231,0.97846,0.22205
000337_lcam_front_lidar.ply/000337_lcam_front_lidar.ply,0.25,200,0.8,0.21669,0.01197,338,0.02215,0.99267,0.18047
000338_lcam_front_lidar.ply/000338_lcam_front_lidar.ply,0.25,200,0.8,0.23817,-0.02867,339,0.02479,0.98452,0.22063
000339_lcam_front_lidar.ply/000339_lcam_front_lidar.ply,0.25,200,0.8,0.22014,-0.02066,340,0.02548,0.95334,0.23397
000340_lcam_front_lidar.ply/000340_lcam_front_lidar.ply,0.25,200,0.8,0.24927,0.00559,341,0.02243,0.93525,0.19126
000341_lcam_front_lidar.ply/000341_lcam_front_lidar.ply,0.25,200,0.8,0.26915,-0.01996,342,0.01142,0.96391,0.19776
000342_lcam_front_lidar.ply/000342_lcam_front_lidar.ply,0.25,200,0.8,0.27489,-0.04063,343,0.02312,0.96173,0.28175
000343_lcam_front_lidar.ply/000343_lcam_front_lidar.ply,0.25,200,0.8,0.22171,-0.00741,344,0.02542,0.96047,0.2808
000344_lcam_front_lidar.ply/000344_lcam_front_lidar.ply,0.25,200,0.8,0.29326,0.11631,345,0.00885,0.99812,0.00632
000345_lcam_front_lidar.ply/000345_lcam_front_lidar.ply,0.25,200,0.8,0.19174,-0.08769,346,0.01418,0.94718,0.15707
000346_lcam_front_lidar.ply/000346_lcam_front_lidar.ply,0.25,200,0.8,0.23127,-0.02075,347,0.0157,0.87435,0.15978
000347_lcam_front_lidar.ply/000347_lcam_front_lidar.ply,0.25,200,0.8,0.29114,0.00194,348,0.01717,0.94869,0.16114
000348_lcam_front_lidar.ply/000348_lcam_front_lidar.ply,0.25,200,0.8,0.26532,0.03114,349,0.01628,0.99862,0.09206
000349_lcam_front_lidar.ply/000349_lcam_front_lidar.ply,0.25,200,0.8,0.34507,-0.00849,350,0.01603,0.99876,0.0886
000350_lcam_front_lidar.ply/000350_lcam_front_lidar.ply,0.25,200,0.8,0.30403,0.10039,351,0.11133,0.99997,0.05879
000351_lcam_front_lidar.ply/000351_lcam_front_lidar.ply,0.25,200,0.8,0.31611,-0.12917,352,0.01768,0.9998,0.10977
000352_lcam_front_lidar.ply/000352_lcam_front_lidar.ply,0.25,200,0.8,0.28589,0.10483,353,0.11039,0.99997,0.06558
000353_lcam_front_lidar.ply/000353_lcam_front_lidar.ply,0.25,200,0.8,0.24291,-0.00086,354,0.11888,0.99999,0.06427
000354_lcam_front_lidar.ply/000354_lcam_front_lidar.ply,0.25,200,0.8,0.24475,-0.01446,355,0.1133,0.99999,0.06203
000355_lcam_front_lidar.ply/000355_lcam_front_lidar.ply,0.25,200,0.8,0.25676,-0.00609,356,0.11691,0.99998,0.06142
000356_lcam_front_lidar.ply/000356_lcam_front_lidar.ply,0.25,200,0.8,0.23362,-0.01715,357,0.11029,0.99999,0.0625
000357_lcam_front_lidar.ply/000357_lcam_front_lidar.ply,0.25,200,0.8,0.22595,-0.01867,358,0.09942,0.99999,0.05809
000358_lcam_front_lidar.ply/000358_lcam_front_lidar.ply,0.25,200,0.8,0.23906,-0.07894,359,0.00776,0.99779,0.012
000359_lcam_front_lidar.ply/000359_lcam_front_lidar.ply,0.25,200,0.8,0.22941,-0.02473,360,0.00827,0.99909,0.04287
000360_lcam_front_lidar.ply/000360_lcam_front_lidar.ply,0.25,200,0.8,0.26284,-0.09723,361,0.0154,0.99559,0.23052
000361_lcam_front_lidar.ply/000361_lcam_front_lidar.ply,0.25,200,0.8,0.28984,0.05399,362,0.00794,0.99967,0.08887
000362_lcam_front_lidar.ply/000362_lcam_front_lidar.ply,0.25,200,0.8,0.21578,0.03128,363,0.00735,0.99767,0.00454
000363_lcam_front_lidar.ply/000363_lcam_front_lidar.ply,0.25,200,0.8,0.23832,-0.08645,364,0.01264,0.99664,0.16771
000364_lcam_front_lidar.ply/000364_lcam_front_lidar.ply,0.25,200,0.8,0.21061,0.14059,365,0.10808,0.99999,0.05842
000365_lcam_front_lidar.ply/000365_lcam_front_lidar.ply,0.25,200,0.8,0.25306,-0.01624,366,0.10123,0.99999,0.0572
000366_lcam_front_lidar.ply/000366_lcam_front_lidar.ply,0.25,200,0.8,0.21474,-0.01197,367,0.09789,0.99999,0.05447
000367_lcam_front_lidar.ply/000367_lcam_front_lidar.ply,0.25,200,0.8,0.20715,-0.00071,368,0.10678,0.99999,0.05367
000368_lcam_front_lidar.ply/000368_lcam_front_lidar.ply,0.25,200,0.8,0.20961,-0.00036,369,0.11769,0.99999,0.05622
000369_lcam_front_lidar.ply/000369_lcam_front_lidar.ply,0.25,200,0.8,0.20236,-0.0065,370,0.12194,0.99998,0.05772
000370_lcam_front_lidar.ply/000370_lcam_front_lidar.ply,0.25,200,0.8,0.19156,-0.11268,371,0.00836,0.99779,0.03526
000371_lcam_front_lidar.ply/000371_lcam_front_lidar.ply,0.25,200,0.8,0.20819,0.00386,372,0.0048,0.99981,0.00103
000372_lcam_front_lidar.ply/000372_lcam_front_lidar.ply,0.25,200,0.8,0.18925,0.05838,373,0.10153,0.99998,0.05777
000373_lcam_front_lidar.ply/000373_lcam_front_lidar.ply,0.25,200,0.8,0.25474,-0.0129,374,0.10098,1.0,0.06247
000374_lcam_front_lidar.ply/000374_lcam_front_lidar.ply,0.25,200,0.8,0.27251,-0.00877,375,0.1009,0.99998,0.05985
000375_lcam_front_lidar.ply/000375_lcam_front_lidar.ply,0.25,200,0.8,0.31061,-0.01455,376,0.09537,0.99998,0.05789
000376_lcam_front_lidar.ply/000376_lcam_front_lidar.ply,0.25,200,0.8,0.24306,-0.00141,377,0.10568,0.99998,0.06134
000377_lcam_front_lidar.ply/000377_lcam_front_lidar.ply,0.25,200,0.8,0.25686,-0.1944,378,0.02018,0.98799,0.25554
000378_lcam_front_lidar.ply/000378_lcam_front_lidar.ply,0.25,200,0.8,0.26103,-0.00979,379,0.01898,0.98388,0.25149
000379_lcam_front_lidar.ply/000379_lcam_front_lidar.ply,0.25,200,0.8,0.26994,0.10432,380,0.00986,0.99944,0.00927
000380_lcam_front_lidar.ply/000380_lcam_front_lidar.ply,0.25,200,0.8,0.24194,0.05621,381,0.10154,0.99998,0.06037
000381_lcam_front_lidar.ply/000381_lcam_front_lidar.ply,0.25,200,0.8,0.23634,-0.01051,382,0.10243,0.99998,0.06319
000382_lcam_front_lidar.ply/000382_lcam_front_lidar.ply,0.25,200,0.8,0.26633,-0.01292,383,0.09922,0.99997,0.0626
000383_lcam_front_lidar.ply/000383_lcam_front_lidar.ply,0.25,200,0.8,0.26838,-0.10328,384,0.015,0.99971,0.08062
000384_lcam_front_lidar.ply/000384_lcam_front_lidar.ply,0.25,200,0.8,0.28783,-0.01268,385,0.01462,0.99933,0.08511
000385_lcam_front_lidar.ply/000385_lcam_front_lidar.ply,0.25,200,0.8,0.29491,-0.00766,386,0.01378,0.99957,0.07883
000386_lcam_front_lidar.ply/000386_lcam_front_lidar.ply,0.25,200,0.8,0.2925,0.06709,387,0.08125,0.99998,0.05971
000387_lcam_front_lidar.ply/000387_lcam_front_lidar.ply,0.25,200,0.8,0.27339,-0.05892,388,0.00303,0.99984,0.00108
000388_lcam_front_lidar.ply/000388_lcam_front_lidar.ply,0.25,200,0.8,0.26487,-0.02802,389,0.00835,0.99524,0.04637
000389_lcam_front_lidar.ply/000389_lcam_front_lidar.ply,0.25,200,0.8,0.29502,-0.06328,390,0.01524,0.99437,0.16644
000390_lcam_front_lidar.ply/000390_lcam_front_lidar.ply,0.25,200,0.8,0.33582,-0.00303,391,0.01457,0.99756,0.15212
000391_lcam_front_lidar.ply/000391_lcam_front_lidar.ply,0.25,200,0.8,0.32058,-0.12921,392,0.00399,0.91004,0.34314
000392_lcam_front_lidar.ply/000392_lcam_front_lidar.ply,0.25,200,0.8,0.30163,0.09151,393,0.01444,0.99066,0.18519
000393_lcam_front_lidar.ply/000393_lcam_front_lidar.ply,0.25,200,0.8,0.25996,0.00295,394,0.0141,0.98524,0.15697
000394_lcam_front_lidar.ply/000394_lcam_front_lidar.ply,0.25,200,0.8,0.36331,-0.00681,395,0.01559,0.98774,0.15433
000395_lcam_front_lidar.ply/000395_lcam_front_lidar.ply,0.25,200,0.8,0.317,-0.01338,396,0.01193,0.99795,0.15683
000396_lcam_front_lidar.ply/000396_lcam_front_lidar.ply,0.25,200,0.8,0.28549,-0.03433,397,0.01402,0.98321,0.20524
000397_lcam_front_lidar.ply/000397_lcam_front_lidar.ply,0.25,200,0.8,0.32198,-0.0114,398,0.01694,0.98504,0.21444
000398_lcam_front_lidar.ply/000398_lcam_front_lidar.ply,0.25,200,0.8,0.32831,-0.14694,399,0.00401,0.9898,0.46389
000399_lcam_front_lidar.ply/000399_lcam_front_lidar.ply,0.25,200,0.8,0.30712,0.154,400,0.01639,0.97377,0.15585
000400_lcam_front_lidar.ply/000400_lcam_front_lidar.ply,0.25,200,0.8,0.27266,0.07366,401,0.04815,0.99998,0.05991
000401_lcam_front_lidar.ply/000401_lcam_front_lidar.ply,0.25,200,0.8,0.28003,-0.01051,402,0.04955,0.99998,0.06373
000402_lcam_front_lidar.ply/000402_lcam_front_lidar.ply,0.25,200,0.8,0.30634,-0.22485,403,0.00477,0.93339,0.3839
000403_lcam_front_lidar.ply/000403_lcam_front_lidar.ply,0.25,200,0.8,0.28818,0.08226,404,0.01617,0.95401,0.22836
000404_lcam_front_lidar.ply/000404_lcam_front_lidar.ply,0.25,200,0.8,0.24844,0.10136,405,0.04711,0.99978,0.08126
000405_lcam_front_lidar.ply/000405_lcam_front_lidar.ply,0.25,200,0.8,0.30304,-0.11283,406,0.01524,0.90801,0.19564
000406_lcam_front_lidar.ply/000406_lcam_front_lidar.ply,0.25,200,0.8,0.29391,0.08339,407,0.0381,0.99947,0.08201
000407_lcam_front_lidar.ply/000407_lcam_front_lidar.ply,0.25,200,0.8,0.30376,-0.00103,408,0.01106,0.99985,0.01009
000408_lcam_front_lidar.ply/000408_lcam_front_lidar.ply,0.25,200,0.8,0.34121,-0.0104,409,0.01118,0.99987,0.01115
000409_lcam_front_lidar.ply/000409_lcam_front_lidar.ply,0.25,200,0.8,0.30114,-0.13465,410,0.01451,0.97462,0.25953
000410_lcam_front_lidar.ply/000410_lcam_front_lidar.ply,0.25,200,0.8,0.36058,-0.00891,411,0.01471,0.97262,0.25715
000411_lcam_front_lidar.ply/000411_lcam_front_lidar.ply,0.25,200,0.8,0.35591,0.11275,412,0.00673,0.99996,0.00389
000412_lcam_front_lidar.ply/000412_lcam_front_lidar.ply,0.25,200,0.8,0.30331,-0.00478,413,0.05268,0.99987,0.08533
000413_lcam_front_lidar.ply/000413_lcam_front_lidar.ply,0.25,200,0.8,0.32078,-0.01427,414,0.05537,0.99972,0.09919
000414_lcam_front_lidar.ply/000414_lcam_front_lidar.ply,0.25,200,0.8,0.32855,-0.0121,415,0.04231,0.99994,0.07733
000415_lcam_front_lidar.ply/000415_lcam_front_lidar.ply,0.25,200,0.8,0.33123,-0.00863,416,0.01057,0.99897,0.01082
000416_lcam_front_lidar.ply/000416_lcam_front_lidar.ply,0.25,200,0.8,0.36394,-0.00953,417,0.01008,0.99823,0.00867
000417_lcam_front_lidar.ply/000417_lcam_front_lidar.ply,0.25,200,0.8,0.35504,-0.00395,418,0.05463,0.99983,0.08616
000418_lcam_front_lidar.ply/000418_lcam_front_lidar.ply,0.25,200,0.8,0.3956,-0.10479,419,0.01121,0.99823,0.18841
000419_lcam_front_lidar.ply/000419_lcam_front_lidar.ply,0.25,200,0.8,0.37152,0.09045,420,0.05095,0.99991,0.06747
000420_lcam_front_lidar.ply/000420_lcam_front_lidar.ply,0.25,200,0.8,0.35785,0.00507,421,0.0725,0.9999,0.08043
000421_lcam_front_lidar.ply/000421_lcam_front_lidar.ply,0.25,200,0.8,0.36799,-0.0127,422,0.06766,0.99991,0.07616
000422_lcam_front_lidar.ply/000422_lcam_front_lidar.ply,0.25,200,0.8,0.31762,0.00116,423,0.06994,0.99995,0.05841
000423_lcam_front_lidar.ply/000423_lcam_front_lidar.ply,0.25,200,0.8,0.34005,-0.01283,424,0.06908,0.99996,0.06234
000424_lcam_front_lidar.ply/000424_lcam_front_lidar.ply,0.25,200,0.8,0.37026,-0.07589,425,0.00654,0.99208,0.06667
000425_lcam_front_lidar.ply/000425_lcam_front_lidar.ply,0.25,200,0.8,0.3061,0.05452,426,0.0709,0.99995,0.06871
000426_lcam_front_lidar.ply/000426_lcam_front_lidar.ply,0.25,200,0.8,0.34052,-0.00826,427,0.06825,0.99998,0.05994
000427_lcam_front_lidar.ply/000427_lcam_front_lidar.ply,0.25,200,0.8,0.28674,-0.00381,428,0.06986,0.99993,0.05076
000428_lcam_front_lidar.ply/000428_lcam_front_lidar.ply,0.25,200,0.8,0.38083,-0.04941,429,0.00775,0.99977,0.00531
000429_lcam_front_lidar.ply/000429_lcam_front_lidar.ply,0.25,200,0.8,0.32727,0.03146,430,0.07833,0.99997,0.06362
000430_lcam_front_lidar.ply/000430_lcam_front_lidar.ply,0.25,200,0.8,0.30108,-0.00614,431,0.08194,0.99995,0.06311
000431_lcam_front_lidar.ply/000431_lcam_front_lidar.ply,0.25,200,0.8,0.37141,-0.0573,432,0.00389,0.99985,0.00157
000432_lcam_front_lidar.ply/000432_lcam_front_lidar.ply,0.25,200,0.8,0.35288,-0.00851,433,0.00686,0.99989,0.00455
000433_lcam_front_lidar.ply/000433_lcam_front_lidar.ply,0.25,200,0.8,0.37994,-0.01157,434,0.01105,0.99977,0.01603
000434_lcam_front_lidar.ply/000434_lcam_front_lidar.ply,0.25,200,0.8,0.37777,-0.00879,435,0.00717,0.99996,0.0059
000435_lcam_front_lidar.ply/000435_lcam_front_lidar.ply,0.25,200,0.8,0.34964,-0.00961,436,0.00958,0.99878,0.0096
000436_lcam_front_lidar.ply/000436_lcam_front_lidar.ply,0.25,200,0.8,0.38784,0.03813,437,0.08752,0.99998,0.06959
000437_lcam_front_lidar.ply/000437_lcam_front_lidar.ply,0.25,200,0.8,0.36606,-0.05858,438,0.00695,0.99996,0.0056
000438_lcam_front_lidar.ply/000438_lcam_front_lidar.ply,0.25,200,0.8,0.34153,-0.01072,439,0.00466,0.99932,0.00227
000439_lcam_front_lidar.ply/000439_lcam_front_lidar.ply,0.25,200,0.8,0.38047,-0.00976,440,0.00546,0.99995,0.00357
000440_lcam_front_lidar.ply/000440_lcam_front_lidar.ply,0.25,200,0.8,0.38957,-0.06157,441,0.00695,0.99991,0.10969
000441_lcam_front_lidar.ply/000441_lcam_front_lidar.ply,0.25,200,0.8,0.38793,0.01308,442,0.00788,0.98007,0.05942
000442_lcam_front_lidar.ply/000442_lcam_front_lidar.ply,0.25,200,0.8,0.35344,0.06739,443,0.08822,0.99999,0.0713
000443_lcam_front_lidar.ply/000443_lcam_front_lidar.ply,0.25,200,0.8,0.36662,-0.10637,444,0.00943,0.98528,0.10204
000444_lcam_front_lidar.ply/000444_lcam_front_lidar.ply,0.25,200,0.8,0.46277,-0.00564,445,0.00972,0.97834,0.09182
000445_lcam_front_lidar.ply/000445_lcam_front_lidar.ply,0.25,200,0.8,0.47235,-0.01393,446,0.0096,0.99693,0.10503
000446_lcam_front_lidar.ply/000446_lcam_front_lidar.ply,0.25,200,0.8,0.34037,-0.0723,447,0.01446,0.98468,0.23566
000447_lcam_front_lidar.ply/000447_lcam_front_lidar.ply,0.25,200,0.8,0.3926,0.04165,448,0.00981,0.99283,0.1255
000448_lcam_front_lidar.ply/000448_lcam_front_lidar.ply,0.25,200,0.8,0.3153,0.10913,449,0.09626,0.99998,0.0623
000449_lcam_front_lidar.ply/000449_lcam_front_lidar.ply,0.25,200,0.8,0.38026,-0.02364,450,0.07997,0.99996,0.05698
000450_lcam_front_lidar.ply/000450_lcam_front_lidar.ply,0.25,200,0.8,0.41833,0.00511,451,0.09716,0.99997,0.06114
000451_lcam_front_lidar.ply/000451_lcam_front_lidar.ply,0.25,200,0.8,0.34936,-0.00948,452,0.09716,0.99997,0.0601
000452_lcam_front_lidar.ply/000452_lcam_front_lidar.ply,0.25,200,0.8,0.25931,-0.01112,453,0.09541,0.99995,0.05883
000453_lcam_front_lidar.ply/000453_lcam_front_lidar.ply,0.25,200,0.8,0.31132,-0.01237,454,0.09384,0.99995,0.06042
000454_lcam_front_lidar.ply/000454_lcam_front_lidar.ply,0.25,200,0.8,0.33555,-0.05285,455,0.0498,0.99996,0.05805
000455_lcam_front_lidar.ply/000455_lcam_front_lidar.ply,0.25,200,0.8,0.27491,0.03402,456,0.09507,0.99997,0.06053
000456_lcam_front_lidar.ply/000456_lcam_front_lidar.ply,0.25,200,0.8,0.29378,-0.19949,457,0.00368,0.90605,0.22856
000457_lcam_front_lidar.ply/000457_lcam_front_lidar.ply,0.25,200,0.8,0.29269,0.01779,458,0.00464,0.91069,0.1763
000458_lcam_front_lidar.ply/000458_lcam_front_lidar.ply,0.25,200,0.8,0.30265,0.10395,459,0.04185,0.99992,0.04957
000459_lcam_front_lidar.ply/000459_lcam_front_lidar.ply,0.25,200,0.8,0.30676,-0.03462,460,0.00838,0.99457,0.03029
000460_lcam_front_lidar.ply/000460_lcam_front_lidar.ply,0.25,200,0.8,0.28627,0.05529,461,0.08633,0.99995,0.05721
000461_lcam_front_lidar.ply/000461_lcam_front_lidar.ply,0.25,200,0.8,0.2723,-0.01152,462,0.08639,0.99997,0.06037
000462_lcam_front_lidar.ply/000462_lcam_front_lidar.ply,0.25,200,0.8,0.28908,-0.01102,463,0.08417,0.99996,0.05795
000463_lcam_front_lidar.ply/000463_lcam_front_lidar.ply,0.25,200,0.8,0.25821,-0.12446,464,0.0079,0.99783,0.13371
000464_lcam_front_lidar.ply/000464_lcam_front_lidar.ply,0.25,200,0.8,0.34268,-0.12091,465,0.0034,0.95597,0.33398
000465_lcam_front_lidar.ply/000465_lcam_front_lidar.ply,0.25,200,0.8,0.32904,0.16533,466,0.00814,0.99986,0.00596
000466_lcam_front_lidar.ply/000466_lcam_front_lidar.ply,0.25,200,0.8,0.37413,-0.01223,467,0.00712,0.99752,0.00766
000467_lcam_front_lidar.ply/000467_lcam_front_lidar.ply,0.25,200,0.8,0.35559,-0.00773,468,0.00818,0.99991,0.00597
000468_lcam_front_lidar.ply/000468_lcam_front_lidar.ply,0.25,200,0.8,0.3674,-0.01159,469,0.00424,0.9999,0.00126
000469_lcam_front_lidar.ply/000469_lcam_front_lidar.ply,0.25,200,0.8,0.34228,0.03452,470,0.07732,0.99994,0.0584
000470_lcam_front_lidar.ply/000470_lcam_front_lidar.ply,0.25,200,0.8,0.34038,-0.00582,471,0.08157,0.99996,0.05855
000471_lcam_front_lidar.ply/000471_lcam_front_lidar.ply,0.25,200,0.8,0.35048,-0.06841,472,0.00738,0.99734,0.0262
000472_lcam_front_lidar.ply/000472_lcam_front_lidar.ply,0.25,200,0.8,0.36929,0.04545,473,0.08029,0.99997,0.06191
000473_lcam_front_lidar.ply/000473_lcam_front_lidar.ply,0.25,200,0.8,0.34098,-0.01521,474,0.07761,0.99996,0.06696
000474_lcam_front_lidar.ply/000474_lcam_front_lidar.ply,0.25,200,0.8,0.36981,-0.01416,475,0.07021,0.99996,0.06048
000475_lcam_front_lidar.ply/000475_lcam_front_lidar.ply,0.25,200,0.8,0.37874,-0.01815,476,0.06161,0.99993,0.05955
000476_lcam_front_lidar.ply/000476_lcam_front_lidar.ply,0.25,200,0.8,0.39113,-0.02046,477,0.04683,0.99995,0.05092
000477_lcam_front_lidar.ply/000477_lcam_front_lidar.ply,0.25,200,0.8,0.4587,-0.18502,478,0.00847,0.86981,0.2852
000478_lcam_front_lidar.ply/000478_lcam_front_lidar.ply,0.25,200,0.8,0.34165,0.11507,479,0.00728,0.99747,0.07096
000479_lcam_front_lidar.ply/000479_lcam_front_lidar.ply,0.25,200,0.8,0.36898,0.03307,480,0.0404,0.99992,0.05181
000480_lcam_front_lidar.ply/000480_lcam_front_lidar.ply,0.25,200,0.8,0.37805,-0.00974,481,0.04249,0.99992,0.05548
000481_lcam_front_lidar.ply/000481_lcam_front_lidar.ply,0.25,200,0.8,0.3793,-0.00186,482,0.04884,0.99994,0.05191
000482_lcam_front_lidar.ply/000482_lcam_front_lidar.ply,0.25,200,0.8,0.42313,-0.01691,483,0.03944,0.99994,0.04692
000483_lcam_front_lidar.ply/000483_lcam_front_lidar.ply,0.25,200,0.8,0.43021,-0.00588,484,0.04488,0.99994,0.04956
000484_lcam_front_lidar.ply/000484_lcam_front_lidar.ply,0.25,200,0.8,0.34363,-0.01195,485,0.04437,0.99993,0.05244
000485_lcam_front_lidar.ply/000485_lcam_front_lidar.ply,0.25,200,0.8,0.34492,-0.0799,486,0.00996,0.91932,0.09924
000486_lcam_front_lidar.ply/000486_lcam_front_lidar.ply,0.25,200,0.8,0.32045,0.01148,487,0.00786,0.94969,0.0612
000487_lcam_front_lidar.ply/000487_lcam_front_lidar.ply,0.25,200,0.8,0.32199,-0.13394,488,0.00385,0.9064,0.28805
000488_lcam_front_lidar.ply/000488_lcam_front_lidar.ply,0.25,200,0.8,0.35055,0.16021,489,0.04454,0.99996,0.05708
000489_lcam_front_lidar.ply/000489_lcam_front_lidar.ply,0.25,200,0.8,0.36869,-0.01927,490,0.03655,0.99994,0.05964
000490_lcam_front_lidar.ply/000490_lcam_front_lidar.ply,0.25,200,0.8,0.39892,-0.02728,491,0.02892,0.99941,0.07878
000491_lcam_front_lidar.ply/000491_lcam_front_lidar.ply,0.25,200,0.8,0.36428,0.00466,492,0.00551,0.99992,0.0028
000492_lcam_front_lidar.ply/000492_lcam_front_lidar.ply,0.25,200,0.8,0.34731,-0.1714,493,0.00968,0.8613,0.29236
000493_lcam_front_lidar.ply/000493_lcam_front_lidar.ply,0.25,200,0.8,0.28142,0.05979,494,0.00661,0.99798,0.18763
000494_lcam_front_lidar.ply/000494_lcam_front_lidar.ply,0.25,200,0.8,0.2836,0.07987,495,0.04463,0.99971,0.08445
000495_lcam_front_lidar.ply/000495_lcam_front_lidar.ply,0.25,200,0.8,0.34081,-0.00797,496,0.0065,0.99994,0.00422
000496_lcam_front_lidar.ply/000496_lcam_front_lidar.ply,0.25,200,0.8,0.40419,-0.00826,497,0.03968,0.99961,0.067
000497_lcam_front_lidar.ply/000497_lcam_front_lidar.ply,0.25,200,0.8,0.3729,-0.00555,498,0.03895,0.99976,0.05667
000498_lcam_front_lidar.ply/000498_lcam_front_lidar.ply,0.25,200,0.8,0.39986,-0.05126,499,0.00729,0.99963,0.07586
000499_lcam_front_lidar.ply/000499_lcam_front_lidar.ply,0.25,200,0.8,0.40355,-0.09145,500,0.0086,0.99887,0.24115
000500_lcam_front_lidar.ply/000500_lcam_front_lidar.ply,0.25,200,0.8,0.33272,0.10695,501,0.00699,0.99995,0.00434
000501_lcam_front_lidar.ply/000501_lcam_front_lidar.ply,0.25,200,0.8,0.36291,-0.08157,502,0.01234,0.99639,0.15712
000502_lcam_front_lidar.ply/000502_lcam_front_lidar.ply,0.25,200,0.8,0.32725,-0.01636,503,0.01279,0.99886,0.17149
000503_lcam_front_lidar.ply/000503_lcam_front_lidar.ply,0.25,200,0.8,0.33677,-0.00534,504,0.01492,0.99905,0.16647
000504_lcam_front_lidar.ply/000504_lcam_front_lidar.ply,0.25,200,0.8,0.34141,-0.01172,505,0.01499,0.99887,0.17001
000505_lcam_front_lidar.ply/000505_lcam_front_lidar.ply,0.25,200,0.8,0.39297,-0.04346,506,0.01627,0.99922,0.2396
000506_lcam_front_lidar.ply/000506_lcam_front_lidar.ply,0.25,200,0.8,0.39538,0.00029,507,0.01715,0.99823,0.22047
000507_lcam_front_lidar.ply/000507_lcam_front_lidar.ply,0.25,200,0.8,0.46469,-0.01319,508,0.01738,0.99477,0.22627
000508_lcam_front_lidar.ply/000508_lcam_front_lidar.ply,0.25,200,0.8,0.36892,0.01631,509,0.01615,0.99683,0.17182
000509_lcam_front_lidar.ply/000509_lcam_front_lidar.ply,0.25,200,0.8,0.37061,-0.05343,510,0.01092,0.96391,0.23834
000510_lcam_front_lidar.ply/000510_lcam_front_lidar.ply,0.25,200,0.8,0.37035,0.06527,511,0.0092,0.9962,0.09404
000511_lcam_front_lidar.ply/000511_lcam_front_lidar.ply,0.25,200,0.8,0.38083,-0.03723,512,0.00869,0.99862,0.14821
000512_lcam_front_lidar.ply/000512_lcam_front_lidar.ply,0.25,200,0.8,0.38463,-0.13514,513,0.01783,0.83611,0.36801
000513_lcam_front_lidar.ply/000513_lcam_front_lidar.ply,0.25,200,0.8,0.39871,0.14257,514,0.00626,0.99993,0.08888
000514_lcam_front_lidar.ply/000514_lcam_front_lidar.ply,0.25,200,0.8,0.36999,0.01857,515,0.01944,0.99998,0.0581
000515_lcam_front_lidar.ply/000515_lcam_front_lidar.ply,0.25,200,0.8,0.29844,-0.00962,516,0.02101,0.99999,0.0605
000516_lcam_front_lidar.ply/000516_lcam_front_lidar.ply,0.25,200,0.8,0.35292,-0.04634,517,0.02509,0.99943,0.14116
000517_lcam_front_lidar.ply/000517_lcam_front_lidar.ply,0.25,200,0.8,0.30926,0.12294,518,0.11798,0.99999,0.06123
000518_lcam_front_lidar.ply/000518_lcam_front_lidar.ply,0.25,200,0.8,0.36135,-0.0056,519,0.1239,1.0,0.06427
000519_lcam_front_lidar.ply/000519_lcam_front_lidar.ply,0.25,200,0.8,0.32416,-0.23219,520,0.01375,0.99769,0.28766
000520_lcam_front_lidar.ply/000520_lcam_front_lidar.ply,0.25,200,0.8,0.36575,0.01651,521,0.01255,0.9969,0.23201
000521_lcam_front_lidar.ply/000521_lcam_front_lidar.ply,0.25,200,0.8,0.35345,-0.01,522,0.01212,0.99972,0.23198
000522_lcam_front_lidar.ply/000522_lcam_front_lidar.ply,0.25,200,0.8,0.43681,-0.04478,523,0.01463,0.91725,0.28183
000523_lcam_front_lidar.ply/000523_lcam_front_lidar.ply,0.25,200,0.8,0.32958,0.09233,524,0.00829,0.99701,0.08842
000524_lcam_front_lidar.ply/000524_lcam_front_lidar.ply,0.25,200,0.8,0.3761,-0.04238,525,0.01025,0.99364,0.1561
000525_lcam_front_lidar.ply/000525_lcam_front_lidar.ply,0.25,200,0.8,0.34046,-0.01541,526,0.00916,0.99648,0.16559
000526_lcam_front_lidar.ply/000526_lcam_front_lidar.ply,0.25,200,0.8,0.35517,0.0639,527,0.00181,0.99633,0.00303
000527_lcam_front_lidar.ply/000527_lcam_front_lidar.ply,0.25,200,0.8,0.29512,-0.09287,528,0.00825,0.99142,0.18019
000528_lcam_front_lidar.ply/000528_lcam_front_lidar.ply,0.25,200,0.8,0.33126,-0.15948,529,0.00532,0.97605,0.46868
000529_lcam_front_lidar.ply/000529_lcam_front_lidar.ply,0.25,200,0.8,0.30358,0.16189,530,0.00828,0.99862,0.13761
000530_lcam_front_lidar.ply/000530_lcam_front_lidar.ply,0.25,200,0.8,0.26743,0.14249,531,0.12038,1.0,0.05724
000531_lcam_front_lidar.ply/000531_lcam_front_lidar.ply,0.25,200,0.8,0.27267,-0.27722,532,0.0049,0.99289,0.35858
000532_lcam_front_lidar.ply/000532_lcam_front_lidar.ply,0.25,200,0.8,0.27774,0.25628,533,0.12115,1.0,0.06066
000533_lcam_front_lidar.ply/000533_lcam_front_lidar.ply,0.25,200,0.8,0.30049,-0.13322,534,0.00931,0.99467,0.08182
000534_lcam_front_lidar.ply/000534_lcam_front_lidar.ply,0.25,200,0.8,0.29129,-0.03393,535,0.00983,0.99577,0.13105
000535_lcam_front_lidar.ply/000535_lcam_front_lidar.ply,0.25,200,0.8,0.33735,0.00926,536,0.00571,0.99909,0.08529
000536_lcam_front_lidar.ply/000536_lcam_front_lidar.ply,0.25,200,0.8,0.33825,-0.03682,537,0.00992,0.99742,0.14683
000537_lcam_front_lidar.ply/000537_lcam_front_lidar.ply,0.25,200,0.8,0.39003,-0.02615,538,0.00968,0.99653,0.17839
000538_lcam_front_lidar.ply/000538_lcam_front_lidar.ply,0.25,200,0.8,0.3564,0.01374,539,0.00873,0.99413,0.12829
000539_lcam_front_lidar.ply/000539_lcam_front_lidar.ply,0.25,200,0.8,0.37676,-0.03935,540,0.00727,0.96362,0.17492
000540_lcam_front_lidar.ply/000540_lcam_front_lidar.ply,0.25,200,0.8,0.42946,-0.05607,541,0.00803,0.98673,0.27552
000541_lcam_front_lidar.ply/000541_lcam_front_lidar.ply,0.25,200,0.8,0.42484,-0.00431,542,0.00262,0.84655,0.21128
000542_lcam_front_lidar.ply/000542_lcam_front_lidar.ply,0.25,200,0.8,0.35529,0.09477,543,0.00616,0.96072,0.04307
000543_lcam_front_lidar.ply/000543_lcam_front_lidar.ply,0.25,200,0.8,0.34154,0.01224,544,0.00141,0.99862,0.00045
000544_lcam_front_lidar.ply/000544_lcam_front_lidar.ply,0.25,200,0.8,0.32467,-0.07568,545,0.01005,0.95393,0.13568
000545_lcam_front_lidar.ply/000545_lcam_front_lidar.ply,0.25,200,0.8,0.34118,0.01884,546,0.00826,0.9865,0.0842
000546_lcam_front_lidar.ply/000546_lcam_front_lidar.ply,0.25,200,0.8,0.37561,-0.00813,547,0.00838,0.98828,0.08123
000547_lcam_front_lidar.ply/000547_lcam_front_lidar.ply,0.25,200,0.8,0.39213,-0.06134,548,0.01033,0.99202,0.18893
000548_lcam_front_lidar.ply/000548_lcam_front_lidar.ply,0.25,200,0.8,0.36729,0.06627,549,0.01876,0.99998,0.05564
000549_lcam_front_lidar.ply/000549_lcam_front_lidar.ply,0.25,200,0.8,0.38145,-0.01037,550,0.01843,0.99998,0.05574
000550_lcam_front_lidar.ply/000550_lcam_front_lidar.ply,0.25,200,0.8,0.37463,0.03052,551,0.05115,0.99988,0.0401
000551_lcam_front_lidar.ply/000551_lcam_front_lidar.ply,0.25,200,0.8,0.36434,-0.01105,552,0.04983,0.99986,0.03956
000552_lcam_front_lidar.ply/000552_lcam_front_lidar.ply,0.25,200,0.8,0.33555,-0.01365,553,0.04646,0.9998,0.04011
000553_lcam_front_lidar.ply/000553_lcam_front_lidar.ply,0.25,200,0.8,0.37662,-0.08212,554,0.00873,0.9935,0.10699
000554_lcam_front_lidar.ply/000554_lcam_front_lidar.ply,0.25,200,0.8,0.36367,-0.03171,555,0.01261,0.99721,0.15928
000555_lcam_front_lidar.ply/000555_lcam_front_lidar.ply,0.25,200,0.8,0.49658,-0.06023,556,0.00642,0.87937,0.212
000556_lcam_front_lidar.ply/000556_lcam_front_lidar.ply,0.25,200,0.8,0.41938,0.04908,557,0.01562,0.99807,0.14787
000557_lcam_front_lidar.ply/000557_lcam_front_lidar.ply,0.25,200,0.8,0.4482,-0.00763,558,0.01462,0.99897,0.14139
000558_lcam_front_lidar.ply/000558_lcam_front_lidar.ply,0.25,200,0.8,0.44801,-0.00828,559,0.01008,0.99513,0.12771
000559_lcam_front_lidar.ply/000559_lcam_front_lidar.ply,0.25,200,0.8,0.48167,0.04534,560,0.00698,0.99999,0.01229
000560_lcam_front_lidar.ply/000560_lcam_front_lidar.ply,0.25,200,0.8,0.47256,-0.07403,561,0.01137,0.99775,0.14845
000561_lcam_front_lidar.ply/000561_lcam_front_lidar.ply,0.25,200,0.8,0.44259,-0.01921,562,0.01309,0.99956,0.17087
000562_lcam_front_lidar.ply/000562_lcam_front_lidar.ply,0.25,200,0.8,0.4614,-0.03355,563,0.01062,0.99947,0.21301
000563_lcam_front_lidar.ply/000563_lcam_front_lidar.ply,0.25,200,0.8,0.46527,-0.00701,564,0.0119,0.99618,0.20861
000564_lcam_front_lidar.ply/000564_lcam_front_lidar.ply,0.25,200,0.8,0.42969,0.00538,565,0.01328,0.9987,0.18135
000565_lcam_front_lidar.ply/000565_lcam_front_lidar.ply,0.25,200,0.8,0.40425,-0.01057,566,0.01499,0.99547,0.18495
000566_lcam_front_lidar.ply/000566_lcam_front_lidar.ply,0.25,200,0.8,0.3913,-0.0253,567,0.0169,0.99264,0.21851
000567_lcam_front_lidar.ply/000567_lcam_front_lidar.ply,0.25,200,0.8,0.41087,-0.0177,568,0.0152,0.99156,0.23018
000568_lcam_front_lidar.ply/000568_lcam_front_lidar.ply,0.25,200,0.8,0.34612,0.04593,569,0.00992,0.99965,0.11019
000569_lcam_front_lidar.ply/000569_lcam_front_lidar.ply,0.25,200,0.8,0.35051,-0.06333,570,0.01521,0.98133,0.22195
000570_lcam_front_lidar.ply/000570_lcam_front_lidar.ply,0.25,200,0.8,0.38632,-0.00928,571,0.01535,0.98385,0.22154
000571_lcam_front_lidar.ply/000571_lcam_front_lidar.ply,0.25,200,0.8,0.32348,0.12393,572,0.07341,1.0,0.07463
000572_lcam_front_lidar.ply/000572_lcam_front_lidar.ply,0.25,200,0.8,0.31561,-0.02441,573,0.05369,0.99999,0.06401
000573_lcam_front_lidar.ply/000573_lcam_front_lidar.ply,0.25,200,0.8,0.34817,-0.14155,574,0.0153,0.96164,0.23882
000574_lcam_front_lidar.ply/000574_lcam_front_lidar.ply,0.25,200,0.8,0.3219,0.14177,575,0.0753,0.99998,0.06678
000575_lcam_front_lidar.ply/000575_lcam_front_lidar.ply,0.25,200,0.8,0.33167,-0.17029,576,0.01641,0.94779,0.25392
000576_lcam_front_lidar.ply/000576_lcam_front_lidar.ply,0.25,200,0.8,0.35507,0.00357,577,0.01549,0.94383,0.22376
000577_lcam_front_lidar.ply/000577_lcam_front_lidar.ply,0.25,200,0.8,0.34143,-0.03803,578,0.01641,0.92112,0.27483
000578_lcam_front_lidar.ply/000578_lcam_front_lidar.ply,0.25,200,0.8,0.36933,-0.0156,579,0.01427,0.89066,0.27262
000579_lcam_front_lidar.ply/000579_lcam_front_lidar.ply,0.25,200,0.8,0.3886,0.16696,580,0.07153,0.99999,0.06601
000580_lcam_front_lidar.ply/000580_lcam_front_lidar.ply,0.25,200,0.8,0.44526,-0.00617,581,0.07298,0.99998,0.06125
000581_lcam_front_lidar.ply/000581_lcam_front_lidar.ply,0.25,200,0.8,0.47519,-0.18746,582,0.01569,0.92222,0.27825
000582_lcam_front_lidar.ply/000582_lcam_front_lidar.ply,0.25,200,0.8,0.4868,-0.00165,583,0.01573,0.91888,0.26064
000583_lcam_front_lidar.ply/000583_lcam_front_lidar.ply,0.25,200,0.8,0.40982,0.15796,584,0.07724,1.0,0.07207
000584_lcam_front_lidar.ply/000584_lcam_front_lidar.ply,0.25,200,0.8,0.32092,-0.21932,585,0.00197,0.83503,0.29069
000585_lcam_front_lidar.ply/000585_lcam_front_lidar.ply,0.25,200,0.8,0.35237,0.19507,586,0.06866,0.99997,0.06341
000586_lcam_front_lidar.ply/000586_lcam_front_lidar.ply,0.25,200,0.8,0.37372,-0.05281,587,0.00268,0.97135,0.00847
000587_lcam_front_lidar.ply/000587_lcam_front_lidar.ply,0.25,200,0.8,0.34797,-0.00532,588,0.00711,0.99915,0.01633
000588_lcam_front_lidar.ply/000588_lcam_front_lidar.ply,0.25,200,0.8,0.33262,0.02871,589,0.07269,1.0,0.07032
000589_lcam_front_lidar.ply/000589_lcam_front_lidar.ply,0.25,200,0.8,0.32035,-0.06655,590,0.00668,0.94106,0.03373
000590_lcam_front_lidar.ply/000590_lcam_front_lidar.ply,0.25,200,0.8,0.33078,0.01352,591,0.04224,0.99992,0.07547
000591_lcam_front_lidar.ply/000591_lcam_front_lidar.ply,0.25,200,0.8,0.31188,-0.01065,592,0.0066,0.9999,0.00546
000592_lcam_front_lidar.ply/000592_lcam_front_lidar.ply,0.25,200,0.8,0.31924,-0.00995,593,0.0057,0.99995,0.00358
000593_lcam_front_lidar.ply/000593_lcam_front_lidar.ply,0.25,200,0.8,0.34903,-0.03765,594,0.00702,0.93135,0.04094
000594_lcam_front_lidar.ply/000594_lcam_front_lidar.ply,0.25,200,0.8,0.31974,0.01159,595,0.0068,0.99554,0.01658
000595_lcam_front_lidar.ply/000595_lcam_front_lidar.ply,0.25,200,0.8,0.31704,-0.00986,596,0.00665,0.9973,0.01653
000596_lcam_front_lidar.ply/000596_lcam_front_lidar.ply,0.25,200,0.8,0.31005,-0.02218,597,0.00792,0.99608,0.04307
000597_lcam_front_lidar.ply/000597_lcam_front_lidar.ply,0.25,200,0.8,0.35257,0.00173,598,0.0068,0.99459,0.01692
000598_lcam_front_lidar.ply/000598_lcam_front_lidar.ply,0.25,200,0.8,0.37574,-0.0092,599,0.00649,0.99709,0.01545
000599_lcam_front_lidar.ply/000599_lcam_front_lidar.ply,0.25,200,0.8,0.352,-0.01228,600,0.03116,0.99985,0.07017
000600_lcam_front_lidar.ply/000600_lcam_front_lidar.ply,0.25,200,0.8,0.3875,-0.06278,601,0.01001,0.80241,0.0742
000601_lcam_front_lidar.ply/000601_lcam_front_lidar.ply,0.25,200,0.8,0.36316,-0.0085,602,0.00977,0.80779,0.07232
000602_lcam_front_lidar.ply/000602_lcam_front_lidar.ply,0.25,200,0.8,0.39013,-0.02743,603,0.00982,0.96598,0.15477
000603_lcam_front_lidar.ply/000603_lcam_front_lidar.ply,0.25,200,0.8,0.46669,0.017,604,0.00887,0.85767,0.06636
000604_lcam_front_lidar.ply/000604_lcam_front_lidar.ply,0.25,200,0.8,0.4807,0.02794,605,0.03291,0.99993,0.08125
000605_lcam_front_lidar.ply/000605_lcam_front_lidar.ply,0.25,200,0.8,0.54005,-0.08595,606,0.0108,0.98089,0.18322
000606_lcam_front_lidar.ply/000606_lcam_front_lidar.ply,0.25,200,0.8,0.52099,0.00158,607,0.01013,0.97517,0.15701
000607_lcam_front_lidar.ply/000607_lcam_front_lidar.ply,0.25,200,0.8,0.47765,0.05933,608,0.03215,0.99984,0.06978
000608_lcam_front_lidar.ply/000608_lcam_front_lidar.ply,0.25,200,0.8,0.50093,-0.05746,609,0.0068,0.99952,0.1139
000609_lcam_front_lidar.ply/000609_lcam_front_lidar.ply,0.25,200,0.8,0.46446,0.04722,610,0.03311,0.99987,0.05219
000610_lcam_front_lidar.ply/000610_lcam_front_lidar.ply,0.25,200,0.8,0.48304,-0.05164,611,0.00771,0.93328,0.06469
000611_lcam_front_lidar.ply/000611_lcam_front_lidar.ply,0.25,200,0.8,0.47069,0.00304,612,0.00706,0.97584,0.05007
000612_lcam_front_lidar.ply/000612_lcam_front_lidar.ply,0.25,200,0.8,0.43994,0.01342,613,0.03415,0.99992,0.06465
000613_lcam_front_lidar.ply/000613_lcam_front_lidar.ply,0.25,200,0.8,0.51552,-0.02283,614,0.03411,0.99996,0.09022
000614_lcam_front_lidar.ply/000614_lcam_front_lidar.ply,0.25,200,0.8,0.5051,0.00073,615,0.00706,0.99425,0.01296
000615_lcam_front_lidar.ply/000615_lcam_front_lidar.ply,0.25,200,0.8,0.64964,-0.00967,616,0.00843,0.99004,0.01379
000616_lcam_front_lidar.ply/000616_lcam_front_lidar.ply,0.25,200,0.8,0.46453,-0.01842,617,0.03863,0.99993,0.09399
000617_lcam_front_lidar.ply/000617_lcam_front_lidar.ply,0.25,200,0.8,0.46074,-0.00401,618,0.0077,0.99979,0.02011
000618_lcam_front_lidar.ply/000618_lcam_front_lidar.ply,0.25,200,0.8,0.48073,-0.01497,619,0.03935,0.99993,0.09339
000619_lcam_front_lidar.ply/000619_lcam_front_lidar.ply,0.25,200,0.8,0.45996,-0.00462,620,0.00984,0.99468,0.02204
000620_lcam_front_lidar.ply/000620_lcam_front_lidar.ply,0.25,200,0.8,0.47674,-0.00536,621,0.00315,0.99981,0.00091
000621_lcam_front_lidar.ply/000621_lcam_front_lidar.ply,0.25,200,0.8,0.4418,-0.01752,622,0.00838,0.99966,0.02637
000622_lcam_front_lidar.ply/000622_lcam_front_lidar.ply,0.25,200,0.8,0.43215,-0.02175,623,0.0284,0.99942,0.08982
000623_lcam_front_lidar.ply/000623_lcam_front_lidar.ply,0.25,200,0.8,0.44126,0.0102,624,0.00646,0.99983,0.00567
000624_lcam_front_lidar.ply/000624_lcam_front_lidar.ply,0.25,200,0.8,0.34556,-0.02536,625,0.03609,0.99993,0.09568
000625_lcam_front_lidar.ply/000625_lcam_front_lidar.ply,0.25,200,0.8,0.38445,-0.00397,626,0.03492,0.99995,0.08129
000626_lcam_front_lidar.ply/000626_lcam_front_lidar.ply,0.25,200,0.8,0.40586,-0.01574,627,0.03514,0.99986,0.09317
000627_lcam_front_lidar.ply/000627_lcam_front_lidar.ply,0.25,200,0.8,0.43189,-0.01068,628,0.03373,0.99988,0.09172
000628_lcam_front_lidar.ply/000628_lcam_front_lidar.ply,0.25,200,0.8,0.36868,0.00444,629,0.00833,0.99884,0.01173
000629_lcam_front_lidar.ply/000629_lcam_front_lidar.ply,0.25,200,0.8,0.37213,-0.08496,630,0.00726,0.98617,0.1557
000630_lcam_front_lidar.ply/000630_lcam_front_lidar.ply,0.25,200,0.8,0.38485,0.06623,631,0.0047,0.9999,0.00224
000631_lcam_front_lidar.ply/000631_lcam_front_lidar.ply,0.25,200,0.8,0.33781,-0.06191,632,0.00751,0.99212,0.10934
000632_lcam_front_lidar.ply/000632_lcam_front_lidar.ply,0.25,200,0.8,0.35807,0.02754,633,0.01112,0.98919,0.04061
000633_lcam_front_lidar.ply/000633_lcam_front_lidar.ply,0.25,200,0.8,0.36047,-0.0097,634,0.00707,0.98767,0.03144
000634_lcam_front_lidar.ply/000634_lcam_front_lidar.ply,0.25,200,0.8,0.35937,-0.00937,635,0.01191,0.99997,0.04356
000635_lcam_front_lidar.ply/000635_lcam_front_lidar.ply,0.25,200,0.8,0.36587,-0.00346,636,0.00886,0.99924,0.02415
000636_lcam_front_lidar.ply/000636_lcam_front_lidar.ply,0.25,200,0.8,0.35227,-0.02222,637,0.00715,0.93913,0.02713
000637_lcam_front_lidar.ply/000637_lcam_front_lidar.ply,0.25,200,0.8,0.36191,-0.00101,638,0.01171,0.97362,0.02863
000638_lcam_front_lidar.ply/000638_lcam_front_lidar.ply,0.25,200,0.8,0.34786,-0.00509,639,0.00891,0.99976,0.02105
000639_lcam_front_lidar.ply/000639_lcam_front_lidar.ply,0.25,200,0.8,0.35674,-0.01313,640,0.00857,0.98795,0.02311
000640_lcam_front_lidar.ply/000640_lcam_front_lidar.ply,0.25,200,0.8,0.43688,-0.01404,641,0.00732,0.99291,0.03017
000641_lcam_front_lidar.ply/000641_lcam_front_lidar.ply,0.25,200,0.8,0.42616,-0.01458,642,0.00677,0.98423,0.03561
000642_lcam_front_lidar.ply/000642_lcam_front_lidar.ply,0.25,200,0.8,0.38629,0.00055,643,0.03263,0.99987,0.07095
000643_lcam_front_lidar.ply/000643_lcam_front_lidar.ply,0.25,200,0.8,0.41642,-0.01618,644,0.00782,0.99035,0.03082
000644_lcam_front_lidar.ply/000644_lcam_front_lidar.ply,0.25,200,0.8,0.41772,-0.00803,645,0.00354,0.97813,0.01465
000645_lcam_front_lidar.ply/000645_lcam_front_lidar.ply,0.25,200,0.8,0.40705,-0.01195,646,0.00737,0.994,0.03098
000646_lcam_front_lidar.ply/000646_lcam_front_lidar.ply,0.25,200,0.8,0.3185,-0.01025,647,0.00694,0.99556,0.03109
000647_lcam_front_lidar.ply/000647_lcam_front_lidar.ply,0.25,200,0.8,0.41531,0.00415,648,0.00786,0.99996,0.00594
000648_lcam_front_lidar.ply/000648_lcam_front_lidar.ply,0.25,200,0.8,0.35014,-0.01889,649,0.00882,0.99504,0.02418
000649_lcam_front_lidar.ply/000649_lcam_front_lidar.ply,0.25,200,0.8,0.34889,-0.00697,650,0.00768,0.99834,0.01682
000650_lcam_front_lidar.ply/000650_lcam_front_lidar.ply,0.25,200,0.8,0.39774,-0.02106,651,0.00839,0.99185,0.03841
000651_lcam_front_lidar.ply/000651_lcam_front_lidar.ply,0.25,200,0.8,0.36603,-0.10214,652,0.00452,0.98162,0.21188
000652_lcam_front_lidar.ply/000652_lcam_front_lidar.ply,0.25,200,0.8,0.3233,0.08121,653,0.0086,0.99246,0.04088
000653_lcam_front_lidar.ply/000653_lcam_front_lidar.ply,0.25,200,0.8,0.35285,-0.01145,654,0.00863,0.99192,0.04368
000654_lcam_front_lidar.ply/000654_lcam_front_lidar.ply,0.25,200,0.8,0.36342,-0.01363,655,0.00915,0.99243,0.05212
000655_lcam_front_lidar.ply/000655_lcam_front_lidar.ply,0.25,200,0.8,0.46297,-0.00463,656,0.01444,0.95199,0.03983
000656_lcam_front_lidar.ply/000656_lcam_front_lidar.ply,0.25,200,0.8,0.44573,-0.01578,657,0.0086,0.98675,0.05015
000657_lcam_front_lidar.ply/000657_lcam_front_lidar.ply,0.25,200,0.8,0.41624,0.00701,658,0.00228,0.98674,0.00348
000658_lcam_front_lidar.ply/000658_lcam_front_lidar.ply,0.25,200,0.8,0.34707,-0.02832,659,0.00899,0.98995,0.0545
000659_lcam_front_lidar.ply/000659_lcam_front_lidar.ply,0.25,200,0.8,0.43208,0.01498,660,0.00666,0.99969,0.00281
000660_lcam_front_lidar.ply/000660_lcam_front_lidar.ply,0.25,200,0.8,0.44372,-0.11198,661,0.01048,0.97654,0.20745
000661_lcam_front_lidar.ply/000661_lcam_front_lidar.ply,0.25,200,0.8,0.43472,0.0616,662,0.00975,0.98734,0.06603
000662_lcam_front_lidar.ply/000662_lcam_front_lidar.ply,0.25,200,0.8,0.43032,-0.1106,663,0.01465,0.99563,0.27954
000663_lcam_front_lidar.ply/000663_lcam_front_lidar.ply,0.25,200,0.8,0.4036,-0.00284,664,0.01413,0.99775,0.2648
000664_lcam_front_lidar.ply/000664_lcam_front_lidar.ply,0.25,200,0.8,0.4129,0.00997,665,0.01037,0.99714,0.21716
000665_lcam_front_lidar.ply/000665_lcam_front_lidar.ply,0.25,200,0.8,0.4226,-0.0338,666,0.01364,0.99791,0.27152
000666_lcam_front_lidar.ply/000666_lcam_front_lidar.ply,0.25,200,0.8,0.35519,0.01827,667,0.01161,0.9908,0.20879
000667_lcam_front_lidar.ply/000667_lcam_front_lidar.ply,0.25,200,0.8,0.42553,-0.10322,668,0.00504,0.94388,0.36803
000668_lcam_front_lidar.ply/000668_lcam_front_lidar.ply,0.25,200,0.8,0.45321,0.17516,669,0.0306,0.99987,0.06564
000669_lcam_front_lidar.ply/000669_lcam_front_lidar.ply,0.25,200,0.8,0.36464,-0.01273,670,0.0465,0.99965,0.10282
000670_lcam_front_lidar.ply/000670_lcam_front_lidar.ply,0.25,200,0.8,0.40094,-0.13888,671,0.00674,0.8051,0.2227
000671_lcam_front_lidar.ply/000671_lcam_front_lidar.ply,0.25,200,0.8,0.44922,0.10961,672,0.04974,0.99957,0.12783
000672_lcam_front_lidar.ply/000672_lcam_front_lidar.ply,0.25,200,0.8,0.44486,-0.0136,673,0.00493,0.89008,0.01257
000673_lcam_front_lidar.ply/000673_lcam_front_lidar.ply,0.25,200,0.8,0.37407,0.03707,674,0.08454,0.99962,0.1105
000674_lcam_front_lidar.ply/000674_lcam_front_lidar.ply,0.25,200,0.8,0.42049,-0.11643,675,0.01181,0.99854,0.17758
000675_lcam_front_lidar.ply/000675_lcam_front_lidar.ply,0.25,200,0.8,0.41628,-0.01727,676,0.01038,0.99826,0.18918
000676_lcam_front_lidar.ply/000676_lcam_front_lidar.ply,0.25,200,0.8,0.40091,-0.00986,677,0.01083,0.99695,0.1894
000677_lcam_front_lidar.ply/000677_lcam_front_lidar.ply,0.25,200,0.8,0.45212,0.05443,678,0.04529,0.99893,0.13006
000678_lcam_front_lidar.ply/000678_lcam_front_lidar.ply,0.25,200,0.8,0.40002,0.01477,679,0.00706,0.99975,0.00431
000679_lcam_front_lidar.ply/000679_lcam_front_lidar.ply,0.25,200,0.8,0.46625,0.01202,680,0.07753,0.99968,0.10119
000680_lcam_front_lidar.ply/000680_lcam_front_lidar.ply,0.25,200,0.8,0.44329,-0.14246,681,0.00977,0.95099,0.21597
000681_lcam_front_lidar.ply/000681_lcam_front_lidar.ply,0.25,200,0.8,0.40404,0.10082,682,0.00832,0.99966,0.00604
000682_lcam_front_lidar.ply/000682_lcam_front_lidar.ply,0.25,200,0.8,0.38333,-0.10451,683,0.01473,0.90692,0.18006
000683_lcam_front_lidar.ply/000683_lcam_front_lidar.ply,0.25,200,0.8,0.45597,-0.00987,684,0.01504,0.8988,0.17799
000684_lcam_front_lidar.ply/000684_lcam_front_lidar.ply,0.25,200,0.8,0.39403,-0.05778,685,0.0077,0.9266,0.26722
000685_lcam_front_lidar.ply/000685_lcam_front_lidar.ply,0.25,200,0.8,0.41666,0.02189,686,0.01593,0.84279,0.19475
000686_lcam_front_lidar.ply/000686_lcam_front_lidar.ply,0.25,200,0.8,0.37805,0.03269,687,0.00678,0.99603,0.13705
000687_lcam_front_lidar.ply/000687_lcam_front_lidar.ply,0.25,200,0.8,0.39636,-0.06895,688,0.01883,0.83554,0.23088
000688_lcam_front_lidar.ply/000688_lcam_front_lidar.ply,0.25,200,0.8,0.44228,0.00436,689,0.01154,0.91733,0.21213
000689_lcam_front_lidar.ply/000689_lcam_front_lidar.ply,0.25,200,0.8,0.37013,-0.00915,690,0.01817,0.83164,0.19799
000690_lcam_front_lidar.ply/000690_lcam_front_lidar.ply,0.25,200,0.8,0.46843,0.0978,691,0.01086,0.99998,0.01827
000691_lcam_front_lidar.ply/000691_lcam_front_lidar.ply,0.25,200,0.8,0.32605,-0.10151,692,0.01682,0.97787,0.20656
000692_lcam_front_lidar.ply/000692_lcam_front_lidar.ply,0.25,200,0.8,0.30864,-0.03412,693,0.01082,0.82692,0.19752
000693_lcam_front_lidar.ply/000693_lcam_front_lidar.ply,0.25,200,0.8,0.34797,0.0049,694,0.01854,0.97297,0.22697
000694_lcam_front_lidar.ply/000694_lcam_front_lidar.ply,0.25,200,0.8,0.27294,0.12846,695,0.07231,0.99986,0.06567
000695_lcam_front_lidar.ply/000695_lcam_front_lidar.ply,0.25,200,0.8,0.32701,-0.01223,696,0.07297,0.99985,0.07145
000696_lcam_front_lidar.ply/000696_lcam_front_lidar.ply,0.25,200,0.8,0.3928,-0.06129,697,0.00685,0.99983,0.04177
000697_lcam_front_lidar.ply/000697_lcam_front_lidar.ply,0.25,200,0.8,0.31782,0.00766,698,0.00435,0.99983,0.00146
000698_lcam_front_lidar.ply/000698_lcam_front_lidar.ply,0.25,200,0.8,0.34786,-0.1141,699,0.00821,0.89624,0.18629
000699_lcam_front_lidar.ply/000699_lcam_front_lidar.ply,0.25,200,0.8,0.3889,0.0071,700,0.01281,0.85485,0.14887
000700_lcam_front_lidar.ply/000700_lcam_front_lidar.ply,0.25,200,0.8,0.35904,0.07271,701,0.00769,0.99897,0.01646
000701_lcam_front_lidar.ply/000701_lcam_front_lidar.ply,0.25,200,0.8,0.4788,-0.00768,702,0.0046,0.99808,0.00536
000702_lcam_front_lidar.ply/000702_lcam_front_lidar.ply,0.25,200,0.8,0.4642,-0.11119,703,0.01127,0.9973,0.22084
000703_lcam_front_lidar.ply/000703_lcam_front_lidar.ply,0.25,200,0.8,0.40067,0.08869,704,0.00771,0.99887,0.01681
000704_lcam_front_lidar.ply/000704_lcam_front_lidar.ply,0.25,200,0.8,0.37993,-0.05238,705,0.00919,0.91385,0.07901
000705_lcam_front_lidar.ply/000705_lcam_front_lidar.ply,0.25,200,0.8,0.37648,0.01564,706,0.04797,0.99902,0.13083
000706_lcam_front_lidar.ply/000706_lcam_front_lidar.ply,0.25,200,0.8,0.37096,-0.06705,707,0.01235,0.97233,0.1657
000707_lcam_front_lidar.ply/000707_lcam_front_lidar.ply,0.25,200,0.8,0.46317,0.06083,708,0.01171,0.98596,0.02684
000708_lcam_front_lidar.ply/000708_lcam_front_lidar.ply,0.25,200,0.8,0.53026,0.03741,709,0.07855,0.99991,0.06989
000709_lcam_front_lidar.ply/000709_lcam_front_lidar.ply,0.25,200,0.8,0.41461,-0.05693,710,0.01166,0.98407,0.0252
000710_lcam_front_lidar.ply/000710_lcam_front_lidar.ply,0.25,200,0.8,0.5481,-0.01075,711,0.0116,0.98673,0.02737
000711_lcam_front_lidar.ply/000711_lcam_front_lidar.ply,0.25,200,0.8,0.54091,-0.0104,712,0.01176,0.9916,0.02996
000712_lcam_front_lidar.ply/000712_lcam_front_lidar.ply,0.25,200,0.8,0.48895,-0.00927,713,0.0114,0.98618,0.02613
000713_lcam_front_lidar.ply/000713_lcam_front_lidar.ply,0.25,200,0.8,0.47629,-0.01126,714,0.0116,0.99303,0.03112
000714_lcam_front_lidar.ply/000714_lcam_front_lidar.ply,0.25,200,0.8,0.38123,-0.0096,715,0.01129,0.98945,0.02862
000715_lcam_front_lidar.ply/000715_lcam_front_lidar.ply,0.25,200,0.8,0.41451,-0.00989,716,0.01135,0.98849,0.02824
000716_lcam_front_lidar.ply/000716_lcam_front_lidar.ply,0.25,200,0.8,0.37691,-0.00911,717,0.01132,0.98269,0.02465
000717_lcam_front_lidar.ply/000717_lcam_front_lidar.ply,0.25,200,0.8,0.34326,-0.1079,718,0.01204,0.99606,0.22589
000718_lcam_front_lidar.ply/000718_lcam_front_lidar.ply,0.25,200,0.8,0.30828,0.08728,719,0.01072,0.98695,0.02596
000719_lcam_front_lidar.ply/000719_lcam_front_lidar.ply,0.25,200,0.8,0.35994,-0.00632,720,0.00654,0.99828,0.01364
000720_lcam_front_lidar.ply/000720_lcam_front_lidar.ply,0.25,200,0.8,0.30133,-0.01286,721,0.00934,0.99017,0.02254
000721_lcam_front_lidar.ply/000721_lcam_front_lidar.ply,0.25,200,0.8,0.32558,-0.00393,722,0.00485,0.99952,0.0042
000722_lcam_front_lidar.ply/000722_lcam_front_lidar.ply,0.25,200,0.8,0.31807,-0.01487,723,0.00837,0.99804,0.02054
000723_lcam_front_lidar.ply/000723_lcam_front_lidar.ply,0.25,200,0.8,0.31127,-0.08661,724,0.01069,0.97624,0.17185
000724_lcam_front_lidar.ply/000724_lcam_front_lidar.ply,0.25,200,0.8,0.32537,-0.15333,725,0.00853,0.97187,0.45289
000725_lcam_front_lidar.ply/000725_lcam_front_lidar.ply,0.25,200,0.8,0.32989,0.21254,726,0.0065,0.99956,0.01206
000726_lcam_front_lidar.ply/000726_lcam_front_lidar.ply,0.25,200,0.8,0.30861,-0.09768,727,0.01042,0.99688,0.19445
000727_lcam_front_lidar.ply/000727_lcam_front_lidar.ply,0.25,200,0.8,0.30238,0.16665,728,0.13646,0.99999,0.09417
000728_lcam_front_lidar.ply/000728_lcam_front_lidar.ply,0.25,200,0.8,0.32679,-0.26079,729,0.00519,0.97749,0.32644
000729_lcam_front_lidar.ply/000729_lcam_front_lidar.ply,0.25,200,0.8,0.29846,0.07653,730,0.00929,0.99533,0.16694
000730_lcam_front_lidar.ply/000730_lcam_front_lidar.ply,0.25,200,0.8,0.25893,-9e-05,731,0.01041,0.98527,0.14633
000731_lcam_front_lidar.ply/000731_lcam_front_lidar.ply,0.25,200,0.8,0.23913,0.13484,732,0.12788,0.99999,0.09602
000732_lcam_front_lidar.ply/000732_lcam_front_lidar.ply,0.25,200,0.8,0.26822,-0.01134,733,0.12661,0.99999,0.09615
000733_lcam_front_lidar.ply/000733_lcam_front_lidar.ply,0.25,200,0.8,0.24262,-0.11171,734,0.00892,0.99431,0.06248
000734_lcam_front_lidar.ply/000734_lcam_front_lidar.ply,0.25,200,0.8,0.23736,0.08656,735,0.11897,0.99999,0.09117
000735_lcam_front_lidar.ply/000735_lcam_front_lidar.ply,0.25,200,0.8,0.26222,-0.01389,736,0.11396,0.99999,0.08892
000736_lcam_front_lidar.ply/000736_lcam_front_lidar.ply,0.25,200,0.8,0.29306,-0.01039,737,0.10942,0.99999,0.08063
000737_lcam_front_lidar.ply/000737_lcam_front_lidar.ply,0.25,200,0.8,0.24394,-0.1171,738,0.00799,0.99984,0.09191
000738_lcam_front_lidar.ply/000738_lcam_front_lidar.ply,0.25,200,0.8,0.29959,0.10261,739,0.11451,0.99999,0.07979
000739_lcam_front_lidar.ply/000739_lcam_front_lidar.ply,0.25,200,0.8,0.30736,-0.0165,740,0.11266,0.99999,0.08909
000740_lcam_front_lidar.ply/000740_lcam_front_lidar.ply,0.25,200,0.8,0.30653,-0.01225,741,0.11312,0.99999,0.09452
000741_lcam_front_lidar.ply/000741_lcam_front_lidar.ply,0.25,200,0.8,0.30034,-0.08631,742,0.00911,0.99675,0.03816
000742_lcam_front_lidar.ply/000742_lcam_front_lidar.ply,0.25,200,0.8,0.3037,0.07371,743,0.11718,1.0,0.08785
000743_lcam_front_lidar.ply/000743_lcam_front_lidar.ply,0.25,200,0.8,0.37352,-0.08206,744,0.00197,0.99859,0.00113
000744_lcam_front_lidar.ply/000744_lcam_front_lidar.ply,0.25,200,0.8,0.33432,-0.0102,745,0.00177,0.99859,0.00112
000745_lcam_front_lidar.ply/000745_lcam_front_lidar.ply,0.25,200,0.8,0.31228,-0.0126,746,0.00197,0.99379,0.00527
000746_lcam_front_lidar.ply/000746_lcam_front_lidar.ply,0.25,200,0.8,0.3524,-0.00748,747,0.00284,0.9961,0.00267
000747_lcam_front_lidar.ply/000747_lcam_front_lidar.ply,0.25,200,0.8,0.33823,-0.10365,748,0.01762,0.9932,0.21865
000748_lcam_front_lidar.ply/000748_lcam_front_lidar.ply,0.25,200,0.8,0.34416,-0.02063,749,0.01853,0.99917,0.24353
000749_lcam_front_lidar.ply/000749_lcam_front_lidar.ply,0.25,200,0.8,0.30544,0.0183,750,0.01144,0.99388,0.17115
000750_lcam_front_lidar.ply/000750_lcam_front_lidar.ply,0.25,200,0.8,0.32132,-0.03094,751,0.02076,0.9998,0.23346
000751_lcam_front_lidar.ply/000751_lcam_front_lidar.ply,0.25,200,0.8,0.30654,0.01072,752,0.01084,0.9997,0.17216
000752_lcam_front_lidar.ply/000752_lcam_front_lidar.ply,0.25,200,0.8,0.34082,-0.01507,753,0.01266,0.99983,0.18597
000753_lcam_front_lidar.ply/000753_lcam_front_lidar.ply,0.25,200,0.8,0.3235,-0.02773,754,0.02249,0.99959,0.24103
000754_lcam_front_lidar.ply/000754_lcam_front_lidar.ply,0.25,200,0.8,0.29072,0.01219,755,0.02213,0.99863,0.19564
000755_lcam_front_lidar.ply/000755_lcam_front_lidar.ply,0.25,200,0.8,0.30543,-0.00526,756,0.02352,0.99777,0.18866
000756_lcam_front_lidar.ply/000756_lcam_front_lidar.ply,0.25,200,0.8,0.28451,-0.00644,757,0.02286,0.99723,0.18005
000757_lcam_front_lidar.ply/000757_lcam_front_lidar.ply,0.25,200,0.8,0.27453,-0.0106,758,0.02074,0.99714,0.17699
000758_lcam_front_lidar.ply/000758_lcam_front_lidar.ply,0.25,200,0.8,0.28995,-0.00766,759,0.02685,0.99968,0.18529
000759_lcam_front_lidar.ply/000759_lcam_front_lidar.ply,0.25,200,0.8,0.29638,0.00032,760,0.03083,0.99973,0.17264
000760_lcam_front_lidar.ply/000760_lcam_front_lidar.ply,0.25,200,0.8,0.30561,-0.01638,761,0.02178,0.99587,0.16615
000761_lcam_front_lidar.ply/000761_lcam_front_lidar.ply,0.25,200,0.8,0.2877,-0.01105,762,0.02494,0.99544,0.17442
000762_lcam_front_lidar.ply/000762_lcam_front_lidar.ply,0.25,200,0.8,0.25441,-0.01576,763,0.02538,0.99482,0.18665
000763_lcam_front_lidar.ply/000763_lcam_front_lidar.ply,0.25,200,0.8,0.29281,0.05352,764,0.03605,0.99912,0.08223
000764_lcam_front_lidar.ply/000764_lcam_front_lidar.ply,0.25,200,0.8,0.26576,-0.02817,765,0.01029,0.99609,0.06613
000765_lcam_front_lidar.ply/000765_lcam_front_lidar.ply,0.25,200,0.8,0.26056,-0.02659,766,0.01065,0.9941,0.09945
000766_lcam_front_lidar.ply/000766_lcam_front_lidar.ply,0.25,200,0.8,0.27058,-0.10092,767,0.00979,0.87194,0.24291
000767_lcam_front_lidar.ply/000767_lcam_front_lidar.ply,0.25,200,0.8,0.2379,0.13995,768,0.0562,0.99987,0.07423
000768_lcam_front_lidar.ply/000768_lcam_front_lidar.ply,0.25,200,0.8,0.23938,-0.07377,769,0.0155,0.99538,0.119
000769_lcam_front_lidar.ply/000769_lcam_front_lidar.ply,0.25,200,0.8,0.2656,-0.0033,770,0.00939,0.99442,0.09308
000770_lcam_front_lidar.ply/000770_lcam_front_lidar.ply,0.25,200,0.8,0.26588,-0.06326,771,0.01492,0.96574,0.20206
000771_lcam_front_lidar.ply/000771_lcam_front_lidar.ply,0.25,200,0.8,0.25662,0.08485,772,0.04258,0.99943,0.0778
000772_lcam_front_lidar.ply/000772_lcam_front_lidar.ply,0.25,200,0.8,0.2715,-0.11511,773,0.01777,0.9674,0.22878
000773_lcam_front_lidar.ply/000773_lcam_front_lidar.ply,0.25,200,0.8,0.2325,0.09748,774,0.04279,0.99944,0.07347
000774_lcam_front_lidar.ply/000774_lcam_front_lidar.ply,0.25,200,0.8,0.26452,-0.00926,775,0.04347,0.99952,0.07338
000775_lcam_front_lidar.ply/000775_lcam_front_lidar.ply,0.25,200,0.8,0.27681,-0.11394,776,0.01732,0.96039,0.21724
000776_lcam_front_lidar.ply/000776_lcam_front_lidar.ply,0.25,200,0.8,0.22364,0.05843,777,0.00784,0.99317,0.07125
000777_lcam_front_lidar.ply/000777_lcam_front_lidar.ply,0.25,200,0.8,0.26766,-0.02003,778,0.00846,0.99112,0.09194
000778_lcam_front_lidar.ply/000778_lcam_front_lidar.ply,0.25,200,0.8,0.25479,-0.04115,779,0.0251,0.99932,0.18997
000779_lcam_front_lidar.ply/000779_lcam_front_lidar.ply,0.25,200,0.8,0.29068,-0.01882,780,0.01449,0.9972,0.18577
000780_lcam_front_lidar.ply/000780_lcam_front_lidar.ply,0.25,200,0.8,0.26465,0.02233,781,0.01385,0.99887,0.12032
000781_lcam_front_lidar.ply/000781_lcam_front_lidar.ply,0.25,200,0.8,0.25683,-0.04307,782,0.01614,0.99588,0.19017
000782_lcam_front_lidar.ply/000782_lcam_front_lidar.ply,0.25,200,0.8,0.22496,-0.01086,783,0.01595,0.99749,0.19197
000783_lcam_front_lidar.ply/000783_lcam_front_lidar.ply,0.25,200,0.8,0.24257,-0.01474,784,0.01555,0.99673,0.20043
000784_lcam_front_lidar.ply/000784_lcam_front_lidar.ply,0.25,200,0.8,0.28053,0.00256,785,0.01504,0.99868,0.17489
000785_lcam_front_lidar.ply/000785_lcam_front_lidar.ply,0.25,200,0.8,0.27673,-0.03608,786,0.01806,0.99779,0.2328
000786_lcam_front_lidar.ply/000786_lcam_front_lidar.ply,0.25,200,0.8,0.2803,0.01086,787,0.016,0.99859,0.1872
000787_lcam_front_lidar.ply/000787_lcam_front_lidar.ply,0.25,200,0.8,0.2522,-0.01302,788,0.01404,0.99968,0.18965
000788_lcam_front_lidar.ply/000788_lcam_front_lidar.ply,0.25,200,0.8,0.30674,-0.02351,789,0.01609,0.99733,0.22007
000789_lcam_front_lidar.ply/000789_lcam_front_lidar.ply,0.25,200,0.8,0.33943,-0.00354,790,0.01346,0.99946,0.20252
000790_lcam_front_lidar.ply/000790_lcam_front_lidar.ply,0.25,200,0.8,0.2642,-0.00501,791,0.01714,0.99367,0.19817
000791_lcam_front_lidar.ply/000791_lcam_front_lidar.ply,0.25,200,0.8,0.25126,-0.01333,792,0.01635,0.99335,0.20316
000792_lcam_front_lidar.ply/000792_lcam_front_lidar.ply,0.25,200,0.8,0.26389,-0.00453,793,0.01517,0.98984,0.18881
000793_lcam_front_lidar.ply/000793_lcam_front_lidar.ply,0.25,200,0.8,0.2482,-0.00753,794,0.01555,0.99017,0.18472
000794_lcam_front_lidar.ply/000794_lcam_front_lidar.ply,0.25,200,0.8,0.23834,-0.00997,795,0.01411,0.99943,0.18456
000795_lcam_front_lidar.ply/000795_lcam_front_lidar.ply,0.25,200,0.8,0.2379,-0.00737,796,0.01253,0.99887,0.17597
000796_lcam_front_lidar.ply/000796_lcam_front_lidar.ply,0.25,200,0.8,0.29947,-0.00465,797,0.0133,0.99736,0.16636
000797_lcam_front_lidar.ply/000797_lcam_front_lidar.ply,0.25,200,0.8,0.24782,-0.00145,798,0.02255,0.99979,0.16848
000798_lcam_front_lidar.ply/000798_lcam_front_lidar.ply,0.25,200,0.8,0.23854,-0.03319,799,0.01239,0.99897,0.19429
000799_lcam_front_lidar.ply/000799_lcam_front_lidar.ply,0.25,200,0.8,0.39893,-0.01276,800,0.01306,0.99844,0.201
000800_lcam_front_lidar.ply/000800_lcam_front_lidar.ply,0.25,200,0.8,0.25121,-0.00504,801,0.01366,0.99549,0.19141
000801_lcam_front_lidar.ply/000801_lcam_front_lidar.ply,0.25,200,0.8,0.27782,-0.01148,802,0.01369,0.99904,0.19547
000802_lcam_front_lidar.ply/000802_lcam_front_lidar.ply,0.25,200,0.8,0.24917,-0.01943,803,0.01424,0.99985,0.21569
000803_lcam_front_lidar.ply/000803_lcam_front_lidar.ply,0.25,200,0.8,0.33661,0.04681,804,0.01191,0.99802,0.09686
000804_lcam_front_lidar.ply/000804_lcam_front_lidar.ply,0.25,200,0.8,0.24568,-0.10929,805,0.00715,0.87434,0.24882
000805_lcam_front_lidar.ply/000805_lcam_front_lidar.ply,0.25,200,0.8,0.30875,0.03679,806,0.01444,0.99854,0.20707
000806_lcam_front_lidar.ply/000806_lcam_front_lidar.ply,0.25,200,0.8,0.2801,0.02711,807,0.0121,0.9887,0.12521
000807_lcam_front_lidar.ply/000807_lcam_front_lidar.ply,0.25,200,0.8,0.24798,-0.01212,808,0.01191,0.98774,0.12879
000808_lcam_front_lidar.ply/000808_lcam_front_lidar.ply,0.25,200,0.8,0.26,0.01434,809,0.01145,0.99814,0.08231
000809_lcam_front_lidar.ply/000809_lcam_front_lidar.ply,0.25,200,0.8,0.25021,-0.02442,810,0.0117,0.99003,0.10923
000810_lcam_front_lidar.ply/000810_lcam_front_lidar.ply,0.25,200,0.8,0.25879,-0.02619,811,0.00999,0.99698,0.14026
000811_lcam_front_lidar.ply/000811_lcam_front_lidar.ply,0.25,200,0.8,0.24245,0.01435,812,0.01107,0.99898,0.09433
000812_lcam_front_lidar.ply/000812_lcam_front_lidar.ply,0.25,200,0.8,0.32201,-0.03921,813,0.01238,0.99381,0.15381
000813_lcam_front_lidar.ply/000813_lcam_front_lidar.ply,0.25,200,0.8,0.3086,-0.0484,814,0.0131,0.99976,0.23383
000814_lcam_front_lidar.ply/000814_lcam_front_lidar.ply,0.25,200,0.8,0.25919,0.01414,815,0.01212,0.99737,0.18289
000815_lcam_front_lidar.ply/000815_lcam_front_lidar.ply,0.25,200,0.8,0.28876,-0.01225,816,0.01251,0.99857,0.18851
000816_lcam_front_lidar.ply/000816_lcam_front_lidar.ply,0.25,200,0.8,0.28955,-0.01218,817,0.01548,0.99789,0.19861
000817_lcam_front_lidar.ply/000817_lcam_front_lidar.ply,0.25,200,0.8,0.3027,-0.00322,818,0.01405,0.99857,0.18239
000818_lcam_front_lidar.ply/000818_lcam_front_lidar.ply,0.25,200,0.8,0.32729,-0.01848,819,0.01239,0.9983,0.19596
000819_lcam_front_lidar.ply/000819_lcam_front_lidar.ply,0.25,200,0.8,0.2961,-0.00122,820,0.01137,0.99891,0.17655
000820_lcam_front_lidar.ply/000820_lcam_front_lidar.ply,0.25,200,0.8,0.26194,-0.01624,821,0.01176,0.99795,0.18952
000821_lcam_front_lidar.ply/000821_lcam_front_lidar.ply,0.25,200,0.8,0.37444,-0.00766,822,0.01202,0.99642,0.18491
000822_lcam_front_lidar.ply/000822_lcam_front_lidar.ply,0.25,200,0.8,0.35032,0.03184,823,0.01084,0.9911,0.09728
000823_lcam_front_lidar.ply/000823_lcam_front_lidar.ply,0.25,200,0.8,0.35782,-0.00861,824,0.01162,0.99328,0.09672
000824_lcam_front_lidar.ply/000824_lcam_front_lidar.ply,0.25,200,0.8,0.40749,-0.04174,825,0.01335,0.9936,0.16376
000825_lcam_front_lidar.ply/000825_lcam_front_lidar.ply,0.25,200,0.8,0.32854,0.01425,826,0.01132,0.99103,0.11044
000826_lcam_front_lidar.ply/000826_lcam_front_lidar.ply,0.25,200,0.8,0.28505,-0.03396,827,0.01399,0.9862,0.16225
000827_lcam_front_lidar.ply/000827_lcam_front_lidar.ply,0.25,200,0.8,0.2617,0.01444,828,0.01057,0.98786,0.10704
000828_lcam_front_lidar.ply/000828_lcam_front_lidar.ply,0.25,200,0.8,0.25959,-0.08784,829,0.01585,0.90553,0.24857
000829_lcam_front_lidar.ply/000829_lcam_front_lidar.ply,0.25,200,0.8,0.26113,-0.02119,830,0.01864,0.96019,0.29292
000830_lcam_front_lidar.ply/000830_lcam_front_lidar.ply,0.25,200,0.8,0.31776,-0.00987,831,0.02506,0.94597,0.30124
000831_lcam_front_lidar.ply/000831_lcam_front_lidar.ply,0.25,200,0.8,0.23599,0.06621,832,0.01242,0.98875,0.13636
000832_lcam_front_lidar.ply/000832_lcam_front_lidar.ply,0.25,200,0.8,0.29793,-0.09483,833,0.02466,0.8992,0.30363
000833_lcam_front_lidar.ply/000833_lcam_front_lidar.ply,0.25,200,0.8,0.29878,-0.01475,834,0.02651,0.86079,0.3053
000834_lcam_front_lidar.ply/000834_lcam_front_lidar.ply,0.25,200,0.8,0.2603,0.09486,835,0.01114,0.99365,0.1047
000835_lcam_front_lidar.ply/000835_lcam_front_lidar.ply,0.25,200,0.8,0.30334,-0.01249,836,0.01111,0.99284,0.10938
000836_lcam_front_lidar.ply/000836_lcam_front_lidar.ply,0.25,200,0.8,0.24708,-0.01093,837,0.01135,0.99319,0.11183
000837_lcam_front_lidar.ply/000837_lcam_front_lidar.ply,0.25,200,0.8,0.26097,-0.1053,838,0.02839,0.88334,0.30355
000838_lcam_front_lidar.ply/000838_lcam_front_lidar.ply,0.25,200,0.8,0.27953,-0.02638,839,0.03304,0.81658,0.32559
000839_lcam_front_lidar.ply/000839_lcam_front_lidar.ply,0.25,200,0.8,0.26473,0.19923,840,0.11559,0.99986,0.1272
000840_lcam_front_lidar.ply/000840_lcam_front_lidar.ply,0.25,200,0.8,0.24304,-0.01774,841,0.10126,0.99976,0.11399
000841_lcam_front_lidar.ply/000841_lcam_front_lidar.ply,0.25,200,0.8,0.33889,0.01041,842,0.1253,0.9997,0.12125
000842_lcam_front_lidar.ply/000842_lcam_front_lidar.ply,0.25,200,0.8,0.3058,-0.22187,843,0.02665,0.84551,0.30142
000843_lcam_front_lidar.ply/000843_lcam_front_lidar.ply,0.25,200,0.8,0.21289,0.20344,844,0.10886,0.99987,0.08526
000844_lcam_front_lidar.ply/000844_lcam_front_lidar.ply,0.25,200,0.8,0.22683,-0.01651,845,0.09414,0.99994,0.06887
000845_lcam_front_lidar.ply/000845_lcam_front_lidar.ply,0.25,200,0.8,0.24066,-0.00741,846,0.10435,0.99982,0.08408
000846_lcam_front_lidar.ply/000846_lcam_front_lidar.ply,0.25,200,0.8,0.26979,-0.13598,847,0.02,0.99978,0.16731
000847_lcam_front_lidar.ply/000847_lcam_front_lidar.ply,0.25,200,0.8,0.32058,-0.00992,848,0.01245,0.99255,0.14989
000848_lcam_front_lidar.ply/000848_lcam_front_lidar.ply,0.25,200,0.8,0.25893,-0.02282,849,0.0139,0.99569,0.17938
000849_lcam_front_lidar.ply/000849_lcam_front_lidar.ply,0.25,200,0.8,0.25295,0.00694,850,0.01251,0.98709,0.14014
000850_lcam_front_lidar.ply/000850_lcam_front_lidar.ply,0.25,200,0.8,0.23529,-0.00712,851,0.01363,0.99002,0.13749
000851_lcam_front_lidar.ply/000851_lcam_front_lidar.ply,0.25,200,0.8,0.24313,-0.0068,852,0.0152,0.99225,0.1349
000852_lcam_front_lidar.ply/000852_lcam_front_lidar.ply,0.25,200,0.8,0.23823,-0.03773,853,0.01529,0.99832,0.19237
000853_lcam_front_lidar.ply/000853_lcam_front_lidar.ply,0.25,200,0.8,0.1929,0.01912,854,0.01481,0.99301,0.13157
000854_lcam_front_lidar.ply/000854_lcam_front_lidar.ply,0.25,200,0.8,0.21975,-0.03493,855,0.01575,0.99736,0.18462
000855_lcam_front_lidar.ply/000855_lcam_front_lidar.ply,0.25,200,0.8,0.25924,0.00073,856,0.01834,0.99162,0.16662
000856_lcam_front_lidar.ply/000856_lcam_front_lidar.ply,0.25,200,0.8,0.26133,-0.04814,857,0.02757,0.99824,0.26336
000857_lcam_front_lidar.ply/000857_lcam_front_lidar.ply,0.25,200,0.8,0.25578,0.03778,858,0.02377,0.99768,0.16003
000858_lcam_front_lidar.ply/000858_lcam_front_lidar.ply,0.25,200,0.8,0.25427,-0.02857,859,0.02848,0.99874,0.20691
000859_lcam_front_lidar.ply/000859_lcam_front_lidar.ply,0.25,200,0.8,0.25321,0.01047,860,0.01382,0.99231,0.13472
000860_lcam_front_lidar.ply/000860_lcam_front_lidar.ply,0.25,200,0.8,0.2229,0.00446,861,0.02551,0.99909,0.1312
000861_lcam_front_lidar.ply/000861_lcam_front_lidar.ply,0.25,200,0.8,0.27785,-0.03778,862,0.02581,0.99868,0.18725
000862_lcam_front_lidar.ply/000862_lcam_front_lidar.ply,0.25,200,0.8,0.24827,0.00216,863,0.02652,0.9988,0.16438
000863_lcam_front_lidar.ply/000863_lcam_front_lidar.ply,0.25,200,0.8,0.21735,-0.01557,864,0.02425,0.99886,0.17101
000864_lcam_front_lidar.ply/000864_lcam_front_lidar.ply,0.25,200,0.8,0.26308,-0.00564,865,0.02348,0.99908,0.16081
000865_lcam_front_lidar.ply/000865_lcam_front_lidar.ply,0.25,200,0.8,0.2294,0.00782,866,0.02395,0.99912,0.12612
000866_lcam_front_lidar.ply/000866_lcam_front_lidar.ply,0.25,200,0.8,0.22843,-0.03211,867,0.02544,0.99907,0.17329
000867_lcam_front_lidar.ply/000867_lcam_front_lidar.ply,0.25,200,0.8,0.24912,-0.016,868,0.02539,0.99897,0.18518
000868_lcam_front_lidar.ply/000868_lcam_front_lidar.ply,0.25,200,0.8,0.26897,0.01253,869,0.01263,0.99927,0.11468
000869_lcam_front_lidar.ply/000869_lcam_front_lidar.ply,0.25,200,0.8,0.23107,-0.02488,870,0.02381,0.99921,0.16678
000870_lcam_front_lidar.ply/000870_lcam_front_lidar.ply,0.25,200,0.8,0.26833,-0.01485,871,0.02577,0.99909,0.18039
000871_lcam_front_lidar.ply/000871_lcam_front_lidar.ply,0.25,200,0.8,0.22803,-0.00029,872,0.01244,0.99871,0.13421
000872_lcam_front_lidar.ply/000872_lcam_front_lidar.ply,0.25,200,0.8,0.27975,0.03215,873,0.01152,0.99784,0.04781
000873_lcam_front_lidar.ply/000873_lcam_front_lidar.ply,0.25,200,0.8,0.34417,-0.04259,874,0.01217,0.98823,0.1114
000874_lcam_front_lidar.ply/000874_lcam_front_lidar.ply,0.25,200,0.8,0.26892,-0.02682,875,0.01471,0.99786,0.15299
000875_lcam_front_lidar.ply/000875_lcam_front_lidar.ply,0.25,200,0.8,0.28132,0.05606,876,0.00488,0.99875,0.00148
000876_lcam_front_lidar.ply/000876_lcam_front_lidar.ply,0.25,200,0.8,0.34611,-0.06421,877,0.0125,0.9872,0.12168
000877_lcam_front_lidar.ply/000877_lcam_front_lidar.ply,0.25,200,0.8,0.26982,-0.00475,878,0.01332,0.9895,0.11352
000878_lcam_front_lidar.ply/000878_lcam_front_lidar.ply,0.25,200,0.8,0.28744,-0.01631,879,0.01236,0.99232,0.12507
000879_lcam_front_lidar.ply/000879_lcam_front_lidar.ply,0.25,200,0.8,0.27386,0.04549,880,0.00512,0.99876,0.00154
000880_lcam_front_lidar.ply/000880_lcam_front_lidar.ply,0.25,200,0.8,0.28782,-0.05942,881,0.01179,0.99076,0.11133
000881_lcam_front_lidar.ply/000881_lcam_front_lidar.ply,0.25,200,0.8,0.29291,-0.02778,882,0.01288,0.99315,0.14979
000882_lcam_front_lidar.ply/000882_lcam_front_lidar.ply,0.25,200,0.8,0.22992,0.01187,883,0.01173,0.99265,0.10359
000883_lcam_front_lidar.ply/000883_lcam_front_lidar.ply,0.25,200,0.8,0.24062,-0.0153,884,0.01228,0.99237,0.11523
000884_lcam_front_lidar.ply/000884_lcam_front_lidar.ply,0.25,200,0.8,0.22726,-0.03458,885,0.01267,0.99933,0.16724
000885_lcam_front_lidar.ply/000885_lcam_front_lidar.ply,0.25,200,0.8,0.24742,-0.00932,886,0.0136,0.99116,0.1653
000886_lcam_front_lidar.ply/000886_lcam_front_lidar.ply,0.25,200,0.8,0.19951,0.06373,887,0.00425,0.99989,0.00174
000887_lcam_front_lidar.ply/000887_lcam_front_lidar.ply,0.25,200,0.8,0.21757,-0.0573,888,0.0129,0.99208,0.1113
000888_lcam_front_lidar.ply/000888_lcam_front_lidar.ply,0.25,200,0.8,0.25564,-0.01728,889,0.01355,0.99141,0.12694
000889_lcam_front_lidar.ply/000889_lcam_front_lidar.ply,0.25,200,0.8,0.21147,-0.106,890,0.01039,0.85164,0.2707
000890_lcam_front_lidar.ply/000890_lcam_front_lidar.ply,0.25,200,0.8,0.21256,0.12243,891,0.01221,0.99752,0.05327
000891_lcam_front_lidar.ply/000891_lcam_front_lidar.ply,0.25,200,0.8,0.28352,-0.04489,892,0.02486,0.99941,0.1489
000892_lcam_front_lidar.ply/000892_lcam_front_lidar.ply,0.25,200,0.8,0.27709,-0.01399,893,0.0243,0.99935,0.15574
000893_lcam_front_lidar.ply/000893_lcam_front_lidar.ply,0.25,200,0.8,0.26723,-0.0089,894,0.02464,0.99933,0.15421
000894_lcam_front_lidar.ply/000894_lcam_front_lidar.ply,0.25,200,0.8,0.23986,-0.03281,895,0.01479,0.9941,0.17857
000895_lcam_front_lidar.ply/000895_lcam_front_lidar.ply,0.25,200,0.8,0.2073,0.00937,896,0.01391,0.99342,0.13786
000896_lcam_front_lidar.ply/000896_lcam_front_lidar.ply,0.25,200,0.8,0.19944,-0.01823,897,0.01336,0.99269,0.15299
000897_lcam_front_lidar.ply/000897_lcam_front_lidar.ply,0.25,200,0.8,0.21476,-0.0422,898,0.01464,0.99776,0.22148
000898_lcam_front_lidar.ply/000898_lcam_front_lidar.ply,0.25,200,0.8,0.20641,-0.00411,899,0.01449,0.99914,0.20982
000899_lcam_front_lidar.ply/000899_lcam_front_lidar.ply,0.25,200,0.8,0.18062,0.01096,900,0.01402,0.99766,0.16651
000900_lcam_front_lidar.ply/000900_lcam_front_lidar.ply,0.25,200,0.8,0.20872,-0.02375,901,0.01454,0.99841,0.19528
000901_lcam_front_lidar.ply/000901_lcam_front_lidar.ply,0.25,200,0.8,0.20599,0.07602,902,0.00302,0.99989,0.00065
000902_lcam_front_lidar.ply/000902_lcam_front_lidar.ply,0.25,200,0.8,0.23813,-0.07489,903,0.02277,0.99908,0.16967
000903_lcam_front_lidar.ply/000903_lcam_front_lidar.ply,0.25,200,0.8,0.30914,-0.09779,904,0.0,0.0,0.0
000904_lcam_front_lidar.ply/000904_lcam_front_lidar.ply,0.25,200,0.8,0.19886,0.08697,905,0.02234,0.99938,0.15057
000905_lcam_front_lidar.ply/000905_lcam_front_lidar.ply,0.25,200,0.8,0.23057,0.04639,906,0.00389,0.99986,0.00102
000906_lcam_front_lidar.ply/000906_lcam_front_lidar.ply,0.25,200,0.8,0.17936,-0.07693,907,0.0253,0.99968,0.17765
000907_lcam_front_lidar.ply/000907_lcam_front_lidar.ply,0.25,200,0.8,0.21379,0.05693,908,0.00394,0.99984,0.0011
000908_lcam_front_lidar.ply/000908_lcam_front_lidar.ply,0.25,200,0.8,0.19645,-0.07297,909,0.02283,0.99924,0.16465
000909_lcam_front_lidar.ply/000909_lcam_front_lidar.ply,0.25,200,0.8,0.23826,-0.01247,910,0.02426,0.9994,0.17248
000910_lcam_front_lidar.ply/000910_lcam_front_lidar.ply,0.25,200,0.8,0.19451,-0.00808,911,0.02351,0.99942,0.16715
000911_lcam_front_lidar.ply/000911_lcam_front_lidar.ply,0.25,200,0.8,0.21096,0.01754,912,0.01434,0.99213,0.09156
000912_lcam_front_lidar.ply/000912_lcam_front_lidar.ply,0.25,200,0.8,0.25146,-0.02902,913,0.01047,0.99591,0.12299
000913_lcam_front_lidar.ply/000913_lcam_front_lidar.ply,0.25,200,0.8,0.21767,0.04625,914,0.00604,0.9997,0.00277
000914_lcam_front_lidar.ply/000914_lcam_front_lidar.ply,0.25,200,0.8,0.20641,-0.07128,915,0.01135,0.99692,0.13512
000915_lcam_front_lidar.ply/000915_lcam_front_lidar.ply,0.25,200,0.8,0.24709,0.0503,916,0.00434,0.99979,0.00135
000916_lcam_front_lidar.ply/000916_lcam_front_lidar.ply,0.25,200,0.8,0.21425,-0.06195,917,0.01372,0.99876,0.12373
000917_lcam_front_lidar.ply/000917_lcam_front_lidar.ply,0.25,200,0.8,0.20603,-0.10522,918,0.0084,0.9709,0.29515
000918_lcam_front_lidar.ply/000918_lcam_front_lidar.ply,0.25,200,0.8,0.20604,0.08299,919,0.01128,0.998,0.12306
000919_lcam_front_lidar.ply/000919_lcam_front_lidar.ply,0.25,200,0.8,0.22193,-0.0195,920,0.01271,0.98241,0.14025
000920_lcam_front_lidar.ply/000920_lcam_front_lidar.ply,0.25,200,0.8,0.1967,-0.08232,921,0.00841,0.99286,0.27944
000921_lcam_front_lidar.ply/000921_lcam_front_lidar.ply,0.25,200,0.8,0.22195,0.07694,922,0.01186,0.99479,0.11302
000922_lcam_front_lidar.ply/000922_lcam_front_lidar.ply,0.25,200,0.8,0.23113,-0.00091,923,0.01351,0.9969,0.09878
000923_lcam_front_lidar.ply/000923_lcam_front_lidar.ply,0.25,200,0.8,0.19527,-0.01218,924,0.01202,0.98734,0.0973
000924_lcam_front_lidar.ply/000924_lcam_front_lidar.ply,0.25,200,0.8,0.22211,-0.01426,925,0.01104,0.98262,0.10244
000925_lcam_front_lidar.ply/000925_lcam_front_lidar.ply,0.25,200,0.8,0.23381,0.03489,926,0.00275,0.99854,0.00087
000926_lcam_front_lidar.ply/000926_lcam_front_lidar.ply,0.25,200,0.8,0.26428,-0.12053,927,0.00721,0.95873,0.21892
000927_lcam_front_lidar.ply/000927_lcam_front_lidar.ply,0.25,200,0.8,0.24667,-0.00993,928,0.01822,0.98257,0.24794
000928_lcam_front_lidar.ply/000928_lcam_front_lidar.ply,0.25,200,0.8,0.2376,0.08268,929,0.0089,0.99991,0.04916
000929_lcam_front_lidar.ply/000929_lcam_front_lidar.ply,0.25,200,0.8,0.25493,-0.06275,930,0.01485,0.98853,0.16315
000930_lcam_front_lidar.ply/000930_lcam_front_lidar.ply,0.25,200,0.8,0.21011,0.06569,931,0.0081,1.0,0.00171
000931_lcam_front_lidar.ply/000931_lcam_front_lidar.ply,0.25,200,0.8,0.22081,-0.01111,932,0.00919,0.99975,0.00603
000932_lcam_front_lidar.ply/000932_lcam_front_lidar.ply,0.25,200,0.8,0.24776,-0.01231,933,0.01706,0.99997,0.02645
000933_lcam_front_lidar.ply/000933_lcam_front_lidar.ply,0.25,200,0.8,0.23038,-0.00807,934,0.00852,0.99972,0.00545
000934_lcam_front_lidar.ply/000934_lcam_front_lidar.ply,0.25,200,0.8,0.26347,-0.07766,935,0.01247,0.91845,0.12428
000935_lcam_front_lidar.ply/000935_lcam_front_lidar.ply,0.25,200,0.8,0.23067,-0.00303,936,0.02578,0.99911,0.16114
000936_lcam_front_lidar.ply/000936_lcam_front_lidar.ply,0.25,200,0.8,0.26338,0.02377,937,0.02422,0.99972,0.09067
000937_lcam_front_lidar.ply/000937_lcam_front_lidar.ply,0.25,200,0.8,0.24034,0.0171,938,0.00867,0.99969,0.00536
000938_lcam_front_lidar.ply/000938_lcam_front_lidar.ply,0.25,200,0.8,0.20646,-0.05982,939,0.01384,0.99395,0.11363
000939_lcam_front_lidar.ply/000939_lcam_front_lidar.ply,0.25,200,0.8,0.24624,0.04039,940,0.00993,0.99989,0.0068
000940_lcam_front_lidar.ply/000940_lcam_front_lidar.ply,0.25,200,0.8,0.27322,-0.11072,941,0.02017,0.99556,0.22743
000941_lcam_front_lidar.ply/000941_lcam_front_lidar.ply,0.25,200,0.8,0.23067,0.03718,942,0.01258,0.99587,0.11799
000942_lcam_front_lidar.ply/000942_lcam_front_lidar.ply,0.25,200,0.8,0.27155,-0.04902,943,0.01881,0.99318,0.20768
000943_lcam_front_lidar.ply/000943_lcam_front_lidar.ply,0.25,200,0.8,0.26402,-0.01262,944,0.01906,0.99569,0.21418
000944_lcam_front_lidar.ply/000944_lcam_front_lidar.ply,0.25,200,0.8,0.28969,-0.0056,945,0.01912,0.9943,0.20506
000945_lcam_front_lidar.ply/000945_lcam_front_lidar.ply,0.25,200,0.8,0.28741,-0.01233,946,0.01894,0.99475,0.20951
000946_lcam_front_lidar.ply/000946_lcam_front_lidar.ply,0.25,200,0.8,0.2669,-0.00512,947,0.01842,0.99603,0.19909
000947_lcam_front_lidar.ply/000947_lcam_front_lidar.ply,0.25,200,0.8,0.24851,-0.00311,948,0.01659,0.99551,0.18149
000948_lcam_front_lidar.ply/000948_lcam_front_lidar.ply,0.25,200,0.8,0.27293,-0.0124,949,0.01586,0.99261,0.18397
000949_lcam_front_lidar.ply/000949_lcam_front_lidar.ply,0.25,200,0.8,0.2791,0.07412,950,0.01079,0.99975,0.00773
000950_lcam_front_lidar.ply/000950_lcam_front_lidar.ply,0.25,200,0.8,0.27666,-0.01067,951,0.00998,0.99973,0.00743
000951_lcam_front_lidar.ply/000951_lcam_front_lidar.ply,0.25,200,0.8,0.26427,-0.01033,952,0.00953,0.99961,0.00716
000952_lcam_front_lidar.ply/000952_lcam_front_lidar.ply,0.25,200,0.8,0.29368,-0.00976,953,0.00992,0.9996,0.00745
000953_lcam_front_lidar.ply/000953_lcam_front_lidar.ply,0.25,200,0.8,0.30138,-0.01048,954,0.0091,0.99979,0.00681
000954_lcam_front_lidar.ply/000954_lcam_front_lidar.ply,0.25,200,0.8,0.31739,-0.08534,955,0.01369,0.99568,0.16544
000955_lcam_front_lidar.ply/000955_lcam_front_lidar.ply,0.25,200,0.8,0.36509,0.06587,956,0.01036,0.99973,0.00825
000956_lcam_front_lidar.ply/000956_lcam_front_lidar.ply,0.25,200,0.8,0.36374,-0.10435,957,0.01557,0.9959,0.20624
000957_lcam_front_lidar.ply/000957_lcam_front_lidar.ply,0.25,200,0.8,0.36149,-0.00203,958,0.01558,0.99551,0.1902
000958_lcam_front_lidar.ply/000958_lcam_front_lidar.ply,0.25,200,0.8,0.37321,-0.00862,959,0.01602,0.99573,0.18839
000959_lcam_front_lidar.ply/000959_lcam_front_lidar.ply,0.25,200,0.8,0.4203,-0.01314,960,0.01651,0.99531,0.19553
000960_lcam_front_lidar.ply/000960_lcam_front_lidar.ply,0.25,200,0.8,0.45409,-0.0048,961,0.01525,0.99808,0.18342
000961_lcam_front_lidar.ply/000961_lcam_front_lidar.ply,0.25,200,0.8,0.3928,-0.00865,962,0.017,0.99824,0.18427
000962_lcam_front_lidar.ply/000962_lcam_front_lidar.ply,0.25,200,0.8,0.44603,-0.00375,963,0.01566,0.99954,0.16948
000963_lcam_front_lidar.ply/000963_lcam_front_lidar.ply,0.25,200,0.8,0.45445,-0.01678,964,0.01432,0.99834,0.18
000964_lcam_front_lidar.ply/000964_lcam_front_lidar.ply,0.25,200,0.8,0.44489,-0.01536,965,0.0132,0.99894,0.18865
000965_lcam_front_lidar.ply/000965_lcam_front_lidar.ply,0.25,200,0.8,0.50048,0.00091,966,0.01305,0.99969,0.16677
000966_lcam_front_lidar.ply/000966_lcam_front_lidar.ply,0.25,200,0.8,0.48619,-0.00785,967,0.01225,0.99993,0.16092
000967_lcam_front_lidar.ply/000967_lcam_front_lidar.ply,0.25,200,0.8,0.45084,-0.0223,968,0.01222,0.99897,0.18518
000968_lcam_front_lidar.ply/000968_lcam_front_lidar.ply,0.25,200,0.8,0.47423,0.07535,969,0.00677,0.99998,0.00388
000969_lcam_front_lidar.ply/000969_lcam_front_lidar.ply,0.25,200,0.8,0.47966,-0.01062,970,0.00815,0.99997,0.00789
000970_lcam_front_lidar.ply/000970_lcam_front_lidar.ply,0.25,200,0.8,0.42176,-0.00935,971,0.01126,0.99998,0.0128
000971_lcam_front_lidar.ply/000971_lcam_front_lidar.ply,0.25,200,0.8,0.42733,-0.00968,972,0.0077,0.99999,0.00505
000972_lcam_front_lidar.ply/000972_lcam_front_lidar.ply,0.25,200,0.8,0.43376,-0.10638,973,0.00472,0.92258,0.16863
000973_lcam_front_lidar.ply/000973_lcam_front_lidar.ply,0.25,200,0.8,0.43573,0.08555,974,0.0116,0.99991,0.01447
000974_lcam_front_lidar.ply/000974_lcam_front_lidar.ply,0.25,200,0.8,0.41459,-0.01022,975,0.00877,0.99987,0.00923
000975_lcam_front_lidar.ply/000975_lcam_front_lidar.ply,0.25,200,0.8,0.37353,-0.00991,976,0.01233,0.9998,0.01617
000976_lcam_front_lidar.ply/000976_lcam_front_lidar.ply,0.25,200,0.8,0.38996,-0.01092,977,0.00487,0.99973,0.00306
000977_lcam_front_lidar.ply/000977_lcam_front_lidar.ply,0.25,200,0.8,0.40433,-0.00995,978,0.01205,0.99995,0.0174
000978_lcam_front_lidar.ply/000978_lcam_front_lidar.ply,0.25,200,0.8,0.40529,-0.00931,979,0.01072,0.99992,0.01336
000979_lcam_front_lidar.ply/000979_lcam_front_lidar.ply,0.25,200,0.8,0.4056,-0.00929,980,0.00851,0.99987,0.00748
000980_lcam_front_lidar.ply/000980_lcam_front_lidar.ply,0.25,200,0.8,0.39696,-0.01144,981,0.01006,0.99978,0.01343
000981_lcam_front_lidar.ply/000981_lcam_front_lidar.ply,0.25,200,0.8,0.41862,-0.01011,982,0.01298,0.9998,0.01949
000982_lcam_front_lidar.ply/000982_lcam_front_lidar.ply,0.25,200,0.8,0.3899,-0.00929,983,0.01357,0.99979,0.01926
000983_lcam_front_lidar.ply/000983_lcam_front_lidar.ply,0.25,200,0.8,0.47231,-0.01126,984,0.01262,0.99986,0.01989
000984_lcam_front_lidar.ply/000984_lcam_front_lidar.ply,0.25,200,0.8,0.42213,-0.00762,985,0.00938,0.99989,0.00867
000985_lcam_front_lidar.ply/000985_lcam_front_lidar.ply,0.25,200,0.8,0.43946,-0.00987,986,0.00949,0.99984,0.00861
000986_lcam_front_lidar.ply/000986_lcam_front_lidar.ply,0.25,200,0.8,0.36485,-0.01188,987,0.01467,0.99932,0.02257
000987_lcam_front_lidar.ply/000987_lcam_front_lidar.ply,0.25,200,0.8,0.42855,-0.01022,988,0.01463,0.99914,0.02288
000988_lcam_front_lidar.ply/000988_lcam_front_lidar.ply,0.25,200,0.8,0.40472,-0.01041,989,0.01425,0.99928,0.02298
000989_lcam_front_lidar.ply/000989_lcam_front_lidar.ply,0.25,200,0.8,0.40638,-0.0075,990,0.00953,0.99987,0.00872
000990_lcam_front_lidar.ply/000990_lcam_front_lidar.ply,0.25,200,0.8,0.45387,-0.01011,991,0.01056,0.99994,0.01102
000991_lcam_front_lidar.ply/000991_lcam_front_lidar.ply,0.25,200,0.8,0.46876,-0.01149,992,0.01364,0.99977,0.02009
000992_lcam_front_lidar.ply/000992_lcam_front_lidar.ply,0.25,200,0.8,0.4462,-0.06319,993,0.01104,0.98823,0.11783
000993_lcam_front_lidar.ply/000993_lcam_front_lidar.ply,0.25,200,0.8,0.38895,0.04307,994,0.01349,0.99979,0.02004
000994_lcam_front_lidar.ply/000994_lcam_front_lidar.ply,0.25,200,0.8,0.45267,-0.06093,995,0.01588,0.86621,0.0866
000995_lcam_front_lidar.ply/000995_lcam_front_lidar.ply,0.25,200,0.8,0.40091,0.04285,996,0.00894,0.99972,0.00708
000996_lcam_front_lidar.ply/000996_lcam_front_lidar.ply,0.25,200,0.8,0.41973,-0.0127,997,0.01505,0.99955,0.02464
000997_lcam_front_lidar.ply/000997_lcam_front_lidar.ply,0.25,200,0.8,0.46822,-0.07883,998,0.01841,0.87744,0.1324
000998_lcam_front_lidar.ply/000998_lcam_front_lidar.ply,0.25,200,0.8,0.5003,0.0592,999,0.01346,0.99979,0.0208
000999_lcam_front_lidar.ply/000999_lcam_front_lidar.ply,0.25,200,0.8,0.38945,-0.00958,1000,0.01386,0.99979,0.02076
001000_lcam_front_lidar.ply/001000_lcam_front_lidar.ply,0.25,200,0.8,0.43418,-0.00967,1001,0.01389,0.99981,0.02016
001001_lcam_front_lidar.ply/001001_lcam_front_lidar.ply,0.25,200,0.8,0.48473,-0.00982,1002,0.01426,0.99971,0.0205
001002_lcam_front_lidar.ply/001002_lcam_front_lidar.ply,0.25,200,0.8,0.4673,-0.01045,1003,0.01402,0.9997,0.02092
001003_lcam_front_lidar.ply/001003_lcam_front_lidar.ply,0.25,200,0.8,0.54642,-0.00815,1004,0.00901,0.9997,0.00719
001004_lcam_front_lidar.ply/001004_lcam_front_lidar.ply,0.25,200,0.8,0.46862,-0.01185,1005,0.01386,0.99977,0.02061
001005_lcam_front_lidar.ply/001005_lcam_front_lidar.ply,0.25,200,0.8,0.63812,-0.00999,1006,0.01406,0.9997,0.02097
001006_lcam_front_lidar.ply/001006_lcam_front_lidar.ply,0.25,200,0.8,0.64113,-0.00974,1007,0.0144,0.99951,0.02105
001007_lcam_front_lidar.ply/001007_lcam_front_lidar.ply,0.25,200,0.8,0.76419,-0.01013,1008,0.01425,0.99973,0.02109
001008_lcam_front_lidar.ply/001008_lcam_front_lidar.ply,0.25,200,0.8,0.52699,-0.17869,1009,0.00813,0.85189,0.30188
001009_lcam_front_lidar.ply/001009_lcam_front_lidar.ply,0.25,200,0.8,0.48484,0.15894,1010,0.01459,0.99975,0.02126
001010_lcam_front_lidar.ply/001010_lcam_front_lidar.ply,0.25,200,0.8,0.48128,-0.07825,1011,0.01223,0.9372,0.13428
001011_lcam_front_lidar.ply/001011_lcam_front_lidar.ply,0.25,200,0.8,0.54563,0.04819,1012,0.00908,0.99764,0.02972
001012_lcam_front_lidar.ply/001012_lcam_front_lidar.ply,0.25,200,0.8,0.49134,0.00088,1013,0.01594,0.99978,0.02233
001013_lcam_front_lidar.ply/001013_lcam_front_lidar.ply,0.25,200,0.8,0.43819,-0.01021,1014,0.01597,0.99984,0.02283
001014_lcam_front_lidar.ply/001014_lcam_front_lidar.ply,0.25,200,0.8,0.50014,-0.00799,1015,0.01339,0.99943,0.01354
001015_lcam_front_lidar.ply/001015_lcam_front_lidar.ply,0.25,200,0.8,0.4569,-0.01227,1016,0.01667,0.99903,0.02452
001016_lcam_front_lidar.ply/001016_lcam_front_lidar.ply,0.25,200,0.8,0.53572,-0.01007,1017,0.01689,0.99925,0.02516
001017_lcam_front_lidar.ply/001017_lcam_front_lidar.ply,0.25,200,0.8,0.43192,-0.00998,1018,0.01576,0.99941,0.02292
001018_lcam_front_lidar.ply/001018_lcam_front_lidar.ply,0.25,200,0.8,0.50056,-0.01461,1019,0.00816,0.99339,0.01514
001019_lcam_front_lidar.ply/001019_lcam_front_lidar.ply,0.25,200,0.8,0.53129,-0.01289,1020,0.00801,0.97281,0.01444
001020_lcam_front_lidar.ply/001020_lcam_front_lidar.ply,0.25,200,0.8,0.46048,-0.00362,1021,0.01882,0.99689,0.03055
001021_lcam_front_lidar.ply/001021_lcam_front_lidar.ply,0.25,200,0.8,0.4854,-0.1203,1022,0.00593,0.98314,0.22121
001022_lcam_front_lidar.ply/001022_lcam_front_lidar.ply,0.25,200,0.8,0.45232,0.09983,1023,0.01971,0.99816,0.03364
001023_lcam_front_lidar.ply/001023_lcam_front_lidar.ply,0.25,200,0.8,0.50004,-0.01013,1024,0.02015,0.99898,0.03503
001024_lcam_front_lidar.ply/001024_lcam_front_lidar.ply,0.25,200,0.8,0.59703,-0.02475,1025,0.00814,0.91151,0.01425
001025_lcam_front_lidar.ply/001025_lcam_front_lidar.ply,0.25,200,0.8,0.51695,0.00413,1026,0.02123,0.99967,0.03863
001026_lcam_front_lidar.ply/001026_lcam_front_lidar.ply,0.25,200,0.8,0.48438,-0.01105,1027,0.02209,0.99899,0.04225
001027_lcam_front_lidar.ply/001027_lcam_front_lidar.ply,0.25,200,0.8,0.49536,-0.01056,1028,0.02292,0.99961,0.04523
001028_lcam_front_lidar.ply/001028_lcam_front_lidar.ply,0.25,200,0.8,0.51619,-0.0112,1029,0.02412,0.99829,0.04963
001029_lcam_front_lidar.ply/001029_lcam_front_lidar.ply,0.25,200,0.8,0.51254,-0.14858,1030,0.00813,0.9731,0.28725
001030_lcam_front_lidar.ply/001030_lcam_front_lidar.ply,0.25,200,0.8,0.50086,0.12406,1031,0.01909,0.99976,0.04906
001031_lcam_front_lidar.ply/001031_lcam_front_lidar.ply,0.25,200,0.8,0.48498,-0.00633,1032,0.02417,0.99791,0.05133
001032_lcam_front_lidar.ply/001032_lcam_front_lidar.ply,0.25,200,0.8,0.55924,-0.1344,1033,0.00823,0.96253,0.25763
001033_lcam_front_lidar.ply/001033_lcam_front_lidar.ply,0.25,200,0.8,0.50047,-0.02236,1034,0.00448,0.98493,0.28157
001034_lcam_front_lidar.ply/001034_lcam_front_lidar.ply,0.25,200,0.8,0.56453,0.13327,1035,0.00773,0.99996,0.00604
001035_lcam_front_lidar.ply/001035_lcam_front_lidar.ply,0.25,200,0.8,0.51597,-0.01379,1036,0.00588,0.99805,0.00934
001036_lcam_front_lidar.ply/001036_lcam_front_lidar.ply,0.25,200,0.8,0.54055,-0.01138,1037,0.02393,0.99793,0.04817
001037_lcam_front_lidar.ply/001037_lcam_front_lidar.ply,0.25,200,0.8,0.58835,-0.01123,1038,0.02427,0.99746,0.05117
001038_lcam_front_lidar.ply/001038_lcam_front_lidar.ply,0.25,200,0.8,0.61162,-0.01235,1039,0.01015,0.9995,0.02823
001039_lcam_front_lidar.ply/001039_lcam_front_lidar.ply,0.25,200,0.8,0.60379,-0.00167,1040,0.00585,0.99978,0.00306
001040_lcam_front_lidar.ply/001040_lcam_front_lidar.ply,0.25,200,0.8,0.6593,-0.02562,1041,0.01891,0.99924,0.06025
001041_lcam_front_lidar.ply/001041_lcam_front_lidar.ply,0.25,200,0.8,0.67068,0.00671,1042,0.00714,0.99984,0.00347
001042_lcam_front_lidar.ply/001042_lcam_front_lidar.ply,0.25,200,0.8,0.69451,-0.01121,1043,0.00571,0.99979,0.00303
001043_lcam_front_lidar.ply/001043_lcam_front_lidar.ply,0.25,200,0.8,0.71436,-0.01001,1044,0.01706,0.99932,0.02561
001044_lcam_front_lidar.ply/001044_lcam_front_lidar.ply,0.25,200,0.8,0.73863,-0.0121,1045,0.00639,0.99874,0.00828
001045_lcam_front_lidar.ply/001045_lcam_front_lidar.ply,0.25,200,0.8,0.65978,-0.07231,1046,0.00924,0.99577,0.13773
001046_lcam_front_lidar.ply/001046_lcam_front_lidar.ply,0.25,200,0.8,0.75401,0.0543,1047,0.00557,0.99979,0.00298
001047_lcam_front_lidar.ply/001047_lcam_front_lidar.ply,0.25,200,0.8,0.6426,-0.01672,1048,0.00547,0.9947,0.01471
001048_lcam_front_lidar.ply/001048_lcam_front_lidar.ply,0.25,200,0.8,0.70584,-0.12637,1049,0.03137,0.96795,0.29122
001049_lcam_front_lidar.ply/001049_lcam_front_lidar.ply,0.25,200,0.8,0.7377,0.11374,1050,0.00988,0.99923,0.01013
001050_lcam_front_lidar.ply/001050_lcam_front_lidar.ply,0.25,200,0.8,0.76156,-0.01398,1051,0.00538,0.99809,0.00876
001051_lcam_front_lidar.ply/001051_lcam_front_lidar.ply,0.25,200,0.8,0.65482,-0.03389,1052,0.02517,0.99933,0.09649
001052_lcam_front_lidar.ply/001052_lcam_front_lidar.ply,0.25,200,0.8,0.71341,0.01156,1053,0.0138,0.99949,0.03068
001053_lcam_front_lidar.ply/001053_lcam_front_lidar.ply,0.25,200,0.8,0.74208,-0.06249,1054,0.02153,0.99782,0.15063
001054_lcam_front_lidar.ply/001054_lcam_front_lidar.ply,0.25,200,0.8,0.72818,0.04786,1055,0.00521,0.99979,0.00285
001055_lcam_front_lidar.ply/001055_lcam_front_lidar.ply,0.25,200,0.8,0.69094,-0.07414,1056,0.01862,0.9976,0.1573
001056_lcam_front_lidar.ply/001056_lcam_front_lidar.ply,0.25,200,0.8,0.80223,0.00986,1057,0.02055,0.99971,0.12207
001057_lcam_front_lidar.ply/001057_lcam_front_lidar.ply,0.25,200,0.8,0.75401,-0.06516,1058,0.01539,0.99527,0.22075
001058_lcam_front_lidar.ply/001058_lcam_front_lidar.ply,0.25,200,0.8,0.65817,0.01009,1059,0.01383,0.99423,0.17713
001059_lcam_front_lidar.ply/001059_lcam_front_lidar.ply,0.25,200,0.8,0.84107,0.05102,1060,0.01515,0.99985,0.05942
001060_lcam_front_lidar.ply/001060_lcam_front_lidar.ply,0.25,200,0.8,0.83116,-0.0106,1061,0.01948,0.99989,0.06929
001061_lcam_front_lidar.ply/001061_lcam_front_lidar.ply,0.25,200,0.8,0.76203,-0.082,1062,0.01168,0.99427,0.19601
001062_lcam_front_lidar.ply/001062_lcam_front_lidar.ply,0.25,200,0.8,0.77738,0.04666,1063,0.01137,0.98269,0.0786
001063_lcam_front_lidar.ply/001063_lcam_front_lidar.ply,0.25,200,0.8,0.80156,-0.06696,1064,0.01369,0.93788,0.18373
001064_lcam_front_lidar.ply/001064_lcam_front_lidar.ply,0.25,200,0.8,0.83919,-0.02602,1065,0.01126,0.98493,0.22502
001065_lcam_front_lidar.ply/001065_lcam_front_lidar.ply,0.25,200,0.8,0.92997,0.00815,1066,0.05172,0.99783,0.27352
001066_lcam_front_lidar.ply/001066_lcam_front_lidar.ply,0.25,200,0.8,0.75893,0.06586,1067,0.01655,0.99996,0.05208
001067_lcam_front_lidar.ply/001067_lcam_front_lidar.ply,0.25,200,0.8,0.84073,-0.0671,1068,0.01033,0.99249,0.1516
001068_lcam_front_lidar.ply/001068_lcam_front_lidar.ply,0.25,200,0.8,0.81742,-0.01522,1069,0.01156,0.94662,0.15074
001069_lcam_front_lidar.ply/001069_lcam_front_lidar.ply,0.25,200,0.8,0.9611,-0.03638,1070,0.02088,0.99707,0.23728
001070_lcam_front_lidar.ply/001070_lcam_front_lidar.ply,0.25,200,0.8,0.96379,-0.04905,1071,0.04712,0.96626,0.35862
001071_lcam_front_lidar.ply/001071_lcam_front_lidar.ply,0.25,200,0.8,0.73791,0.05928,1072,0.01532,0.99935,0.16639
001072_lcam_front_lidar.ply/001072_lcam_front_lidar.ply,0.25,200,0.8,0.82905,0.06143,1073,0.00466,0.99981,0.00235
001073_lcam_front_lidar.ply/001073_lcam_front_lidar.ply,0.25,200,0.8,0.89295,-0.10481,1074,0.01236,0.91948,0.18325
001074_lcam_front_lidar.ply/001074_lcam_front_lidar.ply,0.25,200,0.8,0.96988,0.08506,1075,0.00506,0.99979,0.00264
001075_lcam_front_lidar.ply/001075_lcam_front_lidar.ply,0.25,200,0.8,0.90053,-0.08188,1076,0.03711,0.99851,0.21013
001076_lcam_front_lidar.ply/001076_lcam_front_lidar.ply,0.25,200,0.8,0.85282,0.0606,1077,0.00313,0.99985,0.00136
001077_lcam_front_lidar.ply/001077_lcam_front_lidar.ply,0.25,200,0.8,0.93235,-0.09533,1078,0.01339,0.99993,0.19256
001078_lcam_front_lidar.ply/001078_lcam_front_lidar.ply,0.25,200,0.8,0.88796,-0.00944,1079,0.015,0.99768,0.194
001079_lcam_front_lidar.ply/001079_lcam_front_lidar.ply,0.25,200,0.8,0.87569,-0.04466,1080,0.04274,0.99394,0.31768
001080_lcam_front_lidar.ply/001080_lcam_front_lidar.ply,0.25,200,0.8,0.88169,0.11082,1081,0.00513,0.9998,0.00258
001081_lcam_front_lidar.ply/001081_lcam_front_lidar.ply,0.25,200,0.8,1.01271,-0.08316,1082,0.01,0.99995,0.15869
001082_lcam_front_lidar.ply/001082_lcam_front_lidar.ply,0.25,200,0.8,0.96609,-0.02801,1083,0.03802,0.99506,0.24927
001083_lcam_front_lidar.ply/001083_lcam_front_lidar.ply,0.25,200,0.8,0.90853,0.08126,1084,0.0052,0.9998,0.00254
001084_lcam_front_lidar.ply/001084_lcam_front_lidar.ply,0.25,200,0.8,0.9368,-0.01676,1085,0.01945,0.99853,0.04419
001085_lcam_front_lidar.ply/001085_lcam_front_lidar.ply,0.25,200,0.8,0.91291,-0.01708,1086,0.01392,0.99818,0.04718
001086_lcam_front_lidar.ply/001086_lcam_front_lidar.ply,0.25,200,0.8,0.79532,-0.14949,1087,0.01324,0.98481,0.32077
001087_lcam_front_lidar.ply/001087_lcam_front_lidar.ply,0.25,200,0.8,0.7464,0.13083,1088,0.01409,0.99902,0.04508
001088_lcam_front_lidar.ply/001088_lcam_front_lidar.ply,0.25,200,0.8,0.79861,-0.24491,1089,0.00716,0.90374,0.47245
001089_lcam_front_lidar.ply/001089_lcam_front_lidar.ply,0.25,200,0.8,0.87286,0.2319,1090,0.00528,0.99499,0.01227
001090_lcam_front_lidar.ply/001090_lcam_front_lidar.ply,0.25,200,0.8,0.77934,-0.00433,1091,0.00532,0.9998,0.00246
001091_lcam_front_lidar.ply/001091_lcam_front_lidar.ply,0.25,200,0.8,0.64278,-0.01525,1092,0.00387,0.99596,0.0089
001092_lcam_front_lidar.ply/001092_lcam_front_lidar.ply,0.25,200,0.8,0.5873,-0.01828,1093,0.01841,0.99924,0.05553
001093_lcam_front_lidar.ply/001093_lcam_front_lidar.ply,0.25,200,0.8,0.61126,-0.12628,1094,0.01321,0.90102,0.24821
001094_lcam_front_lidar.ply/001094_lcam_front_lidar.ply,0.25,200,0.8,0.64911,0.11959,1095,0.00474,0.99981,0.00172
001095_lcam_front_lidar.ply/001095_lcam_front_lidar.ply,0.25,200,0.8,0.62063,-0.00967,1096,0.00541,0.9998,0.00241
001096_lcam_front_lidar.ply/001096_lcam_front_lidar.ply,0.25,200,0.8,0.57451,-0.01924,1097,0.01835,0.99997,0.04682
001097_lcam_front_lidar.ply/001097_lcam_front_lidar.ply,0.25,200,0.8,0.6112,-0.00075,1098,0.00541,0.9998,0.00238
001098_lcam_front_lidar.ply/001098_lcam_front_lidar.ply,0.25,200,0.8,0.54701,-0.01998,1099,0.01808,0.99999,0.04775
001099_lcam_front_lidar.ply/001099_lcam_front_lidar.ply,0.25,200,0.8,0.53867,-0.11292,1100,0.01196,0.9076,0.21362
001100_lcam_front_lidar.ply/001100_lcam_front_lidar.ply,0.25,200,0.8,0.53178,0.09303,1101,0.01828,0.99988,0.04789
001101_lcam_front_lidar.ply/001101_lcam_front_lidar.ply,0.25,200,0.8,0.45939,-0.0001,1102,0.00543,0.9998,0.00236
001102_lcam_front_lidar.ply/001102_lcam_front_lidar.ply,0.25,200,0.8,0.50072,-0.13374,1103,0.00757,0.99281,0.25202
001103_lcam_front_lidar.ply/001103_lcam_front_lidar.ply,0.25,200,0.8,0.46828,0.11378,1104,0.00546,0.9998,0.00234
001104_lcam_front_lidar.ply/001104_lcam_front_lidar.ply,0.25,200,0.8,0.45239,-0.0201,1105,0.01766,0.99933,0.0468
001105_lcam_front_lidar.ply/001105_lcam_front_lidar.ply,0.25,200,0.8,0.3927,-0.00634,1106,0.0197,0.99921,0.04352
001106_lcam_front_lidar.ply/001106_lcam_front_lidar.ply,0.25,200,0.8,0.45942,-0.00351,1107,0.0055,0.9998,0.00232
001107_lcam_front_lidar.ply/001107_lcam_front_lidar.ply,0.25,200,0.8,0.37248,-0.01656,1108,0.01983,0.99905,0.04386
001108_lcam_front_lidar.ply/001108_lcam_front_lidar.ply,0.25,200,0.8,0.38948,-0.01084,1109,0.01957,0.99901,0.04503
001109_lcam_front_lidar.ply/001109_lcam_front_lidar.ply,0.25,200,0.8,0.38891,-0.01091,1110,0.01963,0.99886,0.04692
001110_lcam_front_lidar.ply/001110_lcam_front_lidar.ply,0.25,200,0.8,0.3583,-0.01,1111,0.01992,0.99888,0.04751
001111_lcam_front_lidar.ply/001111_lcam_front_lidar.ply,0.25,200,0.8,0.34134,-0.00961,1112,0.02483,0.9996,0.05677
001112_lcam_front_lidar.ply/001112_lcam_front_lidar.ply,0.25,200,0.8,0.3728,-0.00888,1113,0.02561,0.99943,0.05602
001113_lcam_front_lidar.ply/001113_lcam_front_lidar.ply,0.25,200,0.8,0.34253,-0.00896,1114,0.02715,0.99929,0.057
001114_lcam_front_lidar.ply/001114_lcam_front_lidar.ply,0.25,200,0.8,0.38797,-0.01101,1115,0.02589,0.99937,0.05651
001115_lcam_front_lidar.ply/001115_lcam_front_lidar.ply,0.25,200,0.8,0.39932,-0.01224,1116,0.02475,0.99956,0.05879
001116_lcam_front_lidar.ply/001116_lcam_front_lidar.ply,0.25,200,0.8,0.3889,-0.00877,1117,0.02048,0.99878,0.04756
001117_lcam_front_lidar.ply/001117_lcam_front_lidar.ply,0.25,200,0.8,0.37307,-0.12559,1118,0.00682,0.99523,0.25035
001118_lcam_front_lidar.ply/001118_lcam_front_lidar.ply,0.25,200,0.8,0.39911,0.10706,1119,0.02048,0.999,0.04468
001119_lcam_front_lidar.ply/001119_lcam_front_lidar.ply,0.25,200,0.8,0.4202,-0.00913,1120,0.02088,0.99901,0.04376
001120_lcam_front_lidar.ply/001120_lcam_front_lidar.ply,0.25,200,0.8,0.4615,-0.10551,1121,0.01378,0.8571,0.178
001121_lcam_front_lidar.ply/001121_lcam_front_lidar.ply,0.25,200,0.8,0.3631,0.09341,1122,0.06587,0.99969,0.11813
001122_lcam_front_lidar.ply/001122_lcam_front_lidar.ply,0.25,200,0.8,0.46881,-0.10704,1123,0.01546,0.91467,0.18588
001123_lcam_front_lidar.ply/001123_lcam_front_lidar.ply,0.25,200,0.8,0.46852,-0.09513,1124,0.01023,0.88283,0.33611
001124_lcam_front_lidar.ply/001124_lcam_front_lidar.ply,0.25,200,0.8,0.4374,0.04603,1125,0.00828,0.97986,0.24926
001125_lcam_front_lidar.ply/001125_lcam_front_lidar.ply,0.25,200,0.8,0.45877,-0.02332,1126,0.01102,0.93504,0.26794
001126_lcam_front_lidar.ply/001126_lcam_front_lidar.ply,0.25,200,0.8,0.51798,0.11856,1127,0.01967,0.99985,0.04756
001127_lcam_front_lidar.ply/001127_lcam_front_lidar.ply,0.25,200,0.8,0.56208,-0.00899,1128,0.00483,0.9906,0.01308
001128_lcam_front_lidar.ply/001128_lcam_front_lidar.ply,0.25,200,0.8,0.5013,-0.0083,1129,0.00532,0.99504,0.01201
001129_lcam_front_lidar.ply/001129_lcam_front_lidar.ply,0.25,200,0.8,0.62709,-0.01226,1130,0.01918,0.99999,0.04572
001130_lcam_front_lidar.ply/001130_lcam_front_lidar.ply,0.25,200,0.8,0.69701,-0.01107,1131,0.01861,0.99998,0.04671
001131_lcam_front_lidar.ply/001131_lcam_front_lidar.ply,0.25,200,0.8,0.47193,-0.13327,1132,0.01469,0.93278,0.26526
001132_lcam_front_lidar.ply/001132_lcam_front_lidar.ply,0.25,200,0.8,0.60417,0.11942,1133,0.00534,0.99819,0.00736
001133_lcam_front_lidar.ply/001133_lcam_front_lidar.ply,0.25,200,0.8,1.10232,-0.0208,1134,0.0182,0.99968,0.05513
001134_lcam_front_lidar.ply/001134_lcam_front_lidar.ply,0.25,200,0.8,0.69189,-0.13229,1135,0.01398,0.89723,0.26054
001135_lcam_front_lidar.ply/001135_lcam_front_lidar.ply,0.25,200,0.8,0.69675,-0.01597,1136,0.01439,0.87415,0.26638
001136_lcam_front_lidar.ply/001136_lcam_front_lidar.ply,0.25,200,0.8,0.72263,0.13068,1137,0.00393,0.99984,0.0018
001137_lcam_front_lidar.ply/001137_lcam_front_lidar.ply,0.25,200,0.8,0.63423,-0.01455,1138,0.00524,0.99506,0.01209
001138_lcam_front_lidar.ply/001138_lcam_front_lidar.ply,0.25,200,0.8,0.68063,-0.00973,1139,0.00502,0.99522,0.01116
001139_lcam_front_lidar.ply/001139_lcam_front_lidar.ply,0.25,200,0.8,0.71268,-0.14237,1140,0.01526,0.93396,0.27801
001140_lcam_front_lidar.ply/001140_lcam_front_lidar.ply,0.25,200,0.8,0.59639,-0.01186,1141,0.00637,0.94454,0.26711
001141_lcam_front_lidar.ply/001141_lcam_front_lidar.ply,0.25,200,0.8,0.95536,0.12381,1142,0.00534,0.99495,0.01256
001142_lcam_front_lidar.ply/001142_lcam_front_lidar.ply,0.25,200,0.8,0.97356,-0.01629,1143,0.01399,0.99897,0.04363
001143_lcam_front_lidar.ply/001143_lcam_front_lidar.ply,0.25,200,0.8,0.79949,-0.01158,1144,0.01385,0.99865,0.0464
001144_lcam_front_lidar.ply/001144_lcam_front_lidar.ply,0.25,200,0.8,0.91108,-0.13985,1145,0.00832,0.9334,0.27548
001145_lcam_front_lidar.ply/001145_lcam_front_lidar.ply,0.25,200,0.8,0.86933,0.12005,1146,0.01438,0.998,0.04687
001146_lcam_front_lidar.ply/001146_lcam_front_lidar.ply,0.25,200,0.8,0.94875,-0.07669,1147,0.05089,0.992,0.25147
001147_lcam_front_lidar.ply/001147_lcam_front_lidar.ply,0.25,200,0.8,0.98468,-0.00128,1148,0.04625,0.99399,0.22534
001148_lcam_front_lidar.ply/001148_lcam_front_lidar.ply,0.25,200,0.8,1.02755,0.06118,1149,0.00519,0.9998,0.00261
001149_lcam_front_lidar.ply/001149_lcam_front_lidar.ply,0.25,200,0.8,1.00923,-0.01003,1150,0.00516,0.9998,0.00261
001150_lcam_front_lidar.ply/001150_lcam_front_lidar.ply,0.25,200,0.8,0.93613,-0.08342,1151,0.05012,0.9941,0.23766
001151_lcam_front_lidar.ply/001151_lcam_front_lidar.ply,0.25,200,0.8,1.11807,0.06342,1152,0.00515,0.9998,0.00261
001152_lcam_front_lidar.ply/001152_lcam_front_lidar.ply,0.25,200,0.8,1.08899,-0.01,1153,0.00516,0.99979,0.00262
001153_lcam_front_lidar.ply/001153_lcam_front_lidar.ply,0.25,200,0.8,1.06945,-0.10458,1154,0.0094,0.95996,0.18832
001154_lcam_front_lidar.ply/001154_lcam_front_lidar.ply,0.25,200,0.8,1.01674,0.08453,1155,0.00511,0.99979,0.00263
001155_lcam_front_lidar.ply/001155_lcam_front_lidar.ply,0.25,200,0.8,1.2109,-0.01004,1156,0.00506,0.99979,0.00262
001156_lcam_front_lidar.ply/001156_lcam_front_lidar.ply,0.25,200,0.8,1.09594,-0.09539,1157,0.01365,0.99864,0.19023
001157_lcam_front_lidar.ply/001157_lcam_front_lidar.ply,0.25,200,0.8,0.95976,-0.04615,1158,0.04383,0.99416,0.32155
001158_lcam_front_lidar.ply/001158_lcam_front_lidar.ply,0.25,200,0.8,1.05565,0.02373,1159,0.01372,0.99908,0.19535
001159_lcam_front_lidar.ply/001159_lcam_front_lidar.ply,0.25,200,0.8,1.23615,-0.02845,1160,0.03574,0.99995,0.27654
001160_lcam_front_lidar.ply/001160_lcam_front_lidar.ply,0.25,200,0.8,1.1082,0.00471,1161,0.03598,0.99595,0.24639
001161_lcam_front_lidar.ply/001161_lcam_front_lidar.ply,0.25,200,0.8,0.93354,-0.01803,1162,0.04243,0.99658,0.27555
001162_lcam_front_lidar.ply/001162_lcam_front_lidar.ply,0.25,200,0.8,0.96643,0.00778,1163,0.01433,0.99943,0.18465
001163_lcam_front_lidar.ply/001163_lcam_front_lidar.ply,0.25,200,0.8,1.2105,-0.03304,1164,0.03488,0.9917,0.26949
001164_lcam_front_lidar.ply/001164_lcam_front_lidar.ply,0.25,200,0.8,1.29251,0.03243,1165,0.03511,0.99892,0.18726
001165_lcam_front_lidar.ply/001165_lcam_front_lidar.ply,0.25,200,0.8,1.22787,-0.06504,1166,0.0292,0.99562,0.28453
001166_lcam_front_lidar.ply/001166_lcam_front_lidar.ply,0.25,200,0.8,1.31862,0.0134,1167,0.04335,0.99513,0.26588
001167_lcam_front_lidar.ply/001167_lcam_front_lidar.ply,0.25,200,0.8,0.96998,0.02062,1168,0.02972,0.99882,0.1785
001168_lcam_front_lidar.ply/001168_lcam_front_lidar.ply,0.25,200,0.8,1.23809,-0.0489,1169,0.01437,0.98872,0.22257
001169_lcam_front_lidar.ply/001169_lcam_front_lidar.ply,0.25,200,0.8,1.12868,0.07732,1170,0.01543,0.9998,0.05337
001170_lcam_front_lidar.ply/001170_lcam_front_lidar.ply,0.25,200,0.8,1.1609,-0.06928,1171,0.024,0.9993,0.18892
001171_lcam_front_lidar.ply/001171_lcam_front_lidar.ply,0.25,200,0.8,1.16449,0.05804,1172,0.0051,0.99481,0.0137
001172_lcam_front_lidar.ply/001172_lcam_front_lidar.ply,0.25,200,0.8,0.86701,-0.13524,1173,0.01533,0.9737,0.27829
001173_lcam_front_lidar.ply/001173_lcam_front_lidar.ply,0.25,200,0.8,0.99983,0.12105,1174,0.00415,0.99981,0.00166
001174_lcam_front_lidar.ply/001174_lcam_front_lidar.ply,0.25,200,0.8,0.88959,-0.01976,1175,0.01972,0.99992,0.05236
001175_lcam_front_lidar.ply/001175_lcam_front_lidar.ply,0.25,200,0.8,0.87149,-0.09828,1176,0.01379,0.95926,0.20487
001176_lcam_front_lidar.ply/001176_lcam_front_lidar.ply,0.25,200,0.8,0.92848,0.02706,1177,0.01161,0.95992,0.12659
001177_lcam_front_lidar.ply/001177_lcam_front_lidar.ply,0.25,200,0.8,0.98981,0.05141,1178,0.00514,0.99979,0.00279
001178_lcam_front_lidar.ply/001178_lcam_front_lidar.ply,0.25,200,0.8,0.97047,-0.10828,1179,0.01389,0.99679,0.21595
001179_lcam_front_lidar.ply/001179_lcam_front_lidar.ply,0.25,200,0.8,0.88555,-0.05418,1180,0.01554,0.99443,0.30689
001180_lcam_front_lidar.ply/001180_lcam_front_lidar.ply,0.25,200,0.8,1.1682,0.00937,1181,0.01749,0.99336,0.27174
001181_lcam_front_lidar.ply/001181_lcam_front_lidar.ply,0.25,200,0.8,0.98498,0.03324,1182,0.0099,0.94019,0.15413
001182_lcam_front_lidar.ply/001182_lcam_front_lidar.ply,0.25,200,0.8,0.96384,-0.00053,1183,0.01009,0.95526,0.1401
001183_lcam_front_lidar.ply/001183_lcam_front_lidar.ply,0.25,200,0.8,1.03114,0.04697,1184,0.01977,0.99996,0.05891
001184_lcam_front_lidar.ply/001184_lcam_front_lidar.ply,0.25,200,0.8,0.9192,-0.13894,1185,0.03566,0.99801,0.34799
001185_lcam_front_lidar.ply/001185_lcam_front_lidar.ply,0.25,200,0.8,0.91611,0.04897,1186,0.02201,0.99412,0.20157
001186_lcam_front_lidar.ply/001186_lcam_front_lidar.ply,0.25,200,0.8,0.85373,-0.01482,1187,0.02005,0.99278,0.20688
001187_lcam_front_lidar.ply/001187_lcam_front_lidar.ply,0.25,200,0.8,0.78198,-0.0345,1188,0.01524,0.99533,0.24701
001188_lcam_front_lidar.ply/001188_lcam_front_lidar.ply,0.25,200,0.8,0.97155,0.08558,1189,0.01857,0.99987,0.06388
001189_lcam_front_lidar.ply/001189_lcam_front_lidar.ply,0.25,200,0.8,0.87598,-0.07963,1190,0.02002,0.99864,0.20567
001190_lcam_front_lidar.ply/001190_lcam_front_lidar.ply,0.25,200,0.8,0.96605,0.01674,1191,0.0208,0.99787,0.15351
001191_lcam_front_lidar.ply/001191_lcam_front_lidar.ply,0.25,200,0.8,0.9421,-0.01421,1192,0.0202,0.99772,0.1607
001192_lcam_front_lidar.ply/001192_lcam_front_lidar.ply,0.25,200,0.8,0.94401,-0.03324,1193,0.02214,0.99916,0.21149
001193_lcam_front_lidar.ply/001193_lcam_front_lidar.ply,0.25,200,0.8,0.80232,-0.03025,1194,0.05075,0.99502,0.30797
001194_lcam_front_lidar.ply/001194_lcam_front_lidar.ply,0.25,200,0.8,0.92464,0.02717,1195,0.02135,0.99788,0.17567
001195_lcam_front_lidar.ply/001195_lcam_front_lidar.ply,0.25,200,0.8,0.97955,0.06075,1196,0.00545,0.99979,0.00294
001196_lcam_front_lidar.ply/001196_lcam_front_lidar.ply,0.25,200,0.8,0.89906,-0.01324,1197,0.0054,0.99809,0.00881
001197_lcam_front_lidar.ply/001197_lcam_front_lidar.ply,0.25,200,0.8,0.85892,-0.07214,1198,0.01162,0.99927,0.14588
001198_lcam_front_lidar.ply/001198_lcam_front_lidar.ply,0.25,200,0.8,0.85908,-0.01498,1199,0.0118,0.99902,0.15611
001199_lcam_front_lidar.ply/001199_lcam_front_lidar.ply,0.25,200,0.8,0.82517,-0.00409,1200,0.01137,0.99909,0.14344
001200_lcam_front_lidar.ply/001200_lcam_front_lidar.ply,0.25,200,0.8,1.07135,0.05133,1201,0.00553,0.99809,0.00882
001201_lcam_front_lidar.ply/001201_lcam_front_lidar.ply,0.25,200,0.8,1.01887,-0.00684,1202,0.00551,0.99979,0.00296
001202_lcam_front_lidar.ply/001202_lcam_front_lidar.ply,0.25,200,0.8,0.96027,-0.00957,1203,0.00592,0.99982,0.00294
001203_lcam_front_lidar.ply/001203_lcam_front_lidar.ply,0.25,200,0.8,0.93558,-0.01423,1204,0.00992,0.99958,0.01932
001204_lcam_front_lidar.ply/001204_lcam_front_lidar.ply,0.25,200,0.8,0.88723,-0.00613,1205,0.00559,0.99979,0.00297
001205_lcam_front_lidar.ply/001205_lcam_front_lidar.ply,0.25,200,0.8,0.74722,-0.02279,1206,0.01412,0.99861,0.04527
001206_lcam_front_lidar.ply/001206_lcam_front_lidar.ply,0.25,200,0.8,1.11376,-0.04907,1207,0.00913,0.99147,0.1113
001207_lcam_front_lidar.ply/001207_lcam_front_lidar.ply,0.25,200,0.8,0.76513,0.04202,1208,0.00575,0.99979,0.003
001208_lcam_front_lidar.ply/001208_lcam_front_lidar.ply,0.25,200,0.8,0.86946,-0.00998,1209,0.00576,0.99979,0.00299
001209_lcam_front_lidar.ply/001209_lcam_front_lidar.ply,0.25,200,0.8,0.78623,-0.01553,1210,0.02431,0.99711,0.05033
001210_lcam_front_lidar.ply/001210_lcam_front_lidar.ply,0.25,200,0.8,0.85908,-0.01034,1211,0.00787,0.99316,0.01695
001211_lcam_front_lidar.ply/001211_lcam_front_lidar.ply,0.25,200,0.8,0.85299,-0.01645,1212,0.01353,0.99961,0.04311
001212_lcam_front_lidar.ply/001212_lcam_front_lidar.ply,0.25,200,0.8,0.85358,-0.00233,1213,0.02458,0.99792,0.04936
001213_lcam_front_lidar.ply/001213_lcam_front_lidar.ply,0.25,200,0.8,0.78231,-0.0052,1214,0.00592,0.99979,0.00301
001214_lcam_front_lidar.ply/001214_lcam_front_lidar.ply,0.25,200,0.8,0.87144,-0.00888,1215,0.01784,0.99951,0.02451
001215_lcam_front_lidar.ply/001215_lcam_front_lidar.ply,0.25,200,0.8,0.76967,-0.01108,1216,0.00598,0.99978,0.00303
001216_lcam_front_lidar.ply/001216_lcam_front_lidar.ply,0.25,200,0.8,0.72775,-0.02362,1217,0.01842,0.99925,0.05499
001217_lcam_front_lidar.ply/001217_lcam_front_lidar.ply,0.25,200,0.8,1.03798,0.00553,1218,0.01711,0.99948,0.0214
001218_lcam_front_lidar.ply/001218_lcam_front_lidar.ply,0.25,200,0.8,1.47187,-0.02769,1219,0.00786,0.99812,0.03787
001219_lcam_front_lidar.ply/001219_lcam_front_lidar.ply,0.25,200,0.8,0.77055,-0.00903,1220,0.01762,0.99956,0.05588
001220_lcam_front_lidar.ply/001220_lcam_front_lidar.ply,0.25,200,0.8,0.90191,0.00626,1221,0.01767,0.99955,0.02346
001221_lcam_front_lidar.ply/001221_lcam_front_lidar.ply,0.25,200,0.8,0.66539,-0.01537,1222,0.02499,0.99839,0.04847
001222_lcam_front_lidar.ply/001222_lcam_front_lidar.ply,0.25,200,0.8,0.76829,-0.01075,1223,0.02566,0.99739,0.05103
001223_lcam_front_lidar.ply/001223_lcam_front_lidar.ply,0.25,200,0.8,0.76992,-0.01106,1224,0.0068,0.97836,0.00971
001224_lcam_front_lidar.ply/001224_lcam_front_lidar.ply,0.25,200,0.8,0.66072,-0.11863,1225,0.00232,0.95153,0.20997
001225_lcam_front_lidar.ply/001225_lcam_front_lidar.ply,0.25,200,0.8,0.71459,0.09776,1226,0.00647,0.98359,0.01236
001226_lcam_front_lidar.ply/001226_lcam_front_lidar.ply,0.25,200,0.8,0.63812,-0.11495,1227,0.00826,0.97542,0.22337
001227_lcam_front_lidar.ply/001227_lcam_front_lidar.ply,0.25,200,0.8,0.68218,0.10144,1228,0.00619,0.99997,0.00373
001228_lcam_front_lidar.ply/001228_lcam_front_lidar.ply,0.25,200,0.8,0.91311,-0.10463,1229,0.00792,0.98371,0.19156
001229_lcam_front_lidar.ply/001229_lcam_front_lidar.ply,0.25,200,0.8,0.73016,-0.01553,1230,0.00811,0.97727,0.20108
001230_lcam_front_lidar.ply/001230_lcam_front_lidar.ply,0.25,200,0.8,0.75367,-0.01846,1231,0.00779,0.97375,0.21629
001231_lcam_front_lidar.ply/001231_lcam_front_lidar.ply,0.25,200,0.8,0.78085,0.08929,1232,0.0174,0.9997,0.0447
001232_lcam_front_lidar.ply/001232_lcam_front_lidar.ply,0.25,200,0.8,0.78348,0.00244,1233,0.01797,0.9994,0.02089
001233_lcam_front_lidar.ply/001233_lcam_front_lidar.ply,0.25,200,0.8,0.66776,-0.01016,1234,0.01709,0.99895,0.0193
001234_lcam_front_lidar.ply/001234_lcam_front_lidar.ply,0.25,200,0.8,0.62932,-0.06667,1235,0.00452,0.94698,0.09191
001235_lcam_front_lidar.ply/001235_lcam_front_lidar.ply,0.25,200,0.8,0.67567,0.04491,1236,0.01789,0.99826,0.02421
001236_lcam_front_lidar.ply/001236_lcam_front_lidar.ply,0.25,200,0.8,0.79721,-0.01644,1237,0.00727,0.99416,0.01461
001237_lcam_front_lidar.ply/001237_lcam_front_lidar.ply,0.25,200,0.8,0.8768,-0.00117,1238,0.01445,0.99994,0.01305
001238_lcam_front_lidar.ply/001238_lcam_front_lidar.ply,0.25,200,0.8,0.70053,-0.01216,1239,0.01704,0.99947,0.02242
001239_lcam_front_lidar.ply/001239_lcam_front_lidar.ply,0.25,200,0.8,0.86856,-0.01001,1240,0.01625,0.99963,0.02091
001240_lcam_front_lidar.ply/001240_lcam_front_lidar.ply,0.25,200,0.8,0.84762,-0.02176,1241,0.0185,0.99917,0.04879
001241_lcam_front_lidar.ply/001241_lcam_front_lidar.ply,0.25,200,0.8,0.75972,0.00135,1242,0.01533,0.99919,0.01974
001242_lcam_front_lidar.ply/001242_lcam_front_lidar.ply,0.25,200,0.8,0.9089,-0.00982,1243,0.01532,0.9992,0.01936
001243_lcam_front_lidar.ply/001243_lcam_front_lidar.ply,0.25,200,0.8,0.6581,-0.00976,1244,0.01512,0.99926,0.0185
001244_lcam_front_lidar.ply/001244_lcam_front_lidar.ply,0.25,200,0.8,0.79682,-0.01002,1245,0.01495,0.99945,0.01825
001245_lcam_front_lidar.ply/001245_lcam_front_lidar.ply,0.25,200,0.8,0.59229,-0.01019,1246,0.01468,0.99925,0.01802
001246_lcam_front_lidar.ply/001246_lcam_front_lidar.ply,0.25,200,0.8,0.55178,-0.00968,1247,0.01471,0.99943,0.01751
001247_lcam_front_lidar.ply/001247_lcam_front_lidar.ply,0.25,200,0.8,0.56692,-0.01,1248,0.01461,0.99945,0.01731
001248_lcam_front_lidar.ply/001248_lcam_front_lidar.ply,0.25,200,0.8,0.51488,-0.01008,1249,0.01441,0.99964,0.01714
001249_lcam_front_lidar.ply/001249_lcam_front_lidar.ply,0.25,200,0.8,0.53896,-0.01044,1250,0.01399,0.9998,0.01723
001250_lcam_front_lidar.ply/001250_lcam_front_lidar.ply,0.25,200,0.8,0.60176,-0.00994,1251,0.01367,0.99994,0.01651
001251_lcam_front_lidar.ply/001251_lcam_front_lidar.ply,0.25,200,0.8,0.58987,-0.01007,1252,0.00875,0.99966,0.00672
001252_lcam_front_lidar.ply/001252_lcam_front_lidar.ply,0.25,200,0.8,0.51875,-0.00993,1253,0.00887,0.99967,0.00682
001253_lcam_front_lidar.ply/001253_lcam_front_lidar.ply,0.25,200,0.8,0.55496,-0.01,1254,0.00896,0.9997,0.00703
001254_lcam_front_lidar.ply/001254_lcam_front_lidar.ply,0.25,200,0.8,0.54628,-0.01011,1255,0.00873,0.99962,0.00675
001255_lcam_front_lidar.ply/001255_lcam_front_lidar.ply,0.25,200,0.8,0.50788,-0.1639,1256,0.01314,0.87648,0.28643
001256_lcam_front_lidar.ply/001256_lcam_front_lidar.ply,0.25,200,0.8,0.54368,0.09093,1257,0.01035,0.9871,0.11218
001257_lcam_front_lidar.ply/001257_lcam_front_lidar.ply,0.25,200,0.8,0.54927,0.04278,1258,0.00917,0.99999,0.00813
001258_lcam_front_lidar.ply/001258_lcam_front_lidar.ply,0.25,200,0.8,0.52045,-0.16723,1259,0.02132,0.86957,0.30777
001259_lcam_front_lidar.ply/001259_lcam_front_lidar.ply,0.25,200,0.8,0.54145,0.14738,1260,0.00876,0.99963,0.0069
001260_lcam_front_lidar.ply/001260_lcam_front_lidar.ply,0.25,200,0.8,0.45521,-0.01,1261,0.00877,0.99965,0.00695
001261_lcam_front_lidar.ply/001261_lcam_front_lidar.ply,0.25,200,0.8,0.58762,-0.01179,1262,0.01331,0.99983,0.01964
001262_lcam_front_lidar.ply/001262_lcam_front_lidar.ply,0.25,200,0.8,0.63422,-0.00821,1263,0.00888,0.99968,0.00716
001263_lcam_front_lidar.ply/001263_lcam_front_lidar.ply,0.25,200,0.8,0.53071,-0.01001,1264,0.00888,0.99965,0.00719
001264_lcam_front_lidar.ply/001264_lcam_front_lidar.ply,0.25,200,0.8,0.66429,-0.01148,1265,0.01332,0.99961,0.019
001265_lcam_front_lidar.ply/001265_lcam_front_lidar.ply,0.25,200,0.8,0.53153,-0.00861,1266,0.01014,0.99987,0.00993
001266_lcam_front_lidar.ply/001266_lcam_front_lidar.ply,0.25,200,0.8,0.47632,-0.01021,1267,0.00985,0.99983,0.00977
001267_lcam_front_lidar.ply/001267_lcam_front_lidar.ply,0.25,200,0.8,0.49874,-0.01168,1268,0.01269,0.99962,0.01875
001268_lcam_front_lidar.ply/001268_lcam_front_lidar.ply,0.25,200,0.8,0.42538,-0.00834,1269,0.00839,0.99973,0.00685
001269_lcam_front_lidar.ply/001269_lcam_front_lidar.ply,0.25,200,0.8,0.41447,-0.01121,1270,0.0127,0.99953,0.01783
001270_lcam_front_lidar.ply/001270_lcam_front_lidar.ply,0.25,200,0.8,0.48725,-0.09916,1271,0.0034,0.98969,0.17459
001271_lcam_front_lidar.ply/001271_lcam_front_lidar.ply,0.25,200,0.8,0.4457,0.07582,1272,0.00749,0.99419,0.01249
001272_lcam_front_lidar.ply/001272_lcam_front_lidar.ply,0.25,200,0.8,0.42845,-0.00535,1273,0.00906,0.99991,0.00805
001273_lcam_front_lidar.ply/001273_lcam_front_lidar.ply,0.25,200,0.8,0.4545,-0.00992,1274,0.00852,0.99978,0.00678
001274_lcam_front_lidar.ply/001274_lcam_front_lidar.ply,0.25,200,0.8,0.57279,-0.01465,1275,0.00184,0.99603,0.00159
001275_lcam_front_lidar.ply/001275_lcam_front_lidar.ply,0.25,200,0.8,0.88757,-0.0059,1276,0.01195,0.9996,0.01468
001276_lcam_front_lidar.ply/001276_lcam_front_lidar.ply,0.25,200,0.8,1.34359,-0.0093,1277,0.00779,0.99972,0.00501
001277_lcam_front_lidar.ply/001277_lcam_front_lidar.ply,0.25,200,0.8,1.20541,-0.01292,1278,0.00528,0.99976,0.00584
001278_lcam_front_lidar.ply/001278_lcam_front_lidar.ply,0.25,200,0.8,0.83265,-0.01195,1279,0.00175,0.99611,0.00159
001279_lcam_front_lidar.ply/001279_lcam_front_lidar.ply,0.25,200,0.8,0.60706,-0.07139,1280,0.01055,0.99974,0.14306
001280_lcam_front_lidar.ply/001280_lcam_front_lidar.ply,0.25,200,0.8,0.44064,0.05623,1281,0.01108,0.99997,0.01174
001281_lcam_front_lidar.ply/001281_lcam_front_lidar.ply,0.25,200,0.8,0.45949,-0.01005,1282,0.01057,0.99994,0.0108
001282_lcam_front_lidar.ply/001282_lcam_front_lidar.ply,0.25,200,0.8,0.51412,-0.01987,1283,0.0076,0.95455,0.01098
001283_lcam_front_lidar.ply/001283_lcam_front_lidar.ply,0.25,200,0.8,0.51982,-0.08087,1284,0.01287,0.99804,0.17633
001284_lcam_front_lidar.ply/001284_lcam_front_lidar.ply,0.25,200,0.8,0.51245,-0.00997,1285,0.01371,0.99864,0.17813
001285_lcam_front_lidar.ply/001285_lcam_front_lidar.ply,0.25,200,0.8,0.50771,-0.00609,1286,0.01624,0.99878,0.1754
001286_lcam_front_lidar.ply/001286_lcam_front_lidar.ply,0.25,200,0.8,0.41973,-0.01616,1287,0.01654,0.99888,0.18835
001287_lcam_front_lidar.ply/001287_lcam_front_lidar.ply,0.25,200,0.8,0.47646,-0.01105,1288,0.01744,0.99873,0.1922
001288_lcam_front_lidar.ply/001288_lcam_front_lidar.ply,0.25,200,0.8,0.36825,-0.0063,1289,0.01641,0.9989,0.18278
001289_lcam_front_lidar.ply/001289_lcam_front_lidar.ply,0.25,200,0.8,0.38945,-0.00682,1290,0.01723,0.99945,0.17824
001290_lcam_front_lidar.ply/001290_lcam_front_lidar.ply,0.25,200,0.8,0.36148,-0.0127,1291,0.01743,0.99918,0.18395
001291_lcam_front_lidar.ply/001291_lcam_front_lidar.ply,0.25,200,0.8,0.38247,-0.01801,1292,0.01574,0.99599,0.19564
001292_lcam_front_lidar.ply/001292_lcam_front_lidar.ply,0.25,200,0.8,0.37592,0.07816,1293,0.00987,0.99984,0.00873
001293_lcam_front_lidar.ply/001293_lcam_front_lidar.ply,0.25,200,0.8,0.36742,-0.10087,1294,0.01524,0.99504,0.19978
001294_lcam_front_lidar.ply/001294_lcam_front_lidar.ply,0.25,200,0.8,0.35746,0.08097,1295,0.0099,0.99986,0.0086
001295_lcam_front_lidar.ply/001295_lcam_front_lidar.ply,0.25,200,0.8,0.3643,-0.00923,1296,0.01059,0.99982,0.00843
001296_lcam_front_lidar.ply/001296_lcam_front_lidar.ply,0.25,200,0.8,0.36237,-0.09913,1297,0.01275,0.99092,0.18833
001297_lcam_front_lidar.ply/001297_lcam_front_lidar.ply,0.25,200,0.8,0.37264,0.07837,1298,0.00971,0.99982,0.00818
001298_lcam_front_lidar.ply/001298_lcam_front_lidar.ply,0.25,200,0.8,0.33327,-0.08291,1299,0.01172,0.99371,0.15619
001299_lcam_front_lidar.ply/001299_lcam_front_lidar.ply,0.25,200,0.8,0.34232,-0.01197,1300,0.01141,0.9942,0.15966
001300_lcam_front_lidar.ply/001300_lcam_front_lidar.ply,0.25,200,0.8,0.32695,-0.01092,1301,0.01285,0.9941,0.16435
001301_lcam_front_lidar.ply/001301_lcam_front_lidar.ply,0.25,200,0.8,0.32524,-0.00745,1302,0.01303,0.9959,0.16015
001302_lcam_front_lidar.ply/001302_lcam_front_lidar.ply,0.25,200,0.8,0.31297,0.0641,1303,0.01037,0.99973,0.00777
001303_lcam_front_lidar.ply/001303_lcam_front_lidar.ply,0.25,200,0.8,0.30963,-0.01009,1304,0.01029,0.99966,0.00776
001304_lcam_front_lidar.ply/001304_lcam_front_lidar.ply,0.25,200,0.8,0.35461,-0.01105,1305,0.00705,0.99991,0.00346
001305_lcam_front_lidar.ply/001305_lcam_front_lidar.ply,0.25,200,0.8,0.32442,-0.00867,1306,0.01052,0.99966,0.00767
001306_lcam_front_lidar.ply/001306_lcam_front_lidar.ply,0.25,200,0.8,0.34999,-0.01028,1307,0.01025,0.99962,0.00767
001307_lcam_front_lidar.ply/001307_lcam_front_lidar.ply,0.25,200,0.8,0.2937,-0.0825,1308,0.01484,0.98654,0.15792
001308_lcam_front_lidar.ply/001308_lcam_front_lidar.ply,0.25,200,0.8,0.31043,0.06245,1309,0.00899,0.99964,0.00525
001309_lcam_front_lidar.ply/001309_lcam_front_lidar.ply,0.25,200,0.8,0.33705,-0.01,1310,0.01006,0.99978,0.00743
001310_lcam_front_lidar.ply/001310_lcam_front_lidar.ply,0.25,200,0.8,0.34131,-0.01004,1311,0.01026,0.9999,0.00795
001311_lcam_front_lidar.ply/001311_lcam_front_lidar.ply,0.25,200,0.8,0.4004,-0.0916,1312,0.01636,0.99697,0.18246
001312_lcam_front_lidar.ply/001312_lcam_front_lidar.ply,0.25,200,0.8,0.31147,0.04218,1313,0.02397,0.99963,0.09411
001313_lcam_front_lidar.ply/001313_lcam_front_lidar.ply,0.25,200,0.8,0.32443,0.01839,1314,0.01373,0.99998,0.01695
001314_lcam_front_lidar.ply/001314_lcam_front_lidar.ply,0.25,200,0.8,0.29191,-0.06794,1315,0.01408,0.9897,0.13046
001315_lcam_front_lidar.ply/001315_lcam_front_lidar.ply,0.25,200,0.8,0.38876,0.04821,1316,0.01401,0.99984,0.01693
001316_lcam_front_lidar.ply/001316_lcam_front_lidar.ply,0.25,200,0.8,0.33806,-0.00962,1317,0.00902,0.99978,0.00618
001317_lcam_front_lidar.ply/001317_lcam_front_lidar.ply,0.25,200,0.8,0.27733,-0.01021,1318,0.01002,0.99994,0.00866
001318_lcam_front_lidar.ply/001318_lcam_front_lidar.ply,0.25,200,0.8,0.3626,-0.0103,1319,0.00977,0.99995,0.00875
001319_lcam_front_lidar.ply/001319_lcam_front_lidar.ply,0.25,200,0.8,0.37151,-0.065,1320,0.0126,0.99904,0.12412
001320_lcam_front_lidar.ply/001320_lcam_front_lidar.ply,0.25,200,0.8,0.30657,0.04527,1321,0.01,0.99996,0.00866
001321_lcam_front_lidar.ply/001321_lcam_front_lidar.ply,0.25,200,0.8,0.32655,-0.01051,1322,0.00963,0.99997,0.00893
001322_lcam_front_lidar.ply/001322_lcam_front_lidar.ply,0.25,200,0.8,0.377,-0.00962,1323,0.01002,0.99994,0.00895
001323_lcam_front_lidar.ply/001323_lcam_front_lidar.ply,0.25,200,0.8,0.38484,-0.01065,1324,0.00944,0.99998,0.00909
001324_lcam_front_lidar.ply/001324_lcam_front_lidar.ply,0.25,200,0.8,0.33778,-0.10733,1325,0.01604,0.98936,0.21377
001325_lcam_front_lidar.ply/001325_lcam_front_lidar.ply,0.25,200,0.8,0.34231,-0.01009,1326,0.0158,0.98784,0.213
001326_lcam_front_lidar.ply/001326_lcam_front_lidar.ply,0.25,200,0.8,0.31827,0.01908,1327,0.01366,0.99943,0.15403
001327_lcam_front_lidar.ply/001327_lcam_front_lidar.ply,0.25,200,0.8,0.32741,0.04302,1328,0.01907,0.99971,0.05891
001328_lcam_front_lidar.ply/001328_lcam_front_lidar.ply,0.25,200,0.8,0.30732,-0.09504,1329,0.01662,0.9893,0.22097
001329_lcam_front_lidar.ply/001329_lcam_front_lidar.ply,0.25,200,0.8,0.32223,0.03091,1330,0.02289,0.99929,0.15467
001330_lcam_front_lidar.ply/001330_lcam_front_lidar.ply,0.25,200,0.8,0.36464,0.05019,1331,0.00997,0.99992,0.00866
001331_lcam_front_lidar.ply/001331_lcam_front_lidar.ply,0.25,200,0.8,0.37309,-0.07972,1332,0.01175,0.87208,0.11331
001332_lcam_front_lidar.ply/001332_lcam_front_lidar.ply,0.25,200,0.8,0.32127,-0.03456,1333,0.0159,0.99594,0.20789
001333_lcam_front_lidar.ply/001333_lcam_front_lidar.ply,0.25,200,0.8,0.32765,0.08437,1334,0.01011,0.9999,0.00876
001334_lcam_front_lidar.ply/001334_lcam_front_lidar.ply,0.25,200,0.8,0.34945,-0.01049,1335,0.00945,0.99989,0.00842
001335_lcam_front_lidar.ply/001335_lcam_front_lidar.ply,0.25,200,0.8,0.31731,-0.01525,1336,0.01804,0.99993,0.03611
001336_lcam_front_lidar.ply/001336_lcam_front_lidar.ply,0.25,200,0.8,0.33349,-0.02658,1337,0.01859,0.99843,0.06991
001337_lcam_front_lidar.ply/001337_lcam_front_lidar.ply,0.25,200,0.8,0.32479,-0.01962,1338,0.01896,0.99712,0.08949
001338_lcam_front_lidar.ply/001338_lcam_front_lidar.ply,0.25,200,0.8,0.3975,0.01468,1339,0.01639,0.99993,0.03585
001339_lcam_front_lidar.ply/001339_lcam_front_lidar.ply,0.25,200,0.8,0.39621,-0.10511,1340,0.01489,0.99265,0.22088
001340_lcam_front_lidar.ply/001340_lcam_front_lidar.ply,0.25,200,0.8,0.34947,-0.00539,1341,0.01381,0.99404,0.20992
001341_lcam_front_lidar.ply/001341_lcam_front_lidar.ply,0.25,200,0.8,0.33743,-0.00853,1342,0.01468,0.99332,0.20851
001342_lcam_front_lidar.ply/001342_lcam_front_lidar.ply,0.25,200,0.8,0.37875,-0.0037,1343,0.0156,0.99364,0.19784
001343_lcam_front_lidar.ply/001343_lcam_front_lidar.ply,0.25,200,0.8,0.3649,0.03262,1344,0.00968,0.96021,0.09071
001344_lcam_front_lidar.ply/001344_lcam_front_lidar.ply,0.25,200,0.8,0.4025,-0.05922,1345,0.01489,0.99337,0.20954
001345_lcam_front_lidar.ply/001345_lcam_front_lidar.ply,0.25,200,0.8,0.33944,-0.01236,1346,0.00786,0.98974,0.1991
001346_lcam_front_lidar.ply/001346_lcam_front_lidar.ply,0.25,200,0.8,0.31179,-0.01015,1347,0.01496,0.99048,0.21382
001347_lcam_front_lidar.ply/001347_lcam_front_lidar.ply,0.25,200,0.8,0.39352,0.04003,1348,0.00991,0.96327,0.0955
001348_lcam_front_lidar.ply/001348_lcam_front_lidar.ply,0.25,200,0.8,0.2581,0.00804,1349,0.01037,0.99742,0.07058
001349_lcam_front_lidar.ply/001349_lcam_front_lidar.ply,0.25,200,0.8,0.30717,-0.02882,1350,0.00997,0.9673,0.09838
001350_lcam_front_lidar.ply/001350_lcam_front_lidar.ply,0.25,200,0.8,0.40604,-0.05274,1351,0.00709,0.99017,0.18497
001351_lcam_front_lidar.ply/001351_lcam_front_lidar.ply,0.25,200,0.8,0.2899,-0.01127,1352,0.01561,0.98907,0.20423
001352_lcam_front_lidar.ply/001352_lcam_front_lidar.ply,0.25,200,0.8,0.27114,0.09824,1353,0.04565,0.99993,0.05107
001353_lcam_front_lidar.ply/001353_lcam_front_lidar.ply,0.25,200,0.8,0.33744,-0.05082,1354,0.01082,0.99406,0.0613
001354_lcam_front_lidar.ply/001354_lcam_front_lidar.ply,0.25,200,0.8,0.32151,-0.03052,1355,0.00929,0.97112,0.09241
001355_lcam_front_lidar.ply/001355_lcam_front_lidar.ply,0.25,200,0.8,0.29195,0.1059,1356,0.10505,0.99999,0.06079
001356_lcam_front_lidar.ply/001356_lcam_front_lidar.ply,0.25,200,0.8,0.38838,-0.17858,1357,0.01643,0.99318,0.21866
001357_lcam_front_lidar.ply/001357_lcam_front_lidar.ply,0.25,200,0.8,0.35652,0.06305,1358,0.01142,0.99461,0.06296
001358_lcam_front_lidar.ply/001358_lcam_front_lidar.ply,0.25,200,0.8,0.29352,0.02651,1359,0.05855,0.99998,0.08581
001359_lcam_front_lidar.ply/001359_lcam_front_lidar.ply,0.25,200,0.8,0.38137,-0.00736,1360,0.05789,0.99999,0.07923
001360_lcam_front_lidar.ply/001360_lcam_front_lidar.ply,0.25,200,0.8,0.36741,-0.01003,1361,0.05631,0.99999,0.07614
001361_lcam_front_lidar.ply/001361_lcam_front_lidar.ply,0.25,200,0.8,0.31168,-0.01558,1362,0.0565,0.99999,0.08766
001362_lcam_front_lidar.ply/001362_lcam_front_lidar.ply,0.25,200,0.8,0.27483,-0.00574,1363,0.05588,0.99999,0.07791
001363_lcam_front_lidar.ply/001363_lcam_front_lidar.ply,0.25,200,0.8,0.36355,-0.01303,1364,0.0552,1.0,0.08262
001364_lcam_front_lidar.ply/001364_lcam_front_lidar.ply,0.25,200,0.8,0.30802,-0.05119,1365,0.02024,0.99977,0.095
001365_lcam_front_lidar.ply/001365_lcam_front_lidar.ply,0.25,200,0.8,0.31264,0.07967,1366,0.09846,1.0,0.07218
001366_lcam_front_lidar.ply/001366_lcam_front_lidar.ply,0.25,200,0.8,0.32357,-0.06792,1367,0.00722,0.99972,0.00547
001367_lcam_front_lidar.ply/001367_lcam_front_lidar.ply,0.25,200,0.8,0.25448,0.04181,1368,0.08774,1.0,0.06296
001368_lcam_front_lidar.ply/001368_lcam_front_lidar.ply,0.25,200,0.8,0.29832,-0.06191,1369,0.00709,0.99974,0.00541
001369_lcam_front_lidar.ply/001369_lcam_front_lidar.ply,0.25,200,0.8,0.35223,-0.05219,1370,0.01262,0.99449,0.09926
001370_lcam_front_lidar.ply/001370_lcam_front_lidar.ply,0.25,200,0.8,0.329,0.03144,1371,0.00478,0.99986,0.00232
001371_lcam_front_lidar.ply/001371_lcam_front_lidar.ply,0.25,200,0.8,0.26845,-0.05772,1372,0.01345,0.99722,0.11429
001372_lcam_front_lidar.ply/001372_lcam_front_lidar.ply,0.25,200,0.8,0.33785,0.03784,1373,0.00531,0.99983,0.00311
001373_lcam_front_lidar.ply/001373_lcam_front_lidar.ply,0.25,200,0.8,0.29968,-0.05118,1374,0.01399,0.99772,0.10221
001374_lcam_front_lidar.ply/001374_lcam_front_lidar.ply,0.25,200,0.8,0.25109,0.03194,1375,0.00701,0.99983,0.00499
001375_lcam_front_lidar.ply/001375_lcam_front_lidar.ply,0.25,200,0.8,0.32894,-0.05471,1376,0.01606,0.99992,0.11254
001376_lcam_front_lidar.ply/001376_lcam_front_lidar.ply,0.25,200,0.8,0.28201,0.03452,1377,0.00677,0.99965,0.00485
001377_lcam_front_lidar.ply/001377_lcam_front_lidar.ply,0.25,200,0.8,0.24346,-0.16604,1378,0.01321,0.805,0.27141
001378_lcam_front_lidar.ply/001378_lcam_front_lidar.ply,0.25,200,0.8,0.25961,0.10411,1379,0.01695,0.99921,0.10893
001379_lcam_front_lidar.ply/001379_lcam_front_lidar.ply,0.25,200,0.8,0.23265,-0.00467,1380,0.01652,0.99919,0.09741
001380_lcam_front_lidar.ply/001380_lcam_front_lidar.ply,0.25,200,0.8,0.33942,0.02663,1381,0.0065,0.99972,0.00428
001381_lcam_front_lidar.ply/001381_lcam_front_lidar.ply,0.25,200,0.8,0.25547,-0.00989,1382,0.00653,0.99972,0.00411
001382_lcam_front_lidar.ply/001382_lcam_front_lidar.ply,0.25,200,0.8,0.27303,-0.00978,1383,0.00672,0.99984,0.00408
001383_lcam_front_lidar.ply/001383_lcam_front_lidar.ply,0.25,200,0.8,0.25923,-0.05536,1384,0.0156,0.99633,0.1115
001384_lcam_front_lidar.ply/001384_lcam_front_lidar.ply,0.25,200,0.8,0.23843,-0.007,1385,0.01601,0.99782,0.10678
001385_lcam_front_lidar.ply/001385_lcam_front_lidar.ply,0.25,200,0.8,0.28989,0.11859,1386,0.12265,0.99996,0.06352
001386_lcam_front_lidar.ply/001386_lcam_front_lidar.ply,0.25,200,0.8,0.25223,-0.13559,1387,0.01594,0.99803,0.1007
001387_lcam_front_lidar.ply/001387_lcam_front_lidar.ply,0.25,200,0.8,0.25025,0.00618,1388,0.00801,0.97949,0.04692
001388_lcam_front_lidar.ply/001388_lcam_front_lidar.ply,0.25,200,0.8,0.2393,-0.15447,1389,0.01765,0.82624,0.30916
001389_lcam_front_lidar.ply/001389_lcam_front_lidar.ply,0.25,200,0.8,0.26823,0.13682,1390,0.01322,0.99961,0.05866
001390_lcam_front_lidar.ply/001390_lcam_front_lidar.ply,0.25,200,0.8,0.2203,0.00502,1391,0.01314,0.99908,0.02833
001391_lcam_front_lidar.ply/001391_lcam_front_lidar.ply,0.25,200,0.8,0.23741,-0.0291,1392,0.01386,0.99799,0.06762
001392_lcam_front_lidar.ply/001392_lcam_front_lidar.ply,0.25,200,0.8,0.29032,-0.02746,1393,0.01263,0.98405,0.09591
001393_lcam_front_lidar.ply/001393_lcam_front_lidar.ply,0.25,200,0.8,0.23776,-0.06711,1394,0.01496,0.97657,0.21254
001394_lcam_front_lidar.ply/001394_lcam_front_lidar.ply,0.25,200,0.8,0.28488,0.08964,1395,0.00667,0.99986,0.00366
001395_lcam_front_lidar.ply/001395_lcam_front_lidar.ply,0.25,200,0.8,0.21751,-0.1099,1396,0.0155,0.97937,0.21498
001396_lcam_front_lidar.ply/001396_lcam_front_lidar.ply,0.25,200,0.8,0.25606,0.08934,1397,0.00531,0.99984,0.00208
001397_lcam_front_lidar.ply/001397_lcam_front_lidar.ply,0.25,200,0.8,0.19587,-0.09259,1398,0.01486,0.99704,0.18554
001398_lcam_front_lidar.ply/001398_lcam_front_lidar.ply,0.25,200,0.8,0.21919,-0.01186,1399,0.01461,0.99844,0.18916
001399_lcam_front_lidar.ply/001399_lcam_front_lidar.ply,0.25,200,0.8,0.22833,-0.07367,1400,0.01593,0.98091,0.31386
001400_lcam_front_lidar.ply/001400_lcam_front_lidar.ply,0.25,200,0.8,0.22305,0.00559,1401,0.016,0.97104,0.27987
001401_lcam_front_lidar.ply/001401_lcam_front_lidar.ply,0.25,200,0.8,0.23752,0.02667,1402,0.01445,0.99621,0.21097
001402_lcam_front_lidar.ply/001402_lcam_front_lidar.ply,0.25,200,0.8,0.26208,-0.0134,1403,0.01439,0.99477,0.21723
001403_lcam_front_lidar.ply/001403_lcam_front_lidar.ply,0.25,200,0.8,0.29224,0.08948,1404,0.00536,0.99892,0.00148
001404_lcam_front_lidar.ply/001404_lcam_front_lidar.ply,0.25,200,0.8,0.23736,-0.15212,1405,0.01715,0.9973,0.3088
001405_lcam_front_lidar.ply/001405_lcam_front_lidar.ply,0.25,200,0.8,0.26179,0.06119,1406,0.01441,0.9928,0.15958
001406_lcam_front_lidar.ply/001406_lcam_front_lidar.ply,0.25,200,0.8,0.21394,-0.01951,1407,0.01412,0.9958,0.17893
001407_lcam_front_lidar.ply/001407_lcam_front_lidar.ply,0.25,200,0.8,0.24564,0.06987,1408,0.00466,0.99985,0.00149
001408_lcam_front_lidar.ply/001408_lcam_front_lidar.ply,0.25,200,0.8,0.28913,-0.10445,1409,0.01453,0.99841,0.20969
001409_lcam_front_lidar.ply/001409_lcam_front_lidar.ply,0.25,200,0.8,0.23181,-0.01379,1410,0.01408,0.9744,0.20915
001410_lcam_front_lidar.ply/001410_lcam_front_lidar.ply,0.25,200,0.8,0.29488,0.03091,1411,0.01712,0.98367,0.13619
001411_lcam_front_lidar.ply/001411_lcam_front_lidar.ply,0.25,200,0.8,0.26947,0.04765,1412,0.00588,0.99975,0.00323
001412_lcam_front_lidar.ply/001412_lcam_front_lidar.ply,0.25,200,0.8,0.27917,-0.07077,1413,0.01285,0.99453,0.13715
001413_lcam_front_lidar.ply/001413_lcam_front_lidar.ply,0.25,200,0.8,0.24576,-0.00734,1414,0.01279,0.99468,0.13174
001414_lcam_front_lidar.ply/001414_lcam_front_lidar.ply,0.25,200,0.8,0.27895,-0.06199,1415,0.01602,0.98654,0.23975
001415_lcam_front_lidar.ply/001415_lcam_front_lidar.ply,0.25,200,0.8,0.30726,0.01482,1416,0.01672,0.99275,0.19336
001416_lcam_front_lidar.ply/001416_lcam_front_lidar.ply,0.25,200,0.8,0.28508,-0.02989,1417,0.01757,0.984,0.23222
001417_lcam_front_lidar.ply/001417_lcam_front_lidar.ply,0.25,200,0.8,0.26502,0.01867,1418,0.01531,0.99143,0.1726
001418_lcam_front_lidar.ply/001418_lcam_front_lidar.ply,0.25,200,0.8,0.32386,-0.05487,1419,0.01753,0.97796,0.26273
001419_lcam_front_lidar.ply/001419_lcam_front_lidar.ply,0.25,200,0.8,0.25534,0.01788,1420,0.02248,0.99858,0.22306
001420_lcam_front_lidar.ply/001420_lcam_front_lidar.ply,0.25,200,0.8,0.2518,0.03648,1421,0.01086,0.9931,0.10521
001421_lcam_front_lidar.ply/001421_lcam_front_lidar.ply,0.25,200,0.8,0.32039,-0.00296,1422,0.01175,0.99454,0.09334
001422_lcam_front_lidar.ply/001422_lcam_front_lidar.ply,0.25,200,0.8,0.31253,0.02668,1423,0.00248,0.99617,0.00193
001423_lcam_front_lidar.ply/001423_lcam_front_lidar.ply,0.25,200,0.8,0.2841,-0.02112,1424,0.01185,0.99857,0.04364
001424_lcam_front_lidar.ply/001424_lcam_front_lidar.ply,0.25,200,0.8,0.34362,-0.07525,1425,0.0135,0.96048,0.16601
001425_lcam_front_lidar.ply/001425_lcam_front_lidar.ply,0.25,200,0.8,0.2638,0.01172,1426,0.01322,0.98819,0.1303
001426_lcam_front_lidar.ply/001426_lcam_front_lidar.ply,0.25,200,0.8,0.28636,0.04821,1427,0.00539,0.99873,0.0014
001427_lcam_front_lidar.ply/001427_lcam_front_lidar.ply,0.25,200,0.8,0.29248,-0.10205,1428,0.01436,0.99856,0.20339
001428_lcam_front_lidar.ply/001428_lcam_front_lidar.ply,0.25,200,0.8,0.23931,0.01867,1429,0.01023,0.99928,0.138
001429_lcam_front_lidar.ply/001429_lcam_front_lidar.ply,0.25,200,0.8,0.37795,-0.01631,1430,0.0106,0.99919,0.15134
001430_lcam_front_lidar.ply/001430_lcam_front_lidar.ply,0.25,200,0.8,0.31315,0.00158,1431,0.01344,0.99613,0.13294
001431_lcam_front_lidar.ply/001431_lcam_front_lidar.ply,0.25,200,0.8,0.26852,-0.05529,1432,0.01661,0.9849,0.2265
001432_lcam_front_lidar.ply/001432_lcam_front_lidar.ply,0.25,200,0.8,0.31995,0.02061,1433,0.01522,0.9923,0.16473
001433_lcam_front_lidar.ply/001433_lcam_front_lidar.ply,0.25,200,0.8,0.35847,-0.02743,1434,0.01619,0.96067,0.19203
001434_lcam_front_lidar.ply/001434_lcam_front_lidar.ply,0.25,200,0.8,0.27257,0.01349,1435,0.01457,0.98199,0.1482
001435_lcam_front_lidar.ply/001435_lcam_front_lidar.ply,0.25,200,0.8,0.3271,0.00321,1436,0.0103,0.99949,0.11848
001436_lcam_front_lidar.ply/001436_lcam_front_lidar.ply,0.25,200,0.8,0.29326,0.04158,1437,0.00594,0.99871,0.00638
001437_lcam_front_lidar.ply/001437_lcam_front_lidar.ply,0.25,200,0.8,0.38068,-0.05002,1438,0.01199,0.99888,0.09856
001438_lcam_front_lidar.ply/001438_lcam_front_lidar.ply,0.25,200,0.8,0.29272,-0.01149,1439,0.01186,0.99839,0.10114
001439_lcam_front_lidar.ply/001439_lcam_front_lidar.ply,0.25,200,0.8,0.29379,0.10826,1440,0.12062,0.99991,0.08258
001440_lcam_front_lidar.ply/001440_lcam_front_lidar.ply,0.25,200,0.8,0.31089,-0.15436,1441,0.01355,0.99154,0.15464
001441_lcam_front_lidar.ply/001441_lcam_front_lidar.ply,0.25,200,0.8,0.34083,-0.00671,1442,0.01148,0.99926,0.14626
001442_lcam_front_lidar.ply/001442_lcam_front_lidar.ply,0.25,200,0.8,0.26785,0.03287,1443,0.01173,0.99683,0.06028
001443_lcam_front_lidar.ply/001443_lcam_front_lidar.ply,0.25,200,0.8,0.31705,-0.07181,1444,0.01361,0.9768,0.18165
001444_lcam_front_lidar.ply/001444_lcam_front_lidar.ply,0.25,200,0.8,0.36692,0.00539,1445,0.01249,0.98689,0.15164
001445_lcam_front_lidar.ply/001445_lcam_front_lidar.ply,0.25,200,0.8,0.26891,-0.00642,1446,0.02532,0.99887,0.17374
001446_lcam_front_lidar.ply/001446_lcam_front_lidar.ply,0.25,200,0.8,0.23588,0.00117,1447,0.02317,0.99921,0.1472
001447_lcam_front_lidar.ply/001447_lcam_front_lidar.ply,0.25,200,0.8,0.28125,-0.01456,1448,0.0251,0.99898,0.16011
001448_lcam_front_lidar.ply/001448_lcam_front_lidar.ply,0.25,200,0.8,0.28462,-0.01114,1449,0.02601,0.99902,0.16424
001449_lcam_front_lidar.ply/001449_lcam_front_lidar.ply,0.25,200,0.8,0.32521,-0.02574,1450,0.01386,0.99855,0.17127
001450_lcam_front_lidar.ply/001450_lcam_front_lidar.ply,0.25,200,0.8,0.26999,-0.00216,1451,0.02542,0.99863,0.17873
001451_lcam_front_lidar.ply/001451_lcam_front_lidar.ply,0.25,200,0.8,0.24072,-0.01816,1452,0.02708,0.99884,0.19842
001452_lcam_front_lidar.ply/001452_lcam_front_lidar.ply,0.25,200,0.8,0.24406,-0.00621,1453,0.02097,0.99897,0.17865
001453_lcam_front_lidar.ply/001453_lcam_front_lidar.ply,0.25,200,0.8,0.2622,-0.01689,1454,0.02217,0.99875,0.19475
001454_lcam_front_lidar.ply/001454_lcam_front_lidar.ply,0.25,200,0.8,0.33371,0.00808,1455,0.02124,0.99724,0.15627
001455_lcam_front_lidar.ply/001455_lcam_front_lidar.ply,0.25,200,0.8,0.29476,-0.00764,1456,0.01823,0.9932,0.14431
001456_lcam_front_lidar.ply/001456_lcam_front_lidar.ply,0.25,200,0.8,0.25523,-0.02877,1457,0.01737,0.99133,0.17957
001457_lcam_front_lidar.ply/001457_lcam_front_lidar.ply,0.25,200,0.8,0.26671,0.00525,1458,0.02494,0.99784,0.16618
001458_lcam_front_lidar.ply/001458_lcam_front_lidar.ply,0.25,200,0.8,0.26303,-0.03465,1459,0.01918,0.96962,0.1955
001459_lcam_front_lidar.ply/001459_lcam_front_lidar.ply,0.25,200,0.8,0.31096,0.01945,1460,0.01476,0.99295,0.13475
001460_lcam_front_lidar.ply/001460_lcam_front_lidar.ply,0.25,200,0.8,0.27343,-0.02727,1461,0.01772,0.98827,0.1738
001461_lcam_front_lidar.ply/001461_lcam_front_lidar.ply,0.25,200,0.8,0.29683,0.00108,1462,0.02287,0.99628,0.16435
001462_lcam_front_lidar.ply/001462_lcam_front_lidar.ply,0.25,200,0.8,0.31567,-0.10126,1463,0.02336,0.97764,0.34226
001463_lcam_front_lidar.ply/001463_lcam_front_lidar.ply,0.25,200,0.8,0.27733,0.08128,1464,0.01185,0.98378,0.13851
001464_lcam_front_lidar.ply/001464_lcam_front_lidar.ply,0.25,200,0.8,0.32081,-0.00626,1465,0.01374,0.99212,0.13731
001465_lcam_front_lidar.ply/001465_lcam_front_lidar.ply,0.25,200,0.8,0.2725,-0.00983,1466,0.01869,0.99982,0.14917
001466_lcam_front_lidar.ply/001466_lcam_front_lidar.ply,0.25,200,0.8,0.24808,0.1095,1467,0.09913,0.99988,0.07108
001467_lcam_front_lidar.ply/001467_lcam_front_lidar.ply,0.25,200,0.8,0.24742,-0.11558,1468,0.02645,0.9976,0.13618
001468_lcam_front_lidar.ply/001468_lcam_front_lidar.ply,0.25,200,0.8,0.24979,0.09732,1469,0.11068,0.99979,0.09066
001469_lcam_front_lidar.ply/001469_lcam_front_lidar.ply,0.25,200,0.8,0.22144,-0.01488,1470,0.11377,0.99974,0.10658
001470_lcam_front_lidar.ply/001470_lcam_front_lidar.ply,0.25,200,0.8,0.2933,-0.00942,1471,0.11353,0.9998,0.10494
001471_lcam_front_lidar.ply/001471_lcam_front_lidar.ply,0.25,200,0.8,0.31075,-0.0557,1472,0.07427,0.99897,0.11758
001472_lcam_front_lidar.ply/001472_lcam_front_lidar.ply,0.25,200,0.8,0.36707,0.01988,1473,0.10257,0.9997,0.11463
001473_lcam_front_lidar.ply/001473_lcam_front_lidar.ply,0.25,200,0.8,0.28839,0.00198,1474,0.11212,0.99986,0.10982
001474_lcam_front_lidar.ply/001474_lcam_front_lidar.ply,0.25,200,0.8,0.49922,-0.22016,1475,0.03394,0.80811,0.31625
001475_lcam_front_lidar.ply/001475_lcam_front_lidar.ply,0.25,200,0.8,0.36688,0.01061,1476,0.04117,0.99937,0.34688
001476_lcam_front_lidar.ply/001476_lcam_front_lidar.ply,0.25,200,0.8,0.31249,0.19131,1477,0.12262,0.9998,0.10729
001477_lcam_front_lidar.ply/001477_lcam_front_lidar.ply,0.25,200,0.8,0.34913,-0.21692,1478,0.03971,0.85822,0.31284
001478_lcam_front_lidar.ply/001478_lcam_front_lidar.ply,0.25,200,0.8,0.24617,0.08074,1479,0.01076,0.99191,0.11356
001479_lcam_front_lidar.ply/001479_lcam_front_lidar.ply,0.25,200,0.8,0.32143,-0.04034,1480,0.01104,0.98177,0.17176
001480_lcam_front_lidar.ply/001480_lcam_front_lidar.ply,0.25,200,0.8,0.32964,-0.06955,1481,0.02769,0.8792,0.29339
001481_lcam_front_lidar.ply/001481_lcam_front_lidar.ply,0.25,200,0.8,0.26904,-0.02185,1482,0.02567,0.8284,0.29782
001482_lcam_front_lidar.ply/001482_lcam_front_lidar.ply,0.25,200,0.8,0.28945,0.20601,1483,0.11295,0.99993,0.09183
001483_lcam_front_lidar.ply/001483_lcam_front_lidar.ply,0.25,200,0.8,0.26755,-0.12405,1484,0.00989,0.98735,0.11002
001484_lcam_front_lidar.ply/001484_lcam_front_lidar.ply,0.25,200,0.8,0.32749,-0.09684,1485,0.02529,0.923,0.2952
001485_lcam_front_lidar.ply/001485_lcam_front_lidar.ply,0.25,200,0.8,0.25256,0.00342,1486,0.01974,0.98128,0.27477
001486_lcam_front_lidar.ply/001486_lcam_front_lidar.ply,0.25,200,0.8,0.26212,0.18156,1487,0.11101,0.99993,0.07977
001487_lcam_front_lidar.ply/001487_lcam_front_lidar.ply,0.25,200,0.8,0.32762,-0.01596,1488,0.10772,0.99992,0.08511
001488_lcam_front_lidar.ply/001488_lcam_front_lidar.ply,0.25,200,0.8,0.31011,-0.01083,1489,0.11088,0.99991,0.09308
001489_lcam_front_lidar.ply/001489_lcam_front_lidar.ply,0.25,200,0.8,0.39988,-0.11405,1490,0.0099,0.99102,0.09656
001490_lcam_front_lidar.ply/001490_lcam_front_lidar.ply,0.25,200,0.8,0.38153,-0.04162,1491,0.01403,0.98462,0.16614
001491_lcam_front_lidar.ply/001491_lcam_front_lidar.ply,0.25,200,0.8,0.39095,0.0151,1492,0.01057,0.98891,0.1103
001492_lcam_front_lidar.ply/001492_lcam_front_lidar.ply,0.25,200,0.8,0.29563,-0.00562,1493,0.01162,0.99123,0.10434
001493_lcam_front_lidar.ply/001493_lcam_front_lidar.ply,0.25,200,0.8,0.35596,-0.00916,1494,0.01137,0.99145,0.10223
001494_lcam_front_lidar.ply/001494_lcam_front_lidar.ply,0.25,200,0.8,0.46072,-0.00902,1495,0.01134,0.99147,0.10019
001495_lcam_front_lidar.ply/001495_lcam_front_lidar.ply,0.25,200,0.8,0.33755,-0.04929,1496,0.01303,0.98102,0.17901
001496_lcam_front_lidar.ply/001496_lcam_front_lidar.ply,0.25,200,0.8,0.38883,-0.01535,1497,0.01281,0.99849,0.19452
001497_lcam_front_lidar.ply/001497_lcam_front_lidar.ply,0.25,200,0.8,0.302,-0.005,1498,0.01278,0.99854,0.18447
001498_lcam_front_lidar.ply/001498_lcam_front_lidar.ply,0.25,200,0.8,0.40129,0.02087,1499,0.01109,0.99828,0.11927
001499_lcam_front_lidar.ply/001499_lcam_front_lidar.ply,0.25,200,0.8,0.29311,-0.00116,1500,0.01148,0.99966,0.10278
001500_lcam_front_lidar.ply/001500_lcam_front_lidar.ply,0.25,200,0.8,0.35188,-0.04956,1501,0.01315,0.99873,0.18497
001501_lcam_front_lidar.ply/001501_lcam_front_lidar.ply,0.25,200,0.8,0.34952,0.03647,1502,0.01044,0.99971,0.08691
001502_lcam_front_lidar.ply/001502_lcam_front_lidar.ply,0.25,200,0.8,0.30632,-0.05209,1503,0.01202,0.99872,0.17396
001503_lcam_front_lidar.ply/001503_lcam_front_lidar.ply,0.25,200,0.8,0.32393,0.00595,1504,0.02075,0.99907,0.15963
001504_lcam_front_lidar.ply/001504_lcam_front_lidar.ply,0.25,200,0.8,0.29045,-0.02806,1505,0.01171,0.99852,0.1775
001505_lcam_front_lidar.ply/001505_lcam_front_lidar.ply,0.25,200,0.8,0.34716,-0.01998,1506,0.01238,0.99845,0.1988
001506_lcam_front_lidar.ply/001506_lcam_front_lidar.ply,0.25,200,0.8,0.32208,-0.00168,1507,0.0138,0.99865,0.18506
001507_lcam_front_lidar.ply/001507_lcam_front_lidar.ply,0.25,200,0.8,0.30395,-0.02317,1508,0.01294,0.99791,0.20946
001508_lcam_front_lidar.ply/001508_lcam_front_lidar.ply,0.25,200,0.8,0.31009,0.005,1509,0.01306,0.99863,0.17992
001509_lcam_front_lidar.ply/001509_lcam_front_lidar.ply,0.25,200,0.8,0.26158,-0.01475,1510,0.01343,0.99867,0.19017
001510_lcam_front_lidar.ply/001510_lcam_front_lidar.ply,0.25,200,0.8,0.3282,0.02115,1511,0.01117,0.99782,0.12311
001511_lcam_front_lidar.ply/001511_lcam_front_lidar.ply,0.25,200,0.8,0.34495,0.00703,1512,0.0209,0.99975,0.10908
001512_lcam_front_lidar.ply/001512_lcam_front_lidar.ply,0.25,200,0.8,0.30825,-0.01824,1513,0.01231,0.99916,0.10821
001513_lcam_front_lidar.ply/001513_lcam_front_lidar.ply,0.25,200,0.8,0.26172,-0.01068,1514,0.01169,0.99963,0.10846
001514_lcam_front_lidar.ply/001514_lcam_front_lidar.ply,0.25,200,0.8,0.2679,-0.00296,1515,0.01147,0.99513,0.09259
001515_lcam_front_lidar.ply/001515_lcam_front_lidar.ply,0.25,200,0.8,0.26614,-0.02508,1516,0.02502,0.99945,0.15116
001516_lcam_front_lidar.ply/001516_lcam_front_lidar.ply,0.25,200,0.8,0.27603,-0.09119,1517,0.01066,0.9627,0.27379
001517_lcam_front_lidar.ply/001517_lcam_front_lidar.ply,0.25,200,0.8,0.269,0.0863,1518,0.01228,0.99819,0.09506
001518_lcam_front_lidar.ply/001518_lcam_front_lidar.ply,0.25,200,0.8,0.27544,-0.03657,1519,0.01375,0.98584,0.14744
001519_lcam_front_lidar.ply/001519_lcam_front_lidar.ply,0.25,200,0.8,0.23014,0.02962,1520,0.01251,0.99814,0.06939
001520_lcam_front_lidar.ply/001520_lcam_front_lidar.ply,0.25,200,0.8,0.413,-0.03791,1521,0.01304,0.99142,0.12427
001521_lcam_front_lidar.ply/001521_lcam_front_lidar.ply,0.25,200,0.8,0.41872,-0.06319,1522,0.01515,0.91739,0.21266
001522_lcam_front_lidar.ply/001522_lcam_front_lidar.ply,0.25,200,0.8,0.33245,0.06126,1523,0.01211,0.99433,0.08712
001523_lcam_front_lidar.ply/001523_lcam_front_lidar.ply,0.25,200,0.8,0.33052,-0.03121,1524,0.01229,0.99925,0.13138
001524_lcam_front_lidar.ply/001524_lcam_front_lidar.ply,0.25,200,0.8,0.25888,-0.00014,1525,0.01221,0.9902,0.10877
001525_lcam_front_lidar.ply/001525_lcam_front_lidar.ply,0.25,200,0.8,0.3319,-0.02741,1526,0.01198,0.97322,0.13805
001526_lcam_front_lidar.ply/001526_lcam_front_lidar.ply,0.25,200,0.8,0.26971,-0.11405,1527,0.00925,0.85223,0.30441
001527_lcam_front_lidar.ply/001527_lcam_front_lidar.ply,0.25,200,0.8,0.3422,0.05835,1528,0.01525,0.90945,0.19687
001528_lcam_front_lidar.ply/001528_lcam_front_lidar.ply,0.25,200,0.8,0.26781,0.04665,1529,0.00895,0.99065,0.09533
001529_lcam_front_lidar.ply/001529_lcam_front_lidar.ply,0.25,200,0.8,0.32691,-0.01592,1530,0.01133,0.99887,0.11439
001530_lcam_front_lidar.ply/001530_lcam_front_lidar.ply,0.25,200,0.8,0.31428,-0.0134,1531,0.0116,0.99703,0.12119
001531_lcam_front_lidar.ply/001531_lcam_front_lidar.ply,0.25,200,0.8,0.34343,0.10334,1532,0.10088,0.99997,0.07393
001532_lcam_front_lidar.ply/001532_lcam_front_lidar.ply,0.25,200,0.8,0.2879,-0.1581,1533,0.01218,0.88519,0.1583
001533_lcam_front_lidar.ply/001533_lcam_front_lidar.ply,0.25,200,0.8,0.37408,0.03241,1534,0.01262,0.99643,0.10772
001534_lcam_front_lidar.ply/001534_lcam_front_lidar.ply,0.25,200,0.8,0.28965,-0.01064,1535,0.01161,0.9967,0.10708
001535_lcam_front_lidar.ply/001535_lcam_front_lidar.ply,0.25,200,0.8,0.32687,-0.00353,1536,0.01278,0.99642,0.09639
001536_lcam_front_lidar.ply/001536_lcam_front_lidar.ply,0.25,200,0.8,0.23093,-0.05347,1537,0.01394,0.99416,0.18497
001537_lcam_front_lidar.ply/001537_lcam_front_lidar.ply,0.25,200,0.8,0.31011,0.02886,1538,0.01021,0.9887,0.09814
001538_lcam_front_lidar.ply/001538_lcam_front_lidar.ply,0.25,200,0.8,0.23711,-0.06883,1539,0.01662,0.98105,0.22633
001539_lcam_front_lidar.ply/001539_lcam_front_lidar.ply,0.25,200,0.8,0.24816,0.00838,1540,0.01641,0.99794,0.19421
001540_lcam_front_lidar.ply/001540_lcam_front_lidar.ply,0.25,200,0.8,0.31452,-0.0088,1541,0.01589,0.98815,0.18784
001541_lcam_front_lidar.ply/001541_lcam_front_lidar.ply,0.25,200,0.8,0.28977,-0.00877,1542,0.01428,0.997,0.18482
001542_lcam_front_lidar.ply/001542_lcam_front_lidar.ply,0.25,200,0.8,0.23072,0.01989,1543,0.02682,0.99988,0.15099
001543_lcam_front_lidar.ply/001543_lcam_front_lidar.ply,0.25,200,0.8,0.34423,-0.03371,1544,0.0157,0.9897,0.17312
001544_lcam_front_lidar.ply/001544_lcam_front_lidar.ply,0.25,200,0.8,0.28028,-0.03701,1545,0.0179,0.99704,0.23373
001545_lcam_front_lidar.ply/001545_lcam_front_lidar.ply,0.25,200,0.8,0.27884,-0.02749,1546,0.01623,0.89311,0.23418
001546_lcam_front_lidar.ply/001546_lcam_front_lidar.ply,0.25,200,0.8,0.29393,0.02979,1547,0.016,0.99733,0.18542
001547_lcam_front_lidar.ply/001547_lcam_front_lidar.ply,0.25,200,0.8,0.41583,-0.03712,1548,0.0133,0.92133,0.21148
001548_lcam_front_lidar.ply/001548_lcam_front_lidar.ply,0.25,200,0.8,0.28275,0.04405,1549,0.01393,0.9983,0.12772
001549_lcam_front_lidar.ply/001549_lcam_front_lidar.ply,0.25,200,0.8,0.22509,-0.01523,1550,0.0152,0.99564,0.13991
001550_lcam_front_lidar.ply/001550_lcam_front_lidar.ply,0.25,200,0.8,0.29822,-0.01393,1551,0.01486,0.99766,0.14769
001551_lcam_front_lidar.ply/001551_lcam_front_lidar.ply,0.25,200,0.8,0.25326,-0.0131,1552,0.01342,0.99712,0.15084
001552_lcam_front_lidar.ply/001552_lcam_front_lidar.ply,0.25,200,0.8,0.37257,-0.01382,1553,0.01407,0.99544,0.15928
001553_lcam_front_lidar.ply/001553_lcam_front_lidar.ply,0.25,200,0.8,0.30191,-0.00942,1554,0.01594,0.99567,0.16193
001554_lcam_front_lidar.ply/001554_lcam_front_lidar.ply,0.25,200,0.8,0.24159,-0.02418,1555,0.01633,0.99526,0.19095
001555_lcam_front_lidar.ply/001555_lcam_front_lidar.ply,0.25,200,0.8,0.25097,-0.01815,1556,0.01548,0.99637,0.20588
001556_lcam_front_lidar.ply/001556_lcam_front_lidar.ply,0.25,200,0.8,0.24873,-0.01498,1557,0.01747,0.99802,0.22032
001557_lcam_front_lidar.ply/001557_lcam_front_lidar.ply,0.25,200,0.8,0.26855,-0.00751,1558,0.01696,0.99848,0.21447
001558_lcam_front_lidar.ply/001558_lcam_front_lidar.ply,0.25,200,0.8,0.27752,-0.00173,1559,0.01668,0.99327,0.19581
001559_lcam_front_lidar.ply/001559_lcam_front_lidar.ply,0.25,200,0.8,0.27937,-0.01624,1560,0.01741,0.99566,0.21046
001560_lcam_front_lidar.ply/001560_lcam_front_lidar.ply,0.25,200,0.8,0.3283,-0.0185,1561,0.01709,0.9992,0.2279
001561_lcam_front_lidar.ply/001561_lcam_front_lidar.ply,0.25,200,0.8,0.25478,0.02642,1562,0.01612,0.99797,0.15274
001562_lcam_front_lidar.ply/001562_lcam_front_lidar.ply,0.25,200,0.8,0.29037,-0.01232,1563,0.01616,0.99509,0.15659
001563_lcam_front_lidar.ply/001563_lcam_front_lidar.ply,0.25,200,0.8,0.22429,-0.02616,1564,0.01736,0.99782,0.19213
001564_lcam_front_lidar.ply/001564_lcam_front_lidar.ply,0.25,200,0.8,0.27439,-0.0243,1565,0.01769,0.9991,0.22179
001565_lcam_front_lidar.ply/001565_lcam_front_lidar.ply,0.25,200,0.8,0.31049,-0.00114,1566,0.01703,0.99895,0.20271
001566_lcam_front_lidar.ply/001566_lcam_front_lidar.ply,0.25,200,0.8,0.3374,-0.01655,1567,0.01821,0.99801,0.21789
001567_lcam_front_lidar.ply/001567_lcam_front_lidar.ply,0.25,200,0.8,0.26404,0.01227,1568,0.01918,0.99951,0.17572
001568_lcam_front_lidar.ply/001568_lcam_front_lidar.ply,0.25,200,0.8,0.3406,-0.03578,1569,0.0189,0.99501,0.22539
001569_lcam_front_lidar.ply/001569_lcam_front_lidar.ply,0.25,200,0.8,0.31779,0.00151,1570,0.01817,0.99531,0.20098
001570_lcam_front_lidar.ply/001570_lcam_front_lidar.ply,0.25,200,0.8,0.34519,-0.01421,1571,0.01887,0.99382,0.21036
001571_lcam_front_lidar.ply/001571_lcam_front_lidar.ply,0.25,200,0.8,0.31216,-0.06572,1572,0.02076,0.89968,0.29736
001572_lcam_front_lidar.ply/001572_lcam_front_lidar.ply,0.25,200,0.8,0.31538,0.08949,1573,0.00917,0.99541,0.10391
001573_lcam_front_lidar.ply/001573_lcam_front_lidar.ply,0.25,200,0.8,0.24156,-0.08643,1574,0.02211,0.95071,0.26924
001574_lcam_front_lidar.ply/001574_lcam_front_lidar.ply,0.25,200,0.8,0.30378,0.03858,1575,0.0256,0.9991,0.19359
001575_lcam_front_lidar.ply/001575_lcam_front_lidar.ply,0.25,200,0.8,0.2943,-0.01788,1576,0.01986,0.99398,0.19634
001576_lcam_front_lidar.ply/001576_lcam_front_lidar.ply,0.25,200,0.8,0.39728,0.01665,1577,0.01215,0.99466,0.12782
001577_lcam_front_lidar.ply/001577_lcam_front_lidar.ply,0.25,200,0.8,0.25514,-0.00048,1578,0.00911,0.99192,0.1019
001578_lcam_front_lidar.ply/001578_lcam_front_lidar.ply,0.25,200,0.8,0.28202,0.01086,1579,0.0143,0.99888,0.07265
001579_lcam_front_lidar.ply/001579_lcam_front_lidar.ply,0.25,200,0.8,0.27572,-0.05164,1580,0.01368,0.99572,0.15373
001580_lcam_front_lidar.ply/001580_lcam_front_lidar.ply,0.25,200,0.8,0.25375,-0.00897,1581,0.01726,0.99322,0.15809
001581_lcam_front_lidar.ply/001581_lcam_front_lidar.ply,0.25,200,0.8,0.28509,-0.0011,1582,0.01305,0.99636,0.13281
001582_lcam_front_lidar.ply/001582_lcam_front_lidar.ply,0.25,200,0.8,0.2782,-0.02666,1583,0.01162,0.99624,0.16323
001583_lcam_front_lidar.ply/001583_lcam_front_lidar.ply,0.25,200,0.8,0.34146,0.00845,1584,0.01054,0.99809,0.12473
001584_lcam_front_lidar.ply/001584_lcam_front_lidar.ply,0.25,200,0.8,0.30125,-0.04852,1585,0.01447,0.99141,0.20765
001585_lcam_front_lidar.ply/001585_lcam_front_lidar.ply,0.25,200,0.8,0.42476,0.00404,1586,0.01476,0.99296,0.1806
001586_lcam_front_lidar.ply/001586_lcam_front_lidar.ply,0.25,200,0.8,0.34736,-0.0168,1587,0.01533,0.99704,0.19658
001587_lcam_front_lidar.ply/001587_lcam_front_lidar.ply,0.25,200,0.8,0.30667,0.00585,1588,0.01378,0.99587,0.16143
001588_lcam_front_lidar.ply/001588_lcam_front_lidar.ply,0.25,200,0.8,0.25965,-0.00349,1589,0.02486,0.99935,0.17161
001589_lcam_front_lidar.ply/001589_lcam_front_lidar.ply,0.25,200,0.8,0.28614,-0.00733,1590,0.01401,0.99364,0.14286
001590_lcam_front_lidar.ply/001590_lcam_front_lidar.ply,0.25,200,0.8,0.38412,-0.02975,1591,0.01428,0.99085,0.18206
001591_lcam_front_lidar.ply/001591_lcam_front_lidar.ply,0.25,200,0.8,0.37611,0.0019,1592,0.01333,0.99561,0.15778
001592_lcam_front_lidar.ply/001592_lcam_front_lidar.ply,0.25,200,0.8,0.40868,-0.05128,1593,0.01528,0.98747,0.24181
001593_lcam_front_lidar.ply/001593_lcam_front_lidar.ply,0.25,200,0.8,0.42945,0.03821,1594,0.01396,0.99174,0.14403
001594_lcam_front_lidar.ply/001594_lcam_front_lidar.ply,0.25,200,0.8,0.3556,-0.03225,1595,0.01327,0.99021,0.18671
001595_lcam_front_lidar.ply/001595_lcam_front_lidar.ply,0.25,200,0.8,0.34979,-0.00121,1596,0.01348,0.99171,0.17
001596_lcam_front_lidar.ply/001596_lcam_front_lidar.ply,0.25,200,0.8,0.30435,0.00625,1597,0.01312,0.99455,0.13762
001597_lcam_front_lidar.ply/001597_lcam_front_lidar.ply,0.25,200,0.8,0.39316,-0.01186,1598,0.01234,0.99452,0.13978
001598_lcam_front_lidar.ply/001598_lcam_front_lidar.ply,0.25,200,0.8,0.34806,-0.01255,1599,0.01533,0.99094,0.14976
001599_lcam_front_lidar.ply/001599_lcam_front_lidar.ply,0.25,200,0.8,0.32502,-0.00504,1600,0.01195,0.99415,0.13405
001600_lcam_front_lidar.ply/001600_lcam_front_lidar.ply,0.25,200,0.8,0.29683,-0.01361,1601,0.01142,0.99492,0.14043
001601_lcam_front_lidar.ply/001601_lcam_front_lidar.ply,0.25,200,0.8,0.35315,-0.00469,1602,0.0149,0.99111,0.13565
001602_lcam_front_lidar.ply/001602_lcam_front_lidar.ply,0.25,200,0.8,0.25633,-0.01756,1603,0.01153,0.99578,0.14543
001603_lcam_front_lidar.ply/001603_lcam_front_lidar.ply,0.25,200,0.8,0.33157,-0.01781,1604,0.01222,0.99035,0.16081
001604_lcam_front_lidar.ply/001604_lcam_front_lidar.ply,0.25,200,0.8,0.36493,0.00198,1605,0.01198,0.99408,0.13748
001605_lcam_front_lidar.ply/001605_lcam_front_lidar.ply,0.25,200,0.8,0.29087,-0.02765,1606,0.01256,0.99054,0.17289
001606_lcam_front_lidar.ply/001606_lcam_front_lidar.ply,0.25,200,0.8,0.25739,0.00201,1607,0.00991,0.99165,0.14389
001607_lcam_front_lidar.ply/001607_lcam_front_lidar.ply,0.25,200,0.8,0.34598,-0.00312,1608,0.01219,0.99451,0.13554
001608_lcam_front_lidar.ply/001608_lcam_front_lidar.ply,0.25,200,0.8,0.2376,-0.0229,1609,0.01279,0.99085,0.16145
001609_lcam_front_lidar.ply/001609_lcam_front_lidar.ply,0.25,200,0.8,0.2886,-0.01673,1610,0.01288,0.98907,0.17456
001610_lcam_front_lidar.ply/001610_lcam_front_lidar.ply,0.25,200,0.8,0.36588,0.00979,1611,0.01227,0.99376,0.13516
001611_lcam_front_lidar.ply/001611_lcam_front_lidar.ply,0.25,200,0.8,0.27397,-0.01096,1612,0.01234,0.99422,0.13737
001612_lcam_front_lidar.ply/001612_lcam_front_lidar.ply,0.25,200,0.8,0.31936,-0.01716,1613,0.01278,0.99209,0.15193
001613_lcam_front_lidar.ply/001613_lcam_front_lidar.ply,0.25,200,0.8,0.24739,0.12282,1614,0.10691,0.99994,0.0769
001614_lcam_front_lidar.ply/001614_lcam_front_lidar.ply,0.25,200,0.8,0.33577,-0.13297,1615,0.0117,0.99421,0.13071
001615_lcam_front_lidar.ply/001615_lcam_front_lidar.ply,0.25,200,0.8,0.27372,-0.00615,1616,0.01315,0.99416,0.12586
001616_lcam_front_lidar.ply/001616_lcam_front_lidar.ply,0.25,200,0.8,0.29023,-0.01143,1617,0.01304,0.99417,0.12852
001617_lcam_front_lidar.ply/001617_lcam_front_lidar.ply,0.25,200,0.8,0.25246,-0.01441,1618,0.0128,0.9939,0.13678
001618_lcam_front_lidar.ply/001618_lcam_front_lidar.ply,0.25,200,0.8,0.31804,-0.00786,1619,0.01266,0.99407,0.13227
001619_lcam_front_lidar.ply/001619_lcam_front_lidar.ply,0.25,200,0.8,0.24559,-0.01054,1620,0.0128,0.99442,0.13373
001620_lcam_front_lidar.ply/001620_lcam_front_lidar.ply,0.25,200,0.8,0.27455,-0.01199,1621,0.01251,0.99433,0.13712
001621_lcam_front_lidar.ply/001621_lcam_front_lidar.ply,0.25,200,0.8,0.28296,-0.01186,1622,0.01216,0.99385,0.13998
001622_lcam_front_lidar.ply/001622_lcam_front_lidar.ply,0.25,200,0.8,0.32474,-0.03102,1623,0.02021,0.99864,0.19957
001623_lcam_front_lidar.ply/001623_lcam_front_lidar.ply,0.25,200,0.8,0.28142,-0.02446,1624,0.0162,0.99192,0.21845
001624_lcam_front_lidar.ply/001624_lcam_front_lidar.ply,0.25,200,0.8,0.29179,-0.00712,1625,0.0171,0.99096,0.2142
001625_lcam_front_lidar.ply/001625_lcam_front_lidar.ply,0.25,200,0.8,0.2395,0.01921,1626,0.01083,0.9939,0.14412
001626_lcam_front_lidar.ply/001626_lcam_front_lidar.ply,0.25,200,0.8,0.27302,-0.00592,1627,0.01046,0.99439,0.13537
001627_lcam_front_lidar.ply/001627_lcam_front_lidar.ply,0.25,200,0.8,0.30095,-0.05219,1628,0.02083,0.99835,0.24168
001628_lcam_front_lidar.ply/001628_lcam_front_lidar.ply,0.25,200,0.8,0.25972,-0.00202,1629,0.01634,0.99368,0.21533
001629_lcam_front_lidar.ply/001629_lcam_front_lidar.ply,0.25,200,0.8,0.29019,0.02385,1630,0.01235,0.99607,0.14036
001630_lcam_front_lidar.ply/001630_lcam_front_lidar.ply,0.25,200,0.8,0.27568,-0.1061,1631,0.00677,0.98019,0.31664
001631_lcam_front_lidar.ply/001631_lcam_front_lidar.ply,0.25,200,0.8,0.28455,0.03035,1632,0.01692,0.99359,0.26027
001632_lcam_front_lidar.ply/001632_lcam_front_lidar.ply,0.25,200,0.8,0.27443,0.05099,1633,0.01234,0.99598,0.12985
001633_lcam_front_lidar.ply/001633_lcam_front_lidar.ply,0.25,200,0.8,0.36771,-0.034,1634,0.01111,0.99027,0.1737
001634_lcam_front_lidar.ply/001634_lcam_front_lidar.ply,0.25,200,0.8,0.24415,-0.00671,1635,0.01139,0.98827,0.16707
001635_lcam_front_lidar.ply/001635_lcam_front_lidar.ply,0.25,200,0.8,0.35323,-0.05657,1636,0.01871,0.99913,0.27811
001636_lcam_front_lidar.ply/001636_lcam_front_lidar.ply,0.25,200,0.8,0.29526,0.03356,1637,0.0107,0.99281,0.17308
001637_lcam_front_lidar.ply/001637_lcam_front_lidar.ply,0.25,200,0.8,0.27955,-0.01003,1638,0.01091,0.99395,0.1739
001638_lcam_front_lidar.ply/001638_lcam_front_lidar.ply,0.25,200,0.8,0.2839,-0.0458,1639,0.01702,0.99984,0.25947
001639_lcam_front_lidar.ply/001639_lcam_front_lidar.ply,0.25,200,0.8,0.28895,-0.00582,1640,0.021,0.99759,0.25841
001640_lcam_front_lidar.ply/001640_lcam_front_lidar.ply,0.25,200,0.8,0.29805,-0.02216,1641,0.0185,0.9993,0.27824
001641_lcam_front_lidar.ply/001641_lcam_front_lidar.ply,0.25,200,0.8,0.27393,-0.01236,1642,0.01811,0.99928,0.28217
001642_lcam_front_lidar.ply/001642_lcam_front_lidar.ply,0.25,200,0.8,0.3188,0.03017,1643,0.011,0.99277,0.18565
001643_lcam_front_lidar.ply/001643_lcam_front_lidar.ply,0.25,200,0.8,0.29289,-0.02028,1644,0.01133,0.99594,0.20782
001644_lcam_front_lidar.ply/001644_lcam_front_lidar.ply,0.25,200,0.8,0.36758,0.01326,1645,0.01241,0.99932,0.16449
001645_lcam_front_lidar.ply/001645_lcam_front_lidar.ply,0.25,200,0.8,0.31099,-0.06316,1646,0.0183,1.0,0.28279
001646_lcam_front_lidar.ply/001646_lcam_front_lidar.ply,0.25,200,0.8,0.32216,-0.0101,1647,0.01851,0.99991,0.28338
001647_lcam_front_lidar.ply/001647_lcam_front_lidar.ply,0.25,200,0.8,0.30951,0.02582,1648,0.01265,0.99998,0.20004
001648_lcam_front_lidar.ply/001648_lcam_front_lidar.ply,0.25,200,0.8,0.30416,-0.02849,1649,0.02166,0.99925,0.25482
001649_lcam_front_lidar.ply/001649_lcam_front_lidar.ply,0.25,200,0.8,0.36054,-0.01384,1650,0.0222,0.99978,0.26375
001650_lcam_front_lidar.ply/001650_lcam_front_lidar.ply,0.25,200,0.8,0.29273,-0.0052,1651,0.01766,0.99969,0.24504
001651_lcam_front_lidar.ply/001651_lcam_front_lidar.ply,0.25,200,0.8,0.34096,-0.00698,1652,0.01981,0.99967,0.24328
001652_lcam_front_lidar.ply/001652_lcam_front_lidar.ply,0.25,200,0.8,0.33533,0.00978,1653,0.0115,0.99979,0.18714
001653_lcam_front_lidar.ply/001653_lcam_front_lidar.ply,0.25,200,0.8,0.30173,-0.07806,1654,0.01567,0.98943,0.32849
001654_lcam_front_lidar.ply/001654_lcam_front_lidar.ply,0.25,200,0.8,0.31551,0.02591,1655,0.02098,0.9997,0.27038
001655_lcam_front_lidar.ply/001655_lcam_front_lidar.ply,0.25,200,0.8,0.33338,0.0266,1656,0.01184,0.99856,0.17856
001656_lcam_front_lidar.ply/001656_lcam_front_lidar.ply,0.25,200,0.8,0.38879,4e-05,1657,0.00615,0.9693,0.13831
001657_lcam_front_lidar.ply/001657_lcam_front_lidar.ply,0.25,200,0.8,0.28358,-0.0208,1658,0.01144,0.99747,0.17893
001658_lcam_front_lidar.ply/001658_lcam_front_lidar.ply,0.25,200,0.8,0.29946,-0.04779,1659,0.01754,0.99794,0.26685
001659_lcam_front_lidar.ply/001659_lcam_front_lidar.ply,0.25,200,0.8,0.32072,-0.00787,1660,0.01998,0.99991,0.26806
001660_lcam_front_lidar.ply/001660_lcam_front_lidar.ply,0.25,200,0.8,0.2851,0.03017,1661,0.01164,0.99103,0.16837
001661_lcam_front_lidar.ply/001661_lcam_front_lidar.ply,0.25,200,0.8,0.38821,-0.01095,1662,0.01011,0.95888,0.15757
001662_lcam_front_lidar.ply/001662_lcam_front_lidar.ply,0.25,200,0.8,0.30489,-0.02857,1663,0.01134,0.96592,0.19929
001663_lcam_front_lidar.ply/001663_lcam_front_lidar.ply,0.25,200,0.8,0.31271,0.01201,1664,0.01275,0.99944,0.16816
001664_lcam_front_lidar.ply/001664_lcam_front_lidar.ply,0.25,200,0.8,0.29957,-0.00292,1665,0.01129,0.99867,0.15085
001665_lcam_front_lidar.ply/001665_lcam_front_lidar.ply,0.25,200,0.8,0.29156,-0.01489,1666,0.01235,0.99924,0.16293
001666_lcam_front_lidar.ply/001666_lcam_front_lidar.ply,0.25,200,0.8,0.32933,-0.04369,1667,0.01261,0.95468,0.21745
001667_lcam_front_lidar.ply/001667_lcam_front_lidar.ply,0.25,200,0.8,0.29166,0.02369,1668,0.01172,0.99934,0.16168
001668_lcam_front_lidar.ply/001668_lcam_front_lidar.ply,0.25,200,0.8,0.35263,-0.01858,1669,0.01171,0.98419,0.17428
001669_lcam_front_lidar.ply/001669_lcam_front_lidar.ply,0.25,200,0.8,0.28517,0.007,1670,0.01083,0.99926,0.14304
001670_lcam_front_lidar.ply/001670_lcam_front_lidar.ply,0.25,200,0.8,0.40602,-0.08588,1671,0.00398,0.93206,0.26093
001671_lcam_front_lidar.ply/001671_lcam_front_lidar.ply,0.25,200,0.8,0.42953,0.06855,1672,0.01073,0.99946,0.13756
001672_lcam_front_lidar.ply/001672_lcam_front_lidar.ply,0.25,200,0.8,0.3524,-0.00747,1673,0.01007,0.99142,0.12877
001673_lcam_front_lidar.ply/001673_lcam_front_lidar.ply,0.25,200,0.8,0.41955,-0.03332,1674,0.01083,0.9911,0.17684
001674_lcam_front_lidar.ply/001674_lcam_front_lidar.ply,0.25,200,0.8,0.36956,-0.01222,1675,0.01049,0.96105,0.17159
001675_lcam_front_lidar.ply/001675_lcam_front_lidar.ply,0.25,200,0.8,0.41126,-0.01001,1676,0.01087,0.97038,0.17515
001676_lcam_front_lidar.ply/001676_lcam_front_lidar.ply,0.25,200,0.8,0.33771,0.00875,1677,0.0096,0.99867,0.1436
001677_lcam_front_lidar.ply/001677_lcam_front_lidar.ply,0.25,200,0.8,0.32694,-0.02254,1678,0.01054,0.97888,0.16463
001678_lcam_front_lidar.ply/001678_lcam_front_lidar.ply,0.25,200,0.8,0.39109,0.04674,1679,0.00761,0.99698,0.0507
001679_lcam_front_lidar.ply/001679_lcam_front_lidar.ply,0.25,200,0.8,0.29932,-0.08023,1680,0.01958,0.9995,0.21585
001680_lcam_front_lidar.ply/001680_lcam_front_lidar.ply,0.25,200,0.8,0.32789,0.01185,1681,0.01036,0.97976,0.14779
001681_lcam_front_lidar.ply/001681_lcam_front_lidar.ply,0.25,200,0.8,0.35843,0.01501,1682,0.00939,0.99668,0.10091
001682_lcam_front_lidar.ply/001682_lcam_front_lidar.ply,0.25,200,0.8,0.36941,-0.03898,1683,0.01048,0.97993,0.15602
001683_lcam_front_lidar.ply/001683_lcam_front_lidar.ply,0.25,200,0.8,0.34158,0.1384,1684,0.11445,1.0,0.07319
001684_lcam_front_lidar.ply/001684_lcam_front_lidar.ply,0.25,200,0.8,0.26952,-0.09567,1685,0.0092,0.9974,0.03324
001685_lcam_front_lidar.ply/001685_lcam_front_lidar.ply,0.25,200,0.8,0.33262,-0.0101,1686,0.00913,0.9974,0.0333
001686_lcam_front_lidar.ply/001686_lcam_front_lidar.ply,0.25,200,0.8,0.40453,-0.06509,1687,0.01006,0.98133,0.14053
001687_lcam_front_lidar.ply/001687_lcam_front_lidar.ply,0.25,200,0.8,0.28755,0.04278,1688,0.00904,0.99727,0.03771
001688_lcam_front_lidar.ply/001688_lcam_front_lidar.ply,0.25,200,0.8,0.30428,0.07312,1689,0.11088,0.99999,0.07598
001689_lcam_front_lidar.ply/001689_lcam_front_lidar.ply,0.25,200,0.8,0.40112,-0.09817,1690,0.00878,0.99587,0.04687
001690_lcam_front_lidar.ply/001690_lcam_front_lidar.ply,0.25,200,0.8,0.31331,-0.00933,1691,0.00704,0.99735,0.04248
001691_lcam_front_lidar.ply/001691_lcam_front_lidar.ply,0.25,200,0.8,0.28655,0.09188,1692,0.12907,0.99999,0.08357
001692_lcam_front_lidar.ply/001692_lcam_front_lidar.ply,0.25,200,0.8,0.26873,-0.1463,1693,0.00823,0.99956,0.11436
001693_lcam_front_lidar.ply/001693_lcam_front_lidar.ply,0.25,200,0.8,0.23295,-0.04199,1694,0.00857,0.9959,0.17791
001694_lcam_front_lidar.ply/001694_lcam_front_lidar.ply,0.25,200,0.8,0.22416,0.16123,1695,0.12995,0.99999,0.07943
001695_lcam_front_lidar.ply/001695_lcam_front_lidar.ply,0.25,200,0.8,0.26135,-0.01132,1696,0.1276,1.0,0.07738
001696_lcam_front_lidar.ply/001696_lcam_front_lidar.ply,0.25,200,0.8,0.33414,-0.0983,1697,0.00184,0.99626,0.00133
001697_lcam_front_lidar.ply/001697_lcam_front_lidar.ply,0.25,200,0.8,0.25776,-0.06261,1698,0.00885,0.99638,0.12062
001698_lcam_front_lidar.ply/001698_lcam_front_lidar.ply,0.25,200,0.8,0.32344,-0.01066,1699,0.00908,0.99579,0.12222
001699_lcam_front_lidar.ply/001699_lcam_front_lidar.ply,0.25,200,0.8,0.25325,0.12789,1700,0.1266,1.0,0.08275
001700_lcam_front_lidar.ply/001700_lcam_front_lidar.ply,0.25,200,0.8,0.26947,-0.00066,1701,0.13416,1.0,0.07918
001701_lcam_front_lidar.ply/001701_lcam_front_lidar.ply,0.25,200,0.8,0.25909,-0.01195,1702,0.13204,1.0,0.07884
001702_lcam_front_lidar.ply/001702_lcam_front_lidar.ply,0.25,200,0.8,0.3051,-0.05942,1703,0.0873,0.99999,0.08819
001703_lcam_front_lidar.ply/001703_lcam_front_lidar.ply,0.25,200,0.8,0.24856,-0.09006,1704,0.00807,0.98355,0.08492
001704_lcam_front_lidar.ply/001704_lcam_front_lidar.ply,0.25,200,0.8,0.24664,0.11804,1705,0.13446,1.0,0.08656
001705_lcam_front_lidar.ply/001705_lcam_front_lidar.ply,0.25,200,0.8,0.22178,-0.00845,1706,0.13777,1.0,0.09007
001706_lcam_front_lidar.ply/001706_lcam_front_lidar.ply,0.25,200,0.8,0.24529,-0.01259,1707,0.13352,1.0,0.08676
001707_lcam_front_lidar.ply/001707_lcam_front_lidar.ply,0.25,200,0.8,0.23839,-0.01084,1708,0.13372,1.0,0.08884
001708_lcam_front_lidar.ply/001708_lcam_front_lidar.ply,0.25,200,0.8,0.24575,-0.01082,1709,0.1413,0.99999,0.10564
001709_lcam_front_lidar.ply/001709_lcam_front_lidar.ply,0.25,200,0.8,0.30312,-0.15118,1710,0.01162,0.98819,0.12509
001710_lcam_front_lidar.ply/001710_lcam_front_lidar.ply,0.25,200,0.8,0.25862,-0.04719,1711,0.01345,0.99853,0.20624
001711_lcam_front_lidar.ply/001711_lcam_front_lidar.ply,0.25,200,0.8,0.27123,-0.01271,1712,0.0148,0.99861,0.21439
001712_lcam_front_lidar.ply/001712_lcam_front_lidar.ply,0.25,200,0.8,0.26433,0.00837,1713,0.019,0.99859,0.18603
001713_lcam_front_lidar.ply/001713_lcam_front_lidar.ply,0.25,200,0.8,0.3289,-0.0262,1714,0.01395,0.9982,0.20821
001714_lcam_front_lidar.ply/001714_lcam_front_lidar.ply,0.25,200,0.8,0.28797,-0.01134,1715,0.01445,0.99806,0.21187
001715_lcam_front_lidar.ply/001715_lcam_front_lidar.ply,0.25,200,0.8,0.27276,-0.00395,1716,0.01321,0.99811,0.1973
001716_lcam_front_lidar.ply/001716_lcam_front_lidar.ply,0.25,200,0.8,0.31836,0.00211,1717,0.01829,0.99881,0.18345
001717_lcam_front_lidar.ply/001717_lcam_front_lidar.ply,0.25,200,0.8,0.24382,-0.01062,1718,0.01851,0.9986,0.18506
001718_lcam_front_lidar.ply/001718_lcam_front_lidar.ply,0.25,200,0.8,0.33275,-0.00314,1719,0.01972,0.99905,0.1739
001719_lcam_front_lidar.ply/001719_lcam_front_lidar.ply,0.25,200,0.8,0.28578,-0.0293,1720,0.00953,0.99786,0.19177
001720_lcam_front_lidar.ply/001720_lcam_front_lidar.ply,0.25,200,0.8,0.26918,0.00637,1721,0.0181,0.99855,0.17639
001721_lcam_front_lidar.ply/001721_lcam_front_lidar.ply,0.25,200,0.8,0.2863,-0.03714,1722,0.00907,0.99733,0.21222
001722_lcam_front_lidar.ply/001722_lcam_front_lidar.ply,0.25,200,0.8,0.25539,0.01958,1723,0.01938,0.99879,0.17415
001723_lcam_front_lidar.ply/001723_lcam_front_lidar.ply,0.25,200,0.8,0.32768,-0.03574,1724,0.00935,0.99875,0.20557
001724_lcam_front_lidar.ply/001724_lcam_front_lidar.ply,0.25,200,0.8,0.27965,0.01659,1725,0.01919,0.99887,0.17209
001725_lcam_front_lidar.ply/001725_lcam_front_lidar.ply,0.25,200,0.8,0.32004,-0.01216,1726,0.01897,0.99876,0.17593
001726_lcam_front_lidar.ply/001726_lcam_front_lidar.ply,0.25,200,0.8,0.28667,0.00877,1727,0.00767,0.98751,0.11243
001727_lcam_front_lidar.ply/001727_lcam_front_lidar.ply,0.25,200,0.8,0.2905,0.04121,1728,0.00141,0.99863,0.00083
001728_lcam_front_lidar.ply/001728_lcam_front_lidar.ply,0.25,200,0.8,0.33509,-0.05317,1729,0.0083,0.98385,0.09651
001729_lcam_front_lidar.ply/001729_lcam_front_lidar.ply,0.25,200,0.8,0.28146,0.08236,1730,0.13186,0.99975,0.16369
001730_lcam_front_lidar.ply/001730_lcam_front_lidar.ply,0.25,200,0.8,0.33498,-0.00576,1731,0.14041,0.99973,0.17229
001731_lcam_front_lidar.ply/001731_lcam_front_lidar.ply,0.25,200,0.8,0.30678,-0.11173,1732,0.00895,0.99129,0.11032
001732_lcam_front_lidar.ply/001732_lcam_front_lidar.ply,0.25,200,0.8,0.30435,-0.10782,1733,0.00859,0.89809,0.27729
001733_lcam_front_lidar.ply/001733_lcam_front_lidar.ply,0.25,200,0.8,0.36973,-0.00957,1734,0.00875,0.89264,0.27512
001734_lcam_front_lidar.ply/001734_lcam_front_lidar.ply,0.25,200,0.8,0.29571,0.07568,1735,0.01049,0.99931,0.13923
001735_lcam_front_lidar.ply/001735_lcam_front_lidar.ply,0.25,200,0.8,0.33124,-0.05359,1736,0.01168,0.99734,0.22822
001736_lcam_front_lidar.ply/001736_lcam_front_lidar.ply,0.25,200,0.8,0.3858,0.00494,1737,0.00563,0.99506,0.18555
001737_lcam_front_lidar.ply/001737_lcam_front_lidar.ply,0.25,200,0.8,0.38589,-0.00514,1738,0.01034,0.99774,0.18605
001738_lcam_front_lidar.ply/001738_lcam_front_lidar.ply,0.25,200,0.8,0.35354,-0.05266,1739,0.00874,0.92025,0.24492
001739_lcam_front_lidar.ply/001739_lcam_front_lidar.ply,0.25,200,0.8,0.4021,0.11826,1740,0.00907,0.99426,0.01127
001740_lcam_front_lidar.ply/001740_lcam_front_lidar.ply,0.25,200,0.8,0.31725,-0.00954,1741,0.00888,0.99339,0.00971
001741_lcam_front_lidar.ply/001741_lcam_front_lidar.ply,0.25,200,0.8,0.34949,-0.01142,1742,0.00619,0.99721,0.00831
001742_lcam_front_lidar.ply/001742_lcam_front_lidar.ply,0.25,200,0.8,0.3753,-0.07545,1743,0.00939,0.99513,0.145
001743_lcam_front_lidar.ply/001743_lcam_front_lidar.ply,0.25,200,0.8,0.32367,0.08954,1744,0.12541,0.99949,0.17926
001744_lcam_front_lidar.ply/001744_lcam_front_lidar.ply,0.25,200,0.8,0.33312,-0.00588,1745,0.13236,0.99933,0.18487
001745_lcam_front_lidar.ply/001745_lcam_front_lidar.ply,0.25,200,0.8,0.38009,-0.01823,1746,0.12167,0.99924,0.17992
001746_lcam_front_lidar.ply/001746_lcam_front_lidar.ply,0.25,200,0.8,0.31189,-0.00526,1747,0.12897,0.99912,0.18501
001747_lcam_front_lidar.ply/001747_lcam_front_lidar.ply,0.25,200,0.8,0.31338,-0.00541,1748,0.13485,0.99922,0.18763
001748_lcam_front_lidar.ply/001748_lcam_front_lidar.ply,0.25,200,0.8,0.36474,-0.07039,1749,0.00813,0.99866,0.05481
001749_lcam_front_lidar.ply/001749_lcam_front_lidar.ply,0.25,200,0.8,0.34046,0.03878,1750,0.12143,0.9989,0.18391
001750_lcam_front_lidar.ply/001750_lcam_front_lidar.ply,0.25,200,0.8,0.29718,0.00225,1751,0.11968,0.99943,0.15608
001751_lcam_front_lidar.ply/001751_lcam_front_lidar.ply,0.25,200,0.8,0.34927,-0.00897,1752,0.12037,0.99935,0.15538
001752_lcam_front_lidar.ply/001752_lcam_front_lidar.ply,0.25,200,0.8,0.2778,-0.01241,1753,0.12722,0.9989,0.17375
001753_lcam_front_lidar.ply/001753_lcam_front_lidar.ply,0.25,200,0.8,0.3315,-0.01213,1754,0.12621,0.99881,0.17596
001754_lcam_front_lidar.ply/001754_lcam_front_lidar.ply,0.25,200,0.8,0.36664,-0.02008,1755,0.1116,0.99858,0.16682
001755_lcam_front_lidar.ply/001755_lcam_front_lidar.ply,0.25,200,0.8,0.31756,-0.06444,1756,0.00616,0.9699,0.05622
001756_lcam_front_lidar.ply/001756_lcam_front_lidar.ply,0.25,200,0.8,0.31323,0.05019,1757,0.11523,0.99854,0.16256
001757_lcam_front_lidar.ply/001757_lcam_front_lidar.ply,0.25,200,0.8,0.40842,-0.04376,1758,0.00726,0.999,0.0143
001758_lcam_front_lidar.ply/001758_lcam_front_lidar.ply,0.25,200,0.8,0.31347,-0.01121,1759,0.0074,0.99857,0.01687
001759_lcam_front_lidar.ply/001759_lcam_front_lidar.ply,0.25,200,0.8,0.39085,-0.01004,1760,0.0077,0.99884,0.01762
001760_lcam_front_lidar.ply/001760_lcam_front_lidar.ply,0.25,200,0.8,0.37665,-0.18636,1761,0.00269,0.98437,0.35597
001761_lcam_front_lidar.ply/001761_lcam_front_lidar.ply,0.25,200,0.8,0.29109,0.16646,1762,0.00767,0.99863,0.01728
001762_lcam_front_lidar.ply/001762_lcam_front_lidar.ply,0.25,200,0.8,0.36063,-0.01035,1763,0.00763,0.99876,0.01795
001763_lcam_front_lidar.ply/001763_lcam_front_lidar.ply,0.25,200,0.8,0.32172,-0.00746,1764,0.00794,0.99498,0.01236
001764_lcam_front_lidar.ply/001764_lcam_front_lidar.ply,0.25,200,0.8,0.29991,-0.0057,1765,0.00697,0.99984,0.00326
001765_lcam_front_lidar.ply/001765_lcam_front_lidar.ply,0.25,200,0.8,0.41273,0.02634,1766,0.1189,0.99849,0.15404
001766_lcam_front_lidar.ply/001766_lcam_front_lidar.ply,0.25,200,0.8,0.32927,-0.1418,1767,0.00694,0.9501,0.1792
001767_lcam_front_lidar.ply/001767_lcam_front_lidar.ply,0.25,200,0.8,0.36624,0.12177,1768,0.11806,0.99849,0.15242
001768_lcam_front_lidar.ply/001768_lcam_front_lidar.ply,0.25,200,0.8,0.39428,-0.06693,1769,0.0077,0.9851,0.04153
001769_lcam_front_lidar.ply/001769_lcam_front_lidar.ply,0.25,200,0.8,0.35433,-0.01324,1770,0.00821,0.98843,0.05003
001770_lcam_front_lidar.ply/001770_lcam_front_lidar.ply,0.25,200,0.8,0.44833,-0.09361,1771,0.00872,0.94067,0.20394
001771_lcam_front_lidar.ply/001771_lcam_front_lidar.ply,0.25,200,0.8,0.38176,0.09095,1772,0.00721,0.99733,0.01601
001772_lcam_front_lidar.ply/001772_lcam_front_lidar.ply,0.25,200,0.8,0.34738,-0.01,1773,0.00745,0.99879,0.01692
001773_lcam_front_lidar.ply/001773_lcam_front_lidar.ply,0.25,200,0.8,0.35856,-0.00995,1774,0.00745,0.99901,0.01687
001774_lcam_front_lidar.ply/001774_lcam_front_lidar.ply,0.25,200,0.8,0.31757,-0.00727,1775,0.00748,0.99757,0.01105
001775_lcam_front_lidar.ply/001775_lcam_front_lidar.ply,0.25,200,0.8,0.29713,-0.01346,1776,0.00739,0.99891,0.01819
001776_lcam_front_lidar.ply/001776_lcam_front_lidar.ply,0.25,200,0.8,0.42662,-0.14854,1777,0.0108,0.89694,0.27149
001777_lcam_front_lidar.ply/001777_lcam_front_lidar.ply,0.25,200,0.8,0.31562,0.01481,1778,0.00311,0.96456,0.22679
001778_lcam_front_lidar.ply/001778_lcam_front_lidar.ply,0.25,200,0.8,0.3713,0.10324,1779,0.00731,0.99842,0.01887
001779_lcam_front_lidar.ply/001779_lcam_front_lidar.ply,0.25,200,0.8,0.39836,0.04045,1780,0.12558,0.99871,0.15459
001780_lcam_front_lidar.ply/001780_lcam_front_lidar.ply,0.25,200,0.8,0.26535,-0.05685,1781,0.00134,0.99985,0.00016
001781_lcam_front_lidar.ply/001781_lcam_front_lidar.ply,0.25,200,0.8,0.27682,-0.1129,1782,0.00612,0.87127,0.17695
001782_lcam_front_lidar.ply/001782_lcam_front_lidar.ply,0.25,200,0.8,0.34935,0.14282,1783,0.12575,0.99866,0.1488
001783_lcam_front_lidar.ply/001783_lcam_front_lidar.ply,0.25,200,0.8,0.28508,-0.09623,1784,0.00851,0.89508,0.05569
001784_lcam_front_lidar.ply/001784_lcam_front_lidar.ply,0.25,200,0.8,0.32159,0.0797,1785,0.1289,0.99871,0.14816
001785_lcam_front_lidar.ply/001785_lcam_front_lidar.ply,0.25,200,0.8,0.31025,-0.09735,1786,0.00704,0.99855,0.07909
001786_lcam_front_lidar.ply/001786_lcam_front_lidar.ply,0.25,200,0.8,0.35727,0.003,1787,0.00558,0.99225,0.04828
001787_lcam_front_lidar.ply/001787_lcam_front_lidar.ply,0.25,200,0.8,0.3533,0.05813,1788,0.1204,0.99843,0.14351
001788_lcam_front_lidar.ply/001788_lcam_front_lidar.ply,0.25,200,0.8,0.30549,-0.07713,1789,0.00612,0.99054,0.04685
001789_lcam_front_lidar.ply/001789_lcam_front_lidar.ply,0.25,200,0.8,0.28076,-0.00998,1790,0.00577,0.99118,0.04631
001790_lcam_front_lidar.ply/001790_lcam_front_lidar.ply,0.25,200,0.8,0.38601,-0.00988,1791,0.00607,0.99009,0.04633
001791_lcam_front_lidar.ply/001791_lcam_front_lidar.ply,0.25,200,0.8,0.31679,0.05749,1792,0.12206,0.99826,0.1458
001792_lcam_front_lidar.ply/001792_lcam_front_lidar.ply,0.25,200,0.8,0.30705,-0.07267,1793,0.00668,0.98833,0.03738
001793_lcam_front_lidar.ply/001793_lcam_front_lidar.ply,0.25,200,0.8,0.30078,-0.01278,1794,0.00558,0.98864,0.04084
001794_lcam_front_lidar.ply/001794_lcam_front_lidar.ply,0.25,200,0.8,0.26382,0.05373,1795,0.12034,0.99835,0.14582
001795_lcam_front_lidar.ply/001795_lcam_front_lidar.ply,0.25,200,0.8,0.33286,-0.07033,1796,0.00565,0.98721,0.03373
001796_lcam_front_lidar.ply/001796_lcam_front_lidar.ply,0.25,200,0.8,0.26985,0.05251,1797,0.12339,0.99841,0.14757
001797_lcam_front_lidar.ply/001797_lcam_front_lidar.ply,0.25,200,0.8,0.27998,-0.00941,1798,0.12607,0.99849,0.15179
001798_lcam_front_lidar.ply/001798_lcam_front_lidar.ply,0.25,200,0.8,0.29253,-0.00994,1799,0.1254,0.99841,0.15029
001799_lcam_front_lidar.ply/001799_lcam_front_lidar.ply,0.25,200,0.8,0.31138,-0.08432,1800,0.00745,0.95741,0.05074
001800_lcam_front_lidar.ply/001800_lcam_front_lidar.ply,0.25,200,0.8,0.36536,0.01554,1801,0.00134,0.99985,0.00016
001801_lcam_front_lidar.ply/001801_lcam_front_lidar.ply,0.25,200,0.8,0.37027,0.03432,1802,0.11537,0.99817,0.13907
001802_lcam_front_lidar.ply/001802_lcam_front_lidar.ply,0.25,200,0.8,0.30125,-0.01152,1803,0.11523,0.99821,0.14186
001803_lcam_front_lidar.ply/001803_lcam_front_lidar.ply,0.25,200,0.8,0.37921,-0.05237,1804,0.00199,0.99986,0.0006
001804_lcam_front_lidar.ply/001804_lcam_front_lidar.ply,0.25,200,0.8,0.44648,-0.00984,1805,0.00229,0.99982,0.00087
001805_lcam_front_lidar.ply/001805_lcam_front_lidar.ply,0.25,200,0.8,0.37986,-0.09509,1806,0.00247,0.9413,0.15385
001806_lcam_front_lidar.ply/001806_lcam_front_lidar.ply,0.25,200,0.8,0.33831,0.12284,1807,0.12022,0.99842,0.14079
001807_lcam_front_lidar.ply/001807_lcam_front_lidar.ply,0.25,200,0.8,0.37805,-0.00888,1808,0.1213,0.99847,0.14074
001808_lcam_front_lidar.ply/001808_lcam_front_lidar.ply,0.25,200,0.8,0.29124,0.01115,1809,0.14954,0.99882,0.15502
001809_lcam_front_lidar.ply/001809_lcam_front_lidar.ply,0.25,200,0.8,0.32676,-0.03273,1810,0.12036,0.99847,0.14202
001810_lcam_front_lidar.ply/001810_lcam_front_lidar.ply,0.25,200,0.8,0.38472,-0.00486,1811,0.12956,0.99866,0.15021
001811_lcam_front_lidar.ply/001811_lcam_front_lidar.ply,0.25,200,0.8,0.36956,-0.01284,1812,0.12849,0.99869,0.15376
001812_lcam_front_lidar.ply/001812_lcam_front_lidar.ply,0.25,200,0.8,0.4097,-0.05938,1813,0.0026,0.99983,0.00108
001813_lcam_front_lidar.ply/001813_lcam_front_lidar.ply,0.25,200,0.8,0.32207,0.03643,1814,0.12657,0.9987,0.15581
001814_lcam_front_lidar.ply/001814_lcam_front_lidar.ply,0.25,200,0.8,0.3339,-0.00883,1815,0.12914,0.99875,0.15863
001815_lcam_front_lidar.ply/001815_lcam_front_lidar.ply,0.25,200,0.8,0.40211,-0.00926,1816,0.12747,0.99867,0.15379
001816_lcam_front_lidar.ply/001816_lcam_front_lidar.ply,0.25,200,0.8,0.36916,-0.06946,1817,0.00535,0.98133,0.02325
001817_lcam_front_lidar.ply/001817_lcam_front_lidar.ply,0.25,200,0.8,0.36978,-0.06956,1818,0.00286,0.99493,0.14148
001818_lcam_front_lidar.ply/001818_lcam_front_lidar.ply,0.25,200,0.8,0.35714,0.05633,1819,0.00582,0.99017,0.0133
001819_lcam_front_lidar.ply/001819_lcam_front_lidar.ply,0.25,200,0.8,0.4174,-0.06288,1820,0.00712,0.90105,0.09494
001820_lcam_front_lidar.ply/001820_lcam_front_lidar.ply,0.25,200,0.8,0.25397,0.09972,1821,0.13364,0.99866,0.15782
001821_lcam_front_lidar.ply/001821_lcam_front_lidar.ply,0.25,200,0.8,0.31813,-0.11162,1822,0.0095,0.97844,0.1067
001822_lcam_front_lidar.ply/001822_lcam_front_lidar.ply,0.25,200,0.8,0.29007,0.08406,1823,0.12891,0.99884,0.16354
001823_lcam_front_lidar.ply/001823_lcam_front_lidar.ply,0.25,200,0.8,0.27019,-0.00777,1824,0.12874,0.99871,0.1587
001824_lcam_front_lidar.ply/001824_lcam_front_lidar.ply,0.25,200,0.8,0.35338,-0.01397,1825,0.12162,0.99855,0.15236
001825_lcam_front_lidar.ply/001825_lcam_front_lidar.ply,0.25,200,0.8,0.29343,-0.00569,1826,0.12861,0.99864,0.15774
001826_lcam_front_lidar.ply/001826_lcam_front_lidar.ply,0.25,200,0.8,0.27662,-0.01136,1827,0.12873,0.9987,0.16071
001827_lcam_front_lidar.ply/001827_lcam_front_lidar.ply,0.25,200,0.8,0.35113,-0.01406,1828,0.12116,0.99857,0.15364
001828_lcam_front_lidar.ply/001828_lcam_front_lidar.ply,0.25,200,0.8,0.30991,0.01676,1829,0.15343,0.99878,0.16474
001829_lcam_front_lidar.ply/001829_lcam_front_lidar.ply,0.25,200,0.8,0.38233,-0.03541,1830,0.12004,0.9985,0.14871
001830_lcam_front_lidar.ply/001830_lcam_front_lidar.ply,0.25,200,0.8,0.35955,-0.18442,1831,0.014,0.96404,0.27513
001831_lcam_front_lidar.ply/001831_lcam_front_lidar.ply,0.25,200,0.8,0.34946,0.16485,1832,0.12222,0.99857,0.15223
001832_lcam_front_lidar.ply/001832_lcam_front_lidar.ply,0.25,200,0.8,0.32441,-0.00467,1833,0.13215,0.99892,0.16154
001833_lcam_front_lidar.ply/001833_lcam_front_lidar.ply,0.25,200,0.8,0.33504,-0.09643,1834,0.00722,0.99989,0.08483
001834_lcam_front_lidar.ply/001834_lcam_front_lidar.ply,0.25,200,0.8,0.34773,-0.11586,1835,0.0107,0.93564,0.28423
001835_lcam_front_lidar.ply/001835_lcam_front_lidar.ply,0.25,200,0.8,0.32815,0.18147,1836,0.13174,0.99866,0.16228
001836_lcam_front_lidar.ply/001836_lcam_front_lidar.ply,0.25,200,0.8,0.3176,-0.0907,1837,0.00716,0.99976,0.07484
001837_lcam_front_lidar.ply/001837_lcam_front_lidar.ply,0.25,200,0.8,0.28668,0.06543,1838,0.12138,0.99867,0.15211
001838_lcam_front_lidar.ply/001838_lcam_front_lidar.ply,0.25,200,0.8,0.33792,-0.01149,1839,0.12054,0.99867,0.15341
001839_lcam_front_lidar.ply/001839_lcam_front_lidar.ply,0.25,200,0.8,0.287,-0.01007,1840,0.12328,0.99869,0.15905
001840_lcam_front_lidar.ply/001840_lcam_front_lidar.ply,0.25,200,0.8,0.29848,-0.00583,1841,0.12739,0.99871,0.15894
001841_lcam_front_lidar.ply/001841_lcam_front_lidar.ply,0.25,200,0.8,0.3132,-0.19253,1842,0.00478,0.85209,0.23479
001842_lcam_front_lidar.ply/001842_lcam_front_lidar.ply,0.25,200,0.8,0.30376,0.17164,1843,0.12633,0.99876,0.15861
001843_lcam_front_lidar.ply/001843_lcam_front_lidar.ply,0.25,200,0.8,0.34238,-0.00908,1844,0.12627,0.99876,0.15665
001844_lcam_front_lidar.ply/001844_lcam_front_lidar.ply,0.25,200,0.8,0.2387,-0.00859,1845,0.12777,0.99879,0.15685
001845_lcam_front_lidar.ply/001845_lcam_front_lidar.ply,0.25,200,0.8,0.2733,-0.01023,1846,0.12825,0.99875,0.15824
001846_lcam_front_lidar.ply/001846_lcam_front_lidar.ply,0.25,200,0.8,0.26307,-0.01444,1847,0.12526,0.99874,0.16115
001847_lcam_front_lidar.ply/001847_lcam_front_lidar.ply,0.25,200,0.8,0.27429,-0.01272,1848,0.12012,0.99867,0.15629
001848_lcam_front_lidar.ply/001848_lcam_front_lidar.ply,0.25,200,0.8,0.32047,-0.00688,1849,0.12423,0.99866,0.15826
001849_lcam_front_lidar.ply/001849_lcam_front_lidar.ply,0.25,200,0.8,0.25986,-0.00676,1850,0.1315,0.9988,0.16635
001850_lcam_front_lidar.ply/001850_lcam_front_lidar.ply,0.25,200,0.8,0.2819,-0.01243,1851,0.12627,0.99875,0.16074
001851_lcam_front_lidar.ply/001851_lcam_front_lidar.ply,0.25,200,0.8,0.29233,-0.05381,1852,0.0024,0.99981,0.00095
001852_lcam_front_lidar.ply/001852_lcam_front_lidar.ply,0.25,200,0.8,0.26093,-0.07169,1853,0.0091,0.99902,0.13749
001853_lcam_front_lidar.ply/001853_lcam_front_lidar.ply,0.25,200,0.8,0.30065,0.09659,1854,0.12626,0.99875,0.15856
001854_lcam_front_lidar.ply/001854_lcam_front_lidar.ply,0.25,200,0.8,0.28585,-0.11698,1855,0.00948,0.99986,0.13929
001855_lcam_front_lidar.ply/001855_lcam_front_lidar.ply,0.25,200,0.8,0.29804,0.05231,1856,0.00266,0.99979,0.00102
001856_lcam_front_lidar.ply/001856_lcam_front_lidar.ply,0.25,200,0.8,0.32836,-0.03221,1857,0.00797,0.98513,0.05167
001857_lcam_front_lidar.ply/001857_lcam_front_lidar.ply,0.25,200,0.8,0.29013,-0.07112,1858,0.00937,0.98721,0.17731
001858_lcam_front_lidar.ply/001858_lcam_front_lidar.ply,0.25,200,0.8,0.29109,0.11668,1859,0.12546,0.99873,0.15958
001859_lcam_front_lidar.ply/001859_lcam_front_lidar.ply,0.25,200,0.8,0.36512,-0.08599,1860,0.00828,0.99394,0.07576
001860_lcam_front_lidar.ply/001860_lcam_front_lidar.ply,0.25,200,0.8,0.27596,-0.00137,1861,0.00768,0.98649,0.05508
001861_lcam_front_lidar.ply/001861_lcam_front_lidar.ply,0.25,200,0.8,0.3227,0.00391,1862,0.00661,0.98995,0.02614
001862_lcam_front_lidar.ply/001862_lcam_front_lidar.ply,0.25,200,0.8,0.29348,-0.05601,1863,0.00722,0.99372,0.12052
001863_lcam_front_lidar.ply/001863_lcam_front_lidar.ply,0.25,200,0.8,0.28965,0.03557,1864,0.0063,0.98279,0.02424
001864_lcam_front_lidar.ply/001864_lcam_front_lidar.ply,0.25,200,0.8,0.28317,-0.02345,1865,0.00734,0.9858,0.05412
001865_lcam_front_lidar.ply/001865_lcam_front_lidar.ply,0.25,200,0.8,0.31341,-0.01039,1866,0.00731,0.98448,0.05446
001866_lcam_front_lidar.ply/001866_lcam_front_lidar.ply,0.25,200,0.8,0.26365,-0.00884,1867,0.0076,0.98222,0.05204
001867_lcam_front_lidar.ply/001867_lcam_front_lidar.ply,0.25,200,0.8,0.3013,-0.01162,1868,0.00793,0.98229,0.05595
001868_lcam_front_lidar.ply/001868_lcam_front_lidar.ply,0.25,200,0.8,0.28227,-0.01319,1869,0.00754,0.98266,0.06167
001869_lcam_front_lidar.ply/001869_lcam_front_lidar.ply,0.25,200,0.8,0.34825,-0.01556,1870,0.00701,0.99281,0.07478
001870_lcam_front_lidar.ply/001870_lcam_front_lidar.ply,0.25,200,0.8,0.35264,-0.0001,1871,0.00897,0.98181,0.0556
001871_lcam_front_lidar.ply/001871_lcam_front_lidar.ply,0.25,200,0.8,0.25404,0.04668,1872,0.11837,0.99876,0.16612
001872_lcam_front_lidar.ply/001872_lcam_front_lidar.ply,0.25,200,0.8,0.34402,-0.01048,1873,0.11859,0.99877,0.16753
001873_lcam_front_lidar.ply/001873_lcam_front_lidar.ply,0.25,200,0.8,0.34939,-0.05565,1874,0.00661,0.98737,0.03145
001874_lcam_front_lidar.ply/001874_lcam_front_lidar.ply,0.25,200,0.8,0.28781,-0.02587,1875,0.00755,0.98195,0.06345
001875_lcam_front_lidar.ply/001875_lcam_front_lidar.ply,0.25,200,0.8,0.34849,-0.07605,1876,0.01154,0.99979,0.20887
001876_lcam_front_lidar.ply/001876_lcam_front_lidar.ply,0.25,200,0.8,0.30312,0.12653,1877,0.12729,0.9989,0.16704
001877_lcam_front_lidar.ply/001877_lcam_front_lidar.ply,0.25,200,0.8,0.31216,-0.08236,1878,0.00851,0.98349,0.06957
001878_lcam_front_lidar.ply/001878_lcam_front_lidar.ply,0.25,200,0.8,0.36471,-0.00456,1879,0.0086,0.98127,0.05821
001879_lcam_front_lidar.ply/001879_lcam_front_lidar.ply,0.25,200,0.8,0.34202,-0.0656,1880,0.00519,0.87586,0.13096
001880_lcam_front_lidar.ply/001880_lcam_front_lidar.ply,0.25,200,0.8,0.2851,-0.00702,1881,0.01075,0.99236,0.17107
001881_lcam_front_lidar.ply/001881_lcam_front_lidar.ply,0.25,200,0.8,0.36543,-0.0057,1882,0.01015,0.99167,0.16107
001882_lcam_front_lidar.ply/001882_lcam_front_lidar.ply,0.25,200,0.8,0.30219,0.03836,1883,0.00824,0.98052,0.05719
001883_lcam_front_lidar.ply/001883_lcam_front_lidar.ply,0.25,200,0.8,0.24844,0.04491,1884,0.11993,0.99883,0.17624
001884_lcam_front_lidar.ply/001884_lcam_front_lidar.ply,0.25,200,0.8,0.36738,-0.06569,1885,0.0083,0.98336,0.05973
001885_lcam_front_lidar.ply/001885_lcam_front_lidar.ply,0.25,200,0.8,0.32413,-0.00668,1886,0.00876,0.98223,0.05365
001886_lcam_front_lidar.ply/001886_lcam_front_lidar.ply,0.25,200,0.8,0.31985,0.01576,1887,0.00673,0.99943,0.00322
001887_lcam_front_lidar.ply/001887_lcam_front_lidar.ply,0.25,200,0.8,0.33673,0.02415,1888,0.13294,0.99911,0.18727
001888_lcam_front_lidar.ply/001888_lcam_front_lidar.ply,0.25,200,0.8,0.29811,-0.01076,1889,0.13398,0.99919,0.19089
001889_lcam_front_lidar.ply/001889_lcam_front_lidar.ply,0.25,200,0.8,0.33829,-0.01028,1890,0.129,0.99902,0.18143
001890_lcam_front_lidar.ply/001890_lcam_front_lidar.ply,0.25,200,0.8,0.31087,-0.01092,1891,0.12868,0.99906,0.18265
001891_lcam_front_lidar.ply/001891_lcam_front_lidar.ply,0.25,200,0.8,0.29553,-0.00882,1892,0.12984,0.99906,0.18261
001892_lcam_front_lidar.ply/001892_lcam_front_lidar.ply,0.25,200,0.8,0.35323,-0.01221,1893,0.13229,0.99933,0.19203
001893_lcam_front_lidar.ply/001893_lcam_front_lidar.ply,0.25,200,0.8,0.32406,-0.00721,1894,0.13093,0.99925,0.1837
001894_lcam_front_lidar.ply/001894_lcam_front_lidar.ply,0.25,200,0.8,0.33601,-0.08643,1895,0.00869,0.98587,0.08804
001895_lcam_front_lidar.ply/001895_lcam_front_lidar.ply,0.25,200,0.8,0.40468,-0.05447,1896,0.00953,0.99442,0.18122
001896_lcam_front_lidar.ply/001896_lcam_front_lidar.ply,0.25,200,0.8,0.30854,0.11389,1897,0.11951,0.99967,0.15499
001897_lcam_front_lidar.ply/001897_lcam_front_lidar.ply,0.25,200,0.8,0.31311,-0.10666,1898,0.00972,0.98709,0.12496
001898_lcam_front_lidar.ply/001898_lcam_front_lidar.ply,0.25,200,0.8,0.32725,0.08534,1899,0.13714,0.99946,0.19284
001899_lcam_front_lidar.ply/001899_lcam_front_lidar.ply,0.25,200,0.8,0.27847,0.00177,1900,0.1449,0.9996,0.18487
001900_lcam_front_lidar.ply/001900_lcam_front_lidar.ply,0.25,200,0.8,0.34447,-0.00209,1901,0.15418,0.99965,0.18762
001901_lcam_front_lidar.ply/001901_lcam_front_lidar.ply,0.25,200,0.8,0.26248,-0.01137,1902,0.13207,0.99983,0.1462
001902_lcam_front_lidar.ply/001902_lcam_front_lidar.ply,0.25,200,0.8,0.25129,-0.02357,1903,0.13378,0.99973,0.17674
001903_lcam_front_lidar.ply/001903_lcam_front_lidar.ply,0.25,200,0.8,0.28599,0.00286,1904,0.13125,0.99985,0.14596
001904_lcam_front_lidar.ply/001904_lcam_front_lidar.ply,0.25,200,0.8,0.2855,-0.14389,1905,0.01541,0.99768,0.18141
001905_lcam_front_lidar.ply/001905_lcam_front_lidar.ply,0.25,200,0.8,0.28023,-0.01677,1906,0.01603,0.99714,0.19603
001906_lcam_front_lidar.ply/001906_lcam_front_lidar.ply,0.25,200,0.8,0.25381,-0.00214,1907,0.01449,0.99646,0.17702
001907_lcam_front_lidar.ply/001907_lcam_front_lidar.ply,0.25,200,0.8,0.27308,-0.02963,1908,0.01095,0.99767,0.20956
001908_lcam_front_lidar.ply/001908_lcam_front_lidar.ply,0.25,200,0.8,0.27733,-0.00195,1909,0.01072,0.99694,0.19279
001909_lcam_front_lidar.ply/001909_lcam_front_lidar.ply,0.25,200,0.8,0.26176,0.0141,1910,0.00913,0.98993,0.13931
001910_lcam_front_lidar.ply/001910_lcam_front_lidar.ply,0.25,200,0.8,0.32129,-0.00187,1911,0.00869,0.99466,0.12358
001911_lcam_front_lidar.ply/001911_lcam_front_lidar.ply,0.25,200,0.8,0.2427,-0.03657,1912,0.00903,0.98034,0.17309
001912_lcam_front_lidar.ply/001912_lcam_front_lidar.ply,0.25,200,0.8,0.34982,0.13125,1913,0.1418,0.99981,0.162
001913_lcam_front_lidar.ply/001913_lcam_front_lidar.ply,0.25,200,0.8,0.28938,-0.13441,1914,0.01004,0.99593,0.14613
001914_lcam_front_lidar.ply/001914_lcam_front_lidar.ply,0.25,200,0.8,0.30493,0.00284,1915,0.00938,0.99954,0.12021
001915_lcam_front_lidar.ply/001915_lcam_front_lidar.ply,0.25,200,0.8,0.35281,0.11333,1916,0.14754,0.99986,0.14996
001916_lcam_front_lidar.ply/001916_lcam_front_lidar.ply,0.25,200,0.8,0.26848,-0.00878,1917,0.14824,0.99989,0.14893
001917_lcam_front_lidar.ply/001917_lcam_front_lidar.ply,0.25,200,0.8,0.287,-0.16581,1918,0.00996,0.98447,0.17937
001918_lcam_front_lidar.ply/001918_lcam_front_lidar.ply,0.25,200,0.8,0.32305,-0.01327,1919,0.00884,0.99702,0.18744
001919_lcam_front_lidar.ply/001919_lcam_front_lidar.ply,0.25,200,0.8,0.31186,0.0315,1920,0.0097,0.99401,0.10525
001920_lcam_front_lidar.ply/001920_lcam_front_lidar.ply,0.25,200,0.8,0.35112,0.03613,1921,0.00269,0.9999,0.00075
001921_lcam_front_lidar.ply/001921_lcam_front_lidar.ply,0.25,200,0.8,0.30967,-0.06311,1922,0.0091,0.99583,0.11858
001922_lcam_front_lidar.ply/001922_lcam_front_lidar.ply,0.25,200,0.8,0.25952,-0.01017,1923,0.00906,0.99586,0.11884
001923_lcam_front_lidar.ply/001923_lcam_front_lidar.ply,0.25,200,0.8,0.31649,-0.00782,1924,0.00887,0.99624,0.11421
001924_lcam_front_lidar.ply/001924_lcam_front_lidar.ply,0.25,200,0.8,0.31353,-0.00371,1925,0.00957,0.99362,0.10224
001925_lcam_front_lidar.ply/001925_lcam_front_lidar.ply,0.25,200,0.8,0.29142,0.03481,1926,0.00288,0.99981,0.00111
001926_lcam_front_lidar.ply/001926_lcam_front_lidar.ply,0.25,200,0.8,0.31663,0.05099,1927,0.11626,0.99995,0.10593
001927_lcam_front_lidar.ply/001927_lcam_front_lidar.ply,0.25,200,0.8,0.25425,-0.19855,1928,0.00375,0.89953,0.22789
001928_lcam_front_lidar.ply/001928_lcam_front_lidar.ply,0.25,200,0.8,0.29488,0.06561,1929,0.00835,0.99408,0.11422
001929_lcam_front_lidar.ply/001929_lcam_front_lidar.ply,0.25,200,0.8,0.29557,-0.01798,1930,0.00902,0.99602,0.13209
001930_lcam_front_lidar.ply/001930_lcam_front_lidar.ply,0.25,200,0.8,0.27347,-0.01294,1931,0.00882,0.98342,0.1338
001931_lcam_front_lidar.ply/001931_lcam_front_lidar.ply,0.25,200,0.8,0.31887,-0.00981,1932,0.00877,0.98798,0.13469
001932_lcam_front_lidar.ply/001932_lcam_front_lidar.ply,0.25,200,0.8,0.27252,-0.01173,1933,0.0091,0.98609,0.13823
001933_lcam_front_lidar.ply/001933_lcam_front_lidar.ply,0.25,200,0.8,0.32988,-0.03086,1934,0.00815,0.98904,0.17894
001934_lcam_front_lidar.ply/001934_lcam_front_lidar.ply,0.25,200,0.8,0.28804,0.07528,1935,0.00271,0.99992,0.00076
001935_lcam_front_lidar.ply/001935_lcam_front_lidar.ply,0.25,200,0.8,0.24341,-0.11808,1936,0.00691,0.99197,0.22293
001936_lcam_front_lidar.ply/001936_lcam_front_lidar.ply,0.25,200,0.8,0.27623,0.16998,1937,0.12421,0.99996,0.09996
001937_lcam_front_lidar.ply/001937_lcam_front_lidar.ply,0.25,200,0.8,0.30724,-0.00998,1938,0.12246,0.99997,0.09644
001938_lcam_front_lidar.ply/001938_lcam_front_lidar.ply,0.25,200,0.8,0.3289,-0.15095,1939,0.0185,0.99927,0.1702
001939_lcam_front_lidar.ply/001939_lcam_front_lidar.ply,0.25,200,0.8,0.30408,-0.01137,1940,0.01016,0.99877,0.15611
001940_lcam_front_lidar.ply/001940_lcam_front_lidar.ply,0.25,200,0.8,0.22369,-0.10224,1941,0.01195,0.81134,0.28794
001941_lcam_front_lidar.ply/001941_lcam_front_lidar.ply,0.25,200,0.8,0.28729,0.22729,1942,0.12843,0.99996,0.10291
001942_lcam_front_lidar.ply/001942_lcam_front_lidar.ply,0.25,200,0.8,0.26952,-0.13949,1943,0.00801,0.98108,0.11539
001943_lcam_front_lidar.ply/001943_lcam_front_lidar.ply,0.25,200,0.8,0.29163,-0.01845,1944,0.01872,0.99926,0.15917
001944_lcam_front_lidar.ply/001944_lcam_front_lidar.ply,0.25,200,0.8,0.23742,-0.00755,1945,0.01847,0.99934,0.15378
001945_lcam_front_lidar.ply/001945_lcam_front_lidar.ply,0.25,200,0.8,0.25304,-0.01209,1946,0.0188,0.99931,0.15862
001946_lcam_front_lidar.ply/001946_lcam_front_lidar.ply,0.25,200,0.8,0.27319,-0.0001,1947,0.01807,0.99891,0.13723
001947_lcam_front_lidar.ply/001947_lcam_front_lidar.ply,0.25,200,0.8,0.2521,-0.04191,1948,0.01231,0.99899,0.18957
001948_lcam_front_lidar.ply/001948_lcam_front_lidar.ply,0.25,200,0.8,0.36045,0.07489,1949,0.0027,0.99988,0.00082
001949_lcam_front_lidar.ply/001949_lcam_front_lidar.ply,0.25,200,0.8,0.26983,-0.07055,1950,0.01135,0.99769,0.13857
001950_lcam_front_lidar.ply/001950_lcam_front_lidar.ply,0.25,200,0.8,0.32148,-0.11958,1951,0.00749,0.8207,0.29691
001951_lcam_front_lidar.ply/001951_lcam_front_lidar.ply,0.25,200,0.8,0.2481,0.10182,1952,0.0113,0.99808,0.13412
001952_lcam_front_lidar.ply/001952_lcam_front_lidar.ply,0.25,200,0.8,0.27294,-0.01307,1953,0.01149,0.99775,0.14054
001953_lcam_front_lidar.ply/001953_lcam_front_lidar.ply,0.25,200,0.8,0.28322,-0.00439,1954,0.00867,0.99862,0.12392
001954_lcam_front_lidar.ply/001954_lcam_front_lidar.ply,0.25,200,0.8,0.2695,-0.04664,1955,0.01264,0.99734,0.20477
001955_lcam_front_lidar.ply/001955_lcam_front_lidar.ply,0.25,200,0.8,0.30545,-0.00555,1956,0.01273,0.99674,0.19586
001956_lcam_front_lidar.ply/001956_lcam_front_lidar.ply,0.25,200,0.8,0.28942,-0.00284,1957,0.01259,0.999,0.18196
001957_lcam_front_lidar.ply/001957_lcam_front_lidar.ply,0.25,200,0.8,0.36535,0.00613,1958,0.01201,0.99948,0.14867
001958_lcam_front_lidar.ply/001958_lcam_front_lidar.ply,0.25,200,0.8,0.30724,-0.0176,1959,0.01279,0.99193,0.16318
001959_lcam_front_lidar.ply/001959_lcam_front_lidar.ply,0.25,200,0.8,0.26052,-0.02478,1960,0.01381,0.99237,0.19489
001960_lcam_front_lidar.ply/001960_lcam_front_lidar.ply,0.25,200,0.8,0.32948,0.00686,1961,0.01326,0.99077,0.1596
001961_lcam_front_lidar.ply/001961_lcam_front_lidar.ply,0.25,200,0.8,0.24836,-0.01265,1962,0.01311,0.9904,0.16448
001962_lcam_front_lidar.ply/001962_lcam_front_lidar.ply,0.25,200,0.8,0.3077,0.14599,1963,0.12367,0.99999,0.07651
001963_lcam_front_lidar.ply/001963_lcam_front_lidar.ply,0.25,200,0.8,0.29694,-0.16184,1964,0.0131,0.99171,0.15657
001964_lcam_front_lidar.ply/001964_lcam_front_lidar.ply,0.25,200,0.8,0.25816,0.14123,1965,0.12251,0.99999,0.07541
001965_lcam_front_lidar.ply/001965_lcam_front_lidar.ply,0.25,200,0.8,0.34938,-0.09234,1966,0.00306,0.99992,0.00115
001966_lcam_front_lidar.ply/001966_lcam_front_lidar.ply,0.25,200,0.8,0.3507,-0.08005,1967,0.01364,0.9924,0.16016
001967_lcam_front_lidar.ply/001967_lcam_front_lidar.ply,0.25,200,0.8,0.33145,-0.03434,1968,0.01371,0.99641,0.21019
001968_lcam_front_lidar.ply/001968_lcam_front_lidar.ply,0.25,200,0.8,0.36775,-0.00543,1969,0.01318,0.99758,0.20034
001969_lcam_front_lidar.ply/001969_lcam_front_lidar.ply,0.25,200,0.8,0.3541,0.0327,1970,0.00384,0.99333,0.09497
001970_lcam_front_lidar.ply/001970_lcam_front_lidar.ply,0.25,200,0.8,0.35962,-0.06407,1971,0.01386,0.99806,0.22457
001971_lcam_front_lidar.ply/001971_lcam_front_lidar.ply,0.25,200,0.8,0.38,-0.09658,1972,0.00436,0.95931,0.36713
001972_lcam_front_lidar.ply/001972_lcam_front_lidar.ply,0.25,200,0.8,0.29124,0.07904,1973,0.0145,0.99796,0.22091
001973_lcam_front_lidar.ply/001973_lcam_front_lidar.ply,0.25,200,0.8,0.30541,-0.00974,1974,0.01547,0.99812,0.22238
001974_lcam_front_lidar.ply/001974_lcam_front_lidar.ply,0.25,200,0.8,0.37478,-0.01155,1975,0.01525,0.99766,0.22489
001975_lcam_front_lidar.ply/001975_lcam_front_lidar.ply,0.25,200,0.8,0.364,-0.01624,1976,0.01101,0.96482,0.21905
001976_lcam_front_lidar.ply/001976_lcam_front_lidar.ply,0.25,200,0.8,0.40077,0.02033,1977,0.02203,0.99837,0.19048
001977_lcam_front_lidar.ply/001977_lcam_front_lidar.ply,0.25,200,0.8,0.33612,-0.018,1978,0.01976,0.99817,0.20189
001978_lcam_front_lidar.ply/001978_lcam_front_lidar.ply,0.25,200,0.8,0.36913,-0.00212,1979,0.02382,0.99901,0.1945
001979_lcam_front_lidar.ply/001979_lcam_front_lidar.ply,0.25,200,0.8,0.38018,0.14744,1980,0.13218,0.99999,0.09661
001980_lcam_front_lidar.ply/001980_lcam_front_lidar.ply,0.25,200,0.8,0.50256,-0.13319,1981,0.00897,0.99303,0.09448
001981_lcam_front_lidar.ply/001981_lcam_front_lidar.ply,0.25,200,0.8,0.49353,0.00456,1982,0.00686,0.98424,0.05851
001982_lcam_front_lidar.ply/001982_lcam_front_lidar.ply,0.25,200,0.8,0.50076,0.10132,1983,0.13326,0.99999,0.09338
001983_lcam_front_lidar.ply/001983_lcam_front_lidar.ply,0.25,200,0.8,0.48445,-0.01563,1984,0.1295,0.99999,0.09712
001984_lcam_front_lidar.ply/001984_lcam_front_lidar.ply,0.25,200,0.8,0.55907,-0.12543,1985,0.00778,0.99127,0.08192
001985_lcam_front_lidar.ply/001985_lcam_front_lidar.ply,0.25,200,0.8,0.49934,-0.06152,1986,0.03011,0.99244,0.22997
001986_lcam_front_lidar.ply/001986_lcam_front_lidar.ply,0.25,200,0.8,0.44373,-0.00625,1987,0.0156,0.99058,0.19291
001987_lcam_front_lidar.ply/001987_lcam_front_lidar.ply,0.25,200,0.8,0.50963,0.02145,1988,0.01111,0.93105,0.10315
001988_lcam_front_lidar.ply/001988_lcam_front_lidar.ply,0.25,200,0.8,0.48071,-0.0409,1989,0.0135,0.85618,0.14726
001989_lcam_front_lidar.ply/001989_lcam_front_lidar.ply,0.25,200,0.8,0.41022,-0.02616,1990,0.01469,0.84964,0.18
001990_lcam_front_lidar.ply/001990_lcam_front_lidar.ply,0.25,200,0.8,0.43795,0.002,1991,0.01404,0.87592,0.16257
001991_lcam_front_lidar.ply/001991_lcam_front_lidar.ply,0.25,200,0.8,0.43521,0.01143,1992,0.01169,0.87453,0.11459
001992_lcam_front_lidar.ply/001992_lcam_front_lidar.ply,0.25,200,0.8,0.46092,0.03207,1993,0.00738,0.98098,0.05376
001993_lcam_front_lidar.ply/001993_lcam_front_lidar.ply,0.25,200,0.8,0.48092,-0.05686,1994,0.01197,0.86055,0.12053
001994_lcam_front_lidar.ply/001994_lcam_front_lidar.ply,0.25,200,0.8,0.45646,-0.00495,1995,0.01486,0.99983,0.158
001995_lcam_front_lidar.ply/001995_lcam_front_lidar.ply,0.25,200,0.8,0.43088,-0.01132,1996,0.01993,0.98825,0.16731
001996_lcam_front_lidar.ply/001996_lcam_front_lidar.ply,0.25,200,0.8,0.51427,-0.0115,1997,0.0125,0.86986,0.11993
001997_lcam_front_lidar.ply/001997_lcam_front_lidar.ply,0.25,200,0.8,0.46141,0.00985,1998,0.03086,0.99907,0.15571
001998_lcam_front_lidar.ply/001998_lcam_front_lidar.ply,0.25,200,0.8,0.59739,-0.03149,1999,0.01239,0.88247,0.12675
001999_lcam_front_lidar.ply/001999_lcam_front_lidar.ply,0.25,200,0.8,0.57516,-0.07861,2000,0.00752,0.82696,0.23758
002000_lcam_front_lidar.ply/002000_lcam_front_lidar.ply,0.25,200,0.8,0.55483,0.02809,2001,0.01067,0.85013,0.17465
002001_lcam_front_lidar.ply/002001_lcam_front_lidar.ply,0.25,200,0.8,0.52179,0.00675,2002,0.0106,0.90726,0.15815
002002_lcam_front_lidar.ply/002002_lcam_front_lidar.ply,0.25,200,0.8,0.58532,0.03831,2003,0.02621,0.99899,0.12027
002003_lcam_front_lidar.ply/002003_lcam_front_lidar.ply,0.25,200,0.8,0.46728,-0.08148,2004,0.02166,0.91747,0.22967
002004_lcam_front_lidar.ply/002004_lcam_front_lidar.ply,0.25,200,0.8,0.3897,-0.01652,2005,0.0218,0.88483,0.2332
002005_lcam_front_lidar.ply/002005_lcam_front_lidar.ply,0.25,200,0.8,0.39476,0.01661,2006,0.0166,0.96183,0.19269
002006_lcam_front_lidar.ply/002006_lcam_front_lidar.ply,0.25,200,0.8,0.44383,-0.0052,2007,0.00577,0.97977,0.16681
002007_lcam_front_lidar.ply/002007_lcam_front_lidar.ply,0.25,200,0.8,0.43593,-0.05201,2008,0.00661,0.97304,0.25048
002008_lcam_front_lidar.ply/002008_lcam_front_lidar.ply,0.25,200,0.8,0.44936,-0.00665,2009,0.02427,0.84435,0.24049
002009_lcam_front_lidar.ply/002009_lcam_front_lidar.ply,0.25,200,0.8,0.41175,0.01434,2010,0.01725,0.88145,0.1889
002010_lcam_front_lidar.ply/002010_lcam_front_lidar.ply,0.25,200,0.8,0.46775,-0.03905,2011,0.01541,0.8948,0.24735
002011_lcam_front_lidar.ply/002011_lcam_front_lidar.ply,0.25,200,0.8,0.45674,0.11572,2012,0.00193,0.99983,0.00045
002012_lcam_front_lidar.ply/002012_lcam_front_lidar.ply,0.25,200,0.8,0.51109,-0.0323,2013,0.01362,0.95814,0.05592
002013_lcam_front_lidar.ply/002013_lcam_front_lidar.ply,0.25,200,0.8,0.46664,-0.10013,2014,0.01926,0.91787,0.23537
002014_lcam_front_lidar.ply/002014_lcam_front_lidar.ply,0.25,200,0.8,0.48203,0.00771,2015,0.01398,0.93033,0.19312
002015_lcam_front_lidar.ply/002015_lcam_front_lidar.ply,0.25,200,0.8,0.52775,-0.02695,2016,0.01488,0.93349,0.22978
002016_lcam_front_lidar.ply/002016_lcam_front_lidar.ply,0.25,200,0.8,0.52591,0.06226,2017,0.01156,0.98065,0.09277
002017_lcam_front_lidar.ply/002017_lcam_front_lidar.ply,0.25,200,0.8,0.49438,-0.03105,2018,0.00417,0.9905,0.12305
002018_lcam_front_lidar.ply/002018_lcam_front_lidar.ply,0.25,200,0.8,0.4718,-0.06215,2019,0.00768,0.98984,0.23417
002019_lcam_front_lidar.ply/002019_lcam_front_lidar.ply,0.25,200,0.8,0.50189,0.00436,2020,0.01548,0.95811,0.21153
002020_lcam_front_lidar.ply/002020_lcam_front_lidar.ply,0.25,200,0.8,0.42909,0.05881,2021,0.04456,0.99927,0.14441
002021_lcam_front_lidar.ply/002021_lcam_front_lidar.ply,0.25,200,0.8,0.4232,-0.0101,2022,0.04199,0.99927,0.13948
002022_lcam_front_lidar.ply/002022_lcam_front_lidar.ply,0.25,200,0.8,0.44384,-0.01255,2023,0.04262,0.99918,0.14581
002023_lcam_front_lidar.ply/002023_lcam_front_lidar.ply,0.25,200,0.8,0.43501,-0.00925,2024,0.03997,0.99921,0.139
002024_lcam_front_lidar.ply/002024_lcam_front_lidar.ply,0.25,200,0.8,0.44609,0.02,2025,0.00172,0.99613,0.00158
002025_lcam_front_lidar.ply/002025_lcam_front_lidar.ply,0.25,200,0.8,0.49688,-0.10089,2026,0.00598,0.96033,0.18115
002026_lcam_front_lidar.ply/002026_lcam_front_lidar.ply,0.25,200,0.8,0.44668,-0.00979,2027,0.00777,0.99226,0.19389
002027_lcam_front_lidar.ply/002027_lcam_front_lidar.ply,0.25,200,0.8,0.39471,-0.00607,2028,0.0071,0.99122,0.18439
002028_lcam_front_lidar.ply/002028_lcam_front_lidar.ply,0.25,200,0.8,0.42045,-0.06316,2029,0.00697,0.98778,0.28941
002029_lcam_front_lidar.ply/002029_lcam_front_lidar.ply,0.25,200,0.8,0.37311,0.12155,2030,0.02882,0.99995,0.07368
002030_lcam_front_lidar.ply/002030_lcam_front_lidar.ply,0.25,200,0.8,0.46517,-0.0085,2031,0.02625,0.99985,0.0655
002031_lcam_front_lidar.ply/002031_lcam_front_lidar.ply,0.25,200,0.8,0.54375,-0.01185,2032,0.00665,0.97905,0.02378
002032_lcam_front_lidar.ply/002032_lcam_front_lidar.ply,0.25,200,0.8,0.59964,-0.01812,2033,0.00627,0.92176,0.02206
002033_lcam_front_lidar.ply/002033_lcam_front_lidar.ply,0.25,200,0.8,0.48074,-0.01749,2034,0.00667,0.94079,0.04354
002034_lcam_front_lidar.ply/002034_lcam_front_lidar.ply,0.25,200,0.8,0.56537,-0.01577,2035,0.00734,0.9453,0.05779
002035_lcam_front_lidar.ply/002035_lcam_front_lidar.ply,0.25,200,0.8,0.57492,-0.02487,2036,0.01576,0.95359,0.10687
002036_lcam_front_lidar.ply/002036_lcam_front_lidar.ply,0.25,200,0.8,0.50993,-0.00104,2037,0.0088,0.82422,0.0362
002037_lcam_front_lidar.ply/002037_lcam_front_lidar.ply,0.25,200,0.8,0.40095,0.02309,2038,0.02589,0.99916,0.0567
002038_lcam_front_lidar.ply/002038_lcam_front_lidar.ply,0.25,200,0.8,0.38776,-0.01142,2039,0.02637,0.99915,0.06049
002039_lcam_front_lidar.ply/002039_lcam_front_lidar.ply,0.25,200,0.8,0.40025,-0.00253,2040,0.00465,0.9999,0.00236
002040_lcam_front_lidar.ply/002040_lcam_front_lidar.ply,0.25,200,0.8,0.46806,-0.04319,2041,0.01624,0.98556,0.08761
002041_lcam_front_lidar.ply/002041_lcam_front_lidar.ply,0.25,200,0.8,0.4284,-0.01781,2042,0.00818,0.80978,0.03437
002042_lcam_front_lidar.ply/002042_lcam_front_lidar.ply,0.25,200,0.8,0.41431,0.01388,2043,0.0211,0.99879,0.06915
002043_lcam_front_lidar.ply/002043_lcam_front_lidar.ply,0.25,200,0.8,0.5264,-0.019,2044,0.00754,0.90773,0.0327
002044_lcam_front_lidar.ply/002044_lcam_front_lidar.ply,0.25,200,0.8,0.45472,0.01716,2045,0.00625,0.99953,0.00335
002045_lcam_front_lidar.ply/002045_lcam_front_lidar.ply,0.25,200,0.8,0.4732,-0.03503,2046,0.00872,0.89107,0.02581
002046_lcam_front_lidar.ply/002046_lcam_front_lidar.ply,0.25,200,0.8,0.40003,-0.0092,2047,0.00855,0.89446,0.02488
002047_lcam_front_lidar.ply/002047_lcam_front_lidar.ply,0.25,200,0.8,0.48,-0.01338,2048,0.00762,0.91041,0.03459
002048_lcam_front_lidar.ply/002048_lcam_front_lidar.ply,0.25,200,0.8,0.47257,-0.00996,2049,0.00761,0.91229,0.03504
002049_lcam_front_lidar.ply/002049_lcam_front_lidar.ply,0.25,200,0.8,0.55125,-0.01062,2050,0.00769,0.91117,0.0361
002050_lcam_front_lidar.ply/002050_lcam_front_lidar.ply,0.25,200,0.8,0.46911,0.00317,2051,0.00728,0.96584,0.02534
002051_lcam_front_lidar.ply/002051_lcam_front_lidar.ply,0.25,200,0.8,0.48044,-0.02381,2052,0.00773,0.91185,0.03768
002052_lcam_front_lidar.ply/002052_lcam_front_lidar.ply,0.25,200,0.8,0.47356,-0.0115,2053,0.00787,0.9119,0.04098
002053_lcam_front_lidar.ply/002053_lcam_front_lidar.ply,0.25,200,0.8,0.39535,0.02402,2054,0.03089,0.99989,0.04536
002054_lcam_front_lidar.ply/002054_lcam_front_lidar.ply,0.25,200,0.8,0.48383,-0.03436,2055,0.00745,0.91697,0.02231
002055_lcam_front_lidar.ply/002055_lcam_front_lidar.ply,0.25,200,0.8,0.44716,-0.02257,2056,0.00836,0.91252,0.04794
002056_lcam_front_lidar.ply/002056_lcam_front_lidar.ply,0.25,200,0.8,0.36751,-0.00996,2057,0.00831,0.91206,0.04761
002057_lcam_front_lidar.ply/002057_lcam_front_lidar.ply,0.25,200,0.8,0.47458,-0.00992,2058,0.00833,0.9132,0.04784
002058_lcam_front_lidar.ply/002058_lcam_front_lidar.ply,0.25,200,0.8,0.43344,0.02325,2059,0.00656,0.99955,0.00371
002059_lcam_front_lidar.ply/002059_lcam_front_lidar.ply,0.25,200,0.8,0.38474,-0.0044,2060,0.037,0.99998,0.05352
002060_lcam_front_lidar.ply/002060_lcam_front_lidar.ply,0.25,200,0.8,0.52752,-0.04993,2061,0.00865,0.91499,0.05118
002061_lcam_front_lidar.ply/002061_lcam_front_lidar.ply,0.25,200,0.8,0.5105,-0.00939,2062,0.00844,0.9176,0.05032
002062_lcam_front_lidar.ply/002062_lcam_front_lidar.ply,0.25,200,0.8,0.45985,-0.01087,2063,0.00852,0.9167,0.05195
002063_lcam_front_lidar.ply/002063_lcam_front_lidar.ply,0.25,200,0.8,0.46939,0.00857,2064,0.00758,0.96485,0.02736
002064_lcam_front_lidar.ply/002064_lcam_front_lidar.ply,0.25,200,0.8,0.42138,-0.00716,2065,0.03146,0.99992,0.07998
002065_lcam_front_lidar.ply/002065_lcam_front_lidar.ply,0.25,200,0.8,0.43551,-0.03296,2066,0.00818,0.92077,0.05559
002066_lcam_front_lidar.ply/002066_lcam_front_lidar.ply,0.25,200,0.8,0.42685,0.0169,2067,0.03203,0.9999,0.07324
002067_lcam_front_lidar.ply/002067_lcam_front_lidar.ply,0.25,200,0.8,0.48853,-0.01114,2068,0.03279,0.99992,0.07706
002068_lcam_front_lidar.ply/002068_lcam_front_lidar.ply,0.25,200,0.8,0.49464,-0.03587,2069,0.00809,0.92184,0.05598
002069_lcam_front_lidar.ply/002069_lcam_front_lidar.ply,0.25,200,0.8,0.53296,-0.07456,2070,0.01203,0.99675,0.21545
002070_lcam_front_lidar.ply/002070_lcam_front_lidar.ply,0.25,200,0.8,0.49581,0.00137,2071,0.0106,0.93355,0.17089
002071_lcam_front_lidar.ply/002071_lcam_front_lidar.ply,0.25,200,0.8,0.55908,-0.01647,2072,0.01107,0.97857,0.19826
002072_lcam_front_lidar.ply/002072_lcam_front_lidar.ply,0.25,200,0.8,0.51696,-0.03085,2073,0.01098,0.87898,0.20991
002073_lcam_front_lidar.ply/002073_lcam_front_lidar.ply,0.25,200,0.8,0.56976,0.1064,2074,0.00615,0.99954,0.00361
002074_lcam_front_lidar.ply/002074_lcam_front_lidar.ply,0.25,200,0.8,0.51726,-0.04622,2075,0.00658,0.93614,0.0579
002075_lcam_front_lidar.ply/002075_lcam_front_lidar.ply,0.25,200,0.8,0.5042,0.00684,2076,0.00726,0.96427,0.03402
002076_lcam_front_lidar.ply/002076_lcam_front_lidar.ply,0.25,200,0.8,0.60738,-0.03492,2077,0.00605,0.86589,0.05193
002077_lcam_front_lidar.ply/002077_lcam_front_lidar.ply,0.25,200,0.8,0.63145,0.01486,2078,0.00732,0.96341,0.03399
002078_lcam_front_lidar.ply/002078_lcam_front_lidar.ply,0.25,200,0.8,0.58424,-0.00964,2079,0.00725,0.96394,0.0333
002079_lcam_front_lidar.ply/002079_lcam_front_lidar.ply,0.25,200,0.8,0.66638,-0.01512,2080,0.00635,0.95834,0.04006
002080_lcam_front_lidar.ply/002080_lcam_front_lidar.ply,0.25,200,0.8,0.58555,-0.0054,2081,0.00728,0.963,0.03411
002081_lcam_front_lidar.ply/002081_lcam_front_lidar.ply,0.25,200,0.8,0.59228,-0.01524,2082,0.00687,0.95883,0.04251
002082_lcam_front_lidar.ply/002082_lcam_front_lidar.ply,0.25,200,0.8,0.59028,-0.10473,2083,0.00281,0.99777,0.23553
002083_lcam_front_lidar.ply/002083_lcam_front_lidar.ply,0.25,200,0.8,0.50824,0.10666,2084,0.03323,0.99948,0.06357
002084_lcam_front_lidar.ply/002084_lcam_front_lidar.ply,0.25,200,0.8,0.54589,-0.0925,2085,0.00918,0.99802,0.18006
002085_lcam_front_lidar.ply/002085_lcam_front_lidar.ply,0.25,200,0.8,0.52512,0.03583,2086,0.0057,0.95197,0.0676
002086_lcam_front_lidar.ply/002086_lcam_front_lidar.ply,0.25,200,0.8,0.54164,-0.00935,2087,0.00603,0.93617,0.06223
002087_lcam_front_lidar.ply/002087_lcam_front_lidar.ply,0.25,200,0.8,0.59515,0.00452,2088,0.00686,0.95972,0.0419
002088_lcam_front_lidar.ply/002088_lcam_front_lidar.ply,0.25,200,0.8,0.69835,-0.01283,2089,0.00616,0.97146,0.04968
002089_lcam_front_lidar.ply/002089_lcam_front_lidar.ply,0.25,200,0.8,0.5947,-0.11956,2090,0.00373,0.94998,0.25749
002090_lcam_front_lidar.ply/002090_lcam_front_lidar.ply,0.25,200,0.8,0.50851,0.12605,2091,0.00984,0.99992,0.0126
002091_lcam_front_lidar.ply/002091_lcam_front_lidar.ply,0.25,200,0.8,0.51957,-0.02878,2092,0.00712,0.96799,0.03514
002092_lcam_front_lidar.ply/002092_lcam_front_lidar.ply,0.25,200,0.8,0.60714,-0.082,2093,0.00972,0.8932,0.1619
002093_lcam_front_lidar.ply/002093_lcam_front_lidar.ply,0.25,200,0.8,0.5757,0.05919,2094,0.00437,0.9608,0.03309
002094_lcam_front_lidar.ply/002094_lcam_front_lidar.ply,0.25,200,0.8,0.60671,0.02645,2095,0.05175,0.99984,0.06666
002095_lcam_front_lidar.ply/002095_lcam_front_lidar.ply,0.25,200,0.8,0.63972,-0.10884,2096,0.01009,0.93024,0.16014
002096_lcam_front_lidar.ply/002096_lcam_front_lidar.ply,0.25,200,0.8,0.55732,0.05584,2097,0.00722,0.97232,0.03535
002097_lcam_front_lidar.ply/002097_lcam_front_lidar.ply,0.25,200,0.8,0.68307,-0.0934,2098,0.0099,0.99357,0.21388
002098_lcam_front_lidar.ply/002098_lcam_front_lidar.ply,0.25,200,0.8,0.59099,0.08988,2099,0.00717,0.99871,0.0102
002099_lcam_front_lidar.ply/002099_lcam_front_lidar.ply,0.25,200,0.8,0.53142,-0.16198,2100,0.00443,0.99121,0.30643
002100_lcam_front_lidar.ply/002100_lcam_front_lidar.ply,0.25,200,0.8,0.52597,0.04566,2101,0.01159,0.99305,0.20998
002101_lcam_front_lidar.ply/002101_lcam_front_lidar.ply,0.25,200,0.8,0.49135,0.07087,2102,0.00723,0.97523,0.03417
002102_lcam_front_lidar.ply/002102_lcam_front_lidar.ply,0.25,200,0.8,0.45514,-0.03377,2103,0.00767,0.93059,0.0692
002103_lcam_front_lidar.ply/002103_lcam_front_lidar.ply,0.25,200,0.8,0.49869,0.02182,2104,0.00826,0.99584,0.02632
002104_lcam_front_lidar.ply/002104_lcam_front_lidar.ply,0.25,200,0.8,0.41174,-0.00244,2105,0.01193,1.0,0.01976
002105_lcam_front_lidar.ply/002105_lcam_front_lidar.ply,0.25,200,0.8,0.45585,-0.09024,2106,0.00977,0.80319,0.1169
002106_lcam_front_lidar.ply/002106_lcam_front_lidar.ply,0.25,200,0.8,0.42162,0.07311,2107,0.00702,0.99956,0.00409
002107_lcam_front_lidar.ply/002107_lcam_front_lidar.ply,0.25,200,0.8,0.48821,-0.06934,2108,0.01005,0.99083,0.1262
002108_lcam_front_lidar.ply/002108_lcam_front_lidar.ply,0.25,200,0.8,0.4752,0.06772,2109,0.06899,0.99992,0.09137
002109_lcam_front_lidar.ply/002109_lcam_front_lidar.ply,0.25,200,0.8,0.44377,-0.0099,2110,0.06837,0.99994,0.08993
002110_lcam_front_lidar.ply/002110_lcam_front_lidar.ply,0.25,200,0.8,0.51479,-0.05838,2111,0.02913,0.9999,0.10819
002111_lcam_front_lidar.ply/002111_lcam_front_lidar.ply,0.25,200,0.8,0.58735,-0.0804,2112,0.00771,0.9953,0.20477
002112_lcam_front_lidar.ply/002112_lcam_front_lidar.ply,0.25,200,0.8,0.71266,0.04206,2113,0.00953,0.99161,0.10317
002113_lcam_front_lidar.ply/002113_lcam_front_lidar.ply,0.25,200,0.8,0.68045,-0.00789,2114,0.00934,0.98932,0.09789
002114_lcam_front_lidar.ply/002114_lcam_front_lidar.ply,0.25,200,0.8,0.66495,0.00612,2115,0.00709,0.93869,0.04596
002115_lcam_front_lidar.ply/002115_lcam_front_lidar.ply,0.25,200,0.8,0.60744,-0.10072,2116,0.00983,0.96752,0.24154
002116_lcam_front_lidar.ply/002116_lcam_front_lidar.ply,0.25,200,0.8,0.59322,0.07742,2117,0.03547,0.9999,0.12771
002117_lcam_front_lidar.ply/002117_lcam_front_lidar.ply,0.25,200,0.8,0.63639,0.00989,2118,0.03202,0.99988,0.08102
002118_lcam_front_lidar.ply/002118_lcam_front_lidar.ply,0.25,200,0.8,0.62467,-0.01373,2119,0.03271,0.99996,0.08987
002119_lcam_front_lidar.ply/002119_lcam_front_lidar.ply,0.25,200,0.8,0.68799,-0.00746,2120,0.03377,0.99986,0.08689
002120_lcam_front_lidar.ply/002120_lcam_front_lidar.ply,0.25,200,0.8,0.64703,-0.00884,2121,0.03022,0.99948,0.07737
002121_lcam_front_lidar.ply/002121_lcam_front_lidar.ply,0.25,200,0.8,0.58301,-0.00549,2122,0.03241,0.99998,0.07289
002122_lcam_front_lidar.ply/002122_lcam_front_lidar.ply,0.25,200,0.8,0.5278,-0.01041,2123,0.03175,0.99998,0.07237
002123_lcam_front_lidar.ply/002123_lcam_front_lidar.ply,0.25,200,0.8,0.53621,-0.00872,2124,0.03027,0.99972,0.06677
002124_lcam_front_lidar.ply/002124_lcam_front_lidar.ply,0.25,200,0.8,0.54253,-0.01074,2125,0.03237,0.99977,0.07247
002125_lcam_front_lidar.ply/002125_lcam_front_lidar.ply,0.25,200,0.8,0.58911,-0.02746,2126,0.00683,0.97142,0.0478
002126_lcam_front_lidar.ply/002126_lcam_front_lidar.ply,0.25,200,0.8,0.55966,0.01558,2127,0.00514,0.99999,0.00184
002127_lcam_front_lidar.ply/002127_lcam_front_lidar.ply,0.25,200,0.8,0.52833,-0.01936,2128,0.03151,0.99987,0.07325
002128_lcam_front_lidar.ply/002128_lcam_front_lidar.ply,0.25,200,0.8,0.50855,0.03096,2129,0.07773,1.0,0.08382
002129_lcam_front_lidar.ply/002129_lcam_front_lidar.ply,0.25,200,0.8,0.43697,-0.01697,2130,0.06713,1.0,0.07654
002130_lcam_front_lidar.ply/002130_lcam_front_lidar.ply,0.25,200,0.8,0.41787,-0.00649,2131,0.06684,0.99999,0.06895
002131_lcam_front_lidar.ply/002131_lcam_front_lidar.ply,0.25,200,0.8,0.39904,-0.06072,2132,0.00711,0.98509,0.04644
002132_lcam_front_lidar.ply/002132_lcam_front_lidar.ply,0.25,200,0.8,0.44919,-0.02955,2133,0.00773,0.99125,0.08862
002133_lcam_front_lidar.ply/002133_lcam_front_lidar.ply,0.25,200,0.8,0.45337,0.01037,2134,0.00716,0.98815,0.04582
002134_lcam_front_lidar.ply/002134_lcam_front_lidar.ply,0.25,200,0.8,0.30195,-0.02048,2135,0.00807,0.98868,0.06877
002135_lcam_front_lidar.ply/002135_lcam_front_lidar.ply,0.25,200,0.8,0.31429,0.06674,2136,0.08492,1.0,0.07238
002136_lcam_front_lidar.ply/002136_lcam_front_lidar.ply,0.25,200,0.8,0.351,-0.00897,2137,0.08606,0.99999,0.07259
002137_lcam_front_lidar.ply/002137_lcam_front_lidar.ply,0.25,200,0.8,0.40816,-0.07564,2138,0.00742,0.99423,0.04487
002138_lcam_front_lidar.ply/002138_lcam_front_lidar.ply,0.25,200,0.8,0.38082,-0.0087,2139,0.00739,0.99576,0.04269
002139_lcam_front_lidar.ply/002139_lcam_front_lidar.ply,0.25,200,0.8,0.34385,-0.0603,2140,0.01099,0.99438,0.15006
002140_lcam_front_lidar.ply/002140_lcam_front_lidar.ply,0.25,200,0.8,0.43629,0.04166,2141,0.00734,0.99785,0.0405
002141_lcam_front_lidar.ply/002141_lcam_front_lidar.ply,0.25,200,0.8,0.38306,-0.05158,2142,0.01285,0.99946,0.13517
002142_lcam_front_lidar.ply/002142_lcam_front_lidar.ply,0.25,200,0.8,0.37157,-0.01507,2143,0.01295,0.99971,0.14558
002143_lcam_front_lidar.ply/002143_lcam_front_lidar.ply,0.25,200,0.8,0.362,-0.01722,2144,0.01335,0.99999,0.16089
002144_lcam_front_lidar.ply/002144_lcam_front_lidar.ply,0.25,200,0.8,0.41578,0.04455,2145,0.00753,0.99879,0.0398
002145_lcam_front_lidar.ply/002145_lcam_front_lidar.ply,0.25,200,0.8,0.44768,-0.07239,2146,0.01244,0.99971,0.17467
002146_lcam_front_lidar.ply/002146_lcam_front_lidar.ply,0.25,200,0.8,0.47639,0.10689,2147,0.07125,0.99998,0.05859
002147_lcam_front_lidar.ply/002147_lcam_front_lidar.ply,0.25,200,0.8,0.46484,-0.12479,2148,0.01314,0.99874,0.17158
002148_lcam_front_lidar.ply/002148_lcam_front_lidar.ply,0.25,200,0.8,0.3953,-0.02353,2149,0.00476,0.85498,0.13875
002149_lcam_front_lidar.ply/002149_lcam_front_lidar.ply,0.25,200,0.8,0.48368,-0.01131,2150,0.01657,0.99487,0.20694
002150_lcam_front_lidar.ply/002150_lcam_front_lidar.ply,0.25,200,0.8,0.49214,-0.00865,2151,0.01773,0.99351,0.20616
002151_lcam_front_lidar.ply/002151_lcam_front_lidar.ply,0.25,200,0.8,0.46484,-0.02753,2152,0.01702,0.98955,0.2386
002152_lcam_front_lidar.ply/002152_lcam_front_lidar.ply,0.25,200,0.8,0.39696,-0.01685,2153,0.01759,0.98341,0.2516
002153_lcam_front_lidar.ply/002153_lcam_front_lidar.ply,0.25,200,0.8,0.40957,0.00063,2154,0.01661,0.98076,0.22759
002154_lcam_front_lidar.ply/002154_lcam_front_lidar.ply,0.25,200,0.8,0.40428,-0.00939,2155,0.01617,0.98054,0.22542
002155_lcam_front_lidar.ply/002155_lcam_front_lidar.ply,0.25,200,0.8,0.38642,-0.01404,2156,0.01746,0.9822,0.23658
002156_lcam_front_lidar.ply/002156_lcam_front_lidar.ply,0.25,200,0.8,0.48497,-0.02295,2157,0.01796,0.97388,0.26097
002157_lcam_front_lidar.ply/002157_lcam_front_lidar.ply,0.25,200,0.8,0.47448,0.00453,2158,0.01764,0.96881,0.22975
002158_lcam_front_lidar.ply/002158_lcam_front_lidar.ply,0.25,200,0.8,0.55028,-0.01613,2159,0.01539,0.96595,0.23666
002159_lcam_front_lidar.ply/002159_lcam_front_lidar.ply,0.25,200,0.8,0.48697,0.00892,2160,0.01461,0.92608,0.18529
002160_lcam_front_lidar.ply/002160_lcam_front_lidar.ply,0.25,200,0.8,0.52226,0.08454,2161,0.007,0.99887,0.00283
002161_lcam_front_lidar.ply/002161_lcam_front_lidar.ply,0.25,200,0.8,0.45781,-0.14329,2162,0.01667,0.90445,0.26044
002162_lcam_front_lidar.ply/002162_lcam_front_lidar.ply,0.25,200,0.8,0.53908,-0.01124,2163,0.01809,0.94582,0.27818
002163_lcam_front_lidar.ply/002163_lcam_front_lidar.ply,0.25,200,0.8,0.43234,0.00052,2164,0.01918,0.94406,0.25879
002164_lcam_front_lidar.ply/002164_lcam_front_lidar.ply,0.25,200,0.8,0.50708,-0.00441,2165,0.01759,0.94267,0.24401
002165_lcam_front_lidar.ply/002165_lcam_front_lidar.ply,0.25,200,0.8,0.46499,0.03643,2166,0.00944,0.99874,0.15166
002166_lcam_front_lidar.ply/002166_lcam_front_lidar.ply,0.25,200,0.8,0.40971,0.0845,2167,0.05538,0.99998,0.05491
002167_lcam_front_lidar.ply/002167_lcam_front_lidar.ply,0.25,200,0.8,0.39624,-0.01887,2168,0.04725,0.99997,0.05638
002168_lcam_front_lidar.ply/002168_lcam_front_lidar.ply,0.25,200,0.8,0.41043,-0.01223,2169,0.04523,0.99998,0.05681
002169_lcam_front_lidar.ply/002169_lcam_front_lidar.ply,0.25,200,0.8,0.51546,-0.18351,2170,0.01831,0.90656,0.32196
002170_lcam_front_lidar.ply/002170_lcam_front_lidar.ply,0.25,200,0.8,0.54367,0.01124,2171,0.01754,0.91515,0.28052
002171_lcam_front_lidar.ply/002171_lcam_front_lidar.ply,0.25,200,0.8,0.43256,0.12468,2172,0.00858,0.99691,0.01776
002172_lcam_front_lidar.ply/002172_lcam_front_lidar.ply,0.25,200,0.8,0.43041,-0.00394,2173,0.03697,0.99994,0.06334
002173_lcam_front_lidar.ply/002173_lcam_front_lidar.ply,0.25,200,0.8,0.37998,-0.00264,2174,0.0435,0.99998,0.0617
002174_lcam_front_lidar.ply/002174_lcam_front_lidar.ply,0.25,200,0.8,0.39984,-0.15369,2175,0.01004,0.96628,0.27204
002175_lcam_front_lidar.ply/002175_lcam_front_lidar.ply,0.25,200,0.8,0.482,0.12097,2176,0.00166,0.99624,0.00232
002176_lcam_front_lidar.ply/002176_lcam_front_lidar.ply,0.25,200,0.8,0.47818,-0.17682,2177,0.0164,0.88418,0.33183
002177_lcam_front_lidar.ply/002177_lcam_front_lidar.ply,0.25,200,0.8,0.46411,0.16451,2178,0.03946,1.0,0.06367
002178_lcam_front_lidar.ply/002178_lcam_front_lidar.ply,0.25,200,0.8,0.40512,-0.03123,2179,0.0077,0.99189,0.04018
002179_lcam_front_lidar.ply/002179_lcam_front_lidar.ply,0.25,200,0.8,0.43444,0.01506,2180,0.0364,0.99995,0.04988
002180_lcam_front_lidar.ply/002180_lcam_front_lidar.ply,0.25,200,0.8,0.48874,-0.03307,2181,0.00697,0.99926,0.03696
002181_lcam_front_lidar.ply/002181_lcam_front_lidar.ply,0.25,200,0.8,0.52638,0.01654,2182,0.03822,0.99994,0.04657
002182_lcam_front_lidar.ply/002182_lcam_front_lidar.ply,0.25,200,0.8,0.47617,-0.01184,2183,0.03651,0.99993,0.04684
002183_lcam_front_lidar.ply/002183_lcam_front_lidar.ply,0.25,200,0.8,0.52847,-0.00921,2184,0.03636,0.99994,0.04497
002184_lcam_front_lidar.ply/002184_lcam_front_lidar.ply,0.25,200,0.8,0.56357,-0.04476,2185,0.00766,0.97518,0.04964
002185_lcam_front_lidar.ply/002185_lcam_front_lidar.ply,0.25,200,0.8,0.59186,-0.04605,2186,0.01429,0.99751,0.14172
002186_lcam_front_lidar.ply/002186_lcam_front_lidar.ply,0.25,200,0.8,0.64757,-0.09894,2187,0.00927,0.88461,0.27567
002187_lcam_front_lidar.ply/002187_lcam_front_lidar.ply,0.25,200,0.8,0.55793,-0.00691,2188,0.00658,0.81849,0.24428
002188_lcam_front_lidar.ply/002188_lcam_front_lidar.ply,0.25,200,0.8,0.55953,-0.01294,2189,0.00989,0.89497,0.27973
002189_lcam_front_lidar.ply/002189_lcam_front_lidar.ply,0.25,200,0.8,0.55092,0.08219,2190,0.01328,0.99189,0.13119
002190_lcam_front_lidar.ply/002190_lcam_front_lidar.ply,0.25,200,0.8,0.55312,0.0259,2191,0.0078,0.98036,0.04498
002191_lcam_front_lidar.ply/002191_lcam_front_lidar.ply,0.25,200,0.8,0.5447,-0.01605,2192,0.00824,0.95741,0.05107
002192_lcam_front_lidar.ply/002192_lcam_front_lidar.ply,0.25,200,0.8,0.53111,0.01637,2193,0.00315,0.99988,0.00089
002193_lcam_front_lidar.ply/002193_lcam_front_lidar.ply,0.25,200,0.8,0.51151,-0.164,2194,0.01105,0.90457,0.2961
002194_lcam_front_lidar.ply/002194_lcam_front_lidar.ply,0.25,200,0.8,0.60573,0.04828,2195,0.014,0.99878,0.21372
002195_lcam_front_lidar.ply/002195_lcam_front_lidar.ply,0.25,200,0.8,0.46464,-0.01234,2196,0.01389,0.99881,0.2182
002196_lcam_front_lidar.ply/002196_lcam_front_lidar.ply,0.25,200,0.8,0.38685,0.12509,2197,0.06986,0.99995,0.0603
002197_lcam_front_lidar.ply/002197_lcam_front_lidar.ply,0.25,200,0.8,0.35803,-0.07098,2198,0.00875,0.97149,0.0515
002198_lcam_front_lidar.ply/002198_lcam_front_lidar.ply,0.25,200,0.8,0.45836,0.01685,2199,0.00771,0.99959,0.00415
002199_lcam_front_lidar.ply/002199_lcam_front_lidar.ply,0.25,200,0.8,0.45232,0.01628,2200,0.05896,0.99992,0.05419
002200_lcam_front_lidar.ply/002200_lcam_front_lidar.ply,0.25,200,0.8,0.38559,-0.02155,2201,0.05164,0.99996,0.06268
002201_lcam_front_lidar.ply/002201_lcam_front_lidar.ply,0.25,200,0.8,0.41666,-0.14654,2202,0.00611,0.89028,0.2118
002202_lcam_front_lidar.ply/002202_lcam_front_lidar.ply,0.25,200,0.8,0.42555,0.16714,2203,0.0837,0.99998,0.0456
002203_lcam_front_lidar.ply/002203_lcam_front_lidar.ply,0.25,200,0.8,0.4794,-0.08188,2204,0.02072,0.99998,0.06341
002204_lcam_front_lidar.ply/002204_lcam_front_lidar.ply,0.25,200,0.8,0.44659,0.00634,2205,0.00687,0.99954,0.00289
002205_lcam_front_lidar.ply/002205_lcam_front_lidar.ply,0.25,200,0.8,0.46411,-0.03318,2206,0.02064,0.99997,0.07692
002206_lcam_front_lidar.ply/002206_lcam_front_lidar.ply,0.25,200,0.8,0.409,-0.04905,2207,0.0272,0.99962,0.16805
002207_lcam_front_lidar.ply/002207_lcam_front_lidar.ply,0.25,200,0.8,0.40537,0.01663,2208,0.02433,0.99998,0.10915
002208_lcam_front_lidar.ply/002208_lcam_front_lidar.ply,0.25,200,0.8,0.47847,-0.13489,2209,0.01898,0.89278,0.31609
002209_lcam_front_lidar.ply/002209_lcam_front_lidar.ply,0.25,200,0.8,0.51161,0.1402,2210,0.00555,0.99615,0.01985
002210_lcam_front_lidar.ply/002210_lcam_front_lidar.ply,0.25,200,0.8,0.47958,-0.0237,2211,0.00719,0.91976,0.02759
002211_lcam_front_lidar.ply/002211_lcam_front_lidar.ply,0.25,200,0.8,0.53627,-0.03857,2212,0.01645,0.98376,0.12245
002212_lcam_front_lidar.ply/002212_lcam_front_lidar.ply,0.25,200,0.8,0.44576,-0.04273,2213,0.01055,0.98821,0.17746
002213_lcam_front_lidar.ply/002213_lcam_front_lidar.ply,0.25,200,0.8,0.40572,0.01524,2214,0.00783,0.99856,0.12466
002214_lcam_front_lidar.ply/002214_lcam_front_lidar.ply,0.25,200,0.8,0.4288,-0.01026,2215,0.01366,0.99918,0.13703
002215_lcam_front_lidar.ply/002215_lcam_front_lidar.ply,0.25,200,0.8,0.41903,-0.04935,2216,0.01947,0.99817,0.22704
002216_lcam_front_lidar.ply/002216_lcam_front_lidar.ply,0.25,200,0.8,0.43975,-0.17154,2217,0.00309,0.97869,0.51151
002217_lcam_front_lidar.ply/002217_lcam_front_lidar.ply,0.25,200,0.8,0.47211,0.18695,2218,0.01347,0.9925,0.1425
002218_lcam_front_lidar.ply/002218_lcam_front_lidar.ply,0.25,200,0.8,0.40634,-0.02596,2219,0.01509,0.98845,0.17645
002219_lcam_front_lidar.ply/002219_lcam_front_lidar.ply,0.25,200,0.8,0.38549,0.03599,2220,0.01423,0.99349,0.08428
002220_lcam_front_lidar.ply/002220_lcam_front_lidar.ply,0.25,200,0.8,0.37633,-0.00497,2221,0.0154,0.99849,0.07806
002221_lcam_front_lidar.ply/002221_lcam_front_lidar.ply,0.25,200,0.8,0.41161,-0.04718,2222,0.01551,0.97697,0.14617
002222_lcam_front_lidar.ply/002222_lcam_front_lidar.ply,0.25,200,0.8,0.39505,-0.00401,2223,0.01578,0.98073,0.13585
002223_lcam_front_lidar.ply/002223_lcam_front_lidar.ply,0.25,200,0.8,0.27306,0.14724,2224,0.13854,0.99999,0.07266
002224_lcam_front_lidar.ply/002224_lcam_front_lidar.ply,0.25,200,0.8,0.29964,-0.09682,2225,0.05077,0.99987,0.07071
002225_lcam_front_lidar.ply/002225_lcam_front_lidar.ply,0.25,200,0.8,0.31352,-0.03305,2226,0.01785,0.99994,0.05101
002226_lcam_front_lidar.ply/002226_lcam_front_lidar.ply,0.25,200,0.8,0.28587,-0.05352,2227,0.01036,0.99825,0.12255
002227_lcam_front_lidar.ply/002227_lcam_front_lidar.ply,0.25,200,0.8,0.27985,0.01187,2228,0.01169,0.99321,0.07994
002228_lcam_front_lidar.ply/002228_lcam_front_lidar.ply,0.25,200,0.8,0.27474,-0.05039,2229,0.01326,0.99353,0.16396
002229_lcam_front_lidar.ply/002229_lcam_front_lidar.ply,0.25,200,0.8,0.30664,0.02655,2230,0.00884,0.99322,0.08192
002230_lcam_front_lidar.ply/002230_lcam_front_lidar.ply,0.25,200,0.8,0.3436,-0.05073,2231,0.01538,0.98914,0.17524
002231_lcam_front_lidar.ply/002231_lcam_front_lidar.ply,0.25,200,0.8,0.23947,0.1356,2232,0.10831,0.99991,0.07312
002232_lcam_front_lidar.ply/002232_lcam_front_lidar.ply,0.25,200,0.8,0.2694,-0.0807,2233,0.01317,0.99992,0.02426
002233_lcam_front_lidar.ply/002233_lcam_front_lidar.ply,0.25,200,0.8,0.22924,-0.0135,2234,0.01128,0.99967,0.02739
002234_lcam_front_lidar.ply/002234_lcam_front_lidar.ply,0.25,200,0.8,0.24803,-0.07636,2235,0.02516,0.99797,0.18736
002235_lcam_front_lidar.ply/002235_lcam_front_lidar.ply,0.25,200,0.8,0.30636,-0.01723,2236,0.02429,0.99746,0.19994
002236_lcam_front_lidar.ply/002236_lcam_front_lidar.ply,0.25,200,0.8,0.26494,-0.01044,2237,0.02401,0.99729,0.20022
002237_lcam_front_lidar.ply/002237_lcam_front_lidar.ply,0.25,200,0.8,0.30049,-0.01646,2238,0.0232,0.9976,0.2116
002238_lcam_front_lidar.ply/002238_lcam_front_lidar.ply,0.25,200,0.8,0.26976,-0.01297,2239,0.01985,0.99098,0.20886
002239_lcam_front_lidar.ply/002239_lcam_front_lidar.ply,0.25,200,0.8,0.30632,-0.00937,2240,0.02019,0.99341,0.20899
002240_lcam_front_lidar.ply/002240_lcam_front_lidar.ply,0.25,200,0.8,0.34071,-0.0083,2241,0.02261,0.99582,0.21114
002241_lcam_front_lidar.ply/002241_lcam_front_lidar.ply,0.25,200,0.8,0.30164,0.07688,2242,0.00425,0.9987,0.00155
002242_lcam_front_lidar.ply/002242_lcam_front_lidar.ply,0.25,200,0.8,0.3499,-0.02169,2243,0.0082,0.98203,0.02783
002243_lcam_front_lidar.ply/002243_lcam_front_lidar.ply,0.25,200,0.8,0.30181,-0.06823,2244,0.02729,0.99849,0.18741
002244_lcam_front_lidar.ply/002244_lcam_front_lidar.ply,0.25,200,0.8,0.3018,-0.00904,2245,0.02755,0.99834,0.18597
002245_lcam_front_lidar.ply/002245_lcam_front_lidar.ply,0.25,200,0.8,0.43282,-0.00802,2246,0.02577,0.99854,0.1785
002246_lcam_front_lidar.ply/002246_lcam_front_lidar.ply,0.25,200,0.8,0.2608,0.01609,2247,0.01605,0.99448,0.10567
002247_lcam_front_lidar.ply/002247_lcam_front_lidar.ply,0.25,200,0.8,0.30089,0.01762,2248,0.00798,0.98565,0.03161
002248_lcam_front_lidar.ply/002248_lcam_front_lidar.ply,0.25,200,0.8,0.32088,-0.01111,2249,0.01432,0.99992,0.0508
002249_lcam_front_lidar.ply/002249_lcam_front_lidar.ply,0.25,200,0.8,0.31481,-0.00985,2250,0.01358,0.99992,0.04902
002250_lcam_front_lidar.ply/002250_lcam_front_lidar.ply,0.25,200,0.8,0.35085,0.06915,2251,0.10284,0.99991,0.06924
002251_lcam_front_lidar.ply/002251_lcam_front_lidar.ply,0.25,200,0.8,0.28059,-0.12864,2252,0.00849,0.99921,0.11761
002252_lcam_front_lidar.ply/002252_lcam_front_lidar.ply,0.25,200,0.8,0.26702,0.04468,2253,0.00521,0.99889,0.0016
002253_lcam_front_lidar.ply/002253_lcam_front_lidar.ply,0.25,200,0.8,0.289,-0.00985,2254,0.00535,0.99891,0.00158
002254_lcam_front_lidar.ply/002254_lcam_front_lidar.ply,0.25,200,0.8,0.25395,-0.00989,2255,0.00691,0.99685,0.00384
002255_lcam_front_lidar.ply/002255_lcam_front_lidar.ply,0.25,200,0.8,0.31344,-0.03984,2256,0.01117,0.99981,0.07294
002256_lcam_front_lidar.ply/002256_lcam_front_lidar.ply,0.25,200,0.8,0.28651,0.07924,2257,0.09539,0.99994,0.06294
002257_lcam_front_lidar.ply/002257_lcam_front_lidar.ply,0.25,200,0.8,0.27409,-0.11483,2258,0.00961,0.98917,0.09781
002258_lcam_front_lidar.ply/002258_lcam_front_lidar.ply,0.25,200,0.8,0.21869,-0.01375,2259,0.01032,0.98837,0.10647
002259_lcam_front_lidar.ply/002259_lcam_front_lidar.ply,0.25,200,0.8,0.22613,0.10069,2260,0.09409,0.99996,0.05611
002260_lcam_front_lidar.ply/002260_lcam_front_lidar.ply,0.25,200,0.8,0.25407,-0.1087,2261,0.01056,0.99314,0.08441
002261_lcam_front_lidar.ply/002261_lcam_front_lidar.ply,0.25,200,0.8,0.21192,0.02774,2262,0.00945,0.99786,0.00812
002262_lcam_front_lidar.ply/002262_lcam_front_lidar.ply,0.25,200,0.8,0.22749,0.04952,2263,0.09802,0.99997,0.06687
002263_lcam_front_lidar.ply/002263_lcam_front_lidar.ply,0.25,200,0.8,0.20313,-0.00925,2264,0.09796,0.99997,0.06525
002264_lcam_front_lidar.ply/002264_lcam_front_lidar.ply,0.25,200,0.8,0.22222,-0.00854,2265,0.09992,0.99997,0.06625
002265_lcam_front_lidar.ply/002265_lcam_front_lidar.ply,0.25,200,0.8,0.24543,-0.1145,2266,0.0107,0.99949,0.09666
002266_lcam_front_lidar.ply/002266_lcam_front_lidar.ply,0.25,200,0.8,0.24242,-0.01558,2267,0.01044,0.99942,0.10729
002267_lcam_front_lidar.ply/002267_lcam_front_lidar.ply,0.25,200,0.8,0.19302,0.01613,2268,0.01238,0.99527,0.05766
002268_lcam_front_lidar.ply/002268_lcam_front_lidar.ply,0.25,200,0.8,0.21207,-0.05563,2269,0.01347,0.99043,0.14964
002269_lcam_front_lidar.ply/002269_lcam_front_lidar.ply,0.25,200,0.8,0.23491,-0.0205,2270,0.01463,0.99219,0.1735
002270_lcam_front_lidar.ply/002270_lcam_front_lidar.ply,0.25,200,0.8,0.19791,-0.07029,2271,0.02406,0.86354,0.27434
002271_lcam_front_lidar.ply/002271_lcam_front_lidar.ply,0.25,200,0.8,0.22523,0.02132,2272,0.01483,0.8307,0.18337
002272_lcam_front_lidar.ply/002272_lcam_front_lidar.ply,0.25,200,0.8,0.21142,0.06477,2273,0.01196,0.99601,0.07769
002273_lcam_front_lidar.ply/002273_lcam_front_lidar.ply,0.25,200,0.8,0.1996,0.08063,2274,0.09309,0.99999,0.05989
002274_lcam_front_lidar.ply/002274_lcam_front_lidar.ply,0.25,200,0.8,0.23815,-0.15125,2275,0.01421,0.99788,0.18399
002275_lcam_front_lidar.ply/002275_lcam_front_lidar.ply,0.25,200,0.8,0.25354,-0.02248,2276,0.01413,0.99886,0.20909
002276_lcam_front_lidar.ply/002276_lcam_front_lidar.ply,0.25,200,0.8,0.20245,-0.01524,2277,0.01662,0.98322,0.21986
002277_lcam_front_lidar.ply/002277_lcam_front_lidar.ply,0.25,200,0.8,0.30638,-0.00797,2278,0.01682,0.99177,0.21876
002278_lcam_front_lidar.ply/002278_lcam_front_lidar.ply,0.25,200,0.8,0.23802,-0.01121,2279,0.01652,0.97452,0.21542
002279_lcam_front_lidar.ply/002279_lcam_front_lidar.ply,0.25,200,0.8,0.30112,-0.01989,2280,0.01491,0.98275,0.23445
002280_lcam_front_lidar.ply/002280_lcam_front_lidar.ply,0.25,200,0.8,0.26358,-0.00673,2281,0.01834,0.9784,0.23348
002281_lcam_front_lidar.ply/002281_lcam_front_lidar.ply,0.25,200,0.8,0.21881,0.01161,2282,0.03071,0.99364,0.21956
002282_lcam_front_lidar.ply/002282_lcam_front_lidar.ply,0.25,200,0.8,0.23263,-0.0783,2283,0.0255,0.99594,0.34643
002283_lcam_front_lidar.ply/002283_lcam_front_lidar.ply,0.25,200,0.8,0.25467,0.06383,2284,0.03072,0.99039,0.20754
002284_lcam_front_lidar.ply/002284_lcam_front_lidar.ply,0.25,200,0.8,0.2223,-0.01025,2285,0.02897,0.99073,0.20464
002285_lcam_front_lidar.ply/002285_lcam_front_lidar.ply,0.25,200,0.8,0.2453,-0.06844,2286,0.02351,0.95768,0.30068
002286_lcam_front_lidar.ply/002286_lcam_front_lidar.ply,0.25,200,0.8,0.20919,0.05153,2287,0.03167,0.9862,0.20252
002287_lcam_front_lidar.ply/002287_lcam_front_lidar.ply,0.25,200,0.8,0.20443,-0.0173,2288,0.0339,0.98354,0.22079
002288_lcam_front_lidar.ply/002288_lcam_front_lidar.ply,0.25,200,0.8,0.15817,-0.062,2289,0.04515,0.95732,0.33942
002289_lcam_front_lidar.ply/002289_lcam_front_lidar.ply,0.25,200,0.8,0.20329,-0.00552,2290,0.038,0.9306,0.30814
002290_lcam_front_lidar.ply/002290_lcam_front_lidar.ply,0.25,200,0.8,0.24401,-0.00359,2291,0.02823,0.95439,0.28292
002291_lcam_front_lidar.ply/002291_lcam_front_lidar.ply,0.25,200,0.8,0.19033,-0.02107,2292,0.03894,0.90874,0.31279
002292_lcam_front_lidar.ply/002292_lcam_front_lidar.ply,0.25,200,0.8,0.2489,0.03304,2293,0.03344,0.9806,0.23725
002293_lcam_front_lidar.ply/002293_lcam_front_lidar.ply,0.25,200,0.8,0.16968,-0.02247,2294,0.0283,0.98347,0.25277
002294_lcam_front_lidar.ply/002294_lcam_front_lidar.ply,0.25,200,0.8,0.16843,-0.01583,2295,0.03442,0.9633,0.27062
002295_lcam_front_lidar.ply/002295_lcam_front_lidar.ply,0.25,200,0.8,0.19157,-0.01271,2296,0.03242,0.95434,0.26935
002296_lcam_front_lidar.ply/002296_lcam_front_lidar.ply,0.25,200,0.8,0.17462,0.01557,2297,0.01444,0.99666,0.19496
002297_lcam_front_lidar.ply/002297_lcam_front_lidar.ply,0.25,200,0.8,0.21073,0.03774,2298,0.01132,0.99798,0.09363
002298_lcam_front_lidar.ply/002298_lcam_front_lidar.ply,0.25,200,0.8,0.12727,0.10318,2299,0.11476,0.99995,0.07474
002299_lcam_front_lidar.ply/002299_lcam_front_lidar.ply,0.25,200,0.8,0.16372,-0.16116,2300,0.01405,0.99372,0.17377
002300_lcam_front_lidar.ply/002300_lcam_front_lidar.ply,0.25,200,0.8,0.1624,-0.01594,2301,0.01536,0.99558,0.18881
002301_lcam_front_lidar.ply/002301_lcam_front_lidar.ply,0.25,200,0.8,0.11877,0.14794,2302,0.11646,0.99991,0.07644
002302_lcam_front_lidar.ply/002302_lcam_front_lidar.ply,0.25,200,0.8,0.11664,0.01759,2303,0.15266,0.99996,0.09368
002303_lcam_front_lidar.ply/002303_lcam_front_lidar.ply,0.25,200,0.8,0.1586,-0.17178,2304,0.01509,0.992,0.13971
002304_lcam_front_lidar.ply/002304_lcam_front_lidar.ply,0.25,200,0.8,0.15442,-0.0127,2305,0.01435,0.99295,0.14392
002305_lcam_front_lidar.ply/002305_lcam_front_lidar.ply,0.25,200,0.8,0.18259,-0.00176,2306,0.01345,0.99167,0.12525
002306_lcam_front_lidar.ply/002306_lcam_front_lidar.ply,0.25,200,0.8,0.16767,-0.08402,2307,0.01965,0.83976,0.24012
002307_lcam_front_lidar.ply/002307_lcam_front_lidar.ply,0.25,200,0.8,0.14777,0.20712,2308,0.12342,0.99992,0.06147
002308_lcam_front_lidar.ply/002308_lcam_front_lidar.ply,0.25,200,0.8,0.22209,-0.19478,2309,0.01607,0.97859,0.20993
002309_lcam_front_lidar.ply/002309_lcam_front_lidar.ply,0.25,200,0.8,0.16206,-0.01371,2310,0.01294,0.99644,0.21644
002310_lcam_front_lidar.ply/002310_lcam_front_lidar.ply,0.25,200,0.8,0.17869,0.19184,2311,0.15301,0.99995,0.09397
002311_lcam_front_lidar.ply/002311_lcam_front_lidar.ply,0.25,200,0.8,0.20138,-0.00318,2312,0.15762,0.99995,0.08955
002312_lcam_front_lidar.ply/002312_lcam_front_lidar.ply,0.25,200,0.8,0.23761,-0.01934,2313,0.14945,0.99993,0.09188
002313_lcam_front_lidar.ply/002313_lcam_front_lidar.ply,0.25,200,0.8,0.24022,-0.00227,2314,0.14823,0.99996,0.07398
002314_lcam_front_lidar.ply/002314_lcam_front_lidar.ply,0.25,200,0.8,0.20911,-0.02585,2315,0.14261,0.99992,0.09444
002315_lcam_front_lidar.ply/002315_lcam_front_lidar.ply,0.25,200,0.8,0.25642,-0.00511,2316,0.14515,0.99996,0.08975
002316_lcam_front_lidar.ply/002316_lcam_front_lidar.ply,0.25,200,0.8,0.21613,-0.00927,2317,0.14892,0.99992,0.09582
002317_lcam_front_lidar.ply/002317_lcam_front_lidar.ply,0.25,200,0.8,0.27704,-0.02654,2318,0.13209,0.99988,0.09521
002318_lcam_front_lidar.ply/002318_lcam_front_lidar.ply,0.25,200,0.8,0.24312,-0.00139,2319,0.1451,0.99989,0.10402
002319_lcam_front_lidar.ply/002319_lcam_front_lidar.ply,0.25,200,0.8,0.29316,-0.09887,2320,0.00475,0.99977,0.00103
002320_lcam_front_lidar.ply/002320_lcam_front_lidar.ply,0.25,200,0.8,0.22094,0.066,2321,0.13376,0.99992,0.10709
002321_lcam_front_lidar.ply/002321_lcam_front_lidar.ply,0.25,200,0.8,0.30838,0.00664,2322,0.14196,0.99995,0.09021
002322_lcam_front_lidar.ply/002322_lcam_front_lidar.ply,0.25,200,0.8,0.22041,-0.01921,2323,0.14389,0.99993,0.11249
002323_lcam_front_lidar.ply/002323_lcam_front_lidar.ply,0.25,200,0.8,0.32333,-0.19058,2324,0.02904,0.9887,0.24057
002324_lcam_front_lidar.ply/002324_lcam_front_lidar.ply,0.25,200,0.8,0.29958,-0.00679,2325,0.03238,0.98724,0.24039
002325_lcam_front_lidar.ply/002325_lcam_front_lidar.ply,0.25,200,0.8,0.36752,0.04948,2326,0.02254,0.99739,0.10481
002326_lcam_front_lidar.ply/002326_lcam_front_lidar.ply,0.25,200,0.8,0.33005,-0.07019,2327,0.02993,0.98899,0.23744
002327_lcam_front_lidar.ply/002327_lcam_front_lidar.ply,0.25,200,0.8,0.29752,-0.00894,2328,0.02798,0.98937,0.23155
002328_lcam_front_lidar.ply/002328_lcam_front_lidar.ply,0.25,200,0.8,0.33367,0.0741,2329,0.00944,0.99426,0.02776
002329_lcam_front_lidar.ply/002329_lcam_front_lidar.ply,0.25,200,0.8,0.31252,-0.16809,2330,0.01129,0.95385,0.33551
002330_lcam_front_lidar.ply/002330_lcam_front_lidar.ply,0.25,200,0.8,0.44425,0.1322,2331,0.00996,0.98141,0.05672
002331_lcam_front_lidar.ply/002331_lcam_front_lidar.ply,0.25,200,0.8,0.3996,-0.01517,2332,0.01014,0.97427,0.06528
002332_lcam_front_lidar.ply/002332_lcam_front_lidar.ply,0.25,200,0.8,0.33412,-0.04184,2333,0.01053,0.96523,0.12701
002333_lcam_front_lidar.ply/002333_lcam_front_lidar.ply,0.25,200,0.8,0.42395,0.03519,2334,0.01061,0.992,0.04482
002334_lcam_front_lidar.ply/002334_lcam_front_lidar.ply,0.25,200,0.8,0.39112,-0.02275,2335,0.01083,0.98365,0.06826
002335_lcam_front_lidar.ply/002335_lcam_front_lidar.ply,0.25,200,0.8,0.34557,0.02403,2336,0.01097,0.99991,0.00536
002336_lcam_front_lidar.ply/002336_lcam_front_lidar.ply,0.25,200,0.8,0.41685,-0.05268,2337,0.0113,0.97697,0.08449
002337_lcam_front_lidar.ply/002337_lcam_front_lidar.ply,0.25,200,0.8,0.38944,0.00876,2338,0.01133,0.99306,0.05184
002338_lcam_front_lidar.ply/002338_lcam_front_lidar.ply,0.25,200,0.8,0.35688,-0.01755,2339,0.01154,0.9899,0.06641
002339_lcam_front_lidar.ply/002339_lcam_front_lidar.ply,0.25,200,0.8,0.40119,-0.01063,2340,0.01155,0.99023,0.06778
002340_lcam_front_lidar.ply/002340_lcam_front_lidar.ply,0.25,200,0.8,0.35431,-0.00462,2341,0.01177,0.99376,0.05853
002341_lcam_front_lidar.ply/002341_lcam_front_lidar.ply,0.25,200,0.8,0.37191,-0.0255,2342,0.01186,0.98724,0.08775
002342_lcam_front_lidar.ply/002342_lcam_front_lidar.ply,0.25,200,0.8,0.42458,-0.00267,2343,0.01192,0.99118,0.07439
002343_lcam_front_lidar.ply/002343_lcam_front_lidar.ply,0.25,200,0.8,0.36211,-0.01859,2344,0.01216,0.98812,0.09114
002344_lcam_front_lidar.ply/002344_lcam_front_lidar.ply,0.25,200,0.8,0.41855,0.01932,2345,0.01227,0.99837,0.0358
002345_lcam_front_lidar.ply/002345_lcam_front_lidar.ply,0.25,200,0.8,0.38981,-0.02492,2346,0.01239,0.99483,0.06482
002346_lcam_front_lidar.ply/002346_lcam_front_lidar.ply,0.25,200,0.8,0.38073,-0.01092,2347,0.01261,0.99508,0.06717
002347_lcam_front_lidar.ply/002347_lcam_front_lidar.ply,0.25,200,0.8,0.42186,-0.03587,2348,0.0127,0.9816,0.11505
002348_lcam_front_lidar.ply/002348_lcam_front_lidar.ply,0.25,200,0.8,0.38414,-0.01132,2349,0.01295,0.98219,0.11836
002349_lcam_front_lidar.ply/002349_lcam_front_lidar.ply,0.25,200,0.8,0.42093,-0.00098,2350,0.01291,0.99067,0.10277
002350_lcam_front_lidar.ply/002350_lcam_front_lidar.ply,0.25,200,0.8,0.44783,0.01464,2351,0.01308,0.99751,0.05589
002351_lcam_front_lidar.ply/002351_lcam_front_lidar.ply,0.25,200,0.8,0.42633,-0.02722,2352,0.01316,0.99404,0.08945
002352_lcam_front_lidar.ply/002352_lcam_front_lidar.ply,0.25,200,0.8,0.52699,-0.01894,2353,0.01326,0.99196,0.10691
002353_lcam_front_lidar.ply/002353_lcam_front_lidar.ply,0.25,200,0.8,0.56005,-0.02979,2354,0.01364,0.98133,0.14406
002354_lcam_front_lidar.ply/002354_lcam_front_lidar.ply,0.25,200,0.8,0.64337,0.02658,2355,0.01338,0.9965,0.07492
002355_lcam_front_lidar.ply/002355_lcam_front_lidar.ply,0.25,200,0.8,1.03866,-0.00209,2356,0.0135,0.99798,0.05978
002356_lcam_front_lidar.ply/002356_lcam_front_lidar.ply,0.25,200,0.8,0.668,-0.02799,2357,0.01336,0.99488,0.09454
002357_lcam_front_lidar.ply/002357_lcam_front_lidar.ply,0.25,200,0.8,1.07523,-0.00981,2358,0.01341,0.99509,0.09435
002358_lcam_front_lidar.ply/002358_lcam_front_lidar.ply,0.25,200,0.8,0.55972,-0.00152,2359,0.0133,0.99676,0.07765
002359_lcam_front_lidar.ply/002359_lcam_front_lidar.ply,0.25,200,0.8,0.82496,0.00721,2360,0.01323,0.99903,0.04378
002360_lcam_front_lidar.ply/002360_lcam_front_lidar.ply,0.25,200,0.8,0.57365,-0.12817,2361,0.01775,0.96616,0.27929
002361_lcam_front_lidar.ply/002361_lcam_front_lidar.ply,0.25,200,0.8,0.96316,0.12116,2362,0.0062,0.99887,0.00369
002362_lcam_front_lidar.ply/002362_lcam_front_lidar.ply,0.25,200,0.8,0.43466,-0.00861,2363,0.00621,0.99987,0.00122
002363_lcam_front_lidar.ply/002363_lcam_front_lidar.ply,0.25,200,0.8,0.6082,-0.00695,2364,0.01307,0.99996,0.00888
002364_lcam_front_lidar.ply/002364_lcam_front_lidar.ply,0.25,200,0.8,0.42575,-0.02457,2365,0.00918,0.99872,0.02987
002365_lcam_front_lidar.ply/002365_lcam_front_lidar.ply,0.25,200,0.8,0.5215,0.00025,2366,0.00631,0.99887,0.00365
002366_lcam_front_lidar.ply/002366_lcam_front_lidar.ply,0.25,200,0.8,0.68301,-0.02023,2367,0.00918,0.99883,0.02984
002367_lcam_front_lidar.ply/002367_lcam_front_lidar.ply,0.25,200,0.8,0.61749,0.00023,2368,0.00625,0.99887,0.00352
002368_lcam_front_lidar.ply/002368_lcam_front_lidar.ply,0.25,200,0.8,0.54697,-0.01005,2369,0.00618,0.99887,0.0035
002369_lcam_front_lidar.ply/002369_lcam_front_lidar.ply,0.25,200,0.8,0.51228,-0.01415,2370,0.00915,0.99963,0.01796
002370_lcam_front_lidar.ply/002370_lcam_front_lidar.ply,0.25,200,0.8,0.5275,-0.00438,2371,0.00634,0.99987,0.00117
002371_lcam_front_lidar.ply/002371_lcam_front_lidar.ply,0.25,200,0.8,0.56644,-0.00995,2372,0.00638,0.99987,0.00116
002372_lcam_front_lidar.ply/002372_lcam_front_lidar.ply,0.25,200,0.8,0.62366,-0.00936,2373,0.00941,0.99996,0.00596
002373_lcam_front_lidar.ply/002373_lcam_front_lidar.ply,0.25,200,0.8,0.6042,-0.01039,2374,0.00663,0.99987,0.00117
002374_lcam_front_lidar.ply/002374_lcam_front_lidar.ply,0.25,200,0.8,0.53534,-0.00995,2375,0.00668,0.99987,0.00116
002375_lcam_front_lidar.ply/002375_lcam_front_lidar.ply,0.25,200,0.8,0.58569,-0.00998,2376,0.0067,0.99987,0.00116
002376_lcam_front_lidar.ply/002376_lcam_front_lidar.ply,0.25,200,0.8,0.62675,-0.00993,2377,0.00678,0.99987,0.00116
002377_lcam_front_lidar.ply/002377_lcam_front_lidar.ply,0.25,200,0.8,0.54246,-0.0215,2378,0.00963,0.99897,0.0296
002378_lcam_front_lidar.ply/002378_lcam_front_lidar.ply,0.25,200,0.8,0.56964,0.00162,2379,0.0069,0.99987,0.00117
002379_lcam_front_lidar.ply/002379_lcam_front_lidar.ply,0.25,200,0.8,0.62415,-0.01008,2380,0.00681,0.99987,0.00116
002380_lcam_front_lidar.ply/002380_lcam_front_lidar.ply,0.25,200,0.8,0.55958,-0.01009,2381,0.00673,0.99987,0.00116
002381_lcam_front_lidar.ply/002381_lcam_front_lidar.ply,0.25,200,0.8,0.45993,-0.01003,2382,0.00669,0.99987,0.00115
002382_lcam_front_lidar.ply/002382_lcam_front_lidar.ply,0.25,200,0.8,0.55311,-0.01555,2383,0.00943,0.99949,0.0176
002383_lcam_front_lidar.ply/002383_lcam_front_lidar.ply,0.25,200,0.8,0.52245,-0.01612,2384,0.0096,0.99908,0.03006
002384_lcam_front_lidar.ply/002384_lcam_front_lidar.ply,0.25,200,0.8,0.51958,-0.01013,2385,0.00944,0.99898,0.02997
002385_lcam_front_lidar.ply/002385_lcam_front_lidar.ply,0.25,200,0.8,0.59437,0.00149,2386,0.00641,0.99987,0.00119
002386_lcam_front_lidar.ply/002386_lcam_front_lidar.ply,0.25,200,0.8,0.5908,-0.0101,2387,0.0063,0.99987,0.00117
002387_lcam_front_lidar.ply/002387_lcam_front_lidar.ply,0.25,200,0.8,0.59865,-0.01004,2388,0.00626,0.99987,0.00118
002388_lcam_front_lidar.ply/002388_lcam_front_lidar.ply,0.25,200,0.8,0.49188,-0.01006,2389,0.0062,0.99987,0.00118
002389_lcam_front_lidar.ply/002389_lcam_front_lidar.ply,0.25,200,0.8,0.68468,-0.00927,2390,0.00933,0.99996,0.00601
002390_lcam_front_lidar.ply/002390_lcam_front_lidar.ply,0.25,200,0.8,0.6213,-0.01006,2391,0.00926,0.99996,0.006
002391_lcam_front_lidar.ply/002391_lcam_front_lidar.ply,0.25,200,0.8,0.57591,-0.01065,2392,0.00623,0.99987,0.00122
002392_lcam_front_lidar.ply/002392_lcam_front_lidar.ply,0.25,200,0.8,0.6861,-0.01011,2393,0.0061,0.99987,0.00118
002393_lcam_front_lidar.ply/002393_lcam_front_lidar.ply,0.25,200,0.8,0.59637,-0.06955,2394,0.02959,0.99913,0.16704
002394_lcam_front_lidar.ply/002394_lcam_front_lidar.ply,0.25,200,0.8,0.59593,-0.08186,2395,0.01905,0.97114,0.28128
002395_lcam_front_lidar.ply/002395_lcam_front_lidar.ply,0.25,200,0.8,0.57865,0.09795,2396,0.01306,0.99809,0.0615
002396_lcam_front_lidar.ply/002396_lcam_front_lidar.ply,0.25,200,0.8,0.46389,-0.00054,2397,0.01339,0.99904,0.04351
002397_lcam_front_lidar.ply/002397_lcam_front_lidar.ply,0.25,200,0.8,0.5018,-0.00336,2398,0.01159,0.99961,0.0268
002398_lcam_front_lidar.ply/002398_lcam_front_lidar.ply,0.25,200,0.8,0.45619,-0.00768,2399,0.01323,0.99964,0.02547
002399_lcam_front_lidar.ply/002399_lcam_front_lidar.ply,0.25,200,0.8,0.3822,-0.02697,2400,0.0132,0.99796,0.05883
002400_lcam_front_lidar.ply/002400_lcam_front_lidar.ply,0.25,200,0.8,0.44844,-0.00115,2401,0.01302,0.99891,0.04107
002401_lcam_front_lidar.ply/002401_lcam_front_lidar.ply,0.25,200,0.8,0.433,-0.00145,2402,0.01297,0.9996,0.02407
002402_lcam_front_lidar.ply/002402_lcam_front_lidar.ply,0.25,200,0.8,0.40591,-0.02623,2403,0.01281,0.99761,0.05561
002403_lcam_front_lidar.ply/002403_lcam_front_lidar.ply,0.25,200,0.8,0.38962,-0.03471,2404,0.01267,0.991,0.10276
002404_lcam_front_lidar.ply/002404_lcam_front_lidar.ply,0.25,200,0.8,0.52743,-0.00908,2405,0.01265,0.99034,0.1007
002405_lcam_front_lidar.ply/002405_lcam_front_lidar.ply,0.25,200,0.8,0.45245,0.00668,2406,0.01252,0.9952,0.06853
002406_lcam_front_lidar.ply/002406_lcam_front_lidar.ply,0.25,200,0.8,0.45892,-0.00103,2407,0.0123,0.99696,0.05069
002407_lcam_front_lidar.ply/002407_lcam_front_lidar.ply,0.25,200,0.8,0.40867,-0.03277,2408,0.01214,0.98864,0.0934
002408_lcam_front_lidar.ply/002408_lcam_front_lidar.ply,0.25,200,0.8,0.41793,0.01366,2409,0.01194,0.99662,0.04809
002409_lcam_front_lidar.ply/002409_lcam_front_lidar.ply,0.25,200,0.8,0.39611,-0.03055,2410,0.01166,0.98737,0.08586
002410_lcam_front_lidar.ply/002410_lcam_front_lidar.ply,0.25,200,0.8,0.33884,-0.01677,2411,0.01155,0.97898,0.09664
002411_lcam_front_lidar.ply/002411_lcam_front_lidar.ply,0.25,200,0.8,0.37882,-0.00065,2412,0.01143,0.98599,0.07981
002412_lcam_front_lidar.ply/002412_lcam_front_lidar.ply,0.25,200,0.8,0.36536,0.0046,2413,0.01112,0.99301,0.05208
002413_lcam_front_lidar.ply/002413_lcam_front_lidar.ply,0.25,200,0.8,0.38354,-0.00846,2414,0.01094,0.99266,0.04853
002414_lcam_front_lidar.ply/002414_lcam_front_lidar.ply,0.25,200,0.8,0.46149,-0.02128,2415,0.01077,0.98385,0.06812
002415_lcam_front_lidar.ply/002415_lcam_front_lidar.ply,0.25,200,0.8,0.38193,-0.0137,2416,0.01057,0.97532,0.07257
002416_lcam_front_lidar.ply/002416_lcam_front_lidar.ply,0.25,200,0.8,0.33698,0.00227,2417,0.01038,0.98733,0.05125
002417_lcam_front_lidar.ply/002417_lcam_front_lidar.ply,0.25,200,0.8,0.42965,-0.01856,2418,0.01016,0.97367,0.06381
002418_lcam_front_lidar.ply/002418_lcam_front_lidar.ply,0.25,200,0.8,0.31953,-0.12307,2419,0.01088,0.99218,0.29696
002419_lcam_front_lidar.ply/002419_lcam_front_lidar.ply,0.25,200,0.8,0.32227,0.12814,2420,0.00921,0.99694,0.01876
002420_lcam_front_lidar.ply/002420_lcam_front_lidar.ply,0.25,200,0.8,0.31203,-0.09804,2421,0.03113,0.98876,0.23623
002421_lcam_front_lidar.ply/002421_lcam_front_lidar.ply,0.25,200,0.8,0.32553,-0.00907,2422,0.03133,0.98989,0.23512
002422_lcam_front_lidar.ply/002422_lcam_front_lidar.ply,0.25,200,0.8,0.34076,-0.00535,2423,0.0317,0.98918,0.22633
002423_lcam_front_lidar.ply/002423_lcam_front_lidar.ply,0.25,200,0.8,0.24459,0.07284,2424,0.00343,0.98312,0.0023
002424_lcam_front_lidar.ply/002424_lcam_front_lidar.ply,0.25,200,0.8,0.28338,-0.11427,2425,0.02501,0.98578,0.2548
002425_lcam_front_lidar.ply/002425_lcam_front_lidar.ply,0.25,200,0.8,0.23345,0.01932,2426,0.01775,0.98936,0.18271
002426_lcam_front_lidar.ply/002426_lcam_front_lidar.ply,0.25,200,0.8,0.25758,0.06984,2427,0.00563,0.99982,0.00192
002427_lcam_front_lidar.ply/002427_lcam_front_lidar.ply,0.25,200,0.8,0.21154,0.06816,2428,0.13081,0.99986,0.09598
002428_lcam_front_lidar.ply/002428_lcam_front_lidar.ply,0.25,200,0.8,0.19289,-0.01137,2429,0.11893,0.99988,0.07496
002429_lcam_front_lidar.ply/002429_lcam_front_lidar.ply,0.25,200,0.8,0.22219,-0.16243,2430,0.01115,0.99449,0.16263
002430_lcam_front_lidar.ply/002430_lcam_front_lidar.ply,0.25,200,0.8,0.21178,0.01156,2431,0.01238,0.98825,0.1201
002431_lcam_front_lidar.ply/002431_lcam_front_lidar.ply,0.25,200,0.8,0.24149,-0.00528,2432,0.01435,0.99981,0.11808
002432_lcam_front_lidar.ply/002432_lcam_front_lidar.ply,0.25,200,0.8,0.18399,0.14454,2433,0.14846,0.99995,0.07727
002433_lcam_front_lidar.ply/002433_lcam_front_lidar.ply,0.25,200,0.8,0.26942,-0.18248,2434,0.01287,0.98288,0.14592
002434_lcam_front_lidar.ply/002434_lcam_front_lidar.ply,0.25,200,0.8,0.15816,-0.01667,2435,0.011,0.91491,0.13513
002435_lcam_front_lidar.ply/002435_lcam_front_lidar.ply,0.25,200,0.8,0.16317,0.06593,2436,0.01031,0.99796,0.0068
002436_lcam_front_lidar.ply/002436_lcam_front_lidar.ply,0.25,200,0.8,0.13244,-0.07286,2437,0.0122,0.99185,0.13449
002437_lcam_front_lidar.ply/002437_lcam_front_lidar.ply,0.25,200,0.8,0.17494,-0.00745,2438,0.01274,0.98964,0.12979
002438_lcam_front_lidar.ply/002438_lcam_front_lidar.ply,0.25,200,0.8,0.21035,-0.00482,2439,0.01374,0.99228,0.12222
002439_lcam_front_lidar.ply/002439_lcam_front_lidar.ply,0.25,200,0.8,0.15758,0.12523,2440,0.13107,0.99998,0.08873
002440_lcam_front_lidar.ply/002440_lcam_front_lidar.ply,0.25,200,0.8,0.12757,0.00368,2441,0.14076,0.99989,0.08071
002441_lcam_front_lidar.ply/002441_lcam_front_lidar.ply,0.25,200,0.8,0.17233,-0.01907,2442,0.1399,0.9998,0.09709
002442_lcam_front_lidar.ply/002442_lcam_front_lidar.ply,0.25,200,0.8,0.15873,-0.01774,2443,0.12361,0.99994,0.08003
002443_lcam_front_lidar.ply/002443_lcam_front_lidar.ply,0.25,200,0.8,0.1772,-0.01536,2444,0.12319,0.99991,0.08989
002444_lcam_front_lidar.ply/002444_lcam_front_lidar.ply,0.25,200,0.8,0.18396,-0.12716,2445,0.00988,0.98387,0.09279
002445_lcam_front_lidar.ply/002445_lcam_front_lidar.ply,0.25,200,0.8,0.19332,-0.00546,2446,0.01094,0.99571,0.08938
002446_lcam_front_lidar.ply/002446_lcam_front_lidar.ply,0.25,200,0.8,0.26122,-0.06869,2447,0.03337,0.98202,0.24752
002447_lcam_front_lidar.ply/002447_lcam_front_lidar.ply,0.25,200,0.8,0.19606,-0.01355,2448,0.03064,0.98099,0.24884
002448_lcam_front_lidar.ply/002448_lcam_front_lidar.ply,0.25,200,0.8,0.22855,0.00283,2449,0.03383,0.97941,0.22908
002449_lcam_front_lidar.ply/002449_lcam_front_lidar.ply,0.25,200,0.8,0.18015,-0.06165,2450,0.03818,0.89547,0.31591
002450_lcam_front_lidar.ply/002450_lcam_front_lidar.ply,0.25,200,0.8,0.19361,0.07976,2451,0.01245,0.99069,0.1135
002451_lcam_front_lidar.ply/002451_lcam_front_lidar.ply,0.25,200,0.8,0.25523,-0.10494,2452,0.03052,0.9916,0.33979
002452_lcam_front_lidar.ply/002452_lcam_front_lidar.ply,0.25,200,0.8,0.19331,0.03835,2453,0.02184,0.97189,0.21981
002453_lcam_front_lidar.ply/002453_lcam_front_lidar.ply,0.25,200,0.8,0.25139,-0.04288,2454,0.0167,0.85202,0.23934
002454_lcam_front_lidar.ply/002454_lcam_front_lidar.ply,0.25,200,0.8,0.23913,0.00857,2455,0.01754,0.94899,0.23296
002455_lcam_front_lidar.ply/002455_lcam_front_lidar.ply,0.25,200,0.8,0.24749,0.06389,2456,0.02864,0.99974,0.12261
002456_lcam_front_lidar.ply/002456_lcam_front_lidar.ply,0.25,200,0.8,0.19273,-0.09031,2457,0.02597,0.98326,0.27295
002457_lcam_front_lidar.ply/002457_lcam_front_lidar.ply,0.25,200,0.8,0.17911,-0.03355,2458,0.03593,0.97174,0.33652
002458_lcam_front_lidar.ply/002458_lcam_front_lidar.ply,0.25,200,0.8,0.18732,0.04491,2459,0.02407,0.98836,0.20797
002459_lcam_front_lidar.ply/002459_lcam_front_lidar.ply,0.25,200,0.8,0.19005,-0.02616,2460,0.02013,0.99826,0.23538
002460_lcam_front_lidar.ply/002460_lcam_front_lidar.ply,0.25,200,0.8,0.25175,0.01381,2461,0.03204,0.99616,0.21094
002461_lcam_front_lidar.ply/002461_lcam_front_lidar.ply,0.25,200,0.8,0.20735,0.13359,2462,0.09275,1.0,0.04634
002462_lcam_front_lidar.ply/002462_lcam_front_lidar.ply,0.25,200,0.8,0.20578,-0.22146,2463,0.02463,0.81178,0.27654
002463_lcam_front_lidar.ply/002463_lcam_front_lidar.ply,0.25,200,0.8,0.20631,0.05697,2464,0.01408,0.99616,0.17683
002464_lcam_front_lidar.ply/002464_lcam_front_lidar.ply,0.25,200,0.8,0.21779,-0.03414,2465,0.01493,0.83042,0.17709
002465_lcam_front_lidar.ply/002465_lcam_front_lidar.ply,0.25,200,0.8,0.21253,-0.01635,2466,0.0162,0.92647,0.22113
002466_lcam_front_lidar.ply/002466_lcam_front_lidar.ply,0.25,200,0.8,0.21234,-0.01143,2467,0.01664,0.95248,0.23267
002467_lcam_front_lidar.ply/002467_lcam_front_lidar.ply,0.25,200,0.8,0.2688,0.0307,2468,0.01378,0.9902,0.15689
002468_lcam_front_lidar.ply/002468_lcam_front_lidar.ply,0.25,200,0.8,0.24029,0.02299,2469,0.01003,0.98879,0.08298
002469_lcam_front_lidar.ply/002469_lcam_front_lidar.ply,0.25,200,0.8,0.24132,-0.00301,2470,0.00927,0.98213,0.06548
002470_lcam_front_lidar.ply/002470_lcam_front_lidar.ply,0.25,200,0.8,0.26328,-0.00788,2471,0.00831,0.93933,0.04648
002471_lcam_front_lidar.ply/002471_lcam_front_lidar.ply,0.25,200,0.8,0.22691,-0.02701,2472,0.00915,0.9983,0.09988
002472_lcam_front_lidar.ply/002472_lcam_front_lidar.ply,0.25,200,0.8,0.19057,0.09703,2473,0.09428,0.99998,0.05661
002473_lcam_front_lidar.ply/002473_lcam_front_lidar.ply,0.25,200,0.8,0.21539,-0.0872,2474,0.01053,0.99551,0.04216
002474_lcam_front_lidar.ply/002474_lcam_front_lidar.ply,0.25,200,0.8,0.25413,-0.03171,2475,0.0096,0.9906,0.08225
002475_lcam_front_lidar.ply/002475_lcam_front_lidar.ply,0.25,200,0.8,0.22743,-0.04461,2476,0.00949,0.97811,0.14749
002476_lcam_front_lidar.ply/002476_lcam_front_lidar.ply,0.25,200,0.8,0.24793,0.06159,2477,0.00743,0.99688,0.00582
002477_lcam_front_lidar.ply/002477_lcam_front_lidar.ply,0.25,200,0.8,0.27673,-0.04847,2478,0.00881,0.9901,0.08349
002478_lcam_front_lidar.ply/002478_lcam_front_lidar.ply,0.25,200,0.8,0.30754,0.02822,2479,0.00699,0.99728,0.00558
002479_lcam_front_lidar.ply/002479_lcam_front_lidar.ply,0.25,200,0.8,0.24403,-0.02549,2480,0.00835,0.98608,0.03591
002480_lcam_front_lidar.ply/002480_lcam_front_lidar.ply,0.25,200,0.8,0.33468,-0.00926,2481,0.00839,0.98707,0.0348
002481_lcam_front_lidar.ply/002481_lcam_front_lidar.ply,0.25,200,0.8,0.29873,-0.03025,2482,0.01519,0.99528,0.09138
002482_lcam_front_lidar.ply/002482_lcam_front_lidar.ply,0.25,200,0.8,0.33149,0.01238,2483,0.00792,0.99224,0.03117
002483_lcam_front_lidar.ply/002483_lcam_front_lidar.ply,0.25,200,0.8,0.28577,-0.00988,2484,0.0077,0.99091,0.03009
002484_lcam_front_lidar.ply/002484_lcam_front_lidar.ply,0.25,200,0.8,0.34304,-0.03499,2485,0.01533,0.99953,0.09792
002485_lcam_front_lidar.ply/002485_lcam_front_lidar.ply,0.25,200,0.8,0.39714,-0.08781,2486,0.00874,0.9813,0.23488
002486_lcam_front_lidar.ply/002486_lcam_front_lidar.ply,0.25,200,0.8,0.31751,-0.06265,2487,0.00936,0.92899,0.32573
002487_lcam_front_lidar.ply/002487_lcam_front_lidar.ply,0.25,200,0.8,0.37063,0.15705,2488,0.00622,0.99877,0.00627
002488_lcam_front_lidar.ply/002488_lcam_front_lidar.ply,0.25,200,0.8,0.33243,0.05183,2489,0.08663,1.0,0.04379
002489_lcam_front_lidar.ply/002489_lcam_front_lidar.ply,0.25,200,0.8,0.30953,-0.20435,2490,0.01015,0.90385,0.2507
002490_lcam_front_lidar.ply/002490_lcam_front_lidar.ply,0.25,200,0.8,0.37919,0.04901,2491,0.00891,0.99772,0.15835
002491_lcam_front_lidar.ply/002491_lcam_front_lidar.ply,0.25,200,0.8,0.45944,0.07346,2492,0.04513,0.99998,0.06455
002492_lcam_front_lidar.ply/002492_lcam_front_lidar.ply,0.25,200,0.8,0.4272,-0.07002,2493,0.00787,0.99063,0.10726
002493_lcam_front_lidar.ply/002493_lcam_front_lidar.ply,0.25,200,0.8,0.2823,0.0484,2494,0.05057,1.0,0.07867
002494_lcam_front_lidar.ply/002494_lcam_front_lidar.ply,0.25,200,0.8,0.32447,-0.00731,2495,0.05036,1.0,0.07286
002495_lcam_front_lidar.ply/002495_lcam_front_lidar.ply,0.25,200,0.8,0.32214,-0.04897,2496,0.00806,0.99717,0.06535
002496_lcam_front_lidar.ply/002496_lcam_front_lidar.ply,0.25,200,0.8,0.33837,0.03125,2497,0.05013,1.0,0.06786
002497_lcam_front_lidar.ply/002497_lcam_front_lidar.ply,0.25,200,0.8,0.4014,-0.16111,2498,0.0109,0.87744,0.25483
002498_lcam_front_lidar.ply/002498_lcam_front_lidar.ply,0.25,200,0.8,0.33885,0.12531,2499,0.00627,0.9974,0.01094
002499_lcam_front_lidar.ply/002499_lcam_front_lidar.ply,0.25,200,0.8,0.41561,-0.05735,2500,0.01,0.99906,0.1136
002500_lcam_front_lidar.ply/002500_lcam_front_lidar.ply,0.25,200,0.8,0.40715,0.03728,2501,0.00163,0.9962,0.00145
002501_lcam_front_lidar.ply/002501_lcam_front_lidar.ply,0.25,200,0.8,0.39896,-0.0109,2502,0.006,0.99746,0.01237
002502_lcam_front_lidar.ply/002502_lcam_front_lidar.ply,0.25,200,0.8,0.40103,-0.24371,2503,0.00316,0.98449,0.47021
002503_lcam_front_lidar.ply/002503_lcam_front_lidar.ply,0.25,200,0.8,0.47145,0.05016,2504,0.00413,0.99657,0.35546
002504_lcam_front_lidar.ply/002504_lcam_front_lidar.ply,0.25,200,0.8,0.43741,0.07734,2505,0.00337,0.99581,0.17904
002505_lcam_front_lidar.ply/002505_lcam_front_lidar.ply,0.25,200,0.8,0.39151,-0.1125,2506,0.00362,0.96788,0.37616
002506_lcam_front_lidar.ply/002506_lcam_front_lidar.ply,0.25,200,0.8,0.44501,0.1287,2507,0.00535,0.98367,0.10695
002507_lcam_front_lidar.ply/002507_lcam_front_lidar.ply,0.25,200,0.8,0.44055,-0.06495,2508,0.00379,0.82666,0.16662
002508_lcam_front_lidar.ply/002508_lcam_front_lidar.ply,0.25,200,0.8,0.42525,0.09561,2509,0.00136,0.99608,0.00137
002509_lcam_front_lidar.ply/002509_lcam_front_lidar.ply,0.25,200,0.8,0.41423,-0.11608,2510,0.00499,0.9746,0.21434
002510_lcam_front_lidar.ply/002510_lcam_front_lidar.ply,0.25,200,0.8,0.44299,0.03941,2511,0.00598,0.98449,0.12046
002511_lcam_front_lidar.ply/002511_lcam_front_lidar.ply,0.25,200,0.8,0.45817,0.00164,2512,0.00764,0.99337,0.10317
002512_lcam_front_lidar.ply/002512_lcam_front_lidar.ply,0.25,200,0.8,0.40356,-0.07771,2513,0.00393,0.94971,0.21808
002513_lcam_front_lidar.ply/002513_lcam_front_lidar.ply,0.25,200,0.8,0.41763,0.10333,2514,0.00128,0.99864,0.00079
002514_lcam_front_lidar.ply/002514_lcam_front_lidar.ply,0.25,200,0.8,0.45555,-0.06008,2515,0.00562,0.99027,0.10711
002515_lcam_front_lidar.ply/002515_lcam_front_lidar.ply,0.25,200,0.8,0.45509,-0.18768,2516,0.00617,0.93557,0.44716
002516_lcam_front_lidar.ply/002516_lcam_front_lidar.ply,0.25,200,0.8,0.50275,0.03744,2517,0.00264,0.95968,0.35245
002517_lcam_front_lidar.ply/002517_lcam_front_lidar.ply,0.25,200,0.8,0.44659,0.16492,2518,0.02184,0.99926,0.0529
002518_lcam_front_lidar.ply/002518_lcam_front_lidar.ply,0.25,200,0.8,0.46035,-0.01082,2519,0.02175,0.99924,0.05435
002519_lcam_front_lidar.ply/002519_lcam_front_lidar.ply,0.25,200,0.8,0.44353,-0.03653,2520,0.00646,0.96336,0.06605
002520_lcam_front_lidar.ply/002520_lcam_front_lidar.ply,0.25,200,0.8,0.5082,-0.03022,2521,0.00945,0.98513,0.11901
002521_lcam_front_lidar.ply/002521_lcam_front_lidar.ply,0.25,200,0.8,0.53742,0.01169,2522,0.00633,0.96322,0.06282
002522_lcam_front_lidar.ply/002522_lcam_front_lidar.ply,0.25,200,0.8,0.56351,-0.12081,2523,0.01472,0.99543,0.31088
002523_lcam_front_lidar.ply/002523_lcam_front_lidar.ply,0.25,200,0.8,0.44658,0.12563,2524,0.02059,0.99959,0.05261
002524_lcam_front_lidar.ply/002524_lcam_front_lidar.ply,0.25,200,0.8,0.44923,-0.01042,2525,0.01516,0.99867,0.04231
002525_lcam_front_lidar.ply/002525_lcam_front_lidar.ply,0.25,200,0.8,0.49869,-0.07685,2526,0.00933,0.92231,0.14146
002526_lcam_front_lidar.ply/002526_lcam_front_lidar.ply,0.25,200,0.8,0.60877,-0.11063,2527,0.00385,0.9038,0.3262
002527_lcam_front_lidar.ply/002527_lcam_front_lidar.ply,0.25,200,0.8,0.6053,0.02898,2528,0.00944,0.9814,0.28268
002528_lcam_front_lidar.ply/002528_lcam_front_lidar.ply,0.25,200,0.8,0.64776,0.12431,2529,0.00598,0.99745,0.01197
002529_lcam_front_lidar.ply/002529_lcam_front_lidar.ply,0.25,200,0.8,0.70298,-0.01435,2530,0.00782,0.9884,0.02164
002530_lcam_front_lidar.ply/002530_lcam_front_lidar.ply,0.25,200,0.8,0.77795,-0.00989,2531,0.00824,0.98782,0.02209
002531_lcam_front_lidar.ply/002531_lcam_front_lidar.ply,0.25,200,0.8,0.78212,-0.01007,2532,0.00802,0.98775,0.02176
002532_lcam_front_lidar.ply/002532_lcam_front_lidar.ply,0.25,200,0.8,0.83284,-0.01456,2533,0.0154,0.99881,0.04896
002533_lcam_front_lidar.ply/002533_lcam_front_lidar.ply,0.25,200,0.8,0.77644,-0.00415,2534,0.00731,0.9908,0.01867
002534_lcam_front_lidar.ply/002534_lcam_front_lidar.ply,0.25,200,0.8,0.95256,-0.01668,2535,0.01186,0.99815,0.04333
002535_lcam_front_lidar.ply/002535_lcam_front_lidar.ply,0.25,200,0.8,0.98298,-0.00486,2536,0.01553,0.99835,0.04046
002536_lcam_front_lidar.ply/002536_lcam_front_lidar.ply,0.25,200,0.8,0.87677,-0.16209,2537,0.01698,0.975,0.34053
002537_lcam_front_lidar.ply/002537_lcam_front_lidar.ply,0.25,200,0.8,0.94408,-0.01572,2538,0.01974,0.97505,0.35751
002538_lcam_front_lidar.ply/002538_lcam_front_lidar.ply,0.25,200,0.8,0.81346,0.06616,2539,0.02514,0.99994,0.22345
002539_lcam_front_lidar.ply/002539_lcam_front_lidar.ply,0.25,200,0.8,0.81171,-0.01541,2540,0.00897,0.99592,0.20073
002540_lcam_front_lidar.ply/002540_lcam_front_lidar.ply,0.25,200,0.8,0.78446,0.00637,2541,0.00884,0.99721,0.16812
002541_lcam_front_lidar.ply/002541_lcam_front_lidar.ply,0.25,200,0.8,0.89454,-0.04562,2542,0.01304,0.99713,0.24774
002542_lcam_front_lidar.ply/002542_lcam_front_lidar.ply,0.25,200,0.8,0.86113,0.06813,2543,0.00794,0.96759,0.0724
002543_lcam_front_lidar.ply/002543_lcam_front_lidar.ply,0.25,200,0.8,0.85031,-0.02815,2544,0.00848,0.95548,0.10615
002544_lcam_front_lidar.ply/002544_lcam_front_lidar.ply,0.25,200,0.8,0.83568,-0.06636,2545,0.01239,0.98218,0.23469
002545_lcam_front_lidar.ply/002545_lcam_front_lidar.ply,0.25,200,0.8,0.85854,0.01646,2546,0.0097,0.99744,0.18096
002546_lcam_front_lidar.ply/002546_lcam_front_lidar.ply,0.25,200,0.8,0.70254,-0.01292,2547,0.00984,0.99531,0.18645
002547_lcam_front_lidar.ply/002547_lcam_front_lidar.ply,0.25,200,0.8,0.95934,-0.06501,2548,0.01156,0.80575,0.24303
002548_lcam_front_lidar.ply/002548_lcam_front_lidar.ply,0.25,200,0.8,0.89396,0.04261,2549,0.01279,0.99802,0.19795
002549_lcam_front_lidar.ply/002549_lcam_front_lidar.ply,0.25,200,0.8,0.92521,0.00927,2550,0.01115,0.99926,0.15651
002550_lcam_front_lidar.ply/002550_lcam_front_lidar.ply,0.25,200,0.8,1.02321,-0.04328,2551,0.00949,0.98569,0.21568
002551_lcam_front_lidar.ply/002551_lcam_front_lidar.ply,0.25,200,0.8,0.88488,0.00737,2552,0.01207,0.99934,0.1902
002552_lcam_front_lidar.ply/002552_lcam_front_lidar.ply,0.25,200,0.8,1.02272,-0.05916,2553,0.0072,0.96115,0.26732
002553_lcam_front_lidar.ply/002553_lcam_front_lidar.ply,0.25,200,0.8,1.01016,0.0782,2554,0.02049,0.99948,0.129
002554_lcam_front_lidar.ply/002554_lcam_front_lidar.ply,0.25,200,0.8,1.02698,0.02177,2555,0.01486,0.99891,0.05402
002555_lcam_front_lidar.ply/002555_lcam_front_lidar.ply,0.25,200,0.8,0.94804,-0.00572,2556,0.01508,0.99866,0.04582
002556_lcam_front_lidar.ply/002556_lcam_front_lidar.ply,0.25,200,0.8,0.96093,-0.19422,2557,0.01352,0.8564,0.36847
002557_lcam_front_lidar.ply/002557_lcam_front_lidar.ply,0.25,200,0.8,1.00706,0.17014,2558,0.01094,0.99846,0.04566
002558_lcam_front_lidar.ply/002558_lcam_front_lidar.ply,0.25,200,0.8,0.82716,-0.00815,2559,0.01076,0.99922,0.04182
002559_lcam_front_lidar.ply/002559_lcam_front_lidar.ply,0.25,200,0.8,0.84549,-0.16936,2560,0.0104,0.98199,0.35464
002560_lcam_front_lidar.ply/002560_lcam_front_lidar.ply,0.25,200,0.8,0.79348,0.14502,2561,0.01343,0.99902,0.05577
002561_lcam_front_lidar.ply/002561_lcam_front_lidar.ply,0.25,200,0.8,0.69836,-0.0098,2562,0.01453,0.99942,0.0577
002562_lcam_front_lidar.ply/002562_lcam_front_lidar.ply,0.25,200,0.8,0.69758,-0.00631,2563,0.01448,0.99989,0.05035
002563_lcam_front_lidar.ply/002563_lcam_front_lidar.ply,0.25,200,0.8,0.65348,-0.00703,2564,0.01467,0.99999,0.04482
002564_lcam_front_lidar.ply/002564_lcam_front_lidar.ply,0.25,200,0.8,0.77344,-0.1717,2565,0.01728,0.89174,0.34096
002565_lcam_front_lidar.ply/002565_lcam_front_lidar.ply,0.25,200,0.8,0.68955,0.14437,2566,0.00573,0.94359,0.02467
002566_lcam_front_lidar.ply/002566_lcam_front_lidar.ply,0.25,200,0.8,0.65234,-0.14677,2567,0.01626,0.90978,0.30915
002567_lcam_front_lidar.ply/002567_lcam_front_lidar.ply,0.25,200,0.8,0.62123,0.1344,2568,0.01545,0.9992,0.04555
002568_lcam_front_lidar.ply/002568_lcam_front_lidar.ply,0.25,200,0.8,0.65763,-0.01016,2569,0.01672,0.99907,0.04837
002569_lcam_front_lidar.ply/002569_lcam_front_lidar.ply,0.25,200,0.8,0.69618,-0.0172,2570,0.00652,0.95288,0.02851
002570_lcam_front_lidar.ply/002570_lcam_front_lidar.ply,0.25,200,0.8,0.65003,-0.07287,2571,0.0122,0.994,0.17795
002571_lcam_front_lidar.ply/002571_lcam_front_lidar.ply,0.25,200,0.8,0.56651,0.05729,2572,0.02279,0.99941,0.06617
002572_lcam_front_lidar.ply/002572_lcam_front_lidar.ply,0.25,200,0.8,0.53722,-0.0373,2573,0.01359,0.99976,0.10248
002573_lcam_front_lidar.ply/002573_lcam_front_lidar.ply,0.25,200,0.8,0.58212,-0.13732,2574,0.01017,0.87843,0.31388
002574_lcam_front_lidar.ply/002574_lcam_front_lidar.ply,0.25,200,0.8,0.52414,0.05248,2575,0.0093,0.99941,0.22346
002575_lcam_front_lidar.ply/002575_lcam_front_lidar.ply,0.25,200,0.8,0.51928,0.05544,2576,0.00545,0.99461,0.08345
002576_lcam_front_lidar.ply/002576_lcam_front_lidar.ply,0.25,200,0.8,0.60313,0.00686,2577,0.00843,0.99685,0.05636
002577_lcam_front_lidar.ply/002577_lcam_front_lidar.ply,0.25,200,0.8,0.65917,-0.07877,2578,0.00649,0.99803,0.19038
002578_lcam_front_lidar.ply/002578_lcam_front_lidar.ply,0.25,200,0.8,0.6387,0.00199,2579,0.01052,0.99273,0.17288
002579_lcam_front_lidar.ply/002579_lcam_front_lidar.ply,0.25,200,0.8,0.66903,-0.10901,2580,0.01192,0.90511,0.34741
002580_lcam_front_lidar.ply/002580_lcam_front_lidar.ply,0.25,200,0.8,0.66962,0.15899,2581,0.00745,0.99786,0.02833
002581_lcam_front_lidar.ply/002581_lcam_front_lidar.ply,0.25,200,0.8,0.62364,-0.04667,2582,0.00679,0.99927,0.10075
002582_lcam_front_lidar.ply/002582_lcam_front_lidar.ply,0.25,200,0.8,0.58165,-0.07836,2583,0.01244,0.99775,0.24833
002583_lcam_front_lidar.ply/002583_lcam_front_lidar.ply,0.25,200,0.8,0.56029,0.16412,2584,0.09267,0.99996,0.06121
002584_lcam_front_lidar.ply/002584_lcam_front_lidar.ply,0.25,200,0.8,0.61649,-0.22189,2585,0.01142,0.80177,0.26302
002585_lcam_front_lidar.ply/002585_lcam_front_lidar.ply,0.25,200,0.8,0.55895,-0.05358,2586,0.01513,0.83149,0.36653
002586_lcam_front_lidar.ply/002586_lcam_front_lidar.ply,0.25,200,0.8,0.57337,0.18848,2587,0.00731,0.99974,0.0044
002587_lcam_front_lidar.ply/002587_lcam_front_lidar.ply,0.25,200,0.8,0.54416,-0.17682,2588,0.01411,0.81048,0.29487
002588_lcam_front_lidar.ply/002588_lcam_front_lidar.ply,0.25,200,0.8,0.7081,0.07597,2589,0.01378,0.99826,0.17858
002589_lcam_front_lidar.ply/002589_lcam_front_lidar.ply,0.25,200,0.8,0.5544,0.00133,2590,0.01283,0.9993,0.15434
002590_lcam_front_lidar.ply/002590_lcam_front_lidar.ply,0.25,200,0.8,0.59856,-0.02028,2591,0.01028,0.84129,0.12239
002591_lcam_front_lidar.ply/002591_lcam_front_lidar.ply,0.25,200,0.8,0.68867,0.06842,2592,0.00459,0.99988,0.00175
002592_lcam_front_lidar.ply/002592_lcam_front_lidar.ply,0.25,200,0.8,0.54956,-0.01045,2593,0.00639,0.99982,0.00623
002593_lcam_front_lidar.ply/002593_lcam_front_lidar.ply,0.25,200,0.8,0.5544,-0.13798,2594,0.00929,0.80137,0.20845
002594_lcam_front_lidar.ply/002594_lcam_front_lidar.ply,0.25,200,0.8,0.57496,0.07691,2595,0.00854,0.97844,0.08625
002595_lcam_front_lidar.ply/002595_lcam_front_lidar.ply,0.25,200,0.8,0.62703,-0.00904,2596,0.01496,0.99481,0.10206
002596_lcam_front_lidar.ply/002596_lcam_front_lidar.ply,0.25,200,0.8,0.57827,-0.01469,2597,0.01451,0.99541,0.11074
002597_lcam_front_lidar.ply/002597_lcam_front_lidar.ply,0.25,200,0.8,0.68784,-0.01763,2598,0.01316,0.99605,0.1235
002598_lcam_front_lidar.ply/002598_lcam_front_lidar.ply,0.25,200,0.8,0.67995,-0.00683,2599,0.01178,0.99486,0.11402
002599_lcam_front_lidar.ply/002599_lcam_front_lidar.ply,0.25,200,0.8,0.61278,-0.02859,2600,0.01307,0.9927,0.15312
002600_lcam_front_lidar.ply/002600_lcam_front_lidar.ply,0.25,200,0.8,0.54688,-0.06949,2601,0.01322,0.90744,0.24683
002601_lcam_front_lidar.ply/002601_lcam_front_lidar.ply,0.25,200,0.8,0.57618,0.11501,2602,0.00266,0.99597,0.00226
002602_lcam_front_lidar.ply/002602_lcam_front_lidar.ply,0.25,200,0.8,0.47595,-0.09644,2603,0.01042,0.98955,0.18873
002603_lcam_front_lidar.ply/002603_lcam_front_lidar.ply,0.25,200,0.8,0.53842,0.0098,2604,0.00828,0.99075,0.14521
002604_lcam_front_lidar.ply/002604_lcam_front_lidar.ply,0.25,200,0.8,0.42216,0.05651,2605,0.0349,0.99994,0.06818
002605_lcam_front_lidar.ply/002605_lcam_front_lidar.ply,0.25,200,0.8,0.41723,-0.02754,2606,0.00686,0.98139,0.04162
002606_lcam_front_lidar.ply/002606_lcam_front_lidar.ply,0.25,200,0.8,0.43736,-0.06416,2607,0.01332,0.96552,0.1581
002607_lcam_front_lidar.ply/002607_lcam_front_lidar.ply,0.25,200,0.8,0.45474,-0.01038,2608,0.01235,0.99779,0.1666
002608_lcam_front_lidar.ply/002608_lcam_front_lidar.ply,0.25,200,0.8,0.45397,0.04505,2609,0.00696,0.97905,0.04009
002609_lcam_front_lidar.ply/002609_lcam_front_lidar.ply,0.25,200,0.8,0.38813,-0.02564,2610,0.00812,0.96367,0.06909
002610_lcam_front_lidar.ply/002610_lcam_front_lidar.ply,0.25,200,0.8,0.44498,0.02137,2611,0.00268,0.99292,0.00424
002611_lcam_front_lidar.ply/002611_lcam_front_lidar.ply,0.25,200,0.8,0.4332,0.00389,2612,0.04082,0.99993,0.05483
002612_lcam_front_lidar.ply/002612_lcam_front_lidar.ply,0.25,200,0.8,0.41741,-0.01112,2613,0.03996,0.99993,0.05535
002613_lcam_front_lidar.ply/002613_lcam_front_lidar.ply,0.25,200,0.8,0.43755,-0.04763,2614,0.00662,0.99406,0.06218
002614_lcam_front_lidar.ply/002614_lcam_front_lidar.ply,0.25,200,0.8,0.53816,-0.14131,2615,0.00373,0.95292,0.30666
002615_lcam_front_lidar.ply/002615_lcam_front_lidar.ply,0.25,200,0.8,0.50264,0.03747,2616,0.01423,0.87832,0.21035
002616_lcam_front_lidar.ply/002616_lcam_front_lidar.ply,0.25,200,0.8,0.53338,0.10264,2617,0.00516,0.99986,0.0034
002617_lcam_front_lidar.ply/002617_lcam_front_lidar.ply,0.25,200,0.8,0.54241,-0.00857,2618,0.03149,0.99989,0.05319
002618_lcam_front_lidar.ply/002618_lcam_front_lidar.ply,0.25,200,0.8,0.52834,-0.00533,2619,0.03799,0.99995,0.05687
002619_lcam_front_lidar.ply/002619_lcam_front_lidar.ply,0.25,200,0.8,0.56258,-0.01483,2620,0.03106,0.99989,0.05264
002620_lcam_front_lidar.ply/002620_lcam_front_lidar.ply,0.25,200,0.8,0.49089,-0.00482,2621,0.03896,0.99997,0.05809
002621_lcam_front_lidar.ply/002621_lcam_front_lidar.ply,0.25,200,0.8,0.62205,-0.13009,2622,0.00605,0.9984,0.23198
002622_lcam_front_lidar.ply/002622_lcam_front_lidar.ply,0.25,200,0.8,0.57349,-0.03405,2623,0.00671,0.89246,0.24962
002623_lcam_front_lidar.ply/002623_lcam_front_lidar.ply,0.25,200,0.8,0.49051,0.11198,2624,0.00529,0.93991,0.01705
002624_lcam_front_lidar.ply/002624_lcam_front_lidar.ply,0.25,200,0.8,0.41746,-0.03846,2625,0.00766,0.88935,0.06353
002625_lcam_front_lidar.ply/002625_lcam_front_lidar.ply,0.25,200,0.8,0.42177,0.06928,2626,0.07165,0.99997,0.06613
002626_lcam_front_lidar.ply/002626_lcam_front_lidar.ply,0.25,200,0.8,0.47509,-0.09192,2627,0.00785,0.93579,0.08313
002627_lcam_front_lidar.ply/002627_lcam_front_lidar.ply,0.25,200,0.8,0.43062,0.08295,2628,0.08046,0.99997,0.06172
002628_lcam_front_lidar.ply/002628_lcam_front_lidar.ply,0.25,200,0.8,0.51822,-0.17542,2629,0.00173,0.87805,0.19852
002629_lcam_front_lidar.ply/002629_lcam_front_lidar.ply,0.25,200,0.8,0.4479,0.10435,2630,0.00757,0.9868,0.01414
002630_lcam_front_lidar.ply/002630_lcam_front_lidar.ply,0.25,200,0.8,0.47448,-0.00903,2631,0.0076,0.99779,0.01556
002631_lcam_front_lidar.ply/002631_lcam_front_lidar.ply,0.25,200,0.8,0.42521,-0.00516,2632,0.01245,0.99976,0.01619
002632_lcam_front_lidar.ply/002632_lcam_front_lidar.ply,0.25,200,0.8,0.38446,-0.01056,2633,0.00804,0.9975,0.0078
002633_lcam_front_lidar.ply/002633_lcam_front_lidar.ply,0.25,200,0.8,0.37883,0.04516,2634,0.08784,0.99996,0.05781
002634_lcam_front_lidar.ply/002634_lcam_front_lidar.ply,0.25,200,0.8,0.43044,-0.29196,2635,0.0069,0.90743,0.43212
002635_lcam_front_lidar.ply/002635_lcam_front_lidar.ply,0.25,200,0.8,0.43324,0.08157,2636,0.01061,0.88862,0.25075
002636_lcam_front_lidar.ply/002636_lcam_front_lidar.ply,0.25,200,0.8,0.31126,0.17758,2637,0.08494,0.99996,0.05765
002637_lcam_front_lidar.ply/002637_lcam_front_lidar.ply,0.25,200,0.8,0.41125,-0.01087,2638,0.08297,0.99996,0.05545
002638_lcam_front_lidar.ply/002638_lcam_front_lidar.ply,0.25,200,0.8,0.38756,-0.00907,2639,0.08513,0.99997,0.0579
002639_lcam_front_lidar.ply/002639_lcam_front_lidar.ply,0.25,200,0.8,0.36762,-0.09252,2640,0.00722,0.9996,0.06701
002640_lcam_front_lidar.ply/002640_lcam_front_lidar.ply,0.25,200,0.8,0.41409,0.00385,2641,0.00722,0.99841,0.03895
002641_lcam_front_lidar.ply/002641_lcam_front_lidar.ply,0.25,200,0.8,0.38737,0.06657,2642,0.09428,0.99996,0.06039
002642_lcam_front_lidar.ply/002642_lcam_front_lidar.ply,0.25,200,0.8,0.34834,-0.07758,2643,0.00606,0.99688,0.01818
002643_lcam_front_lidar.ply/002643_lcam_front_lidar.ply,0.25,200,0.8,0.3808,0.0605,2644,0.09611,0.99996,0.05821
002644_lcam_front_lidar.ply/002644_lcam_front_lidar.ply,0.25,200,0.8,0.33062,-0.08051,2645,0.00911,0.99641,0.02417
002645_lcam_front_lidar.ply/002645_lcam_front_lidar.ply,0.25,200,0.8,0.41316,-0.04787,2646,0.00972,0.99748,0.10146
002646_lcam_front_lidar.ply/002646_lcam_front_lidar.ply,0.25,200,0.8,0.44836,-0.07717,2647,0.01316,0.97498,0.23594
002647_lcam_front_lidar.ply/002647_lcam_front_lidar.ply,0.25,200,0.8,0.43419,0.16074,2648,0.09038,0.99996,0.0564
002648_lcam_front_lidar.ply/002648_lcam_front_lidar.ply,0.25,200,0.8,0.42052,-0.17816,2649,0.01372,0.98884,0.23607
002649_lcam_front_lidar.ply/002649_lcam_front_lidar.ply,0.25,200,0.8,0.47082,0.04976,2650,0.0094,0.98707,0.10737
002650_lcam_front_lidar.ply/002650_lcam_front_lidar.ply,0.25,200,0.8,0.41081,0.09009,2651,0.08835,1.0,0.06896
002651_lcam_front_lidar.ply/002651_lcam_front_lidar.ply,0.25,200,0.8,0.37017,-0.08945,2652,0.00753,0.97905,0.05995
002652_lcam_front_lidar.ply/002652_lcam_front_lidar.ply,0.25,200,0.8,0.42366,-0.01836,2653,0.00663,0.99972,0.08107
002653_lcam_front_lidar.ply/002653_lcam_front_lidar.ply,0.25,200,0.8,0.36819,0.02783,2654,0.00924,0.99968,0.01062
002654_lcam_front_lidar.ply/002654_lcam_front_lidar.ply,0.25,200,0.8,0.35557,-0.10215,2655,0.01117,0.9991,0.19861
002655_lcam_front_lidar.ply/002655_lcam_front_lidar.ply,0.25,200,0.8,0.47489,0.08259,2656,0.00712,0.99993,0.00557
002656_lcam_front_lidar.ply/002656_lcam_front_lidar.ply,0.25,200,0.8,0.4714,-0.00979,2657,0.00724,0.99989,0.00538
002657_lcam_front_lidar.ply/002657_lcam_front_lidar.ply,0.25,200,0.8,0.41757,-0.10042,2658,0.00842,0.98605,0.18442
002658_lcam_front_lidar.ply/002658_lcam_front_lidar.ply,0.25,200,0.8,0.46579,0.01103,2659,0.00777,0.99099,0.14257
002659_lcam_front_lidar.ply/002659_lcam_front_lidar.ply,0.25,200,0.8,0.39723,0.05956,2660,0.00955,0.99959,0.00959
002660_lcam_front_lidar.ply/002660_lcam_front_lidar.ply,0.25,200,0.8,0.44424,-0.0101,2661,0.00725,0.99974,0.00523
002661_lcam_front_lidar.ply/002661_lcam_front_lidar.ply,0.25,200,0.8,0.47256,-0.00982,2662,0.01206,0.99965,0.01446
002662_lcam_front_lidar.ply/002662_lcam_front_lidar.ply,0.25,200,0.8,0.44751,-0.0175,2663,0.00746,0.99173,0.01787
002663_lcam_front_lidar.ply/002663_lcam_front_lidar.ply,0.25,200,0.8,0.39906,0.03234,2664,0.07018,0.99995,0.06108
002664_lcam_front_lidar.ply/002664_lcam_front_lidar.ply,0.25,200,0.8,0.44752,-0.08555,2665,0.00742,0.99178,0.08423
002665_lcam_front_lidar.ply/002665_lcam_front_lidar.ply,0.25,200,0.8,0.41739,0.06136,2666,0.06898,0.99993,0.06706
002666_lcam_front_lidar.ply/002666_lcam_front_lidar.ply,0.25,200,0.8,0.48018,-0.0039,2667,0.07306,0.99998,0.06302
002667_lcam_front_lidar.ply/002667_lcam_front_lidar.ply,0.25,200,0.8,0.4305,-0.01848,2668,0.06561,0.99995,0.06508
002668_lcam_front_lidar.ply/002668_lcam_front_lidar.ply,0.25,200,0.8,0.49514,0.001,2669,0.07569,0.99996,0.06324
002669_lcam_front_lidar.ply/002669_lcam_front_lidar.ply,0.25,200,0.8,0.50966,-0.01775,2670,0.07809,0.99996,0.08355
002670_lcam_front_lidar.ply/002670_lcam_front_lidar.ply,0.25,200,0.8,0.36518,0.01458,2671,0.09957,0.99995,0.07734
002671_lcam_front_lidar.ply/002671_lcam_front_lidar.ply,0.25,200,0.8,0.49766,-0.06633,2672,0.00991,0.99896,0.01038
002672_lcam_front_lidar.ply/002672_lcam_front_lidar.ply,0.25,200,0.8,0.49794,-0.11164,2673,0.00945,0.98179,0.20758
002673_lcam_front_lidar.ply/002673_lcam_front_lidar.ply,0.25,200,0.8,0.49835,-0.01219,2674,0.01374,0.99576,0.22473
002674_lcam_front_lidar.ply/002674_lcam_front_lidar.ply,0.25,200,0.8,0.39632,-0.01566,2675,0.0166,0.99025,0.24011
002675_lcam_front_lidar.ply/002675_lcam_front_lidar.ply,0.25,200,0.8,0.28569,0.00127,2676,0.01787,0.98336,0.21806
002676_lcam_front_lidar.ply/002676_lcam_front_lidar.ply,0.25,200,0.8,0.35456,-0.02667,2677,0.0174,0.98368,0.25057
002677_lcam_front_lidar.ply/002677_lcam_front_lidar.ply,0.25,200,0.8,0.37067,0.06641,2678,0.00946,0.99768,0.08605
002678_lcam_front_lidar.ply/002678_lcam_front_lidar.ply,0.25,200,0.8,0.51189,-0.06251,2679,0.01583,0.9256,0.18218
002679_lcam_front_lidar.ply/002679_lcam_front_lidar.ply,0.25,200,0.8,0.31701,0.08356,2680,0.05199,0.99968,0.08961
002680_lcam_front_lidar.ply/002680_lcam_front_lidar.ply,0.25,200,0.8,0.3648,-0.12986,2681,0.01953,0.96409,0.25375
002681_lcam_front_lidar.ply/002681_lcam_front_lidar.ply,0.25,200,0.8,0.36098,0.01015,2682,0.01826,0.91235,0.19539
002682_lcam_front_lidar.ply/002682_lcam_front_lidar.ply,0.25,200,0.8,0.31499,0.08194,2683,0.00476,0.97718,0.00396
002683_lcam_front_lidar.ply/002683_lcam_front_lidar.ply,0.25,200,0.8,0.37916,-0.11302,2684,0.0137,0.95809,0.22216
002684_lcam_front_lidar.ply/002684_lcam_front_lidar.ply,0.25,200,0.8,0.31699,0.10493,2685,0.03893,0.99995,0.05531
002685_lcam_front_lidar.ply/002685_lcam_front_lidar.ply,0.25,200,0.8,0.29954,-0.02873,2686,0.00888,0.9449,0.01616
002686_lcam_front_lidar.ply/002686_lcam_front_lidar.ply,0.25,200,0.8,0.44415,-0.11538,2687,0.01433,0.93273,0.23417
002687_lcam_front_lidar.ply/002687_lcam_front_lidar.ply,0.25,200,0.8,0.3462,0.15002,2688,0.08111,0.99998,0.06787
002688_lcam_front_lidar.ply/002688_lcam_front_lidar.ply,0.25,200,0.8,0.38606,-0.05253,2689,0.00695,0.99976,0.00455
002689_lcam_front_lidar.ply/002689_lcam_front_lidar.ply,0.25,200,0.8,0.44311,-0.00932,2690,0.01024,0.99852,0.00939
002690_lcam_front_lidar.ply/002690_lcam_front_lidar.ply,0.25,200,0.8,0.44135,-0.01023,2691,0.0088,0.99913,0.00715
002691_lcam_front_lidar.ply/002691_lcam_front_lidar.ply,0.25,200,0.8,0.39681,-0.0787,2692,0.01409,0.97161,0.14687
002692_lcam_front_lidar.ply/002692_lcam_front_lidar.ply,0.25,200,0.8,0.41033,0.05192,2693,0.0072,0.99663,0.01677
002693_lcam_front_lidar.ply/002693_lcam_front_lidar.ply,0.25,200,0.8,0.51772,-0.00797,2694,0.00634,0.99763,0.01129
002694_lcam_front_lidar.ply/002694_lcam_front_lidar.ply,0.25,200,0.8,0.49415,-0.07699,2695,0.01544,0.98446,0.15953
002695_lcam_front_lidar.ply/002695_lcam_front_lidar.ply,0.25,200,0.8,0.45097,0.05492,2696,0.00672,0.98937,0.01372
002696_lcam_front_lidar.ply/002696_lcam_front_lidar.ply,0.25,200,0.8,0.43863,-0.00392,2697,0.01217,0.99929,0.01543
002697_lcam_front_lidar.ply/002697_lcam_front_lidar.ply,0.25,200,0.8,0.42846,-0.0089,2698,0.01068,0.999,0.01016
002698_lcam_front_lidar.ply/002698_lcam_front_lidar.ply,0.25,200,0.8,0.42697,-0.01058,2699,0.01036,0.99941,0.0108
002699_lcam_front_lidar.ply/002699_lcam_front_lidar.ply,0.25,200,0.8,0.47013,0.00093,2700,0.04027,0.99996,0.04892
002700_lcam_front_lidar.ply/002700_lcam_front_lidar.ply,0.25,200,0.8,0.43955,-0.06453,2701,0.01682,0.99985,0.11105
002701_lcam_front_lidar.ply/002701_lcam_front_lidar.ply,0.25,200,0.8,0.40209,0.02808,2702,0.02655,0.99978,0.05433
002702_lcam_front_lidar.ply/002702_lcam_front_lidar.ply,0.25,200,0.8,0.4113,-0.01308,2703,0.02537,0.99974,0.05812
002703_lcam_front_lidar.ply/002703_lcam_front_lidar.ply,0.25,200,0.8,0.52573,-0.02724,2704,0.0284,0.99966,0.09862
002704_lcam_front_lidar.ply/002704_lcam_front_lidar.ply,0.25,200,0.8,0.55011,0.01098,2705,0.02777,0.99986,0.05546
002705_lcam_front_lidar.ply/002705_lcam_front_lidar.ply,0.25,200,0.8,0.49219,-0.01231,2706,0.02976,0.99988,0.06408
002706_lcam_front_lidar.ply/002706_lcam_front_lidar.ply,0.25,200,0.8,0.51582,-0.00818,2707,0.02882,0.99994,0.05857
002707_lcam_front_lidar.ply/002707_lcam_front_lidar.ply,0.25,200,0.8,0.50786,-0.04182,2708,0.00751,0.99401,0.07781
002708_lcam_front_lidar.ply/002708_lcam_front_lidar.ply,0.25,200,0.8,0.47905,-0.0221,2709,0.00769,0.99188,0.10173
002709_lcam_front_lidar.ply/002709_lcam_front_lidar.ply,0.25,200,0.8,0.47101,-0.00222,2710,0.01136,0.99693,0.09503
002710_lcam_front_lidar.ply/002710_lcam_front_lidar.ply,0.25,200,0.8,0.43472,0.0318,2711,0.01018,0.99932,0.00978
002711_lcam_front_lidar.ply/002711_lcam_front_lidar.ply,0.25,200,0.8,0.46475,-0.01203,2712,0.01293,0.99943,0.01938
002712_lcam_front_lidar.ply/002712_lcam_front_lidar.ply,0.25,200,0.8,0.46058,-0.00276,2713,0.04979,1.0,0.0788
002713_lcam_front_lidar.ply/002713_lcam_front_lidar.ply,0.25,200,0.8,0.37043,-0.01069,2714,0.03389,0.99983,0.04831
002714_lcam_front_lidar.ply/002714_lcam_front_lidar.ply,0.25,200,0.8,0.43892,-0.01082,2715,0.04827,0.99994,0.07875
002715_lcam_front_lidar.ply/002715_lcam_front_lidar.ply,0.25,200,0.8,0.51272,-0.01417,2716,0.00632,0.99981,0.00314
002716_lcam_front_lidar.ply/002716_lcam_front_lidar.ply,0.25,200,0.8,0.40187,-0.0433,2717,0.00848,0.99882,0.07375
002717_lcam_front_lidar.ply/002717_lcam_front_lidar.ply,0.25,200,0.8,0.46434,0.03785,2718,0.0557,0.99999,0.07284
002718_lcam_front_lidar.ply/002718_lcam_front_lidar.ply,0.25,200,0.8,0.49816,-0.00494,2719,0.06075,0.99999,0.0728
002719_lcam_front_lidar.ply/002719_lcam_front_lidar.ply,0.25,200,0.8,0.36696,-0.06046,2720,0.00913,0.99738,0.0697
002720_lcam_front_lidar.ply/002720_lcam_front_lidar.ply,0.25,200,0.8,0.33987,0.08554,2721,0.10169,0.99997,0.06451
002721_lcam_front_lidar.ply/002721_lcam_front_lidar.ply,0.25,200,0.8,0.38009,0.00235,2722,0.12138,1.0,0.0792
002722_lcam_front_lidar.ply/002722_lcam_front_lidar.ply,0.25,200,0.8,0.35943,-0.08572,2723,0.00827,0.99993,0.00439
002723_lcam_front_lidar.ply/002723_lcam_front_lidar.ply,0.25,200,0.8,0.40473,-0.00915,2724,0.01007,0.99995,0.00632
002724_lcam_front_lidar.ply/002724_lcam_front_lidar.ply,0.25,200,0.8,0.39461,0.05068,2725,0.11239,0.99999,0.0896
002725_lcam_front_lidar.ply/002725_lcam_front_lidar.ply,0.25,200,0.8,0.40856,-0.21225,2726,0.01516,0.8555,0.2563
002726_lcam_front_lidar.ply/002726_lcam_front_lidar.ply,0.25,200,0.8,0.3969,0.18126,2727,0.10636,0.99999,0.09954
002727_lcam_front_lidar.ply/002727_lcam_front_lidar.ply,0.25,200,0.8,0.50161,-0.15532,2728,0.00916,0.99862,0.19536
002728_lcam_front_lidar.ply/002728_lcam_front_lidar.ply,0.25,200,0.8,0.52884,-0.06342,2729,0.01254,0.93505,0.2899
002729_lcam_front_lidar.ply/002729_lcam_front_lidar.ply,0.25,200,0.8,0.48799,-0.00528,2730,0.01273,0.92186,0.27688
002730_lcam_front_lidar.ply/002730_lcam_front_lidar.ply,0.25,200,0.8,0.64948,0.13128,2731,0.00651,0.99949,0.00518
002731_lcam_front_lidar.ply/002731_lcam_front_lidar.ply,0.25,200,0.8,0.64987,-0.11181,2732,0.00922,0.99744,0.2136
002732_lcam_front_lidar.ply/002732_lcam_front_lidar.ply,0.25,200,0.8,0.51052,0.08573,2733,0.02088,0.99925,0.04601
002733_lcam_front_lidar.ply/002733_lcam_front_lidar.ply,0.25,200,0.8,0.50935,-0.01062,2734,0.02019,0.99945,0.04592
002734_lcam_front_lidar.ply/002734_lcam_front_lidar.ply,0.25,200,0.8,0.63828,-0.11422,2735,0.00986,0.85117,0.18921
002735_lcam_front_lidar.ply/002735_lcam_front_lidar.ply,0.25,200,0.8,0.5284,0.09632,2736,0.00458,0.9829,0.00553
002736_lcam_front_lidar.ply/002736_lcam_front_lidar.ply,0.25,200,0.8,0.51926,-0.01547,2737,0.01762,0.99994,0.04767
002737_lcam_front_lidar.ply/002737_lcam_front_lidar.ply,0.25,200,0.8,0.59519,-0.0099,2738,0.01738,0.99995,0.047
002738_lcam_front_lidar.ply/002738_lcam_front_lidar.ply,0.25,200,0.8,0.5947,-0.13104,2739,0.01756,0.92558,0.26713
002739_lcam_front_lidar.ply/002739_lcam_front_lidar.ply,0.25,200,0.8,0.64974,0.10643,2740,0.01813,0.99936,0.05755
002740_lcam_front_lidar.ply/002740_lcam_front_lidar.ply,0.25,200,0.8,0.71129,-0.07464,2741,0.0105,0.99801,0.17116
002741_lcam_front_lidar.ply/002741_lcam_front_lidar.ply,0.25,200,0.8,0.73376,-0.04097,2742,0.01236,0.9184,0.21292
002742_lcam_front_lidar.ply/002742_lcam_front_lidar.ply,0.25,200,0.8,0.73777,-0.00904,2743,0.01217,0.91806,0.21052
002743_lcam_front_lidar.ply/002743_lcam_front_lidar.ply,0.25,200,0.8,0.82365,0.02367,2744,0.01272,0.99951,0.16871
002744_lcam_front_lidar.ply/002744_lcam_front_lidar.ply,0.25,200,0.8,0.82957,-0.01341,2745,0.01251,0.99798,0.17464
002745_lcam_front_lidar.ply/002745_lcam_front_lidar.ply,0.25,200,0.8,0.84887,-0.01876,2746,0.01539,0.99795,0.1979
002746_lcam_front_lidar.ply/002746_lcam_front_lidar.ply,0.25,200,0.8,0.83529,-0.054,2747,0.01363,0.93854,0.26456
002747_lcam_front_lidar.ply/002747_lcam_front_lidar.ply,0.25,200,0.8,0.84142,-0.00801,2748,0.01261,0.97156,0.26846
002748_lcam_front_lidar.ply/002748_lcam_front_lidar.ply,0.25,200,0.8,0.88513,-0.06495,2749,0.00754,0.99087,0.37402
002749_lcam_front_lidar.ply/002749_lcam_front_lidar.ply,0.25,200,0.8,0.81415,0.0724,2750,0.01608,0.98803,0.22542
002750_lcam_front_lidar.ply/002750_lcam_front_lidar.ply,0.25,200,0.8,0.8764,-0.01106,2751,0.01504,0.98719,0.22523
002751_lcam_front_lidar.ply/002751_lcam_front_lidar.ply,0.25,200,0.8,0.87788,0.0943,2752,0.00657,0.99957,0.0034
002752_lcam_front_lidar.ply/002752_lcam_front_lidar.ply,0.25,200,0.8,0.77642,-0.14751,2753,0.01465,0.99023,0.29178
002753_lcam_front_lidar.ply/002753_lcam_front_lidar.ply,0.25,200,0.8,0.79732,-0.02381,2754,0.02026,0.99232,0.33123
002754_lcam_front_lidar.ply/002754_lcam_front_lidar.ply,0.25,200,0.8,0.77786,-0.0004,2755,0.01423,0.86607,0.2621
002755_lcam_front_lidar.ply/002755_lcam_front_lidar.ply,0.25,200,0.8,0.83197,0.007,2756,0.01318,0.98482,0.26162
002756_lcam_front_lidar.ply/002756_lcam_front_lidar.ply,0.25,200,0.8,0.82613,-0.01219,2757,0.01416,0.98134,0.26691
002757_lcam_front_lidar.ply/002757_lcam_front_lidar.ply,0.25,200,0.8,0.81472,-0.00853,2758,0.02368,0.99856,0.28818
002758_lcam_front_lidar.ply/002758_lcam_front_lidar.ply,0.25,200,0.8,0.87742,-0.00428,2759,0.01627,0.96951,0.25322
002759_lcam_front_lidar.ply/002759_lcam_front_lidar.ply,0.25,200,0.8,0.8194,-0.05106,2760,0.02497,0.85524,0.31846
002760_lcam_front_lidar.ply/002760_lcam_front_lidar.ply,0.25,200,0.8,0.85295,0.0253,2761,0.01379,0.98717,0.26508
002761_lcam_front_lidar.ply/002761_lcam_front_lidar.ply,0.25,200,0.8,0.96609,0.024,2762,0.02492,0.98576,0.21891
002762_lcam_front_lidar.ply/002762_lcam_front_lidar.ply,0.25,200,0.8,0.96284,-0.06047,2763,0.01134,0.97844,0.2905
002763_lcam_front_lidar.ply/002763_lcam_front_lidar.ply,0.25,200,0.8,0.90382,0.13219,2764,0.00748,0.99986,0.00483
002764_lcam_front_lidar.ply/002764_lcam_front_lidar.ply,0.25,200,0.8,0.88517,-0.11146,2765,0.01392,0.99443,0.21901
002765_lcam_front_lidar.ply/002765_lcam_front_lidar.ply,0.25,200,0.8,0.76447,0.09256,2766,0.00935,0.99986,0.00637
002766_lcam_front_lidar.ply/002766_lcam_front_lidar.ply,0.25,200,0.8,0.63227,-0.10299,2767,0.01142,0.99873,0.19614
002767_lcam_front_lidar.ply/002767_lcam_front_lidar.ply,0.25,200,0.8,0.614,-0.0609,2768,0.01557,0.95297,0.29252
002768_lcam_front_lidar.ply/002768_lcam_front_lidar.ply,0.25,200,0.8,0.55914,0.00635,2769,0.00971,0.97943,0.25605
002769_lcam_front_lidar.ply/002769_lcam_front_lidar.ply,0.25,200,0.8,0.54567,0.03614,2770,0.01065,0.99953,0.17168
002770_lcam_front_lidar.ply/002770_lcam_front_lidar.ply,0.25,200,0.8,0.53651,0.0622,2771,0.00784,0.99934,0.0216
002771_lcam_front_lidar.ply/002771_lcam_front_lidar.ply,0.25,200,0.8,0.51624,-0.18124,2772,0.00251,0.95169,0.33912
002772_lcam_front_lidar.ply/002772_lcam_front_lidar.ply,0.25,200,0.8,0.52398,0.04754,2773,0.00904,0.98464,0.24698
002773_lcam_front_lidar.ply/002773_lcam_front_lidar.ply,0.25,200,0.8,0.59956,0.039,2774,0.01143,0.99931,0.15816
002774_lcam_front_lidar.ply/002774_lcam_front_lidar.ply,0.25,200,0.8,0.57397,0.05398,2775,0.00744,0.9727,0.01424
002775_lcam_front_lidar.ply/002775_lcam_front_lidar.ply,0.25,200,0.8,0.67542,-0.12281,2776,0.00912,0.96546,0.24105
002776_lcam_front_lidar.ply/002776_lcam_front_lidar.ply,0.25,200,0.8,0.68482,0.10553,2777,0.01022,0.99941,0.02239
002777_lcam_front_lidar.ply/002777_lcam_front_lidar.ply,0.25,200,0.8,0.59369,-0.0814,2778,0.00988,0.98116,0.15903
002778_lcam_front_lidar.ply/002778_lcam_front_lidar.ply,0.25,200,0.8,0.51072,-0.01897,2779,0.01429,0.99835,0.19095
002779_lcam_front_lidar.ply/002779_lcam_front_lidar.ply,0.25,200,0.8,0.4182,0.02639,2780,0.01247,0.90042,0.08514
002780_lcam_front_lidar.ply/002780_lcam_front_lidar.ply,0.25,200,0.8,0.43631,-0.0022,2781,0.00894,0.90847,0.06489
002781_lcam_front_lidar.ply/002781_lcam_front_lidar.ply,0.25,200,0.8,0.47683,0.1026,2782,0.10862,0.99999,0.06652
002782_lcam_front_lidar.ply/002782_lcam_front_lidar.ply,0.25,200,0.8,0.36943,-0.01062,2783,0.10611,0.99999,0.06273
002783_lcam_front_lidar.ply/002783_lcam_front_lidar.ply,0.25,200,0.8,0.49363,-0.13829,2784,0.00459,0.99374,0.11439
002784_lcam_front_lidar.ply/002784_lcam_front_lidar.ply,0.25,200,0.8,0.5046,-0.03906,2785,0.0149,0.9945,0.19336
002785_lcam_front_lidar.ply/002785_lcam_front_lidar.ply,0.25,200,0.8,0.46362,-0.01331,2786,0.01645,0.99138,0.20214
002786_lcam_front_lidar.ply/002786_lcam_front_lidar.ply,0.25,200,0.8,0.4643,-0.00574,2787,0.01671,0.988,0.19313
002787_lcam_front_lidar.ply/002787_lcam_front_lidar.ply,0.25,200,0.8,0.4184,-0.01328,2788,0.01535,0.98962,0.19745
002788_lcam_front_lidar.ply/002788_lcam_front_lidar.ply,0.25,200,0.8,0.37083,-0.00434,2789,0.01499,0.98897,0.18522
002789_lcam_front_lidar.ply/002789_lcam_front_lidar.ply,0.25,200,0.8,0.36796,-0.03069,2790,0.01792,0.9859,0.23153
002790_lcam_front_lidar.ply/002790_lcam_front_lidar.ply,0.25,200,0.8,0.37485,-0.02635,2791,0.01911,0.98155,0.26532
002791_lcam_front_lidar.ply/002791_lcam_front_lidar.ply,0.25,200,0.8,0.34005,0.17018,2792,0.0991,0.99996,0.07046
002792_lcam_front_lidar.ply/002792_lcam_front_lidar.ply,0.25,200,0.8,0.39184,-0.16952,2793,0.01822,0.97446,0.22009
002793_lcam_front_lidar.ply/002793_lcam_front_lidar.ply,0.25,200,0.8,0.28995,-0.00666,2794,0.01937,0.96483,0.21281
002794_lcam_front_lidar.ply/002794_lcam_front_lidar.ply,0.25,200,0.8,0.30946,-0.01907,2795,0.01979,0.96261,0.23113
002795_lcam_front_lidar.ply/002795_lcam_front_lidar.ply,0.25,200,0.8,0.32651,-0.01197,2796,0.02191,0.95524,0.23712
002796_lcam_front_lidar.ply/002796_lcam_front_lidar.ply,0.25,200,0.8,0.29165,0.15667,2797,0.0923,0.99999,0.05799
002797_lcam_front_lidar.ply/002797_lcam_front_lidar.ply,0.25,200,0.8,0.3733,-0.1771,2798,0.02389,0.95619,0.24221
002798_lcam_front_lidar.ply/002798_lcam_front_lidar.ply,0.25,200,0.8,0.28894,0.09715,2799,0.0068,0.99832,0.00639
002799_lcam_front_lidar.ply/002799_lcam_front_lidar.ply,0.25,200,0.8,0.32164,-0.10315,2800,0.02198,0.96435,0.21285
002800_lcam_front_lidar.ply/002800_lcam_front_lidar.ply,0.25,200,0.8,0.27912,-0.01697,2801,0.02237,0.97102,0.22957
002801_lcam_front_lidar.ply/002801_lcam_front_lidar.ply,0.25,200,0.8,0.27524,-0.00822,2802,0.02419,0.97473,0.23077
002802_lcam_front_lidar.ply/002802_lcam_front_lidar.ply,0.25,200,0.8,0.2492,-0.02282,2803,0.02611,0.97692,0.2609
002803_lcam_front_lidar.ply/002803_lcam_front_lidar.ply,0.25,200,0.8,0.2932,-0.00417,2804,0.02593,0.98205,0.25042
002804_lcam_front_lidar.ply/002804_lcam_front_lidar.ply,0.25,200,0.8,0.2394,-0.00546,2805,0.02343,0.97914,0.23546
002805_lcam_front_lidar.ply/002805_lcam_front_lidar.ply,0.25,200,0.8,0.32158,-0.00604,2806,0.02308,0.98227,0.22778
002806_lcam_front_lidar.ply/002806_lcam_front_lidar.ply,0.25,200,0.8,0.27022,-0.01236,2807,0.0215,0.98138,0.22907
002807_lcam_front_lidar.ply/002807_lcam_front_lidar.ply,0.25,200,0.8,0.28524,-0.00873,2808,0.02257,0.98348,0.2293
002808_lcam_front_lidar.ply/002808_lcam_front_lidar.ply,0.25,200,0.8,0.32066,-0.00407,2809,0.0243,0.98912,0.22259
002809_lcam_front_lidar.ply/002809_lcam_front_lidar.ply,0.25,200,0.8,0.37208,-0.04242,2810,0.01454,0.97849,0.26472
002810_lcam_front_lidar.ply/002810_lcam_front_lidar.ply,0.25,200,0.8,0.2628,0.01599,2811,0.02069,0.99117,0.22884
002811_lcam_front_lidar.ply/002811_lcam_front_lidar.ply,0.25,200,0.8,0.31726,-0.00158,2812,0.01793,0.99528,0.20772
002812_lcam_front_lidar.ply/002812_lcam_front_lidar.ply,0.25,200,0.8,0.2938,-0.10231,2813,0.01496,0.95624,0.37467
002813_lcam_front_lidar.ply/002813_lcam_front_lidar.ply,0.25,200,0.8,0.3086,0.1717,2814,0.00969,0.99323,0.01184
002814_lcam_front_lidar.ply/002814_lcam_front_lidar.ply,0.25,200,0.8,0.26221,0.07958,2815,0.12309,1.0,0.06151
002815_lcam_front_lidar.ply/002815_lcam_front_lidar.ply,0.25,200,0.8,0.26916,-0.0122,2816,0.12059,0.99998,0.06091
002816_lcam_front_lidar.ply/002816_lcam_front_lidar.ply,0.25,200,0.8,0.32053,-0.01149,2817,0.11734,0.99998,0.05739
002817_lcam_front_lidar.ply/002817_lcam_front_lidar.ply,0.25,200,0.8,0.3113,-0.00294,2818,0.12339,0.99999,0.05536
002818_lcam_front_lidar.ply/002818_lcam_front_lidar.ply,0.25,200,0.8,0.3484,8e-05,2819,0.13662,0.99999,0.06167
002819_lcam_front_lidar.ply/002819_lcam_front_lidar.ply,0.25,200,0.8,0.31501,-0.02085,2820,0.11962,1.0,0.04936
002820_lcam_front_lidar.ply/002820_lcam_front_lidar.ply,0.25,200,0.8,0.41622,0.00157,2821,0.14738,0.99999,0.08174
002821_lcam_front_lidar.ply/002821_lcam_front_lidar.ply,0.25,200,0.8,0.28836,-0.01254,2822,0.15175,0.99999,0.09556
002822_lcam_front_lidar.ply/002822_lcam_front_lidar.ply,0.25,200,0.8,0.27642,0.00743,2823,0.16078,0.99999,0.07876
002823_lcam_front_lidar.ply/002823_lcam_front_lidar.ply,0.25,200,0.8,0.23764,-0.00832,2824,0.16019,1.0,0.07423
002824_lcam_front_lidar.ply/002824_lcam_front_lidar.ply,0.25,200,0.8,0.32618,-0.01436,2825,0.15045,0.99998,0.06346
002825_lcam_front_lidar.ply/002825_lcam_front_lidar.ply,0.25,200,0.8,0.36161,-0.01313,2826,0.14409,0.99998,0.05701
002826_lcam_front_lidar.ply/002826_lcam_front_lidar.ply,0.25,200,0.8,0.35888,-0.17929,2827,0.0107,0.99893,0.12849
002827_lcam_front_lidar.ply/002827_lcam_front_lidar.ply,0.25,200,0.8,0.36945,0.01539,2828,0.02038,0.9994,0.09723
002828_lcam_front_lidar.ply/002828_lcam_front_lidar.ply,0.25,200,0.8,0.42177,-0.01073,2829,0.0191,0.99915,0.09605
002829_lcam_front_lidar.ply/002829_lcam_front_lidar.ply,0.25,200,0.8,0.37011,-0.01548,2830,0.01943,0.99801,0.10732
002830_lcam_front_lidar.ply/002830_lcam_front_lidar.ply,0.25,200,0.8,0.43235,0.0287,2831,0.00736,0.99931,0.00617
002831_lcam_front_lidar.ply/002831_lcam_front_lidar.ply,0.25,200,0.8,0.32539,-0.0095,2832,0.01149,0.99821,0.01311
002832_lcam_front_lidar.ply/002832_lcam_front_lidar.ply,0.25,200,0.8,0.37726,0.10142,2833,0.14219,0.99999,0.05221
002833_lcam_front_lidar.ply/002833_lcam_front_lidar.ply,0.25,200,0.8,0.35705,-0.12139,2834,0.01211,0.99578,0.01358
002834_lcam_front_lidar.ply/002834_lcam_front_lidar.ply,0.25,200,0.8,0.31594,-0.13589,2835,0.0142,0.99916,0.27053
002835_lcam_front_lidar.ply/002835_lcam_front_lidar.ply,0.25,200,0.8,0.40061,0.21443,2836,0.12641,0.99999,0.04636
002836_lcam_front_lidar.ply/002836_lcam_front_lidar.ply,0.25,200,0.8,0.25559,-0.00886,2837,0.12705,0.99999,0.04536
002837_lcam_front_lidar.ply/002837_lcam_front_lidar.ply,0.25,200,0.8,0.39125,-0.00987,2838,0.12842,0.99998,0.04782
002838_lcam_front_lidar.ply/002838_lcam_front_lidar.ply,0.25,200,0.8,0.34867,-0.15864,2839,0.01827,0.99654,0.12379
002839_lcam_front_lidar.ply/002839_lcam_front_lidar.ply,0.25,200,0.8,0.2678,0.14956,2840,0.14604,0.99998,0.06123
002840_lcam_front_lidar.ply/002840_lcam_front_lidar.ply,0.25,200,0.8,0.25348,-0.18714,2841,0.0245,0.99673,0.17146
002841_lcam_front_lidar.ply/002841_lcam_front_lidar.ply,0.25,200,0.8,0.23442,0.16373,2842,0.14531,0.99993,0.06658
002842_lcam_front_lidar.ply/002842_lcam_front_lidar.ply,0.25,200,0.8,0.22204,-0.01234,2843,0.14336,0.99992,0.06737
002843_lcam_front_lidar.ply/002843_lcam_front_lidar.ply,0.25,200,0.8,0.26352,-0.02444,2844,0.12407,0.99995,0.05767
002844_lcam_front_lidar.ply/002844_lcam_front_lidar.ply,0.25,200,0.8,0.22675,-0.007,2845,0.13163,0.99995,0.06679
002845_lcam_front_lidar.ply/002845_lcam_front_lidar.ply,0.25,200,0.8,0.267,-0.05451,2846,0.08655,0.99991,0.06564
002846_lcam_front_lidar.ply/002846_lcam_front_lidar.ply,0.25,200,0.8,0.19197,0.06417,2847,0.15831,0.99994,0.06083
002847_lcam_front_lidar.ply/002847_lcam_front_lidar.ply,0.25,200,0.8,0.22232,-0.09259,2848,0.07868,0.99994,0.06673
002848_lcam_front_lidar.ply/002848_lcam_front_lidar.ply,0.25,200,0.8,0.20157,0.0058,2849,0.09269,0.99985,0.06313
002849_lcam_front_lidar.ply/002849_lcam_front_lidar.ply,0.25,200,0.8,0.20985,-0.02851,2850,0.0722,0.99987,0.05918
002850_lcam_front_lidar.ply/002850_lcam_front_lidar.ply,0.25,200,0.8,0.26553,-0.0181,2851,0.05928,0.99988,0.04953
002851_lcam_front_lidar.ply/002851_lcam_front_lidar.ply,0.25,200,0.8,0.26725,-0.0093,2852,0.05525,0.99993,0.04009
002852_lcam_front_lidar.ply/002852_lcam_front_lidar.ply,0.25,200,0.8,0.3056,0.03221,2853,0.10449,0.99995,0.05415
002853_lcam_front_lidar.ply/002853_lcam_front_lidar.ply,0.25,200,0.8,0.24327,-0.01581,2854,0.10106,0.99992,0.05889
002854_lcam_front_lidar.ply/002854_lcam_front_lidar.ply,0.25,200,0.8,0.26433,-0.01104,2855,0.0975,0.99985,0.05385
002855_lcam_front_lidar.ply/002855_lcam_front_lidar.ply,0.25,200,0.8,0.28374,-0.01224,2856,0.09338,0.99993,0.0501
002856_lcam_front_lidar.ply/002856_lcam_front_lidar.ply,0.25,200,0.8,0.37092,-0.01023,2857,0.09866,0.99997,0.06115
002857_lcam_front_lidar.ply/002857_lcam_front_lidar.ply,0.25,200,0.8,0.3289,-0.07393,2858,0.00947,0.99938,0.01046
002858_lcam_front_lidar.ply/002858_lcam_front_lidar.ply,0.25,200,0.8,0.39688,0.04603,2859,0.08814,0.99997,0.05591
002859_lcam_front_lidar.ply/002859_lcam_front_lidar.ply,0.25,200,0.8,0.37064,-0.06612,2860,0.00563,0.99978,0.00308
002860_lcam_front_lidar.ply/002860_lcam_front_lidar.ply,0.25,200,0.8,0.48105,-0.03285,2861,0.00919,0.98878,0.05261
002861_lcam_front_lidar.ply/002861_lcam_front_lidar.ply,0.25,200,0.8,0.28521,0.08054,2862,0.10198,0.99996,0.06045
002862_lcam_front_lidar.ply/002862_lcam_front_lidar.ply,0.25,200,0.8,0.21873,-0.01114,2863,0.10237,0.99996,0.06351
002863_lcam_front_lidar.ply/002863_lcam_front_lidar.ply,0.25,200,0.8,0.38205,-0.01166,2864,0.10276,0.99997,0.06763
002864_lcam_front_lidar.ply/002864_lcam_front_lidar.ply,0.25,200,0.8,0.30718,-0.02058,2865,0.09297,0.99996,0.0692
002865_lcam_front_lidar.ply/002865_lcam_front_lidar.ply,0.25,200,0.8,0.30394,0.00221,2866,0.10158,0.99994,0.06201
002866_lcam_front_lidar.ply/002866_lcam_front_lidar.ply,0.25,200,0.8,0.40116,-0.01561,2867,0.09788,0.99996,0.06584
002867_lcam_front_lidar.ply/002867_lcam_front_lidar.ply,0.25,200,0.8,0.36613,-0.0089,2868,0.10014,0.99996,0.06814
002868_lcam_front_lidar.ply/002868_lcam_front_lidar.ply,0.25,200,0.8,0.21174,-0.01362,2869,0.09354,0.99992,0.06219
002869_lcam_front_lidar.ply/002869_lcam_front_lidar.ply,0.25,200,0.8,0.2399,-0.02035,2870,0.0818,0.99989,0.05939
002870_lcam_front_lidar.ply/002870_lcam_front_lidar.ply,0.25,200,0.8,0.23995,-0.01034,2871,0.08619,0.99995,0.06887
002871_lcam_front_lidar.ply/002871_lcam_front_lidar.ply,0.25,200,0.8,0.2869,-0.00541,2872,0.09068,0.99993,0.06867
002872_lcam_front_lidar.ply/002872_lcam_front_lidar.ply,0.25,200,0.8,0.26871,-0.01807,2873,0.08488,0.99986,0.0732
002873_lcam_front_lidar.ply/002873_lcam_front_lidar.ply,0.25,200,0.8,0.29,-0.01661,2874,0.086,0.9998,0.08863
002874_lcam_front_lidar.ply/002874_lcam_front_lidar.ply,0.25,200,0.8,0.249,-0.01906,2875,0.08743,0.99964,0.10958
002875_lcam_front_lidar.ply/002875_lcam_front_lidar.ply,0.25,200,0.8,0.20249,-0.00585,2876,0.08486,0.99957,0.09613
002876_lcam_front_lidar.ply/002876_lcam_front_lidar.ply,0.25,200,0.8,0.25547,-0.11838,2877,0.01103,0.99236,0.16304
002877_lcam_front_lidar.ply/002877_lcam_front_lidar.ply,0.25,200,0.8,0.29364,0.09042,2878,0.08323,0.9994,0.10873
002878_lcam_front_lidar.ply/002878_lcam_front_lidar.ply,0.25,200,0.8,0.25446,-0.01946,2879,0.08145,0.9992,0.12403
002879_lcam_front_lidar.ply/002879_lcam_front_lidar.ply,0.25,200,0.8,0.40767,-0.05761,2880,0.03071,0.99577,0.11674
002880_lcam_front_lidar.ply/002880_lcam_front_lidar.ply,0.25,200,0.8,0.27174,0.05037,2881,0.07442,0.99972,0.08459
002881_lcam_front_lidar.ply/002881_lcam_front_lidar.ply,0.25,200,0.8,0.28104,-0.05565,2882,0.04326,0.99881,0.1133
002882_lcam_front_lidar.ply/002882_lcam_front_lidar.ply,0.25,200,0.8,0.3066,-0.01202,2883,0.03098,0.99905,0.09284
002883_lcam_front_lidar.ply/002883_lcam_front_lidar.ply,0.25,200,0.8,0.3291,-0.01968,2884,0.03439,0.99916,0.11906
002884_lcam_front_lidar.ply/002884_lcam_front_lidar.ply,0.25,200,0.8,0.561,-0.01173,2885,0.03442,0.99847,0.12236
002885_lcam_front_lidar.ply/002885_lcam_front_lidar.ply,0.25,200,0.8,0.44536,0.01765,2886,0.04392,0.99988,0.0865
002886_lcam_front_lidar.ply/002886_lcam_front_lidar.ply,0.25,200,0.8,0.32032,-0.02849,2887,0.04702,0.99909,0.12945
002887_lcam_front_lidar.ply/002887_lcam_front_lidar.ply,0.25,200,0.8,0.40438,-0.00718,2888,0.03409,0.99892,0.0979
002888_lcam_front_lidar.ply/002888_lcam_front_lidar.ply,0.25,200,0.8,0.51667,0.00738,2889,0.04219,0.99985,0.07962
002889_lcam_front_lidar.ply/002889_lcam_front_lidar.ply,0.25,200,0.8,0.51472,-0.03184,2890,0.04268,0.99812,0.12376
002890_lcam_front_lidar.ply/002890_lcam_front_lidar.ply,0.25,200,0.8,0.2733,0.01791,2891,0.25062,0.04184,0.19694
002891_lcam_front_lidar.ply/002891_lcam_front_lidar.ply,0.25,200,0.8,0.44627,-0.04441,2892,0.04742,0.99845,0.14634
002892_lcam_front_lidar.ply/002892_lcam_front_lidar.ply,0.25,200,0.8,0.38116,-0.00353,2893,0.05702,0.99925,0.15285
002893_lcam_front_lidar.ply/002893_lcam_front_lidar.ply,0.25,200,0.8,0.45943,-0.01101,2894,0.04375,0.999,0.12826
002894_lcam_front_lidar.ply/002894_lcam_front_lidar.ply,0.25,200,0.8,0.44065,-0.0163,2895,0.04181,0.99867,0.13687
002895_lcam_front_lidar.ply/002895_lcam_front_lidar.ply,0.25,200,0.8,0.36905,0.02627,2896,0.01528,0.99999,0.01167
002896_lcam_front_lidar.ply/002896_lcam_front_lidar.ply,0.25,200,0.8,0.53584,-0.05268,2897,0.03078,0.99806,0.12745
002897_lcam_front_lidar.ply/002897_lcam_front_lidar.ply,0.25,200,0.8,0.42264,0.03575,2898,0.02,1.0,0.01498
002898_lcam_front_lidar.ply/002898_lcam_front_lidar.ply,0.25,200,0.8,0.31815,-0.00907,2899,0.02132,1.0,0.01576
002899_lcam_front_lidar.ply/002899_lcam_front_lidar.ply,0.25,200,0.8,0.38406,-0.00828,2900,0.04471,0.99994,0.05909
002900_lcam_front_lidar.ply/002900_lcam_front_lidar.ply,0.25,200,0.8,0.3848,-0.0652,2901,0.03098,0.99753,0.1413
002901_lcam_front_lidar.ply/002901_lcam_front_lidar.ply,0.25,200,0.8,0.40155,-0.01011,2902,0.02972,0.99743,0.13897
002902_lcam_front_lidar.ply/002902_lcam_front_lidar.ply,0.25,200,0.8,0.50499,-0.01137,2903,0.03055,0.99682,0.14319
002903_lcam_front_lidar.ply/002903_lcam_front_lidar.ply,0.25,200,0.8,0.42622,0.00784,2904,0.04243,0.99907,0.13194
002904_lcam_front_lidar.ply/002904_lcam_front_lidar.ply,0.25,200,0.8,0.3645,0.02321,2905,0.2613,0.02582,0.21129
002905_lcam_front_lidar.ply/002905_lcam_front_lidar.ply,0.25,200,0.8,0.35326,-0.00841,2906,0.2625,0.02123,0.20914
002906_lcam_front_lidar.ply/002906_lcam_front_lidar.ply,0.25,200,0.8,0.31913,-0.00854,2907,0.26513,0.02073,0.21134
002907_lcam_front_lidar.ply/002907_lcam_front_lidar.ply,0.25,200,0.8,0.35473,-0.04666,2908,0.04078,0.99805,0.12915
002908_lcam_front_lidar.ply/002908_lcam_front_lidar.ply,0.25,200,0.8,0.42304,-0.001,2909,0.04733,0.9993,0.12463
002909_lcam_front_lidar.ply/002909_lcam_front_lidar.ply,0.25,200,0.8,0.45063,0.01175,2910,0.01639,0.99996,0.01945
002910_lcam_front_lidar.ply/002910_lcam_front_lidar.ply,0.25,200,0.8,0.43784,-0.04761,2911,0.03223,0.99906,0.12608
002911_lcam_front_lidar.ply/002911_lcam_front_lidar.ply,0.25,200,0.8,0.63845,0.01048,2912,0.03287,0.99964,0.08656
002912_lcam_front_lidar.ply/002912_lcam_front_lidar.ply,0.25,200,0.8,0.54377,-0.00725,2913,0.03271,0.99989,0.08084
002913_lcam_front_lidar.ply/002913_lcam_front_lidar.ply,0.25,200,0.8,0.57454,-0.01128,2914,0.00956,0.99953,0.03698
002914_lcam_front_lidar.ply/002914_lcam_front_lidar.ply,0.25,200,0.8,0.75494,-0.00491,2915,0.03472,0.99988,0.07723
002915_lcam_front_lidar.ply/002915_lcam_front_lidar.ply,0.25,200,0.8,0.54279,-0.01911,2916,0.03415,0.99991,0.09432
002916_lcam_front_lidar.ply/002916_lcam_front_lidar.ply,0.25,200,0.8,0.38537,-0.07675,2917,0.0067,0.8382,0.12441
002917_lcam_front_lidar.ply/002917_lcam_front_lidar.ply,0.25,200,0.8,0.46302,0.09502,2918,0.06467,0.99991,0.07882
002918_lcam_front_lidar.ply/002918_lcam_front_lidar.ply,0.25,200,0.8,0.45331,-0.01098,2919,0.07402,1.0,0.0995
002919_lcam_front_lidar.ply/002919_lcam_front_lidar.ply,0.25,200,0.8,0.46016,-0.17152,2920,0.01051,0.99234,0.29323
002920_lcam_front_lidar.ply/002920_lcam_front_lidar.ply,0.25,200,0.8,0.45213,0.17704,2921,0.09279,0.99998,0.086
002921_lcam_front_lidar.ply/002921_lcam_front_lidar.ply,0.25,200,0.8,0.50994,-0.05918,2922,0.03708,0.99997,0.07294
002922_lcam_front_lidar.ply/002922_lcam_front_lidar.ply,0.25,200,0.8,0.48485,0.0046,2923,0.0675,0.99973,0.10449
002923_lcam_front_lidar.ply/002923_lcam_front_lidar.ply,0.25,200,0.8,0.53494,-0.02255,2924,0.07409,0.99946,0.14269
002924_lcam_front_lidar.ply/002924_lcam_front_lidar.ply,0.25,200,0.8,0.41721,0.00132,2925,0.07215,0.99987,0.1163
002925_lcam_front_lidar.ply/002925_lcam_front_lidar.ply,0.25,200,0.8,0.58769,0.01608,2926,0.04995,1.0,0.01979
002926_lcam_front_lidar.ply/002926_lcam_front_lidar.ply,0.25,200,0.8,0.41486,-0.0346,2927,0.07182,0.99995,0.11271
002927_lcam_front_lidar.ply/002927_lcam_front_lidar.ply,0.25,200,0.8,0.48197,-0.03187,2928,0.07824,0.99949,0.16916
002928_lcam_front_lidar.ply/002928_lcam_front_lidar.ply,0.25,200,0.8,0.62187,-0.01467,2929,0.06768,0.99957,0.15741
002929_lcam_front_lidar.ply/002929_lcam_front_lidar.ply,0.25,200,0.8,0.56681,-0.00998,2930,0.06875,0.99931,0.15943
002930_lcam_front_lidar.ply/002930_lcam_front_lidar.ply,0.25,200,0.8,0.66582,-0.00023,2931,0.07318,0.99955,0.1488
002931_lcam_front_lidar.ply/002931_lcam_front_lidar.ply,0.25,200,0.8,0.71801,-0.01588,2932,0.0076,0.99883,0.02918
002932_lcam_front_lidar.ply/002932_lcam_front_lidar.ply,0.25,200,0.8,0.68702,0.00744,2933,0.07288,0.99977,0.12513
002933_lcam_front_lidar.ply/002933_lcam_front_lidar.ply,0.25,200,0.8,0.5505,-0.01969,2934,0.0072,0.99995,0.01322
002934_lcam_front_lidar.ply/002934_lcam_front_lidar.ply,0.25,200,0.8,0.54691,-0.0101,2935,0.00727,0.99995,0.01356
002935_lcam_front_lidar.ply/002935_lcam_front_lidar.ply,0.25,200,0.8,0.53638,0.00138,2936,0.0476,1.0,0.07146
002936_lcam_front_lidar.ply/002936_lcam_front_lidar.ply,0.25,200,0.8,0.62302,-0.01708,2937,0.00804,0.99986,0.00646
002937_lcam_front_lidar.ply/002937_lcam_front_lidar.ply,0.25,200,0.8,0.55948,-0.01399,2938,0.00741,0.99978,0.01316
002938_lcam_front_lidar.ply/002938_lcam_front_lidar.ply,0.25,200,0.8,0.52518,-0.00413,2939,0.05724,0.99997,0.10115
002939_lcam_front_lidar.ply/002939_lcam_front_lidar.ply,0.25,200,0.8,0.53399,-0.01567,2940,0.0075,1.0,0.013
002940_lcam_front_lidar.ply/002940_lcam_front_lidar.ply,0.25,200,0.8,0.53425,-0.00961,2941,0.00751,0.99997,0.01225
002941_lcam_front_lidar.ply/002941_lcam_front_lidar.ply,0.25,200,0.8,0.48013,0.00287,2942,0.05307,0.99995,0.07763
002942_lcam_front_lidar.ply/002942_lcam_front_lidar.ply,0.25,200,0.8,0.49991,0.00327,2943,0.05825,0.99999,0.06146
002943_lcam_front_lidar.ply/002943_lcam_front_lidar.ply,0.25,200,0.8,0.5753,-0.03656,2944,0.00142,0.99857,0.00049
002944_lcam_front_lidar.ply/002944_lcam_front_lidar.ply,0.25,200,0.8,0.56839,-0.00631,2945,0.00977,0.99891,0.00991
002945_lcam_front_lidar.ply/002945_lcam_front_lidar.ply,0.25,200,0.8,0.65345,-0.12919,2946,0.01014,0.98923,0.24613
002946_lcam_front_lidar.ply/002946_lcam_front_lidar.ply,0.25,200,0.8,0.57783,0.10898,2947,0.00725,0.99916,0.00535
002947_lcam_front_lidar.ply/002947_lcam_front_lidar.ply,0.25,200,0.8,0.67254,-0.04447,2948,0.0345,0.99972,0.12896
002948_lcam_front_lidar.ply/002948_lcam_front_lidar.ply,0.25,200,0.8,0.68994,-0.01137,2949,0.03312,0.99996,0.12899
002949_lcam_front_lidar.ply/002949_lcam_front_lidar.ply,0.25,200,0.8,0.6821,0.01817,2950,0.02971,0.99972,0.06578
002950_lcam_front_lidar.ply/002950_lcam_front_lidar.ply,0.25,200,0.8,0.78619,-0.00264,2951,0.00536,0.99975,0.00236
002951_lcam_front_lidar.ply/002951_lcam_front_lidar.ply,0.25,200,0.8,0.8254,-0.03078,2952,0.01024,0.98908,0.05047
002952_lcam_front_lidar.ply/002952_lcam_front_lidar.ply,0.25,200,0.8,0.66286,0.01162,2953,0.00932,0.9996,0.00854
002953_lcam_front_lidar.ply/002953_lcam_front_lidar.ply,0.25,200,0.8,0.68146,-0.01013,2954,0.00919,0.99959,0.00854
002954_lcam_front_lidar.ply/002954_lcam_front_lidar.ply,0.25,200,0.8,0.54588,-0.01314,2955,0.0098,0.99655,0.01515
002955_lcam_front_lidar.ply/002955_lcam_front_lidar.ply,0.25,200,0.8,0.84516,-0.00957,2956,0.00976,0.99706,0.01435
002956_lcam_front_lidar.ply/002956_lcam_front_lidar.ply,0.25,200,0.8,0.653,-0.01521,2957,0.03705,0.99993,0.08022
002957_lcam_front_lidar.ply/002957_lcam_front_lidar.ply,0.25,200,0.8,0.44988,-0.00417,2958,0.01056,0.99512,0.01414
002958_lcam_front_lidar.ply/002958_lcam_front_lidar.ply,0.25,200,0.8,0.49037,0.00252,2959,0.21663,0.02775,0.11103
002959_lcam_front_lidar.ply/002959_lcam_front_lidar.ply,0.25,200,0.8,0.49168,-0.00572,2960,0.21835,0.02888,0.10626
002960_lcam_front_lidar.ply/002960_lcam_front_lidar.ply,0.25,200,0.8,0.46247,-0.02393,2961,0.00677,0.9997,0.00221
002961_lcam_front_lidar.ply/002961_lcam_front_lidar.ply,0.25,200,0.8,0.34717,-0.01252,2962,0.01244,0.9886,0.01526
002962_lcam_front_lidar.ply/002962_lcam_front_lidar.ply,0.25,200,0.8,0.42903,-0.00698,2963,0.01325,0.9999,0.01424
002963_lcam_front_lidar.ply/002963_lcam_front_lidar.ply,0.25,200,0.8,0.39229,-0.01249,2964,0.0134,0.98625,0.01541
002964_lcam_front_lidar.ply/002964_lcam_front_lidar.ply,0.25,200,0.8,0.40715,-0.00992,2965,0.01371,0.98627,0.01589
002965_lcam_front_lidar.ply/002965_lcam_front_lidar.ply,0.25,200,0.8,0.35588,-0.10504,2966,0.01884,0.9926,0.21812
002966_lcam_front_lidar.ply/002966_lcam_front_lidar.ply,0.25,200,0.8,0.30995,0.20078,2967,0.15465,0.99986,0.07038
002967_lcam_front_lidar.ply/002967_lcam_front_lidar.ply,0.25,200,0.8,0.28856,-0.02116,2968,0.13676,0.99989,0.05691
002968_lcam_front_lidar.ply/002968_lcam_front_lidar.ply,0.25,200,0.8,0.30719,-0.00032,2969,0.14838,0.99993,0.06082
002969_lcam_front_lidar.ply/002969_lcam_front_lidar.ply,0.25,200,0.8,0.41151,-0.0193,2970,0.1347,0.99997,0.05206
002970_lcam_front_lidar.ply/002970_lcam_front_lidar.ply,0.25,200,0.8,0.51936,-0.11615,2971,0.01373,0.98191,0.01699
002971_lcam_front_lidar.ply/002971_lcam_front_lidar.ply,0.25,200,0.8,0.44852,0.09937,2972,0.13866,0.99998,0.05352
002972_lcam_front_lidar.ply/002972_lcam_front_lidar.ply,0.25,200,0.8,0.45932,-0.1223,2973,0.01315,0.97244,0.01884
002973_lcam_front_lidar.ply/002973_lcam_front_lidar.ply,0.25,200,0.8,0.4857,-0.01056,2974,0.01326,0.96855,0.01903
002974_lcam_front_lidar.ply/002974_lcam_front_lidar.ply,0.25,200,0.8,0.50236,-0.00778,2975,0.01349,0.97554,0.01714
002975_lcam_front_lidar.ply/002975_lcam_front_lidar.ply,0.25,200,0.8,0.44145,0.10344,2976,0.13648,0.99999,0.04358
002976_lcam_front_lidar.ply/002976_lcam_front_lidar.ply,0.25,200,0.8,0.40473,-0.12125,2977,0.01295,0.98638,0.01493
002977_lcam_front_lidar.ply/002977_lcam_front_lidar.ply,0.25,200,0.8,0.42125,-0.00566,2978,0.01284,0.99987,0.01008
002978_lcam_front_lidar.ply/002978_lcam_front_lidar.ply,0.25,200,0.8,0.38111,-0.01062,2979,0.01169,0.99971,0.00896
002979_lcam_front_lidar.ply/002979_lcam_front_lidar.ply,0.25,200,0.8,0.44468,-0.02969,2980,0.02033,0.99954,0.06557
002980_lcam_front_lidar.ply/002980_lcam_front_lidar.ply,0.25,200,0.8,0.32207,0.0108,2981,0.01172,0.99922,0.00667
002981_lcam_front_lidar.ply/002981_lcam_front_lidar.ply,0.25,200,0.8,0.32627,-0.03003,2982,0.01995,0.99837,0.06293
002982_lcam_front_lidar.ply/002982_lcam_front_lidar.ply,0.25,200,0.8,0.30498,-0.02292,2983,0.01104,0.98432,0.06673
002983_lcam_front_lidar.ply/002983_lcam_front_lidar.ply,0.25,200,0.8,0.31388,-0.00931,2984,0.01101,0.96027,0.05807
002984_lcam_front_lidar.ply/002984_lcam_front_lidar.ply,0.25,200,0.8,0.32139,-0.0542,2985,0.01508,0.99827,0.16601
002985_lcam_front_lidar.ply/002985_lcam_front_lidar.ply,0.25,200,0.8,0.32865,0.03313,2986,0.01153,0.96706,0.06328
002986_lcam_front_lidar.ply/002986_lcam_front_lidar.ply,0.25,200,0.8,0.36699,-0.06817,2987,0.01793,0.99772,0.20162
002987_lcam_front_lidar.ply/002987_lcam_front_lidar.ply,0.25,200,0.8,0.42869,0.05067,2988,0.01196,0.98637,0.06492
002988_lcam_front_lidar.ply/002988_lcam_front_lidar.ply,0.25,200,0.8,0.39486,-0.00958,2989,0.01212,0.99168,0.066
002989_lcam_front_lidar.ply/002989_lcam_front_lidar.ply,0.25,200,0.8,0.38335,-0.01578,2990,0.01294,0.9886,0.07825
002990_lcam_front_lidar.ply/002990_lcam_front_lidar.ply,0.25,200,0.8,0.29595,0.11922,2991,0.12229,0.99996,0.04193
002991_lcam_front_lidar.ply/002991_lcam_front_lidar.ply,0.25,200,0.8,0.42234,-0.0173,2992,0.11573,0.99996,0.0434
002992_lcam_front_lidar.ply/002992_lcam_front_lidar.ply,0.25,200,0.8,0.52855,-0.11347,2993,0.01707,0.98983,0.04998
002993_lcam_front_lidar.ply/002993_lcam_front_lidar.ply,0.25,200,0.8,0.58117,0.00733,2994,0.01197,0.99998,0.00817
002994_lcam_front_lidar.ply/002994_lcam_front_lidar.ply,0.25,200,0.8,0.57749,-0.01821,2995,0.00513,0.99557,0.0096
002995_lcam_front_lidar.ply/002995_lcam_front_lidar.ply,0.25,200,0.8,0.60656,-0.02077,2996,0.01476,0.99688,0.05079
002996_lcam_front_lidar.ply/002996_lcam_front_lidar.ply,0.25,200,0.8,0.67019,-0.00363,2997,0.00878,0.99523,0.02559
002997_lcam_front_lidar.ply/002997_lcam_front_lidar.ply,0.25,200,0.8,0.8207,-0.00595,2998,0.00484,0.99555,0.0097
002998_lcam_front_lidar.ply/002998_lcam_front_lidar.ply,0.25,200,0.8,0.73238,-0.0088,2999,0.00943,0.99927,0.0176
002999_lcam_front_lidar.ply/002999_lcam_front_lidar.ply,0.25,200,0.8,0.72549,-0.01643,3000,0.00951,0.99797,0.03021
003000_lcam_front_lidar.ply/003000_lcam_front_lidar.ply,0.25,200,0.8,1.09176,-0.00516,3001,0.00453,0.99552,0.00984
003001_lcam_front_lidar.ply/003001_lcam_front_lidar.ply,0.25,200,0.8,0.70147,-0.01274,3002,0.00447,0.99124,0.01392
003002_lcam_front_lidar.ply/003002_lcam_front_lidar.ply,0.25,200,0.8,0.8904,-0.00661,3003,0.009,0.99931,0.0186
003003_lcam_front_lidar.ply/003003_lcam_front_lidar.ply,0.25,200,0.8,0.74858,-0.01425,3004,0.00975,0.99018,0.02585
003004_lcam_front_lidar.ply/003004_lcam_front_lidar.ply,0.25,200,0.8,0.8253,-0.00961,3005,0.00402,0.9915,0.01401
003005_lcam_front_lidar.ply/003005_lcam_front_lidar.ply,0.25,200,0.8,0.88549,-0.01348,3006,0.00879,0.99818,0.03252
003006_lcam_front_lidar.ply/003006_lcam_front_lidar.ply,0.25,200,0.8,0.66297,-0.00348,3007,0.00877,0.99935,0.01978
003007_lcam_front_lidar.ply/003007_lcam_front_lidar.ply,0.25,200,0.8,0.8693,-0.0101,3008,0.00875,0.99936,0.01994
003008_lcam_front_lidar.ply/003008_lcam_front_lidar.ply,0.25,200,0.8,0.82438,-0.00336,3009,0.00867,0.99993,0.00667
003009_lcam_front_lidar.ply/003009_lcam_front_lidar.ply,0.25,200,0.8,0.77038,-0.01004,3010,0.00871,0.99993,0.00683
003010_lcam_front_lidar.ply/003010_lcam_front_lidar.ply,0.25,200,0.8,0.81248,-0.01704,3011,0.00869,0.99939,0.0207
003011_lcam_front_lidar.ply/003011_lcam_front_lidar.ply,0.25,200,0.8,0.77794,-0.00312,3012,0.00865,0.99993,0.00702
003012_lcam_front_lidar.ply/003012_lcam_front_lidar.ply,0.25,200,0.8,0.73433,-0.01013,3013,0.00857,0.99994,0.00712
003013_lcam_front_lidar.ply/003013_lcam_front_lidar.ply,0.25,200,0.8,0.79708,-0.02473,3014,0.00846,0.99843,0.0359
003014_lcam_front_lidar.ply/003014_lcam_front_lidar.ply,0.25,200,0.8,0.7518,0.00446,3015,0.00831,0.99994,0.00715
003015_lcam_front_lidar.ply/003015_lcam_front_lidar.ply,0.25,200,0.8,0.8532,-0.01019,3016,0.0082,0.99994,0.0073
003016_lcam_front_lidar.ply/003016_lcam_front_lidar.ply,0.25,200,0.8,0.82213,-0.01523,3017,0.01182,0.99993,0.02502
003017_lcam_front_lidar.ply/003017_lcam_front_lidar.ply,0.25,200,0.8,0.78956,-0.01744,3018,0.009,0.99945,0.0341
003018_lcam_front_lidar.ply/003018_lcam_front_lidar.ply,0.25,200,0.8,0.88126,0.0023,3019,0.00788,0.99994,0.00742
003019_lcam_front_lidar.ply/003019_lcam_front_lidar.ply,0.25,200,0.8,0.92141,-0.01763,3020,0.00793,0.9995,0.02265
003020_lcam_front_lidar.ply/003020_lcam_front_lidar.ply,0.25,200,0.8,0.86487,-0.0023,3021,0.00798,0.99994,0.00747
003021_lcam_front_lidar.ply/003021_lcam_front_lidar.ply,0.25,200,0.8,1.19648,-0.00997,3022,0.00794,0.99994,0.00734
003022_lcam_front_lidar.ply/003022_lcam_front_lidar.ply,0.25,200,0.8,0.78356,-0.0612,3023,0.00732,0.9071,0.08063
003023_lcam_front_lidar.ply/003023_lcam_front_lidar.ply,0.25,200,0.8,0.77573,0.04127,3024,0.00792,0.99994,0.00716
003024_lcam_front_lidar.ply/003024_lcam_front_lidar.ply,0.25,200,0.8,1.03925,-0.0098,3025,0.00809,0.99994,0.0071
003025_lcam_front_lidar.ply/003025_lcam_front_lidar.ply,0.25,200,0.8,0.78996,-0.00974,3026,0.00831,0.99994,0.00701
003026_lcam_front_lidar.ply/003026_lcam_front_lidar.ply,0.25,200,0.8,0.74017,-0.00959,3027,0.00859,0.99994,0.00674
003027_lcam_front_lidar.ply/003027_lcam_front_lidar.ply,0.25,200,0.8,0.83406,-0.00945,3028,0.00908,0.99993,0.00661
003028_lcam_front_lidar.ply/003028_lcam_front_lidar.ply,0.25,200,0.8,0.59206,-0.01005,3029,0.00897,0.99993,0.0065
003029_lcam_front_lidar.ply/003029_lcam_front_lidar.ply,0.25,200,0.8,0.6829,-0.00954,3030,0.00939,0.99993,0.0064
003030_lcam_front_lidar.ply/003030_lcam_front_lidar.ply,0.25,200,0.8,0.62928,0.03276,3031,0.08081,0.99999,0.06373
003031_lcam_front_lidar.ply/003031_lcam_front_lidar.ply,0.25,200,0.8,0.79784,-0.12747,3032,0.01153,0.99578,0.15884
003032_lcam_front_lidar.ply/003032_lcam_front_lidar.ply,0.25,200,0.8,0.63546,0.11436,3033,0.08461,0.99998,0.05755
003033_lcam_front_lidar.ply/003033_lcam_front_lidar.ply,0.25,200,0.8,0.66863,-0.06646,3034,0.00898,0.99935,0.01902
003034_lcam_front_lidar.ply/003034_lcam_front_lidar.ply,0.25,200,0.8,0.70292,-0.01819,3035,0.01235,0.99962,0.04223
003035_lcam_front_lidar.ply/003035_lcam_front_lidar.ply,0.25,200,0.8,0.5996,-0.01593,3036,0.01386,0.99372,0.05533
003036_lcam_front_lidar.ply/003036_lcam_front_lidar.ply,0.25,200,0.8,0.79125,-0.01226,3037,0.01297,0.99426,0.05822
003037_lcam_front_lidar.ply/003037_lcam_front_lidar.ply,0.25,200,0.8,0.74902,0.00188,3038,0.01093,0.98289,0.02699
003038_lcam_front_lidar.ply/003038_lcam_front_lidar.ply,0.25,200,0.8,0.75085,0.00052,3039,0.00832,0.99992,0.00583
003039_lcam_front_lidar.ply/003039_lcam_front_lidar.ply,0.25,200,0.8,0.75761,-0.00997,3040,0.00832,0.99992,0.00578
003040_lcam_front_lidar.ply/003040_lcam_front_lidar.ply,0.25,200,0.8,0.70061,-0.01553,3041,0.00764,0.99716,0.01464
003041_lcam_front_lidar.ply/003041_lcam_front_lidar.ply,0.25,200,0.8,0.71804,0.06527,3042,0.10211,0.99993,0.05388
003042_lcam_front_lidar.ply/003042_lcam_front_lidar.ply,0.25,200,0.8,0.60726,-0.08549,3043,0.00819,0.99928,0.01682
003043_lcam_front_lidar.ply/003043_lcam_front_lidar.ply,0.25,200,0.8,0.75175,-0.01543,3044,0.00832,0.99801,0.02756
003044_lcam_front_lidar.ply/003044_lcam_front_lidar.ply,0.25,200,0.8,0.70982,-0.00459,3045,0.00959,0.9948,0.01831
003045_lcam_front_lidar.ply/003045_lcam_front_lidar.ply,0.25,200,0.8,0.65463,-0.00953,3046,0.00673,0.99752,0.01246
003046_lcam_front_lidar.ply/003046_lcam_front_lidar.ply,0.25,200,0.8,0.77464,-0.08991,3047,0.00749,0.82234,0.12126
003047_lcam_front_lidar.ply/003047_lcam_front_lidar.ply,0.25,200,0.8,0.89601,0.07522,3048,0.00816,0.99992,0.00545
003048_lcam_front_lidar.ply/003048_lcam_front_lidar.ply,0.25,200,0.8,0.95547,-0.01009,3049,0.0081,0.99992,0.00551
003049_lcam_front_lidar.ply/003049_lcam_front_lidar.ply,0.25,200,0.8,0.90791,-0.01014,3050,0.00795,0.99992,0.00549
003050_lcam_front_lidar.ply/003050_lcam_front_lidar.ply,0.25,200,0.8,0.94767,-0.01191,3051,0.00429,0.99982,0.00196
003051_lcam_front_lidar.ply/003051_lcam_front_lidar.ply,0.25,200,0.8,0.97795,-0.00731,3052,0.01387,0.99982,0.01574
003052_lcam_front_lidar.ply/003052_lcam_front_lidar.ply,0.25,200,0.8,0.80879,-0.01269,3053,0.00428,0.99982,0.00194
003053_lcam_front_lidar.ply/003053_lcam_front_lidar.ply,0.25,200,0.8,0.9808,-0.04194,3054,0.03269,0.99974,0.12261
003054_lcam_front_lidar.ply/003054_lcam_front_lidar.ply,0.25,200,0.8,1.19435,0.02192,3055,0.00425,0.99982,0.00192
003055_lcam_front_lidar.ply/003055_lcam_front_lidar.ply,0.25,200,0.8,1.06684,-0.00799,3056,0.00692,0.99971,0.0032
003056_lcam_front_lidar.ply/003056_lcam_front_lidar.ply,0.25,200,0.8,0.86386,-0.01261,3057,0.00353,0.99983,0.0017
003057_lcam_front_lidar.ply/003057_lcam_front_lidar.ply,0.25,200,0.8,1.10312,-0.01003,3058,0.0035,0.99983,0.0017
003058_lcam_front_lidar.ply/003058_lcam_front_lidar.ply,0.25,200,0.8,0.79213,-0.00976,3059,0.00495,0.99984,0.0041
003059_lcam_front_lidar.ply/003059_lcam_front_lidar.ply,0.25,200,0.8,0.92265,-0.01001,3060,0.00476,0.99984,0.00375
003060_lcam_front_lidar.ply/003060_lcam_front_lidar.ply,0.25,200,0.8,0.91582,-0.01008,3061,0.00675,0.99986,0.00789
003061_lcam_front_lidar.ply/003061_lcam_front_lidar.ply,0.25,200,0.8,0.97459,-0.01005,3062,0.00465,0.99984,0.0038
003062_lcam_front_lidar.ply/003062_lcam_front_lidar.ply,0.25,200,0.8,0.97022,-0.02993,3063,0.02047,0.9998,0.07529
003063_lcam_front_lidar.ply/003063_lcam_front_lidar.ply,0.25,200,0.8,0.76442,0.00995,3064,0.00465,0.99984,0.00377
003064_lcam_front_lidar.ply/003064_lcam_front_lidar.ply,0.25,200,0.8,0.81198,-0.01002,3065,0.00461,0.99984,0.00373
003065_lcam_front_lidar.ply/003065_lcam_front_lidar.ply,0.25,200,0.8,1.01467,-0.07664,3066,0.03326,0.99745,0.19359
003066_lcam_front_lidar.ply/003066_lcam_front_lidar.ply,0.25,200,0.8,0.74874,0.05671,3067,0.00471,0.99984,0.00378
003067_lcam_front_lidar.ply/003067_lcam_front_lidar.ply,0.25,200,0.8,0.73195,-0.01004,3068,0.00665,0.99986,0.00773
003068_lcam_front_lidar.ply/003068_lcam_front_lidar.ply,0.25,200,0.8,0.78431,-0.15523,3069,0.02564,0.80989,0.27917
003069_lcam_front_lidar.ply/003069_lcam_front_lidar.ply,0.25,200,0.8,0.65244,0.1353,3070,0.00478,0.99984,0.00385
003070_lcam_front_lidar.ply/003070_lcam_front_lidar.ply,0.25,200,0.8,0.87565,-0.01027,3071,0.00737,0.99984,0.00957
003071_lcam_front_lidar.ply/003071_lcam_front_lidar.ply,0.25,200,0.8,0.982,-0.00993,3072,0.00752,0.99983,0.00972
003072_lcam_front_lidar.ply/003072_lcam_front_lidar.ply,0.25,200,0.8,0.82266,-0.0294,3073,0.00752,0.99591,0.04734
003073_lcam_front_lidar.ply/003073_lcam_front_lidar.ply,0.25,200,0.8,0.9836,-0.07145,3074,0.01069,0.998,0.1772
003074_lcam_front_lidar.ply/003074_lcam_front_lidar.ply,0.25,200,0.8,0.88271,-0.0194,3075,0.04834,0.99378,0.27004
003075_lcam_front_lidar.ply/003075_lcam_front_lidar.ply,0.25,200,0.8,0.85332,0.08051,3076,0.00773,0.99983,0.0096
003076_lcam_front_lidar.ply/003076_lcam_front_lidar.ply,0.25,200,0.8,0.72225,-0.02015,3077,0.02017,0.99899,0.05453
003077_lcam_front_lidar.ply/003077_lcam_front_lidar.ply,0.25,200,0.8,0.64454,0.00012,3078,0.00766,0.99983,0.00951
003078_lcam_front_lidar.ply/003078_lcam_front_lidar.ply,0.25,200,0.8,0.5323,-0.00981,3079,0.00772,0.99984,0.00926
003079_lcam_front_lidar.ply/003079_lcam_front_lidar.ply,0.25,200,0.8,0.52729,-0.01969,3080,0.01969,0.99988,0.05261
003080_lcam_front_lidar.ply/003080_lcam_front_lidar.ply,0.25,200,0.8,0.58144,-0.00808,3081,0.02095,0.99987,0.05129
003081_lcam_front_lidar.ply/003081_lcam_front_lidar.ply,0.25,200,0.8,0.63338,-0.00064,3082,0.00649,0.99991,0.00366
003082_lcam_front_lidar.ply/003082_lcam_front_lidar.ply,0.25,200,0.8,0.53592,-0.1375,3083,0.00731,0.99823,0.2598
003083_lcam_front_lidar.ply/003083_lcam_front_lidar.ply,0.25,200,0.8,0.55227,0.11034,3084,0.02129,0.99936,0.04741
003084_lcam_front_lidar.ply/003084_lcam_front_lidar.ply,0.25,200,0.8,0.45639,-0.00371,3085,0.00771,0.99986,0.00781
003085_lcam_front_lidar.ply/003085_lcam_front_lidar.ply,0.25,200,0.8,0.46921,-0.00893,3086,0.00707,0.99992,0.00441
003086_lcam_front_lidar.ply/003086_lcam_front_lidar.ply,0.25,200,0.8,0.54829,-0.01395,3087,0.00638,0.99921,0.01073
003087_lcam_front_lidar.ply/003087_lcam_front_lidar.ply,0.25,200,0.8,0.39995,-0.01659,3088,0.00808,0.99852,0.0271
003088_lcam_front_lidar.ply/003088_lcam_front_lidar.ply,0.25,200,0.8,0.43753,-0.00073,3089,0.00815,0.99983,0.00911
003089_lcam_front_lidar.ply/003089_lcam_front_lidar.ply,0.25,200,0.8,0.47593,-0.01384,3090,0.00727,0.99933,0.01486
003090_lcam_front_lidar.ply/003090_lcam_front_lidar.ply,0.25,200,0.8,0.3716,0.05101,3091,0.09817,0.99997,0.07483
003091_lcam_front_lidar.ply/003091_lcam_front_lidar.ply,0.25,200,0.8,0.55017,-0.15263,3092,0.0118,0.99804,0.18677
003092_lcam_front_lidar.ply/003092_lcam_front_lidar.ply,0.25,200,0.8,0.45967,0.00051,3093,0.01295,0.9996,0.16852
003093_lcam_front_lidar.ply/003093_lcam_front_lidar.ply,0.25,200,0.8,0.45431,-0.01128,3094,0.01426,0.99877,0.17346
003094_lcam_front_lidar.ply/003094_lcam_front_lidar.ply,0.25,200,0.8,0.46828,-0.0315,3095,0.01594,0.99892,0.21988
003095_lcam_front_lidar.ply/003095_lcam_front_lidar.ply,0.25,200,0.8,0.39865,0.01805,3096,0.01427,0.99874,0.16038
003096_lcam_front_lidar.ply/003096_lcam_front_lidar.ply,0.25,200,0.8,0.39571,-0.01593,3097,0.01874,0.99592,0.18033
003097_lcam_front_lidar.ply/003097_lcam_front_lidar.ply,0.25,200,0.8,0.69382,-0.01947,3098,0.01955,0.99198,0.19968
003098_lcam_front_lidar.ply/003098_lcam_front_lidar.ply,0.25,200,0.8,0.31023,0.13037,3099,0.10799,0.99998,0.09822
003099_lcam_front_lidar.ply/003099_lcam_front_lidar.ply,0.25,200,0.8,0.33204,-0.02107,3100,0.09892,0.99992,0.10222
003100_lcam_front_lidar.ply/003100_lcam_front_lidar.ply,0.25,200,0.8,0.25334,-0.16682,3101,0.01934,0.92895,0.23539
003101_lcam_front_lidar.ply/003101_lcam_front_lidar.ply,0.25,200,0.8,0.47063,0.10271,3102,0.0046,0.99983,0.00177
003102_lcam_front_lidar.ply/003102_lcam_front_lidar.ply,0.25,200,0.8,0.45971,-0.01314,3103,0.03512,0.9999,0.06912
003103_lcam_front_lidar.ply/003103_lcam_front_lidar.ply,0.25,200,0.8,0.48995,-0.01292,3104,0.00329,0.99193,0.00889
003104_lcam_front_lidar.ply/003104_lcam_front_lidar.ply,0.25,200,0.8,0.45687,-0.01323,3105,0.00432,0.98597,0.01562
003105_lcam_front_lidar.ply/003105_lcam_front_lidar.ply,0.25,200,0.8,0.50772,-0.0059,3106,0.00795,0.99948,0.01874
003106_lcam_front_lidar.ply/003106_lcam_front_lidar.ply,0.25,200,0.8,0.59556,-0.01016,3107,0.0078,0.99949,0.01874
003107_lcam_front_lidar.ply/003107_lcam_front_lidar.ply,0.25,200,0.8,0.51905,-0.00381,3108,0.00772,0.99995,0.00635
003108_lcam_front_lidar.ply/003108_lcam_front_lidar.ply,0.25,200,0.8,0.41493,-0.03352,3109,0.03102,0.99978,0.09994
003109_lcam_front_lidar.ply/003109_lcam_front_lidar.ply,0.25,200,0.8,0.58151,0.01346,3110,0.00772,0.99995,0.00648
003110_lcam_front_lidar.ply/003110_lcam_front_lidar.ply,0.25,200,0.8,0.47273,-0.01006,3111,0.00769,0.99995,0.00653
003111_lcam_front_lidar.ply/003111_lcam_front_lidar.ply,0.25,200,0.8,0.46187,-0.00994,3112,0.00772,0.99995,0.00648
003112_lcam_front_lidar.ply/003112_lcam_front_lidar.ply,0.25,200,0.8,0.48412,-0.0227,3113,0.03003,0.99997,0.0765
003113_lcam_front_lidar.ply/003113_lcam_front_lidar.ply,0.25,200,0.8,0.44414,0.00266,3114,0.0077,0.99995,0.00652
003114_lcam_front_lidar.ply/003114_lcam_front_lidar.ply,0.25,200,0.8,0.5644,-0.01738,3115,0.0353,0.99992,0.07648
003115_lcam_front_lidar.ply/003115_lcam_front_lidar.ply,0.25,200,0.8,0.64911,-0.00471,3116,0.02964,0.99996,0.05456
003116_lcam_front_lidar.ply/003116_lcam_front_lidar.ply,0.25,200,0.8,0.55128,-0.01083,3117,0.02969,0.99994,0.05631
003117_lcam_front_lidar.ply/003117_lcam_front_lidar.ply,0.25,200,0.8,0.46954,-0.00828,3118,0.00423,0.99983,0.00191
003118_lcam_front_lidar.ply/003118_lcam_front_lidar.ply,0.25,200,0.8,0.86468,-0.0089,3119,0.00777,0.99995,0.00684
003119_lcam_front_lidar.ply/003119_lcam_front_lidar.ply,0.25,200,0.8,0.56583,-0.01,3120,0.00776,0.99995,0.00682
003120_lcam_front_lidar.ply/003120_lcam_front_lidar.ply,0.25,200,0.8,0.58166,-0.01707,3121,0.0078,0.99959,0.02094
003121_lcam_front_lidar.ply/003121_lcam_front_lidar.ply,0.25,200,0.8,0.50651,-0.00298,3122,0.00774,0.99995,0.00689
003122_lcam_front_lidar.ply/003122_lcam_front_lidar.ply,0.25,200,0.8,0.71862,-0.01007,3123,0.00774,0.99995,0.00703
003123_lcam_front_lidar.ply/003123_lcam_front_lidar.ply,0.25,200,0.8,0.54164,-0.01546,3124,0.03463,0.99999,0.07174
003124_lcam_front_lidar.ply/003124_lcam_front_lidar.ply,0.25,200,0.8,0.67596,-0.01875,3125,0.00787,0.99889,0.03539
003125_lcam_front_lidar.ply/003125_lcam_front_lidar.ply,0.25,200,0.8,0.79032,-0.00994,3126,0.00782,0.99889,0.03519
003126_lcam_front_lidar.ply/003126_lcam_front_lidar.ply,0.25,200,0.8,0.69292,0.00311,3127,0.004,0.99982,0.00161
003127_lcam_front_lidar.ply/003127_lcam_front_lidar.ply,0.25,200,0.8,0.74404,-0.01045,3128,0.02851,0.9999,0.05155
003128_lcam_front_lidar.ply/003128_lcam_front_lidar.ply,0.25,200,0.8,0.55407,-0.00829,3129,0.00798,0.99996,0.00708
003129_lcam_front_lidar.ply/003129_lcam_front_lidar.ply,0.25,200,0.8,0.60774,-0.01193,3130,0.03691,1.0,0.06882
003130_lcam_front_lidar.ply/003130_lcam_front_lidar.ply,0.25,200,0.8,0.83204,-0.01029,3131,0.03164,0.99989,0.05885
003131_lcam_front_lidar.ply/003131_lcam_front_lidar.ply,0.25,200,0.8,0.88787,-0.01413,3132,0.03171,0.99994,0.06726
003132_lcam_front_lidar.ply/003132_lcam_front_lidar.ply,0.25,200,0.8,0.68216,-0.01118,3133,0.03838,0.99996,0.08295
003133_lcam_front_lidar.ply/003133_lcam_front_lidar.ply,0.25,200,0.8,0.52935,-0.00873,3134,0.0329,0.99996,0.06945
003134_lcam_front_lidar.ply/003134_lcam_front_lidar.ply,0.25,200,0.8,0.5947,-0.00694,3135,0.03853,0.99998,0.0746
003135_lcam_front_lidar.ply/003135_lcam_front_lidar.ply,0.25,200,0.8,0.69809,-0.01668,3136,0.02963,0.99999,0.07016
003136_lcam_front_lidar.ply/003136_lcam_front_lidar.ply,0.25,200,0.8,0.54239,-0.01052,3137,0.0319,0.99998,0.07574
003137_lcam_front_lidar.ply/003137_lcam_front_lidar.ply,0.25,200,0.8,0.48804,-0.0204,3138,0.03347,0.99981,0.09961
003138_lcam_front_lidar.ply/003138_lcam_front_lidar.ply,0.25,200,0.8,0.6165,-0.01686,3139,0.03349,0.99978,0.11336
003139_lcam_front_lidar.ply/003139_lcam_front_lidar.ply,0.25,200,0.8,0.57678,0.00219,3140,0.00832,0.99921,0.03848
003140_lcam_front_lidar.ply/003140_lcam_front_lidar.ply,0.25,200,0.8,0.55806,-0.01093,3141,0.03871,0.99985,0.1013
003141_lcam_front_lidar.ply/003141_lcam_front_lidar.ply,0.25,200,0.8,0.4125,-0.00911,3142,0.03834,0.99988,0.09878
003142_lcam_front_lidar.ply/003142_lcam_front_lidar.ply,0.25,200,0.8,0.60161,-0.00873,3143,0.03733,0.99989,0.09422
003143_lcam_front_lidar.ply/003143_lcam_front_lidar.ply,0.25,200,0.8,0.60243,-0.00945,3144,0.0293,0.99996,0.07709
003144_lcam_front_lidar.ply/003144_lcam_front_lidar.ply,0.25,200,0.8,0.63191,0.00336,3145,0.00625,0.99994,0.00427
003145_lcam_front_lidar.ply/003145_lcam_front_lidar.ply,0.25,200,0.8,0.64971,-0.02733,3146,0.03061,0.9999,0.08763
003146_lcam_front_lidar.ply/003146_lcam_front_lidar.ply,0.25,200,0.8,0.58762,0.002,3147,0.03751,0.99996,0.07746
003147_lcam_front_lidar.ply/003147_lcam_front_lidar.ply,0.25,200,0.8,0.51411,-0.01453,3148,0.03876,0.9999,0.08899
003148_lcam_front_lidar.ply/003148_lcam_front_lidar.ply,0.25,200,0.8,0.62779,-0.00292,3149,0.00281,0.99856,0.00252
003149_lcam_front_lidar.ply/003149_lcam_front_lidar.ply,0.25,200,0.8,0.57685,-0.01499,3150,0.03026,1.0,0.06782
003150_lcam_front_lidar.ply/003150_lcam_front_lidar.ply,0.25,200,0.8,0.4398,-0.00283,3151,0.00876,0.99935,0.01029
003151_lcam_front_lidar.ply/003151_lcam_front_lidar.ply,0.25,200,0.8,0.53859,-0.03709,3152,0.00827,0.99836,0.0632
003152_lcam_front_lidar.ply/003152_lcam_front_lidar.ply,0.25,200,0.8,0.56041,0.018,3153,0.0083,0.99998,0.00774
003153_lcam_front_lidar.ply/003153_lcam_front_lidar.ply,0.25,200,0.8,0.5122,-0.01808,3154,0.00831,0.99986,0.02388
003154_lcam_front_lidar.ply/003154_lcam_front_lidar.ply,0.25,200,0.8,0.66122,-0.00204,3155,0.00826,0.99998,0.0079
003155_lcam_front_lidar.ply/003155_lcam_front_lidar.ply,0.25,200,0.8,0.64865,-0.01003,3156,0.00824,0.99999,0.00792
003156_lcam_front_lidar.ply/003156_lcam_front_lidar.ply,0.25,200,0.8,0.61096,-0.038,3157,0.00822,0.99831,0.06337
003157_lcam_front_lidar.ply/003157_lcam_front_lidar.ply,0.25,200,0.8,0.57885,0.01003,3158,0.00826,0.99988,0.02387
003158_lcam_front_lidar.ply/003158_lcam_front_lidar.ply,0.25,200,0.8,0.50249,-0.01799,3159,0.00827,0.99966,0.03981
003159_lcam_front_lidar.ply/003159_lcam_front_lidar.ply,0.25,200,0.8,0.70209,0.006,3160,0.00831,0.99999,0.00798
003160_lcam_front_lidar.ply/003160_lcam_front_lidar.ply,0.25,200,0.8,0.61212,-0.01002,3161,0.00828,0.99999,0.00796
003161_lcam_front_lidar.ply/003161_lcam_front_lidar.ply,0.25,200,0.8,0.45172,-0.00915,3162,0.03085,0.99986,0.05136
003162_lcam_front_lidar.ply/003162_lcam_front_lidar.ply,0.25,200,0.8,0.53286,-0.01096,3163,0.02983,0.99992,0.05125
003163_lcam_front_lidar.ply/003163_lcam_front_lidar.ply,0.25,200,0.8,0.65875,-0.01561,3164,0.00499,0.99544,0.01145
003164_lcam_front_lidar.ply/003164_lcam_front_lidar.ply,0.25,200,0.8,0.63827,-0.00429,3165,0.00824,0.99999,0.00791
003165_lcam_front_lidar.ply/003165_lcam_front_lidar.ply,0.25,200,0.8,0.43847,-0.02593,3166,0.00833,0.99979,0.03987
003166_lcam_front_lidar.ply/003166_lcam_front_lidar.ply,0.25,200,0.8,0.61165,0.00599,3167,0.00834,0.99999,0.00797
003167_lcam_front_lidar.ply/003167_lcam_front_lidar.ply,0.25,200,0.8,0.58505,-0.03848,3168,0.00811,0.99862,0.06407
003168_lcam_front_lidar.ply/003168_lcam_front_lidar.ply,0.25,200,0.8,0.55025,0.01089,3169,0.03175,0.99999,0.06997
003169_lcam_front_lidar.ply/003169_lcam_front_lidar.ply,0.25,200,0.8,0.63656,-0.00164,3170,0.0388,1.0,0.06734
003170_lcam_front_lidar.ply/003170_lcam_front_lidar.ply,0.25,200,0.8,0.6216,-0.01188,3171,0.0069,0.99686,0.00635
003171_lcam_front_lidar.ply/003171_lcam_front_lidar.ply,0.25,200,0.8,0.61636,-0.00895,3172,0.03008,0.99992,0.05153
003172_lcam_front_lidar.ply/003172_lcam_front_lidar.ply,0.25,200,0.8,0.49815,-0.01,3173,0.00824,1.0,0.00788
003173_lcam_front_lidar.ply/003173_lcam_front_lidar.ply,0.25,200,0.8,0.44586,-0.0188,3174,0.03079,0.99999,0.07057
003174_lcam_front_lidar.ply/003174_lcam_front_lidar.ply,0.25,200,0.8,0.46974,-0.01232,3175,0.03058,0.99999,0.07479
003175_lcam_front_lidar.ply/003175_lcam_front_lidar.ply,0.25,200,0.8,0.50553,0.00104,3176,0.00807,1.0,0.00769
003176_lcam_front_lidar.ply/003176_lcam_front_lidar.ply,0.25,200,0.8,0.53397,-0.01746,3177,0.03045,1.0,0.06736
003177_lcam_front_lidar.ply/003177_lcam_front_lidar.ply,0.25,200,0.8,0.36041,0.00092,3178,0.03727,0.99999,0.05915
003178_lcam_front_lidar.ply/003178_lcam_front_lidar.ply,0.25,200,0.8,0.40798,-0.012,3179,0.00984,0.99997,0.0083
003179_lcam_front_lidar.ply/003179_lcam_front_lidar.ply,0.25,200,0.8,0.52138,-0.01134,3180,0.00794,1.0,0.00718
003180_lcam_front_lidar.ply/003180_lcam_front_lidar.ply,0.25,200,0.8,0.49514,-0.01112,3181,0.03006,0.99995,0.05364
003181_lcam_front_lidar.ply/003181_lcam_front_lidar.ply,0.25,200,0.8,0.58856,-0.00904,3182,0.00786,1.0,0.00733
