frame_id,epsilon,min_support,normal_threshold,runtime,reward,steps_used,inlier_ratio,plane_normal,residual
000000_lcam_front_lidar.ply/000000_lcam_front_lidar.ply,0.1,800,0.9,0.1649,-0.01,1,0.0,0.0,0.0
000001_lcam_front_lidar.ply/000001_lcam_front_lidar.ply,0.1,800,0.9,0.16158,-0.01,2,0.0,0.0,0.0
000002_lcam_front_lidar.ply/000002_lcam_front_lidar.ply,0.1,800,0.9,0.15947,-0.01,3,0.0,0.0,0.0
000003_lcam_front_lidar.ply/000003_lcam_front_lidar.ply,0.1,800,0.9,0.14037,-0.01,4,0.0,0.0,0.0
000004_lcam_front_lidar.ply/000004_lcam_front_lidar.ply,0.1,800,0.9,0.14997,-0.01,5,0.0,0.0,0.0
000005_lcam_front_lidar.ply/000005_lcam_front_lidar.ply,0.1,800,0.9,0.1192,-0.01,6,0.0,0.0,0.0
000006_lcam_front_lidar.ply/000006_lcam_front_lidar.ply,0.1,800,0.9,0.12877,-0.01,7,0.0,0.0,0.0
000007_lcam_front_lidar.ply/000007_lcam_front_lidar.ply,0.1,800,0.9,0.15172,-0.01,8,0.0,0.0,0.0
000008_lcam_front_lidar.ply/000008_lcam_front_lidar.ply,0.1,800,0.9,0.12939,-0.01,9,0.0,0.0,0.0
000009_lcam_front_lidar.ply/000009_lcam_front_lidar.ply,0.1,800,0.9,0.14249,-0.01,10,0.0,0.0,0.0
000010_lcam_front_lidar.ply/000010_lcam_front_lidar.ply,0.1,800,0.9,0.14801,-0.01,11,0.0,0.0,0.0
000011_lcam_front_lidar.ply/000011_lcam_front_lidar.ply,0.1,800,0.9,0.12837,-0.01,12,0.0,0.0,0.0
000012_lcam_front_lidar.ply/000012_lcam_front_lidar.ply,0.1,800,0.9,0.13995,-0.01,13,0.0,0.0,0.0
000013_lcam_front_lidar.ply/000013_lcam_front_lidar.ply,0.1,800,0.9,0.13283,-0.01,14,0.0,0.0,0.0
000014_lcam_front_lidar.ply/000014_lcam_front_lidar.ply,0.1,800,0.9,0.15041,-0.01,15,0.0,0.0,0.0
000015_lcam_front_lidar.ply/000015_lcam_front_lidar.ply,0.1,800,0.9,0.14051,-0.01,16,0.0,0.0,0.0
000016_lcam_front_lidar.ply/000016_lcam_front_lidar.ply,0.1,800,0.9,0.13447,-0.01,17,0.0,0.0,0.0
000017_lcam_front_lidar.ply/000017_lcam_front_lidar.ply,0.1,800,0.9,0.15654,-0.01,18,0.0,0.0,0.0
000018_lcam_front_lidar.ply/000018_lcam_front_lidar.ply,0.1,800,0.9,0.12767,-0.01,19,0.0,0.0,0.0
000019_lcam_front_lidar.ply/000019_lcam_front_lidar.ply,0.1,800,0.9,0.13257,-0.01,20,0.0,0.0,0.0
000020_lcam_front_lidar.ply/000020_lcam_front_lidar.ply,0.1,800,0.9,0.12641,-0.01,21,0.0,0.0,0.0
000021_lcam_front_lidar.ply/000021_lcam_front_lidar.ply,0.1,800,0.9,0.11517,-0.01,22,0.0,0.0,0.0
000022_lcam_front_lidar.ply/000022_lcam_front_lidar.ply,0.1,800,0.9,0.15857,-0.01,23,0.0,0.0,0.0
000023_lcam_front_lidar.ply/000023_lcam_front_lidar.ply,0.1,800,0.9,0.14216,-0.01,24,0.0,0.0,0.0
000024_lcam_front_lidar.ply/000024_lcam_front_lidar.ply,0.1,800,0.9,0.12076,-0.01,25,0.0,0.0,0.0
000025_lcam_front_lidar.ply/000025_lcam_front_lidar.ply,0.1,800,0.9,0.15051,-0.01,26,0.0,0.0,0.0
000026_lcam_front_lidar.ply/000026_lcam_front_lidar.ply,0.1,800,0.9,0.125,-0.01,27,0.0,0.0,0.0
000027_lcam_front_lidar.ply/000027_lcam_front_lidar.ply,0.1,800,0.9,0.13522,-0.01,28,0.0,0.0,0.0
000028_lcam_front_lidar.ply/000028_lcam_front_lidar.ply,0.1,800,0.9,0.13301,-0.01,29,0.0,0.0,0.0
000029_lcam_front_lidar.ply/000029_lcam_front_lidar.ply,0.1,800,0.9,0.12879,-0.01,30,0.0,0.0,0.0
000030_lcam_front_lidar.ply/000030_lcam_front_lidar.ply,0.1,800,0.9,0.15814,-0.01,31,0.0,0.0,0.0
000031_lcam_front_lidar.ply/000031_lcam_front_lidar.ply,0.1,800,0.9,0.1267,-0.01,32,0.0,0.0,0.0
000032_lcam_front_lidar.ply/000032_lcam_front_lidar.ply,0.1,800,0.9,0.11819,-0.01,33,0.0,0.0,0.0
000033_lcam_front_lidar.ply/000033_lcam_front_lidar.ply,0.1,800,0.9,0.11287,-0.01,34,0.0,0.0,0.0
000034_lcam_front_lidar.ply/000034_lcam_front_lidar.ply,0.1,800,0.9,0.12819,0.04593,35,0.09804,0.01275,0.08804
000035_lcam_front_lidar.ply/000035_lcam_front_lidar.ply,0.1,800,0.9,0.19002,-0.01188,36,0.09565,0.01309,0.08713
000036_lcam_front_lidar.ply/000036_lcam_front_lidar.ply,0.1,800,0.9,0.13467,-0.00335,37,0.10192,0.01174,0.08596
000037_lcam_front_lidar.ply/000037_lcam_front_lidar.ply,0.1,800,0.9,0.13521,-0.01212,38,0.10078,0.01312,0.08833
000038_lcam_front_lidar.ply/000038_lcam_front_lidar.ply,0.1,800,0.9,0.15077,-0.01239,39,0.10003,0.01327,0.09165
000039_lcam_front_lidar.ply/000039_lcam_front_lidar.ply,0.1,800,0.9,0.12329,-0.00747,40,0.10239,0.01216,0.09097
000040_lcam_front_lidar.ply/000040_lcam_front_lidar.ply,0.1,800,0.9,0.13614,-0.01174,41,0.10136,0.009,0.09143
000041_lcam_front_lidar.ply/000041_lcam_front_lidar.ply,0.1,800,0.9,0.11431,-0.06699,42,0.0,0.0,0.0
000042_lcam_front_lidar.ply/000042_lcam_front_lidar.ply,0.1,800,0.9,0.12607,0.04936,43,0.10271,0.00926,0.08948
000043_lcam_front_lidar.ply/000043_lcam_front_lidar.ply,0.1,800,0.9,0.10868,-0.01238,44,0.10136,0.01087,0.09202
000044_lcam_front_lidar.ply/000044_lcam_front_lidar.ply,0.1,800,0.9,0.11644,-0.01085,45,0.1005,0.00932,0.09155
000045_lcam_front_lidar.ply/000045_lcam_front_lidar.ply,0.1,800,0.9,0.14051,-0.01309,46,0.09781,0.01077,0.09279
000046_lcam_front_lidar.ply/000046_lcam_front_lidar.ply,0.1,800,0.9,0.12595,-0.0076,47,0.09779,0.00953,0.08757
000047_lcam_front_lidar.ply/000047_lcam_front_lidar.ply,0.1,800,0.9,0.13597,-0.00452,48,0.10612,0.01116,0.09377
000048_lcam_front_lidar.ply/000048_lcam_front_lidar.ply,0.1,800,0.9,0.12063,-0.07091,49,0.0,0.0,0.0
000049_lcam_front_lidar.ply/000049_lcam_front_lidar.ply,0.1,800,0.9,0.09875,0.04279,50,0.09401,0.02585,0.09018
000050_lcam_front_lidar.ply/000050_lcam_front_lidar.ply,0.1,800,0.9,0.1315,-0.01059,51,0.09609,0.00889,0.09046
000051_lcam_front_lidar.ply/000051_lcam_front_lidar.ply,0.1,800,0.9,0.1208,-0.00758,52,0.09876,0.01143,0.09172
000052_lcam_front_lidar.ply/000052_lcam_front_lidar.ply,0.1,800,0.9,0.16916,-0.01657,53,0.09411,0.01087,0.0954
000053_lcam_front_lidar.ply/000053_lcam_front_lidar.ply,0.1,800,0.9,0.13388,-0.00561,54,0.0943,0.02121,0.09009
000054_lcam_front_lidar.ply/000054_lcam_front_lidar.ply,0.1,800,0.9,0.12527,-0.01288,55,0.09497,0.01338,0.09484
000055_lcam_front_lidar.ply/000055_lcam_front_lidar.ply,0.1,800,0.9,0.13162,-0.00488,56,0.09631,0.02183,0.08981
000056_lcam_front_lidar.ply/000056_lcam_front_lidar.ply,0.1,800,0.9,0.11481,-0.01585,57,0.09448,0.01148,0.09474
000057_lcam_front_lidar.ply/000057_lcam_front_lidar.ply,0.1,800,0.9,0.16273,-0.00528,58,0.0959,0.02327,0.09168
000058_lcam_front_lidar.ply/000058_lcam_front_lidar.ply,0.1,800,0.9,0.1757,-0.01351,59,0.09317,0.02224,0.09293
000059_lcam_front_lidar.ply/000059_lcam_front_lidar.ply,0.1,800,0.9,0.17022,-0.00792,60,0.09582,0.01927,0.09319
000060_lcam_front_lidar.ply/000060_lcam_front_lidar.ply,0.1,800,0.9,0.14183,-0.00511,61,0.09923,0.02238,0.09116
000061_lcam_front_lidar.ply/000061_lcam_front_lidar.ply,0.1,800,0.9,0.15233,-0.00865,62,0.10143,0.02094,0.09244
000062_lcam_front_lidar.ply/000062_lcam_front_lidar.ply,0.1,800,0.9,0.11005,-0.00559,63,0.10511,0.02162,0.09117
000063_lcam_front_lidar.ply/000063_lcam_front_lidar.ply,0.1,800,0.9,0.14713,-0.01045,64,0.10555,0.01884,0.09212
000064_lcam_front_lidar.ply/000064_lcam_front_lidar.ply,0.1,800,0.9,0.25863,-0.01278,65,0.10282,0.01792,0.09193
000065_lcam_front_lidar.ply/000065_lcam_front_lidar.ply,0.1,800,0.9,0.11893,-0.00522,66,0.10731,0.01932,0.09178
000066_lcam_front_lidar.ply/000066_lcam_front_lidar.ply,0.1,800,0.9,0.19937,-0.00827,67,0.11088,0.01741,0.09489
000067_lcam_front_lidar.ply/000067_lcam_front_lidar.ply,0.1,800,0.9,0.09341,-0.00919,68,0.11018,0.01298,0.09056
000068_lcam_front_lidar.ply/000068_lcam_front_lidar.ply,0.1,800,0.9,0.12675,-0.00737,69,0.11268,0.01434,0.09071
000069_lcam_front_lidar.ply/000069_lcam_front_lidar.ply,0.1,800,0.9,0.15792,-0.0132,70,0.11,0.01259,0.09122
000070_lcam_front_lidar.ply/000070_lcam_front_lidar.ply,0.1,800,0.9,0.13553,-0.00815,71,0.11258,0.00772,0.09121
000071_lcam_front_lidar.ply/000071_lcam_front_lidar.ply,0.1,800,0.9,0.13593,-0.00926,72,0.11333,0.01073,0.09215
000072_lcam_front_lidar.ply/000072_lcam_front_lidar.ply,0.1,800,0.9,0.13467,-0.00898,73,0.11507,0.00637,0.0923
000073_lcam_front_lidar.ply/000073_lcam_front_lidar.ply,0.1,800,0.9,0.13697,-0.00843,74,0.11635,0.00979,0.09274
000074_lcam_front_lidar.ply/000074_lcam_front_lidar.ply,0.1,800,0.9,0.1027,-0.08145,75,0.0,0.0,0.0
000075_lcam_front_lidar.ply/000075_lcam_front_lidar.ply,0.1,800,0.9,0.128,-0.01,76,0.0,0.0,0.0
000076_lcam_front_lidar.ply/000076_lcam_front_lidar.ply,0.1,800,0.9,0.12666,0.06587,77,0.12003,0.00746,0.09055
000077_lcam_front_lidar.ply/000077_lcam_front_lidar.ply,0.1,800,0.9,0.11244,-0.08587,78,0.0,0.0,0.0
000078_lcam_front_lidar.ply/000078_lcam_front_lidar.ply,0.1,800,0.9,0.14983,0.06855,79,0.12227,0.00307,0.08837
000079_lcam_front_lidar.ply/000079_lcam_front_lidar.ply,0.1,800,0.9,0.11571,-0.01075,80,0.12287,0.00499,0.09164
000080_lcam_front_lidar.ply/000080_lcam_front_lidar.ply,0.1,800,0.9,0.12207,-0.01375,81,0.11949,0.00583,0.09264
000081_lcam_front_lidar.ply/000081_lcam_front_lidar.ply,0.1,800,0.9,0.10754,-0.00867,82,0.11938,0.00359,0.08906
000082_lcam_front_lidar.ply/000082_lcam_front_lidar.ply,0.1,800,0.9,0.22067,-0.00943,83,0.12078,0.00433,0.09095
000083_lcam_front_lidar.ply/000083_lcam_front_lidar.ply,0.1,800,0.9,0.10411,-0.00987,84,0.11996,0.0023,0.08845
000084_lcam_front_lidar.ply/000084_lcam_front_lidar.ply,0.1,800,0.9,0.14734,-0.00663,85,0.1213,0.00908,0.08642
000085_lcam_front_lidar.ply/000085_lcam_front_lidar.ply,0.1,800,0.9,0.13447,-0.00951,86,0.1245,0.00402,0.09031
000086_lcam_front_lidar.ply/000086_lcam_front_lidar.ply,0.1,800,0.9,0.11213,-0.01151,87,0.121,0.00377,0.08627
000087_lcam_front_lidar.ply/000087_lcam_front_lidar.ply,0.1,800,0.9,0.09317,-0.00438,88,0.12768,0.00751,0.08952
000088_lcam_front_lidar.ply/000088_lcam_front_lidar.ply,0.1,800,0.9,0.10921,-0.00885,89,0.12969,0.00762,0.09125
000089_lcam_front_lidar.ply/000089_lcam_front_lidar.ply,0.1,800,0.9,0.11912,-0.00755,90,0.13127,0.00568,0.08893
000090_lcam_front_lidar.ply/000090_lcam_front_lidar.ply,0.1,800,0.9,0.10035,-0.01089,91,0.12975,0.00155,0.08643
000091_lcam_front_lidar.ply/000091_lcam_front_lidar.ply,0.1,800,0.9,0.09442,-0.00956,92,0.13077,0.00133,0.08752
000092_lcam_front_lidar.ply/000092_lcam_front_lidar.ply,0.1,800,0.9,0.08445,-0.00974,93,0.13133,0.00236,0.08843
000093_lcam_front_lidar.ply/000093_lcam_front_lidar.ply,0.1,800,0.9,0.08911,-0.01028,94,0.13123,0.00404,0.08929
000094_lcam_front_lidar.ply/000094_lcam_front_lidar.ply,0.1,800,0.9,0.09886,-0.00981,95,0.13139,0.00033,0.08812
000095_lcam_front_lidar.ply/000095_lcam_front_lidar.ply,0.1,800,0.9,0.0998,-0.00643,96,0.13288,0.00414,0.0851
000096_lcam_front_lidar.ply/000096_lcam_front_lidar.ply,0.1,800,0.9,0.07724,-0.00707,97,0.13633,0.00317,0.08585
000097_lcam_front_lidar.ply/000097_lcam_front_lidar.ply,0.1,800,0.9,0.07785,-0.01078,98,0.13481,0.00377,0.08455
000098_lcam_front_lidar.ply/000098_lcam_front_lidar.ply,0.1,800,0.9,0.09335,-0.01297,99,0.133,0.00147,0.08618
000099_lcam_front_lidar.ply/000099_lcam_front_lidar.ply,0.1,800,0.9,0.08554,-0.00703,100,0.13514,0.00254,0.08484
000100_lcam_front_lidar.ply/000100_lcam_front_lidar.ply,0.1,800,0.9,0.15099,-0.008,101,0.13716,0.00348,0.08517
000101_lcam_front_lidar.ply/000101_lcam_front_lidar.ply,0.1,800,0.9,0.08541,-0.00477,102,0.14131,0.0039,0.08313
000102_lcam_front_lidar.ply/000102_lcam_front_lidar.ply,0.1,800,0.9,0.08055,-0.0114,103,0.13976,0.00127,0.08204
000103_lcam_front_lidar.ply/000103_lcam_front_lidar.ply,0.1,800,0.9,0.07909,-0.0106,104,0.13999,0.00204,0.08393
000104_lcam_front_lidar.ply/000104_lcam_front_lidar.ply,0.1,800,0.9,0.11699,-0.00933,105,0.14047,0.00024,0.08302
000105_lcam_front_lidar.ply/000105_lcam_front_lidar.ply,0.1,800,0.9,0.09214,-0.00783,106,0.14235,0.0015,0.08282
000106_lcam_front_lidar.ply/000106_lcam_front_lidar.ply,0.1,800,0.9,0.11103,-0.00978,107,0.14182,0.00487,0.08233
000107_lcam_front_lidar.ply/000107_lcam_front_lidar.ply,0.1,800,0.9,0.09977,-0.01245,108,0.13926,0.00424,0.08192
000108_lcam_front_lidar.ply/000108_lcam_front_lidar.ply,0.1,800,0.9,0.07781,-0.00641,109,0.14341,0.00379,0.08289
000109_lcam_front_lidar.ply/000109_lcam_front_lidar.ply,0.1,800,0.9,0.09511,-0.00939,110,0.14221,0.00548,0.07977
000110_lcam_front_lidar.ply/000110_lcam_front_lidar.ply,0.1,800,0.9,0.09652,-0.01351,111,0.14036,0.00292,0.08232
000111_lcam_front_lidar.ply/000111_lcam_front_lidar.ply,0.1,800,0.9,0.06347,-0.0074,112,0.14359,0.00101,0.08301
000112_lcam_front_lidar.ply/000112_lcam_front_lidar.ply,0.1,800,0.9,0.10302,-0.00964,113,0.14378,0.0007,0.08258
000113_lcam_front_lidar.ply/000113_lcam_front_lidar.ply,0.1,800,0.9,0.08877,-0.00539,114,0.14772,0.00357,0.08211
000114_lcam_front_lidar.ply/000114_lcam_front_lidar.ply,0.1,800,0.9,0.08996,-0.0094,115,0.14733,0.00173,0.07956
000115_lcam_front_lidar.ply/000115_lcam_front_lidar.ply,0.1,800,0.9,0.12293,-0.0115,116,0.14625,0.00348,0.08093
000116_lcam_front_lidar.ply/000116_lcam_front_lidar.ply,0.1,800,0.9,0.0865,-0.00798,117,0.14942,0.00042,0.08233
000117_lcam_front_lidar.ply/000117_lcam_front_lidar.ply,0.1,800,0.9,0.09213,-0.01038,118,0.14778,0.00044,0.0798
000118_lcam_front_lidar.ply/000118_lcam_front_lidar.ply,0.1,800,0.9,0.08569,-0.00616,119,0.15204,0.00064,0.08072
000119_lcam_front_lidar.ply/000119_lcam_front_lidar.ply,0.1,800,0.9,0.09905,-0.01053,120,0.1521,0.00029,0.08179
000120_lcam_front_lidar.ply/000120_lcam_front_lidar.ply,0.1,800,0.9,0.10365,-0.01651,121,0.14517,0.00203,0.08149
000121_lcam_front_lidar.ply/000121_lcam_front_lidar.ply,0.1,800,0.9,0.09498,-0.00547,122,0.14935,0.00246,0.08091
000122_lcam_front_lidar.ply/000122_lcam_front_lidar.ply,0.1,800,0.9,0.11707,-0.01071,123,0.14841,0.00071,0.07992
000123_lcam_front_lidar.ply/000123_lcam_front_lidar.ply,0.1,800,0.9,0.08687,-0.00903,124,0.14881,0.00067,0.07876
000124_lcam_front_lidar.ply/000124_lcam_front_lidar.ply,0.1,800,0.9,0.09667,-0.01001,125,0.14882,0.00077,0.07883
000125_lcam_front_lidar.ply/000125_lcam_front_lidar.ply,0.1,800,0.9,0.09343,-0.00605,126,0.15356,0.00122,0.08055
000126_lcam_front_lidar.ply/000126_lcam_front_lidar.ply,0.1,800,0.9,0.09682,-0.00788,127,0.15563,0.00396,0.08127
000127_lcam_front_lidar.ply/000127_lcam_front_lidar.ply,0.1,800,0.9,0.10725,-0.00839,128,0.15638,0.00234,0.07907
000128_lcam_front_lidar.ply/000128_lcam_front_lidar.ply,0.1,800,0.9,0.08119,-0.0093,129,0.15867,0.00061,0.08173
000129_lcam_front_lidar.ply/000129_lcam_front_lidar.ply,0.1,800,0.9,0.09108,-0.01005,130,0.15833,0.00061,0.08117
000130_lcam_front_lidar.ply/000130_lcam_front_lidar.ply,0.1,800,0.9,0.08966,-0.01019,131,0.15742,7e-05,0.07956
000131_lcam_front_lidar.ply/000131_lcam_front_lidar.ply,0.1,800,0.9,0.09726,-0.01117,132,0.15623,0.00227,0.08019
000132_lcam_front_lidar.ply/000132_lcam_front_lidar.ply,0.1,800,0.9,0.10901,-0.12648,133,0.0,0.0,0.0
000133_lcam_front_lidar.ply/000133_lcam_front_lidar.ply,0.1,800,0.9,0.10329,0.10609,134,0.15559,0.00871,0.08162
000134_lcam_front_lidar.ply/000134_lcam_front_lidar.ply,0.1,800,0.9,0.08578,-0.01307,135,0.15219,0.00618,0.08021
000135_lcam_front_lidar.ply/000135_lcam_front_lidar.ply,0.1,800,0.9,0.07232,-0.12301,136,0.0,0.0,0.0
000136_lcam_front_lidar.ply/000136_lcam_front_lidar.ply,0.1,800,0.9,0.10825,0.0997,137,0.14938,0.00856,0.08193
000137_lcam_front_lidar.ply/000137_lcam_front_lidar.ply,0.1,800,0.9,0.10971,-0.01114,138,0.14737,0.00852,0.08017
000138_lcam_front_lidar.ply/000138_lcam_front_lidar.ply,0.1,800,0.9,0.1137,-0.00886,139,0.14707,0.01359,0.07881
000139_lcam_front_lidar.ply/000139_lcam_front_lidar.ply,0.1,800,0.9,0.08581,-0.01796,140,0.14015,0.00861,0.07939
000140_lcam_front_lidar.ply/000140_lcam_front_lidar.ply,0.1,800,0.9,0.09157,-0.0108,141,0.14018,0.00909,0.08121
000141_lcam_front_lidar.ply/000141_lcam_front_lidar.ply,0.1,800,0.9,0.07751,-0.00921,142,0.13955,0.01394,0.07981
000142_lcam_front_lidar.ply/000142_lcam_front_lidar.ply,0.1,800,0.9,0.07486,-0.00993,143,0.14022,0.01267,0.08064
000143_lcam_front_lidar.ply/000143_lcam_front_lidar.ply,0.1,800,0.9,0.09277,-0.00843,144,0.14137,0.01247,0.07972
000144_lcam_front_lidar.ply/000144_lcam_front_lidar.ply,0.1,800,0.9,0.07911,-0.11338,145,0.0,0.0,0.0
000145_lcam_front_lidar.ply/000145_lcam_front_lidar.ply,0.1,800,0.9,0.0777,0.09983,146,0.14766,0.0109,0.07893
000146_lcam_front_lidar.ply/000146_lcam_front_lidar.ply,0.1,800,0.9,0.08115,-0.11983,147,0.0,0.0,0.0
000147_lcam_front_lidar.ply/000147_lcam_front_lidar.ply,0.1,800,0.9,0.07886,0.10274,148,0.14932,0.01603,0.07797
000148_lcam_front_lidar.ply/000148_lcam_front_lidar.ply,0.1,800,0.9,0.0795,-0.00526,149,0.15238,0.02421,0.07706
000149_lcam_front_lidar.ply/000149_lcam_front_lidar.ply,0.1,800,0.9,0.0786,-0.01123,150,0.15119,0.02082,0.07612
000150_lcam_front_lidar.ply/000150_lcam_front_lidar.ply,0.1,800,0.9,0.0987,-0.0128,151,0.14873,0.01783,0.07592
000151_lcam_front_lidar.ply/000151_lcam_front_lidar.ply,0.1,800,0.9,0.08054,-0.01023,152,0.14893,0.01751,0.0767
000152_lcam_front_lidar.ply/000152_lcam_front_lidar.ply,0.1,800,0.9,0.10489,-0.12321,153,0.0,0.0,0.0
000153_lcam_front_lidar.ply/000153_lcam_front_lidar.ply,0.1,800,0.9,0.07398,0.10077,154,0.14577,0.01791,0.07538
000154_lcam_front_lidar.ply/000154_lcam_front_lidar.ply,0.1,800,0.9,0.07925,-0.01414,155,0.14035,0.0239,0.07461
000155_lcam_front_lidar.ply/000155_lcam_front_lidar.ply,0.1,800,0.9,0.07416,-0.00908,156,0.13981,0.025,0.07202
000156_lcam_front_lidar.ply/000156_lcam_front_lidar.ply,0.1,800,0.9,0.08092,-0.01294,157,0.1376,0.02412,0.07323
000157_lcam_front_lidar.ply/000157_lcam_front_lidar.ply,0.1,800,0.9,0.10539,-0.01339,158,0.13369,0.0234,0.07196
000158_lcam_front_lidar.ply/000158_lcam_front_lidar.ply,0.1,800,0.9,0.09788,-0.0031,159,0.13982,0.02762,0.07168
000159_lcam_front_lidar.ply/000159_lcam_front_lidar.ply,0.1,800,0.9,0.09191,-0.11812,160,0.0,0.0,0.0
000160_lcam_front_lidar.ply/000160_lcam_front_lidar.ply,0.1,800,0.9,0.10683,0.0974,161,0.13725,0.03042,0.06883
000161_lcam_front_lidar.ply/000161_lcam_front_lidar.ply,0.1,800,0.9,0.13389,-0.01008,162,0.13797,0.02689,0.06938
000162_lcam_front_lidar.ply/000162_lcam_front_lidar.ply,0.1,800,0.9,0.15325,-0.01145,163,0.13577,0.02877,0.06843
000163_lcam_front_lidar.ply/000163_lcam_front_lidar.ply,0.1,800,0.9,0.08914,-0.00955,164,0.13533,0.03349,0.06807
000164_lcam_front_lidar.ply/000164_lcam_front_lidar.ply,0.1,800,0.9,0.08046,-0.00741,165,0.13764,0.02779,0.06581
000165_lcam_front_lidar.ply/000165_lcam_front_lidar.ply,0.1,800,0.9,0.09954,-0.01277,166,0.13295,0.03401,0.06383
000166_lcam_front_lidar.ply/000166_lcam_front_lidar.ply,0.1,800,0.9,0.11907,-0.01483,167,0.12951,0.02986,0.06537
000167_lcam_front_lidar.ply/000167_lcam_front_lidar.ply,0.1,800,0.9,0.10352,-0.00875,168,0.13018,0.02819,0.0637
000168_lcam_front_lidar.ply/000168_lcam_front_lidar.ply,0.1,800,0.9,0.09716,-0.00812,169,0.1298,0.03433,0.06103
000169_lcam_front_lidar.ply/000169_lcam_front_lidar.ply,0.1,800,0.9,0.09909,-0.0243,170,0.09593,0.0051,0.01312
000170_lcam_front_lidar.ply/000170_lcam_front_lidar.ply,0.1,800,0.9,0.09821,-0.0076,171,0.09867,6e-05,0.01229
000171_lcam_front_lidar.ply/000171_lcam_front_lidar.ply,0.1,800,0.9,0.09725,-0.10254,172,0.0,0.0,0.0
000172_lcam_front_lidar.ply/000172_lcam_front_lidar.ply,0.1,800,0.9,0.11881,0.07873,173,0.09483,0.00202,0.01281
000173_lcam_front_lidar.ply/000173_lcam_front_lidar.ply,0.1,800,0.9,0.09974,-0.00941,174,0.09447,0.00383,0.01145
000174_lcam_front_lidar.ply/000174_lcam_front_lidar.ply,0.1,800,0.9,0.11771,-0.01081,175,0.09439,0.00467,0.01315
000175_lcam_front_lidar.ply/000175_lcam_front_lidar.ply,0.1,800,0.9,0.08933,-0.09851,176,0.0,0.0,0.0
000176_lcam_front_lidar.ply/000176_lcam_front_lidar.ply,0.1,800,0.9,0.12808,0.08002,177,0.09504,0.00757,0.0123
000177_lcam_front_lidar.ply/000177_lcam_front_lidar.ply,0.1,800,0.9,0.09923,-0.01021,178,0.09529,0.00723,0.01312
000178_lcam_front_lidar.ply/000178_lcam_front_lidar.ply,0.1,800,0.9,0.11125,-0.09981,179,0.0,0.0,0.0
000179_lcam_front_lidar.ply/000179_lcam_front_lidar.ply,0.1,800,0.9,0.10315,0.0787,180,0.09517,0.00438,0.01424
000180_lcam_front_lidar.ply/000180_lcam_front_lidar.ply,0.1,800,0.9,0.11446,-0.00774,181,0.09658,0.00355,0.01229
000181_lcam_front_lidar.ply/000181_lcam_front_lidar.ply,0.1,800,0.9,0.08778,-0.00999,182,0.09678,0.00146,0.01203
000182_lcam_front_lidar.ply/000182_lcam_front_lidar.ply,0.1,800,0.9,0.10707,-0.00712,183,0.1075,0.01951,0.03312
000183_lcam_front_lidar.ply/000183_lcam_front_lidar.ply,0.1,800,0.9,0.09518,-0.01265,184,0.10465,0.02073,0.03311
000184_lcam_front_lidar.ply/000184_lcam_front_lidar.ply,0.1,800,0.9,0.10072,-0.01144,185,0.10166,0.01825,0.02927
000185_lcam_front_lidar.ply/000185_lcam_front_lidar.ply,0.1,800,0.9,0.09944,-0.09976,186,0.0,0.0,0.0
000186_lcam_front_lidar.ply/000186_lcam_front_lidar.ply,0.1,800,0.9,0.13659,0.06944,187,0.08903,0.01374,0.0233
000187_lcam_front_lidar.ply/000187_lcam_front_lidar.ply,0.1,800,0.9,0.10497,-0.08944,188,0.0,0.0,0.0
000188_lcam_front_lidar.ply/000188_lcam_front_lidar.ply,0.1,800,0.9,0.11757,-0.01,189,0.0,0.0,0.0
000189_lcam_front_lidar.ply/000189_lcam_front_lidar.ply,0.1,800,0.9,0.11941,-0.01,190,0.0,0.0,0.0
000190_lcam_front_lidar.ply/000190_lcam_front_lidar.ply,0.1,800,0.9,0.13877,-0.01,191,0.0,0.0,0.0
000191_lcam_front_lidar.ply/000191_lcam_front_lidar.ply,0.1,800,0.9,0.09622,-0.01,192,0.0,0.0,0.0
000192_lcam_front_lidar.ply/000192_lcam_front_lidar.ply,0.1,800,0.9,0.14621,-0.01,193,0.0,0.0,0.0
000193_lcam_front_lidar.ply/000193_lcam_front_lidar.ply,0.1,800,0.9,0.11496,-0.01,194,0.0,0.0,0.0
000194_lcam_front_lidar.ply/000194_lcam_front_lidar.ply,0.1,800,0.9,0.13838,-0.01,195,0.0,0.0,0.0
000195_lcam_front_lidar.ply/000195_lcam_front_lidar.ply,0.1,800,0.9,0.11114,-0.01,196,0.0,0.0,0.0
000196_lcam_front_lidar.ply/000196_lcam_front_lidar.ply,0.1,800,0.9,0.11923,-0.01,197,0.0,0.0,0.0
000197_lcam_front_lidar.ply/000197_lcam_front_lidar.ply,0.1,800,0.9,0.10883,-0.01,198,0.0,0.0,0.0
000198_lcam_front_lidar.ply/000198_lcam_front_lidar.ply,0.1,800,0.9,0.11169,-0.01,199,0.0,0.0,0.0
000199_lcam_front_lidar.ply/000199_lcam_front_lidar.ply,0.1,800,0.9,0.11388,-0.01,200,0.0,0.0,0.0
000200_lcam_front_lidar.ply/000200_lcam_front_lidar.ply,0.1,800,0.9,0.1168,-0.01,201,0.0,0.0,0.0
000201_lcam_front_lidar.ply/000201_lcam_front_lidar.ply,0.1,800,0.9,0.14216,-0.01,202,0.0,0.0,0.0
000202_lcam_front_lidar.ply/000202_lcam_front_lidar.ply,0.1,800,0.9,0.12705,-0.01,203,0.0,0.0,0.0
000203_lcam_front_lidar.ply/000203_lcam_front_lidar.ply,0.1,800,0.9,0.14611,-0.01,204,0.0,0.0,0.0
000204_lcam_front_lidar.ply/000204_lcam_front_lidar.ply,0.1,800,0.9,0.11048,-0.01,205,0.0,0.0,0.0
000205_lcam_front_lidar.ply/000205_lcam_front_lidar.ply,0.1,800,0.9,0.13623,-0.01,206,0.0,0.0,0.0
000206_lcam_front_lidar.ply/000206_lcam_front_lidar.ply,0.1,800,0.9,0.10337,-0.01,207,0.0,0.0,0.0
000207_lcam_front_lidar.ply/000207_lcam_front_lidar.ply,0.1,800,0.9,0.11752,-0.01,208,0.0,0.0,0.0
000208_lcam_front_lidar.ply/000208_lcam_front_lidar.ply,0.1,800,0.9,0.11248,-0.01,209,0.0,0.0,0.0
000209_lcam_front_lidar.ply/000209_lcam_front_lidar.ply,0.1,800,0.9,0.11099,-0.01,210,0.0,0.0,0.0
000210_lcam_front_lidar.ply/000210_lcam_front_lidar.ply,0.1,800,0.9,0.11152,-0.01,211,0.0,0.0,0.0
000211_lcam_front_lidar.ply/000211_lcam_front_lidar.ply,0.1,800,0.9,0.13195,-0.01,212,0.0,0.0,0.0
000212_lcam_front_lidar.ply/000212_lcam_front_lidar.ply,0.1,800,0.9,0.13777,-0.01,213,0.0,0.0,0.0
000213_lcam_front_lidar.ply/000213_lcam_front_lidar.ply,0.1,800,0.9,0.12003,-0.01,214,0.0,0.0,0.0
000214_lcam_front_lidar.ply/000214_lcam_front_lidar.ply,0.1,800,0.9,0.15027,-0.01,215,0.0,0.0,0.0
000215_lcam_front_lidar.ply/000215_lcam_front_lidar.ply,0.1,800,0.9,0.13734,-0.01,216,0.0,0.0,0.0
000216_lcam_front_lidar.ply/000216_lcam_front_lidar.ply,0.1,800,0.9,0.16512,-0.01,217,0.0,0.0,0.0
000217_lcam_front_lidar.ply/000217_lcam_front_lidar.ply,0.1,800,0.9,0.12887,-0.01,218,0.0,0.0,0.0
000218_lcam_front_lidar.ply/000218_lcam_front_lidar.ply,0.1,800,0.9,0.16547,-0.01,219,0.0,0.0,0.0
000219_lcam_front_lidar.ply/000219_lcam_front_lidar.ply,0.1,800,0.9,0.12242,-0.01,220,0.0,0.0,0.0
000220_lcam_front_lidar.ply/000220_lcam_front_lidar.ply,0.1,800,0.9,0.1138,-0.01,221,0.0,0.0,0.0
000221_lcam_front_lidar.ply/000221_lcam_front_lidar.ply,0.1,800,0.9,0.20542,-0.01,222,0.0,0.0,0.0
000222_lcam_front_lidar.ply/000222_lcam_front_lidar.ply,0.1,800,0.9,0.11603,-0.01,223,0.0,0.0,0.0
000223_lcam_front_lidar.ply/000223_lcam_front_lidar.ply,0.1,800,0.9,0.13153,-0.01,224,0.0,0.0,0.0
000224_lcam_front_lidar.ply/000224_lcam_front_lidar.ply,0.1,800,0.9,0.13267,-0.01,225,0.0,0.0,0.0
000225_lcam_front_lidar.ply/000225_lcam_front_lidar.ply,0.1,800,0.9,0.16827,0.057,226,0.07273,0.00747,0.0137
000226_lcam_front_lidar.ply/000226_lcam_front_lidar.ply,0.1,800,0.9,0.17918,-0.00838,227,0.07645,0.01199,0.01925
000227_lcam_front_lidar.ply/000227_lcam_front_lidar.ply,0.1,800,0.9,0.20335,-0.07862,228,0.0,0.0,0.0
000228_lcam_front_lidar.ply/000228_lcam_front_lidar.ply,0.1,800,0.9,0.13538,-0.01,229,0.0,0.0,0.0
000229_lcam_front_lidar.ply/000229_lcam_front_lidar.ply,0.1,800,0.9,0.16412,0.06247,230,0.0812,0.00914,0.02019
000230_lcam_front_lidar.ply/000230_lcam_front_lidar.ply,0.1,800,0.9,0.13422,-0.08247,231,0.0,0.0,0.0
000231_lcam_front_lidar.ply/000231_lcam_front_lidar.ply,0.1,800,0.9,0.13341,-0.01,232,0.0,0.0,0.0
000232_lcam_front_lidar.ply/000232_lcam_front_lidar.ply,0.1,800,0.9,0.14235,0.06861,233,0.08841,0.01179,0.02314
000233_lcam_front_lidar.ply/000233_lcam_front_lidar.ply,0.1,800,0.9,0.16914,-0.08861,234,0.0,0.0,0.0
000234_lcam_front_lidar.ply/000234_lcam_front_lidar.ply,0.1,800,0.9,0.15536,0.06859,235,0.09027,0.01366,0.02745
000235_lcam_front_lidar.ply/000235_lcam_front_lidar.ply,0.1,800,0.9,0.15208,-0.00573,236,0.09466,0.01583,0.02835
000236_lcam_front_lidar.ply/000236_lcam_front_lidar.ply,0.1,800,0.9,0.15553,-0.09286,237,0.0,0.0,0.0
000237_lcam_front_lidar.ply/000237_lcam_front_lidar.ply,0.1,800,0.9,0.13658,0.07784,238,0.09952,0.01745,0.0286
000238_lcam_front_lidar.ply/000238_lcam_front_lidar.ply,0.1,800,0.9,0.09912,-0.09784,239,0.0,0.0,0.0
000239_lcam_front_lidar.ply/000239_lcam_front_lidar.ply,0.1,800,0.9,0.1411,0.07862,240,0.10147,0.02143,0.03213
000240_lcam_front_lidar.ply/000240_lcam_front_lidar.ply,0.1,800,0.9,0.10479,-0.00581,241,0.10592,0.01971,0.03215
000241_lcam_front_lidar.ply/000241_lcam_front_lidar.ply,0.1,800,0.9,0.11042,-0.10281,242,0.0,0.0,0.0
000242_lcam_front_lidar.ply/000242_lcam_front_lidar.ply,0.1,800,0.9,0.09792,0.08079,243,0.10443,0.02212,0.03391
000243_lcam_front_lidar.ply/000243_lcam_front_lidar.ply,0.1,800,0.9,0.12536,-0.10079,244,0.0,0.0,0.0
000244_lcam_front_lidar.ply/000244_lcam_front_lidar.ply,0.1,800,0.9,0.09864,-0.01,245,0.0,0.0,0.0
000245_lcam_front_lidar.ply/000245_lcam_front_lidar.ply,0.1,800,0.9,0.11502,-0.01,246,0.0,0.0,0.0
000246_lcam_front_lidar.ply/000246_lcam_front_lidar.ply,0.1,800,0.9,0.09971,-0.01,247,0.0,0.0,0.0
000247_lcam_front_lidar.ply/000247_lcam_front_lidar.ply,0.1,800,0.9,0.1165,-0.01,248,0.0,0.0,0.0
000248_lcam_front_lidar.ply/000248_lcam_front_lidar.ply,0.1,800,0.9,0.10682,0.07682,249,0.09197,0.00745,0.01255
000249_lcam_front_lidar.ply/000249_lcam_front_lidar.ply,0.1,800,0.9,0.13899,-0.01188,250,0.0902,0.00223,0.01121
000250_lcam_front_lidar.ply/000250_lcam_front_lidar.ply,0.1,800,0.9,0.11686,-0.00905,251,0.09111,0.00453,0.0118
000251_lcam_front_lidar.ply/000251_lcam_front_lidar.ply,0.1,800,0.9,0.12045,-0.09589,252,0.0,0.0,0.0
000252_lcam_front_lidar.ply/000252_lcam_front_lidar.ply,0.1,800,0.9,0.10469,0.07537,253,0.09098,0.00284,0.01206
000253_lcam_front_lidar.ply/000253_lcam_front_lidar.ply,0.1,800,0.9,0.12802,-0.09537,254,0.0,0.0,0.0
000254_lcam_front_lidar.ply/000254_lcam_front_lidar.ply,0.1,800,0.9,0.10218,-0.01,255,0.0,0.0,0.0
000255_lcam_front_lidar.ply/000255_lcam_front_lidar.ply,0.1,800,0.9,0.13442,-0.01,256,0.0,0.0,0.0
000256_lcam_front_lidar.ply/000256_lcam_front_lidar.ply,0.1,800,0.9,0.10496,0.07136,257,0.0871,0.00251,0.01223
000257_lcam_front_lidar.ply/000257_lcam_front_lidar.ply,0.1,800,0.9,0.12529,-0.09136,258,0.0,0.0,0.0
000258_lcam_front_lidar.ply/000258_lcam_front_lidar.ply,0.1,800,0.9,0.09871,-0.01,259,0.0,0.0,0.0
000259_lcam_front_lidar.ply/000259_lcam_front_lidar.ply,0.1,800,0.9,0.13243,-0.01,260,0.0,0.0,0.0
000260_lcam_front_lidar.ply/000260_lcam_front_lidar.ply,0.1,800,0.9,0.11014,0.07073,261,0.08619,0.00907,0.01363
000261_lcam_front_lidar.ply/000261_lcam_front_lidar.ply,0.1,800,0.9,0.12446,-0.00186,262,0.11868,0.02575,0.06736
000262_lcam_front_lidar.ply/000262_lcam_front_lidar.ply,0.1,800,0.9,0.0951,-0.01039,263,0.11859,0.02978,0.06916
000263_lcam_front_lidar.ply/000263_lcam_front_lidar.ply,0.1,800,0.9,0.11268,-0.09848,264,0.0,0.0,0.0
000264_lcam_front_lidar.ply/000264_lcam_front_lidar.ply,0.1,800,0.9,0.09263,-0.01,265,0.0,0.0,0.0
000265_lcam_front_lidar.ply/000265_lcam_front_lidar.ply,0.1,800,0.9,0.13778,0.08208,266,0.1196,0.04914,0.06978
000266_lcam_front_lidar.ply/000266_lcam_front_lidar.ply,0.1,800,0.9,0.10241,-0.01111,267,0.12559,0.02426,0.07652
000267_lcam_front_lidar.ply/000267_lcam_front_lidar.ply,0.1,800,0.9,0.11901,-0.10097,268,0.0,0.0,0.0
000268_lcam_front_lidar.ply/000268_lcam_front_lidar.ply,0.1,800,0.9,0.10596,0.07713,269,0.12307,0.01798,0.07728
000269_lcam_front_lidar.ply/000269_lcam_front_lidar.ply,0.1,800,0.9,0.09814,-0.09713,270,0.0,0.0,0.0
000270_lcam_front_lidar.ply/000270_lcam_front_lidar.ply,0.1,800,0.9,0.09073,-0.01,271,0.0,0.0,0.0
000271_lcam_front_lidar.ply/000271_lcam_front_lidar.ply,0.1,800,0.9,0.12031,0.07301,272,0.12024,0.01365,0.07855
000272_lcam_front_lidar.ply/000272_lcam_front_lidar.ply,0.1,800,0.9,0.08332,-0.0746,273,0.03021,0.00949,0.02645
000273_lcam_front_lidar.ply/000273_lcam_front_lidar.ply,0.1,800,0.9,0.12688,0.05359,274,0.11226,0.05406,0.07674
000274_lcam_front_lidar.ply/000274_lcam_front_lidar.ply,0.1,800,0.9,0.09704,-0.01056,275,0.12187,0.00354,0.08192
000275_lcam_front_lidar.ply/000275_lcam_front_lidar.ply,0.1,800,0.9,0.10642,-0.09144,276,0.0,0.0,0.0
000276_lcam_front_lidar.ply/000276_lcam_front_lidar.ply,0.1,800,0.9,0.10029,0.07073,277,0.12169,9e-05,0.08193
000277_lcam_front_lidar.ply/000277_lcam_front_lidar.ply,0.1,800,0.9,0.1079,-0.01125,278,0.11865,0.00451,0.07969
000278_lcam_front_lidar.ply/000278_lcam_front_lidar.ply,0.1,800,0.9,0.09928,-0.01213,279,0.11685,0.00175,0.07951
000279_lcam_front_lidar.ply/000279_lcam_front_lidar.ply,0.1,800,0.9,0.09526,-0.05507,280,0.04801,0.01306,0.03536
000280_lcam_front_lidar.ply/000280_lcam_front_lidar.ply,0.1,800,0.9,0.10552,0.03475,281,0.11718,0.00148,0.08072
000281_lcam_front_lidar.ply/000281_lcam_front_lidar.ply,0.1,800,0.9,0.15125,-0.00651,282,0.12111,0.00239,0.08187
000282_lcam_front_lidar.ply/000282_lcam_front_lidar.ply,0.1,800,0.9,0.1054,-0.09054,283,0.0,0.0,0.0
000283_lcam_front_lidar.ply/000283_lcam_front_lidar.ply,0.1,800,0.9,0.15661,0.13339,284,0.18079,0.01563,0.07947
000284_lcam_front_lidar.ply/000284_lcam_front_lidar.ply,0.1,800,0.9,0.15269,-0.01005,285,0.17943,0.01862,0.07775
000285_lcam_front_lidar.ply/000285_lcam_front_lidar.ply,0.1,800,0.9,0.13349,-0.01205,286,0.17809,0.01677,0.07863
000286_lcam_front_lidar.ply/000286_lcam_front_lidar.ply,0.1,800,0.9,0.13072,-0.00951,287,0.17506,0.01976,0.07248
000287_lcam_front_lidar.ply/000287_lcam_front_lidar.ply,0.1,800,0.9,0.14282,-0.01183,288,0.1736,0.01387,0.07145
000288_lcam_front_lidar.ply/000288_lcam_front_lidar.ply,0.1,800,0.9,0.15591,-0.01479,289,0.17114,0.01456,0.07631
000289_lcam_front_lidar.ply/000289_lcam_front_lidar.ply,0.1,800,0.9,0.16082,-0.01586,290,0.16565,0.01395,0.07685
000290_lcam_front_lidar.ply/000290_lcam_front_lidar.ply,0.1,800,0.9,0.17167,-0.00731,291,0.16908,0.01961,0.08003
000291_lcam_front_lidar.ply/000291_lcam_front_lidar.ply,0.1,800,0.9,0.13723,-0.00893,292,0.17215,0.01662,0.08313
000292_lcam_front_lidar.ply/000292_lcam_front_lidar.ply,0.1,800,0.9,0.15879,-0.0106,293,0.17068,0.01492,0.08089
000293_lcam_front_lidar.ply/000293_lcam_front_lidar.ply,0.1,800,0.9,0.16502,0.03308,294,0.04907,0.99999,0.04701
000294_lcam_front_lidar.ply/000294_lcam_front_lidar.ply,0.1,800,0.9,0.20728,-0.01602,295,0.0416,0.99999,0.04411
000295_lcam_front_lidar.ply/000295_lcam_front_lidar.ply,0.1,800,0.9,0.13475,-0.05091,296,0.16558,0.01866,0.07947
000296_lcam_front_lidar.ply/000296_lcam_front_lidar.ply,0.1,800,0.9,0.14926,-0.01529,297,0.16229,0.0171,0.083
000297_lcam_front_lidar.ply/000297_lcam_front_lidar.ply,0.1,800,0.9,0.20923,-0.01463,298,0.15681,0.01741,0.0814
000298_lcam_front_lidar.ply/000298_lcam_front_lidar.ply,0.1,800,0.9,0.13497,-0.12872,299,0.0,0.0,0.0
000299_lcam_front_lidar.ply/000299_lcam_front_lidar.ply,0.1,800,0.9,0.16128,-0.01,300,0.0,0.0,0.0
000300_lcam_front_lidar.ply/000300_lcam_front_lidar.ply,0.1,800,0.9,0.1363,0.05475,301,0.0972,0.01627,0.06977
000301_lcam_front_lidar.ply/000301_lcam_front_lidar.ply,0.1,800,0.9,0.16219,0.03255,302,0.14574,0.01186,0.08044
000302_lcam_front_lidar.ply/000302_lcam_front_lidar.ply,0.1,800,0.9,0.17855,-0.0157,303,0.13925,0.01679,0.08033
000303_lcam_front_lidar.ply/000303_lcam_front_lidar.ply,0.1,800,0.9,0.15676,-0.01295,304,0.13594,0.01874,0.08019
000304_lcam_front_lidar.ply/000304_lcam_front_lidar.ply,0.1,800,0.9,0.13545,-0.10865,305,0.0,0.0,0.0
000305_lcam_front_lidar.ply/000305_lcam_front_lidar.ply,0.1,800,0.9,0.16376,0.06222,306,0.10771,0.01609,0.07581
000306_lcam_front_lidar.ply/000306_lcam_front_lidar.ply,0.1,800,0.9,0.14963,0.07638,307,0.03351,1.0,0.04983
000307_lcam_front_lidar.ply/000307_lcam_front_lidar.ply,0.1,800,0.9,0.17511,-0.1033,308,0.1012,0.02475,0.07922
000308_lcam_front_lidar.ply/000308_lcam_front_lidar.ply,0.1,800,0.9,0.129,-0.0131,309,0.0886,0.0221,0.05945
000309_lcam_front_lidar.ply/000309_lcam_front_lidar.ply,0.1,800,0.9,0.14824,0.09802,310,0.03503,1.0,0.02964
000310_lcam_front_lidar.ply/000310_lcam_front_lidar.ply,0.1,800,0.9,0.16129,-0.11903,311,0.08388,0.01459,0.04978
000311_lcam_front_lidar.ply/000311_lcam_front_lidar.ply,0.1,800,0.9,0.14278,-0.00692,312,0.09292,0.01506,0.06184
000312_lcam_front_lidar.ply/000312_lcam_front_lidar.ply,0.1,800,0.9,0.15066,-0.07426,313,0.0,0.0,0.0
000313_lcam_front_lidar.ply/000313_lcam_front_lidar.ply,0.1,800,0.9,0.13296,-0.01,314,0.0,0.0,0.0
000314_lcam_front_lidar.ply/000314_lcam_front_lidar.ply,0.1,800,0.9,0.1508,0.06845,315,0.09841,0.03179,0.04946
000315_lcam_front_lidar.ply/000315_lcam_front_lidar.ply,0.1,800,0.9,0.10328,-0.00836,316,0.09802,0.02929,0.04464
000316_lcam_front_lidar.ply/000316_lcam_front_lidar.ply,0.1,800,0.9,0.09962,-0.00179,317,0.10347,0.02286,0.03721
000317_lcam_front_lidar.ply/000317_lcam_front_lidar.ply,0.1,800,0.9,0.09859,-0.02065,318,0.09091,0.01622,0.03139
000318_lcam_front_lidar.ply/000318_lcam_front_lidar.ply,0.1,800,0.9,0.09458,-0.08765,319,0.0,0.0,0.0
000319_lcam_front_lidar.ply/000319_lcam_front_lidar.ply,0.1,800,0.9,0.10851,-0.01,320,0.0,0.0,0.0
000320_lcam_front_lidar.ply/000320_lcam_front_lidar.ply,0.1,800,0.9,0.10851,-0.01,321,0.0,0.0,0.0
000321_lcam_front_lidar.ply/000321_lcam_front_lidar.ply,0.1,800,0.9,0.09595,-0.01,322,0.0,0.0,0.0
000322_lcam_front_lidar.ply/000322_lcam_front_lidar.ply,0.1,800,0.9,0.10888,-0.01,323,0.0,0.0,0.0
000323_lcam_front_lidar.ply/000323_lcam_front_lidar.ply,0.1,800,0.9,0.1099,-0.01,324,0.0,0.0,0.0
000324_lcam_front_lidar.ply/000324_lcam_front_lidar.ply,0.1,800,0.9,0.10976,-0.01,325,0.0,0.0,0.0
000325_lcam_front_lidar.ply/000325_lcam_front_lidar.ply,0.1,800,0.9,0.11385,-0.01,326,0.0,0.0,0.0
000326_lcam_front_lidar.ply/000326_lcam_front_lidar.ply,0.1,800,0.9,0.10153,-0.01,327,0.0,0.0,0.0
000327_lcam_front_lidar.ply/000327_lcam_front_lidar.ply,0.1,800,0.9,0.10866,-0.01,328,0.0,0.0,0.0
000328_lcam_front_lidar.ply/000328_lcam_front_lidar.ply,0.1,800,0.9,0.10088,-0.01,329,0.0,0.0,0.0
000329_lcam_front_lidar.ply/000329_lcam_front_lidar.ply,0.1,800,0.9,0.11127,-0.01,330,0.0,0.0,0.0
000330_lcam_front_lidar.ply/000330_lcam_front_lidar.ply,0.1,800,0.9,0.1148,-0.01,331,0.0,0.0,0.0
000331_lcam_front_lidar.ply/000331_lcam_front_lidar.ply,0.1,800,0.9,0.11078,-0.01,332,0.0,0.0,0.0
000332_lcam_front_lidar.ply/000332_lcam_front_lidar.ply,0.1,800,0.9,0.11224,-0.01,333,0.0,0.0,0.0
000333_lcam_front_lidar.ply/000333_lcam_front_lidar.ply,0.1,800,0.9,0.12681,-0.01,334,0.0,0.0,0.0
000334_lcam_front_lidar.ply/000334_lcam_front_lidar.ply,0.1,800,0.9,0.09524,0.07234,335,0.08875,0.0038,0.01395
000335_lcam_front_lidar.ply/000335_lcam_front_lidar.ply,0.1,800,0.9,0.10528,-0.00015,336,0.10058,0.02378,0.02389
000336_lcam_front_lidar.ply/000336_lcam_front_lidar.ply,0.1,800,0.9,0.08894,-0.00807,337,0.09843,0.00234,0.00932
000337_lcam_front_lidar.ply/000337_lcam_front_lidar.ply,0.1,800,0.9,0.08681,-0.00872,338,0.09902,0.00093,0.0075
000338_lcam_front_lidar.ply/000338_lcam_front_lidar.ply,0.1,800,0.9,0.13599,-0.01491,339,0.0938,0.01062,0.00979
000339_lcam_front_lidar.ply/000339_lcam_front_lidar.ply,0.1,800,0.9,0.26115,-0.01569,340,0.09021,0.00331,0.0118
000340_lcam_front_lidar.ply/000340_lcam_front_lidar.ply,0.1,800,0.9,0.14497,-0.0948,341,0.0,0.0,0.0
000341_lcam_front_lidar.ply/000341_lcam_front_lidar.ply,0.1,800,0.9,0.11786,0.07433,342,0.08892,0.00341,0.01021
000342_lcam_front_lidar.ply/000342_lcam_front_lidar.ply,0.1,800,0.9,0.14562,-0.09433,343,0.0,0.0,0.0
000343_lcam_front_lidar.ply/000343_lcam_front_lidar.ply,0.1,800,0.9,0.16316,-0.01,344,0.0,0.0,0.0
000344_lcam_front_lidar.ply/000344_lcam_front_lidar.ply,0.1,800,0.9,0.1819,-0.01,345,0.0,0.0,0.0
000345_lcam_front_lidar.ply/000345_lcam_front_lidar.ply,0.1,800,0.9,0.13858,-0.01,346,0.0,0.0,0.0
000346_lcam_front_lidar.ply/000346_lcam_front_lidar.ply,0.1,800,0.9,0.15856,0.12282,347,0.1699,0.03706,0.08528
000347_lcam_front_lidar.ply/000347_lcam_front_lidar.ply,0.1,800,0.9,0.10792,-0.03482,348,0.14519,0.00042,0.07451
000348_lcam_front_lidar.ply/000348_lcam_front_lidar.ply,0.1,800,0.9,0.15857,-0.0451,349,0.1056,0.00644,0.06733
000349_lcam_front_lidar.ply/000349_lcam_front_lidar.ply,0.1,800,0.9,0.14019,0.06376,350,0.18647,0.03206,0.08925
000350_lcam_front_lidar.ply/000350_lcam_front_lidar.ply,0.1,800,0.9,0.16352,0.01476,351,0.04575,0.99997,0.04867
000351_lcam_front_lidar.ply/000351_lcam_front_lidar.ply,0.1,800,0.9,0.12497,-0.18141,352,0.0,0.0,0.0
000352_lcam_front_lidar.ply/000352_lcam_front_lidar.ply,0.1,800,0.9,0.13046,0.15891,353,0.04463,0.99998,0.05142
000353_lcam_front_lidar.ply/000353_lcam_front_lidar.ply,0.1,800,0.9,0.16018,-0.06226,354,0.163,0.03383,0.10284
000354_lcam_front_lidar.ply/000354_lcam_front_lidar.ply,0.1,800,0.9,0.12973,-0.01169,355,0.16065,0.03032,0.10047
000355_lcam_front_lidar.ply/000355_lcam_front_lidar.ply,0.1,800,0.9,0.16516,0.00544,356,0.17271,0.023,0.09151
000356_lcam_front_lidar.ply/000356_lcam_front_lidar.ply,0.1,800,0.9,0.13157,-0.00945,357,0.17105,0.02558,0.08788
000357_lcam_front_lidar.ply/000357_lcam_front_lidar.ply,0.1,800,0.9,0.13493,-0.02951,358,0.15509,0.02991,0.09628
000358_lcam_front_lidar.ply/000358_lcam_front_lidar.ply,0.1,800,0.9,0.1155,0.0039,359,0.17029,0.02945,0.09873
000359_lcam_front_lidar.ply/000359_lcam_front_lidar.ply,0.1,800,0.9,0.12452,-0.01265,360,0.16645,0.0237,0.09462
000360_lcam_front_lidar.ply/000360_lcam_front_lidar.ply,0.1,800,0.9,0.12587,0.00139,361,0.1732,0.02915,0.087
000361_lcam_front_lidar.ply/000361_lcam_front_lidar.ply,0.1,800,0.9,0.13225,0.00849,362,0.00876,0.99622,0.01125
000362_lcam_front_lidar.ply/000362_lcam_front_lidar.ply,0.1,800,0.9,0.13524,-0.0168,363,0.18933,0.03257,0.09689
000363_lcam_front_lidar.ply/000363_lcam_front_lidar.ply,0.1,800,0.9,0.12989,-0.05105,364,0.14869,0.01209,0.09157
000364_lcam_front_lidar.ply/000364_lcam_front_lidar.ply,0.1,800,0.9,0.15294,-0.0014,365,0.1573,0.02344,0.095
000365_lcam_front_lidar.ply/000365_lcam_front_lidar.ply,0.1,800,0.9,0.14645,-0.02518,366,0.14214,0.0356,0.09869
000366_lcam_front_lidar.ply/000366_lcam_front_lidar.ply,0.1,800,0.9,0.13245,0.0177,367,0.1664,0.03205,0.09075
000367_lcam_front_lidar.ply/000367_lcam_front_lidar.ply,0.1,800,0.9,0.19552,-0.00811,368,0.16704,0.03247,0.08837
000368_lcam_front_lidar.ply/000368_lcam_front_lidar.ply,0.1,800,0.9,0.15275,-0.13773,369,0.0,0.0,0.0
000369_lcam_front_lidar.ply/000369_lcam_front_lidar.ply,0.1,800,0.9,0.15156,-0.01,370,0.0,0.0,0.0
000370_lcam_front_lidar.ply/000370_lcam_front_lidar.ply,0.1,800,0.9,0.17036,0.10468,371,0.15565,0.03557,0.09262
000371_lcam_front_lidar.ply/000371_lcam_front_lidar.ply,0.1,800,0.9,0.12871,-0.12468,372,0.0,0.0,0.0
000372_lcam_front_lidar.ply/000372_lcam_front_lidar.ply,0.1,800,0.9,0.13366,0.10247,373,0.14974,0.04003,0.08656
000373_lcam_front_lidar.ply/000373_lcam_front_lidar.ply,0.1,800,0.9,0.14943,-0.0187,374,0.13799,0.03404,0.07865
000374_lcam_front_lidar.ply/000374_lcam_front_lidar.ply,0.1,800,0.9,0.24351,-0.00542,375,0.13921,0.03438,0.07203
000375_lcam_front_lidar.ply/000375_lcam_front_lidar.ply,0.1,800,0.9,0.1624,-0.01848,376,0.13433,0.03552,0.07957
000376_lcam_front_lidar.ply/000376_lcam_front_lidar.ply,0.1,800,0.9,0.12992,-0.0172,377,0.12866,0.03659,0.08296
000377_lcam_front_lidar.ply/000377_lcam_front_lidar.ply,0.1,800,0.9,0.131,0.03032,378,0.16385,0.03171,0.07124
000378_lcam_front_lidar.ply/000378_lcam_front_lidar.ply,0.1,800,0.9,0.12755,0.00218,379,0.17736,0.03234,0.07409
000379_lcam_front_lidar.ply/000379_lcam_front_lidar.ply,0.1,800,0.9,0.12613,-0.01455,380,0.1722,0.03117,0.07253
000380_lcam_front_lidar.ply/000380_lcam_front_lidar.ply,0.1,800,0.9,0.15289,-0.00365,381,0.17604,0.02933,0.06695
000381_lcam_front_lidar.ply/000381_lcam_front_lidar.ply,0.1,800,0.9,0.11074,-0.01941,382,0.16814,0.03138,0.07058
000382_lcam_front_lidar.ply/000382_lcam_front_lidar.ply,0.1,800,0.9,0.15922,-0.01715,383,0.16073,0.02867,0.06926
000383_lcam_front_lidar.ply/000383_lcam_front_lidar.ply,0.1,800,0.9,0.11602,-0.02212,384,0.14614,0.01195,0.05931
000384_lcam_front_lidar.ply/000384_lcam_front_lidar.ply,0.1,800,0.9,0.14372,-0.03513,385,0.12286,0.01625,0.0643
000385_lcam_front_lidar.ply/000385_lcam_front_lidar.ply,0.1,800,0.9,0.12503,-0.00758,386,0.12655,0.01756,0.06724
000386_lcam_front_lidar.ply/000386_lcam_front_lidar.ply,0.1,800,0.9,0.13799,-0.00702,387,0.12981,0.01857,0.06811
000387_lcam_front_lidar.ply/000387_lcam_front_lidar.ply,0.1,800,0.9,0.1445,-0.01227,388,0.12746,0.01935,0.06819
000388_lcam_front_lidar.ply/000388_lcam_front_lidar.ply,0.1,800,0.9,0.13686,-0.01039,389,0.12712,0.02276,0.06931
000389_lcam_front_lidar.ply/000389_lcam_front_lidar.ply,0.1,800,0.9,0.15938,-0.06637,390,0.0617,0.01143,0.04784
000390_lcam_front_lidar.ply/000390_lcam_front_lidar.ply,0.1,800,0.9,0.13222,0.06282,391,0.14503,0.02115,0.07177
000391_lcam_front_lidar.ply/000391_lcam_front_lidar.ply,0.1,800,0.9,0.16656,-0.05607,392,0.1026,0.03671,0.08372
000392_lcam_front_lidar.ply/000392_lcam_front_lidar.ply,0.1,800,0.9,0.14928,0.03891,393,0.14795,0.01351,0.06965
000393_lcam_front_lidar.ply/000393_lcam_front_lidar.ply,0.1,800,0.9,0.13649,-0.01018,394,0.14831,0.01374,0.07081
000394_lcam_front_lidar.ply/000394_lcam_front_lidar.ply,0.1,800,0.9,0.11234,-0.01382,395,0.14584,0.01605,0.07421
000395_lcam_front_lidar.ply/000395_lcam_front_lidar.ply,0.1,800,0.9,0.11644,-0.00828,396,0.14886,0.00995,0.07498
000396_lcam_front_lidar.ply/000396_lcam_front_lidar.ply,0.1,800,0.9,0.14792,-0.05549,397,0.10733,0.01856,0.08548
000397_lcam_front_lidar.ply/000397_lcam_front_lidar.ply,0.1,800,0.9,0.12312,-0.01179,398,0.10558,0.02122,0.08635
000398_lcam_front_lidar.ply/000398_lcam_front_lidar.ply,0.1,800,0.9,0.14155,-0.012,399,0.10431,0.01789,0.08681
000399_lcam_front_lidar.ply/000399_lcam_front_lidar.ply,0.1,800,0.9,0.12336,-0.0126,400,0.10237,0.01977,0.08872
000400_lcam_front_lidar.ply/000400_lcam_front_lidar.ply,0.1,800,0.9,0.13656,-0.07098,401,0.0,0.0,0.0
000401_lcam_front_lidar.ply/000401_lcam_front_lidar.ply,0.1,800,0.9,0.12837,-0.01,402,0.0,0.0,0.0
000402_lcam_front_lidar.ply/000402_lcam_front_lidar.ply,0.1,800,0.9,0.13942,0.06305,403,0.11283,0.01438,0.08388
000403_lcam_front_lidar.ply/000403_lcam_front_lidar.ply,0.1,800,0.9,0.12714,-0.00914,404,0.11288,0.01696,0.08303
000404_lcam_front_lidar.ply/000404_lcam_front_lidar.ply,0.1,800,0.9,0.12457,-0.01143,405,0.11324,0.01985,0.08748
000405_lcam_front_lidar.ply/000405_lcam_front_lidar.ply,0.1,800,0.9,0.12309,-0.01303,406,0.11092,0.02086,0.0892
000406_lcam_front_lidar.ply/000406_lcam_front_lidar.ply,0.1,800,0.9,0.13581,0.00597,407,0.12388,0.01943,0.08276
000407_lcam_front_lidar.ply/000407_lcam_front_lidar.ply,0.1,800,0.9,0.15708,-0.02792,408,0.10604,0.02511,0.0846
000408_lcam_front_lidar.ply/000408_lcam_front_lidar.ply,0.1,800,0.9,0.12957,-0.0099,409,0.10455,0.03017,0.08294
000409_lcam_front_lidar.ply/000409_lcam_front_lidar.ply,0.1,800,0.9,0.15438,-0.01249,410,0.10271,0.02649,0.08312
000410_lcam_front_lidar.ply/000410_lcam_front_lidar.ply,0.1,800,0.9,0.13779,-0.01503,411,0.09592,0.02673,0.07969
000411_lcam_front_lidar.ply/000411_lcam_front_lidar.ply,0.1,800,0.9,0.12535,-0.07009,412,0.0,0.0,0.0
000412_lcam_front_lidar.ply/000412_lcam_front_lidar.ply,0.1,800,0.9,0.13292,0.04873,413,0.09155,0.02488,0.0731
000413_lcam_front_lidar.ply/000413_lcam_front_lidar.ply,0.1,800,0.9,0.14433,-0.03601,414,0.072,0.01075,0.08178
000414_lcam_front_lidar.ply/000414_lcam_front_lidar.ply,0.1,800,0.9,0.14711,-0.00303,415,0.07924,0.00199,0.07969
000415_lcam_front_lidar.ply/000415_lcam_front_lidar.ply,0.1,800,0.9,0.11642,-0.04969,416,0.0,0.0,0.0
000416_lcam_front_lidar.ply/000416_lcam_front_lidar.ply,0.1,800,0.9,0.16556,-0.01,417,0.0,0.0,0.0
000417_lcam_front_lidar.ply/000417_lcam_front_lidar.ply,0.1,800,0.9,0.12959,0.02738,418,0.07621,0.00131,0.07805
000418_lcam_front_lidar.ply/000418_lcam_front_lidar.ply,0.1,800,0.9,0.12779,-0.00889,419,0.07899,0.01322,0.08495
000419_lcam_front_lidar.ply/000419_lcam_front_lidar.ply,0.1,800,0.9,0.13436,-0.01172,420,0.07648,0.01407,0.08364
000420_lcam_front_lidar.ply/000420_lcam_front_lidar.ply,0.1,800,0.9,0.12437,-0.0077,421,0.07906,0.01715,0.08512
000421_lcam_front_lidar.ply/000421_lcam_front_lidar.ply,0.1,800,0.9,0.15437,-0.0112,422,0.07626,0.01309,0.08071
000422_lcam_front_lidar.ply/000422_lcam_front_lidar.ply,0.1,800,0.9,0.17128,-0.02248,423,0.06495,0.02408,0.08634
000423_lcam_front_lidar.ply/000423_lcam_front_lidar.ply,0.1,800,0.9,0.16833,-0.0174,424,0.05811,0.02356,0.08729
000424_lcam_front_lidar.ply/000424_lcam_front_lidar.ply,0.1,800,0.9,0.13075,0.00068,425,0.05131,0.01069,0.04849
000425_lcam_front_lidar.ply/000425_lcam_front_lidar.ply,0.1,800,0.9,0.15845,-0.00909,426,0.04351,0.0062,0.02971
000426_lcam_front_lidar.ply/000426_lcam_front_lidar.ply,0.1,800,0.9,0.16989,-0.00473,427,0.07318,0.0248,0.08408
000427_lcam_front_lidar.ply/000427_lcam_front_lidar.ply,0.1,800,0.9,0.13212,-0.00839,428,0.07175,0.03695,0.08166
000428_lcam_front_lidar.ply/000428_lcam_front_lidar.ply,0.1,800,0.9,0.17531,-0.00172,429,0.0721,0.0525,0.07045
000429_lcam_front_lidar.ply/000429_lcam_front_lidar.ply,0.1,800,0.9,0.14491,-0.01473,430,0.07623,0.03768,0.08374
000430_lcam_front_lidar.ply/000430_lcam_front_lidar.ply,0.1,800,0.9,0.13591,-0.00522,431,0.07771,0.0473,0.08002
000431_lcam_front_lidar.ply/000431_lcam_front_lidar.ply,0.1,800,0.9,0.17712,-0.01003,432,0.08139,0.04223,0.08593
000432_lcam_front_lidar.ply/000432_lcam_front_lidar.ply,0.1,800,0.9,0.15358,-0.0118,433,0.07863,0.0398,0.08328
000433_lcam_front_lidar.ply/000433_lcam_front_lidar.ply,0.1,800,0.9,0.16954,-0.01326,434,0.07605,0.04115,0.08504
000434_lcam_front_lidar.ply/000434_lcam_front_lidar.ply,0.1,800,0.9,0.14995,-0.01013,435,0.07501,0.04072,0.08309
000435_lcam_front_lidar.ply/000435_lcam_front_lidar.ply,0.1,800,0.9,0.14242,-0.01107,436,0.07397,0.03928,0.08272
000436_lcam_front_lidar.ply/000436_lcam_front_lidar.ply,0.1,800,0.9,0.13617,-0.00722,437,0.07539,0.03881,0.07985
000437_lcam_front_lidar.ply/000437_lcam_front_lidar.ply,0.1,800,0.9,0.13166,-0.00877,438,0.07657,0.03934,0.07991
000438_lcam_front_lidar.ply/000438_lcam_front_lidar.ply,0.1,800,0.9,0.172,-0.01453,439,0.07207,0.039,0.07987
000439_lcam_front_lidar.ply/000439_lcam_front_lidar.ply,0.1,800,0.9,0.13612,-0.00803,440,0.07302,0.03665,0.07711
000440_lcam_front_lidar.ply/000440_lcam_front_lidar.ply,0.1,800,0.9,0.19178,-0.01841,441,0.06409,0.03532,0.07567
000441_lcam_front_lidar.ply/000441_lcam_front_lidar.ply,0.1,800,0.9,0.14627,-0.04155,442,0.0,0.0,0.0
000442_lcam_front_lidar.ply/000442_lcam_front_lidar.ply,0.1,800,0.9,0.12294,-0.01,443,0.0,0.0,0.0
000443_lcam_front_lidar.ply/000443_lcam_front_lidar.ply,0.1,800,0.9,0.15661,0.0157,444,0.05986,0.02429,0.07561
000444_lcam_front_lidar.ply/000444_lcam_front_lidar.ply,0.1,800,0.9,0.13499,-0.0357,445,0.0,0.0,0.0
000445_lcam_front_lidar.ply/000445_lcam_front_lidar.ply,0.1,800,0.9,0.16812,0.03071,446,0.09326,0.05509,0.12162
000446_lcam_front_lidar.ply/000446_lcam_front_lidar.ply,0.1,800,0.9,0.15642,-0.02306,447,0.05369,0.03757,0.06333
000447_lcam_front_lidar.ply/000447_lcam_front_lidar.ply,0.1,800,0.9,0.15425,0.1224,448,0.03473,0.99992,0.04931
000448_lcam_front_lidar.ply/000448_lcam_front_lidar.ply,0.1,800,0.9,0.13708,-0.17006,449,0.0,0.0,0.0
000449_lcam_front_lidar.ply/000449_lcam_front_lidar.ply,0.1,800,0.9,0.13486,-0.01,450,0.0,0.0,0.0
000450_lcam_front_lidar.ply/000450_lcam_front_lidar.ply,0.1,800,0.9,0.12496,-0.01,451,0.0,0.0,0.0
000451_lcam_front_lidar.ply/000451_lcam_front_lidar.ply,0.1,800,0.9,0.1269,0.01432,452,0.04897,0.02218,0.05596
000452_lcam_front_lidar.ply/000452_lcam_front_lidar.ply,0.1,800,0.9,0.1701,-0.02112,453,0.05395,0.02543,0.08914
000453_lcam_front_lidar.ply/000453_lcam_front_lidar.ply,0.1,800,0.9,0.14395,-0.00301,454,0.05128,0.02693,0.07026
000454_lcam_front_lidar.ply/000454_lcam_front_lidar.ply,0.1,800,0.9,0.18908,0.02186,455,0.11439,0.021,0.13097
000455_lcam_front_lidar.ply/000455_lcam_front_lidar.ply,0.1,800,0.9,0.14413,-0.04442,456,0.04942,0.02868,0.07219
000456_lcam_front_lidar.ply/000456_lcam_front_lidar.ply,0.1,800,0.9,0.16773,-0.01396,457,0.06522,0.02359,0.11019
000457_lcam_front_lidar.ply/000457_lcam_front_lidar.ply,0.1,800,0.9,0.13713,-0.02367,458,0.0,0.0,0.0
000458_lcam_front_lidar.ply/000458_lcam_front_lidar.ply,0.1,800,0.9,0.14288,0.0052,459,0.0658,0.03102,0.11051
000459_lcam_front_lidar.ply/000459_lcam_front_lidar.ply,0.1,800,0.9,0.12466,-0.0252,460,0.0,0.0,0.0
000460_lcam_front_lidar.ply/000460_lcam_front_lidar.ply,0.1,800,0.9,0.13231,0.01119,461,0.05998,0.01462,0.08197
000461_lcam_front_lidar.ply/000461_lcam_front_lidar.ply,0.1,800,0.9,0.14173,-0.03119,462,0.0,0.0,0.0
000462_lcam_front_lidar.ply/000462_lcam_front_lidar.ply,0.1,800,0.9,0.12592,-0.01,463,0.0,0.0,0.0
000463_lcam_front_lidar.ply/000463_lcam_front_lidar.ply,0.1,800,0.9,0.16373,0.01131,464,0.04084,0.00899,0.04176
000464_lcam_front_lidar.ply/000464_lcam_front_lidar.ply,0.1,800,0.9,0.15406,-0.00885,465,0.05055,0.00113,0.05652
000465_lcam_front_lidar.ply/000465_lcam_front_lidar.ply,0.1,800,0.9,0.15391,-0.03246,466,0.0,0.0,0.0
000466_lcam_front_lidar.ply/000466_lcam_front_lidar.ply,0.1,800,0.9,0.16041,0.15809,467,0.04596,0.9999,0.05573
000467_lcam_front_lidar.ply/000467_lcam_front_lidar.ply,0.1,800,0.9,0.16215,-0.02698,468,0.02266,0.99975,0.04303
000468_lcam_front_lidar.ply/000468_lcam_front_lidar.ply,0.1,800,0.9,0.13243,-0.12454,469,0.05491,0.00595,0.03848
000469_lcam_front_lidar.ply/000469_lcam_front_lidar.ply,0.1,800,0.9,0.14488,0.00537,470,0.06679,0.00639,0.03163
000470_lcam_front_lidar.ply/000470_lcam_front_lidar.ply,0.1,800,0.9,0.15813,-0.05533,471,0.06103,0.0201,0.11486
000471_lcam_front_lidar.ply/000471_lcam_front_lidar.ply,0.1,800,0.9,0.12523,0.03595,472,0.07005,0.00383,0.03612
000472_lcam_front_lidar.ply/000472_lcam_front_lidar.ply,0.1,800,0.9,0.16289,-0.00917,473,0.07083,0.00281,0.0357
000473_lcam_front_lidar.ply/000473_lcam_front_lidar.ply,0.1,800,0.9,0.13561,0.00822,474,0.0887,0.01563,0.03884
000474_lcam_front_lidar.ply/000474_lcam_front_lidar.ply,0.1,800,0.9,0.16329,-0.03015,475,0.06905,0.00506,0.03667
000475_lcam_front_lidar.ply/000475_lcam_front_lidar.ply,0.1,800,0.9,0.1317,-0.01172,476,0.06848,0.00355,0.03853
000476_lcam_front_lidar.ply/000476_lcam_front_lidar.ply,0.1,800,0.9,0.14807,-0.01226,477,0.06621,0.00067,0.03766
000477_lcam_front_lidar.ply/000477_lcam_front_lidar.ply,0.1,800,0.9,0.15415,0.00988,478,0.08963,0.01853,0.05008
000478_lcam_front_lidar.ply/000478_lcam_front_lidar.ply,0.1,800,0.9,0.14426,-0.00538,479,0.09271,0.02229,0.04813
000479_lcam_front_lidar.ply/000479_lcam_front_lidar.ply,0.1,800,0.9,0.15873,-0.00589,480,0.0987,0.01715,0.05035
000480_lcam_front_lidar.ply/000480_lcam_front_lidar.ply,0.1,800,0.9,0.15332,-0.03371,481,0.09685,0.03571,0.09965
000481_lcam_front_lidar.ply/000481_lcam_front_lidar.ply,0.1,800,0.9,0.15737,0.02061,482,0.10241,0.00358,0.03991
000482_lcam_front_lidar.ply/000482_lcam_front_lidar.ply,0.1,800,0.9,0.14324,-0.00483,483,0.10446,0.0039,0.03377
000483_lcam_front_lidar.ply/000483_lcam_front_lidar.ply,0.1,800,0.9,0.15017,-0.00828,484,0.11116,0.00702,0.04467
000484_lcam_front_lidar.ply/000484_lcam_front_lidar.ply,0.1,800,0.9,0.1443,0.01336,485,0.13008,0.00159,0.03418
000485_lcam_front_lidar.ply/000485_lcam_front_lidar.ply,0.1,800,0.9,0.13591,-0.03626,486,0.1101,0.02299,0.05315
000486_lcam_front_lidar.ply/000486_lcam_front_lidar.ply,0.1,800,0.9,0.12301,-0.01291,487,0.11017,0.0303,0.0613
000487_lcam_front_lidar.ply/000487_lcam_front_lidar.ply,0.1,800,0.9,0.13399,-0.00261,488,0.12019,0.02339,0.06448
000488_lcam_front_lidar.ply/000488_lcam_front_lidar.ply,0.1,800,0.9,0.12675,-0.01509,489,0.11651,0.02243,0.06702
000489_lcam_front_lidar.ply/000489_lcam_front_lidar.ply,0.1,800,0.9,0.12495,-0.01125,490,0.11527,0.02001,0.0663
000490_lcam_front_lidar.ply/000490_lcam_front_lidar.ply,0.1,800,0.9,0.18309,-0.00311,491,0.12267,0.01661,0.0663
000491_lcam_front_lidar.ply/000491_lcam_front_lidar.ply,0.1,800,0.9,0.13659,-0.00583,492,0.12444,0.01955,0.06239
000492_lcam_front_lidar.ply/000492_lcam_front_lidar.ply,0.1,800,0.9,0.13807,0.00822,493,0.14152,0.01392,0.0584
000493_lcam_front_lidar.ply/000493_lcam_front_lidar.ply,0.1,800,0.9,0.17579,-0.02628,494,0.12578,0.01187,0.05886
000494_lcam_front_lidar.ply/000494_lcam_front_lidar.ply,0.1,800,0.9,0.16451,-0.00277,495,0.1342,0.01676,0.06271
000495_lcam_front_lidar.ply/000495_lcam_front_lidar.ply,0.1,800,0.9,0.12271,-0.01375,496,0.13213,0.0156,0.06572
000496_lcam_front_lidar.ply/000496_lcam_front_lidar.ply,0.1,800,0.9,0.18557,-0.01634,497,0.12797,0.01835,0.07092
000497_lcam_front_lidar.ply/000497_lcam_front_lidar.ply,0.1,800,0.9,0.15078,-0.00907,498,0.1312,0.02051,0.07615
000498_lcam_front_lidar.ply/000498_lcam_front_lidar.ply,0.1,800,0.9,0.1391,-0.00584,499,0.13523,0.01695,0.07483
000499_lcam_front_lidar.ply/000499_lcam_front_lidar.ply,0.1,800,0.9,0.1273,-0.11036,500,0.0,0.0,0.0
000500_lcam_front_lidar.ply/000500_lcam_front_lidar.ply,0.1,800,0.9,0.13191,-0.01,501,0.0,0.0,0.0
000501_lcam_front_lidar.ply/000501_lcam_front_lidar.ply,0.1,800,0.9,0.13095,-0.01,502,0.0,0.0,0.0
000502_lcam_front_lidar.ply/000502_lcam_front_lidar.ply,0.1,800,0.9,0.14515,-0.01,503,0.0,0.0,0.0
000503_lcam_front_lidar.ply/000503_lcam_front_lidar.ply,0.1,800,0.9,0.1073,0.07826,504,0.12628,0.01518,0.0806
000504_lcam_front_lidar.ply/000504_lcam_front_lidar.ply,0.1,800,0.9,0.12623,-0.09826,505,0.0,0.0,0.0
000505_lcam_front_lidar.ply/000505_lcam_front_lidar.ply,0.1,800,0.9,0.13318,-0.01,506,0.0,0.0,0.0
000506_lcam_front_lidar.ply/000506_lcam_front_lidar.ply,0.1,800,0.9,0.1255,0.08168,507,0.12783,0.02094,0.07858
000507_lcam_front_lidar.ply/000507_lcam_front_lidar.ply,0.1,800,0.9,0.12685,-0.03363,508,0.10729,0.01636,0.08337
000508_lcam_front_lidar.ply/000508_lcam_front_lidar.ply,0.1,800,0.9,0.11307,0.00672,509,0.12191,0.02069,0.08047
000509_lcam_front_lidar.ply/000509_lcam_front_lidar.ply,0.1,800,0.9,0.12461,-0.0179,510,0.11432,0.01927,0.08065
000510_lcam_front_lidar.ply/000510_lcam_front_lidar.ply,0.1,800,0.9,0.13161,-0.0086,511,0.11365,0.02554,0.07839
000511_lcam_front_lidar.ply/000511_lcam_front_lidar.ply,0.1,800,0.9,0.13233,-0.01385,512,0.10889,0.0262,0.07678
000512_lcam_front_lidar.ply/000512_lcam_front_lidar.ply,0.1,800,0.9,0.13014,-0.02707,513,0.09283,0.02658,0.07891
000513_lcam_front_lidar.ply/000513_lcam_front_lidar.ply,0.1,800,0.9,0.1379,-0.00033,514,0.10117,0.03032,0.07737
000514_lcam_front_lidar.ply/000514_lcam_front_lidar.ply,0.1,800,0.9,0.12891,-0.01177,515,0.09736,0.03194,0.07378
000515_lcam_front_lidar.ply/000515_lcam_front_lidar.ply,0.1,800,0.9,0.13508,-0.01322,516,0.10383,0.02352,0.09062
000516_lcam_front_lidar.ply/000516_lcam_front_lidar.ply,0.1,800,0.9,0.15673,-0.07205,517,0.0,0.0,0.0
000517_lcam_front_lidar.ply/000517_lcam_front_lidar.ply,0.1,800,0.9,0.1958,-0.01,518,0.0,0.0,0.0
000518_lcam_front_lidar.ply/000518_lcam_front_lidar.ply,0.1,800,0.9,0.15892,-0.01,519,0.0,0.0,0.0
000519_lcam_front_lidar.ply/000519_lcam_front_lidar.ply,0.1,800,0.9,0.2058,-0.01,520,0.0,0.0,0.0
000520_lcam_front_lidar.ply/000520_lcam_front_lidar.ply,0.1,800,0.9,0.18414,-0.01,521,0.0,0.0,0.0
000521_lcam_front_lidar.ply/000521_lcam_front_lidar.ply,0.1,800,0.9,0.18866,-0.01,522,0.0,0.0,0.0
000522_lcam_front_lidar.ply/000522_lcam_front_lidar.ply,0.1,800,0.9,0.22389,0.02322,523,0.05713,0.01384,0.05197
000523_lcam_front_lidar.ply/000523_lcam_front_lidar.ply,0.1,800,0.9,0.21164,0.12391,524,0.0286,0.99991,0.02291
000524_lcam_front_lidar.ply/000524_lcam_front_lidar.ply,0.1,800,0.9,0.20097,-0.00868,525,0.02925,0.99994,0.02158
000525_lcam_front_lidar.ply/000525_lcam_front_lidar.ply,0.1,800,0.9,0.27659,-0.01164,526,0.02725,0.99996,0.02086
000526_lcam_front_lidar.ply/000526_lcam_front_lidar.ply,0.1,800,0.9,0.19899,0.00468,527,0.05188,0.99997,0.04076
000527_lcam_front_lidar.ply/000527_lcam_front_lidar.ply,0.1,800,0.9,0.24212,-0.02606,528,0.03729,0.99997,0.04369
000528_lcam_front_lidar.ply/000528_lcam_front_lidar.ply,0.1,800,0.9,0.21954,0.00451,529,0.04873,0.99998,0.03757
000529_lcam_front_lidar.ply/000529_lcam_front_lidar.ply,0.1,800,0.9,0.22601,-0.01812,530,0.04118,0.99996,0.03869
000530_lcam_front_lidar.ply/000530_lcam_front_lidar.ply,0.1,800,0.9,0.23301,-0.02707,531,0.02726,0.99996,0.04498
000531_lcam_front_lidar.ply/000531_lcam_front_lidar.ply,0.1,800,0.9,0.26645,-0.00366,532,0.03456,0.99999,0.04691
000532_lcam_front_lidar.ply/000532_lcam_front_lidar.ply,0.1,800,0.9,0.20604,0.00061,533,0.04511,0.99999,0.04681
000533_lcam_front_lidar.ply/000533_lcam_front_lidar.ply,0.1,800,0.9,0.2061,-0.00539,534,0.05071,0.99999,0.04878
000534_lcam_front_lidar.ply/000534_lcam_front_lidar.ply,0.1,800,0.9,0.28577,-0.00797,535,0.05043,0.99999,0.04417
000535_lcam_front_lidar.ply/000535_lcam_front_lidar.ply,0.1,800,0.9,0.17017,-0.00713,536,0.05124,0.99999,0.04006
000536_lcam_front_lidar.ply/000536_lcam_front_lidar.ply,0.1,800,0.9,0.22048,-0.01396,537,0.04594,0.99997,0.03736
000537_lcam_front_lidar.ply/000537_lcam_front_lidar.ply,0.1,800,0.9,0.22008,-0.01641,538,0.0328,0.99994,0.02388
000538_lcam_front_lidar.ply/000538_lcam_front_lidar.ply,0.1,800,0.9,0.24512,-0.03169,539,0.01395,0.99945,0.02941
000539_lcam_front_lidar.ply/000539_lcam_front_lidar.ply,0.1,800,0.9,0.22104,-0.15916,540,0.0,0.0,0.0
000540_lcam_front_lidar.ply/000540_lcam_front_lidar.ply,0.1,800,0.9,0.17422,-0.01,541,0.0,0.0,0.0
000541_lcam_front_lidar.ply/000541_lcam_front_lidar.ply,0.1,800,0.9,0.16161,-0.01,542,0.0,0.0,0.0
000542_lcam_front_lidar.ply/000542_lcam_front_lidar.ply,0.1,800,0.9,0.18867,0.16148,543,0.04157,0.99996,0.04016
000543_lcam_front_lidar.ply/000543_lcam_front_lidar.ply,0.1,800,0.9,0.15583,-0.18148,544,0.0,0.0,0.0
000544_lcam_front_lidar.ply/000544_lcam_front_lidar.ply,0.1,800,0.9,0.19458,0.0177,545,0.05113,0.02533,0.05446
000545_lcam_front_lidar.ply/000545_lcam_front_lidar.ply,0.1,800,0.9,0.16265,-0.00692,546,0.05598,0.02377,0.05753
000546_lcam_front_lidar.ply/000546_lcam_front_lidar.ply,0.1,800,0.9,0.19461,0.00836,547,0.07022,0.02436,0.04945
000547_lcam_front_lidar.ply/000547_lcam_front_lidar.ply,0.1,800,0.9,0.15283,-0.01739,548,0.06642,0.02519,0.05688
000548_lcam_front_lidar.ply/000548_lcam_front_lidar.ply,0.1,800,0.9,0.17076,-0.01035,549,0.06688,0.02789,0.0593
000549_lcam_front_lidar.ply/000549_lcam_front_lidar.ply,0.1,800,0.9,0.13501,-0.0068,550,0.07128,0.02536,0.06095
000550_lcam_front_lidar.ply/000550_lcam_front_lidar.ply,0.1,800,0.9,0.17556,-0.00871,551,0.07006,0.03773,0.05965
000551_lcam_front_lidar.ply/000551_lcam_front_lidar.ply,0.1,800,0.9,0.12729,-0.00952,552,0.07263,0.02586,0.06026
000552_lcam_front_lidar.ply/000552_lcam_front_lidar.ply,0.1,800,0.9,0.11873,-0.01158,553,0.06834,0.03026,0.05617
000553_lcam_front_lidar.ply/000553_lcam_front_lidar.ply,0.1,800,0.9,0.12695,-0.0548,554,0.0,0.0,0.0
000554_lcam_front_lidar.ply/000554_lcam_front_lidar.ply,0.1,800,0.9,0.1279,0.03687,555,0.07404,0.03171,0.06384
000555_lcam_front_lidar.ply/000555_lcam_front_lidar.ply,0.1,800,0.9,0.12294,-0.05687,556,0.0,0.0,0.0
000556_lcam_front_lidar.ply/000556_lcam_front_lidar.ply,0.1,800,0.9,0.1426,0.04073,557,0.08335,0.02533,0.07284
000557_lcam_front_lidar.ply/000557_lcam_front_lidar.ply,0.1,800,0.9,0.1403,-0.01143,558,0.08196,0.02071,0.07152
000558_lcam_front_lidar.ply/000558_lcam_front_lidar.ply,0.1,800,0.9,0.14266,-0.01789,559,0.07658,0.01801,0.07574
000559_lcam_front_lidar.ply/000559_lcam_front_lidar.ply,0.1,800,0.9,0.11819,-0.05142,560,0.0,0.0,0.0
000560_lcam_front_lidar.ply/000560_lcam_front_lidar.ply,0.1,800,0.9,0.12648,-0.01,561,0.0,0.0,0.0
000561_lcam_front_lidar.ply/000561_lcam_front_lidar.ply,0.1,800,0.9,0.14755,-0.01,562,0.0,0.0,0.0
000562_lcam_front_lidar.ply/000562_lcam_front_lidar.ply,0.1,800,0.9,0.12116,-0.01,563,0.0,0.0,0.0
000563_lcam_front_lidar.ply/000563_lcam_front_lidar.ply,0.1,800,0.9,0.15294,-0.01,564,0.0,0.0,0.0
000564_lcam_front_lidar.ply/000564_lcam_front_lidar.ply,0.1,800,0.9,0.12649,0.02528,565,0.07663,0.00682,0.08474
000565_lcam_front_lidar.ply/000565_lcam_front_lidar.ply,0.1,800,0.9,0.11477,-0.04528,566,0.0,0.0,0.0
000566_lcam_front_lidar.ply/000566_lcam_front_lidar.ply,0.1,800,0.9,0.13936,0.02428,567,0.07532,0.00467,0.08349
000567_lcam_front_lidar.ply/000567_lcam_front_lidar.ply,0.1,800,0.9,0.12886,-0.04428,568,0.0,0.0,0.0
000568_lcam_front_lidar.ply/000568_lcam_front_lidar.ply,0.1,800,0.9,0.14575,0.02602,569,0.07761,0.00119,0.08354
000569_lcam_front_lidar.ply/000569_lcam_front_lidar.ply,0.1,800,0.9,0.14849,-0.01504,570,0.07462,0.00715,0.08943
000570_lcam_front_lidar.ply/000570_lcam_front_lidar.ply,0.1,800,0.9,0.13995,-0.00935,571,0.07337,0.00732,0.08567
000571_lcam_front_lidar.ply/000571_lcam_front_lidar.ply,0.1,800,0.9,0.14268,-0.0135,572,0.0696,0.00926,0.08573
000572_lcam_front_lidar.ply/000572_lcam_front_lidar.ply,0.1,800,0.9,0.14451,-0.01278,573,0.06584,0.014,0.08519
000573_lcam_front_lidar.ply/000573_lcam_front_lidar.ply,0.1,800,0.9,0.13454,-0.01294,574,0.06212,0.01645,0.08435
000574_lcam_front_lidar.ply/000574_lcam_front_lidar.ply,0.1,800,0.9,0.17292,0.01181,575,0.06096,0.0143,0.03777
000575_lcam_front_lidar.ply/000575_lcam_front_lidar.ply,0.1,800,0.9,0.14554,-0.01103,576,0.06036,0.01924,0.04012
000576_lcam_front_lidar.ply/000576_lcam_front_lidar.ply,0.1,800,0.9,0.17711,-0.00772,577,0.06241,0.01613,0.03873
000577_lcam_front_lidar.ply/000577_lcam_front_lidar.ply,0.1,800,0.9,0.13544,-0.01042,578,0.06123,0.01814,0.03781
000578_lcam_front_lidar.ply/000578_lcam_front_lidar.ply,0.1,800,0.9,0.17222,-0.0143,579,0.05949,0.0118,0.04102
000579_lcam_front_lidar.ply/000579_lcam_front_lidar.ply,0.1,800,0.9,0.14256,-0.01983,580,0.04752,0.02113,0.03956
000580_lcam_front_lidar.ply/000580_lcam_front_lidar.ply,0.1,800,0.9,0.165,0.00568,581,0.06719,0.00952,0.04406
000581_lcam_front_lidar.ply/000581_lcam_front_lidar.ply,0.1,800,0.9,0.12963,-0.02315,582,0.05376,0.02315,0.04758
000582_lcam_front_lidar.ply/000582_lcam_front_lidar.ply,0.1,800,0.9,0.13857,-0.0093,583,0.05571,0.02234,0.04984
000583_lcam_front_lidar.ply/000583_lcam_front_lidar.ply,0.1,800,0.9,0.14155,-0.00717,584,0.06169,0.0037,0.05056
000584_lcam_front_lidar.ply/000584_lcam_front_lidar.ply,0.1,800,0.9,0.12605,-0.02193,585,0.05287,0.00794,0.05805
000585_lcam_front_lidar.ply/000585_lcam_front_lidar.ply,0.1,800,0.9,0.19289,-0.01103,586,0.05466,0.04236,0.07402
000586_lcam_front_lidar.ply/000586_lcam_front_lidar.ply,0.1,800,0.9,0.13163,0.00207,587,0.06086,0.00759,0.05185
000587_lcam_front_lidar.ply/000587_lcam_front_lidar.ply,0.1,800,0.9,0.14206,-0.01919,588,0.06055,0.04257,0.0801
000588_lcam_front_lidar.ply/000588_lcam_front_lidar.ply,0.1,800,0.9,0.13832,-0.01561,589,0.04787,0.01072,0.05641
000589_lcam_front_lidar.ply/000589_lcam_front_lidar.ply,0.1,800,0.9,0.15226,0.00269,590,0.06743,0.03836,0.07843
000590_lcam_front_lidar.ply/000590_lcam_front_lidar.ply,0.1,800,0.9,0.14159,-0.04397,591,0.0,0.0,0.0
000591_lcam_front_lidar.ply/000591_lcam_front_lidar.ply,0.1,800,0.9,0.13853,0.02787,592,0.07336,0.03697,0.08206
000592_lcam_front_lidar.ply/000592_lcam_front_lidar.ply,0.1,800,0.9,0.16875,-0.00765,593,0.07566,0.04009,0.0829
000593_lcam_front_lidar.ply/000593_lcam_front_lidar.ply,0.1,800,0.9,0.14925,-0.00582,594,0.08063,0.04011,0.0845
000594_lcam_front_lidar.ply/000594_lcam_front_lidar.ply,0.1,800,0.9,0.18613,-0.03366,595,0.0477,0.00423,0.0552
000595_lcam_front_lidar.ply/000595_lcam_front_lidar.ply,0.1,800,0.9,0.14271,0.02253,596,0.09079,0.0363,0.08594
000596_lcam_front_lidar.ply/000596_lcam_front_lidar.ply,0.1,800,0.9,0.15842,-0.0243,597,0.08353,0.02317,0.09608
000597_lcam_front_lidar.ply/000597_lcam_front_lidar.ply,0.1,800,0.9,0.13323,0.00807,598,0.09528,0.03158,0.08597
000598_lcam_front_lidar.ply/000598_lcam_front_lidar.ply,0.1,800,0.9,0.14517,0.00564,599,0.12139,0.09104,0.12475
000599_lcam_front_lidar.ply/000599_lcam_front_lidar.ply,0.1,800,0.9,0.13578,-0.02615,600,0.09517,0.03123,0.08667
000600_lcam_front_lidar.ply/000600_lcam_front_lidar.ply,0.1,800,0.9,0.14371,-0.06652,601,0.0,0.0,0.0
000601_lcam_front_lidar.ply/000601_lcam_front_lidar.ply,0.1,800,0.9,0.14521,-0.01,602,0.0,0.0,0.0
000602_lcam_front_lidar.ply/000602_lcam_front_lidar.ply,0.1,800,0.9,0.15065,-0.01,603,0.0,0.0,0.0
000603_lcam_front_lidar.ply/000603_lcam_front_lidar.ply,0.1,800,0.9,0.1599,-0.01,604,0.0,0.0,0.0
000604_lcam_front_lidar.ply/000604_lcam_front_lidar.ply,0.1,800,0.9,0.15203,0.04435,605,0.0931,0.02713,0.08565
000605_lcam_front_lidar.ply/000605_lcam_front_lidar.ply,0.1,800,0.9,0.17522,-0.01462,606,0.0958,0.04699,0.10625
000606_lcam_front_lidar.ply/000606_lcam_front_lidar.ply,0.1,800,0.9,0.13357,-0.01085,607,0.08918,0.03404,0.09082
000607_lcam_front_lidar.ply/000607_lcam_front_lidar.ply,0.1,800,0.9,0.15536,-0.01226,608,0.08835,0.03054,0.09264
000608_lcam_front_lidar.ply/000608_lcam_front_lidar.ply,0.1,800,0.9,0.13194,-0.00593,609,0.08952,0.02957,0.08656
000609_lcam_front_lidar.ply/000609_lcam_front_lidar.ply,0.1,800,0.9,0.1264,-0.06068,610,0.0,0.0,0.0
000610_lcam_front_lidar.ply/000610_lcam_front_lidar.ply,0.1,800,0.9,0.16168,0.0386,611,0.08768,0.03176,0.0877
000611_lcam_front_lidar.ply/000611_lcam_front_lidar.ply,0.1,800,0.9,0.1466,-0.00935,612,0.08778,0.0304,0.0862
000612_lcam_front_lidar.ply/000612_lcam_front_lidar.ply,0.1,800,0.9,0.17609,-0.01206,613,0.08435,0.03191,0.08389
000613_lcam_front_lidar.ply/000613_lcam_front_lidar.ply,0.1,800,0.9,0.13362,-0.05719,614,0.0,0.0,0.0
000614_lcam_front_lidar.ply/000614_lcam_front_lidar.ply,0.1,800,0.9,0.13863,0.05767,615,0.11312,0.06276,0.10972
000615_lcam_front_lidar.ply/000615_lcam_front_lidar.ply,0.1,800,0.9,0.13043,-0.0116,616,0.1136,0.05965,0.11294
000616_lcam_front_lidar.ply/000616_lcam_front_lidar.ply,0.1,800,0.9,0.1633,-0.02821,617,0.08035,0.0377,0.07627
000617_lcam_front_lidar.ply/000617_lcam_front_lidar.ply,0.1,800,0.9,0.14845,-0.01077,618,0.07906,0.03456,0.0743
000618_lcam_front_lidar.ply/000618_lcam_front_lidar.ply,0.1,800,0.9,0.13483,-0.01226,619,0.07619,0.03534,0.07332
000619_lcam_front_lidar.ply/000619_lcam_front_lidar.ply,0.1,800,0.9,0.1641,-0.01118,620,0.07537,0.03186,0.073
000620_lcam_front_lidar.ply/000620_lcam_front_lidar.ply,0.1,800,0.9,0.13679,-0.00701,621,0.07808,0.02842,0.0714
000621_lcam_front_lidar.ply/000621_lcam_front_lidar.ply,0.1,800,0.9,0.12077,-0.01402,622,0.07318,0.03116,0.07046
000622_lcam_front_lidar.ply/000622_lcam_front_lidar.ply,0.1,800,0.9,0.12839,-0.01168,623,0.07271,0.03036,0.07263
000623_lcam_front_lidar.ply/000623_lcam_front_lidar.ply,0.1,800,0.9,0.12457,-0.00942,624,0.07273,0.03168,0.0719
000624_lcam_front_lidar.ply/000624_lcam_front_lidar.ply,0.1,800,0.9,0.14782,-0.01156,625,0.07195,0.03859,0.07553
000625_lcam_front_lidar.ply/000625_lcam_front_lidar.ply,0.1,800,0.9,0.13008,-0.0135,626,0.06906,0.03652,0.07612
000626_lcam_front_lidar.ply/000626_lcam_front_lidar.ply,0.1,800,0.9,0.15545,-0.01003,627,0.06807,0.02802,0.07166
000627_lcam_front_lidar.ply/000627_lcam_front_lidar.ply,0.1,800,0.9,0.11073,-0.01107,628,0.06369,0.02797,0.06501
000628_lcam_front_lidar.ply/000628_lcam_front_lidar.ply,0.1,800,0.9,0.11073,-0.02174,629,0.07654,0.02166,0.1123
000629_lcam_front_lidar.ply/000629_lcam_front_lidar.ply,0.1,800,0.9,0.12772,-0.01412,630,0.06296,0.01174,0.0904
000630_lcam_front_lidar.ply/000630_lcam_front_lidar.ply,0.1,800,0.9,0.11432,-0.00411,631,0.0556,0.02123,0.06675
000631_lcam_front_lidar.ply/000631_lcam_front_lidar.ply,0.1,800,0.9,0.1561,-0.00946,632,0.05236,0.02104,0.05913
000632_lcam_front_lidar.ply/000632_lcam_front_lidar.ply,0.1,800,0.9,0.13149,-0.0112,633,0.04861,0.00978,0.05066
000633_lcam_front_lidar.ply/000633_lcam_front_lidar.ply,0.1,800,0.9,0.12428,-0.01156,634,0.04953,0.02164,0.05917
000634_lcam_front_lidar.ply/000634_lcam_front_lidar.ply,0.1,800,0.9,0.12674,-0.00753,635,0.06298,0.02217,0.08128
000635_lcam_front_lidar.ply/000635_lcam_front_lidar.ply,0.1,800,0.9,0.12839,-0.0107,636,0.04823,0.01305,0.05046
000636_lcam_front_lidar.ply/000636_lcam_front_lidar.ply,0.1,800,0.9,0.14849,-0.01101,637,0.0509,0.023,0.0608
000637_lcam_front_lidar.ply/000637_lcam_front_lidar.ply,0.1,800,0.9,0.14745,-0.01141,638,0.04823,0.02551,0.05903
000638_lcam_front_lidar.ply/000638_lcam_front_lidar.ply,0.1,800,0.9,0.19074,0.00639,639,0.08952,0.0158,0.10592
000639_lcam_front_lidar.ply/000639_lcam_front_lidar.ply,0.1,800,0.9,0.12672,-0.03798,640,0.04681,0.03568,0.08242
000640_lcam_front_lidar.ply/000640_lcam_front_lidar.ply,0.1,800,0.9,0.15755,-0.00502,641,0.04753,0.04264,0.07599
000641_lcam_front_lidar.ply/000641_lcam_front_lidar.ply,0.1,800,0.9,0.16478,0.00488,642,0.06363,0.01546,0.07028
000642_lcam_front_lidar.ply/000642_lcam_front_lidar.ply,0.1,800,0.9,0.16039,-0.00117,643,0.07059,0.02324,0.06886
000643_lcam_front_lidar.ply/000643_lcam_front_lidar.ply,0.1,800,0.9,0.14838,0.0091,644,0.11666,0.03763,0.12713
000644_lcam_front_lidar.ply/000644_lcam_front_lidar.ply,0.1,800,0.9,0.14947,-0.01093,645,0.11512,0.03683,0.12567
000645_lcam_front_lidar.ply/000645_lcam_front_lidar.ply,0.1,800,0.9,0.17703,-0.02576,646,0.07228,0.02263,0.06723
000646_lcam_front_lidar.ply/000646_lcam_front_lidar.ply,0.1,800,0.9,0.14882,-0.00747,647,0.07499,0.02305,0.06772
000647_lcam_front_lidar.ply/000647_lcam_front_lidar.ply,0.1,800,0.9,0.13111,-0.00911,648,0.07754,0.02168,0.07063
000648_lcam_front_lidar.ply/000648_lcam_front_lidar.ply,0.1,800,0.9,0.13585,-0.00894,649,0.07876,0.02407,0.07167
000649_lcam_front_lidar.ply/000649_lcam_front_lidar.ply,0.1,800,0.9,0.12963,0.0165,650,0.12652,0.05204,0.12257
000650_lcam_front_lidar.ply/000650_lcam_front_lidar.ply,0.1,800,0.9,0.14866,-0.01032,651,0.13649,0.02981,0.13649
000651_lcam_front_lidar.ply/000651_lcam_front_lidar.ply,0.1,800,0.9,0.12083,-0.01751,652,0.12056,0.04824,0.12517
000652_lcam_front_lidar.ply/000652_lcam_front_lidar.ply,0.1,800,0.9,0.12712,-0.00856,653,0.12442,0.03728,0.12672
000653_lcam_front_lidar.ply/000653_lcam_front_lidar.ply,0.1,800,0.9,0.14232,-0.01978,654,0.09443,0.0128,0.07896
000654_lcam_front_lidar.ply/000654_lcam_front_lidar.ply,0.1,800,0.9,0.14271,-0.01068,655,0.08918,0.0167,0.07098
000655_lcam_front_lidar.ply/000655_lcam_front_lidar.ply,0.1,800,0.9,0.18452,0.00106,656,0.1046,0.01333,0.07869
000656_lcam_front_lidar.ply/000656_lcam_front_lidar.ply,0.1,800,0.9,0.12732,-0.03258,657,0.08683,0.02149,0.09076
000657_lcam_front_lidar.ply/000657_lcam_front_lidar.ply,0.1,800,0.9,0.15275,0.01204,658,0.10671,0.01043,0.08311
000658_lcam_front_lidar.ply/000658_lcam_front_lidar.ply,0.1,800,0.9,0.13252,0.00061,659,0.13033,0.0428,0.11886
000659_lcam_front_lidar.ply/000659_lcam_front_lidar.ply,0.1,800,0.9,0.1268,-0.03989,660,0.09106,0.01016,0.0903
000660_lcam_front_lidar.ply/000660_lcam_front_lidar.ply,0.1,800,0.9,0.16306,-0.00992,661,0.09055,0.01225,0.08973
000661_lcam_front_lidar.ply/000661_lcam_front_lidar.ply,0.1,800,0.9,0.1374,-0.00491,662,0.0952,0.0082,0.08763
000662_lcam_front_lidar.ply/000662_lcam_front_lidar.ply,0.1,800,0.9,0.12652,-0.0108,663,0.09482,0.0081,0.08845
000663_lcam_front_lidar.ply/000663_lcam_front_lidar.ply,0.1,800,0.9,0.12506,-0.01324,664,0.09111,0.01115,0.08841
000664_lcam_front_lidar.ply/000664_lcam_front_lidar.ply,0.1,800,0.9,0.11444,-0.00658,665,0.09444,0.01319,0.08885
000665_lcam_front_lidar.ply/000665_lcam_front_lidar.ply,0.1,800,0.9,0.14283,-0.01238,666,0.09394,0.01122,0.09201
000666_lcam_front_lidar.ply/000666_lcam_front_lidar.ply,0.1,800,0.9,0.1324,-0.00144,667,0.10276,0.0349,0.09963
000667_lcam_front_lidar.ply/000667_lcam_front_lidar.ply,0.1,800,0.9,0.11899,-0.00817,668,0.1049,0.02947,0.09862
000668_lcam_front_lidar.ply/000668_lcam_front_lidar.ply,0.1,800,0.9,0.12742,-0.00993,669,0.10353,0.03113,0.09624
000669_lcam_front_lidar.ply/000669_lcam_front_lidar.ply,0.1,800,0.9,0.12228,-0.00669,670,0.10803,0.0316,0.09876
000670_lcam_front_lidar.ply/000670_lcam_front_lidar.ply,0.1,800,0.9,0.12656,-0.00903,671,0.10931,0.02577,0.09763
000671_lcam_front_lidar.ply/000671_lcam_front_lidar.ply,0.1,800,0.9,0.13246,-0.03137,672,0.08239,0.0324,0.08851
000672_lcam_front_lidar.ply/000672_lcam_front_lidar.ply,0.1,800,0.9,0.12294,0.0116,673,0.10822,0.03409,0.09747
000673_lcam_front_lidar.ply/000673_lcam_front_lidar.ply,0.1,800,0.9,0.18167,-0.0746,674,0.0,0.0,0.0
000674_lcam_front_lidar.ply/000674_lcam_front_lidar.ply,0.1,800,0.9,0.13441,0.05894,675,0.10805,0.04206,0.09085
000675_lcam_front_lidar.ply/000675_lcam_front_lidar.ply,0.1,800,0.9,0.12624,-0.00234,676,0.11214,0.0444,0.0844
000676_lcam_front_lidar.ply/000676_lcam_front_lidar.ply,0.1,800,0.9,0.12629,-0.01319,677,0.11819,0.02604,0.09736
000677_lcam_front_lidar.ply/000677_lcam_front_lidar.ply,0.1,800,0.9,0.14546,-0.00916,678,0.11045,0.03943,0.08423
000678_lcam_front_lidar.ply/000678_lcam_front_lidar.ply,0.1,800,0.9,0.17336,-0.00435,679,0.12442,0.01304,0.09294
000679_lcam_front_lidar.ply/000679_lcam_front_lidar.ply,0.1,800,0.9,0.14214,-0.02202,680,0.10803,0.0104,0.08341
000680_lcam_front_lidar.ply/000680_lcam_front_lidar.ply,0.1,800,0.9,0.12983,-0.07788,681,0.0,0.0,0.0
000681_lcam_front_lidar.ply/000681_lcam_front_lidar.ply,0.1,800,0.9,0.12073,0.06575,682,0.11614,0.03561,0.09147
000682_lcam_front_lidar.ply/000682_lcam_front_lidar.ply,0.1,800,0.9,0.13028,-0.00986,683,0.11876,0.03507,0.09627
000683_lcam_front_lidar.ply/000683_lcam_front_lidar.ply,0.1,800,0.9,0.16856,-0.00963,684,0.12226,0.02415,0.09924
000684_lcam_front_lidar.ply/000684_lcam_front_lidar.ply,0.1,800,0.9,0.1298,-0.01224,685,0.12646,0.01147,0.10831
000685_lcam_front_lidar.ply/000685_lcam_front_lidar.ply,0.1,800,0.9,0.13633,-0.01173,686,0.11545,0.03269,0.0961
000686_lcam_front_lidar.ply/000686_lcam_front_lidar.ply,0.1,800,0.9,0.13057,-0.00806,687,0.11119,0.0441,0.08713
000687_lcam_front_lidar.ply/000687_lcam_front_lidar.ply,0.1,800,0.9,0.14144,-0.01357,688,0.11621,0.02637,0.09899
000688_lcam_front_lidar.ply/000688_lcam_front_lidar.ply,0.1,800,0.9,0.17001,-0.01102,689,0.1146,0.02764,0.09818
000689_lcam_front_lidar.ply/000689_lcam_front_lidar.ply,0.1,800,0.9,0.14171,-0.00685,690,0.11455,0.0324,0.09321
000690_lcam_front_lidar.ply/000690_lcam_front_lidar.ply,0.1,800,0.9,0.13398,-0.01058,691,0.11246,0.03869,0.09208
000691_lcam_front_lidar.ply/000691_lcam_front_lidar.ply,0.1,800,0.9,0.1293,-0.01113,692,0.11206,0.03593,0.09272
000692_lcam_front_lidar.ply/000692_lcam_front_lidar.ply,0.1,800,0.9,0.12647,-0.01145,693,0.11495,0.02381,0.09776
000693_lcam_front_lidar.ply/000693_lcam_front_lidar.ply,0.1,800,0.9,0.12496,-0.01143,694,0.11468,0.01797,0.09834
000694_lcam_front_lidar.ply/000694_lcam_front_lidar.ply,0.1,800,0.9,0.12244,-0.0148,695,0.10963,0.01742,0.09767
000695_lcam_front_lidar.ply/000695_lcam_front_lidar.ply,0.1,800,0.9,0.12679,-0.00555,696,0.10829,0.03278,0.09069
000696_lcam_front_lidar.ply/000696_lcam_front_lidar.ply,0.1,800,0.9,0.16793,-0.01601,697,0.1073,0.00731,0.09309
000697_lcam_front_lidar.ply/000697_lcam_front_lidar.ply,0.1,800,0.9,0.11424,-0.0088,698,0.10715,0.00204,0.08882
000698_lcam_front_lidar.ply/000698_lcam_front_lidar.ply,0.1,800,0.9,0.11846,-0.00352,699,0.11336,0.00225,0.08835
000699_lcam_front_lidar.ply/000699_lcam_front_lidar.ply,0.1,800,0.9,0.12675,-0.02379,700,0.09495,0.01079,0.08168
000700_lcam_front_lidar.ply/000700_lcam_front_lidar.ply,0.1,800,0.9,0.11592,-0.00129,701,0.10618,1e-05,0.08348
000701_lcam_front_lidar.ply/000701_lcam_front_lidar.ply,0.1,800,0.9,0.15149,-0.02031,702,0.09541,0.00302,0.08347
000702_lcam_front_lidar.ply/000702_lcam_front_lidar.ply,0.1,800,0.9,0.14731,-0.01402,703,0.09261,0.00643,0.08692
000703_lcam_front_lidar.ply/000703_lcam_front_lidar.ply,0.1,800,0.9,0.1258,-0.00521,704,0.09715,0.00837,0.087
000704_lcam_front_lidar.ply/000704_lcam_front_lidar.ply,0.1,800,0.9,0.14635,-0.0649,705,0.0,0.0,0.0
000705_lcam_front_lidar.ply/000705_lcam_front_lidar.ply,0.1,800,0.9,0.13354,0.0432,706,0.09291,0.01038,0.08254
000706_lcam_front_lidar.ply/000706_lcam_front_lidar.ply,0.1,800,0.9,0.11558,-0.00566,707,0.09692,0.00544,0.0804
000707_lcam_front_lidar.ply/000707_lcam_front_lidar.ply,0.1,800,0.9,0.13227,-0.01463,708,0.09112,0.00708,0.07855
000708_lcam_front_lidar.ply/000708_lcam_front_lidar.ply,0.1,800,0.9,0.14219,-0.00348,709,0.1021,0.00042,0.08547
000709_lcam_front_lidar.ply/000709_lcam_front_lidar.ply,0.1,800,0.9,0.16254,-0.06942,710,0.0,0.0,0.0
000710_lcam_front_lidar.ply/000710_lcam_front_lidar.ply,0.1,800,0.9,0.12079,-0.01,711,0.0,0.0,0.0
000711_lcam_front_lidar.ply/000711_lcam_front_lidar.ply,0.1,800,0.9,0.13703,0.04538,712,0.09953,0.00542,0.08992
000712_lcam_front_lidar.ply/000712_lcam_front_lidar.ply,0.1,800,0.9,0.15309,-0.01462,713,0.09497,0.00621,0.09027
000713_lcam_front_lidar.ply/000713_lcam_front_lidar.ply,0.1,800,0.9,0.14883,-0.00839,714,0.09799,0.00828,0.09373
000714_lcam_front_lidar.ply/000714_lcam_front_lidar.ply,0.1,800,0.9,0.19221,-0.01027,715,0.09321,0.0162,0.0871
000715_lcam_front_lidar.ply/000715_lcam_front_lidar.ply,0.1,800,0.9,0.14618,-0.0621,716,0.0,0.0,0.0
000716_lcam_front_lidar.ply/000716_lcam_front_lidar.ply,0.1,800,0.9,0.1388,0.04559,717,0.10187,0.01129,0.09595
000717_lcam_front_lidar.ply/000717_lcam_front_lidar.ply,0.1,800,0.9,0.15801,-0.0207,718,0.09127,0.01076,0.09599
000718_lcam_front_lidar.ply/000718_lcam_front_lidar.ply,0.1,800,0.9,0.14732,0.11301,719,0.02776,0.99989,0.01968
000719_lcam_front_lidar.ply/000719_lcam_front_lidar.ply,0.1,800,0.9,0.19193,0.00383,720,0.051,0.99998,0.03853
000720_lcam_front_lidar.ply/000720_lcam_front_lidar.ply,0.1,800,0.9,0.1644,-0.19173,721,0.0,0.0,0.0
000721_lcam_front_lidar.ply/000721_lcam_front_lidar.ply,0.1,800,0.9,0.17561,0.16738,722,0.04495,0.99999,0.03514
000722_lcam_front_lidar.ply/000722_lcam_front_lidar.ply,0.1,800,0.9,0.16387,-0.00855,723,0.04574,0.99999,0.03382
000723_lcam_front_lidar.ply/000723_lcam_front_lidar.ply,0.1,800,0.9,0.15488,-0.00764,724,0.04606,0.99999,0.02974
000724_lcam_front_lidar.ply/000724_lcam_front_lidar.ply,0.1,800,0.9,0.1854,-0.00877,725,0.04623,0.99999,0.02762
000725_lcam_front_lidar.ply/000725_lcam_front_lidar.ply,0.1,800,0.9,0.19313,-0.00899,726,0.04535,1.0,0.02385
000726_lcam_front_lidar.ply/000726_lcam_front_lidar.ply,0.1,800,0.9,0.16419,-0.00737,727,0.0459,1.0,0.0197
000727_lcam_front_lidar.ply/000727_lcam_front_lidar.ply,0.1,800,0.9,0.1633,0.00521,728,0.0642,1.0,0.02588
000728_lcam_front_lidar.ply/000728_lcam_front_lidar.ply,0.1,800,0.9,0.18276,-0.02438,729,0.04636,1.0,0.01897
000729_lcam_front_lidar.ply/000729_lcam_front_lidar.ply,0.1,800,0.9,0.1483,-0.19688,730,0.0,0.0,0.0
000730_lcam_front_lidar.ply/000730_lcam_front_lidar.ply,0.1,800,0.9,0.18565,0.173,731,0.04467,1.0,0.02335
000731_lcam_front_lidar.ply/000731_lcam_front_lidar.ply,0.1,800,0.9,0.2148,-0.00972,732,0.04613,1.0,0.0257
000732_lcam_front_lidar.ply/000732_lcam_front_lidar.ply,0.1,800,0.9,0.19592,-0.03368,733,0.0238,0.99999,0.0284
000733_lcam_front_lidar.ply/000733_lcam_front_lidar.ply,0.1,800,0.9,0.23479,-0.00903,734,0.02256,0.99997,0.02397
000734_lcam_front_lidar.ply/000734_lcam_front_lidar.ply,0.1,800,0.9,0.2107,0.003,735,0.03983,1.0,0.03251
000735_lcam_front_lidar.ply/000735_lcam_front_lidar.ply,0.1,800,0.9,0.23947,-0.01017,736,0.03944,0.99999,0.03209
000736_lcam_front_lidar.ply/000736_lcam_front_lidar.ply,0.1,800,0.9,0.19278,-0.00846,737,0.04202,0.99998,0.03415
000737_lcam_front_lidar.ply/000737_lcam_front_lidar.ply,0.1,800,0.9,0.17544,-0.00839,738,0.04426,0.99997,0.03541
000738_lcam_front_lidar.ply/000738_lcam_front_lidar.ply,0.1,800,0.9,0.19964,-0.00961,739,0.04518,0.99997,0.03646
000739_lcam_front_lidar.ply/000739_lcam_front_lidar.ply,0.1,800,0.9,0.1955,-0.01033,740,0.04452,0.99996,0.03579
000740_lcam_front_lidar.ply/000740_lcam_front_lidar.ply,0.1,800,0.9,0.23155,-0.00935,741,0.04667,0.99998,0.0388
000741_lcam_front_lidar.ply/000741_lcam_front_lidar.ply,0.1,800,0.9,0.19924,-0.01078,742,0.04285,0.99997,0.03271
000742_lcam_front_lidar.ply/000742_lcam_front_lidar.ply,0.1,800,0.9,0.23344,-0.01517,743,0.03161,0.99994,0.02058
000743_lcam_front_lidar.ply/000743_lcam_front_lidar.ply,0.1,800,0.9,0.17144,-0.01143,744,0.03107,0.99993,0.02234
000744_lcam_front_lidar.ply/000744_lcam_front_lidar.ply,0.1,800,0.9,0.15819,-0.00973,745,0.03126,0.99993,0.0222
000745_lcam_front_lidar.ply/000745_lcam_front_lidar.ply,0.1,800,0.9,0.1798,-0.01112,746,0.03062,0.99993,0.02317
000746_lcam_front_lidar.ply/000746_lcam_front_lidar.ply,0.1,800,0.9,0.1966,-0.01118,747,0.03031,0.99993,0.0249
000747_lcam_front_lidar.ply/000747_lcam_front_lidar.ply,0.1,800,0.9,0.19428,-0.01171,748,0.03113,0.99993,0.02996
000748_lcam_front_lidar.ply/000748_lcam_front_lidar.ply,0.1,800,0.9,0.18501,-0.09148,749,0.11076,0.01228,0.05589
000749_lcam_front_lidar.ply/000749_lcam_front_lidar.ply,0.1,800,0.9,0.22678,-0.01099,750,0.10937,0.01058,0.05458
000750_lcam_front_lidar.ply/000750_lcam_front_lidar.ply,0.1,800,0.9,0.1882,0.07087,751,0.02259,0.99984,0.01607
000751_lcam_front_lidar.ply/000751_lcam_front_lidar.ply,0.1,800,0.9,0.14763,-0.08998,752,0.11041,0.01293,0.05559
000752_lcam_front_lidar.ply/000752_lcam_front_lidar.ply,0.1,800,0.9,0.15814,0.00447,753,0.12588,0.01054,0.05685
000753_lcam_front_lidar.ply/000753_lcam_front_lidar.ply,0.1,800,0.9,0.17063,-0.02678,754,0.1085,0.01458,0.05686
000754_lcam_front_lidar.ply/000754_lcam_front_lidar.ply,0.1,800,0.9,0.19877,0.00078,755,0.11929,0.01427,0.05679
000755_lcam_front_lidar.ply/000755_lcam_front_lidar.ply,0.1,800,0.9,0.14093,0.00014,756,0.13021,0.01037,0.05718
000756_lcam_front_lidar.ply/000756_lcam_front_lidar.ply,0.1,800,0.9,0.145,-0.00949,757,0.13138,0.01184,0.05894
000757_lcam_front_lidar.ply/000757_lcam_front_lidar.ply,0.1,800,0.9,0.13522,-0.00727,758,0.1346,0.01117,0.05973
000758_lcam_front_lidar.ply/000758_lcam_front_lidar.ply,0.1,800,0.9,0.14364,-0.01086,759,0.13392,0.01164,0.06022
000759_lcam_front_lidar.ply/000759_lcam_front_lidar.ply,0.1,800,0.9,0.24162,-0.01282,760,0.13086,0.01267,0.06005
000760_lcam_front_lidar.ply/000760_lcam_front_lidar.ply,0.1,800,0.9,0.1456,-0.00418,761,0.13652,0.01402,0.06015
000761_lcam_front_lidar.ply/000761_lcam_front_lidar.ply,0.1,800,0.9,0.1865,-0.00974,762,0.13609,0.01677,0.05957
000762_lcam_front_lidar.ply/000762_lcam_front_lidar.ply,0.1,800,0.9,0.13218,-0.00826,763,0.13776,0.01477,0.05884
000763_lcam_front_lidar.ply/000763_lcam_front_lidar.ply,0.1,800,0.9,0.19414,-0.01359,764,0.13562,0.01243,0.06102
000764_lcam_front_lidar.ply/000764_lcam_front_lidar.ply,0.1,800,0.9,0.16377,-0.0077,765,0.13854,0.01107,0.06186
000765_lcam_front_lidar.ply/000765_lcam_front_lidar.ply,0.1,800,0.9,0.16656,-0.01385,766,0.13494,0.0097,0.06196
000766_lcam_front_lidar.ply/000766_lcam_front_lidar.ply,0.1,800,0.9,0.16551,-0.01384,767,0.13135,0.0076,0.0618
000767_lcam_front_lidar.ply/000767_lcam_front_lidar.ply,0.1,800,0.9,0.1545,-0.00876,768,0.13248,0.01035,0.06242
000768_lcam_front_lidar.ply/000768_lcam_front_lidar.ply,0.1,800,0.9,0.13902,-0.00645,769,0.13632,0.0084,0.06242
000769_lcam_front_lidar.ply/000769_lcam_front_lidar.ply,0.1,800,0.9,0.13933,-0.00792,770,0.13903,0.00572,0.06288
000770_lcam_front_lidar.ply/000770_lcam_front_lidar.ply,0.1,800,0.9,0.16234,-0.01083,771,0.13823,0.00716,0.06337
000771_lcam_front_lidar.ply/000771_lcam_front_lidar.ply,0.1,800,0.9,0.1239,-0.00973,772,0.13845,0.00883,0.06377
000772_lcam_front_lidar.ply/000772_lcam_front_lidar.ply,0.1,800,0.9,0.15066,-0.00303,773,0.14477,0.00736,0.06203
000773_lcam_front_lidar.ply/000773_lcam_front_lidar.ply,0.1,800,0.9,0.19649,-0.0169,774,0.13873,0.00835,0.06404
000774_lcam_front_lidar.ply/000774_lcam_front_lidar.ply,0.1,800,0.9,0.13012,-0.00716,775,0.14135,0.00851,0.06367
000775_lcam_front_lidar.ply/000775_lcam_front_lidar.ply,0.1,800,0.9,0.13353,-0.00989,776,0.14192,0.00741,0.06427
000776_lcam_front_lidar.ply/000776_lcam_front_lidar.ply,0.1,800,0.9,0.14727,-0.01018,777,0.14263,0.00513,0.06536
000777_lcam_front_lidar.ply/000777_lcam_front_lidar.ply,0.1,800,0.9,0.18059,-0.00611,778,0.14638,0.00624,0.06541
000778_lcam_front_lidar.ply/000778_lcam_front_lidar.ply,0.1,800,0.9,0.14326,-0.01116,779,0.14546,0.00471,0.06543
000779_lcam_front_lidar.ply/000779_lcam_front_lidar.ply,0.1,800,0.9,0.1371,-0.01003,780,0.14596,0.00469,0.06648
000780_lcam_front_lidar.ply/000780_lcam_front_lidar.ply,0.1,800,0.9,0.13882,-0.00994,781,0.14615,0.00508,0.06687
000781_lcam_front_lidar.ply/000781_lcam_front_lidar.ply,0.1,800,0.9,0.15109,-0.00824,782,0.1487,0.00461,0.06829
000782_lcam_front_lidar.ply/000782_lcam_front_lidar.ply,0.1,800,0.9,0.13069,-0.01294,783,0.14574,0.00422,0.06815
000783_lcam_front_lidar.ply/000783_lcam_front_lidar.ply,0.1,800,0.9,0.14274,-0.00588,784,0.15014,0.00572,0.06915
000784_lcam_front_lidar.ply/000784_lcam_front_lidar.ply,0.1,800,0.9,0.14031,-0.00961,785,0.15102,0.00682,0.07046
000785_lcam_front_lidar.ply/000785_lcam_front_lidar.ply,0.1,800,0.9,0.12592,-0.01069,786,0.15001,0.00766,0.07007
000786_lcam_front_lidar.ply/000786_lcam_front_lidar.ply,0.1,800,0.9,0.17409,-0.01093,787,0.14934,0.00877,0.07094
000787_lcam_front_lidar.ply/000787_lcam_front_lidar.ply,0.1,800,0.9,0.13451,-0.01132,788,0.14816,0.00999,0.07159
000788_lcam_front_lidar.ply/000788_lcam_front_lidar.ply,0.1,800,0.9,0.11408,-0.0083,789,0.15032,0.00719,0.07168
000789_lcam_front_lidar.ply/000789_lcam_front_lidar.ply,0.1,800,0.9,0.20771,-0.009,790,0.15078,0.007,0.07052
000790_lcam_front_lidar.ply/000790_lcam_front_lidar.ply,0.1,800,0.9,0.12784,-0.00983,791,0.1517,0.00806,0.07234
000791_lcam_front_lidar.ply/000791_lcam_front_lidar.ply,0.1,800,0.9,0.17156,-0.0112,792,0.15115,0.00646,0.07316
000792_lcam_front_lidar.ply/000792_lcam_front_lidar.ply,0.1,800,0.9,0.14554,-0.00947,793,0.15236,0.00654,0.07454
000793_lcam_front_lidar.ply/000793_lcam_front_lidar.ply,0.1,800,0.9,0.14195,-0.00839,794,0.15417,0.00514,0.07451
000794_lcam_front_lidar.ply/000794_lcam_front_lidar.ply,0.1,800,0.9,0.14976,-0.01376,795,0.14984,0.00361,0.07293
000795_lcam_front_lidar.ply/000795_lcam_front_lidar.ply,0.1,800,0.9,0.13095,-0.01087,796,0.15008,0.00371,0.07519
000796_lcam_front_lidar.ply/000796_lcam_front_lidar.ply,0.1,800,0.9,0.13205,-0.01193,797,0.14881,0.00268,0.07621
000797_lcam_front_lidar.ply/000797_lcam_front_lidar.ply,0.1,800,0.9,0.17038,-0.00937,798,0.14902,0.00331,0.07556
000798_lcam_front_lidar.ply/000798_lcam_front_lidar.ply,0.1,800,0.9,0.13794,-0.01531,799,0.14334,0.00329,0.07483
000799_lcam_front_lidar.ply/000799_lcam_front_lidar.ply,0.1,800,0.9,0.13011,-0.01368,800,0.14023,0.00223,0.07565
000800_lcam_front_lidar.ply/000800_lcam_front_lidar.ply,0.1,800,0.9,0.14252,-0.00967,801,0.1409,0.00344,0.07669
000801_lcam_front_lidar.ply/000801_lcam_front_lidar.ply,0.1,800,0.9,0.1352,-0.01323,802,0.13811,0.00492,0.07803
000802_lcam_front_lidar.ply/000802_lcam_front_lidar.ply,0.1,800,0.9,0.13622,-0.0117,803,0.1356,0.00646,0.07687
000803_lcam_front_lidar.ply/000803_lcam_front_lidar.ply,0.1,800,0.9,0.13565,-0.01633,804,0.12969,0.00611,0.0776
000804_lcam_front_lidar.ply/000804_lcam_front_lidar.ply,0.1,800,0.9,0.14052,-0.00798,805,0.13264,0.00739,0.07983
000805_lcam_front_lidar.ply/000805_lcam_front_lidar.ply,0.1,800,0.9,0.14449,-0.01463,806,0.12943,0.00362,0.08153
000806_lcam_front_lidar.ply/000806_lcam_front_lidar.ply,0.1,800,0.9,0.13011,-0.00819,807,0.13025,0.00274,0.0793
000807_lcam_front_lidar.ply/000807_lcam_front_lidar.ply,0.1,800,0.9,0.14332,-0.01575,808,0.1244,0.0052,0.07983
000808_lcam_front_lidar.ply/000808_lcam_front_lidar.ply,0.1,800,0.9,0.18357,-0.00517,809,0.12754,0.00556,0.07656
000809_lcam_front_lidar.ply/000809_lcam_front_lidar.ply,0.1,800,0.9,0.14058,-0.0606,810,0.08584,0.01645,0.0976
000810_lcam_front_lidar.ply/000810_lcam_front_lidar.ply,0.1,800,0.9,0.1249,-0.00926,811,0.08618,0.01801,0.09727
000811_lcam_front_lidar.ply/000811_lcam_front_lidar.ply,0.1,800,0.9,0.11927,-0.05025,812,0.0,0.0,0.0
000812_lcam_front_lidar.ply/000812_lcam_front_lidar.ply,0.1,800,0.9,0.14954,0.0678,813,0.11808,0.00337,0.08157
000813_lcam_front_lidar.ply/000813_lcam_front_lidar.ply,0.1,800,0.9,0.17566,-0.04523,814,0.07193,0.03107,0.06805
000814_lcam_front_lidar.ply/000814_lcam_front_lidar.ply,0.1,800,0.9,0.14463,0.02392,815,0.11537,0.00628,0.07966
000815_lcam_front_lidar.ply/000815_lcam_front_lidar.ply,0.1,800,0.9,0.13113,-0.05718,816,0.09594,0.00131,0.13366
000816_lcam_front_lidar.ply/000816_lcam_front_lidar.ply,0.1,800,0.9,0.12619,-0.0393,817,0.0,0.0,0.0
000817_lcam_front_lidar.ply/000817_lcam_front_lidar.ply,0.1,800,0.9,0.12681,0.03122,818,0.07029,0.03899,0.06984
000818_lcam_front_lidar.ply/000818_lcam_front_lidar.ply,0.1,800,0.9,0.11823,-0.05122,819,0.0,0.0,0.0
000819_lcam_front_lidar.ply/000819_lcam_front_lidar.ply,0.1,800,0.9,0.15598,0.03438,820,0.08612,0.02867,0.09208
000820_lcam_front_lidar.ply/000820_lcam_front_lidar.ply,0.1,800,0.9,0.14048,-0.00995,821,0.08475,0.03051,0.08981
000821_lcam_front_lidar.ply/000821_lcam_front_lidar.ply,0.1,800,0.9,0.15304,-0.05442,822,0.0,0.0,0.0
000822_lcam_front_lidar.ply/000822_lcam_front_lidar.ply,0.1,800,0.9,0.13332,-0.01,823,0.0,0.0,0.0
000823_lcam_front_lidar.ply/000823_lcam_front_lidar.ply,0.1,800,0.9,0.14827,0.02894,824,0.07007,0.03496,0.07275
000824_lcam_front_lidar.ply/000824_lcam_front_lidar.ply,0.1,800,0.9,0.15446,-0.00865,825,0.08029,0.01603,0.08481
000825_lcam_front_lidar.ply/000825_lcam_front_lidar.ply,0.1,800,0.9,0.12633,-0.05029,826,0.0,0.0,0.0
000826_lcam_front_lidar.ply/000826_lcam_front_lidar.ply,0.1,800,0.9,0.1753,0.1545,827,0.03167,1.0,0.03434
000827_lcam_front_lidar.ply/000827_lcam_front_lidar.ply,0.1,800,0.9,0.15706,-0.01473,828,0.02629,0.99999,0.03303
000828_lcam_front_lidar.ply/000828_lcam_front_lidar.ply,0.1,800,0.9,0.124,-0.12307,829,0.08676,0.00973,0.08304
000829_lcam_front_lidar.ply/000829_lcam_front_lidar.ply,0.1,800,0.9,0.17336,-0.0567,830,0.0,0.0,0.0
000830_lcam_front_lidar.ply/000830_lcam_front_lidar.ply,0.1,800,0.9,0.14359,0.04233,831,0.09332,0.00819,0.08446
000831_lcam_front_lidar.ply/000831_lcam_front_lidar.ply,0.1,800,0.9,0.14555,-0.00722,832,0.09594,0.00944,0.08451
000832_lcam_front_lidar.ply/000832_lcam_front_lidar.ply,0.1,800,0.9,0.11292,-0.0651,833,0.0,0.0,0.0
000833_lcam_front_lidar.ply/000833_lcam_front_lidar.ply,0.1,800,0.9,0.12842,0.04957,834,0.09983,0.01285,0.08437
000834_lcam_front_lidar.ply/000834_lcam_front_lidar.ply,0.1,800,0.9,0.18607,-0.00578,835,0.10352,0.01272,0.08327
000835_lcam_front_lidar.ply/000835_lcam_front_lidar.ply,0.1,800,0.9,0.11397,-0.07379,836,0.0,0.0,0.0
000836_lcam_front_lidar.ply/000836_lcam_front_lidar.ply,0.1,800,0.9,0.12338,0.05414,837,0.10465,0.01466,0.08542
000837_lcam_front_lidar.ply/000837_lcam_front_lidar.ply,0.1,800,0.9,0.1635,-0.00538,838,0.10858,0.01689,0.0847
000838_lcam_front_lidar.ply/000838_lcam_front_lidar.ply,0.1,800,0.9,0.10709,-0.00342,839,0.11288,0.00952,0.07793
000839_lcam_front_lidar.ply/000839_lcam_front_lidar.ply,0.1,800,0.9,0.10909,-0.08534,840,0.0,0.0,0.0
000840_lcam_front_lidar.ply/000840_lcam_front_lidar.ply,0.1,800,0.9,0.09987,-0.01,841,0.0,0.0,0.0
000841_lcam_front_lidar.ply/000841_lcam_front_lidar.ply,0.1,800,0.9,0.09679,-0.01,842,0.0,0.0,0.0
000842_lcam_front_lidar.ply/000842_lcam_front_lidar.ply,0.1,800,0.9,0.10059,-0.01,843,0.0,0.0,0.0
000843_lcam_front_lidar.ply/000843_lcam_front_lidar.ply,0.1,800,0.9,0.09334,0.07218,844,0.12039,0.02608,0.08424
000844_lcam_front_lidar.ply/000844_lcam_front_lidar.ply,0.1,800,0.9,0.09909,-0.09218,845,0.0,0.0,0.0
000845_lcam_front_lidar.ply/000845_lcam_front_lidar.ply,0.1,800,0.9,0.09083,-0.01,846,0.0,0.0,0.0
000846_lcam_front_lidar.ply/000846_lcam_front_lidar.ply,0.1,800,0.9,0.10534,0.06973,847,0.11784,0.03357,0.08628
000847_lcam_front_lidar.ply/000847_lcam_front_lidar.ply,0.1,800,0.9,0.15768,-0.01375,848,0.11347,0.03744,0.0862
000848_lcam_front_lidar.ply/000848_lcam_front_lidar.ply,0.1,800,0.9,0.12799,-0.01644,849,0.1076,0.0381,0.08754
000849_lcam_front_lidar.ply/000849_lcam_front_lidar.ply,0.1,800,0.9,0.10014,-0.07954,850,0.0,0.0,0.0
000850_lcam_front_lidar.ply/000850_lcam_front_lidar.ply,0.1,800,0.9,0.12924,0.06006,851,0.1077,0.04497,0.08878
000851_lcam_front_lidar.ply/000851_lcam_front_lidar.ply,0.1,800,0.9,0.10473,-0.00441,852,0.11106,0.04579,0.08458
000852_lcam_front_lidar.ply/000852_lcam_front_lidar.ply,0.1,800,0.9,0.11946,-0.04034,853,0.0773,0.02986,0.07296
000853_lcam_front_lidar.ply/000853_lcam_front_lidar.ply,0.1,800,0.9,0.11056,0.00671,854,0.09224,0.03735,0.07166
000854_lcam_front_lidar.ply/000854_lcam_front_lidar.ply,0.1,800,0.9,0.10892,-0.07201,855,0.0,0.0,0.0
000855_lcam_front_lidar.ply/000855_lcam_front_lidar.ply,0.1,800,0.9,0.12277,0.05528,856,0.09922,0.04666,0.08188
000856_lcam_front_lidar.ply/000856_lcam_front_lidar.ply,0.1,800,0.9,0.12174,-0.00873,857,0.10123,0.04241,0.08209
000857_lcam_front_lidar.ply/000857_lcam_front_lidar.ply,0.1,800,0.9,0.15298,-0.01241,858,0.09727,0.0443,0.07957
000858_lcam_front_lidar.ply/000858_lcam_front_lidar.ply,0.1,800,0.9,0.12635,-0.07413,859,0.0,0.0,0.0
000859_lcam_front_lidar.ply/000859_lcam_front_lidar.ply,0.1,800,0.9,0.11991,-0.01,860,0.0,0.0,0.0
000860_lcam_front_lidar.ply/000860_lcam_front_lidar.ply,0.1,800,0.9,0.14935,0.03233,861,0.07625,0.02489,0.07531
000861_lcam_front_lidar.ply/000861_lcam_front_lidar.ply,0.1,800,0.9,0.14592,0.00207,862,0.0898,0.03855,0.08234
000862_lcam_front_lidar.ply/000862_lcam_front_lidar.ply,0.1,800,0.9,0.23869,-0.01081,863,0.08781,0.03741,0.07964
000863_lcam_front_lidar.ply/000863_lcam_front_lidar.ply,0.1,800,0.9,0.16661,-0.0085,864,0.08893,0.03638,0.07858
000864_lcam_front_lidar.ply/000864_lcam_front_lidar.ply,0.1,800,0.9,0.18246,-0.01088,865,0.0869,0.03446,0.07568
000865_lcam_front_lidar.ply/000865_lcam_front_lidar.ply,0.1,800,0.9,0.17427,-0.01117,866,0.08683,0.03277,0.07737
000866_lcam_front_lidar.ply/000866_lcam_front_lidar.ply,0.1,800,0.9,0.15891,-0.01997,867,0.07688,0.02495,0.07507
000867_lcam_front_lidar.ply/000867_lcam_front_lidar.ply,0.1,800,0.9,0.27472,-0.00589,868,0.08235,0.03329,0.08028
000868_lcam_front_lidar.ply/000868_lcam_front_lidar.ply,0.1,800,0.9,0.20246,-0.0572,869,0.0,0.0,0.0
000869_lcam_front_lidar.ply/000869_lcam_front_lidar.ply,0.1,800,0.9,0.18064,0.03105,870,0.07679,0.02456,0.07885
000870_lcam_front_lidar.ply/000870_lcam_front_lidar.ply,0.1,800,0.9,0.17783,-0.05105,871,0.0,0.0,0.0
000871_lcam_front_lidar.ply/000871_lcam_front_lidar.ply,0.1,800,0.9,0.13971,0.04863,872,0.07587,0.009,0.03717
000872_lcam_front_lidar.ply/000872_lcam_front_lidar.ply,0.1,800,0.9,0.15007,-0.01036,873,0.07382,0.01727,0.03628
000873_lcam_front_lidar.ply/000873_lcam_front_lidar.ply,0.1,800,0.9,0.14599,0.00239,874,0.09485,0.03077,0.0576
000874_lcam_front_lidar.ply/000874_lcam_front_lidar.ply,0.1,800,0.9,0.15317,-0.04118,875,0.07446,0.0236,0.07703
000875_lcam_front_lidar.ply/000875_lcam_front_lidar.ply,0.1,800,0.9,0.20942,-0.01119,876,0.07363,0.02218,0.07732
000876_lcam_front_lidar.ply/000876_lcam_front_lidar.ply,0.1,800,0.9,0.14577,-0.00667,877,0.07652,0.02281,0.07663
000877_lcam_front_lidar.ply/000877_lcam_front_lidar.ply,0.1,800,0.9,0.20819,0.00987,878,0.0798,0.01547,0.04126
000878_lcam_front_lidar.ply/000878_lcam_front_lidar.ply,0.1,800,0.9,0.15357,-0.03082,879,0.07545,0.02599,0.07735
000879_lcam_front_lidar.ply/000879_lcam_front_lidar.ply,0.1,800,0.9,0.13167,-0.00917,880,0.07223,0.01935,0.06728
000880_lcam_front_lidar.ply/000880_lcam_front_lidar.ply,0.1,800,0.9,0.20608,0.10625,881,0.02501,0.99999,0.03452
000881_lcam_front_lidar.ply/000881_lcam_front_lidar.ply,0.1,800,0.9,0.12318,-0.16775,882,0.0,0.0,0.0
000882_lcam_front_lidar.ply/000882_lcam_front_lidar.ply,0.1,800,0.9,0.17933,0.17073,883,0.0423,0.99999,0.02313
000883_lcam_front_lidar.ply/000883_lcam_front_lidar.ply,0.1,800,0.9,0.13902,-0.13992,884,0.0805,0.02219,0.06602
000884_lcam_front_lidar.ply/000884_lcam_front_lidar.ply,0.1,800,0.9,0.15578,-0.06082,885,0.0,0.0,0.0
000885_lcam_front_lidar.ply/000885_lcam_front_lidar.ply,0.1,800,0.9,0.22031,0.04405,886,0.08241,0.0209,0.063
000886_lcam_front_lidar.ply/000886_lcam_front_lidar.ply,0.1,800,0.9,0.14179,0.11507,887,0.04156,0.99999,0.02488
000887_lcam_front_lidar.ply/000887_lcam_front_lidar.ply,0.1,800,0.9,0.2295,-0.00981,888,0.04124,1.0,0.02387
000888_lcam_front_lidar.ply/000888_lcam_front_lidar.ply,0.1,800,0.9,0.21332,-0.00981,889,0.04121,1.0,0.02344
000889_lcam_front_lidar.ply/000889_lcam_front_lidar.ply,0.1,800,0.9,0.15761,-0.02016,890,0.03382,0.99999,0.02896
000890_lcam_front_lidar.ply/000890_lcam_front_lidar.ply,0.1,800,0.9,0.1962,-0.01108,891,0.03186,1.0,0.0272
000891_lcam_front_lidar.ply/000891_lcam_front_lidar.ply,0.1,800,0.9,0.16224,-0.009,892,0.03171,1.0,0.0249
000892_lcam_front_lidar.ply/000892_lcam_front_lidar.ply,0.1,800,0.9,0.19906,-0.00073,893,0.0425,1.0,0.02794
000893_lcam_front_lidar.ply/000893_lcam_front_lidar.ply,0.1,800,0.9,0.18229,-0.00956,894,0.0427,1.0,0.02746
000894_lcam_front_lidar.ply/000894_lcam_front_lidar.ply,0.1,800,0.9,0.19633,-0.01991,895,0.0345,1.0,0.03089
000895_lcam_front_lidar.ply/000895_lcam_front_lidar.ply,0.1,800,0.9,0.23614,-0.0727,896,0.1383,0.02508,0.07141
000896_lcam_front_lidar.ply/000896_lcam_front_lidar.ply,0.1,800,0.9,0.1701,0.06182,897,0.04249,1.0,0.02861
000897_lcam_front_lidar.ply/000897_lcam_front_lidar.ply,0.1,800,0.9,0.26868,-0.00803,898,0.04453,0.99999,0.02874
000898_lcam_front_lidar.ply/000898_lcam_front_lidar.ply,0.1,800,0.9,0.20172,-0.02082,899,0.03499,1.0,0.03132
000899_lcam_front_lidar.ply/000899_lcam_front_lidar.ply,0.1,800,0.9,0.15249,-0.02241,900,0.02443,1.0,0.03503
000900_lcam_front_lidar.ply/000900_lcam_front_lidar.ply,0.1,800,0.9,0.1597,-0.00957,901,0.02511,1.0,0.03553
000901_lcam_front_lidar.ply/000901_lcam_front_lidar.ply,0.1,800,0.9,0.14248,-0.05098,902,0.14926,0.02265,0.07258
000902_lcam_front_lidar.ply/000902_lcam_front_lidar.ply,0.1,800,0.9,0.17238,-0.01139,903,0.14903,0.01935,0.07391
000903_lcam_front_lidar.ply/000903_lcam_front_lidar.ply,0.1,800,0.9,0.18589,0.05551,904,0.04349,1.0,0.026
000904_lcam_front_lidar.ply/000904_lcam_front_lidar.ply,0.1,800,0.9,0.17378,-0.02083,905,0.03368,1.0,0.02805
000905_lcam_front_lidar.ply/000905_lcam_front_lidar.ply,0.1,800,0.9,0.16463,-0.05804,906,0.15592,0.01865,0.0742
000906_lcam_front_lidar.ply/000906_lcam_front_lidar.ply,0.1,800,0.9,0.19306,-0.00555,907,0.16004,0.01909,0.07368
000907_lcam_front_lidar.ply/000907_lcam_front_lidar.ply,0.1,800,0.9,0.16106,-0.07347,908,0.09485,0.02133,0.0709
000908_lcam_front_lidar.ply/000908_lcam_front_lidar.ply,0.1,800,0.9,0.15698,0.05147,909,0.15746,0.01761,0.07207
000909_lcam_front_lidar.ply/000909_lcam_front_lidar.ply,0.1,800,0.9,0.17641,0.03597,910,0.03416,1.0,0.02824
000910_lcam_front_lidar.ply/000910_lcam_front_lidar.ply,0.1,800,0.9,0.15412,-0.00982,911,0.03395,1.0,0.02746
000911_lcam_front_lidar.ply/000911_lcam_front_lidar.ply,0.1,800,0.9,0.16722,-0.05815,912,0.15478,0.01658,0.07039
000912_lcam_front_lidar.ply/000912_lcam_front_lidar.ply,0.1,800,0.9,0.16925,-0.01229,913,0.15262,0.0175,0.07091
000913_lcam_front_lidar.ply/000913_lcam_front_lidar.ply,0.1,800,0.9,0.16425,0.04094,914,0.03414,1.0,0.02683
000914_lcam_front_lidar.ply/000914_lcam_front_lidar.ply,0.1,800,0.9,0.15834,-0.05958,915,0.15472,0.01849,0.07271
000915_lcam_front_lidar.ply/000915_lcam_front_lidar.ply,0.1,800,0.9,0.13881,0.05069,916,0.04539,1.0,0.02711
000916_lcam_front_lidar.ply/000916_lcam_front_lidar.ply,0.1,800,0.9,0.16656,-0.00954,917,0.0458,0.99999,0.027
000917_lcam_front_lidar.ply/000917_lcam_front_lidar.ply,0.1,800,0.9,0.1466,-0.12933,918,0.09494,0.02393,0.07112
000918_lcam_front_lidar.ply/000918_lcam_front_lidar.ply,0.1,800,0.9,0.14471,-0.00984,919,0.09433,0.02374,0.06953
000919_lcam_front_lidar.ply/000919_lcam_front_lidar.ply,0.1,800,0.9,0.19745,0.10754,920,0.04435,1.0,0.02736
000920_lcam_front_lidar.ply/000920_lcam_front_lidar.ply,0.1,800,0.9,0.15181,-0.02143,921,0.0345,0.99999,0.0305
000921_lcam_front_lidar.ply/000921_lcam_front_lidar.ply,0.1,800,0.9,0.17634,-0.00941,922,0.03435,1.0,0.02902
000922_lcam_front_lidar.ply/000922_lcam_front_lidar.ply,0.1,800,0.9,0.1463,-0.12181,923,0.08854,0.02164,0.06753
000923_lcam_front_lidar.ply/000923_lcam_front_lidar.ply,0.1,800,0.9,0.19496,0.10217,924,0.03464,1.0,0.0289
000924_lcam_front_lidar.ply/000924_lcam_front_lidar.ply,0.1,800,0.9,0.20173,-0.00919,925,0.03326,1.0,0.02453
000925_lcam_front_lidar.ply/000925_lcam_front_lidar.ply,0.1,800,0.9,0.12446,-0.181,926,0.0,0.0,0.0
000926_lcam_front_lidar.ply/000926_lcam_front_lidar.ply,0.1,800,0.9,0.14248,0.05607,927,0.10441,0.02235,0.08338
000927_lcam_front_lidar.ply/000927_lcam_front_lidar.ply,0.1,800,0.9,0.14894,-0.02437,928,0.08168,0.0226,0.06674
000928_lcam_front_lidar.ply/000928_lcam_front_lidar.ply,0.1,800,0.9,0.1664,0.12118,929,0.04397,0.99999,0.02219
000929_lcam_front_lidar.ply/000929_lcam_front_lidar.ply,0.1,800,0.9,0.23436,-0.12619,930,0.09824,0.04401,0.07631
000930_lcam_front_lidar.ply/000930_lcam_front_lidar.ply,0.1,800,0.9,0.14803,-0.05583,931,0.0372,0.0088,0.03531
000931_lcam_front_lidar.ply/000931_lcam_front_lidar.ply,0.1,800,0.9,0.17939,0.13155,932,0.02752,0.99995,0.0302
000932_lcam_front_lidar.ply/000932_lcam_front_lidar.ply,0.1,800,0.9,0.17379,-0.00031,933,0.03166,0.99998,0.0191
000933_lcam_front_lidar.ply/000933_lcam_front_lidar.ply,0.1,800,0.9,0.1598,-0.01988,934,0.0294,0.99997,0.03435
000934_lcam_front_lidar.ply/000934_lcam_front_lidar.ply,0.1,800,0.9,0.2214,-0.10253,935,0.10321,0.04453,0.08039
000935_lcam_front_lidar.ply/000935_lcam_front_lidar.ply,0.1,800,0.9,0.14542,-0.0102,936,0.10533,0.03506,0.08218
000936_lcam_front_lidar.ply/000936_lcam_front_lidar.ply,0.1,800,0.9,0.14021,-0.07949,937,0.0,0.0,0.0
000937_lcam_front_lidar.ply/000937_lcam_front_lidar.ply,0.1,800,0.9,0.13175,-0.01,938,0.0,0.0,0.0
000938_lcam_front_lidar.ply/000938_lcam_front_lidar.ply,0.1,800,0.9,0.1613,0.16752,939,0.03389,0.99999,0.01273
000939_lcam_front_lidar.ply/000939_lcam_front_lidar.ply,0.1,800,0.9,0.16968,-0.01376,940,0.02403,1.0,0.00054
000940_lcam_front_lidar.ply/000940_lcam_front_lidar.ply,0.1,800,0.9,0.15112,-0.10581,941,0.11368,0.04121,0.08383
000941_lcam_front_lidar.ply/000941_lcam_front_lidar.ply,0.1,800,0.9,0.11107,-0.08795,942,0.0,0.0,0.0
000942_lcam_front_lidar.ply/000942_lcam_front_lidar.ply,0.1,800,0.9,0.14075,0.1565,943,0.02376,0.99999,0.0145
000943_lcam_front_lidar.ply/000943_lcam_front_lidar.ply,0.1,800,0.9,0.12467,-0.1765,944,0.0,0.0,0.0
000944_lcam_front_lidar.ply/000944_lcam_front_lidar.ply,0.1,800,0.9,0.18592,0.04878,945,0.07946,0.01322,0.04532
000945_lcam_front_lidar.ply/000945_lcam_front_lidar.ply,0.1,800,0.9,0.12694,-0.06878,946,0.0,0.0,0.0
000946_lcam_front_lidar.ply/000946_lcam_front_lidar.ply,0.1,800,0.9,0.1683,-0.01,947,0.0,0.0,0.0
000947_lcam_front_lidar.ply/000947_lcam_front_lidar.ply,0.1,800,0.9,0.14247,-0.01,948,0.0,0.0,0.0
000948_lcam_front_lidar.ply/000948_lcam_front_lidar.ply,0.1,800,0.9,0.14589,-0.01,949,0.0,0.0,0.0
000949_lcam_front_lidar.ply/000949_lcam_front_lidar.ply,0.1,800,0.9,0.18341,-0.01,950,0.0,0.0,0.0
000950_lcam_front_lidar.ply/000950_lcam_front_lidar.ply,0.1,800,0.9,0.18193,-0.01,951,0.0,0.0,0.0
000951_lcam_front_lidar.ply/000951_lcam_front_lidar.ply,0.1,800,0.9,0.13564,-0.01,952,0.0,0.0,0.0
000952_lcam_front_lidar.ply/000952_lcam_front_lidar.ply,0.1,800,0.9,0.15274,-0.01,953,0.0,0.0,0.0
000953_lcam_front_lidar.ply/000953_lcam_front_lidar.ply,0.1,800,0.9,0.16927,0.1433,954,0.02493,1.0,0.04326
000954_lcam_front_lidar.ply/000954_lcam_front_lidar.ply,0.1,800,0.9,0.20552,0.01311,955,0.03438,1.0,0.01595
000955_lcam_front_lidar.ply/000955_lcam_front_lidar.ply,0.1,800,0.9,0.16271,-0.01108,956,0.03549,1.0,0.02033
000956_lcam_front_lidar.ply/000956_lcam_front_lidar.ply,0.1,800,0.9,0.21718,-0.0044,957,0.04137,1.0,0.02089
000957_lcam_front_lidar.ply/000957_lcam_front_lidar.ply,0.1,800,0.9,0.17279,0.00061,958,0.05195,1.0,0.02083
000958_lcam_front_lidar.ply/000958_lcam_front_lidar.ply,0.1,800,0.9,0.15302,-0.01251,959,0.04983,1.0,0.0216
000959_lcam_front_lidar.ply/000959_lcam_front_lidar.ply,0.1,800,0.9,0.18113,-0.02345,960,0.04116,0.99999,0.03116
000960_lcam_front_lidar.ply/000960_lcam_front_lidar.ply,0.1,800,0.9,0.16979,0.00159,961,0.04933,1.0,0.02432
000961_lcam_front_lidar.ply/000961_lcam_front_lidar.ply,0.1,800,0.9,0.16705,-0.01086,962,0.05027,1.0,0.02793
000962_lcam_front_lidar.ply/000962_lcam_front_lidar.ply,0.1,800,0.9,0.17641,-0.01204,963,0.04928,0.99999,0.03002
000963_lcam_front_lidar.ply/000963_lcam_front_lidar.ply,0.1,800,0.9,0.22555,-0.01095,964,0.04849,0.99999,0.03034
000964_lcam_front_lidar.ply/000964_lcam_front_lidar.ply,0.1,800,0.9,0.17022,-0.01861,965,0.03397,0.99995,0.0185
000965_lcam_front_lidar.ply/000965_lcam_front_lidar.ply,0.1,800,0.9,0.20858,-0.00034,966,0.04853,0.99999,0.02831
000966_lcam_front_lidar.ply/000966_lcam_front_lidar.ply,0.1,800,0.9,0.16761,0.00367,967,0.06473,1.0,0.03337
000967_lcam_front_lidar.ply/000967_lcam_front_lidar.ply,0.1,800,0.9,0.21526,-0.02593,968,0.04641,0.99999,0.0286
000968_lcam_front_lidar.ply/000968_lcam_front_lidar.ply,0.1,800,0.9,0.25017,-0.00967,969,0.04661,0.99999,0.02833
000969_lcam_front_lidar.ply/000969_lcam_front_lidar.ply,0.1,800,0.9,0.2099,-0.03071,970,0.02966,1.0,0.03584
000970_lcam_front_lidar.ply/000970_lcam_front_lidar.ply,0.1,800,0.9,0.19443,0.02618,971,0.06571,0.99999,0.03557
000971_lcam_front_lidar.ply/000971_lcam_front_lidar.ply,0.1,800,0.9,0.19153,-0.02689,972,0.04784,0.99999,0.03362
000972_lcam_front_lidar.ply/000972_lcam_front_lidar.ply,0.1,800,0.9,0.17689,-0.0112,973,0.04828,0.99998,0.03688
000973_lcam_front_lidar.ply/000973_lcam_front_lidar.ply,0.1,800,0.9,0.17347,0.00814,974,0.06623,0.99999,0.0365
000974_lcam_front_lidar.ply/000974_lcam_front_lidar.ply,0.1,800,0.9,0.16511,-0.13176,975,0.08024,0.00078,0.0083
000975_lcam_front_lidar.ply/000975_lcam_front_lidar.ply,0.1,800,0.9,0.16143,-0.00648,976,0.08299,0.0005,0.00665
000976_lcam_front_lidar.ply/000976_lcam_front_lidar.ply,0.1,800,0.9,0.19153,0.05919,977,0.01644,0.99939,0.03485
000977_lcam_front_lidar.ply/000977_lcam_front_lidar.ply,0.1,800,0.9,0.18963,-0.00802,978,0.01836,0.99938,0.03473
000978_lcam_front_lidar.ply/000978_lcam_front_lidar.ply,0.1,800,0.9,0.18233,-0.08041,979,0.08501,0.00059,0.00922
000979_lcam_front_lidar.ply/000979_lcam_front_lidar.ply,0.1,800,0.9,0.17255,0.08054,980,0.03027,0.99995,0.01848
000980_lcam_front_lidar.ply/000980_lcam_front_lidar.ply,0.1,800,0.9,0.14121,-0.09817,981,0.08635,0.00044,0.00713
000981_lcam_front_lidar.ply/000981_lcam_front_lidar.ply,0.1,800,0.9,0.15794,0.0913,982,0.05398,0.99997,0.03963
000982_lcam_front_lidar.ply/000982_lcam_front_lidar.ply,0.1,800,0.9,0.17629,-0.02448,983,0.0309,0.99994,0.02243
000983_lcam_front_lidar.ply/000983_lcam_front_lidar.ply,0.1,800,0.9,0.19462,-0.00191,984,0.03896,0.99994,0.02238
000984_lcam_front_lidar.ply/000984_lcam_front_lidar.ply,0.1,800,0.9,0.17058,-0.01966,985,0.0288,0.99997,0.0214
000985_lcam_front_lidar.ply/000985_lcam_front_lidar.ply,0.1,800,0.9,0.21328,-0.01193,986,0.02658,0.99995,0.0208
000986_lcam_front_lidar.ply/000986_lcam_front_lidar.ply,0.1,800,0.9,0.24844,-0.00788,987,0.02977,0.99995,0.02295
000987_lcam_front_lidar.ply/000987_lcam_front_lidar.ply,0.1,800,0.9,0.24331,0.00394,988,0.05076,0.99999,0.03705
000988_lcam_front_lidar.ply/000988_lcam_front_lidar.ply,0.1,800,0.9,0.19786,-0.02428,989,0.02965,0.99995,0.02337
000989_lcam_front_lidar.ply/000989_lcam_front_lidar.ply,0.1,800,0.9,0.24264,-0.01035,990,0.02934,0.99996,0.02345
000990_lcam_front_lidar.ply/000990_lcam_front_lidar.ply,0.1,800,0.9,0.16033,-0.00931,991,0.03069,0.99992,0.02475
000991_lcam_front_lidar.ply/000991_lcam_front_lidar.ply,0.1,800,0.9,0.19283,-0.00928,992,0.03175,0.99993,0.02543
000992_lcam_front_lidar.ply/000992_lcam_front_lidar.ply,0.1,800,0.9,0.16863,-0.00028,993,0.04587,0.99998,0.03425
000993_lcam_front_lidar.ply/000993_lcam_front_lidar.ply,0.1,800,0.9,0.17636,-0.00914,994,0.04565,0.99998,0.03211
000994_lcam_front_lidar.ply/000994_lcam_front_lidar.ply,0.1,800,0.9,0.16035,-0.00808,995,0.04854,0.99997,0.03402
000995_lcam_front_lidar.ply/000995_lcam_front_lidar.ply,0.1,800,0.9,0.18019,-0.01344,996,0.04439,0.99998,0.03261
000996_lcam_front_lidar.ply/000996_lcam_front_lidar.ply,0.1,800,0.9,0.17368,-0.0084,997,0.04634,0.99997,0.03331
000997_lcam_front_lidar.ply/000997_lcam_front_lidar.ply,0.1,800,0.9,0.15905,-0.01242,998,0.04362,0.99996,0.0327
000998_lcam_front_lidar.ply/000998_lcam_front_lidar.ply,0.1,800,0.9,0.22416,-0.02464,999,0.02829,0.99994,0.03132
000999_lcam_front_lidar.ply/000999_lcam_front_lidar.ply,0.1,800,0.9,0.17232,-0.00504,1000,0.03625,0.99996,0.03731
001000_lcam_front_lidar.ply/001000_lcam_front_lidar.ply,0.1,800,0.9,0.2177,-0.00716,1001,0.03838,0.99996,0.03591
001001_lcam_front_lidar.ply/001001_lcam_front_lidar.ply,0.1,800,0.9,0.1754,-0.01404,1002,0.03274,0.99994,0.03268
001002_lcam_front_lidar.ply/001002_lcam_front_lidar.ply,0.1,800,0.9,0.19965,-0.09071,1003,0.08697,6e-05,0.00259
001003_lcam_front_lidar.ply/001003_lcam_front_lidar.ply,0.1,800,0.9,0.17405,0.07263,1004,0.0335,0.99995,0.03037
001004_lcam_front_lidar.ply/001004_lcam_front_lidar.ply,0.1,800,0.9,0.16848,-0.00722,1005,0.03497,0.99995,0.02774
001005_lcam_front_lidar.ply/001005_lcam_front_lidar.ply,0.1,800,0.9,0.15484,-0.02014,1006,0.02862,0.99996,0.03533
001006_lcam_front_lidar.ply/001006_lcam_front_lidar.ply,0.1,800,0.9,0.19446,-0.01057,1007,0.0299,0.99991,0.03902
001007_lcam_front_lidar.ply/001007_lcam_front_lidar.ply,0.1,800,0.9,0.18246,0.00777,1008,0.04972,0.99999,0.04313
001008_lcam_front_lidar.ply/001008_lcam_front_lidar.ply,0.1,800,0.9,0.1672,-0.00846,1009,0.05142,0.99998,0.04346
001009_lcam_front_lidar.ply/001009_lcam_front_lidar.ply,0.1,800,0.9,0.17304,-0.01975,1010,0.04011,0.99996,0.04034
001010_lcam_front_lidar.ply/001010_lcam_front_lidar.ply,0.1,800,0.9,0.1796,-0.00527,1011,0.04598,0.99998,0.04261
001011_lcam_front_lidar.ply/001011_lcam_front_lidar.ply,0.1,800,0.9,0.19549,-0.01855,1012,0.03706,0.99997,0.04187
001012_lcam_front_lidar.ply/001012_lcam_front_lidar.ply,0.1,800,0.9,0.17315,-0.01246,1013,0.03357,0.99998,0.03982
001013_lcam_front_lidar.ply/001013_lcam_front_lidar.ply,0.1,800,0.9,0.21644,-0.09605,1014,0.07923,5e-05,0.00324
001014_lcam_front_lidar.ply/001014_lcam_front_lidar.ply,0.1,800,0.9,0.17371,-0.01933,1015,0.07002,3e-05,0.00347
001015_lcam_front_lidar.ply/001015_lcam_front_lidar.ply,0.1,800,0.9,0.17082,0.08499,1016,0.03229,0.99999,0.03803
001016_lcam_front_lidar.ply/001016_lcam_front_lidar.ply,0.1,800,0.9,0.17531,-0.00911,1017,0.03237,0.99999,0.0364
001017_lcam_front_lidar.ply/001017_lcam_front_lidar.ply,0.1,800,0.9,0.17163,-0.00978,1018,0.03081,0.99999,0.03283
001018_lcam_front_lidar.ply/001018_lcam_front_lidar.ply,0.1,800,0.9,0.15903,-0.10708,1019,0.06932,0.0002,0.00407
001019_lcam_front_lidar.ply/001019_lcam_front_lidar.ply,0.1,800,0.9,0.16092,0.06966,1020,0.01662,1.0,0.03928
001020_lcam_front_lidar.ply/001020_lcam_front_lidar.ply,0.1,800,0.9,0.17206,-0.09559,1021,0.06275,4e-05,0.00274
001021_lcam_front_lidar.ply/001021_lcam_front_lidar.ply,0.1,800,0.9,0.18463,0.09419,1022,0.03015,1.0,0.02914
001022_lcam_front_lidar.ply/001022_lcam_front_lidar.ply,0.1,800,0.9,0.19503,-0.11813,1023,0.05845,0.00019,0.00205
001023_lcam_front_lidar.ply/001023_lcam_front_lidar.ply,0.1,800,0.9,0.16159,0.09849,1024,0.02977,0.99998,0.02766
001024_lcam_front_lidar.ply/001024_lcam_front_lidar.ply,0.1,800,0.9,0.19508,-0.00967,1025,0.02926,0.99998,0.02596
001025_lcam_front_lidar.ply/001025_lcam_front_lidar.ply,0.1,800,0.9,0.1543,-0.12365,1026,0.05339,0.00061,0.00173
001026_lcam_front_lidar.ply/001026_lcam_front_lidar.ply,0.1,800,0.9,0.16821,-0.01266,1027,0.05063,0.00031,0.00144
001027_lcam_front_lidar.ply/001027_lcam_front_lidar.ply,0.1,800,0.9,0.14991,-0.0134,1028,0.04706,8e-05,0.00103
001028_lcam_front_lidar.ply/001028_lcam_front_lidar.ply,0.1,800,0.9,0.14656,-0.05656,1029,0.0,0.0,0.0
001029_lcam_front_lidar.ply/001029_lcam_front_lidar.ply,0.1,800,0.9,0.16171,0.02596,1030,0.03651,0.00021,0.00116
001030_lcam_front_lidar.ply/001030_lcam_front_lidar.ply,0.1,800,0.9,0.15656,-0.00523,1031,0.04148,0.00026,0.00157
001031_lcam_front_lidar.ply/001031_lcam_front_lidar.ply,0.1,800,0.9,0.16552,-0.01098,1032,0.04051,0.0005,0.00167
001032_lcam_front_lidar.ply/001032_lcam_front_lidar.ply,0.1,800,0.9,0.13872,-0.04975,1033,0.0,0.0,0.0
001033_lcam_front_lidar.ply/001033_lcam_front_lidar.ply,0.1,800,0.9,0.18585,-0.01,1034,0.0,0.0,0.0
001034_lcam_front_lidar.ply/001034_lcam_front_lidar.ply,0.1,800,0.9,0.1402,-0.01,1035,0.0,0.0,0.0
001035_lcam_front_lidar.ply/001035_lcam_front_lidar.ply,0.1,800,0.9,0.14272,-0.01,1036,0.0,0.0,0.0
001036_lcam_front_lidar.ply/001036_lcam_front_lidar.ply,0.1,800,0.9,0.14221,-0.01,1037,0.0,0.0,0.0
001037_lcam_front_lidar.ply/001037_lcam_front_lidar.ply,0.1,800,0.9,0.13676,-0.01,1038,0.0,0.0,0.0
001038_lcam_front_lidar.ply/001038_lcam_front_lidar.ply,0.1,800,0.9,0.17873,-0.01,1039,0.0,0.0,0.0
001039_lcam_front_lidar.ply/001039_lcam_front_lidar.ply,0.1,800,0.9,0.1364,-0.01,1040,0.0,0.0,0.0
001040_lcam_front_lidar.ply/001040_lcam_front_lidar.ply,0.1,800,0.9,0.12682,-0.01,1041,0.0,0.0,0.0
001041_lcam_front_lidar.ply/001041_lcam_front_lidar.ply,0.1,800,0.9,0.14322,-0.01,1042,0.0,0.0,0.0
001042_lcam_front_lidar.ply/001042_lcam_front_lidar.ply,0.1,800,0.9,0.13674,-0.01,1043,0.0,0.0,0.0
001043_lcam_front_lidar.ply/001043_lcam_front_lidar.ply,0.1,800,0.9,0.17737,-0.01,1044,0.0,0.0,0.0
001044_lcam_front_lidar.ply/001044_lcam_front_lidar.ply,0.1,800,0.9,0.13001,-0.01,1045,0.0,0.0,0.0
001045_lcam_front_lidar.ply/001045_lcam_front_lidar.ply,0.1,800,0.9,0.14356,-0.01,1046,0.0,0.0,0.0
001046_lcam_front_lidar.ply/001046_lcam_front_lidar.ply,0.1,800,0.9,0.15252,-0.01,1047,0.0,0.0,0.0
001047_lcam_front_lidar.ply/001047_lcam_front_lidar.ply,0.1,800,0.9,0.14022,-0.01,1048,0.0,0.0,0.0
001048_lcam_front_lidar.ply/001048_lcam_front_lidar.ply,0.1,800,0.9,0.15168,-0.01,1049,0.0,0.0,0.0
001049_lcam_front_lidar.ply/001049_lcam_front_lidar.ply,0.1,800,0.9,0.12749,-0.01,1050,0.0,0.0,0.0
001050_lcam_front_lidar.ply/001050_lcam_front_lidar.ply,0.1,800,0.9,0.18176,-0.01,1051,0.0,0.0,0.0
001051_lcam_front_lidar.ply/001051_lcam_front_lidar.ply,0.1,800,0.9,0.14583,-0.01,1052,0.0,0.0,0.0
001052_lcam_front_lidar.ply/001052_lcam_front_lidar.ply,0.1,800,0.9,0.15805,-0.01,1053,0.0,0.0,0.0
001053_lcam_front_lidar.ply/001053_lcam_front_lidar.ply,0.1,800,0.9,0.15152,-0.01,1054,0.0,0.0,0.0
001054_lcam_front_lidar.ply/001054_lcam_front_lidar.ply,0.1,800,0.9,0.13442,-0.01,1055,0.0,0.0,0.0
001055_lcam_front_lidar.ply/001055_lcam_front_lidar.ply,0.1,800,0.9,0.14295,-0.01,1056,0.0,0.0,0.0
001056_lcam_front_lidar.ply/001056_lcam_front_lidar.ply,0.1,800,0.9,0.14682,-0.01,1057,0.0,0.0,0.0
001057_lcam_front_lidar.ply/001057_lcam_front_lidar.ply,0.1,800,0.9,0.18508,-0.01,1058,0.0,0.0,0.0
001058_lcam_front_lidar.ply/001058_lcam_front_lidar.ply,0.1,800,0.9,0.13743,-0.01,1059,0.0,0.0,0.0
001059_lcam_front_lidar.ply/001059_lcam_front_lidar.ply,0.1,800,0.9,0.14327,-0.01,1060,0.0,0.0,0.0
001060_lcam_front_lidar.ply/001060_lcam_front_lidar.ply,0.1,800,0.9,0.13253,-0.01,1061,0.0,0.0,0.0
001061_lcam_front_lidar.ply/001061_lcam_front_lidar.ply,0.1,800,0.9,0.13522,-0.01,1062,0.0,0.0,0.0
001062_lcam_front_lidar.ply/001062_lcam_front_lidar.ply,0.1,800,0.9,0.16196,-0.01,1063,0.0,0.0,0.0
001063_lcam_front_lidar.ply/001063_lcam_front_lidar.ply,0.1,800,0.9,0.14229,-0.01,1064,0.0,0.0,0.0
001064_lcam_front_lidar.ply/001064_lcam_front_lidar.ply,0.1,800,0.9,0.15607,-0.01,1065,0.0,0.0,0.0
001065_lcam_front_lidar.ply/001065_lcam_front_lidar.ply,0.1,800,0.9,0.12857,-0.01,1066,0.0,0.0,0.0
001066_lcam_front_lidar.ply/001066_lcam_front_lidar.ply,0.1,800,0.9,0.13662,-0.01,1067,0.0,0.0,0.0
001067_lcam_front_lidar.ply/001067_lcam_front_lidar.ply,0.1,800,0.9,0.14902,-0.01,1068,0.0,0.0,0.0
001068_lcam_front_lidar.ply/001068_lcam_front_lidar.ply,0.1,800,0.9,0.12653,-0.01,1069,0.0,0.0,0.0
001069_lcam_front_lidar.ply/001069_lcam_front_lidar.ply,0.1,800,0.9,0.18272,-0.01,1070,0.0,0.0,0.0
001070_lcam_front_lidar.ply/001070_lcam_front_lidar.ply,0.1,800,0.9,0.12667,-0.01,1071,0.0,0.0,0.0
001071_lcam_front_lidar.ply/001071_lcam_front_lidar.ply,0.1,800,0.9,0.1346,-0.01,1072,0.0,0.0,0.0
001072_lcam_front_lidar.ply/001072_lcam_front_lidar.ply,0.1,800,0.9,0.12094,-0.01,1073,0.0,0.0,0.0
001073_lcam_front_lidar.ply/001073_lcam_front_lidar.ply,0.1,800,0.9,0.12396,-0.01,1074,0.0,0.0,0.0
001074_lcam_front_lidar.ply/001074_lcam_front_lidar.ply,0.1,800,0.9,0.17353,-0.01,1075,0.0,0.0,0.0
001075_lcam_front_lidar.ply/001075_lcam_front_lidar.ply,0.1,800,0.9,0.13244,-0.01,1076,0.0,0.0,0.0
001076_lcam_front_lidar.ply/001076_lcam_front_lidar.ply,0.1,800,0.9,0.12724,-0.01,1077,0.0,0.0,0.0
001077_lcam_front_lidar.ply/001077_lcam_front_lidar.ply,0.1,800,0.9,0.13479,-0.01,1078,0.0,0.0,0.0
001078_lcam_front_lidar.ply/001078_lcam_front_lidar.ply,0.1,800,0.9,0.12703,-0.01,1079,0.0,0.0,0.0
001079_lcam_front_lidar.ply/001079_lcam_front_lidar.ply,0.1,800,0.9,0.17073,-0.01,1080,0.0,0.0,0.0
001080_lcam_front_lidar.ply/001080_lcam_front_lidar.ply,0.1,800,0.9,0.14283,-0.01,1081,0.0,0.0,0.0
001081_lcam_front_lidar.ply/001081_lcam_front_lidar.ply,0.1,800,0.9,0.12922,-0.01,1082,0.0,0.0,0.0
001082_lcam_front_lidar.ply/001082_lcam_front_lidar.ply,0.1,800,0.9,0.13893,-0.01,1083,0.0,0.0,0.0
001083_lcam_front_lidar.ply/001083_lcam_front_lidar.ply,0.1,800,0.9,0.12477,-0.01,1084,0.0,0.0,0.0
001084_lcam_front_lidar.ply/001084_lcam_front_lidar.ply,0.1,800,0.9,0.17646,-0.01,1085,0.0,0.0,0.0
001085_lcam_front_lidar.ply/001085_lcam_front_lidar.ply,0.1,800,0.9,0.113,-0.01,1086,0.0,0.0,0.0
001086_lcam_front_lidar.ply/001086_lcam_front_lidar.ply,0.1,800,0.9,0.1268,-0.01,1087,0.0,0.0,0.0
001087_lcam_front_lidar.ply/001087_lcam_front_lidar.ply,0.1,800,0.9,0.13256,-0.01,1088,0.0,0.0,0.0
001088_lcam_front_lidar.ply/001088_lcam_front_lidar.ply,0.1,800,0.9,0.14217,-0.01,1089,0.0,0.0,0.0
001089_lcam_front_lidar.ply/001089_lcam_front_lidar.ply,0.1,800,0.9,0.1767,-0.01,1090,0.0,0.0,0.0
001090_lcam_front_lidar.ply/001090_lcam_front_lidar.ply,0.1,800,0.9,0.1289,0.01662,1091,0.05248,0.02675,0.05974
001091_lcam_front_lidar.ply/001091_lcam_front_lidar.ply,0.1,800,0.9,0.12882,-0.00631,1092,0.05845,0.02918,0.06502
001092_lcam_front_lidar.ply/001092_lcam_front_lidar.ply,0.1,800,0.9,0.13378,0.00876,1093,0.07709,0.02495,0.06353
001093_lcam_front_lidar.ply/001093_lcam_front_lidar.ply,0.1,800,0.9,0.12683,-0.02365,1094,0.06631,0.03186,0.07134
001094_lcam_front_lidar.ply/001094_lcam_front_lidar.ply,0.1,800,0.9,0.18259,-0.00038,1095,0.07748,0.03258,0.07465
001095_lcam_front_lidar.ply/001095_lcam_front_lidar.ply,0.1,800,0.9,0.14318,0.00051,1096,0.08693,0.02627,0.07064
001096_lcam_front_lidar.ply/001096_lcam_front_lidar.ply,0.1,800,0.9,0.14074,-0.00846,1097,0.08689,0.02564,0.06731
001097_lcam_front_lidar.ply/001097_lcam_front_lidar.ply,0.1,800,0.9,0.15118,-0.01703,1098,0.0812,0.02807,0.07071
001098_lcam_front_lidar.ply/001098_lcam_front_lidar.ply,0.1,800,0.9,0.14206,-0.00337,1099,0.08757,0.03228,0.07144
001099_lcam_front_lidar.ply/001099_lcam_front_lidar.ply,0.1,800,0.9,0.13424,0.00881,1100,0.10435,0.02948,0.06652
001100_lcam_front_lidar.ply/001100_lcam_front_lidar.ply,0.1,800,0.9,0.14717,-0.0018,1101,0.11241,0.03003,0.06642
001101_lcam_front_lidar.ply/001101_lcam_front_lidar.ply,0.1,800,0.9,0.14439,-0.01696,1102,0.10655,0.03155,0.06907
001102_lcam_front_lidar.ply/001102_lcam_front_lidar.ply,0.1,800,0.9,0.15588,-0.00038,1103,0.1176,0.03833,0.07395
001103_lcam_front_lidar.ply/001103_lcam_front_lidar.ply,0.1,800,0.9,0.13446,-0.01525,1104,0.11166,0.03257,0.07084
001104_lcam_front_lidar.ply/001104_lcam_front_lidar.ply,0.1,800,0.9,0.11815,-0.00353,1105,0.11837,0.02955,0.07042
001105_lcam_front_lidar.ply/001105_lcam_front_lidar.ply,0.1,800,0.9,0.13175,0.00332,1106,0.13458,0.02865,0.07594
001106_lcam_front_lidar.ply/001106_lcam_front_lidar.ply,0.1,800,0.9,0.13968,-0.00378,1107,0.13894,0.02574,0.07133
001107_lcam_front_lidar.ply/001107_lcam_front_lidar.ply,0.1,800,0.9,0.17452,-0.00707,1108,0.14342,0.02598,0.07451
001108_lcam_front_lidar.ply/001108_lcam_front_lidar.ply,0.1,800,0.9,0.12142,-0.00088,1109,0.15181,0.02832,0.07374
001109_lcam_front_lidar.ply/001109_lcam_front_lidar.ply,0.1,800,0.9,0.13149,-0.01358,1110,0.14885,0.02984,0.07545
001110_lcam_front_lidar.ply/001110_lcam_front_lidar.ply,0.1,800,0.9,0.15132,-0.00082,1111,0.15979,0.02919,0.07877
001111_lcam_front_lidar.ply/001111_lcam_front_lidar.ply,0.1,800,0.9,0.12725,-0.0044,1112,0.16338,0.02538,0.07361
001112_lcam_front_lidar.ply/001112_lcam_front_lidar.ply,0.1,800,0.9,0.1257,-0.00531,1113,0.16879,0.02859,0.07602
001113_lcam_front_lidar.ply/001113_lcam_front_lidar.ply,0.1,800,0.9,0.12619,0.01069,1114,0.18785,0.02362,0.07126
001114_lcam_front_lidar.ply/001114_lcam_front_lidar.ply,0.1,800,0.9,0.13063,-0.00725,1115,0.19296,0.02069,0.07511
001115_lcam_front_lidar.ply/001115_lcam_front_lidar.ply,0.1,800,0.9,0.15824,-0.03714,1116,0.16426,0.02625,0.07365
001116_lcam_front_lidar.ply/001116_lcam_front_lidar.ply,0.1,800,0.9,0.15173,-0.01334,1117,0.16114,0.02924,0.07501
001117_lcam_front_lidar.ply/001117_lcam_front_lidar.ply,0.1,800,0.9,0.14142,-0.01876,1118,0.15121,0.03049,0.07304
001118_lcam_front_lidar.ply/001118_lcam_front_lidar.ply,0.1,800,0.9,0.18098,-0.01762,1119,0.14427,0.03122,0.07462
001119_lcam_front_lidar.ply/001119_lcam_front_lidar.ply,0.1,800,0.9,0.14591,-0.01991,1120,0.13335,0.02721,0.07137
001120_lcam_front_lidar.ply/001120_lcam_front_lidar.ply,0.1,800,0.9,0.17427,-0.02794,1121,0.11644,0.03378,0.07541
001121_lcam_front_lidar.ply/001121_lcam_front_lidar.ply,0.1,800,0.9,0.14868,-0.00237,1122,0.12259,0.02752,0.07057
001122_lcam_front_lidar.ply/001122_lcam_front_lidar.ply,0.1,800,0.9,0.20164,-0.02554,1123,0.10654,0.0249,0.06876
001123_lcam_front_lidar.ply/001123_lcam_front_lidar.ply,0.1,800,0.9,0.16701,-0.02639,1124,0.0897,0.037,0.0715
001124_lcam_front_lidar.ply/001124_lcam_front_lidar.ply,0.1,800,0.9,0.13342,0.00018,1125,0.09939,0.03783,0.07075
001125_lcam_front_lidar.ply/001125_lcam_front_lidar.ply,0.1,800,0.9,0.20106,-0.03033,1126,0.07804,0.03913,0.0691
001126_lcam_front_lidar.ply/001126_lcam_front_lidar.ply,0.1,800,0.9,0.20103,-0.0184,1127,0.07054,0.03615,0.07002
001127_lcam_front_lidar.ply/001127_lcam_front_lidar.ply,0.1,800,0.9,0.14119,-0.00737,1128,0.07024,0.03317,0.06327
001128_lcam_front_lidar.ply/001128_lcam_front_lidar.ply,0.1,800,0.9,0.14342,-0.01263,1129,0.06646,0.02425,0.0583
001129_lcam_front_lidar.ply/001129_lcam_front_lidar.ply,0.1,800,0.9,0.15097,-0.02525,1130,0.05541,0.02332,0.06642
001130_lcam_front_lidar.ply/001130_lcam_front_lidar.ply,0.1,800,0.9,0.15386,-0.0357,1131,0.0,0.0,0.0
001131_lcam_front_lidar.ply/001131_lcam_front_lidar.ply,0.1,800,0.9,0.16721,-0.01,1132,0.0,0.0,0.0
001132_lcam_front_lidar.ply/001132_lcam_front_lidar.ply,0.1,800,0.9,0.13157,0.0128,1133,0.04683,0.02126,0.05443
001133_lcam_front_lidar.ply/001133_lcam_front_lidar.ply,0.1,800,0.9,0.14195,-0.0328,1134,0.0,0.0,0.0
001134_lcam_front_lidar.ply/001134_lcam_front_lidar.ply,0.1,800,0.9,0.23634,0.01966,1135,0.05702,0.03002,0.06373
001135_lcam_front_lidar.ply/001135_lcam_front_lidar.ply,0.1,800,0.9,0.184,-0.01392,1136,0.04752,0.01096,0.04685
001136_lcam_front_lidar.ply/001136_lcam_front_lidar.ply,0.1,800,0.9,0.1733,-0.0074,1137,0.05786,0.03208,0.06866
001137_lcam_front_lidar.ply/001137_lcam_front_lidar.ply,0.1,800,0.9,0.18776,-0.03067,1138,0.03043,0.01117,0.04888
001138_lcam_front_lidar.ply/001138_lcam_front_lidar.ply,0.1,800,0.9,0.16201,0.01554,1139,0.05987,0.02891,0.062
001139_lcam_front_lidar.ply/001139_lcam_front_lidar.ply,0.1,800,0.9,0.13301,-0.01783,1140,0.05243,0.03243,0.06384
001140_lcam_front_lidar.ply/001140_lcam_front_lidar.ply,0.1,800,0.9,0.15332,-0.02034,1141,0.04181,0.01761,0.05884
001141_lcam_front_lidar.ply/001141_lcam_front_lidar.ply,0.1,800,0.9,0.13236,-0.02503,1142,0.0,0.0,0.0
001142_lcam_front_lidar.ply/001142_lcam_front_lidar.ply,0.1,800,0.9,0.14286,-0.01,1143,0.0,0.0,0.0
001143_lcam_front_lidar.ply/001143_lcam_front_lidar.ply,0.1,800,0.9,0.12699,-0.01,1144,0.0,0.0,0.0
001144_lcam_front_lidar.ply/001144_lcam_front_lidar.ply,0.1,800,0.9,0.11905,-0.01,1145,0.0,0.0,0.0
001145_lcam_front_lidar.ply/001145_lcam_front_lidar.ply,0.1,800,0.9,0.13145,-0.01,1146,0.0,0.0,0.0
001146_lcam_front_lidar.ply/001146_lcam_front_lidar.ply,0.1,800,0.9,0.11911,-0.01,1147,0.0,0.0,0.0
001147_lcam_front_lidar.ply/001147_lcam_front_lidar.ply,0.1,800,0.9,0.21033,-0.01,1148,0.0,0.0,0.0
001148_lcam_front_lidar.ply/001148_lcam_front_lidar.ply,0.1,800,0.9,0.17147,-0.01,1149,0.0,0.0,0.0
001149_lcam_front_lidar.ply/001149_lcam_front_lidar.ply,0.1,800,0.9,0.17594,-0.01,1150,0.0,0.0,0.0
001150_lcam_front_lidar.ply/001150_lcam_front_lidar.ply,0.1,800,0.9,0.16002,-0.01,1151,0.0,0.0,0.0
001151_lcam_front_lidar.ply/001151_lcam_front_lidar.ply,0.1,800,0.9,0.15499,-0.01,1152,0.0,0.0,0.0
001152_lcam_front_lidar.ply/001152_lcam_front_lidar.ply,0.1,800,0.9,0.16501,-0.01,1153,0.0,0.0,0.0
001153_lcam_front_lidar.ply/001153_lcam_front_lidar.ply,0.1,800,0.9,0.17813,-0.01,1154,0.0,0.0,0.0
001154_lcam_front_lidar.ply/001154_lcam_front_lidar.ply,0.1,800,0.9,0.25013,-0.01,1155,0.0,0.0,0.0
001155_lcam_front_lidar.ply/001155_lcam_front_lidar.ply,0.1,800,0.9,0.17974,-0.01,1156,0.0,0.0,0.0
001156_lcam_front_lidar.ply/001156_lcam_front_lidar.ply,0.1,800,0.9,0.17837,-0.01,1157,0.0,0.0,0.0
001157_lcam_front_lidar.ply/001157_lcam_front_lidar.ply,0.1,800,0.9,0.18155,-0.01,1158,0.0,0.0,0.0
001158_lcam_front_lidar.ply/001158_lcam_front_lidar.ply,0.1,800,0.9,0.1862,-0.01,1159,0.0,0.0,0.0
001159_lcam_front_lidar.ply/001159_lcam_front_lidar.ply,0.1,800,0.9,0.20956,-0.01,1160,0.0,0.0,0.0
001160_lcam_front_lidar.ply/001160_lcam_front_lidar.ply,0.1,800,0.9,0.13311,-0.01,1161,0.0,0.0,0.0
001161_lcam_front_lidar.ply/001161_lcam_front_lidar.ply,0.1,800,0.9,0.18746,-0.01,1162,0.0,0.0,0.0
001162_lcam_front_lidar.ply/001162_lcam_front_lidar.ply,0.1,800,0.9,0.18612,-0.01,1163,0.0,0.0,0.0
001163_lcam_front_lidar.ply/001163_lcam_front_lidar.ply,0.1,800,0.9,0.1656,-0.01,1164,0.0,0.0,0.0
001164_lcam_front_lidar.ply/001164_lcam_front_lidar.ply,0.1,800,0.9,0.14105,-0.01,1165,0.0,0.0,0.0
001165_lcam_front_lidar.ply/001165_lcam_front_lidar.ply,0.1,800,0.9,0.1282,-0.01,1166,0.0,0.0,0.0
001166_lcam_front_lidar.ply/001166_lcam_front_lidar.ply,0.1,800,0.9,0.13891,-0.01,1167,0.0,0.0,0.0
001167_lcam_front_lidar.ply/001167_lcam_front_lidar.ply,0.1,800,0.9,0.12634,-0.01,1168,0.0,0.0,0.0
001168_lcam_front_lidar.ply/001168_lcam_front_lidar.ply,0.1,800,0.9,0.13781,-0.01,1169,0.0,0.0,0.0
001169_lcam_front_lidar.ply/001169_lcam_front_lidar.ply,0.1,800,0.9,0.12735,-0.01,1170,0.0,0.0,0.0
001170_lcam_front_lidar.ply/001170_lcam_front_lidar.ply,0.1,800,0.9,0.19928,-0.01,1171,0.0,0.0,0.0
001171_lcam_front_lidar.ply/001171_lcam_front_lidar.ply,0.1,800,0.9,0.19468,-0.01,1172,0.0,0.0,0.0
001172_lcam_front_lidar.ply/001172_lcam_front_lidar.ply,0.1,800,0.9,0.23624,-0.01,1173,0.0,0.0,0.0
001173_lcam_front_lidar.ply/001173_lcam_front_lidar.ply,0.1,800,0.9,0.14265,-0.01,1174,0.0,0.0,0.0
001174_lcam_front_lidar.ply/001174_lcam_front_lidar.ply,0.1,800,0.9,0.17075,-0.01,1175,0.0,0.0,0.0
001175_lcam_front_lidar.ply/001175_lcam_front_lidar.ply,0.1,800,0.9,0.13498,-0.01,1176,0.0,0.0,0.0
001176_lcam_front_lidar.ply/001176_lcam_front_lidar.ply,0.1,800,0.9,0.13736,-0.01,1177,0.0,0.0,0.0
001177_lcam_front_lidar.ply/001177_lcam_front_lidar.ply,0.1,800,0.9,0.13679,-0.01,1178,0.0,0.0,0.0
001178_lcam_front_lidar.ply/001178_lcam_front_lidar.ply,0.1,800,0.9,0.13113,-0.01,1179,0.0,0.0,0.0
001179_lcam_front_lidar.ply/001179_lcam_front_lidar.ply,0.1,800,0.9,0.13842,-0.01,1180,0.0,0.0,0.0
001180_lcam_front_lidar.ply/001180_lcam_front_lidar.ply,0.1,800,0.9,0.1437,-0.01,1181,0.0,0.0,0.0
001181_lcam_front_lidar.ply/001181_lcam_front_lidar.ply,0.1,800,0.9,0.15005,-0.01,1182,0.0,0.0,0.0
001182_lcam_front_lidar.ply/001182_lcam_front_lidar.ply,0.1,800,0.9,0.1843,-0.01,1183,0.0,0.0,0.0
001183_lcam_front_lidar.ply/001183_lcam_front_lidar.ply,0.1,800,0.9,0.23942,-0.01,1184,0.0,0.0,0.0
001184_lcam_front_lidar.ply/001184_lcam_front_lidar.ply,0.1,800,0.9,0.18603,-0.01,1185,0.0,0.0,0.0
001185_lcam_front_lidar.ply/001185_lcam_front_lidar.ply,0.1,800,0.9,0.18212,-0.01,1186,0.0,0.0,0.0
001186_lcam_front_lidar.ply/001186_lcam_front_lidar.ply,0.1,800,0.9,0.15422,-0.01,1187,0.0,0.0,0.0
001187_lcam_front_lidar.ply/001187_lcam_front_lidar.ply,0.1,800,0.9,0.18415,-0.01,1188,0.0,0.0,0.0
001188_lcam_front_lidar.ply/001188_lcam_front_lidar.ply,0.1,800,0.9,0.20032,-0.01,1189,0.0,0.0,0.0
001189_lcam_front_lidar.ply/001189_lcam_front_lidar.ply,0.1,800,0.9,0.19459,-0.01,1190,0.0,0.0,0.0
001190_lcam_front_lidar.ply/001190_lcam_front_lidar.ply,0.1,800,0.9,0.24827,-0.01,1191,0.0,0.0,0.0
001191_lcam_front_lidar.ply/001191_lcam_front_lidar.ply,0.1,800,0.9,0.14894,-0.01,1192,0.0,0.0,0.0
001192_lcam_front_lidar.ply/001192_lcam_front_lidar.ply,0.1,800,0.9,0.14814,-0.01,1193,0.0,0.0,0.0
001193_lcam_front_lidar.ply/001193_lcam_front_lidar.ply,0.1,800,0.9,0.13695,-0.01,1194,0.0,0.0,0.0
001194_lcam_front_lidar.ply/001194_lcam_front_lidar.ply,0.1,800,0.9,0.14265,-0.01,1195,0.0,0.0,0.0
001195_lcam_front_lidar.ply/001195_lcam_front_lidar.ply,0.1,800,0.9,0.13893,-0.01,1196,0.0,0.0,0.0
001196_lcam_front_lidar.ply/001196_lcam_front_lidar.ply,0.1,800,0.9,0.13099,-0.01,1197,0.0,0.0,0.0
001197_lcam_front_lidar.ply/001197_lcam_front_lidar.ply,0.1,800,0.9,0.14158,-0.01,1198,0.0,0.0,0.0
001198_lcam_front_lidar.ply/001198_lcam_front_lidar.ply,0.1,800,0.9,0.12841,-0.01,1199,0.0,0.0,0.0
001199_lcam_front_lidar.ply/001199_lcam_front_lidar.ply,0.1,800,0.9,0.17412,-0.01,1200,0.0,0.0,0.0
001200_lcam_front_lidar.ply/001200_lcam_front_lidar.ply,0.1,800,0.9,0.13469,-0.01,1201,0.0,0.0,0.0
001201_lcam_front_lidar.ply/001201_lcam_front_lidar.ply,0.1,800,0.9,0.14199,-0.01,1202,0.0,0.0,0.0
001202_lcam_front_lidar.ply/001202_lcam_front_lidar.ply,0.1,800,0.9,0.1252,-0.01,1203,0.0,0.0,0.0
001203_lcam_front_lidar.ply/001203_lcam_front_lidar.ply,0.1,800,0.9,0.13049,-0.01,1204,0.0,0.0,0.0
001204_lcam_front_lidar.ply/001204_lcam_front_lidar.ply,0.1,800,0.9,0.18123,-0.01,1205,0.0,0.0,0.0
001205_lcam_front_lidar.ply/001205_lcam_front_lidar.ply,0.1,800,0.9,0.12393,-0.01,1206,0.0,0.0,0.0
001206_lcam_front_lidar.ply/001206_lcam_front_lidar.ply,0.1,800,0.9,0.16997,-0.01,1207,0.0,0.0,0.0
001207_lcam_front_lidar.ply/001207_lcam_front_lidar.ply,0.1,800,0.9,0.1331,-0.01,1208,0.0,0.0,0.0
001208_lcam_front_lidar.ply/001208_lcam_front_lidar.ply,0.1,800,0.9,0.12049,-0.01,1209,0.0,0.0,0.0
001209_lcam_front_lidar.ply/001209_lcam_front_lidar.ply,0.1,800,0.9,0.14486,-0.01,1210,0.0,0.0,0.0
001210_lcam_front_lidar.ply/001210_lcam_front_lidar.ply,0.1,800,0.9,0.12705,-0.01,1211,0.0,0.0,0.0
001211_lcam_front_lidar.ply/001211_lcam_front_lidar.ply,0.1,800,0.9,0.14364,-0.01,1212,0.0,0.0,0.0
001212_lcam_front_lidar.ply/001212_lcam_front_lidar.ply,0.1,800,0.9,0.1203,-0.01,1213,0.0,0.0,0.0
001213_lcam_front_lidar.ply/001213_lcam_front_lidar.ply,0.1,800,0.9,0.11872,-0.01,1214,0.0,0.0,0.0
001214_lcam_front_lidar.ply/001214_lcam_front_lidar.ply,0.1,800,0.9,0.17508,-0.01,1215,0.0,0.0,0.0
001215_lcam_front_lidar.ply/001215_lcam_front_lidar.ply,0.1,800,0.9,0.12718,-0.01,1216,0.0,0.0,0.0
001216_lcam_front_lidar.ply/001216_lcam_front_lidar.ply,0.1,800,0.9,0.12244,-0.01,1217,0.0,0.0,0.0
001217_lcam_front_lidar.ply/001217_lcam_front_lidar.ply,0.1,800,0.9,0.12717,-0.01,1218,0.0,0.0,0.0
001218_lcam_front_lidar.ply/001218_lcam_front_lidar.ply,0.1,800,0.9,0.1281,-0.01,1219,0.0,0.0,0.0
001219_lcam_front_lidar.ply/001219_lcam_front_lidar.ply,0.1,800,0.9,0.16631,-0.01,1220,0.0,0.0,0.0
001220_lcam_front_lidar.ply/001220_lcam_front_lidar.ply,0.1,800,0.9,0.12729,-0.01,1221,0.0,0.0,0.0
001221_lcam_front_lidar.ply/001221_lcam_front_lidar.ply,0.1,800,0.9,0.13172,-0.01,1222,0.0,0.0,0.0
001222_lcam_front_lidar.ply/001222_lcam_front_lidar.ply,0.1,800,0.9,0.1326,-0.01,1223,0.0,0.0,0.0
001223_lcam_front_lidar.ply/001223_lcam_front_lidar.ply,0.1,800,0.9,0.12689,-0.01,1224,0.0,0.0,0.0
001224_lcam_front_lidar.ply/001224_lcam_front_lidar.ply,0.1,800,0.9,0.15414,-0.01,1225,0.0,0.0,0.0
001225_lcam_front_lidar.ply/001225_lcam_front_lidar.ply,0.1,800,0.9,0.14065,-0.01,1226,0.0,0.0,0.0
001226_lcam_front_lidar.ply/001226_lcam_front_lidar.ply,0.1,800,0.9,0.13118,-0.01,1227,0.0,0.0,0.0
001227_lcam_front_lidar.ply/001227_lcam_front_lidar.ply,0.1,800,0.9,0.13867,-0.01,1228,0.0,0.0,0.0
001228_lcam_front_lidar.ply/001228_lcam_front_lidar.ply,0.1,800,0.9,0.14279,-0.01,1229,0.0,0.0,0.0
001229_lcam_front_lidar.ply/001229_lcam_front_lidar.ply,0.1,800,0.9,0.15616,-0.01,1230,0.0,0.0,0.0
001230_lcam_front_lidar.ply/001230_lcam_front_lidar.ply,0.1,800,0.9,0.12301,-0.01,1231,0.0,0.0,0.0
001231_lcam_front_lidar.ply/001231_lcam_front_lidar.ply,0.1,800,0.9,0.15318,-0.01,1232,0.0,0.0,0.0
001232_lcam_front_lidar.ply/001232_lcam_front_lidar.ply,0.1,800,0.9,0.12933,-0.01,1233,0.0,0.0,0.0
001233_lcam_front_lidar.ply/001233_lcam_front_lidar.ply,0.1,800,0.9,0.12703,0.02816,1234,0.03867,1e-05,0.00103
001234_lcam_front_lidar.ply/001234_lcam_front_lidar.ply,0.1,800,0.9,0.14206,-0.00982,1235,0.03911,0.00017,0.0016
001235_lcam_front_lidar.ply/001235_lcam_front_lidar.ply,0.1,800,0.9,0.12114,-0.04834,1236,0.0,0.0,0.0
001236_lcam_front_lidar.ply/001236_lcam_front_lidar.ply,0.1,800,0.9,0.17338,-0.01,1237,0.0,0.0,0.0
001237_lcam_front_lidar.ply/001237_lcam_front_lidar.ply,0.1,800,0.9,0.15074,0.03441,1238,0.04501,0.00026,0.00127
001238_lcam_front_lidar.ply/001238_lcam_front_lidar.ply,0.1,800,0.9,0.17422,-0.00566,1239,0.04935,0.00025,0.00128
001239_lcam_front_lidar.ply/001239_lcam_front_lidar.ply,0.1,800,0.9,0.14325,-0.01403,1240,0.04524,0.00013,0.00108
001240_lcam_front_lidar.ply/001240_lcam_front_lidar.ply,0.1,800,0.9,0.19208,-0.01014,1241,0.04572,9e-05,0.0023
001241_lcam_front_lidar.ply/001241_lcam_front_lidar.ply,0.1,800,0.9,0.16365,-0.00383,1242,0.05236,0.00024,0.00331
001242_lcam_front_lidar.ply/001242_lcam_front_lidar.ply,0.1,800,0.9,0.2098,0.0912,1243,0.01779,1.0,0.03168
001243_lcam_front_lidar.ply/001243_lcam_front_lidar.ply,0.1,800,0.9,0.16377,0.0064,1244,0.03032,0.99997,0.02394
001244_lcam_front_lidar.ply/001244_lcam_front_lidar.ply,0.1,800,0.9,0.21145,-0.00926,1245,0.03166,0.99997,0.02515
001245_lcam_front_lidar.ply/001245_lcam_front_lidar.ply,0.1,800,0.9,0.16345,-0.00971,1246,0.03169,0.99999,0.02461
001246_lcam_front_lidar.ply/001246_lcam_front_lidar.ply,0.1,800,0.9,0.22942,-0.00987,1247,0.03235,0.99999,0.02567
001247_lcam_front_lidar.ply/001247_lcam_front_lidar.ply,0.1,800,0.9,0.20663,-0.01196,1248,0.03351,0.99999,0.0319
001248_lcam_front_lidar.ply/001248_lcam_front_lidar.ply,0.1,800,0.9,0.31504,-0.01109,1249,0.03362,0.99999,0.03431
001249_lcam_front_lidar.ply/001249_lcam_front_lidar.ply,0.1,800,0.9,0.22681,-0.01547,1250,0.02941,0.99999,0.03684
001250_lcam_front_lidar.ply/001250_lcam_front_lidar.ply,0.1,800,0.9,0.23409,-0.00982,1251,0.02968,0.99999,0.03701
001251_lcam_front_lidar.ply/001251_lcam_front_lidar.ply,0.1,800,0.9,0.18634,-0.00472,1252,0.03599,0.99998,0.03906
001252_lcam_front_lidar.ply/001252_lcam_front_lidar.ply,0.1,800,0.9,0.26525,-0.00883,1253,0.03594,0.99998,0.03663
001253_lcam_front_lidar.ply/001253_lcam_front_lidar.ply,0.1,800,0.9,0.19418,-0.01032,1254,0.03512,0.99999,0.03563
001254_lcam_front_lidar.ply/001254_lcam_front_lidar.ply,0.1,800,0.9,0.20792,-0.00965,1255,0.03578,0.99999,0.03624
001255_lcam_front_lidar.ply/001255_lcam_front_lidar.ply,0.1,800,0.9,0.17528,-0.01001,1256,0.03639,0.99999,0.03749
001256_lcam_front_lidar.ply/001256_lcam_front_lidar.ply,0.1,800,0.9,0.21166,-0.09964,1257,0.07931,1e-05,0.00262
001257_lcam_front_lidar.ply/001257_lcam_front_lidar.ply,0.1,800,0.9,0.17107,0.07864,1258,0.03493,0.99996,0.03657
001258_lcam_front_lidar.ply/001258_lcam_front_lidar.ply,0.1,800,0.9,0.20966,0.00692,1259,0.05184,0.99997,0.03655
001259_lcam_front_lidar.ply/001259_lcam_front_lidar.ply,0.1,800,0.9,0.17573,-0.02647,1260,0.03321,0.99994,0.03222
001260_lcam_front_lidar.ply/001260_lcam_front_lidar.ply,0.1,800,0.9,0.19815,-0.0079,1261,0.03568,0.99996,0.03297
001261_lcam_front_lidar.ply/001261_lcam_front_lidar.ply,0.1,800,0.9,0.18462,-0.01046,1262,0.03024,0.99986,0.023
001262_lcam_front_lidar.ply/001262_lcam_front_lidar.ply,0.1,800,0.9,0.18799,-0.00889,1263,0.03954,0.99994,0.03939
001263_lcam_front_lidar.ply/001263_lcam_front_lidar.ply,0.1,800,0.9,0.18379,-0.00759,1264,0.04162,0.99995,0.03873
001264_lcam_front_lidar.ply/001264_lcam_front_lidar.ply,0.1,800,0.9,0.16138,-0.01249,1265,0.03843,0.99997,0.03736
001265_lcam_front_lidar.ply/001265_lcam_front_lidar.ply,0.1,800,0.9,0.1752,-0.013,1266,0.03224,0.99998,0.03099
001266_lcam_front_lidar.ply/001266_lcam_front_lidar.ply,0.1,800,0.9,0.18732,-0.0096,1267,0.03188,0.99999,0.02947
001267_lcam_front_lidar.ply/001267_lcam_front_lidar.ply,0.1,800,0.9,0.21887,-0.00625,1268,0.03594,0.99998,0.03006
001268_lcam_front_lidar.ply/001268_lcam_front_lidar.ply,0.1,800,0.9,0.15089,-0.10798,1269,0.07806,0.0005,0.01042
001269_lcam_front_lidar.ply/001269_lcam_front_lidar.ply,0.1,800,0.9,0.21069,0.08547,1270,0.03283,0.99998,0.02889
001270_lcam_front_lidar.ply/001270_lcam_front_lidar.ply,0.1,800,0.9,0.28489,-0.00971,1271,0.03252,0.99998,0.02769
001271_lcam_front_lidar.ply/001271_lcam_front_lidar.ply,0.1,800,0.9,0.2118,0.00235,1272,0.04998,0.99999,0.03789
001272_lcam_front_lidar.ply/001272_lcam_front_lidar.ply,0.1,800,0.9,0.16689,-0.00907,1273,0.05006,0.99999,0.0362
001273_lcam_front_lidar.ply/001273_lcam_front_lidar.ply,0.1,800,0.9,0.2325,-0.01882,1274,0.04261,1.0,0.03894
001274_lcam_front_lidar.ply/001274_lcam_front_lidar.ply,0.1,800,0.9,0.20875,0.0001,1275,0.05074,1.0,0.035
001275_lcam_front_lidar.ply/001275_lcam_front_lidar.ply,0.1,800,0.9,0.23186,-0.00973,1276,0.05052,1.0,0.03401
001276_lcam_front_lidar.ply/001276_lcam_front_lidar.ply,0.1,800,0.9,0.1812,-0.02018,1277,0.04341,0.99999,0.04015
001277_lcam_front_lidar.ply/001277_lcam_front_lidar.ply,0.1,800,0.9,0.35151,-0.01022,1278,0.04154,0.99999,0.03684
001278_lcam_front_lidar.ply/001278_lcam_front_lidar.ply,0.1,800,0.9,0.27919,-0.00887,1279,0.04142,0.99999,0.03433
001279_lcam_front_lidar.ply/001279_lcam_front_lidar.ply,0.1,800,0.9,0.30433,-0.00862,1280,0.04033,1.0,0.0294
001280_lcam_front_lidar.ply/001280_lcam_front_lidar.ply,0.1,800,0.9,0.20931,0.00165,1281,0.0506,1.0,0.02665
001281_lcam_front_lidar.ply/001281_lcam_front_lidar.ply,0.1,800,0.9,0.23429,-0.00943,1282,0.0501,1.0,0.0245
001282_lcam_front_lidar.ply/001282_lcam_front_lidar.ply,0.1,800,0.9,0.22474,-0.01002,1283,0.05065,1.0,0.02565
001283_lcam_front_lidar.ply/001283_lcam_front_lidar.ply,0.1,800,0.9,0.29867,-0.01932,1284,0.0416,1.0,0.02618
001284_lcam_front_lidar.ply/001284_lcam_front_lidar.ply,0.1,800,0.9,0.24144,-0.00929,1285,0.0402,1.0,0.02197
001285_lcam_front_lidar.ply/001285_lcam_front_lidar.ply,0.1,800,0.9,0.27133,-0.00556,1286,0.04163,1.0,0.01594
001286_lcam_front_lidar.ply/001286_lcam_front_lidar.ply,0.1,800,0.9,0.18708,-0.03429,1287,0.03217,1.0,0.04561
001287_lcam_front_lidar.ply/001287_lcam_front_lidar.ply,0.1,800,0.9,0.21073,0.01577,1288,0.04111,1.0,0.01194
001288_lcam_front_lidar.ply/001288_lcam_front_lidar.ply,0.1,800,0.9,0.2082,-0.19514,1289,0.0,0.0,0.0
001289_lcam_front_lidar.ply/001289_lcam_front_lidar.ply,0.1,800,0.9,0.26028,-0.01,1290,0.0,0.0,0.0
001290_lcam_front_lidar.ply/001290_lcam_front_lidar.ply,0.1,800,0.9,0.21835,0.20489,1291,0.07958,1.0,0.02938
001291_lcam_front_lidar.ply/001291_lcam_front_lidar.ply,0.1,800,0.9,0.32648,-0.22489,1292,0.0,0.0,0.0
001292_lcam_front_lidar.ply/001292_lcam_front_lidar.ply,0.1,800,0.9,0.22787,-0.01,1293,0.0,0.0,0.0
001293_lcam_front_lidar.ply/001293_lcam_front_lidar.ply,0.1,800,0.9,0.32351,-0.01,1294,0.0,0.0,0.0
001294_lcam_front_lidar.ply/001294_lcam_front_lidar.ply,0.1,800,0.9,0.25188,-0.01,1295,0.0,0.0,0.0
001295_lcam_front_lidar.ply/001295_lcam_front_lidar.ply,0.1,800,0.9,0.25331,-0.01,1296,0.0,0.0,0.0
001296_lcam_front_lidar.ply/001296_lcam_front_lidar.ply,0.1,800,0.9,0.28864,-0.01,1297,0.0,0.0,0.0
001297_lcam_front_lidar.ply/001297_lcam_front_lidar.ply,0.1,800,0.9,0.25798,-0.01,1298,0.0,0.0,0.0
001298_lcam_front_lidar.ply/001298_lcam_front_lidar.ply,0.1,800,0.9,0.19973,-0.01,1299,0.0,0.0,0.0
001299_lcam_front_lidar.ply/001299_lcam_front_lidar.ply,0.1,800,0.9,0.25985,0.04002,1300,0.07434,0.00652,0.0506
001300_lcam_front_lidar.ply/001300_lcam_front_lidar.ply,0.1,800,0.9,0.18743,-0.06002,1301,0.0,0.0,0.0
001301_lcam_front_lidar.ply/001301_lcam_front_lidar.ply,0.1,800,0.9,0.17865,-0.01536,1302,0.01081,0.01157,0.03581
001302_lcam_front_lidar.ply/001302_lcam_front_lidar.ply,0.1,800,0.9,0.17376,-0.00464,1303,0.0,0.0,0.0
001303_lcam_front_lidar.ply/001303_lcam_front_lidar.ply,0.1,800,0.9,0.16524,-0.01,1304,0.0,0.0,0.0
001304_lcam_front_lidar.ply/001304_lcam_front_lidar.ply,0.1,800,0.9,0.20189,-0.01,1305,0.0,0.0,0.0
001305_lcam_front_lidar.ply/001305_lcam_front_lidar.ply,0.1,800,0.9,0.13446,-0.01,1306,0.0,0.0,0.0
001306_lcam_front_lidar.ply/001306_lcam_front_lidar.ply,0.1,800,0.9,0.21947,0.04844,1307,0.09366,0.03974,0.08235
001307_lcam_front_lidar.ply/001307_lcam_front_lidar.ply,0.1,800,0.9,0.16205,0.11034,1308,0.03326,1.0,0.00896
001308_lcam_front_lidar.ply/001308_lcam_front_lidar.ply,0.1,800,0.9,0.26225,-0.01093,1309,0.03402,0.99999,0.01234
001309_lcam_front_lidar.ply/001309_lcam_front_lidar.ply,0.1,800,0.9,0.17961,-0.18785,1310,0.0,0.0,0.0
001310_lcam_front_lidar.ply/001310_lcam_front_lidar.ply,0.1,800,0.9,0.18557,0.0592,1311,0.10545,0.04231,0.08521
001311_lcam_front_lidar.ply/001311_lcam_front_lidar.ply,0.1,800,0.9,0.21298,0.09735,1312,0.03302,0.99999,0.01295
001312_lcam_front_lidar.ply/001312_lcam_front_lidar.ply,0.1,800,0.9,0.20855,-0.00499,1313,0.0364,1.0,0.00969
001313_lcam_front_lidar.ply/001313_lcam_front_lidar.ply,0.1,800,0.9,0.18371,-0.00215,1314,0.04706,1.0,0.01531
001314_lcam_front_lidar.ply/001314_lcam_front_lidar.ply,0.1,800,0.9,0.19207,-0.02438,1315,0.0341,1.0,0.01814
001315_lcam_front_lidar.ply/001315_lcam_front_lidar.ply,0.1,800,0.9,0.17692,-0.01212,1316,0.03442,1.0,0.02303
001316_lcam_front_lidar.ply/001316_lcam_front_lidar.ply,0.1,800,0.9,0.19882,0.00386,1317,0.04838,1.0,0.02324
001317_lcam_front_lidar.ply/001317_lcam_front_lidar.ply,0.1,800,0.9,0.27102,-0.01124,1318,0.04912,1.0,0.0272
001318_lcam_front_lidar.ply/001318_lcam_front_lidar.ply,0.1,800,0.9,0.23632,-0.01015,1319,0.04919,1.0,0.02763
001319_lcam_front_lidar.ply/001319_lcam_front_lidar.ply,0.1,800,0.9,0.18244,-0.01034,1320,0.04897,1.0,0.02787
001320_lcam_front_lidar.ply/001320_lcam_front_lidar.ply,0.1,800,0.9,0.27504,-0.0095,1321,0.04918,1.0,0.02729
001321_lcam_front_lidar.ply/001321_lcam_front_lidar.ply,0.1,800,0.9,0.15995,-0.01175,1322,0.04765,1.0,0.02772
001322_lcam_front_lidar.ply/001322_lcam_front_lidar.ply,0.1,800,0.9,0.27649,-0.00103,1323,0.05883,1.0,0.03213
001323_lcam_front_lidar.ply/001323_lcam_front_lidar.ply,0.1,800,0.9,0.19828,-0.01903,1324,0.04829,1.0,0.02913
001324_lcam_front_lidar.ply/001324_lcam_front_lidar.ply,0.1,800,0.9,0.24718,-0.0109,1325,0.0481,1.0,0.03055
001325_lcam_front_lidar.ply/001325_lcam_front_lidar.ply,0.1,800,0.9,0.20483,-0.0112,1326,0.04739,1.0,0.03153
001326_lcam_front_lidar.ply/001326_lcam_front_lidar.ply,0.1,800,0.9,0.2136,-0.00927,1327,0.04877,1.0,0.03283
001327_lcam_front_lidar.ply/001327_lcam_front_lidar.ply,0.1,800,0.9,0.19886,-0.01986,1328,0.04044,0.99999,0.03588
001328_lcam_front_lidar.ply/001328_lcam_front_lidar.ply,0.1,800,0.9,0.18464,-0.00286,1329,0.04707,1.0,0.03489
001329_lcam_front_lidar.ply/001329_lcam_front_lidar.ply,0.1,800,0.9,0.20703,-0.01101,1330,0.04605,1.0,0.03487
001330_lcam_front_lidar.ply/001330_lcam_front_lidar.ply,0.1,800,0.9,0.18306,-0.00973,1331,0.04698,1.0,0.03618
001331_lcam_front_lidar.ply/001331_lcam_front_lidar.ply,0.1,800,0.9,0.2256,-0.01181,1332,0.0448,1.0,0.03544
001332_lcam_front_lidar.ply/001332_lcam_front_lidar.ply,0.1,800,0.9,0.20823,-0.00987,1333,0.04664,0.99999,0.03886
001333_lcam_front_lidar.ply/001333_lcam_front_lidar.ply,0.1,800,0.9,0.18246,-0.01117,1334,0.04684,0.99999,0.04162
001334_lcam_front_lidar.ply/001334_lcam_front_lidar.ply,0.1,800,0.9,0.20743,-0.03591,1335,0.00034,0.99862,1e-05
001335_lcam_front_lidar.ply/001335_lcam_front_lidar.ply,0.1,800,0.9,0.19015,0.00536,1336,0.02743,0.99981,0.02384
001336_lcam_front_lidar.ply/001336_lcam_front_lidar.ply,0.1,800,0.9,0.17303,-0.10569,1337,0.10667,0.03687,0.08481
001337_lcam_front_lidar.ply/001337_lcam_front_lidar.ply,0.1,800,0.9,0.14127,-0.0798,1338,0.0,0.0,0.0
001338_lcam_front_lidar.ply/001338_lcam_front_lidar.ply,0.1,800,0.9,0.19472,0.06196,1339,0.10717,0.03285,0.08027
001339_lcam_front_lidar.ply/001339_lcam_front_lidar.ply,0.1,800,0.9,0.183,-0.01565,1340,0.10057,0.03551,0.07918
001340_lcam_front_lidar.ply/001340_lcam_front_lidar.ply,0.1,800,0.9,0.23578,-0.00917,1341,0.10247,0.03674,0.08169
001341_lcam_front_lidar.ply/001341_lcam_front_lidar.ply,0.1,800,0.9,0.17119,-0.00621,1342,0.10743,0.02876,0.08163
001342_lcam_front_lidar.ply/001342_lcam_front_lidar.ply,0.1,800,0.9,0.21944,0.09392,1343,0.04691,0.99999,0.0441
001343_lcam_front_lidar.ply/001343_lcam_front_lidar.ply,0.1,800,0.9,0.17269,-0.01185,1344,0.04642,1.0,0.04683
001344_lcam_front_lidar.ply/001344_lcam_front_lidar.ply,0.1,800,0.9,0.17843,-0.11797,1345,0.10417,0.02379,0.0854
001345_lcam_front_lidar.ply/001345_lcam_front_lidar.ply,0.1,800,0.9,0.18138,0.09833,1346,0.04388,0.99998,0.04103
001346_lcam_front_lidar.ply/001346_lcam_front_lidar.ply,0.1,800,0.9,0.19291,-0.00898,1347,0.0428,0.99998,0.03682
001347_lcam_front_lidar.ply/001347_lcam_front_lidar.ply,0.1,800,0.9,0.21073,-0.00999,1348,0.04309,0.99998,0.03738
001348_lcam_front_lidar.ply/001348_lcam_front_lidar.ply,0.1,800,0.9,0.1533,-0.12046,1349,0.10515,0.0148,0.08686
001349_lcam_front_lidar.ply/001349_lcam_front_lidar.ply,0.1,800,0.9,0.15118,-0.07394,1350,0.0,0.0,0.0
001350_lcam_front_lidar.ply/001350_lcam_front_lidar.ply,0.1,800,0.9,0.16555,0.05416,1351,0.10242,0.02288,0.08338
001351_lcam_front_lidar.ply/001351_lcam_front_lidar.ply,0.1,800,0.9,0.13972,-0.00973,1352,0.10248,0.02198,0.08269
001352_lcam_front_lidar.ply/001352_lcam_front_lidar.ply,0.1,800,0.9,0.14402,-0.01135,1353,0.10191,0.02269,0.08445
001353_lcam_front_lidar.ply/001353_lcam_front_lidar.ply,0.1,800,0.9,0.13027,-0.07308,1354,0.0,0.0,0.0
001354_lcam_front_lidar.ply/001354_lcam_front_lidar.ply,0.1,800,0.9,0.18701,0.06182,1355,0.11024,0.01904,0.08255
001355_lcam_front_lidar.ply/001355_lcam_front_lidar.ply,0.1,800,0.9,0.13352,0.02444,1356,0.14196,0.01625,0.07627
001356_lcam_front_lidar.ply/001356_lcam_front_lidar.ply,0.1,800,0.9,0.14718,-0.0013,1357,0.1507,0.01339,0.07549
001357_lcam_front_lidar.ply/001357_lcam_front_lidar.ply,0.1,800,0.9,0.1559,-0.01371,1358,0.14696,0.0138,0.07554
001358_lcam_front_lidar.ply/001358_lcam_front_lidar.ply,0.1,800,0.9,0.25271,-0.01187,1359,0.14344,0.01426,0.07238
001359_lcam_front_lidar.ply/001359_lcam_front_lidar.ply,0.1,800,0.9,0.19089,-0.01328,1360,0.14231,0.01382,0.07654
001360_lcam_front_lidar.ply/001360_lcam_front_lidar.ply,0.1,800,0.9,0.18457,-0.05222,1361,0.10365,0.01682,0.08456
001361_lcam_front_lidar.ply/001361_lcam_front_lidar.ply,0.1,800,0.9,0.16103,0.01268,1362,0.12386,0.00954,0.07745
001362_lcam_front_lidar.ply/001362_lcam_front_lidar.ply,0.1,800,0.9,0.19471,0.00433,1363,0.13621,0.01372,0.07476
001363_lcam_front_lidar.ply/001363_lcam_front_lidar.ply,0.1,800,0.9,0.23804,-0.04579,1364,0.10089,0.02394,0.07876
001364_lcam_front_lidar.ply/001364_lcam_front_lidar.ply,0.1,800,0.9,0.15232,0.026,1365,0.1359,0.017,0.07469
001365_lcam_front_lidar.ply/001365_lcam_front_lidar.ply,0.1,800,0.9,0.20503,-0.01364,1366,0.13208,0.01952,0.07509
001366_lcam_front_lidar.ply/001366_lcam_front_lidar.ply,0.1,800,0.9,0.1759,-0.04135,1367,0.10413,0.0179,0.08141
001367_lcam_front_lidar.ply/001367_lcam_front_lidar.ply,0.1,800,0.9,0.19094,-0.00175,1368,0.11294,0.02229,0.08385
001368_lcam_front_lidar.ply/001368_lcam_front_lidar.ply,0.1,800,0.9,0.18904,-0.02444,1369,0.09612,0.02063,0.0786
001369_lcam_front_lidar.ply/001369_lcam_front_lidar.ply,0.1,800,0.9,0.19108,0.03381,1370,0.13743,0.01728,0.0726
001370_lcam_front_lidar.ply/001370_lcam_front_lidar.ply,0.1,800,0.9,0.19094,-0.04065,1371,0.11254,0.02117,0.08529
001371_lcam_front_lidar.ply/001371_lcam_front_lidar.ply,0.1,800,0.9,0.22057,0.02105,1372,0.13853,0.01659,0.0738
001372_lcam_front_lidar.ply/001372_lcam_front_lidar.ply,0.1,800,0.9,0.1799,0.05567,1373,0.04399,1.0,0.04839
001373_lcam_front_lidar.ply/001373_lcam_front_lidar.ply,0.1,800,0.9,0.22177,-0.01044,1374,0.04243,1.0,0.04616
001374_lcam_front_lidar.ply/001374_lcam_front_lidar.ply,0.1,800,0.9,0.19071,-0.00808,1375,0.04293,1.0,0.04332
001375_lcam_front_lidar.ply/001375_lcam_front_lidar.ply,0.1,800,0.9,0.20698,-0.00767,1376,0.04416,1.0,0.04113
001376_lcam_front_lidar.ply/001376_lcam_front_lidar.ply,0.1,800,0.9,0.19304,-0.00698,1377,0.04599,1.0,0.03876
001377_lcam_front_lidar.ply/001377_lcam_front_lidar.ply,0.1,800,0.9,0.14261,-0.00902,1378,0.04472,0.99999,0.03425
001378_lcam_front_lidar.ply/001378_lcam_front_lidar.ply,0.1,800,0.9,0.17302,-0.01004,1379,0.04541,0.99999,0.03572
001379_lcam_front_lidar.ply/001379_lcam_front_lidar.ply,0.1,800,0.9,0.16478,-0.0104,1380,0.04565,0.99999,0.03699
001380_lcam_front_lidar.ply/001380_lcam_front_lidar.ply,0.1,800,0.9,0.21667,0.00311,1381,0.05464,0.99999,0.02874
001381_lcam_front_lidar.ply/001381_lcam_front_lidar.ply,0.1,800,0.9,0.16881,-0.01771,1382,0.04386,0.99997,0.02261
001382_lcam_front_lidar.ply/001382_lcam_front_lidar.ply,0.1,800,0.9,0.15501,-0.00893,1383,0.04433,0.99997,0.02141
001383_lcam_front_lidar.ply/001383_lcam_front_lidar.ply,0.1,800,0.9,0.15938,-0.01004,1384,0.04411,0.99997,0.02104
001384_lcam_front_lidar.ply/001384_lcam_front_lidar.ply,0.1,800,0.9,0.12715,-0.09101,1385,0.14853,0.01209,0.09553
001385_lcam_front_lidar.ply/001385_lcam_front_lidar.ply,0.1,800,0.9,0.14348,0.06179,1386,0.03265,0.99998,0.01655
001386_lcam_front_lidar.ply/001386_lcam_front_lidar.ply,0.1,800,0.9,0.10501,-0.18437,1387,0.0,0.0,0.0
001387_lcam_front_lidar.ply/001387_lcam_front_lidar.ply,0.1,800,0.9,0.1131,0.10032,1388,0.15658,0.00952,0.09538
001388_lcam_front_lidar.ply/001388_lcam_front_lidar.ply,0.1,800,0.9,0.12573,-0.02449,1389,0.12601,0.04884,0.07502
001389_lcam_front_lidar.ply/001389_lcam_front_lidar.ply,0.1,800,0.9,0.11878,-0.03005,1390,0.11364,0.02699,0.08383
001390_lcam_front_lidar.ply/001390_lcam_front_lidar.ply,0.1,800,0.9,0.13712,0.00509,1391,0.12495,0.06724,0.08834
001391_lcam_front_lidar.ply/001391_lcam_front_lidar.ply,0.1,800,0.9,0.16977,-0.02302,1392,0.13068,0.03258,0.11545
001392_lcam_front_lidar.ply/001392_lcam_front_lidar.ply,0.1,800,0.9,0.12824,0.00253,1393,0.13069,0.0768,0.10368
001393_lcam_front_lidar.ply/001393_lcam_front_lidar.ply,0.1,800,0.9,0.13682,-0.10037,1394,0.0,0.0,0.0
001394_lcam_front_lidar.ply/001394_lcam_front_lidar.ply,0.1,800,0.9,0.11077,-0.01,1395,0.0,0.0,0.0
001395_lcam_front_lidar.ply/001395_lcam_front_lidar.ply,0.1,800,0.9,0.13096,0.09632,1396,0.15229,0.00927,0.09472
001396_lcam_front_lidar.ply/001396_lcam_front_lidar.ply,0.1,800,0.9,0.12944,-0.01467,1397,0.1468,0.00564,0.09197
001397_lcam_front_lidar.ply/001397_lcam_front_lidar.ply,0.1,800,0.9,0.11507,0.00173,1398,0.1507,0.12454,0.112
001398_lcam_front_lidar.ply/001398_lcam_front_lidar.ply,0.1,800,0.9,0.11606,-0.02308,1399,0.14534,0.01322,0.09404
001399_lcam_front_lidar.ply/001399_lcam_front_lidar.ply,0.1,800,0.9,0.11047,0.00517,1400,0.15107,0.11493,0.10569
001400_lcam_front_lidar.ply/001400_lcam_front_lidar.ply,0.1,800,0.9,0.1113,-0.12547,1401,0.0,0.0,0.0
001401_lcam_front_lidar.ply/001401_lcam_front_lidar.ply,0.1,800,0.9,0.09319,-0.01,1402,0.0,0.0,0.0
001402_lcam_front_lidar.ply/001402_lcam_front_lidar.ply,0.1,800,0.9,0.1324,0.08414,1403,0.13735,0.01722,0.09159
001403_lcam_front_lidar.ply/001403_lcam_front_lidar.ply,0.1,800,0.9,0.11458,0.00613,1404,0.14203,0.13066,0.10273
001404_lcam_front_lidar.ply/001404_lcam_front_lidar.ply,0.1,800,0.9,0.11382,0.04608,1405,0.02308,0.99998,0.01347
001405_lcam_front_lidar.ply/001405_lcam_front_lidar.ply,0.1,800,0.9,0.12822,0.0106,1406,0.04433,0.99998,0.01477
001406_lcam_front_lidar.ply/001406_lcam_front_lidar.ply,0.1,800,0.9,0.11506,-0.19694,1407,0.0,0.0,0.0
001407_lcam_front_lidar.ply/001407_lcam_front_lidar.ply,0.1,800,0.9,0.12013,-0.01,1408,0.0,0.0,0.0
001408_lcam_front_lidar.ply/001408_lcam_front_lidar.ply,0.1,800,0.9,0.14651,-0.01,1409,0.0,0.0,0.0
001409_lcam_front_lidar.ply/001409_lcam_front_lidar.ply,0.1,800,0.9,0.12658,-0.01,1410,0.0,0.0,0.0
001410_lcam_front_lidar.ply/001410_lcam_front_lidar.ply,0.1,800,0.9,0.1752,0.1532,1411,0.02038,0.99998,0.01434
001411_lcam_front_lidar.ply/001411_lcam_front_lidar.ply,0.1,800,0.9,0.1424,-0.1732,1412,0.0,0.0,0.0
001412_lcam_front_lidar.ply/001412_lcam_front_lidar.ply,0.1,800,0.9,0.20859,0.17076,1413,0.03981,0.99997,0.0181
001413_lcam_front_lidar.ply/001413_lcam_front_lidar.ply,0.1,800,0.9,0.17163,-0.01102,1414,0.03944,0.99997,0.01939
001414_lcam_front_lidar.ply/001414_lcam_front_lidar.ply,0.1,800,0.9,0.15539,-0.11634,1415,0.11125,0.02477,0.08312
001415_lcam_front_lidar.ply/001415_lcam_front_lidar.ply,0.1,800,0.9,0.16533,0.09552,1416,0.04195,0.99998,0.02604
001416_lcam_front_lidar.ply/001416_lcam_front_lidar.ply,0.1,800,0.9,0.19006,-0.02173,1417,0.03297,0.99999,0.03155
001417_lcam_front_lidar.ply/001417_lcam_front_lidar.ply,0.1,800,0.9,0.19611,-0.07065,1418,0.1632,0.03228,0.12299
001418_lcam_front_lidar.ply/001418_lcam_front_lidar.ply,0.1,800,0.9,0.1882,0.04811,1419,0.03418,1.0,0.03904
001419_lcam_front_lidar.ply/001419_lcam_front_lidar.ply,0.1,800,0.9,0.16326,-0.0013,1420,0.04227,1.0,0.03784
001420_lcam_front_lidar.ply/001420_lcam_front_lidar.ply,0.1,800,0.9,0.20854,-0.01144,1421,0.04311,1.0,0.04239
001421_lcam_front_lidar.ply/001421_lcam_front_lidar.ply,0.1,800,0.9,0.1667,-0.11215,1422,0.10324,0.02554,0.07461
001422_lcam_front_lidar.ply/001422_lcam_front_lidar.ply,0.1,800,0.9,0.21874,0.08767,1423,0.04084,1.0,0.04681
001423_lcam_front_lidar.ply/001423_lcam_front_lidar.ply,0.1,800,0.9,0.15491,-0.1204,1424,0.0761,0.00142,0.03856
001424_lcam_front_lidar.ply/001424_lcam_front_lidar.ply,0.1,800,0.9,0.13713,-0.00531,1425,0.09532,0.02371,0.0743
001425_lcam_front_lidar.ply/001425_lcam_front_lidar.ply,0.1,800,0.9,0.18485,-0.00815,1426,0.09517,0.02167,0.06968
001426_lcam_front_lidar.ply/001426_lcam_front_lidar.ply,0.1,800,0.9,0.14993,-0.01613,1427,0.09118,0.02307,0.07437
001427_lcam_front_lidar.ply/001427_lcam_front_lidar.ply,0.1,800,0.9,0.16805,-0.06745,1428,0.0,0.0,0.0
001428_lcam_front_lidar.ply/001428_lcam_front_lidar.ply,0.1,800,0.9,0.15212,0.04857,1429,0.0889,0.01914,0.06641
001429_lcam_front_lidar.ply/001429_lcam_front_lidar.ply,0.1,800,0.9,0.1578,-0.01074,1430,0.08784,0.01707,0.06514
001430_lcam_front_lidar.ply/001430_lcam_front_lidar.ply,0.1,800,0.9,0.14639,-0.01964,1431,0.08056,0.02168,0.07123
001431_lcam_front_lidar.ply/001431_lcam_front_lidar.ply,0.1,800,0.9,0.17752,0.01891,1432,0.10671,0.01232,0.0629
001432_lcam_front_lidar.ply/001432_lcam_front_lidar.ply,0.1,800,0.9,0.19535,-0.031,1433,0.07683,0.00587,0.04321
001433_lcam_front_lidar.ply/001433_lcam_front_lidar.ply,0.1,800,0.9,0.17544,0.02222,1434,0.11524,0.01481,0.05826
001434_lcam_front_lidar.ply/001434_lcam_front_lidar.ply,0.1,800,0.9,0.14022,-0.09833,1435,0.0,0.0,0.0
001435_lcam_front_lidar.ply/001435_lcam_front_lidar.ply,0.1,800,0.9,0.14745,-0.01,1436,0.0,0.0,0.0
001436_lcam_front_lidar.ply/001436_lcam_front_lidar.ply,0.1,800,0.9,0.14089,0.05641,1437,0.08103,0.00248,0.02998
001437_lcam_front_lidar.ply/001437_lcam_front_lidar.ply,0.1,800,0.9,0.20308,-0.00808,1438,0.08477,0.00632,0.03476
001438_lcam_front_lidar.ply/001438_lcam_front_lidar.ply,0.1,800,0.9,0.18428,-0.01664,1439,0.11781,0.01411,0.11646
001439_lcam_front_lidar.ply/001439_lcam_front_lidar.ply,0.1,800,0.9,0.18762,-0.03371,1440,0.07996,0.02701,0.09205
001440_lcam_front_lidar.ply/001440_lcam_front_lidar.ply,0.1,800,0.9,0.15668,0.00107,1441,0.07976,0.03155,0.07088
001441_lcam_front_lidar.ply/001441_lcam_front_lidar.ply,0.1,800,0.9,0.19749,0.00614,1442,0.08968,0.0167,0.05399
001442_lcam_front_lidar.ply/001442_lcam_front_lidar.ply,0.1,800,0.9,0.21925,-0.03546,1443,0.08215,0.0221,0.09149
001443_lcam_front_lidar.ply/001443_lcam_front_lidar.ply,0.1,800,0.9,0.1582,0.0029,1444,0.08588,0.02827,0.075
001444_lcam_front_lidar.ply/001444_lcam_front_lidar.ply,0.1,800,0.9,0.17462,-0.01596,1445,0.08401,0.02266,0.08149
001445_lcam_front_lidar.ply/001445_lcam_front_lidar.ply,0.1,800,0.9,0.19751,-0.00336,1446,0.08908,0.02643,0.07947
001446_lcam_front_lidar.ply/001446_lcam_front_lidar.ply,0.1,800,0.9,0.16114,-0.00678,1447,0.09052,0.0325,0.07774
001447_lcam_front_lidar.ply/001447_lcam_front_lidar.ply,0.1,800,0.9,0.15489,-0.00799,1448,0.09294,0.03069,0.07802
001448_lcam_front_lidar.ply/001448_lcam_front_lidar.ply,0.1,800,0.9,0.17087,-0.00896,1449,0.09393,0.03207,0.07833
001449_lcam_front_lidar.ply/001449_lcam_front_lidar.ply,0.1,800,0.9,0.14795,-0.01021,1450,0.0935,0.03529,0.07886
001450_lcam_front_lidar.ply/001450_lcam_front_lidar.ply,0.1,800,0.9,0.16367,-0.06936,1451,0.0,0.0,0.0
001451_lcam_front_lidar.ply/001451_lcam_front_lidar.ply,0.1,800,0.9,0.2316,0.05602,1452,0.10005,0.03738,0.07929
001452_lcam_front_lidar.ply/001452_lcam_front_lidar.ply,0.1,800,0.9,0.15551,-0.01037,1453,0.09988,0.03944,0.08029
001453_lcam_front_lidar.ply/001453_lcam_front_lidar.ply,0.1,800,0.9,0.17232,-0.00716,1454,0.10242,0.04126,0.08024
001454_lcam_front_lidar.ply/001454_lcam_front_lidar.ply,0.1,800,0.9,0.14242,-0.00789,1455,0.10555,0.04296,0.08278
001455_lcam_front_lidar.ply/001455_lcam_front_lidar.ply,0.1,800,0.9,0.16512,-0.01076,1456,0.10485,0.04528,0.08359
001456_lcam_front_lidar.ply/001456_lcam_front_lidar.ply,0.1,800,0.9,0.13684,-0.0046,1457,0.11039,0.04298,0.08319
001457_lcam_front_lidar.ply/001457_lcam_front_lidar.ply,0.1,800,0.9,0.15624,-0.00683,1458,0.11359,0.04184,0.08291
001458_lcam_front_lidar.ply/001458_lcam_front_lidar.ply,0.1,800,0.9,0.12162,-0.00809,1459,0.11107,0.03678,0.07253
001459_lcam_front_lidar.ply/001459_lcam_front_lidar.ply,0.1,800,0.9,0.13623,-0.00486,1460,0.12134,0.04624,0.08564
001460_lcam_front_lidar.ply/001460_lcam_front_lidar.ply,0.1,800,0.9,0.12489,-0.01282,1461,0.11921,0.0415,0.0856
001461_lcam_front_lidar.ply/001461_lcam_front_lidar.ply,0.1,800,0.9,0.1035,-0.09264,1462,0.0,0.0,0.0
001462_lcam_front_lidar.ply/001462_lcam_front_lidar.ply,0.1,800,0.9,0.09833,0.06709,1463,0.11462,0.03723,0.08625
001463_lcam_front_lidar.ply/001463_lcam_front_lidar.ply,0.1,800,0.9,0.12117,-0.0079,1464,0.11672,0.03586,0.08582
001464_lcam_front_lidar.ply/001464_lcam_front_lidar.ply,0.1,800,0.9,0.08456,-0.08919,1465,0.0,0.0,0.0
001465_lcam_front_lidar.ply/001465_lcam_front_lidar.ply,0.1,800,0.9,0.12351,0.06547,1466,0.11341,0.03489,0.08636
001466_lcam_front_lidar.ply/001466_lcam_front_lidar.ply,0.1,800,0.9,0.11113,-0.08547,1467,0.0,0.0,0.0
001467_lcam_front_lidar.ply/001467_lcam_front_lidar.ply,0.1,800,0.9,0.11236,-0.01,1468,0.0,0.0,0.0
001468_lcam_front_lidar.ply/001468_lcam_front_lidar.ply,0.1,800,0.9,0.09721,-0.01,1469,0.0,0.0,0.0
001469_lcam_front_lidar.ply/001469_lcam_front_lidar.ply,0.1,800,0.9,0.12976,-0.01,1470,0.0,0.0,0.0
001470_lcam_front_lidar.ply/001470_lcam_front_lidar.ply,0.1,800,0.9,0.12701,0.07048,1471,0.11894,0.02428,0.08421
001471_lcam_front_lidar.ply/001471_lcam_front_lidar.ply,0.1,800,0.9,0.13032,-0.00925,1472,0.11904,0.01725,0.08081
001472_lcam_front_lidar.ply/001472_lcam_front_lidar.ply,0.1,800,0.9,0.09902,-0.00953,1473,0.11984,0.0196,0.08218
001473_lcam_front_lidar.ply/001473_lcam_front_lidar.ply,0.1,800,0.9,0.13673,-0.09169,1474,0.0,0.0,0.0
001474_lcam_front_lidar.ply/001474_lcam_front_lidar.ply,0.1,800,0.9,0.10239,0.06711,1475,0.11519,0.01714,0.08129
001475_lcam_front_lidar.ply/001475_lcam_front_lidar.ply,0.1,800,0.9,0.15338,-0.01747,1476,0.10908,0.01688,0.08394
001476_lcam_front_lidar.ply/001476_lcam_front_lidar.ply,0.1,800,0.9,0.11654,-0.01631,1477,0.10322,0.01522,0.08434
001477_lcam_front_lidar.ply/001477_lcam_front_lidar.ply,0.1,800,0.9,0.14781,-0.00958,1478,0.10319,0.01252,0.08264
001478_lcam_front_lidar.ply/001478_lcam_front_lidar.ply,0.1,800,0.9,0.14477,-0.00746,1479,0.10597,0.0119,0.08292
001479_lcam_front_lidar.ply/001479_lcam_front_lidar.ply,0.1,800,0.9,0.15744,-0.01073,1480,0.10571,0.01381,0.08443
001480_lcam_front_lidar.ply/001480_lcam_front_lidar.ply,0.1,800,0.9,0.13679,-0.01591,1481,0.09964,0.01405,0.08419
001481_lcam_front_lidar.ply/001481_lcam_front_lidar.ply,0.1,800,0.9,0.12452,-0.06966,1482,0.0,0.0,0.0
001482_lcam_front_lidar.ply/001482_lcam_front_lidar.ply,0.1,800,0.9,0.16366,0.04546,1483,0.09632,0.01206,0.08534
001483_lcam_front_lidar.ply/001483_lcam_front_lidar.ply,0.1,800,0.9,0.14679,-0.01246,1484,0.09314,0.00474,0.08169
001484_lcam_front_lidar.ply/001484_lcam_front_lidar.ply,0.1,800,0.9,0.12629,-0.01046,1485,0.09197,0.00455,0.08023
001485_lcam_front_lidar.ply/001485_lcam_front_lidar.ply,0.1,800,0.9,0.15809,-0.01273,1486,0.09105,0.01117,0.08584
001486_lcam_front_lidar.ply/001486_lcam_front_lidar.ply,0.1,800,0.9,0.15061,-0.05981,1487,0.0,0.0,0.0
001487_lcam_front_lidar.ply/001487_lcam_front_lidar.ply,0.1,800,0.9,0.16145,-0.01,1488,0.0,0.0,0.0
001488_lcam_front_lidar.ply/001488_lcam_front_lidar.ply,0.1,800,0.9,0.1385,0.03619,1489,0.08637,0.01044,0.08348
001489_lcam_front_lidar.ply/001489_lcam_front_lidar.ply,0.1,800,0.9,0.14693,-0.00885,1490,0.08824,0.01505,0.0863
001490_lcam_front_lidar.ply/001490_lcam_front_lidar.ply,0.1,800,0.9,0.1274,-0.05734,1491,0.0,0.0,0.0
001491_lcam_front_lidar.ply/001491_lcam_front_lidar.ply,0.1,800,0.9,0.16156,0.03149,1492,0.08264,0.01645,0.08722
001492_lcam_front_lidar.ply/001492_lcam_front_lidar.ply,0.1,800,0.9,0.21107,-0.01063,1493,0.08163,0.01703,0.08666
001493_lcam_front_lidar.ply/001493_lcam_front_lidar.ply,0.1,800,0.9,0.13034,-0.05086,1494,0.0,0.0,0.0
001494_lcam_front_lidar.ply/001494_lcam_front_lidar.ply,0.1,800,0.9,0.14479,-0.01,1495,0.0,0.0,0.0
001495_lcam_front_lidar.ply/001495_lcam_front_lidar.ply,0.1,800,0.9,0.11877,-0.01,1496,0.0,0.0,0.0
001496_lcam_front_lidar.ply/001496_lcam_front_lidar.ply,0.1,800,0.9,0.14007,0.02996,1497,0.07062,0.03612,0.07214
001497_lcam_front_lidar.ply/001497_lcam_front_lidar.ply,0.1,800,0.9,0.11652,-0.04996,1498,0.0,0.0,0.0
001498_lcam_front_lidar.ply/001498_lcam_front_lidar.ply,0.1,800,0.9,0.1277,-0.01,1499,0.0,0.0,0.0
001499_lcam_front_lidar.ply/001499_lcam_front_lidar.ply,0.1,800,0.9,0.1633,0.02913,1500,0.06985,0.03625,0.07233
001500_lcam_front_lidar.ply/001500_lcam_front_lidar.ply,0.1,800,0.9,0.11376,-0.04913,1501,0.0,0.0,0.0
001501_lcam_front_lidar.ply/001501_lcam_front_lidar.ply,0.1,800,0.9,0.15507,-0.01,1502,0.0,0.0,0.0
001502_lcam_front_lidar.ply/001502_lcam_front_lidar.ply,0.1,800,0.9,0.12715,-0.01,1503,0.0,0.0,0.0
001503_lcam_front_lidar.ply/001503_lcam_front_lidar.ply,0.1,800,0.9,0.13031,0.02905,1504,0.06908,0.03634,0.07095
001504_lcam_front_lidar.ply/001504_lcam_front_lidar.ply,0.1,800,0.9,0.11469,-0.04905,1505,0.0,0.0,0.0
001505_lcam_front_lidar.ply/001505_lcam_front_lidar.ply,0.1,800,0.9,0.127,0.02937,1506,0.06908,0.03579,0.07017
001506_lcam_front_lidar.ply/001506_lcam_front_lidar.ply,0.1,800,0.9,0.16455,-0.04937,1507,0.0,0.0,0.0
001507_lcam_front_lidar.ply/001507_lcam_front_lidar.ply,0.1,800,0.9,0.13077,0.04257,1508,0.09744,0.00891,0.0924
001508_lcam_front_lidar.ply/001508_lcam_front_lidar.ply,0.1,800,0.9,0.15957,-0.06257,1509,0.0,0.0,0.0
001509_lcam_front_lidar.ply/001509_lcam_front_lidar.ply,0.1,800,0.9,0.11684,-0.01,1510,0.0,0.0,0.0
001510_lcam_front_lidar.ply/001510_lcam_front_lidar.ply,0.1,800,0.9,0.14314,0.0693,1511,0.11785,0.00477,0.07853
001511_lcam_front_lidar.ply/001511_lcam_front_lidar.ply,0.1,800,0.9,0.12664,-0.0893,1512,0.0,0.0,0.0
001512_lcam_front_lidar.ply/001512_lcam_front_lidar.ply,0.1,800,0.9,0.12463,-0.01,1513,0.0,0.0,0.0
001513_lcam_front_lidar.ply/001513_lcam_front_lidar.ply,0.1,800,0.9,0.12688,0.07231,1514,0.1211,0.00263,0.07836
001514_lcam_front_lidar.ply/001514_lcam_front_lidar.ply,0.1,800,0.9,0.11482,-0.09231,1515,0.0,0.0,0.0
001515_lcam_front_lidar.ply/001515_lcam_front_lidar.ply,0.1,800,0.9,0.1579,0.07456,1516,0.12391,0.00372,0.07983
001516_lcam_front_lidar.ply/001516_lcam_front_lidar.ply,0.1,800,0.9,0.14281,-0.01129,1517,0.12303,0.00085,0.07979
001517_lcam_front_lidar.ply/001517_lcam_front_lidar.ply,0.1,800,0.9,0.12814,-0.05588,1518,0.06749,0.03482,0.07065
001518_lcam_front_lidar.ply/001518_lcam_front_lidar.ply,0.1,800,0.9,0.13649,0.03821,1519,0.12547,0.00189,0.08032
001519_lcam_front_lidar.ply/001519_lcam_front_lidar.ply,0.1,800,0.9,0.13785,-0.06263,1520,0.09384,0.00165,0.12225
001520_lcam_front_lidar.ply/001520_lcam_front_lidar.ply,0.1,800,0.9,0.16675,-0.00427,1521,0.087,0.01509,0.10114
001521_lcam_front_lidar.ply/001521_lcam_front_lidar.ply,0.1,800,0.9,0.13069,-0.01207,1522,0.06619,0.03559,0.0698
001522_lcam_front_lidar.ply/001522_lcam_front_lidar.ply,0.1,800,0.9,0.13207,0.04194,1523,0.12594,0.00429,0.07604
001523_lcam_front_lidar.ply/001523_lcam_front_lidar.ply,0.1,800,0.9,0.12107,-0.09857,1524,0.0,0.0,0.0
001524_lcam_front_lidar.ply/001524_lcam_front_lidar.ply,0.1,800,0.9,0.1483,0.0251,1525,0.0644,0.03587,0.06934
001525_lcam_front_lidar.ply/001525_lcam_front_lidar.ply,0.1,800,0.9,0.1246,-0.0451,1526,0.0,0.0,0.0
001526_lcam_front_lidar.ply/001526_lcam_front_lidar.ply,0.1,800,0.9,0.109,-0.01,1527,0.0,0.0,0.0
001527_lcam_front_lidar.ply/001527_lcam_front_lidar.ply,0.1,800,0.9,0.12913,0.08241,1528,0.13164,0.0017,0.07897
001528_lcam_front_lidar.ply/001528_lcam_front_lidar.ply,0.1,800,0.9,0.11618,-0.01082,1529,0.13045,0.00442,0.07904
001529_lcam_front_lidar.ply/001529_lcam_front_lidar.ply,0.1,800,0.9,0.12056,-0.01061,1530,0.12903,0.00699,0.07818
001530_lcam_front_lidar.ply/001530_lcam_front_lidar.ply,0.1,800,0.9,0.12522,-0.00991,1531,0.12881,0.00783,0.07784
001531_lcam_front_lidar.ply/001531_lcam_front_lidar.ply,0.1,800,0.9,0.18005,-0.00685,1532,0.13251,0.00656,0.07855
001532_lcam_front_lidar.ply/001532_lcam_front_lidar.ply,0.1,800,0.9,0.13164,-0.00483,1533,0.13735,0.00362,0.07701
001533_lcam_front_lidar.ply/001533_lcam_front_lidar.ply,0.1,800,0.9,0.16083,-0.01318,1534,0.13546,0.00182,0.07906
001534_lcam_front_lidar.ply/001534_lcam_front_lidar.ply,0.1,800,0.9,0.12907,-0.01127,1535,0.13379,0.002,0.07832
001535_lcam_front_lidar.ply/001535_lcam_front_lidar.ply,0.1,800,0.9,0.13739,-0.01226,1536,0.13141,0.00367,0.07858
001536_lcam_front_lidar.ply/001536_lcam_front_lidar.ply,0.1,800,0.9,0.11254,-0.00176,1537,0.13898,0.00482,0.0776
001537_lcam_front_lidar.ply/001537_lcam_front_lidar.ply,0.1,800,0.9,0.13593,-0.01332,1538,0.13539,0.00321,0.07658
001538_lcam_front_lidar.ply/001538_lcam_front_lidar.ply,0.1,800,0.9,0.16913,-0.00591,1539,0.1393,0.00275,0.07608
001539_lcam_front_lidar.ply/001539_lcam_front_lidar.ply,0.1,800,0.9,0.13596,-0.01392,1540,0.13571,0.00308,0.07681
001540_lcam_front_lidar.ply/001540_lcam_front_lidar.ply,0.1,800,0.9,0.14591,-0.00841,1541,0.13759,0.00442,0.07781
001541_lcam_front_lidar.ply/001541_lcam_front_lidar.ply,0.1,800,0.9,0.12715,-0.00595,1542,0.14103,0.00489,0.07672
001542_lcam_front_lidar.ply/001542_lcam_front_lidar.ply,0.1,800,0.9,0.15593,-0.00909,1543,0.14219,0.00498,0.07724
001543_lcam_front_lidar.ply/001543_lcam_front_lidar.ply,0.1,800,0.9,0.13047,-0.00921,1544,0.14326,0.00525,0.07788
001544_lcam_front_lidar.ply/001544_lcam_front_lidar.ply,0.1,800,0.9,0.11714,-0.00866,1545,0.1446,0.00369,0.0774
001545_lcam_front_lidar.ply/001545_lcam_front_lidar.ply,0.1,800,0.9,0.15886,-0.01341,1546,0.14124,0.00414,0.07763
001546_lcam_front_lidar.ply/001546_lcam_front_lidar.ply,0.1,800,0.9,0.13872,-0.00805,1547,0.14231,0.00397,0.07583
001547_lcam_front_lidar.ply/001547_lcam_front_lidar.ply,0.1,800,0.9,0.15137,-0.00933,1548,0.14331,0.0047,0.0767
001548_lcam_front_lidar.ply/001548_lcam_front_lidar.ply,0.1,800,0.9,0.11,-0.00735,1549,0.14517,0.00408,0.07494
001549_lcam_front_lidar.ply/001549_lcam_front_lidar.ply,0.1,800,0.9,0.15763,-0.0084,1550,0.1469,0.00495,0.07546
001550_lcam_front_lidar.ply/001550_lcam_front_lidar.ply,0.1,800,0.9,0.11246,-0.01345,1551,0.14362,0.00532,0.07591
001551_lcam_front_lidar.ply/001551_lcam_front_lidar.ply,0.1,800,0.9,0.14128,-0.00557,1552,0.14703,0.00471,0.07368
001552_lcam_front_lidar.ply/001552_lcam_front_lidar.ply,0.1,800,0.9,0.11702,-0.01106,1553,0.14669,0.00491,0.07518
001553_lcam_front_lidar.ply/001553_lcam_front_lidar.ply,0.1,800,0.9,0.12159,-0.00749,1554,0.14907,0.00502,0.07497
001554_lcam_front_lidar.ply/001554_lcam_front_lidar.ply,0.1,800,0.9,0.14273,-0.01137,1555,0.14762,0.00466,0.0747
001555_lcam_front_lidar.ply/001555_lcam_front_lidar.ply,0.1,800,0.9,0.12449,-0.01139,1556,0.14681,0.00347,0.07549
001556_lcam_front_lidar.ply/001556_lcam_front_lidar.ply,0.1,800,0.9,0.15165,-0.01237,1557,0.14339,0.00523,0.07394
001557_lcam_front_lidar.ply/001557_lcam_front_lidar.ply,0.1,800,0.9,0.12633,-0.00712,1558,0.14616,0.00356,0.07321
001558_lcam_front_lidar.ply/001558_lcam_front_lidar.ply,0.1,800,0.9,0.15277,-0.01166,1559,0.14482,0.00331,0.07378
001559_lcam_front_lidar.ply/001559_lcam_front_lidar.ply,0.1,800,0.9,0.10514,-0.0083,1560,0.1458,0.00332,0.07235
001560_lcam_front_lidar.ply/001560_lcam_front_lidar.ply,0.1,800,0.9,0.12255,-0.01076,1561,0.14492,0.00307,0.07202
001561_lcam_front_lidar.ply/001561_lcam_front_lidar.ply,0.1,800,0.9,0.12311,-0.00859,1562,0.14669,0.00418,0.07306
001562_lcam_front_lidar.ply/001562_lcam_front_lidar.ply,0.1,800,0.9,0.11481,-0.00815,1563,0.14762,0.00471,0.0714
001563_lcam_front_lidar.ply/001563_lcam_front_lidar.ply,0.1,800,0.9,0.15125,-0.01234,1564,0.14548,0.00655,0.07236
001564_lcam_front_lidar.ply/001564_lcam_front_lidar.ply,0.1,800,0.9,0.13501,-0.0082,1565,0.14761,0.00571,0.07276
001565_lcam_front_lidar.ply/001565_lcam_front_lidar.ply,0.1,800,0.9,0.14962,-0.01471,1566,0.14259,0.00683,0.07248
001566_lcam_front_lidar.ply/001566_lcam_front_lidar.ply,0.1,800,0.9,0.13193,-0.00324,1567,0.14894,0.00669,0.07162
001567_lcam_front_lidar.ply/001567_lcam_front_lidar.ply,0.1,800,0.9,0.14845,-0.01752,1568,0.1409,0.00658,0.07056
001568_lcam_front_lidar.ply/001568_lcam_front_lidar.ply,0.1,800,0.9,0.12296,-0.00269,1569,0.1479,0.00679,0.06998
001569_lcam_front_lidar.ply/001569_lcam_front_lidar.ply,0.1,800,0.9,0.13411,-0.00487,1570,0.15273,0.00827,0.06984
001570_lcam_front_lidar.ply/001570_lcam_front_lidar.ply,0.1,800,0.9,0.14474,-0.12906,1571,0.0,0.0,0.0
001571_lcam_front_lidar.ply/001571_lcam_front_lidar.ply,0.1,800,0.9,0.14261,0.10575,1572,0.14892,0.00571,0.06806
001572_lcam_front_lidar.ply/001572_lcam_front_lidar.ply,0.1,800,0.9,0.15266,-0.01019,1573,0.14909,0.00516,0.0686
001573_lcam_front_lidar.ply/001573_lcam_front_lidar.ply,0.1,800,0.9,0.11916,-0.01041,1574,0.14763,0.00707,0.06707
001574_lcam_front_lidar.ply/001574_lcam_front_lidar.ply,0.1,800,0.9,0.13843,-0.0104,1575,0.14774,0.00647,0.06791
001575_lcam_front_lidar.ply/001575_lcam_front_lidar.ply,0.1,800,0.9,0.11077,-0.00793,1576,0.14936,0.00501,0.06657
001576_lcam_front_lidar.ply/001576_lcam_front_lidar.ply,0.1,800,0.9,0.11304,-0.01027,1577,0.14995,0.00328,0.06777
001577_lcam_front_lidar.ply/001577_lcam_front_lidar.ply,0.1,800,0.9,0.12661,-0.01242,1578,0.14629,0.00547,0.06594
001578_lcam_front_lidar.ply/001578_lcam_front_lidar.ply,0.1,800,0.9,0.11331,-0.00467,1579,0.1518,0.00516,0.06621
001579_lcam_front_lidar.ply/001579_lcam_front_lidar.ply,0.1,800,0.9,0.14518,-0.01214,1580,0.1495,0.00667,0.06634
001580_lcam_front_lidar.ply/001580_lcam_front_lidar.ply,0.1,800,0.9,0.14242,-0.01022,1581,0.14917,0.00625,0.06598
001581_lcam_front_lidar.ply/001581_lcam_front_lidar.ply,0.1,800,0.9,0.17583,-0.00834,1582,0.15097,0.00584,0.06614
001582_lcam_front_lidar.ply/001582_lcam_front_lidar.ply,0.1,800,0.9,0.11087,-0.01144,1583,0.14949,0.00754,0.06658
001583_lcam_front_lidar.ply/001583_lcam_front_lidar.ply,0.1,800,0.9,0.129,-0.01228,1584,0.14684,0.00852,0.06614
001584_lcam_front_lidar.ply/001584_lcam_front_lidar.ply,0.1,800,0.9,0.13486,-0.01121,1585,0.1455,0.00917,0.06609
001585_lcam_front_lidar.ply/001585_lcam_front_lidar.ply,0.1,800,0.9,0.13046,-0.0099,1586,0.14551,0.00991,0.06612
001586_lcam_front_lidar.ply/001586_lcam_front_lidar.ply,0.1,800,0.9,0.13711,-0.01127,1587,0.14363,0.01053,0.06509
001587_lcam_front_lidar.ply/001587_lcam_front_lidar.ply,0.1,800,0.9,0.12078,-0.00818,1588,0.14541,0.01128,0.06524
001588_lcam_front_lidar.ply/001588_lcam_front_lidar.ply,0.1,800,0.9,0.13955,-0.01084,1589,0.14429,0.01196,0.06489
001589_lcam_front_lidar.ply/001589_lcam_front_lidar.ply,0.1,800,0.9,0.12949,-0.01031,1590,0.14419,0.01188,0.06529
001590_lcam_front_lidar.ply/001590_lcam_front_lidar.ply,0.1,800,0.9,0.13616,-0.12333,1591,0.0,0.0,0.0
001591_lcam_front_lidar.ply/001591_lcam_front_lidar.ply,0.1,800,0.9,0.14236,0.10366,1592,0.14364,0.01237,0.06366
001592_lcam_front_lidar.ply/001592_lcam_front_lidar.ply,0.1,800,0.9,0.11125,-0.00775,1593,0.14616,0.01287,0.06436
001593_lcam_front_lidar.ply/001593_lcam_front_lidar.ply,0.1,800,0.9,0.12707,-0.01131,1594,0.14442,0.01263,0.06344
001594_lcam_front_lidar.ply/001594_lcam_front_lidar.ply,0.1,800,0.9,0.14287,-0.01331,1595,0.14187,0.01273,0.065
001595_lcam_front_lidar.ply/001595_lcam_front_lidar.ply,0.1,800,0.9,0.17546,-0.01325,1596,0.1385,0.01347,0.06496
001596_lcam_front_lidar.ply/001596_lcam_front_lidar.ply,0.1,800,0.9,0.11054,-0.01125,1597,0.1362,0.01575,0.06353
001597_lcam_front_lidar.ply/001597_lcam_front_lidar.ply,0.1,800,0.9,0.11583,-0.00806,1598,0.13862,0.01706,0.06488
001598_lcam_front_lidar.ply/001598_lcam_front_lidar.ply,0.1,800,0.9,0.12699,-0.01273,1599,0.13586,0.01517,0.06427
001599_lcam_front_lidar.ply/001599_lcam_front_lidar.ply,0.1,800,0.9,0.12696,-0.00614,1600,0.14021,0.01751,0.06593
001600_lcam_front_lidar.ply/001600_lcam_front_lidar.ply,0.1,800,0.9,0.14112,-0.01098,1601,0.13872,0.017,0.06476
001601_lcam_front_lidar.ply/001601_lcam_front_lidar.ply,0.1,800,0.9,0.12664,-0.0286,1602,0.12081,0.01971,0.06695
001602_lcam_front_lidar.ply/001602_lcam_front_lidar.ply,0.1,800,0.9,0.15878,0.00768,1603,0.1378,0.01676,0.06469
001603_lcam_front_lidar.ply/001603_lcam_front_lidar.ply,0.1,800,0.9,0.13483,-0.02837,1604,0.11995,0.01839,0.06621
001604_lcam_front_lidar.ply/001604_lcam_front_lidar.ply,0.1,800,0.9,0.13045,0.01283,1605,0.14079,0.01589,0.06149
001605_lcam_front_lidar.ply/001605_lcam_front_lidar.ply,0.1,800,0.9,0.14093,-0.01324,1606,0.13834,0.01522,0.06287
001606_lcam_front_lidar.ply/001606_lcam_front_lidar.ply,0.1,800,0.9,0.1265,-0.01101,1607,0.13711,0.01687,0.06294
001607_lcam_front_lidar.ply/001607_lcam_front_lidar.ply,0.1,800,0.9,0.12435,-0.01076,1608,0.13704,0.015,0.06377
001608_lcam_front_lidar.ply/001608_lcam_front_lidar.ply,0.1,800,0.9,0.11731,-0.01068,1609,0.13528,0.01546,0.06174
001609_lcam_front_lidar.ply/001609_lcam_front_lidar.ply,0.1,800,0.9,0.13034,-0.00968,1610,0.13631,0.01346,0.06257
001610_lcam_front_lidar.ply/001610_lcam_front_lidar.ply,0.1,800,0.9,0.14588,-0.00968,1611,0.13604,0.01334,0.06134
001611_lcam_front_lidar.ply/001611_lcam_front_lidar.ply,0.1,800,0.9,0.12054,-0.01026,1612,0.13579,0.01297,0.06124
001612_lcam_front_lidar.ply/001612_lcam_front_lidar.ply,0.1,800,0.9,0.16024,-0.00704,1613,0.13995,0.01224,0.06344
001613_lcam_front_lidar.ply/001613_lcam_front_lidar.ply,0.1,800,0.9,0.12681,-0.02896,1614,0.12064,0.0164,0.06399
001614_lcam_front_lidar.ply/001614_lcam_front_lidar.ply,0.1,800,0.9,0.16167,-0.01093,1615,0.12015,0.01389,0.0641
001615_lcam_front_lidar.ply/001615_lcam_front_lidar.ply,0.1,800,0.9,0.11461,-0.00985,1616,0.11998,0.01357,0.06336
001616_lcam_front_lidar.ply/001616_lcam_front_lidar.ply,0.1,800,0.9,0.13176,0.00386,1617,0.13286,0.0084,0.05986
001617_lcam_front_lidar.ply/001617_lcam_front_lidar.ply,0.1,800,0.9,0.1148,-0.00986,1618,0.13298,0.0074,0.05953
001618_lcam_front_lidar.ply/001618_lcam_front_lidar.ply,0.1,800,0.9,0.12481,-0.02157,1619,0.12154,0.01247,0.06131
001619_lcam_front_lidar.ply/001619_lcam_front_lidar.ply,0.1,800,0.9,0.13301,-0.0102,1620,0.12151,0.01125,0.06128
001620_lcam_front_lidar.ply/001620_lcam_front_lidar.ply,0.1,800,0.9,0.13233,-0.00674,1621,0.12406,0.01252,0.06025
001621_lcam_front_lidar.ply/001621_lcam_front_lidar.ply,0.1,800,0.9,0.16029,-0.00186,1622,0.13301,0.00497,0.05959
001622_lcam_front_lidar.ply/001622_lcam_front_lidar.ply,0.1,800,0.9,0.14109,-0.01125,1623,0.13127,0.00542,0.05876
001623_lcam_front_lidar.ply/001623_lcam_front_lidar.ply,0.1,800,0.9,0.1262,-0.01235,1624,0.1295,0.00437,0.0596
001624_lcam_front_lidar.ply/001624_lcam_front_lidar.ply,0.1,800,0.9,0.19779,-0.00908,1625,0.13004,0.00473,0.05896
001625_lcam_front_lidar.ply/001625_lcam_front_lidar.ply,0.1,800,0.9,0.12721,-0.01709,1626,0.12197,0.01093,0.05886
001626_lcam_front_lidar.ply/001626_lcam_front_lidar.ply,0.1,800,0.9,0.14041,-0.00334,1627,0.12916,0.00376,0.05778
001627_lcam_front_lidar.ply/001627_lcam_front_lidar.ply,0.1,800,0.9,0.1287,-0.01246,1628,0.12608,0.00241,0.05613
001628_lcam_front_lidar.ply/001628_lcam_front_lidar.ply,0.1,800,0.9,0.14302,-0.00867,1629,0.12784,0.0055,0.05792
001629_lcam_front_lidar.ply/001629_lcam_front_lidar.ply,0.1,800,0.9,0.12223,-0.00945,1630,0.12848,0.00389,0.05761
001630_lcam_front_lidar.ply/001630_lcam_front_lidar.ply,0.1,800,0.9,0.14618,-0.012,1631,0.12647,0.00565,0.05811
001631_lcam_front_lidar.ply/001631_lcam_front_lidar.ply,0.1,800,0.9,0.11593,-0.10826,1632,0.0,0.0,0.0
001632_lcam_front_lidar.ply/001632_lcam_front_lidar.ply,0.1,800,0.9,0.12888,0.08715,1633,0.12536,0.00616,0.05828
001633_lcam_front_lidar.ply/001633_lcam_front_lidar.ply,0.1,800,0.9,0.16491,-0.01014,1634,0.12544,0.00583,0.05862
001634_lcam_front_lidar.ply/001634_lcam_front_lidar.ply,0.1,800,0.9,0.1469,-0.00988,1635,0.12565,0.00633,0.05896
001635_lcam_front_lidar.ply/001635_lcam_front_lidar.ply,0.1,800,0.9,0.18396,-0.0114,1636,0.12452,0.00607,0.05942
001636_lcam_front_lidar.ply/001636_lcam_front_lidar.ply,0.1,800,0.9,0.10913,-0.00936,1637,0.12437,0.00876,0.05864
001637_lcam_front_lidar.ply/001637_lcam_front_lidar.ply,0.1,800,0.9,0.12296,-0.01521,1638,0.11864,0.01335,0.05897
001638_lcam_front_lidar.ply/001638_lcam_front_lidar.ply,0.1,800,0.9,0.12687,-0.00873,1639,0.11941,0.01557,0.05864
001639_lcam_front_lidar.ply/001639_lcam_front_lidar.ply,0.1,800,0.9,0.12452,-0.01609,1640,0.1127,0.01951,0.05858
001640_lcam_front_lidar.ply/001640_lcam_front_lidar.ply,0.1,800,0.9,0.15629,-0.00425,1641,0.11892,0.01558,0.05833
001641_lcam_front_lidar.ply/001641_lcam_front_lidar.ply,0.1,800,0.9,0.14585,-0.0106,1642,0.11846,0.01635,0.05884
001642_lcam_front_lidar.ply/001642_lcam_front_lidar.ply,0.1,800,0.9,0.16439,-0.01157,1643,0.11668,0.01744,0.05873
001643_lcam_front_lidar.ply/001643_lcam_front_lidar.ply,0.1,800,0.9,0.13644,-0.00811,1644,0.11896,0.01814,0.05972
001644_lcam_front_lidar.ply/001644_lcam_front_lidar.ply,0.1,800,0.9,0.11662,-0.10182,1645,0.0,0.0,0.0
001645_lcam_front_lidar.ply/001645_lcam_front_lidar.ply,0.1,800,0.9,0.15239,0.0772,1646,0.11395,0.01795,0.05889
001646_lcam_front_lidar.ply/001646_lcam_front_lidar.ply,0.1,800,0.9,0.12725,-0.00828,1647,0.1163,0.01828,0.06024
001647_lcam_front_lidar.ply/001647_lcam_front_lidar.ply,0.1,800,0.9,0.16491,-0.01072,1648,0.11515,0.0192,0.05965
001648_lcam_front_lidar.ply/001648_lcam_front_lidar.ply,0.1,800,0.9,0.15148,-0.01221,1649,0.11379,0.01893,0.06129
001649_lcam_front_lidar.ply/001649_lcam_front_lidar.ply,0.1,800,0.9,0.12063,-0.09599,1650,0.0,0.0,0.0
001650_lcam_front_lidar.ply/001650_lcam_front_lidar.ply,0.1,800,0.9,0.19304,0.07902,1651,0.11616,0.01946,0.06012
001651_lcam_front_lidar.ply/001651_lcam_front_lidar.ply,0.1,800,0.9,0.14199,-0.00941,1652,0.11614,0.02011,0.0591
001652_lcam_front_lidar.ply/001652_lcam_front_lidar.ply,0.1,800,0.9,0.13565,-0.01064,1653,0.11579,0.01877,0.05927
001653_lcam_front_lidar.ply/001653_lcam_front_lidar.ply,0.1,800,0.9,0.19806,-0.01072,1654,0.11598,0.01777,0.06079
001654_lcam_front_lidar.ply/001654_lcam_front_lidar.ply,0.1,800,0.9,0.14427,-0.00625,1655,0.11991,0.01863,0.06141
001655_lcam_front_lidar.ply/001655_lcam_front_lidar.ply,0.1,800,0.9,0.15527,-0.01164,1656,0.11865,0.01823,0.06207
001656_lcam_front_lidar.ply/001656_lcam_front_lidar.ply,0.1,800,0.9,0.19017,-0.01357,1657,0.11428,0.02004,0.06099
001657_lcam_front_lidar.ply/001657_lcam_front_lidar.ply,0.1,800,0.9,0.1384,-0.00909,1658,0.11457,0.01935,0.05955
001658_lcam_front_lidar.ply/001658_lcam_front_lidar.ply,0.1,800,0.9,0.16148,-0.0977,1659,0.0,0.0,0.0
001659_lcam_front_lidar.ply/001659_lcam_front_lidar.ply,0.1,800,0.9,0.14287,0.0785,1660,0.11537,0.01983,0.05968
001660_lcam_front_lidar.ply/001660_lcam_front_lidar.ply,0.1,800,0.9,0.14466,-0.00959,1661,0.11519,0.02064,0.05875
001661_lcam_front_lidar.ply/001661_lcam_front_lidar.ply,0.1,800,0.9,0.17873,-0.00931,1662,0.11655,0.01821,0.05938
001662_lcam_front_lidar.ply/001662_lcam_front_lidar.ply,0.1,800,0.9,0.15696,-0.00723,1663,0.11885,0.01907,0.05869
001663_lcam_front_lidar.ply/001663_lcam_front_lidar.ply,0.1,800,0.9,0.15486,-0.02169,1664,0.1063,0.02312,0.05819
001664_lcam_front_lidar.ply/001664_lcam_front_lidar.ply,0.1,800,0.9,0.16655,-0.00942,1665,0.10678,0.02416,0.0583
001665_lcam_front_lidar.ply/001665_lcam_front_lidar.ply,0.1,800,0.9,0.13383,-0.01239,1666,0.10407,0.02334,0.0574
001666_lcam_front_lidar.ply/001666_lcam_front_lidar.ply,0.1,800,0.9,0.1824,-0.0106,1667,0.10265,0.0069,0.05083
001667_lcam_front_lidar.ply/001667_lcam_front_lidar.ply,0.1,800,0.9,0.20417,0.07933,1668,0.03076,0.99999,0.02631
001668_lcam_front_lidar.ply/001668_lcam_front_lidar.ply,0.1,800,0.9,0.12952,-0.17761,1669,0.0,0.0,0.0
001669_lcam_front_lidar.ply/001669_lcam_front_lidar.ply,0.1,800,0.9,0.199,0.06845,1670,0.10306,0.02457,0.05659
001670_lcam_front_lidar.ply/001670_lcam_front_lidar.ply,0.1,800,0.9,0.1586,-0.00616,1671,0.10707,0.02358,0.05665
001671_lcam_front_lidar.ply/001671_lcam_front_lidar.ply,0.1,800,0.9,0.15386,-0.01482,1672,0.10295,0.02408,0.0582
001672_lcam_front_lidar.ply/001672_lcam_front_lidar.ply,0.1,800,0.9,0.21928,0.0789,1673,0.02341,0.99995,0.01407
001673_lcam_front_lidar.ply/001673_lcam_front_lidar.ply,0.1,800,0.9,0.14303,-0.10157,1674,0.10033,0.02125,0.05746
001674_lcam_front_lidar.ply/001674_lcam_front_lidar.ply,0.1,800,0.9,0.16026,-0.01759,1675,0.09089,0.00603,0.0492
001675_lcam_front_lidar.ply/001675_lcam_front_lidar.ply,0.1,800,0.9,0.19233,0.09699,1676,0.03767,0.99999,0.02695
001676_lcam_front_lidar.ply/001676_lcam_front_lidar.ply,0.1,800,0.9,0.17609,-0.11356,1677,0.096,0.00499,0.05224
001677_lcam_front_lidar.ply/001677_lcam_front_lidar.ply,0.1,800,0.9,0.15429,-0.01774,1678,0.08747,0.00353,0.0502
001678_lcam_front_lidar.ply/001678_lcam_front_lidar.ply,0.1,800,0.9,0.1716,0.10117,1679,0.03781,0.99999,0.0275
001679_lcam_front_lidar.ply/001679_lcam_front_lidar.ply,0.1,800,0.9,0.17084,-0.00981,1680,0.03676,0.99999,0.02501
001680_lcam_front_lidar.ply/001680_lcam_front_lidar.ply,0.1,800,0.9,0.16383,-0.11884,1681,0.09352,0.01541,0.06084
001681_lcam_front_lidar.ply/001681_lcam_front_lidar.ply,0.1,800,0.9,0.22546,0.10419,1682,0.04374,1.0,0.02828
001682_lcam_front_lidar.ply/001682_lcam_front_lidar.ply,0.1,800,0.9,0.22967,-0.0069,1683,0.04668,1.0,0.02796
001683_lcam_front_lidar.ply/001683_lcam_front_lidar.ply,0.1,800,0.9,0.18178,-0.01752,1684,0.04071,1.0,0.03106
001684_lcam_front_lidar.ply/001684_lcam_front_lidar.ply,0.1,800,0.9,0.17306,-0.18518,1685,0.0,0.0,0.0
001685_lcam_front_lidar.ply/001685_lcam_front_lidar.ply,0.1,800,0.9,0.23025,0.16619,1686,0.04201,1.0,0.03165
001686_lcam_front_lidar.ply/001686_lcam_front_lidar.ply,0.1,800,0.9,0.17343,-0.00959,1687,0.04177,1.0,0.03034
001687_lcam_front_lidar.ply/001687_lcam_front_lidar.ply,0.1,800,0.9,0.16903,-0.00873,1688,0.04615,0.99998,0.03657
001688_lcam_front_lidar.ply/001688_lcam_front_lidar.ply,0.1,800,0.9,0.18233,-0.01076,1689,0.04363,0.99999,0.03305
001689_lcam_front_lidar.ply/001689_lcam_front_lidar.ply,0.1,800,0.9,0.21398,-0.01299,1690,0.04263,1.0,0.03702
001690_lcam_front_lidar.ply/001690_lcam_front_lidar.ply,0.1,800,0.9,0.17495,-0.01018,1691,0.0409,1.0,0.03391
001691_lcam_front_lidar.ply/001691_lcam_front_lidar.ply,0.1,800,0.9,0.17399,-0.01079,1692,0.04101,1.0,0.03572
001692_lcam_front_lidar.ply/001692_lcam_front_lidar.ply,0.1,800,0.9,0.20583,-0.01782,1693,0.02853,0.99998,0.0264
001693_lcam_front_lidar.ply/001693_lcam_front_lidar.ply,0.1,800,0.9,0.18852,0.00333,1694,0.04707,1.0,0.03683
001694_lcam_front_lidar.ply/001694_lcam_front_lidar.ply,0.1,800,0.9,0.16482,-0.01884,1695,0.03744,0.99999,0.03524
001695_lcam_front_lidar.ply/001695_lcam_front_lidar.ply,0.1,800,0.9,0.18023,-0.01364,1696,0.03308,0.99999,0.03382
001696_lcam_front_lidar.ply/001696_lcam_front_lidar.ply,0.1,800,0.9,0.23996,-0.005,1697,0.03751,0.99997,0.03266
001697_lcam_front_lidar.ply/001697_lcam_front_lidar.ply,0.1,800,0.9,0.20676,-0.01653,1698,0.03562,1.0,0.04196
001698_lcam_front_lidar.ply/001698_lcam_front_lidar.ply,0.1,800,0.9,0.13932,-0.17464,1699,0.0,0.0,0.0
001699_lcam_front_lidar.ply/001699_lcam_front_lidar.ply,0.1,800,0.9,0.18975,0.16729,1700,0.04717,1.0,0.03975
001700_lcam_front_lidar.ply/001700_lcam_front_lidar.ply,0.1,800,0.9,0.19073,-0.02273,1701,0.03373,1.0,0.03834
001701_lcam_front_lidar.ply/001701_lcam_front_lidar.ply,0.1,800,0.9,0.14427,-0.15546,1702,0.06241,0.02464,0.09401
001702_lcam_front_lidar.ply/001702_lcam_front_lidar.ply,0.1,800,0.9,0.19164,0.13551,1703,0.03248,1.0,0.03573
001703_lcam_front_lidar.ply/001703_lcam_front_lidar.ply,0.1,800,0.9,0.21498,-0.00765,1704,0.03206,0.99999,0.03019
001704_lcam_front_lidar.ply/001704_lcam_front_lidar.ply,0.1,800,0.9,0.17486,-0.01048,1705,0.03496,0.99999,0.03693
001705_lcam_front_lidar.ply/001705_lcam_front_lidar.ply,0.1,800,0.9,0.1599,-0.01073,1706,0.03504,0.99999,0.03856
001706_lcam_front_lidar.ply/001706_lcam_front_lidar.ply,0.1,800,0.9,0.20166,0.00079,1707,0.04903,1.0,0.04496
001707_lcam_front_lidar.ply/001707_lcam_front_lidar.ply,0.1,800,0.9,0.19028,-0.02455,1708,0.03311,1.0,0.04222
001708_lcam_front_lidar.ply/001708_lcam_front_lidar.ply,0.1,800,0.9,0.20849,-0.00746,1709,0.0335,1.0,0.03792
001709_lcam_front_lidar.ply/001709_lcam_front_lidar.ply,0.1,800,0.9,0.20492,0.00167,1710,0.04295,0.99999,0.03349
001710_lcam_front_lidar.ply/001710_lcam_front_lidar.ply,0.1,800,0.9,0.19157,-0.15192,1711,0.07354,0.03659,0.08947
001711_lcam_front_lidar.ply/001711_lcam_front_lidar.ply,0.1,800,0.9,0.17897,0.12051,1712,0.03436,0.99997,0.03912
001712_lcam_front_lidar.ply/001712_lcam_front_lidar.ply,0.1,800,0.9,0.19974,-0.01277,1713,0.0261,0.99993,0.02812
001713_lcam_front_lidar.ply/001713_lcam_front_lidar.ply,0.1,800,0.9,0.19647,-0.00959,1714,0.02995,0.99998,0.03501
001714_lcam_front_lidar.ply/001714_lcam_front_lidar.ply,0.1,800,0.9,0.20735,-0.13686,1715,0.07931,0.03626,0.09832
001715_lcam_front_lidar.ply/001715_lcam_front_lidar.ply,0.1,800,0.9,0.18285,0.10997,1716,0.0169,0.99963,0.02258
001716_lcam_front_lidar.ply/001716_lcam_front_lidar.ply,0.1,800,0.9,0.16899,-0.13169,1717,0.07854,0.03124,0.09871
001717_lcam_front_lidar.ply/001717_lcam_front_lidar.ply,0.1,800,0.9,0.18255,-0.02675,1718,0.046,0.03114,0.06709
001718_lcam_front_lidar.ply/001718_lcam_front_lidar.ply,0.1,800,0.9,0.21431,0.1366,1719,0.0287,0.99999,0.02994
001719_lcam_front_lidar.ply/001719_lcam_front_lidar.ply,0.1,800,0.9,0.18197,-0.00862,1720,0.02714,0.99998,0.02407
001720_lcam_front_lidar.ply/001720_lcam_front_lidar.ply,0.1,800,0.9,0.17063,-0.01555,1721,0.02218,0.99998,0.02526
001721_lcam_front_lidar.ply/001721_lcam_front_lidar.ply,0.1,800,0.9,0.19,-0.16955,1722,0.0,0.0,0.0
001722_lcam_front_lidar.ply/001722_lcam_front_lidar.ply,0.1,800,0.9,0.16353,-0.01,1723,0.0,0.0,0.0
001723_lcam_front_lidar.ply/001723_lcam_front_lidar.ply,0.1,800,0.9,0.16192,0.15833,1724,0.02601,0.99997,0.01534
001724_lcam_front_lidar.ply/001724_lcam_front_lidar.ply,0.1,800,0.9,0.16207,-0.17833,1725,0.0,0.0,0.0
001725_lcam_front_lidar.ply/001725_lcam_front_lidar.ply,0.1,800,0.9,0.1534,-0.01,1726,0.0,0.0,0.0
001726_lcam_front_lidar.ply/001726_lcam_front_lidar.ply,0.1,800,0.9,0.17454,0.16839,1727,0.04153,0.99999,0.02629
001727_lcam_front_lidar.ply/001727_lcam_front_lidar.ply,0.1,800,0.9,0.17422,-0.01706,1728,0.03692,0.99999,0.03118
001728_lcam_front_lidar.ply/001728_lcam_front_lidar.ply,0.1,800,0.9,0.23351,-0.00842,1729,0.04258,1.0,0.03934
001729_lcam_front_lidar.ply/001729_lcam_front_lidar.ply,0.1,800,0.9,0.19511,-0.00862,1730,0.0421,0.99999,0.03563
001730_lcam_front_lidar.ply/001730_lcam_front_lidar.ply,0.1,800,0.9,0.16398,-0.00525,1731,0.04797,1.0,0.03786
001731_lcam_front_lidar.ply/001731_lcam_front_lidar.ply,0.1,800,0.9,0.16019,-0.01304,1732,0.04246,0.99999,0.03292
001732_lcam_front_lidar.ply/001732_lcam_front_lidar.ply,0.1,800,0.9,0.20736,-0.01403,1733,0.04275,0.99999,0.04155
001733_lcam_front_lidar.ply/001733_lcam_front_lidar.ply,0.1,800,0.9,0.18007,-0.01077,1734,0.04322,0.99998,0.04402
001734_lcam_front_lidar.ply/001734_lcam_front_lidar.ply,0.1,800,0.9,0.15106,-0.18121,1735,0.0,0.0,0.0
001735_lcam_front_lidar.ply/001735_lcam_front_lidar.ply,0.1,800,0.9,0.19002,0.15795,1736,0.04534,0.99997,0.05477
001736_lcam_front_lidar.ply/001736_lcam_front_lidar.ply,0.1,800,0.9,0.16821,-0.017,1737,0.04309,0.99994,0.06427
001737_lcam_front_lidar.ply/001737_lcam_front_lidar.ply,0.1,800,0.9,0.17996,-0.11924,1738,0.09722,0.03408,0.10124
001738_lcam_front_lidar.ply/001738_lcam_front_lidar.ply,0.1,800,0.9,0.19048,-0.00669,1739,0.10046,0.03612,0.10172
001739_lcam_front_lidar.ply/001739_lcam_front_lidar.ply,0.1,800,0.9,0.20256,-0.06502,1740,0.0,0.0,0.0
001740_lcam_front_lidar.ply/001740_lcam_front_lidar.ply,0.1,800,0.9,0.17481,-0.01,1741,0.0,0.0,0.0
001741_lcam_front_lidar.ply/001741_lcam_front_lidar.ply,0.1,800,0.9,0.15442,-0.01,1742,0.0,0.0,0.0
001742_lcam_front_lidar.ply/001742_lcam_front_lidar.ply,0.1,800,0.9,0.19076,0.04639,1743,0.10073,0.03401,0.09889
001743_lcam_front_lidar.ply/001743_lcam_front_lidar.ply,0.1,800,0.9,0.14496,-0.06639,1744,0.0,0.0,0.0
001744_lcam_front_lidar.ply/001744_lcam_front_lidar.ply,0.1,800,0.9,0.13585,-0.01,1745,0.0,0.0,0.0
001745_lcam_front_lidar.ply/001745_lcam_front_lidar.ply,0.1,800,0.9,0.17483,-0.01,1746,0.0,0.0,0.0
001746_lcam_front_lidar.ply/001746_lcam_front_lidar.ply,0.1,800,0.9,0.15627,-0.01,1747,0.0,0.0,0.0
001747_lcam_front_lidar.ply/001747_lcam_front_lidar.ply,0.1,800,0.9,0.14944,-0.01,1748,0.0,0.0,0.0
001748_lcam_front_lidar.ply/001748_lcam_front_lidar.ply,0.1,800,0.9,0.15842,-0.01,1749,0.0,0.0,0.0
001749_lcam_front_lidar.ply/001749_lcam_front_lidar.ply,0.1,800,0.9,0.14298,0.04666,1750,0.09999,0.03481,0.09711
001750_lcam_front_lidar.ply/001750_lcam_front_lidar.ply,0.1,800,0.9,0.17685,-0.01115,1751,0.09863,0.03492,0.09671
001751_lcam_front_lidar.ply/001751_lcam_front_lidar.ply,0.1,800,0.9,0.15131,-0.06551,1752,0.0,0.0,0.0
001752_lcam_front_lidar.ply/001752_lcam_front_lidar.ply,0.1,800,0.9,0.15478,0.0486,1753,0.10122,0.03428,0.09551
001753_lcam_front_lidar.ply/001753_lcam_front_lidar.ply,0.1,800,0.9,0.16511,-0.0686,1754,0.0,0.0,0.0
001754_lcam_front_lidar.ply/001754_lcam_front_lidar.ply,0.1,800,0.9,0.14257,-0.01,1755,0.0,0.0,0.0
001755_lcam_front_lidar.ply/001755_lcam_front_lidar.ply,0.1,800,0.9,0.12704,0.04744,1756,0.10009,0.03089,0.09458
001756_lcam_front_lidar.ply/001756_lcam_front_lidar.ply,0.1,800,0.9,0.17202,-0.00926,1757,0.1003,0.03091,0.09353
001757_lcam_front_lidar.ply/001757_lcam_front_lidar.ply,0.1,800,0.9,0.15834,-0.00787,1758,0.10277,0.03003,0.09395
001758_lcam_front_lidar.ply/001758_lcam_front_lidar.ply,0.1,800,0.9,0.15214,-0.01209,1759,0.10037,0.03073,0.09353
001759_lcam_front_lidar.ply/001759_lcam_front_lidar.ply,0.1,800,0.9,0.17463,-0.01001,1760,0.10135,0.03129,0.09569
001760_lcam_front_lidar.ply/001760_lcam_front_lidar.ply,0.1,800,0.9,0.16285,-0.01149,1761,0.09987,0.03173,0.09584
001761_lcam_front_lidar.ply/001761_lcam_front_lidar.ply,0.1,800,0.9,0.14091,-0.01137,1762,0.09766,0.03101,0.09393
001762_lcam_front_lidar.ply/001762_lcam_front_lidar.ply,0.1,800,0.9,0.16565,-0.06534,1763,0.0,0.0,0.0
001763_lcam_front_lidar.ply/001763_lcam_front_lidar.ply,0.1,800,0.9,0.18845,0.0448,1764,0.09748,0.03086,0.09461
001764_lcam_front_lidar.ply/001764_lcam_front_lidar.ply,0.1,800,0.9,0.14858,-0.00844,1765,0.09806,0.03061,0.09258
001765_lcam_front_lidar.ply/001765_lcam_front_lidar.ply,0.1,800,0.9,0.20566,-0.01058,1766,0.09787,0.03218,0.09383
001766_lcam_front_lidar.ply/001766_lcam_front_lidar.ply,0.1,800,0.9,0.15528,-0.01021,1767,0.09623,0.03377,0.09145
001767_lcam_front_lidar.ply/001767_lcam_front_lidar.ply,0.1,800,0.9,0.16501,-0.06557,1768,0.0,0.0,0.0
001768_lcam_front_lidar.ply/001768_lcam_front_lidar.ply,0.1,800,0.9,0.16937,0.04715,1769,0.09945,0.03142,0.09403
001769_lcam_front_lidar.ply/001769_lcam_front_lidar.ply,0.1,800,0.9,0.14403,-0.01263,1770,0.09557,0.02539,0.08971
001770_lcam_front_lidar.ply/001770_lcam_front_lidar.ply,0.1,800,0.9,0.14267,-0.00794,1771,0.09762,0.0332,0.09202
001771_lcam_front_lidar.ply/001771_lcam_front_lidar.ply,0.1,800,0.9,0.15566,-0.01204,1772,0.09556,0.03477,0.09245
001772_lcam_front_lidar.ply/001772_lcam_front_lidar.ply,0.1,800,0.9,0.14587,-0.01228,1773,0.09354,0.0355,0.09321
001773_lcam_front_lidar.ply/001773_lcam_front_lidar.ply,0.1,800,0.9,0.14329,-0.00882,1774,0.09417,0.03673,0.09248
001774_lcam_front_lidar.ply/001774_lcam_front_lidar.ply,0.1,800,0.9,0.16864,-0.01257,1775,0.08837,0.02315,0.08195
001775_lcam_front_lidar.ply/001775_lcam_front_lidar.ply,0.1,800,0.9,0.13238,-0.00773,1776,0.09363,0.03568,0.09168
001776_lcam_front_lidar.ply/001776_lcam_front_lidar.ply,0.1,800,0.9,0.15073,-0.00879,1777,0.09461,0.03547,0.09116
001777_lcam_front_lidar.ply/001777_lcam_front_lidar.ply,0.1,800,0.9,0.18732,-0.01328,1778,0.09101,0.0383,0.09137
001778_lcam_front_lidar.ply/001778_lcam_front_lidar.ply,0.1,800,0.9,0.15112,-0.01001,1779,0.09092,0.03691,0.09079
001779_lcam_front_lidar.ply/001779_lcam_front_lidar.ply,0.1,800,0.9,0.14287,-0.01028,1780,0.09124,0.03604,0.09173
001780_lcam_front_lidar.ply/001780_lcam_front_lidar.ply,0.1,800,0.9,0.13829,-0.01147,1781,0.08717,0.0262,0.08358
001781_lcam_front_lidar.ply/001781_lcam_front_lidar.ply,0.1,800,0.9,0.14255,-0.00845,1782,0.09108,0.0378,0.0918
001782_lcam_front_lidar.ply/001782_lcam_front_lidar.ply,0.1,800,0.9,0.13663,-0.01147,1783,0.08523,0.02604,0.07951
001783_lcam_front_lidar.ply/001783_lcam_front_lidar.ply,0.1,800,0.9,0.13898,-0.01202,1784,0.08454,0.02597,0.08214
001784_lcam_front_lidar.ply/001784_lcam_front_lidar.ply,0.1,800,0.9,0.14706,-0.02537,1785,0.06452,0.0365,0.07602
001785_lcam_front_lidar.ply/001785_lcam_front_lidar.ply,0.1,800,0.9,0.18061,0.00629,1786,0.08477,0.02739,0.08119
001786_lcam_front_lidar.ply/001786_lcam_front_lidar.ply,0.1,800,0.9,0.12704,-0.02724,1787,0.071,0.02777,0.08824
001787_lcam_front_lidar.ply/001787_lcam_front_lidar.ply,0.1,800,0.9,0.13038,0.00704,1788,0.08522,0.02684,0.08232
001788_lcam_front_lidar.ply/001788_lcam_front_lidar.ply,0.1,800,0.9,0.16543,-0.01099,1789,0.0837,0.02526,0.08079
001789_lcam_front_lidar.ply/001789_lcam_front_lidar.ply,0.1,800,0.9,0.14192,-0.01026,1790,0.08371,0.02572,0.08146
001790_lcam_front_lidar.ply/001790_lcam_front_lidar.ply,0.1,800,0.9,0.14701,-0.00724,1791,0.08591,0.02374,0.07974
001791_lcam_front_lidar.ply/001791_lcam_front_lidar.ply,0.1,800,0.9,0.14225,-0.00863,1792,0.08904,0.03495,0.08663
001792_lcam_front_lidar.ply/001792_lcam_front_lidar.ply,0.1,800,0.9,0.13695,-0.02945,1793,0.07087,0.02941,0.08753
001793_lcam_front_lidar.ply/001793_lcam_front_lidar.ply,0.1,800,0.9,0.16721,0.00828,1794,0.08895,0.0322,0.08796
001794_lcam_front_lidar.ply/001794_lcam_front_lidar.ply,0.1,800,0.9,0.1151,-0.00925,1795,0.09065,0.03411,0.09042
001795_lcam_front_lidar.ply/001795_lcam_front_lidar.ply,0.1,800,0.9,0.11398,-0.01447,1796,0.08288,0.0252,0.08116
001796_lcam_front_lidar.ply/001796_lcam_front_lidar.ply,0.1,800,0.9,0.15209,-0.0076,1797,0.08881,0.03541,0.0913
001797_lcam_front_lidar.ply/001797_lcam_front_lidar.ply,0.1,800,0.9,0.13573,-0.01079,1798,0.08742,0.03342,0.08951
001798_lcam_front_lidar.ply/001798_lcam_front_lidar.ply,0.1,800,0.9,0.17631,-0.01113,1799,0.08579,0.03139,0.08788
001799_lcam_front_lidar.ply/001799_lcam_front_lidar.ply,0.1,800,0.9,0.17908,-0.00937,1800,0.08623,0.03043,0.08723
001800_lcam_front_lidar.ply/001800_lcam_front_lidar.ply,0.1,800,0.9,0.13862,-0.00953,1801,0.08622,0.03182,0.08669
001801_lcam_front_lidar.ply/001801_lcam_front_lidar.ply,0.1,800,0.9,0.16418,-0.01268,1802,0.08319,0.0331,0.08638
001802_lcam_front_lidar.ply/001802_lcam_front_lidar.ply,0.1,800,0.9,0.1331,-0.01353,1803,0.08081,0.03461,0.08914
001803_lcam_front_lidar.ply/001803_lcam_front_lidar.ply,0.1,800,0.9,0.13197,-0.009,1804,0.08069,0.03371,0.08663
001804_lcam_front_lidar.ply/001804_lcam_front_lidar.ply,0.1,800,0.9,0.17888,-0.02067,1805,0.06644,0.03453,0.07973
001805_lcam_front_lidar.ply/001805_lcam_front_lidar.ply,0.1,800,0.9,0.17527,-0.01123,1806,0.06637,0.03366,0.08177
001806_lcam_front_lidar.ply/001806_lcam_front_lidar.ply,0.1,800,0.9,0.16166,-0.01143,1807,0.06709,0.03635,0.0869
001807_lcam_front_lidar.ply/001807_lcam_front_lidar.ply,0.1,800,0.9,0.15913,-0.00767,1808,0.06512,0.03555,0.07805
001808_lcam_front_lidar.ply/001808_lcam_front_lidar.ply,0.1,800,0.9,0.19154,-0.00172,1809,0.07949,0.03633,0.09047
001809_lcam_front_lidar.ply/001809_lcam_front_lidar.ply,0.1,800,0.9,0.16707,-0.01928,1810,0.06268,0.03898,0.0762
001810_lcam_front_lidar.ply/001810_lcam_front_lidar.ply,0.1,800,0.9,0.14119,-0.01087,1811,0.06333,0.03901,0.07925
001811_lcam_front_lidar.ply/001811_lcam_front_lidar.ply,0.1,800,0.9,0.13232,-0.00118,1812,0.07437,0.02588,0.07976
001812_lcam_front_lidar.ply/001812_lcam_front_lidar.ply,0.1,800,0.9,0.1957,-0.01855,1813,0.06727,0.03291,0.08477
001813_lcam_front_lidar.ply/001813_lcam_front_lidar.ply,0.1,800,0.9,0.14204,-0.01128,1814,0.06097,0.03732,0.07604
001814_lcam_front_lidar.ply/001814_lcam_front_lidar.ply,0.1,800,0.9,0.13429,-0.00104,1815,0.07456,0.02564,0.08181
001815_lcam_front_lidar.ply/001815_lcam_front_lidar.ply,0.1,800,0.9,0.17714,-0.00935,1816,0.07555,0.03663,0.08579
001816_lcam_front_lidar.ply/001816_lcam_front_lidar.ply,0.1,800,0.9,0.16061,-0.01024,1817,0.07412,0.02316,0.07936
001817_lcam_front_lidar.ply/001817_lcam_front_lidar.ply,0.1,800,0.9,0.14742,-0.0088,1818,0.07885,0.03039,0.08858
001818_lcam_front_lidar.ply/001818_lcam_front_lidar.ply,0.1,800,0.9,0.14444,-0.00988,1819,0.07413,0.02079,0.07602
001819_lcam_front_lidar.ply/001819_lcam_front_lidar.ply,0.1,800,0.9,0.13247,-0.01254,1820,0.07678,0.03042,0.08928
001820_lcam_front_lidar.ply/001820_lcam_front_lidar.ply,0.1,800,0.9,0.16065,-0.01687,1821,0.06221,0.02971,0.07369
001821_lcam_front_lidar.ply/001821_lcam_front_lidar.ply,0.1,800,0.9,0.14536,-0.01109,1822,0.06212,0.02898,0.07545
001822_lcam_front_lidar.ply/001822_lcam_front_lidar.ply,0.1,800,0.9,0.13694,-0.02435,1823,0.05321,0.03567,0.08833
001823_lcam_front_lidar.ply/001823_lcam_front_lidar.ply,0.1,800,0.9,0.13885,0.01071,1824,0.0714,0.02137,0.07899
001824_lcam_front_lidar.ply/001824_lcam_front_lidar.ply,0.1,800,0.9,0.16389,-0.01107,1825,0.06585,0.02433,0.07093
001825_lcam_front_lidar.ply/001825_lcam_front_lidar.ply,0.1,800,0.9,0.17013,-0.00667,1826,0.06985,0.02355,0.07203
001826_lcam_front_lidar.ply/001826_lcam_front_lidar.ply,0.1,800,0.9,0.13028,-0.01509,1827,0.06846,0.02427,0.07965
001827_lcam_front_lidar.ply/001827_lcam_front_lidar.ply,0.1,800,0.9,0.13547,-0.02032,1828,0.05976,0.03054,0.08477
001828_lcam_front_lidar.ply/001828_lcam_front_lidar.ply,0.1,800,0.9,0.17613,-0.03195,1829,0.0,0.0,0.0
001829_lcam_front_lidar.ply/001829_lcam_front_lidar.ply,0.1,800,0.9,0.15861,0.01336,1830,0.0587,0.03379,0.08082
001830_lcam_front_lidar.ply/001830_lcam_front_lidar.ply,0.1,800,0.9,0.13495,-0.009,1831,0.05785,0.03181,0.07653
001831_lcam_front_lidar.ply/001831_lcam_front_lidar.ply,0.1,800,0.9,0.17835,-0.01283,1832,0.05615,0.02952,0.07811
001832_lcam_front_lidar.ply/001832_lcam_front_lidar.ply,0.1,800,0.9,0.11664,-0.00857,1833,0.05637,0.03558,0.07751
001833_lcam_front_lidar.ply/001833_lcam_front_lidar.ply,0.1,800,0.9,0.13817,-0.01125,1834,0.05439,0.03465,0.07575
001834_lcam_front_lidar.ply/001834_lcam_front_lidar.ply,0.1,800,0.9,0.14016,-0.00741,1835,0.05487,0.02878,0.06977
001835_lcam_front_lidar.ply/001835_lcam_front_lidar.ply,0.1,800,0.9,0.15845,-0.01013,1836,0.05711,0.03042,0.075
001836_lcam_front_lidar.ply/001836_lcam_front_lidar.ply,0.1,800,0.9,0.15861,-0.01463,1837,0.05558,0.03923,0.08384
001837_lcam_front_lidar.ply/001837_lcam_front_lidar.ply,0.1,800,0.9,0.14563,-0.00015,1838,0.06134,0.02323,0.07088
001838_lcam_front_lidar.ply/001838_lcam_front_lidar.ply,0.1,800,0.9,0.13837,-0.01219,1839,0.05985,0.02299,0.0722
001839_lcam_front_lidar.ply/001839_lcam_front_lidar.ply,0.1,800,0.9,0.16227,-0.00818,1840,0.06113,0.0278,0.07257
001840_lcam_front_lidar.ply/001840_lcam_front_lidar.ply,0.1,800,0.9,0.13201,-0.01168,1841,0.05931,0.02708,0.07207
001841_lcam_front_lidar.ply/001841_lcam_front_lidar.ply,0.1,800,0.9,0.16021,-0.01065,1842,0.06009,0.02409,0.07403
001842_lcam_front_lidar.ply/001842_lcam_front_lidar.ply,0.1,800,0.9,0.12887,-0.00961,1843,0.05916,0.02409,0.07139
001843_lcam_front_lidar.ply/001843_lcam_front_lidar.ply,0.1,800,0.9,0.12208,-0.01845,1844,0.05186,0.02855,0.07503
001844_lcam_front_lidar.ply/001844_lcam_front_lidar.ply,0.1,800,0.9,0.18209,-9e-05,1845,0.05257,0.00636,0.04998
001845_lcam_front_lidar.ply/001845_lcam_front_lidar.ply,0.1,800,0.9,0.14505,-0.03854,1846,0.0,0.0,0.0
001846_lcam_front_lidar.ply/001846_lcam_front_lidar.ply,0.1,800,0.9,0.16179,-0.01663,1847,0.02867,0.03442,0.08092
001847_lcam_front_lidar.ply/001847_lcam_front_lidar.ply,0.1,800,0.9,0.14676,0.01296,1848,0.05238,0.03736,0.0833
001848_lcam_front_lidar.ply/001848_lcam_front_lidar.ply,0.1,800,0.9,0.13864,-0.02947,1849,0.05501,0.00466,0.1177
001849_lcam_front_lidar.ply/001849_lcam_front_lidar.ply,0.1,800,0.9,0.1795,-0.0015,1850,0.03836,0.02993,0.07498
001850_lcam_front_lidar.ply/001850_lcam_front_lidar.ply,0.1,800,0.9,0.15014,-0.00633,1851,0.03926,0.03195,0.07003
001851_lcam_front_lidar.ply/001851_lcam_front_lidar.ply,0.1,800,0.9,0.12281,-0.01903,1852,0.0,0.0,0.0
001852_lcam_front_lidar.ply/001852_lcam_front_lidar.ply,0.1,800,0.9,0.1892,0.00513,1853,0.04812,0.01945,0.07181
001853_lcam_front_lidar.ply/001853_lcam_front_lidar.ply,0.1,800,0.9,0.14243,-0.0097,1854,0.04954,0.0249,0.07568
001854_lcam_front_lidar.ply/001854_lcam_front_lidar.ply,0.1,800,0.9,0.14838,-0.01854,1855,0.04077,0.03348,0.0778
001855_lcam_front_lidar.ply/001855_lcam_front_lidar.ply,0.1,800,0.9,0.14683,-0.00092,1856,0.04885,0.02371,0.07285
001856_lcam_front_lidar.ply/001856_lcam_front_lidar.ply,0.1,800,0.9,0.13234,-0.02598,1857,0.0,0.0,0.0
001857_lcam_front_lidar.ply/001857_lcam_front_lidar.ply,0.1,800,0.9,0.16391,-0.01,1858,0.0,0.0,0.0
001858_lcam_front_lidar.ply/001858_lcam_front_lidar.ply,0.1,800,0.9,0.15338,-0.01,1859,0.0,0.0,0.0
001859_lcam_front_lidar.ply/001859_lcam_front_lidar.ply,0.1,800,0.9,0.13817,-0.01,1860,0.0,0.0,0.0
001860_lcam_front_lidar.ply/001860_lcam_front_lidar.ply,0.1,800,0.9,0.16889,0.00961,1861,0.04342,0.00508,0.04914
001861_lcam_front_lidar.ply/001861_lcam_front_lidar.ply,0.1,800,0.9,0.14144,-0.02961,1862,0.0,0.0,0.0
001862_lcam_front_lidar.ply/001862_lcam_front_lidar.ply,0.1,800,0.9,0.17436,0.0041,1863,0.0468,0.01622,0.07026
001863_lcam_front_lidar.ply/001863_lcam_front_lidar.ply,0.1,800,0.9,0.14244,-0.0241,1864,0.0,0.0,0.0
001864_lcam_front_lidar.ply/001864_lcam_front_lidar.ply,0.1,800,0.9,0.14724,0.00314,1865,0.04717,0.022,0.07465
001865_lcam_front_lidar.ply/001865_lcam_front_lidar.ply,0.1,800,0.9,0.17762,-0.01664,1866,0.03841,0.03204,0.07342
001866_lcam_front_lidar.ply/001866_lcam_front_lidar.ply,0.1,800,0.9,0.12651,-0.0165,1867,0.0,0.0,0.0
001867_lcam_front_lidar.ply/001867_lcam_front_lidar.ply,0.1,800,0.9,0.14118,-0.01,1868,0.0,0.0,0.0
001868_lcam_front_lidar.ply/001868_lcam_front_lidar.ply,0.1,800,0.9,0.15837,-0.01,1869,0.0,0.0,0.0
001869_lcam_front_lidar.ply/001869_lcam_front_lidar.ply,0.1,800,0.9,0.14271,0.02291,1870,0.07874,0.00784,0.09401
001870_lcam_front_lidar.ply/001870_lcam_front_lidar.ply,0.1,800,0.9,0.17238,-0.04291,1871,0.0,0.0,0.0
001871_lcam_front_lidar.ply/001871_lcam_front_lidar.ply,0.1,800,0.9,0.13298,-0.01,1872,0.0,0.0,0.0
001872_lcam_front_lidar.ply/001872_lcam_front_lidar.ply,0.1,800,0.9,0.14028,-0.01,1873,0.0,0.0,0.0
001873_lcam_front_lidar.ply/001873_lcam_front_lidar.ply,0.1,800,0.9,0.13685,-0.01,1874,0.0,0.0,0.0
001874_lcam_front_lidar.ply/001874_lcam_front_lidar.ply,0.1,800,0.9,0.14272,-0.01,1875,0.0,0.0,0.0
001875_lcam_front_lidar.ply/001875_lcam_front_lidar.ply,0.1,800,0.9,0.17268,-0.01,1876,0.0,0.0,0.0
001876_lcam_front_lidar.ply/001876_lcam_front_lidar.ply,0.1,800,0.9,0.13541,-0.01,1877,0.0,0.0,0.0
001877_lcam_front_lidar.ply/001877_lcam_front_lidar.ply,0.1,800,0.9,0.16588,-0.01,1878,0.0,0.0,0.0
001878_lcam_front_lidar.ply/001878_lcam_front_lidar.ply,0.1,800,0.9,0.16204,0.00634,1879,0.0488,0.02554,0.07258
001879_lcam_front_lidar.ply/001879_lcam_front_lidar.ply,0.1,800,0.9,0.1271,-0.02634,1880,0.0,0.0,0.0
001880_lcam_front_lidar.ply/001880_lcam_front_lidar.ply,0.1,800,0.9,0.18209,-0.01,1881,0.0,0.0,0.0
001881_lcam_front_lidar.ply/001881_lcam_front_lidar.ply,0.1,800,0.9,0.13283,-0.01,1882,0.0,0.0,0.0
001882_lcam_front_lidar.ply/001882_lcam_front_lidar.ply,0.1,800,0.9,0.15542,-0.01,1883,0.0,0.0,0.0
001883_lcam_front_lidar.ply/001883_lcam_front_lidar.ply,0.1,800,0.9,0.13016,0.00789,1884,0.04959,0.03463,0.0738
001884_lcam_front_lidar.ply/001884_lcam_front_lidar.ply,0.1,800,0.9,0.14473,-0.02789,1885,0.0,0.0,0.0
001885_lcam_front_lidar.ply/001885_lcam_front_lidar.ply,0.1,800,0.9,0.15897,-0.01,1886,0.0,0.0,0.0
001886_lcam_front_lidar.ply/001886_lcam_front_lidar.ply,0.1,800,0.9,0.15099,-0.01,1887,0.0,0.0,0.0
001887_lcam_front_lidar.ply/001887_lcam_front_lidar.ply,0.1,800,0.9,0.14277,-0.01,1888,0.0,0.0,0.0
001888_lcam_front_lidar.ply/001888_lcam_front_lidar.ply,0.1,800,0.9,0.17395,-0.01,1889,0.0,0.0,0.0
001889_lcam_front_lidar.ply/001889_lcam_front_lidar.ply,0.1,800,0.9,0.14247,-0.01,1890,0.0,0.0,0.0
001890_lcam_front_lidar.ply/001890_lcam_front_lidar.ply,0.1,800,0.9,0.18956,0.01446,1891,0.05875,0.02504,0.0761
001891_lcam_front_lidar.ply/001891_lcam_front_lidar.ply,0.1,800,0.9,0.15771,-0.00663,1892,0.06197,0.02676,0.07631
001892_lcam_front_lidar.ply/001892_lcam_front_lidar.ply,0.1,800,0.9,0.14565,-0.01043,1893,0.06102,0.02633,0.07514
001893_lcam_front_lidar.ply/001893_lcam_front_lidar.ply,0.1,800,0.9,0.19161,-0.0374,1894,0.0,0.0,0.0
001894_lcam_front_lidar.ply/001894_lcam_front_lidar.ply,0.1,800,0.9,0.1324,-0.01,1895,0.0,0.0,0.0
001895_lcam_front_lidar.ply/001895_lcam_front_lidar.ply,0.1,800,0.9,0.14043,-0.01,1896,0.0,0.0,0.0
001896_lcam_front_lidar.ply/001896_lcam_front_lidar.ply,0.1,800,0.9,0.16467,0.02551,1897,0.06973,0.02436,0.07575
001897_lcam_front_lidar.ply/001897_lcam_front_lidar.ply,0.1,800,0.9,0.13381,-0.04551,1898,0.0,0.0,0.0
001898_lcam_front_lidar.ply/001898_lcam_front_lidar.ply,0.1,800,0.9,0.19805,0.02342,1899,0.06771,0.01954,0.07444
001899_lcam_front_lidar.ply/001899_lcam_front_lidar.ply,0.1,800,0.9,0.15888,-0.00739,1900,0.07,0.02572,0.07566
001900_lcam_front_lidar.ply/001900_lcam_front_lidar.ply,0.1,800,0.9,0.16282,-0.01142,1901,0.06758,0.02504,0.07345
001901_lcam_front_lidar.ply/001901_lcam_front_lidar.ply,0.1,800,0.9,0.17857,-0.00944,1902,0.06933,0.02318,0.07527
001902_lcam_front_lidar.ply/001902_lcam_front_lidar.ply,0.1,800,0.9,0.1434,-0.01951,1903,0.05929,0.03126,0.07663
001903_lcam_front_lidar.ply/001903_lcam_front_lidar.ply,0.1,800,0.9,0.14773,-0.00595,1904,0.06373,0.02783,0.07639
001904_lcam_front_lidar.ply/001904_lcam_front_lidar.ply,0.1,800,0.9,0.15188,-0.00503,1905,0.06846,0.02283,0.07441
001905_lcam_front_lidar.ply/001905_lcam_front_lidar.ply,0.1,800,0.9,0.14581,-0.00885,1906,0.06966,0.02353,0.07471
001906_lcam_front_lidar.ply/001906_lcam_front_lidar.ply,0.1,800,0.9,0.18258,-0.04583,1907,0.0,0.0,0.0
001907_lcam_front_lidar.ply/001907_lcam_front_lidar.ply,0.1,800,0.9,0.16329,0.01988,1908,0.0631,0.03069,0.07565
001908_lcam_front_lidar.ply/001908_lcam_front_lidar.ply,0.1,800,0.9,0.13872,-0.03988,1909,0.0,0.0,0.0
001909_lcam_front_lidar.ply/001909_lcam_front_lidar.ply,0.1,800,0.9,0.15419,-0.01,1910,0.0,0.0,0.0
001910_lcam_front_lidar.ply/001910_lcam_front_lidar.ply,0.1,800,0.9,0.16357,0.02647,1911,0.06999,0.02499,0.07455
001911_lcam_front_lidar.ply/001911_lcam_front_lidar.ply,0.1,800,0.9,0.17314,-0.04647,1912,0.0,0.0,0.0
001912_lcam_front_lidar.ply/001912_lcam_front_lidar.ply,0.1,800,0.9,0.15892,0.02584,1913,0.06853,0.02889,0.07404
001913_lcam_front_lidar.ply/001913_lcam_front_lidar.ply,0.1,800,0.9,0.17113,-0.04584,1914,0.0,0.0,0.0
001914_lcam_front_lidar.ply/001914_lcam_front_lidar.ply,0.1,800,0.9,0.16291,-0.01,1915,0.0,0.0,0.0
001915_lcam_front_lidar.ply/001915_lcam_front_lidar.ply,0.1,800,0.9,0.16838,0.15862,1916,0.02693,0.99991,0.01661
001916_lcam_front_lidar.ply/001916_lcam_front_lidar.ply,0.1,800,0.9,0.17955,-0.00252,1917,0.03606,0.99994,0.01991
001917_lcam_front_lidar.ply/001917_lcam_front_lidar.ply,0.1,800,0.9,0.22143,-0.14245,1918,0.07817,0.02455,0.0764
001918_lcam_front_lidar.ply/001918_lcam_front_lidar.ply,0.1,800,0.9,0.20418,-0.00643,1919,0.08107,0.02433,0.075
001919_lcam_front_lidar.ply/001919_lcam_front_lidar.ply,0.1,800,0.9,0.20458,-0.01939,1920,0.07103,0.02966,0.07529
001920_lcam_front_lidar.ply/001920_lcam_front_lidar.ply,0.1,800,0.9,0.17462,0.12224,1921,0.03528,0.99998,0.03042
001921_lcam_front_lidar.ply/001921_lcam_front_lidar.ply,0.1,800,0.9,0.14612,-0.13698,1922,0.07618,0.02381,0.07332
001922_lcam_front_lidar.ply/001922_lcam_front_lidar.ply,0.1,800,0.9,0.20252,-0.00871,1923,0.07815,0.02358,0.07461
001923_lcam_front_lidar.ply/001923_lcam_front_lidar.ply,0.1,800,0.9,0.13985,-0.00968,1924,0.07844,0.02287,0.07434
001924_lcam_front_lidar.ply/001924_lcam_front_lidar.ply,0.1,800,0.9,0.15689,-0.00881,1925,0.08063,0.02681,0.07751
001925_lcam_front_lidar.ply/001925_lcam_front_lidar.ply,0.1,800,0.9,0.17833,-0.00958,1926,0.08234,0.02638,0.07996
001926_lcam_front_lidar.ply/001926_lcam_front_lidar.ply,0.1,800,0.9,0.14576,-0.01114,1927,0.0787,0.02002,0.07305
001927_lcam_front_lidar.ply/001927_lcam_front_lidar.ply,0.1,800,0.9,0.16213,-0.00969,1928,0.07812,0.02098,0.07157
001928_lcam_front_lidar.ply/001928_lcam_front_lidar.ply,0.1,800,0.9,0.18298,-0.00958,1929,0.08129,0.02948,0.07962
001929_lcam_front_lidar.ply/001929_lcam_front_lidar.ply,0.1,800,0.9,0.16175,-0.01031,1930,0.07902,0.01991,0.07282
001930_lcam_front_lidar.ply/001930_lcam_front_lidar.ply,0.1,800,0.9,0.15421,-0.00973,1931,0.07969,0.01737,0.07285
001931_lcam_front_lidar.ply/001931_lcam_front_lidar.ply,0.1,800,0.9,0.18444,0.10067,1932,0.02128,0.99999,0.02948
001932_lcam_front_lidar.ply/001932_lcam_front_lidar.ply,0.1,800,0.9,0.16201,-0.0044,1933,0.02726,0.99999,0.03024
001933_lcam_front_lidar.ply/001933_lcam_front_lidar.ply,0.1,800,0.9,0.20583,-0.1273,1934,0.07703,0.01831,0.0699
001934_lcam_front_lidar.ply/001934_lcam_front_lidar.ply,0.1,800,0.9,0.13504,-0.05483,1935,0.0,0.0,0.0
001935_lcam_front_lidar.ply/001935_lcam_front_lidar.ply,0.1,800,0.9,0.18027,0.1397,1936,0.01453,0.9993,0.02944
001936_lcam_front_lidar.ply/001936_lcam_front_lidar.ply,0.1,800,0.9,0.22166,0.00407,1937,0.02967,0.99996,0.03179
001937_lcam_front_lidar.ply/001937_lcam_front_lidar.ply,0.1,800,0.9,0.15065,-0.17377,1938,0.0,0.0,0.0
001938_lcam_front_lidar.ply/001938_lcam_front_lidar.ply,0.1,800,0.9,0.1588,0.14772,1939,0.01799,0.99989,0.02052
001939_lcam_front_lidar.ply/001939_lcam_front_lidar.ply,0.1,800,0.9,0.18396,-0.16772,1940,0.0,0.0,0.0
001940_lcam_front_lidar.ply/001940_lcam_front_lidar.ply,0.1,800,0.9,0.19403,0.15049,1941,0.02848,0.99998,0.03598
001941_lcam_front_lidar.ply/001941_lcam_front_lidar.ply,0.1,800,0.9,0.14331,-0.12072,1942,0.08564,0.02827,0.08023
001942_lcam_front_lidar.ply/001942_lcam_front_lidar.ply,0.1,800,0.9,0.23546,0.10483,1943,0.03406,0.99997,0.03893
001943_lcam_front_lidar.ply/001943_lcam_front_lidar.ply,0.1,800,0.9,0.17611,-0.0107,1944,0.03364,0.99998,0.0395
001944_lcam_front_lidar.ply/001944_lcam_front_lidar.ply,0.1,800,0.9,0.16044,-0.00867,1945,0.03504,0.99998,0.03963
001945_lcam_front_lidar.ply/001945_lcam_front_lidar.ply,0.1,800,0.9,0.17211,-0.12586,1946,0.08617,0.02689,0.08168
001946_lcam_front_lidar.ply/001946_lcam_front_lidar.ply,0.1,800,0.9,0.18544,0.10557,1947,0.03457,0.99998,0.03927
001947_lcam_front_lidar.ply/001947_lcam_front_lidar.ply,0.1,800,0.9,0.16554,-0.1225,1948,0.08658,0.0353,0.07889
001948_lcam_front_lidar.ply/001948_lcam_front_lidar.ply,0.1,800,0.9,0.18367,0.10873,1949,0.045,1.0,0.04768
001949_lcam_front_lidar.ply/001949_lcam_front_lidar.ply,0.1,800,0.9,0.16435,-0.014,1950,0.03692,0.99996,0.03953
001950_lcam_front_lidar.ply/001950_lcam_front_lidar.ply,0.1,800,0.9,0.15954,-0.00121,1951,0.04844,1.0,0.045
001951_lcam_front_lidar.ply/001951_lcam_front_lidar.ply,0.1,800,0.9,0.20802,-0.00992,1952,0.04895,1.0,0.04583
001952_lcam_front_lidar.ply/001952_lcam_front_lidar.ply,0.1,800,0.9,0.15771,-0.02278,1953,0.03519,0.99999,0.04388
001953_lcam_front_lidar.ply/001953_lcam_front_lidar.ply,0.1,800,0.9,0.20257,-0.11713,1954,0.09164,0.03617,0.08189
001954_lcam_front_lidar.ply/001954_lcam_front_lidar.ply,0.1,800,0.9,0.15782,0.09169,1955,0.03034,0.99999,0.04505
001955_lcam_front_lidar.ply/001955_lcam_front_lidar.ply,0.1,800,0.9,0.18743,-0.00844,1956,0.02857,0.99998,0.03839
001956_lcam_front_lidar.ply/001956_lcam_front_lidar.ply,0.1,800,0.9,0.20531,-0.11622,1957,0.08609,0.02637,0.07379
001957_lcam_front_lidar.ply/001957_lcam_front_lidar.ply,0.1,800,0.9,0.18234,0.10073,1958,0.0353,1.0,0.04285
001958_lcam_front_lidar.ply/001958_lcam_front_lidar.ply,0.1,800,0.9,0.18044,-0.00233,1959,0.04185,1.0,0.04061
001959_lcam_front_lidar.ply/001959_lcam_front_lidar.ply,0.1,800,0.9,0.18742,-0.12259,1960,0.08946,0.02303,0.06791
001960_lcam_front_lidar.ply/001960_lcam_front_lidar.ply,0.1,800,0.9,0.15744,-0.00441,1961,0.09857,0.0375,0.07929
001961_lcam_front_lidar.ply/001961_lcam_front_lidar.ply,0.1,800,0.9,0.15522,-0.07455,1962,0.0,0.0,0.0
001962_lcam_front_lidar.ply/001962_lcam_front_lidar.ply,0.1,800,0.9,0.2079,0.17441,1963,0.05565,1.0,0.04249
001963_lcam_front_lidar.ply/001963_lcam_front_lidar.ply,0.1,800,0.9,0.16466,-0.01859,1964,0.04566,1.0,0.03969
001964_lcam_front_lidar.ply/001964_lcam_front_lidar.ply,0.1,800,0.9,0.23788,-0.00764,1965,0.04643,1.0,0.03651
001965_lcam_front_lidar.ply/001965_lcam_front_lidar.ply,0.1,800,0.9,0.17264,-0.00786,1966,0.04843,1.0,0.03624
001966_lcam_front_lidar.ply/001966_lcam_front_lidar.ply,0.1,800,0.9,0.20908,-0.02952,1967,0.02645,1.0,0.03131
001967_lcam_front_lidar.ply/001967_lcam_front_lidar.ply,0.1,800,0.9,0.21122,-0.10797,1968,0.09484,0.03874,0.07565
001968_lcam_front_lidar.ply/001968_lcam_front_lidar.ply,0.1,800,0.9,0.16653,-0.00827,1969,0.09625,0.03706,0.07451
001969_lcam_front_lidar.ply/001969_lcam_front_lidar.ply,0.1,800,0.9,0.19624,-0.01643,1970,0.08935,0.03784,0.07379
001970_lcam_front_lidar.ply/001970_lcam_front_lidar.ply,0.1,800,0.9,0.22819,0.09633,1971,0.03185,0.99999,0.03477
001971_lcam_front_lidar.ply/001971_lcam_front_lidar.ply,0.1,800,0.9,0.21038,-0.01091,1972,0.03153,0.99999,0.03595
001972_lcam_front_lidar.ply/001972_lcam_front_lidar.ply,0.1,800,0.9,0.22155,-0.01033,1973,0.03015,0.99999,0.03384
001973_lcam_front_lidar.ply/001973_lcam_front_lidar.ply,0.1,800,0.9,0.2103,0.00599,1974,0.04925,1.0,0.04007
001974_lcam_front_lidar.ply/001974_lcam_front_lidar.ply,0.1,800,0.9,0.21307,-0.02841,1975,0.0314,0.99999,0.04117
001975_lcam_front_lidar.ply/001975_lcam_front_lidar.ply,0.1,800,0.9,0.17473,-0.12611,1976,0.04835,7e-05,0.00733
001976_lcam_front_lidar.ply/001976_lcam_front_lidar.ply,0.1,800,0.9,0.20239,0.12277,1977,0.04498,0.99999,0.03502
001977_lcam_front_lidar.ply/001977_lcam_front_lidar.ply,0.1,800,0.9,0.20607,-0.02826,1978,0.03056,0.99998,0.04272
001978_lcam_front_lidar.ply/001978_lcam_front_lidar.ply,0.1,800,0.9,0.15966,-0.00415,1979,0.03746,0.99999,0.04481
001979_lcam_front_lidar.ply/001979_lcam_front_lidar.ply,0.1,800,0.9,0.18895,-0.01481,1980,0.02999,0.99998,0.03949
001980_lcam_front_lidar.ply/001980_lcam_front_lidar.ply,0.1,800,0.9,0.19213,-0.01193,1981,0.02777,0.99998,0.03889
001981_lcam_front_lidar.ply/001981_lcam_front_lidar.ply,0.1,800,0.9,0.14262,-0.16832,1982,0.0,0.0,0.0
001982_lcam_front_lidar.ply/001982_lcam_front_lidar.ply,0.1,800,0.9,0.18638,0.15207,1983,0.03248,0.99998,0.04082
001983_lcam_front_lidar.ply/001983_lcam_front_lidar.ply,0.1,800,0.9,0.16868,-0.13782,1984,0.06261,0.03146,0.06615
001984_lcam_front_lidar.ply/001984_lcam_front_lidar.ply,0.1,800,0.9,0.15251,-0.00933,1985,0.05978,0.02274,0.05654
001985_lcam_front_lidar.ply/001985_lcam_front_lidar.ply,0.1,800,0.9,0.18814,-0.00458,1986,0.08905,0.02564,0.10511
001986_lcam_front_lidar.ply/001986_lcam_front_lidar.ply,0.1,800,0.9,0.14373,-0.01311,1987,0.08853,0.01724,0.10776
001987_lcam_front_lidar.ply/001987_lcam_front_lidar.ply,0.1,800,0.9,0.14582,-0.04724,1988,0.0,0.0,0.0
001988_lcam_front_lidar.ply/001988_lcam_front_lidar.ply,0.1,800,0.9,0.14889,0.02647,1989,0.06209,0.02602,0.05904
001989_lcam_front_lidar.ply/001989_lcam_front_lidar.ply,0.1,800,0.9,0.15264,-0.00363,1990,0.0933,0.01989,0.10688
001990_lcam_front_lidar.ply/001990_lcam_front_lidar.ply,0.1,800,0.9,0.14833,-0.01526,1991,0.08792,0.0213,0.10707
001991_lcam_front_lidar.ply/001991_lcam_front_lidar.ply,0.1,800,0.9,0.14289,-0.04758,1992,0.0,0.0,0.0
001992_lcam_front_lidar.ply/001992_lcam_front_lidar.ply,0.1,800,0.9,0.12728,-0.01,1993,0.0,0.0,0.0
001993_lcam_front_lidar.ply/001993_lcam_front_lidar.ply,0.1,800,0.9,0.14247,0.02921,1994,0.08892,0.02576,0.10716
001994_lcam_front_lidar.ply/001994_lcam_front_lidar.ply,0.1,800,0.9,0.14303,-0.04921,1995,0.0,0.0,0.0
001995_lcam_front_lidar.ply/001995_lcam_front_lidar.ply,0.1,800,0.9,0.11812,-0.01,1996,0.0,0.0,0.0
001996_lcam_front_lidar.ply/001996_lcam_front_lidar.ply,0.1,800,0.9,0.17391,-0.01,1997,0.0,0.0,0.0
001997_lcam_front_lidar.ply/001997_lcam_front_lidar.ply,0.1,800,0.9,0.12625,-0.01,1998,0.0,0.0,0.0
001998_lcam_front_lidar.ply/001998_lcam_front_lidar.ply,0.1,800,0.9,0.16435,-0.01,1999,0.0,0.0,0.0
001999_lcam_front_lidar.ply/001999_lcam_front_lidar.ply,0.1,800,0.9,0.12894,-0.01,2000,0.0,0.0,0.0
002000_lcam_front_lidar.ply/002000_lcam_front_lidar.ply,0.1,800,0.9,0.17938,-0.01,2001,0.0,0.0,0.0
002001_lcam_front_lidar.ply/002001_lcam_front_lidar.ply,0.1,800,0.9,0.14148,-0.01,2002,0.0,0.0,0.0
002002_lcam_front_lidar.ply/002002_lcam_front_lidar.ply,0.1,800,0.9,0.15229,-0.01,2003,0.0,0.0,0.0
002003_lcam_front_lidar.ply/002003_lcam_front_lidar.ply,0.1,800,0.9,0.13891,0.04114,2004,0.09329,0.03372,0.09442
002004_lcam_front_lidar.ply/002004_lcam_front_lidar.ply,0.1,800,0.9,0.14119,-0.03857,2005,0.06028,0.04016,0.08745
002005_lcam_front_lidar.ply/002005_lcam_front_lidar.ply,0.1,800,0.9,0.13451,-0.0121,2006,0.06115,0.03716,0.0925
002006_lcam_front_lidar.ply/002006_lcam_front_lidar.ply,0.1,800,0.9,0.13802,-0.0025,2007,0.06346,0.04078,0.08321
002007_lcam_front_lidar.ply/002007_lcam_front_lidar.ply,0.1,800,0.9,0.15844,-0.01473,2008,0.06423,0.04874,0.0966
002008_lcam_front_lidar.ply/002008_lcam_front_lidar.ply,0.1,800,0.9,0.1443,-0.01239,2009,0.06778,0.04349,0.10692
002009_lcam_front_lidar.ply/002009_lcam_front_lidar.ply,0.1,800,0.9,0.14083,-0.01542,2010,0.06478,0.04282,0.11155
002010_lcam_front_lidar.ply/002010_lcam_front_lidar.ply,0.1,800,0.9,0.13935,-0.02543,2011,0.0,0.0,0.0
002011_lcam_front_lidar.ply/002011_lcam_front_lidar.ply,0.1,800,0.9,0.15247,0.00979,2012,0.07229,0.03588,0.11576
002012_lcam_front_lidar.ply/002012_lcam_front_lidar.ply,0.1,800,0.9,0.15209,0.00258,2013,0.07042,0.04065,0.08829
002013_lcam_front_lidar.ply/002013_lcam_front_lidar.ply,0.1,800,0.9,0.12283,-0.04237,2014,0.0,0.0,0.0
002014_lcam_front_lidar.ply/002014_lcam_front_lidar.ply,0.1,800,0.9,0.1722,0.0234,2015,0.07183,0.03949,0.0887
002015_lcam_front_lidar.ply/002015_lcam_front_lidar.ply,0.1,800,0.9,0.12258,0.04189,2016,0.13825,0.02181,0.11245
002016_lcam_front_lidar.ply/002016_lcam_front_lidar.ply,0.1,800,0.9,0.17196,-0.06105,2017,0.07297,0.03935,0.08926
002017_lcam_front_lidar.ply/002017_lcam_front_lidar.ply,0.1,800,0.9,0.14286,-0.00578,2018,0.07716,0.03849,0.08894
002018_lcam_front_lidar.ply/002018_lcam_front_lidar.ply,0.1,800,0.9,0.14869,0.03807,2019,0.14139,0.01535,0.11431
002019_lcam_front_lidar.ply/002019_lcam_front_lidar.ply,0.1,800,0.9,0.13883,-0.01603,2020,0.13424,0.01826,0.11294
002020_lcam_front_lidar.ply/002020_lcam_front_lidar.ply,0.1,800,0.9,0.14392,-0.00704,2021,0.13812,0.01765,0.1146
002021_lcam_front_lidar.ply/002021_lcam_front_lidar.ply,0.1,800,0.9,0.11619,-0.0112,2022,0.13686,0.01714,0.11432
002022_lcam_front_lidar.ply/002022_lcam_front_lidar.ply,0.1,800,0.9,0.13725,-0.06723,2023,0.08421,0.02343,0.12538
002023_lcam_front_lidar.ply/002023_lcam_front_lidar.ply,0.1,800,0.9,0.14295,-0.0089,2024,0.08623,0.02264,0.12698
002024_lcam_front_lidar.ply/002024_lcam_front_lidar.ply,0.1,800,0.9,0.12583,-0.00652,2025,0.08474,0.03269,0.12005
002025_lcam_front_lidar.ply/002025_lcam_front_lidar.ply,0.1,800,0.9,0.16986,-0.01064,2026,0.08867,0.01967,0.12531
002026_lcam_front_lidar.ply/002026_lcam_front_lidar.ply,0.1,800,0.9,0.13296,-0.00906,2027,0.08984,0.02203,0.12647
002027_lcam_front_lidar.ply/002027_lcam_front_lidar.ply,0.1,800,0.9,0.17801,-0.038,2028,0.04552,0.02053,0.09338
002028_lcam_front_lidar.ply/002028_lcam_front_lidar.ply,0.1,800,0.9,0.13071,0.05834,2029,0.12416,0.01701,0.11291
002029_lcam_front_lidar.ply/002029_lcam_front_lidar.ply,0.1,800,0.9,0.14097,-0.06843,2030,0.04146,0.00216,0.05992
002030_lcam_front_lidar.ply/002030_lcam_front_lidar.ply,0.1,800,0.9,0.13111,0.00877,2031,0.08706,0.02897,0.12161
002031_lcam_front_lidar.ply/002031_lcam_front_lidar.ply,0.1,800,0.9,0.14313,0.02659,2032,0.1244,0.00067,0.11462
002032_lcam_front_lidar.ply/002032_lcam_front_lidar.ply,0.1,800,0.9,0.14262,-0.05977,2033,0.03229,0.00113,0.03009
002033_lcam_front_lidar.ply/002033_lcam_front_lidar.ply,0.1,800,0.9,0.13315,0.0051,2034,0.0942,0.01443,0.12769
002034_lcam_front_lidar.ply/002034_lcam_front_lidar.ply,0.1,800,0.9,0.17751,0.02704,2035,0.12555,0.00525,0.11354
002035_lcam_front_lidar.ply/002035_lcam_front_lidar.ply,0.1,800,0.9,0.12618,-0.06763,2036,0.04163,0.00322,0.06035
002036_lcam_front_lidar.ply/002036_lcam_front_lidar.ply,0.1,800,0.9,0.16873,-0.01359,2037,0.04398,0.01542,0.07589
002037_lcam_front_lidar.ply/002037_lcam_front_lidar.ply,0.1,800,0.9,0.13033,-0.01835,2038,0.0,0.0,0.0
002038_lcam_front_lidar.ply/002038_lcam_front_lidar.ply,0.1,800,0.9,0.13995,-0.01,2039,0.0,0.0,0.0
002039_lcam_front_lidar.ply/002039_lcam_front_lidar.ply,0.1,800,0.9,0.13469,0.02036,2040,0.08947,0.02261,0.125
002040_lcam_front_lidar.ply/002040_lcam_front_lidar.ply,0.1,800,0.9,0.13491,-0.00659,2041,0.09372,0.01977,0.12584
002041_lcam_front_lidar.ply/002041_lcam_front_lidar.ply,0.1,800,0.9,0.14247,-0.01291,2042,0.09133,0.01854,0.12651
002042_lcam_front_lidar.ply/002042_lcam_front_lidar.ply,0.1,800,0.9,0.13229,-0.00873,2043,0.09297,0.01722,0.12685
002043_lcam_front_lidar.ply/002043_lcam_front_lidar.ply,0.1,800,0.9,0.17987,-0.0308,2044,0.04219,0.00116,0.06208
002044_lcam_front_lidar.ply/002044_lcam_front_lidar.ply,0.1,800,0.9,0.12728,-0.02133,2045,0.0,0.0,0.0
002045_lcam_front_lidar.ply/002045_lcam_front_lidar.ply,0.1,800,0.9,0.16267,0.00358,2046,0.04199,0.01206,0.06044
002046_lcam_front_lidar.ply/002046_lcam_front_lidar.ply,0.1,800,0.9,0.14244,-0.02358,2047,0.0,0.0,0.0
002047_lcam_front_lidar.ply/002047_lcam_front_lidar.ply,0.1,800,0.9,0.14221,-0.01,2048,0.0,0.0,0.0
002048_lcam_front_lidar.ply/002048_lcam_front_lidar.ply,0.1,800,0.9,0.1574,0.00336,2049,0.04792,0.03306,0.07904
002049_lcam_front_lidar.ply/002049_lcam_front_lidar.ply,0.1,800,0.9,0.13456,-0.02336,2050,0.0,0.0,0.0
002050_lcam_front_lidar.ply/002050_lcam_front_lidar.ply,0.1,800,0.9,0.12662,-0.01,2051,0.0,0.0,0.0
002051_lcam_front_lidar.ply/002051_lcam_front_lidar.ply,0.1,800,0.9,0.13203,-0.01,2052,0.0,0.0,0.0
002052_lcam_front_lidar.ply/002052_lcam_front_lidar.ply,0.1,800,0.9,0.16027,0.00303,2053,0.05016,0.02724,0.08244
002053_lcam_front_lidar.ply/002053_lcam_front_lidar.ply,0.1,800,0.9,0.12909,0.00698,2054,0.06713,0.01811,0.07968
002054_lcam_front_lidar.ply/002054_lcam_front_lidar.ply,0.1,800,0.9,0.17841,-0.00911,2055,0.08194,0.00479,0.10352
002055_lcam_front_lidar.ply/002055_lcam_front_lidar.ply,0.1,800,0.9,0.12638,-0.0409,2056,0.0,0.0,0.0
002056_lcam_front_lidar.ply/002056_lcam_front_lidar.ply,0.1,800,0.9,0.15648,0.02871,2057,0.07812,0.02304,0.08573
002057_lcam_front_lidar.ply/002057_lcam_front_lidar.ply,0.1,800,0.9,0.15279,-0.00656,2058,0.08153,0.02656,0.08672
002058_lcam_front_lidar.ply/002058_lcam_front_lidar.ply,0.1,800,0.9,0.14121,-0.02117,2059,0.08687,0.02265,0.11855
002059_lcam_front_lidar.ply/002059_lcam_front_lidar.ply,0.1,800,0.9,0.13525,-0.00855,2060,0.08435,0.02831,0.11232
002060_lcam_front_lidar.ply/002060_lcam_front_lidar.ply,0.1,800,0.9,0.14128,0.00541,2061,0.08835,0.02369,0.08811
002061_lcam_front_lidar.ply/002061_lcam_front_lidar.ply,0.1,800,0.9,0.15749,-0.00766,2062,0.08886,0.02326,0.08431
002062_lcam_front_lidar.ply/002062_lcam_front_lidar.ply,0.1,800,0.9,0.15778,-0.01214,2063,0.08818,0.02099,0.08655
002063_lcam_front_lidar.ply/002063_lcam_front_lidar.ply,0.1,800,0.9,0.18725,-0.00651,2064,0.09197,0.01924,0.08662
002064_lcam_front_lidar.ply/002064_lcam_front_lidar.ply,0.1,800,0.9,0.15471,-0.01073,2065,0.09166,0.02552,0.08934
002065_lcam_front_lidar.ply/002065_lcam_front_lidar.ply,0.1,800,0.9,0.15056,-0.00483,2066,0.09584,0.02431,0.08701
002066_lcam_front_lidar.ply/002066_lcam_front_lidar.ply,0.1,800,0.9,0.14683,-0.00539,2067,0.09968,0.02523,0.08574
002067_lcam_front_lidar.ply/002067_lcam_front_lidar.ply,0.1,800,0.9,0.1449,-0.01691,2068,0.0943,0.02446,0.08857
002068_lcam_front_lidar.ply/002068_lcam_front_lidar.ply,0.1,800,0.9,0.17168,-0.00807,2069,0.09558,0.02807,0.08836
002069_lcam_front_lidar.ply/002069_lcam_front_lidar.ply,0.1,800,0.9,0.16173,-0.00942,2070,0.0954,0.02437,0.08572
002070_lcam_front_lidar.ply/002070_lcam_front_lidar.ply,0.1,800,0.9,0.17138,-0.00919,2071,0.0961,0.02742,0.08641
002071_lcam_front_lidar.ply/002071_lcam_front_lidar.ply,0.1,800,0.9,0.16076,-0.01122,2072,0.09609,0.02133,0.08702
002072_lcam_front_lidar.ply/002072_lcam_front_lidar.ply,0.1,800,0.9,0.14245,-0.00867,2073,0.09665,0.02648,0.08701
002073_lcam_front_lidar.ply/002073_lcam_front_lidar.ply,0.1,800,0.9,0.18752,-0.01571,2074,0.08764,0.01503,0.07699
002074_lcam_front_lidar.ply/002074_lcam_front_lidar.ply,0.1,800,0.9,0.14488,-0.01366,2075,0.0844,0.01527,0.07792
002075_lcam_front_lidar.ply/002075_lcam_front_lidar.ply,0.1,800,0.9,0.16376,-0.00887,2076,0.08852,0.02673,0.08734
002076_lcam_front_lidar.ply/002076_lcam_front_lidar.ply,0.1,800,0.9,0.18763,-0.02704,2077,0.06708,0.02873,0.07915
002077_lcam_front_lidar.ply/002077_lcam_front_lidar.ply,0.1,800,0.9,0.16332,0.01565,2078,0.0979,0.01876,0.08651
002078_lcam_front_lidar.ply/002078_lcam_front_lidar.ply,0.1,800,0.9,0.19875,-0.0109,2079,0.09622,0.02062,0.0855
002079_lcam_front_lidar.ply/002079_lcam_front_lidar.ply,0.1,800,0.9,0.15671,-0.02576,2080,0.07915,0.02965,0.08559
002080_lcam_front_lidar.ply/002080_lcam_front_lidar.ply,0.1,800,0.9,0.16767,-0.01138,2081,0.07761,0.02668,0.08438
002081_lcam_front_lidar.ply/002081_lcam_front_lidar.ply,0.1,800,0.9,0.19253,0.00099,2082,0.0894,0.02333,0.08496
002082_lcam_front_lidar.ply/002082_lcam_front_lidar.ply,0.1,800,0.9,0.16253,-0.03399,2083,0.05814,0.03303,0.07334
002083_lcam_front_lidar.ply/002083_lcam_front_lidar.ply,0.1,800,0.9,0.18468,-0.00302,2084,0.07026,0.03026,0.08278
002084_lcam_front_lidar.ply/002084_lcam_front_lidar.ply,0.1,800,0.9,0.16702,-0.0112,2085,0.06826,0.03285,0.08198
002085_lcam_front_lidar.ply/002085_lcam_front_lidar.ply,0.1,800,0.9,0.19399,-0.01841,2086,0.05485,0.03551,0.07278
002086_lcam_front_lidar.ply/002086_lcam_front_lidar.ply,0.1,800,0.9,0.19774,0.00859,2087,0.07817,0.03074,0.08081
002087_lcam_front_lidar.ply/002087_lcam_front_lidar.ply,0.1,800,0.9,0.14874,-0.01391,2088,0.0756,0.03185,0.08383
002088_lcam_front_lidar.ply/002088_lcam_front_lidar.ply,0.1,800,0.9,0.18332,-0.00724,2089,0.07864,0.02633,0.08271
002089_lcam_front_lidar.ply/002089_lcam_front_lidar.ply,0.1,800,0.9,0.18971,-0.00622,2090,0.08306,0.03079,0.08534
002090_lcam_front_lidar.ply/002090_lcam_front_lidar.ply,0.1,800,0.9,0.19593,0.09947,2091,0.02335,0.99995,0.03772
002091_lcam_front_lidar.ply/002091_lcam_front_lidar.ply,0.1,800,0.9,0.16425,-0.10924,2092,0.09343,0.02925,0.08515
002092_lcam_front_lidar.ply/002092_lcam_front_lidar.ply,0.1,800,0.9,0.18426,-0.00466,2093,0.10121,0.02311,0.0882
002093_lcam_front_lidar.ply/002093_lcam_front_lidar.ply,0.1,800,0.9,0.187,-0.0097,2094,0.10295,0.01974,0.09006
002094_lcam_front_lidar.ply/002094_lcam_front_lidar.ply,0.1,800,0.9,0.19152,-0.00684,2095,0.10561,0.02198,0.08973
002095_lcam_front_lidar.ply/002095_lcam_front_lidar.ply,0.1,800,0.9,0.14674,-0.00834,2096,0.109,0.01973,0.09252
002096_lcam_front_lidar.ply/002096_lcam_front_lidar.ply,0.1,800,0.9,0.16071,-0.0065,2097,0.11183,0.01864,0.09084
002097_lcam_front_lidar.ply/002097_lcam_front_lidar.ply,0.1,800,0.9,0.17962,-0.0102,2098,0.10687,0.02463,0.08312
002098_lcam_front_lidar.ply/002098_lcam_front_lidar.ply,0.1,800,0.9,0.14297,-0.01105,2099,0.11121,0.01871,0.09213
002099_lcam_front_lidar.ply/002099_lcam_front_lidar.ply,0.1,800,0.9,0.16808,-0.00867,2100,0.11279,0.01766,0.09233
002100_lcam_front_lidar.ply/002100_lcam_front_lidar.ply,0.1,800,0.9,0.17107,-0.00814,2101,0.11344,0.0181,0.09003
002101_lcam_front_lidar.ply/002101_lcam_front_lidar.ply,0.1,800,0.9,0.1428,-0.01374,2102,0.11056,0.01922,0.09209
002102_lcam_front_lidar.ply/002102_lcam_front_lidar.ply,0.1,800,0.9,0.16928,-0.00591,2103,0.11216,0.01915,0.08709
002103_lcam_front_lidar.ply/002103_lcam_front_lidar.ply,0.1,800,0.9,0.14265,-0.01208,2104,0.11305,0.01488,0.09176
002104_lcam_front_lidar.ply/002104_lcam_front_lidar.ply,0.1,800,0.9,0.17946,-0.00681,2105,0.11743,0.01614,0.09453
002105_lcam_front_lidar.ply/002105_lcam_front_lidar.ply,0.1,800,0.9,0.14305,-0.01328,2106,0.11288,0.01824,0.09261
002106_lcam_front_lidar.ply/002106_lcam_front_lidar.ply,0.1,800,0.9,0.1444,-0.00634,2107,0.11613,0.01843,0.09184
002107_lcam_front_lidar.ply/002107_lcam_front_lidar.ply,0.1,800,0.9,0.14266,-0.0058,2108,0.12029,0.0194,0.09206
002108_lcam_front_lidar.ply/002108_lcam_front_lidar.ply,0.1,800,0.9,0.14606,-0.01197,2109,0.11736,0.01843,0.08985
002109_lcam_front_lidar.ply/002109_lcam_front_lidar.ply,0.1,800,0.9,0.1426,-0.00968,2110,0.11664,0.0163,0.08714
002110_lcam_front_lidar.ply/002110_lcam_front_lidar.ply,0.1,800,0.9,0.14376,-0.01151,2111,0.11713,0.01391,0.09042
002111_lcam_front_lidar.ply/002111_lcam_front_lidar.ply,0.1,800,0.9,0.1546,-0.00691,2112,0.12052,0.01429,0.09112
002112_lcam_front_lidar.ply/002112_lcam_front_lidar.ply,0.1,800,0.9,0.13789,-0.00955,2113,0.1223,0.0104,0.09263
002113_lcam_front_lidar.ply/002113_lcam_front_lidar.ply,0.1,800,0.9,0.174,-0.00658,2114,0.12517,0.01067,0.09162
002114_lcam_front_lidar.ply/002114_lcam_front_lidar.ply,0.1,800,0.9,0.13957,-0.00822,2115,0.12731,0.0091,0.09186
002115_lcam_front_lidar.ply/002115_lcam_front_lidar.ply,0.1,800,0.9,0.17423,-0.00674,2116,0.13009,0.01048,0.09132
002116_lcam_front_lidar.ply/002116_lcam_front_lidar.ply,0.1,800,0.9,0.14148,-0.00877,2117,0.13134,0.01193,0.09178
002117_lcam_front_lidar.ply/002117_lcam_front_lidar.ply,0.1,800,0.9,0.13291,-0.00908,2118,0.13228,0.01254,0.09201
002118_lcam_front_lidar.ply/002118_lcam_front_lidar.ply,0.1,800,0.9,0.14078,-0.0104,2119,0.13284,0.01051,0.09331
002119_lcam_front_lidar.ply/002119_lcam_front_lidar.ply,0.1,800,0.9,0.15431,-0.00315,2120,0.13903,0.01063,0.09204
002120_lcam_front_lidar.ply/002120_lcam_front_lidar.ply,0.1,800,0.9,0.16816,-0.012,2121,0.13725,0.01145,0.09272
002121_lcam_front_lidar.ply/002121_lcam_front_lidar.ply,0.1,800,0.9,0.13317,-0.0094,2122,0.138,0.01159,0.09307
002122_lcam_front_lidar.ply/002122_lcam_front_lidar.ply,0.1,800,0.9,0.1609,-0.00943,2123,0.13847,0.01389,0.09356
002123_lcam_front_lidar.ply/002123_lcam_front_lidar.ply,0.1,800,0.9,0.14327,-0.00425,2124,0.14419,0.01195,0.09294
002124_lcam_front_lidar.ply/002124_lcam_front_lidar.ply,0.1,800,0.9,0.12569,-0.01009,2125,0.14436,0.01085,0.09312
002125_lcam_front_lidar.ply/002125_lcam_front_lidar.ply,0.1,800,0.9,0.18214,-0.00859,2126,0.14629,0.00947,0.09376
002126_lcam_front_lidar.ply/002126_lcam_front_lidar.ply,0.1,800,0.9,0.15203,-0.01097,2127,0.1452,0.00899,0.09338
002127_lcam_front_lidar.ply/002127_lcam_front_lidar.ply,0.1,800,0.9,0.18215,-0.00811,2128,0.1466,0.00949,0.09255
002128_lcam_front_lidar.ply/002128_lcam_front_lidar.ply,0.1,800,0.9,0.14646,-0.01345,2129,0.14388,0.00777,0.0935
002129_lcam_front_lidar.ply/002129_lcam_front_lidar.ply,0.1,800,0.9,0.15929,-0.01252,2130,0.14124,0.008,0.09332
002130_lcam_front_lidar.ply/002130_lcam_front_lidar.ply,0.1,800,0.9,0.18589,-0.00669,2131,0.14364,0.00923,0.09186
002131_lcam_front_lidar.ply/002131_lcam_front_lidar.ply,0.1,800,0.9,0.12257,-0.01497,2132,0.13725,0.00426,0.08755
002132_lcam_front_lidar.ply/002132_lcam_front_lidar.ply,0.1,800,0.9,0.15511,-0.00718,2133,0.13937,5e-05,0.08488
002133_lcam_front_lidar.ply/002133_lcam_front_lidar.ply,0.1,800,0.9,0.11946,-0.01153,2134,0.14046,0.00526,0.09168
002134_lcam_front_lidar.ply/002134_lcam_front_lidar.ply,0.1,800,0.9,0.16457,-0.00965,2135,0.14197,0.00188,0.09298
002135_lcam_front_lidar.ply/002135_lcam_front_lidar.ply,0.1,800,0.9,0.1151,-0.01544,2136,0.13602,0.00088,0.09167
002136_lcam_front_lidar.ply/002136_lcam_front_lidar.ply,0.1,800,0.9,0.1726,-0.03623,2137,0.10961,0.01466,0.09546
002137_lcam_front_lidar.ply/002137_lcam_front_lidar.ply,0.1,800,0.9,0.15443,0.01811,2138,0.13717,0.00259,0.09071
002138_lcam_front_lidar.ply/002138_lcam_front_lidar.ply,0.1,800,0.9,0.23223,-0.01593,2139,0.13224,0.0022,0.0926
002139_lcam_front_lidar.ply/002139_lcam_front_lidar.ply,0.1,800,0.9,0.15195,-0.02565,2140,0.11719,0.0055,0.0948
002140_lcam_front_lidar.ply/002140_lcam_front_lidar.ply,0.1,800,0.9,0.14404,0.00231,2141,0.12788,0.0009,0.09019
002141_lcam_front_lidar.ply/002141_lcam_front_lidar.ply,0.1,800,0.9,0.14164,-0.01243,2142,0.12573,0.00021,0.09053
002142_lcam_front_lidar.ply/002142_lcam_front_lidar.ply,0.1,800,0.9,0.13213,-0.0161,2143,0.11922,0.00437,0.09095
002143_lcam_front_lidar.ply/002143_lcam_front_lidar.ply,0.1,800,0.9,0.20545,-0.01221,2144,0.11753,0.00391,0.09184
002144_lcam_front_lidar.ply/002144_lcam_front_lidar.ply,0.1,800,0.9,0.13484,-0.03726,2145,0.09038,0.0097,0.0938
002145_lcam_front_lidar.ply/002145_lcam_front_lidar.ply,0.1,800,0.9,0.18215,-0.01627,2146,0.08842,0.00574,0.10124
002146_lcam_front_lidar.ply/002146_lcam_front_lidar.ply,0.1,800,0.9,0.14278,-0.04866,2147,0.0,0.0,0.0
002147_lcam_front_lidar.ply/002147_lcam_front_lidar.ply,0.1,800,0.9,0.15939,0.00323,2148,0.04472,0.00209,0.06361
002148_lcam_front_lidar.ply/002148_lcam_front_lidar.ply,0.1,800,0.9,0.19863,0.02067,2149,0.06974,0.00297,0.05258
002149_lcam_front_lidar.ply/002149_lcam_front_lidar.ply,0.1,800,0.9,0.16889,-0.04349,2150,0.04207,0.00026,0.0634
002150_lcam_front_lidar.ply/002150_lcam_front_lidar.ply,0.1,800,0.9,0.18839,0.01464,2151,0.07933,0.01245,0.09229
002151_lcam_front_lidar.ply/002151_lcam_front_lidar.ply,0.1,800,0.9,0.15849,0.00638,2152,0.09286,0.0125,0.08661
002152_lcam_front_lidar.ply/002152_lcam_front_lidar.ply,0.1,800,0.9,0.15025,-0.06143,2153,0.0,0.0,0.0
002153_lcam_front_lidar.ply/002153_lcam_front_lidar.ply,0.1,800,0.9,0.17997,0.02425,2154,0.07367,0.02018,0.08488
002154_lcam_front_lidar.ply/002154_lcam_front_lidar.ply,0.1,800,0.9,0.13452,0.00236,2155,0.08638,0.0142,0.08379
002155_lcam_front_lidar.ply/002155_lcam_front_lidar.ply,0.1,800,0.9,0.15935,0.1059,2156,0.03361,0.99976,0.04211
002156_lcam_front_lidar.ply/002156_lcam_front_lidar.ply,0.1,800,0.9,0.14306,-0.16251,2157,0.05,0.01512,0.08453
002157_lcam_front_lidar.ply/002157_lcam_front_lidar.ply,0.1,800,0.9,0.14969,-0.01109,2158,0.05378,0.01699,0.09482
002158_lcam_front_lidar.ply/002158_lcam_front_lidar.ply,0.1,800,0.9,0.15584,0.02532,2159,0.06841,0.01079,0.0516
002159_lcam_front_lidar.ply/002159_lcam_front_lidar.ply,0.1,800,0.9,0.16811,-0.01535,2160,0.06807,0.02125,0.06477
002160_lcam_front_lidar.ply/002160_lcam_front_lidar.ply,0.1,800,0.9,0.1718,-0.01153,2161,0.06789,0.02663,0.06908
002161_lcam_front_lidar.ply/002161_lcam_front_lidar.ply,0.1,800,0.9,0.14369,-0.04135,2162,0.05855,0.00219,0.10576
002162_lcam_front_lidar.ply/002162_lcam_front_lidar.ply,0.1,800,0.9,0.16194,0.01261,2163,0.05889,0.02417,0.06781
002163_lcam_front_lidar.ply/002163_lcam_front_lidar.ply,0.1,800,0.9,0.14177,-0.01275,2164,0.05392,0.02508,0.06365
002164_lcam_front_lidar.ply/002164_lcam_front_lidar.ply,0.1,800,0.9,0.16238,-0.01763,2165,0.05754,0.02491,0.08609
002165_lcam_front_lidar.ply/002165_lcam_front_lidar.ply,0.1,800,0.9,0.13634,-0.01029,2166,0.05672,0.02691,0.08563
002166_lcam_front_lidar.ply/002166_lcam_front_lidar.ply,0.1,800,0.9,0.1586,-0.00613,2167,0.05925,0.02874,0.08349
002167_lcam_front_lidar.ply/002167_lcam_front_lidar.ply,0.1,800,0.9,0.13761,-0.00704,2168,0.0626,0.02578,0.08339
002168_lcam_front_lidar.ply/002168_lcam_front_lidar.ply,0.1,800,0.9,0.14095,-0.00972,2169,0.06432,0.02469,0.08593
002169_lcam_front_lidar.ply/002169_lcam_front_lidar.ply,0.1,800,0.9,0.13495,-0.00799,2170,0.06696,0.02434,0.08709
002170_lcam_front_lidar.ply/002170_lcam_front_lidar.ply,0.1,800,0.9,0.15153,-0.00858,2171,0.06829,0.02154,0.08607
002171_lcam_front_lidar.ply/002171_lcam_front_lidar.ply,0.1,800,0.9,0.17801,0.015,2172,0.11007,0.02055,0.11933
002172_lcam_front_lidar.ply/002172_lcam_front_lidar.ply,0.1,800,0.9,0.15408,-0.03199,2173,0.07174,0.01515,0.08505
002173_lcam_front_lidar.ply/002173_lcam_front_lidar.ply,0.1,800,0.9,0.15706,-0.01371,2174,0.0761,0.0139,0.10081
002174_lcam_front_lidar.ply/002174_lcam_front_lidar.ply,0.1,800,0.9,0.15883,-0.00587,2175,0.0748,0.01458,0.09017
002175_lcam_front_lidar.ply/002175_lcam_front_lidar.ply,0.1,800,0.9,0.141,-0.00511,2176,0.07822,0.01177,0.08638
002176_lcam_front_lidar.ply/002176_lcam_front_lidar.ply,0.1,800,0.9,0.12782,0.00685,2177,0.11288,0.0197,0.1244
002177_lcam_front_lidar.ply/002177_lcam_front_lidar.ply,0.1,800,0.9,0.15094,-0.02709,2178,0.07891,0.0178,0.09008
002178_lcam_front_lidar.ply/002178_lcam_front_lidar.ply,0.1,800,0.9,0.12701,0.01932,2179,0.12405,0.03285,0.12621
002179_lcam_front_lidar.ply/002179_lcam_front_lidar.ply,0.1,800,0.9,0.12466,-0.07587,2180,0.0,0.0,0.0
002180_lcam_front_lidar.ply/002180_lcam_front_lidar.ply,0.1,800,0.9,0.14427,0.03164,2181,0.08232,0.00987,0.08431
002181_lcam_front_lidar.ply/002181_lcam_front_lidar.ply,0.1,800,0.9,0.1374,-0.00789,2182,0.08433,0.01301,0.08506
002182_lcam_front_lidar.ply/002182_lcam_front_lidar.ply,0.1,800,0.9,0.17439,-0.00548,2183,0.088,0.00689,0.08153
002183_lcam_front_lidar.ply/002183_lcam_front_lidar.ply,0.1,800,0.9,0.1429,-0.01494,2184,0.09007,0.01196,0.09707
002184_lcam_front_lidar.ply/002184_lcam_front_lidar.ply,0.1,800,0.9,0.15776,0.00304,2185,0.0951,0.01416,0.0817
002185_lcam_front_lidar.ply/002185_lcam_front_lidar.ply,0.1,800,0.9,0.13404,-0.00651,2186,0.09811,0.00976,0.07942
002186_lcam_front_lidar.ply/002186_lcam_front_lidar.ply,0.1,800,0.9,0.1505,-0.01175,2187,0.09396,0.00947,0.07453
002187_lcam_front_lidar.ply/002187_lcam_front_lidar.ply,0.1,800,0.9,0.14943,-0.00901,2188,0.09498,0.01588,0.07652
002188_lcam_front_lidar.ply/002188_lcam_front_lidar.ply,0.1,800,0.9,0.14427,-0.00791,2189,0.09673,0.01532,0.07566
002189_lcam_front_lidar.ply/002189_lcam_front_lidar.ply,0.1,800,0.9,0.14878,-0.00297,2190,0.10438,0.02027,0.07839
002190_lcam_front_lidar.ply/002190_lcam_front_lidar.ply,0.1,800,0.9,0.14178,-0.07823,2191,0.0,0.0,0.0
002191_lcam_front_lidar.ply/002191_lcam_front_lidar.ply,0.1,800,0.9,0.15069,0.06103,2192,0.1039,0.02205,0.07236
002192_lcam_front_lidar.ply/002192_lcam_front_lidar.ply,0.1,800,0.9,0.14253,-0.0074,2193,0.10675,0.02109,0.07258
002193_lcam_front_lidar.ply/002193_lcam_front_lidar.ply,0.1,800,0.9,0.16912,-0.08363,2194,0.0,0.0,0.0
002194_lcam_front_lidar.ply/002194_lcam_front_lidar.ply,0.1,800,0.9,0.1271,0.06649,2195,0.10774,0.02154,0.06897
002195_lcam_front_lidar.ply/002195_lcam_front_lidar.ply,0.1,800,0.9,0.15665,0.0072,2196,0.11334,0.13726,0.08048
002196_lcam_front_lidar.ply/002196_lcam_front_lidar.ply,0.1,800,0.9,0.12717,-0.02521,2197,0.10537,0.03106,0.06311
002197_lcam_front_lidar.ply/002197_lcam_front_lidar.ply,0.1,800,0.9,0.16795,-0.0079,2198,0.1059,0.0349,0.06112
002198_lcam_front_lidar.ply/002198_lcam_front_lidar.ply,0.1,800,0.9,0.12993,-0.00568,2199,0.10718,0.03525,0.05516
002199_lcam_front_lidar.ply/002199_lcam_front_lidar.ply,0.1,800,0.9,0.12824,-0.0086,2200,0.10891,0.03027,0.05433
002200_lcam_front_lidar.ply/002200_lcam_front_lidar.ply,0.1,800,0.9,0.10052,-0.01246,2201,0.09046,0.00357,0.01434
002201_lcam_front_lidar.ply/002201_lcam_front_lidar.ply,0.1,800,0.9,0.11625,-0.01335,2202,0.08646,0.01157,0.01544
002202_lcam_front_lidar.ply/002202_lcam_front_lidar.ply,0.1,800,0.9,0.11312,-0.01526,2203,0.08184,0.00554,0.0149
002203_lcam_front_lidar.ply/002203_lcam_front_lidar.ply,0.1,800,0.9,0.12619,-0.01054,2204,0.08063,0.00621,0.01376
002204_lcam_front_lidar.ply/002204_lcam_front_lidar.ply,0.1,800,0.9,0.10862,-0.0161,2205,0.08279,0.01947,0.03426
002205_lcam_front_lidar.ply/002205_lcam_front_lidar.ply,0.1,800,0.9,0.14792,-0.01027,2206,0.07956,0.02258,0.02928
002206_lcam_front_lidar.ply/002206_lcam_front_lidar.ply,0.1,800,0.9,0.12651,-0.07831,2207,0.0,0.0,0.0
002207_lcam_front_lidar.ply/002207_lcam_front_lidar.ply,0.1,800,0.9,0.18936,0.04775,2208,0.06359,0.00387,0.01286
002208_lcam_front_lidar.ply/002208_lcam_front_lidar.ply,0.1,800,0.9,0.11498,-0.06775,2209,0.0,0.0,0.0
002209_lcam_front_lidar.ply/002209_lcam_front_lidar.ply,0.1,800,0.9,0.19614,0.03318,2210,0.051,0.00271,0.01646
002210_lcam_front_lidar.ply/002210_lcam_front_lidar.ply,0.1,800,0.9,0.11636,-0.05318,2211,0.0,0.0,0.0
002211_lcam_front_lidar.ply/002211_lcam_front_lidar.ply,0.1,800,0.9,0.16836,-0.01,2212,0.0,0.0,0.0
002212_lcam_front_lidar.ply/002212_lcam_front_lidar.ply,0.1,800,0.9,0.11914,-0.01,2213,0.0,0.0,0.0
002213_lcam_front_lidar.ply/002213_lcam_front_lidar.ply,0.1,800,0.9,0.14751,-0.01,2214,0.0,0.0,0.0
002214_lcam_front_lidar.ply/002214_lcam_front_lidar.ply,0.1,800,0.9,0.11817,-0.01,2215,0.0,0.0,0.0
002215_lcam_front_lidar.ply/002215_lcam_front_lidar.ply,0.1,800,0.9,0.1724,-0.01,2216,0.0,0.0,0.0
002216_lcam_front_lidar.ply/002216_lcam_front_lidar.ply,0.1,800,0.9,0.13204,-0.01,2217,0.0,0.0,0.0
002217_lcam_front_lidar.ply/002217_lcam_front_lidar.ply,0.1,800,0.9,0.18983,-0.01,2218,0.0,0.0,0.0
002218_lcam_front_lidar.ply/002218_lcam_front_lidar.ply,0.1,800,0.9,0.13359,-0.01,2219,0.0,0.0,0.0
002219_lcam_front_lidar.ply/002219_lcam_front_lidar.ply,0.1,800,0.9,0.15443,-0.01,2220,0.0,0.0,0.0
002220_lcam_front_lidar.ply/002220_lcam_front_lidar.ply,0.1,800,0.9,0.14283,-0.01,2221,0.0,0.0,0.0
002221_lcam_front_lidar.ply/002221_lcam_front_lidar.ply,0.1,800,0.9,0.16999,-0.01,2222,0.0,0.0,0.0
002222_lcam_front_lidar.ply/002222_lcam_front_lidar.ply,0.1,800,0.9,0.14413,-0.01,2223,0.0,0.0,0.0
002223_lcam_front_lidar.ply/002223_lcam_front_lidar.ply,0.1,800,0.9,0.15382,0.05082,2224,0.06689,0.00267,0.01294
002224_lcam_front_lidar.ply/002224_lcam_front_lidar.ply,0.1,800,0.9,0.12704,-0.00681,2225,0.07204,0.00456,0.01743
002225_lcam_front_lidar.ply/002225_lcam_front_lidar.ply,0.1,800,0.9,0.11809,-0.07401,2226,0.0,0.0,0.0
002226_lcam_front_lidar.ply/002226_lcam_front_lidar.ply,0.1,800,0.9,0.12387,-0.01,2227,0.0,0.0,0.0
002227_lcam_front_lidar.ply/002227_lcam_front_lidar.ply,0.1,800,0.9,0.14185,0.07142,2228,0.08633,0.00642,0.01174
002228_lcam_front_lidar.ply/002228_lcam_front_lidar.ply,0.1,800,0.9,0.09574,-0.09142,2229,0.0,0.0,0.0
002229_lcam_front_lidar.ply/002229_lcam_front_lidar.ply,0.1,800,0.9,0.15454,-0.01,2230,0.0,0.0,0.0
002230_lcam_front_lidar.ply/002230_lcam_front_lidar.ply,0.1,800,0.9,0.11113,0.06665,2231,0.08102,0.00432,0.01003
002231_lcam_front_lidar.ply/002231_lcam_front_lidar.ply,0.1,800,0.9,0.14348,-0.01098,2232,0.0806,0.00616,0.0117
002232_lcam_front_lidar.ply/002232_lcam_front_lidar.ply,0.1,800,0.9,0.08277,-0.08567,2233,0.0,0.0,0.0
002233_lcam_front_lidar.ply/002233_lcam_front_lidar.ply,0.1,800,0.9,0.11159,0.06638,2234,0.0821,0.00233,0.01214
002234_lcam_front_lidar.ply/002234_lcam_front_lidar.ply,0.1,800,0.9,0.1134,-0.01073,2235,0.08135,0.00383,0.01255
002235_lcam_front_lidar.ply/002235_lcam_front_lidar.ply,0.1,800,0.9,0.13197,-0.01193,2236,0.07961,0.00285,0.01262
002236_lcam_front_lidar.ply/002236_lcam_front_lidar.ply,0.1,800,0.9,0.1302,-0.00539,2237,0.08387,0.00866,0.01367
002237_lcam_front_lidar.ply/002237_lcam_front_lidar.ply,0.1,800,0.9,0.11555,-0.08833,2238,0.0,0.0,0.0
002238_lcam_front_lidar.ply/002238_lcam_front_lidar.ply,0.1,800,0.9,0.12056,0.08918,2239,0.12913,0.06672,0.07992
002239_lcam_front_lidar.ply/002239_lcam_front_lidar.ply,0.1,800,0.9,0.12531,-0.01025,2240,0.12892,0.07551,0.08262
002240_lcam_front_lidar.ply/002240_lcam_front_lidar.ply,0.1,800,0.9,0.14206,-0.00017,2241,0.13748,0.08883,0.0841
002241_lcam_front_lidar.ply/002241_lcam_front_lidar.ply,0.1,800,0.9,0.1271,-0.11876,2242,0.0,0.0,0.0
002242_lcam_front_lidar.ply/002242_lcam_front_lidar.ply,0.1,800,0.9,0.12725,0.07785,2243,0.12641,0.04395,0.0903
002243_lcam_front_lidar.ply/002243_lcam_front_lidar.ply,0.1,800,0.9,0.14475,-0.02003,2244,0.10733,0.02211,0.06567
002244_lcam_front_lidar.ply/002244_lcam_front_lidar.ply,0.1,800,0.9,0.12641,-0.08782,2245,0.0,0.0,0.0
002245_lcam_front_lidar.ply/002245_lcam_front_lidar.ply,0.1,800,0.9,0.17146,0.16487,2246,0.03397,0.99998,0.0182
002246_lcam_front_lidar.ply/002246_lcam_front_lidar.ply,0.1,800,0.9,0.14075,-0.14849,2247,0.07099,0.03074,0.07845
002247_lcam_front_lidar.ply/002247_lcam_front_lidar.ply,0.1,800,0.9,0.18721,-0.0106,2248,0.07007,0.02931,0.07737
002248_lcam_front_lidar.ply/002248_lcam_front_lidar.ply,0.1,800,0.9,0.13548,0.00935,2249,0.09541,0.00883,0.08321
002249_lcam_front_lidar.ply/002249_lcam_front_lidar.ply,0.1,800,0.9,0.16578,-0.06513,2250,0.0,0.0,0.0
002250_lcam_front_lidar.ply/002250_lcam_front_lidar.ply,0.1,800,0.9,0.14311,-0.01,2251,0.0,0.0,0.0
002251_lcam_front_lidar.ply/002251_lcam_front_lidar.ply,0.1,800,0.9,0.14194,0.09909,2252,0.15462,0.03937,0.10286
002252_lcam_front_lidar.ply/002252_lcam_front_lidar.ply,0.1,800,0.9,0.12042,-0.11909,2253,0.0,0.0,0.0
002253_lcam_front_lidar.ply/002253_lcam_front_lidar.ply,0.1,800,0.9,0.19122,0.15436,2254,0.03071,1.0,0.03269
002254_lcam_front_lidar.ply/002254_lcam_front_lidar.ply,0.1,800,0.9,0.15797,-0.12541,2255,0.08935,0.00243,0.08153
002255_lcam_front_lidar.ply/002255_lcam_front_lidar.ply,0.1,800,0.9,0.13443,-0.00937,2256,0.08721,0.01326,0.07923
002256_lcam_front_lidar.ply/002256_lcam_front_lidar.ply,0.1,800,0.9,0.12137,-0.05959,2257,0.0,0.0,0.0
002257_lcam_front_lidar.ply/002257_lcam_front_lidar.ply,0.1,800,0.9,0.13259,0.12101,2258,0.17644,0.03997,0.10286
002258_lcam_front_lidar.ply/002258_lcam_front_lidar.ply,0.1,800,0.9,0.119,-0.08918,2259,0.0919,0.00911,0.08286
002259_lcam_front_lidar.ply/002259_lcam_front_lidar.ply,0.1,800,0.9,0.14384,0.06478,2260,0.17101,0.03838,0.1003
002260_lcam_front_lidar.ply/002260_lcam_front_lidar.ply,0.1,800,0.9,0.12505,0.00064,2261,0.18236,0.03839,0.10172
002261_lcam_front_lidar.ply/002261_lcam_front_lidar.ply,0.1,800,0.9,0.12994,-0.14726,2262,0.0,0.0,0.0
002262_lcam_front_lidar.ply/002262_lcam_front_lidar.ply,0.1,800,0.9,0.16692,0.12768,2263,0.18182,0.03717,0.09942
002263_lcam_front_lidar.ply/002263_lcam_front_lidar.ply,0.1,800,0.9,0.14445,-0.14768,2264,0.0,0.0,0.0
002264_lcam_front_lidar.ply/002264_lcam_front_lidar.ply,0.1,800,0.9,0.14603,-0.01,2265,0.0,0.0,0.0
002265_lcam_front_lidar.ply/002265_lcam_front_lidar.ply,0.1,800,0.9,0.17471,0.16648,2266,0.04608,1.0,0.03919
002266_lcam_front_lidar.ply/002266_lcam_front_lidar.ply,0.1,800,0.9,0.14622,-0.18648,2267,0.0,0.0,0.0
002267_lcam_front_lidar.ply/002267_lcam_front_lidar.ply,0.1,800,0.9,0.10667,-0.01,2268,0.0,0.0,0.0
002268_lcam_front_lidar.ply/002268_lcam_front_lidar.ply,0.1,800,0.9,0.16792,0.13454,2269,0.18802,0.03741,0.09819
002269_lcam_front_lidar.ply/002269_lcam_front_lidar.ply,0.1,800,0.9,0.11312,-0.01496,2270,0.18208,0.04098,0.0973
002270_lcam_front_lidar.ply/002270_lcam_front_lidar.ply,0.1,800,0.9,0.14932,-0.14958,2271,0.0,0.0,0.0
002271_lcam_front_lidar.ply/002271_lcam_front_lidar.ply,0.1,800,0.9,0.15824,0.16557,2272,0.04284,1.0,0.03453
002272_lcam_front_lidar.ply/002272_lcam_front_lidar.ply,0.1,800,0.9,0.17082,-0.00052,2273,0.05276,1.0,0.03542
002273_lcam_front_lidar.ply/002273_lcam_front_lidar.ply,0.1,800,0.9,0.14302,-0.02055,2274,0.04187,1.0,0.03474
002274_lcam_front_lidar.ply/002274_lcam_front_lidar.ply,0.1,800,0.9,0.17992,-0.00782,2275,0.04407,1.0,0.03477
002275_lcam_front_lidar.ply/002275_lcam_front_lidar.ply,0.1,800,0.9,0.13067,-0.00775,2276,0.04878,1.0,0.03969
002276_lcam_front_lidar.ply/002276_lcam_front_lidar.ply,0.1,800,0.9,0.10629,-0.12926,2277,0.09242,0.02654,0.07345
002277_lcam_front_lidar.ply/002277_lcam_front_lidar.ply,0.1,800,0.9,0.14363,-0.00618,2278,0.09603,0.02887,0.07372
002278_lcam_front_lidar.ply/002278_lcam_front_lidar.ply,0.1,800,0.9,0.14834,0.09695,2279,0.03485,0.99999,0.0288
002279_lcam_front_lidar.ply/002279_lcam_front_lidar.ply,0.1,800,0.9,0.1252,-0.18045,2280,0.0,0.0,0.0
002280_lcam_front_lidar.ply/002280_lcam_front_lidar.ply,0.1,800,0.9,0.13276,0.05582,2281,0.09875,0.03158,0.07533
002281_lcam_front_lidar.ply/002281_lcam_front_lidar.ply,0.1,800,0.9,0.14297,0.00736,2282,0.11918,0.04892,0.08668
002282_lcam_front_lidar.ply/002282_lcam_front_lidar.ply,0.1,800,0.9,0.12849,-0.01307,2283,0.11262,0.05376,0.08116
002283_lcam_front_lidar.ply/002283_lcam_front_lidar.ply,0.1,800,0.9,0.11198,-0.01106,2284,0.11284,0.03244,0.07731
002284_lcam_front_lidar.ply/002284_lcam_front_lidar.ply,0.1,800,0.9,0.12518,-0.00515,2285,0.11891,0.03161,0.0795
002285_lcam_front_lidar.ply/002285_lcam_front_lidar.ply,0.1,800,0.9,0.15855,0.00071,2286,0.13232,0.03213,0.08506
002286_lcam_front_lidar.ply/002286_lcam_front_lidar.ply,0.1,800,0.9,0.12522,-0.01419,2287,0.12426,0.03402,0.07789
002287_lcam_front_lidar.ply/002287_lcam_front_lidar.ply,0.1,800,0.9,0.14477,0.08149,2288,0.04438,1.0,0.02494
002288_lcam_front_lidar.ply/002288_lcam_front_lidar.ply,0.1,800,0.9,0.12721,-0.09758,2289,0.12907,0.02951,0.07832
002289_lcam_front_lidar.ply/002289_lcam_front_lidar.ply,0.1,800,0.9,0.11521,0.06568,2290,0.03188,0.99999,0.02372
002290_lcam_front_lidar.ply/002290_lcam_front_lidar.ply,0.1,800,0.9,0.09717,-0.08321,2291,0.13169,0.02865,0.07837
002291_lcam_front_lidar.ply/002291_lcam_front_lidar.ply,0.1,800,0.9,0.11099,-0.00377,2292,0.13802,0.025,0.07747
002292_lcam_front_lidar.ply/002292_lcam_front_lidar.ply,0.1,800,0.9,0.10771,0.04679,2293,0.02692,1.0,0.03418
002293_lcam_front_lidar.ply/002293_lcam_front_lidar.ply,0.1,800,0.9,0.14541,-0.0695,2294,0.13316,0.02969,0.07458
002294_lcam_front_lidar.ply/002294_lcam_front_lidar.ply,0.1,800,0.9,0.11768,0.06161,2295,0.03667,0.99999,0.02948
002295_lcam_front_lidar.ply/002295_lcam_front_lidar.ply,0.1,800,0.9,0.10064,0.00503,2296,0.04927,1.0,0.02462
002296_lcam_front_lidar.ply/002296_lcam_front_lidar.ply,0.1,800,0.9,0.13036,-0.00996,2297,0.04953,1.0,0.02506
002297_lcam_front_lidar.ply/002297_lcam_front_lidar.ply,0.1,800,0.9,0.09946,-0.00847,2298,0.05159,1.0,0.02613
002298_lcam_front_lidar.ply/002298_lcam_front_lidar.ply,0.1,800,0.9,0.14437,-0.025,2299,0.0386,1.0,0.03014
002299_lcam_front_lidar.ply/002299_lcam_front_lidar.ply,0.1,800,0.9,0.10811,-0.00848,2300,0.03856,1.0,0.027
002300_lcam_front_lidar.ply/002300_lcam_front_lidar.ply,0.1,800,0.9,0.15122,-0.08227,2301,0.13556,0.03258,0.07531
002301_lcam_front_lidar.ply/002301_lcam_front_lidar.ply,0.1,800,0.9,0.08863,-0.00877,2302,0.13594,0.0336,0.07391
002302_lcam_front_lidar.ply/002302_lcam_front_lidar.ply,0.1,800,0.9,0.1441,0.06366,2303,0.038,1.0,0.02064
002303_lcam_front_lidar.ply/002303_lcam_front_lidar.ply,0.1,800,0.9,0.12572,-0.00877,2304,0.03647,1.0,0.01513
002304_lcam_front_lidar.ply/002304_lcam_front_lidar.ply,0.1,800,0.9,0.17361,-0.0172,2305,0.02523,1.0,0.00704
002305_lcam_front_lidar.ply/002305_lcam_front_lidar.ply,0.1,800,0.9,0.10626,-0.1817,2306,0.0,0.0,0.0
002306_lcam_front_lidar.ply/002306_lcam_front_lidar.ply,0.1,800,0.9,0.1809,0.17219,2307,0.0365,1.0,0.00862
002307_lcam_front_lidar.ply/002307_lcam_front_lidar.ply,0.1,800,0.9,0.1315,-0.00098,2308,0.05141,1.0,0.0204
002308_lcam_front_lidar.ply/002308_lcam_front_lidar.ply,0.1,800,0.9,0.16235,-0.02194,2309,0.04358,1.0,0.0286
002309_lcam_front_lidar.ply/002309_lcam_front_lidar.ply,0.1,800,0.9,0.11396,-0.01844,2310,0.0343,0.99999,0.02693
002310_lcam_front_lidar.ply/002310_lcam_front_lidar.ply,0.1,800,0.9,0.12718,-0.18084,2311,0.0,0.0,0.0
002311_lcam_front_lidar.ply/002311_lcam_front_lidar.ply,0.1,800,0.9,0.13555,0.18159,2312,0.05614,0.99999,0.0291
002312_lcam_front_lidar.ply/002312_lcam_front_lidar.ply,0.1,800,0.9,0.1658,-0.01346,2313,0.0514,0.99999,0.02654
002313_lcam_front_lidar.ply/002313_lcam_front_lidar.ply,0.1,800,0.9,0.13166,-0.19813,2314,0.0,0.0,0.0
002314_lcam_front_lidar.ply/002314_lcam_front_lidar.ply,0.1,800,0.9,0.15857,0.168,2315,0.04212,0.99997,0.02824
002315_lcam_front_lidar.ply/002315_lcam_front_lidar.ply,0.1,800,0.9,0.11564,-0.00124,2316,0.05251,0.99997,0.0315
002316_lcam_front_lidar.ply/002316_lcam_front_lidar.ply,0.1,800,0.9,0.13869,-0.19676,2317,0.0,0.0,0.0
002317_lcam_front_lidar.ply/002317_lcam_front_lidar.ply,0.1,800,0.9,0.11081,-0.01,2318,0.0,0.0,0.0
002318_lcam_front_lidar.ply/002318_lcam_front_lidar.ply,0.1,800,0.9,0.14296,-0.01,2319,0.0,0.0,0.0
002319_lcam_front_lidar.ply/002319_lcam_front_lidar.ply,0.1,800,0.9,0.12292,-0.01,2320,0.0,0.0,0.0
002320_lcam_front_lidar.ply/002320_lcam_front_lidar.ply,0.1,800,0.9,0.13358,0.17202,2321,0.04873,0.99998,0.03342
002321_lcam_front_lidar.ply/002321_lcam_front_lidar.ply,0.1,800,0.9,0.10432,-0.00849,2322,0.0498,0.99999,0.03254
002322_lcam_front_lidar.ply/002322_lcam_front_lidar.ply,0.1,800,0.9,0.13235,-0.03152,2323,0.02706,0.99992,0.03008
002323_lcam_front_lidar.ply/002323_lcam_front_lidar.ply,0.1,800,0.9,0.14308,0.00501,2324,0.04303,0.99999,0.032
002324_lcam_front_lidar.ply/002324_lcam_front_lidar.ply,0.1,800,0.9,0.13389,-0.18702,2325,0.0,0.0,0.0
002325_lcam_front_lidar.ply/002325_lcam_front_lidar.ply,0.1,800,0.9,0.14229,0.17294,2326,0.0489,0.99999,0.03193
002326_lcam_front_lidar.ply/002326_lcam_front_lidar.ply,0.1,800,0.9,0.13411,-0.19294,2327,0.0,0.0,0.0
002327_lcam_front_lidar.ply/002327_lcam_front_lidar.ply,0.1,800,0.9,0.11011,-0.01,2328,0.0,0.0,0.0
002328_lcam_front_lidar.ply/002328_lcam_front_lidar.ply,0.1,800,0.9,0.16526,-0.01,2329,0.0,0.0,0.0
002329_lcam_front_lidar.ply/002329_lcam_front_lidar.ply,0.1,800,0.9,0.13029,-0.01,2330,0.0,0.0,0.0
002330_lcam_front_lidar.ply/002330_lcam_front_lidar.ply,0.1,800,0.9,0.15868,-0.01,2331,0.0,0.0,0.0
002331_lcam_front_lidar.ply/002331_lcam_front_lidar.ply,0.1,800,0.9,0.14092,0.15783,2332,0.02803,0.99998,0.0204
002332_lcam_front_lidar.ply/002332_lcam_front_lidar.ply,0.1,800,0.9,0.15818,-0.17783,2333,0.0,0.0,0.0
002333_lcam_front_lidar.ply/002333_lcam_front_lidar.ply,0.1,800,0.9,0.1667,0.14414,2334,0.01694,0.99972,0.02551
002334_lcam_front_lidar.ply/002334_lcam_front_lidar.ply,0.1,800,0.9,0.16391,0.01023,2335,0.03268,0.99997,0.01659
002335_lcam_front_lidar.ply/002335_lcam_front_lidar.ply,0.1,800,0.9,0.17408,0.00447,2336,0.05033,0.99999,0.02296
002336_lcam_front_lidar.ply/002336_lcam_front_lidar.ply,0.1,800,0.9,0.13049,-0.01087,2337,0.04967,0.99999,0.02338
002337_lcam_front_lidar.ply/002337_lcam_front_lidar.ply,0.1,800,0.9,0.16849,-0.01061,2338,0.04835,0.99999,0.02196
002338_lcam_front_lidar.ply/002338_lcam_front_lidar.ply,0.1,800,0.9,0.16222,-0.00793,2339,0.05079,0.99999,0.0227
002339_lcam_front_lidar.ply/002339_lcam_front_lidar.ply,0.1,800,0.9,0.19331,-0.02918,2340,0.03066,1.0,0.0208
002340_lcam_front_lidar.ply/002340_lcam_front_lidar.ply,0.1,800,0.9,0.14126,0.0093,2341,0.05099,0.99999,0.02285
002341_lcam_front_lidar.ply/002341_lcam_front_lidar.ply,0.1,800,0.9,0.16904,-0.01603,2342,0.04388,0.99999,0.02068
002342_lcam_front_lidar.ply/002342_lcam_front_lidar.ply,0.1,800,0.9,0.16389,-0.00499,2343,0.04947,0.99999,0.02185
002343_lcam_front_lidar.ply/002343_lcam_front_lidar.ply,0.1,800,0.9,0.1782,-0.0111,2344,0.04755,1.0,0.0202
002344_lcam_front_lidar.ply/002344_lcam_front_lidar.ply,0.1,800,0.9,0.19544,-0.0085,2345,0.04937,0.99999,0.02084
002345_lcam_front_lidar.ply/002345_lcam_front_lidar.ply,0.1,800,0.9,0.15448,-0.01035,2346,0.04883,0.99999,0.02046
002346_lcam_front_lidar.ply/002346_lcam_front_lidar.ply,0.1,800,0.9,0.17023,-0.01213,2347,0.04675,0.99999,0.02056
002347_lcam_front_lidar.ply/002347_lcam_front_lidar.ply,0.1,800,0.9,0.17311,-0.01156,2348,0.0465,0.99999,0.02319
002348_lcam_front_lidar.ply/002348_lcam_front_lidar.ply,0.1,800,0.9,0.15942,-0.01022,2349,0.04544,1.0,0.02151
002349_lcam_front_lidar.ply/002349_lcam_front_lidar.ply,0.1,800,0.9,0.20473,-0.01071,2350,0.04448,1.0,0.02101
002350_lcam_front_lidar.ply/002350_lcam_front_lidar.ply,0.1,800,0.9,0.14455,-0.01186,2351,0.0426,1.0,0.02098
002351_lcam_front_lidar.ply/002351_lcam_front_lidar.ply,0.1,800,0.9,0.17472,-0.01065,2352,0.04204,1.0,0.02116
002352_lcam_front_lidar.ply/002352_lcam_front_lidar.ply,0.1,800,0.9,0.15834,-0.01109,2353,0.04107,1.0,0.02139
002353_lcam_front_lidar.ply/002353_lcam_front_lidar.ply,0.1,800,0.9,0.17519,-0.00986,2354,0.04099,1.0,0.02094
002354_lcam_front_lidar.ply/002354_lcam_front_lidar.ply,0.1,800,0.9,0.21739,-0.19052,2355,0.0,0.0,0.0
002355_lcam_front_lidar.ply/002355_lcam_front_lidar.ply,0.1,800,0.9,0.18448,-0.01,2356,0.0,0.0,0.0
002356_lcam_front_lidar.ply/002356_lcam_front_lidar.ply,0.1,800,0.9,0.16823,-0.01,2357,0.0,0.0,0.0
002357_lcam_front_lidar.ply/002357_lcam_front_lidar.ply,0.1,800,0.9,0.20974,-0.01,2358,0.0,0.0,0.0
002358_lcam_front_lidar.ply/002358_lcam_front_lidar.ply,0.1,800,0.9,0.18106,-0.01,2359,0.0,0.0,0.0
002359_lcam_front_lidar.ply/002359_lcam_front_lidar.ply,0.1,800,0.9,0.19916,-0.01,2360,0.0,0.0,0.0
002360_lcam_front_lidar.ply/002360_lcam_front_lidar.ply,0.1,800,0.9,0.18563,-0.01,2361,0.0,0.0,0.0
002361_lcam_front_lidar.ply/002361_lcam_front_lidar.ply,0.1,800,0.9,0.19056,-0.01,2362,0.0,0.0,0.0
002362_lcam_front_lidar.ply/002362_lcam_front_lidar.ply,0.1,800,0.9,0.20159,-0.01,2363,0.0,0.0,0.0
002363_lcam_front_lidar.ply/002363_lcam_front_lidar.ply,0.1,800,0.9,0.1864,-0.01,2364,0.0,0.0,0.0
002364_lcam_front_lidar.ply/002364_lcam_front_lidar.ply,0.1,800,0.9,0.17769,-0.01,2365,0.0,0.0,0.0
002365_lcam_front_lidar.ply/002365_lcam_front_lidar.ply,0.1,800,0.9,0.17214,-0.01,2366,0.0,0.0,0.0
002366_lcam_front_lidar.ply/002366_lcam_front_lidar.ply,0.1,800,0.9,0.17233,-0.01,2367,0.0,0.0,0.0
002367_lcam_front_lidar.ply/002367_lcam_front_lidar.ply,0.1,800,0.9,0.21127,-0.01,2368,0.0,0.0,0.0
002368_lcam_front_lidar.ply/002368_lcam_front_lidar.ply,0.1,800,0.9,0.16893,-0.01,2369,0.0,0.0,0.0
002369_lcam_front_lidar.ply/002369_lcam_front_lidar.ply,0.1,800,0.9,0.1629,-0.01,2370,0.0,0.0,0.0
002370_lcam_front_lidar.ply/002370_lcam_front_lidar.ply,0.1,800,0.9,0.2161,-0.01,2371,0.0,0.0,0.0
002371_lcam_front_lidar.ply/002371_lcam_front_lidar.ply,0.1,800,0.9,0.18136,-0.01,2372,0.0,0.0,0.0
002372_lcam_front_lidar.ply/002372_lcam_front_lidar.ply,0.1,800,0.9,0.20317,-0.01,2373,0.0,0.0,0.0
002373_lcam_front_lidar.ply/002373_lcam_front_lidar.ply,0.1,800,0.9,0.1706,-0.01,2374,0.0,0.0,0.0
002374_lcam_front_lidar.ply/002374_lcam_front_lidar.ply,0.1,800,0.9,0.1646,-0.01,2375,0.0,0.0,0.0
002375_lcam_front_lidar.ply/002375_lcam_front_lidar.ply,0.1,800,0.9,0.20651,-0.01,2376,0.0,0.0,0.0
002376_lcam_front_lidar.ply/002376_lcam_front_lidar.ply,0.1,800,0.9,0.1627,-0.01,2377,0.0,0.0,0.0
002377_lcam_front_lidar.ply/002377_lcam_front_lidar.ply,0.1,800,0.9,0.17831,-0.01,2378,0.0,0.0,0.0
002378_lcam_front_lidar.ply/002378_lcam_front_lidar.ply,0.1,800,0.9,0.18804,-0.01,2379,0.0,0.0,0.0
002379_lcam_front_lidar.ply/002379_lcam_front_lidar.ply,0.1,800,0.9,0.15091,-0.01,2380,0.0,0.0,0.0
002380_lcam_front_lidar.ply/002380_lcam_front_lidar.ply,0.1,800,0.9,0.18892,-0.01,2381,0.0,0.0,0.0
002381_lcam_front_lidar.ply/002381_lcam_front_lidar.ply,0.1,800,0.9,0.1584,-0.01,2382,0.0,0.0,0.0
002382_lcam_front_lidar.ply/002382_lcam_front_lidar.ply,0.1,800,0.9,0.20631,-0.01,2383,0.0,0.0,0.0
002383_lcam_front_lidar.ply/002383_lcam_front_lidar.ply,0.1,800,0.9,0.18499,-0.01,2384,0.0,0.0,0.0
002384_lcam_front_lidar.ply/002384_lcam_front_lidar.ply,0.1,800,0.9,0.202,-0.01,2385,0.0,0.0,0.0
002385_lcam_front_lidar.ply/002385_lcam_front_lidar.ply,0.1,800,0.9,0.1544,-0.01,2386,0.0,0.0,0.0
002386_lcam_front_lidar.ply/002386_lcam_front_lidar.ply,0.1,800,0.9,0.14842,-0.01,2387,0.0,0.0,0.0
002387_lcam_front_lidar.ply/002387_lcam_front_lidar.ply,0.1,800,0.9,0.19011,-0.01,2388,0.0,0.0,0.0
002388_lcam_front_lidar.ply/002388_lcam_front_lidar.ply,0.1,800,0.9,0.17467,-0.01,2389,0.0,0.0,0.0
002389_lcam_front_lidar.ply/002389_lcam_front_lidar.ply,0.1,800,0.9,0.18761,-0.01,2390,0.0,0.0,0.0
002390_lcam_front_lidar.ply/002390_lcam_front_lidar.ply,0.1,800,0.9,0.13988,-0.01,2391,0.0,0.0,0.0
002391_lcam_front_lidar.ply/002391_lcam_front_lidar.ply,0.1,800,0.9,0.16249,-0.01,2392,0.0,0.0,0.0
002392_lcam_front_lidar.ply/002392_lcam_front_lidar.ply,0.1,800,0.9,0.19072,-0.01,2393,0.0,0.0,0.0
002393_lcam_front_lidar.ply/002393_lcam_front_lidar.ply,0.1,800,0.9,0.14974,-0.01,2394,0.0,0.0,0.0
002394_lcam_front_lidar.ply/002394_lcam_front_lidar.ply,0.1,800,0.9,0.20199,-0.01,2395,0.0,0.0,0.0
002395_lcam_front_lidar.ply/002395_lcam_front_lidar.ply,0.1,800,0.9,0.15894,-0.01,2396,0.0,0.0,0.0
002396_lcam_front_lidar.ply/002396_lcam_front_lidar.ply,0.1,800,0.9,0.17661,-0.01,2397,0.0,0.0,0.0
002397_lcam_front_lidar.ply/002397_lcam_front_lidar.ply,0.1,800,0.9,0.13899,-0.01,2398,0.0,0.0,0.0
002398_lcam_front_lidar.ply/002398_lcam_front_lidar.ply,0.1,800,0.9,0.14629,0.17216,2399,0.04055,1.0,0.01677
002399_lcam_front_lidar.ply/002399_lcam_front_lidar.ply,0.1,800,0.9,0.1743,-0.02913,2400,0.02148,1.0,0.01691
002400_lcam_front_lidar.ply/002400_lcam_front_lidar.ply,0.1,800,0.9,0.13661,0.00872,2401,0.04112,1.0,0.01875
002401_lcam_front_lidar.ply/002401_lcam_front_lidar.ply,0.1,800,0.9,0.19385,-0.00933,2402,0.04177,1.0,0.0187
002402_lcam_front_lidar.ply/002402_lcam_front_lidar.ply,0.1,800,0.9,0.17806,-0.0088,2403,0.04303,1.0,0.01881
002403_lcam_front_lidar.ply/002403_lcam_front_lidar.ply,0.1,800,0.9,0.19048,-0.00902,2404,0.04397,1.0,0.01872
002404_lcam_front_lidar.ply/002404_lcam_front_lidar.ply,0.1,800,0.9,0.20605,-0.02771,2405,0.02716,0.99999,0.02053
002405_lcam_front_lidar.ply/002405_lcam_front_lidar.ply,0.1,800,0.9,0.15838,0.00985,2406,0.04609,1.0,0.01869
002406_lcam_front_lidar.ply/002406_lcam_front_lidar.ply,0.1,800,0.9,0.19323,-0.00726,2407,0.04879,1.0,0.01861
002407_lcam_front_lidar.ply/002407_lcam_front_lidar.ply,0.1,800,0.9,0.15005,-0.01037,2408,0.04895,0.99999,0.01969
002408_lcam_front_lidar.ply/002408_lcam_front_lidar.ply,0.1,800,0.9,0.15611,-0.0154,2409,0.04298,0.99999,0.01855
002409_lcam_front_lidar.ply/002409_lcam_front_lidar.ply,0.1,800,0.9,0.2077,-0.02553,2410,0.03092,0.99999,0.02549
002410_lcam_front_lidar.ply/002410_lcam_front_lidar.ply,0.1,800,0.9,0.16042,-0.00676,2411,0.03267,0.99999,0.02251
002411_lcam_front_lidar.ply/002411_lcam_front_lidar.ply,0.1,800,0.9,0.16758,-0.00568,2412,0.03363,0.99996,0.01578
002412_lcam_front_lidar.ply/002412_lcam_front_lidar.ply,0.1,800,0.9,0.16013,0.0009,2413,0.0471,0.99999,0.02093
002413_lcam_front_lidar.ply/002413_lcam_front_lidar.ply,0.1,800,0.9,0.13991,-0.01976,2414,0.03459,0.99997,0.01541
002414_lcam_front_lidar.ply/002414_lcam_front_lidar.ply,0.1,800,0.9,0.14747,-0.00063,2415,0.04677,0.99999,0.02104
002415_lcam_front_lidar.ply/002415_lcam_front_lidar.ply,0.1,800,0.9,0.1385,-0.02534,2416,0.0271,0.99999,0.01239
002416_lcam_front_lidar.ply/002416_lcam_front_lidar.ply,0.1,800,0.9,0.12052,-0.18091,2417,0.0,0.0,0.0
002417_lcam_front_lidar.ply/002417_lcam_front_lidar.ply,0.1,800,0.9,0.11898,-0.01,2418,0.0,0.0,0.0
002418_lcam_front_lidar.ply/002418_lcam_front_lidar.ply,0.1,800,0.9,0.13194,-0.01,2419,0.0,0.0,0.0
002419_lcam_front_lidar.ply/002419_lcam_front_lidar.ply,0.1,800,0.9,0.11845,-0.01,2420,0.0,0.0,0.0
002420_lcam_front_lidar.ply/002420_lcam_front_lidar.ply,0.1,800,0.9,0.12292,-0.01,2421,0.0,0.0,0.0
002421_lcam_front_lidar.ply/002421_lcam_front_lidar.ply,0.1,800,0.9,0.147,0.17441,2422,0.04984,0.99999,0.03085
002422_lcam_front_lidar.ply/002422_lcam_front_lidar.ply,0.1,800,0.9,0.13034,-0.02845,2423,0.02981,0.99998,0.0277
002423_lcam_front_lidar.ply/002423_lcam_front_lidar.ply,0.1,800,0.9,0.13823,0.01074,2424,0.052,0.99998,0.03059
002424_lcam_front_lidar.ply/002424_lcam_front_lidar.ply,0.1,800,0.9,0.12531,-0.02513,2425,0.03592,0.99999,0.02868
002425_lcam_front_lidar.ply/002425_lcam_front_lidar.ply,0.1,800,0.9,0.12506,0.00071,2426,0.04805,0.99999,0.03154
002426_lcam_front_lidar.ply/002426_lcam_front_lidar.ply,0.1,800,0.9,0.12526,-0.19228,2427,0.0,0.0,0.0
002427_lcam_front_lidar.ply/002427_lcam_front_lidar.ply,0.1,800,0.9,0.09482,-0.01,2428,0.0,0.0,0.0
002428_lcam_front_lidar.ply/002428_lcam_front_lidar.ply,0.1,800,0.9,0.11573,-0.01,2429,0.0,0.0,0.0
002429_lcam_front_lidar.ply/002429_lcam_front_lidar.ply,0.1,800,0.9,0.12292,0.17219,2430,0.04603,0.99996,0.02767
002430_lcam_front_lidar.ply/002430_lcam_front_lidar.ply,0.1,800,0.9,0.12846,-0.02098,2431,0.03273,0.99993,0.02302
002431_lcam_front_lidar.ply/002431_lcam_front_lidar.ply,0.1,800,0.9,0.14551,-0.00114,2432,0.0426,0.99998,0.02505
002432_lcam_front_lidar.ply/002432_lcam_front_lidar.ply,0.1,800,0.9,0.14103,-0.00777,2433,0.0462,0.99997,0.02778
002433_lcam_front_lidar.ply/002433_lcam_front_lidar.ply,0.1,800,0.9,0.13046,-0.00233,2434,0.05295,0.99999,0.02595
002434_lcam_front_lidar.ply/002434_lcam_front_lidar.ply,0.1,800,0.9,0.12073,-0.01863,2435,0.04669,0.99999,0.03068
002435_lcam_front_lidar.ply/002435_lcam_front_lidar.ply,0.1,800,0.9,0.12708,-0.01191,2436,0.04212,0.99999,0.02536
002436_lcam_front_lidar.ply/002436_lcam_front_lidar.ply,0.1,800,0.9,0.11096,0.00114,2437,0.04919,1.0,0.01722
002437_lcam_front_lidar.ply/002437_lcam_front_lidar.ply,0.1,800,0.9,0.14249,-0.01768,2438,0.03619,1.0,0.00658
002438_lcam_front_lidar.ply/002438_lcam_front_lidar.ply,0.1,800,0.9,0.10608,-0.1929,2439,0.0,0.0,0.0
002439_lcam_front_lidar.ply/002439_lcam_front_lidar.ply,0.1,800,0.9,0.11506,-0.01,2440,0.0,0.0,0.0
002440_lcam_front_lidar.ply/002440_lcam_front_lidar.ply,0.1,800,0.9,0.11691,0.09719,2441,0.13865,0.03425,0.07318
002441_lcam_front_lidar.ply/002441_lcam_front_lidar.ply,0.1,800,0.9,0.1034,0.05871,2442,0.03964,1.0,0.02747
002442_lcam_front_lidar.ply/002442_lcam_front_lidar.ply,0.1,800,0.9,0.11081,-0.01147,2443,0.03921,1.0,0.02955
002443_lcam_front_lidar.ply/002443_lcam_front_lidar.ply,0.1,800,0.9,0.10125,-0.01248,2444,0.0386,1.0,0.0333
002444_lcam_front_lidar.ply/002444_lcam_front_lidar.ply,0.1,800,0.9,0.10908,-0.06799,2445,0.14622,0.03352,0.07456
002445_lcam_front_lidar.ply/002445_lcam_front_lidar.ply,0.1,800,0.9,0.09819,-0.01465,2446,0.14258,0.03048,0.07567
002446_lcam_front_lidar.ply/002446_lcam_front_lidar.ply,0.1,800,0.9,0.11587,-0.01172,2447,0.13966,0.03072,0.07336
002447_lcam_front_lidar.ply/002447_lcam_front_lidar.ply,0.1,800,0.9,0.14304,0.06584,2448,0.04674,1.0,0.02663
002448_lcam_front_lidar.ply/002448_lcam_front_lidar.ply,0.1,800,0.9,0.12654,-0.0111,2449,0.04669,1.0,0.02872
002449_lcam_front_lidar.ply/002449_lcam_front_lidar.ply,0.1,800,0.9,0.12273,-0.19233,2450,0.0,0.0,0.0
002450_lcam_front_lidar.ply/002450_lcam_front_lidar.ply,0.1,800,0.9,0.10721,0.09019,2451,0.13502,0.02916,0.07839
002451_lcam_front_lidar.ply/002451_lcam_front_lidar.ply,0.1,800,0.9,0.15795,-0.01787,2452,0.12486,0.03658,0.07603
002452_lcam_front_lidar.ply/002452_lcam_front_lidar.ply,0.1,800,0.9,0.11811,-0.01033,2453,0.1237,0.03363,0.0735
002453_lcam_front_lidar.ply/002453_lcam_front_lidar.ply,0.1,800,0.9,0.13685,-0.0158,2454,0.11522,0.03614,0.0689
002454_lcam_front_lidar.ply/002454_lcam_front_lidar.ply,0.1,800,0.9,0.11459,-0.00576,2455,0.11897,0.01773,0.06239
002455_lcam_front_lidar.ply/002455_lcam_front_lidar.ply,0.1,800,0.9,0.14674,-0.01981,2456,0.10811,0.03262,0.06476
002456_lcam_front_lidar.ply/002456_lcam_front_lidar.ply,0.1,800,0.9,0.11067,-0.01809,2457,0.09798,0.01515,0.05542
002457_lcam_front_lidar.ply/002457_lcam_front_lidar.ply,0.1,800,0.9,0.11083,-0.00811,2458,0.09917,0.01704,0.05459
002458_lcam_front_lidar.ply/002458_lcam_front_lidar.ply,0.1,800,0.9,0.10984,0.00845,2459,0.12618,0.04047,0.07875
002459_lcam_front_lidar.ply/002459_lcam_front_lidar.ply,0.1,800,0.9,0.09685,-0.01171,2460,0.12668,0.04175,0.08356
002460_lcam_front_lidar.ply/002460_lcam_front_lidar.ply,0.1,800,0.9,0.11084,-0.10116,2461,0.0,0.0,0.0
002461_lcam_front_lidar.ply/002461_lcam_front_lidar.ply,0.1,800,0.9,0.12424,0.04484,2462,0.08608,0.03245,0.07222
002462_lcam_front_lidar.ply/002462_lcam_front_lidar.ply,0.1,800,0.9,0.13896,0.06432,2463,0.16913,0.04119,0.09231
002463_lcam_front_lidar.ply/002463_lcam_front_lidar.ply,0.1,800,0.9,0.13089,-0.13916,2464,0.0,0.0,0.0
002464_lcam_front_lidar.ply/002464_lcam_front_lidar.ply,0.1,800,0.9,0.14951,0.1679,2465,0.04391,1.0,0.03202
002465_lcam_front_lidar.ply/002465_lcam_front_lidar.ply,0.1,800,0.9,0.15724,-0.00973,2466,0.04603,1.0,0.03572
002466_lcam_front_lidar.ply/002466_lcam_front_lidar.ply,0.1,800,0.9,0.14268,-0.01157,2467,0.0439,1.0,0.0346
002467_lcam_front_lidar.ply/002467_lcam_front_lidar.ply,0.1,800,0.9,0.13069,-0.1866,2468,0.0,0.0,0.0
002468_lcam_front_lidar.ply/002468_lcam_front_lidar.ply,0.1,800,0.9,0.11545,-0.01,2469,0.0,0.0,0.0
002469_lcam_front_lidar.ply/002469_lcam_front_lidar.ply,0.1,800,0.9,0.17466,0.12911,2470,0.18117,0.04119,0.09647
002470_lcam_front_lidar.ply/002470_lcam_front_lidar.ply,0.1,800,0.9,0.14041,0.02599,2471,0.04703,1.0,0.04386
002471_lcam_front_lidar.ply/002471_lcam_front_lidar.ply,0.1,800,0.9,0.18532,-0.05079,2472,0.17764,0.03812,0.09808
002472_lcam_front_lidar.ply/002472_lcam_front_lidar.ply,0.1,800,0.9,0.15344,0.02883,2473,0.04374,1.0,0.04119
002473_lcam_front_lidar.ply/002473_lcam_front_lidar.ply,0.1,800,0.9,0.21245,-0.01079,2474,0.04307,1.0,0.04141
002474_lcam_front_lidar.ply/002474_lcam_front_lidar.ply,0.1,800,0.9,0.13312,-0.00845,2475,0.04545,0.99999,0.04307
002475_lcam_front_lidar.ply/002475_lcam_front_lidar.ply,0.1,800,0.9,0.16215,-0.05337,2476,0.17389,0.03936,0.09851
002476_lcam_front_lidar.ply/002476_lcam_front_lidar.ply,0.1,800,0.9,0.12731,-0.14054,2477,0.0,0.0,0.0
002477_lcam_front_lidar.ply/002477_lcam_front_lidar.ply,0.1,800,0.9,0.15804,0.15148,2478,0.03315,0.99999,0.04333
002478_lcam_front_lidar.ply/002478_lcam_front_lidar.ply,0.1,800,0.9,0.19484,-0.12244,2479,0.08775,0.012,0.08102
002479_lcam_front_lidar.ply/002479_lcam_front_lidar.ply,0.1,800,0.9,0.15456,0.06053,2480,0.16264,0.04179,0.0987
002480_lcam_front_lidar.ply/002480_lcam_front_lidar.ply,0.1,800,0.9,0.13263,-0.0227,2481,0.14863,0.04158,0.096
002481_lcam_front_lidar.ply/002481_lcam_front_lidar.ply,0.1,800,0.9,0.13135,-0.11686,2482,0.0,0.0,0.0
002482_lcam_front_lidar.ply/002482_lcam_front_lidar.ply,0.1,800,0.9,0.15888,0.09306,2483,0.14401,0.04891,0.09657
002483_lcam_front_lidar.ply/002483_lcam_front_lidar.ply,0.1,800,0.9,0.16999,-0.01039,2484,0.14309,0.05065,0.09604
002484_lcam_front_lidar.ply/002484_lcam_front_lidar.ply,0.1,800,0.9,0.15031,-0.00954,2485,0.14616,0.04587,0.09983
002485_lcam_front_lidar.ply/002485_lcam_front_lidar.ply,0.1,800,0.9,0.19424,0.0573,2486,0.04305,1.0,0.04525
002486_lcam_front_lidar.ply/002486_lcam_front_lidar.ply,0.1,800,0.9,0.14675,-0.0816,2487,0.13756,0.04182,0.09002
002487_lcam_front_lidar.ply/002487_lcam_front_lidar.ply,0.1,800,0.9,0.14972,-0.02103,2488,0.12402,0.04261,0.08523
002488_lcam_front_lidar.ply/002488_lcam_front_lidar.ply,0.1,800,0.9,0.18735,0.07397,2489,0.04293,0.99999,0.04233
002489_lcam_front_lidar.ply/002489_lcam_front_lidar.ply,0.1,800,0.9,0.15887,-0.18177,2490,0.0,0.0,0.0
002490_lcam_front_lidar.ply/002490_lcam_front_lidar.ply,0.1,800,0.9,0.16803,0.04782,2491,0.09202,0.03058,0.07757
002491_lcam_front_lidar.ply/002491_lcam_front_lidar.ply,0.1,800,0.9,0.1464,-0.0244,2492,0.07048,0.02803,0.06254
002492_lcam_front_lidar.ply/002492_lcam_front_lidar.ply,0.1,800,0.9,0.15414,-0.00696,2493,0.08161,0.0301,0.07933
002493_lcam_front_lidar.ply/002493_lcam_front_lidar.ply,0.1,800,0.9,0.18451,-0.01037,2494,0.07377,0.02502,0.06288
002494_lcam_front_lidar.ply/002494_lcam_front_lidar.ply,0.1,800,0.9,0.16306,-0.01146,2495,0.07915,0.02913,0.07778
002495_lcam_front_lidar.ply/002495_lcam_front_lidar.ply,0.1,800,0.9,0.15519,-0.01566,2496,0.06611,0.03012,0.06331
002496_lcam_front_lidar.ply/002496_lcam_front_lidar.ply,0.1,800,0.9,0.14284,-0.01409,2497,0.0613,0.02902,0.06156
002497_lcam_front_lidar.ply/002497_lcam_front_lidar.ply,0.1,800,0.9,0.16275,-0.01181,2498,0.05906,0.02569,0.0597
002498_lcam_front_lidar.ply/002498_lcam_front_lidar.ply,0.1,800,0.9,0.16492,-0.04307,2499,0.0,0.0,0.0
002499_lcam_front_lidar.ply/002499_lcam_front_lidar.ply,0.1,800,0.9,0.16367,-0.01,2500,0.0,0.0,0.0
002500_lcam_front_lidar.ply/002500_lcam_front_lidar.ply,0.1,800,0.9,0.18286,-0.01,2501,0.0,0.0,0.0
002501_lcam_front_lidar.ply/002501_lcam_front_lidar.ply,0.1,800,0.9,0.20616,0.16185,2502,0.0286,0.99999,0.01349
002502_lcam_front_lidar.ply/002502_lcam_front_lidar.ply,0.1,800,0.9,0.20837,-0.00877,2503,0.03372,0.99993,0.02127
002503_lcam_front_lidar.ply/002503_lcam_front_lidar.ply,0.1,800,0.9,0.20752,-0.01253,2504,0.0345,0.99997,0.0279
002504_lcam_front_lidar.ply/002504_lcam_front_lidar.ply,0.1,800,0.9,0.25248,-0.014,2505,0.03283,0.99999,0.03256
002505_lcam_front_lidar.ply/002505_lcam_front_lidar.ply,0.1,800,0.9,0.20406,-0.01713,2506,0.02856,0.99999,0.03828
002506_lcam_front_lidar.ply/002506_lcam_front_lidar.ply,0.1,800,0.9,0.21437,-0.00403,2507,0.04062,0.99999,0.05047
002507_lcam_front_lidar.ply/002507_lcam_front_lidar.ply,0.1,800,0.9,0.25353,-0.01091,2508,0.04021,1.0,0.05147
002508_lcam_front_lidar.ply/002508_lcam_front_lidar.ply,0.1,800,0.9,0.20209,-0.17448,2509,0.0,0.0,0.0
002509_lcam_front_lidar.ply/002509_lcam_front_lidar.ply,0.1,800,0.9,0.19769,0.15986,2510,0.04424,0.99999,0.04876
002510_lcam_front_lidar.ply/002510_lcam_front_lidar.ply,0.1,800,0.9,0.19795,-0.015,2511,0.0335,0.99999,0.03728
002511_lcam_front_lidar.ply/002511_lcam_front_lidar.ply,0.1,800,0.9,0.23969,-0.00399,2512,0.03828,0.99999,0.0348
002512_lcam_front_lidar.ply/002512_lcam_front_lidar.ply,0.1,800,0.9,0.19204,-0.00886,2513,0.03873,0.99998,0.03342
002513_lcam_front_lidar.ply/002513_lcam_front_lidar.ply,0.1,800,0.9,0.18704,-0.00843,2514,0.03873,0.99996,0.03026
002514_lcam_front_lidar.ply/002514_lcam_front_lidar.ply,0.1,800,0.9,0.21032,-0.00967,2515,0.03804,0.99994,0.02821
002515_lcam_front_lidar.ply/002515_lcam_front_lidar.ply,0.1,800,0.9,0.19282,-0.01129,2516,0.03652,0.99993,0.02775
002516_lcam_front_lidar.ply/002516_lcam_front_lidar.ply,0.1,800,0.9,0.17653,-0.01151,2517,0.03282,0.99996,0.02339
002517_lcam_front_lidar.ply/002517_lcam_front_lidar.ply,0.1,800,0.9,0.20554,-0.18112,2518,0.0,0.0,0.0
002518_lcam_front_lidar.ply/002518_lcam_front_lidar.ply,0.1,800,0.9,0.16255,-0.01,2519,0.0,0.0,0.0
002519_lcam_front_lidar.ply/002519_lcam_front_lidar.ply,0.1,800,0.9,0.17032,-0.01,2520,0.0,0.0,0.0
002520_lcam_front_lidar.ply/002520_lcam_front_lidar.ply,0.1,800,0.9,0.14303,-0.01,2521,0.0,0.0,0.0
002521_lcam_front_lidar.ply/002521_lcam_front_lidar.ply,0.1,800,0.9,0.15901,-0.01,2522,0.0,0.0,0.0
002522_lcam_front_lidar.ply/002522_lcam_front_lidar.ply,0.1,800,0.9,0.18442,-0.01,2523,0.0,0.0,0.0
002523_lcam_front_lidar.ply/002523_lcam_front_lidar.ply,0.1,800,0.9,0.14212,-0.01,2524,0.0,0.0,0.0
002524_lcam_front_lidar.ply/002524_lcam_front_lidar.ply,0.1,800,0.9,0.15122,-0.01,2525,0.0,0.0,0.0
002525_lcam_front_lidar.ply/002525_lcam_front_lidar.ply,0.1,800,0.9,0.14734,-0.01,2526,0.0,0.0,0.0
002526_lcam_front_lidar.ply/002526_lcam_front_lidar.ply,0.1,800,0.9,0.14327,-0.01,2527,0.0,0.0,0.0
002527_lcam_front_lidar.ply/002527_lcam_front_lidar.ply,0.1,800,0.9,0.19076,-0.01,2528,0.0,0.0,0.0
002528_lcam_front_lidar.ply/002528_lcam_front_lidar.ply,0.1,800,0.9,0.13193,-0.01,2529,0.0,0.0,0.0
002529_lcam_front_lidar.ply/002529_lcam_front_lidar.ply,0.1,800,0.9,0.13651,-0.01,2530,0.0,0.0,0.0
002530_lcam_front_lidar.ply/002530_lcam_front_lidar.ply,0.1,800,0.9,0.13091,-0.01,2531,0.0,0.0,0.0
002531_lcam_front_lidar.ply/002531_lcam_front_lidar.ply,0.1,800,0.9,0.13655,-0.01,2532,0.0,0.0,0.0
002532_lcam_front_lidar.ply/002532_lcam_front_lidar.ply,0.1,800,0.9,0.17956,-0.01,2533,0.0,0.0,0.0
002533_lcam_front_lidar.ply/002533_lcam_front_lidar.ply,0.1,800,0.9,0.15861,-0.01,2534,0.0,0.0,0.0
002534_lcam_front_lidar.ply/002534_lcam_front_lidar.ply,0.1,800,0.9,0.14272,-0.01,2535,0.0,0.0,0.0
002535_lcam_front_lidar.ply/002535_lcam_front_lidar.ply,0.1,800,0.9,0.1402,-0.01,2536,0.0,0.0,0.0
002536_lcam_front_lidar.ply/002536_lcam_front_lidar.ply,0.1,800,0.9,0.14685,-0.01,2537,0.0,0.0,0.0
002537_lcam_front_lidar.ply/002537_lcam_front_lidar.ply,0.1,800,0.9,0.17308,-0.01,2538,0.0,0.0,0.0
002538_lcam_front_lidar.ply/002538_lcam_front_lidar.ply,0.1,800,0.9,0.15838,-0.01,2539,0.0,0.0,0.0
002539_lcam_front_lidar.ply/002539_lcam_front_lidar.ply,0.1,800,0.9,0.14742,-0.01,2540,0.0,0.0,0.0
002540_lcam_front_lidar.ply/002540_lcam_front_lidar.ply,0.1,800,0.9,0.18964,-0.01,2541,0.0,0.0,0.0
002541_lcam_front_lidar.ply/002541_lcam_front_lidar.ply,0.1,800,0.9,0.14525,-0.01,2542,0.0,0.0,0.0
002542_lcam_front_lidar.ply/002542_lcam_front_lidar.ply,0.1,800,0.9,0.19777,-0.01,2543,0.0,0.0,0.0
002543_lcam_front_lidar.ply/002543_lcam_front_lidar.ply,0.1,800,0.9,0.20195,-0.01,2544,0.0,0.0,0.0
002544_lcam_front_lidar.ply/002544_lcam_front_lidar.ply,0.1,800,0.9,0.16914,-0.01,2545,0.0,0.0,0.0
002545_lcam_front_lidar.ply/002545_lcam_front_lidar.ply,0.1,800,0.9,0.16759,-0.01,2546,0.0,0.0,0.0
002546_lcam_front_lidar.ply/002546_lcam_front_lidar.ply,0.1,800,0.9,0.17699,-0.01,2547,0.0,0.0,0.0
002547_lcam_front_lidar.ply/002547_lcam_front_lidar.ply,0.1,800,0.9,0.21188,-0.01,2548,0.0,0.0,0.0
002548_lcam_front_lidar.ply/002548_lcam_front_lidar.ply,0.1,800,0.9,0.15621,-0.01,2549,0.0,0.0,0.0
002549_lcam_front_lidar.ply/002549_lcam_front_lidar.ply,0.1,800,0.9,0.27813,-0.01,2550,0.0,0.0,0.0
002550_lcam_front_lidar.ply/002550_lcam_front_lidar.ply,0.1,800,0.9,0.2086,-0.01,2551,0.0,0.0,0.0
002551_lcam_front_lidar.ply/002551_lcam_front_lidar.ply,0.1,800,0.9,0.18564,-0.01,2552,0.0,0.0,0.0
002552_lcam_front_lidar.ply/002552_lcam_front_lidar.ply,0.1,800,0.9,0.18348,-0.01,2553,0.0,0.0,0.0
002553_lcam_front_lidar.ply/002553_lcam_front_lidar.ply,0.1,800,0.9,0.16082,-0.01,2554,0.0,0.0,0.0
002554_lcam_front_lidar.ply/002554_lcam_front_lidar.ply,0.1,800,0.9,0.15052,-0.01,2555,0.0,0.0,0.0
002555_lcam_front_lidar.ply/002555_lcam_front_lidar.ply,0.1,800,0.9,0.18099,-0.01,2556,0.0,0.0,0.0
002556_lcam_front_lidar.ply/002556_lcam_front_lidar.ply,0.1,800,0.9,0.17286,-0.01,2557,0.0,0.0,0.0
002557_lcam_front_lidar.ply/002557_lcam_front_lidar.ply,0.1,800,0.9,0.15946,-0.01,2558,0.0,0.0,0.0
002558_lcam_front_lidar.ply/002558_lcam_front_lidar.ply,0.1,800,0.9,0.14595,-0.01,2559,0.0,0.0,0.0
002559_lcam_front_lidar.ply/002559_lcam_front_lidar.ply,0.1,800,0.9,0.15131,-0.01,2560,0.0,0.0,0.0
002560_lcam_front_lidar.ply/002560_lcam_front_lidar.ply,0.1,800,0.9,0.17006,-0.01,2561,0.0,0.0,0.0
002561_lcam_front_lidar.ply/002561_lcam_front_lidar.ply,0.1,800,0.9,0.14994,-0.01,2562,0.0,0.0,0.0
002562_lcam_front_lidar.ply/002562_lcam_front_lidar.ply,0.1,800,0.9,0.13742,-0.01,2563,0.0,0.0,0.0
002563_lcam_front_lidar.ply/002563_lcam_front_lidar.ply,0.1,800,0.9,0.16658,-0.01,2564,0.0,0.0,0.0
002564_lcam_front_lidar.ply/002564_lcam_front_lidar.ply,0.1,800,0.9,0.1566,-0.01,2565,0.0,0.0,0.0
002565_lcam_front_lidar.ply/002565_lcam_front_lidar.ply,0.1,800,0.9,0.17429,-0.01,2566,0.0,0.0,0.0
002566_lcam_front_lidar.ply/002566_lcam_front_lidar.ply,0.1,800,0.9,0.1571,-0.01,2567,0.0,0.0,0.0
002567_lcam_front_lidar.ply/002567_lcam_front_lidar.ply,0.1,800,0.9,0.1615,-0.01,2568,0.0,0.0,0.0
002568_lcam_front_lidar.ply/002568_lcam_front_lidar.ply,0.1,800,0.9,0.19013,-0.01,2569,0.0,0.0,0.0
002569_lcam_front_lidar.ply/002569_lcam_front_lidar.ply,0.1,800,0.9,0.14641,-0.01,2570,0.0,0.0,0.0
002570_lcam_front_lidar.ply/002570_lcam_front_lidar.ply,0.1,800,0.9,0.14693,-0.01,2571,0.0,0.0,0.0
002571_lcam_front_lidar.ply/002571_lcam_front_lidar.ply,0.1,800,0.9,0.19759,-0.01,2572,0.0,0.0,0.0
002572_lcam_front_lidar.ply/002572_lcam_front_lidar.ply,0.1,800,0.9,0.19381,0.13457,2573,0.01511,0.99996,0.04107
002573_lcam_front_lidar.ply/002573_lcam_front_lidar.ply,0.1,800,0.9,0.19794,-0.15457,2574,0.0,0.0,0.0
002574_lcam_front_lidar.ply/002574_lcam_front_lidar.ply,0.1,800,0.9,0.27465,0.15738,2575,0.03091,0.99997,0.02705
002575_lcam_front_lidar.ply/002575_lcam_front_lidar.ply,0.1,800,0.9,0.20587,-0.02095,2576,0.02455,0.99995,0.03624
002576_lcam_front_lidar.ply/002576_lcam_front_lidar.ply,0.1,800,0.9,0.21357,-0.00457,2577,0.02745,0.99993,0.03116
002577_lcam_front_lidar.ply/002577_lcam_front_lidar.ply,0.1,800,0.9,0.20508,-0.15334,2578,0.04395,0.03356,0.06095
002578_lcam_front_lidar.ply/002578_lcam_front_lidar.ply,0.1,800,0.9,0.23551,0.13227,2579,0.02289,0.99994,0.02419
002579_lcam_front_lidar.ply/002579_lcam_front_lidar.ply,0.1,800,0.9,0.19571,-0.15287,2580,0.05167,0.02359,0.07459
002580_lcam_front_lidar.ply/002580_lcam_front_lidar.ply,0.1,800,0.9,0.17904,0.00825,2581,0.06388,0.02107,0.06175
002581_lcam_front_lidar.ply/002581_lcam_front_lidar.ply,0.1,800,0.9,0.20975,-0.00759,2582,0.07027,0.02273,0.0702
002582_lcam_front_lidar.ply/002582_lcam_front_lidar.ply,0.1,800,0.9,0.21645,0.10032,2583,0.02478,0.99999,0.05176
002583_lcam_front_lidar.ply/002583_lcam_front_lidar.ply,0.1,800,0.9,0.17433,-0.0064,2584,0.02992,0.99999,0.05484
002584_lcam_front_lidar.ply/002584_lcam_front_lidar.ply,0.1,800,0.9,0.16654,-0.10617,2585,0.0852,0.02471,0.06516
002585_lcam_front_lidar.ply/002585_lcam_front_lidar.ply,0.1,800,0.9,0.18676,-0.00219,2586,0.09503,0.01607,0.06661
002586_lcam_front_lidar.ply/002586_lcam_front_lidar.ply,0.1,800,0.9,0.16259,-0.00632,2587,0.09871,0.01725,0.06696
002587_lcam_front_lidar.ply/002587_lcam_front_lidar.ply,0.1,800,0.9,0.16567,-0.02073,2588,0.09762,0.01415,0.08531
002588_lcam_front_lidar.ply/002588_lcam_front_lidar.ply,0.1,800,0.9,0.14174,-0.01035,2589,0.09643,0.01171,0.0829
002589_lcam_front_lidar.ply/002589_lcam_front_lidar.ply,0.1,800,0.9,0.14291,0.00656,2590,0.10516,0.01886,0.06938
002590_lcam_front_lidar.ply/002590_lcam_front_lidar.ply,0.1,800,0.9,0.14217,-0.01445,2591,0.10252,0.02014,0.07339
002591_lcam_front_lidar.ply/002591_lcam_front_lidar.ply,0.1,800,0.9,0.13928,-0.01849,2592,0.09514,0.02566,0.07727
002592_lcam_front_lidar.ply/002592_lcam_front_lidar.ply,0.1,800,0.9,0.13014,0.00163,2593,0.11343,0.01068,0.0861
002593_lcam_front_lidar.ply/002593_lcam_front_lidar.ply,0.1,800,0.9,0.16725,-0.00499,2594,0.11042,0.0199,0.07281
002594_lcam_front_lidar.ply/002594_lcam_front_lidar.ply,0.1,800,0.9,0.1264,-0.01058,2595,0.10967,0.02036,0.07261
002595_lcam_front_lidar.ply/002595_lcam_front_lidar.ply,0.1,800,0.9,0.12607,-0.00604,2596,0.11485,0.02045,0.07507
002596_lcam_front_lidar.ply/002596_lcam_front_lidar.ply,0.1,800,0.9,0.1385,-0.00771,2597,0.12517,0.00956,0.08786
002597_lcam_front_lidar.ply/002597_lcam_front_lidar.ply,0.1,800,0.9,0.14482,-0.00582,2598,0.12739,0.0101,0.08411
002598_lcam_front_lidar.ply/002598_lcam_front_lidar.ply,0.1,800,0.9,0.12663,-0.0089,2599,0.1219,0.01966,0.07378
002599_lcam_front_lidar.ply/002599_lcam_front_lidar.ply,0.1,800,0.9,0.13666,-0.00826,2600,0.12355,0.0192,0.07347
002600_lcam_front_lidar.ply/002600_lcam_front_lidar.ply,0.1,800,0.9,0.18427,-0.01157,2601,0.12218,0.01773,0.07344
002601_lcam_front_lidar.ply/002601_lcam_front_lidar.ply,0.1,800,0.9,0.15238,-0.00817,2602,0.12327,0.02003,0.07265
002602_lcam_front_lidar.ply/002602_lcam_front_lidar.ply,0.1,800,0.9,0.14635,-0.01081,2603,0.12153,0.01873,0.0704
002603_lcam_front_lidar.ply/002603_lcam_front_lidar.ply,0.1,800,0.9,0.14254,0.00088,2604,0.13102,0.01826,0.0675
002604_lcam_front_lidar.ply/002604_lcam_front_lidar.ply,0.1,800,0.9,0.17442,-0.01647,2605,0.1254,0.01587,0.06848
002605_lcam_front_lidar.ply/002605_lcam_front_lidar.ply,0.1,800,0.9,0.1621,-0.00694,2606,0.1327,0.00804,0.0746
002606_lcam_front_lidar.ply/002606_lcam_front_lidar.ply,0.1,800,0.9,0.12415,-0.00797,2607,0.13325,0.00836,0.07175
002607_lcam_front_lidar.ply/002607_lcam_front_lidar.ply,0.1,800,0.9,0.14093,-0.00589,2608,0.13165,0.01137,0.06125
002608_lcam_front_lidar.ply/002608_lcam_front_lidar.ply,0.1,800,0.9,0.14964,-0.01202,2609,0.12852,0.01395,0.0598
002609_lcam_front_lidar.ply/002609_lcam_front_lidar.ply,0.1,800,0.9,0.1228,-0.01589,2610,0.12241,0.01489,0.05963
002610_lcam_front_lidar.ply/002610_lcam_front_lidar.ply,0.1,800,0.9,0.11457,-0.01187,2611,0.11938,0.01373,0.05698
002611_lcam_front_lidar.ply/002611_lcam_front_lidar.ply,0.1,800,0.9,0.13015,-0.00694,2612,0.12296,0.00879,0.05653
002612_lcam_front_lidar.ply/002612_lcam_front_lidar.ply,0.1,800,0.9,0.15977,-0.0138,2613,0.12232,0.00906,0.06293
002613_lcam_front_lidar.ply/002613_lcam_front_lidar.ply,0.1,800,0.9,0.14072,-0.01398,2614,0.11823,0.00765,0.06229
002614_lcam_front_lidar.ply/002614_lcam_front_lidar.ply,0.1,800,0.9,0.13224,-0.01304,2615,0.11178,0.00921,0.05594
002615_lcam_front_lidar.ply/002615_lcam_front_lidar.ply,0.1,800,0.9,0.17982,-0.01166,2616,0.11181,0.00964,0.05945
002616_lcam_front_lidar.ply/002616_lcam_front_lidar.ply,0.1,800,0.9,0.16561,-0.02428,2617,0.09754,0.01432,0.06086
002617_lcam_front_lidar.ply/002617_lcam_front_lidar.ply,0.1,800,0.9,0.1315,-0.01327,2618,0.09091,0.01889,0.05551
002618_lcam_front_lidar.ply/002618_lcam_front_lidar.ply,0.1,800,0.9,0.1271,-0.00957,2619,0.08389,0.00333,0.03593
002619_lcam_front_lidar.ply/002619_lcam_front_lidar.ply,0.1,800,0.9,0.16894,-0.00973,2620,0.08976,0.02187,0.05268
002620_lcam_front_lidar.ply/002620_lcam_front_lidar.ply,0.1,800,0.9,0.16612,-0.00975,2621,0.08994,0.01896,0.05166
002621_lcam_front_lidar.ply/002621_lcam_front_lidar.ply,0.1,800,0.9,0.15164,-0.00848,2622,0.08817,0.01467,0.04379
002622_lcam_front_lidar.ply/002622_lcam_front_lidar.ply,0.1,800,0.9,0.12654,-0.01176,2623,0.08614,0.00343,0.03989
002623_lcam_front_lidar.ply/002623_lcam_front_lidar.ply,0.1,800,0.9,0.14541,-0.00728,2624,0.08712,0.00237,0.0361
002624_lcam_front_lidar.ply/002624_lcam_front_lidar.ply,0.1,800,0.9,0.15796,-0.01425,2625,0.08587,0.01425,0.04567
002625_lcam_front_lidar.ply/002625_lcam_front_lidar.ply,0.1,800,0.9,0.13891,-0.019,2626,0.07821,0.01403,0.04826
002626_lcam_front_lidar.ply/002626_lcam_front_lidar.ply,0.1,800,0.9,0.1322,-0.00656,2627,0.0789,0.01401,0.04277
002627_lcam_front_lidar.ply/002627_lcam_front_lidar.ply,0.1,800,0.9,0.13642,-0.02371,2628,0.06189,0.001,0.03227
002628_lcam_front_lidar.ply/002628_lcam_front_lidar.ply,0.1,800,0.9,0.18302,-0.01459,2629,0.05861,0.00692,0.03666
002629_lcam_front_lidar.ply/002629_lcam_front_lidar.ply,0.1,800,0.9,0.16105,-0.00425,2630,0.10323,0.00463,0.11372
002630_lcam_front_lidar.ply/002630_lcam_front_lidar.ply,0.1,800,0.9,0.13412,-0.02683,2631,0.05817,0.00598,0.05767
002631_lcam_front_lidar.ply/002631_lcam_front_lidar.ply,0.1,800,0.9,0.17451,-0.01678,2632,0.05988,0.0217,0.07935
002632_lcam_front_lidar.ply/002632_lcam_front_lidar.ply,0.1,800,0.9,0.16272,-0.00504,2633,0.06154,0.03942,0.07808
002633_lcam_front_lidar.ply/002633_lcam_front_lidar.ply,0.1,800,0.9,0.14226,-0.01796,2634,0.06342,0.00172,0.08645
002634_lcam_front_lidar.ply/002634_lcam_front_lidar.ply,0.1,800,0.9,0.14447,-0.03046,2635,0.0,0.0,0.0
002635_lcam_front_lidar.ply/002635_lcam_front_lidar.ply,0.1,800,0.9,0.15288,0.04291,2636,0.11093,0.02788,0.12441
002636_lcam_front_lidar.ply/002636_lcam_front_lidar.ply,0.1,800,0.9,0.12656,-0.06291,2637,0.0,0.0,0.0
002637_lcam_front_lidar.ply/002637_lcam_front_lidar.ply,0.1,800,0.9,0.1353,0.01366,2638,0.06198,0.01019,0.0797
002638_lcam_front_lidar.ply/002638_lcam_front_lidar.ply,0.1,800,0.9,0.14147,-0.01282,2639,0.05757,0.0128,0.07731
002639_lcam_front_lidar.ply/002639_lcam_front_lidar.ply,0.1,800,0.9,0.13349,-0.03084,2640,0.0,0.0,0.0
002640_lcam_front_lidar.ply/002640_lcam_front_lidar.ply,0.1,800,0.9,0.11671,-0.01,2641,0.0,0.0,0.0
002641_lcam_front_lidar.ply/002641_lcam_front_lidar.ply,0.1,800,0.9,0.17361,0.0113,2642,0.0521,0.02748,0.06984
002642_lcam_front_lidar.ply/002642_lcam_front_lidar.ply,0.1,800,0.9,0.14539,-0.01381,2643,0.05405,0.02448,0.08046
002643_lcam_front_lidar.ply/002643_lcam_front_lidar.ply,0.1,800,0.9,0.14291,-0.01104,2644,0.05536,0.02663,0.0858
002644_lcam_front_lidar.ply/002644_lcam_front_lidar.ply,0.1,800,0.9,0.12638,-0.02645,2645,0.0,0.0,0.0
002645_lcam_front_lidar.ply/002645_lcam_front_lidar.ply,0.1,800,0.9,0.13208,0.01668,2646,0.05904,0.00022,0.06479
002646_lcam_front_lidar.ply/002646_lcam_front_lidar.ply,0.1,800,0.9,0.12259,-0.00851,2647,0.05925,0.00457,0.06355
002647_lcam_front_lidar.ply/002647_lcam_front_lidar.ply,0.1,800,0.9,0.14772,-0.01497,2648,0.05604,0.04182,0.07825
002648_lcam_front_lidar.ply/002648_lcam_front_lidar.ply,0.1,800,0.9,0.1682,-0.00282,2649,0.06549,0.03676,0.08127
002649_lcam_front_lidar.ply/002649_lcam_front_lidar.ply,0.1,800,0.9,0.15816,0.14899,2650,0.06658,0.99995,0.05444
002650_lcam_front_lidar.ply/002650_lcam_front_lidar.ply,0.1,800,0.9,0.15534,-0.17638,2651,0.05615,0.03244,0.07608
002651_lcam_front_lidar.ply/002651_lcam_front_lidar.ply,0.1,800,0.9,0.16121,0.12948,2652,0.03612,0.99991,0.04731
002652_lcam_front_lidar.ply/002652_lcam_front_lidar.ply,0.1,800,0.9,0.17403,0.00031,2653,0.04842,0.99991,0.05128
002653_lcam_front_lidar.ply/002653_lcam_front_lidar.ply,0.1,800,0.9,0.12636,-0.1469,2654,0.0705,0.03504,0.07978
002654_lcam_front_lidar.ply/002654_lcam_front_lidar.ply,0.1,800,0.9,0.13617,-0.00667,2655,0.07257,0.037,0.07784
002655_lcam_front_lidar.ply/002655_lcam_front_lidar.ply,0.1,800,0.9,0.1396,-0.00718,2656,0.07554,0.04019,0.0791
002656_lcam_front_lidar.ply/002656_lcam_front_lidar.ply,0.1,800,0.9,0.15186,-0.01123,2657,0.07476,0.04015,0.07998
002657_lcam_front_lidar.ply/002657_lcam_front_lidar.ply,0.1,800,0.9,0.15453,-0.00797,2658,0.07922,0.03926,0.08458
002658_lcam_front_lidar.ply/002658_lcam_front_lidar.ply,0.1,800,0.9,0.1584,-0.00936,2659,0.08039,0.03855,0.08541
002659_lcam_front_lidar.ply/002659_lcam_front_lidar.ply,0.1,800,0.9,0.2337,-0.01136,2660,0.07797,0.04043,0.08385
002660_lcam_front_lidar.ply/002660_lcam_front_lidar.ply,0.1,800,0.9,0.14966,-0.0094,2661,0.07944,0.03631,0.08436
002661_lcam_front_lidar.ply/002661_lcam_front_lidar.ply,0.1,800,0.9,0.14291,-0.01027,2662,0.07274,0.04809,0.07502
002662_lcam_front_lidar.ply/002662_lcam_front_lidar.ply,0.1,800,0.9,0.15318,-0.01424,2663,0.07355,0.03739,0.08193
002663_lcam_front_lidar.ply/002663_lcam_front_lidar.ply,0.1,800,0.9,0.17226,-0.01314,2664,0.07368,0.02708,0.08538
002664_lcam_front_lidar.ply/002664_lcam_front_lidar.ply,0.1,800,0.9,0.16075,-0.00862,2665,0.07828,0.02393,0.09087
002665_lcam_front_lidar.ply/002665_lcam_front_lidar.ply,0.1,800,0.9,0.1321,-0.03324,2666,0.05675,0.025,0.0946
002666_lcam_front_lidar.ply/002666_lcam_front_lidar.ply,0.1,800,0.9,0.154,0.00999,2667,0.07465,0.03428,0.0932
002667_lcam_front_lidar.ply/002667_lcam_front_lidar.ply,0.1,800,0.9,0.17096,0.00715,2668,0.09112,0.012,0.08514
002668_lcam_front_lidar.ply/002668_lcam_front_lidar.ply,0.1,800,0.9,0.13878,-0.00673,2669,0.09378,0.01624,0.08519
002669_lcam_front_lidar.ply/002669_lcam_front_lidar.ply,0.1,800,0.9,0.1247,-0.00661,2670,0.09688,0.01159,0.08323
002670_lcam_front_lidar.ply/002670_lcam_front_lidar.ply,0.1,800,0.9,0.16718,-0.0127,2671,0.09538,0.00529,0.08373
002671_lcam_front_lidar.ply/002671_lcam_front_lidar.ply,0.1,800,0.9,0.11155,-0.00938,2672,0.0959,0.004,0.08315
002672_lcam_front_lidar.ply/002672_lcam_front_lidar.ply,0.1,800,0.9,0.12693,-0.01269,2673,0.09352,0.00317,0.08351
002673_lcam_front_lidar.ply/002673_lcam_front_lidar.ply,0.1,800,0.9,0.14326,-0.00927,2674,0.09537,0.00233,0.08549
002674_lcam_front_lidar.ply/002674_lcam_front_lidar.ply,0.1,800,0.9,0.10227,-0.06297,2675,0.0,0.0,0.0
002675_lcam_front_lidar.ply/002675_lcam_front_lidar.ply,0.1,800,0.9,0.10831,-0.01,2676,0.0,0.0,0.0
002676_lcam_front_lidar.ply/002676_lcam_front_lidar.ply,0.1,800,0.9,0.12898,0.02888,2677,0.07944,0.00041,0.08125
002677_lcam_front_lidar.ply/002677_lcam_front_lidar.ply,0.1,800,0.9,0.10113,-0.01338,2678,0.06803,0.00764,0.06736
002678_lcam_front_lidar.ply/002678_lcam_front_lidar.ply,0.1,800,0.9,0.10767,-0.0455,2679,0.0,0.0,0.0
002679_lcam_front_lidar.ply/002679_lcam_front_lidar.ply,0.1,800,0.9,0.1023,-0.01,2680,0.0,0.0,0.0
002680_lcam_front_lidar.ply/002680_lcam_front_lidar.ply,0.1,800,0.9,0.09706,-0.01,2681,0.0,0.0,0.0
002681_lcam_front_lidar.ply/002681_lcam_front_lidar.ply,0.1,800,0.9,0.13849,0.0683,2682,0.1172,0.01401,0.082
002682_lcam_front_lidar.ply/002682_lcam_front_lidar.ply,0.1,800,0.9,0.1101,-0.00879,2683,0.11866,0.01913,0.08402
002683_lcam_front_lidar.ply/002683_lcam_front_lidar.ply,0.1,800,0.9,0.12916,-0.00695,2684,0.12306,0.01714,0.08612
002684_lcam_front_lidar.ply/002684_lcam_front_lidar.ply,0.1,800,0.9,0.12299,-0.00724,2685,0.12571,0.01013,0.08382
002685_lcam_front_lidar.ply/002685_lcam_front_lidar.ply,0.1,800,0.9,0.10915,-0.00905,2686,0.12691,0.01455,0.08562
002686_lcam_front_lidar.ply/002686_lcam_front_lidar.ply,0.1,800,0.9,0.12802,-0.00511,2687,0.13179,0.01665,0.08624
002687_lcam_front_lidar.ply/002687_lcam_front_lidar.ply,0.1,800,0.9,0.13112,-0.01317,2688,0.13039,0.01197,0.08836
002688_lcam_front_lidar.ply/002688_lcam_front_lidar.ply,0.1,800,0.9,0.14515,-0.00933,2689,0.1303,0.01313,0.08719
002689_lcam_front_lidar.ply/002689_lcam_front_lidar.ply,0.1,800,0.9,0.15278,-0.01215,2690,0.12655,0.01775,0.08538
002690_lcam_front_lidar.ply/002690_lcam_front_lidar.ply,0.1,800,0.9,0.17254,-0.02103,2691,0.11746,0.01519,0.08851
002691_lcam_front_lidar.ply/002691_lcam_front_lidar.ply,0.1,800,0.9,0.14286,-0.00705,2692,0.12058,0.01884,0.08993
002692_lcam_front_lidar.ply/002692_lcam_front_lidar.ply,0.1,800,0.9,0.13843,0.03298,2693,0.15913,0.00871,0.07804
002693_lcam_front_lidar.ply/002693_lcam_front_lidar.ply,0.1,800,0.9,0.16792,-0.01074,2694,0.15856,0.00874,0.07837
002694_lcam_front_lidar.ply/002694_lcam_front_lidar.ply,0.1,800,0.9,0.15465,-0.01247,2695,0.15558,0.01176,0.07825
002695_lcam_front_lidar.ply/002695_lcam_front_lidar.ply,0.1,800,0.9,0.15916,-0.05526,2696,0.11235,0.021,0.08509
002696_lcam_front_lidar.ply/002696_lcam_front_lidar.ply,0.1,800,0.9,0.1659,-0.01047,2697,0.11017,0.02392,0.08255
002697_lcam_front_lidar.ply/002697_lcam_front_lidar.ply,0.1,800,0.9,0.16958,-0.01822,2698,0.10133,0.02573,0.08186
002698_lcam_front_lidar.ply/002698_lcam_front_lidar.ply,0.1,800,0.9,0.15065,-0.00833,2699,0.10173,0.02625,0.07947
002699_lcam_front_lidar.ply/002699_lcam_front_lidar.ply,0.1,800,0.9,0.15659,-0.009,2700,0.10133,0.02663,0.07677
002700_lcam_front_lidar.ply/002700_lcam_front_lidar.ply,0.1,800,0.9,0.16334,-0.01431,2701,0.09679,0.02203,0.07494
002701_lcam_front_lidar.ply/002701_lcam_front_lidar.ply,0.1,800,0.9,0.14369,-0.01342,2702,0.09167,0.01812,0.07037
002702_lcam_front_lidar.ply/002702_lcam_front_lidar.ply,0.1,800,0.9,0.13086,0.0557,2703,0.15562,0.01155,0.06489
002703_lcam_front_lidar.ply/002703_lcam_front_lidar.ply,0.1,800,0.9,0.15268,-0.08171,2704,0.08462,0.02051,0.069
002704_lcam_front_lidar.ply/002704_lcam_front_lidar.ply,0.1,800,0.9,0.17225,-0.00966,2705,0.08603,0.01686,0.07004
002705_lcam_front_lidar.ply/002705_lcam_front_lidar.ply,0.1,800,0.9,0.12761,-0.01008,2706,0.08267,0.02926,0.06719
002706_lcam_front_lidar.ply/002706_lcam_front_lidar.ply,0.1,800,0.9,0.13007,-0.0082,2707,0.08472,0.02809,0.06735
002707_lcam_front_lidar.ply/002707_lcam_front_lidar.ply,0.1,800,0.9,0.15066,-0.00934,2708,0.08665,0.02522,0.06903
002708_lcam_front_lidar.ply/002708_lcam_front_lidar.ply,0.1,800,0.9,0.15672,-0.00837,2709,0.08743,0.02752,0.06801
002709_lcam_front_lidar.ply/002709_lcam_front_lidar.ply,0.1,800,0.9,0.13234,0.06112,2710,0.16015,0.01937,0.06878
002710_lcam_front_lidar.ply/002710_lcam_front_lidar.ply,0.1,800,0.9,0.14922,-0.01332,2711,0.15534,0.01889,0.06566
002711_lcam_front_lidar.ply/002711_lcam_front_lidar.ply,0.1,800,0.9,0.14267,-0.01018,2712,0.15622,0.01678,0.06714
002712_lcam_front_lidar.ply/002712_lcam_front_lidar.ply,0.1,800,0.9,0.16249,-0.01088,2713,0.15515,0.02095,0.06802
002713_lcam_front_lidar.ply/002713_lcam_front_lidar.ply,0.1,800,0.9,0.13034,-0.00796,2714,0.15673,0.01811,0.06624
002714_lcam_front_lidar.ply/002714_lcam_front_lidar.ply,0.1,800,0.9,0.17731,-0.00537,2715,0.16417,0.02113,0.07276
002715_lcam_front_lidar.ply/002715_lcam_front_lidar.ply,0.1,800,0.9,0.15077,-0.01075,2716,0.16353,0.01993,0.07261
002716_lcam_front_lidar.ply/002716_lcam_front_lidar.ply,0.1,800,0.9,0.17184,0.00309,2717,0.17738,0.0201,0.07419
002717_lcam_front_lidar.ply/002717_lcam_front_lidar.ply,0.1,800,0.9,0.15879,-0.00544,2718,0.18104,0.02431,0.07365
002718_lcam_front_lidar.ply/002718_lcam_front_lidar.ply,0.1,800,0.9,0.16012,-0.0106,2719,0.18192,0.02149,0.07576
002719_lcam_front_lidar.ply/002719_lcam_front_lidar.ply,0.1,800,0.9,0.14538,-0.01182,2720,0.18039,0.02156,0.07637
002720_lcam_front_lidar.ply/002720_lcam_front_lidar.ply,0.1,800,0.9,0.15011,-0.03959,2721,0.1505,0.0234,0.07632
002721_lcam_front_lidar.ply/002721_lcam_front_lidar.ply,0.1,800,0.9,0.1687,0.02787,2722,0.18954,0.02186,0.07819
002722_lcam_front_lidar.ply/002722_lcam_front_lidar.ply,0.1,800,0.9,0.154,-0.06551,2723,0.13232,0.02778,0.07656
002723_lcam_front_lidar.ply/002723_lcam_front_lidar.ply,0.1,800,0.9,0.16232,-0.02044,2724,0.12186,0.02259,0.07496
002724_lcam_front_lidar.ply/002724_lcam_front_lidar.ply,0.1,800,0.9,0.18186,-0.01273,2725,0.11836,0.02432,0.07394
002725_lcam_front_lidar.ply/002725_lcam_front_lidar.ply,0.1,800,0.9,0.14779,0.00016,2726,0.12819,0.02068,0.0722
002726_lcam_front_lidar.ply/002726_lcam_front_lidar.ply,0.1,800,0.9,0.13592,-0.03227,2727,0.10428,0.02785,0.07106
002727_lcam_front_lidar.ply/002727_lcam_front_lidar.ply,0.1,800,0.9,0.20337,-0.01985,2728,0.0934,0.02313,0.06759
002728_lcam_front_lidar.ply/002728_lcam_front_lidar.ply,0.1,800,0.9,0.19432,-0.02581,2729,0.0782,0.02226,0.06855
002729_lcam_front_lidar.ply/002729_lcam_front_lidar.ply,0.1,800,0.9,0.16655,-0.00652,2730,0.08187,0.02448,0.06961
002730_lcam_front_lidar.ply/002730_lcam_front_lidar.ply,0.1,800,0.9,0.15409,-0.04012,2731,0.05056,0.01316,0.06383
002731_lcam_front_lidar.ply/002731_lcam_front_lidar.ply,0.1,800,0.9,0.19527,-0.01069,2732,0.05019,0.02311,0.06745
002732_lcam_front_lidar.ply/002732_lcam_front_lidar.ply,0.1,800,0.9,0.1831,-0.02993,2733,0.0,0.0,0.0
002733_lcam_front_lidar.ply/002733_lcam_front_lidar.ply,0.1,800,0.9,0.1231,-0.01,2734,0.0,0.0,0.0
002734_lcam_front_lidar.ply/002734_lcam_front_lidar.ply,0.1,800,0.9,0.17425,-0.01,2735,0.0,0.0,0.0
002735_lcam_front_lidar.ply/002735_lcam_front_lidar.ply,0.1,800,0.9,0.11995,-0.00589,2736,0.03192,0.00743,0.05784
002736_lcam_front_lidar.ply/002736_lcam_front_lidar.ply,0.1,800,0.9,0.15235,-0.01411,2737,0.0,0.0,0.0
002737_lcam_front_lidar.ply/002737_lcam_front_lidar.ply,0.1,800,0.9,0.17694,-0.01,2738,0.0,0.0,0.0
002738_lcam_front_lidar.ply/002738_lcam_front_lidar.ply,0.1,800,0.9,0.13876,-0.01,2739,0.0,0.0,0.0
002739_lcam_front_lidar.ply/002739_lcam_front_lidar.ply,0.1,800,0.9,0.14074,-0.01,2740,0.0,0.0,0.0
002740_lcam_front_lidar.ply/002740_lcam_front_lidar.ply,0.1,800,0.9,0.14661,-0.01,2741,0.0,0.0,0.0
002741_lcam_front_lidar.ply/002741_lcam_front_lidar.ply,0.1,800,0.9,0.21498,-0.01,2742,0.0,0.0,0.0
002742_lcam_front_lidar.ply/002742_lcam_front_lidar.ply,0.1,800,0.9,0.15436,-0.01,2743,0.0,0.0,0.0
002743_lcam_front_lidar.ply/002743_lcam_front_lidar.ply,0.1,800,0.9,0.13522,-0.01,2744,0.0,0.0,0.0
002744_lcam_front_lidar.ply/002744_lcam_front_lidar.ply,0.1,800,0.9,0.18453,-0.01,2745,0.0,0.0,0.0
002745_lcam_front_lidar.ply/002745_lcam_front_lidar.ply,0.1,800,0.9,0.18421,-0.01,2746,0.0,0.0,0.0
002746_lcam_front_lidar.ply/002746_lcam_front_lidar.ply,0.1,800,0.9,0.15507,-0.01,2747,0.0,0.0,0.0
002747_lcam_front_lidar.ply/002747_lcam_front_lidar.ply,0.1,800,0.9,0.12336,-0.01,2748,0.0,0.0,0.0
002748_lcam_front_lidar.ply/002748_lcam_front_lidar.ply,0.1,800,0.9,0.16966,-0.01,2749,0.0,0.0,0.0
002749_lcam_front_lidar.ply/002749_lcam_front_lidar.ply,0.1,800,0.9,0.16314,-0.01,2750,0.0,0.0,0.0
002750_lcam_front_lidar.ply/002750_lcam_front_lidar.ply,0.1,800,0.9,0.1517,-0.01,2751,0.0,0.0,0.0
002751_lcam_front_lidar.ply/002751_lcam_front_lidar.ply,0.1,800,0.9,0.15812,-0.01,2752,0.0,0.0,0.0
002752_lcam_front_lidar.ply/002752_lcam_front_lidar.ply,0.1,800,0.9,0.18377,-0.01,2753,0.0,0.0,0.0
002753_lcam_front_lidar.ply/002753_lcam_front_lidar.ply,0.1,800,0.9,0.15627,-0.01,2754,0.0,0.0,0.0
002754_lcam_front_lidar.ply/002754_lcam_front_lidar.ply,0.1,800,0.9,0.15059,-0.01,2755,0.0,0.0,0.0
002755_lcam_front_lidar.ply/002755_lcam_front_lidar.ply,0.1,800,0.9,0.16264,-0.01,2756,0.0,0.0,0.0
002756_lcam_front_lidar.ply/002756_lcam_front_lidar.ply,0.1,800,0.9,0.16292,-0.01,2757,0.0,0.0,0.0
002757_lcam_front_lidar.ply/002757_lcam_front_lidar.ply,0.1,800,0.9,0.20519,-0.01,2758,0.0,0.0,0.0
002758_lcam_front_lidar.ply/002758_lcam_front_lidar.ply,0.1,800,0.9,0.12698,-0.01,2759,0.0,0.0,0.0
002759_lcam_front_lidar.ply/002759_lcam_front_lidar.ply,0.1,800,0.9,0.23515,-0.01,2760,0.0,0.0,0.0
002760_lcam_front_lidar.ply/002760_lcam_front_lidar.ply,0.1,800,0.9,0.15077,-0.01,2761,0.0,0.0,0.0
002761_lcam_front_lidar.ply/002761_lcam_front_lidar.ply,0.1,800,0.9,0.16235,-0.01,2762,0.0,0.0,0.0
002762_lcam_front_lidar.ply/002762_lcam_front_lidar.ply,0.1,800,0.9,0.18401,-0.01,2763,0.0,0.0,0.0
002763_lcam_front_lidar.ply/002763_lcam_front_lidar.ply,0.1,800,0.9,0.18218,-0.01,2764,0.0,0.0,0.0
002764_lcam_front_lidar.ply/002764_lcam_front_lidar.ply,0.1,800,0.9,0.1934,-0.01,2765,0.0,0.0,0.0
002765_lcam_front_lidar.ply/002765_lcam_front_lidar.ply,0.1,800,0.9,0.18834,-0.01,2766,0.0,0.0,0.0
002766_lcam_front_lidar.ply/002766_lcam_front_lidar.ply,0.1,800,0.9,0.16865,-0.01,2767,0.0,0.0,0.0
002767_lcam_front_lidar.ply/002767_lcam_front_lidar.ply,0.1,800,0.9,0.15211,-0.01,2768,0.0,0.0,0.0
002768_lcam_front_lidar.ply/002768_lcam_front_lidar.ply,0.1,800,0.9,0.17873,-0.01,2769,0.0,0.0,0.0
002769_lcam_front_lidar.ply/002769_lcam_front_lidar.ply,0.1,800,0.9,0.18259,-0.01,2770,0.0,0.0,0.0
002770_lcam_front_lidar.ply/002770_lcam_front_lidar.ply,0.1,800,0.9,0.14426,-0.01,2771,0.0,0.0,0.0
002771_lcam_front_lidar.ply/002771_lcam_front_lidar.ply,0.1,800,0.9,0.16047,-0.01,2772,0.0,0.0,0.0
002772_lcam_front_lidar.ply/002772_lcam_front_lidar.ply,0.1,800,0.9,0.19688,-0.01,2773,0.0,0.0,0.0
002773_lcam_front_lidar.ply/002773_lcam_front_lidar.ply,0.1,800,0.9,0.15221,-0.01,2774,0.0,0.0,0.0
002774_lcam_front_lidar.ply/002774_lcam_front_lidar.ply,0.1,800,0.9,0.12585,-0.01,2775,0.0,0.0,0.0
002775_lcam_front_lidar.ply/002775_lcam_front_lidar.ply,0.1,800,0.9,0.21013,-0.01,2776,0.0,0.0,0.0
002776_lcam_front_lidar.ply/002776_lcam_front_lidar.ply,0.1,800,0.9,0.16643,0.01048,2777,0.05147,0.04105,0.07429
002777_lcam_front_lidar.ply/002777_lcam_front_lidar.ply,0.1,800,0.9,0.18134,-0.03048,2778,0.0,0.0,0.0
002778_lcam_front_lidar.ply/002778_lcam_front_lidar.ply,0.1,800,0.9,0.18077,0.01402,2779,0.05751,0.03634,0.07789
002779_lcam_front_lidar.ply/002779_lcam_front_lidar.ply,0.1,800,0.9,0.25411,0.13813,2780,0.0469,0.99999,0.04951
002780_lcam_front_lidar.ply/002780_lcam_front_lidar.ply,0.1,800,0.9,0.2641,0.0019,2781,0.06114,1.0,0.05418
002781_lcam_front_lidar.ply/002781_lcam_front_lidar.ply,0.1,800,0.9,0.21324,-0.0151,2782,0.05383,1.0,0.04977
002782_lcam_front_lidar.ply/002782_lcam_front_lidar.ply,0.1,800,0.9,0.25289,-0.02357,2783,0.03855,0.99998,0.04633
002783_lcam_front_lidar.ply/002783_lcam_front_lidar.ply,0.1,800,0.9,0.22117,-0.15458,2784,0.05858,0.02771,0.08388
002784_lcam_front_lidar.ply/002784_lcam_front_lidar.ply,0.1,800,0.9,0.27145,-0.00728,2785,0.06444,0.02798,0.09025
002785_lcam_front_lidar.ply/002785_lcam_front_lidar.ply,0.1,800,0.9,0.1648,-0.00634,2786,0.05823,0.02648,0.07006
002786_lcam_front_lidar.ply/002786_lcam_front_lidar.ply,0.1,800,0.9,0.21663,-0.00688,2787,0.0603,0.02392,0.06719
002787_lcam_front_lidar.ply/002787_lcam_front_lidar.ply,0.1,800,0.9,0.1368,-0.0081,2788,0.0614,0.02807,0.06684
002788_lcam_front_lidar.ply/002788_lcam_front_lidar.ply,0.1,800,0.9,0.19728,-0.01511,2789,0.06051,0.03444,0.07718
002789_lcam_front_lidar.ply/002789_lcam_front_lidar.ply,0.1,800,0.9,0.17707,-0.01597,2790,0.06372,0.03152,0.09469
002790_lcam_front_lidar.ply/002790_lcam_front_lidar.ply,0.1,800,0.9,0.1579,-0.03111,2791,0.0,0.0,0.0
002791_lcam_front_lidar.ply/002791_lcam_front_lidar.ply,0.1,800,0.9,0.1333,-0.01,2792,0.0,0.0,0.0
002792_lcam_front_lidar.ply/002792_lcam_front_lidar.ply,0.1,800,0.9,0.20544,-0.01,2793,0.0,0.0,0.0
002793_lcam_front_lidar.ply/002793_lcam_front_lidar.ply,0.1,800,0.9,0.12812,0.01652,2794,0.03074,0.00099,0.00875
002794_lcam_front_lidar.ply/002794_lcam_front_lidar.ply,0.1,800,0.9,0.10464,-0.03652,2795,0.0,0.0,0.0
002795_lcam_front_lidar.ply/002795_lcam_front_lidar.ply,0.1,800,0.9,0.12889,-0.01,2796,0.0,0.0,0.0
002796_lcam_front_lidar.ply/002796_lcam_front_lidar.ply,0.1,800,0.9,0.13627,-0.01,2797,0.0,0.0,0.0
002797_lcam_front_lidar.ply/002797_lcam_front_lidar.ply,0.1,800,0.9,0.13874,-0.01,2798,0.0,0.0,0.0
002798_lcam_front_lidar.ply/002798_lcam_front_lidar.ply,0.1,800,0.9,0.12314,-0.01,2799,0.0,0.0,0.0
002799_lcam_front_lidar.ply/002799_lcam_front_lidar.ply,0.1,800,0.9,0.11286,-0.01,2800,0.0,0.0,0.0
002800_lcam_front_lidar.ply/002800_lcam_front_lidar.ply,0.1,800,0.9,0.10052,-0.01,2801,0.0,0.0,0.0
002801_lcam_front_lidar.ply/002801_lcam_front_lidar.ply,0.1,800,0.9,0.09874,-0.01,2802,0.0,0.0,0.0
002802_lcam_front_lidar.ply/002802_lcam_front_lidar.ply,0.1,800,0.9,0.1264,-0.01,2803,0.0,0.0,0.0
002803_lcam_front_lidar.ply/002803_lcam_front_lidar.ply,0.1,800,0.9,0.13068,-0.01,2804,0.0,0.0,0.0
002804_lcam_front_lidar.ply/002804_lcam_front_lidar.ply,0.1,800,0.9,0.09209,-0.01,2805,0.0,0.0,0.0
002805_lcam_front_lidar.ply/002805_lcam_front_lidar.ply,0.1,800,0.9,0.10591,-0.01,2806,0.0,0.0,0.0
002806_lcam_front_lidar.ply/002806_lcam_front_lidar.ply,0.1,800,0.9,0.1177,-0.01,2807,0.0,0.0,0.0
002807_lcam_front_lidar.ply/002807_lcam_front_lidar.ply,0.1,800,0.9,0.1138,-0.01,2808,0.0,0.0,0.0
002808_lcam_front_lidar.ply/002808_lcam_front_lidar.ply,0.1,800,0.9,0.10607,-0.01,2809,0.0,0.0,0.0
002809_lcam_front_lidar.ply/002809_lcam_front_lidar.ply,0.1,800,0.9,0.08658,-0.01,2810,0.0,0.0,0.0
002810_lcam_front_lidar.ply/002810_lcam_front_lidar.ply,0.1,800,0.9,0.1218,0.03286,2811,0.08493,0.00268,0.08494
002811_lcam_front_lidar.ply/002811_lcam_front_lidar.ply,0.1,800,0.9,0.10272,-0.05286,2812,0.0,0.0,0.0
002812_lcam_front_lidar.ply/002812_lcam_front_lidar.ply,0.1,800,0.9,0.14282,0.05563,2813,0.10767,0.00269,0.08489
002813_lcam_front_lidar.ply/002813_lcam_front_lidar.ply,0.1,800,0.9,0.14691,-0.00706,2814,0.11142,0.00019,0.08576
002814_lcam_front_lidar.ply/002814_lcam_front_lidar.ply,0.1,800,0.9,0.15706,-0.00369,2815,0.11463,0.01411,0.08372
002815_lcam_front_lidar.ply/002815_lcam_front_lidar.ply,0.1,800,0.9,0.20042,-0.00396,2816,0.11911,0.02007,0.08239
002816_lcam_front_lidar.ply/002816_lcam_front_lidar.ply,0.1,800,0.9,0.13016,-0.00239,2817,0.12282,0.03293,0.07845
002817_lcam_front_lidar.ply/002817_lcam_front_lidar.ply,0.1,800,0.9,0.15652,-0.00854,2818,0.12418,0.0261,0.07621
002818_lcam_front_lidar.ply/002818_lcam_front_lidar.ply,0.1,800,0.9,0.108,-0.01203,2819,0.12057,0.02687,0.07326
002819_lcam_front_lidar.ply/002819_lcam_front_lidar.ply,0.1,800,0.9,0.16096,-0.01186,2820,0.1154,0.03153,0.06804
002820_lcam_front_lidar.ply/002820_lcam_front_lidar.ply,0.1,800,0.9,0.10697,-0.09611,2821,0.0,0.0,0.0
002821_lcam_front_lidar.ply/002821_lcam_front_lidar.ply,0.1,800,0.9,0.12014,0.07264,2822,0.10716,0.03623,0.05992
002822_lcam_front_lidar.ply/002822_lcam_front_lidar.ply,0.1,800,0.9,0.12417,-0.09223,2823,0.02064,0.03165,0.04996
002823_lcam_front_lidar.ply/002823_lcam_front_lidar.ply,0.1,800,0.9,0.11986,-0.01041,2824,0.0,0.0,0.0
002824_lcam_front_lidar.ply/002824_lcam_front_lidar.ply,0.1,800,0.9,0.10815,-0.01,2825,0.0,0.0,0.0
002825_lcam_front_lidar.ply/002825_lcam_front_lidar.ply,0.1,800,0.9,0.11114,-0.01,2826,0.0,0.0,0.0
002826_lcam_front_lidar.ply/002826_lcam_front_lidar.ply,0.1,800,0.9,0.13623,-0.01,2827,0.0,0.0,0.0
002827_lcam_front_lidar.ply/002827_lcam_front_lidar.ply,0.1,800,0.9,0.10058,-0.01,2828,0.0,0.0,0.0
002828_lcam_front_lidar.ply/002828_lcam_front_lidar.ply,0.1,800,0.9,0.14037,-0.01,2829,0.0,0.0,0.0
002829_lcam_front_lidar.ply/002829_lcam_front_lidar.ply,0.1,800,0.9,0.12493,-0.01,2830,0.0,0.0,0.0
002830_lcam_front_lidar.ply/002830_lcam_front_lidar.ply,0.1,800,0.9,0.12743,-0.01,2831,0.0,0.0,0.0
002831_lcam_front_lidar.ply/002831_lcam_front_lidar.ply,0.1,800,0.9,0.11303,-0.01,2832,0.0,0.0,0.0
002832_lcam_front_lidar.ply/002832_lcam_front_lidar.ply,0.1,800,0.9,0.11267,-0.01,2833,0.0,0.0,0.0
002833_lcam_front_lidar.ply/002833_lcam_front_lidar.ply,0.1,800,0.9,0.11168,-0.01,2834,0.0,0.0,0.0
002834_lcam_front_lidar.ply/002834_lcam_front_lidar.ply,0.1,800,0.9,0.11139,-0.01,2835,0.0,0.0,0.0
002835_lcam_front_lidar.ply/002835_lcam_front_lidar.ply,0.1,800,0.9,0.10991,-0.01,2836,0.0,0.0,0.0
002836_lcam_front_lidar.ply/002836_lcam_front_lidar.ply,0.1,800,0.9,0.09496,-0.01,2837,0.0,0.0,0.0
002837_lcam_front_lidar.ply/002837_lcam_front_lidar.ply,0.1,800,0.9,0.08845,-0.01,2838,0.0,0.0,0.0
002838_lcam_front_lidar.ply/002838_lcam_front_lidar.ply,0.1,800,0.9,0.10715,-0.01,2839,0.0,0.0,0.0
002839_lcam_front_lidar.ply/002839_lcam_front_lidar.ply,0.1,800,0.9,0.11472,-0.02069,2840,0.01428,0.02122,0.0563
002840_lcam_front_lidar.ply/002840_lcam_front_lidar.ply,0.1,800,0.9,0.08695,0.08315,2841,0.08417,0.00268,0.00423
002841_lcam_front_lidar.ply/002841_lcam_front_lidar.ply,0.1,800,0.9,0.11365,-0.08943,2842,0.02732,0.01291,0.05244
002842_lcam_front_lidar.ply/002842_lcam_front_lidar.ply,0.1,800,0.9,0.09301,0.08821,2843,0.12661,0.03518,0.06127
002843_lcam_front_lidar.ply/002843_lcam_front_lidar.ply,0.1,800,0.9,0.1116,-0.00612,2844,0.13332,0.03117,0.06574
002844_lcam_front_lidar.ply/002844_lcam_front_lidar.ply,0.1,800,0.9,0.09262,-0.00874,2845,0.13675,0.02883,0.06937
002845_lcam_front_lidar.ply/002845_lcam_front_lidar.ply,0.1,800,0.9,0.07639,-0.11638,2846,0.0,0.0,0.0
002846_lcam_front_lidar.ply/002846_lcam_front_lidar.ply,0.1,800,0.9,0.08888,0.0902,2847,0.1328,0.02954,0.07405
002847_lcam_front_lidar.ply/002847_lcam_front_lidar.ply,0.1,800,0.9,0.06553,-0.1102,2848,0.0,0.0,0.0
002848_lcam_front_lidar.ply/002848_lcam_front_lidar.ply,0.1,800,0.9,0.06871,-0.01,2849,0.0,0.0,0.0
002849_lcam_front_lidar.ply/002849_lcam_front_lidar.ply,0.1,800,0.9,0.08377,-0.01,2850,0.0,0.0,0.0
002850_lcam_front_lidar.ply/002850_lcam_front_lidar.ply,0.1,800,0.9,0.07922,-0.01,2851,0.0,0.0,0.0
002851_lcam_front_lidar.ply/002851_lcam_front_lidar.ply,0.1,800,0.9,0.09254,-0.01,2852,0.0,0.0,0.0
002852_lcam_front_lidar.ply/002852_lcam_front_lidar.ply,0.1,800,0.9,0.10851,-0.01,2853,0.0,0.0,0.0
002853_lcam_front_lidar.ply/002853_lcam_front_lidar.ply,0.1,800,0.9,0.08213,-0.01,2854,0.0,0.0,0.0
002854_lcam_front_lidar.ply/002854_lcam_front_lidar.ply,0.1,800,0.9,0.09058,-0.01,2855,0.0,0.0,0.0
002855_lcam_front_lidar.ply/002855_lcam_front_lidar.ply,0.1,800,0.9,0.10523,-0.01,2856,0.0,0.0,0.0
002856_lcam_front_lidar.ply/002856_lcam_front_lidar.ply,0.1,800,0.9,0.10698,-0.01,2857,0.0,0.0,0.0
002857_lcam_front_lidar.ply/002857_lcam_front_lidar.ply,0.1,800,0.9,0.15791,0.05365,2858,0.076,0.00971,0.02762
002858_lcam_front_lidar.ply/002858_lcam_front_lidar.ply,0.1,800,0.9,0.11135,-0.07365,2859,0.0,0.0,0.0
002859_lcam_front_lidar.ply/002859_lcam_front_lidar.ply,0.1,800,0.9,0.12652,-0.01,2860,0.0,0.0,0.0
002860_lcam_front_lidar.ply/002860_lcam_front_lidar.ply,0.1,800,0.9,0.1062,-0.01,2861,0.0,0.0,0.0
002861_lcam_front_lidar.ply/002861_lcam_front_lidar.ply,0.1,800,0.9,0.10873,-0.01,2862,0.0,0.0,0.0
002862_lcam_front_lidar.ply/002862_lcam_front_lidar.ply,0.1,800,0.9,0.11953,-0.01,2863,0.0,0.0,0.0
002863_lcam_front_lidar.ply/002863_lcam_front_lidar.ply,0.1,800,0.9,0.10627,-0.01,2864,0.0,0.0,0.0
002864_lcam_front_lidar.ply/002864_lcam_front_lidar.ply,0.1,800,0.9,0.11074,-0.01,2865,0.0,0.0,0.0
002865_lcam_front_lidar.ply/002865_lcam_front_lidar.ply,0.1,800,0.9,0.11549,0.07483,2866,0.1186,0.0246,0.07492
002866_lcam_front_lidar.ply/002866_lcam_front_lidar.ply,0.1,800,0.9,0.11547,-0.09483,2867,0.0,0.0,0.0
002867_lcam_front_lidar.ply/002867_lcam_front_lidar.ply,0.1,800,0.9,0.10849,0.08197,2868,0.13003,0.01889,0.08179
002868_lcam_front_lidar.ply/002868_lcam_front_lidar.ply,0.1,800,0.9,0.10016,-0.00341,2869,0.13644,0.02129,0.08216
002869_lcam_front_lidar.ply/002869_lcam_front_lidar.ply,0.1,800,0.9,0.10174,-0.00964,2870,0.13714,0.02201,0.08305
002870_lcam_front_lidar.ply/002870_lcam_front_lidar.ply,0.1,800,0.9,0.13413,-0.0049,2871,0.14311,0.0196,0.08406
002871_lcam_front_lidar.ply/002871_lcam_front_lidar.ply,0.1,800,0.9,0.10876,-0.00431,2872,0.14967,0.0183,0.08541
002872_lcam_front_lidar.ply/002872_lcam_front_lidar.ply,0.1,800,0.9,0.12618,-0.00818,2873,0.15134,0.01891,0.08529
002873_lcam_front_lidar.ply/002873_lcam_front_lidar.ply,0.1,800,0.9,0.09834,-0.01327,2874,0.14881,0.02116,0.08746
002874_lcam_front_lidar.ply/002874_lcam_front_lidar.ply,0.1,800,0.9,0.11847,-0.00137,2875,0.1568,0.01897,0.08551
002875_lcam_front_lidar.ply/002875_lcam_front_lidar.ply,0.1,800,0.9,0.0954,-0.12689,2876,0.0,0.0,0.0
002876_lcam_front_lidar.ply/002876_lcam_front_lidar.ply,0.1,800,0.9,0.12421,0.10635,2877,0.15604,0.01821,0.08484
002877_lcam_front_lidar.ply/002877_lcam_front_lidar.ply,0.1,800,0.9,0.09918,-0.12635,2878,0.0,0.0,0.0
002878_lcam_front_lidar.ply/002878_lcam_front_lidar.ply,0.1,800,0.9,0.11922,-0.01,2879,0.0,0.0,0.0
002879_lcam_front_lidar.ply/002879_lcam_front_lidar.ply,0.1,800,0.9,0.11473,-0.01,2880,0.0,0.0,0.0
002880_lcam_front_lidar.ply/002880_lcam_front_lidar.ply,0.1,800,0.9,0.14163,-0.01,2881,0.0,0.0,0.0
002881_lcam_front_lidar.ply/002881_lcam_front_lidar.ply,0.1,800,0.9,0.12695,-0.01,2882,0.0,0.0,0.0
002882_lcam_front_lidar.ply/002882_lcam_front_lidar.ply,0.1,800,0.9,0.12218,-0.01,2883,0.0,0.0,0.0
002883_lcam_front_lidar.ply/002883_lcam_front_lidar.ply,0.1,800,0.9,0.13642,-0.01,2884,0.0,0.0,0.0
002884_lcam_front_lidar.ply/002884_lcam_front_lidar.ply,0.1,800,0.9,0.11323,-0.01,2885,0.0,0.0,0.0
002885_lcam_front_lidar.ply/002885_lcam_front_lidar.ply,0.1,800,0.9,0.11984,-0.01,2886,0.0,0.0,0.0
002886_lcam_front_lidar.ply/002886_lcam_front_lidar.ply,0.1,800,0.9,0.10697,-0.01,2887,0.0,0.0,0.0
002887_lcam_front_lidar.ply/002887_lcam_front_lidar.ply,0.1,800,0.9,0.1393,-0.01,2888,0.0,0.0,0.0
002888_lcam_front_lidar.ply/002888_lcam_front_lidar.ply,0.1,800,0.9,0.1249,-0.01,2889,0.0,0.0,0.0
002889_lcam_front_lidar.ply/002889_lcam_front_lidar.ply,0.1,800,0.9,0.11403,-0.01,2890,0.0,0.0,0.0
002890_lcam_front_lidar.ply/002890_lcam_front_lidar.ply,0.1,800,0.9,0.11084,-0.01,2891,0.0,0.0,0.0
002891_lcam_front_lidar.ply/002891_lcam_front_lidar.ply,0.1,800,0.9,0.11041,-0.01,2892,0.0,0.0,0.0
002892_lcam_front_lidar.ply/002892_lcam_front_lidar.ply,0.1,800,0.9,0.11309,-0.01,2893,0.0,0.0,0.0
002893_lcam_front_lidar.ply/002893_lcam_front_lidar.ply,0.1,800,0.9,0.11103,-0.01,2894,0.0,0.0,0.0
002894_lcam_front_lidar.ply/002894_lcam_front_lidar.ply,0.1,800,0.9,0.13464,-0.01,2895,0.0,0.0,0.0
002895_lcam_front_lidar.ply/002895_lcam_front_lidar.ply,0.1,800,0.9,0.13138,-0.01,2896,0.0,0.0,0.0
002896_lcam_front_lidar.ply/002896_lcam_front_lidar.ply,0.1,800,0.9,0.14204,-0.01,2897,0.0,0.0,0.0
002897_lcam_front_lidar.ply/002897_lcam_front_lidar.ply,0.1,800,0.9,0.1179,-0.01,2898,0.0,0.0,0.0
002898_lcam_front_lidar.ply/002898_lcam_front_lidar.ply,0.1,800,0.9,0.12101,-0.01,2899,0.0,0.0,0.0
002899_lcam_front_lidar.ply/002899_lcam_front_lidar.ply,0.1,800,0.9,0.11574,-0.01,2900,0.0,0.0,0.0
002900_lcam_front_lidar.ply/002900_lcam_front_lidar.ply,0.1,800,0.9,0.13674,0.03701,2901,0.07172,0.0176,0.05472
002901_lcam_front_lidar.ply/002901_lcam_front_lidar.ply,0.1,800,0.9,0.10883,-0.05701,2902,0.0,0.0,0.0
002902_lcam_front_lidar.ply/002902_lcam_front_lidar.ply,0.1,800,0.9,0.11582,-0.01,2903,0.0,0.0,0.0
002903_lcam_front_lidar.ply/002903_lcam_front_lidar.ply,0.1,800,0.9,0.10528,-0.01,2904,0.0,0.0,0.0
002904_lcam_front_lidar.ply/002904_lcam_front_lidar.ply,0.1,800,0.9,0.10933,-0.01,2905,0.0,0.0,0.0
002905_lcam_front_lidar.ply/002905_lcam_front_lidar.ply,0.1,800,0.9,0.1736,0.02806,2906,0.0537,0.00466,0.03268
002906_lcam_front_lidar.ply/002906_lcam_front_lidar.ply,0.1,800,0.9,0.16723,-0.00494,2907,0.07146,0.00651,0.05862
002907_lcam_front_lidar.ply/002907_lcam_front_lidar.ply,0.1,800,0.9,0.12887,-0.05313,2908,0.0,0.0,0.0
002908_lcam_front_lidar.ply/002908_lcam_front_lidar.ply,0.1,800,0.9,0.12849,-0.01,2909,0.0,0.0,0.0
002909_lcam_front_lidar.ply/002909_lcam_front_lidar.ply,0.1,800,0.9,0.1434,-0.01,2910,0.0,0.0,0.0
002910_lcam_front_lidar.ply/002910_lcam_front_lidar.ply,0.1,800,0.9,0.17026,-0.01,2911,0.0,0.0,0.0
002911_lcam_front_lidar.ply/002911_lcam_front_lidar.ply,0.1,800,0.9,0.14243,-0.01,2912,0.0,0.0,0.0
002912_lcam_front_lidar.ply/002912_lcam_front_lidar.ply,0.1,800,0.9,0.1443,-0.01,2913,0.0,0.0,0.0
002913_lcam_front_lidar.ply/002913_lcam_front_lidar.ply,0.1,800,0.9,0.13713,-0.01,2914,0.0,0.0,0.0
002914_lcam_front_lidar.ply/002914_lcam_front_lidar.ply,0.1,800,0.9,0.14094,-0.01,2915,0.0,0.0,0.0
002915_lcam_front_lidar.ply/002915_lcam_front_lidar.ply,0.1,800,0.9,0.16242,-0.01,2916,0.0,0.0,0.0
002916_lcam_front_lidar.ply/002916_lcam_front_lidar.ply,0.1,800,0.9,0.15974,-0.01,2917,0.0,0.0,0.0
002917_lcam_front_lidar.ply/002917_lcam_front_lidar.ply,0.1,800,0.9,0.17422,-0.01,2918,0.0,0.0,0.0
002918_lcam_front_lidar.ply/002918_lcam_front_lidar.ply,0.1,800,0.9,0.1833,-0.01,2919,0.0,0.0,0.0
002919_lcam_front_lidar.ply/002919_lcam_front_lidar.ply,0.1,800,0.9,0.19395,-0.01,2920,0.0,0.0,0.0
002920_lcam_front_lidar.ply/002920_lcam_front_lidar.ply,0.1,800,0.9,0.17375,-0.01,2921,0.0,0.0,0.0
002921_lcam_front_lidar.ply/002921_lcam_front_lidar.ply,0.1,800,0.9,0.17732,-0.01,2922,0.0,0.0,0.0
002922_lcam_front_lidar.ply/002922_lcam_front_lidar.ply,0.1,800,0.9,0.20617,-0.01,2923,0.0,0.0,0.0
002923_lcam_front_lidar.ply/002923_lcam_front_lidar.ply,0.1,800,0.9,0.24536,-0.01,2924,0.0,0.0,0.0
002924_lcam_front_lidar.ply/002924_lcam_front_lidar.ply,0.1,800,0.9,0.1663,-0.01,2925,0.0,0.0,0.0
002925_lcam_front_lidar.ply/002925_lcam_front_lidar.ply,0.1,800,0.9,0.19506,-0.01,2926,0.0,0.0,0.0
002926_lcam_front_lidar.ply/002926_lcam_front_lidar.ply,0.1,800,0.9,0.30066,-0.01,2927,0.0,0.0,0.0
002927_lcam_front_lidar.ply/002927_lcam_front_lidar.ply,0.1,800,0.9,0.24175,-0.01,2928,0.0,0.0,0.0
002928_lcam_front_lidar.ply/002928_lcam_front_lidar.ply,0.1,800,0.9,0.1794,-0.01,2929,0.0,0.0,0.0
002929_lcam_front_lidar.ply/002929_lcam_front_lidar.ply,0.1,800,0.9,0.24493,-0.01,2930,0.0,0.0,0.0
002930_lcam_front_lidar.ply/002930_lcam_front_lidar.ply,0.1,800,0.9,0.21287,-0.01,2931,0.0,0.0,0.0
002931_lcam_front_lidar.ply/002931_lcam_front_lidar.ply,0.1,800,0.9,0.18337,-0.01,2932,0.0,0.0,0.0
002932_lcam_front_lidar.ply/002932_lcam_front_lidar.ply,0.1,800,0.9,0.17657,-0.01,2933,0.0,0.0,0.0
002933_lcam_front_lidar.ply/002933_lcam_front_lidar.ply,0.1,800,0.9,0.21098,-0.01,2934,0.0,0.0,0.0
002934_lcam_front_lidar.ply/002934_lcam_front_lidar.ply,0.1,800,0.9,0.21951,-0.01,2935,0.0,0.0,0.0
002935_lcam_front_lidar.ply/002935_lcam_front_lidar.ply,0.1,800,0.9,0.24124,-0.01,2936,0.0,0.0,0.0
002936_lcam_front_lidar.ply/002936_lcam_front_lidar.ply,0.1,800,0.9,0.22533,-0.01,2937,0.0,0.0,0.0
002937_lcam_front_lidar.ply/002937_lcam_front_lidar.ply,0.1,800,0.9,0.25728,-0.01,2938,0.0,0.0,0.0
002938_lcam_front_lidar.ply/002938_lcam_front_lidar.ply,0.1,800,0.9,0.19746,-0.01,2939,0.0,0.0,0.0
002939_lcam_front_lidar.ply/002939_lcam_front_lidar.ply,0.1,800,0.9,0.18808,-0.01,2940,0.0,0.0,0.0
002940_lcam_front_lidar.ply/002940_lcam_front_lidar.ply,0.1,800,0.9,0.22459,-0.01,2941,0.0,0.0,0.0
002941_lcam_front_lidar.ply/002941_lcam_front_lidar.ply,0.1,800,0.9,0.19328,-0.01,2942,0.0,0.0,0.0
002942_lcam_front_lidar.ply/002942_lcam_front_lidar.ply,0.1,800,0.9,0.18433,-0.01,2943,0.0,0.0,0.0
002943_lcam_front_lidar.ply/002943_lcam_front_lidar.ply,0.1,800,0.9,0.25164,-0.01,2944,0.0,0.0,0.0
002944_lcam_front_lidar.ply/002944_lcam_front_lidar.ply,0.1,800,0.9,0.28933,-0.01,2945,0.0,0.0,0.0
002945_lcam_front_lidar.ply/002945_lcam_front_lidar.ply,0.1,800,0.9,0.32649,-0.01,2946,0.0,0.0,0.0
002946_lcam_front_lidar.ply/002946_lcam_front_lidar.ply,0.1,800,0.9,0.20626,-0.01,2947,0.0,0.0,0.0
002947_lcam_front_lidar.ply/002947_lcam_front_lidar.ply,0.1,800,0.9,0.17352,-0.01,2948,0.0,0.0,0.0
002948_lcam_front_lidar.ply/002948_lcam_front_lidar.ply,0.1,800,0.9,0.23622,-0.01,2949,0.0,0.0,0.0
002949_lcam_front_lidar.ply/002949_lcam_front_lidar.ply,0.1,800,0.9,0.19599,-0.01,2950,0.0,0.0,0.0
002950_lcam_front_lidar.ply/002950_lcam_front_lidar.ply,0.1,800,0.9,0.20284,-0.01,2951,0.0,0.0,0.0
002951_lcam_front_lidar.ply/002951_lcam_front_lidar.ply,0.1,800,0.9,0.15153,-0.01,2952,0.0,0.0,0.0
002952_lcam_front_lidar.ply/002952_lcam_front_lidar.ply,0.1,800,0.9,0.22783,-0.01,2953,0.0,0.0,0.0
002953_lcam_front_lidar.ply/002953_lcam_front_lidar.ply,0.1,800,0.9,0.17247,-0.01,2954,0.0,0.0,0.0
002954_lcam_front_lidar.ply/002954_lcam_front_lidar.ply,0.1,800,0.9,0.1595,-0.01,2955,0.0,0.0,0.0
002955_lcam_front_lidar.ply/002955_lcam_front_lidar.ply,0.1,800,0.9,0.19404,-0.01,2956,0.0,0.0,0.0
002956_lcam_front_lidar.ply/002956_lcam_front_lidar.ply,0.1,800,0.9,0.17325,-0.01,2957,0.0,0.0,0.0
002957_lcam_front_lidar.ply/002957_lcam_front_lidar.ply,0.1,800,0.9,0.16267,-0.01,2958,0.0,0.0,0.0
002958_lcam_front_lidar.ply/002958_lcam_front_lidar.ply,0.1,800,0.9,0.19335,0.14532,2959,0.18446,0.0004,0.05838
002959_lcam_front_lidar.ply/002959_lcam_front_lidar.ply,0.1,800,0.9,0.1584,-0.03537,2960,0.15316,0.00368,0.04751
002960_lcam_front_lidar.ply/002960_lcam_front_lidar.ply,0.1,800,0.9,0.16946,-0.01241,2961,0.15198,0.00191,0.04946
002961_lcam_front_lidar.ply/002961_lcam_front_lidar.ply,0.1,800,0.9,0.13195,-0.00936,2962,0.15019,0.00684,0.04606
002962_lcam_front_lidar.ply/002962_lcam_front_lidar.ply,0.1,800,0.9,0.15403,-0.00811,2963,0.15084,0.00804,0.04395
002963_lcam_front_lidar.ply/002963_lcam_front_lidar.ply,0.1,800,0.9,0.11851,-0.0059,2964,0.1534,0.00639,0.04038
002964_lcam_front_lidar.ply/002964_lcam_front_lidar.ply,0.1,800,0.9,0.10704,-0.00539,2965,0.15367,0.01649,0.03472
002965_lcam_front_lidar.ply/002965_lcam_front_lidar.ply,0.1,800,0.9,0.10659,-0.14878,2966,0.0,0.0,0.0
002966_lcam_front_lidar.ply/002966_lcam_front_lidar.ply,0.1,800,0.9,0.09442,0.08237,2967,0.09608,0.02823,0.01588
002967_lcam_front_lidar.ply/002967_lcam_front_lidar.ply,0.1,800,0.9,0.11308,0.00822,2968,0.11847,0.00376,0.01689
002968_lcam_front_lidar.ply/002968_lcam_front_lidar.ply,0.1,800,0.9,0.12389,-0.01634,2969,0.11209,0.00348,0.01671
002969_lcam_front_lidar.ply/002969_lcam_front_lidar.ply,0.1,800,0.9,0.13883,-0.01963,2970,0.10051,0.00605,0.01359
002970_lcam_front_lidar.ply/002970_lcam_front_lidar.ply,0.1,800,0.9,0.12291,-0.10462,2971,0.0,0.0,0.0
002971_lcam_front_lidar.ply/002971_lcam_front_lidar.ply,0.1,800,0.9,0.15278,-0.01,2972,0.0,0.0,0.0
002972_lcam_front_lidar.ply/002972_lcam_front_lidar.ply,0.1,800,0.9,0.13395,-0.01,2973,0.0,0.0,0.0
002973_lcam_front_lidar.ply/002973_lcam_front_lidar.ply,0.1,800,0.9,0.16876,-0.01,2974,0.0,0.0,0.0
002974_lcam_front_lidar.ply/002974_lcam_front_lidar.ply,0.1,800,0.9,0.14061,-0.01,2975,0.0,0.0,0.0
002975_lcam_front_lidar.ply/002975_lcam_front_lidar.ply,0.1,800,0.9,0.13353,-0.01,2976,0.0,0.0,0.0
002976_lcam_front_lidar.ply/002976_lcam_front_lidar.ply,0.1,800,0.9,0.1579,-0.01,2977,0.0,0.0,0.0
002977_lcam_front_lidar.ply/002977_lcam_front_lidar.ply,0.1,800,0.9,0.11184,-0.01,2978,0.0,0.0,0.0
002978_lcam_front_lidar.ply/002978_lcam_front_lidar.ply,0.1,800,0.9,0.20199,0.10328,2979,0.15222,0.01338,0.08188
002979_lcam_front_lidar.ply/002979_lcam_front_lidar.ply,0.1,800,0.9,0.15478,-0.00561,2980,0.1594,0.0074,0.08568
002980_lcam_front_lidar.ply/002980_lcam_front_lidar.ply,0.1,800,0.9,0.12595,0.07118,2981,0.05452,0.99999,0.01134
002981_lcam_front_lidar.ply/002981_lcam_front_lidar.ply,0.1,800,0.9,0.14938,-0.08335,2982,0.17129,0.00558,0.09326
002982_lcam_front_lidar.ply/002982_lcam_front_lidar.ply,0.1,800,0.9,0.14489,0.0625,2983,0.05395,0.99999,0.01189
002983_lcam_front_lidar.ply/002983_lcam_front_lidar.ply,0.1,800,0.9,0.15152,-0.208,2984,0.0,0.0,0.0
002984_lcam_front_lidar.ply/002984_lcam_front_lidar.ply,0.1,800,0.9,0.14688,0.11935,2985,0.17687,0.00098,0.09533
002985_lcam_front_lidar.ply/002985_lcam_front_lidar.ply,0.1,800,0.9,0.13618,-0.01411,2986,0.17243,0.00465,0.09578
002986_lcam_front_lidar.ply/002986_lcam_front_lidar.ply,0.1,800,0.9,0.11787,-0.13524,2987,0.0,0.0,0.0
002987_lcam_front_lidar.ply/002987_lcam_front_lidar.ply,0.1,800,0.9,0.10914,0.11469,2988,0.169,0.00854,0.09117
002988_lcam_front_lidar.ply/002988_lcam_front_lidar.ply,0.1,800,0.9,0.16876,-0.13469,2989,0.0,0.0,0.0
002989_lcam_front_lidar.ply/002989_lcam_front_lidar.ply,0.1,800,0.9,0.18545,0.10548,2990,0.16338,0.00502,0.09731
002990_lcam_front_lidar.ply/002990_lcam_front_lidar.ply,0.1,800,0.9,0.18174,-0.12548,2991,0.0,0.0,0.0
002991_lcam_front_lidar.ply/002991_lcam_front_lidar.ply,0.1,800,0.9,0.12715,0.09185,2992,0.14946,0.00448,0.09656
002992_lcam_front_lidar.ply/002992_lcam_front_lidar.ply,0.1,800,0.9,0.17216,-0.01334,2993,0.14604,0.0051,0.0966
002993_lcam_front_lidar.ply/002993_lcam_front_lidar.ply,0.1,800,0.9,0.13161,-0.10851,2994,0.0,0.0,0.0
002994_lcam_front_lidar.ply/002994_lcam_front_lidar.ply,0.1,800,0.9,0.19142,0.17091,2995,0.03918,0.99999,0.01654
002995_lcam_front_lidar.ply/002995_lcam_front_lidar.ply,0.1,800,0.9,0.20149,-0.19091,2996,0.0,0.0,0.0
002996_lcam_front_lidar.ply/002996_lcam_front_lidar.ply,0.1,800,0.9,0.20322,-0.01,2997,0.0,0.0,0.0
002997_lcam_front_lidar.ply/002997_lcam_front_lidar.ply,0.1,800,0.9,0.15645,-0.01,2998,0.0,0.0,0.0
002998_lcam_front_lidar.ply/002998_lcam_front_lidar.ply,0.1,800,0.9,0.2804,-0.01,2999,0.0,0.0,0.0
002999_lcam_front_lidar.ply/002999_lcam_front_lidar.ply,0.1,800,0.9,0.30142,-0.01,3000,0.0,0.0,0.0
003000_lcam_front_lidar.ply/003000_lcam_front_lidar.ply,0.1,800,0.9,0.27694,-0.01,3001,0.0,0.0,0.0
003001_lcam_front_lidar.ply/003001_lcam_front_lidar.ply,0.1,800,0.9,0.22729,-0.01,3002,0.0,0.0,0.0
003002_lcam_front_lidar.ply/003002_lcam_front_lidar.ply,0.1,800,0.9,0.27026,-0.01,3003,0.0,0.0,0.0
003003_lcam_front_lidar.ply/003003_lcam_front_lidar.ply,0.1,800,0.9,0.24519,-0.01,3004,0.0,0.0,0.0
003004_lcam_front_lidar.ply/003004_lcam_front_lidar.ply,0.1,800,0.9,0.2759,-0.01,3005,0.0,0.0,0.0
003005_lcam_front_lidar.ply/003005_lcam_front_lidar.ply,0.1,800,0.9,0.24549,-0.01,3006,0.0,0.0,0.0
003006_lcam_front_lidar.ply/003006_lcam_front_lidar.ply,0.1,800,0.9,0.25984,-0.01,3007,0.0,0.0,0.0
003007_lcam_front_lidar.ply/003007_lcam_front_lidar.ply,0.1,800,0.9,0.24632,-0.01,3008,0.0,0.0,0.0
003008_lcam_front_lidar.ply/003008_lcam_front_lidar.ply,0.1,800,0.9,0.25211,-0.01,3009,0.0,0.0,0.0
003009_lcam_front_lidar.ply/003009_lcam_front_lidar.ply,0.1,800,0.9,0.26615,-0.01,3010,0.0,0.0,0.0
003010_lcam_front_lidar.ply/003010_lcam_front_lidar.ply,0.1,800,0.9,0.29312,-0.01,3011,0.0,0.0,0.0
003011_lcam_front_lidar.ply/003011_lcam_front_lidar.ply,0.1,800,0.9,0.21127,-0.01,3012,0.0,0.0,0.0
003012_lcam_front_lidar.ply/003012_lcam_front_lidar.ply,0.1,800,0.9,0.20553,-0.01,3013,0.0,0.0,0.0
003013_lcam_front_lidar.ply/003013_lcam_front_lidar.ply,0.1,800,0.9,0.20492,-0.01,3014,0.0,0.0,0.0
003014_lcam_front_lidar.ply/003014_lcam_front_lidar.ply,0.1,800,0.9,0.21226,-0.01,3015,0.0,0.0,0.0
003015_lcam_front_lidar.ply/003015_lcam_front_lidar.ply,0.1,800,0.9,0.24621,-0.01,3016,0.0,0.0,0.0
003016_lcam_front_lidar.ply/003016_lcam_front_lidar.ply,0.1,800,0.9,0.34701,-0.01,3017,0.0,0.0,0.0
003017_lcam_front_lidar.ply/003017_lcam_front_lidar.ply,0.1,800,0.9,0.25834,-0.01,3018,0.0,0.0,0.0
003018_lcam_front_lidar.ply/003018_lcam_front_lidar.ply,0.1,800,0.9,0.2533,-0.01,3019,0.0,0.0,0.0
003019_lcam_front_lidar.ply/003019_lcam_front_lidar.ply,0.1,800,0.9,0.23476,-0.01,3020,0.0,0.0,0.0
003020_lcam_front_lidar.ply/003020_lcam_front_lidar.ply,0.1,800,0.9,0.25039,-0.01,3021,0.0,0.0,0.0
003021_lcam_front_lidar.ply/003021_lcam_front_lidar.ply,0.1,800,0.9,0.2445,-0.01,3022,0.0,0.0,0.0
003022_lcam_front_lidar.ply/003022_lcam_front_lidar.ply,0.1,800,0.9,0.25525,-0.01,3023,0.0,0.0,0.0
003023_lcam_front_lidar.ply/003023_lcam_front_lidar.ply,0.1,800,0.9,0.23155,-0.01,3024,0.0,0.0,0.0
003024_lcam_front_lidar.ply/003024_lcam_front_lidar.ply,0.1,800,0.9,0.29138,-0.01,3025,0.0,0.0,0.0
003025_lcam_front_lidar.ply/003025_lcam_front_lidar.ply,0.1,800,0.9,0.24222,-0.01,3026,0.0,0.0,0.0
003026_lcam_front_lidar.ply/003026_lcam_front_lidar.ply,0.1,800,0.9,0.24198,-0.01,3027,0.0,0.0,0.0
003027_lcam_front_lidar.ply/003027_lcam_front_lidar.ply,0.1,800,0.9,0.22482,-0.01,3028,0.0,0.0,0.0
003028_lcam_front_lidar.ply/003028_lcam_front_lidar.ply,0.1,800,0.9,0.17179,-0.01,3029,0.0,0.0,0.0
003029_lcam_front_lidar.ply/003029_lcam_front_lidar.ply,0.1,800,0.9,0.17797,-0.01,3030,0.0,0.0,0.0
003030_lcam_front_lidar.ply/003030_lcam_front_lidar.ply,0.1,800,0.9,0.17917,-0.01,3031,0.0,0.0,0.0
003031_lcam_front_lidar.ply/003031_lcam_front_lidar.ply,0.1,800,0.9,0.20252,-0.01,3032,0.0,0.0,0.0
003032_lcam_front_lidar.ply/003032_lcam_front_lidar.ply,0.1,800,0.9,0.18332,-0.01,3033,0.0,0.0,0.0
003033_lcam_front_lidar.ply/003033_lcam_front_lidar.ply,0.1,800,0.9,0.16509,-0.01,3034,0.0,0.0,0.0
003034_lcam_front_lidar.ply/003034_lcam_front_lidar.ply,0.1,800,0.9,0.1905,-0.01,3035,0.0,0.0,0.0
003035_lcam_front_lidar.ply/003035_lcam_front_lidar.ply,0.1,800,0.9,0.19045,0.01272,3036,0.05016,0.02223,0.06154
003036_lcam_front_lidar.ply/003036_lcam_front_lidar.ply,0.1,800,0.9,0.1706,0.14946,3037,0.03962,1.0,0.01488
003037_lcam_front_lidar.ply/003037_lcam_front_lidar.ply,0.1,800,0.9,0.1965,-0.19218,3038,0.0,0.0,0.0
003038_lcam_front_lidar.ply/003038_lcam_front_lidar.ply,0.1,800,0.9,0.16737,-0.01,3039,0.0,0.0,0.0
003039_lcam_front_lidar.ply/003039_lcam_front_lidar.ply,0.1,800,0.9,0.19296,-0.01,3040,0.0,0.0,0.0
003040_lcam_front_lidar.ply/003040_lcam_front_lidar.ply,0.1,800,0.9,0.17137,-0.01,3041,0.0,0.0,0.0
003041_lcam_front_lidar.ply/003041_lcam_front_lidar.ply,0.1,800,0.9,0.15046,-0.01,3042,0.0,0.0,0.0
003042_lcam_front_lidar.ply/003042_lcam_front_lidar.ply,0.1,800,0.9,0.19128,-0.01,3043,0.0,0.0,0.0
003043_lcam_front_lidar.ply/003043_lcam_front_lidar.ply,0.1,800,0.9,0.14051,-0.01,3044,0.0,0.0,0.0
003044_lcam_front_lidar.ply/003044_lcam_front_lidar.ply,0.1,800,0.9,0.13678,-0.01,3045,0.0,0.0,0.0
003045_lcam_front_lidar.ply/003045_lcam_front_lidar.ply,0.1,800,0.9,0.16601,-0.01,3046,0.0,0.0,0.0
003046_lcam_front_lidar.ply/003046_lcam_front_lidar.ply,0.1,800,0.9,0.14215,-0.01,3047,0.0,0.0,0.0
003047_lcam_front_lidar.ply/003047_lcam_front_lidar.ply,0.1,800,0.9,0.14977,-0.01,3048,0.0,0.0,0.0
003048_lcam_front_lidar.ply/003048_lcam_front_lidar.ply,0.1,800,0.9,0.17687,-0.01,3049,0.0,0.0,0.0
003049_lcam_front_lidar.ply/003049_lcam_front_lidar.ply,0.1,800,0.9,0.14469,-0.01,3050,0.0,0.0,0.0
003050_lcam_front_lidar.ply/003050_lcam_front_lidar.ply,0.1,800,0.9,0.13016,-0.01,3051,0.0,0.0,0.0
003051_lcam_front_lidar.ply/003051_lcam_front_lidar.ply,0.1,800,0.9,0.16621,-0.01,3052,0.0,0.0,0.0
003052_lcam_front_lidar.ply/003052_lcam_front_lidar.ply,0.1,800,0.9,0.15657,-0.01,3053,0.0,0.0,0.0
003053_lcam_front_lidar.ply/003053_lcam_front_lidar.ply,0.1,800,0.9,0.1414,-0.01,3054,0.0,0.0,0.0
003054_lcam_front_lidar.ply/003054_lcam_front_lidar.ply,0.1,800,0.9,0.17538,-0.01,3055,0.0,0.0,0.0
003055_lcam_front_lidar.ply/003055_lcam_front_lidar.ply,0.1,800,0.9,0.13982,-0.01,3056,0.0,0.0,0.0
003056_lcam_front_lidar.ply/003056_lcam_front_lidar.ply,0.1,800,0.9,0.14664,-0.01,3057,0.0,0.0,0.0
003057_lcam_front_lidar.ply/003057_lcam_front_lidar.ply,0.1,800,0.9,0.15826,-0.01,3058,0.0,0.0,0.0
003058_lcam_front_lidar.ply/003058_lcam_front_lidar.ply,0.1,800,0.9,0.14058,-0.01,3059,0.0,0.0,0.0
003059_lcam_front_lidar.ply/003059_lcam_front_lidar.ply,0.1,800,0.9,0.15487,-0.01,3060,0.0,0.0,0.0
003060_lcam_front_lidar.ply/003060_lcam_front_lidar.ply,0.1,800,0.9,0.16036,-0.01,3061,0.0,0.0,0.0
003061_lcam_front_lidar.ply/003061_lcam_front_lidar.ply,0.1,800,0.9,0.15838,-0.01,3062,0.0,0.0,0.0
003062_lcam_front_lidar.ply/003062_lcam_front_lidar.ply,0.1,800,0.9,0.12444,-0.01,3063,0.0,0.0,0.0
003063_lcam_front_lidar.ply/003063_lcam_front_lidar.ply,0.1,800,0.9,0.17,-0.01,3064,0.0,0.0,0.0
003064_lcam_front_lidar.ply/003064_lcam_front_lidar.ply,0.1,800,0.9,0.12717,-0.01,3065,0.0,0.0,0.0
003065_lcam_front_lidar.ply/003065_lcam_front_lidar.ply,0.1,800,0.9,0.12886,-0.01,3066,0.0,0.0,0.0
003066_lcam_front_lidar.ply/003066_lcam_front_lidar.ply,0.1,800,0.9,0.18672,-0.01,3067,0.0,0.0,0.0
003067_lcam_front_lidar.ply/003067_lcam_front_lidar.ply,0.1,800,0.9,0.13934,-0.01,3068,0.0,0.0,0.0
003068_lcam_front_lidar.ply/003068_lcam_front_lidar.ply,0.1,800,0.9,0.14277,-0.01,3069,0.0,0.0,0.0
003069_lcam_front_lidar.ply/003069_lcam_front_lidar.ply,0.1,800,0.9,0.1738,-0.01,3070,0.0,0.0,0.0
003070_lcam_front_lidar.ply/003070_lcam_front_lidar.ply,0.1,800,0.9,0.13029,-0.01,3071,0.0,0.0,0.0
003071_lcam_front_lidar.ply/003071_lcam_front_lidar.ply,0.1,800,0.9,0.15839,-0.01,3072,0.0,0.0,0.0
003072_lcam_front_lidar.ply/003072_lcam_front_lidar.ply,0.1,800,0.9,0.16665,-0.01,3073,0.0,0.0,0.0
003073_lcam_front_lidar.ply/003073_lcam_front_lidar.ply,0.1,800,0.9,0.13483,-0.01,3074,0.0,0.0,0.0
003074_lcam_front_lidar.ply/003074_lcam_front_lidar.ply,0.1,800,0.9,0.14298,-0.01,3075,0.0,0.0,0.0
003075_lcam_front_lidar.ply/003075_lcam_front_lidar.ply,0.1,800,0.9,0.18656,-0.01,3076,0.0,0.0,0.0
003076_lcam_front_lidar.ply/003076_lcam_front_lidar.ply,0.1,800,0.9,0.14415,-0.01,3077,0.0,0.0,0.0
003077_lcam_front_lidar.ply/003077_lcam_front_lidar.ply,0.1,800,0.9,0.16144,-0.01,3078,0.0,0.0,0.0
003078_lcam_front_lidar.ply/003078_lcam_front_lidar.ply,0.1,800,0.9,0.14679,-0.01,3079,0.0,0.0,0.0
003079_lcam_front_lidar.ply/003079_lcam_front_lidar.ply,0.1,800,0.9,0.12895,-0.01,3080,0.0,0.0,0.0
003080_lcam_front_lidar.ply/003080_lcam_front_lidar.ply,0.1,800,0.9,0.16003,-0.01,3081,0.0,0.0,0.0
003081_lcam_front_lidar.ply/003081_lcam_front_lidar.ply,0.1,800,0.9,0.1955,-0.01,3082,0.0,0.0,0.0
003082_lcam_front_lidar.ply/003082_lcam_front_lidar.ply,0.1,800,0.9,0.1385,-0.01,3083,0.0,0.0,0.0
003083_lcam_front_lidar.ply/003083_lcam_front_lidar.ply,0.1,800,0.9,0.16261,0.06043,3084,0.11491,0.02224,0.09564
003084_lcam_front_lidar.ply/003084_lcam_front_lidar.ply,0.1,800,0.9,0.20468,-0.08043,3085,0.0,0.0,0.0
003085_lcam_front_lidar.ply/003085_lcam_front_lidar.ply,0.1,800,0.9,0.16041,-0.01,3086,0.0,0.0,0.0
003086_lcam_front_lidar.ply/003086_lcam_front_lidar.ply,0.1,800,0.9,0.15907,0.08889,3087,0.14164,0.02066,0.0917
003087_lcam_front_lidar.ply/003087_lcam_front_lidar.ply,0.1,800,0.9,0.1548,0.00597,3088,0.15668,0.01942,0.08949
003088_lcam_front_lidar.ply/003088_lcam_front_lidar.ply,0.1,800,0.9,0.18691,-0.01601,3089,0.15005,0.022,0.089
003089_lcam_front_lidar.ply/003089_lcam_front_lidar.ply,0.1,800,0.9,0.15917,0.01573,3090,0.17596,0.02217,0.08944
003090_lcam_front_lidar.ply/003090_lcam_front_lidar.ply,0.1,800,0.9,0.14822,-0.02098,3091,0.16691,0.01869,0.09223
003091_lcam_front_lidar.ply/003091_lcam_front_lidar.ply,0.1,800,0.9,0.19905,0.00477,3092,0.17881,0.01771,0.08619
003092_lcam_front_lidar.ply/003092_lcam_front_lidar.ply,0.1,800,0.9,0.17765,-0.00327,3093,0.18378,0.01702,0.08248
003093_lcam_front_lidar.ply/003093_lcam_front_lidar.ply,0.1,800,0.9,0.15282,-0.02429,3094,0.17117,0.01733,0.08592
003094_lcam_front_lidar.ply/003094_lcam_front_lidar.ply,0.1,800,0.9,0.20488,-0.01848,3095,0.16145,0.0183,0.08374
003095_lcam_front_lidar.ply/003095_lcam_front_lidar.ply,0.1,800,0.9,0.17257,-0.13233,3096,0.0,0.0,0.0
003096_lcam_front_lidar.ply/003096_lcam_front_lidar.ply,0.1,800,0.9,0.16455,0.13823,3097,0.18874,0.01489,0.08549
003097_lcam_front_lidar.ply/003097_lcam_front_lidar.ply,0.1,800,0.9,0.16337,-0.00333,3098,0.19176,0.01763,0.07902
003098_lcam_front_lidar.ply/003098_lcam_front_lidar.ply,0.1,800,0.9,0.10265,-0.1649,3099,0.0,0.0,0.0
003099_lcam_front_lidar.ply/003099_lcam_front_lidar.ply,0.1,800,0.9,0.10056,0.11931,3100,0.1654,0.00137,0.07259
003100_lcam_front_lidar.ply/003100_lcam_front_lidar.ply,0.1,800,0.9,0.14448,-0.13931,3101,0.0,0.0,0.0
003101_lcam_front_lidar.ply/003101_lcam_front_lidar.ply,0.1,800,0.9,0.16376,0.16457,3102,0.2112,0.01138,0.07667
003102_lcam_front_lidar.ply/003102_lcam_front_lidar.ply,0.1,800,0.9,0.19311,-0.02039,3103,0.20148,0.01011,0.07764
003103_lcam_front_lidar.ply/003103_lcam_front_lidar.ply,0.1,800,0.9,0.18187,-0.17418,3104,0.0,0.0,0.0
003104_lcam_front_lidar.ply/003104_lcam_front_lidar.ply,0.1,800,0.9,0.16065,-0.01,3105,0.0,0.0,0.0
003105_lcam_front_lidar.ply/003105_lcam_front_lidar.ply,0.1,800,0.9,0.21103,0.12329,3106,0.16862,0.00058,0.07084
003106_lcam_front_lidar.ply/003106_lcam_front_lidar.ply,0.1,800,0.9,0.21327,-0.14329,3107,0.0,0.0,0.0
003107_lcam_front_lidar.ply/003107_lcam_front_lidar.ply,0.1,800,0.9,0.21962,0.08866,3108,0.13195,0.00519,0.06814
003108_lcam_front_lidar.ply/003108_lcam_front_lidar.ply,0.1,800,0.9,0.17472,-0.03334,3109,0.11026,0.00186,0.07044
003109_lcam_front_lidar.ply/003109_lcam_front_lidar.ply,0.1,800,0.9,0.16057,0.00239,3110,0.12017,0.00251,0.06568
003110_lcam_front_lidar.ply/003110_lcam_front_lidar.ply,0.1,800,0.9,0.22169,-0.00955,3111,0.12132,0.00495,0.0678
003111_lcam_front_lidar.ply/003111_lcam_front_lidar.ply,0.1,800,0.9,0.19033,-0.01016,3112,0.11873,0.00367,0.06255
003112_lcam_front_lidar.ply/003112_lcam_front_lidar.ply,0.1,800,0.9,0.18283,-0.01649,3113,0.1145,0.00459,0.06735
003113_lcam_front_lidar.ply/003113_lcam_front_lidar.ply,0.1,800,0.9,0.16832,-0.03374,3114,0.08931,0.00225,0.06375
003114_lcam_front_lidar.ply/003114_lcam_front_lidar.ply,0.1,800,0.9,0.20392,-0.01543,3115,0.08393,0.006,0.06497
003115_lcam_front_lidar.ply/003115_lcam_front_lidar.ply,0.1,800,0.9,0.16236,-0.0114,3116,0.08168,0.0057,0.06319
003116_lcam_front_lidar.ply/003116_lcam_front_lidar.ply,0.1,800,0.9,0.16083,0.00883,3117,0.10013,0.00162,0.06119
003117_lcam_front_lidar.ply/003117_lcam_front_lidar.ply,0.1,800,0.9,0.16403,-0.03206,3118,0.07799,0.00158,0.06103
003118_lcam_front_lidar.ply/003118_lcam_front_lidar.ply,0.1,800,0.9,0.23551,-0.01241,3119,0.07672,0.00163,0.06332
003119_lcam_front_lidar.ply/003119_lcam_front_lidar.ply,0.1,800,0.9,0.25221,0.01845,3120,0.09213,0.00696,0.03884
003120_lcam_front_lidar.ply/003120_lcam_front_lidar.ply,0.1,800,0.9,0.19145,-0.08375,3121,0.0,0.0,0.0
003121_lcam_front_lidar.ply/003121_lcam_front_lidar.ply,0.1,800,0.9,0.15973,-0.01,3122,0.0,0.0,0.0
003122_lcam_front_lidar.ply/003122_lcam_front_lidar.ply,0.1,800,0.9,0.23276,-0.01,3123,0.0,0.0,0.0
003123_lcam_front_lidar.ply/003123_lcam_front_lidar.ply,0.1,800,0.9,0.17842,-0.01,3124,0.0,0.0,0.0
003124_lcam_front_lidar.ply/003124_lcam_front_lidar.ply,0.1,800,0.9,0.18554,-0.01,3125,0.0,0.0,0.0
003125_lcam_front_lidar.ply/003125_lcam_front_lidar.ply,0.1,800,0.9,0.17821,-0.01,3126,0.0,0.0,0.0
003126_lcam_front_lidar.ply/003126_lcam_front_lidar.ply,0.1,800,0.9,0.19277,-0.01,3127,0.0,0.0,0.0
003127_lcam_front_lidar.ply/003127_lcam_front_lidar.ply,0.1,800,0.9,0.17168,-0.01,3128,0.0,0.0,0.0
003128_lcam_front_lidar.ply/003128_lcam_front_lidar.ply,0.1,800,0.9,0.15116,-0.01,3129,0.0,0.0,0.0
003129_lcam_front_lidar.ply/003129_lcam_front_lidar.ply,0.1,800,0.9,0.18984,-0.01,3130,0.0,0.0,0.0
003130_lcam_front_lidar.ply/003130_lcam_front_lidar.ply,0.1,800,0.9,0.18812,-0.01,3131,0.0,0.0,0.0
003131_lcam_front_lidar.ply/003131_lcam_front_lidar.ply,0.1,800,0.9,0.1804,-0.01,3132,0.0,0.0,0.0
003132_lcam_front_lidar.ply/003132_lcam_front_lidar.ply,0.1,800,0.9,0.23206,-0.01,3133,0.0,0.0,0.0
003133_lcam_front_lidar.ply/003133_lcam_front_lidar.ply,0.1,800,0.9,0.23459,-0.01,3134,0.0,0.0,0.0
003134_lcam_front_lidar.ply/003134_lcam_front_lidar.ply,0.1,800,0.9,0.15868,-0.01,3135,0.0,0.0,0.0
003135_lcam_front_lidar.ply/003135_lcam_front_lidar.ply,0.1,800,0.9,0.19078,-0.01,3136,0.0,0.0,0.0
003136_lcam_front_lidar.ply/003136_lcam_front_lidar.ply,0.1,800,0.9,0.16419,-0.01,3137,0.0,0.0,0.0
003137_lcam_front_lidar.ply/003137_lcam_front_lidar.ply,0.1,800,0.9,0.20215,-0.01,3138,0.0,0.0,0.0
003138_lcam_front_lidar.ply/003138_lcam_front_lidar.ply,0.1,800,0.9,0.17661,-0.01,3139,0.0,0.0,0.0
003139_lcam_front_lidar.ply/003139_lcam_front_lidar.ply,0.1,800,0.9,0.16483,-0.01,3140,0.0,0.0,0.0
003140_lcam_front_lidar.ply/003140_lcam_front_lidar.ply,0.1,800,0.9,0.22384,-0.01,3141,0.0,0.0,0.0
003141_lcam_front_lidar.ply/003141_lcam_front_lidar.ply,0.1,800,0.9,0.21,-0.01,3142,0.0,0.0,0.0
003142_lcam_front_lidar.ply/003142_lcam_front_lidar.ply,0.1,800,0.9,0.18862,-0.01,3143,0.0,0.0,0.0
003143_lcam_front_lidar.ply/003143_lcam_front_lidar.ply,0.1,800,0.9,0.19126,-0.01,3144,0.0,0.0,0.0
003144_lcam_front_lidar.ply/003144_lcam_front_lidar.ply,0.1,800,0.9,0.21219,-0.01,3145,0.0,0.0,0.0
003145_lcam_front_lidar.ply/003145_lcam_front_lidar.ply,0.1,800,0.9,0.16208,-0.01,3146,0.0,0.0,0.0
003146_lcam_front_lidar.ply/003146_lcam_front_lidar.ply,0.1,800,0.9,0.19064,-0.01,3147,0.0,0.0,0.0
003147_lcam_front_lidar.ply/003147_lcam_front_lidar.ply,0.1,800,0.9,0.16802,-0.01,3148,0.0,0.0,0.0
003148_lcam_front_lidar.ply/003148_lcam_front_lidar.ply,0.1,800,0.9,0.21201,-0.01,3149,0.0,0.0,0.0
003149_lcam_front_lidar.ply/003149_lcam_front_lidar.ply,0.1,800,0.9,0.19741,-0.01,3150,0.0,0.0,0.0
003150_lcam_front_lidar.ply/003150_lcam_front_lidar.ply,0.1,800,0.9,0.20768,-0.01,3151,0.0,0.0,0.0
003151_lcam_front_lidar.ply/003151_lcam_front_lidar.ply,0.1,800,0.9,0.21262,-0.01,3152,0.0,0.0,0.0
003152_lcam_front_lidar.ply/003152_lcam_front_lidar.ply,0.1,800,0.9,0.21412,-0.01,3153,0.0,0.0,0.0
003153_lcam_front_lidar.ply/003153_lcam_front_lidar.ply,0.1,800,0.9,0.2045,-0.01,3154,0.0,0.0,0.0
003154_lcam_front_lidar.ply/003154_lcam_front_lidar.ply,0.1,800,0.9,0.21259,-0.01,3155,0.0,0.0,0.0
003155_lcam_front_lidar.ply/003155_lcam_front_lidar.ply,0.1,800,0.9,0.21606,-0.01,3156,0.0,0.0,0.0
003156_lcam_front_lidar.ply/003156_lcam_front_lidar.ply,0.1,800,0.9,0.22776,-0.01,3157,0.0,0.0,0.0
003157_lcam_front_lidar.ply/003157_lcam_front_lidar.ply,0.1,800,0.9,0.1901,-0.01,3158,0.0,0.0,0.0
003158_lcam_front_lidar.ply/003158_lcam_front_lidar.ply,0.1,800,0.9,0.21824,-0.01,3159,0.0,0.0,0.0
003159_lcam_front_lidar.ply/003159_lcam_front_lidar.ply,0.1,800,0.9,0.17506,-0.01,3160,0.0,0.0,0.0
003160_lcam_front_lidar.ply/003160_lcam_front_lidar.ply,0.1,800,0.9,0.2091,-0.01,3161,0.0,0.0,0.0
003161_lcam_front_lidar.ply/003161_lcam_front_lidar.ply,0.1,800,0.9,0.20886,-0.01,3162,0.0,0.0,0.0
003162_lcam_front_lidar.ply/003162_lcam_front_lidar.ply,0.1,800,0.9,0.2063,-0.01,3163,0.0,0.0,0.0
003163_lcam_front_lidar.ply/003163_lcam_front_lidar.ply,0.1,800,0.9,0.18734,-0.01,3164,0.0,0.0,0.0
003164_lcam_front_lidar.ply/003164_lcam_front_lidar.ply,0.1,800,0.9,0.20648,-0.01,3165,0.0,0.0,0.0
003165_lcam_front_lidar.ply/003165_lcam_front_lidar.ply,0.1,800,0.9,0.19207,-0.01,3166,0.0,0.0,0.0
003166_lcam_front_lidar.ply/003166_lcam_front_lidar.ply,0.1,800,0.9,0.19977,-0.01,3167,0.0,0.0,0.0
003167_lcam_front_lidar.ply/003167_lcam_front_lidar.ply,0.1,800,0.9,0.22213,-0.01,3168,0.0,0.0,0.0
003168_lcam_front_lidar.ply/003168_lcam_front_lidar.ply,0.1,800,0.9,0.22988,-0.01,3169,0.0,0.0,0.0
003169_lcam_front_lidar.ply/003169_lcam_front_lidar.ply,0.1,800,0.9,0.22585,-0.01,3170,0.0,0.0,0.0
003170_lcam_front_lidar.ply/003170_lcam_front_lidar.ply,0.1,800,0.9,0.19017,-0.01,3171,0.0,0.0,0.0
003171_lcam_front_lidar.ply/003171_lcam_front_lidar.ply,0.1,800,0.9,0.18996,-0.01,3172,0.0,0.0,0.0
003172_lcam_front_lidar.ply/003172_lcam_front_lidar.ply,0.1,800,0.9,0.21304,-0.01,3173,0.0,0.0,0.0
003173_lcam_front_lidar.ply/003173_lcam_front_lidar.ply,0.1,800,0.9,0.26616,-0.01,3174,0.0,0.0,0.0
003174_lcam_front_lidar.ply/003174_lcam_front_lidar.ply,0.1,800,0.9,0.28277,-0.01,3175,0.0,0.0,0.0
003175_lcam_front_lidar.ply/003175_lcam_front_lidar.ply,0.1,800,0.9,0.24115,-0.01,3176,0.0,0.0,0.0
003176_lcam_front_lidar.ply/003176_lcam_front_lidar.ply,0.1,800,0.9,0.23849,-0.01,3177,0.0,0.0,0.0
003177_lcam_front_lidar.ply/003177_lcam_front_lidar.ply,0.1,800,0.9,0.23816,-0.01,3178,0.0,0.0,0.0
003178_lcam_front_lidar.ply/003178_lcam_front_lidar.ply,0.1,800,0.9,0.20156,-0.01,3179,0.0,0.0,0.0
003179_lcam_front_lidar.ply/003179_lcam_front_lidar.ply,0.1,800,0.9,0.26721,-0.01,3180,0.0,0.0,0.0
003180_lcam_front_lidar.ply/003180_lcam_front_lidar.ply,0.1,800,0.9,0.2431,-0.01,3181,0.0,0.0,0.0
003181_lcam_front_lidar.ply/003181_lcam_front_lidar.ply,0.1,800,0.9,0.25298,-0.01,3182,0.0,0.0,0.0
