frame_id,epsilon,min_support,normal_threshold,runtime,reward,steps_used,inlier_ratio,plane_normal,residual
Data_omni/000000_lcam_front_lidar.ply,0.25,800,0.88,0.22797,0.15528,1,0.07512,0.99976,0.11961
Data_omni/000001_lcam_front_lidar.ply,0.25,800,0.88,0.2225,0.01215,1,0.0406,0.99999,0.03697
Data_omni/000002_lcam_front_lidar.ply,0.25,800,0.88,0.30109,0.01446,1,0.07717,0.99988,0.1054
Data_omni/000003_lcam_front_lidar.ply,0.25,800,0.88,0.22231,0.01769,1,0.03805,1.0,0.02075
Data_omni/000004_lcam_front_lidar.ply,0.25,800,0.88,0.13277,-0.16,1,0.0,0.0,0.0
Data_omni/000005_lcam_front_lidar.ply,0.25,800,0.88,0.17289,-0.01,1,0.0,0.0,0.0
Data_omni/000006_lcam_front_lidar.ply,0.25,800,0.88,0.14803,-0.01,1,0.0,0.0,0.0
Data_omni/000007_lcam_front_lidar.ply,0.25,800,0.88,0.15907,-0.01,1,0.0,0.0,0.0
Data_omni/000008_lcam_front_lidar.ply,0.25,800,0.88,0.12902,-0.01,1,0.0,0.0,0.0
Data_omni/000009_lcam_front_lidar.ply,0.25,800,0.88,0.17051,-0.01,1,0.0,0.0,0.0
Data_omni/000010_lcam_front_lidar.ply,0.25,800,0.88,0.18776,0.16198,1,0.03205,1.0,0.02013
Data_omni/000011_lcam_front_lidar.ply,0.25,800,0.88,0.14295,-0.16,1,0.0,0.0,0.0
Data_omni/000012_lcam_front_lidar.ply,0.25,800,0.8,0.17229,-0.01,1,0.0,0.0,0.0
Data_omni/000013_lcam_front_lidar.ply,0.25,800,0.8,0.14886,-0.01,1,0.0,0.0,0.0
Data_omni/000014_lcam_front_lidar.ply,0.25,800,0.8,0.15362,-0.01,1,0.0,0.0,0.0
Data_omni/000015_lcam_front_lidar.ply,0.25,800,0.8,0.13457,-0.01,1,0.0,0.0,0.0
Data_omni/000016_lcam_front_lidar.ply,0.25,800,0.8,0.20421,-0.01,1,0.0,0.0,0.0
Data_omni/000017_lcam_front_lidar.ply,0.25,800,0.8,0.14288,-0.01,1,0.0,0.0,0.0
Data_omni/000018_lcam_front_lidar.ply,0.25,800,0.8,0.14272,-0.01,1,0.0,0.0,0.0
Data_omni/000019_lcam_front_lidar.ply,0.25,800,0.8,0.18278,-0.01,1,0.0,0.0,0.0
Data_omni/000020_lcam_front_lidar.ply,0.25,800,0.8,0.15924,-0.01,1,0.0,0.0,0.0
Data_omni/000021_lcam_front_lidar.ply,0.25,800,0.8,0.13161,-0.01,1,0.0,0.0,0.0
Data_omni/000022_lcam_front_lidar.ply,0.25,800,0.8,0.15417,-0.01,1,0.0,0.0,0.0
Data_omni/000023_lcam_front_lidar.ply,0.25,800,0.8,0.14579,-0.01,1,0.0,0.0,0.0
Data_omni/000024_lcam_front_lidar.ply,0.25,800,0.8,0.13877,-0.01,1,0.0,0.0,0.0
Data_omni/000025_lcam_front_lidar.ply,0.25,800,0.8,0.13599,-0.01,1,0.0,0.0,0.0
Data_omni/000026_lcam_front_lidar.ply,0.25,800,0.8,0.12641,-0.01,1,0.0,0.0,0.0
Data_omni/000027_lcam_front_lidar.ply,0.25,800,0.8,0.12677,-0.01,1,0.0,0.0,0.0
Data_omni/000028_lcam_front_lidar.ply,0.25,800,0.8,0.14266,-0.01,1,0.0,0.0,0.0
Data_omni/000029_lcam_front_lidar.ply,0.25,800,0.8,0.129,-0.01,1,0.0,0.0,0.0
Data_omni/000030_lcam_front_lidar.ply,0.25,800,0.8,0.17955,-0.01,1,0.0,0.0,0.0
Data_omni/000031_lcam_front_lidar.ply,0.3,500,0.8,0.17423,-0.01,1,0.0,0.0,0.0
Data_omni/000032_lcam_front_lidar.ply,0.25,800,0.8,0.14983,0.08496,1,0.18427,0.01996,0.18461
Data_omni/000033_lcam_front_lidar.ply,0.25,800,0.8,0.16537,0.08164,1,0.18608,0.02083,0.18913
Data_omni/000034_lcam_front_lidar.ply,0.3,500,0.8,0.20882,0.08278,1,0.18648,0.02558,0.18883
Data_omni/000035_lcam_front_lidar.ply,0.25,800,0.8,0.15862,0.14204,1,0.04244,0.9998,0.07307
Data_omni/000036_lcam_front_lidar.ply,0.25,800,0.8,0.14769,-0.00457,1,0.04311,0.99984,0.07536
Data_omni/000037_lcam_front_lidar.ply,0.25,800,0.8,0.14648,-0.00783,1,0.04356,0.99985,0.08278
Data_omni/000038_lcam_front_lidar.ply,0.25,800,0.8,0.14452,-4e-05,1,0.04254,0.99985,0.06517
Data_omni/000039_lcam_front_lidar.ply,0.25,800,0.8,0.131,-9e-05,1,0.04326,0.99985,0.0667
Data_omni/000040_lcam_front_lidar.ply,0.25,800,0.8,0.11523,-0.02396,1,0.04852,0.99805,0.12442
Data_omni/000041_lcam_front_lidar.ply,0.3,500,0.8,0.15218,-0.01969,1,0.06562,0.99906,0.15092
Data_omni/000042_lcam_front_lidar.ply,0.3,500,0.8,0.17102,0.01561,1,0.0565,0.99986,0.06204
Data_omni/000043_lcam_front_lidar.ply,0.3,500,0.8,0.14707,-0.01306,1,0.06153,0.99925,0.12899
Data_omni/000044_lcam_front_lidar.ply,0.3,500,0.8,0.18946,-0.01529,1,0.06162,0.99925,0.13382
Data_omni/000045_lcam_front_lidar.ply,0.25,800,0.8,0.13522,0.00236,1,0.04412,0.99987,0.0637
Data_omni/000046_lcam_front_lidar.ply,0.25,800,0.8,0.14338,0.00204,1,0.0456,0.99982,0.06713
Data_omni/000047_lcam_front_lidar.ply,0.3,500,0.8,0.2064,-0.06776,1,0.04314,0.99257,0.19964
Data_omni/000048_lcam_front_lidar.ply,0.25,800,0.8,0.13086,-0.00657,1,0.06007,0.99913,0.11525
Data_omni/000049_lcam_front_lidar.ply,0.3,500,0.8,0.17408,-0.0059,1,0.06228,0.99949,0.11648
Data_omni/000050_lcam_front_lidar.ply,0.25,800,0.8,0.12758,-0.02442,1,0.04907,0.99907,0.12687
Data_omni/000051_lcam_front_lidar.ply,0.25,800,0.8,0.12653,-0.00703,1,0.06024,0.99946,0.11465
Data_omni/000052_lcam_front_lidar.ply,0.25,800,0.8,0.13714,-0.00963,1,0.03949,0.99945,0.07825
Data_omni/000053_lcam_front_lidar.ply,0.25,800,0.8,0.12998,-0.00658,1,0.06149,0.99945,0.11615
Data_omni/000054_lcam_front_lidar.ply,0.25,800,0.8,0.18412,-0.00861,1,0.06222,0.9994,0.12163
Data_omni/000055_lcam_front_lidar.ply,0.25,800,0.8,0.14247,-0.01826,1,0.06219,0.99922,0.14084
Data_omni/000056_lcam_front_lidar.ply,0.25,800,0.8,0.13058,-0.00504,1,0.04439,0.99965,0.079
Data_omni/000057_lcam_front_lidar.ply,0.25,800,0.8,0.15736,-0.0269,1,0.04711,0.99909,0.12784
Data_omni/000058_lcam_front_lidar.ply,0.25,800,0.8,0.13358,-0.05334,1,0.20499,0.04846,0.21148
Data_omni/000059_lcam_front_lidar.ply,0.25,800,0.8,0.13932,0.12073,1,0.04694,0.99922,0.11764
Data_omni/000060_lcam_front_lidar.ply,0.25,800,0.8,0.12652,-0.10786,1,0.101,0.01127,0.10135
Data_omni/000061_lcam_front_lidar.ply,0.25,800,0.8,0.20189,0.13115,1,0.04679,0.99939,0.10771
Data_omni/000062_lcam_front_lidar.ply,0.25,800,0.8,0.11775,-0.04509,1,0.21391,0.05263,0.21396
Data_omni/000063_lcam_front_lidar.ply,0.3,800,0.8,0.12575,0.14896,1,0.06024,0.99964,0.08666
Data_omni/000064_lcam_front_lidar.ply,0.3,500,0.8,0.13354,0.00393,1,0.05861,0.99961,0.08935
Data_omni/000065_lcam_front_lidar.ply,0.3,500,0.8,0.18558,0.0585,1,0.10111,0.99987,0.06528
Data_omni/000066_lcam_front_lidar.ply,0.3,800,0.8,0.1073,-0.00449,1,0.05813,0.99935,0.10509
Data_omni/000067_lcam_front_lidar.ply,0.3,800,0.8,0.10957,0.01159,1,0.05592,0.9999,0.06881
Data_omni/000068_lcam_front_lidar.ply,0.25,800,0.8,0.13738,-0.00317,1,0.04403,0.99952,0.07431
Data_omni/000069_lcam_front_lidar.ply,0.25,800,0.8,0.19238,-0.0026,1,0.04617,0.99945,0.07752
Data_omni/000070_lcam_front_lidar.ply,0.25,800,0.8,0.12731,-0.00023,1,0.04554,0.99956,0.07159
Data_omni/000071_lcam_front_lidar.ply,0.3,800,0.8,0.13632,0.01545,1,0.05969,0.9999,0.06858
Data_omni/000072_lcam_front_lidar.ply,0.25,800,0.8,0.10931,0.00067,1,0.04838,0.99966,0.07535
Data_omni/000073_lcam_front_lidar.ply,0.25,800,0.8,0.1253,0.04552,1,0.08733,0.99994,0.0637
Data_omni/000074_lcam_front_lidar.ply,0.25,800,0.8,0.11763,0.00153,1,0.04891,0.9997,0.07468
Data_omni/000075_lcam_front_lidar.ply,0.25,800,0.8,0.13315,0.00229,1,0.04999,0.99973,0.0754
Data_omni/000076_lcam_front_lidar.ply,0.25,800,0.8,0.1385,0.00293,1,0.0504,0.99975,0.07496
Data_omni/000077_lcam_front_lidar.ply,0.25,800,0.8,0.11208,0.0009,1,0.04929,0.99956,0.07673
Data_omni/000078_lcam_front_lidar.ply,0.25,800,0.8,0.12273,-0.00072,1,0.04851,0.99945,0.07842
Data_omni/000079_lcam_front_lidar.ply,0.25,800,0.8,0.12531,0.00167,1,0.04913,0.99951,0.07493
Data_omni/000080_lcam_front_lidar.ply,0.25,800,0.8,0.15383,0.04419,1,0.0879,0.99993,0.06756
Data_omni/000081_lcam_front_lidar.ply,0.25,800,0.8,0.10953,0.04384,1,0.0881,0.99992,0.06852
Data_omni/000082_lcam_front_lidar.ply,0.25,800,0.8,0.12766,0.00214,1,0.05264,0.99946,0.08085
Data_omni/000083_lcam_front_lidar.ply,0.25,800,0.8,0.14154,0.00267,1,0.05232,0.99949,0.07931
Data_omni/000084_lcam_front_lidar.ply,0.25,800,0.8,0.14619,0.00653,1,0.05494,0.99956,0.07684
Data_omni/000085_lcam_front_lidar.ply,0.25,800,0.8,0.13371,0.0037,1,0.05423,0.9995,0.08105
Data_omni/000086_lcam_front_lidar.ply,0.25,800,0.8,0.112,0.00732,1,0.0553,0.99958,0.07598
Data_omni/000087_lcam_front_lidar.ply,0.25,800,0.8,0.13005,0.00742,1,0.05616,0.99958,0.07749
Data_omni/000088_lcam_front_lidar.ply,0.25,800,0.8,0.16636,0.00613,1,0.05574,0.9995,0.0792
Data_omni/000089_lcam_front_lidar.ply,0.25,800,0.8,0.1045,0.00625,1,0.05308,0.99954,0.07367
Data_omni/000090_lcam_front_lidar.ply,0.25,800,0.8,0.10299,0.01012,1,0.05503,0.99966,0.06986
Data_omni/000091_lcam_front_lidar.ply,0.25,800,0.8,0.11973,0.04626,1,0.08746,0.99992,0.06247
Data_omni/000092_lcam_front_lidar.ply,0.25,800,0.8,0.15745,0.0123,1,0.05545,0.99971,0.06623
Data_omni/000093_lcam_front_lidar.ply,0.25,800,0.8,0.09555,0.01374,1,0.057,0.9997,0.06652
Data_omni/000094_lcam_front_lidar.ply,0.25,800,0.8,0.10709,0.01383,1,0.05745,0.9997,0.06724
Data_omni/000095_lcam_front_lidar.ply,0.25,800,0.8,0.10288,0.01411,1,0.05868,0.99976,0.06914
Data_omni/000096_lcam_front_lidar.ply,0.25,800,0.8,0.14256,0.01426,1,0.05906,0.99964,0.06958
Data_omni/000097_lcam_front_lidar.ply,0.25,800,0.8,0.10253,0.01778,1,0.06098,0.99981,0.06645
Data_omni/000098_lcam_front_lidar.ply,0.25,800,0.8,0.09476,0.01643,1,0.06027,0.99983,0.06768
Data_omni/000099_lcam_front_lidar.ply,0.25,800,0.8,0.11024,0.01519,1,0.06013,0.99963,0.06983
Data_omni/000100_lcam_front_lidar.ply,0.25,800,0.8,0.1205,0.01854,1,0.06135,0.99971,0.06566
Data_omni/000101_lcam_front_lidar.ply,0.25,800,0.8,0.09334,0.01892,1,0.06128,0.99969,0.06473
Data_omni/000102_lcam_front_lidar.ply,0.25,800,0.8,0.0966,0.02072,1,0.06357,0.99968,0.0657
Data_omni/000103_lcam_front_lidar.ply,0.25,800,0.8,0.10133,0.02127,1,0.06413,0.99968,0.06571
Data_omni/000104_lcam_front_lidar.ply,0.25,800,0.8,0.09521,0.02114,1,0.06412,0.99967,0.06596
Data_omni/000105_lcam_front_lidar.ply,0.3,800,0.8,0.08504,-0.15995,1,0.0,0.0,0.0
Data_omni/000106_lcam_front_lidar.ply,0.25,800,0.8,0.08653,0.17205,1,0.06458,0.99977,0.06499
Data_omni/000107_lcam_front_lidar.ply,0.25,800,0.8,0.10533,0.0232,1,0.06494,0.99972,0.06346
Data_omni/000108_lcam_front_lidar.ply,0.25,800,0.8,0.09162,0.02356,1,0.06561,0.99971,0.0641
Data_omni/000109_lcam_front_lidar.ply,0.25,800,0.8,0.23216,0.05351,1,0.09956,0.99996,0.07216
Data_omni/000110_lcam_front_lidar.ply,0.3,800,0.8,0.09563,-0.09823,1,0.01803,0.99591,0.21131
Data_omni/000111_lcam_front_lidar.ply,0.25,800,0.8,0.07146,0.0569,1,0.1007,0.99997,0.06883
Data_omni/000112_lcam_front_lidar.ply,0.3,800,0.8,0.09533,0.06999,1,0.11321,0.99997,0.06643
Data_omni/000113_lcam_front_lidar.ply,0.3,800,0.8,0.08647,0.02426,1,0.07325,0.99988,0.07794
Data_omni/000114_lcam_front_lidar.ply,0.25,800,0.8,0.09904,0.05408,1,0.09631,0.99996,0.06449
Data_omni/000115_lcam_front_lidar.ply,0.3,800,0.8,0.07736,-0.15999,1,0.0,0.0,0.0
Data_omni/000116_lcam_front_lidar.ply,0.3,800,0.8,0.07962,0.20479,1,0.09725,0.99996,0.0649
Data_omni/000117_lcam_front_lidar.ply,0.3,800,0.8,0.08841,0.02737,1,0.07042,0.99988,0.06608
Data_omni/000118_lcam_front_lidar.ply,0.25,800,0.8,0.14572,0.02433,1,0.06843,0.99976,0.06817
Data_omni/000119_lcam_front_lidar.ply,0.3,800,0.8,0.08713,0.05593,1,0.10224,0.99997,0.07267
Data_omni/000120_lcam_front_lidar.ply,0.25,800,0.8,0.09933,0.02351,1,0.06567,0.99986,0.06428
Data_omni/000121_lcam_front_lidar.ply,0.3,800,0.8,0.10317,0.05811,1,0.10309,0.99998,0.07
Data_omni/000122_lcam_front_lidar.ply,0.25,800,0.8,0.10443,0.02368,1,0.06654,0.99986,0.06569
Data_omni/000123_lcam_front_lidar.ply,0.25,800,0.8,0.07749,-0.15998,1,0.0,0.0,0.0
Data_omni/000124_lcam_front_lidar.ply,0.25,800,0.8,0.09139,0.19209,1,0.08729,0.99994,0.0704
Data_omni/000125_lcam_front_lidar.ply,0.3,800,0.8,0.09555,0.05618,1,0.10015,0.99995,0.06793
Data_omni/000126_lcam_front_lidar.ply,0.3,800,0.8,0.07966,0.0599,1,0.10619,0.99999,0.0726
Data_omni/000127_lcam_front_lidar.ply,0.3,800,0.8,0.13982,0.06244,1,0.10892,0.99999,0.07296
Data_omni/000128_lcam_front_lidar.ply,0.25,800,0.8,0.07501,0.0514,1,0.09797,0.99999,0.07315
Data_omni/000129_lcam_front_lidar.ply,0.25,800,0.8,0.10863,0.05147,1,0.10018,0.99998,0.07741
Data_omni/000130_lcam_front_lidar.ply,0.3,500,0.8,0.09521,0.08053,1,0.12608,0.99999,0.07109
Data_omni/000131_lcam_front_lidar.ply,0.3,500,0.8,0.1106,0.02514,1,0.07019,0.99968,0.07001
Data_omni/000132_lcam_front_lidar.ply,0.3,500,0.8,0.09843,-0.15995,1,0.0,0.0,0.0
Data_omni/000133_lcam_front_lidar.ply,0.3,500,0.8,0.09689,0.21563,1,0.11194,0.99999,0.07262
Data_omni/000134_lcam_front_lidar.ply,0.3,800,0.8,0.06945,0.07417,1,0.11621,0.99995,0.06408
Data_omni/000135_lcam_front_lidar.ply,0.25,800,0.8,0.07161,0.0607,1,0.10421,0.99994,0.06701
Data_omni/000136_lcam_front_lidar.ply,0.3,800,0.8,0.12077,0.02693,1,0.07124,0.99988,0.06861
Data_omni/000137_lcam_front_lidar.ply,0.25,800,0.8,0.07837,0.05874,1,0.10082,0.99996,0.06419
Data_omni/000138_lcam_front_lidar.ply,0.3,800,0.8,0.07405,0.06124,1,0.10165,0.99997,0.06084
Data_omni/000139_lcam_front_lidar.ply,0.25,800,0.8,0.08575,0.06088,1,0.10358,0.99996,0.0654
Data_omni/000140_lcam_front_lidar.ply,0.25,800,0.8,0.07906,0.05357,1,0.09355,0.99996,0.05996
Data_omni/000141_lcam_front_lidar.ply,0.3,800,0.8,0.0919,0.05962,1,0.10066,0.99998,0.06209
Data_omni/000142_lcam_front_lidar.ply,0.25,800,0.8,0.0797,0.05463,1,0.09404,0.99997,0.05882
Data_omni/000143_lcam_front_lidar.ply,0.25,800,0.8,0.07516,0.03921,1,0.08224,0.99996,0.06605
Data_omni/000144_lcam_front_lidar.ply,0.25,800,0.8,0.09618,0.04295,1,0.08143,0.99997,0.05697
Data_omni/000145_lcam_front_lidar.ply,0.25,800,0.8,0.13735,0.06911,1,0.1037,0.99996,0.04917
Data_omni/000146_lcam_front_lidar.ply,0.25,800,0.8,0.07894,0.05945,1,0.09333,0.99995,0.04775
Data_omni/000147_lcam_front_lidar.ply,0.25,800,0.8,0.08667,0.04243,1,0.07226,0.99996,0.03967
Data_omni/000148_lcam_front_lidar.ply,0.25,800,0.8,0.10689,0.05956,1,0.0949,0.99997,0.05068
Data_omni/000149_lcam_front_lidar.ply,0.25,800,0.8,0.08215,0.06962,1,0.10635,0.99997,0.05348
Data_omni/000150_lcam_front_lidar.ply,0.25,800,0.8,0.11991,0.07058,1,0.10733,0.99997,0.05351
Data_omni/000151_lcam_front_lidar.ply,0.25,800,0.8,0.07512,0.07126,1,0.10769,0.99997,0.05286
Data_omni/000152_lcam_front_lidar.ply,0.25,800,0.8,0.09585,0.06902,1,0.10607,0.99996,0.05411
Data_omni/000153_lcam_front_lidar.ply,0.25,800,0.8,0.08005,0.03407,1,0.07367,0.99989,0.05918
Data_omni/000154_lcam_front_lidar.ply,0.3,800,0.8,0.07659,0.06472,1,0.10343,0.99993,0.05744
Data_omni/000155_lcam_front_lidar.ply,0.3,800,0.8,0.09273,0.074,1,0.11388,0.99996,0.05977
Data_omni/000156_lcam_front_lidar.ply,0.25,800,0.8,0.08179,0.05415,1,0.09411,0.99992,0.05991
Data_omni/000157_lcam_front_lidar.ply,0.25,800,0.8,0.09459,0.0621,1,0.10198,0.99993,0.05976
Data_omni/000158_lcam_front_lidar.ply,0.25,800,0.8,0.08718,0.03305,1,0.06327,0.99998,0.04046
Data_omni/000159_lcam_front_lidar.ply,0.25,800,0.8,0.1192,0.06544,1,0.10482,0.99994,0.05875
Data_omni/000160_lcam_front_lidar.ply,0.25,800,0.8,0.0843,0.06233,1,0.10426,0.99993,0.06386
Data_omni/000161_lcam_front_lidar.ply,0.3,800,0.8,0.10985,0.07895,1,0.1207,0.99993,0.0635
Data_omni/000162_lcam_front_lidar.ply,0.3,800,0.8,0.08751,0.08183,1,0.11962,0.99994,0.0556
Data_omni/000163_lcam_front_lidar.ply,0.25,800,0.8,0.10511,0.07223,1,0.10621,0.99996,0.04797
Data_omni/000164_lcam_front_lidar.ply,0.25,800,0.8,0.08789,0.08882,1,0.12122,0.99996,0.0448
Data_omni/000165_lcam_front_lidar.ply,0.25,800,0.8,0.07129,0.06603,1,0.09899,0.99996,0.04594
Data_omni/000166_lcam_front_lidar.ply,0.25,800,0.8,0.09854,0.08102,1,0.11768,0.99997,0.05332
Data_omni/000167_lcam_front_lidar.ply,0.3,800,0.8,0.09524,0.08599,1,0.12298,0.99996,0.05399
Data_omni/000168_lcam_front_lidar.ply,0.25,800,0.8,0.11445,0.08061,1,0.1173,0.99996,0.05337
Data_omni/000169_lcam_front_lidar.ply,0.3,800,0.8,0.0896,0.0929,1,0.12963,0.99996,0.05348
Data_omni/000170_lcam_front_lidar.ply,0.3,800,0.8,0.09573,0.08326,1,0.12084,0.99996,0.05515
Data_omni/000171_lcam_front_lidar.ply,0.3,800,0.8,0.07937,0.0862,1,0.1216,0.99996,0.0508
Data_omni/000172_lcam_front_lidar.ply,0.3,800,0.85,0.09499,0.08713,1,0.12256,0.99997,0.05087
Data_omni/000173_lcam_front_lidar.ply,0.25,800,0.8,0.09353,0.08476,1,0.11901,0.99997,0.0485
Data_omni/000174_lcam_front_lidar.ply,0.3,500,0.8,0.12721,0.08737,1,0.12052,0.99998,0.04631
Data_omni/000175_lcam_front_lidar.ply,0.3,800,0.8,0.0956,0.08775,1,0.12098,0.99997,0.04647
Data_omni/000176_lcam_front_lidar.ply,0.3,500,0.8,0.14299,0.08031,1,0.11354,0.99996,0.04645
Data_omni/000177_lcam_front_lidar.ply,0.3,800,0.88,0.10043,0.0823,1,0.11517,0.99997,0.04573
Data_omni/000178_lcam_front_lidar.ply,0.3,800,0.8,0.10239,0.08343,1,0.12184,0.99999,0.05683
Data_omni/000179_lcam_front_lidar.ply,0.3,800,0.8,0.09399,0.08894,1,0.12659,0.99999,0.05529
Data_omni/000180_lcam_front_lidar.ply,0.3,800,0.8,0.10499,0.08344,1,0.11851,0.99999,0.05013
Data_omni/000181_lcam_front_lidar.ply,0.3,800,0.88,0.10306,0.09036,1,0.12444,0.99999,0.04817
Data_omni/000182_lcam_front_lidar.ply,0.3,800,0.8,0.0894,0.10812,1,0.15326,1.0,0.07029
Data_omni/000183_lcam_front_lidar.ply,0.3,800,0.8,0.10873,0.08989,1,0.12736,0.99998,0.05495
Data_omni/000184_lcam_front_lidar.ply,0.3,800,0.8,0.09712,0.09222,1,0.13109,0.99998,0.05774
Data_omni/000185_lcam_front_lidar.ply,0.3,800,0.8,0.14136,0.09078,1,0.12727,0.99998,0.05296
Data_omni/000186_lcam_front_lidar.ply,0.3,800,0.8,0.096,0.09028,1,0.12494,0.99999,0.04931
Data_omni/000187_lcam_front_lidar.ply,0.3,800,0.8,0.11685,0.0885,1,0.12436,0.99998,0.05172
Data_omni/000188_lcam_front_lidar.ply,0.3,800,0.8,0.12352,0.09176,1,0.12661,0.99998,0.0497
Data_omni/000189_lcam_front_lidar.ply,0.3,800,0.8,0.11144,0.10541,1,0.14949,1.0,0.06816
Data_omni/000190_lcam_front_lidar.ply,0.3,800,0.8,0.102,0.10655,1,0.15118,1.0,0.06927
Data_omni/000191_lcam_front_lidar.ply,0.3,800,0.85,0.10884,0.09627,1,0.12957,0.99999,0.04659
Data_omni/000192_lcam_front_lidar.ply,0.3,800,0.8,0.10571,0.10912,1,0.14568,0.99999,0.05313
Data_omni/000193_lcam_front_lidar.ply,0.25,800,0.8,0.10313,0.1047,1,0.14081,0.99999,0.05221
Data_omni/000194_lcam_front_lidar.ply,0.3,800,0.8,0.09968,0.10752,1,0.14419,0.99999,0.05334
Data_omni/000195_lcam_front_lidar.ply,0.3,800,0.8,0.11904,0.1143,1,0.15264,0.99999,0.05669
Data_omni/000196_lcam_front_lidar.ply,0.3,800,0.85,0.11989,0.11936,1,0.16805,1.0,0.07738
Data_omni/000197_lcam_front_lidar.ply,0.3,800,0.85,0.09595,0.11596,1,0.17565,0.99997,0.09937
Data_omni/000198_lcam_front_lidar.ply,0.3,800,0.85,0.09594,0.1266,1,0.17607,1.0,0.07894
Data_omni/000199_lcam_front_lidar.ply,0.3,800,0.85,0.08973,0.1255,1,0.18233,0.99999,0.09367
Data_omni/000200_lcam_front_lidar.ply,0.25,800,0.88,0.0824,0.11572,1,0.15009,0.99999,0.04874
Data_omni/000201_lcam_front_lidar.ply,0.3,800,0.88,0.11122,0.13486,1,0.1845,1.0,0.07928
Data_omni/000202_lcam_front_lidar.ply,0.3,800,0.8,0.09622,0.13042,1,0.18704,0.99999,0.09324
Data_omni/000203_lcam_front_lidar.ply,0.25,800,0.8,0.08147,0.13544,1,0.18699,1.0,0.08309
Data_omni/000204_lcam_front_lidar.ply,0.25,800,0.8,0.09104,0.13765,1,0.18901,1.0,0.08273
Data_omni/000205_lcam_front_lidar.ply,0.25,800,0.8,0.08516,0.13363,1,0.17733,1.0,0.0674
Data_omni/000206_lcam_front_lidar.ply,0.25,800,0.8,0.10352,0.13591,1,0.18428,1.0,0.07675
Data_omni/000207_lcam_front_lidar.ply,0.25,800,0.8,0.09452,0.13589,1,0.18256,1.0,0.07334
Data_omni/000208_lcam_front_lidar.ply,0.25,800,0.8,0.10005,0.1236,1,0.16574,1.0,0.06428
Data_omni/000209_lcam_front_lidar.ply,0.25,800,0.8,0.11034,0.12765,1,0.16794,0.99999,0.06058
Data_omni/000210_lcam_front_lidar.ply,0.25,800,0.8,0.10452,0.12457,1,0.16388,0.99999,0.05862
Data_omni/000211_lcam_front_lidar.ply,0.25,800,0.8,0.12436,0.12243,1,0.16475,0.99999,0.06464
Data_omni/000212_lcam_front_lidar.ply,0.25,800,0.8,0.11167,0.10269,1,0.14577,1.0,0.06615
Data_omni/000213_lcam_front_lidar.ply,0.25,800,0.8,0.11715,0.10257,1,0.14658,1.0,0.06802
Data_omni/000214_lcam_front_lidar.ply,0.25,800,0.8,0.09527,0.11496,1,0.15866,0.99999,0.06741
Data_omni/000215_lcam_front_lidar.ply,0.25,800,0.8,0.08972,0.10258,1,0.14647,0.99998,0.06778
Data_omni/000216_lcam_front_lidar.ply,0.3,800,0.8,0.12673,0.11511,1,0.16781,0.99999,0.08539
Data_omni/000217_lcam_front_lidar.ply,0.25,800,0.8,0.15426,0.10379,1,0.14377,0.99999,0.05996
Data_omni/000218_lcam_front_lidar.ply,0.25,800,0.8,0.10988,0.0827,1,0.12383,0.99998,0.06225
Data_omni/000219_lcam_front_lidar.ply,0.3,800,0.8,0.09555,0.11053,1,0.15966,0.99999,0.07827
Data_omni/000220_lcam_front_lidar.ply,0.3,800,0.8,0.11151,0.11613,1,0.16939,0.99999,0.0865
Data_omni/000221_lcam_front_lidar.ply,0.3,800,0.8,0.14838,0.11181,1,0.16652,0.99998,0.08942
Data_omni/000222_lcam_front_lidar.ply,0.3,800,0.8,0.11853,0.10395,1,0.16797,0.99997,0.10803
Data_omni/000223_lcam_front_lidar.ply,0.3,800,0.8,0.11541,0.11288,1,0.16414,0.99998,0.08252
Data_omni/000224_lcam_front_lidar.ply,0.25,800,0.8,0.11816,0.10963,1,0.15591,0.99998,0.07257
Data_omni/000225_lcam_front_lidar.ply,0.3,800,0.8,0.17318,0.14398,1,0.19147,0.99999,0.07498
Data_omni/000226_lcam_front_lidar.ply,0.3,800,0.8,0.12742,0.10679,1,0.15388,0.99999,0.07419
Data_omni/000227_lcam_front_lidar.ply,0.25,800,0.8,0.10386,0.10773,1,0.15164,0.99998,0.06783
Data_omni/000228_lcam_front_lidar.ply,0.3,800,0.8,0.11943,0.1123,1,0.15769,0.99998,0.07077
Data_omni/000229_lcam_front_lidar.ply,0.3,800,0.8,0.17826,0.10768,1,0.15831,0.99998,0.08126
Data_omni/000230_lcam_front_lidar.ply,0.3,800,0.8,0.1012,0.11779,1,0.1652,0.99999,0.07483
Data_omni/000231_lcam_front_lidar.ply,0.25,800,0.8,0.11841,0.13746,1,0.16723,1.0,0.03954
Data_omni/000232_lcam_front_lidar.ply,0.3,800,0.8,0.12006,0.10089,1,0.15853,0.99997,0.09526
Data_omni/000233_lcam_front_lidar.ply,0.3,800,0.8,0.12951,0.10368,1,0.15487,0.99998,0.08239
Data_omni/000234_lcam_front_lidar.ply,0.3,800,0.8,0.12724,0.10705,1,0.1588,0.99998,0.08349
Data_omni/000235_lcam_front_lidar.ply,0.3,800,0.8,0.09575,0.10781,1,0.15956,0.99997,0.08351
Data_omni/000236_lcam_front_lidar.ply,0.3,800,0.8,0.10894,0.11087,1,0.16106,0.99998,0.08038
Data_omni/000237_lcam_front_lidar.ply,0.3,800,0.8,0.15206,0.11741,1,0.1614,0.99999,0.06798
Data_omni/000238_lcam_front_lidar.ply,0.3,800,0.8,0.12615,0.11951,1,0.16561,0.99999,0.0722
Data_omni/000239_lcam_front_lidar.ply,0.25,800,0.8,0.09482,0.0909,1,0.13363,0.99997,0.06545
Data_omni/000240_lcam_front_lidar.ply,0.3,800,0.8,0.08498,0.10785,1,0.15406,0.99998,0.07242
Data_omni/000241_lcam_front_lidar.ply,0.3,800,0.8,0.11215,0.11697,1,0.16183,0.99999,0.06971
Data_omni/000242_lcam_front_lidar.ply,0.3,800,0.8,0.0852,0.11239,1,0.15818,0.99999,0.07158
Data_omni/000243_lcam_front_lidar.ply,0.3,800,0.8,0.09523,0.10276,1,0.14766,0.99999,0.06981
Data_omni/000244_lcam_front_lidar.ply,0.25,800,0.8,0.09347,0.08835,1,0.11568,1.0,0.03466
Data_omni/000245_lcam_front_lidar.ply,0.3,800,0.8,0.09831,0.11019,1,0.15265,0.99999,0.06491
Data_omni/000246_lcam_front_lidar.ply,0.3,800,0.8,0.11244,0.10958,1,0.15454,0.99998,0.06991
Data_omni/000247_lcam_front_lidar.ply,0.3,800,0.8,0.1017,0.10468,1,0.14802,0.99999,0.06667
Data_omni/000248_lcam_front_lidar.ply,0.3,800,0.8,0.1093,0.10289,1,0.14637,0.99998,0.06696
Data_omni/000249_lcam_front_lidar.ply,0.3,800,0.8,0.11303,0.10314,1,0.1466,0.99998,0.06693
Data_omni/000250_lcam_front_lidar.ply,0.3,800,0.8,0.1419,0.10386,1,0.14726,0.99998,0.06679
Data_omni/000251_lcam_front_lidar.ply,0.3,800,0.8,0.12077,0.10279,1,0.14565,0.99998,0.06572
Data_omni/000252_lcam_front_lidar.ply,0.3,800,0.8,0.11669,0.07343,1,0.12138,0.99993,0.07588
Data_omni/000253_lcam_front_lidar.ply,0.25,800,0.8,0.12499,0.07273,1,0.11949,0.99993,0.07352
Data_omni/000254_lcam_front_lidar.ply,0.25,800,0.8,0.16181,0.05911,1,0.11011,0.99989,0.08198
Data_omni/000255_lcam_front_lidar.ply,0.3,800,0.8,0.14003,0.09453,1,0.13561,0.99995,0.06217
Data_omni/000256_lcam_front_lidar.ply,0.25,800,0.8,0.09337,0.0719,1,0.11655,0.99994,0.0693
Data_omni/000257_lcam_front_lidar.ply,0.25,800,0.8,0.11211,0.06663,1,0.1121,0.99995,0.07094
Data_omni/000258_lcam_front_lidar.ply,0.3,800,0.8,0.13227,0.06605,1,0.11371,0.99995,0.07533
Data_omni/000259_lcam_front_lidar.ply,0.25,800,0.8,0.14299,-0.02075,1,0.05209,0.99934,0.12549
Data_omni/000260_lcam_front_lidar.ply,0.3,800,0.8,0.10643,0.08098,1,0.13491,0.9999,0.08803
Data_omni/000261_lcam_front_lidar.ply,0.25,800,0.8,0.12706,-0.00154,1,0.06047,0.99934,0.10385
Data_omni/000262_lcam_front_lidar.ply,0.25,800,0.8,0.16792,-0.01077,1,0.06473,0.99855,0.13077
Data_omni/000263_lcam_front_lidar.ply,0.25,800,0.8,0.12836,0.04991,1,0.10567,0.99987,0.09191
Data_omni/000264_lcam_front_lidar.ply,0.25,800,0.8,0.1272,0.0656,1,0.11721,0.9999,0.08322
Data_omni/000265_lcam_front_lidar.ply,0.25,800,0.8,0.1404,0.04259,1,0.10593,0.99978,0.10664
Data_omni/000266_lcam_front_lidar.ply,0.25,800,0.8,0.12301,0.04232,1,0.09776,0.99972,0.09086
Data_omni/000267_lcam_front_lidar.ply,0.25,800,0.8,0.11926,0.05516,1,0.10912,0.9999,0.08797
Data_omni/000268_lcam_front_lidar.ply,0.25,800,0.8,0.10958,0.0621,1,0.11212,0.99988,0.08004
Data_omni/000269_lcam_front_lidar.ply,0.25,800,0.8,0.0968,0.06161,1,0.10347,0.99996,0.06375
Data_omni/000270_lcam_front_lidar.ply,0.25,800,0.8,0.09965,0.05452,1,0.10753,0.99989,0.086
Data_omni/000271_lcam_front_lidar.ply,0.25,800,0.8,0.09349,0.0731,1,0.11614,0.99997,0.0661
Data_omni/000272_lcam_front_lidar.ply,0.25,800,0.8,0.09592,0.06939,1,0.11522,0.99993,0.07164
Data_omni/000273_lcam_front_lidar.ply,0.25,800,0.8,0.09095,0.05997,1,0.09768,0.99998,0.05544
Data_omni/000274_lcam_front_lidar.ply,0.25,800,0.8,0.09562,0.04498,1,0.09863,0.99988,0.08726
Data_omni/000275_lcam_front_lidar.ply,0.25,800,0.8,0.12098,0.03988,1,0.09623,0.99988,0.0927
Data_omni/000276_lcam_front_lidar.ply,0.25,800,0.8,0.09576,0.05969,1,0.10303,0.99997,0.0667
Data_omni/000277_lcam_front_lidar.ply,0.25,800,0.8,0.09479,0.06335,1,0.10783,0.99999,0.06896
Data_omni/000278_lcam_front_lidar.ply,0.25,800,0.8,0.10007,0.0654,1,0.09669,1.0,0.04259
Data_omni/000279_lcam_front_lidar.ply,0.25,800,0.8,0.11428,0.06368,1,0.09748,1.0,0.0476
Data_omni/000280_lcam_front_lidar.ply,0.25,800,0.8,0.09282,0.06026,1,0.09937,1.0,0.05822
Data_omni/000281_lcam_front_lidar.ply,0.25,800,0.8,0.1142,0.05886,1,0.09656,0.99999,0.0554
Data_omni/000282_lcam_front_lidar.ply,0.25,800,0.8,0.0929,0.04259,1,0.08602,0.99997,0.06684
Data_omni/000283_lcam_front_lidar.ply,0.25,800,0.8,0.13853,0.06655,1,0.10927,0.99998,0.06545
Data_omni/000284_lcam_front_lidar.ply,0.25,800,0.8,0.12491,0.06164,1,0.10352,0.99999,0.06376
Data_omni/000285_lcam_front_lidar.ply,0.25,800,0.8,0.12392,0.05993,1,0.10303,0.99997,0.06619
Data_omni/000286_lcam_front_lidar.ply,0.25,800,0.8,0.1317,0.0713,1,0.11629,0.99997,0.06998
Data_omni/000287_lcam_front_lidar.ply,0.25,800,0.8,0.20193,0.05721,1,0.10507,0.99993,0.0757
Data_omni/000288_lcam_front_lidar.ply,0.25,800,0.8,0.12636,0.0444,1,0.10058,0.99989,0.09235
Data_omni/000289_lcam_front_lidar.ply,0.25,800,0.8,0.10962,0.03786,1,0.09759,0.99985,0.09945
Data_omni/000290_lcam_front_lidar.ply,0.25,800,0.8,0.11128,0.04601,1,0.09516,0.99993,0.07832
Data_omni/000291_lcam_front_lidar.ply,0.25,800,0.8,0.15921,0.04283,1,0.09397,0.99991,0.08228
Data_omni/000292_lcam_front_lidar.ply,0.25,800,0.8,0.13495,0.04359,1,0.09593,0.99993,0.08469
Data_omni/000293_lcam_front_lidar.ply,0.25,800,0.8,0.12707,0.0447,1,0.09313,0.99993,0.07685
Data_omni/000294_lcam_front_lidar.ply,0.25,800,0.8,0.19258,0.04991,1,0.09213,0.99996,0.06446
Data_omni/000295_lcam_front_lidar.ply,0.25,800,0.8,0.13369,0.04958,1,0.09046,0.99996,0.06177
Data_omni/000296_lcam_front_lidar.ply,0.25,800,0.8,0.14353,0.04681,1,0.0948,0.99993,0.07598
Data_omni/000297_lcam_front_lidar.ply,0.25,800,0.8,0.12826,0.05363,1,0.09303,0.99998,0.05882
Data_omni/000298_lcam_front_lidar.ply,0.25,800,0.8,0.14801,-0.01292,1,0.04406,0.99987,0.09392
Data_omni/000299_lcam_front_lidar.ply,0.25,800,0.8,0.17221,-0.00533,1,0.04221,0.99991,0.07509
Data_omni/000300_lcam_front_lidar.ply,0.25,800,0.8,0.15973,-0.01512,1,0.04311,0.99984,0.09645
Data_omni/000301_lcam_front_lidar.ply,0.25,800,0.8,0.15367,0.05452,1,0.09286,0.99999,0.05672
Data_omni/000302_lcam_front_lidar.ply,0.25,800,0.8,0.15487,0.05556,1,0.09258,0.99999,0.05404
Data_omni/000303_lcam_front_lidar.ply,0.25,800,0.8,0.13735,0.054,1,0.09546,0.99998,0.06291
Data_omni/000304_lcam_front_lidar.ply,0.25,800,0.8,0.21945,0.05973,1,0.09647,1.0,0.05348
Data_omni/000305_lcam_front_lidar.ply,0.25,800,0.8,0.1081,0.05951,1,0.09517,1.0,0.05132
Data_omni/000306_lcam_front_lidar.ply,0.25,800,0.8,0.13773,0.05807,1,0.09625,0.99999,0.05636
Data_omni/000307_lcam_front_lidar.ply,0.25,800,0.8,0.19871,0.06379,1,0.10041,0.99999,0.05323
Data_omni/000308_lcam_front_lidar.ply,0.25,800,0.8,0.11946,0.06488,1,0.09995,0.99999,0.05014
Data_omni/000309_lcam_front_lidar.ply,0.25,800,0.8,0.11644,0.05428,1,0.09111,0.99999,0.05365
Data_omni/000310_lcam_front_lidar.ply,0.25,800,0.88,0.11258,0.05547,1,0.09214,0.99999,0.05334
Data_omni/000311_lcam_front_lidar.ply,0.25,800,0.8,0.13221,0.06077,1,0.09222,1.0,0.04291
Data_omni/000312_lcam_front_lidar.ply,0.25,800,0.8,0.09571,0.05858,1,0.09063,1.0,0.0441
Data_omni/000313_lcam_front_lidar.ply,0.25,800,0.8,0.1008,-0.00964,1,0.00039,0.99985,0.0
Data_omni/000314_lcam_front_lidar.ply,0.25,800,0.8,0.09919,0.0668,1,0.10232,1.0,0.05108
Data_omni/000315_lcam_front_lidar.ply,0.25,800,0.8,0.12539,0.03965,1,0.07434,0.99998,0.04936
Data_omni/000316_lcam_front_lidar.ply,0.25,800,0.8,0.12705,0.02936,1,0.06943,0.99994,0.06013
Data_omni/000317_lcam_front_lidar.ply,0.25,800,0.8,0.11654,0.01422,1,0.04985,1.0,0.05127
Data_omni/000318_lcam_front_lidar.ply,0.25,800,0.8,0.12735,0.04786,1,0.08683,0.99999,0.05795
Data_omni/000319_lcam_front_lidar.ply,0.25,800,0.8,0.09878,0.10153,1,0.1348,1.0,0.04654
Data_omni/000320_lcam_front_lidar.ply,0.25,800,0.8,0.09441,0.11571,1,0.14963,1.0,0.04784
Data_omni/000321_lcam_front_lidar.ply,0.25,800,0.8,0.09793,0.09537,1,0.13385,1.0,0.05696
Data_omni/000322_lcam_front_lidar.ply,0.25,800,0.8,0.09594,0.12917,1,0.16828,1.0,0.05823
Data_omni/000323_lcam_front_lidar.ply,0.25,800,0.8,0.10338,0.12355,1,0.16191,1.0,0.05673
Data_omni/000324_lcam_front_lidar.ply,0.25,800,0.8,0.11128,0.11373,1,0.15748,1.0,0.06751
Data_omni/000325_lcam_front_lidar.ply,0.25,800,0.8,0.09463,0.12208,1,0.16761,1.0,0.07107
Data_omni/000326_lcam_front_lidar.ply,0.25,800,0.8,0.10077,0.09896,1,0.12833,0.99999,0.03874
Data_omni/000327_lcam_front_lidar.ply,0.25,800,0.8,0.1051,0.10154,1,0.12993,0.99999,0.03676
Data_omni/000328_lcam_front_lidar.ply,0.25,800,0.8,0.10873,0.09644,1,0.12491,0.99999,0.03695
Data_omni/000329_lcam_front_lidar.ply,0.25,800,0.8,0.09514,0.10559,1,0.14213,1.0,0.05309
Data_omni/000330_lcam_front_lidar.ply,0.25,800,0.8,0.08101,0.11024,1,0.14628,1.0,0.05207
Data_omni/000331_lcam_front_lidar.ply,0.25,800,0.8,0.09674,0.09095,1,0.11792,0.99999,0.03394
Data_omni/000332_lcam_front_lidar.ply,0.25,800,0.8,0.10718,0.09877,1,0.13484,1.0,0.05214
Data_omni/000333_lcam_front_lidar.ply,0.25,800,0.8,0.11688,0.08512,1,0.11596,0.99999,0.04169
Data_omni/000334_lcam_front_lidar.ply,0.25,800,0.8,0.0799,0.09791,1,0.12993,0.99998,0.04406
Data_omni/000335_lcam_front_lidar.ply,0.25,800,0.8,0.08958,0.09989,1,0.13212,0.99998,0.04445
Data_omni/000336_lcam_front_lidar.ply,0.25,800,0.8,0.06734,0.07496,1,0.10811,0.99997,0.0463
Data_omni/000337_lcam_front_lidar.ply,0.25,800,0.8,0.0715,0.10469,1,0.13835,0.99997,0.04732
Data_omni/000338_lcam_front_lidar.ply,0.25,800,0.8,0.07147,0.08794,1,0.12223,0.99997,0.04858
Data_omni/000339_lcam_front_lidar.ply,0.25,800,0.8,0.11916,0.0808,1,0.1144,0.99997,0.04719
Data_omni/000340_lcam_front_lidar.ply,0.3,800,0.8,0.07903,0.08587,1,0.11975,0.99997,0.04774
Data_omni/000341_lcam_front_lidar.ply,0.3,800,0.8,0.09543,0.0775,1,0.11419,0.99995,0.05338
Data_omni/000342_lcam_front_lidar.ply,0.3,800,0.8,0.09072,0.09899,1,0.13263,0.99999,0.04729
Data_omni/000343_lcam_front_lidar.ply,0.3,800,0.8,0.0956,0.08343,1,0.1185,0.99999,0.05014
Data_omni/000344_lcam_front_lidar.ply,0.3,800,0.8,0.10907,0.06464,1,0.10117,0.99999,0.05307
Data_omni/000345_lcam_front_lidar.ply,0.3,800,0.8,0.1106,0.07703,1,0.1132,0.99998,0.05234
Data_omni/000346_lcam_front_lidar.ply,0.3,800,0.85,0.11142,0.05895,1,0.09446,0.99996,0.05101
Data_omni/000347_lcam_front_lidar.ply,0.25,800,0.8,0.12758,0.06547,1,0.09885,0.99993,0.04675
Data_omni/000348_lcam_front_lidar.ply,0.25,800,0.85,0.12046,0.05949,1,0.10201,1.0,0.06506
Data_omni/000349_lcam_front_lidar.ply,0.3,800,0.8,0.10608,0.07274,1,0.12028,0.99994,0.07507
Data_omni/000350_lcam_front_lidar.ply,0.3,800,0.8,0.11925,0.08481,1,0.12518,0.99999,0.06075
Data_omni/000351_lcam_front_lidar.ply,0.3,800,0.8,0.14123,0.07272,1,0.11421,0.99998,0.06298
Data_omni/000352_lcam_front_lidar.ply,0.3,800,0.8,0.11617,0.07773,1,0.12145,0.99997,0.06742
Data_omni/000353_lcam_front_lidar.ply,0.25,800,0.8,0.11112,0.07675,1,0.11888,0.99999,0.06427
Data_omni/000354_lcam_front_lidar.ply,0.3,800,0.8,0.11183,0.07852,1,0.12513,0.99992,0.0732
Data_omni/000355_lcam_front_lidar.ply,0.3,500,0.85,0.18151,0.0639,1,0.12091,0.99982,0.09398
Data_omni/000356_lcam_front_lidar.ply,0.3,800,0.8,0.13352,0.06941,1,0.11071,0.99999,0.06265
Data_omni/000357_lcam_front_lidar.ply,0.3,800,0.8,0.09575,0.05962,1,0.10029,1.0,0.06133
Data_omni/000358_lcam_front_lidar.ply,0.25,800,0.8,0.09524,0.06041,1,0.10112,0.99998,0.06142
Data_omni/000359_lcam_front_lidar.ply,0.3,800,0.8,0.12237,0.08096,1,0.12094,0.99999,0.05996
Data_omni/000360_lcam_front_lidar.ply,0.3,800,0.8,0.11054,0.08637,1,0.13171,0.99995,0.07067
Data_omni/000361_lcam_front_lidar.ply,0.3,800,0.8,0.09812,0.07419,1,0.11598,0.99998,0.06359
Data_omni/000362_lcam_front_lidar.ply,0.3,800,0.8,0.11128,0.08001,1,0.11881,0.99998,0.05761
Data_omni/000363_lcam_front_lidar.ply,0.3,800,0.8,0.1149,0.06979,1,0.11088,1.0,0.06217
Data_omni/000364_lcam_front_lidar.ply,0.25,800,0.8,0.11088,0.06887,1,0.10808,0.99999,0.05842
Data_omni/000365_lcam_front_lidar.ply,0.3,800,0.8,0.09761,0.07183,1,0.11037,0.99999,0.05708
Data_omni/000366_lcam_front_lidar.ply,0.25,800,0.8,0.10528,0.06065,1,0.09789,0.99999,0.05447
Data_omni/000367_lcam_front_lidar.ply,0.25,800,0.8,0.11121,0.06995,1,0.10678,0.99999,0.05367
Data_omni/000368_lcam_front_lidar.ply,0.25,800,0.8,0.11856,0.07958,1,0.11769,0.99999,0.05622
Data_omni/000369_lcam_front_lidar.ply,0.25,800,0.8,0.08894,0.08308,1,0.12194,0.99998,0.05772
Data_omni/000370_lcam_front_lidar.ply,0.25,800,0.8,0.10311,0.0811,1,0.12028,0.99998,0.05836
Data_omni/000371_lcam_front_lidar.ply,0.25,800,0.8,0.11363,0.08315,1,0.12347,0.99999,0.06066
Data_omni/000372_lcam_front_lidar.ply,0.25,800,0.8,0.09583,0.06264,1,0.10153,0.99998,0.05777
Data_omni/000373_lcam_front_lidar.ply,0.25,800,0.8,0.11217,0.05975,1,0.10098,1.0,0.06247
Data_omni/000374_lcam_front_lidar.ply,0.25,800,0.8,0.13938,0.06097,1,0.1009,0.99998,0.05985
Data_omni/000375_lcam_front_lidar.ply,0.25,800,0.8,0.11844,0.05643,1,0.09537,0.99998,0.05789
Data_omni/000376_lcam_front_lidar.ply,0.25,800,0.8,0.09588,0.06501,1,0.10568,0.99998,0.06134
Data_omni/000377_lcam_front_lidar.ply,0.25,800,0.8,0.10945,0.07303,1,0.11587,0.99997,0.06567
Data_omni/000378_lcam_front_lidar.ply,0.25,800,0.8,0.15152,0.06718,1,0.10874,0.99998,0.06312
Data_omni/000379_lcam_front_lidar.ply,0.25,800,0.8,0.11176,0.06732,1,0.10722,0.99998,0.05979
Data_omni/000380_lcam_front_lidar.ply,0.25,800,0.8,0.10105,0.06135,1,0.10154,0.99998,0.06037
Data_omni/000381_lcam_front_lidar.ply,0.25,800,0.8,0.11496,0.06084,1,0.10243,0.99998,0.06319
Data_omni/000382_lcam_front_lidar.ply,0.25,800,0.8,0.17994,0.04374,1,0.0832,0.99998,0.05891
Data_omni/000383_lcam_front_lidar.ply,0.25,800,0.8,0.11683,0.03709,1,0.07921,0.99998,0.06423
Data_omni/000384_lcam_front_lidar.ply,0.25,800,0.8,0.14442,0.00173,1,0.03645,0.99994,0.04943
Data_omni/000385_lcam_front_lidar.ply,0.3,800,0.8,0.14276,0.04691,1,0.09536,0.99997,0.07691
Data_omni/000386_lcam_front_lidar.ply,0.25,800,0.8,0.15077,0.0414,1,0.08125,0.99998,0.05971
Data_omni/000387_lcam_front_lidar.ply,0.3,800,0.8,0.11805,0.04091,1,0.08336,1.0,0.06489
Data_omni/000388_lcam_front_lidar.ply,0.3,800,0.8,0.12224,0.03594,1,0.07768,0.99998,0.06348
Data_omni/000389_lcam_front_lidar.ply,0.3,800,0.8,0.12079,0.03608,1,0.08016,0.99999,0.06816
Data_omni/000390_lcam_front_lidar.ply,0.25,800,0.8,0.11461,0.03258,1,0.07353,0.99998,0.0619
Data_omni/000391_lcam_front_lidar.ply,0.3,800,0.8,0.14313,0.02686,1,0.07021,0.99998,0.06671
Data_omni/000392_lcam_front_lidar.ply,0.3,800,0.8,0.17085,0.03489,1,0.07812,0.99999,0.06647
Data_omni/000393_lcam_front_lidar.ply,0.3,800,0.8,0.12938,0.03156,1,0.0794,1.0,0.07568
Data_omni/000394_lcam_front_lidar.ply,0.3,800,0.8,0.12836,0.01418,1,0.05687,0.99997,0.06538
Data_omni/000395_lcam_front_lidar.ply,0.25,800,0.8,0.12591,0.00577,1,0.04649,0.99996,0.06143
Data_omni/000396_lcam_front_lidar.ply,0.3,800,0.8,0.18762,0.01396,1,0.05211,0.99997,0.05632
Data_omni/000397_lcam_front_lidar.ply,0.3,800,0.8,0.13581,0.00707,1,0.04341,0.99994,0.05267
Data_omni/000398_lcam_front_lidar.ply,0.3,800,0.8,0.13322,0.01624,1,0.05349,0.99996,0.0545
Data_omni/000399_lcam_front_lidar.ply,0.3,800,0.8,0.15894,0.00976,1,0.04896,0.99997,0.0584
Data_omni/000400_lcam_front_lidar.ply,0.3,800,0.8,0.13452,0.0082,1,0.04815,0.99998,0.05991
Data_omni/000401_lcam_front_lidar.ply,0.3,800,0.8,0.12646,0.00437,1,0.04992,0.99997,0.07111
Data_omni/000402_lcam_front_lidar.ply,0.25,800,0.8,0.13146,0.00748,1,0.0485,0.99997,0.06204
Data_omni/000403_lcam_front_lidar.ply,0.3,800,0.8,0.11833,0.00323,1,0.04858,0.99996,0.07069
Data_omni/000404_lcam_front_lidar.ply,0.25,800,0.8,0.1236,-0.00354,1,0.04711,0.99978,0.08126
Data_omni/000405_lcam_front_lidar.ply,0.25,800,0.8,0.12635,-0.00089,1,0.04327,0.99994,0.06838
Data_omni/000406_lcam_front_lidar.ply,0.3,800,0.8,0.21869,-0.03608,1,0.23138,0.0194,0.22076
Data_omni/000407_lcam_front_lidar.ply,0.25,800,0.8,0.12717,0.12864,1,0.03806,0.99915,0.09276
Data_omni/000408_lcam_front_lidar.ply,0.25,800,0.8,0.13195,-0.02282,1,0.03882,0.99904,0.10324
Data_omni/000409_lcam_front_lidar.ply,0.25,800,0.8,0.19256,-0.00766,1,0.05238,0.99982,0.10032
Data_omni/000410_lcam_front_lidar.ply,0.25,800,0.8,0.12779,0.00695,1,0.05001,1.0,0.06616
Data_omni/000411_lcam_front_lidar.ply,0.25,800,0.8,0.14315,0.0055,1,0.04995,0.99999,0.0689
Data_omni/000412_lcam_front_lidar.ply,0.25,800,0.8,0.13417,-0.00025,1,0.05272,0.99986,0.0859
Data_omni/000413_lcam_front_lidar.ply,0.25,800,0.8,0.13184,-0.00425,1,0.05537,0.99972,0.09919
Data_omni/000414_lcam_front_lidar.ply,0.25,800,0.8,0.14255,-0.00635,1,0.04228,0.99994,0.07731
Data_omni/000415_lcam_front_lidar.ply,0.25,800,0.8,0.14495,-0.01053,1,0.04502,0.99937,0.09093
Data_omni/000416_lcam_front_lidar.ply,0.25,800,0.8,0.18579,0.00073,1,0.05537,0.99981,0.0894
Data_omni/000417_lcam_front_lidar.ply,0.25,800,0.8,0.14423,0.00156,1,0.05463,0.99983,0.08616
Data_omni/000418_lcam_front_lidar.ply,0.25,800,0.8,0.12782,0.0244,1,0.07398,0.99998,0.07921
Data_omni/000419_lcam_front_lidar.ply,0.3,800,0.8,0.18751,0.0275,1,0.07197,0.99998,0.06895
Data_omni/000420_lcam_front_lidar.ply,0.3,800,0.8,0.12078,0.02264,1,0.07276,0.9999,0.08021
Data_omni/000421_lcam_front_lidar.ply,0.25,800,0.8,0.1396,0.01958,1,0.06766,0.99991,0.07616
Data_omni/000422_lcam_front_lidar.ply,0.25,800,0.8,0.13506,0.03504,1,0.075,0.99995,0.05993
Data_omni/000423_lcam_front_lidar.ply,0.3,800,0.8,0.13612,0.0341,1,0.07825,0.99999,0.06832
Data_omni/000424_lcam_front_lidar.ply,0.25,800,0.8,0.1287,0.02426,1,0.06924,0.99994,0.06994
Data_omni/000425_lcam_front_lidar.ply,0.25,800,0.8,0.15876,0.02654,1,0.0709,0.99995,0.06871
Data_omni/000426_lcam_front_lidar.ply,0.25,800,0.8,0.20519,0.02828,1,0.06825,0.99998,0.05994
Data_omni/000427_lcam_front_lidar.ply,0.3,800,0.8,0.15195,0.02935,1,0.06737,0.99995,0.05605
Data_omni/000428_lcam_front_lidar.ply,0.3,800,0.8,0.12366,0.03574,1,0.07871,0.99995,0.06593
Data_omni/000429_lcam_front_lidar.ply,0.3,800,0.8,0.13165,0.04448,1,0.086,0.99997,0.06305
Data_omni/000430_lcam_front_lidar.ply,0.3,800,0.8,0.13592,0.04038,1,0.08194,0.99995,0.06311
Data_omni/000431_lcam_front_lidar.ply,0.25,800,0.8,0.13718,0.04021,1,0.08155,0.99996,0.06269
Data_omni/000432_lcam_front_lidar.ply,0.3,800,0.8,0.13311,0.04221,1,0.08616,0.99999,0.0679
Data_omni/000433_lcam_front_lidar.ply,0.3,800,0.8,0.15731,0.04535,1,0.08697,0.99998,0.06324
Data_omni/000434_lcam_front_lidar.ply,0.3,800,0.8,0.14809,0.05152,1,0.0943,1.0,0.06556
Data_omni/000435_lcam_front_lidar.ply,0.3,800,0.8,0.15202,0.04464,1,0.08838,0.99997,0.06748
Data_omni/000436_lcam_front_lidar.ply,0.25,800,0.8,0.18642,0.04273,1,0.08752,0.99998,0.06959
Data_omni/000437_lcam_front_lidar.ply,0.3,800,0.8,0.12684,0.0423,1,0.08538,0.99998,0.06615
Data_omni/000438_lcam_front_lidar.ply,0.3,800,0.8,0.14131,0.0382,1,0.08995,0.99999,0.0835
Data_omni/000439_lcam_front_lidar.ply,0.25,800,0.8,0.13769,0.04113,1,0.08264,0.99997,0.063
Data_omni/000440_lcam_front_lidar.ply,0.3,800,0.8,0.13998,0.04667,1,0.09897,0.99999,0.0846
Data_omni/000441_lcam_front_lidar.ply,0.3,800,0.8,0.13582,0.04563,1,0.09492,1.0,0.07858
Data_omni/000442_lcam_front_lidar.ply,0.3,800,0.8,0.14126,0.03965,1,0.08902,0.99999,0.07874
Data_omni/000443_lcam_front_lidar.ply,0.25,800,0.8,0.18346,0.03799,1,0.0776,0.99997,0.05923
Data_omni/000444_lcam_front_lidar.ply,0.3,800,0.8,0.14772,0.04703,1,0.08632,0.99995,0.05857
Data_omni/000445_lcam_front_lidar.ply,0.3,800,0.8,0.15337,0.0482,1,0.08913,0.99997,0.06187
Data_omni/000446_lcam_front_lidar.ply,0.3,800,0.8,0.1437,0.05015,1,0.08936,0.99997,0.05842
Data_omni/000447_lcam_front_lidar.ply,0.3,800,0.8,0.12543,0.05522,1,0.09734,0.99999,0.06424
Data_omni/000448_lcam_front_lidar.ply,0.25,800,0.8,0.12755,0.05511,1,0.09626,0.99998,0.0623
Data_omni/000449_lcam_front_lidar.ply,0.3,800,0.8,0.11613,0.04821,1,0.08869,0.99998,0.06097
Data_omni/000450_lcam_front_lidar.ply,0.3,800,0.8,0.16797,-0.14243,1,0.00406,0.92848,0.25153
Data_omni/000451_lcam_front_lidar.ply,0.3,800,0.8,0.11922,0.06783,1,0.09716,0.99997,0.0601
Data_omni/000452_lcam_front_lidar.ply,0.25,800,0.8,0.13333,0.05599,1,0.09541,0.99995,0.05883
Data_omni/000453_lcam_front_lidar.ply,0.25,800,0.8,0.1315,0.05363,1,0.09384,0.99995,0.06042
Data_omni/000454_lcam_front_lidar.ply,0.3,800,0.8,0.14121,0.05666,1,0.09882,0.99997,0.06433
Data_omni/000455_lcam_front_lidar.ply,0.3,800,0.8,0.13982,0.05375,1,0.09539,0.99996,0.06328
Data_omni/000456_lcam_front_lidar.ply,0.3,800,0.8,0.15461,0.05199,1,0.0945,0.99995,0.06501
Data_omni/000457_lcam_front_lidar.ply,0.3,800,0.8,0.13571,0.04444,1,0.08292,0.99994,0.05695
Data_omni/000458_lcam_front_lidar.ply,0.25,800,0.8,0.11977,0.00706,1,0.04185,0.99992,0.04957
Data_omni/000459_lcam_front_lidar.ply,0.3,800,0.8,0.1318,0.05088,1,0.08961,0.99995,0.05747
Data_omni/000460_lcam_front_lidar.ply,0.3,800,0.8,0.16721,0.05129,1,0.08997,0.99995,0.05736
Data_omni/000461_lcam_front_lidar.ply,0.3,800,0.8,0.12702,0.04904,1,0.09083,0.99998,0.06359
Data_omni/000462_lcam_front_lidar.ply,0.3,800,0.8,0.14311,0.04443,1,0.0843,0.99997,0.05973
Data_omni/000463_lcam_front_lidar.ply,0.3,800,0.8,0.12371,0.04676,1,0.0875,0.99997,0.06148
Data_omni/000464_lcam_front_lidar.ply,0.3,800,0.8,0.12584,0.04682,1,0.08709,0.99996,0.06054
Data_omni/000465_lcam_front_lidar.ply,0.3,800,0.8,0.1325,0.052,1,0.09128,0.99994,0.05854
Data_omni/000466_lcam_front_lidar.ply,0.3,800,0.8,0.12756,0.04645,1,0.08465,0.99994,0.0564
Data_omni/000467_lcam_front_lidar.ply,0.3,800,0.8,0.16294,0.04725,1,0.08634,0.99997,0.0582
Data_omni/000468_lcam_front_lidar.ply,0.3,800,0.8,0.12067,0.04068,1,0.08371,0.99998,0.06607
Data_omni/000469_lcam_front_lidar.ply,0.3,800,0.8,0.13415,0.03735,1,0.07928,0.99997,0.06385
Data_omni/000470_lcam_front_lidar.ply,0.3,800,0.8,0.12658,-0.00544,1,0.00706,0.99985,0.00497
Data_omni/000471_lcam_front_lidar.ply,0.3,800,0.8,0.15629,0.04326,1,0.08619,0.99999,0.0659
Data_omni/000472_lcam_front_lidar.ply,0.25,800,0.8,0.1275,0.03933,1,0.08029,0.99997,0.06191
Data_omni/000473_lcam_front_lidar.ply,0.3,800,0.8,0.13319,-0.00394,1,0.00701,1.0,0.00192
Data_omni/000474_lcam_front_lidar.ply,0.3,800,0.8,0.17275,0.03204,1,0.07386,0.99999,0.06363
Data_omni/000475_lcam_front_lidar.ply,0.3,800,0.8,0.13949,0.03142,1,0.07352,0.99997,0.0642
Data_omni/000476_lcam_front_lidar.ply,0.3,800,0.8,0.14293,0.01137,1,0.04683,0.99995,0.05092
Data_omni/000477_lcam_front_lidar.ply,0.3,800,0.8,0.14814,0.03989,1,0.07802,0.99994,0.05627
Data_omni/000478_lcam_front_lidar.ply,0.3,800,0.8,0.14054,0.03177,1,0.07302,0.99997,0.06251
Data_omni/000479_lcam_front_lidar.ply,0.3,800,0.8,0.13901,0.00647,1,0.0438,0.99995,0.05465
Data_omni/000480_lcam_front_lidar.ply,0.3,800,0.8,0.13854,0.01975,1,0.06255,0.99994,0.06559
Data_omni/000481_lcam_front_lidar.ply,0.25,800,0.8,0.18552,0.01289,1,0.04884,0.99994,0.05191
Data_omni/000482_lcam_front_lidar.ply,0.3,800,0.8,0.14856,0.00597,1,0.0401,0.99994,0.04827
Data_omni/000483_lcam_front_lidar.ply,0.3,800,0.8,0.13728,0.01202,1,0.04665,0.99994,0.04926
Data_omni/000484_lcam_front_lidar.ply,0.3,800,0.8,0.17428,0.00814,1,0.04449,0.99993,0.05269
Data_omni/000485_lcam_front_lidar.ply,0.3,800,0.8,0.14611,0.00783,1,0.04511,0.99993,0.05455
Data_omni/000486_lcam_front_lidar.ply,0.3,800,0.8,0.14682,0.00874,1,0.04751,0.99995,0.05753
Data_omni/000487_lcam_front_lidar.ply,0.3,800,0.8,0.14303,0.00777,1,0.04576,0.99995,0.05599
Data_omni/000488_lcam_front_lidar.ply,0.25,800,0.8,0.15187,0.006,1,0.04454,0.99996,0.05708
Data_omni/000489_lcam_front_lidar.ply,0.3,800,0.8,0.15059,-0.00017,1,0.04458,0.99997,0.06949
Data_omni/000490_lcam_front_lidar.ply,0.3,800,0.8,0.19622,-0.00576,1,0.04807,0.99993,0.08765
Data_omni/000491_lcam_front_lidar.ply,0.3,800,0.8,0.24052,-0.00745,1,0.0396,0.99984,0.07408
Data_omni/000492_lcam_front_lidar.ply,0.25,800,0.8,0.17935,-0.00874,1,0.03181,0.99997,0.06114
Data_omni/000493_lcam_front_lidar.ply,0.3,800,0.8,0.18887,0.00503,1,0.05899,0.99973,0.08785
Data_omni/000494_lcam_front_lidar.ply,0.3,800,0.8,0.1976,0.03409,1,0.08544,0.99996,0.08277
Data_omni/000495_lcam_front_lidar.ply,0.3,800,0.8,0.15828,-0.00021,1,0.04646,0.99982,0.0733
Data_omni/000496_lcam_front_lidar.ply,0.3,800,0.8,0.14733,-0.00261,1,0.04033,0.99969,0.06583
Data_omni/000497_lcam_front_lidar.ply,0.25,800,0.8,0.12249,0.00062,1,0.03895,0.99976,0.05667
Data_omni/000498_lcam_front_lidar.ply,0.25,800,0.8,0.15636,0.0057,1,0.03916,0.9999,0.04697
Data_omni/000499_lcam_front_lidar.ply,0.3,800,0.8,0.15426,0.00445,1,0.04229,0.99983,0.05567
Data_omni/000500_lcam_front_lidar.ply,0.3,800,0.8,0.14684,0.00327,1,0.04308,0.99975,0.05959
Data_omni/000501_lcam_front_lidar.ply,0.3,800,0.8,0.14338,0.00994,1,0.05224,0.99984,0.06462
Data_omni/000502_lcam_front_lidar.ply,0.3,800,0.8,0.18964,0.01,1,0.05448,0.99979,0.06893
Data_omni/000503_lcam_front_lidar.ply,0.25,800,0.8,0.11674,0.01141,1,0.0532,0.99985,0.06359
Data_omni/000504_lcam_front_lidar.ply,0.25,800,0.8,0.14165,0.00418,1,0.0493,0.99981,0.07023
Data_omni/000505_lcam_front_lidar.ply,0.25,800,0.8,0.17721,0.02233,1,0.06766,0.99988,0.07069
Data_omni/000506_lcam_front_lidar.ply,0.25,800,0.8,0.14366,0.02148,1,0.06594,0.99993,0.06893
Data_omni/000507_lcam_front_lidar.ply,0.25,800,0.8,0.12692,0.02012,1,0.06386,0.99992,0.06749
Data_omni/000508_lcam_front_lidar.ply,0.25,800,0.8,0.13365,0.02866,1,0.06846,0.99991,0.0596
Data_omni/000509_lcam_front_lidar.ply,0.25,800,0.8,0.1461,0.03087,1,0.07365,0.99991,0.06555
Data_omni/000510_lcam_front_lidar.ply,0.3,800,0.8,0.12723,0.0362,1,0.07459,0.99994,0.05681
Data_omni/000511_lcam_front_lidar.ply,0.25,800,0.8,0.1544,0.03741,1,0.07493,0.99996,0.05504
Data_omni/000512_lcam_front_lidar.ply,0.3,500,0.8,0.24021,-0.06595,1,0.01939,0.99951,0.15054
Data_omni/000513_lcam_front_lidar.ply,0.3,800,0.8,0.15302,0.04283,1,0.07834,0.99996,0.05116
Data_omni/000514_lcam_front_lidar.ply,0.3,800,0.8,0.14534,0.06275,1,0.10398,0.99996,0.06245
Data_omni/000515_lcam_front_lidar.ply,0.25,800,0.8,0.17383,0.05359,1,0.08803,0.99998,0.04888
Data_omni/000516_lcam_front_lidar.ply,0.25,800,0.8,0.12884,0.06335,1,0.09785,0.99999,0.049
Data_omni/000517_lcam_front_lidar.ply,0.3,800,0.8,0.15044,0.08376,1,0.13051,1.0,0.07351
Data_omni/000518_lcam_front_lidar.ply,0.25,800,0.8,0.16626,0.08176,1,0.1239,1.0,0.06427
Data_omni/000519_lcam_front_lidar.ply,0.3,800,0.8,0.1592,0.07493,1,0.12126,1.0,0.07268
Data_omni/000520_lcam_front_lidar.ply,0.3,800,0.8,0.1494,0.0624,1,0.10658,0.99996,0.06835
Data_omni/000521_lcam_front_lidar.ply,0.3,800,0.8,0.15856,0.06951,1,0.10727,0.99999,0.05552
Data_omni/000522_lcam_front_lidar.ply,0.3,800,0.8,0.16023,0.07119,1,0.11992,0.99994,0.07745
Data_omni/000523_lcam_front_lidar.ply,0.3,800,0.8,0.16691,0.07843,1,0.11621,0.99999,0.05558
Data_omni/000524_lcam_front_lidar.ply,0.3,800,0.8,0.17814,0.06961,1,0.10786,0.99999,0.0565
Data_omni/000525_lcam_front_lidar.ply,0.3,800,0.8,0.18075,0.08184,1,0.12266,0.99999,0.06164
Data_omni/000526_lcam_front_lidar.ply,0.25,800,0.8,0.14175,0.07647,1,0.1194,1.0,0.06586
Data_omni/000527_lcam_front_lidar.ply,0.3,800,0.8,0.14924,0.08711,1,0.12742,0.99999,0.06063
Data_omni/000528_lcam_front_lidar.ply,0.3,800,0.8,0.15737,0.08844,1,0.13016,0.99999,0.06345
Data_omni/000529_lcam_front_lidar.ply,0.3,800,0.8,0.15104,0.07454,1,0.11512,0.99999,0.06116
Data_omni/000530_lcam_front_lidar.ply,0.3,500,0.8,0.1692,0.08871,1,0.12982,1.0,0.06221
Data_omni/000531_lcam_front_lidar.ply,0.3,800,0.8,0.17026,0.0852,1,0.12843,0.99999,0.06645
Data_omni/000532_lcam_front_lidar.ply,0.25,800,0.8,0.15887,0.08155,1,0.12073,1.0,0.05836
Data_omni/000533_lcam_front_lidar.ply,0.25,800,0.8,0.15936,0.07455,1,0.11169,0.99999,0.05428
Data_omni/000534_lcam_front_lidar.ply,0.25,800,0.8,0.15455,0.0743,1,0.10978,0.99999,0.05094
Data_omni/000535_lcam_front_lidar.ply,0.25,800,0.8,0.15659,0.07143,1,0.10706,0.99999,0.05125
Data_omni/000536_lcam_front_lidar.ply,0.3,800,0.8,0.15759,0.07936,1,0.11763,0.99998,0.05653
Data_omni/000537_lcam_front_lidar.ply,0.25,800,0.8,0.19612,0.06658,1,0.10345,0.99999,0.05374
Data_omni/000538_lcam_front_lidar.ply,0.25,800,0.8,0.17175,0.06693,1,0.10419,0.99999,0.05451
Data_omni/000539_lcam_front_lidar.ply,0.3,800,0.8,0.16113,0.06936,1,0.10563,0.99999,0.05256
Data_omni/000540_lcam_front_lidar.ply,0.3,800,0.8,0.16849,0.06612,1,0.11168,1.0,0.07114
Data_omni/000541_lcam_front_lidar.ply,0.25,800,0.8,0.17011,0.05277,1,0.08795,0.99998,0.05037
Data_omni/000542_lcam_front_lidar.ply,0.3,800,0.8,0.18164,0.05803,1,0.09246,0.99998,0.04885
Data_omni/000543_lcam_front_lidar.ply,0.3,800,0.8,0.19066,0.07162,1,0.11468,0.99997,0.06612
Data_omni/000544_lcam_front_lidar.ply,0.25,800,0.8,0.14044,0.06884,1,0.10596,0.99999,0.05425
Data_omni/000545_lcam_front_lidar.ply,0.25,800,0.8,0.15858,0.061,1,0.09685,0.99999,0.05171
Data_omni/000546_lcam_front_lidar.ply,0.25,800,0.8,0.23703,0.04536,1,0.07904,0.99999,0.04737
Data_omni/000547_lcam_front_lidar.ply,0.25,800,0.8,0.17114,0.03091,1,0.058,0.99991,0.03416
Data_omni/000548_lcam_front_lidar.ply,0.25,800,0.8,0.17544,0.02947,1,0.05595,0.99992,0.03295
Data_omni/000549_lcam_front_lidar.ply,0.25,800,0.8,0.2014,0.02348,1,0.0534,0.99988,0.03982
Data_omni/000550_lcam_front_lidar.ply,0.3,800,0.8,0.15143,0.0211,1,0.05115,0.99988,0.0401
Data_omni/000551_lcam_front_lidar.ply,0.3,800,0.8,0.15641,0.03469,1,0.06548,0.99993,0.0416
Data_omni/000552_lcam_front_lidar.ply,0.3,800,0.8,0.19662,0.02978,1,0.0612,0.99992,0.04283
Data_omni/000553_lcam_front_lidar.ply,0.3,800,0.8,0.14992,0.03904,1,0.07669,0.99999,0.05532
Data_omni/000554_lcam_front_lidar.ply,0.3,800,0.8,0.15704,0.01444,1,0.04486,0.99989,0.04082
Data_omni/000555_lcam_front_lidar.ply,0.3,800,0.8,0.20989,0.01307,1,0.04411,0.99991,0.04209
Data_omni/000556_lcam_front_lidar.ply,0.25,800,0.8,0.16925,0.00897,1,0.04097,0.99992,0.04399
Data_omni/000557_lcam_front_lidar.ply,0.25,800,0.8,0.17536,0.00442,1,0.03798,0.99992,0.04711
Data_omni/000558_lcam_front_lidar.ply,0.25,800,0.8,0.18634,-0.01002,1,0.03143,1.0,0.06293
Data_omni/000559_lcam_front_lidar.ply,0.25,800,0.8,0.17539,-0.00032,1,0.03788,0.99997,0.05639
Data_omni/000560_lcam_front_lidar.ply,0.25,800,0.8,0.15447,0.00113,1,0.0415,0.99998,0.06074
Data_omni/000561_lcam_front_lidar.ply,0.25,800,0.8,0.15822,0.00406,1,0.0418,0.99998,0.05549
Data_omni/000562_lcam_front_lidar.ply,0.25,800,0.8,0.19149,-0.00077,1,0.03475,0.99994,0.05104
Data_omni/000563_lcam_front_lidar.ply,0.25,800,0.8,0.14791,0.00543,1,0.04314,0.99996,0.05542
Data_omni/000564_lcam_front_lidar.ply,0.25,800,0.8,0.14172,0.00541,1,0.04321,0.99995,0.05559
Data_omni/000565_lcam_front_lidar.ply,0.25,800,0.8,0.16311,0.00556,1,0.04522,0.99996,0.05931
Data_omni/000566_lcam_front_lidar.ply,0.25,800,0.8,0.16673,0.00684,1,0.04549,0.99997,0.0573
Data_omni/000567_lcam_front_lidar.ply,0.25,800,0.8,0.14987,0.00515,1,0.03813,0.99995,0.04594
Data_omni/000568_lcam_front_lidar.ply,0.25,800,0.8,0.18609,0.00475,1,0.03917,0.99993,0.04884
Data_omni/000569_lcam_front_lidar.ply,0.3,800,0.8,0.16795,0.00688,1,0.04179,0.99994,0.04982
Data_omni/000570_lcam_front_lidar.ply,0.25,800,0.8,0.14547,0.00604,1,0.04272,0.99995,0.05336
Data_omni/000571_lcam_front_lidar.ply,0.25,800,0.8,0.18082,0.02614,1,0.07344,1.0,0.07461
Data_omni/000572_lcam_front_lidar.ply,0.25,800,0.8,0.15887,0.01169,1,0.05369,0.99999,0.06401
Data_omni/000573_lcam_front_lidar.ply,0.25,800,0.8,0.15155,0.02985,1,0.07253,0.99997,0.06535
Data_omni/000574_lcam_front_lidar.ply,0.25,800,0.8,0.17117,0.03191,1,0.0753,0.99998,0.06678
Data_omni/000575_lcam_front_lidar.ply,0.25,800,0.8,0.13318,0.03013,1,0.07477,0.99998,0.06927
Data_omni/000576_lcam_front_lidar.ply,0.25,800,0.8,0.15091,0.03486,1,0.07791,0.99999,0.06609
Data_omni/000577_lcam_front_lidar.ply,0.25,800,0.8,0.12733,0.03351,1,0.07633,0.99999,0.06565
Data_omni/000578_lcam_front_lidar.ply,0.25,800,0.8,0.20946,0.03143,1,0.07194,0.99998,0.06102
Data_omni/000579_lcam_front_lidar.ply,0.25,800,0.8,0.15182,0.03392,1,0.07693,0.99999,0.06601
Data_omni/000580_lcam_front_lidar.ply,0.25,800,0.8,0.14279,0.03235,1,0.07298,0.99998,0.06125
Data_omni/000581_lcam_front_lidar.ply,0.25,800,0.8,0.17914,0.03536,1,0.07767,0.99997,0.06461
Data_omni/000582_lcam_front_lidar.ply,0.25,800,0.8,0.14343,0.03033,1,0.0738,0.99999,0.06694
Data_omni/000583_lcam_front_lidar.ply,0.25,800,0.8,0.1436,0.0312,1,0.07724,1.0,0.07207
Data_omni/000584_lcam_front_lidar.ply,0.25,800,0.8,0.1235,0.02682,1,0.0706,0.99999,0.06757
Data_omni/000585_lcam_front_lidar.ply,0.25,800,0.8,0.1168,0.02695,1,0.06866,0.99997,0.06341
Data_omni/000586_lcam_front_lidar.ply,0.25,800,0.8,0.11236,0.02724,1,0.07183,0.99999,0.06919
Data_omni/000587_lcam_front_lidar.ply,0.25,800,0.8,0.1493,0.02047,1,0.06508,0.99999,0.06923
Data_omni/000588_lcam_front_lidar.ply,0.25,800,0.8,0.17196,0.02752,1,0.07269,1.0,0.07032
Data_omni/000589_lcam_front_lidar.ply,0.25,800,0.8,0.12373,0.02794,1,0.07384,1.0,0.0718
Data_omni/000590_lcam_front_lidar.ply,0.25,800,0.8,0.1531,-0.0055,1,0.04224,0.99992,0.07547
Data_omni/000591_lcam_front_lidar.ply,0.25,800,0.8,0.12553,0.03631,1,0.08165,1.0,0.0707
Data_omni/000592_lcam_front_lidar.ply,0.25,800,0.8,0.1205,0.02829,1,0.07361,0.99999,0.07065
Data_omni/000593_lcam_front_lidar.ply,0.25,800,0.8,0.11373,0.02512,1,0.07296,1.0,0.07569
Data_omni/000594_lcam_front_lidar.ply,0.25,800,0.8,0.1276,0.02504,1,0.07326,1.0,0.07644
Data_omni/000595_lcam_front_lidar.ply,0.25,800,0.8,0.18799,0.01449,1,0.06714,0.99999,0.0853
Data_omni/000596_lcam_front_lidar.ply,0.25,800,0.8,0.15616,0.02048,1,0.07192,1.0,0.08287
Data_omni/000597_lcam_front_lidar.ply,0.25,800,0.8,0.14305,0.01231,1,0.06444,0.99999,0.08425
Data_omni/000598_lcam_front_lidar.ply,0.25,800,0.8,0.1962,0.01576,1,0.06324,1.0,0.07495
Data_omni/000599_lcam_front_lidar.ply,0.25,800,0.8,0.16684,-0.01395,1,0.03116,0.99985,0.07017
Data_omni/000600_lcam_front_lidar.ply,0.25,800,0.8,0.1742,-0.01014,1,0.03256,0.99963,0.06533
Data_omni/000601_lcam_front_lidar.ply,0.25,800,0.8,0.20097,0.02736,1,0.06894,0.99998,0.06326
Data_omni/000602_lcam_front_lidar.ply,0.25,800,0.8,0.15185,0.02853,1,0.07285,0.99999,0.06865
Data_omni/000603_lcam_front_lidar.ply,0.25,800,0.8,0.16553,0.01799,1,0.0637,0.99999,0.07141
Data_omni/000604_lcam_front_lidar.ply,0.25,800,0.8,0.23786,-0.01772,1,0.03291,0.99993,0.08125
Data_omni/000605_lcam_front_lidar.ply,0.25,800,0.8,0.20867,-0.0251,1,0.03343,0.99987,0.09704
Data_omni/000606_lcam_front_lidar.ply,0.25,800,0.8,0.17188,-0.02468,1,0.03104,0.99988,0.09145
Data_omni/000607_lcam_front_lidar.ply,0.25,800,0.8,0.26182,-0.02226,1,0.02924,0.99989,0.083
Data_omni/000608_lcam_front_lidar.ply,0.25,800,0.8,0.18457,-0.00337,1,0.03924,0.99996,0.06524
Data_omni/000609_lcam_front_lidar.ply,0.25,800,0.8,0.16691,-0.00299,1,0.03311,0.99987,0.05219
Data_omni/000610_lcam_front_lidar.ply,0.25,800,0.8,0.19623,-0.00882,1,0.03288,0.99976,0.06337
Data_omni/000611_lcam_front_lidar.ply,0.25,800,0.8,0.25783,-0.00743,1,0.0337,0.99987,0.0623
Data_omni/000612_lcam_front_lidar.ply,0.25,800,0.8,0.15224,-0.00817,1,0.03415,0.99992,0.06465
Data_omni/000613_lcam_front_lidar.ply,0.25,800,0.8,0.17637,-0.021,1,0.03411,0.99996,0.09022
Data_omni/000614_lcam_front_lidar.ply,0.25,800,0.8,0.18359,-0.00871,1,0.03927,0.99999,0.07597
Data_omni/000615_lcam_front_lidar.ply,0.25,800,0.8,0.19505,-0.00784,1,0.03848,0.99998,0.07265
Data_omni/000616_lcam_front_lidar.ply,0.25,800,0.8,0.16467,-0.01838,1,0.03863,0.99993,0.09399
Data_omni/000617_lcam_front_lidar.ply,0.25,800,0.8,0.20265,-0.01539,1,0.03949,0.99994,0.08975
Data_omni/000618_lcam_front_lidar.ply,0.25,800,0.8,0.18355,-0.01735,1,0.03935,0.99993,0.09339
Data_omni/000619_lcam_front_lidar.ply,0.25,800,0.8,0.18234,-0.01964,1,0.03801,0.99991,0.0953
Data_omni/000620_lcam_front_lidar.ply,0.25,800,0.8,0.17375,-0.02788,1,0.03073,0.99957,0.09713
Data_omni/000621_lcam_front_lidar.ply,0.25,800,0.8,0.21808,-0.03269,1,0.02897,0.99964,0.10334
Data_omni/000622_lcam_front_lidar.ply,0.25,800,0.8,0.17571,-0.06675,1,0.18898,0.01808,0.19699
Data_omni/000623_lcam_front_lidar.ply,0.25,800,0.8,0.14798,0.12245,1,0.0362,0.99979,0.10202
Data_omni/000624_lcam_front_lidar.ply,0.25,800,0.8,0.13602,-0.02587,1,0.03668,0.99998,0.10515
Data_omni/000625_lcam_front_lidar.ply,0.25,800,0.8,0.15793,-0.01519,1,0.03484,0.99994,0.08004
Data_omni/000626_lcam_front_lidar.ply,0.25,800,0.8,0.12891,-0.02146,1,0.03514,0.99986,0.09317
Data_omni/000627_lcam_front_lidar.ply,0.25,800,0.8,0.11983,-0.02212,1,0.03373,0.99988,0.09172
Data_omni/000628_lcam_front_lidar.ply,0.25,800,0.8,0.12723,-0.05626,1,0.19554,0.0107,0.18685
Data_omni/000629_lcam_front_lidar.ply,0.25,800,0.8,0.12876,0.13416,1,0.03729,0.99997,0.08303
Data_omni/000630_lcam_front_lidar.ply,0.25,800,0.8,0.15309,-0.01031,1,0.03472,0.99997,0.07005
Data_omni/000631_lcam_front_lidar.ply,0.3,800,0.8,0.18666,-0.01652,1,0.0336,0.99996,0.08023
Data_omni/000632_lcam_front_lidar.ply,0.3,800,0.8,0.15573,-0.02723,1,0.03486,0.9999,0.10415
Data_omni/000633_lcam_front_lidar.ply,0.25,800,0.8,0.14325,-0.05074,1,0.19954,0.00812,0.18302
Data_omni/000634_lcam_front_lidar.ply,0.25,800,0.8,0.21885,0.11897,1,0.0283,0.99987,0.09619
Data_omni/000635_lcam_front_lidar.ply,0.25,800,0.8,0.15353,-0.02163,1,0.03651,0.99993,0.0963
Data_omni/000636_lcam_front_lidar.ply,0.25,800,0.8,0.14318,-0.02801,1,0.03016,0.99993,0.09634
Data_omni/000637_lcam_front_lidar.ply,0.3,800,0.8,0.16457,-0.02029,1,0.03543,0.99997,0.09146
Data_omni/000638_lcam_front_lidar.ply,0.3,800,0.8,0.15946,-0.01634,1,0.03462,0.99995,0.08191
Data_omni/000639_lcam_front_lidar.ply,0.3,800,0.8,0.15916,-0.01877,1,0.03375,0.99995,0.08504
Data_omni/000640_lcam_front_lidar.ply,0.3,800,0.8,0.17095,-0.01278,1,0.03301,0.99994,0.07158
Data_omni/000641_lcam_front_lidar.ply,0.3,800,0.8,0.15736,-0.00034,1,0.04241,0.99998,0.06551
Data_omni/000642_lcam_front_lidar.ply,0.25,800,0.8,0.14767,-0.01378,1,0.03273,0.99986,0.07298
Data_omni/000643_lcam_front_lidar.ply,0.25,800,0.8,0.18592,-0.01335,1,0.03166,0.99971,0.06997
Data_omni/000644_lcam_front_lidar.ply,0.3,800,0.8,0.16667,-0.01815,1,0.03177,0.99963,0.0798
Data_omni/000645_lcam_front_lidar.ply,0.3,800,0.8,0.17086,-0.01705,1,0.03167,0.99981,0.07749
Data_omni/000646_lcam_front_lidar.ply,0.25,800,0.8,0.12945,-0.00059,1,0.04156,0.99997,0.06436
Data_omni/000647_lcam_front_lidar.ply,0.25,800,0.8,0.1467,-0.00085,1,0.04116,0.99997,0.06403
Data_omni/000648_lcam_front_lidar.ply,0.25,800,0.8,0.11917,-0.00187,1,0.04111,0.99997,0.06596
Data_omni/000649_lcam_front_lidar.ply,0.25,800,0.8,0.12602,0.00325,1,0.0407,0.99996,0.0549
Data_omni/000650_lcam_front_lidar.ply,0.25,800,0.8,0.18892,0.00128,1,0.04017,0.99996,0.05778
Data_omni/000651_lcam_front_lidar.ply,0.25,800,0.8,0.13524,0.00149,1,0.0394,0.99996,0.05581
Data_omni/000652_lcam_front_lidar.ply,0.25,800,0.8,0.14274,0.0002,1,0.03988,0.99997,0.05936
Data_omni/000653_lcam_front_lidar.ply,0.25,800,0.8,0.17589,0.0068,1,0.04687,0.99998,0.06014
Data_omni/000654_lcam_front_lidar.ply,0.25,800,0.8,0.13517,-0.00101,1,0.03105,0.9999,0.04409
Data_omni/000655_lcam_front_lidar.ply,0.25,800,0.8,0.13725,0.00136,1,0.03336,0.99991,0.044
Data_omni/000656_lcam_front_lidar.ply,0.25,800,0.8,0.14441,0.00367,1,0.04268,0.99997,0.05803
Data_omni/000657_lcam_front_lidar.ply,0.25,800,0.8,0.13465,0.00555,1,0.04542,0.99997,0.05975
Data_omni/000658_lcam_front_lidar.ply,0.25,800,0.8,0.15888,0.00602,1,0.05798,0.99998,0.08393
Data_omni/000659_lcam_front_lidar.ply,0.25,800,0.8,0.15882,0.0034,1,0.04566,0.99995,0.06451
Data_omni/000660_lcam_front_lidar.ply,0.25,800,0.8,0.14575,-0.00685,1,0.03842,0.99989,0.07052
Data_omni/000661_lcam_front_lidar.ply,0.25,800,0.8,0.14182,0.01354,1,0.05869,0.99994,0.07032
Data_omni/000662_lcam_front_lidar.ply,0.25,800,0.8,0.14301,0.01191,1,0.05923,0.99992,0.07465
Data_omni/000663_lcam_front_lidar.ply,0.25,800,0.8,0.16473,0.01292,1,0.06031,0.99991,0.07477
Data_omni/000664_lcam_front_lidar.ply,0.25,800,0.8,0.13829,0.01899,1,0.06009,0.99995,0.06222
Data_omni/000665_lcam_front_lidar.ply,0.25,800,0.8,0.13341,0.01866,1,0.06292,0.99997,0.06853
Data_omni/000666_lcam_front_lidar.ply,0.25,800,0.8,0.16099,0.01966,1,0.06312,0.99996,0.06691
Data_omni/000667_lcam_front_lidar.ply,0.25,800,0.8,0.12843,-0.02337,1,0.04834,0.99925,0.12321
Data_omni/000668_lcam_front_lidar.ply,0.25,800,0.8,0.15113,-0.01212,1,0.0306,0.99987,0.06564
Data_omni/000669_lcam_front_lidar.ply,0.25,800,0.8,0.14104,-0.02337,1,0.04802,0.99966,0.12272
Data_omni/000670_lcam_front_lidar.ply,0.25,800,0.8,0.17232,-0.02755,1,0.04955,0.99945,0.13414
Data_omni/000671_lcam_front_lidar.ply,0.3,800,0.8,0.15541,0.01695,1,0.08511,0.99969,0.11639
Data_omni/000672_lcam_front_lidar.ply,0.3,500,0.8,0.25186,-0.00539,1,0.04615,0.99993,0.08314
Data_omni/000673_lcam_front_lidar.ply,0.3,800,0.8,0.15021,0.01559,1,0.08565,0.99964,0.12003
Data_omni/000674_lcam_front_lidar.ply,0.3,800,0.8,0.13756,0.02852,1,0.0823,0.99972,0.08759
Data_omni/000675_lcam_front_lidar.ply,0.3,800,0.8,0.15579,0.01886,1,0.0791,0.99976,0.10049
Data_omni/000676_lcam_front_lidar.ply,0.3,800,0.8,0.13773,-0.04927,1,0.00756,0.88644,0.05968
Data_omni/000677_lcam_front_lidar.ply,0.3,800,0.8,0.14359,-0.02864,1,0.00528,0.84358,0.03498
Data_omni/000678_lcam_front_lidar.ply,0.3,800,0.8,0.13419,0.03905,1,0.08331,0.99981,0.1154
Data_omni/000679_lcam_front_lidar.ply,0.25,800,0.8,0.16588,0.0308,1,0.07458,0.99994,0.0676
Data_omni/000680_lcam_front_lidar.ply,0.25,800,0.8,0.1674,0.01895,1,0.07647,0.99981,0.09499
Data_omni/000681_lcam_front_lidar.ply,0.25,800,0.8,0.13391,0.02405,1,0.07948,0.99984,0.09087
Data_omni/000682_lcam_front_lidar.ply,0.25,800,0.8,0.18086,0.02895,1,0.07589,0.99994,0.07391
Data_omni/000683_lcam_front_lidar.ply,0.25,800,0.8,0.14342,0.02724,1,0.07415,0.99992,0.07381
Data_omni/000684_lcam_front_lidar.ply,0.3,800,0.8,0.13376,0.03229,1,0.07762,0.99998,0.07069
Data_omni/000685_lcam_front_lidar.ply,0.3,800,0.8,0.14267,0.02408,1,0.08618,0.99978,0.10415
Data_omni/000686_lcam_front_lidar.ply,0.3,800,0.8,0.14,0.03015,1,0.08146,0.9999,0.08266
Data_omni/000687_lcam_front_lidar.ply,0.25,800,0.8,0.12758,0.03062,1,0.07445,0.99992,0.06767
Data_omni/000688_lcam_front_lidar.ply,0.25,800,0.8,0.12324,0.02995,1,0.07254,0.99991,0.06517
Data_omni/000689_lcam_front_lidar.ply,0.25,800,0.8,0.13437,0.02958,1,0.08283,0.99974,0.08645
Data_omni/000690_lcam_front_lidar.ply,0.25,800,0.8,0.13256,0.02766,1,0.07556,0.99987,0.07585
Data_omni/000691_lcam_front_lidar.ply,0.25,800,0.8,0.13292,0.02343,1,0.08895,0.99945,0.11091
Data_omni/000692_lcam_front_lidar.ply,0.3,800,0.85,0.14812,0.01653,1,0.0873,0.99946,0.12155
Data_omni/000693_lcam_front_lidar.ply,0.3,800,0.8,0.13305,0.01774,1,0.08711,0.99947,0.11875
Data_omni/000694_lcam_front_lidar.ply,0.3,800,0.8,0.14045,0.02786,1,0.08657,0.99949,0.09743
Data_omni/000695_lcam_front_lidar.ply,0.3,800,0.8,0.12641,0.0231,1,0.08817,0.99945,0.11011
Data_omni/000696_lcam_front_lidar.ply,0.3,800,0.8,0.16431,0.02364,1,0.08434,0.99975,0.1015
Data_omni/000697_lcam_front_lidar.ply,0.3,800,0.85,0.12883,0.01989,1,0.07439,0.99977,0.08901
Data_omni/000698_lcam_front_lidar.ply,0.25,800,0.8,0.1209,0.02558,1,0.08533,0.99972,0.09949
Data_omni/000699_lcam_front_lidar.ply,0.25,800,0.8,0.12032,0.01825,1,0.08224,0.99944,0.10791
Data_omni/000700_lcam_front_lidar.ply,0.25,800,0.8,0.16348,-0.04051,1,0.04577,0.99917,0.15248
Data_omni/000701_lcam_front_lidar.ply,0.25,800,0.8,0.1592,0.00287,1,0.0351,0.99988,0.04467
Data_omni/000702_lcam_front_lidar.ply,0.25,800,0.8,0.16117,-0.02371,1,0.0367,0.9991,0.10058
Data_omni/000703_lcam_front_lidar.ply,0.25,800,0.8,0.18283,-0.02454,1,0.04304,0.99922,0.1152
Data_omni/000704_lcam_front_lidar.ply,0.25,800,0.8,0.15688,-0.00153,1,0.03649,0.99978,0.05621
Data_omni/000705_lcam_front_lidar.ply,0.25,800,0.8,0.14406,-0.02318,1,0.05178,0.99911,0.12972
Data_omni/000706_lcam_front_lidar.ply,0.25,800,0.8,0.15767,0.01739,1,0.08169,0.99967,0.10877
Data_omni/000707_lcam_front_lidar.ply,0.25,800,0.8,0.16094,0.0293,1,0.09565,0.99969,0.1127
Data_omni/000708_lcam_front_lidar.ply,0.25,800,0.8,0.14226,0.03364,1,0.07855,0.99991,0.06989
Data_omni/000709_lcam_front_lidar.ply,0.25,800,0.8,0.15023,0.0498,1,0.09103,0.99994,0.06245
Data_omni/000710_lcam_front_lidar.ply,0.25,800,0.8,0.15537,0.03311,1,0.07717,0.99996,0.06812
Data_omni/000711_lcam_front_lidar.ply,0.25,800,0.8,0.15889,0.0173,1,0.07715,0.99983,0.09967
Data_omni/000712_lcam_front_lidar.ply,0.25,800,0.8,0.16457,0.0147,1,0.07741,0.99976,0.10541
Data_omni/000713_lcam_front_lidar.ply,0.25,800,0.8,0.14953,0.02971,1,0.07673,0.99994,0.07408
Data_omni/000714_lcam_front_lidar.ply,0.25,800,0.8,0.15372,0.02082,1,0.08062,0.99986,0.09957
Data_omni/000715_lcam_front_lidar.ply,0.25,800,0.8,0.18033,0.04953,1,0.103,0.99997,0.08696
Data_omni/000716_lcam_front_lidar.ply,0.25,800,0.8,0.13331,0.05718,1,0.10743,0.99997,0.0805
Data_omni/000717_lcam_front_lidar.ply,0.25,800,0.8,0.14791,0.06288,1,0.11633,0.99999,0.08691
Data_omni/000718_lcam_front_lidar.ply,0.3,800,0.8,0.16861,0.05992,1,0.1534,0.99997,0.16696
Data_omni/000719_lcam_front_lidar.ply,0.25,800,0.8,0.14332,0.06828,1,0.1244,0.99999,0.09225
Data_omni/000720_lcam_front_lidar.ply,0.25,800,0.8,0.15006,0.06954,1,0.12244,0.99999,0.08578
Data_omni/000721_lcam_front_lidar.ply,0.25,800,0.8,0.1523,0.06747,1,0.12672,1.0,0.0985
Data_omni/000722_lcam_front_lidar.ply,0.25,800,0.8,0.14294,0.07689,1,0.13396,1.0,0.09415
Data_omni/000723_lcam_front_lidar.ply,0.25,800,0.8,0.12799,0.06487,1,0.12514,0.99999,0.10054
Data_omni/000724_lcam_front_lidar.ply,0.3,800,0.8,0.13617,0.06672,1,0.13956,0.99998,0.12567
Data_omni/000725_lcam_front_lidar.ply,0.25,800,0.8,0.19122,0.06123,1,0.12261,0.99999,0.10276
Data_omni/000726_lcam_front_lidar.ply,0.25,800,0.8,0.1371,0.0658,1,0.12103,0.99999,0.09046
Data_omni/000727_lcam_front_lidar.ply,0.25,800,0.8,0.13114,0.07986,1,0.13622,0.99999,0.09271
Data_omni/000728_lcam_front_lidar.ply,0.25,800,0.8,0.18151,0.07245,1,0.13237,0.99999,0.09985
Data_omni/000729_lcam_front_lidar.ply,0.25,800,0.8,0.14384,0.07085,1,0.12444,0.99999,0.08719
Data_omni/000730_lcam_front_lidar.ply,0.25,800,0.8,0.13587,0.07079,1,0.12223,1.0,0.08289
Data_omni/000731_lcam_front_lidar.ply,0.25,800,0.8,0.14297,0.06728,1,0.12878,0.99999,0.10299
Data_omni/000732_lcam_front_lidar.ply,0.25,800,0.8,0.14069,0.06854,1,0.12661,0.99999,0.09615
Data_omni/000733_lcam_front_lidar.ply,0.25,800,0.8,0.17023,0.073,1,0.12878,1.0,0.09157
Data_omni/000734_lcam_front_lidar.ply,0.25,800,0.8,0.15718,0.06262,1,0.11928,0.99999,0.0933
Data_omni/000735_lcam_front_lidar.ply,0.25,800,0.8,0.16092,0.06129,1,0.11486,0.99999,0.08714
Data_omni/000736_lcam_front_lidar.ply,0.25,800,0.8,0.13223,0.05911,1,0.10942,0.99999,0.08063
Data_omni/000737_lcam_front_lidar.ply,0.25,800,0.8,0.13248,0.05991,1,0.11192,0.99999,0.08403
Data_omni/000738_lcam_front_lidar.ply,0.25,800,0.8,0.18004,0.0716,1,0.12004,0.99999,0.07687
Data_omni/000739_lcam_front_lidar.ply,0.25,800,0.8,0.13504,0.05812,1,0.11266,0.99999,0.08909
Data_omni/000740_lcam_front_lidar.ply,0.25,800,0.8,0.16017,0.05586,1,0.11312,0.99999,0.09452
Data_omni/000741_lcam_front_lidar.ply,0.25,800,0.8,0.19089,0.05513,1,0.1123,0.99998,0.09432
Data_omni/000742_lcam_front_lidar.ply,0.25,800,0.8,0.14957,0.06326,1,0.11718,1.0,0.08785
Data_omni/000743_lcam_front_lidar.ply,0.25,800,0.8,0.15308,0.06623,1,0.11968,1.0,0.0869
Data_omni/000744_lcam_front_lidar.ply,0.25,800,0.8,0.14357,0.05686,1,0.10939,0.99999,0.08506
Data_omni/000745_lcam_front_lidar.ply,0.25,800,0.8,0.1589,0.05553,1,0.10625,1.0,0.08144
Data_omni/000746_lcam_front_lidar.ply,0.25,800,0.8,0.1757,0.05623,1,0.0959,0.99998,0.05932
Data_omni/000747_lcam_front_lidar.ply,0.25,800,0.8,0.17331,0.0527,1,0.09227,0.99996,0.05915
Data_omni/000748_lcam_front_lidar.ply,0.25,800,0.8,0.15876,0.05483,1,0.09298,0.99997,0.05631
Data_omni/000749_lcam_front_lidar.ply,0.25,800,0.8,0.15826,0.05159,1,0.09572,0.99994,0.06826
Data_omni/000750_lcam_front_lidar.ply,0.25,800,0.8,0.19342,0.05101,1,0.09291,0.99995,0.06381
Data_omni/000751_lcam_front_lidar.ply,0.25,800,0.8,0.13687,0.05575,1,0.09256,0.99997,0.05364
Data_omni/000752_lcam_front_lidar.ply,0.25,800,0.8,0.14786,0.04635,1,0.09298,0.99992,0.07326
Data_omni/000753_lcam_front_lidar.ply,0.25,800,0.8,0.16849,0.07695,1,0.1173,0.99993,0.06072
Data_omni/000754_lcam_front_lidar.ply,0.25,800,0.8,0.18739,0.04675,1,0.08918,0.99994,0.06487
Data_omni/000755_lcam_front_lidar.ply,0.25,800,0.8,0.18881,0.04493,1,0.09012,0.99993,0.07038
Data_omni/000756_lcam_front_lidar.ply,0.25,800,0.8,0.1553,0.04561,1,0.09338,0.99992,0.07553
Data_omni/000757_lcam_front_lidar.ply,0.25,800,0.8,0.18049,0.04262,1,0.08971,0.99992,0.07419
Data_omni/000758_lcam_front_lidar.ply,0.25,800,0.8,0.15137,0.04655,1,0.08895,0.99992,0.0648
Data_omni/000759_lcam_front_lidar.ply,0.25,800,0.8,0.16487,0.07781,1,0.11871,0.99994,0.06181
Data_omni/000760_lcam_front_lidar.ply,0.25,800,0.8,0.18668,0.04229,1,0.08898,0.99992,0.07337
Data_omni/000761_lcam_front_lidar.ply,0.25,800,0.8,0.17621,0.03753,1,0.09044,0.9999,0.08582
Data_omni/000762_lcam_front_lidar.ply,0.25,800,0.8,0.16194,0.03548,1,0.08606,0.99991,0.08117
Data_omni/000763_lcam_front_lidar.ply,0.25,800,0.8,0.16594,-0.01518,1,0.03605,0.99912,0.08223
Data_omni/000764_lcam_front_lidar.ply,0.25,800,0.8,0.16229,-0.00521,1,0.0479,0.99981,0.08643
Data_omni/000765_lcam_front_lidar.ply,0.25,800,0.8,0.14114,-0.00118,1,0.04939,0.99985,0.08116
Data_omni/000766_lcam_front_lidar.ply,0.25,800,0.8,0.22276,0.04906,1,0.08448,0.99997,0.05087
Data_omni/000767_lcam_front_lidar.ply,0.25,800,0.8,0.17546,0.00908,1,0.0562,0.99987,0.07423
Data_omni/000768_lcam_front_lidar.ply,0.25,800,0.8,0.14569,-0.15998,1,0.0,0.0,0.0
Data_omni/000769_lcam_front_lidar.ply,0.25,800,0.8,0.24771,0.15782,1,0.05164,0.99986,0.06758
Data_omni/000770_lcam_front_lidar.ply,0.25,800,0.8,0.14251,-0.15998,1,0.0,0.0,0.0
Data_omni/000771_lcam_front_lidar.ply,0.25,800,0.8,0.18128,0.1436,1,0.04258,0.99943,0.0778
Data_omni/000772_lcam_front_lidar.ply,0.25,800,0.8,0.14827,-0.0063,1,0.04211,0.99954,0.07686
Data_omni/000773_lcam_front_lidar.ply,0.25,800,0.8,0.14229,-0.0058,1,0.04297,0.99934,0.07748
Data_omni/000774_lcam_front_lidar.ply,0.25,800,0.8,0.15011,-0.00319,1,0.04347,0.99952,0.07338
Data_omni/000775_lcam_front_lidar.ply,0.25,800,0.8,0.16089,-0.00331,1,0.0438,0.99961,0.07425
Data_omni/000776_lcam_front_lidar.ply,0.25,800,0.8,0.17183,-0.00148,1,0.04366,0.99956,0.07026
Data_omni/000777_lcam_front_lidar.ply,0.25,800,0.8,0.14591,0.00048,1,0.04333,0.99962,0.06571
Data_omni/000778_lcam_front_lidar.ply,0.25,800,0.8,0.1586,0.00422,1,0.04506,0.99971,0.06172
Data_omni/000779_lcam_front_lidar.ply,0.25,800,0.8,0.20222,0.00588,1,0.04504,0.9997,0.05831
Data_omni/000780_lcam_front_lidar.ply,0.25,800,0.8,0.16347,0.00884,1,0.04615,0.99975,0.05465
Data_omni/000781_lcam_front_lidar.ply,0.25,800,0.8,0.18783,0.00922,1,0.04566,0.99978,0.05289
Data_omni/000782_lcam_front_lidar.ply,0.25,800,0.8,0.21563,0.00932,1,0.04607,0.99981,0.05353
Data_omni/000783_lcam_front_lidar.ply,0.25,800,0.8,0.1587,0.01255,1,0.04421,0.99991,0.04335
Data_omni/000784_lcam_front_lidar.ply,0.25,800,0.8,0.16002,0.01231,1,0.04472,0.99993,0.04483
Data_omni/000785_lcam_front_lidar.ply,0.25,800,0.8,0.21205,0.01596,1,0.0462,0.99993,0.04048
Data_omni/000786_lcam_front_lidar.ply,0.25,800,0.8,0.18313,0.01553,1,0.04564,0.99995,0.04023
Data_omni/000787_lcam_front_lidar.ply,0.25,800,0.8,0.19114,0.01827,1,0.04618,0.99994,0.03581
Data_omni/000788_lcam_front_lidar.ply,0.25,800,0.8,0.2189,0.01428,1,0.04747,0.99991,0.04637
Data_omni/000789_lcam_front_lidar.ply,0.25,800,0.8,0.17627,0.01691,1,0.05396,0.99993,0.05409
Data_omni/000790_lcam_front_lidar.ply,0.25,800,0.8,0.16309,0.05156,1,0.08772,0.99999,0.05233
Data_omni/000791_lcam_front_lidar.ply,0.25,800,0.8,0.21768,0.04991,1,0.08818,0.99999,0.05654
Data_omni/000792_lcam_front_lidar.ply,0.25,800,0.8,0.1658,0.04961,1,0.08879,0.99999,0.05836
Data_omni/000793_lcam_front_lidar.ply,0.25,800,0.8,0.18788,0.04783,1,0.08885,0.99998,0.06205
Data_omni/000794_lcam_front_lidar.ply,0.25,800,0.8,0.2012,-0.09975,1,0.01472,0.99851,0.20848
Data_omni/000795_lcam_front_lidar.ply,0.25,800,0.8,0.15261,-0.10102,1,0.01408,0.99944,0.21049
Data_omni/000796_lcam_front_lidar.ply,0.25,800,0.8,0.15703,-0.03644,1,0.01101,0.99305,0.07298
Data_omni/000797_lcam_front_lidar.ply,0.25,800,0.8,0.15432,0.05119,1,0.10216,0.99991,0.08401
Data_omni/000798_lcam_front_lidar.ply,0.25,800,0.8,0.1473,-0.15999,1,0.0,0.0,0.0
Data_omni/000799_lcam_front_lidar.ply,0.25,800,0.8,0.16663,0.20018,1,0.10606,0.99994,0.09175
Data_omni/000800_lcam_front_lidar.ply,0.25,800,0.8,0.12784,-0.15999,1,0.0,0.0,0.0
Data_omni/000801_lcam_front_lidar.ply,0.25,800,0.8,0.1413,0.18874,1,0.0952,0.99994,0.09292
Data_omni/000802_lcam_front_lidar.ply,0.25,800,0.8,0.13175,-0.15999,1,0.0,0.0,0.0
Data_omni/000803_lcam_front_lidar.ply,0.25,800,0.8,0.17419,0.18874,1,0.0929,0.99992,0.0883
Data_omni/000804_lcam_front_lidar.ply,0.25,800,0.8,0.17705,-0.04916,1,0.0127,0.99896,0.10342
Data_omni/000805_lcam_front_lidar.ply,0.25,800,0.8,0.13881,0.04347,1,0.09526,0.99992,0.08387
Data_omni/000806_lcam_front_lidar.ply,0.25,800,0.8,0.13732,0.03664,1,0.0968,0.99986,0.1003
Data_omni/000807_lcam_front_lidar.ply,0.25,800,0.8,0.17877,-0.15998,1,0.0,0.0,0.0
Data_omni/000808_lcam_front_lidar.ply,0.25,800,0.8,0.13004,0.18901,1,0.09537,0.99993,0.0927
Data_omni/000809_lcam_front_lidar.ply,0.25,800,0.8,0.14365,0.03426,1,0.09572,0.99989,0.1029
Data_omni/000810_lcam_front_lidar.ply,0.25,800,0.8,0.14259,-0.04339,1,0.01188,0.99845,0.09011
Data_omni/000811_lcam_front_lidar.ply,0.25,800,0.8,0.14977,0.04144,1,0.09027,0.99996,0.07811
Data_omni/000812_lcam_front_lidar.ply,0.25,800,0.8,0.15513,0.03667,1,0.09144,0.99992,0.08954
Data_omni/000813_lcam_front_lidar.ply,0.25,800,0.8,0.12554,0.04035,1,0.09243,0.99993,0.08414
Data_omni/000814_lcam_front_lidar.ply,0.25,800,0.8,0.1754,0.03445,1,0.08984,0.99992,0.09077
Data_omni/000815_lcam_front_lidar.ply,0.25,800,0.8,0.14282,0.03141,1,0.09285,0.99995,0.10288
Data_omni/000816_lcam_front_lidar.ply,0.25,800,0.8,0.14515,0.03677,1,0.08669,0.99999,0.07985
Data_omni/000817_lcam_front_lidar.ply,0.25,800,0.8,0.20375,0.03878,1,0.08657,0.99999,0.07558
Data_omni/000818_lcam_front_lidar.ply,0.25,800,0.8,0.15106,0.04319,1,0.08818,1.0,0.06999
Data_omni/000819_lcam_front_lidar.ply,0.25,800,0.8,0.13861,0.03832,1,0.08835,0.99999,0.08007
Data_omni/000820_lcam_front_lidar.ply,0.25,800,0.8,0.13352,0.03791,1,0.08764,0.99999,0.07947
Data_omni/000821_lcam_front_lidar.ply,0.25,800,0.8,0.15633,0.03216,1,0.08877,0.99997,0.09322
Data_omni/000822_lcam_front_lidar.ply,0.25,800,0.8,0.13709,0.04108,1,0.08892,1.0,0.07567
Data_omni/000823_lcam_front_lidar.ply,0.25,800,0.8,0.13932,0.03811,1,0.09281,0.99998,0.08939
Data_omni/000824_lcam_front_lidar.ply,0.25,800,0.8,0.14875,0.03444,1,0.09199,0.99996,0.0951
Data_omni/000825_lcam_front_lidar.ply,0.25,800,0.8,0.13021,0.04788,1,0.1058,0.99995,0.09584
Data_omni/000826_lcam_front_lidar.ply,0.25,800,0.8,0.16362,0.04527,1,0.09857,0.99998,0.08661
Data_omni/000827_lcam_front_lidar.ply,0.25,800,0.8,0.18253,0.05409,1,0.1086,0.99993,0.089
Data_omni/000828_lcam_front_lidar.ply,0.25,800,0.8,0.14294,0.04719,1,0.10338,0.99993,0.09237
Data_omni/000829_lcam_front_lidar.ply,0.25,800,0.8,0.15198,0.05446,1,0.09496,0.99998,0.06103
Data_omni/000830_lcam_front_lidar.ply,0.25,800,0.8,0.12917,0.05307,1,0.10616,0.99989,0.08615
Data_omni/000831_lcam_front_lidar.ply,0.25,800,0.8,0.13175,0.05353,1,0.09339,1.0,0.05974
Data_omni/000832_lcam_front_lidar.ply,0.25,800,0.8,0.13091,0.04297,1,0.09688,0.99994,0.08781
Data_omni/000833_lcam_front_lidar.ply,0.25,800,0.8,0.15916,0.06451,1,0.1137,0.99996,0.07839
Data_omni/000834_lcam_front_lidar.ply,0.25,800,0.8,0.18517,0.05953,1,0.11641,0.99982,0.09371
Data_omni/000835_lcam_front_lidar.ply,0.25,800,0.8,0.12456,0.06499,1,0.11597,0.9999,0.08197
Data_omni/000836_lcam_front_lidar.ply,0.25,800,0.8,0.11826,0.06009,1,0.12527,0.99993,0.11037
Data_omni/000837_lcam_front_lidar.ply,0.25,800,0.8,0.11153,0.05171,1,0.11745,0.99981,0.11145
Data_omni/000838_lcam_front_lidar.ply,0.25,800,0.8,0.12654,0.04048,1,0.11031,0.99989,0.11969
Data_omni/000839_lcam_front_lidar.ply,0.25,800,0.8,0.0965,0.043,1,0.11533,0.99987,0.12466
Data_omni/000840_lcam_front_lidar.ply,0.25,800,0.8,0.10282,0.04995,1,0.11073,0.99993,0.10157
Data_omni/000841_lcam_front_lidar.ply,0.25,800,0.8,0.13977,0.05312,1,0.11527,0.99981,0.10426
Data_omni/000842_lcam_front_lidar.ply,0.25,800,0.8,0.12114,0.05304,1,0.10117,0.99989,0.07628
Data_omni/000843_lcam_front_lidar.ply,0.25,800,0.8,0.09782,0.04407,1,0.0908,0.9999,0.07347
Data_omni/000844_lcam_front_lidar.ply,0.25,800,0.8,0.09746,0.0501,1,0.09406,0.99994,0.06793
Data_omni/000845_lcam_front_lidar.ply,0.25,800,0.8,0.11777,0.05417,1,0.10553,0.99986,0.08271
Data_omni/000846_lcam_front_lidar.ply,0.25,800,0.8,0.10399,0.05469,1,0.08316,1.0,0.03699
Data_omni/000847_lcam_front_lidar.ply,0.25,800,0.8,0.09496,0.04987,1,0.08624,0.99997,0.05274
Data_omni/000848_lcam_front_lidar.ply,0.25,800,0.8,0.12707,0.0533,1,0.08754,0.99998,0.04848
Data_omni/000849_lcam_front_lidar.ply,0.25,800,0.8,0.10182,0.0094,1,0.05087,0.99994,0.06293
Data_omni/000850_lcam_front_lidar.ply,0.25,800,0.8,0.10656,0.04295,1,0.07262,1.0,0.03937
Data_omni/000851_lcam_front_lidar.ply,0.25,800,0.8,0.09553,0.04375,1,0.07739,1.0,0.04729
Data_omni/000852_lcam_front_lidar.ply,0.25,800,0.8,0.12462,0.04867,1,0.08038,1.0,0.04343
Data_omni/000853_lcam_front_lidar.ply,0.25,800,0.8,0.09669,0.04774,1,0.08232,0.99999,0.04915
Data_omni/000854_lcam_front_lidar.ply,0.25,800,0.8,0.10616,0.05127,1,0.08755,0.99999,0.05257
Data_omni/000855_lcam_front_lidar.ply,0.25,800,0.8,0.13956,0.05171,1,0.084,1.0,0.04458
Data_omni/000856_lcam_front_lidar.ply,0.25,800,0.8,0.1155,0.05275,1,0.08742,1.0,0.04935
Data_omni/000857_lcam_front_lidar.ply,0.25,800,0.8,0.12872,0.05342,1,0.08869,0.99999,0.05054
Data_omni/000858_lcam_front_lidar.ply,0.25,800,0.8,0.14138,0.05022,1,0.09235,1.0,0.06427
Data_omni/000859_lcam_front_lidar.ply,0.25,800,0.8,0.11975,0.06534,1,0.11262,0.99998,0.07455
Data_omni/000860_lcam_front_lidar.ply,0.25,800,0.8,0.14261,0.0626,1,0.10748,0.99995,0.06975
Data_omni/000861_lcam_front_lidar.ply,0.25,800,0.8,0.13721,0.04541,1,0.08533,0.99999,0.05987
Data_omni/000862_lcam_front_lidar.ply,0.25,800,0.8,0.11704,0.04622,1,0.08282,1.0,0.0532
Data_omni/000863_lcam_front_lidar.ply,0.25,800,0.8,0.12671,0.04699,1,0.0824,1.0,0.05081
Data_omni/000864_lcam_front_lidar.ply,0.25,800,0.8,0.19959,0.04376,1,0.08534,0.99999,0.06316
Data_omni/000865_lcam_front_lidar.ply,0.25,800,0.8,0.14368,0.05962,1,0.10754,0.99993,0.07582
Data_omni/000866_lcam_front_lidar.ply,0.25,800,0.8,0.12473,0.04581,1,0.08884,0.99999,0.06609
Data_omni/000867_lcam_front_lidar.ply,0.25,800,0.8,0.13384,0.04963,1,0.08869,0.99999,0.05812
Data_omni/000868_lcam_front_lidar.ply,0.25,800,0.8,0.13134,0.04874,1,0.08945,0.99999,0.06142
Data_omni/000869_lcam_front_lidar.ply,0.25,800,0.8,0.11311,0.049,1,0.08793,0.99999,0.05785
Data_omni/000870_lcam_front_lidar.ply,0.3,800,0.8,0.13082,0.04936,1,0.08908,0.99998,0.05944
Data_omni/000871_lcam_front_lidar.ply,0.25,800,0.8,0.18183,0.05224,1,0.08616,1.0,0.04786
Data_omni/000872_lcam_front_lidar.ply,0.25,800,0.8,0.12174,0.05323,1,0.09009,0.99998,0.05372
Data_omni/000873_lcam_front_lidar.ply,0.25,800,0.8,0.10928,0.05335,1,0.09052,0.99998,0.05433
Data_omni/000874_lcam_front_lidar.ply,0.25,800,0.8,0.11743,0.05443,1,0.0917,0.99997,0.05454
Data_omni/000875_lcam_front_lidar.ply,0.25,800,0.8,0.15903,0.05504,1,0.08896,1.0,0.04786
Data_omni/000876_lcam_front_lidar.ply,0.25,800,0.8,0.13306,0.05719,1,0.09203,1.0,0.04969
Data_omni/000877_lcam_front_lidar.ply,0.25,800,0.8,0.12809,0.05457,1,0.09204,1.0,0.05493
Data_omni/000878_lcam_front_lidar.ply,0.25,800,0.8,0.11524,0.05611,1,0.09241,1.0,0.0526
Data_omni/000879_lcam_front_lidar.ply,0.25,800,0.8,0.11157,0.05592,1,0.09131,1.0,0.05078
Data_omni/000880_lcam_front_lidar.ply,0.25,800,0.8,0.1196,0.05789,1,0.09222,1.0,0.04865
Data_omni/000881_lcam_front_lidar.ply,0.25,800,0.8,0.10846,0.05882,1,0.09551,1.0,0.05338
Data_omni/000882_lcam_front_lidar.ply,0.25,800,0.8,0.13505,0.06192,1,0.10659,0.99999,0.06935
Data_omni/000883_lcam_front_lidar.ply,0.25,800,0.8,0.11168,0.062,1,0.10841,0.99999,0.07281
Data_omni/000884_lcam_front_lidar.ply,0.25,800,0.8,0.0953,0.06438,1,0.10645,1.0,0.06415
Data_omni/000885_lcam_front_lidar.ply,0.25,800,0.8,0.11212,0.05327,1,0.09241,0.99998,0.05828
Data_omni/000886_lcam_front_lidar.ply,0.25,800,0.8,0.13326,0.05706,1,0.09288,0.99999,0.05164
Data_omni/000887_lcam_front_lidar.ply,0.25,800,0.8,0.12266,0.05653,1,0.09553,0.99999,0.05801
Data_omni/000888_lcam_front_lidar.ply,0.25,800,0.8,0.10261,0.0585,1,0.09532,0.99999,0.05364
Data_omni/000889_lcam_front_lidar.ply,0.25,800,0.8,0.12114,0.06748,1,0.10688,0.99998,0.0588
Data_omni/000890_lcam_front_lidar.ply,0.25,800,0.8,0.10631,0.06575,1,0.10572,0.99997,0.05993
Data_omni/000891_lcam_front_lidar.ply,0.25,800,0.8,0.11218,0.06651,1,0.10505,0.99998,0.05707
Data_omni/000892_lcam_front_lidar.ply,0.25,800,0.8,0.1,0.05874,1,0.09542,0.99999,0.05336
Data_omni/000893_lcam_front_lidar.ply,0.25,800,0.8,0.11538,0.06766,1,0.10868,0.99996,0.06202
Data_omni/000894_lcam_front_lidar.ply,0.25,800,0.8,0.13439,0.06365,1,0.09638,1.0,0.04546
Data_omni/000895_lcam_front_lidar.ply,0.25,800,0.8,0.09965,0.0625,1,0.0941,1.0,0.04319
Data_omni/000896_lcam_front_lidar.ply,0.25,800,0.8,0.10109,0.07096,1,0.10777,0.99997,0.0536
Data_omni/000897_lcam_front_lidar.ply,0.25,800,0.8,0.11294,0.06325,1,0.09357,1.0,0.04065
Data_omni/000898_lcam_front_lidar.ply,0.25,800,0.8,0.12453,0.062,1,0.09697,0.99999,0.04994
Data_omni/000899_lcam_front_lidar.ply,0.25,800,0.8,0.12059,0.05981,1,0.09355,0.99999,0.04747
Data_omni/000900_lcam_front_lidar.ply,0.25,800,0.8,0.11195,0.05976,1,0.09414,0.99999,0.04876
Data_omni/000901_lcam_front_lidar.ply,0.25,800,0.8,0.11001,0.05775,1,0.09353,0.99998,0.05157
Data_omni/000902_lcam_front_lidar.ply,0.25,800,0.8,0.15098,0.05748,1,0.09219,0.99999,0.04941
Data_omni/000903_lcam_front_lidar.ply,0.25,800,0.8,0.10512,0.05852,1,0.09449,0.99998,0.05195
Data_omni/000904_lcam_front_lidar.ply,0.25,800,0.8,0.11194,0.05575,1,0.09562,0.99995,0.05974
Data_omni/000905_lcam_front_lidar.ply,0.25,800,0.8,0.12702,0.05616,1,0.09482,0.99992,0.05732
Data_omni/000906_lcam_front_lidar.ply,0.25,800,0.8,0.19618,0.05902,1,0.09647,0.99996,0.05491
Data_omni/000907_lcam_front_lidar.ply,0.25,800,0.8,0.10795,0.05914,1,0.09635,0.99997,0.05442
Data_omni/000908_lcam_front_lidar.ply,0.25,800,0.8,0.12274,0.05864,1,0.09764,0.99997,0.05801
Data_omni/000909_lcam_front_lidar.ply,0.25,800,0.8,0.11298,0.05803,1,0.09708,0.99994,0.05809
Data_omni/000910_lcam_front_lidar.ply,0.25,800,0.8,0.10864,0.07092,1,0.10885,0.99991,0.05587
Data_omni/000911_lcam_front_lidar.ply,0.25,800,0.8,0.1314,0.05957,1,0.09771,0.99995,0.05629
Data_omni/000912_lcam_front_lidar.ply,0.25,800,0.8,0.11844,0.05977,1,0.09976,0.99993,0.05997
Data_omni/000913_lcam_front_lidar.ply,0.25,800,0.8,0.12838,0.06044,1,0.10047,0.99992,0.06005
Data_omni/000914_lcam_front_lidar.ply,0.25,800,0.8,0.09937,0.06179,1,0.09948,0.99995,0.0554
Data_omni/000915_lcam_front_lidar.ply,0.3,800,0.8,0.12722,-0.04779,1,0.01631,0.99836,0.1077
Data_omni/000916_lcam_front_lidar.ply,0.3,800,0.8,0.11202,0.07369,1,0.11473,0.99998,0.06257
Data_omni/000917_lcam_front_lidar.ply,0.25,800,0.8,0.17534,0.06648,1,0.09928,0.99999,0.0456
Data_omni/000918_lcam_front_lidar.ply,0.25,800,0.8,0.10906,0.06632,1,0.09714,0.99999,0.04164
Data_omni/000919_lcam_front_lidar.ply,0.3,800,0.8,0.12683,0.06571,1,0.1034,0.99999,0.05539
Data_omni/000920_lcam_front_lidar.ply,0.25,800,0.8,0.11017,0.06741,1,0.10222,1.0,0.04963
Data_omni/000921_lcam_front_lidar.ply,0.25,800,0.8,0.14652,0.06532,1,0.0977,0.99999,0.04476
Data_omni/000922_lcam_front_lidar.ply,0.25,800,0.8,0.11368,0.0656,1,0.10097,0.99997,0.05074
Data_omni/000923_lcam_front_lidar.ply,0.25,800,0.8,0.12773,0.06631,1,0.09933,0.99999,0.04604
Data_omni/000924_lcam_front_lidar.ply,0.25,800,0.8,0.12757,0.06515,1,0.09918,1.0,0.04806
Data_omni/000925_lcam_front_lidar.ply,0.25,800,0.8,0.18631,0.061,1,0.09736,0.99999,0.05271
Data_omni/000926_lcam_front_lidar.ply,0.25,800,0.8,0.11111,0.06483,1,0.09959,1.0,0.04951
Data_omni/000927_lcam_front_lidar.ply,0.25,800,0.8,0.10493,0.07773,1,0.11487,0.99998,0.05426
Data_omni/000928_lcam_front_lidar.ply,0.25,800,0.8,0.1117,0.07649,1,0.11423,0.99996,0.05548
Data_omni/000929_lcam_front_lidar.ply,0.25,800,0.8,0.11668,0.07064,1,0.10344,0.99999,0.0456
Data_omni/000930_lcam_front_lidar.ply,0.25,800,0.8,0.10807,0.06876,1,0.10164,0.99999,0.04575
Data_omni/000931_lcam_front_lidar.ply,0.25,800,0.8,0.09595,0.07136,1,0.10166,1.0,0.0406
Data_omni/000932_lcam_front_lidar.ply,0.25,800,0.8,0.11526,0.07997,1,0.11276,0.99998,0.04557
Data_omni/000933_lcam_front_lidar.ply,0.25,800,0.8,0.10688,0.07514,1,0.10275,1.0,0.03522
Data_omni/000934_lcam_front_lidar.ply,0.25,800,0.8,0.12134,0.08704,1,0.11862,1.0,0.04317
Data_omni/000935_lcam_front_lidar.ply,0.25,800,0.8,0.10708,0.08959,1,0.12204,1.0,0.04489
Data_omni/000936_lcam_front_lidar.ply,0.25,800,0.8,0.09901,0.08829,1,0.12031,1.0,0.04403
Data_omni/000937_lcam_front_lidar.ply,0.25,800,0.8,0.11876,0.08935,1,0.12177,1.0,0.04484
Data_omni/000938_lcam_front_lidar.ply,0.25,800,0.8,0.1115,0.08935,1,0.11936,1.0,0.04001
Data_omni/000939_lcam_front_lidar.ply,0.25,800,0.8,0.10139,0.08711,1,0.11938,1.0,0.04455
Data_omni/000940_lcam_front_lidar.ply,0.25,800,0.8,0.10274,0.07486,1,0.10663,1.0,0.04353
Data_omni/000941_lcam_front_lidar.ply,0.25,800,0.8,0.09576,0.07586,1,0.10825,1.0,0.04479
Data_omni/000942_lcam_front_lidar.ply,0.25,800,0.8,0.11078,0.07776,1,0.10933,1.0,0.04316
Data_omni/000943_lcam_front_lidar.ply,0.25,800,0.8,0.10271,0.07507,1,0.10836,0.99999,0.04659
Data_omni/000944_lcam_front_lidar.ply,0.25,800,0.8,0.12789,0.09122,1,0.12499,0.99999,0.04755
Data_omni/000945_lcam_front_lidar.ply,0.25,800,0.8,0.10486,0.08884,1,0.12653,0.99999,0.05537
Data_omni/000946_lcam_front_lidar.ply,0.3,800,0.8,0.10617,0.08982,1,0.12809,0.99999,0.05654
Data_omni/000947_lcam_front_lidar.ply,0.3,800,0.8,0.12691,0.09321,1,0.13119,1.0,0.05597
Data_omni/000948_lcam_front_lidar.ply,0.3,500,0.8,0.21197,-0.08067,1,0.02732,0.99907,0.19572
Data_omni/000949_lcam_front_lidar.ply,0.3,800,0.85,0.11115,0.09081,1,0.12682,0.99999,0.05231
Data_omni/000950_lcam_front_lidar.ply,0.3,800,0.8,0.13312,0.09491,1,0.13326,1.0,0.0567
Data_omni/000951_lcam_front_lidar.ply,0.3,800,0.8,0.1151,0.09434,1,0.13204,1.0,0.0554
Data_omni/000952_lcam_front_lidar.ply,0.25,800,0.8,0.15843,0.08819,1,0.12557,1.0,0.05475
Data_omni/000953_lcam_front_lidar.ply,0.25,800,0.8,0.13414,0.09065,1,0.12703,0.99999,0.05275
Data_omni/000954_lcam_front_lidar.ply,0.25,800,0.8,0.15756,0.09044,1,0.12753,0.99999,0.05419
Data_omni/000955_lcam_front_lidar.ply,0.25,800,0.8,0.1433,0.08912,1,0.12887,0.99999,0.05951
Data_omni/000956_lcam_front_lidar.ply,0.25,800,0.8,0.16538,0.09071,1,0.12869,0.99999,0.05598
Data_omni/000957_lcam_front_lidar.ply,0.25,800,0.8,0.14616,0.0904,1,0.12738,0.99999,0.05397
Data_omni/000958_lcam_front_lidar.ply,0.25,800,0.8,0.13677,0.08018,1,0.11789,0.99999,0.05542
Data_omni/000959_lcam_front_lidar.ply,0.25,800,0.8,0.19629,0.07979,1,0.11862,0.99999,0.05765
Data_omni/000960_lcam_front_lidar.ply,0.25,800,0.8,0.13832,0.07169,1,0.11101,0.99999,0.05865
Data_omni/000961_lcam_front_lidar.ply,0.25,800,0.8,0.17077,0.07645,1,0.12287,0.99999,0.07283
Data_omni/000962_lcam_front_lidar.ply,0.25,800,0.8,0.22983,0.07764,1,0.11353,0.99999,0.05179
Data_omni/000963_lcam_front_lidar.ply,0.25,800,0.8,0.15649,0.07577,1,0.11193,0.99998,0.05232
Data_omni/000964_lcam_front_lidar.ply,0.25,800,0.8,0.1468,0.07794,1,0.11726,0.99999,0.05864
Data_omni/000965_lcam_front_lidar.ply,0.25,800,0.8,0.19152,0.06755,1,0.10807,0.99999,0.06104
Data_omni/000966_lcam_front_lidar.ply,0.25,800,0.8,0.14537,0.06577,1,0.1051,0.99999,0.05866
Data_omni/000967_lcam_front_lidar.ply,0.25,800,0.8,0.13901,0.07485,1,0.11391,0.99999,0.05813
Data_omni/000968_lcam_front_lidar.ply,0.25,800,0.8,0.15085,0.06441,1,0.10396,0.99999,0.05911
Data_omni/000969_lcam_front_lidar.ply,0.25,800,0.8,0.14899,0.06559,1,0.10397,0.99999,0.05676
Data_omni/000970_lcam_front_lidar.ply,0.25,800,0.8,0.14868,0.06695,1,0.10577,0.99999,0.05764
Data_omni/000971_lcam_front_lidar.ply,0.25,800,0.8,0.15944,0.06736,1,0.10428,1.0,0.05383
Data_omni/000972_lcam_front_lidar.ply,0.25,800,0.8,0.14007,0.0625,1,0.10238,0.99999,0.05974
Data_omni/000973_lcam_front_lidar.ply,0.25,800,0.8,0.15628,0.06766,1,0.10456,0.99999,0.0538
Data_omni/000974_lcam_front_lidar.ply,0.25,800,0.8,0.13258,0.07299,1,0.11021,0.99999,0.05445
Data_omni/000975_lcam_front_lidar.ply,0.25,800,0.8,0.1531,0.0451,1,0.08394,0.99999,0.0577
Data_omni/000976_lcam_front_lidar.ply,0.25,800,0.8,0.1755,0.03566,1,0.07342,0.99999,0.05552
Data_omni/000977_lcam_front_lidar.ply,0.25,800,0.8,0.14923,0.046,1,0.08368,0.99999,0.05536
Data_omni/000978_lcam_front_lidar.ply,0.25,800,0.8,0.14997,0.03451,1,0.07471,0.99999,0.0604
Data_omni/000979_lcam_front_lidar.ply,0.25,800,0.8,0.13949,0.03912,1,0.07554,0.99999,0.05285
Data_omni/000980_lcam_front_lidar.ply,0.25,800,0.8,0.13766,0.06106,1,0.10078,0.99999,0.05944
Data_omni/000981_lcam_front_lidar.ply,0.25,800,0.8,0.16277,0.05827,1,0.09947,0.99999,0.0624
Data_omni/000982_lcam_front_lidar.ply,0.25,800,0.8,0.16485,0.05996,1,0.09906,0.99999,0.05819
Data_omni/000983_lcam_front_lidar.ply,0.25,800,0.8,0.14391,0.08335,1,0.12253,0.99998,0.05834
Data_omni/000984_lcam_front_lidar.ply,0.25,800,0.8,0.18518,0.04413,1,0.07824,0.99997,0.04822
Data_omni/000985_lcam_front_lidar.ply,0.25,800,0.8,0.15685,0.04458,1,0.08905,0.99999,0.06895
Data_omni/000986_lcam_front_lidar.ply,0.25,800,0.8,0.14989,0.04662,1,0.08973,0.99999,0.06623
Data_omni/000987_lcam_front_lidar.ply,0.25,800,0.8,0.20175,0.04036,1,0.07867,0.99996,0.05661
Data_omni/000988_lcam_front_lidar.ply,0.25,800,0.8,0.14338,0.04258,1,0.08513,0.99999,0.0651
Data_omni/000989_lcam_front_lidar.ply,0.25,800,0.8,0.15206,0.04322,1,0.08038,0.99996,0.05431
Data_omni/000990_lcam_front_lidar.ply,0.25,800,0.88,0.19166,0.04119,1,0.07847,0.99996,0.05457
Data_omni/000991_lcam_front_lidar.ply,0.25,800,0.88,0.17916,0.0432,1,0.07949,0.99996,0.05257
Data_omni/000992_lcam_front_lidar.ply,0.25,800,0.8,0.15781,0.04293,1,0.07646,0.99996,0.04708
Data_omni/000993_lcam_front_lidar.ply,0.25,800,0.8,0.18996,0.04751,1,0.08879,0.99999,0.06256
Data_omni/000994_lcam_front_lidar.ply,0.25,800,0.8,0.1663,0.0409,1,0.0782,0.99996,0.0546
Data_omni/000995_lcam_front_lidar.ply,0.25,800,0.8,0.1634,0.0413,1,0.07694,0.99995,0.05128
Data_omni/000996_lcam_front_lidar.ply,0.25,800,0.8,0.25505,0.03941,1,0.07787,0.99996,0.05692
Data_omni/000997_lcam_front_lidar.ply,0.25,800,0.8,0.15897,0.04007,1,0.07583,0.99992,0.0515
Data_omni/000998_lcam_front_lidar.ply,0.25,800,0.88,0.18124,0.03733,1,0.07639,0.99993,0.05813
Data_omni/000999_lcam_front_lidar.ply,0.25,800,0.88,0.19979,0.04542,1,0.08483,0.99999,0.05883
Data_omni/001000_lcam_front_lidar.ply,0.25,800,0.93,0.16068,0.05327,1,0.09022,0.99999,0.05389
Data_omni/001001_lcam_front_lidar.ply,0.25,800,0.8,0.15266,0.04157,1,0.07768,0.99995,0.0522
Data_omni/001002_lcam_front_lidar.ply,0.25,800,0.88,0.1996,0.04203,1,0.0738,0.99996,0.04355
Data_omni/001003_lcam_front_lidar.ply,0.25,800,0.88,0.16537,0.04108,1,0.07378,0.99995,0.04539
Data_omni/001004_lcam_front_lidar.ply,0.25,800,0.88,0.16218,0.05277,1,0.08481,0.99995,0.04408
Data_omni/001005_lcam_front_lidar.ply,0.25,800,0.93,0.19809,0.04065,1,0.07292,0.99995,0.04454
Data_omni/001006_lcam_front_lidar.ply,0.25,800,0.88,0.17783,0.06317,1,0.09777,0.99997,0.04921
Data_omni/001007_lcam_front_lidar.ply,0.25,800,0.88,0.15519,0.0657,1,0.10168,0.99997,0.05197
Data_omni/001008_lcam_front_lidar.ply,0.25,800,0.88,0.19917,0.06496,1,0.0998,0.99996,0.0497
Data_omni/001009_lcam_front_lidar.ply,0.25,800,0.93,0.14328,0.06515,1,0.10018,0.99996,0.05006
Data_omni/001010_lcam_front_lidar.ply,0.25,800,0.93,0.14959,0.06328,1,0.09838,0.99996,0.05021
Data_omni/001011_lcam_front_lidar.ply,0.25,800,0.93,0.18135,0.0589,1,0.09485,0.99995,0.05189
Data_omni/001012_lcam_front_lidar.ply,0.25,800,0.93,0.159,0.05595,1,0.09329,0.99995,0.05468
Data_omni/001013_lcam_front_lidar.ply,0.25,800,0.93,0.15946,0.05548,1,0.0926,0.99995,0.05425
Data_omni/001014_lcam_front_lidar.ply,0.25,800,0.93,0.22657,0.03833,1,0.07227,1.0,0.04789
Data_omni/001015_lcam_front_lidar.ply,0.25,800,0.93,0.17274,0.03616,1,0.0687,0.99999,0.04509
Data_omni/001016_lcam_front_lidar.ply,0.25,800,0.93,0.17527,0.03613,1,0.07094,1.0,0.04963
Data_omni/001017_lcam_front_lidar.ply,0.25,800,0.93,0.23221,0.03075,1,0.0646,1.0,0.04772
Data_omni/001018_lcam_front_lidar.ply,0.25,800,0.93,0.16702,0.05707,1,0.09601,0.99993,0.05786
Data_omni/001019_lcam_front_lidar.ply,0.25,800,0.93,0.1583,0.0452,1,0.08299,0.99993,0.05559
Data_omni/001020_lcam_front_lidar.ply,0.25,800,0.93,0.22698,0.03206,1,0.07019,1.0,0.05628
Data_omni/001021_lcam_front_lidar.ply,0.25,800,0.93,0.14505,0.02921,1,0.0648,1.0,0.05116
Data_omni/001022_lcam_front_lidar.ply,0.25,800,0.93,0.1528,0.0287,1,0.07273,1.0,0.06805
Data_omni/001023_lcam_front_lidar.ply,0.25,800,0.93,0.16517,0.02509,1,0.07372,0.99999,0.07725
Data_omni/001024_lcam_front_lidar.ply,0.25,800,0.93,0.18713,0.02128,1,0.0486,1.0,0.03464
Data_omni/001025_lcam_front_lidar.ply,0.25,800,0.93,0.15854,0.02046,1,0.06416,0.99999,0.06739
Data_omni/001026_lcam_front_lidar.ply,0.25,800,0.93,0.18693,0.01372,1,0.05912,0.99998,0.07079
Data_omni/001027_lcam_front_lidar.ply,0.25,800,0.93,0.17745,0.00298,1,0.06541,0.99993,0.10485
Data_omni/001028_lcam_front_lidar.ply,0.25,800,0.93,0.17379,0.00355,1,0.06354,0.9999,0.09997
Data_omni/001029_lcam_front_lidar.ply,0.25,800,0.93,0.17365,0.00543,1,0.06227,0.99993,0.09368
Data_omni/001030_lcam_front_lidar.ply,0.25,800,0.93,0.17434,0.01215,1,0.07043,0.99995,0.09656
Data_omni/001031_lcam_front_lidar.ply,0.25,800,0.93,0.19805,0.02556,1,0.05412,0.99998,0.03713
Data_omni/001032_lcam_front_lidar.ply,0.25,800,0.93,0.1724,0.02496,1,0.0532,0.99998,0.03646
Data_omni/001033_lcam_front_lidar.ply,0.25,800,0.93,0.19132,0.002,1,0.06988,0.99978,0.1157
Data_omni/001034_lcam_front_lidar.ply,0.25,800,0.93,0.25428,-0.00132,1,0.06923,0.99968,0.12107
Data_omni/001035_lcam_front_lidar.ply,0.25,800,0.93,0.18739,-0.00479,1,0.06025,0.99971,0.11008
Data_omni/001036_lcam_front_lidar.ply,0.25,800,0.93,0.21423,-0.00474,1,0.01746,0.99959,0.02437
Data_omni/001037_lcam_front_lidar.ply,0.25,800,0.93,0.21157,-0.01343,1,0.05808,0.99972,0.12305
Data_omni/001038_lcam_front_lidar.ply,0.25,800,0.93,0.2275,-0.00194,1,0.06249,0.99985,0.10891
Data_omni/001039_lcam_front_lidar.ply,0.25,800,0.93,0.31531,-0.0032,1,0.01804,0.99988,0.02249
Data_omni/001040_lcam_front_lidar.ply,0.25,800,0.93,0.23873,-0.00604,1,0.01729,0.99979,0.02665
Data_omni/001041_lcam_front_lidar.ply,0.25,800,0.93,0.28789,-0.00174,1,0.06913,0.9999,0.12176
Data_omni/001042_lcam_front_lidar.ply,0.25,800,0.93,0.2231,0.00101,1,0.06775,0.99992,0.1135
Data_omni/001043_lcam_front_lidar.ply,0.25,800,0.93,0.25502,-0.0111,1,0.06748,0.99988,0.13716
Data_omni/001044_lcam_front_lidar.ply,0.25,800,0.93,0.23455,-0.00512,1,0.06707,0.9999,0.12439
Data_omni/001045_lcam_front_lidar.ply,0.25,800,0.93,0.22295,0.00716,1,0.0645,0.99995,0.09469
Data_omni/001046_lcam_front_lidar.ply,0.25,800,0.93,0.24711,-0.00199,1,0.06466,0.99992,0.11328
Data_omni/001047_lcam_front_lidar.ply,0.25,800,0.93,0.20802,-0.01016,1,0.06533,0.99988,0.13097
Data_omni/001048_lcam_front_lidar.ply,0.25,800,0.93,0.23144,-0.00238,1,0.06325,0.99991,0.11128
Data_omni/001049_lcam_front_lidar.ply,0.25,800,0.93,0.19958,-0.02189,1,0.04975,0.99989,0.12328
Data_omni/001050_lcam_front_lidar.ply,0.25,800,0.93,0.22902,-0.0106,1,0.0637,0.99987,0.12861
Data_omni/001051_lcam_front_lidar.ply,0.25,800,0.93,0.23624,-0.00312,1,0.06192,0.99989,0.11009
Data_omni/001052_lcam_front_lidar.ply,0.25,800,0.93,0.19832,-0.15998,1,0.0,0.0,0.0
Data_omni/001053_lcam_front_lidar.ply,0.25,800,0.93,0.20578,0.12061,1,0.0482,0.99962,0.13507
Data_omni/001054_lcam_front_lidar.ply,0.25,800,0.93,0.2276,-0.02033,1,0.04799,0.99965,0.11665
Data_omni/001055_lcam_front_lidar.ply,0.25,800,0.93,0.19028,-0.02984,1,0.0483,0.99958,0.13624
Data_omni/001056_lcam_front_lidar.ply,0.25,800,0.93,0.29382,-0.00982,1,0.04633,0.99985,0.09238
Data_omni/001057_lcam_front_lidar.ply,0.25,800,0.93,0.22252,-0.0307,1,0.0478,0.99945,0.13688
Data_omni/001058_lcam_front_lidar.ply,0.25,800,0.93,0.17701,-0.15992,1,0.0,0.0,0.0
Data_omni/001059_lcam_front_lidar.ply,0.25,800,0.93,0.22747,0.13249,1,0.04521,0.99972,0.10537
Data_omni/001060_lcam_front_lidar.ply,0.25,800,0.93,0.18464,-0.15996,1,0.0,0.0,0.0
Data_omni/001061_lcam_front_lidar.ply,0.25,800,0.93,0.23746,-0.01,1,0.0,0.0,0.0
Data_omni/001062_lcam_front_lidar.ply,0.25,800,0.93,0.22356,0.12013,1,0.04519,0.99944,0.12994
Data_omni/001063_lcam_front_lidar.ply,0.25,800,0.93,0.20233,-0.01178,1,0.04361,0.99979,0.09089
Data_omni/001064_lcam_front_lidar.ply,0.25,800,0.93,0.19567,-0.15997,1,0.0,0.0,0.0
Data_omni/001065_lcam_front_lidar.ply,0.25,800,0.93,0.1972,-0.01,1,0.0,0.0,0.0
Data_omni/001066_lcam_front_lidar.ply,0.25,800,0.93,0.25655,-0.01,1,0.0,0.0,0.0
Data_omni/001067_lcam_front_lidar.ply,0.25,800,0.93,0.20363,0.15919,1,0.04186,0.99996,0.04532
Data_omni/001068_lcam_front_lidar.ply,0.25,800,0.93,0.29869,-0.15999,1,0.0,0.0,0.0
Data_omni/001069_lcam_front_lidar.ply,0.25,800,0.88,0.23584,-0.01,1,0.0,0.0,0.0
Data_omni/001070_lcam_front_lidar.ply,0.25,800,0.93,0.19344,-0.01,1,0.0,0.0,0.0
Data_omni/001071_lcam_front_lidar.ply,0.25,800,0.93,0.23262,-0.01,1,0.0,0.0,0.0
Data_omni/001072_lcam_front_lidar.ply,0.25,800,0.88,0.19874,-0.01,1,0.0,0.0,0.0
Data_omni/001073_lcam_front_lidar.ply,0.25,800,0.88,0.26321,0.15012,1,0.01119,1.0,0.00215
Data_omni/001074_lcam_front_lidar.ply,0.25,800,0.88,0.19441,-0.16,1,0.0,0.0,0.0
Data_omni/001075_lcam_front_lidar.ply,0.25,800,0.88,0.19572,-0.01,1,0.0,0.0,0.0
Data_omni/001076_lcam_front_lidar.ply,0.25,800,0.88,0.28175,-0.01,1,0.0,0.0,0.0
Data_omni/001077_lcam_front_lidar.ply,0.25,800,0.88,0.20862,-0.01,1,0.0,0.0,0.0
Data_omni/001078_lcam_front_lidar.ply,0.25,800,0.88,0.21738,0.15264,1,0.01379,1.0,0.00231
Data_omni/001079_lcam_front_lidar.ply,0.25,800,0.88,0.18986,-0.16,1,0.0,0.0,0.0
Data_omni/001080_lcam_front_lidar.ply,0.25,800,0.88,0.19668,-0.01,1,0.0,0.0,0.0
Data_omni/001081_lcam_front_lidar.ply,0.25,800,0.88,0.27167,0.1549,1,0.01628,1.0,0.00277
Data_omni/001082_lcam_front_lidar.ply,0.25,800,0.88,0.15953,-0.16,1,0.0,0.0,0.0
Data_omni/001083_lcam_front_lidar.ply,0.25,800,0.88,0.17539,-0.01,1,0.0,0.0,0.0
Data_omni/001084_lcam_front_lidar.ply,0.25,800,0.93,0.2314,-0.01028,1,0.03283,0.00979,0.06916
Data_omni/001085_lcam_front_lidar.ply,0.25,800,0.88,0.19021,-0.01147,1,0.0,0.0,0.0
Data_omni/001086_lcam_front_lidar.ply,0.25,800,0.93,0.17526,-0.01,1,0.0,0.0,0.0
Data_omni/001087_lcam_front_lidar.ply,0.25,800,0.88,0.18965,0.0465,1,0.09056,0.00981,0.07107
Data_omni/001088_lcam_front_lidar.ply,0.25,800,0.88,0.19929,0.05438,1,0.10153,0.01152,0.07482
Data_omni/001089_lcam_front_lidar.ply,0.25,800,0.88,0.25135,0.06332,1,0.1103,0.01209,0.07412
Data_omni/001090_lcam_front_lidar.ply,0.25,800,0.88,0.17586,0.05668,1,0.1029,0.0166,0.07378
Data_omni/001091_lcam_front_lidar.ply,0.25,800,0.88,0.1667,0.08034,1,0.12817,0.01338,0.07471
Data_omni/001092_lcam_front_lidar.ply,0.25,800,0.88,0.23919,0.07609,1,0.1231,0.01718,0.07516
Data_omni/001093_lcam_front_lidar.ply,0.25,800,0.88,0.16321,0.07095,1,0.12071,0.01844,0.0799
Data_omni/001094_lcam_front_lidar.ply,0.25,800,0.8,0.20433,0.10735,1,0.15813,0.01438,0.08035
Data_omni/001095_lcam_front_lidar.ply,0.25,800,0.88,0.22959,0.10883,1,0.15738,0.01386,0.07694
Data_omni/001096_lcam_front_lidar.ply,0.25,800,0.8,0.20177,0.11272,1,0.16258,0.01505,0.08008
Data_omni/001097_lcam_front_lidar.ply,0.25,800,0.8,0.20646,0.15679,1,0.03142,0.99984,0.02469
Data_omni/001098_lcam_front_lidar.ply,0.25,800,0.88,0.20387,-0.02597,1,0.16965,0.01405,0.07552
Data_omni/001099_lcam_front_lidar.ply,0.25,800,0.88,0.17897,0.16219,1,0.03357,0.99998,0.01853
Data_omni/001100_lcam_front_lidar.ply,0.25,800,0.8,0.16805,0.01411,1,0.03766,0.99994,0.02709
Data_omni/001101_lcam_front_lidar.ply,0.25,800,0.88,0.17137,0.01756,1,0.03849,0.99989,0.02184
Data_omni/001102_lcam_front_lidar.ply,0.25,800,0.8,0.18281,0.02488,1,0.04552,0.99994,0.02128
Data_omni/001103_lcam_front_lidar.ply,0.25,800,0.8,0.15344,0.0192,1,0.04005,0.99994,0.02171
Data_omni/001104_lcam_front_lidar.ply,0.25,800,0.88,0.15125,4e-05,1,0.04924,0.9999,0.0784
Data_omni/001105_lcam_front_lidar.ply,0.25,800,0.8,0.15952,0.0002,1,0.06771,0.99972,0.11496
Data_omni/001106_lcam_front_lidar.ply,0.25,800,0.88,0.19279,0.00452,1,0.05081,0.99995,0.07265
Data_omni/001107_lcam_front_lidar.ply,0.25,800,0.88,0.16044,0.00938,1,0.05271,0.99999,0.06666
Data_omni/001108_lcam_front_lidar.ply,0.25,800,0.8,0.14651,0.02157,1,0.04381,0.99993,0.02445
Data_omni/001109_lcam_front_lidar.ply,0.25,800,0.8,0.13486,0.01971,1,0.05235,0.99999,0.0453
Data_omni/001110_lcam_front_lidar.ply,0.25,800,0.88,0.14902,0.02111,1,0.04262,0.99989,0.02298
Data_omni/001111_lcam_front_lidar.ply,0.25,800,0.8,0.13764,0.01364,1,0.05211,1.0,0.05697
Data_omni/001112_lcam_front_lidar.ply,0.25,800,0.88,0.12851,0.01871,1,0.0578,0.99999,0.05818
Data_omni/001113_lcam_front_lidar.ply,0.25,800,0.8,0.13358,0.01281,1,0.06059,1.0,0.07555
Data_omni/001114_lcam_front_lidar.ply,0.25,800,0.8,0.13866,0.02276,1,0.04691,0.99989,0.02828
Data_omni/001115_lcam_front_lidar.ply,0.25,800,0.88,0.14894,0.017,1,0.05237,0.99999,0.05077
Data_omni/001116_lcam_front_lidar.ply,0.25,800,0.8,0.1579,0.0137,1,0.04471,0.99998,0.04201
Data_omni/001117_lcam_front_lidar.ply,0.25,800,0.8,0.14428,0.00709,1,0.06806,0.99992,0.10192
Data_omni/001118_lcam_front_lidar.ply,0.25,800,0.8,0.16277,0.01323,1,0.06309,0.99998,0.07975
Data_omni/001119_lcam_front_lidar.ply,0.25,800,0.8,0.219,0.00739,1,0.05169,0.99999,0.06861
Data_omni/001120_lcam_front_lidar.ply,0.25,800,0.8,0.16,0.01886,1,0.06679,0.99995,0.07585
Data_omni/001121_lcam_front_lidar.ply,0.25,800,0.8,0.15969,-0.00323,1,0.06587,0.99969,0.11813
Data_omni/001122_lcam_front_lidar.ply,0.25,800,0.8,0.20496,-0.01006,1,0.0699,0.99939,0.13984
Data_omni/001123_lcam_front_lidar.ply,0.25,800,0.8,0.15888,-0.00201,1,0.06714,0.99965,0.11838
Data_omni/001124_lcam_front_lidar.ply,0.25,800,0.8,0.15973,-0.00176,1,0.0651,0.99964,0.1137
Data_omni/001125_lcam_front_lidar.ply,0.25,800,0.8,0.23538,0.00656,1,0.06326,0.99973,0.09341
Data_omni/001126_lcam_front_lidar.ply,0.25,800,0.8,0.17403,-0.00241,1,0.04283,0.99961,0.07046
Data_omni/001127_lcam_front_lidar.ply,0.25,800,0.8,0.18786,-0.01722,1,0.04755,0.99926,0.10944
Data_omni/001128_lcam_front_lidar.ply,0.25,800,0.8,0.24265,-0.01566,1,0.04683,0.99928,0.10499
Data_omni/001129_lcam_front_lidar.ply,0.25,800,0.8,0.19807,-0.01453,1,0.0428,0.9992,0.09464
Data_omni/001130_lcam_front_lidar.ply,0.25,800,0.8,0.19514,-0.03657,1,0.05181,0.9974,0.15621
Data_omni/001131_lcam_front_lidar.ply,0.25,800,0.8,0.17419,-0.01705,1,0.04689,0.99936,0.10848
Data_omni/001132_lcam_front_lidar.ply,0.25,800,0.8,0.14951,-0.03004,1,0.04886,0.99896,0.13768
Data_omni/001133_lcam_front_lidar.ply,0.25,800,0.8,0.17569,-0.02792,1,0.05558,0.99895,0.147
Data_omni/001134_lcam_front_lidar.ply,0.25,800,0.8,0.16779,-0.0624,1,0.13483,0.01212,0.07841
Data_omni/001135_lcam_front_lidar.ply,0.25,800,0.8,0.175,0.06007,1,0.10936,0.01494,0.07943
Data_omni/001136_lcam_front_lidar.ply,0.25,800,0.8,0.21188,0.08735,1,0.13691,0.01331,0.07864
Data_omni/001137_lcam_front_lidar.ply,0.25,800,0.8,0.16563,0.07401,1,0.12147,0.01335,0.07492
Data_omni/001138_lcam_front_lidar.ply,0.25,800,0.8,0.16069,0.08563,1,0.13426,0.01384,0.07742
Data_omni/001139_lcam_front_lidar.ply,0.25,800,0.8,0.22914,0.07738,1,0.12631,0.01374,0.07784
Data_omni/001140_lcam_front_lidar.ply,0.25,800,0.8,0.18491,0.06632,1,0.11467,0.01114,0.07592
Data_omni/001141_lcam_front_lidar.ply,0.25,800,0.8,0.17592,0.05537,1,0.10394,0.01195,0.07737
Data_omni/001142_lcam_front_lidar.ply,0.25,800,0.88,0.21777,0.03927,1,0.08885,0.01164,0.07907
Data_omni/001143_lcam_front_lidar.ply,0.25,800,0.93,0.20725,0.01328,1,0.05547,0.00712,0.06303
Data_omni/001144_lcam_front_lidar.ply,0.25,800,0.93,0.19191,-0.01107,1,0.0,0.0,0.0
Data_omni/001145_lcam_front_lidar.ply,0.25,800,0.93,0.19379,-0.01,1,0.0,0.0,0.0
Data_omni/001146_lcam_front_lidar.ply,0.25,800,0.93,0.19446,-0.01,1,0.0,0.0,0.0
Data_omni/001147_lcam_front_lidar.ply,0.25,800,0.93,0.27504,-0.01,1,0.0,0.0,0.0
Data_omni/001148_lcam_front_lidar.ply,0.25,800,0.93,0.19246,-0.01,1,0.0,0.0,0.0
Data_omni/001149_lcam_front_lidar.ply,0.25,800,0.93,0.1771,-0.01,1,0.0,0.0,0.0
Data_omni/001150_lcam_front_lidar.ply,0.25,800,0.88,0.18412,-0.01,1,0.0,0.0,0.0
Data_omni/001151_lcam_front_lidar.ply,0.25,800,0.93,0.1902,-0.01,1,0.0,0.0,0.0
Data_omni/001152_lcam_front_lidar.ply,0.25,800,0.93,0.26083,-0.01,1,0.0,0.0,0.0
Data_omni/001153_lcam_front_lidar.ply,0.25,800,0.93,0.19875,-0.01,1,0.0,0.0,0.0
Data_omni/001154_lcam_front_lidar.ply,0.25,800,0.93,0.21272,-0.01,1,0.0,0.0,0.0
Data_omni/001155_lcam_front_lidar.ply,0.25,800,0.93,0.22977,-0.01,1,0.0,0.0,0.0
Data_omni/001156_lcam_front_lidar.ply,0.25,800,0.93,0.21634,-0.01,1,0.0,0.0,0.0
Data_omni/001157_lcam_front_lidar.ply,0.25,800,0.93,0.2546,-0.01,1,0.0,0.0,0.0
Data_omni/001158_lcam_front_lidar.ply,0.25,800,0.93,0.19645,-0.01,1,0.0,0.0,0.0
Data_omni/001159_lcam_front_lidar.ply,0.25,800,0.93,0.20039,-0.01,1,0.0,0.0,0.0
Data_omni/001160_lcam_front_lidar.ply,0.25,800,0.93,0.2194,-0.01,1,0.0,0.0,0.0
Data_omni/001161_lcam_front_lidar.ply,0.25,800,0.93,0.19163,-0.01,1,0.0,0.0,0.0
Data_omni/001162_lcam_front_lidar.ply,0.25,800,0.93,0.25338,-0.01,1,0.0,0.0,0.0
Data_omni/001163_lcam_front_lidar.ply,0.25,800,0.93,0.20101,-0.01,1,0.0,0.0,0.0
Data_omni/001164_lcam_front_lidar.ply,0.25,800,0.93,0.21319,-0.01,1,0.0,0.0,0.0
Data_omni/001165_lcam_front_lidar.ply,0.25,800,0.9,0.19065,-0.01,1,0.0,0.0,0.0
Data_omni/001166_lcam_front_lidar.ply,0.25,800,0.93,0.18454,-0.01,1,0.0,0.0,0.0
Data_omni/001167_lcam_front_lidar.ply,0.25,800,0.88,0.1769,-0.01,1,0.0,0.0,0.0
Data_omni/001168_lcam_front_lidar.ply,0.25,800,0.93,0.19363,-0.01,1,0.0,0.0,0.0
Data_omni/001169_lcam_front_lidar.ply,0.25,800,0.93,0.19842,-0.01,1,0.0,0.0,0.0
Data_omni/001170_lcam_front_lidar.ply,0.25,800,0.93,0.28589,0.14969,1,0.01081,1.0,0.00225
Data_omni/001171_lcam_front_lidar.ply,0.25,800,0.93,0.20669,-0.16,1,0.0,0.0,0.0
Data_omni/001172_lcam_front_lidar.ply,0.25,800,0.93,0.20992,-0.01,1,0.0,0.0,0.0
Data_omni/001173_lcam_front_lidar.ply,0.25,800,0.93,0.21177,-0.01,1,0.0,0.0,0.0
Data_omni/001174_lcam_front_lidar.ply,0.25,800,0.93,0.20715,-0.01,1,0.0,0.0,0.0
Data_omni/001175_lcam_front_lidar.ply,0.25,800,0.93,0.27426,-0.01,1,0.0,0.0,0.0
Data_omni/001176_lcam_front_lidar.ply,0.25,800,0.88,0.20844,0.15028,1,0.04283,0.99987,0.06506
Data_omni/001177_lcam_front_lidar.ply,0.25,800,0.93,0.20892,-0.15998,1,0.0,0.0,0.0
Data_omni/001178_lcam_front_lidar.ply,0.25,800,0.93,0.20913,0.15124,1,0.01232,1.0,0.00216
Data_omni/001179_lcam_front_lidar.ply,0.25,800,0.88,0.20183,-0.00144,1,0.04325,0.99986,0.06933
Data_omni/001180_lcam_front_lidar.ply,0.25,800,0.93,0.26457,-0.15998,1,0.0,0.0,0.0
Data_omni/001181_lcam_front_lidar.ply,0.25,800,0.93,0.19276,-0.01,1,0.0,0.0,0.0
Data_omni/001182_lcam_front_lidar.ply,0.25,800,0.93,0.18256,-0.01,1,0.0,0.0,0.0
Data_omni/001183_lcam_front_lidar.ply,0.25,800,0.93,0.22484,-0.01,1,0.0,0.0,0.0
Data_omni/001184_lcam_front_lidar.ply,0.25,800,0.93,0.22976,0.12998,1,0.04419,0.9997,0.10833
Data_omni/001185_lcam_front_lidar.ply,0.25,800,0.93,0.19882,-0.15995,1,0.0,0.0,0.0
Data_omni/001186_lcam_front_lidar.ply,0.25,800,0.93,0.21327,0.13837,1,0.04403,0.99983,0.09127
Data_omni/001187_lcam_front_lidar.ply,0.25,800,0.93,0.15938,-0.15997,1,0.0,0.0,0.0
Data_omni/001188_lcam_front_lidar.ply,0.25,800,0.93,0.28712,0.14357,1,0.04315,0.99989,0.07913
Data_omni/001189_lcam_front_lidar.ply,0.25,800,0.93,0.19861,-0.15998,1,0.0,0.0,0.0
Data_omni/001190_lcam_front_lidar.ply,0.25,800,0.93,0.20137,-0.01,1,0.0,0.0,0.0
Data_omni/001191_lcam_front_lidar.ply,0.25,800,0.93,0.20745,-0.01,1,0.0,0.0,0.0
Data_omni/001192_lcam_front_lidar.ply,0.25,800,0.88,0.22161,-0.01,1,0.0,0.0,0.0
Data_omni/001193_lcam_front_lidar.ply,0.25,800,0.93,0.26797,-0.01,1,0.0,0.0,0.0
Data_omni/001194_lcam_front_lidar.ply,0.25,800,0.93,0.19434,-0.01,1,0.0,0.0,0.0
Data_omni/001195_lcam_front_lidar.ply,0.25,800,0.93,0.19627,-0.01,1,0.0,0.0,0.0
Data_omni/001196_lcam_front_lidar.ply,0.25,800,0.93,0.21523,-0.01,1,0.0,0.0,0.0
Data_omni/001197_lcam_front_lidar.ply,0.25,800,0.93,0.20295,-0.01,1,0.0,0.0,0.0
Data_omni/001198_lcam_front_lidar.ply,0.25,800,0.93,0.24379,-0.01,1,0.0,0.0,0.0
Data_omni/001199_lcam_front_lidar.ply,0.25,800,0.93,0.18477,-0.01,1,0.0,0.0,0.0
Data_omni/001200_lcam_front_lidar.ply,0.25,800,0.93,0.20777,-0.01,1,0.0,0.0,0.0
Data_omni/001201_lcam_front_lidar.ply,0.25,800,0.93,0.25659,-0.01,1,0.0,0.0,0.0
Data_omni/001202_lcam_front_lidar.ply,0.25,800,0.93,0.19679,-0.01,1,0.0,0.0,0.0
Data_omni/001203_lcam_front_lidar.ply,0.25,800,0.93,0.23934,-0.01,1,0.0,0.0,0.0
Data_omni/001204_lcam_front_lidar.ply,0.25,800,0.93,0.20321,-0.01,1,0.0,0.0,0.0
Data_omni/001205_lcam_front_lidar.ply,0.25,800,0.93,0.21477,-0.01,1,0.0,0.0,0.0
Data_omni/001206_lcam_front_lidar.ply,0.25,800,0.93,0.26542,-0.01,1,0.0,0.0,0.0
Data_omni/001207_lcam_front_lidar.ply,0.25,800,0.93,0.19182,-0.01,1,0.0,0.0,0.0
Data_omni/001208_lcam_front_lidar.ply,0.25,800,0.93,0.19619,-0.01,1,0.0,0.0,0.0
Data_omni/001209_lcam_front_lidar.ply,0.25,800,0.93,0.20222,-0.01,1,0.0,0.0,0.0
Data_omni/001210_lcam_front_lidar.ply,0.25,800,0.93,0.20686,-0.01,1,0.0,0.0,0.0
Data_omni/001211_lcam_front_lidar.ply,0.25,800,0.93,0.23064,-0.01,1,0.0,0.0,0.0
Data_omni/001212_lcam_front_lidar.ply,0.25,800,0.93,0.2198,-0.01,1,0.0,0.0,0.0
Data_omni/001213_lcam_front_lidar.ply,0.25,800,0.93,0.20286,-0.01,1,0.0,0.0,0.0
Data_omni/001214_lcam_front_lidar.ply,0.25,800,0.93,0.25312,-0.01,1,0.0,0.0,0.0
Data_omni/001215_lcam_front_lidar.ply,0.25,800,0.93,0.20101,-0.01,1,0.0,0.0,0.0
Data_omni/001216_lcam_front_lidar.ply,0.25,800,0.93,0.19944,-0.01,1,0.0,0.0,0.0
Data_omni/001217_lcam_front_lidar.ply,0.25,800,0.93,0.19844,-0.01,1,0.0,0.0,0.0
Data_omni/001218_lcam_front_lidar.ply,0.25,800,0.93,0.18908,-0.01,1,0.0,0.0,0.0
Data_omni/001219_lcam_front_lidar.ply,0.25,800,0.93,0.22326,0.12569,1,0.0512,0.9998,0.13095
Data_omni/001220_lcam_front_lidar.ply,0.25,800,0.93,0.19064,-0.02519,1,0.04825,0.99984,0.12689
Data_omni/001221_lcam_front_lidar.ply,0.25,800,0.93,0.18181,0.00089,1,0.03484,0.99999,0.04794
Data_omni/001222_lcam_front_lidar.ply,0.25,800,0.93,0.21029,0.02055,1,0.04942,0.99997,0.03774
Data_omni/001223_lcam_front_lidar.ply,0.25,800,0.93,0.15936,0.00533,1,0.04667,0.99996,0.06266
Data_omni/001224_lcam_front_lidar.ply,0.25,800,0.93,0.15978,0.02076,1,0.06759,0.99997,0.07366
Data_omni/001225_lcam_front_lidar.ply,0.25,800,0.93,0.17834,0.01561,1,0.06577,0.99997,0.08033
Data_omni/001226_lcam_front_lidar.ply,0.25,800,0.93,0.16158,0.0168,1,0.06614,0.99998,0.07868
Data_omni/001227_lcam_front_lidar.ply,0.25,800,0.93,0.1669,0.03721,1,0.08418,0.99998,0.07393
Data_omni/001228_lcam_front_lidar.ply,0.25,800,0.93,0.19177,0.01398,1,0.07895,0.99991,0.10991
Data_omni/001229_lcam_front_lidar.ply,0.25,800,0.93,0.14266,0.01632,1,0.08055,0.99992,0.10846
Data_omni/001230_lcam_front_lidar.ply,0.25,800,0.93,0.14349,0.01177,1,0.07594,0.99974,0.10829
Data_omni/001231_lcam_front_lidar.ply,0.25,800,0.93,0.17462,0.02521,1,0.06042,1.0,0.05048
Data_omni/001232_lcam_front_lidar.ply,0.25,800,0.93,0.14315,0.01451,1,0.07615,0.99983,0.10323
Data_omni/001233_lcam_front_lidar.ply,0.25,800,0.88,0.15724,0.023,1,0.07243,0.99998,0.07891
Data_omni/001234_lcam_front_lidar.ply,0.25,800,0.93,0.14592,0.0187,1,0.07415,0.99993,0.09088
Data_omni/001235_lcam_front_lidar.ply,0.25,800,0.93,0.15096,0.0062,1,0.05467,0.99961,0.07685
Data_omni/001236_lcam_front_lidar.ply,0.25,800,0.93,0.14348,0.02856,1,0.05843,0.99998,0.03984
Data_omni/001237_lcam_front_lidar.ply,0.25,800,0.93,0.17106,0.02902,1,0.05983,0.99998,0.04161
Data_omni/001238_lcam_front_lidar.ply,0.25,800,0.93,0.14328,0.02835,1,0.05889,1.0,0.04109
Data_omni/001239_lcam_front_lidar.ply,0.25,800,0.93,0.15329,0.02704,1,0.06491,0.99999,0.05575
Data_omni/001240_lcam_front_lidar.ply,0.25,800,0.93,0.14111,0.03295,1,0.07203,1.0,0.05816
Data_omni/001241_lcam_front_lidar.ply,0.25,800,0.93,0.1484,0.03805,1,0.07114,0.99999,0.04618
Data_omni/001242_lcam_front_lidar.ply,0.25,800,0.93,0.16632,0.03946,1,0.07781,1.0,0.05669
Data_omni/001243_lcam_front_lidar.ply,0.25,800,0.93,0.14017,0.03793,1,0.07346,0.99999,0.05105
Data_omni/001244_lcam_front_lidar.ply,0.25,800,0.9,0.19037,0.04102,1,0.07353,0.99999,0.04502
Data_omni/001245_lcam_front_lidar.ply,0.25,800,0.93,0.13166,0.05804,1,0.09624,0.99992,0.05638
Data_omni/001246_lcam_front_lidar.ply,0.25,800,0.8,0.14888,0.06301,1,0.10391,0.99993,0.06181
Data_omni/001247_lcam_front_lidar.ply,0.25,800,0.9,0.17481,0.06152,1,0.10029,0.99993,0.05754
Data_omni/001248_lcam_front_lidar.ply,0.25,800,0.9,0.14729,0.06006,1,0.099,0.99994,0.05788
Data_omni/001249_lcam_front_lidar.ply,0.25,800,0.9,0.15153,0.04194,1,0.07633,0.99999,0.04881
Data_omni/001250_lcam_front_lidar.ply,0.25,800,0.9,0.17117,0.06249,1,0.09944,0.99995,0.05389
Data_omni/001251_lcam_front_lidar.ply,0.25,800,0.8,0.15861,0.06404,1,0.10082,0.99995,0.05354
Data_omni/001252_lcam_front_lidar.ply,0.25,800,0.8,0.16174,0.0659,1,0.10053,0.99996,0.04927
Data_omni/001253_lcam_front_lidar.ply,0.25,800,0.8,0.16796,0.06477,1,0.09921,0.99996,0.04888
Data_omni/001254_lcam_front_lidar.ply,0.25,800,0.8,0.15882,0.06677,1,0.10098,0.99997,0.04843
Data_omni/001255_lcam_front_lidar.ply,0.25,800,0.8,0.15919,0.06894,1,0.10363,0.99997,0.04938
Data_omni/001256_lcam_front_lidar.ply,0.25,800,0.8,0.15322,0.06794,1,0.10277,0.99997,0.04965
Data_omni/001257_lcam_front_lidar.ply,0.25,800,0.8,0.15163,0.07099,1,0.10629,0.99997,0.05059
Data_omni/001258_lcam_front_lidar.ply,0.25,800,0.8,0.14657,0.07141,1,0.10565,0.99998,0.04849
Data_omni/001259_lcam_front_lidar.ply,0.25,800,0.8,0.17895,0.0462,1,0.08044,0.99996,0.04849
Data_omni/001260_lcam_front_lidar.ply,0.25,800,0.8,0.13346,0.04864,1,0.08968,0.99999,0.06208
Data_omni/001261_lcam_front_lidar.ply,0.25,800,0.8,0.15138,0.05075,1,0.08853,0.99999,0.05556
Data_omni/001262_lcam_front_lidar.ply,0.25,800,0.8,0.14711,0.04321,1,0.08304,0.99998,0.05967
Data_omni/001263_lcam_front_lidar.ply,0.25,800,0.8,0.144,0.04231,1,0.08391,0.99998,0.0632
Data_omni/001264_lcam_front_lidar.ply,0.25,800,0.8,0.1589,0.04357,1,0.08077,0.99998,0.05438
Data_omni/001265_lcam_front_lidar.ply,0.25,800,0.8,0.15389,0.07235,1,0.11168,0.99999,0.05867
Data_omni/001266_lcam_front_lidar.ply,0.25,800,0.8,0.12799,0.07396,1,0.11236,0.99998,0.0568
Data_omni/001267_lcam_front_lidar.ply,0.25,800,0.8,0.1451,0.08473,1,0.12501,0.99999,0.06057
Data_omni/001268_lcam_front_lidar.ply,0.25,800,0.8,0.19041,0.068,1,0.10633,0.99999,0.05667
Data_omni/001269_lcam_front_lidar.ply,0.25,800,0.8,0.13227,0.03883,1,0.07943,1.0,0.06121
Data_omni/001270_lcam_front_lidar.ply,0.25,800,0.8,0.1426,0.06789,1,0.1065,0.99999,0.05722
Data_omni/001271_lcam_front_lidar.ply,0.25,800,0.8,0.17162,0.07839,1,0.1189,0.99999,0.06101
Data_omni/001272_lcam_front_lidar.ply,0.25,800,0.8,0.14913,0.07216,1,0.10868,0.99999,0.05304
Data_omni/001273_lcam_front_lidar.ply,0.25,800,0.8,0.12074,0.07341,1,0.10949,0.99999,0.05215
Data_omni/001274_lcam_front_lidar.ply,0.25,800,0.8,0.16533,0.07493,1,0.11024,0.99999,0.05062
Data_omni/001275_lcam_front_lidar.ply,0.25,800,0.8,0.16283,0.07309,1,0.11023,0.99999,0.05428
Data_omni/001276_lcam_front_lidar.ply,0.25,800,0.8,0.14428,0.08587,1,0.12455,0.99999,0.05735
Data_omni/001277_lcam_front_lidar.ply,0.25,800,0.8,0.14061,0.0806,1,0.11853,0.99999,0.05584
Data_omni/001278_lcam_front_lidar.ply,0.25,800,0.8,0.15245,0.08982,1,0.12624,0.99999,0.05285
Data_omni/001279_lcam_front_lidar.ply,0.25,800,0.8,0.13982,0.08981,1,0.12482,1.0,0.05001
Data_omni/001280_lcam_front_lidar.ply,0.25,800,0.8,0.13435,0.09045,1,0.12394,1.0,0.04698
Data_omni/001281_lcam_front_lidar.ply,0.25,800,0.8,0.18178,0.0923,1,0.1273,0.99999,0.05
Data_omni/001282_lcam_front_lidar.ply,0.25,800,0.8,0.14417,0.0832,1,0.12168,0.99999,0.05696
Data_omni/001283_lcam_front_lidar.ply,0.25,800,0.8,0.14232,0.08447,1,0.12139,0.99999,0.05385
Data_omni/001284_lcam_front_lidar.ply,0.25,800,0.8,0.19212,0.09111,1,0.12852,0.99999,0.05481
Data_omni/001285_lcam_front_lidar.ply,0.25,800,0.8,0.1276,0.09047,1,0.12576,0.99999,0.05058
Data_omni/001286_lcam_front_lidar.ply,0.25,800,0.8,0.14692,0.09181,1,0.12797,0.99999,0.05232
Data_omni/001287_lcam_front_lidar.ply,0.25,800,0.8,0.14332,0.09176,1,0.12713,0.99999,0.05074
Data_omni/001288_lcam_front_lidar.ply,0.25,800,0.8,0.13973,0.09026,1,0.12658,0.99999,0.05264
Data_omni/001289_lcam_front_lidar.ply,0.25,800,0.8,0.13595,0.09034,1,0.12621,0.99999,0.05173
Data_omni/001290_lcam_front_lidar.ply,0.25,800,0.8,0.14422,0.08956,1,0.12631,0.99999,0.05351
Data_omni/001291_lcam_front_lidar.ply,0.25,800,0.8,0.15485,0.08781,1,0.12729,0.99999,0.05894
Data_omni/001292_lcam_front_lidar.ply,0.25,800,0.8,0.13125,0.10046,1,0.14691,0.99998,0.0729
Data_omni/001293_lcam_front_lidar.ply,0.25,800,0.8,0.12756,0.08652,1,0.12498,0.99999,0.05691
Data_omni/001294_lcam_front_lidar.ply,0.3,800,0.8,0.17274,0.10386,1,0.15796,0.99999,0.0882
Data_omni/001295_lcam_front_lidar.ply,0.25,800,0.8,0.14266,0.09026,1,0.12966,0.99999,0.05882
Data_omni/001296_lcam_front_lidar.ply,0.25,800,0.8,0.11305,0.10399,1,0.14831,0.99999,0.06866
Data_omni/001297_lcam_front_lidar.ply,0.3,800,0.8,0.11425,0.10361,1,0.16024,0.99998,0.09325
Data_omni/001298_lcam_front_lidar.ply,0.3,800,0.85,0.1247,0.0887,1,0.12896,0.99999,0.06053
Data_omni/001299_lcam_front_lidar.ply,0.3,800,0.8,0.1179,0.08385,1,0.12787,0.99999,0.06805
Data_omni/001300_lcam_front_lidar.ply,0.3,500,0.85,0.17101,0.10013,1,0.15132,0.99998,0.08237
Data_omni/001301_lcam_front_lidar.ply,0.3,800,0.85,0.15358,0.09842,1,0.15142,0.99997,0.08599
Data_omni/001302_lcam_front_lidar.ply,0.25,800,0.8,0.1271,0.09562,1,0.13861,0.99999,0.06598
Data_omni/001303_lcam_front_lidar.ply,0.25,800,0.8,0.13111,0.09102,1,0.12522,0.99999,0.04841
Data_omni/001304_lcam_front_lidar.ply,0.25,800,0.8,0.11218,0.08074,1,0.10926,1.0,0.03703
Data_omni/001305_lcam_front_lidar.ply,0.3,800,0.85,0.14403,0.09512,1,0.12891,0.99999,0.04758
Data_omni/001306_lcam_front_lidar.ply,0.3,800,0.8,0.09467,0.09173,1,0.12475,0.99999,0.04604
Data_omni/001307_lcam_front_lidar.ply,0.3,800,0.8,0.11095,0.09188,1,0.12463,1.0,0.04551
Data_omni/001308_lcam_front_lidar.ply,0.3,800,0.85,0.10301,0.08594,1,0.1304,0.99997,0.06891
Data_omni/001309_lcam_front_lidar.ply,0.25,800,0.8,0.11343,0.07973,1,0.10803,1.0,0.03662
Data_omni/001310_lcam_front_lidar.ply,0.25,800,0.8,0.09536,0.07806,1,0.10892,1.0,0.04173
Data_omni/001311_lcam_front_lidar.ply,0.25,800,0.8,0.12129,0.07708,1,0.10759,1.0,0.041
Data_omni/001312_lcam_front_lidar.ply,0.3,800,0.8,0.16045,0.08473,1,0.12579,0.99999,0.06211
Data_omni/001313_lcam_front_lidar.ply,0.25,800,0.8,0.11083,0.07793,1,0.11123,1.0,0.0466
Data_omni/001314_lcam_front_lidar.ply,0.25,800,0.8,0.10857,0.07599,1,0.10757,1.0,0.04317
Data_omni/001315_lcam_front_lidar.ply,0.25,800,0.8,0.11006,0.07471,1,0.10801,1.0,0.04661
Data_omni/001316_lcam_front_lidar.ply,0.25,800,0.8,0.1701,0.07885,1,0.11246,1.0,0.04723
Data_omni/001317_lcam_front_lidar.ply,0.25,800,0.8,0.12527,0.07756,1,0.11148,1.0,0.04786
Data_omni/001318_lcam_front_lidar.ply,0.25,800,0.8,0.14131,0.07599,1,0.10718,1.0,0.04238
Data_omni/001319_lcam_front_lidar.ply,0.25,800,0.8,0.11659,0.09447,1,0.13431,0.99998,0.05969
Data_omni/001320_lcam_front_lidar.ply,0.25,800,0.8,0.12511,0.08346,1,0.12049,0.99998,0.05407
Data_omni/001321_lcam_front_lidar.ply,0.25,800,0.8,0.12572,0.09452,1,0.1366,0.99999,0.06418
Data_omni/001322_lcam_front_lidar.ply,0.25,800,0.8,0.144,0.08171,1,0.12302,0.99997,0.06261
Data_omni/001323_lcam_front_lidar.ply,0.25,800,0.8,0.16047,0.09192,1,0.13035,0.99999,0.05687
Data_omni/001324_lcam_front_lidar.ply,0.25,800,0.8,0.14283,-0.0064,1,0.00474,0.99976,0.00222
Data_omni/001325_lcam_front_lidar.ply,0.25,800,0.8,0.14362,0.08062,1,0.12044,1.0,0.05973
Data_omni/001326_lcam_front_lidar.ply,0.25,800,0.8,0.10932,0.07176,1,0.10158,1.0,0.03963
Data_omni/001327_lcam_front_lidar.ply,0.25,800,0.8,0.15818,0.08134,1,0.12412,0.99995,0.06554
Data_omni/001328_lcam_front_lidar.ply,0.25,800,0.8,0.13235,0.08849,1,0.13098,1.0,0.065
Data_omni/001329_lcam_front_lidar.ply,0.25,800,0.8,0.12274,0.09673,1,0.14108,0.99999,0.0687
Data_omni/001330_lcam_front_lidar.ply,0.25,800,0.8,0.1353,0.069,1,0.10033,1.0,0.04267
Data_omni/001331_lcam_front_lidar.ply,0.25,800,0.8,0.13107,0.00041,1,0.03346,0.99967,0.04601
Data_omni/001332_lcam_front_lidar.ply,0.25,800,0.8,0.13534,0.09109,1,0.13037,0.99999,0.05866
Data_omni/001333_lcam_front_lidar.ply,0.25,800,0.8,0.12758,0.07898,1,0.11783,1.0,0.05769
Data_omni/001334_lcam_front_lidar.ply,0.25,800,0.8,0.14542,0.07912,1,0.1201,0.99999,0.06195
Data_omni/001335_lcam_front_lidar.ply,0.25,800,0.8,0.1115,0.07274,1,0.11317,0.99996,0.06085
Data_omni/001336_lcam_front_lidar.ply,0.25,800,0.8,0.12691,0.07138,1,0.11047,0.99997,0.0582
Data_omni/001337_lcam_front_lidar.ply,0.25,800,0.8,0.1771,0.04213,1,0.08522,0.99994,0.06617
Data_omni/001338_lcam_front_lidar.ply,0.25,800,0.8,0.14723,0.0571,1,0.09679,0.99997,0.05939
Data_omni/001339_lcam_front_lidar.ply,0.25,800,0.8,0.12134,0.04994,1,0.0958,0.99993,0.0717
Data_omni/001340_lcam_front_lidar.ply,0.25,800,0.8,0.14334,0.06374,1,0.09568,1.0,0.0439
Data_omni/001341_lcam_front_lidar.ply,0.25,800,0.8,0.1535,0.07057,1,0.1103,0.99998,0.05944
Data_omni/001342_lcam_front_lidar.ply,0.25,800,0.8,0.13641,0.07063,1,0.10798,0.99999,0.0547
Data_omni/001343_lcam_front_lidar.ply,0.25,800,0.8,0.13311,0.06913,1,0.10759,0.99999,0.05693
Data_omni/001344_lcam_front_lidar.ply,0.25,800,0.8,0.21429,0.05331,1,0.09164,0.99999,0.05666
Data_omni/001345_lcam_front_lidar.ply,0.25,800,0.8,0.14981,0.05305,1,0.09459,0.99997,0.06308
Data_omni/001346_lcam_front_lidar.ply,0.25,800,0.8,0.14289,0.05847,1,0.1076,0.99993,0.07824
Data_omni/001347_lcam_front_lidar.ply,0.25,800,0.8,0.18757,0.04699,1,0.09352,0.99993,0.07307
Data_omni/001348_lcam_front_lidar.ply,0.25,800,0.8,0.13788,0.05713,1,0.09126,1.0,0.04828
Data_omni/001349_lcam_front_lidar.ply,0.25,800,0.8,0.11893,0.03577,1,0.07955,0.99998,0.06757
Data_omni/001350_lcam_front_lidar.ply,0.3,800,0.8,0.13533,0.05176,1,0.10235,0.99993,0.08117
Data_omni/001351_lcam_front_lidar.ply,0.25,800,0.8,0.19298,0.00962,1,0.05717,0.99994,0.07511
Data_omni/001352_lcam_front_lidar.ply,0.25,800,0.8,0.13725,0.01011,1,0.04565,0.99993,0.05107
Data_omni/001353_lcam_front_lidar.ply,0.25,800,0.8,0.14135,0.05525,1,0.09122,1.0,0.05195
Data_omni/001354_lcam_front_lidar.ply,0.25,800,0.8,0.20159,0.04325,1,0.08585,0.99998,0.0652
Data_omni/001355_lcam_front_lidar.ply,0.25,800,0.8,0.15321,0.04873,1,0.09293,0.99999,0.0684
Data_omni/001356_lcam_front_lidar.ply,0.25,800,0.8,0.16779,0.00932,1,0.04308,0.99989,0.04749
Data_omni/001357_lcam_front_lidar.ply,0.25,800,0.8,0.20467,0.01319,1,0.05467,0.99999,0.06298
Data_omni/001358_lcam_front_lidar.ply,0.25,800,0.8,0.14165,0.00564,1,0.05855,0.99998,0.08581
Data_omni/001359_lcam_front_lidar.ply,0.25,800,0.8,0.15447,0.00828,1,0.05789,0.99999,0.07923
Data_omni/001360_lcam_front_lidar.ply,0.25,800,0.8,0.17372,0.00288,1,0.04508,0.99994,0.06439
Data_omni/001361_lcam_front_lidar.ply,0.25,800,0.8,0.19263,0.00263,1,0.0564,0.99999,0.08755
Data_omni/001362_lcam_front_lidar.ply,0.25,800,0.8,0.16501,0.00692,1,0.05588,0.99999,0.07791
Data_omni/001363_lcam_front_lidar.ply,0.25,800,0.8,0.13689,0.00389,1,0.0552,1.0,0.08262
Data_omni/001364_lcam_front_lidar.ply,0.25,800,0.8,0.14299,0.04566,1,0.09106,1.0,0.0708
Data_omni/001365_lcam_front_lidar.ply,0.25,800,0.8,0.14224,0.05237,1,0.09846,1.0,0.07218
Data_omni/001366_lcam_front_lidar.ply,0.25,800,0.8,0.16711,0.04809,1,0.08985,1.0,0.06352
Data_omni/001367_lcam_front_lidar.ply,0.25,800,0.8,0.17208,0.04626,1,0.08774,1.0,0.06296
Data_omni/001368_lcam_front_lidar.ply,0.25,800,0.8,0.12524,0.04959,1,0.08804,1.0,0.0569
Data_omni/001369_lcam_front_lidar.ply,0.25,800,0.8,0.12727,0.04751,1,0.08919,0.99999,0.06335
Data_omni/001370_lcam_front_lidar.ply,0.25,800,0.8,0.12766,0.04807,1,0.0916,0.99999,0.06706
Data_omni/001371_lcam_front_lidar.ply,0.25,800,0.8,0.12315,0.05155,1,0.09105,1.0,0.059
Data_omni/001372_lcam_front_lidar.ply,0.25,800,0.8,0.109,0.05297,1,0.09312,1.0,0.0603
Data_omni/001373_lcam_front_lidar.ply,0.25,800,0.8,0.12902,0.05217,1,0.09258,0.99999,0.06083
Data_omni/001374_lcam_front_lidar.ply,0.25,800,0.8,0.17175,0.04884,1,0.09069,0.99998,0.06369
Data_omni/001375_lcam_front_lidar.ply,0.25,800,0.8,0.11676,0.04963,1,0.09106,0.99998,0.06287
Data_omni/001376_lcam_front_lidar.ply,0.25,800,0.8,0.12886,0.05101,1,0.09399,0.99997,0.06596
Data_omni/001377_lcam_front_lidar.ply,0.25,800,0.8,0.12042,0.06211,1,0.10216,0.99999,0.06011
Data_omni/001378_lcam_front_lidar.ply,0.25,800,0.8,0.12011,0.06382,1,0.10554,0.99999,0.06343
Data_omni/001379_lcam_front_lidar.ply,0.25,800,0.8,0.12419,0.07895,1,0.12135,0.99998,0.0648
Data_omni/001380_lcam_front_lidar.ply,0.25,800,0.8,0.11133,0.0651,1,0.11053,0.99997,0.07086
Data_omni/001381_lcam_front_lidar.ply,0.25,800,0.8,0.10672,0.06623,1,0.11018,0.99998,0.06792
Data_omni/001382_lcam_front_lidar.ply,0.25,800,0.8,0.12301,0.06549,1,0.11118,0.99996,0.07138
Data_omni/001383_lcam_front_lidar.ply,0.25,800,0.8,0.11042,0.07653,1,0.12158,0.99997,0.0701
Data_omni/001384_lcam_front_lidar.ply,0.25,800,0.8,0.10771,0.06621,1,0.11023,0.99992,0.06802
Data_omni/001385_lcam_front_lidar.ply,0.25,800,0.8,0.11254,0.0809,1,0.12265,0.99996,0.06352
Data_omni/001386_lcam_front_lidar.ply,0.25,800,0.8,0.12412,0.06948,1,0.11333,0.99991,0.06768
Data_omni/001387_lcam_front_lidar.ply,0.25,800,0.8,0.10557,-0.0521,1,0.01586,0.99712,0.11509
Data_omni/001388_lcam_front_lidar.ply,0.25,800,0.8,0.1166,0.0706,1,0.11121,0.99997,0.06207
Data_omni/001389_lcam_front_lidar.ply,0.25,800,0.8,0.14298,0.06578,1,0.119,0.99984,0.0864
Data_omni/001390_lcam_front_lidar.ply,0.25,800,0.8,0.11182,0.07731,1,0.12619,0.99986,0.07777
Data_omni/001391_lcam_front_lidar.ply,0.25,800,0.8,0.12157,0.08349,1,0.12735,0.9999,0.06774
Data_omni/001392_lcam_front_lidar.ply,0.25,800,0.8,0.11997,0.06483,1,0.12069,0.99979,0.09168
Data_omni/001393_lcam_front_lidar.ply,0.3,800,0.8,0.14407,0.07635,1,0.13139,0.99982,0.09007
Data_omni/001394_lcam_front_lidar.ply,0.25,800,0.8,0.10953,0.05878,1,0.1038,0.99991,0.07007
Data_omni/001395_lcam_front_lidar.ply,0.25,800,0.8,0.09919,0.06171,1,0.10367,0.99994,0.06393
Data_omni/001396_lcam_front_lidar.ply,0.25,800,0.8,0.09535,0.06526,1,0.10259,0.99999,0.05468
Data_omni/001397_lcam_front_lidar.ply,0.3,800,0.8,0.1756,0.05949,1,0.10364,0.99995,0.0683
Data_omni/001398_lcam_front_lidar.ply,0.25,800,0.8,0.09927,0.06173,1,0.10213,0.99994,0.06081
Data_omni/001399_lcam_front_lidar.ply,0.3,800,0.8,0.0916,0.07279,1,0.1146,0.99998,0.06365
Data_omni/001400_lcam_front_lidar.ply,0.3,800,0.8,0.12767,0.0721,1,0.13262,0.99981,0.101
Data_omni/001401_lcam_front_lidar.ply,0.2,800,0.8,0.14632,0.05306,1,0.08726,0.99999,0.04844
Data_omni/001402_lcam_front_lidar.ply,0.25,800,0.8,0.10679,0.06234,1,0.10192,0.99997,0.05915
Data_omni/001403_lcam_front_lidar.ply,0.3,800,0.8,0.11278,0.06075,1,0.1028,0.99996,0.0641
Data_omni/001404_lcam_front_lidar.ply,0.25,800,0.8,0.11952,0.06095,1,0.09931,0.99998,0.05672
Data_omni/001405_lcam_front_lidar.ply,0.25,800,0.8,0.13144,0.06258,1,0.10175,0.99999,0.05834
Data_omni/001406_lcam_front_lidar.ply,0.25,800,0.8,0.1063,0.07424,1,0.11541,0.99998,0.06233
Data_omni/001407_lcam_front_lidar.ply,0.25,800,0.8,0.11172,0.06524,1,0.09925,1.0,0.04803
Data_omni/001408_lcam_front_lidar.ply,0.25,800,0.8,0.12331,0.06222,1,0.10016,0.99998,0.05586
Data_omni/001409_lcam_front_lidar.ply,0.25,800,0.85,0.16687,0.07149,1,0.10511,0.99998,0.04724
Data_omni/001410_lcam_front_lidar.ply,0.25,800,0.8,0.13334,0.06803,1,0.09859,0.99999,0.04112
Data_omni/001411_lcam_front_lidar.ply,0.25,800,0.8,0.13268,0.06494,1,0.10174,0.99996,0.05359
Data_omni/001412_lcam_front_lidar.ply,0.25,800,0.8,0.12783,0.05418,1,0.0865,0.99999,0.04465
Data_omni/001413_lcam_front_lidar.ply,0.25,800,0.8,0.13254,0.0526,1,0.08931,1.0,0.05341
Data_omni/001414_lcam_front_lidar.ply,0.25,800,0.8,0.1469,0.0506,1,0.08879,1.0,0.05637
Data_omni/001415_lcam_front_lidar.ply,0.25,800,0.8,0.15331,0.05887,1,0.10475,0.99998,0.07176
Data_omni/001416_lcam_front_lidar.ply,0.25,800,0.8,0.14553,0.05054,1,0.09078,1.0,0.06049
Data_omni/001417_lcam_front_lidar.ply,0.25,800,0.8,0.14325,0.05515,1,0.10314,0.99998,0.07598
Data_omni/001418_lcam_front_lidar.ply,0.25,800,0.8,0.13149,0.05193,1,0.09,0.99999,0.05615
Data_omni/001419_lcam_front_lidar.ply,0.25,800,0.8,0.14156,0.05482,1,0.10202,1.0,0.07439
Data_omni/001420_lcam_front_lidar.ply,0.25,800,0.8,0.19536,0.05474,1,0.10149,0.99999,0.07351
Data_omni/001421_lcam_front_lidar.ply,0.25,800,0.8,0.15442,0.04364,1,0.086,0.99998,0.06471
Data_omni/001422_lcam_front_lidar.ply,0.25,800,0.8,0.14608,0.0461,1,0.0883,0.99997,0.06439
Data_omni/001423_lcam_front_lidar.ply,0.25,800,0.8,0.17786,0.04584,1,0.08805,0.99998,0.06444
Data_omni/001424_lcam_front_lidar.ply,0.25,800,0.8,0.15197,0.04145,1,0.08178,1.0,0.06066
Data_omni/001425_lcam_front_lidar.ply,0.25,800,0.8,0.14307,0.04891,1,0.0964,0.99994,0.07498
Data_omni/001426_lcam_front_lidar.ply,0.25,800,0.8,0.12746,0.0729,1,0.11721,0.99996,0.06862
Data_omni/001427_lcam_front_lidar.ply,0.25,800,0.8,0.14612,0.04153,1,0.08584,1.0,0.06862
Data_omni/001428_lcam_front_lidar.ply,0.25,800,0.8,0.1435,0.05388,1,0.1016,0.99994,0.07542
Data_omni/001429_lcam_front_lidar.ply,0.25,800,0.8,0.16702,0.0032,1,0.05678,0.99993,0.08714
Data_omni/001430_lcam_front_lidar.ply,0.25,800,0.8,0.20282,0.00343,1,0.04178,0.99983,0.05667
Data_omni/001431_lcam_front_lidar.ply,0.25,800,0.8,0.17485,0.00207,1,0.04135,0.99982,0.05857
Data_omni/001432_lcam_front_lidar.ply,0.25,800,0.8,0.16202,0.00458,1,0.05497,0.99995,0.08084
Data_omni/001433_lcam_front_lidar.ply,0.25,800,0.8,0.19005,-0.00532,1,0.04203,0.99996,0.07471
Data_omni/001434_lcam_front_lidar.ply,0.25,800,0.8,0.15509,-0.00542,1,0.04348,0.99987,0.07777
Data_omni/001435_lcam_front_lidar.ply,0.25,800,0.8,0.17639,0.01156,1,0.05586,0.99997,0.06862
Data_omni/001436_lcam_front_lidar.ply,0.25,800,0.8,0.14819,0.06317,1,0.11013,0.99999,0.07392
Data_omni/001437_lcam_front_lidar.ply,0.25,800,0.8,0.16823,0.05412,1,0.09579,1.0,0.06335
Data_omni/001438_lcam_front_lidar.ply,0.25,800,0.8,0.11998,0.05338,1,0.0985,0.99999,0.07024
Data_omni/001439_lcam_front_lidar.ply,0.25,800,0.8,0.24985,-0.09356,1,0.16167,0.0238,0.19762
Data_omni/001440_lcam_front_lidar.ply,0.25,800,0.8,0.16789,0.19234,1,0.0879,0.99998,0.06398
Data_omni/001441_lcam_front_lidar.ply,0.25,800,0.8,0.15348,0.06484,1,0.11152,0.99996,0.07337
Data_omni/001442_lcam_front_lidar.ply,0.25,800,0.8,0.19015,0.05088,1,0.10655,0.99988,0.09132
Data_omni/001443_lcam_front_lidar.ply,0.25,800,0.8,0.12762,0.04469,1,0.08348,1.0,0.0576
Data_omni/001444_lcam_front_lidar.ply,0.25,800,0.8,0.16008,0.04357,1,0.08542,0.99999,0.0637
Data_omni/001445_lcam_front_lidar.ply,0.25,800,0.8,0.14313,0.04372,1,0.08697,1.0,0.06651
Data_omni/001446_lcam_front_lidar.ply,0.25,800,0.8,0.12477,0.05969,1,0.10996,0.99996,0.08051
Data_omni/001447_lcam_front_lidar.ply,0.25,800,0.8,0.11788,0.06039,1,0.10902,0.99997,0.07726
Data_omni/001448_lcam_front_lidar.ply,0.25,800,0.8,0.14244,0.04387,1,0.08461,1.0,0.06148
Data_omni/001449_lcam_front_lidar.ply,0.25,800,0.8,0.18988,0.04694,1,0.0831,1.0,0.05231
Data_omni/001450_lcam_front_lidar.ply,0.25,800,0.8,0.12937,0.0449,1,0.08336,1.0,0.05691
Data_omni/001451_lcam_front_lidar.ply,0.25,800,0.8,0.1443,0.06414,1,0.10822,0.99997,0.06816
Data_omni/001452_lcam_front_lidar.ply,0.25,800,0.8,0.13343,0.06356,1,0.11281,0.99997,0.07852
Data_omni/001453_lcam_front_lidar.ply,0.25,800,0.8,0.12973,0.04756,1,0.0912,0.99999,0.06727
Data_omni/001454_lcam_front_lidar.ply,0.25,800,0.8,0.11522,0.04682,1,0.08683,0.99999,0.06002
Data_omni/001455_lcam_front_lidar.ply,0.25,800,0.8,0.12348,0.04781,1,0.08731,0.99999,0.05898
Data_omni/001456_lcam_front_lidar.ply,0.25,800,0.8,0.14922,0.04395,1,0.08531,0.99999,0.06271
Data_omni/001457_lcam_front_lidar.ply,0.25,800,0.8,0.1197,0.04167,1,0.08655,0.99999,0.06977
Data_omni/001458_lcam_front_lidar.ply,0.25,800,0.8,0.09906,0.04118,1,0.0823,0.99998,0.06223
Data_omni/001459_lcam_front_lidar.ply,0.25,800,0.8,0.12477,0.02817,1,0.07871,0.99992,0.08107
Data_omni/001460_lcam_front_lidar.ply,0.25,800,0.8,0.15902,0.03105,1,0.07839,0.99991,0.07467
Data_omni/001461_lcam_front_lidar.ply,0.25,800,0.8,0.11948,0.00685,1,0.05036,0.99986,0.06701
Data_omni/001462_lcam_front_lidar.ply,0.25,800,0.8,0.10497,0.04935,1,0.08884,0.99994,0.05901
Data_omni/001463_lcam_front_lidar.ply,0.25,800,0.8,0.10765,0.05185,1,0.08733,0.99998,0.05098
Data_omni/001464_lcam_front_lidar.ply,0.25,800,0.8,0.15332,0.05815,1,0.08327,1.0,0.03025
Data_omni/001465_lcam_front_lidar.ply,0.25,800,0.8,0.09905,0.0488,1,0.0775,1.0,0.03739
Data_omni/001466_lcam_front_lidar.ply,0.25,800,0.8,0.09073,0.05355,1,0.09909,0.99988,0.07105
Data_omni/001467_lcam_front_lidar.ply,0.25,800,0.8,0.12632,0.03765,1,0.07531,0.99996,0.05533
Data_omni/001468_lcam_front_lidar.ply,0.25,800,0.8,0.15632,0.05533,1,0.11068,0.99979,0.09066
Data_omni/001469_lcam_front_lidar.ply,0.25,800,0.8,0.09548,0.05717,1,0.11059,0.99985,0.08685
Data_omni/001470_lcam_front_lidar.ply,0.25,800,0.8,0.11153,0.05105,1,0.11353,0.9998,0.10494
Data_omni/001471_lcam_front_lidar.ply,0.25,800,0.8,0.12521,0.00536,1,0.07427,0.99897,0.11758
Data_omni/001472_lcam_front_lidar.ply,0.25,800,0.8,0.11083,0.03455,1,0.10421,0.99968,0.11952
Data_omni/001473_lcam_front_lidar.ply,0.25,800,0.8,0.10255,0.04723,1,0.11212,0.99986,0.10982
Data_omni/001474_lcam_front_lidar.ply,0.25,800,0.8,0.11087,0.04871,1,0.10947,0.9998,0.1015
Data_omni/001475_lcam_front_lidar.ply,0.25,800,0.8,0.1181,0.05251,1,0.1189,0.99975,0.11277
Data_omni/001476_lcam_front_lidar.ply,0.25,800,0.8,0.13455,0.05898,1,0.12262,0.9998,0.10729
Data_omni/001477_lcam_front_lidar.ply,0.25,800,0.8,0.13903,0.05976,1,0.12434,0.99977,0.10915
Data_omni/001478_lcam_front_lidar.ply,0.25,800,0.8,0.12983,0.05976,1,0.12127,0.99986,0.10306
Data_omni/001479_lcam_front_lidar.ply,0.25,800,0.8,0.18795,0.05236,1,0.10349,0.99992,0.08226
Data_omni/001480_lcam_front_lidar.ply,0.25,800,0.8,0.12747,0.05037,1,0.10548,0.99994,0.09021
Data_omni/001481_lcam_front_lidar.ply,0.25,800,0.8,0.13518,0.05453,1,0.10723,0.99985,0.08537
Data_omni/001482_lcam_front_lidar.ply,0.25,800,0.8,0.17515,0.05705,1,0.11295,0.99993,0.09183
Data_omni/001483_lcam_front_lidar.ply,0.25,800,0.8,0.13676,0.06238,1,0.10694,0.99997,0.06912
Data_omni/001484_lcam_front_lidar.ply,0.25,800,0.8,0.11346,0.05646,1,0.11025,0.99989,0.08755
Data_omni/001485_lcam_front_lidar.ply,0.25,800,0.8,0.13744,0.0573,1,0.11006,0.9999,0.08552
Data_omni/001486_lcam_front_lidar.ply,0.25,800,0.8,0.14397,0.06113,1,0.11101,0.99993,0.07977
Data_omni/001487_lcam_front_lidar.ply,0.25,800,0.8,0.12887,0.05516,1,0.10772,0.99992,0.08511
Data_omni/001488_lcam_front_lidar.ply,0.25,800,0.8,0.14274,0.05486,1,0.11071,0.99991,0.09169
Data_omni/001489_lcam_front_lidar.ply,0.25,800,0.8,0.20221,0.04435,1,0.09608,0.99999,0.08349
Data_omni/001490_lcam_front_lidar.ply,0.25,800,0.8,0.1413,0.04236,1,0.09609,0.99999,0.08747
Data_omni/001491_lcam_front_lidar.ply,0.25,800,0.8,0.13437,0.04175,1,0.09459,0.99999,0.08567
Data_omni/001492_lcam_front_lidar.ply,0.3,800,0.8,0.21418,0.04569,1,0.10231,0.99994,0.09324
Data_omni/001493_lcam_front_lidar.ply,0.25,800,0.8,0.13066,0.03987,1,0.09254,0.99999,0.08535
Data_omni/001494_lcam_front_lidar.ply,0.25,800,0.8,0.12752,0.03789,1,0.09039,0.99999,0.085
Data_omni/001495_lcam_front_lidar.ply,0.25,800,0.8,0.1291,0.03807,1,0.09223,0.99998,0.08832
Data_omni/001496_lcam_front_lidar.ply,0.25,800,0.8,0.13758,0.04184,1,0.08545,1.0,0.06721
Data_omni/001497_lcam_front_lidar.ply,0.25,800,0.8,0.1358,0.03547,1,0.09329,0.99997,0.09562
Data_omni/001498_lcam_front_lidar.ply,0.25,800,0.8,0.14292,0.02846,1,0.09356,0.99993,0.11018
Data_omni/001499_lcam_front_lidar.ply,0.25,800,0.8,0.22341,0.03059,1,0.09406,0.99995,0.10693
Data_omni/001500_lcam_front_lidar.ply,0.25,800,0.8,0.13439,0.0335,1,0.09267,0.99997,0.09835
Data_omni/001501_lcam_front_lidar.ply,0.25,800,0.8,0.14173,0.03946,1,0.08867,0.99999,0.07844
Data_omni/001502_lcam_front_lidar.ply,0.25,800,0.8,0.14305,0.04207,1,0.09145,0.99999,0.07877
Data_omni/001503_lcam_front_lidar.ply,0.25,800,0.8,0.12759,0.03831,1,0.09098,0.99998,0.08532
Data_omni/001504_lcam_front_lidar.ply,0.25,800,0.8,0.1234,0.03555,1,0.08901,0.99997,0.08692
Data_omni/001505_lcam_front_lidar.ply,0.25,800,0.8,0.13354,0.03826,1,0.08211,0.99997,0.06771
Data_omni/001506_lcam_front_lidar.ply,0.25,800,0.8,0.14233,0.05918,1,0.10626,1.0,0.07418
Data_omni/001507_lcam_front_lidar.ply,0.25,800,0.8,0.13369,0.03158,1,0.08457,0.99994,0.08596
Data_omni/001508_lcam_front_lidar.ply,0.25,800,0.8,0.15928,0.03314,1,0.0822,0.99995,0.07813
Data_omni/001509_lcam_front_lidar.ply,0.25,800,0.8,0.1778,0.03312,1,0.08844,0.99992,0.09063
Data_omni/001510_lcam_front_lidar.ply,0.25,800,0.8,0.14208,0.03897,1,0.08949,0.99996,0.08106
Data_omni/001511_lcam_front_lidar.ply,0.25,800,0.8,0.14059,0.03792,1,0.08825,0.99995,0.08066
Data_omni/001512_lcam_front_lidar.ply,0.25,800,0.8,0.1313,0.04117,1,0.08834,0.99996,0.07434
Data_omni/001513_lcam_front_lidar.ply,0.25,800,0.8,0.13282,0.04473,1,0.0905,0.99996,0.07153
Data_omni/001514_lcam_front_lidar.ply,0.25,800,0.8,0.12123,0.03727,1,0.09017,0.99993,0.08578
Data_omni/001515_lcam_front_lidar.ply,0.25,800,0.8,0.14247,0.03798,1,0.0889,0.99994,0.08184
Data_omni/001516_lcam_front_lidar.ply,0.25,800,0.8,0.1565,0.0431,1,0.08879,0.99996,0.07139
Data_omni/001517_lcam_front_lidar.ply,0.25,800,0.8,0.13166,0.04107,1,0.09105,0.99994,0.07995
Data_omni/001518_lcam_front_lidar.ply,0.25,800,0.8,0.15855,0.03962,1,0.09549,0.99991,0.09173
Data_omni/001519_lcam_front_lidar.ply,0.25,800,0.8,0.16201,0.04068,1,0.0965,0.99992,0.09165
Data_omni/001520_lcam_front_lidar.ply,0.25,800,0.8,0.14187,0.03657,1,0.09396,0.99994,0.09478
Data_omni/001521_lcam_front_lidar.ply,0.25,800,0.8,0.115,0.0333,1,0.09199,0.99989,0.09737
Data_omni/001522_lcam_front_lidar.ply,0.25,800,0.8,0.14827,0.03599,1,0.09539,0.99988,0.09881
Data_omni/001523_lcam_front_lidar.ply,0.25,800,0.8,0.21211,0.03987,1,0.09907,0.9999,0.09841
Data_omni/001524_lcam_front_lidar.ply,0.25,800,0.8,0.14472,0.04926,1,0.10463,0.99991,0.09073
Data_omni/001525_lcam_front_lidar.ply,0.25,800,0.8,0.12633,0.03785,1,0.09566,0.99989,0.09561
Data_omni/001526_lcam_front_lidar.ply,0.25,800,0.8,0.12434,0.04039,1,0.09202,0.99992,0.08326
Data_omni/001527_lcam_front_lidar.ply,0.25,800,0.8,0.13254,0.05086,1,0.10633,0.9999,0.09093
Data_omni/001528_lcam_front_lidar.ply,0.25,800,0.8,0.1391,0.05282,1,0.10433,0.99993,0.08302
Data_omni/001529_lcam_front_lidar.ply,0.25,800,0.8,0.11124,0.05259,1,0.10122,0.99996,0.07729
Data_omni/001530_lcam_front_lidar.ply,0.25,800,0.8,0.20834,0.04929,1,0.10083,0.99993,0.08309
Data_omni/001531_lcam_front_lidar.ply,0.25,800,0.8,0.12538,0.05391,1,0.10088,0.99997,0.07393
Data_omni/001532_lcam_front_lidar.ply,0.25,800,0.8,0.13353,0.0535,1,0.10106,0.99996,0.07512
Data_omni/001533_lcam_front_lidar.ply,0.25,800,0.8,0.15832,0.07131,1,0.11776,0.99996,0.0729
Data_omni/001534_lcam_front_lidar.ply,0.25,800,0.8,0.14689,0.05402,1,0.10384,0.99996,0.07965
Data_omni/001535_lcam_front_lidar.ply,0.25,800,0.8,0.15863,0.07564,1,0.12324,0.99996,0.0752
Data_omni/001536_lcam_front_lidar.ply,0.25,800,0.8,0.16585,0.05478,1,0.10425,0.99996,0.07893
Data_omni/001537_lcam_front_lidar.ply,0.25,800,0.8,0.20495,0.07456,1,0.12216,0.99995,0.0752
Data_omni/001538_lcam_front_lidar.ply,0.25,800,0.8,0.12672,0.04813,1,0.09312,0.99997,0.06999
Data_omni/001539_lcam_front_lidar.ply,0.25,800,0.8,0.14341,0.07625,1,0.12242,0.99996,0.07234
Data_omni/001540_lcam_front_lidar.ply,0.25,800,0.8,0.13387,0.05069,1,0.0933,0.99997,0.06522
Data_omni/001541_lcam_front_lidar.ply,0.25,800,0.8,0.14343,-0.08785,1,0.01439,0.99712,0.18362
Data_omni/001542_lcam_front_lidar.ply,0.25,800,0.8,0.1282,0.0483,1,0.09171,0.99997,0.06766
Data_omni/001543_lcam_front_lidar.ply,0.25,800,0.8,0.13425,0.05067,1,0.09342,0.99998,0.06551
Data_omni/001544_lcam_front_lidar.ply,0.25,800,0.8,0.16615,0.05073,1,0.09339,0.99997,0.06533
Data_omni/001545_lcam_front_lidar.ply,0.25,800,0.8,0.14302,0.05056,1,0.0953,0.99995,0.06947
Data_omni/001546_lcam_front_lidar.ply,0.25,800,0.8,0.13015,0.0503,1,0.09396,0.99998,0.06733
Data_omni/001547_lcam_front_lidar.ply,0.25,800,0.8,0.12858,0.05109,1,0.09359,0.99998,0.06501
Data_omni/001548_lcam_front_lidar.ply,0.25,800,0.8,0.16867,0.05153,1,0.0942,0.99999,0.06535
Data_omni/001549_lcam_front_lidar.ply,0.25,800,0.8,0.14481,-0.05447,1,0.01456,0.99795,0.11745
Data_omni/001550_lcam_front_lidar.ply,0.25,800,0.8,0.12582,0.05072,1,0.09297,0.99998,0.06511
Data_omni/001551_lcam_front_lidar.ply,0.25,800,0.8,0.18571,0.05028,1,0.09303,0.99998,0.0655
Data_omni/001552_lcam_front_lidar.ply,0.25,800,0.8,0.144,0.05114,1,0.09495,0.99998,0.06763
Data_omni/001553_lcam_front_lidar.ply,0.25,800,0.8,0.12773,0.04957,1,0.09289,0.99998,0.06662
Data_omni/001554_lcam_front_lidar.ply,0.25,800,0.8,0.12755,0.0481,1,0.09232,0.99998,0.06844
Data_omni/001555_lcam_front_lidar.ply,0.25,800,0.8,0.12731,0.05057,1,0.09246,0.99998,0.06378
Data_omni/001556_lcam_front_lidar.ply,0.25,800,0.8,0.15301,-0.05517,1,0.01472,0.99842,0.11931
Data_omni/001557_lcam_front_lidar.ply,0.25,800,0.8,0.15266,0.05068,1,0.09253,0.99998,0.06418
Data_omni/001558_lcam_front_lidar.ply,0.25,800,0.8,0.17521,0.04991,1,0.08986,0.99999,0.05989
Data_omni/001559_lcam_front_lidar.ply,0.25,800,0.8,0.13174,0.04764,1,0.08919,0.99996,0.06309
Data_omni/001560_lcam_front_lidar.ply,0.25,800,0.8,0.13657,0.05228,1,0.09336,0.99998,0.06215
Data_omni/001561_lcam_front_lidar.ply,0.25,800,0.8,0.14509,0.04913,1,0.09025,0.99997,0.06223
Data_omni/001562_lcam_front_lidar.ply,0.25,800,0.8,0.15931,0.05063,1,0.09169,0.99997,0.06213
Data_omni/001563_lcam_front_lidar.ply,0.25,800,0.8,0.1432,0.06343,1,0.10385,0.99997,0.06084
Data_omni/001564_lcam_front_lidar.ply,0.25,800,0.8,0.12642,0.04721,1,0.09072,0.99997,0.06703
Data_omni/001565_lcam_front_lidar.ply,0.25,800,0.8,0.18984,0.04893,1,0.0936,0.99996,0.06934
Data_omni/001566_lcam_front_lidar.ply,0.25,800,0.8,0.14792,0.04802,1,0.09423,0.99995,0.07241
Data_omni/001567_lcam_front_lidar.ply,0.25,800,0.8,0.11618,0.08275,1,0.12489,0.99998,0.06429
Data_omni/001568_lcam_front_lidar.ply,0.25,800,0.8,0.12966,0.04727,1,0.0947,0.99997,0.07485
Data_omni/001569_lcam_front_lidar.ply,0.25,800,0.8,0.16518,-0.05807,1,0.01489,0.99881,0.12557
Data_omni/001570_lcam_front_lidar.ply,0.25,800,0.8,0.12811,0.05086,1,0.09699,0.99996,0.0726
Data_omni/001571_lcam_front_lidar.ply,0.25,800,0.8,0.13783,0.04847,1,0.09448,0.99996,0.07203
Data_omni/001572_lcam_front_lidar.ply,0.25,800,0.8,0.16572,0.04829,1,0.09413,0.99996,0.07167
Data_omni/001573_lcam_front_lidar.ply,0.25,800,0.8,0.10966,0.0475,1,0.09335,0.99997,0.07171
Data_omni/001574_lcam_front_lidar.ply,0.25,800,0.8,0.15107,0.04648,1,0.0937,0.99996,0.07445
Data_omni/001575_lcam_front_lidar.ply,0.25,800,0.8,0.19412,0.047,1,0.09263,0.99997,0.07125
Data_omni/001576_lcam_front_lidar.ply,0.25,800,0.8,0.11294,0.04678,1,0.09205,0.99997,0.07054
Data_omni/001577_lcam_front_lidar.ply,0.25,800,0.8,0.15094,0.04455,1,0.0909,0.99997,0.07269
Data_omni/001578_lcam_front_lidar.ply,0.25,800,0.8,0.1508,0.04479,1,0.09045,0.99997,0.07133
Data_omni/001579_lcam_front_lidar.ply,0.25,800,0.8,0.1499,0.04319,1,0.09069,0.99998,0.07502
Data_omni/001580_lcam_front_lidar.ply,0.25,800,0.8,0.14759,0.04431,1,0.09277,0.99995,0.07691
Data_omni/001581_lcam_front_lidar.ply,0.25,800,0.8,0.13956,0.04623,1,0.0906,0.99997,0.06874
Data_omni/001582_lcam_front_lidar.ply,0.25,800,0.8,0.15599,0.04619,1,0.08955,0.99996,0.06673
Data_omni/001583_lcam_front_lidar.ply,0.25,800,0.8,0.15547,0.04861,1,0.09109,0.99997,0.06496
Data_omni/001584_lcam_front_lidar.ply,0.25,800,0.8,0.12345,0.04862,1,0.0926,0.99996,0.06795
Data_omni/001585_lcam_front_lidar.ply,0.25,800,0.8,0.12463,0.04626,1,0.09129,0.99995,0.07006
Data_omni/001586_lcam_front_lidar.ply,0.25,800,0.8,0.16054,0.04722,1,0.09121,0.99996,0.06798
Data_omni/001587_lcam_front_lidar.ply,0.25,800,0.8,0.1314,0.05021,1,0.09314,0.99997,0.06586
Data_omni/001588_lcam_front_lidar.ply,0.25,800,0.8,0.12871,0.04675,1,0.09098,0.99996,0.06846
Data_omni/001589_lcam_front_lidar.ply,0.25,800,0.8,0.19,0.0473,1,0.09244,0.99994,0.07026
Data_omni/001590_lcam_front_lidar.ply,0.25,800,0.8,0.1318,0.04942,1,0.09182,0.99996,0.0648
Data_omni/001591_lcam_front_lidar.ply,0.25,800,0.8,0.14345,0.04778,1,0.08896,0.99996,0.06236
Data_omni/001592_lcam_front_lidar.ply,0.25,800,0.8,0.1426,0.04958,1,0.09114,0.99996,0.06312
Data_omni/001593_lcam_front_lidar.ply,0.25,800,0.8,0.13456,0.04858,1,0.09167,0.99996,0.06618
Data_omni/001594_lcam_front_lidar.ply,0.25,800,0.8,0.13338,0.04677,1,0.0909,0.99995,0.06826
Data_omni/001595_lcam_front_lidar.ply,0.25,800,0.8,0.15869,0.04616,1,0.09173,0.99997,0.07115
Data_omni/001596_lcam_front_lidar.ply,0.25,800,0.8,0.19187,0.04721,1,0.0908,0.99996,0.06717
Data_omni/001597_lcam_front_lidar.ply,0.25,800,0.8,0.12318,0.04692,1,0.09119,0.99995,0.06854
Data_omni/001598_lcam_front_lidar.ply,0.25,800,0.8,0.13508,0.04784,1,0.08989,0.99997,0.0641
Data_omni/001599_lcam_front_lidar.ply,0.25,800,0.8,0.14829,0.04574,1,0.08998,0.99996,0.06849
Data_omni/001600_lcam_front_lidar.ply,0.25,800,0.8,0.12786,0.04884,1,0.09421,0.99997,0.07075
Data_omni/001601_lcam_front_lidar.ply,0.25,800,0.8,0.12725,0.05133,1,0.09872,0.99996,0.07478
Data_omni/001602_lcam_front_lidar.ply,0.25,800,0.8,0.12714,0.06042,1,0.11091,0.99996,0.08099
Data_omni/001603_lcam_front_lidar.ply,0.25,800,0.8,0.18538,0.05753,1,0.11006,0.99994,0.08506
Data_omni/001604_lcam_front_lidar.ply,0.25,800,0.8,0.15688,0.05985,1,0.11142,0.99994,0.08315
Data_omni/001605_lcam_front_lidar.ply,0.25,800,0.8,0.12772,0.0464,1,0.0982,0.99993,0.08359
Data_omni/001606_lcam_front_lidar.ply,0.25,800,0.8,0.13743,0.05893,1,0.10921,0.99995,0.08056
Data_omni/001607_lcam_front_lidar.ply,0.25,800,0.8,0.14752,0.05599,1,0.10752,0.99994,0.08307
Data_omni/001608_lcam_front_lidar.ply,0.25,800,0.8,0.12268,0.06316,1,0.11202,0.99995,0.07772
Data_omni/001609_lcam_front_lidar.ply,0.25,800,0.8,0.10908,0.04747,1,0.09688,0.99994,0.07883
Data_omni/001610_lcam_front_lidar.ply,0.25,800,0.8,0.18133,0.05116,1,0.09411,0.99998,0.0659
Data_omni/001611_lcam_front_lidar.ply,0.25,800,0.8,0.14406,0.058,1,0.10949,0.99994,0.08297
Data_omni/001612_lcam_front_lidar.ply,0.25,800,0.8,0.13813,0.04504,1,0.09382,0.99994,0.07755
Data_omni/001613_lcam_front_lidar.ply,0.25,800,0.8,0.1271,0.05992,1,0.10807,0.99995,0.0763
Data_omni/001614_lcam_front_lidar.ply,0.25,800,0.8,0.11181,0.0652,1,0.11312,0.99995,0.07585
Data_omni/001615_lcam_front_lidar.ply,0.25,800,0.8,0.12366,0.06203,1,0.10971,0.99995,0.07536
Data_omni/001616_lcam_front_lidar.ply,0.25,800,0.8,0.12795,0.06439,1,0.10801,0.99996,0.06724
Data_omni/001617_lcam_front_lidar.ply,0.25,800,0.8,0.18377,0.06315,1,0.10939,0.99994,0.07247
Data_omni/001618_lcam_front_lidar.ply,0.25,800,0.8,0.12734,0.06432,1,0.10672,0.99996,0.06482
Data_omni/001619_lcam_front_lidar.ply,0.25,800,0.8,0.14276,0.05852,1,0.11051,0.99994,0.08397
Data_omni/001620_lcam_front_lidar.ply,0.25,800,0.8,0.13524,0.05148,1,0.09574,0.99995,0.06851
Data_omni/001621_lcam_front_lidar.ply,0.25,800,0.8,0.14115,0.05366,1,0.09481,0.99995,0.06231
Data_omni/001622_lcam_front_lidar.ply,0.25,800,0.8,0.13453,0.05389,1,0.09633,0.99995,0.06489
Data_omni/001623_lcam_front_lidar.ply,0.25,800,0.8,0.15901,0.05206,1,0.0931,0.99994,0.06208
Data_omni/001624_lcam_front_lidar.ply,0.25,800,0.8,0.17824,0.06449,1,0.11251,0.99996,0.07604
Data_omni/001625_lcam_front_lidar.ply,0.25,800,0.8,0.12763,0.0572,1,0.10624,0.99992,0.07806
Data_omni/001626_lcam_front_lidar.ply,0.25,800,0.8,0.12727,0.05514,1,0.10758,0.99988,0.08487
Data_omni/001627_lcam_front_lidar.ply,0.25,800,0.8,0.15976,0.0498,1,0.09474,0.99993,0.0699
Data_omni/001628_lcam_front_lidar.ply,0.25,800,0.8,0.178,0.05053,1,0.09449,0.99994,0.06791
Data_omni/001629_lcam_front_lidar.ply,0.25,800,0.8,0.13265,0.05481,1,0.10509,0.9999,0.08055
Data_omni/001630_lcam_front_lidar.ply,0.25,800,0.8,0.15141,0.04675,1,0.09728,0.99991,0.08106
Data_omni/001631_lcam_front_lidar.ply,0.25,800,0.8,0.133,0.04871,1,0.09694,0.99992,0.07646
Data_omni/001632_lcam_front_lidar.ply,0.25,800,0.8,0.12745,0.05207,1,0.10249,0.99989,0.08084
Data_omni/001633_lcam_front_lidar.ply,0.25,800,0.8,0.11445,0.04732,1,0.09409,0.99992,0.07356
Data_omni/001634_lcam_front_lidar.ply,0.25,800,0.8,0.12713,0.04922,1,0.0963,0.99992,0.07415
Data_omni/001635_lcam_front_lidar.ply,0.25,800,0.8,0.14862,0.05126,1,0.09824,0.99992,0.07396
Data_omni/001636_lcam_front_lidar.ply,0.25,800,0.8,0.14641,0.04292,1,0.09271,0.9999,0.07956
Data_omni/001637_lcam_front_lidar.ply,0.25,800,0.8,0.15033,0.04811,1,0.09601,0.99992,0.0758
Data_omni/001638_lcam_front_lidar.ply,0.25,800,0.8,0.1317,0.05104,1,0.09192,0.99995,0.06178
Data_omni/001639_lcam_front_lidar.ply,0.25,800,0.8,0.13777,0.04672,1,0.08923,0.99994,0.06502
Data_omni/001640_lcam_front_lidar.ply,0.25,800,0.8,0.13306,0.04753,1,0.09133,0.99992,0.06761
Data_omni/001641_lcam_front_lidar.ply,0.25,800,0.8,0.13591,0.05184,1,0.09457,0.99994,0.06546
Data_omni/001642_lcam_front_lidar.ply,0.25,800,0.8,0.12825,0.04763,1,0.08931,0.99994,0.06336
Data_omni/001643_lcam_front_lidar.ply,0.25,800,0.8,0.14301,0.04804,1,0.08926,0.99994,0.06245
Data_omni/001644_lcam_front_lidar.ply,0.25,800,0.8,0.13031,0.05009,1,0.08743,0.99996,0.05469
Data_omni/001645_lcam_front_lidar.ply,0.25,800,0.8,0.19071,0.04817,1,0.08975,0.99993,0.06316
Data_omni/001646_lcam_front_lidar.ply,0.25,800,0.8,0.14382,0.04906,1,0.09037,0.99994,0.06263
Data_omni/001647_lcam_front_lidar.ply,0.25,800,0.8,0.134,0.04807,1,0.08971,0.99994,0.06326
Data_omni/001648_lcam_front_lidar.ply,0.25,800,0.8,0.1268,0.04855,1,0.09112,0.99993,0.06515
Data_omni/001649_lcam_front_lidar.ply,0.25,800,0.8,0.12509,0.05607,1,0.09416,0.99996,0.0562
Data_omni/001650_lcam_front_lidar.ply,0.25,800,0.8,0.1393,0.05053,1,0.09228,0.99994,0.06349
Data_omni/001651_lcam_front_lidar.ply,0.25,800,0.8,0.14146,0.05072,1,0.09111,0.99995,0.06078
Data_omni/001652_lcam_front_lidar.ply,0.25,800,0.8,0.15918,0.05615,1,0.0983,0.99994,0.06429
Data_omni/001653_lcam_front_lidar.ply,0.25,800,0.8,0.13886,0.05579,1,0.09329,0.99997,0.055
Data_omni/001654_lcam_front_lidar.ply,0.25,800,0.8,0.14544,0.05215,1,0.09336,0.99995,0.06243
Data_omni/001655_lcam_front_lidar.ply,0.25,800,0.8,0.20997,0.05797,1,0.09697,0.99997,0.05801
Data_omni/001656_lcam_front_lidar.ply,0.25,800,0.8,0.12727,0.07897,1,0.11579,0.99997,0.05363
Data_omni/001657_lcam_front_lidar.ply,0.25,800,0.8,0.15216,0.05798,1,0.09946,0.99996,0.06296
Data_omni/001658_lcam_front_lidar.ply,0.25,800,0.8,0.14845,0.05649,1,0.099,0.99995,0.06502
Data_omni/001659_lcam_front_lidar.ply,0.25,800,0.8,0.12143,0.05322,1,0.09486,0.99995,0.06328
Data_omni/001660_lcam_front_lidar.ply,0.25,800,0.8,0.12985,0.05846,1,0.09924,0.99996,0.06155
Data_omni/001661_lcam_front_lidar.ply,0.25,800,0.8,0.14288,0.05769,1,0.09747,0.99997,0.05958
Data_omni/001662_lcam_front_lidar.ply,0.25,800,0.8,0.1781,0.05897,1,0.09875,0.99996,0.05957
Data_omni/001663_lcam_front_lidar.ply,0.25,800,0.8,0.15056,0.07868,1,0.11778,0.99997,0.05821
Data_omni/001664_lcam_front_lidar.ply,0.25,800,0.8,0.12712,0.05513,1,0.09697,0.99995,0.06366
Data_omni/001665_lcam_front_lidar.ply,0.25,800,0.8,0.19065,0.05786,1,0.10643,0.99999,0.07716
Data_omni/001666_lcam_front_lidar.ply,0.25,800,0.8,0.13767,0.05986,1,0.10674,1.0,0.07378
Data_omni/001667_lcam_front_lidar.ply,0.25,800,0.8,0.12602,0.06532,1,0.11268,0.99994,0.07471
Data_omni/001668_lcam_front_lidar.ply,0.25,800,0.8,0.1278,0.05853,1,0.10739,1.0,0.07775
Data_omni/001669_lcam_front_lidar.ply,0.25,800,0.8,0.13943,0.05793,1,0.10336,0.99999,0.07086
Data_omni/001670_lcam_front_lidar.ply,0.25,800,0.8,0.14303,0.05741,1,0.10323,0.99998,0.07164
Data_omni/001671_lcam_front_lidar.ply,0.25,800,0.8,0.14213,0.05725,1,0.10342,0.99998,0.07235
Data_omni/001672_lcam_front_lidar.ply,0.25,800,0.8,0.20329,0.07183,1,0.11804,0.99999,0.07242
Data_omni/001673_lcam_front_lidar.ply,0.25,800,0.8,0.13904,0.06904,1,0.11591,1.0,0.07376
Data_omni/001674_lcam_front_lidar.ply,0.25,800,0.8,0.14751,0.06573,1,0.10982,0.99999,0.06818
Data_omni/001675_lcam_front_lidar.ply,0.25,800,0.8,0.12921,0.054,1,0.10356,0.99998,0.07912
Data_omni/001676_lcam_front_lidar.ply,0.25,800,0.8,0.16139,0.06517,1,0.11096,1.0,0.07159
Data_omni/001677_lcam_front_lidar.ply,0.25,800,0.8,0.14979,0.0587,1,0.10643,0.99999,0.07545
Data_omni/001678_lcam_front_lidar.ply,0.25,800,0.8,0.14344,0.05905,1,0.10528,1.0,0.07247
Data_omni/001679_lcam_front_lidar.ply,0.25,800,0.8,0.22163,0.05588,1,0.10224,0.99999,0.07271
Data_omni/001680_lcam_front_lidar.ply,0.25,800,0.8,0.13648,0.0593,1,0.10301,1.0,0.06742
Data_omni/001681_lcam_front_lidar.ply,0.25,800,0.8,0.14301,0.07778,1,0.12623,0.99999,0.0769
Data_omni/001682_lcam_front_lidar.ply,0.25,800,0.8,0.2039,0.06345,1,0.10712,1.0,0.06734
Data_omni/001683_lcam_front_lidar.ply,0.25,800,0.8,0.13475,0.06783,1,0.11442,1.0,0.07318
Data_omni/001684_lcam_front_lidar.ply,0.25,800,0.8,0.13299,0.08066,1,0.13126,0.99999,0.08119
Data_omni/001685_lcam_front_lidar.ply,0.25,800,0.8,0.19027,0.07368,1,0.11682,1.0,0.06627
Data_omni/001686_lcam_front_lidar.ply,0.25,800,0.8,0.15496,0.06807,1,0.11324,1.0,0.07035
Data_omni/001687_lcam_front_lidar.ply,0.25,800,0.8,0.14309,0.07984,1,0.12565,1.0,0.07162
Data_omni/001688_lcam_front_lidar.ply,0.25,800,0.8,0.20701,0.06222,1,0.1111,0.99999,0.07775
Data_omni/001689_lcam_front_lidar.ply,0.25,800,0.8,0.15399,0.06792,1,0.11727,0.99999,0.0787
Data_omni/001690_lcam_front_lidar.ply,0.25,800,0.8,0.13122,0.06732,1,0.11824,1.0,0.08185
Data_omni/001691_lcam_front_lidar.ply,0.25,800,0.8,0.14971,0.07712,1,0.12916,0.99999,0.08408
Data_omni/001692_lcam_front_lidar.ply,0.25,800,0.8,0.13195,0.06578,1,0.11715,0.99999,0.08275
Data_omni/001693_lcam_front_lidar.ply,0.25,800,0.8,0.12781,0.07269,1,0.1238,0.99999,0.08222
Data_omni/001694_lcam_front_lidar.ply,0.25,800,0.8,0.12937,0.08031,1,0.12982,0.99999,0.07903
Data_omni/001695_lcam_front_lidar.ply,0.3,800,0.8,0.13021,0.07134,1,0.131,0.99999,0.09932
Data_omni/001696_lcam_front_lidar.ply,0.25,800,0.8,0.13688,0.10607,1,0.14945,1.0,0.06676
Data_omni/001697_lcam_front_lidar.ply,0.25,800,0.8,0.13536,0.07107,1,0.12104,1.0,0.07995
Data_omni/001698_lcam_front_lidar.ply,0.25,800,0.8,0.20042,0.07288,1,0.1225,1.0,0.07923
Data_omni/001699_lcam_front_lidar.ply,0.3,800,0.8,0.15975,0.0718,1,0.13593,0.99999,0.10825
Data_omni/001700_lcam_front_lidar.ply,0.25,800,0.8,0.12055,0.07861,1,0.12838,1.0,0.07955
Data_omni/001701_lcam_front_lidar.ply,0.25,800,0.8,0.1376,0.08273,1,0.13198,1.0,0.0785
Data_omni/001702_lcam_front_lidar.ply,0.25,800,0.8,0.14487,0.0332,1,0.0873,0.99999,0.08819
Data_omni/001703_lcam_front_lidar.ply,0.25,800,0.8,0.12758,0.03833,1,0.09272,1.0,0.08878
Data_omni/001704_lcam_front_lidar.ply,0.25,800,0.8,0.13917,0.07418,1,0.12605,1.0,0.08375
Data_omni/001705_lcam_front_lidar.ply,0.25,800,0.8,0.12678,0.08273,1,0.13777,1.0,0.09007
Data_omni/001706_lcam_front_lidar.ply,0.25,800,0.8,0.1329,0.08014,1,0.13352,1.0,0.08676
Data_omni/001707_lcam_front_lidar.ply,0.25,800,0.8,0.16813,0.0793,1,0.13372,1.0,0.08884
Data_omni/001708_lcam_front_lidar.ply,0.25,800,0.8,0.19191,0.07848,1,0.1413,0.99999,0.10564
Data_omni/001709_lcam_front_lidar.ply,0.25,800,0.8,0.13162,0.10594,1,0.15819,1.0,0.08449
Data_omni/001710_lcam_front_lidar.ply,0.25,800,0.8,0.14649,0.06643,1,0.11815,0.99998,0.08343
Data_omni/001711_lcam_front_lidar.ply,0.25,800,0.8,0.1181,0.06745,1,0.12954,0.99995,0.10416
Data_omni/001712_lcam_front_lidar.ply,0.25,800,0.8,0.13833,0.07069,1,0.12519,0.99998,0.08899
Data_omni/001713_lcam_front_lidar.ply,0.25,800,0.8,0.13806,0.05692,1,0.11646,0.99996,0.09908
Data_omni/001714_lcam_front_lidar.ply,0.25,800,0.8,0.1397,0.05079,1,0.11671,0.99994,0.11183
Data_omni/001715_lcam_front_lidar.ply,0.25,800,0.8,0.12518,0.0429,1,0.1217,0.99986,0.13756
Data_omni/001716_lcam_front_lidar.ply,0.25,800,0.8,0.14543,0.05517,1,0.11014,0.99996,0.08997
Data_omni/001717_lcam_front_lidar.ply,0.25,800,0.8,0.13652,0.04894,1,0.11353,0.99994,0.10918
Data_omni/001718_lcam_front_lidar.ply,0.25,800,0.8,0.14706,0.05338,1,0.11262,0.99995,0.09849
Data_omni/001719_lcam_front_lidar.ply,0.25,800,0.8,0.15018,0.04663,1,0.11243,0.99993,0.1116
Data_omni/001720_lcam_front_lidar.ply,0.25,800,0.8,0.14283,0.03147,1,0.11331,0.99986,0.14366
Data_omni/001721_lcam_front_lidar.ply,0.25,800,0.8,0.16911,0.04979,1,0.11296,0.99995,0.10637
Data_omni/001722_lcam_front_lidar.ply,0.25,800,0.8,0.14841,0.04069,1,0.11135,0.99988,0.12131
Data_omni/001723_lcam_front_lidar.ply,0.25,800,0.8,0.13496,0.0511,1,0.11839,0.9999,0.11457
Data_omni/001724_lcam_front_lidar.ply,0.25,800,0.8,0.14329,0.05204,1,0.12152,0.99989,0.11895
Data_omni/001725_lcam_front_lidar.ply,0.25,800,0.8,0.1355,0.03833,1,0.12665,0.99978,0.15661
Data_omni/001726_lcam_front_lidar.ply,0.25,800,0.8,0.1605,0.04649,1,0.12732,0.99981,0.14166
Data_omni/001727_lcam_front_lidar.ply,0.25,800,0.8,0.12943,0.04991,1,0.12546,0.99986,0.13113
Data_omni/001728_lcam_front_lidar.ply,0.25,800,0.8,0.16079,0.04381,1,0.14199,0.99979,0.17633
Data_omni/001729_lcam_front_lidar.ply,0.25,800,0.8,0.14242,0.03996,1,0.13189,0.99975,0.16386
Data_omni/001730_lcam_front_lidar.ply,0.25,800,0.8,0.14191,0.04671,1,0.14344,0.99979,0.17347
Data_omni/001731_lcam_front_lidar.ply,0.25,800,0.8,0.16921,0.04571,1,0.14239,0.99977,0.17336
Data_omni/001732_lcam_front_lidar.ply,0.25,800,0.8,0.15093,0.0475,1,0.12594,0.9998,0.13688
Data_omni/001733_lcam_front_lidar.ply,0.25,800,0.8,0.14577,0.03917,1,0.13001,0.99973,0.16166
Data_omni/001734_lcam_front_lidar.ply,0.25,800,0.8,0.15645,0.03621,1,0.12814,0.99971,0.16385
Data_omni/001735_lcam_front_lidar.ply,0.25,800,0.8,0.14701,0.0318,1,0.12693,0.99969,0.17026
Data_omni/001736_lcam_front_lidar.ply,0.25,800,0.8,0.14037,0.04067,1,0.121,0.99979,0.14068
Data_omni/001737_lcam_front_lidar.ply,0.25,800,0.8,0.15292,0.03158,1,0.12832,0.9996,0.17341
Data_omni/001738_lcam_front_lidar.ply,0.3,800,0.8,0.1548,0.02494,1,0.13792,0.99965,0.20597
Data_omni/001739_lcam_front_lidar.ply,0.25,800,0.8,0.15349,0.03601,1,0.13798,0.99954,0.18391
Data_omni/001740_lcam_front_lidar.ply,0.3,800,0.8,0.12756,0.03308,1,0.14126,0.99947,0.19634
Data_omni/001741_lcam_front_lidar.ply,0.25,800,0.8,0.14564,0.04072,1,0.1285,0.99971,0.15564
Data_omni/001742_lcam_front_lidar.ply,0.3,800,0.8,0.16157,0.03203,1,0.13764,0.99945,0.19114
Data_omni/001743_lcam_front_lidar.ply,0.3,800,0.8,0.13676,0.03486,1,0.14465,0.99929,0.19954
Data_omni/001744_lcam_front_lidar.ply,0.25,800,0.8,0.20777,0.02993,1,0.13236,0.99933,0.18487
Data_omni/001745_lcam_front_lidar.ply,0.25,800,0.8,0.14353,0.0217,1,0.12167,0.99924,0.17992
Data_omni/001746_lcam_front_lidar.ply,0.3,800,0.8,0.14246,0.04099,1,0.14709,0.9994,0.19225
Data_omni/001747_lcam_front_lidar.ply,0.3,800,0.8,0.14303,0.03153,1,0.13898,0.99935,0.19488
Data_omni/001748_lcam_front_lidar.ply,0.3,800,0.8,0.13775,0.02818,1,0.13221,0.99912,0.188
Data_omni/001749_lcam_front_lidar.ply,0.3,800,0.8,0.15887,0.03045,1,0.13737,0.99916,0.19385
Data_omni/001750_lcam_front_lidar.ply,0.3,800,0.8,0.12944,0.03375,1,0.13996,0.99913,0.1924
Data_omni/001751_lcam_front_lidar.ply,0.3,800,0.8,0.18789,0.02898,1,0.13121,0.99905,0.18442
Data_omni/001752_lcam_front_lidar.ply,0.3,800,0.8,0.14309,0.03045,1,0.13206,0.99905,0.18322
Data_omni/001753_lcam_front_lidar.ply,0.3,800,0.8,0.12705,0.03276,1,0.13608,0.99895,0.1866
Data_omni/001754_lcam_front_lidar.ply,0.3,800,0.8,0.20018,0.03225,1,0.13113,0.99881,0.17772
Data_omni/001755_lcam_front_lidar.ply,0.3,800,0.8,0.1343,0.03221,1,0.13091,0.99886,0.17741
Data_omni/001756_lcam_front_lidar.ply,0.3,800,0.8,0.14292,0.03118,1,0.12562,0.99878,0.16886
Data_omni/001757_lcam_front_lidar.ply,0.3,800,0.8,0.16527,0.03488,1,0.12723,0.99874,0.16468
Data_omni/001758_lcam_front_lidar.ply,0.3,800,0.8,0.14495,0.03044,1,0.1196,0.99854,0.15826
Data_omni/001759_lcam_front_lidar.ply,0.3,800,0.8,0.14782,0.02727,1,0.12341,0.9987,0.17233
Data_omni/001760_lcam_front_lidar.ply,0.3,800,0.8,0.13979,-0.19583,1,0.00278,0.98948,0.37446
Data_omni/001761_lcam_front_lidar.ply,0.25,800,0.8,0.19083,0.0271,1,0.11375,0.99849,0.15601
Data_omni/001762_lcam_front_lidar.ply,0.3,800,0.8,0.1273,0.02627,1,0.11526,0.9986,0.15802
Data_omni/001763_lcam_front_lidar.ply,0.3,800,0.8,0.15808,0.02665,1,0.11619,0.99856,0.15907
Data_omni/001764_lcam_front_lidar.ply,0.3,800,0.8,0.14436,0.02742,1,0.11859,0.99862,0.16235
Data_omni/001765_lcam_front_lidar.ply,0.3,800,0.8,0.1426,0.02785,1,0.12071,0.99868,0.16573
Data_omni/001766_lcam_front_lidar.ply,0.3,800,0.8,0.13717,0.05342,1,0.14475,0.99879,0.16269
Data_omni/001767_lcam_front_lidar.ply,0.3,800,0.8,0.12908,0.04246,1,0.13631,0.999,0.16777
Data_omni/001768_lcam_front_lidar.ply,0.3,800,0.8,0.14436,0.03691,1,0.12801,0.9987,0.16211
Data_omni/001769_lcam_front_lidar.ply,0.3,800,0.8,0.14148,0.03991,1,0.12997,0.99865,0.16011
Data_omni/001770_lcam_front_lidar.ply,0.3,800,0.8,0.15316,0.03271,1,0.13134,0.99897,0.17735
Data_omni/001771_lcam_front_lidar.ply,0.3,800,0.8,0.187,0.04236,1,0.13592,0.99892,0.16711
Data_omni/001772_lcam_front_lidar.ply,0.3,800,0.8,0.14126,0.044,1,0.13614,0.9989,0.16428
Data_omni/001773_lcam_front_lidar.ply,0.3,800,0.8,0.14888,0.04563,1,0.13823,0.99892,0.16522
Data_omni/001774_lcam_front_lidar.ply,0.25,800,0.8,0.20351,0.04076,1,0.12742,0.99865,0.15324
Data_omni/001775_lcam_front_lidar.ply,0.25,800,0.8,0.14309,0.03894,1,0.12791,0.99868,0.15795
Data_omni/001776_lcam_front_lidar.ply,0.3,800,0.8,0.15024,0.04344,1,0.13704,0.99892,0.16726
Data_omni/001777_lcam_front_lidar.ply,0.3,800,0.8,0.16079,0.03655,1,0.12742,0.99876,0.16169
Data_omni/001778_lcam_front_lidar.ply,0.3,800,0.8,0.14367,0.04474,1,0.13689,0.99882,0.16432
Data_omni/001779_lcam_front_lidar.ply,0.3,800,0.8,0.14957,0.03636,1,0.12594,0.9988,0.15915
Data_omni/001780_lcam_front_lidar.ply,0.3,800,0.8,0.17012,0.04223,1,0.13589,0.99897,0.16737
Data_omni/001781_lcam_front_lidar.ply,0.3,800,0.8,0.19589,0.04023,1,0.12907,0.99884,0.15764
Data_omni/001782_lcam_front_lidar.ply,0.3,800,0.8,0.13227,0.04665,1,0.13603,0.99884,0.15878
Data_omni/001783_lcam_front_lidar.ply,0.3,800,0.8,0.14803,0.0488,1,0.13774,0.99884,0.15789
Data_omni/001784_lcam_front_lidar.ply,0.25,800,0.8,0.14173,0.04468,1,0.12826,0.99866,0.1471
Data_omni/001785_lcam_front_lidar.ply,0.25,800,0.8,0.1615,0.05069,1,0.1345,0.99869,0.14763
Data_omni/001786_lcam_front_lidar.ply,0.25,800,0.8,0.13046,0.03923,1,0.12114,0.99841,0.14372
Data_omni/001787_lcam_front_lidar.ply,0.25,800,0.8,0.15863,0.03864,1,0.1204,0.99843,0.14351
Data_omni/001788_lcam_front_lidar.ply,0.25,800,0.8,0.18221,-0.0286,1,0.00612,0.99077,0.04713
Data_omni/001789_lcam_front_lidar.ply,0.25,800,0.8,0.13856,0.03918,1,0.12045,0.9984,0.14482
Data_omni/001790_lcam_front_lidar.ply,0.25,800,0.8,0.14177,0.03907,1,0.12139,0.99827,0.1446
Data_omni/001791_lcam_front_lidar.ply,0.25,800,0.8,0.13674,0.03916,1,0.12206,0.99826,0.1458
Data_omni/001792_lcam_front_lidar.ply,0.25,800,0.8,0.13525,0.03866,1,0.12098,0.99826,0.14464
Data_omni/001793_lcam_front_lidar.ply,0.25,800,0.8,0.12611,0.03836,1,0.12201,0.99837,0.14734
Data_omni/001794_lcam_front_lidar.ply,0.25,800,0.8,0.12462,0.03743,1,0.12034,0.99835,0.14582
Data_omni/001795_lcam_front_lidar.ply,0.25,800,0.8,0.15557,0.03834,1,0.12096,0.99834,0.14524
Data_omni/001796_lcam_front_lidar.ply,0.25,800,0.8,0.11683,0.03962,1,0.12339,0.99841,0.14757
Data_omni/001797_lcam_front_lidar.ply,0.25,800,0.8,0.12746,0.04019,1,0.12607,0.99849,0.15179
Data_omni/001798_lcam_front_lidar.ply,0.25,800,0.8,0.15515,-0.03942,1,0.00564,0.99882,0.07022
Data_omni/001799_lcam_front_lidar.ply,0.25,800,0.8,0.11147,0.03892,1,0.12487,0.99849,0.15181
Data_omni/001800_lcam_front_lidar.ply,0.25,800,0.8,0.162,0.03649,1,0.11649,0.99815,0.1399
Data_omni/001801_lcam_front_lidar.ply,0.25,800,0.8,0.13611,0.03583,1,0.11537,0.99817,0.13907
Data_omni/001802_lcam_front_lidar.ply,0.25,800,0.8,0.15198,-0.1752,1,0.00489,0.99817,0.34018
Data_omni/001803_lcam_front_lidar.ply,0.3,800,0.8,0.12959,0.03459,1,0.12206,0.99836,0.155
Data_omni/001804_lcam_front_lidar.ply,0.25,800,0.8,0.15184,0.03801,1,0.11887,0.99833,0.14171
Data_omni/001805_lcam_front_lidar.ply,0.25,800,0.8,0.15683,0.03845,1,0.12039,0.9984,0.14391
Data_omni/001806_lcam_front_lidar.ply,0.25,800,0.8,0.15215,0.03982,1,0.12022,0.99842,0.14079
Data_omni/001807_lcam_front_lidar.ply,0.25,800,0.8,0.11565,0.04461,1,0.12942,0.99866,0.1497
Data_omni/001808_lcam_front_lidar.ply,0.25,800,0.8,0.13884,0.05473,1,0.1387,0.99865,0.14794
Data_omni/001809_lcam_front_lidar.ply,0.25,800,0.8,0.17941,0.03932,1,0.12036,0.99847,0.14202
Data_omni/001810_lcam_front_lidar.ply,0.25,800,0.8,0.13076,0.04107,1,0.12089,0.99844,0.13964
Data_omni/001811_lcam_front_lidar.ply,0.25,800,0.8,0.13809,0.04172,1,0.12846,0.99869,0.15356
Data_omni/001812_lcam_front_lidar.ply,0.25,800,0.8,0.14644,0.04053,1,0.12738,0.99864,0.1537
Data_omni/001813_lcam_front_lidar.ply,0.25,800,0.8,0.1408,0.03867,1,0.12657,0.9987,0.15581
Data_omni/001814_lcam_front_lidar.ply,0.25,800,0.8,0.15423,0.03983,1,0.12914,0.99875,0.15863
Data_omni/001815_lcam_front_lidar.ply,0.25,800,0.8,0.15012,0.04012,1,0.1275,0.99869,0.15474
Data_omni/001816_lcam_front_lidar.ply,0.25,800,0.8,0.14908,0.04155,1,0.12864,0.99871,0.15421
Data_omni/001817_lcam_front_lidar.ply,0.25,800,0.8,0.13234,0.03984,1,0.12648,0.99876,0.1533
Data_omni/001818_lcam_front_lidar.ply,0.25,800,0.8,0.12611,0.04164,1,0.13049,0.99871,0.15768
Data_omni/001819_lcam_front_lidar.ply,0.25,800,0.8,0.19028,0.03982,1,0.12678,0.99867,0.15392
Data_omni/001820_lcam_front_lidar.ply,0.25,800,0.8,0.12786,0.04473,1,0.13364,0.99866,0.15782
Data_omni/001821_lcam_front_lidar.ply,0.25,800,0.8,0.13866,0.03797,1,0.12709,0.99872,0.15827
Data_omni/001822_lcam_front_lidar.ply,0.25,800,0.8,0.11322,0.04619,1,0.13695,0.99879,0.16156
Data_omni/001823_lcam_front_lidar.ply,0.25,800,0.8,0.15164,0.03609,1,0.12723,0.99877,0.16227
Data_omni/001824_lcam_front_lidar.ply,0.25,800,0.8,0.14332,0.0402,1,0.12835,0.99861,0.15626
Data_omni/001825_lcam_front_lidar.ply,0.25,800,0.8,0.12507,0.03624,1,0.12692,0.99869,0.16139
Data_omni/001826_lcam_front_lidar.ply,0.25,800,0.8,0.12335,0.03837,1,0.12873,0.9987,0.16071
Data_omni/001827_lcam_front_lidar.ply,0.25,800,0.8,0.1269,0.03432,1,0.12116,0.99857,0.15364
Data_omni/001828_lcam_front_lidar.ply,0.25,800,0.8,0.12732,0.06109,1,0.15343,0.99878,0.16474
Data_omni/001829_lcam_front_lidar.ply,0.25,800,0.8,0.15185,0.04108,1,0.13139,0.99876,0.16061
Data_omni/001830_lcam_front_lidar.ply,0.25,800,0.8,0.2132,0.03655,1,0.12015,0.99846,0.14711
Data_omni/001831_lcam_front_lidar.ply,0.3,800,0.8,0.12851,0.04839,1,0.14575,0.99889,0.17485
Data_omni/001832_lcam_front_lidar.ply,0.25,800,0.8,0.13075,0.03909,1,0.12779,0.99873,0.15735
Data_omni/001833_lcam_front_lidar.ply,0.3,800,0.8,0.14282,0.04147,1,0.13334,0.99893,0.1638
Data_omni/001834_lcam_front_lidar.ply,0.25,800,0.8,0.14347,0.03693,1,0.1247,0.99857,0.15543
Data_omni/001835_lcam_front_lidar.ply,0.25,800,0.8,0.14069,0.04061,1,0.13174,0.99866,0.16228
Data_omni/001836_lcam_front_lidar.ply,0.25,800,0.8,0.14042,0.04285,1,0.13269,0.99871,0.15969
Data_omni/001837_lcam_front_lidar.ply,0.25,800,0.8,0.20299,0.03027,1,0.11546,0.99868,0.15036
Data_omni/001838_lcam_front_lidar.ply,0.3,800,0.8,0.13186,0.03759,1,0.12966,0.99886,0.16419
Data_omni/001839_lcam_front_lidar.ply,0.25,800,0.8,0.13892,0.03373,1,0.12328,0.99869,0.15905
Data_omni/001840_lcam_front_lidar.ply,0.25,800,0.8,0.13412,0.03803,1,0.12751,0.99871,0.15897
Data_omni/001841_lcam_front_lidar.ply,0.25,800,0.8,0.1388,0.0369,1,0.12708,0.99881,0.16038
Data_omni/001842_lcam_front_lidar.ply,0.3,800,0.8,0.12814,0.03623,1,0.12829,0.99888,0.16415
Data_omni/001843_lcam_front_lidar.ply,0.25,800,0.8,0.11691,0.03793,1,0.12627,0.99876,0.15665
Data_omni/001844_lcam_front_lidar.ply,0.25,800,0.8,0.18236,0.03935,1,0.12777,0.99879,0.15685
Data_omni/001845_lcam_front_lidar.ply,0.25,800,0.8,0.13655,0.0391,1,0.12822,0.99875,0.15822
Data_omni/001846_lcam_front_lidar.ply,0.3,800,0.8,0.14404,0.03218,1,0.12613,0.99885,0.16793
Data_omni/001847_lcam_front_lidar.ply,0.3,800,0.8,0.12848,0.0422,1,0.13804,0.99893,0.1717
Data_omni/001848_lcam_front_lidar.ply,0.3,800,0.8,0.12091,0.03922,1,0.13698,0.99895,0.17553
Data_omni/001849_lcam_front_lidar.ply,0.25,800,0.8,0.12858,0.03825,1,0.13147,0.9988,0.1664
Data_omni/001850_lcam_front_lidar.ply,0.25,800,0.8,0.15244,0.03614,1,0.12642,0.99875,0.16055
Data_omni/001851_lcam_front_lidar.ply,0.25,800,0.8,0.19964,0.0359,1,0.12627,0.99872,0.16072
Data_omni/001852_lcam_front_lidar.ply,0.25,800,0.8,0.16781,0.03248,1,0.11916,0.99865,0.15333
Data_omni/001853_lcam_front_lidar.ply,0.3,800,0.8,0.12685,0.0432,1,0.13659,0.99891,0.16686
Data_omni/001854_lcam_front_lidar.ply,0.3,800,0.8,0.127,0.03559,1,0.12552,0.99873,0.15979
Data_omni/001855_lcam_front_lidar.ply,0.25,800,0.8,0.14577,-0.08942,1,0.00906,0.98821,0.17381
Data_omni/001856_lcam_front_lidar.ply,0.3,800,0.8,0.12908,0.0445,1,0.13723,0.99887,0.16864
Data_omni/001857_lcam_front_lidar.ply,0.25,800,0.8,0.12922,0.0302,1,0.12087,0.9987,0.16129
Data_omni/001858_lcam_front_lidar.ply,0.3,800,0.8,0.16968,0.0344,1,0.12744,0.99887,0.16612
Data_omni/001859_lcam_front_lidar.ply,0.25,800,0.8,0.13846,-0.04034,1,0.00828,0.99394,0.07576
Data_omni/001860_lcam_front_lidar.ply,0.3,800,0.8,0.13422,0.0349,1,0.12589,0.99888,0.16346
Data_omni/001861_lcam_front_lidar.ply,0.3,800,0.8,0.12962,0.03862,1,0.13477,0.99886,0.17231
Data_omni/001862_lcam_front_lidar.ply,0.25,800,0.8,0.12085,0.02772,1,0.12045,0.99855,0.16536
Data_omni/001863_lcam_front_lidar.ply,0.25,800,0.8,0.12673,0.04845,1,0.14102,0.99871,0.16519
Data_omni/001864_lcam_front_lidar.ply,0.3,800,0.8,0.12373,-0.09522,1,0.00788,0.98777,0.18291
Data_omni/001865_lcam_front_lidar.ply,0.3,800,0.8,0.185,0.03021,1,0.12298,0.99876,0.16885
Data_omni/001866_lcam_front_lidar.ply,0.25,800,0.8,0.12881,0.02612,1,0.11525,0.9985,0.15818
Data_omni/001867_lcam_front_lidar.ply,0.3,800,0.8,0.15008,-0.10114,1,0.0091,0.99401,0.19912
Data_omni/001868_lcam_front_lidar.ply,0.25,800,0.8,0.14837,0.02462,1,0.11599,0.99871,0.16415
Data_omni/001869_lcam_front_lidar.ply,0.3,800,0.8,0.13211,0.0326,1,0.12521,0.99891,0.16528
Data_omni/001870_lcam_front_lidar.ply,0.3,800,0.8,0.12736,0.04303,1,0.13643,0.99901,0.16684
Data_omni/001871_lcam_front_lidar.ply,0.3,800,0.8,0.12611,0.02893,1,0.13111,0.99916,0.18443
Data_omni/001872_lcam_front_lidar.ply,0.3,800,0.8,0.17869,0.02261,1,0.11976,0.99884,0.17421
Data_omni/001873_lcam_front_lidar.ply,0.3,800,0.8,0.14001,0.02279,1,0.12027,0.99884,0.17495
Data_omni/001874_lcam_front_lidar.ply,0.3,800,0.8,0.13595,0.0207,1,0.11815,0.99884,0.1749
Data_omni/001875_lcam_front_lidar.ply,0.3,800,0.8,0.13512,0.03662,1,0.1385,0.99918,0.18386
Data_omni/001876_lcam_front_lidar.ply,0.3,800,0.8,0.12135,0.03059,1,0.13056,0.99908,0.1799
Data_omni/001877_lcam_front_lidar.ply,0.3,800,0.8,0.11958,0.03139,1,0.13104,0.99907,0.1793
Data_omni/001878_lcam_front_lidar.ply,0.25,800,0.8,0.13161,0.02583,1,0.12067,0.99892,0.16963
Data_omni/001879_lcam_front_lidar.ply,0.3,800,0.8,0.17332,0.02833,1,0.13003,0.99908,0.18344
Data_omni/001880_lcam_front_lidar.ply,0.3,800,0.8,0.11876,-0.03478,1,0.00744,0.98074,0.05893
Data_omni/001881_lcam_front_lidar.ply,0.3,800,0.8,0.11725,0.03565,1,0.13658,0.999,0.18735
Data_omni/001882_lcam_front_lidar.ply,0.3,800,0.8,0.14256,0.03316,1,0.13885,0.99919,0.19143
Data_omni/001883_lcam_front_lidar.ply,0.3,800,0.8,0.14113,0.03289,1,0.14365,0.99948,0.20161
Data_omni/001884_lcam_front_lidar.ply,0.3,800,0.8,0.13357,0.03066,1,0.13141,0.99906,0.18137
Data_omni/001885_lcam_front_lidar.ply,0.25,800,0.8,0.14917,0.01922,1,0.12376,0.99908,0.1891
Data_omni/001886_lcam_front_lidar.ply,0.3,800,0.8,0.17351,0.04116,1,0.14723,0.99933,0.1922
Data_omni/001887_lcam_front_lidar.ply,0.25,800,0.8,0.14854,0.02895,1,0.13322,0.99909,0.18847
Data_omni/001888_lcam_front_lidar.ply,0.3,800,0.8,0.11147,0.03759,1,0.14584,0.99934,0.19658
Data_omni/001889_lcam_front_lidar.ply,0.3,800,0.8,0.12227,0.04223,1,0.14717,0.99926,0.18986
Data_omni/001890_lcam_front_lidar.ply,0.3,800,0.8,0.14715,0.04076,1,0.14749,0.99927,0.19347
Data_omni/001891_lcam_front_lidar.ply,0.3,800,0.8,0.13885,0.05131,1,0.16183,0.99944,0.20108
Data_omni/001892_lcam_front_lidar.ply,0.3,800,0.8,0.13562,0.04769,1,0.15896,0.99954,0.20255
Data_omni/001893_lcam_front_lidar.ply,0.3,800,0.8,0.18967,0.03944,1,0.14555,0.9994,0.19217
Data_omni/001894_lcam_front_lidar.ply,0.3,800,0.8,0.13324,0.04212,1,0.16059,0.99936,0.21694
Data_omni/001895_lcam_front_lidar.ply,0.3,800,0.8,0.15801,0.03684,1,0.14654,0.99927,0.19937
Data_omni/001896_lcam_front_lidar.ply,0.3,800,0.8,0.15647,0.04971,1,0.15743,0.99949,0.19552
Data_omni/001897_lcam_front_lidar.ply,0.3,800,0.8,0.1329,0.04149,1,0.15302,0.99959,0.20309
Data_omni/001898_lcam_front_lidar.ply,0.3,800,0.8,0.13419,0.04804,1,0.15822,0.99944,0.20032
Data_omni/001899_lcam_front_lidar.ply,0.3,800,0.8,0.12692,0.05101,1,0.16244,0.99956,0.2029
Data_omni/001900_lcam_front_lidar.ply,0.3,800,0.8,0.1983,0.05543,1,0.16731,0.9994,0.20371
Data_omni/001901_lcam_front_lidar.ply,0.3,800,0.8,0.12847,0.04796,1,0.15739,0.99969,0.19896
Data_omni/001902_lcam_front_lidar.ply,0.25,800,0.8,0.11492,0.03759,1,0.13579,0.99973,0.17641
Data_omni/001903_lcam_front_lidar.ply,0.3,800,0.8,0.12777,0.04288,1,0.14925,0.99964,0.1927
Data_omni/001904_lcam_front_lidar.ply,0.3,800,0.8,0.12676,0.05083,1,0.16047,0.99981,0.19934
Data_omni/001905_lcam_front_lidar.ply,0.3,800,0.8,0.12928,0.04712,1,0.15672,0.99984,0.19921
Data_omni/001906_lcam_front_lidar.ply,0.3,800,0.8,0.12973,0.05123,1,0.15688,0.99984,0.19132
Data_omni/001907_lcam_front_lidar.ply,0.3,800,0.8,0.16987,-0.0598,1,0.00852,0.99279,0.11451
Data_omni/001908_lcam_front_lidar.ply,0.3,800,0.8,0.12118,0.04408,1,0.14369,0.99977,0.18131
Data_omni/001909_lcam_front_lidar.ply,0.3,800,0.8,0.14925,-0.0588,1,0.00877,0.99394,0.11339
Data_omni/001910_lcam_front_lidar.ply,0.3,800,0.8,0.12726,-0.096,1,0.01066,0.99791,0.1945
Data_omni/001911_lcam_front_lidar.ply,0.3,800,0.8,0.13462,0.05638,1,0.15072,0.99979,0.16923
Data_omni/001912_lcam_front_lidar.ply,0.3,800,0.8,0.14871,-0.00768,1,0.00265,0.99991,0.00069
Data_omni/001913_lcam_front_lidar.ply,0.25,800,0.8,0.12725,0.04968,1,0.14118,0.99983,0.16296
Data_omni/001914_lcam_front_lidar.ply,0.3,800,0.8,0.1898,0.06403,1,0.16514,0.99981,0.18223
Data_omni/001915_lcam_front_lidar.ply,0.3,800,0.8,0.13341,0.06347,1,0.16346,0.99986,0.17998
Data_omni/001916_lcam_front_lidar.ply,0.3,800,0.8,0.1428,0.06201,1,0.16537,0.99982,0.18671
Data_omni/001917_lcam_front_lidar.ply,0.3,800,0.8,0.14607,0.0614,1,0.16464,0.99983,0.1865
Data_omni/001918_lcam_front_lidar.ply,0.3,800,0.8,0.14035,-0.05649,1,0.00973,0.99627,0.11137
Data_omni/001919_lcam_front_lidar.ply,0.3,800,0.8,0.15812,0.05003,1,0.13725,0.99987,0.15552
Data_omni/001920_lcam_front_lidar.ply,0.3,800,0.8,0.15379,-0.06637,1,0.00958,0.99589,0.13072
Data_omni/001921_lcam_front_lidar.ply,0.3,800,0.8,0.16081,0.0506,1,0.12619,0.9999,0.13239
Data_omni/001922_lcam_front_lidar.ply,0.3,800,0.8,0.14498,0.04627,1,0.12548,0.99989,0.13843
Data_omni/001923_lcam_front_lidar.ply,0.25,800,0.8,0.13844,0.05303,1,0.11726,0.99994,0.10847
Data_omni/001924_lcam_front_lidar.ply,0.3,800,0.8,0.17319,0.06356,1,0.14041,0.99992,0.1337
Data_omni/001925_lcam_front_lidar.ply,0.3,800,0.8,0.1396,-0.05945,1,0.00931,0.99655,0.11649
Data_omni/001926_lcam_front_lidar.ply,0.3,800,0.8,0.14002,0.05646,1,0.14074,0.99988,0.14956
Data_omni/001927_lcam_front_lidar.ply,0.3,800,0.8,0.10765,0.03739,1,0.12353,0.99989,0.15229
Data_omni/001928_lcam_front_lidar.ply,0.25,800,0.8,0.13421,0.06028,1,0.12391,0.99996,0.10727
Data_omni/001929_lcam_front_lidar.ply,0.3,800,0.8,0.13145,0.05911,1,0.1456,0.99991,0.15297
Data_omni/001930_lcam_front_lidar.ply,0.25,800,0.8,0.1296,0.06089,1,0.12874,0.99992,0.1157
Data_omni/001931_lcam_front_lidar.ply,0.25,800,0.8,0.16744,0.04968,1,0.11476,0.99992,0.11015
Data_omni/001932_lcam_front_lidar.ply,0.3,800,0.8,0.15123,0.05145,1,0.13442,0.99992,0.14592
Data_omni/001933_lcam_front_lidar.ply,0.25,800,0.8,0.1237,0.04973,1,0.11604,0.99993,0.11263
Data_omni/001934_lcam_front_lidar.ply,0.3,800,0.8,0.1177,0.05868,1,0.13303,0.99995,0.12871
Data_omni/001935_lcam_front_lidar.ply,0.3,800,0.8,0.1309,0.05257,1,0.13652,0.99993,0.14789
Data_omni/001936_lcam_front_lidar.ply,0.3,800,0.8,0.14151,0.05735,1,0.13899,0.99991,0.14326
Data_omni/001937_lcam_front_lidar.ply,0.3,800,0.8,0.13206,-0.0634,1,0.01792,0.99947,0.14251
Data_omni/001938_lcam_front_lidar.ply,0.3,800,0.8,0.20544,0.05209,1,0.1317,0.99993,0.13936
Data_omni/001939_lcam_front_lidar.ply,0.3,800,0.8,0.135,0.05672,1,0.12742,0.99995,0.12141
Data_omni/001940_lcam_front_lidar.ply,0.3,800,0.8,0.147,-0.06881,1,0.00677,0.99423,0.12944
Data_omni/001941_lcam_front_lidar.ply,0.3,800,0.8,0.14385,0.05947,1,0.1328,0.99993,0.12837
Data_omni/001942_lcam_front_lidar.ply,0.25,800,0.8,0.12098,0.06374,1,0.12111,0.99997,0.09476
Data_omni/001943_lcam_front_lidar.ply,0.3,800,0.8,0.12802,0.05812,1,0.13175,0.99996,0.12727
Data_omni/001944_lcam_front_lidar.ply,0.25,800,0.8,0.13712,0.05878,1,0.10252,1.0,0.0675
Data_omni/001945_lcam_front_lidar.ply,0.25,800,0.8,0.14763,0.06333,1,0.11968,0.99998,0.09271
Data_omni/001946_lcam_front_lidar.ply,0.3,800,0.8,0.11993,0.05801,1,0.1216,0.99997,0.10718
Data_omni/001947_lcam_front_lidar.ply,0.25,800,0.8,0.14361,0.06123,1,0.11476,0.99999,0.08705
Data_omni/001948_lcam_front_lidar.ply,0.25,800,0.8,0.17488,0.06348,1,0.11349,0.99999,0.08003
Data_omni/001949_lcam_front_lidar.ply,0.25,800,0.8,0.13887,-0.0704,1,0.00707,0.99876,0.13456
Data_omni/001950_lcam_front_lidar.ply,0.25,800,0.8,0.1145,0.06301,1,0.11317,0.99999,0.08068
Data_omni/001951_lcam_front_lidar.ply,0.25,800,0.8,0.12338,0.06481,1,0.11284,0.99999,0.07606
Data_omni/001952_lcam_front_lidar.ply,0.25,800,0.8,0.1327,0.06414,1,0.11392,0.99999,0.07956
Data_omni/001953_lcam_front_lidar.ply,0.25,800,0.8,0.13818,0.06575,1,0.11132,0.99999,0.07115
Data_omni/001954_lcam_front_lidar.ply,0.25,800,0.8,0.12154,0.06575,1,0.11142,0.99999,0.07135
Data_omni/001955_lcam_front_lidar.ply,0.25,800,0.8,0.17357,0.07248,1,0.11739,0.99999,0.06982
Data_omni/001956_lcam_front_lidar.ply,0.25,800,0.8,0.13646,0.06634,1,0.10782,1.0,0.06297
Data_omni/001957_lcam_front_lidar.ply,0.25,800,0.8,0.13098,0.06474,1,0.10847,1.0,0.06746
Data_omni/001958_lcam_front_lidar.ply,0.25,800,0.8,0.12957,0.059,1,0.09937,1.0,0.06074
Data_omni/001959_lcam_front_lidar.ply,0.25,800,0.8,0.13154,0.05948,1,0.10061,1.0,0.06227
Data_omni/001960_lcam_front_lidar.ply,0.25,800,0.8,0.13785,0.06167,1,0.1003,1.0,0.05726
Data_omni/001961_lcam_front_lidar.ply,0.25,800,0.8,0.14337,0.06864,1,0.11194,1.0,0.0666
Data_omni/001962_lcam_front_lidar.ply,0.25,800,0.8,0.17954,0.07607,1,0.12349,0.99999,0.07484
Data_omni/001963_lcam_front_lidar.ply,0.25,800,0.8,0.15989,0.07115,1,0.11616,0.99999,0.07002
Data_omni/001964_lcam_front_lidar.ply,0.25,800,0.8,0.1821,0.07379,1,0.1229,0.99999,0.07821
Data_omni/001965_lcam_front_lidar.ply,0.25,800,0.8,0.17641,0.06946,1,0.11128,0.99999,0.06362
Data_omni/001966_lcam_front_lidar.ply,0.25,800,0.8,0.13065,0.06564,1,0.11007,0.99999,0.06886
Data_omni/001967_lcam_front_lidar.ply,0.25,800,0.8,0.13547,0.06603,1,0.12111,0.99998,0.09016
Data_omni/001968_lcam_front_lidar.ply,0.25,800,0.8,0.13945,0.0662,1,0.11163,0.99999,0.07087
Data_omni/001969_lcam_front_lidar.ply,0.25,800,0.8,0.14009,0.06594,1,0.11435,0.99999,0.07682
Data_omni/001970_lcam_front_lidar.ply,0.25,800,0.8,0.15363,0.05868,1,0.10594,0.99998,0.07451
Data_omni/001971_lcam_front_lidar.ply,0.25,800,0.8,0.13643,0.06706,1,0.1136,0.99999,0.07309
Data_omni/001972_lcam_front_lidar.ply,0.25,800,0.8,0.15577,0.06446,1,0.1119,0.99999,0.07488
Data_omni/001973_lcam_front_lidar.ply,0.25,800,0.8,0.155,0.07178,1,0.11942,0.99998,0.07527
Data_omni/001974_lcam_front_lidar.ply,0.25,800,0.8,0.14235,0.06579,1,0.12312,0.99997,0.09467
Data_omni/001975_lcam_front_lidar.ply,0.25,800,0.8,0.16493,0.06204,1,0.11492,0.99999,0.08576
Data_omni/001976_lcam_front_lidar.ply,0.25,800,0.8,0.15261,0.05173,1,0.10734,0.99998,0.0912
Data_omni/001977_lcam_front_lidar.ply,0.25,800,0.8,0.14604,0.06687,1,0.12138,0.99998,0.08901
Data_omni/001978_lcam_front_lidar.ply,0.25,800,0.8,0.18948,0.05794,1,0.116,0.99998,0.09613
Data_omni/001979_lcam_front_lidar.ply,0.3,800,0.8,0.128,0.07332,1,0.1582,0.99996,0.14976
Data_omni/001980_lcam_front_lidar.ply,0.25,800,0.8,0.14182,0.08091,1,0.1382,0.99999,0.0946
Data_omni/001981_lcam_front_lidar.ply,0.25,800,0.8,0.12791,0.0739,1,0.14224,0.99998,0.11666
Data_omni/001982_lcam_front_lidar.ply,0.25,800,0.8,0.12764,0.08455,1,0.14075,0.99999,0.09241
Data_omni/001983_lcam_front_lidar.ply,0.25,800,0.8,0.14165,-0.01522,1,0.05014,0.99891,0.11039
Data_omni/001984_lcam_front_lidar.ply,0.25,800,0.8,0.16554,0.03411,1,0.11117,0.99984,0.13441
Data_omni/001985_lcam_front_lidar.ply,0.25,800,0.8,0.17642,-0.09545,1,0.03002,0.99253,0.22874
Data_omni/001986_lcam_front_lidar.ply,0.25,800,0.8,0.16599,0.04579,1,0.08334,0.99994,0.05732
Data_omni/001987_lcam_front_lidar.ply,0.25,800,0.8,0.14329,0.04306,1,0.08237,0.99994,0.05862
Data_omni/001988_lcam_front_lidar.ply,0.25,800,0.8,0.15865,0.02033,1,0.06927,0.99982,0.07784
Data_omni/001989_lcam_front_lidar.ply,0.25,800,0.8,0.14219,-0.02298,1,0.031,0.99869,0.08762
Data_omni/001990_lcam_front_lidar.ply,0.25,800,0.8,0.14382,0.0438,1,0.09,0.99986,0.07274
Data_omni/001991_lcam_front_lidar.ply,0.25,800,0.8,0.18745,0.01966,1,0.08605,0.99958,0.11269
Data_omni/001992_lcam_front_lidar.ply,0.25,800,0.8,0.13504,-0.00406,1,0.07004,0.99943,0.12815
Data_omni/001993_lcam_front_lidar.ply,0.25,800,0.8,0.12923,0.00576,1,0.07189,0.99945,0.11227
Data_omni/001994_lcam_front_lidar.ply,0.25,800,0.8,0.1334,0.0254,1,0.06368,0.99992,0.05671
Data_omni/001995_lcam_front_lidar.ply,0.25,800,0.8,0.12776,0.02404,1,0.08031,0.99962,0.09245
Data_omni/001996_lcam_front_lidar.ply,0.3,800,0.8,0.11925,0.01996,1,0.09109,0.99945,0.12221
Data_omni/001997_lcam_front_lidar.ply,0.3,800,0.8,0.16328,-0.04595,1,0.04178,0.99932,0.15541
Data_omni/001998_lcam_front_lidar.ply,0.25,800,0.8,0.20172,-0.00799,1,0.03363,0.99969,0.06335
Data_omni/001999_lcam_front_lidar.ply,0.3,800,0.85,0.17185,-0.04037,1,0.03669,0.99934,0.13402
Data_omni/002000_lcam_front_lidar.ply,0.3,800,0.8,0.17844,-0.03864,1,0.03568,0.99935,0.12866
Data_omni/002001_lcam_front_lidar.ply,0.25,800,0.8,0.23362,-0.00385,1,0.03262,0.99976,0.05308
Data_omni/002002_lcam_front_lidar.ply,0.25,800,0.8,0.16365,-0.08572,1,0.15156,0.0073,0.15682
Data_omni/002003_lcam_front_lidar.ply,0.3,800,0.85,0.16686,0.12407,1,0.0327,0.99959,0.09496
Data_omni/002004_lcam_front_lidar.ply,0.25,800,0.8,0.22152,-0.08446,1,0.15719,0.00226,0.1641
Data_omni/002005_lcam_front_lidar.ply,0.3,800,0.85,0.19328,0.11844,1,0.03679,0.99924,0.11581
Data_omni/002006_lcam_front_lidar.ply,0.3,800,0.8,0.1661,-0.02342,1,0.03195,0.99963,0.09086
Data_omni/002007_lcam_front_lidar.ply,0.3,800,0.8,0.17534,-0.02993,1,0.03844,0.99924,0.11663
Data_omni/002008_lcam_front_lidar.ply,0.3,800,0.8,0.16128,-0.03299,1,0.03616,0.99916,0.11828
Data_omni/002009_lcam_front_lidar.ply,0.3,800,0.8,0.14321,-0.02839,1,0.03691,0.99939,0.11067
Data_omni/002010_lcam_front_lidar.ply,0.3,800,0.8,0.16029,-0.03525,1,0.03846,0.99923,0.12737
Data_omni/002011_lcam_front_lidar.ply,0.3,800,0.8,0.15684,-0.03286,1,0.03673,0.99926,0.11919
Data_omni/002012_lcam_front_lidar.ply,0.3,800,0.8,0.16536,-0.0627,1,0.18816,0.02165,0.18844
Data_omni/002013_lcam_front_lidar.ply,0.3,800,0.8,0.17937,0.12162,1,0.04438,0.99932,0.11883
Data_omni/002014_lcam_front_lidar.ply,0.3,800,0.8,0.16375,-0.06136,1,0.18971,0.02091,0.1886
Data_omni/002015_lcam_front_lidar.ply,0.3,800,0.8,0.16872,0.11115,1,0.04399,0.99923,0.13918
Data_omni/002016_lcam_front_lidar.ply,0.3,800,0.8,0.15622,-0.05781,1,0.19104,0.01977,0.18386
Data_omni/002017_lcam_front_lidar.ply,0.3,800,0.8,0.16847,0.09496,1,0.19717,0.01825,0.18396
Data_omni/002018_lcam_front_lidar.ply,0.3,800,0.8,0.18018,0.11005,1,0.04551,0.99944,0.14528
Data_omni/002019_lcam_front_lidar.ply,0.3,800,0.8,0.17202,-0.03666,1,0.04422,0.99929,0.14171
Data_omni/002020_lcam_front_lidar.ply,0.3,800,0.8,0.16554,-0.04199,1,0.04515,0.99912,0.15421
Data_omni/002021_lcam_front_lidar.ply,0.25,800,0.8,0.15897,-0.03773,1,0.04199,0.99927,0.13948
Data_omni/002022_lcam_front_lidar.ply,0.25,800,0.85,0.1479,-0.0363,1,0.04098,0.99936,0.13458
Data_omni/002023_lcam_front_lidar.ply,0.25,800,0.8,0.14964,-0.03956,1,0.03997,0.99921,0.139
Data_omni/002024_lcam_front_lidar.ply,0.25,800,0.8,0.13517,-0.03842,1,0.0325,0.9994,0.12189
Data_omni/002025_lcam_front_lidar.ply,0.25,800,0.8,0.18521,-0.01059,1,0.02762,0.99996,0.05659
Data_omni/002026_lcam_front_lidar.ply,0.25,800,0.8,0.1335,-0.05388,1,0.19069,0.03289,0.17901
Data_omni/002027_lcam_front_lidar.ply,0.25,800,0.8,0.15317,0.12945,1,0.02642,0.99992,0.06403
Data_omni/002028_lcam_front_lidar.ply,0.3,800,0.8,0.1612,-0.01307,1,0.02964,0.99992,0.06542
Data_omni/002029_lcam_front_lidar.ply,0.25,800,0.85,0.15957,-0.01012,1,0.03517,0.99998,0.07061
Data_omni/002030_lcam_front_lidar.ply,0.25,800,0.8,0.21409,-0.01702,1,0.02628,0.99985,0.06655
Data_omni/002031_lcam_front_lidar.ply,0.25,800,0.85,0.20033,-0.05754,1,0.18589,0.02879,0.17553
Data_omni/002032_lcam_front_lidar.ply,0.25,800,0.8,0.14596,0.09735,1,0.19292,0.03404,0.17273
Data_omni/002033_lcam_front_lidar.ply,0.25,800,0.8,0.14036,0.09669,1,0.19611,0.02106,0.17495
Data_omni/002034_lcam_front_lidar.ply,0.25,800,0.8,0.20891,0.14191,1,0.02759,0.99991,0.04501
Data_omni/002035_lcam_front_lidar.ply,0.25,800,0.85,0.15648,-0.00541,1,0.0263,0.99991,0.04342
Data_omni/002036_lcam_front_lidar.ply,0.25,800,0.8,0.15036,-0.00429,1,0.02777,0.99989,0.04411
Data_omni/002037_lcam_front_lidar.ply,0.25,800,0.8,0.19659,-0.00816,1,0.02777,0.99988,0.05186
Data_omni/002038_lcam_front_lidar.ply,0.25,800,0.8,0.14874,-0.01243,1,0.02766,0.9999,0.06018
Data_omni/002039_lcam_front_lidar.ply,0.25,800,0.8,0.15913,-0.00855,1,0.02794,0.99992,0.05299
Data_omni/002040_lcam_front_lidar.ply,0.25,800,0.8,0.15745,-0.00492,1,0.02909,0.9999,0.04803
Data_omni/002041_lcam_front_lidar.ply,0.25,800,0.85,0.14774,-0.00165,1,0.03319,0.99995,0.0497
Data_omni/002042_lcam_front_lidar.ply,0.25,800,0.8,0.12866,-0.0089,1,0.02989,0.99993,0.05759
Data_omni/002043_lcam_front_lidar.ply,0.25,800,0.85,0.15584,-0.00324,1,0.03335,0.99991,0.05318
Data_omni/002044_lcam_front_lidar.ply,0.25,800,0.85,0.1481,-0.00689,1,0.02776,0.99989,0.04929
Data_omni/002045_lcam_front_lidar.ply,0.25,800,0.8,0.15102,-0.00815,1,0.02957,0.99994,0.05546
Data_omni/002046_lcam_front_lidar.ply,0.25,800,0.8,0.13215,-0.00051,1,0.0371,0.99997,0.05523
Data_omni/002047_lcam_front_lidar.ply,0.25,800,0.85,0.13289,-0.00431,1,0.03018,0.99993,0.04896
Data_omni/002048_lcam_front_lidar.ply,0.25,800,0.85,0.15872,-0.00585,1,0.03034,0.99992,0.05237
Data_omni/002049_lcam_front_lidar.ply,0.3,800,0.8,0.14311,0.00028,1,0.0366,0.99997,0.05265
Data_omni/002050_lcam_front_lidar.ply,0.25,800,0.85,0.15534,-0.00509,1,0.03087,0.99989,0.05188
Data_omni/002051_lcam_front_lidar.ply,0.3,800,0.8,0.14284,-0.00265,1,0.03078,0.99987,0.04686
Data_omni/002052_lcam_front_lidar.ply,0.25,800,0.8,0.13313,-0.00714,1,0.0307,0.99993,0.0557
Data_omni/002053_lcam_front_lidar.ply,0.25,800,0.8,0.14426,0.00277,1,0.03686,0.99996,0.04818
Data_omni/002054_lcam_front_lidar.ply,0.25,800,0.8,0.17631,-0.00795,1,0.03228,0.99989,0.06044
Data_omni/002055_lcam_front_lidar.ply,0.25,800,0.8,0.15417,-0.00211,1,0.03774,0.99997,0.05971
Data_omni/002056_lcam_front_lidar.ply,0.25,800,0.8,0.18183,-0.00233,1,0.03838,0.99998,0.06143
Data_omni/002057_lcam_front_lidar.ply,0.25,800,0.85,0.15134,-0.00025,1,0.03642,0.99998,0.05334
Data_omni/002058_lcam_front_lidar.ply,0.25,800,0.8,0.15657,-0.00313,1,0.02995,0.99991,0.04615
Data_omni/002059_lcam_front_lidar.ply,0.25,800,0.8,0.20524,0.00025,1,0.037,0.99998,0.05352
Data_omni/002060_lcam_front_lidar.ply,0.3,800,0.8,0.16445,-0.00953,1,0.03,0.99994,0.05904
Data_omni/002061_lcam_front_lidar.ply,0.25,800,0.85,0.15815,-0.04438,1,0.20853,0.00203,0.18644
Data_omni/002062_lcam_front_lidar.ply,0.25,800,0.8,0.21832,0.11254,1,0.21713,0.01762,0.19385
Data_omni/002063_lcam_front_lidar.ply,0.25,800,0.8,0.16515,0.1365,1,0.03817,0.99996,0.07804
Data_omni/002064_lcam_front_lidar.ply,0.25,800,0.8,0.16858,-0.01853,1,0.03146,0.99992,0.07998
Data_omni/002065_lcam_front_lidar.ply,0.25,800,0.8,0.20894,-0.01399,1,0.03259,0.99993,0.07316
Data_omni/002066_lcam_front_lidar.ply,0.25,800,0.8,0.14301,-0.03096,1,0.22298,0.02198,0.1945
Data_omni/002067_lcam_front_lidar.ply,0.25,800,0.8,0.18043,0.13095,1,0.03279,0.99992,0.07706
Data_omni/002068_lcam_front_lidar.ply,0.25,800,0.8,0.23653,-0.01983,1,0.03334,0.99988,0.08632
Data_omni/002069_lcam_front_lidar.ply,0.25,800,0.8,0.1681,-0.01131,1,0.03994,0.99993,0.08253
Data_omni/002070_lcam_front_lidar.ply,0.25,800,0.8,0.18442,-0.00915,1,0.03735,0.99994,0.073
Data_omni/002071_lcam_front_lidar.ply,0.25,800,0.8,0.19778,-0.01102,1,0.03848,0.99993,0.07899
Data_omni/002072_lcam_front_lidar.ply,0.25,800,0.8,0.19185,-0.01201,1,0.03738,0.99994,0.07879
Data_omni/002073_lcam_front_lidar.ply,0.25,800,0.8,0.19006,-0.01803,1,0.03082,0.99986,0.07769
Data_omni/002074_lcam_front_lidar.ply,0.25,800,0.8,0.21212,-0.00365,1,0.03573,0.99998,0.05878
Data_omni/002075_lcam_front_lidar.ply,0.25,800,0.8,0.21347,-0.02814,1,0.03007,0.99974,0.09635
Data_omni/002076_lcam_front_lidar.ply,0.25,800,0.8,0.23875,0.00385,1,0.05021,0.99967,0.0727
Data_omni/002077_lcam_front_lidar.ply,0.25,800,0.8,0.17647,0.00671,1,0.04936,0.99975,0.06532
Data_omni/002078_lcam_front_lidar.ply,0.25,800,0.88,0.20638,0.01644,1,0.05318,0.99972,0.05348
Data_omni/002079_lcam_front_lidar.ply,0.25,800,0.88,0.22439,0.01078,1,0.04892,0.99976,0.0563
Data_omni/002080_lcam_front_lidar.ply,0.25,800,0.88,0.213,0.01369,1,0.04611,0.99977,0.04485
Data_omni/002081_lcam_front_lidar.ply,0.25,800,0.88,0.2085,0.00731,1,0.04338,0.99982,0.05215
Data_omni/002082_lcam_front_lidar.ply,0.25,800,0.88,0.21401,-0.0107,1,0.04421,0.99964,0.08977
Data_omni/002083_lcam_front_lidar.ply,0.25,800,0.88,0.20509,-0.00992,1,0.03213,0.9989,0.06388
Data_omni/002084_lcam_front_lidar.ply,0.25,800,0.88,0.26156,-0.00448,1,0.03021,0.99927,0.04949
Data_omni/002085_lcam_front_lidar.ply,0.25,800,0.88,0.23054,-0.01919,1,0.0344,0.9995,0.08725
Data_omni/002086_lcam_front_lidar.ply,0.25,800,0.88,0.22612,0.00236,1,0.0408,0.99962,0.05692
Data_omni/002087_lcam_front_lidar.ply,0.25,800,0.88,0.21578,-0.01751,1,0.04106,0.99951,0.09712
Data_omni/002088_lcam_front_lidar.ply,0.25,800,0.88,0.19789,-0.01017,1,0.04365,0.9995,0.08764
Data_omni/002089_lcam_front_lidar.ply,0.25,800,0.88,0.25778,0.00062,1,0.04665,0.99964,0.07209
Data_omni/002090_lcam_front_lidar.ply,0.25,800,0.8,0.20903,0.00083,1,0.04948,0.99953,0.07727
Data_omni/002091_lcam_front_lidar.ply,0.25,800,0.8,0.20646,0.00186,1,0.04936,0.99953,0.07499
Data_omni/002092_lcam_front_lidar.ply,0.25,800,0.8,0.20802,0.01328,1,0.05364,0.99974,0.06079
Data_omni/002093_lcam_front_lidar.ply,0.25,800,0.8,0.17989,0.01151,1,0.05552,0.99977,0.06802
Data_omni/002094_lcam_front_lidar.ply,0.25,800,0.8,0.194,0.00843,1,0.05175,0.99984,0.06666
Data_omni/002095_lcam_front_lidar.ply,0.25,800,0.8,0.16683,0.01137,1,0.05537,0.99981,0.06801
Data_omni/002096_lcam_front_lidar.ply,0.25,800,0.85,0.18277,-0.00618,1,0.03035,0.99992,0.0531
Data_omni/002097_lcam_front_lidar.ply,0.25,800,0.8,0.20588,0.01191,1,0.05045,0.99992,0.05706
Data_omni/002098_lcam_front_lidar.ply,0.25,800,0.8,0.17949,0.01317,1,0.05064,0.99996,0.05495
Data_omni/002099_lcam_front_lidar.ply,0.25,800,0.8,0.16245,0.01248,1,0.05038,0.99996,0.05581
Data_omni/002100_lcam_front_lidar.ply,0.25,800,0.8,0.19249,0.01101,1,0.05522,0.99999,0.06841
Data_omni/002101_lcam_front_lidar.ply,0.25,800,0.8,0.1762,0.01174,1,0.05005,0.99994,0.0566
Data_omni/002102_lcam_front_lidar.ply,0.25,800,0.8,0.15433,0.01612,1,0.05961,0.99989,0.06696
Data_omni/002103_lcam_front_lidar.ply,0.25,800,0.8,0.16668,0.01053,1,0.05311,0.99991,0.06516
Data_omni/002104_lcam_front_lidar.ply,0.25,800,0.8,0.15577,0.01645,1,0.06725,0.99999,0.08163
Data_omni/002105_lcam_front_lidar.ply,0.3,800,0.8,0.16001,0.01393,1,0.06834,0.99998,0.08881
Data_omni/002106_lcam_front_lidar.ply,0.25,800,0.8,0.15372,0.01702,1,0.06786,0.99999,0.08168
Data_omni/002107_lcam_front_lidar.ply,0.25,800,0.8,0.14589,0.01901,1,0.06799,0.99999,0.07796
Data_omni/002108_lcam_front_lidar.ply,0.3,800,0.8,0.14288,0.00909,1,0.07532,0.99984,0.11243
Data_omni/002109_lcam_front_lidar.ply,0.25,800,0.8,0.13821,0.01793,1,0.06789,0.99997,0.07996
Data_omni/002110_lcam_front_lidar.ply,0.25,800,0.8,0.18033,-0.03176,1,0.02907,0.99992,0.10165
Data_omni/002111_lcam_front_lidar.ply,0.25,800,0.8,0.18437,-0.02896,1,0.0276,0.99987,0.0931
Data_omni/002112_lcam_front_lidar.ply,0.25,800,0.8,0.17483,-0.03333,1,0.029,0.99984,0.10465
Data_omni/002113_lcam_front_lidar.ply,0.25,800,0.8,0.18957,-0.03127,1,0.03157,0.99989,0.10569
Data_omni/002114_lcam_front_lidar.ply,0.25,800,0.8,0.17766,-0.02404,1,0.02957,0.9999,0.08723
Data_omni/002115_lcam_front_lidar.ply,0.3,800,0.8,0.19393,-0.0324,1,0.03658,0.99994,0.11796
Data_omni/002116_lcam_front_lidar.ply,0.25,800,0.8,0.19418,-0.04359,1,0.03055,0.99977,0.12824
Data_omni/002117_lcam_front_lidar.ply,0.25,800,0.8,0.20603,-0.0144,1,0.03994,0.99995,0.08874
Data_omni/002118_lcam_front_lidar.ply,0.3,800,0.8,0.24978,-0.02414,1,0.03322,0.99996,0.09474
Data_omni/002119_lcam_front_lidar.ply,0.25,800,0.8,0.19171,-0.01472,1,0.03836,0.99994,0.08616
Data_omni/002120_lcam_front_lidar.ply,0.25,800,0.8,0.20278,-0.01853,1,0.03022,0.99948,0.07737
Data_omni/002121_lcam_front_lidar.ply,0.25,800,0.8,0.17503,-0.01396,1,0.03241,0.99998,0.07289
Data_omni/002122_lcam_front_lidar.ply,0.25,800,0.8,0.18302,-0.01444,1,0.03175,0.99998,0.07237
Data_omni/002123_lcam_front_lidar.ply,0.25,800,0.8,0.1753,-0.02756,1,0.20689,0.04937,0.16373
Data_omni/002124_lcam_front_lidar.ply,0.25,800,0.8,0.17924,0.12909,1,0.03231,0.99978,0.07158
Data_omni/002125_lcam_front_lidar.ply,0.25,800,0.8,0.15678,-0.01281,1,0.03493,0.99984,0.07549
Data_omni/002126_lcam_front_lidar.ply,0.25,800,0.8,0.17024,-0.01654,1,0.0328,0.9998,0.07868
Data_omni/002127_lcam_front_lidar.ply,0.25,800,0.8,0.16205,-0.01267,1,0.03798,0.99997,0.08134
Data_omni/002128_lcam_front_lidar.ply,0.25,800,0.8,0.15563,0.02583,1,0.07773,1.0,0.08382
Data_omni/002129_lcam_front_lidar.ply,0.25,800,0.8,0.13047,-0.00769,1,0.00559,0.99765,0.00586
Data_omni/002130_lcam_front_lidar.ply,0.25,800,0.8,0.14844,0.02272,1,0.06684,0.99999,0.06895
Data_omni/002131_lcam_front_lidar.ply,0.25,800,0.8,0.16527,0.02343,1,0.06592,0.99999,0.06499
Data_omni/002132_lcam_front_lidar.ply,0.3,800,0.8,0.17795,-0.01954,1,0.04137,0.99991,0.10179
Data_omni/002133_lcam_front_lidar.ply,0.3,800,0.8,0.1718,-0.00901,1,0.04146,0.99998,0.08095
Data_omni/002134_lcam_front_lidar.ply,0.25,800,0.8,0.13319,0.03474,1,0.07807,0.99999,0.06665
Data_omni/002135_lcam_front_lidar.ply,0.25,800,0.8,0.12515,0.03873,1,0.08492,1.0,0.07238
Data_omni/002136_lcam_front_lidar.ply,0.25,800,0.8,0.1536,0.03974,1,0.086,0.99999,0.07251
Data_omni/002137_lcam_front_lidar.ply,0.3,800,0.8,0.14916,0.03617,1,0.08461,0.99999,0.07687
Data_omni/002138_lcam_front_lidar.ply,0.25,800,0.8,0.14024,0.03751,1,0.08115,0.99999,0.06728
Data_omni/002139_lcam_front_lidar.ply,0.3,800,0.8,0.17671,0.03966,1,0.08541,1.0,0.0715
Data_omni/002140_lcam_front_lidar.ply,0.3,800,0.8,0.1366,0.04091,1,0.08557,0.99999,0.06933
Data_omni/002141_lcam_front_lidar.ply,0.3,800,0.8,0.14258,0.02973,1,0.07727,1.0,0.07508
Data_omni/002142_lcam_front_lidar.ply,0.3,800,0.8,0.16053,0.02917,1,0.07301,1.0,0.06769
Data_omni/002143_lcam_front_lidar.ply,0.3,800,0.85,0.22067,0.02874,1,0.07209,1.0,0.06672
Data_omni/002144_lcam_front_lidar.ply,0.3,800,0.85,0.15937,0.03987,1,0.07993,0.99999,0.06011
Data_omni/002145_lcam_front_lidar.ply,0.3,800,0.8,0.14987,0.02999,1,0.07289,0.99999,0.0658
Data_omni/002146_lcam_front_lidar.ply,0.3,800,0.8,0.25495,0.03151,1,0.07131,0.99998,0.05959
Data_omni/002147_lcam_front_lidar.ply,0.3,800,0.8,0.15676,0.03316,1,0.07172,0.99997,0.05712
Data_omni/002148_lcam_front_lidar.ply,0.3,800,0.8,0.14317,0.03947,1,0.07805,0.99997,0.05716
Data_omni/002149_lcam_front_lidar.ply,0.25,800,0.8,0.14843,0.04039,1,0.07857,0.99996,0.05635
Data_omni/002150_lcam_front_lidar.ply,0.25,800,0.8,0.14828,0.04213,1,0.08041,0.99997,0.05657
Data_omni/002151_lcam_front_lidar.ply,0.25,800,0.8,0.12868,0.03741,1,0.07624,0.99998,0.05766
Data_omni/002152_lcam_front_lidar.ply,0.25,800,0.8,0.14816,-0.04303,1,0.0065,0.99932,0.07885
Data_omni/002153_lcam_front_lidar.ply,0.25,800,0.8,0.19533,0.00326,1,0.03831,0.99993,0.05027
Data_omni/002154_lcam_front_lidar.ply,0.3,800,0.8,0.15321,-0.01461,1,0.03092,0.99967,0.07098
Data_omni/002155_lcam_front_lidar.ply,0.25,800,0.8,0.16667,0.01021,1,0.04352,0.99991,0.04669
Data_omni/002156_lcam_front_lidar.ply,0.25,800,0.8,0.18588,0.02725,1,0.06747,0.99996,0.06046
Data_omni/002157_lcam_front_lidar.ply,0.25,800,0.8,0.13788,0.03323,1,0.07483,0.99999,0.06322
Data_omni/002158_lcam_front_lidar.ply,0.25,800,0.8,0.14289,0.03043,1,0.07078,0.99997,0.06068
Data_omni/002159_lcam_front_lidar.ply,0.25,800,0.8,0.13781,0.0158,1,0.05369,0.99996,0.05579
Data_omni/002160_lcam_front_lidar.ply,0.25,800,0.8,0.18273,0.01018,1,0.0463,0.99996,0.05225
Data_omni/002161_lcam_front_lidar.ply,0.25,800,0.8,0.15698,0.00853,1,0.04519,0.99996,0.05332
Data_omni/002162_lcam_front_lidar.ply,0.25,800,0.8,0.1761,0.00772,1,0.04374,0.99996,0.05205
Data_omni/002163_lcam_front_lidar.ply,0.25,800,0.8,0.20165,0.00548,1,0.04325,0.99992,0.05553
Data_omni/002164_lcam_front_lidar.ply,0.25,800,0.8,0.1556,0.00488,1,0.04218,0.99991,0.05459
Data_omni/002165_lcam_front_lidar.ply,0.25,800,0.8,0.17811,0.00474,1,0.04095,0.99995,0.05243
Data_omni/002166_lcam_front_lidar.ply,0.25,800,0.8,0.15773,0.01793,1,0.05538,0.99998,0.05491
Data_omni/002167_lcam_front_lidar.ply,0.25,800,0.8,0.1388,0.00714,1,0.04748,0.99998,0.06069
Data_omni/002168_lcam_front_lidar.ply,0.25,800,0.8,0.16764,0.00282,1,0.04566,0.99997,0.06568
Data_omni/002169_lcam_front_lidar.ply,0.25,800,0.8,0.17486,-0.00106,1,0.03793,0.99994,0.05797
Data_omni/002170_lcam_front_lidar.ply,0.25,800,0.8,0.25146,-0.0002,1,0.03876,0.99992,0.05793
Data_omni/002171_lcam_front_lidar.ply,0.3,800,0.8,0.1788,0.00475,1,0.04523,0.99998,0.06099
Data_omni/002172_lcam_front_lidar.ply,0.25,800,0.8,0.1964,-0.00471,1,0.03697,0.99994,0.06334
Data_omni/002173_lcam_front_lidar.ply,0.25,800,0.8,0.2034,0.00266,1,0.0435,0.99998,0.0617
Data_omni/002174_lcam_front_lidar.ply,0.25,800,0.8,0.17622,-0.00042,1,0.03566,0.9999,0.05213
Data_omni/002175_lcam_front_lidar.ply,0.3,800,0.8,0.15599,0.0032,1,0.04349,0.99999,0.0606
Data_omni/002176_lcam_front_lidar.ply,0.25,800,0.8,0.18011,0.00264,1,0.04152,0.99999,0.05777
Data_omni/002177_lcam_front_lidar.ply,0.25,800,0.8,0.20205,-0.05278,1,0.17894,0.0222,0.1501
Data_omni/002178_lcam_front_lidar.ply,0.25,800,0.8,0.15874,0.14855,1,0.03664,0.99995,0.0495
Data_omni/002179_lcam_front_lidar.ply,0.25,800,0.8,0.24222,0.00146,1,0.0364,0.99995,0.04988
Data_omni/002180_lcam_front_lidar.ply,0.25,800,0.8,0.19126,0.00399,1,0.03813,0.99993,0.04827
Data_omni/002181_lcam_front_lidar.ply,0.25,800,0.8,0.17495,0.00493,1,0.03822,0.99994,0.04657
Data_omni/002182_lcam_front_lidar.ply,0.25,800,0.8,0.22246,0.00309,1,0.03651,0.99993,0.04684
Data_omni/002183_lcam_front_lidar.ply,0.25,800,0.8,0.17616,0.00388,1,0.03636,0.99994,0.04497
Data_omni/002184_lcam_front_lidar.ply,0.25,800,0.8,0.21742,0.00552,1,0.03908,0.99995,0.04712
Data_omni/002185_lcam_front_lidar.ply,0.25,800,0.8,0.17435,0.00653,1,0.04141,0.99991,0.04976
Data_omni/002186_lcam_front_lidar.ply,0.25,800,0.8,0.19772,0.0101,1,0.04114,0.99996,0.04209
Data_omni/002187_lcam_front_lidar.ply,0.25,800,0.8,0.20515,0.01157,1,0.04446,0.99995,0.04578
Data_omni/002188_lcam_front_lidar.ply,0.25,800,0.8,0.17916,0.01267,1,0.04403,0.99995,0.04272
Data_omni/002189_lcam_front_lidar.ply,0.25,800,0.8,0.21067,0.01405,1,0.04663,0.99993,0.04515
Data_omni/002190_lcam_front_lidar.ply,0.25,800,0.8,0.21548,0.0248,1,0.05943,0.99996,0.04925
Data_omni/002191_lcam_front_lidar.ply,0.25,800,0.8,0.21844,0.02259,1,0.05673,0.99994,0.04829
Data_omni/002192_lcam_front_lidar.ply,0.25,800,0.8,0.13951,0.01227,1,0.04914,0.99994,0.05375
Data_omni/002193_lcam_front_lidar.ply,0.25,800,0.8,0.15304,0.03121,1,0.0693,0.99992,0.05619
Data_omni/002194_lcam_front_lidar.ply,0.25,800,0.8,0.16551,0.02872,1,0.06398,0.99994,0.05051
Data_omni/002195_lcam_front_lidar.ply,0.25,800,0.8,0.24574,0.02953,1,0.06641,0.99997,0.05376
Data_omni/002196_lcam_front_lidar.ply,0.25,800,0.8,0.14219,0.02971,1,0.06986,0.99995,0.0603
Data_omni/002197_lcam_front_lidar.ply,0.25,800,0.8,0.15308,0.03915,1,0.0763,0.99995,0.0543
Data_omni/002198_lcam_front_lidar.ply,0.25,800,0.8,0.15538,0.03826,1,0.07796,0.99992,0.0594
Data_omni/002199_lcam_front_lidar.ply,0.25,800,0.8,0.11927,0.02186,1,0.05896,0.99992,0.05419
Data_omni/002200_lcam_front_lidar.ply,0.25,800,0.8,0.14092,0.01031,1,0.05164,0.99996,0.06268
Data_omni/002201_lcam_front_lidar.ply,0.25,800,0.8,0.16268,0.00901,1,0.04464,0.99994,0.05125
Data_omni/002202_lcam_front_lidar.ply,0.25,800,0.8,0.12252,0.05091,1,0.0837,0.99998,0.0456
Data_omni/002203_lcam_front_lidar.ply,0.25,800,0.8,0.10497,0.03481,1,0.06194,0.99997,0.03427
Data_omni/002204_lcam_front_lidar.ply,0.25,800,0.8,0.11098,0.063,1,0.09439,0.99999,0.0428
Data_omni/002205_lcam_front_lidar.ply,0.25,800,0.8,0.15167,0.0649,1,0.0955,0.99999,0.0412
Data_omni/002206_lcam_front_lidar.ply,0.25,800,0.8,0.11745,0.06952,1,0.10021,0.99999,0.04138
Data_omni/002207_lcam_front_lidar.ply,0.25,800,0.8,0.12703,0.07043,1,0.1,0.99999,0.03914
Data_omni/002208_lcam_front_lidar.ply,0.25,800,0.8,0.14485,0.07108,1,0.09976,0.99999,0.03736
Data_omni/002209_lcam_front_lidar.ply,0.25,800,0.8,0.14808,0.07325,1,0.1019,0.99999,0.03731
Data_omni/002210_lcam_front_lidar.ply,0.25,800,0.8,0.12411,0.07245,1,0.10197,0.99999,0.03904
Data_omni/002211_lcam_front_lidar.ply,0.25,800,0.8,0.1486,0.05395,1,0.08675,0.99999,0.04561
Data_omni/002212_lcam_front_lidar.ply,0.25,800,0.8,0.2003,0.0682,1,0.09657,0.99999,0.03674
Data_omni/002213_lcam_front_lidar.ply,0.25,800,0.8,0.1084,0.07949,1,0.11606,1.0,0.05315
Data_omni/002214_lcam_front_lidar.ply,0.25,800,0.8,0.12716,0.08316,1,0.12494,0.99999,0.06357
Data_omni/002215_lcam_front_lidar.ply,0.25,800,0.8,0.1205,0.07842,1,0.11482,1.0,0.0528
Data_omni/002216_lcam_front_lidar.ply,0.25,800,0.8,0.11918,0.09598,1,0.13785,0.99999,0.06374
Data_omni/002217_lcam_front_lidar.ply,0.25,800,0.8,0.12069,0.08188,1,0.11956,1.0,0.05536
Data_omni/002218_lcam_front_lidar.ply,0.25,800,0.8,0.12652,0.08321,1,0.11765,1.0,0.04888
Data_omni/002219_lcam_front_lidar.ply,0.25,800,0.8,0.1577,0.0778,1,0.12227,0.99998,0.06893
Data_omni/002220_lcam_front_lidar.ply,0.25,800,0.8,0.12559,0.08446,1,0.12269,1.0,0.05648
Data_omni/002221_lcam_front_lidar.ply,0.25,800,0.8,0.12627,0.08148,1,0.11703,1.0,0.0511
Data_omni/002222_lcam_front_lidar.ply,0.25,800,0.8,0.12676,0.09873,1,0.14045,1.0,0.06346
Data_omni/002223_lcam_front_lidar.ply,0.25,800,0.8,0.13017,0.09216,1,0.1385,0.99999,0.07268
Data_omni/002224_lcam_front_lidar.ply,0.25,800,0.8,0.13094,0.00539,1,0.05077,0.99987,0.07071
Data_omni/002225_lcam_front_lidar.ply,0.25,800,0.8,0.12449,0.09908,1,0.13747,0.99998,0.05681
Data_omni/002226_lcam_front_lidar.ply,0.25,800,0.8,0.16935,0.05529,1,0.09201,0.99998,0.05345
Data_omni/002227_lcam_front_lidar.ply,0.25,800,0.8,0.12701,0.0917,1,0.12335,1.0,0.0433
Data_omni/002228_lcam_front_lidar.ply,0.25,800,0.8,0.10754,0.06562,1,0.10961,0.99994,0.06798
Data_omni/002229_lcam_front_lidar.ply,0.25,800,0.8,0.1589,0.01579,1,0.06668,0.9998,0.08173
Data_omni/002230_lcam_front_lidar.ply,0.3,800,0.8,0.18601,0.01408,1,0.07373,0.99966,0.09926
Data_omni/002231_lcam_front_lidar.ply,0.25,800,0.8,0.11124,0.06273,1,0.10904,0.99992,0.07269
Data_omni/002232_lcam_front_lidar.ply,0.25,800,0.8,0.11059,0.06833,1,0.1118,0.99991,0.06695
Data_omni/002233_lcam_front_lidar.ply,0.25,800,0.8,0.09518,0.07811,1,0.11511,0.99997,0.05402
Data_omni/002234_lcam_front_lidar.ply,0.25,800,0.8,0.1111,0.0714,1,0.11472,0.99994,0.06665
Data_omni/002235_lcam_front_lidar.ply,0.25,800,0.8,0.09296,0.05735,1,0.10763,0.99985,0.08052
Data_omni/002236_lcam_front_lidar.ply,0.25,800,0.8,0.12655,0.06037,1,0.10543,0.99992,0.07015
Data_omni/002237_lcam_front_lidar.ply,0.25,800,0.8,0.1104,0.06625,1,0.11271,0.99991,0.07291
Data_omni/002238_lcam_front_lidar.ply,0.25,800,0.8,0.12077,0.05809,1,0.09737,0.99995,0.05858
Data_omni/002239_lcam_front_lidar.ply,0.25,800,0.8,0.11505,0.05721,1,0.09882,0.99996,0.06322
Data_omni/002240_lcam_front_lidar.ply,0.25,800,0.8,0.1107,0.05261,1,0.09533,0.99996,0.06543
Data_omni/002241_lcam_front_lidar.ply,0.25,800,0.8,0.16428,0.0532,1,0.09375,0.99996,0.0611
Data_omni/002242_lcam_front_lidar.ply,0.25,800,0.8,0.13085,0.0567,1,0.09467,0.99994,0.05593
Data_omni/002243_lcam_front_lidar.ply,0.25,800,0.8,0.12627,0.05797,1,0.10138,0.99997,0.06683
Data_omni/002244_lcam_front_lidar.ply,0.25,800,0.8,0.15845,0.05437,1,0.09649,0.99997,0.06423
Data_omni/002245_lcam_front_lidar.ply,0.25,800,0.8,0.15033,0.05613,1,0.09615,0.99999,0.06004
Data_omni/002246_lcam_front_lidar.ply,0.25,800,0.8,0.10956,0.06184,1,0.11522,0.99987,0.08672
Data_omni/002247_lcam_front_lidar.ply,0.25,800,0.8,0.15482,-0.04113,1,0.01442,0.9914,0.08855
Data_omni/002248_lcam_front_lidar.ply,0.25,800,0.8,0.1307,0.05876,1,0.10337,0.99993,0.07179
Data_omni/002249_lcam_front_lidar.ply,0.25,800,0.8,0.139,0.05425,1,0.09247,0.99999,0.05645
Data_omni/002250_lcam_front_lidar.ply,0.25,800,0.8,0.12481,0.05838,1,0.10281,0.99992,0.06884
Data_omni/002251_lcam_front_lidar.ply,0.25,800,0.8,0.12591,0.06122,1,0.10489,0.99992,0.06736
Data_omni/002252_lcam_front_lidar.ply,0.25,800,0.8,0.13186,0.05873,1,0.10235,0.99992,0.06723
Data_omni/002253_lcam_front_lidar.ply,0.25,800,0.8,0.1231,0.06026,1,0.10541,0.99992,0.07031
Data_omni/002254_lcam_front_lidar.ply,0.25,800,0.8,0.12299,0.05664,1,0.10496,0.99988,0.07662
Data_omni/002255_lcam_front_lidar.ply,0.25,800,0.8,0.10128,0.04878,1,0.09531,0.99987,0.07305
Data_omni/002256_lcam_front_lidar.ply,0.25,800,0.8,0.11114,0.05398,1,0.09543,0.99994,0.06292
Data_omni/002257_lcam_front_lidar.ply,0.25,800,0.8,0.14638,0.05514,1,0.09614,0.99994,0.062
Data_omni/002258_lcam_front_lidar.ply,0.25,800,0.8,0.12837,0.05312,1,0.09622,0.99993,0.06619
Data_omni/002259_lcam_front_lidar.ply,0.25,800,0.8,0.21138,0.05604,1,0.09409,0.99996,0.05611
Data_omni/002260_lcam_front_lidar.ply,0.25,800,0.8,0.14339,0.05464,1,0.09443,0.99992,0.05957
Data_omni/002261_lcam_front_lidar.ply,0.25,800,0.8,0.12167,0.05564,1,0.09619,0.99994,0.06109
Data_omni/002262_lcam_front_lidar.ply,0.25,800,0.8,0.13233,0.06553,1,0.10977,0.99999,0.06851
Data_omni/002263_lcam_front_lidar.ply,0.25,800,0.8,0.14406,0.05534,1,0.09796,0.99997,0.06525
Data_omni/002264_lcam_front_lidar.ply,0.25,800,0.8,0.1149,0.05711,1,0.09981,0.99998,0.06542
Data_omni/002265_lcam_front_lidar.ply,0.3,800,0.8,0.12169,0.05748,1,0.10124,0.99996,0.06751
Data_omni/002266_lcam_front_lidar.ply,0.3,500,0.8,0.14526,0.05625,1,0.0953,0.99998,0.05811
Data_omni/002267_lcam_front_lidar.ply,0.25,800,0.8,0.13892,0.05881,1,0.09621,1.0,0.05481
Data_omni/002268_lcam_front_lidar.ply,0.25,800,0.8,0.10679,0.0518,1,0.09447,0.99999,0.06533
Data_omni/002269_lcam_front_lidar.ply,0.3,800,0.8,0.11059,0.06397,1,0.10666,0.99998,0.06537
Data_omni/002270_lcam_front_lidar.ply,0.3,800,0.8,0.12022,0.0546,1,0.09263,0.99998,0.05606
Data_omni/002271_lcam_front_lidar.ply,0.3,800,0.8,0.11114,0.05732,1,0.09191,1.0,0.04918
Data_omni/002272_lcam_front_lidar.ply,0.3,800,0.8,0.09518,0.05686,1,0.09349,1.0,0.05326
Data_omni/002273_lcam_front_lidar.ply,0.3,800,0.8,0.12485,0.05189,1,0.09335,1.0,0.06291
Data_omni/002274_lcam_front_lidar.ply,0.3,500,0.8,0.18821,0.06089,1,0.12284,0.99986,0.10386
Data_omni/002275_lcam_front_lidar.ply,0.3,500,0.8,0.13626,0.06018,1,0.10585,0.99993,0.07136
Data_omni/002276_lcam_front_lidar.ply,0.3,800,0.8,0.11042,0.05539,1,0.12217,0.99974,0.11351
Data_omni/002277_lcam_front_lidar.ply,0.3,800,0.8,0.12671,0.05433,1,0.11131,0.99984,0.09399
Data_omni/002278_lcam_front_lidar.ply,0.3,800,0.8,0.16397,0.06302,1,0.10615,0.99998,0.06631
Data_omni/002279_lcam_front_lidar.ply,0.3,500,0.8,0.13828,0.06085,1,0.10572,0.99995,0.06972
Data_omni/002280_lcam_front_lidar.ply,0.3,800,0.8,0.10641,0.06385,1,0.10447,0.99997,0.06124
Data_omni/002281_lcam_front_lidar.ply,0.25,800,0.8,0.12712,0.05272,1,0.08998,0.99996,0.05453
Data_omni/002282_lcam_front_lidar.ply,0.3,800,0.8,0.14308,0.05124,1,0.0872,0.99996,0.05193
Data_omni/002283_lcam_front_lidar.ply,0.3,800,0.8,0.10249,0.03722,1,0.06744,0.99997,0.04045
Data_omni/002284_lcam_front_lidar.ply,0.25,800,0.8,0.0932,0.03752,1,0.07069,0.99965,0.04625
Data_omni/002285_lcam_front_lidar.ply,0.25,800,0.8,0.09443,0.0515,1,0.08661,0.99995,0.05032
Data_omni/002286_lcam_front_lidar.ply,0.25,800,0.8,0.13806,0.05434,1,0.0889,0.99997,0.04914
Data_omni/002287_lcam_front_lidar.ply,0.25,800,0.8,0.08714,0.0581,1,0.09426,0.99995,0.05232
Data_omni/002288_lcam_front_lidar.ply,0.25,800,0.8,0.10695,0.06329,1,0.09426,0.99999,0.04196
Data_omni/002289_lcam_front_lidar.ply,0.25,800,0.8,0.09093,0.06184,1,0.09176,0.99999,0.03984
Data_omni/002290_lcam_front_lidar.ply,0.25,800,0.8,0.12985,0.07353,1,0.10912,0.99994,0.05118
Data_omni/002291_lcam_front_lidar.ply,0.25,800,0.8,0.07743,0.06777,1,0.09711,0.99999,0.03869
Data_omni/002292_lcam_front_lidar.ply,0.25,800,0.8,0.09647,0.06695,1,0.09734,0.99999,0.04077
Data_omni/002293_lcam_front_lidar.ply,0.3,800,0.8,0.10014,0.03977,1,0.1254,0.99977,0.15118
Data_omni/002294_lcam_front_lidar.ply,0.3,500,0.8,0.14358,0.04108,1,0.13376,0.99987,0.16538
Data_omni/002295_lcam_front_lidar.ply,0.3,800,0.8,0.07957,0.06236,1,0.10929,0.99995,0.07388
Data_omni/002296_lcam_front_lidar.ply,0.3,800,0.8,0.08457,0.04684,1,0.13543,0.99989,0.15718
Data_omni/002297_lcam_front_lidar.ply,0.25,800,0.8,0.09494,0.07227,1,0.13102,0.99995,0.09752
Data_omni/002298_lcam_front_lidar.ply,0.25,800,0.8,0.08153,0.06739,1,0.11476,0.99995,0.07474
Data_omni/002299_lcam_front_lidar.ply,0.25,800,0.8,0.1029,0.07165,1,0.12082,0.99993,0.07834
Data_omni/002300_lcam_front_lidar.ply,0.3,800,0.8,0.09413,0.08005,1,0.16179,0.99995,0.14349
Data_omni/002301_lcam_front_lidar.ply,0.3,500,0.8,0.09591,0.07314,1,0.15785,0.99994,0.1494
Data_omni/002302_lcam_front_lidar.ply,0.25,800,0.8,0.10261,0.09797,1,0.15183,0.99994,0.08772
Data_omni/002303_lcam_front_lidar.ply,0.3,800,0.8,0.10646,0.08074,1,0.15669,0.99997,0.1319
Data_omni/002304_lcam_front_lidar.ply,0.3,800,0.8,0.11131,-0.07263,1,0.01501,0.9925,0.15305
Data_omni/002305_lcam_front_lidar.ply,0.3,500,0.8,0.12508,0.07661,1,0.14893,0.99994,0.12687
Data_omni/002306_lcam_front_lidar.ply,0.3,500,0.8,0.12688,0.07456,1,0.14846,0.99991,0.1278
Data_omni/002307_lcam_front_lidar.ply,0.3,500,0.8,0.19263,0.07742,1,0.12481,0.99988,0.07477
Data_omni/002308_lcam_front_lidar.ply,0.3,500,0.8,0.09666,0.08619,1,0.13044,0.99994,0.06851
Data_omni/002309_lcam_front_lidar.ply,0.3,500,0.8,0.11411,0.08576,1,0.14803,0.99991,0.10452
Data_omni/002310_lcam_front_lidar.ply,0.3,500,0.8,0.11652,0.08983,1,0.15704,0.99991,0.11443
Data_omni/002311_lcam_front_lidar.ply,0.3,500,0.8,0.13463,0.08754,1,0.15478,0.99992,0.11447
Data_omni/002312_lcam_front_lidar.ply,0.3,500,0.8,0.12499,0.09179,1,0.15019,0.99993,0.09681
Data_omni/002313_lcam_front_lidar.ply,0.3,500,0.8,0.20794,0.09371,1,0.15119,0.99994,0.09496
Data_omni/002314_lcam_front_lidar.ply,0.3,500,0.8,0.19511,0.10164,1,0.16748,0.99994,0.11169
Data_omni/002315_lcam_front_lidar.ply,0.25,800,0.8,0.12881,0.08275,1,0.13814,0.99992,0.09079
Data_omni/002316_lcam_front_lidar.ply,0.25,800,0.8,0.1232,0.09094,1,0.14896,0.99992,0.09605
Data_omni/002317_lcam_front_lidar.ply,0.3,800,0.8,0.13016,0.07581,1,0.14854,0.99988,0.12544
Data_omni/002318_lcam_front_lidar.ply,0.3,500,0.8,0.15674,0.08416,1,0.15108,0.9999,0.11386
Data_omni/002319_lcam_front_lidar.ply,0.25,800,0.8,0.11371,0.07745,1,0.14198,0.9999,0.10907
Data_omni/002320_lcam_front_lidar.ply,0.25,800,0.8,0.13905,0.07421,1,0.13233,0.9999,0.09624
Data_omni/002321_lcam_front_lidar.ply,0.25,800,0.8,0.11343,0.08871,1,0.141,0.99995,0.08459
Data_omni/002322_lcam_front_lidar.ply,0.25,800,0.8,0.10713,0.08695,1,0.14028,0.99995,0.08666
Data_omni/002323_lcam_front_lidar.ply,0.25,800,0.8,0.1324,0.07991,1,0.10749,0.99998,0.03518
Data_omni/002324_lcam_front_lidar.ply,0.25,800,0.85,0.13262,0.07561,1,0.10501,0.99997,0.03879
Data_omni/002325_lcam_front_lidar.ply,0.25,800,0.85,0.14015,0.07522,1,0.10225,0.99998,0.03408
Data_omni/002326_lcam_front_lidar.ply,0.25,800,0.85,0.18705,0.06551,1,0.09246,0.99998,0.03391
Data_omni/002327_lcam_front_lidar.ply,0.25,800,0.85,0.14551,0.07433,1,0.10193,0.99998,0.0352
Data_omni/002328_lcam_front_lidar.ply,0.25,800,0.85,0.16932,-0.01717,1,0.0376,0.99945,0.0894
Data_omni/002329_lcam_front_lidar.ply,0.25,800,0.85,0.16101,-0.01578,1,0.03712,0.99949,0.0858
Data_omni/002330_lcam_front_lidar.ply,0.25,800,0.85,0.17842,-0.01534,1,0.03644,0.9996,0.08359
Data_omni/002331_lcam_front_lidar.ply,0.25,800,0.85,0.16137,-0.01348,1,0.03614,0.99975,0.07929
Data_omni/002332_lcam_front_lidar.ply,0.25,800,0.85,0.20649,-0.01144,1,0.03531,0.9998,0.07351
Data_omni/002333_lcam_front_lidar.ply,0.25,800,0.85,0.18589,0.00016,1,0.04547,0.9998,0.07063
Data_omni/002334_lcam_front_lidar.ply,0.25,800,0.85,0.23934,0.07885,1,0.11509,0.99995,0.05252
Data_omni/002335_lcam_front_lidar.ply,0.25,800,0.85,0.17149,0.05619,1,0.08561,0.99997,0.03884
Data_omni/002336_lcam_front_lidar.ply,0.25,800,0.85,0.19422,0.06781,1,0.09924,0.99997,0.04286
Data_omni/002337_lcam_front_lidar.ply,0.25,800,0.85,0.17145,0.0556,1,0.08619,0.99996,0.04117
Data_omni/002338_lcam_front_lidar.ply,0.25,800,0.93,0.17434,0.06529,1,0.0931,0.99998,0.03561
Data_omni/002339_lcam_front_lidar.ply,0.25,800,0.93,0.18192,0.08565,1,0.11549,0.99997,0.03969
Data_omni/002340_lcam_front_lidar.ply,0.25,800,0.93,0.16664,0.08601,1,0.11514,0.99998,0.03826
Data_omni/002341_lcam_front_lidar.ply,0.25,800,0.93,0.16431,0.08446,1,0.11169,0.99998,0.03447
Data_omni/002342_lcam_front_lidar.ply,0.25,800,0.93,0.17149,0.06472,1,0.09189,0.99999,0.03435
Data_omni/002343_lcam_front_lidar.ply,0.25,800,0.85,0.25592,0.08694,1,0.11253,0.99999,0.03117
Data_omni/002344_lcam_front_lidar.ply,0.25,800,0.93,0.17169,0.08818,1,0.1118,0.99999,0.02724
Data_omni/002345_lcam_front_lidar.ply,0.25,800,0.93,0.17874,0.08839,1,0.11188,1.0,0.02698
Data_omni/002346_lcam_front_lidar.ply,0.25,800,0.93,0.27463,0.07008,1,0.09517,0.99999,0.03017
Data_omni/002347_lcam_front_lidar.ply,0.25,800,0.93,0.17317,0.0691,1,0.09699,0.99999,0.03578
Data_omni/002348_lcam_front_lidar.ply,0.25,800,0.93,0.16609,0.06208,1,0.09588,0.99998,0.04759
Data_omni/002349_lcam_front_lidar.ply,0.25,800,0.93,0.25754,0.06456,1,0.10071,0.99998,0.05229
Data_omni/002350_lcam_front_lidar.ply,0.25,800,0.93,0.15256,0.06514,1,0.10163,0.99998,0.05299
Data_omni/002351_lcam_front_lidar.ply,0.25,800,0.93,0.15375,0.06356,1,0.0974,0.99998,0.04768
Data_omni/002352_lcam_front_lidar.ply,0.25,800,0.93,0.16872,0.06565,1,0.09659,0.99999,0.04188
Data_omni/002353_lcam_front_lidar.ply,0.25,800,0.93,0.16722,0.05861,1,0.09437,0.99998,0.05151
Data_omni/002354_lcam_front_lidar.ply,0.25,800,0.85,0.19791,0.05563,1,0.09266,0.99998,0.05405
Data_omni/002355_lcam_front_lidar.ply,0.25,800,0.85,0.19316,-0.16,1,0.0,0.0,0.0
Data_omni/002356_lcam_front_lidar.ply,0.25,800,0.85,0.18651,0.20306,1,0.07456,1.0,0.02299
Data_omni/002357_lcam_front_lidar.ply,0.25,800,0.93,0.20437,-0.16,1,0.0,0.0,0.0
Data_omni/002358_lcam_front_lidar.ply,0.25,800,0.93,0.20711,-0.01,1,0.0,0.0,0.0
Data_omni/002359_lcam_front_lidar.ply,0.25,800,0.93,0.26335,-0.01,1,0.0,0.0,0.0
Data_omni/002360_lcam_front_lidar.ply,0.25,800,0.93,0.20104,-0.01,1,0.0,0.0,0.0
Data_omni/002361_lcam_front_lidar.ply,0.25,800,0.93,0.19648,-0.01,1,0.0,0.0,0.0
Data_omni/002362_lcam_front_lidar.ply,0.25,50,0.93,1.78057,0.14025,1,0.00928,0.99959,0.01794
Data_omni/002363_lcam_front_lidar.ply,0.25,50,0.93,1.88236,-0.00966,1,0.00925,0.99956,0.01783
Data_omni/002364_lcam_front_lidar.ply,0.25,50,0.93,1.46626,-0.00437,1,0.00618,0.99987,0.0012
Data_omni/002365_lcam_front_lidar.ply,0.25,50,0.93,1.24882,-0.00376,1,0.0092,0.99995,0.00595
Data_omni/002366_lcam_front_lidar.ply,0.25,50,0.93,1.4789,-0.00434,1,0.00626,0.99987,0.00119
Data_omni/002367_lcam_front_lidar.ply,0.25,50,0.93,1.34662,-0.00434,1,0.00625,0.99987,0.00117
Data_omni/002368_lcam_front_lidar.ply,0.25,50,0.93,1.12401,-0.00993,1,0.00908,0.99959,0.01793
Data_omni/002369_lcam_front_lidar.ply,0.25,50,0.93,1.09368,-0.00427,1,0.00626,0.99987,0.00116
Data_omni/002370_lcam_front_lidar.ply,0.25,50,0.93,1.15735,-0.00424,1,0.00634,0.99987,0.00117
Data_omni/002371_lcam_front_lidar.ply,0.25,50,0.93,2.49892,-0.00375,1,0.00922,0.99996,0.00596
Data_omni/002372_lcam_front_lidar.ply,0.25,50,0.93,1.16322,-0.00845,1,0.00654,0.99386,0.00814
Data_omni/002373_lcam_front_lidar.ply,0.25,50,0.93,1.24581,-0.01462,1,0.00951,0.99898,0.02979
Data_omni/002374_lcam_front_lidar.ply,0.25,50,0.93,1.2046,-0.00376,1,0.00668,0.99987,0.00116
Data_omni/002375_lcam_front_lidar.ply,0.25,50,0.93,1.27102,-0.00388,1,0.0067,0.99987,0.00116
Data_omni/002376_lcam_front_lidar.ply,0.25,50,0.93,1.44141,-0.00381,1,0.00678,0.99987,0.00116
Data_omni/002377_lcam_front_lidar.ply,0.25,50,0.93,1.36239,-0.00377,1,0.00681,0.99987,0.00116
Data_omni/002378_lcam_front_lidar.ply,0.25,50,0.93,1.11806,-0.00327,1,0.00968,0.99996,0.00591
Data_omni/002379_lcam_front_lidar.ply,0.25,50,0.93,1.6107,-0.00378,1,0.00681,0.99987,0.00116
Data_omni/002380_lcam_front_lidar.ply,0.25,50,0.93,1.39352,-0.00385,1,0.00673,0.99987,0.00116
Data_omni/002381_lcam_front_lidar.ply,0.25,50,0.93,1.4247,-0.00388,1,0.00669,0.99987,0.00115
Data_omni/002382_lcam_front_lidar.ply,0.25,50,0.93,1.43253,-0.00394,1,0.00663,0.99987,0.00114
Data_omni/002383_lcam_front_lidar.ply,0.25,50,0.93,1.14975,-0.00672,1,0.00662,0.99687,0.00578
Data_omni/002384_lcam_front_lidar.ply,0.25,50,0.93,1.31524,-0.02144,1,0.00944,0.99785,0.04206
Data_omni/002385_lcam_front_lidar.ply,0.25,50,0.93,1.32628,-0.00388,1,0.00641,0.99987,0.00119
Data_omni/002386_lcam_front_lidar.ply,0.25,50,0.93,1.09619,-0.00429,1,0.0063,0.99987,0.00117
Data_omni/002387_lcam_front_lidar.ply,0.25,50,0.93,1.10152,-0.00433,1,0.00626,0.99987,0.00118
Data_omni/002388_lcam_front_lidar.ply,0.25,50,0.93,1.12898,-0.00439,1,0.0062,0.99987,0.00118
Data_omni/002389_lcam_front_lidar.ply,0.25,50,0.93,1.22744,-0.0961,1,0.01309,0.99676,0.19746
Data_omni/002390_lcam_front_lidar.ply,0.25,50,0.93,1.10641,-0.00391,1,0.00622,0.99987,0.00118
Data_omni/002391_lcam_front_lidar.ply,0.25,800,0.93,0.17408,0.00549,1,0.01712,1.0,0.00328
Data_omni/002392_lcam_front_lidar.ply,0.25,800,0.93,0.21014,-0.16,1,0.0,0.0,0.0
Data_omni/002393_lcam_front_lidar.ply,0.25,800,0.93,0.16154,-0.01,1,0.0,0.0,0.0
Data_omni/002394_lcam_front_lidar.ply,0.25,800,0.93,0.16463,-0.01,1,0.0,0.0,0.0
Data_omni/002395_lcam_front_lidar.ply,0.25,800,0.93,0.24249,-0.01,1,0.0,0.0,0.0
Data_omni/002396_lcam_front_lidar.ply,0.25,800,0.93,0.19925,-0.01,1,0.0,0.0,0.0
Data_omni/002397_lcam_front_lidar.ply,0.25,800,0.93,0.17952,0.20538,1,0.0749,1.0,0.01905
Data_omni/002398_lcam_front_lidar.ply,0.25,800,0.93,0.21023,-0.16,1,0.0,0.0,0.0
Data_omni/002399_lcam_front_lidar.ply,0.25,800,0.93,0.183,0.21204,1,0.08935,0.99999,0.03462
Data_omni/002400_lcam_front_lidar.ply,0.25,800,0.85,0.23058,0.05937,1,0.08346,0.99999,0.02818
Data_omni/002401_lcam_front_lidar.ply,0.25,800,0.93,0.18776,0.06593,1,0.08723,1.0,0.0226
Data_omni/002402_lcam_front_lidar.ply,0.25,800,0.93,0.16435,0.05304,1,0.0765,0.99999,0.02692
Data_omni/002403_lcam_front_lidar.ply,0.25,800,0.85,0.17431,0.06478,1,0.09033,0.99999,0.03111
Data_omni/002404_lcam_front_lidar.ply,0.25,800,0.85,0.22528,0.07015,1,0.09353,0.99999,0.02678
Data_omni/002405_lcam_front_lidar.ply,0.25,800,0.85,0.1801,0.05774,1,0.08314,0.99999,0.0308
Data_omni/002406_lcam_front_lidar.ply,0.25,800,0.85,0.15851,0.06663,1,0.09196,0.99999,0.03066
Data_omni/002407_lcam_front_lidar.ply,0.25,800,0.85,0.20586,0.083,1,0.11351,0.99998,0.04102
Data_omni/002408_lcam_front_lidar.ply,0.25,800,0.93,0.16446,0.07778,1,0.1039,0.99999,0.03225
Data_omni/002409_lcam_front_lidar.ply,0.25,800,0.85,0.2045,0.08047,1,0.11428,0.99996,0.04761
Data_omni/002410_lcam_front_lidar.ply,0.25,800,0.85,0.16683,0.0803,1,0.11565,0.99996,0.05071
Data_omni/002411_lcam_front_lidar.ply,0.25,800,0.93,0.14236,0.08165,1,0.11339,0.99997,0.04349
Data_omni/002412_lcam_front_lidar.ply,0.25,800,0.88,0.17015,0.0553,1,0.08424,0.99997,0.03787
Data_omni/002413_lcam_front_lidar.ply,0.25,800,0.88,0.16686,0.05776,1,0.08744,0.99997,0.03936
Data_omni/002414_lcam_front_lidar.ply,0.25,800,0.88,0.15177,0.07963,1,0.11251,0.99996,0.04577
Data_omni/002415_lcam_front_lidar.ply,0.25,800,0.88,0.16923,-0.00827,1,0.03577,0.99981,0.06802
Data_omni/002416_lcam_front_lidar.ply,0.25,800,0.88,0.1431,0.09631,1,0.12643,0.99999,0.04028
Data_omni/002417_lcam_front_lidar.ply,0.25,800,0.88,0.18618,-0.00595,1,0.03543,0.99979,0.0627
Data_omni/002418_lcam_front_lidar.ply,0.25,800,0.88,0.19312,-0.00785,1,0.03729,0.99968,0.07024
Data_omni/002419_lcam_front_lidar.ply,0.25,800,0.88,0.1727,0.07626,1,0.10174,0.99999,0.03106
Data_omni/002420_lcam_front_lidar.ply,0.25,800,0.88,0.11328,-0.00967,1,0.00035,0.99985,0.0
Data_omni/002421_lcam_front_lidar.ply,0.25,800,0.88,0.1188,0.07612,1,0.10309,0.99998,0.034
Data_omni/002422_lcam_front_lidar.ply,0.25,800,0.8,0.12723,0.08009,1,0.10567,0.99999,0.03117
Data_omni/002423_lcam_front_lidar.ply,0.25,800,0.8,0.11363,0.08022,1,0.10927,0.99997,0.03811
Data_omni/002424_lcam_front_lidar.ply,0.25,800,0.8,0.11114,0.08124,1,0.11161,0.99996,0.04074
Data_omni/002425_lcam_front_lidar.ply,0.25,800,0.8,0.09887,0.0766,1,0.11354,0.99994,0.05386
Data_omni/002426_lcam_front_lidar.ply,0.25,800,0.8,0.13823,0.07304,1,0.11387,0.99991,0.06166
Data_omni/002427_lcam_front_lidar.ply,0.25,800,0.8,0.11961,0.07281,1,0.13081,0.99986,0.09598
Data_omni/002428_lcam_front_lidar.ply,0.25,800,0.8,0.12576,0.07145,1,0.11893,0.99988,0.07496
Data_omni/002429_lcam_front_lidar.ply,0.25,800,0.8,0.11675,0.07752,1,0.12702,0.9999,0.079
Data_omni/002430_lcam_front_lidar.ply,0.3,500,0.8,0.18766,0.09323,1,0.14469,0.99992,0.08294
Data_omni/002431_lcam_front_lidar.ply,0.3,500,0.8,0.13005,0.095,1,0.15142,0.99994,0.09285
Data_omni/002432_lcam_front_lidar.ply,0.3,500,0.8,0.14243,0.09413,1,0.15052,0.99994,0.09279
Data_omni/002433_lcam_front_lidar.ply,0.3,500,0.8,0.13548,0.09242,1,0.14787,0.99991,0.09088
Data_omni/002434_lcam_front_lidar.ply,0.3,500,0.8,0.11012,0.09312,1,0.15605,0.99991,0.10585
Data_omni/002435_lcam_front_lidar.ply,0.3,500,0.8,0.11428,0.08215,1,0.1462,0.9999,0.10809
Data_omni/002436_lcam_front_lidar.ply,0.3,500,0.8,0.10859,0.08325,1,0.14325,0.99988,0.10001
Data_omni/002437_lcam_front_lidar.ply,0.3,500,0.8,0.14171,0.07584,1,0.15036,0.99992,0.12906
Data_omni/002438_lcam_front_lidar.ply,0.3,800,0.8,0.08004,0.06505,1,0.13802,0.99994,0.12595
Data_omni/002439_lcam_front_lidar.ply,0.3,800,0.8,0.10595,0.06585,1,0.13856,0.99995,0.1254
Data_omni/002440_lcam_front_lidar.ply,0.3,800,0.8,0.08893,0.0774,1,0.14449,0.99976,0.11413
Data_omni/002441_lcam_front_lidar.ply,0.3,800,0.8,0.18052,0.07912,1,0.14093,0.9998,0.10363
Data_omni/002442_lcam_front_lidar.ply,0.3,800,0.8,0.11402,0.08168,1,0.14827,0.99985,0.11319
Data_omni/002443_lcam_front_lidar.ply,0.25,800,0.8,0.10647,0.06825,1,0.12319,0.99991,0.08989
Data_omni/002444_lcam_front_lidar.ply,0.25,800,0.8,0.10456,0.06303,1,0.12808,0.99997,0.11011
Data_omni/002445_lcam_front_lidar.ply,0.3,800,0.8,0.12343,0.04464,1,0.13352,0.99984,0.15772
Data_omni/002446_lcam_front_lidar.ply,0.3,800,0.8,0.10643,0.04062,1,0.13129,0.99988,0.16136
Data_omni/002447_lcam_front_lidar.ply,0.3,800,0.8,0.08743,0.07124,1,0.12934,0.99998,0.09622
Data_omni/002448_lcam_front_lidar.ply,0.25,800,0.8,0.09601,0.06259,1,0.09611,0.99999,0.04705
Data_omni/002449_lcam_front_lidar.ply,0.3,800,0.8,0.13658,0.06241,1,0.09555,0.99998,0.04627
Data_omni/002450_lcam_front_lidar.ply,0.3,800,0.8,0.09528,0.05396,1,0.13738,0.99983,0.1468
Data_omni/002451_lcam_front_lidar.ply,0.3,800,0.8,0.09544,0.06985,1,0.10911,0.99989,0.05853
Data_omni/002452_lcam_front_lidar.ply,0.3,800,0.8,0.07772,-0.13093,1,0.0436,0.97441,0.32141
Data_omni/002453_lcam_front_lidar.ply,0.25,800,0.8,0.11873,0.04167,1,0.0885,0.99922,0.08111
Data_omni/002454_lcam_front_lidar.ply,0.3,500,0.8,0.11884,0.04201,1,0.13401,0.99947,0.16409
Data_omni/002455_lcam_front_lidar.ply,0.25,800,0.8,0.13204,0.04944,1,0.09262,0.99975,0.06644
Data_omni/002456_lcam_front_lidar.ply,0.3,500,0.8,0.12106,0.03767,1,0.12882,0.99957,0.16224
Data_omni/002457_lcam_front_lidar.ply,0.25,800,0.8,0.10424,0.06484,1,0.09997,0.99995,0.05038
Data_omni/002458_lcam_front_lidar.ply,0.25,800,0.8,0.09712,0.0626,1,0.09834,0.99993,0.05148
Data_omni/002459_lcam_front_lidar.ply,0.25,800,0.8,0.12211,0.06914,1,0.09973,0.99999,0.04119
Data_omni/002460_lcam_front_lidar.ply,0.3,800,0.8,0.14266,0.06113,1,0.11122,0.99988,0.08015
Data_omni/002461_lcam_front_lidar.ply,0.3,800,0.8,0.12497,0.05893,1,0.0931,1.0,0.04838
Data_omni/002462_lcam_front_lidar.ply,0.3,800,0.8,0.22521,0.05685,1,0.12615,0.99972,0.11852
Data_omni/002463_lcam_front_lidar.ply,0.3,800,0.8,0.1347,0.06624,1,0.12406,0.99985,0.09568
Data_omni/002464_lcam_front_lidar.ply,0.3,800,0.8,0.14496,0.05592,1,0.09523,1.0,0.05867
Data_omni/002465_lcam_front_lidar.ply,0.25,800,0.8,0.15219,0.05838,1,0.09524,1.0,0.05373
Data_omni/002466_lcam_front_lidar.ply,0.25,800,0.8,0.15857,0.05612,1,0.09482,0.99999,0.0574
Data_omni/002467_lcam_front_lidar.ply,0.25,800,0.8,0.14791,0.05412,1,0.09417,1.0,0.06011
Data_omni/002468_lcam_front_lidar.ply,0.3,500,0.8,0.16561,0.06319,1,0.11968,0.99992,0.09296
Data_omni/002469_lcam_front_lidar.ply,0.25,800,0.8,0.12812,0.05383,1,0.09738,0.99999,0.06713
Data_omni/002470_lcam_front_lidar.ply,0.25,800,0.8,0.13358,0.05281,1,0.09678,0.99999,0.06794
Data_omni/002471_lcam_front_lidar.ply,0.3,800,0.8,0.16231,0.07006,1,0.11873,0.99998,0.07733
Data_omni/002472_lcam_front_lidar.ply,0.25,800,0.8,0.11776,0.06564,1,0.10392,0.99998,0.05656
Data_omni/002473_lcam_front_lidar.ply,0.25,800,0.8,0.13389,0.05499,1,0.09488,0.99997,0.05978
Data_omni/002474_lcam_front_lidar.ply,0.25,800,0.8,0.14363,0.05101,1,0.0919,1.0,0.06177
Data_omni/002475_lcam_front_lidar.ply,0.25,800,0.8,0.14664,0.06203,1,0.10242,1.0,0.06078
Data_omni/002476_lcam_front_lidar.ply,0.25,800,0.8,0.119,0.05351,1,0.08985,0.99998,0.05269
Data_omni/002477_lcam_front_lidar.ply,0.25,800,0.8,0.13539,0.04826,1,0.08722,0.99995,0.05791
Data_omni/002478_lcam_front_lidar.ply,0.25,800,0.8,0.18932,0.0457,1,0.08799,0.99994,0.06457
Data_omni/002479_lcam_front_lidar.ply,0.25,800,0.8,0.23073,0.06516,1,0.10507,0.99996,0.05982
Data_omni/002480_lcam_front_lidar.ply,0.25,800,0.8,0.14304,0.05018,1,0.09273,0.99995,0.06508
Data_omni/002481_lcam_front_lidar.ply,0.25,800,0.8,0.14915,0.05066,1,0.09288,0.99995,0.06445
Data_omni/002482_lcam_front_lidar.ply,0.25,800,0.8,0.14712,0.05497,1,0.09796,0.99996,0.06598
Data_omni/002483_lcam_front_lidar.ply,0.25,800,0.8,0.14603,0.05172,1,0.09366,0.99996,0.06388
Data_omni/002484_lcam_front_lidar.ply,0.25,800,0.8,0.13991,0.04633,1,0.08071,1.0,0.04879
Data_omni/002485_lcam_front_lidar.ply,0.25,800,0.8,0.15574,0.04806,1,0.0792,1.0,0.04227
Data_omni/002486_lcam_front_lidar.ply,0.25,800,0.8,0.15,0.04976,1,0.08404,1.0,0.04857
Data_omni/002487_lcam_front_lidar.ply,0.25,800,0.8,0.14125,0.05091,1,0.0847,1.0,0.04757
Data_omni/002488_lcam_front_lidar.ply,0.25,800,0.8,0.21508,0.05473,1,0.08663,1.0,0.04379
Data_omni/002489_lcam_front_lidar.ply,0.25,800,0.8,0.13541,0.0554,1,0.08868,1.0,0.04658
Data_omni/002490_lcam_front_lidar.ply,0.25,800,0.8,0.13872,0.05663,1,0.08883,1.0,0.04441
Data_omni/002491_lcam_front_lidar.ply,0.25,800,0.8,0.2619,0.00223,1,0.04522,0.99999,0.06597
Data_omni/002492_lcam_front_lidar.ply,0.25,800,0.8,0.19292,-0.00835,1,0.04282,0.99997,0.08234
Data_omni/002493_lcam_front_lidar.ply,0.25,800,0.8,0.177,0.00129,1,0.0506,1.0,0.07863
Data_omni/002494_lcam_front_lidar.ply,0.25,800,0.8,0.19001,0.00393,1,0.05036,1.0,0.07286
Data_omni/002495_lcam_front_lidar.ply,0.25,800,0.8,0.13972,-0.00466,1,0.03964,1.0,0.0686
Data_omni/002496_lcam_front_lidar.ply,0.25,800,0.8,0.14884,0.00621,1,0.05013,1.0,0.06786
Data_omni/002497_lcam_front_lidar.ply,0.25,800,0.8,0.18004,0.00775,1,0.03902,0.99994,0.04253
Data_omni/002498_lcam_front_lidar.ply,0.25,800,0.8,0.15337,0.07372,1,0.11299,1.0,0.05855
Data_omni/002499_lcam_front_lidar.ply,0.25,800,0.8,0.19149,0.07265,1,0.11274,1.0,0.06017
Data_omni/002500_lcam_front_lidar.ply,0.25,800,0.8,0.21613,0.07136,1,0.10836,1.0,0.05402
Data_omni/002501_lcam_front_lidar.ply,0.25,800,0.8,0.25775,0.06636,1,0.10503,1.0,0.05734
Data_omni/002502_lcam_front_lidar.ply,0.25,800,0.8,0.17648,0.06729,1,0.10895,1.0,0.06333
Data_omni/002503_lcam_front_lidar.ply,0.25,800,0.8,0.1943,0.06844,1,0.10704,1.0,0.05721
Data_omni/002504_lcam_front_lidar.ply,0.25,800,0.8,0.18558,0.06665,1,0.10737,1.0,0.06143
Data_omni/002505_lcam_front_lidar.ply,0.25,800,0.8,0.19181,0.06805,1,0.10575,1.0,0.05541
Data_omni/002506_lcam_front_lidar.ply,0.25,800,0.8,0.44265,0.06891,1,0.10512,1.0,0.05243
Data_omni/002507_lcam_front_lidar.ply,0.25,800,0.8,0.24936,0.06726,1,0.10292,1.0,0.05132
Data_omni/002508_lcam_front_lidar.ply,0.25,800,0.8,0.21838,0.06478,1,0.10123,0.99999,0.05291
Data_omni/002509_lcam_front_lidar.ply,0.25,800,0.8,0.18415,0.07084,1,0.10647,0.99999,0.05126
Data_omni/002510_lcam_front_lidar.ply,0.25,800,0.8,0.2482,0.06963,1,0.10425,0.99999,0.04925
Data_omni/002511_lcam_front_lidar.ply,0.25,800,0.8,0.17942,0.06656,1,0.1047,0.99999,0.05629
Data_omni/002512_lcam_front_lidar.ply,0.25,800,0.8,0.17778,0.06727,1,0.10463,0.99998,0.05471
Data_omni/002513_lcam_front_lidar.ply,0.25,800,0.8,0.15887,0.06954,1,0.10667,0.99998,0.05426
Data_omni/002514_lcam_front_lidar.ply,0.25,800,0.8,0.22387,0.07366,1,0.11149,0.99997,0.05566
Data_omni/002515_lcam_front_lidar.ply,0.25,800,0.8,0.19184,0.06782,1,0.1098,0.99998,0.06396
Data_omni/002516_lcam_front_lidar.ply,0.25,800,0.8,0.179,-0.01555,1,0.02259,0.99957,0.05616
Data_omni/002517_lcam_front_lidar.ply,0.25,800,0.8,0.22407,0.03429,1,0.07443,1.0,0.06039
Data_omni/002518_lcam_front_lidar.ply,0.25,800,0.8,0.18987,0.03466,1,0.07568,1.0,0.06205
Data_omni/002519_lcam_front_lidar.ply,0.25,800,0.8,0.17498,-0.01427,1,0.0231,0.99918,0.05448
Data_omni/002520_lcam_front_lidar.ply,0.25,800,0.8,0.1582,0.03782,1,0.07741,1.0,0.05943
Data_omni/002521_lcam_front_lidar.ply,0.25,800,0.8,0.18632,0.02842,1,0.0746,0.99999,0.07237
Data_omni/002522_lcam_front_lidar.ply,0.25,800,0.8,0.22622,0.03194,1,0.07742,0.99996,0.07095
Data_omni/002523_lcam_front_lidar.ply,0.25,800,0.8,0.16918,0.03003,1,0.07466,0.99997,0.06925
Data_omni/002524_lcam_front_lidar.ply,0.25,800,0.8,0.15744,0.02649,1,0.06475,0.99996,0.05652
Data_omni/002525_lcam_front_lidar.ply,0.25,800,0.8,0.22244,0.04681,1,0.06505,0.99998,0.01649
Data_omni/002526_lcam_front_lidar.ply,0.25,800,0.8,0.23609,0.02468,1,0.04332,0.99997,0.01729
Data_omni/002527_lcam_front_lidar.ply,0.25,800,0.8,0.19603,0.02928,1,0.04803,0.99997,0.0175
Data_omni/002528_lcam_front_lidar.ply,0.25,800,0.8,0.2124,0.01689,1,0.03646,0.99996,0.01914
Data_omni/002529_lcam_front_lidar.ply,0.25,800,0.8,0.20757,-0.00085,1,0.0225,0.99963,0.02661
Data_omni/002530_lcam_front_lidar.ply,0.25,800,0.8,0.25764,-0.15994,1,0.0,0.0,0.0
Data_omni/002531_lcam_front_lidar.ply,0.3,800,0.8,0.22396,0.14504,1,0.02747,0.99943,0.04468
Data_omni/002532_lcam_front_lidar.ply,0.25,800,0.8,0.20035,-0.15991,1,0.0,0.0,0.0
Data_omni/002533_lcam_front_lidar.ply,0.3,800,0.8,0.28398,0.14046,1,0.02197,0.99942,0.04284
Data_omni/002534_lcam_front_lidar.ply,0.25,800,0.8,0.25275,-0.15991,1,0.0,0.0,0.0
Data_omni/002535_lcam_front_lidar.ply,0.25,800,0.8,0.45373,-0.01,1,0.0,0.0,0.0
Data_omni/002536_lcam_front_lidar.ply,0.25,800,0.8,0.2732,-0.01,1,0.0,0.0,0.0
Data_omni/002537_lcam_front_lidar.ply,0.25,800,0.8,0.28111,-0.01,1,0.0,0.0,0.0
Data_omni/002538_lcam_front_lidar.ply,0.25,800,0.8,0.39657,0.12462,1,0.02068,0.99985,0.07209
Data_omni/002539_lcam_front_lidar.ply,0.25,800,0.8,0.24042,-0.15998,1,0.0,0.0,0.0
Data_omni/002540_lcam_front_lidar.ply,0.25,800,0.8,0.31557,-0.01,1,0.0,0.0,0.0
Data_omni/002541_lcam_front_lidar.ply,0.25,800,0.8,0.3785,-0.01,1,0.0,0.0,0.0
Data_omni/002542_lcam_front_lidar.ply,0.25,800,0.8,0.3931,-0.01,1,0.0,0.0,0.0
Data_omni/002543_lcam_front_lidar.ply,0.25,800,0.8,0.23935,0.14132,1,0.01759,1.0,0.03253
Data_omni/002544_lcam_front_lidar.ply,0.25,800,0.8,0.29292,-0.16,1,0.0,0.0,0.0
Data_omni/002545_lcam_front_lidar.ply,0.25,800,0.8,0.21833,-0.01,1,0.0,0.0,0.0
Data_omni/002546_lcam_front_lidar.ply,0.25,800,0.8,0.23824,-0.01,1,0.0,0.0,0.0
Data_omni/002547_lcam_front_lidar.ply,0.25,800,0.8,0.21629,-0.01,1,0.0,0.0,0.0
Data_omni/002548_lcam_front_lidar.ply,0.25,800,0.8,0.22211,-0.01,1,0.0,0.0,0.0
Data_omni/002549_lcam_front_lidar.ply,0.25,800,0.8,0.35773,-0.01,1,0.0,0.0,0.0
Data_omni/002550_lcam_front_lidar.ply,0.25,800,0.8,0.27091,-0.01,1,0.0,0.0,0.0
Data_omni/002551_lcam_front_lidar.ply,0.25,800,0.8,0.3314,-0.01,1,0.0,0.0,0.0
Data_omni/002552_lcam_front_lidar.ply,0.25,800,0.8,0.2541,-0.01,1,0.0,0.0,0.0
Data_omni/002553_lcam_front_lidar.ply,0.25,800,0.8,0.23563,-0.01,1,0.0,0.0,0.0
Data_omni/002554_lcam_front_lidar.ply,0.25,800,0.8,0.22159,-0.01,1,0.0,0.0,0.0
Data_omni/002555_lcam_front_lidar.ply,0.25,800,0.8,0.21318,-0.01,1,0.0,0.0,0.0
Data_omni/002556_lcam_front_lidar.ply,0.25,800,0.8,0.2382,-0.01,1,0.0,0.0,0.0
Data_omni/002557_lcam_front_lidar.ply,0.25,800,0.8,0.23651,-0.01,1,0.0,0.0,0.0
Data_omni/002558_lcam_front_lidar.ply,0.25,800,0.8,0.3233,-0.01,1,0.0,0.0,0.0
Data_omni/002559_lcam_front_lidar.ply,0.25,800,0.8,0.27317,0.12708,1,0.01569,0.9999,0.05719
Data_omni/002560_lcam_front_lidar.ply,0.25,800,0.8,0.25651,-0.0053,1,0.0212,0.99941,0.03285
Data_omni/002561_lcam_front_lidar.ply,0.25,800,0.8,0.23321,-0.00372,1,0.02211,0.99958,0.03171
Data_omni/002562_lcam_front_lidar.ply,0.25,800,0.8,0.22824,0.00112,1,0.024,0.99978,0.02581
Data_omni/002563_lcam_front_lidar.ply,0.25,800,0.8,0.25752,0.00645,1,0.0251,0.99993,0.01734
Data_omni/002564_lcam_front_lidar.ply,0.25,800,0.8,0.25144,0.02192,1,0.0457,0.99996,0.02757
Data_omni/002565_lcam_front_lidar.ply,0.25,800,0.8,0.29292,0.02596,1,0.04907,0.99998,0.02624
Data_omni/002566_lcam_front_lidar.ply,0.25,800,0.8,0.25099,0.02693,1,0.05162,0.99995,0.02936
Data_omni/002567_lcam_front_lidar.ply,0.25,800,0.8,0.22791,0.03187,1,0.0579,0.99998,0.03207
Data_omni/002568_lcam_front_lidar.ply,0.25,800,0.8,0.21019,0.02388,1,0.05551,0.99999,0.04326
Data_omni/002569_lcam_front_lidar.ply,0.25,800,0.8,0.21021,0.00344,1,0.03529,0.99999,0.0437
Data_omni/002570_lcam_front_lidar.ply,0.25,800,0.8,0.22536,0.01949,1,0.04987,0.99998,0.04076
Data_omni/002571_lcam_front_lidar.ply,0.25,800,0.8,0.22334,0.04081,1,0.08034,1.0,0.05907
Data_omni/002572_lcam_front_lidar.ply,0.25,800,0.8,0.22121,0.0589,1,0.09584,0.99996,0.05388
Data_omni/002573_lcam_front_lidar.ply,0.3,800,0.8,0.20568,0.05329,1,0.11138,0.99996,0.09618
Data_omni/002574_lcam_front_lidar.ply,0.3,800,0.8,0.18235,0.06816,1,0.11499,0.99997,0.07367
Data_omni/002575_lcam_front_lidar.ply,0.3,800,0.8,0.17812,0.07351,1,0.12194,0.99997,0.07685
Data_omni/002576_lcam_front_lidar.ply,0.3,800,0.8,0.19984,0.07429,1,0.12201,0.99997,0.07545
Data_omni/002577_lcam_front_lidar.ply,0.25,800,0.8,0.19356,0.06092,1,0.09877,0.99997,0.05568
Data_omni/002578_lcam_front_lidar.ply,0.25,800,0.8,0.28922,0.05659,1,0.0961,0.99997,0.05902
Data_omni/002579_lcam_front_lidar.ply,0.25,800,0.8,0.21799,-0.01791,1,0.03893,0.99997,0.09368
Data_omni/002580_lcam_front_lidar.ply,0.25,800,0.8,0.17929,0.04487,1,0.09393,0.99997,0.07812
Data_omni/002581_lcam_front_lidar.ply,0.25,800,0.8,0.25984,0.04374,1,0.08681,0.99998,0.06614
Data_omni/002582_lcam_front_lidar.ply,0.25,800,0.8,0.22942,0.04848,1,0.09241,0.99998,0.06785
Data_omni/002583_lcam_front_lidar.ply,0.3,800,0.8,0.20455,0.05085,1,0.09848,0.99996,0.07527
Data_omni/002584_lcam_front_lidar.ply,0.25,800,0.8,0.19444,0.04362,1,0.08851,0.99993,0.06976
Data_omni/002585_lcam_front_lidar.ply,0.25,800,0.8,0.19031,0.04425,1,0.08714,0.99996,0.0658
Data_omni/002586_lcam_front_lidar.ply,0.25,800,0.8,0.19601,0.03112,1,0.06865,0.99998,0.05507
Data_omni/002587_lcam_front_lidar.ply,0.25,800,0.8,0.26227,0.02818,1,0.06777,0.99998,0.05918
Data_omni/002588_lcam_front_lidar.ply,0.3,800,0.8,0.19147,0.0326,1,0.08273,0.99995,0.08025
Data_omni/002589_lcam_front_lidar.ply,0.3,800,0.8,0.23562,0.0312,1,0.07955,0.99996,0.07671
Data_omni/002590_lcam_front_lidar.ply,0.3,800,0.8,0.25279,0.0156,1,0.0456,0.99996,0.04
Data_omni/002591_lcam_front_lidar.ply,0.25,800,0.8,0.16817,0.01675,1,0.05894,0.99996,0.06438
Data_omni/002592_lcam_front_lidar.ply,0.3,800,0.8,0.28429,-0.02816,1,0.02852,0.99969,0.09327
Data_omni/002593_lcam_front_lidar.ply,0.3,800,0.8,0.24006,-0.01826,1,0.02512,0.99872,0.06648
Data_omni/002594_lcam_front_lidar.ply,0.3,800,0.8,0.26298,-0.07678,1,0.02731,0.99926,0.18834
Data_omni/002595_lcam_front_lidar.ply,0.3,800,0.8,0.22228,0.00039,1,0.02926,0.99986,0.03792
Data_omni/002596_lcam_front_lidar.ply,0.25,800,0.8,0.19732,0.00041,1,0.02971,0.99988,0.03859
Data_omni/002597_lcam_front_lidar.ply,0.25,800,0.8,0.22009,-0.00314,1,0.02896,0.99986,0.04419
Data_omni/002598_lcam_front_lidar.ply,0.3,800,0.8,0.19058,-0.0017,1,0.03108,0.99987,0.04557
Data_omni/002599_lcam_front_lidar.ply,0.3,800,0.8,0.18989,0.00561,1,0.0398,0.99994,0.04839
Data_omni/002600_lcam_front_lidar.ply,0.3,800,0.8,0.16259,0.00574,1,0.04051,0.99993,0.04955
Data_omni/002601_lcam_front_lidar.ply,0.3,800,0.8,0.1717,-0.03069,1,0.02897,0.99923,0.09912
Data_omni/002602_lcam_front_lidar.ply,0.3,800,0.8,0.15803,-0.00103,1,0.03256,0.99982,0.04736
Data_omni/002603_lcam_front_lidar.ply,0.3,800,0.8,0.17842,-0.01961,1,0.03036,0.99981,0.07994
Data_omni/002604_lcam_front_lidar.ply,0.3,800,0.8,0.15825,-0.0117,1,0.03508,0.99996,0.07359
Data_omni/002605_lcam_front_lidar.ply,0.25,800,0.8,0.15807,0.00035,1,0.03438,0.99985,0.04803
Data_omni/002606_lcam_front_lidar.ply,0.3,800,0.8,0.21217,-0.01048,1,0.03629,0.99996,0.07357
Data_omni/002607_lcam_front_lidar.ply,0.25,800,0.8,0.15796,-0.00912,1,0.0315,0.99995,0.06124
Data_omni/002608_lcam_front_lidar.ply,0.25,800,0.8,0.16352,-0.00994,1,0.03224,0.99992,0.06433
Data_omni/002609_lcam_front_lidar.ply,0.25,800,0.8,0.14284,-0.00573,1,0.03333,0.99988,0.05812
Data_omni/002610_lcam_front_lidar.ply,0.3,800,0.8,0.16273,-0.01947,1,0.02678,0.99944,0.07236
Data_omni/002611_lcam_front_lidar.ply,0.25,800,0.8,0.15304,0.00348,1,0.04082,0.99993,0.05483
Data_omni/002612_lcam_front_lidar.ply,0.25,800,0.8,0.14968,0.00229,1,0.03996,0.99993,0.05535
Data_omni/002613_lcam_front_lidar.ply,0.25,800,0.8,0.15887,0.00196,1,0.04039,0.99994,0.05687
Data_omni/002614_lcam_front_lidar.ply,0.3,800,0.8,0.15629,-0.01298,1,0.03953,0.9999,0.085
Data_omni/002615_lcam_front_lidar.ply,0.25,800,0.8,0.14242,-0.00237,1,0.03143,0.99988,0.0476
Data_omni/002616_lcam_front_lidar.ply,0.25,800,0.8,0.16221,-0.00368,1,0.03215,0.99988,0.05167
Data_omni/002617_lcam_front_lidar.ply,0.25,800,0.8,0.1423,-0.00511,1,0.03149,0.99989,0.05319
Data_omni/002618_lcam_front_lidar.ply,0.25,800,0.8,0.14194,-0.00044,1,0.03799,0.99995,0.05687
Data_omni/002619_lcam_front_lidar.ply,0.3,800,0.8,0.15965,-0.00651,1,0.03865,0.99999,0.07033
Data_omni/002620_lcam_front_lidar.ply,0.3,800,0.8,0.18801,-0.00198,1,0.03913,0.99998,0.06222
Data_omni/002621_lcam_front_lidar.ply,0.3,800,0.8,0.19009,-0.00182,1,0.03403,0.99989,0.05168
Data_omni/002622_lcam_front_lidar.ply,0.25,800,0.8,0.15929,0.0163,1,0.05745,0.99996,0.06231
Data_omni/002623_lcam_front_lidar.ply,0.3,800,0.8,0.19573,0.02635,1,0.07329,1.0,0.0739
Data_omni/002624_lcam_front_lidar.ply,0.3,800,0.8,0.13243,0.03493,1,0.07893,0.99999,0.068
Data_omni/002625_lcam_front_lidar.ply,0.25,800,0.8,0.14807,0.02871,1,0.07162,0.99997,0.06581
Data_omni/002626_lcam_front_lidar.ply,0.25,800,0.8,0.1747,0.03236,1,0.07607,0.99999,0.06741
Data_omni/002627_lcam_front_lidar.ply,0.25,800,0.8,0.1263,0.0396,1,0.08046,0.99997,0.06172
Data_omni/002628_lcam_front_lidar.ply,0.3,800,0.8,0.14322,0.03663,1,0.07909,0.99997,0.06492
Data_omni/002629_lcam_front_lidar.ply,0.3,800,0.8,0.15148,0.04207,1,0.08476,0.99998,0.06538
Data_omni/002630_lcam_front_lidar.ply,0.3,800,0.8,0.15841,0.04448,1,0.08623,0.99998,0.0635
Data_omni/002631_lcam_front_lidar.ply,0.3,800,0.8,0.15053,0.04546,1,0.08568,0.99996,0.06043
Data_omni/002632_lcam_front_lidar.ply,0.3,800,0.8,0.12692,0.04688,1,0.08492,0.99995,0.05608
Data_omni/002633_lcam_front_lidar.ply,0.3,800,0.85,0.14214,0.04871,1,0.08764,0.99997,0.05788
Data_omni/002634_lcam_front_lidar.ply,0.25,800,0.8,0.13719,0.04564,1,0.08594,0.99997,0.0606
Data_omni/002635_lcam_front_lidar.ply,0.25,800,0.8,0.11897,0.04755,1,0.08624,0.99996,0.05737
Data_omni/002636_lcam_front_lidar.ply,0.25,800,0.8,0.12278,0.04612,1,0.08494,0.99996,0.05765
Data_omni/002637_lcam_front_lidar.ply,0.25,800,0.8,0.12656,0.04525,1,0.08297,0.99996,0.05545
Data_omni/002638_lcam_front_lidar.ply,0.25,800,0.8,0.13051,-0.04875,1,0.00714,0.99985,0.09175
Data_omni/002639_lcam_front_lidar.ply,0.25,800,0.8,0.18033,0.04366,1,0.08387,0.99997,0.06046
Data_omni/002640_lcam_front_lidar.ply,0.25,800,0.8,0.12397,0.052,1,0.09375,0.99997,0.06349
Data_omni/002641_lcam_front_lidar.ply,0.25,800,0.8,0.14634,0.05408,1,0.09428,0.99996,0.06039
Data_omni/002642_lcam_front_lidar.ply,0.25,800,0.8,0.12144,0.05505,1,0.09476,0.99996,0.05941
Data_omni/002643_lcam_front_lidar.ply,0.25,800,0.8,0.12553,0.057,1,0.09611,0.99996,0.05821
Data_omni/002644_lcam_front_lidar.ply,0.25,800,0.8,0.11708,0.05562,1,0.09484,0.99996,0.05844
Data_omni/002645_lcam_front_lidar.ply,0.3,800,0.8,0.13075,0.04727,1,0.08692,0.99997,0.05931
Data_omni/002646_lcam_front_lidar.ply,0.3,800,0.8,0.1891,0.04771,1,0.08623,0.99997,0.05704
Data_omni/002647_lcam_front_lidar.ply,0.25,800,0.8,0.12623,0.05218,1,0.09038,0.99996,0.0564
Data_omni/002648_lcam_front_lidar.ply,0.3,800,0.8,0.13541,0.04796,1,0.08796,0.99997,0.05999
Data_omni/002649_lcam_front_lidar.ply,0.3,800,0.8,0.19378,0.04788,1,0.08748,0.99997,0.0592
Data_omni/002650_lcam_front_lidar.ply,0.3,800,0.8,0.12712,0.05125,1,0.09656,0.99999,0.07062
Data_omni/002651_lcam_front_lidar.ply,0.3,800,0.8,0.14088,0.05138,1,0.098,0.99999,0.07323
Data_omni/002652_lcam_front_lidar.ply,0.3,800,0.8,0.14291,0.03985,1,0.08808,0.99998,0.07647
Data_omni/002653_lcam_front_lidar.ply,0.3,800,0.8,0.13724,0.0396,1,0.09087,0.99999,0.08254
Data_omni/002654_lcam_front_lidar.ply,0.3,800,0.8,0.12661,0.04504,1,0.08665,0.99998,0.06322
Data_omni/002655_lcam_front_lidar.ply,0.25,800,0.8,0.14232,0.04552,1,0.08889,0.99998,0.06674
Data_omni/002656_lcam_front_lidar.ply,0.25,800,0.8,0.18976,0.04261,1,0.08473,0.99996,0.06423
Data_omni/002657_lcam_front_lidar.ply,0.25,800,0.8,0.13309,0.03766,1,0.0828,0.99998,0.07029
Data_omni/002658_lcam_front_lidar.ply,0.25,800,0.8,0.1467,0.04203,1,0.08281,0.99997,0.06157
Data_omni/002659_lcam_front_lidar.ply,0.3,800,0.8,0.17016,0.04387,1,0.08552,0.99998,0.06332
Data_omni/002660_lcam_front_lidar.ply,0.3,800,0.8,0.14227,0.03932,1,0.08103,0.99995,0.06342
Data_omni/002661_lcam_front_lidar.ply,0.25,800,0.8,0.14237,0.03063,1,0.07248,0.99992,0.06368
Data_omni/002662_lcam_front_lidar.ply,0.25,800,0.8,0.13362,0.03168,1,0.06963,0.99995,0.05591
Data_omni/002663_lcam_front_lidar.ply,0.25,800,0.8,0.14994,0.02959,1,0.07014,0.99995,0.0611
Data_omni/002664_lcam_front_lidar.ply,0.3,800,0.8,0.14208,0.02914,1,0.07395,0.99998,0.06962
Data_omni/002665_lcam_front_lidar.ply,0.25,800,0.8,0.14972,0.02544,1,0.06898,0.99993,0.06706
Data_omni/002666_lcam_front_lidar.ply,0.3,800,0.8,0.19044,0.03548,1,0.0828,1.0,0.07465
Data_omni/002667_lcam_front_lidar.ply,0.25,800,0.8,0.1431,0.02345,1,0.06554,0.99995,0.06417
Data_omni/002668_lcam_front_lidar.ply,0.25,800,0.8,0.16356,0.03385,1,0.07575,0.99996,0.06382
Data_omni/002669_lcam_front_lidar.ply,0.3,800,0.8,0.18606,0.02614,1,0.07793,0.99996,0.08358
Data_omni/002670_lcam_front_lidar.ply,0.3,800,0.85,0.12889,0.06007,1,0.10799,0.99996,0.07584
Data_omni/002671_lcam_front_lidar.ply,0.3,800,0.8,0.12757,0.04292,1,0.09014,0.99999,0.07446
Data_omni/002672_lcam_front_lidar.ply,0.3,800,0.8,0.11732,0.04938,1,0.09261,0.99997,0.06646
Data_omni/002673_lcam_front_lidar.ply,0.3,800,0.85,0.1339,0.03972,1,0.08391,0.99998,0.06839
Data_omni/002674_lcam_front_lidar.ply,0.3,800,0.85,0.13513,0.01687,1,0.06063,0.99993,0.06749
Data_omni/002675_lcam_front_lidar.ply,0.3,800,0.85,0.1264,0.05409,1,0.09914,0.99997,0.07012
Data_omni/002676_lcam_front_lidar.ply,0.3,800,0.85,0.13413,0.05685,1,0.10159,0.99997,0.06949
Data_omni/002677_lcam_front_lidar.ply,0.3,800,0.85,0.12664,0.05656,1,0.10254,0.99995,0.07195
Data_omni/002678_lcam_front_lidar.ply,0.3,800,0.85,0.10335,0.04638,1,0.09336,0.99996,0.07396
Data_omni/002679_lcam_front_lidar.ply,0.25,800,0.8,0.13298,-0.00286,1,0.05199,0.99968,0.08961
Data_omni/002680_lcam_front_lidar.ply,0.25,800,0.8,0.17109,-0.00571,1,0.04866,0.99972,0.08875
Data_omni/002681_lcam_front_lidar.ply,0.25,800,0.8,0.11223,-0.01471,1,0.04415,0.99938,0.09763
Data_omni/002682_lcam_front_lidar.ply,0.25,800,0.8,0.12103,-0.00684,1,0.04266,0.99972,0.0791
Data_omni/002683_lcam_front_lidar.ply,0.25,800,0.8,0.14225,-0.04868,1,0.15205,0.00204,0.08215
Data_omni/002684_lcam_front_lidar.ply,0.3,800,0.8,0.12687,0.18994,1,0.08347,0.99998,0.06644
Data_omni/002685_lcam_front_lidar.ply,0.3,800,0.85,0.11494,0.00453,1,0.04283,0.99995,0.05658
Data_omni/002686_lcam_front_lidar.ply,0.25,800,0.8,0.13848,-0.00161,1,0.03873,0.99994,0.06067
Data_omni/002687_lcam_front_lidar.ply,0.25,800,0.8,0.17127,0.03718,1,0.08111,0.99998,0.06787
Data_omni/002688_lcam_front_lidar.ply,0.25,800,0.8,0.12413,0.04586,1,0.08905,0.99998,0.06637
Data_omni/002689_lcam_front_lidar.ply,0.25,800,0.8,0.13523,-0.01489,1,0.22051,0.01679,0.15583
Data_omni/002690_lcam_front_lidar.ply,0.25,800,0.8,0.12425,0.15611,1,0.05198,0.99996,0.06671
Data_omni/002691_lcam_front_lidar.ply,0.25,800,0.8,0.143,0.00457,1,0.05093,0.99998,0.07273
Data_omni/002692_lcam_front_lidar.ply,0.25,800,0.8,0.14279,0.00661,1,0.05172,0.99997,0.07022
Data_omni/002693_lcam_front_lidar.ply,0.25,800,0.8,0.15058,0.00316,1,0.04029,0.9999,0.05423
Data_omni/002694_lcam_front_lidar.ply,0.25,800,0.8,0.15383,0.00021,1,0.03918,0.99994,0.05795
Data_omni/002695_lcam_front_lidar.ply,0.25,800,0.8,0.15575,0.0013,1,0.04938,0.99998,0.07617
Data_omni/002696_lcam_front_lidar.ply,0.25,800,0.8,0.14875,-0.00083,1,0.03875,0.99994,0.05915
Data_omni/002697_lcam_front_lidar.ply,0.25,800,0.8,0.20257,-0.01419,1,0.03267,0.99997,0.07373
Data_omni/002698_lcam_front_lidar.ply,0.3,800,0.8,0.16219,-0.0157,1,0.03417,0.99987,0.07972
Data_omni/002699_lcam_front_lidar.ply,0.3,800,0.8,0.14358,0.00469,1,0.04039,0.99995,0.05142
Data_omni/002700_lcam_front_lidar.ply,0.3,800,0.8,0.17986,-0.00416,1,0.05051,0.99999,0.08936
Data_omni/002701_lcam_front_lidar.ply,0.25,800,0.8,0.15782,-0.01089,1,0.02664,0.99978,0.055
Data_omni/002702_lcam_front_lidar.ply,0.3,800,0.8,0.14863,-0.01123,1,0.03335,0.99983,0.06917
Data_omni/002703_lcam_front_lidar.ply,0.25,800,0.8,0.18316,-0.01793,1,0.02798,0.99972,0.07179
Data_omni/002704_lcam_front_lidar.ply,0.25,800,0.8,0.17377,-0.00994,1,0.02777,0.99986,0.05546
Data_omni/002705_lcam_front_lidar.ply,0.25,800,0.8,0.1621,-0.00488,1,0.22707,0.01232,0.14764
Data_omni/002706_lcam_front_lidar.ply,0.25,800,0.8,0.15882,0.14671,1,0.23237,9e-05,0.14766
Data_omni/002707_lcam_front_lidar.ply,0.25,800,0.8,0.15,0.12575,1,0.0297,1.0,0.08787
Data_omni/002708_lcam_front_lidar.ply,0.25,800,0.8,0.15942,-0.02884,1,0.03396,0.9999,0.10558
Data_omni/002709_lcam_front_lidar.ply,0.25,800,0.8,0.15841,-0.01937,1,0.03316,0.99999,0.08508
Data_omni/002710_lcam_front_lidar.ply,0.25,800,0.8,0.14473,-0.02126,1,0.03232,0.99997,0.08715
Data_omni/002711_lcam_front_lidar.ply,0.25,800,0.8,0.15418,-0.00945,1,0.03823,1.0,0.07536
Data_omni/002712_lcam_front_lidar.ply,0.25,800,0.8,0.14948,0.00039,1,0.04979,1.0,0.0788
Data_omni/002713_lcam_front_lidar.ply,0.3,800,0.8,0.17371,-0.00583,1,0.05522,0.99991,0.10207
Data_omni/002714_lcam_front_lidar.ply,0.3,800,0.8,0.16328,0.00337,1,0.05656,0.99995,0.08639
Data_omni/002715_lcam_front_lidar.ply,0.25,800,0.8,0.15782,-0.00032,1,0.0377,0.9999,0.05602
Data_omni/002716_lcam_front_lidar.ply,0.25,800,0.8,0.15535,0.00417,1,0.0525,0.99997,0.0767
Data_omni/002717_lcam_front_lidar.ply,0.3,800,0.8,0.13515,-0.01522,1,0.04331,0.99993,0.09705
Data_omni/002718_lcam_front_lidar.ply,0.3,800,0.8,0.14905,0.0077,1,0.07191,0.99984,0.10838
Data_omni/002719_lcam_front_lidar.ply,0.3,800,0.8,0.17914,-0.09913,1,0.00756,0.99916,0.19317
Data_omni/002720_lcam_front_lidar.ply,0.25,800,0.8,0.11557,0.05956,1,0.10169,0.99997,0.06451
Data_omni/002721_lcam_front_lidar.ply,0.3,800,0.8,0.14097,-0.07304,1,0.00602,0.99412,0.13635
Data_omni/002722_lcam_front_lidar.ply,0.3,800,0.8,0.12617,-0.09673,1,0.00814,0.96313,0.18043
Data_omni/002723_lcam_front_lidar.ply,0.3,800,0.8,0.14967,0.06623,1,0.12465,0.99999,0.1079
Data_omni/002724_lcam_front_lidar.ply,0.25,800,0.8,0.14186,0.05759,1,0.11239,0.99999,0.0896
Data_omni/002725_lcam_front_lidar.ply,0.25,800,0.8,0.1395,0.04884,1,0.10075,0.99997,0.08382
Data_omni/002726_lcam_front_lidar.ply,0.25,800,0.8,0.18566,0.04844,1,0.10573,0.99998,0.09459
Data_omni/002727_lcam_front_lidar.ply,0.25,800,0.8,0.14238,0.03345,1,0.09024,0.99995,0.09356
Data_omni/002728_lcam_front_lidar.ply,0.25,800,0.8,0.13239,0.02949,1,0.08928,0.99996,0.09958
Data_omni/002729_lcam_front_lidar.ply,0.25,800,0.8,0.16119,0.00457,1,0.06711,0.99983,0.10505
Data_omni/002730_lcam_front_lidar.ply,0.25,800,0.8,0.16183,0.00168,1,0.06624,0.99974,0.10908
Data_omni/002731_lcam_front_lidar.ply,0.25,800,0.8,0.17216,0.00462,1,0.06607,0.99979,0.10292
Data_omni/002732_lcam_front_lidar.ply,0.25,800,0.8,0.15827,0.01368,1,0.07438,0.99983,0.10141
Data_omni/002733_lcam_front_lidar.ply,0.25,800,0.8,0.1741,0.00536,1,0.0633,0.99985,0.09589
Data_omni/002734_lcam_front_lidar.ply,0.25,800,0.8,0.15874,0.00382,1,0.05553,0.9999,0.08345
Data_omni/002735_lcam_front_lidar.ply,0.25,800,0.8,0.17025,0.00634,1,0.06695,0.99964,0.10114
Data_omni/002736_lcam_front_lidar.ply,0.25,800,0.8,0.17613,-0.01402,1,0.06463,0.99916,0.13716
Data_omni/002737_lcam_front_lidar.ply,0.25,800,0.88,0.17747,-0.00132,1,0.05436,0.99956,0.09148
Data_omni/002738_lcam_front_lidar.ply,0.25,800,0.88,0.2562,0.0004,1,0.04159,1.0,0.06251
Data_omni/002739_lcam_front_lidar.ply,0.25,800,0.88,0.19081,-0.16,1,0.0,0.0,0.0
Data_omni/002740_lcam_front_lidar.ply,0.25,800,0.88,0.18255,-0.01,1,0.0,0.0,0.0
Data_omni/002741_lcam_front_lidar.ply,0.25,800,0.88,0.2434,0.12868,1,0.04806,0.99988,0.11872
Data_omni/002742_lcam_front_lidar.ply,0.25,800,0.88,0.20667,-0.01242,1,0.06278,0.99989,0.13041
Data_omni/002743_lcam_front_lidar.ply,0.25,800,0.88,0.20885,-0.00825,1,0.06209,0.99991,0.12069
Data_omni/002744_lcam_front_lidar.ply,0.25,800,0.88,0.24648,-0.01228,1,0.06159,0.9999,0.12774
Data_omni/002745_lcam_front_lidar.ply,0.25,800,0.88,0.20066,-0.01741,1,0.04858,0.99978,0.11195
Data_omni/002746_lcam_front_lidar.ply,0.25,800,0.88,0.1937,-0.00601,1,0.0611,0.9999,0.11424
Data_omni/002747_lcam_front_lidar.ply,0.25,800,0.88,0.20655,-0.00825,1,0.06002,0.99985,0.11652
Data_omni/002748_lcam_front_lidar.ply,0.25,800,0.88,0.20796,-0.03426,1,0.04962,0.99932,0.14759
Data_omni/002749_lcam_front_lidar.ply,0.25,800,0.88,0.24714,-0.01163,1,0.05938,0.99979,0.12216
Data_omni/002750_lcam_front_lidar.ply,0.25,800,0.88,0.2205,-0.0313,1,0.04638,0.99925,0.1352
Data_omni/002751_lcam_front_lidar.ply,0.25,800,0.88,0.19662,-0.00696,1,0.04353,0.99978,0.08115
Data_omni/002752_lcam_front_lidar.ply,0.25,800,0.88,0.22494,-0.02025,1,0.04467,0.99961,0.10978
Data_omni/002753_lcam_front_lidar.ply,0.25,800,0.88,0.20749,-0.03085,1,0.0449,0.99929,0.1314
Data_omni/002754_lcam_front_lidar.ply,0.25,800,0.88,0.20677,-0.03197,1,0.04521,0.9993,0.13436
Data_omni/002755_lcam_front_lidar.ply,0.25,800,0.88,0.21264,-0.0258,1,0.04503,0.99948,0.12172
Data_omni/002756_lcam_front_lidar.ply,0.25,800,0.8,0.2019,-0.02229,1,0.04422,0.99959,0.11306
Data_omni/002757_lcam_front_lidar.ply,0.25,800,0.8,0.25928,-0.04364,1,0.04807,0.99888,0.16321
Data_omni/002758_lcam_front_lidar.ply,0.25,800,0.88,0.20576,-0.03284,1,0.04708,0.99945,0.14001
Data_omni/002759_lcam_front_lidar.ply,0.25,800,0.88,0.19448,-0.00548,1,0.05935,0.99986,0.10978
Data_omni/002760_lcam_front_lidar.ply,0.25,800,0.88,0.26951,2e-05,1,0.05948,0.99993,0.09895
Data_omni/002761_lcam_front_lidar.ply,0.25,800,0.88,0.20657,0.00952,1,0.05988,0.99995,0.08072
Data_omni/002762_lcam_front_lidar.ply,0.25,800,0.8,0.2046,-0.00346,1,0.06206,0.99991,0.11104
Data_omni/002763_lcam_front_lidar.ply,0.25,800,0.88,0.22588,0.00176,1,0.06114,0.99993,0.09876
Data_omni/002764_lcam_front_lidar.ply,0.25,800,0.88,0.20922,0.00587,1,0.06358,0.99994,0.09542
Data_omni/002765_lcam_front_lidar.ply,0.25,800,0.88,0.2519,-0.01309,1,0.06578,0.99988,0.13773
Data_omni/002766_lcam_front_lidar.ply,0.25,800,0.8,0.2233,-0.00276,1,0.06416,0.99989,0.11383
Data_omni/002767_lcam_front_lidar.ply,0.25,800,0.88,0.18312,0.00773,1,0.04523,0.9999,0.055
Data_omni/002768_lcam_front_lidar.ply,0.25,800,0.88,0.27454,-0.00961,1,0.06036,0.99976,0.11991
Data_omni/002769_lcam_front_lidar.ply,0.25,800,0.88,0.1583,0.00592,1,0.0638,0.99989,0.09579
Data_omni/002770_lcam_front_lidar.ply,0.25,800,0.88,0.15141,-0.00045,1,0.06836,0.99966,0.11755
Data_omni/002771_lcam_front_lidar.ply,0.25,800,0.85,0.18396,0.00816,1,0.07154,0.99982,0.10681
Data_omni/002772_lcam_front_lidar.ply,0.25,800,0.85,0.14665,0.00924,1,0.06673,0.9998,0.09496
Data_omni/002773_lcam_front_lidar.ply,0.25,800,0.85,0.15744,0.0079,1,0.07525,0.99968,0.11467
Data_omni/002774_lcam_front_lidar.ply,0.25,800,0.85,0.21974,0.02539,1,0.09026,0.99966,0.10974
Data_omni/002775_lcam_front_lidar.ply,0.25,800,0.85,0.15533,0.04743,1,0.10107,0.99996,0.08737
Data_omni/002776_lcam_front_lidar.ply,0.25,800,0.85,0.15866,0.02078,1,0.077,0.99977,0.09239
Data_omni/002777_lcam_front_lidar.ply,0.3,800,0.93,0.20363,0.04606,1,0.10172,0.99998,0.09139
Data_omni/002778_lcam_front_lidar.ply,0.25,800,0.88,0.1666,0.0463,1,0.09844,0.99998,0.08429
Data_omni/002779_lcam_front_lidar.ply,0.3,800,0.88,0.14478,0.074,1,0.12279,0.99999,0.07759
Data_omni/002780_lcam_front_lidar.ply,0.3,800,0.88,0.14692,0.06446,1,0.11245,0.99999,0.07598
Data_omni/002781_lcam_front_lidar.ply,0.25,800,0.8,0.17731,0.06537,1,0.10862,0.99999,0.06652
Data_omni/002782_lcam_front_lidar.ply,0.25,800,0.8,0.18798,0.06474,1,0.10611,0.99999,0.06273
Data_omni/002783_lcam_front_lidar.ply,0.25,800,0.8,0.20341,0.01887,1,0.05996,0.99992,0.06216
Data_omni/002784_lcam_front_lidar.ply,0.25,800,0.8,0.2239,0.0614,1,0.1086,0.99999,0.07443
Data_omni/002785_lcam_front_lidar.ply,0.25,800,0.8,0.17975,0.00998,1,0.0575,0.99998,0.07504
Data_omni/002786_lcam_front_lidar.ply,0.25,800,0.8,0.15873,0.04284,1,0.08789,0.99998,0.07009
Data_omni/002787_lcam_front_lidar.ply,0.25,800,0.8,0.20456,0.04315,1,0.08509,0.99997,0.06387
Data_omni/002788_lcam_front_lidar.ply,0.25,800,0.8,0.13863,0.05205,1,0.09446,0.99997,0.06481
Data_omni/002789_lcam_front_lidar.ply,0.25,800,0.8,0.12405,0.05905,1,0.10327,0.99996,0.06843
Data_omni/002790_lcam_front_lidar.ply,0.3,800,0.8,0.12789,0.0526,1,0.1151,0.99986,0.10497
Data_omni/002791_lcam_front_lidar.ply,0.25,800,0.8,0.13628,0.05388,1,0.0991,0.99996,0.07046
Data_omni/002792_lcam_front_lidar.ply,0.3,500,0.8,0.16224,0.056,1,0.10136,0.99997,0.07073
Data_omni/002793_lcam_front_lidar.ply,0.3,800,0.8,0.11568,0.05633,1,0.10266,0.99997,0.07265
Data_omni/002794_lcam_front_lidar.ply,0.25,800,0.8,0.15833,0.04336,1,0.0838,0.99999,0.06088
Data_omni/002795_lcam_front_lidar.ply,0.25,800,0.8,0.15794,0.03016,1,0.07387,0.99999,0.06742
Data_omni/002796_lcam_front_lidar.ply,0.25,800,0.8,0.1039,0.05331,1,0.0923,0.99999,0.05799
Data_omni/002797_lcam_front_lidar.ply,0.25,800,0.8,0.11014,0.0517,1,0.08852,1.0,0.05363
Data_omni/002798_lcam_front_lidar.ply,0.25,800,0.8,0.11593,0.05617,1,0.09335,0.99999,0.05435
Data_omni/002799_lcam_front_lidar.ply,0.25,800,0.8,0.10457,0.06042,1,0.09829,0.99999,0.05574
Data_omni/002800_lcam_front_lidar.ply,0.25,800,0.8,0.097,0.05994,1,0.09879,0.99999,0.0577
Data_omni/002801_lcam_front_lidar.ply,0.25,800,0.8,0.09543,0.07265,1,0.11957,0.99994,0.07382
Data_omni/002802_lcam_front_lidar.ply,0.25,800,0.8,0.13217,0.08507,1,0.13027,0.99994,0.07041
Data_omni/002803_lcam_front_lidar.ply,0.25,800,0.8,0.09866,0.07552,1,0.12037,0.99996,0.0697
Data_omni/002804_lcam_front_lidar.ply,0.25,800,0.8,0.08916,0.07049,1,0.1143,0.99996,0.06761
Data_omni/002805_lcam_front_lidar.ply,0.25,800,0.8,0.09474,0.06685,1,0.10856,0.99996,0.06343
Data_omni/002806_lcam_front_lidar.ply,0.25,800,0.8,0.12398,0.07291,1,0.11292,0.99994,0.06003
Data_omni/002807_lcam_front_lidar.ply,0.25,800,0.8,0.1116,0.07237,1,0.11035,0.99997,0.05597
Data_omni/002808_lcam_front_lidar.ply,0.25,800,0.8,0.09992,0.07454,1,0.11769,0.99998,0.06631
Data_omni/002809_lcam_front_lidar.ply,0.25,800,0.8,0.11811,0.08329,1,0.12511,0.99999,0.06366
Data_omni/002810_lcam_front_lidar.ply,0.25,800,0.8,0.09535,0.07797,1,0.11746,1.0,0.05899
Data_omni/002811_lcam_front_lidar.ply,0.25,800,0.8,0.09523,0.07413,1,0.11662,1.0,0.06499
Data_omni/002812_lcam_front_lidar.ply,0.25,800,0.8,0.09455,0.07877,1,0.11865,0.99999,0.05974
Data_omni/002813_lcam_front_lidar.ply,0.25,800,0.8,0.1025,0.07902,1,0.11935,0.99999,0.06067
Data_omni/002814_lcam_front_lidar.ply,0.25,800,0.8,0.09503,0.08004,1,0.12028,0.99999,0.06048
Data_omni/002815_lcam_front_lidar.ply,0.25,800,0.8,0.10831,0.08128,1,0.12002,0.99999,0.05748
Data_omni/002816_lcam_front_lidar.ply,0.25,800,0.8,0.09745,0.08212,1,0.11843,0.99999,0.05262
Data_omni/002817_lcam_front_lidar.ply,0.25,800,0.8,0.10499,0.08571,1,0.12339,0.99999,0.05536
Data_omni/002818_lcam_front_lidar.ply,0.3,800,0.8,0.10278,0.09103,1,0.13909,0.99993,0.07612
Data_omni/002819_lcam_front_lidar.ply,0.3,800,0.85,0.12154,0.094,1,0.13359,1.0,0.05921
Data_omni/002820_lcam_front_lidar.ply,0.3,800,0.85,0.09059,0.10605,1,0.1643,0.99994,0.0965
Data_omni/002821_lcam_front_lidar.ply,0.3,800,0.85,0.08582,0.10129,1,0.17206,0.99991,0.12153
Data_omni/002822_lcam_front_lidar.ply,0.3,800,0.85,0.10983,0.10932,1,0.15832,0.99999,0.07802
Data_omni/002823_lcam_front_lidar.ply,0.3,800,0.85,0.11211,0.1124,1,0.15933,1.0,0.07387
Data_omni/002824_lcam_front_lidar.ply,0.25,800,0.8,0.10343,0.10872,1,0.15045,0.99998,0.06346
Data_omni/002825_lcam_front_lidar.ply,0.25,800,0.8,0.09371,0.09295,1,0.12697,0.99999,0.04805
Data_omni/002826_lcam_front_lidar.ply,0.25,800,0.85,0.11156,0.08064,1,0.11266,0.99999,0.04404
Data_omni/002827_lcam_front_lidar.ply,0.25,800,0.85,0.10118,0.09223,1,0.12471,0.99999,0.04495
Data_omni/002828_lcam_front_lidar.ply,0.25,800,0.85,0.10169,0.09435,1,0.12674,0.99999,0.04478
Data_omni/002829_lcam_front_lidar.ply,0.25,800,0.93,0.09425,0.09803,1,0.13542,0.99999,0.05478
Data_omni/002830_lcam_front_lidar.ply,0.25,800,0.93,0.07882,0.09817,1,0.13761,0.99999,0.05888
Data_omni/002831_lcam_front_lidar.ply,0.25,800,0.8,0.08234,0.11182,1,0.15349,0.99998,0.06335
Data_omni/002832_lcam_front_lidar.ply,0.25,800,0.8,0.12816,0.10609,1,0.14219,0.99999,0.05221
Data_omni/002833_lcam_front_lidar.ply,0.25,800,0.8,0.07918,0.11163,1,0.14551,0.99999,0.04776
Data_omni/002834_lcam_front_lidar.ply,0.25,800,0.8,0.09507,0.09186,1,0.12682,0.99999,0.04993
Data_omni/002835_lcam_front_lidar.ply,0.25,800,0.8,0.09224,0.09323,1,0.12641,0.99999,0.04636
Data_omni/002836_lcam_front_lidar.ply,0.25,800,0.8,0.10266,0.09972,1,0.13306,0.99999,0.04668
Data_omni/002837_lcam_front_lidar.ply,0.25,800,0.8,0.08262,0.0945,1,0.12842,0.99998,0.04782
Data_omni/002838_lcam_front_lidar.ply,0.25,800,0.8,0.08259,0.10044,1,0.13507,0.99997,0.04927
Data_omni/002839_lcam_front_lidar.ply,0.25,800,0.8,0.0816,0.10542,1,0.14604,0.99998,0.06123
Data_omni/002840_lcam_front_lidar.ply,0.25,800,0.8,0.07956,0.10512,1,0.14753,0.99996,0.06481
Data_omni/002841_lcam_front_lidar.ply,0.25,800,0.8,0.13564,0.10202,1,0.14531,0.99993,0.06658
Data_omni/002842_lcam_front_lidar.ply,0.25,800,0.8,0.08273,0.09968,1,0.14336,0.99992,0.06737
Data_omni/002843_lcam_front_lidar.ply,0.25,800,0.8,0.0794,0.08524,1,0.12407,0.99995,0.05767
Data_omni/002844_lcam_front_lidar.ply,0.25,800,0.8,0.07906,0.08823,1,0.13163,0.99995,0.06679
Data_omni/002845_lcam_front_lidar.ply,0.25,800,0.8,0.08551,0.04372,1,0.08655,0.99991,0.06564
Data_omni/002846_lcam_front_lidar.ply,0.25,800,0.8,0.12243,0.1179,1,0.15831,0.99994,0.06083
Data_omni/002847_lcam_front_lidar.ply,0.25,800,0.8,0.09664,0.03531,1,0.07868,0.99994,0.06673
Data_omni/002848_lcam_front_lidar.ply,0.25,800,0.8,0.08606,0.05111,1,0.09269,0.99985,0.06313
Data_omni/002849_lcam_front_lidar.ply,0.25,800,0.8,0.09435,0.06486,1,0.10667,0.99994,0.06364
Data_omni/002850_lcam_front_lidar.ply,0.25,800,0.8,0.09573,0.06874,1,0.1077,0.99992,0.05791
Data_omni/002851_lcam_front_lidar.ply,0.25,800,0.8,0.1106,0.06273,1,0.09851,0.99994,0.05156
Data_omni/002852_lcam_front_lidar.ply,0.25,800,0.8,0.07516,0.06742,1,0.10449,0.99995,0.05415
Data_omni/002853_lcam_front_lidar.ply,0.25,800,0.8,0.08248,0.06161,1,0.10106,0.99992,0.05889
Data_omni/002854_lcam_front_lidar.ply,0.25,800,0.8,0.09945,0.06057,1,0.0975,0.99985,0.05385
Data_omni/002855_lcam_front_lidar.ply,0.25,800,0.8,0.1506,0.05834,1,0.09338,0.99993,0.0501
Data_omni/002856_lcam_front_lidar.ply,0.25,800,0.8,0.10641,0.05809,1,0.09866,0.99997,0.06115
Data_omni/002857_lcam_front_lidar.ply,0.25,800,0.8,0.1106,0.06108,1,0.10158,1.0,0.06101
Data_omni/002858_lcam_front_lidar.ply,0.25,800,0.8,0.12429,0.05018,1,0.08814,0.99997,0.05591
Data_omni/002859_lcam_front_lidar.ply,0.25,800,0.8,0.14793,0.0494,1,0.08989,0.99995,0.06098
Data_omni/002860_lcam_front_lidar.ply,0.25,800,0.8,0.11791,0.06595,1,0.10574,0.99996,0.05957
Data_omni/002861_lcam_front_lidar.ply,0.25,800,0.8,0.11342,0.06172,1,0.10194,0.99996,0.06043
Data_omni/002862_lcam_front_lidar.ply,0.25,800,0.8,0.11256,0.06061,1,0.10237,0.99996,0.06351
Data_omni/002863_lcam_front_lidar.ply,0.25,800,0.8,0.13449,0.05895,1,0.10276,0.99997,0.06763
Data_omni/002864_lcam_front_lidar.ply,0.25,800,0.8,0.10665,0.04836,1,0.09297,0.99996,0.0692
Data_omni/002865_lcam_front_lidar.ply,0.25,800,0.8,0.10528,0.06057,1,0.10158,0.99994,0.06201
Data_omni/002866_lcam_front_lidar.ply,0.25,800,0.8,0.10923,-0.01803,1,0.22278,0.02328,0.16863
Data_omni/002867_lcam_front_lidar.ply,0.25,800,0.8,0.12656,0.20257,1,0.10014,0.99996,0.06814
Data_omni/002868_lcam_front_lidar.ply,0.25,800,0.8,0.12098,0.05875,1,0.10073,0.99996,0.06396
Data_omni/002869_lcam_front_lidar.ply,0.25,800,0.8,0.10419,-0.01721,1,0.22047,0.02886,0.16404
Data_omni/002870_lcam_front_lidar.ply,0.25,800,0.8,0.09426,0.18741,1,0.08619,0.99995,0.06887
Data_omni/002871_lcam_front_lidar.ply,0.25,800,0.8,0.14351,-0.00954,1,0.2302,0.03479,0.16992
Data_omni/002872_lcam_front_lidar.ply,0.25,800,0.8,0.10117,0.18304,1,0.08488,0.99986,0.0732
Data_omni/002873_lcam_front_lidar.ply,0.25,800,0.8,0.109,0.04157,1,0.09257,0.99979,0.08198
Data_omni/002874_lcam_front_lidar.ply,0.25,800,0.8,0.11158,0.02262,1,0.08743,0.99964,0.10958
Data_omni/002875_lcam_front_lidar.ply,0.25,800,0.8,0.13409,0.02614,1,0.085,0.99956,0.09769
Data_omni/002876_lcam_front_lidar.ply,0.25,800,0.8,0.11111,0.01406,1,0.0817,0.99932,0.1152
Data_omni/002877_lcam_front_lidar.ply,0.25,800,0.8,0.12519,0.00653,1,0.04696,0.99973,0.06097
Data_omni/002878_lcam_front_lidar.ply,0.25,800,0.8,0.1107,0.01553,1,0.2546,0.01802,0.16363
Data_omni/002879_lcam_front_lidar.ply,0.25,800,0.8,0.15797,0.14836,1,0.0776,0.99954,0.13293
Data_omni/002880_lcam_front_lidar.ply,0.25,800,0.8,0.11042,-0.01591,1,0.04417,0.999,0.1
Data_omni/002881_lcam_front_lidar.ply,0.25,800,0.8,0.11791,0.01283,1,0.26114,0.03004,0.18594
Data_omni/002882_lcam_front_lidar.ply,0.25,800,0.8,0.11517,0.14305,1,0.2397,0.00795,0.16666
Data_omni/002883_lcam_front_lidar.ply,0.25,800,0.8,0.13358,0.16382,1,0.26492,0.03173,0.18934
Data_omni/002884_lcam_front_lidar.ply,0.25,800,0.8,0.1186,0.15286,1,0.25903,0.03141,0.19225
Data_omni/002885_lcam_front_lidar.ply,0.25,800,0.8,0.1416,0.14921,1,0.25723,0.03308,0.19654
Data_omni/002886_lcam_front_lidar.ply,0.25,800,0.8,0.10317,0.14164,1,0.25053,0.0351,0.19837
Data_omni/002887_lcam_front_lidar.ply,0.25,800,0.8,0.11294,0.14267,1,0.25234,0.03319,0.19876
Data_omni/002888_lcam_front_lidar.ply,0.25,800,0.8,0.14211,0.13938,1,0.2478,0.04012,0.19891
Data_omni/002889_lcam_front_lidar.ply,0.25,800,0.8,0.14318,0.14062,1,0.24848,0.044,0.19689
Data_omni/002890_lcam_front_lidar.ply,0.25,800,0.8,0.1486,-0.0166,1,0.0,0.0,0.0
Data_omni/002891_lcam_front_lidar.ply,0.25,800,0.8,0.12298,0.15062,1,0.25083,0.05093,0.1957
Data_omni/002892_lcam_front_lidar.ply,0.25,800,0.8,0.13548,0.12925,1,0.2354,0.02405,0.18423
Data_omni/002893_lcam_front_lidar.ply,0.25,800,0.8,0.11194,0.15637,1,0.26044,0.05131,0.1963
Data_omni/002894_lcam_front_lidar.ply,0.25,800,0.8,0.10821,0.15225,1,0.26151,0.05316,0.19909
Data_omni/002895_lcam_front_lidar.ply,0.25,800,0.8,0.11068,-0.01797,1,0.0,0.0,0.0
Data_omni/002896_lcam_front_lidar.ply,0.25,800,0.8,0.12119,0.1451,1,0.2472,0.03234,0.19391
Data_omni/002897_lcam_front_lidar.ply,0.25,800,0.8,0.13415,0.11665,1,0.04175,0.99931,0.12029
Data_omni/002898_lcam_front_lidar.ply,0.25,800,0.8,0.11421,-0.00263,1,0.25246,0.03344,0.20041
Data_omni/002899_lcam_front_lidar.ply,0.25,800,0.8,0.11793,0.14271,1,0.25353,0.03301,0.20152
Data_omni/002900_lcam_front_lidar.ply,0.25,800,0.8,0.11377,0.14056,1,0.25209,0.02731,0.20136
Data_omni/002901_lcam_front_lidar.ply,0.25,800,0.8,0.17682,0.14325,1,0.25429,0.02633,0.20179
Data_omni/002902_lcam_front_lidar.ply,0.25,800,0.8,0.12786,0.14414,1,0.25639,0.02538,0.2042
Data_omni/002903_lcam_front_lidar.ply,0.25,800,0.8,0.167,0.14481,1,0.25862,0.02821,0.20847
Data_omni/002904_lcam_front_lidar.ply,0.25,800,0.8,0.12236,0.14529,1,0.2613,0.02582,0.21129
Data_omni/002905_lcam_front_lidar.ply,0.25,800,0.8,0.11277,0.14724,1,0.2625,0.02123,0.20914
Data_omni/002906_lcam_front_lidar.ply,0.25,800,0.8,0.13058,0.14906,1,0.26438,0.01975,0.21019
Data_omni/002907_lcam_front_lidar.ply,0.25,800,0.8,0.1347,0.14568,1,0.26066,0.0185,0.20959
Data_omni/002908_lcam_front_lidar.ply,0.25,800,0.8,0.27602,0.15061,1,0.26449,0.01511,0.20672
Data_omni/002909_lcam_front_lidar.ply,0.25,800,0.8,0.1562,0.15195,1,0.26563,0.0125,0.20657
Data_omni/002910_lcam_front_lidar.ply,0.25,800,0.8,0.1435,0.15366,1,0.26625,0.01205,0.20504
Data_omni/002911_lcam_front_lidar.ply,0.25,800,0.8,0.16504,0.14409,1,0.26005,0.00741,0.21053
Data_omni/002912_lcam_front_lidar.ply,0.25,800,0.8,0.1932,-0.01111,1,0.0,0.0,0.0
Data_omni/002913_lcam_front_lidar.ply,0.25,800,0.8,0.17261,-0.01,1,0.0,0.0,0.0
Data_omni/002914_lcam_front_lidar.ply,0.25,800,0.8,0.24599,-0.01,1,0.0,0.0,0.0
Data_omni/002915_lcam_front_lidar.ply,0.25,800,0.8,0.15914,-0.01,1,0.0,0.0,0.0
Data_omni/002916_lcam_front_lidar.ply,0.25,800,0.8,0.23244,0.17406,1,0.04438,1.0,0.02064
Data_omni/002917_lcam_front_lidar.ply,0.25,800,0.8,0.27547,0.01136,1,0.02906,1.0,0.01539
Data_omni/002918_lcam_front_lidar.ply,0.25,800,0.8,0.23716,0.01411,1,0.07405,1.0,0.09987
Data_omni/002919_lcam_front_lidar.ply,0.25,800,0.8,0.18516,0.00076,1,0.01879,1.0,0.01606
Data_omni/002920_lcam_front_lidar.ply,0.25,800,0.8,0.31503,0.03778,1,0.09344,0.99999,0.09133
Data_omni/002921_lcam_front_lidar.ply,0.25,800,0.9,0.2105,-0.16,1,0.0,0.0,0.0
Data_omni/002922_lcam_front_lidar.ply,0.25,800,0.8,0.48314,0.15127,1,0.01879,1.0,0.01504
Data_omni/002923_lcam_front_lidar.ply,0.25,800,0.8,0.32942,-0.16,1,0.0,0.0,0.0
Data_omni/002924_lcam_front_lidar.ply,0.25,800,0.8,0.38801,0.14848,1,0.01798,0.99999,0.019
Data_omni/002925_lcam_front_lidar.ply,0.25,800,0.93,0.24676,0.03006,1,0.04995,1.0,0.01979
Data_omni/002926_lcam_front_lidar.ply,0.3,800,0.93,0.34116,-0.00284,1,0.01619,1.0,0.01806
Data_omni/002927_lcam_front_lidar.ply,0.25,800,0.93,0.24114,-0.16,1,0.0,0.0,0.0
Data_omni/002928_lcam_front_lidar.ply,0.25,800,0.93,0.22067,-0.01,1,0.0,0.0,0.0
Data_omni/002929_lcam_front_lidar.ply,0.25,800,0.93,0.2128,-0.01,1,0.0,0.0,0.0
Data_omni/002930_lcam_front_lidar.ply,0.25,800,0.93,0.37283,-0.01,1,0.0,0.0,0.0
Data_omni/002931_lcam_front_lidar.ply,0.25,800,0.8,0.28035,-0.01,1,0.0,0.0,0.0
Data_omni/002932_lcam_front_lidar.ply,0.25,800,0.93,0.44922,-0.01,1,0.0,0.0,0.0
Data_omni/002933_lcam_front_lidar.ply,0.25,800,0.85,0.35781,-0.01,1,0.0,0.0,0.0
Data_omni/002934_lcam_front_lidar.ply,0.25,800,0.93,0.30356,0.17961,1,0.05325,1.0,0.02727
Data_omni/002935_lcam_front_lidar.ply,0.25,800,0.85,0.1973,-0.16,1,0.0,0.0,0.0
Data_omni/002936_lcam_front_lidar.ply,0.25,800,0.93,0.20218,-0.01,1,0.0,0.0,0.0
Data_omni/002937_lcam_front_lidar.ply,0.25,800,0.85,0.29144,0.14268,1,0.06324,0.99995,0.12111
Data_omni/002938_lcam_front_lidar.ply,0.25,800,0.85,0.26882,-0.15999,1,0.0,0.0,0.0
Data_omni/002939_lcam_front_lidar.ply,0.25,800,0.93,0.20693,-0.01,1,0.0,0.0,0.0
Data_omni/002940_lcam_front_lidar.ply,0.25,800,0.85,0.19809,-0.01,1,0.0,0.0,0.0
Data_omni/002941_lcam_front_lidar.ply,0.25,800,0.93,0.20838,-0.01,1,0.0,0.0,0.0
Data_omni/002942_lcam_front_lidar.ply,0.25,800,0.93,0.19191,-0.01,1,0.0,0.0,0.0
Data_omni/002943_lcam_front_lidar.ply,0.25,800,0.8,0.21515,-0.01,1,0.0,0.0,0.0
Data_omni/002944_lcam_front_lidar.ply,0.25,800,0.85,0.20375,-0.01,1,0.0,0.0,0.0
Data_omni/002945_lcam_front_lidar.ply,0.25,800,0.88,0.21487,-0.01,1,0.0,0.0,0.0
Data_omni/002946_lcam_front_lidar.ply,0.25,800,0.93,0.22232,-0.01,1,0.0,0.0,0.0
Data_omni/002947_lcam_front_lidar.ply,0.25,800,0.93,0.18396,-0.01,1,0.0,0.0,0.0
Data_omni/002948_lcam_front_lidar.ply,0.25,800,0.93,0.20174,-0.01,1,0.0,0.0,0.0
Data_omni/002949_lcam_front_lidar.ply,0.25,800,0.8,0.31001,-0.01,1,0.0,0.0,0.0
Data_omni/002950_lcam_front_lidar.ply,0.25,800,0.8,0.27333,-0.01,1,0.0,0.0,0.0
Data_omni/002951_lcam_front_lidar.ply,0.25,800,0.8,0.20565,-0.01,1,0.0,0.0,0.0
Data_omni/002952_lcam_front_lidar.ply,0.25,800,0.8,0.30401,-0.01,1,0.0,0.0,0.0
Data_omni/002953_lcam_front_lidar.ply,0.25,800,0.8,0.18496,0.14574,1,0.21859,0.03038,0.13482
Data_omni/002954_lcam_front_lidar.ply,0.25,800,0.8,0.20742,0.1427,1,0.21577,0.02965,0.12592
Data_omni/002955_lcam_front_lidar.ply,0.25,800,0.8,0.23971,0.14354,1,0.21762,0.02608,0.12708
Data_omni/002956_lcam_front_lidar.ply,0.25,800,0.8,0.14602,0.15115,1,0.21883,0.02396,0.11472
Data_omni/002957_lcam_front_lidar.ply,0.25,800,0.8,0.17231,0.15625,1,0.22377,0.0223,0.11455
Data_omni/002958_lcam_front_lidar.ply,0.25,800,0.8,0.28116,0.15188,1,0.21655,0.02775,0.11097
Data_omni/002959_lcam_front_lidar.ply,0.25,800,0.8,0.15791,0.15485,1,0.21771,0.03096,0.10669
Data_omni/002960_lcam_front_lidar.ply,0.25,800,0.8,0.15792,0.15138,1,0.2088,0.02328,0.09253
Data_omni/002961_lcam_front_lidar.ply,0.25,800,0.8,0.12633,0.22267,1,0.10943,0.99987,0.0465
Data_omni/002962_lcam_front_lidar.ply,0.25,800,0.8,0.1401,0.09196,1,0.12633,0.99995,0.04877
Data_omni/002963_lcam_front_lidar.ply,0.25,800,0.85,0.10008,0.09612,1,0.12847,0.99991,0.04469
Data_omni/002964_lcam_front_lidar.ply,0.25,800,0.93,0.10839,0.08457,1,0.11358,0.9999,0.03801
Data_omni/002965_lcam_front_lidar.ply,0.25,800,0.93,0.10492,0.08387,1,0.11283,0.9999,0.03793
Data_omni/002966_lcam_front_lidar.ply,0.25,800,0.93,0.10037,0.10849,1,0.15138,0.99986,0.06577
Data_omni/002967_lcam_front_lidar.ply,0.25,800,0.93,0.09491,0.09919,1,0.13515,0.99988,0.05192
Data_omni/002968_lcam_front_lidar.ply,0.25,800,0.93,0.09157,0.09245,1,0.1308,0.9999,0.0567
Data_omni/002969_lcam_front_lidar.ply,0.25,800,0.93,0.11055,0.0884,1,0.12214,0.99995,0.04749
Data_omni/002970_lcam_front_lidar.ply,0.25,800,0.93,0.11646,0.09347,1,0.12756,0.99995,0.04817
Data_omni/002971_lcam_front_lidar.ply,0.25,800,0.93,0.11077,0.0978,1,0.13215,0.99998,0.04871
Data_omni/002972_lcam_front_lidar.ply,0.25,800,0.88,0.1324,0.10865,1,0.14433,0.99999,0.05135
Data_omni/002973_lcam_front_lidar.ply,0.25,800,0.88,0.16632,0.10878,1,0.14055,0.99999,0.04353
Data_omni/002974_lcam_front_lidar.ply,0.25,800,0.88,0.13735,0.11432,1,0.14566,0.99999,0.04268
Data_omni/002975_lcam_front_lidar.ply,0.25,800,0.88,0.1122,0.10389,1,0.1356,0.99999,0.04341
Data_omni/002976_lcam_front_lidar.ply,0.25,800,0.88,0.10749,0.11947,1,0.1576,0.99999,0.05627
Data_omni/002977_lcam_front_lidar.ply,0.25,800,0.88,0.13147,0.10388,1,0.13212,0.99999,0.03648
Data_omni/002978_lcam_front_lidar.ply,0.25,800,0.88,0.0996,0.12244,1,0.15778,0.99997,0.05067
Data_omni/002979_lcam_front_lidar.ply,0.25,800,0.88,0.10807,0.1062,1,0.1379,0.99999,0.0434
Data_omni/002980_lcam_front_lidar.ply,0.25,800,0.88,0.09694,0.11648,1,0.15415,0.99998,0.05533
Data_omni/002981_lcam_front_lidar.ply,0.25,800,0.88,0.1236,0.11755,1,0.1595,0.99998,0.06389
Data_omni/002982_lcam_front_lidar.ply,0.25,800,0.88,0.09332,0.11621,1,0.1563,0.99998,0.06018
Data_omni/002983_lcam_front_lidar.ply,0.25,800,0.85,0.10031,0.10833,1,0.14944,0.99996,0.06222
Data_omni/002984_lcam_front_lidar.ply,0.25,800,0.88,0.09901,0.10041,1,0.14614,0.99996,0.07146
Data_omni/002985_lcam_front_lidar.ply,0.25,800,0.8,0.1159,0.10254,1,0.14763,0.99996,0.07018
Data_omni/002986_lcam_front_lidar.ply,0.25,800,0.8,0.09812,0.1104,1,0.14593,0.99996,0.05105
Data_omni/002987_lcam_front_lidar.ply,0.25,800,0.85,0.11295,0.09054,1,0.12331,0.99993,0.04553
Data_omni/002988_lcam_front_lidar.ply,0.25,800,0.85,0.10099,0.09073,1,0.12152,0.99995,0.0416
Data_omni/002989_lcam_front_lidar.ply,0.25,800,0.85,0.12001,0.09379,1,0.12418,0.99996,0.04078
Data_omni/002990_lcam_front_lidar.ply,0.25,800,0.85,0.14279,0.09142,1,0.12225,0.99996,0.04167
Data_omni/002991_lcam_front_lidar.ply,0.25,800,0.85,0.10906,0.08403,1,0.11573,0.99996,0.0434
Data_omni/002992_lcam_front_lidar.ply,0.25,800,0.93,0.1443,0.07893,1,0.11046,0.99996,0.04308
Data_omni/002993_lcam_front_lidar.ply,0.25,800,0.93,0.14056,0.06909,1,0.10134,0.99995,0.0445
Data_omni/002994_lcam_front_lidar.ply,0.25,800,0.93,0.17479,0.09226,1,0.12387,0.99997,0.04322
Data_omni/002995_lcam_front_lidar.ply,0.25,800,0.93,0.18448,0.06088,1,0.09511,0.99996,0.04845
Data_omni/002996_lcam_front_lidar.ply,0.25,800,0.93,0.28255,0.05677,1,0.09158,0.99996,0.04961
Data_omni/002997_lcam_front_lidar.ply,0.25,800,0.93,0.23801,0.05855,1,0.09317,0.99995,0.04924
Data_omni/002998_lcam_front_lidar.ply,0.25,800,0.93,0.39955,0.06838,1,0.10273,0.99998,0.0487
Data_omni/002999_lcam_front_lidar.ply,0.25,800,0.93,0.2312,-0.16,1,0.0,0.0,0.0
Data_omni/003000_lcam_front_lidar.ply,0.25,800,0.93,0.36483,0.04107,1,0.08894,0.01344,0.07978
Data_omni/003001_lcam_front_lidar.ply,0.25,800,0.93,0.44927,0.19045,1,0.08349,0.99998,0.06205
Data_omni/003002_lcam_front_lidar.ply,0.25,50,0.93,2.87921,-0.0113,1,0.00441,0.99552,0.01008
Data_omni/003003_lcam_front_lidar.ply,0.25,50,0.93,2.08165,-0.00824,1,0.00438,0.99838,0.00611
Data_omni/003004_lcam_front_lidar.ply,0.25,50,0.93,2.63636,-0.01407,1,0.00918,0.99781,0.02632
Data_omni/003005_lcam_front_lidar.ply,0.25,50,0.93,2.38829,-0.00869,1,0.00434,0.99838,0.00624
Data_omni/003006_lcam_front_lidar.ply,0.25,50,0.93,2.97984,-0.01098,1,0.00877,0.99935,0.01978
Data_omni/003007_lcam_front_lidar.ply,0.25,50,0.93,3.0992,-0.00909,1,0.00425,0.99838,0.00639
Data_omni/003008_lcam_front_lidar.ply,0.25,50,0.93,2.57191,-0.00886,1,0.00434,0.99837,0.00639
Data_omni/003009_lcam_front_lidar.ply,0.25,50,0.93,2.76571,-0.00447,1,0.00871,0.99993,0.00683
Data_omni/003010_lcam_front_lidar.ply,0.25,50,0.93,2.31867,-0.00911,1,0.00437,0.99836,0.00648
Data_omni/003011_lcam_front_lidar.ply,0.25,50,0.93,2.36194,-0.00463,1,0.00865,0.99993,0.00702
Data_omni/003012_lcam_front_lidar.ply,0.25,50,0.93,2.84733,-0.00499,1,0.00857,0.99994,0.00712
Data_omni/003013_lcam_front_lidar.ply,0.25,50,0.93,2.94292,-0.00513,1,0.00846,0.99994,0.00717
Data_omni/003014_lcam_front_lidar.ply,0.25,50,0.93,2.74747,-0.01249,1,0.00831,0.99945,0.02144
Data_omni/003015_lcam_front_lidar.ply,0.25,50,0.93,2.5323,-0.02022,1,0.0082,0.99848,0.03656
Data_omni/003016_lcam_front_lidar.ply,0.25,50,0.93,2.76909,-0.0128,1,0.00812,0.99946,0.02213
Data_omni/003017_lcam_front_lidar.ply,0.25,50,0.93,2.40517,-0.01803,1,0.00903,0.99951,0.03413
Data_omni/003018_lcam_front_lidar.ply,0.25,50,0.93,3.17104,-0.00576,1,0.00788,0.99994,0.00742
Data_omni/003019_lcam_front_lidar.ply,0.25,50,0.93,2.60641,-0.01346,1,0.00793,0.9995,0.02265
Data_omni/003020_lcam_front_lidar.ply,0.25,50,0.93,2.52255,-0.00569,1,0.00798,0.99994,0.00747
Data_omni/003021_lcam_front_lidar.ply,0.25,50,0.93,2.22234,-0.00573,1,0.00794,0.99994,0.00734
Data_omni/003022_lcam_front_lidar.ply,0.25,50,0.93,2.25784,-0.00568,1,0.00795,0.99994,0.00726
Data_omni/003023_lcam_front_lidar.ply,0.25,50,0.93,2.28898,-0.02021,1,0.00792,0.99849,0.03583
Data_omni/003024_lcam_front_lidar.ply,0.25,50,0.93,2.17341,-0.00524,1,0.00809,0.99994,0.0071
Data_omni/003025_lcam_front_lidar.ply,0.25,50,0.93,2.54714,-0.00519,1,0.00831,0.99994,0.00701
Data_omni/003026_lcam_front_lidar.ply,0.25,50,0.93,1.87911,-0.00478,1,0.00859,0.99994,0.00674
Data_omni/003027_lcam_front_lidar.ply,0.25,50,0.93,2.27676,-0.00422,1,0.00908,0.99993,0.00661
Data_omni/003028_lcam_front_lidar.ply,0.25,50,0.93,1.71227,-0.01086,1,0.00897,0.99939,0.0195
Data_omni/003029_lcam_front_lidar.ply,0.25,50,0.93,1.85486,-0.00373,1,0.00939,0.99993,0.0064
Data_omni/003030_lcam_front_lidar.ply,0.25,50,0.93,1.64721,-0.00345,1,0.00974,0.99993,0.00638
Data_omni/003031_lcam_front_lidar.ply,0.25,800,0.93,0.27411,0.04571,1,0.08683,0.99998,0.06226
Data_omni/003032_lcam_front_lidar.ply,0.25,800,0.88,0.2154,0.04677,1,0.08421,0.99998,0.05488
Data_omni/003033_lcam_front_lidar.ply,0.25,800,0.88,0.22159,0.04959,1,0.08267,0.99999,0.04617
Data_omni/003034_lcam_front_lidar.ply,0.25,800,0.88,0.18499,-0.16,1,0.0,0.0,0.0
Data_omni/003035_lcam_front_lidar.ply,0.25,800,0.88,0.24232,0.21244,1,0.09991,0.99996,0.05493
Data_omni/003036_lcam_front_lidar.ply,0.25,800,0.88,0.15787,0.05075,1,0.08233,0.99993,0.04316
Data_omni/003037_lcam_front_lidar.ply,0.25,800,0.88,0.20996,0.05835,1,0.09493,0.99996,0.05317
Data_omni/003038_lcam_front_lidar.ply,0.25,800,0.88,0.15868,0.04882,1,0.08672,0.99996,0.0558
Data_omni/003039_lcam_front_lidar.ply,0.25,800,0.88,0.20075,0.05429,1,0.08857,0.99993,0.04854
Data_omni/003040_lcam_front_lidar.ply,0.25,800,0.88,0.14307,0.06698,1,0.10377,0.99994,0.05359
Data_omni/003041_lcam_front_lidar.ply,0.25,800,0.88,0.15873,0.06484,1,0.1015,0.99993,0.05332
Data_omni/003042_lcam_front_lidar.ply,0.25,800,0.88,0.1624,0.03042,1,0.06805,0.99998,0.05527
Data_omni/003043_lcam_front_lidar.ply,0.25,800,0.88,0.15502,0.03146,1,0.08117,0.99984,0.07938
Data_omni/003044_lcam_front_lidar.ply,0.25,800,0.88,0.18963,0.05171,1,0.09941,0.99995,0.07544
Data_omni/003045_lcam_front_lidar.ply,0.25,800,0.88,0.15476,0.03695,1,0.08472,0.99992,0.07553
Data_omni/003046_lcam_front_lidar.ply,0.25,800,0.88,0.2538,0.02047,1,0.04443,0.99983,0.0279
Data_omni/003047_lcam_front_lidar.ply,0.25,800,0.93,0.21895,0.01794,1,0.04103,0.99983,0.02617
Data_omni/003048_lcam_front_lidar.ply,0.25,800,0.88,0.31927,0.01381,1,0.0386,0.99972,0.02954
Data_omni/003049_lcam_front_lidar.ply,0.25,800,0.93,0.24794,-0.15996,1,0.0,0.0,0.0
Data_omni/003050_lcam_front_lidar.ply,0.25,800,0.88,0.26735,-0.01,1,0.0,0.0,0.0
Data_omni/003051_lcam_front_lidar.ply,0.25,800,0.88,0.24275,-0.01,1,0.0,0.0,0.0
Data_omni/003052_lcam_front_lidar.ply,0.25,800,0.88,0.25004,0.11308,1,0.02681,0.99935,0.10727
Data_omni/003053_lcam_front_lidar.ply,0.25,800,0.88,0.24936,-0.1599,1,0.0,0.0,0.0
Data_omni/003054_lcam_front_lidar.ply,0.25,800,0.93,0.23796,-0.01,1,0.0,0.0,0.0
Data_omni/003055_lcam_front_lidar.ply,0.25,800,0.93,0.27746,-0.01,1,0.0,0.0,0.0
Data_omni/003056_lcam_front_lidar.ply,0.25,800,0.93,0.21645,-0.01,1,0.0,0.0,0.0
Data_omni/003057_lcam_front_lidar.ply,0.25,800,0.88,0.27216,-0.01,1,0.0,0.0,0.0
Data_omni/003058_lcam_front_lidar.ply,0.25,800,0.88,0.20785,-0.01,1,0.0,0.0,0.0
Data_omni/003059_lcam_front_lidar.ply,0.25,800,0.88,0.24792,-0.01,1,0.0,0.0,0.0
Data_omni/003060_lcam_front_lidar.ply,0.25,800,0.88,0.22091,-0.01,1,0.0,0.0,0.0
Data_omni/003061_lcam_front_lidar.ply,0.25,800,0.88,0.29714,-0.01,1,0.0,0.0,0.0
Data_omni/003062_lcam_front_lidar.ply,0.25,800,0.88,0.23934,-0.01,1,0.0,0.0,0.0
Data_omni/003063_lcam_front_lidar.ply,0.25,800,0.9,0.22172,-0.01,1,0.0,0.0,0.0
Data_omni/003064_lcam_front_lidar.ply,0.25,800,0.9,0.22669,-0.01,1,0.0,0.0,0.0
Data_omni/003065_lcam_front_lidar.ply,0.25,800,0.88,0.2222,-0.01,1,0.0,0.0,0.0
Data_omni/003066_lcam_front_lidar.ply,0.25,800,0.88,0.21002,-0.01,1,0.0,0.0,0.0
Data_omni/003067_lcam_front_lidar.ply,0.25,800,0.88,0.21811,-0.01,1,0.0,0.0,0.0
Data_omni/003068_lcam_front_lidar.ply,0.25,800,0.88,0.17936,-0.01,1,0.0,0.0,0.0
Data_omni/003069_lcam_front_lidar.ply,0.25,800,0.88,0.203,-0.01,1,0.0,0.0,0.0
Data_omni/003070_lcam_front_lidar.ply,0.25,800,0.88,0.2602,-0.01,1,0.0,0.0,0.0
Data_omni/003071_lcam_front_lidar.ply,0.25,800,0.88,0.22185,-0.01,1,0.0,0.0,0.0
Data_omni/003072_lcam_front_lidar.ply,0.25,800,0.88,0.27362,-0.01,1,0.0,0.0,0.0
Data_omni/003073_lcam_front_lidar.ply,0.25,800,0.88,0.22155,-0.01,1,0.0,0.0,0.0
Data_omni/003074_lcam_front_lidar.ply,0.25,800,0.88,0.24281,-0.01,1,0.0,0.0,0.0
Data_omni/003075_lcam_front_lidar.ply,0.25,800,0.88,0.19835,-0.01,1,0.0,0.0,0.0
Data_omni/003076_lcam_front_lidar.ply,0.25,800,0.88,0.22145,-0.01,1,0.0,0.0,0.0
Data_omni/003077_lcam_front_lidar.ply,0.25,800,0.88,0.18406,-0.02604,1,0.02787,0.00763,0.0901
Data_omni/003078_lcam_front_lidar.ply,0.25,800,0.88,0.25118,-0.01114,1,0.0,0.0,0.0
Data_omni/003079_lcam_front_lidar.ply,0.25,800,0.88,0.18464,-0.01,1,0.0,0.0,0.0
Data_omni/003080_lcam_front_lidar.ply,0.25,800,0.88,0.25569,0.15091,1,0.05876,0.99987,0.09566
Data_omni/003081_lcam_front_lidar.ply,0.25,800,0.88,0.22213,0.00471,1,0.06133,0.99983,0.09323
Data_omni/003082_lcam_front_lidar.ply,0.25,800,0.88,0.22187,0.01528,1,0.06129,0.99996,0.07206
Data_omni/003083_lcam_front_lidar.ply,0.25,800,0.8,0.19246,0.02273,1,0.06272,1.0,0.05999
Data_omni/003084_lcam_front_lidar.ply,0.25,800,0.88,0.18836,0.02747,1,0.08477,0.99986,0.09456
Data_omni/003085_lcam_front_lidar.ply,0.25,800,0.88,0.13682,0.04553,1,0.0963,0.99995,0.08158
Data_omni/003086_lcam_front_lidar.ply,0.25,800,0.88,0.18577,0.01382,1,0.07937,0.99951,0.11098
Data_omni/003087_lcam_front_lidar.ply,0.25,800,0.88,0.14056,0.04908,1,0.0959,0.99997,0.07379
Data_omni/003088_lcam_front_lidar.ply,0.25,800,0.88,0.19136,0.04661,1,0.10036,0.99997,0.0875
Data_omni/003089_lcam_front_lidar.ply,0.25,800,0.88,0.15993,-0.09044,1,0.00689,0.98766,0.17095
Data_omni/003090_lcam_front_lidar.ply,0.25,800,0.88,0.17364,0.02278,1,0.22908,0.01873,0.10192
Data_omni/003091_lcam_front_lidar.ply,0.25,800,0.8,0.19235,0.19568,1,0.09989,0.99998,0.08279
Data_omni/003092_lcam_front_lidar.ply,0.25,800,0.88,0.16882,0.02102,1,0.22869,0.01909,0.10108
Data_omni/003093_lcam_front_lidar.ply,0.25,800,0.8,0.21474,0.17472,1,0.23563,0.01899,0.10178
Data_omni/003094_lcam_front_lidar.ply,0.25,800,0.8,0.15892,0.16605,1,0.2266,0.02107,0.10173
Data_omni/003095_lcam_front_lidar.ply,0.25,800,0.8,0.18058,0.16357,1,0.22527,0.01742,0.10229
Data_omni/003096_lcam_front_lidar.ply,0.25,800,0.8,0.20206,0.16891,1,0.23087,0.01612,0.10351
Data_omni/003097_lcam_front_lidar.ply,0.25,800,0.8,0.14705,0.1842,1,0.08949,0.99998,0.08575
Data_omni/003098_lcam_front_lidar.ply,0.25,800,0.8,0.11799,0.05045,1,0.1076,0.99999,0.09432
Data_omni/003099_lcam_front_lidar.ply,0.25,800,0.8,0.13387,0.03773,1,0.09884,0.99992,0.1022
Data_omni/003100_lcam_front_lidar.ply,0.25,800,0.8,0.15695,0.06103,1,0.26798,0.01301,0.09782
Data_omni/003101_lcam_front_lidar.ply,0.25,800,0.8,0.1672,0.18252,1,0.24255,0.01147,0.09959
Data_omni/003102_lcam_front_lidar.ply,0.25,800,0.8,0.17428,0.18756,1,0.24593,0.00957,0.09617
Data_omni/003103_lcam_front_lidar.ply,0.25,800,0.8,0.18668,0.17666,1,0.23607,0.00933,0.09874
Data_omni/003104_lcam_front_lidar.ply,0.25,800,0.8,0.19017,0.168,1,0.22733,0.00852,0.09843
Data_omni/003105_lcam_front_lidar.ply,0.25,800,0.8,0.20967,0.14484,1,0.20254,0.00867,0.09545
Data_omni/003106_lcam_front_lidar.ply,0.25,800,0.8,0.20985,0.13759,1,0.19541,0.00789,0.09541
Data_omni/003107_lcam_front_lidar.ply,0.25,800,0.8,0.22747,0.13168,1,0.19003,0.00766,0.09664
Data_omni/003108_lcam_front_lidar.ply,0.25,800,0.8,0.18248,0.16919,1,0.03084,1.0,0.00101
Data_omni/003109_lcam_front_lidar.ply,0.25,800,0.8,0.20303,-0.02296,1,0.18453,0.0071,0.09709
Data_omni/003110_lcam_front_lidar.ply,0.25,800,0.8,0.17611,0.1211,1,0.17829,0.00729,0.09444
Data_omni/003111_lcam_front_lidar.ply,0.25,800,0.8,0.25336,0.11525,1,0.17325,0.00381,0.09496
Data_omni/003112_lcam_front_lidar.ply,0.25,800,0.8,0.26428,0.1312,1,0.03003,0.99997,0.0765
Data_omni/003113_lcam_front_lidar.ply,0.25,800,0.8,0.26162,-0.04413,1,0.16264,0.00559,0.09523
Data_omni/003114_lcam_front_lidar.ply,0.25,800,0.8,0.23508,0.09773,1,0.15538,0.0073,0.09581
Data_omni/003115_lcam_front_lidar.ply,0.25,800,0.8,0.27141,0.09359,1,0.1514,0.00786,0.09578
Data_omni/003116_lcam_front_lidar.ply,0.3,800,0.8,0.26056,0.17109,1,0.03282,1.0,0.0011
Data_omni/003117_lcam_front_lidar.ply,0.3,800,0.85,0.3499,0.01992,1,0.03045,1.0,0.00106
Data_omni/003118_lcam_front_lidar.ply,0.25,800,0.85,0.21956,-0.16,1,0.0,0.0,0.0
Data_omni/003119_lcam_front_lidar.ply,0.25,800,0.93,0.25319,0.08569,1,0.14061,0.00313,0.09079
Data_omni/003120_lcam_front_lidar.ply,0.25,800,0.93,0.1962,0.07612,1,0.12913,0.00401,0.08629
Data_omni/003121_lcam_front_lidar.ply,0.25,800,0.93,0.31474,0.1362,1,0.02842,0.99997,0.06322
Data_omni/003122_lcam_front_lidar.ply,0.25,800,0.85,0.26478,0.0205,1,0.03097,1.0,0.00095
Data_omni/003123_lcam_front_lidar.ply,0.25,800,0.85,0.24596,-0.07365,1,0.12812,0.00422,0.08479
Data_omni/003124_lcam_front_lidar.ply,0.25,800,0.8,0.17044,0.07533,1,0.12649,0.00378,0.0822
Data_omni/003125_lcam_front_lidar.ply,0.25,800,0.8,0.24266,0.07693,1,0.12687,0.00628,0.08063
Data_omni/003126_lcam_front_lidar.ply,0.25,800,0.8,0.26908,0.06829,1,0.11636,0.00805,0.07666
Data_omni/003127_lcam_front_lidar.ply,0.25,800,0.8,0.18159,0.06384,1,0.11211,0.00748,0.07637
Data_omni/003128_lcam_front_lidar.ply,0.25,800,0.8,0.18358,0.06275,1,0.11121,0.00885,0.07732
Data_omni/003129_lcam_front_lidar.ply,0.25,800,0.8,0.21383,0.05752,1,0.1061,0.00912,0.07725
Data_omni/003130_lcam_front_lidar.ply,0.25,800,0.85,0.27885,0.05219,1,0.1114,0.0086,0.09826
Data_omni/003131_lcam_front_lidar.ply,0.25,800,0.85,0.19807,0.05001,1,0.09654,0.00743,0.07271
Data_omni/003132_lcam_front_lidar.ply,0.25,800,0.85,0.27352,0.06244,1,0.1246,0.00671,0.10411
Data_omni/003133_lcam_front_lidar.ply,0.25,800,0.85,0.21822,0.04496,1,0.08854,0.00471,0.06656
Data_omni/003134_lcam_front_lidar.ply,0.25,800,0.93,0.20584,0.06135,1,0.12354,0.01064,0.10617
Data_omni/003135_lcam_front_lidar.ply,0.25,800,0.93,0.22484,0.0606,1,0.12188,0.01421,0.10363
Data_omni/003136_lcam_front_lidar.ply,0.25,800,0.93,0.33737,0.17324,1,0.0359,1.0,0.00107
Data_omni/003137_lcam_front_lidar.ply,0.25,800,0.93,0.23966,0.02568,1,0.03629,1.0,0.00122
Data_omni/003138_lcam_front_lidar.ply,0.25,800,0.93,0.26883,0.02563,1,0.03619,1.0,0.00111
Data_omni/003139_lcam_front_lidar.ply,0.3,50,0.93,1.73281,-0.03308,1,0.00807,0.9982,0.06178
Data_omni/003140_lcam_front_lidar.ply,0.25,800,0.93,0.2865,-0.02468,1,0.03222,0.99968,0.09423
Data_omni/003141_lcam_front_lidar.ply,0.25,800,0.93,0.3636,-0.02614,1,0.03259,0.9997,0.09746
Data_omni/003142_lcam_front_lidar.ply,0.3,50,0.93,1.73042,-0.00672,1,0.00422,0.99982,0.00191
Data_omni/003143_lcam_front_lidar.ply,0.25,50,0.93,1.64421,-0.00676,1,0.00416,0.99983,0.00185
Data_omni/003144_lcam_front_lidar.ply,0.3,50,0.93,1.94704,-0.00587,1,0.00625,0.99994,0.00427
Data_omni/003145_lcam_front_lidar.ply,0.25,50,0.93,2.20109,-0.00665,1,0.00436,0.99982,0.00199
Data_omni/003146_lcam_front_lidar.ply,0.3,50,0.93,2.18602,-0.01386,1,0.0044,0.99138,0.014
Data_omni/003147_lcam_front_lidar.ply,0.3,50,0.93,1.98336,-0.00531,1,0.00444,0.99982,0.00203
Data_omni/003148_lcam_front_lidar.ply,0.25,50,0.93,2.1935,-0.01123,1,0.00444,0.9956,0.01006
Data_omni/003149_lcam_front_lidar.ply,0.3,50,0.93,2.13458,-0.00589,1,0.0045,0.99982,0.00205
Data_omni/003150_lcam_front_lidar.ply,0.25,50,0.93,1.90779,-0.00652,1,0.00452,0.99982,0.00209
Data_omni/003151_lcam_front_lidar.ply,0.25,50,0.93,1.78282,-0.00564,1,0.0083,0.99998,0.00794
Data_omni/003152_lcam_front_lidar.ply,0.25,50,0.93,2.2616,-0.02157,1,0.0083,0.99957,0.03962
Data_omni/003153_lcam_front_lidar.ply,0.3,50,0.93,2.02527,-0.00561,1,0.00831,0.99998,0.00795
Data_omni/003154_lcam_front_lidar.ply,0.25,50,0.93,1.79105,-0.00569,1,0.00826,0.99998,0.0079
Data_omni/003155_lcam_front_lidar.ply,0.25,50,0.93,2.24194,-0.02164,1,0.00824,0.99966,0.03966
Data_omni/003156_lcam_front_lidar.ply,0.3,50,0.93,1.9638,-0.02166,1,0.00825,0.99963,0.0398
Data_omni/003157_lcam_front_lidar.ply,0.25,50,0.93,1.85155,-0.03356,1,0.00823,0.99857,0.06326
Data_omni/003158_lcam_front_lidar.ply,0.25,50,0.93,2.07831,-0.03318,1,0.00821,0.99866,0.06281
Data_omni/003159_lcam_front_lidar.ply,0.3,50,0.93,2.18017,-0.02154,1,0.00831,0.99967,0.03999
Data_omni/003160_lcam_front_lidar.ply,0.3,50,0.93,2.18203,-0.02157,1,0.00834,0.99968,0.03983
Data_omni/003161_lcam_front_lidar.ply,0.3,50,0.93,2.13373,-0.03362,1,0.00828,0.99859,0.06348
Data_omni/003162_lcam_front_lidar.ply,0.3,50,0.93,1.73568,-0.03282,1,0.00822,0.99906,0.06222
Data_omni/003163_lcam_front_lidar.ply,0.3,50,0.93,2.06096,-0.03379,1,0.00826,0.99849,0.06394
Data_omni/003164_lcam_front_lidar.ply,0.3,50,0.93,1.98884,-0.0213,1,0.00831,0.99981,0.03961
Data_omni/003165_lcam_front_lidar.ply,0.3,50,0.93,2.26422,-0.02156,1,0.00836,0.99978,0.03982
Data_omni/003166_lcam_front_lidar.ply,0.3,50,0.93,1.8643,-0.03409,1,0.00831,0.99856,0.06442
Data_omni/003167_lcam_front_lidar.ply,0.3,50,0.93,1.38633,-0.0214,1,0.0083,0.99982,0.03977
Data_omni/003168_lcam_front_lidar.ply,0.3,50,0.93,1.37417,-0.01379,1,0.03138,0.99999,0.07038
Data_omni/003169_lcam_front_lidar.ply,0.3,50,0.93,1.91547,-0.03143,1,0.00913,0.99767,0.06044
Data_omni/003170_lcam_front_lidar.ply,0.3,50,0.93,1.62069,-0.03344,1,0.00822,0.99868,0.06363
Data_omni/003171_lcam_front_lidar.ply,0.3,50,0.93,1.67488,-0.00859,1,0.00555,0.99834,0.00818
Data_omni/003172_lcam_front_lidar.ply,0.25,50,0.93,1.72573,-0.00853,1,0.00554,0.99833,0.00812
Data_omni/003173_lcam_front_lidar.ply,0.4,50,0.93,1.59791,-0.03217,1,0.01,0.99837,0.06434
Data_omni/003174_lcam_front_lidar.ply,0.25,50,0.93,1.453,-0.00556,1,0.00812,1.0,0.00784
Data_omni/003175_lcam_front_lidar.ply,0.25,50,0.93,1.71573,-0.01356,1,0.00801,1.0,0.02315
Data_omni/003176_lcam_front_lidar.ply,0.25,50,0.93,1.66664,-0.03481,1,0.00775,0.99769,0.06444
Data_omni/003177_lcam_front_lidar.ply,0.25,50,0.93,1.49091,-0.02083,1,0.00979,0.99937,0.04174
Data_omni/003178_lcam_front_lidar.ply,0.25,50,0.93,1.50905,-0.00716,1,0.00669,0.99689,0.00696
Data_omni/003179_lcam_front_lidar.ply,0.25,50,0.93,1.13079,-0.00865,1,0.00232,0.99858,0.00244
Data_omni/003180_lcam_front_lidar.ply,0.25,50,0.93,1.78922,-0.02084,1,0.00978,0.99937,0.04149
Data_omni/003181_lcam_front_lidar.ply,0.25,50,0.93,1.99541,-0.00894,1,0.00602,0.9983,0.0096
