frame_id,epsilon,min_support,normal_threshold,runtime,reward,steps_used,inlier_ratio,plane_normal,residual
000000_lcam_front_lidar.ply,0.2,800,0.9,0.12059,0.25742,1,0.06743,0.90734,0.16261
000001_lcam_front_lidar.ply,0.2,800,0.9,0.12912,0.27076,1,0.0839,0.91063,0.16583
000002_lcam_front_lidar.ply,0.2,800,0.9,0.12853,0.38244,1,0.1939,0.9201,0.16619
000003_lcam_front_lidar.ply,0.2,800,0.9,0.11692,0.39489,1,0.2365,0.93453,0.22819
000004_lcam_front_lidar.ply,0.2,800,0.9,0.11026,0.37931,1,0.18115,0.91829,0.14734
000005_lcam_front_lidar.ply,0.2,800,0.9,0.09436,0.37908,1,0.18839,0.91645,0.16633
000006_lcam_front_lidar.ply,0.2,800,0.9,0.10682,0.37677,1,0.19039,0.92021,0.17158
000007_lcam_front_lidar.ply,0.2,800,0.9,0.08935,0.3825,1,0.18373,0.91774,0.151
000008_lcam_front_lidar.ply,0.2,800,0.9,0.09703,0.27394,1,0.00115,0.98163,0.00059
000009_lcam_front_lidar.ply,0.2,800,0.9,0.09489,0.38498,1,0.17794,0.914,0.13452
000010_lcam_front_lidar.ply,0.2,800,0.9,0.11897,0.38646,1,0.18682,0.91062,0.14643
000011_lcam_front_lidar.ply,0.2,800,0.9,0.098,0.38217,1,0.18041,0.9112,0.14385
000012_lcam_front_lidar.ply,0.2,800,0.9,0.09709,0.31654,1,0.10617,0.91168,0.12655
000013_lcam_front_lidar.ply,0.2,800,0.9,0.09054,0.31583,1,0.10323,0.91186,0.12367
000014_lcam_front_lidar.ply,0.2,800,0.9,0.11668,0.31458,1,0.10693,0.91264,0.12516
000015_lcam_front_lidar.ply,0.2,800,0.9,0.09239,0.31975,1,0.11115,0.91017,0.13044
000016_lcam_front_lidar.ply,0.1,800,0.9,0.10732,0.32657,1,0.10242,0.90806,0.09445
000017_lcam_front_lidar.ply,0.2,800,0.9,0.1038,0.30202,1,0.09569,0.91186,0.1308
000018_lcam_front_lidar.ply,0.2,800,0.9,0.10698,0.29941,1,0.09593,0.91276,0.1337
000019_lcam_front_lidar.ply,0.2,800,0.9,0.0971,0.29754,1,0.0921,0.90872,0.13416
000020_lcam_front_lidar.ply,0.2,800,0.9,0.10097,0.29437,1,0.08678,0.90762,0.13117
000021_lcam_front_lidar.ply,0.2,800,0.9,0.08886,0.30006,1,0.09218,0.90912,0.1318
000022_lcam_front_lidar.ply,0.2,800,0.9,0.09742,0.28729,1,0.0862,0.90541,0.14172
000023_lcam_front_lidar.ply,0.2,800,0.9,0.11465,0.28158,1,0.08114,0.90764,0.14317
000024_lcam_front_lidar.ply,0.2,800,0.9,0.09518,0.28091,1,0.08215,0.90394,0.1469
000025_lcam_front_lidar.ply,0.2,800,0.9,0.1027,0.28293,1,0.08707,0.90705,0.14893
000026_lcam_front_lidar.ply,0.2,800,0.9,0.09908,0.28126,1,0.08235,0.90359,0.14591
000027_lcam_front_lidar.ply,0.2,800,0.9,0.08925,0.28158,1,0.08502,0.90331,0.15605
000028_lcam_front_lidar.ply,0.2,800,0.9,0.09709,0.26957,1,0.06989,0.89885,0.14871
000029_lcam_front_lidar.ply,0.2,800,0.9,0.10232,0.26433,1,0.06292,0.89633,0.1407
000030_lcam_front_lidar.ply,0.2,800,0.9,0.10795,0.27095,1,0.08252,0.89974,0.16552
000031_lcam_front_lidar.ply,0.2,800,0.9,0.09483,0.26931,1,0.07503,0.90218,0.15625
000032_lcam_front_lidar.ply,0.2,800,0.9,0.09884,0.28638,1,0.08683,0.908,0.14309
000033_lcam_front_lidar.ply,0.2,800,0.9,0.09186,0.27974,1,0.08305,0.90488,0.15227
000034_lcam_front_lidar.ply,0.2,800,0.9,0.09859,0.23396,1,0.00497,0.81995,0.09018
000035_lcam_front_lidar.ply,0.2,800,0.9,0.10906,0.27706,1,0.08092,0.9173,0.14813
000036_lcam_front_lidar.ply,0.2,800,0.9,0.09274,0.2699,1,0.07576,0.90743,0.1581
000037_lcam_front_lidar.ply,0.2,800,0.9,0.10701,0.26313,1,0.08086,0.91753,0.17978
000038_lcam_front_lidar.ply,0.2,800,0.9,0.10134,0.27481,1,0.07927,0.91541,0.15335
000039_lcam_front_lidar.ply,0.2,800,0.9,0.0875,0.24103,1,0.07085,0.92202,0.2069
000040_lcam_front_lidar.ply,0.2,800,0.9,0.10142,0.25971,1,0.08178,0.92486,0.19388
000041_lcam_front_lidar.ply,0.2,800,0.9,0.11179,0.21639,1,0.00945,0.94186,0.12361
000042_lcam_front_lidar.ply,0.2,800,0.9,0.0955,0.24265,1,0.00464,0.81005,0.07066
000043_lcam_front_lidar.ply,0.2,800,0.9,0.10062,0.25711,1,0.08283,0.91577,0.19825
000044_lcam_front_lidar.ply,0.2,800,0.9,0.11161,0.27324,1,0.00335,0.97634,0.00331
000045_lcam_front_lidar.ply,0.2,800,0.9,0.09922,0.39263,1,0.22036,0.94358,0.20053
000046_lcam_front_lidar.ply,0.2,800,0.9,0.09507,0.21872,1,0.00667,0.9433,0.12236
000047_lcam_front_lidar.ply,0.2,800,0.9,0.09892,0.21112,1,0.00676,0.93489,0.13536
000048_lcam_front_lidar.ply,0.2,800,0.9,0.09537,0.23047,1,0.00474,0.94408,0.09117
000049_lcam_front_lidar.ply,0.2,800,0.9,0.11086,0.25185,1,0.00506,0.81341,0.05029
000050_lcam_front_lidar.ply,0.2,800,0.9,0.1109,0.20362,1,0.00524,0.90054,0.14722
000051_lcam_front_lidar.ply,0.2,800,0.9,0.11147,0.24663,1,0.00612,0.92006,0.06077
000052_lcam_front_lidar.ply,0.2,800,0.9,0.0987,0.20578,1,0.0075,0.93708,0.14931
000053_lcam_front_lidar.ply,0.2,800,0.9,0.12471,0.37533,1,0.20556,0.94683,0.19793
000054_lcam_front_lidar.ply,0.2,800,0.9,0.09709,0.3751,1,0.20416,0.94866,0.20205
000055_lcam_front_lidar.ply,0.2,800,0.9,0.11088,0.24474,1,0.00187,0.95117,0.05318
000056_lcam_front_lidar.ply,0.2,800,0.9,0.12781,0.21377,1,0.01411,0.95394,0.13249
000057_lcam_front_lidar.ply,0.2,800,0.9,0.12561,0.37313,1,0.20062,0.94986,0.19426
000058_lcam_front_lidar.ply,0.2,800,0.9,0.11108,0.37928,1,0.21293,0.95074,0.20814
000059_lcam_front_lidar.ply,0.2,800,0.9,0.0967,0.40068,1,0.24446,0.96493,0.2335
000060_lcam_front_lidar.ply,0.2,800,0.9,0.11334,0.21597,1,0.01038,0.95652,0.13187
000061_lcam_front_lidar.ply,0.2,800,0.9,0.09575,0.38648,1,0.22523,0.97207,0.21887
000062_lcam_front_lidar.ply,0.2,800,0.9,0.10552,0.37844,1,0.21309,0.95752,0.21196
000063_lcam_front_lidar.ply,0.2,800,0.9,0.0956,0.38286,1,0.21945,0.96813,0.21709
000064_lcam_front_lidar.ply,0.2,800,0.9,0.11023,0.24905,1,0.0313,0.96693,0.10473
000065_lcam_front_lidar.ply,0.2,800,0.9,0.11112,0.40304,1,0.2401,0.96353,0.21683
000066_lcam_front_lidar.ply,0.2,800,0.9,0.1009,0.25909,1,0.05755,0.93565,0.14149
000067_lcam_front_lidar.ply,0.2,800,0.9,0.08806,0.42205,1,0.24613,0.9587,0.196
000068_lcam_front_lidar.ply,0.2,800,0.9,0.10317,0.25515,1,0.05135,0.9425,0.13267
000069_lcam_front_lidar.ply,0.2,800,0.9,0.08549,0.42175,1,0.24577,0.96892,0.19505
000070_lcam_front_lidar.ply,0.2,800,0.9,0.09034,0.44257,1,0.26929,0.97521,0.198
000071_lcam_front_lidar.ply,0.2,800,0.9,0.08972,0.43422,1,0.25612,0.97274,0.19143
000072_lcam_front_lidar.ply,0.2,800,0.9,0.09485,0.43428,1,0.2513,0.97365,0.17813
000073_lcam_front_lidar.ply,0.2,800,0.9,0.09602,0.44266,1,0.26293,0.97303,0.18658
000074_lcam_front_lidar.ply,0.2,800,0.9,0.10052,0.44483,1,0.2664,0.96865,0.18682
000075_lcam_front_lidar.ply,0.2,800,0.9,0.09501,0.44676,1,0.26517,0.97162,0.18319
000076_lcam_front_lidar.ply,0.2,800,0.9,0.09514,0.43941,1,0.24907,0.97712,0.16747
000077_lcam_front_lidar.ply,0.2,800,0.9,0.09518,0.44784,1,0.26615,0.97796,0.17786
000078_lcam_front_lidar.ply,0.2,800,0.9,0.10306,0.45997,1,0.27801,0.97725,0.18042
000079_lcam_front_lidar.ply,0.2,800,0.9,0.08953,0.46396,1,0.28052,0.97722,0.18008
000080_lcam_front_lidar.ply,0.2,800,0.9,0.08443,0.45446,1,0.27487,0.9778,0.18952
000081_lcam_front_lidar.ply,0.2,800,0.9,0.09513,0.45949,1,0.2823,0.97838,0.19033
000082_lcam_front_lidar.ply,0.2,800,0.9,0.09898,0.23572,1,0.0055,0.97171,0.08516
000083_lcam_front_lidar.ply,0.2,800,0.9,0.09346,0.45947,1,0.28305,0.9802,0.19305
000084_lcam_front_lidar.ply,0.2,800,0.9,0.09503,0.44929,1,0.27749,0.98192,0.19832
000085_lcam_front_lidar.ply,0.2,800,0.9,0.09546,0.45902,1,0.28605,0.98034,0.19877
000086_lcam_front_lidar.ply,0.2,800,0.9,0.09929,0.45155,1,0.27791,0.98123,0.19608
000087_lcam_front_lidar.ply,0.2,800,0.9,0.09687,0.44895,1,0.2783,0.98065,0.19574
000088_lcam_front_lidar.ply,0.2,800,0.9,0.09867,0.45428,1,0.27832,0.98043,0.19243
000089_lcam_front_lidar.ply,0.2,800,0.9,0.08046,0.43905,1,0.25822,0.98391,0.1861
000090_lcam_front_lidar.ply,0.2,800,0.9,0.11476,0.45758,1,0.278,0.98106,0.17872
000091_lcam_front_lidar.ply,0.2,800,0.9,0.08946,0.45992,1,0.27923,0.97979,0.18243
000092_lcam_front_lidar.ply,0.2,800,0.9,0.09322,0.45931,1,0.27508,0.98134,0.17825
000093_lcam_front_lidar.ply,0.2,800,0.9,0.09657,0.27337,1,0.00229,0.98131,0.00361
000094_lcam_front_lidar.ply,0.2,800,0.9,0.11856,0.43973,1,0.25864,0.98247,0.17094
000095_lcam_front_lidar.ply,0.2,800,0.9,0.09958,0.41454,1,0.21884,0.98168,0.15103
000096_lcam_front_lidar.ply,0.2,800,0.9,0.10164,0.43301,1,0.2442,0.98184,0.16183
000097_lcam_front_lidar.ply,0.2,800,0.9,0.10906,0.42713,1,0.23633,0.98237,0.15858
000098_lcam_front_lidar.ply,0.2,800,0.9,0.08923,0.40799,1,0.21056,0.98261,0.14749
000099_lcam_front_lidar.ply,0.2,800,0.9,0.08674,0.41504,1,0.21479,0.98258,0.14511
000100_lcam_front_lidar.ply,0.2,800,0.9,0.10586,0.40345,1,0.20987,0.98329,0.15352
000101_lcam_front_lidar.ply,0.2,800,0.9,0.0869,0.40813,1,0.2138,0.98397,0.15664
000102_lcam_front_lidar.ply,0.2,800,0.9,0.1036,0.40493,1,0.21406,0.98699,0.15854
000103_lcam_front_lidar.ply,0.2,800,0.9,0.10062,0.39585,1,0.2023,0.98303,0.15375
000104_lcam_front_lidar.ply,0.2,800,0.9,0.11317,0.39237,1,0.19835,0.98543,0.14972
000105_lcam_front_lidar.ply,0.2,800,0.9,0.12078,0.3949,1,0.20138,0.98486,0.15093
000106_lcam_front_lidar.ply,0.2,800,0.9,0.10051,0.39375,1,0.19975,0.98488,0.15444
000107_lcam_front_lidar.ply,0.2,800,0.9,0.10684,0.3772,1,0.1856,0.98372,0.15707
000108_lcam_front_lidar.ply,0.2,800,0.9,0.1153,0.35391,1,0.16959,0.98466,0.16726
000109_lcam_front_lidar.ply,0.2,800,0.9,0.11007,0.34308,1,0.16315,0.98671,0.18507
000110_lcam_front_lidar.ply,0.2,800,0.9,0.11549,0.28104,1,0.10494,0.98033,0.18495
000111_lcam_front_lidar.ply,0.15,800,0.9,0.15495,0.25552,1,0.07491,0.98441,0.17611
000112_lcam_front_lidar.ply,0.2,800,0.9,0.13972,0.25444,1,0.07242,0.97482,0.17269
000113_lcam_front_lidar.ply,0.15,800,0.9,0.1546,0.27523,1,0.06961,0.99066,0.12535
000114_lcam_front_lidar.ply,0.15,800,0.9,0.15816,0.24962,1,0.04356,0.99295,0.12552
000115_lcam_front_lidar.ply,0.2,800,0.9,0.14838,0.24558,1,0.0342,0.99308,0.1072
000116_lcam_front_lidar.ply,0.15,800,0.9,0.1276,0.29643,1,0.09517,0.99127,0.13765
000117_lcam_front_lidar.ply,0.15,800,0.9,0.15673,0.28523,1,0.08348,0.99195,0.12734
000118_lcam_front_lidar.ply,0.15,800,0.9,0.14666,0.2766,1,0.07152,0.99356,0.12649
000119_lcam_front_lidar.ply,0.15,800,0.9,0.15904,0.28881,1,0.09393,0.99203,0.14277
000120_lcam_front_lidar.ply,0.15,800,0.9,0.15431,0.279,1,0.08019,0.9938,0.13664
000121_lcam_front_lidar.ply,0.15,800,0.9,0.12456,0.27985,1,0.07832,0.99424,0.13706
000122_lcam_front_lidar.ply,0.15,800,0.9,0.12168,0.27988,1,0.07988,0.99502,0.14348
000123_lcam_front_lidar.ply,0.15,800,0.9,0.14251,0.25152,1,0.04571,0.98968,0.12485
000124_lcam_front_lidar.ply,0.15,800,0.9,0.12485,0.2792,1,0.07961,0.99506,0.14365
000125_lcam_front_lidar.ply,0.15,800,0.9,0.14279,0.24763,1,0.04197,0.99086,0.1283
000126_lcam_front_lidar.ply,0.15,800,0.9,0.14378,0.26737,1,0.04337,0.98927,0.09267
000127_lcam_front_lidar.ply,0.15,800,0.9,0.14022,0.26495,1,0.0451,0.98899,0.09358
000128_lcam_front_lidar.ply,0.15,800,0.9,0.12296,0.28935,1,0.08782,0.99264,0.13755
000129_lcam_front_lidar.ply,0.15,800,0.9,0.1376,0.26744,1,0.06563,0.99193,0.13616
000130_lcam_front_lidar.ply,0.2,800,0.9,0.13535,0.27017,1,0.08193,0.99625,0.15716
000131_lcam_front_lidar.ply,0.15,800,0.9,0.14717,0.27364,1,0.07265,0.99037,0.13455
000132_lcam_front_lidar.ply,0.15,800,0.9,0.14569,0.26137,1,0.06692,0.99103,0.14738
000133_lcam_front_lidar.ply,0.15,800,0.9,0.1396,0.2868,1,0.08987,0.98892,0.14745
000134_lcam_front_lidar.ply,0.15,800,0.9,0.14229,0.29455,1,0.08914,0.98702,0.13061
000135_lcam_front_lidar.ply,0.15,800,0.9,0.13836,0.31574,1,0.1236,0.98818,0.15348
000136_lcam_front_lidar.ply,0.15,800,0.9,0.12713,0.29902,1,0.10357,0.98746,0.15035
000137_lcam_front_lidar.ply,0.15,800,0.9,0.1364,0.2992,1,0.10798,0.9878,0.15433
000138_lcam_front_lidar.ply,0.15,800,0.9,0.14101,0.29858,1,0.10096,0.97882,0.14173
000139_lcam_front_lidar.ply,0.2,800,0.9,0.13012,0.30515,1,0.11755,0.98115,0.16404
000140_lcam_front_lidar.ply,0.2,800,0.9,0.12071,0.32545,1,0.15864,0.99074,0.20644
000141_lcam_front_lidar.ply,0.2,800,0.9,0.13656,0.3207,1,0.13993,0.98335,0.1752
000142_lcam_front_lidar.ply,0.2,800,0.9,0.15371,0.32111,1,0.12979,0.97869,0.15154
000143_lcam_front_lidar.ply,0.2,800,0.9,0.14045,0.333,1,0.15774,0.98558,0.18787
000144_lcam_front_lidar.ply,0.2,800,0.9,0.13641,0.32879,1,0.14591,0.98167,0.17509
000145_lcam_front_lidar.ply,0.15,800,0.9,0.13672,0.32513,1,0.13351,0.98214,0.16043
000146_lcam_front_lidar.ply,0.2,800,0.9,0.13021,0.33674,1,0.17639,0.99019,0.22226
000147_lcam_front_lidar.ply,0.2,800,0.9,0.11066,0.33548,1,0.17676,0.99069,0.22499
000148_lcam_front_lidar.ply,0.2,800,0.9,0.11123,0.36162,1,0.18882,0.99141,0.19842
000149_lcam_front_lidar.ply,0.2,800,0.9,0.14512,0.33263,1,0.17522,0.99045,0.22492
000150_lcam_front_lidar.ply,0.2,800,0.9,0.14297,0.33976,1,0.18205,0.99192,0.22437
000151_lcam_front_lidar.ply,0.2,800,0.9,0.11444,0.35259,1,0.17748,0.99105,0.19301
000152_lcam_front_lidar.ply,0.2,800,0.9,0.1361,0.33697,1,0.18256,0.99211,0.22634
000153_lcam_front_lidar.ply,0.2,800,0.9,0.14974,0.34535,1,0.17739,0.99091,0.2007
000154_lcam_front_lidar.ply,0.2,800,0.9,0.13428,0.31254,1,0.11184,0.9848,0.13612
000155_lcam_front_lidar.ply,0.2,800,0.9,0.12713,0.35943,1,0.17834,0.98974,0.18028
000156_lcam_front_lidar.ply,0.2,800,0.9,0.1445,0.35147,1,0.17715,0.99042,0.18947
000157_lcam_front_lidar.ply,0.2,800,0.9,0.14013,0.35807,1,0.178,0.98993,0.17763
000158_lcam_front_lidar.ply,0.2,800,0.9,0.1155,0.36109,1,0.18429,0.99071,0.18978
000159_lcam_front_lidar.ply,0.2,800,0.9,0.11466,0.3602,1,0.1783,0.99017,0.1811
000160_lcam_front_lidar.ply,0.2,800,0.9,0.11791,0.35797,1,0.17507,0.99046,0.18193
000161_lcam_front_lidar.ply,0.2,800,0.9,0.11784,0.36102,1,0.17144,0.99005,0.16357
000162_lcam_front_lidar.ply,0.2,800,0.9,0.12088,0.36648,1,0.1753,0.98854,0.16125
000163_lcam_front_lidar.ply,0.2,800,0.9,0.12608,0.35783,1,0.16007,0.98655,0.14864
000164_lcam_front_lidar.ply,0.2,800,0.9,0.11839,0.36566,1,0.17315,0.98828,0.16152
000165_lcam_front_lidar.ply,0.2,800,0.9,0.14237,0.35972,1,0.16856,0.98922,0.15652
000166_lcam_front_lidar.ply,0.2,800,0.9,0.11856,0.36987,1,0.17105,0.98432,0.14835
000167_lcam_front_lidar.ply,0.2,800,0.9,0.12758,0.37813,1,0.18482,0.98498,0.15876
000168_lcam_front_lidar.ply,0.2,800,0.9,0.12305,0.36081,1,0.16337,0.98728,0.14768
000169_lcam_front_lidar.ply,0.2,800,0.9,0.12558,0.36575,1,0.16885,0.98593,0.14305
000170_lcam_front_lidar.ply,0.2,800,0.9,0.1224,0.36964,1,0.16752,0.98523,0.13972
000171_lcam_front_lidar.ply,0.2,800,0.9,0.14266,0.37398,1,0.17656,0.98403,0.14481
000172_lcam_front_lidar.ply,0.2,800,0.9,0.12726,0.36674,1,0.16319,0.98462,0.1359
000173_lcam_front_lidar.ply,0.2,800,0.9,0.1163,0.37249,1,0.17636,0.98257,0.15371
000174_lcam_front_lidar.ply,0.2,800,0.9,0.12713,0.38429,1,0.18726,0.98462,0.14664
000175_lcam_front_lidar.ply,0.2,800,0.9,0.13816,0.37456,1,0.17602,0.98295,0.14362
000176_lcam_front_lidar.ply,0.2,800,0.9,0.12882,0.35358,1,0.14766,0.98442,0.13074
000177_lcam_front_lidar.ply,0.2,800,0.9,0.12679,0.38125,1,0.17489,0.98409,0.13063
000178_lcam_front_lidar.ply,0.2,800,0.9,0.12456,0.37538,1,0.17391,0.98237,0.14145
000179_lcam_front_lidar.ply,0.2,800,0.9,0.12731,0.36778,1,0.16149,0.98356,0.13181
000180_lcam_front_lidar.ply,0.2,800,0.9,0.14154,0.36921,1,0.16677,0.98234,0.1385
000181_lcam_front_lidar.ply,0.2,800,0.9,0.15192,0.3576,1,0.1572,0.98231,0.137
000182_lcam_front_lidar.ply,0.2,800,0.9,0.14391,0.38927,1,0.19616,0.98206,0.14988
000183_lcam_front_lidar.ply,0.2,800,0.9,0.13738,0.38564,1,0.19534,0.98183,0.15799
000184_lcam_front_lidar.ply,0.2,800,0.9,0.13809,0.36211,1,0.17638,0.98166,0.16789
000185_lcam_front_lidar.ply,0.2,800,0.9,0.13079,0.3747,1,0.1885,0.98194,0.1673
000186_lcam_front_lidar.ply,0.2,800,0.9,0.17902,0.3193,1,0.13016,0.97717,0.15523
000187_lcam_front_lidar.ply,0.2,800,0.9,0.13849,0.36795,1,0.18822,0.98256,0.17872
000188_lcam_front_lidar.ply,0.2,800,0.9,0.11891,0.38134,1,0.20906,0.98378,0.19784
000189_lcam_front_lidar.ply,0.2,800,0.9,0.12729,0.37887,1,0.20383,0.98287,0.1914
000190_lcam_front_lidar.ply,0.2,800,0.9,0.13016,0.37664,1,0.19859,0.98199,0.18442
000191_lcam_front_lidar.ply,0.2,800,0.9,0.13217,0.3928,1,0.22076,0.98362,0.19911
000192_lcam_front_lidar.ply,0.2,800,0.9,0.11083,0.39047,1,0.2193,0.98477,0.20347
000193_lcam_front_lidar.ply,0.2,800,0.9,0.13032,0.34761,1,0.15093,0.97092,0.14726
000194_lcam_front_lidar.ply,0.2,800,0.9,0.11756,0.39549,1,0.22289,0.98486,0.19743
000195_lcam_front_lidar.ply,0.2,800,0.9,0.12509,0.40111,1,0.23407,0.98582,0.20814
000196_lcam_front_lidar.ply,0.2,800,0.9,0.12301,0.23195,1,0.00884,0.85275,0.09112
000197_lcam_front_lidar.ply,0.2,800,0.9,0.1147,0.2291,1,0.00408,0.93916,0.09415
000198_lcam_front_lidar.ply,0.2,800,0.9,0.11056,0.41385,1,0.24307,0.98652,0.20373
000199_lcam_front_lidar.ply,0.2,800,0.9,0.10407,0.41007,1,0.23685,0.98647,0.20276
000200_lcam_front_lidar.ply,0.2,800,0.9,0.11764,0.40778,1,0.23984,0.98617,0.20926
000201_lcam_front_lidar.ply,0.2,800,0.9,0.13035,0.26973,1,0.00332,0.98726,0.00885
000202_lcam_front_lidar.ply,0.2,800,0.9,0.11138,0.41284,1,0.24279,0.98672,0.2079
000203_lcam_front_lidar.ply,0.2,800,0.9,0.13004,0.41491,1,0.24781,0.98675,0.21082
000204_lcam_front_lidar.ply,0.2,800,0.9,0.11989,0.41303,1,0.23678,0.98828,0.19205
000205_lcam_front_lidar.ply,0.2,800,0.9,0.11962,0.21144,1,0.0101,0.96073,0.14128
000206_lcam_front_lidar.ply,0.2,800,0.9,0.11466,0.42403,1,0.25516,0.98761,0.20899
000207_lcam_front_lidar.ply,0.2,800,0.9,0.11674,0.19915,1,0.008,0.95565,0.16402
000208_lcam_front_lidar.ply,0.2,800,0.9,0.13204,0.4214,1,0.24487,0.98869,0.18929
000209_lcam_front_lidar.ply,0.2,800,0.9,0.1272,0.42487,1,0.25822,0.98788,0.20673
000210_lcam_front_lidar.ply,0.2,800,0.9,0.11111,0.24647,1,0.00691,0.93733,0.06729
000211_lcam_front_lidar.ply,0.2,800,0.9,0.11334,0.22607,1,0.02786,0.90721,0.15214
000212_lcam_front_lidar.ply,0.2,800,0.9,0.12737,0.19829,1,0.00676,0.97486,0.16082
000213_lcam_front_lidar.ply,0.2,800,0.9,0.12502,0.42547,1,0.247,0.9892,0.18764
000214_lcam_front_lidar.ply,0.2,800,0.9,0.1325,0.41515,1,0.23892,0.98871,0.19063
000215_lcam_front_lidar.ply,0.2,800,0.9,0.11164,0.23129,1,0.03459,0.9005,0.15658
000216_lcam_front_lidar.ply,0.2,800,0.9,0.14233,0.42742,1,0.24901,0.98924,0.18716
000217_lcam_front_lidar.ply,0.2,800,0.9,0.12117,0.24105,1,0.00754,0.97191,0.07941
000218_lcam_front_lidar.ply,0.2,800,0.9,0.11143,0.23491,1,0.0415,0.91074,0.16127
000219_lcam_front_lidar.ply,0.2,800,0.9,0.11982,0.4233,1,0.24689,0.98961,0.19065
000220_lcam_front_lidar.ply,0.2,800,0.9,0.11932,0.21692,1,0.03937,0.91317,0.19208
000221_lcam_front_lidar.ply,0.2,800,0.9,0.1109,0.2401,1,0.04168,0.90536,0.14915
000222_lcam_front_lidar.ply,0.2,800,0.9,0.12751,0.41538,1,0.23523,0.99015,0.18446
000223_lcam_front_lidar.ply,0.2,800,0.9,0.1366,0.41859,1,0.24574,0.98943,0.1976
000224_lcam_front_lidar.ply,0.2,800,0.9,0.11108,0.42124,1,0.24975,0.989,0.20613
000225_lcam_front_lidar.ply,0.2,800,0.9,0.10712,0.3978,1,0.22635,0.98795,0.20655
000226_lcam_front_lidar.ply,0.2,800,0.9,0.14127,0.38516,1,0.22406,0.98697,0.21646
000227_lcam_front_lidar.ply,0.2,800,0.9,0.12712,0.40548,1,0.22389,0.98958,0.18348
000228_lcam_front_lidar.ply,0.2,800,0.9,0.13021,0.39026,1,0.21067,0.98471,0.18563
000229_lcam_front_lidar.ply,0.2,800,0.9,0.11687,0.40043,1,0.21788,0.99045,0.18216
000230_lcam_front_lidar.ply,0.2,800,0.9,0.12196,0.39818,1,0.22203,0.98918,0.1909
000231_lcam_front_lidar.ply,0.2,800,0.9,0.13991,0.38312,1,0.19935,0.98523,0.17597
000232_lcam_front_lidar.ply,0.2,800,0.9,0.13314,0.37517,1,0.18828,0.98193,0.16942
000233_lcam_front_lidar.ply,0.2,800,0.9,0.15411,0.36291,1,0.18958,0.98836,0.18979
000234_lcam_front_lidar.ply,0.2,800,0.9,0.14047,0.3674,1,0.17526,0.98257,0.15737
000235_lcam_front_lidar.ply,0.2,800,0.9,0.15156,0.37001,1,0.18887,0.985,0.17933
000236_lcam_front_lidar.ply,0.2,800,0.9,0.14261,0.36703,1,0.18218,0.98429,0.17198
000237_lcam_front_lidar.ply,0.2,800,0.9,0.14057,0.36496,1,0.17525,0.98401,0.1632
000238_lcam_front_lidar.ply,0.2,800,0.9,0.1408,0.36277,1,0.17374,0.98557,0.16501
000239_lcam_front_lidar.ply,0.2,800,0.9,0.14135,0.37322,1,0.19505,0.98711,0.18378
000240_lcam_front_lidar.ply,0.2,800,0.9,0.15415,0.34681,1,0.16635,0.9856,0.17639
000241_lcam_front_lidar.ply,0.2,800,0.9,0.12464,0.40597,1,0.23883,0.99106,0.20969
000242_lcam_front_lidar.ply,0.2,800,0.9,0.12836,0.39617,1,0.22683,0.99081,0.2083
000243_lcam_front_lidar.ply,0.2,800,0.9,0.12106,0.38913,1,0.22423,0.98824,0.21543
000244_lcam_front_lidar.ply,0.2,800,0.9,0.11731,0.40787,1,0.23908,0.99096,0.20856
000245_lcam_front_lidar.ply,0.2,800,0.9,0.11921,0.40504,1,0.23302,0.9914,0.20142
000246_lcam_front_lidar.ply,0.2,800,0.9,0.11964,0.40114,1,0.22614,0.99174,0.19603
000247_lcam_front_lidar.ply,0.2,800,0.9,0.12071,0.37565,1,0.20198,0.99093,0.19692
000248_lcam_front_lidar.ply,0.2,800,0.9,0.12876,0.40223,1,0.22519,0.99193,0.18968
000249_lcam_front_lidar.ply,0.2,800,0.9,0.11156,0.40736,1,0.23043,0.99158,0.19233
000250_lcam_front_lidar.ply,0.2,800,0.9,0.12522,0.40945,1,0.23463,0.99117,0.19391
000251_lcam_front_lidar.ply,0.2,800,0.9,0.11392,0.38223,1,0.20351,0.99086,0.19061
000252_lcam_front_lidar.ply,0.2,800,0.9,0.14673,0.39369,1,0.22173,0.991,0.19671
000253_lcam_front_lidar.ply,0.2,800,0.9,0.13038,0.37811,1,0.19993,0.99064,0.18887
000254_lcam_front_lidar.ply,0.2,800,0.9,0.12749,0.37806,1,0.19563,0.99102,0.17932
000255_lcam_front_lidar.ply,0.2,800,0.9,0.13911,0.39255,1,0.21644,0.99072,0.18874
000256_lcam_front_lidar.ply,0.2,800,0.9,0.12601,0.3969,1,0.21428,0.99159,0.17778
000257_lcam_front_lidar.ply,0.2,800,0.9,0.12972,0.36521,1,0.18045,0.99273,0.1748
000258_lcam_front_lidar.ply,0.2,800,0.9,0.14276,0.36008,1,0.17317,0.99245,0.16817
000259_lcam_front_lidar.ply,0.2,800,0.9,0.14306,0.36586,1,0.18628,0.99144,0.1785
000260_lcam_front_lidar.ply,0.2,800,0.9,0.1428,0.36248,1,0.18066,0.99155,0.17367
000261_lcam_front_lidar.ply,0.2,800,0.9,0.12676,0.37452,1,0.19097,0.9902,0.17721
000262_lcam_front_lidar.ply,0.2,800,0.9,0.14611,0.37239,1,0.19072,0.98983,0.17715
000263_lcam_front_lidar.ply,0.2,800,0.9,0.1193,0.39482,1,0.21454,0.98986,0.18638
000264_lcam_front_lidar.ply,0.2,800,0.9,0.13533,0.38296,1,0.20398,0.98862,0.1846
000265_lcam_front_lidar.ply,0.2,800,0.9,0.12302,0.3772,1,0.19565,0.9899,0.18368
000266_lcam_front_lidar.ply,0.2,800,0.9,0.14322,0.38991,1,0.213,0.98818,0.18879
000267_lcam_front_lidar.ply,0.2,800,0.9,0.12533,0.37689,1,0.19332,0.98976,0.17714
000268_lcam_front_lidar.ply,0.2,800,0.9,0.14296,0.39511,1,0.2176,0.98837,0.18665
000269_lcam_front_lidar.ply,0.2,800,0.9,0.14271,0.37278,1,0.1956,0.98864,0.18672
000270_lcam_front_lidar.ply,0.2,800,0.9,0.13847,0.37525,1,0.19773,0.98877,0.1851
000271_lcam_front_lidar.ply,0.2,800,0.9,0.13741,0.37833,1,0.20155,0.98913,0.18708
000272_lcam_front_lidar.ply,0.2,800,0.9,0.13196,0.37829,1,0.20656,0.98867,0.19648
000273_lcam_front_lidar.ply,0.2,800,0.9,0.14338,0.3742,1,0.20002,0.9882,0.19332
000274_lcam_front_lidar.ply,0.2,800,0.9,0.16636,0.37758,1,0.20652,0.98821,0.19455
000275_lcam_front_lidar.ply,0.2,800,0.9,0.14359,0.37313,1,0.20037,0.98826,0.1938
000276_lcam_front_lidar.ply,0.2,800,0.9,0.14586,0.36705,1,0.19144,0.98935,0.18825
000277_lcam_front_lidar.ply,0.2,800,0.9,0.13924,0.35917,1,0.1826,0.9871,0.18863
000278_lcam_front_lidar.ply,0.2,800,0.9,0.14286,0.36678,1,0.19294,0.98785,0.19319
000279_lcam_front_lidar.ply,0.2,800,0.9,0.15054,0.37602,1,0.20466,0.9881,0.19725
000280_lcam_front_lidar.ply,0.2,800,0.9,0.16737,0.39107,1,0.22334,0.98782,0.20077
000281_lcam_front_lidar.ply,0.2,800,0.9,0.1562,0.38519,1,0.21755,0.9878,0.20344
000282_lcam_front_lidar.ply,0.2,800,0.9,0.13855,0.35541,1,0.18034,0.98695,0.19342
000283_lcam_front_lidar.ply,0.2,800,0.9,0.1635,0.35428,1,0.17444,0.99093,0.17749
000284_lcam_front_lidar.ply,0.2,800,0.9,0.15393,0.38042,1,0.21456,0.98914,0.20951
000285_lcam_front_lidar.ply,0.2,800,0.9,0.15649,0.36068,1,0.18758,0.98906,0.19238
000286_lcam_front_lidar.ply,0.2,800,0.9,0.16434,0.34753,1,0.17388,0.99022,0.1898
000287_lcam_front_lidar.ply,0.2,800,0.9,0.16616,0.35772,1,0.1831,0.98712,0.18929
000288_lcam_front_lidar.ply,0.2,800,0.9,0.14828,0.37118,1,0.20766,0.99039,0.2153
000289_lcam_front_lidar.ply,0.2,800,0.9,0.15259,0.37147,1,0.19634,0.98763,0.19202
000290_lcam_front_lidar.ply,0.2,800,0.9,0.15867,0.36347,1,0.19407,0.98818,0.20009
000291_lcam_front_lidar.ply,0.2,800,0.9,0.16768,0.37317,1,0.20852,0.98877,0.20331
000292_lcam_front_lidar.ply,0.2,800,0.9,0.14832,0.39969,1,0.23632,0.98803,0.20968
000293_lcam_front_lidar.ply,0.2,800,0.9,0.15616,0.3942,1,0.22831,0.98776,0.20938
000294_lcam_front_lidar.ply,0.2,800,0.9,0.15923,0.36585,1,0.20811,0.98981,0.2213
000295_lcam_front_lidar.ply,0.2,800,0.9,0.14777,0.37419,1,0.20444,0.98894,0.19972
000296_lcam_front_lidar.ply,0.2,800,0.9,0.13867,0.36805,1,0.20092,0.99013,0.21043
000297_lcam_front_lidar.ply,0.2,800,0.9,0.16835,0.37395,1,0.21139,0.98843,0.21146
000298_lcam_front_lidar.ply,0.2,800,0.9,0.14583,0.38441,1,0.22095,0.98717,0.21642
000299_lcam_front_lidar.ply,0.2,800,0.9,0.14435,0.40826,1,0.24555,0.98828,0.21325
000300_lcam_front_lidar.ply,0.2,800,0.9,0.19337,0.35056,1,0.19329,0.98595,0.21427
000301_lcam_front_lidar.ply,0.2,800,0.9,0.19077,0.36764,1,0.20553,0.9886,0.20543
000302_lcam_front_lidar.ply,0.2,800,0.9,0.18623,0.37058,1,0.20821,0.98953,0.21181
000303_lcam_front_lidar.ply,0.2,800,0.9,0.16217,0.35454,1,0.19135,0.99227,0.21154
000304_lcam_front_lidar.ply,0.2,800,0.9,0.15824,0.36572,1,0.20498,0.99123,0.21764
000305_lcam_front_lidar.ply,0.2,800,0.9,0.15466,0.36952,1,0.20476,0.98806,0.20778
000306_lcam_front_lidar.ply,0.2,800,0.9,0.1643,0.36437,1,0.19831,0.98912,0.2061
000307_lcam_front_lidar.ply,0.2,800,0.9,0.17059,0.36066,1,0.20209,0.99131,0.21793
000308_lcam_front_lidar.ply,0.2,800,0.9,0.17874,0.37654,1,0.21575,0.98869,0.21124
000309_lcam_front_lidar.ply,0.2,800,0.9,0.19043,0.24901,1,0.02897,0.9997,0.09148
000310_lcam_front_lidar.ply,0.2,800,0.9,0.18944,0.24818,1,0.02846,0.99972,0.09001
000311_lcam_front_lidar.ply,0.2,800,0.9,0.15769,0.37728,1,0.22421,0.9892,0.23035
000312_lcam_front_lidar.ply,0.2,800,0.9,0.14297,0.36734,1,0.20575,0.98894,0.21523
000313_lcam_front_lidar.ply,0.2,800,0.9,0.17436,0.24959,1,0.02937,0.99964,0.0931
000314_lcam_front_lidar.ply,0.2,800,0.9,0.16428,0.38737,1,0.23178,0.98886,0.22416
000315_lcam_front_lidar.ply,0.2,800,0.9,0.17438,0.36949,1,0.20568,0.98852,0.20974
000316_lcam_front_lidar.ply,0.2,800,0.9,0.14906,0.39223,1,0.22285,0.98834,0.20211
000317_lcam_front_lidar.ply,0.2,800,0.9,0.18859,0.26335,1,0.0255,0.99979,0.05297
000318_lcam_front_lidar.ply,0.2,800,0.9,0.15942,0.28872,1,0.09944,0.98772,0.15888
000319_lcam_front_lidar.ply,0.2,800,0.9,0.15567,0.34642,1,0.18705,0.99145,0.21977
000320_lcam_front_lidar.ply,0.2,800,0.9,0.16621,0.25868,1,0.05767,0.87897,0.13351
000321_lcam_front_lidar.ply,0.2,800,0.9,0.17258,0.33782,1,0.18247,0.99195,0.22437
000322_lcam_front_lidar.ply,0.2,800,0.9,0.16978,0.38267,1,0.2237,0.98833,0.21668
000323_lcam_front_lidar.ply,0.2,800,0.9,0.16101,0.26912,1,0.07922,0.98776,0.15447
000324_lcam_front_lidar.ply,0.2,800,0.9,0.15307,0.35588,1,0.19334,0.98876,0.21446
000325_lcam_front_lidar.ply,0.2,800,0.9,0.15289,0.35596,1,0.19129,0.9884,0.20742
000326_lcam_front_lidar.ply,0.2,800,0.9,0.15286,0.34688,1,0.18239,0.98862,0.20629
000327_lcam_front_lidar.ply,0.2,800,0.9,0.16535,0.34992,1,0.18399,0.98854,0.20349
000328_lcam_front_lidar.ply,0.2,800,0.9,0.12956,0.35737,1,0.18442,0.98903,0.19696
000329_lcam_front_lidar.ply,0.2,800,0.9,0.13516,0.35964,1,0.18816,0.98874,0.19779
000330_lcam_front_lidar.ply,0.2,800,0.9,0.13038,0.3613,1,0.18747,0.98859,0.19311
000331_lcam_front_lidar.ply,0.2,800,0.9,0.13471,0.36455,1,0.18716,0.9886,0.18681
000332_lcam_front_lidar.ply,0.2,800,0.9,0.13132,0.3707,1,0.19048,0.98844,0.18227
000333_lcam_front_lidar.ply,0.2,800,0.9,0.13203,0.3687,1,0.18954,0.98854,0.18443
000334_lcam_front_lidar.ply,0.2,800,0.9,0.12756,0.36514,1,0.18557,0.98854,0.18177
000335_lcam_front_lidar.ply,0.2,800,0.9,0.1454,0.37008,1,0.18857,0.98873,0.17414
000336_lcam_front_lidar.ply,0.2,800,0.9,0.14572,0.26149,1,0.05993,0.87772,0.13789
000337_lcam_front_lidar.ply,0.2,800,0.9,0.12758,0.36837,1,0.1869,0.98925,0.17972
000338_lcam_front_lidar.ply,0.2,800,0.9,0.12734,0.37035,1,0.18376,0.98847,0.17272
000339_lcam_front_lidar.ply,0.2,800,0.9,0.14029,0.37542,1,0.19167,0.98814,0.1733
000340_lcam_front_lidar.ply,0.2,800,0.9,0.13692,0.37494,1,0.19488,0.98841,0.18201
000341_lcam_front_lidar.ply,0.2,800,0.9,0.13191,0.37269,1,0.19131,0.98784,0.17645
000342_lcam_front_lidar.ply,0.2,800,0.9,0.13887,0.36428,1,0.18208,0.98763,0.17625
000343_lcam_front_lidar.ply,0.2,800,0.9,0.12779,0.37714,1,0.19179,0.98703,0.17364
000344_lcam_front_lidar.ply,0.2,800,0.9,0.13249,0.377,1,0.19289,0.98707,0.17271
000345_lcam_front_lidar.ply,0.2,800,0.9,0.12907,0.38179,1,0.19675,0.98795,0.17308
000346_lcam_front_lidar.ply,0.2,800,0.9,0.15741,0.37206,1,0.18794,0.98829,0.16851
000347_lcam_front_lidar.ply,0.2,800,0.9,0.12858,0.36138,1,0.17392,0.98699,0.16771
000348_lcam_front_lidar.ply,0.2,800,0.9,0.14112,0.36016,1,0.17596,0.98708,0.17194
000349_lcam_front_lidar.ply,0.2,800,0.9,0.12728,0.36446,1,0.17754,0.98664,0.16858
000350_lcam_front_lidar.ply,0.2,800,0.9,0.12673,0.35794,1,0.17514,0.98702,0.17537
000351_lcam_front_lidar.ply,0.2,800,0.9,0.12888,0.36111,1,0.1799,0.98718,0.17705
000352_lcam_front_lidar.ply,0.2,800,0.9,0.13898,0.37028,1,0.18955,0.98733,0.18009
000353_lcam_front_lidar.ply,0.2,800,0.9,0.1543,0.35526,1,0.17584,0.98704,0.17828
000354_lcam_front_lidar.ply,0.2,800,0.9,0.12639,0.36905,1,0.19164,0.98822,0.18753
000355_lcam_front_lidar.ply,0.2,800,0.9,0.14699,0.36759,1,0.19411,0.98938,0.19135
000356_lcam_front_lidar.ply,0.2,800,0.9,0.12757,0.37183,1,0.19628,0.98838,0.19137
000357_lcam_front_lidar.ply,0.2,800,0.9,0.11118,0.36322,1,0.18654,0.98766,0.19182
000358_lcam_front_lidar.ply,0.2,800,0.9,0.13288,0.36503,1,0.19294,0.98867,0.20007
000359_lcam_front_lidar.ply,0.2,800,0.9,0.13041,0.36057,1,0.1864,0.9875,0.19191
000360_lcam_front_lidar.ply,0.2,800,0.9,0.1366,0.36964,1,0.19264,0.98726,0.1863
000361_lcam_front_lidar.ply,0.2,800,0.9,0.13817,0.36471,1,0.18818,0.98705,0.18899
000362_lcam_front_lidar.ply,0.2,800,0.9,0.13303,0.36081,1,0.19067,0.98792,0.19662
000363_lcam_front_lidar.ply,0.2,800,0.9,0.12095,0.36404,1,0.18778,0.98798,0.18935
000364_lcam_front_lidar.ply,0.2,800,0.9,0.14549,0.35833,1,0.1846,0.98818,0.19008
000365_lcam_front_lidar.ply,0.2,800,0.9,0.12498,0.34814,1,0.18045,0.98944,0.20469
000366_lcam_front_lidar.ply,0.2,800,0.9,0.13646,0.34179,1,0.17572,0.99011,0.20996
000367_lcam_front_lidar.ply,0.2,800,0.9,0.13803,0.35047,1,0.1838,0.9902,0.2064
000368_lcam_front_lidar.ply,0.2,800,0.9,0.12673,0.34367,1,0.17687,0.99031,0.21043
000369_lcam_front_lidar.ply,0.2,800,0.9,0.13859,0.35041,1,0.18032,0.98736,0.19786
000370_lcam_front_lidar.ply,0.2,800,0.9,0.13139,0.34869,1,0.17794,0.98864,0.20276
000371_lcam_front_lidar.ply,0.2,800,0.9,0.15076,0.33815,1,0.17312,0.98931,0.20471
000372_lcam_front_lidar.ply,0.2,800,0.9,0.14386,0.33587,1,0.17139,0.9895,0.20662
000373_lcam_front_lidar.ply,0.2,800,0.9,0.14258,0.33997,1,0.17169,0.98899,0.20271
000374_lcam_front_lidar.ply,0.2,800,0.9,0.14754,0.34169,1,0.17481,0.98959,0.20367
000375_lcam_front_lidar.ply,0.2,800,0.9,0.16308,0.32735,1,0.17249,0.99075,0.22492
000376_lcam_front_lidar.ply,0.2,800,0.9,0.14091,0.34089,1,0.17213,0.99157,0.20305
000377_lcam_front_lidar.ply,0.2,800,0.9,0.1521,0.33913,1,0.17052,0.98923,0.20281
000378_lcam_front_lidar.ply,0.2,800,0.9,0.13819,0.3407,1,0.17272,0.98922,0.20229
000379_lcam_front_lidar.ply,0.2,800,0.9,0.12774,0.34636,1,0.17026,0.98879,0.19214
000380_lcam_front_lidar.ply,0.2,800,0.9,0.1449,0.34878,1,0.17908,0.98912,0.19973
000381_lcam_front_lidar.ply,0.2,800,0.9,0.14784,0.34657,1,0.17671,0.98704,0.20333
000382_lcam_front_lidar.ply,0.2,800,0.9,0.13946,0.34964,1,0.18072,0.98907,0.20236
000383_lcam_front_lidar.ply,0.2,800,0.9,0.14019,0.3424,1,0.17317,0.98696,0.20056
000384_lcam_front_lidar.ply,0.2,800,0.9,0.14003,0.34829,1,0.1797,0.98669,0.20504
000385_lcam_front_lidar.ply,0.2,800,0.9,0.12908,0.3335,1,0.16709,0.99098,0.20652
000386_lcam_front_lidar.ply,0.2,800,0.9,0.13681,0.33882,1,0.16871,0.9872,0.20326
000387_lcam_front_lidar.ply,0.2,800,0.9,0.14878,0.33164,1,0.16294,0.99026,0.19898
000388_lcam_front_lidar.ply,0.2,800,0.9,0.14277,0.33986,1,0.17077,0.98721,0.20235
000389_lcam_front_lidar.ply,0.2,800,0.9,0.1332,0.33035,1,0.16032,0.98716,0.20052
000390_lcam_front_lidar.ply,0.2,800,0.9,0.13735,0.3309,1,0.156,0.9861,0.19357
000391_lcam_front_lidar.ply,0.2,800,0.9,0.14878,0.33577,1,0.16428,0.98763,0.19496
000392_lcam_front_lidar.ply,0.2,800,0.9,0.14102,0.33212,1,0.15484,0.98706,0.1849
000393_lcam_front_lidar.ply,0.2,800,0.9,0.14322,0.33184,1,0.15446,0.98739,0.18232
000394_lcam_front_lidar.ply,0.2,800,0.9,0.11419,0.32333,1,0.15132,0.98802,0.19932
000395_lcam_front_lidar.ply,0.2,800,0.9,0.12708,0.32478,1,0.15508,0.98851,0.20161
000396_lcam_front_lidar.ply,0.2,800,0.9,0.16352,0.31574,1,0.15005,0.98871,0.19971
000397_lcam_front_lidar.ply,0.2,800,0.9,0.13698,0.32938,1,0.1566,0.98838,0.19555
000398_lcam_front_lidar.ply,0.2,800,0.9,0.13903,0.3312,1,0.15953,0.9886,0.19753
000399_lcam_front_lidar.ply,0.2,800,0.9,0.14281,0.32737,1,0.15537,0.98856,0.19294
000400_lcam_front_lidar.ply,0.2,800,0.9,0.13395,0.32033,1,0.14775,0.98812,0.19453
000401_lcam_front_lidar.ply,0.2,800,0.9,0.13267,0.32607,1,0.14532,0.98786,0.17812
000402_lcam_front_lidar.ply,0.2,800,0.9,0.12729,0.33303,1,0.14654,0.98773,0.17251
000403_lcam_front_lidar.ply,0.2,800,0.9,0.13048,0.34705,1,0.17485,0.98516,0.19744
000404_lcam_front_lidar.ply,0.2,800,0.9,0.12722,0.33939,1,0.15459,0.98564,0.1728
000405_lcam_front_lidar.ply,0.2,800,0.9,0.11424,0.34981,1,0.16876,0.98454,0.18288
000406_lcam_front_lidar.ply,0.2,800,0.9,0.12885,0.33685,1,0.14552,0.98802,0.16026
000407_lcam_front_lidar.ply,0.2,800,0.9,0.11137,0.36038,1,0.17862,0.98467,0.18435
000408_lcam_front_lidar.ply,0.15,800,0.9,0.12242,0.32567,1,0.11119,0.98774,0.11712
000409_lcam_front_lidar.ply,0.2,800,0.9,0.15457,0.33378,1,0.13692,0.98517,0.14484
000410_lcam_front_lidar.ply,0.2,800,0.9,0.15902,0.31196,1,0.1212,0.98278,0.15235
000411_lcam_front_lidar.ply,0.15,800,0.9,0.14239,0.32076,1,0.10982,0.98225,0.12095
000412_lcam_front_lidar.ply,0.15,800,0.9,0.13285,0.32182,1,0.11871,0.97422,0.13414
000413_lcam_front_lidar.ply,0.15,800,0.9,0.14833,0.32169,1,0.11522,0.9774,0.12573
000414_lcam_front_lidar.ply,0.15,800,0.9,0.12211,0.31987,1,0.10945,0.97567,0.12228
000415_lcam_front_lidar.ply,0.15,800,0.9,0.14078,0.32362,1,0.1163,0.97915,0.12558
000416_lcam_front_lidar.ply,0.15,800,0.9,0.14198,0.31825,1,0.10818,0.9767,0.11731
000417_lcam_front_lidar.ply,0.15,800,0.9,0.13645,0.31666,1,0.1124,0.97208,0.12979
000418_lcam_front_lidar.ply,0.15,800,0.9,0.13832,0.31268,1,0.11223,0.97307,0.14043
000419_lcam_front_lidar.ply,0.15,800,0.9,0.11891,0.31939,1,0.11578,0.97301,0.13753
000420_lcam_front_lidar.ply,0.15,800,0.9,0.12758,0.31513,1,0.10722,0.97817,0.12705
000421_lcam_front_lidar.ply,0.15,800,0.9,0.12075,0.31437,1,0.10643,0.97519,0.12781
000422_lcam_front_lidar.ply,0.15,800,0.9,0.13441,0.32112,1,0.11188,0.97343,0.1248
000423_lcam_front_lidar.ply,0.15,800,0.9,0.11778,0.32209,1,0.10928,0.97981,0.11845
000424_lcam_front_lidar.ply,0.15,800,0.9,0.13688,0.32106,1,0.10268,0.98188,0.10255
000425_lcam_front_lidar.ply,0.15,800,0.9,0.14643,0.26146,1,0.05926,0.95303,0.13126
000426_lcam_front_lidar.ply,0.15,800,0.9,0.13968,0.26018,1,0.05784,0.95323,0.1349
000427_lcam_front_lidar.ply,0.15,800,0.9,0.11987,0.31689,1,0.11873,0.9703,0.14544
000428_lcam_front_lidar.ply,0.15,800,0.9,0.12902,0.3233,1,0.10027,0.97707,0.09696
000429_lcam_front_lidar.ply,0.15,800,0.9,0.13283,0.32088,1,0.12282,0.97003,0.14155
000430_lcam_front_lidar.ply,0.15,800,0.9,0.11749,0.33405,1,0.1371,0.96333,0.15284
000431_lcam_front_lidar.ply,0.15,800,0.9,0.15606,0.30907,1,0.10688,0.97297,0.12973
000432_lcam_front_lidar.ply,0.15,800,0.9,0.12518,0.32305,1,0.10634,0.97982,0.10948
000433_lcam_front_lidar.ply,0.15,800,0.9,0.12082,0.3131,1,0.10584,0.97588,0.12703
000434_lcam_front_lidar.ply,0.15,800,0.9,0.11664,0.31633,1,0.0975,0.97865,0.10448
000435_lcam_front_lidar.ply,0.15,800,0.9,0.12814,0.31088,1,0.09863,0.97759,0.11378
000436_lcam_front_lidar.ply,0.15,800,0.9,0.12657,0.30778,1,0.09262,0.97839,0.10585
000437_lcam_front_lidar.ply,0.15,800,0.9,0.1206,0.30632,1,0.09658,0.97632,0.12125
000438_lcam_front_lidar.ply,0.15,800,0.9,0.1502,0.31396,1,0.10054,0.97938,0.11026
000439_lcam_front_lidar.ply,0.15,800,0.9,0.13081,0.31487,1,0.10333,0.97741,0.11842
000440_lcam_front_lidar.ply,0.15,800,0.9,0.13678,0.31065,1,0.10285,0.97675,0.12201
000441_lcam_front_lidar.ply,0.15,800,0.9,0.14625,0.30912,1,0.09901,0.97871,0.11546
000442_lcam_front_lidar.ply,0.15,800,0.9,0.13659,0.3071,1,0.0986,0.97725,0.12094
000443_lcam_front_lidar.ply,0.15,800,0.9,0.13003,0.312,1,0.09938,0.97741,0.11569
000444_lcam_front_lidar.ply,0.15,800,0.9,0.1249,0.31122,1,0.1034,0.97535,0.12467
000445_lcam_front_lidar.ply,0.15,800,0.9,0.14611,0.24595,1,0.05129,0.94764,0.14435
000446_lcam_front_lidar.ply,0.15,800,0.9,0.13271,0.258,1,0.03939,0.92029,0.10415
000447_lcam_front_lidar.ply,0.15,800,0.9,0.11528,0.30192,1,0.09656,0.9772,0.13201
000448_lcam_front_lidar.ply,0.15,800,0.9,0.15046,0.25424,1,0.04466,0.9253,0.11763
000449_lcam_front_lidar.ply,0.15,800,0.9,0.11693,0.30016,1,0.09021,0.97062,0.12161
000450_lcam_front_lidar.ply,0.15,800,0.9,0.12846,0.2485,1,0.03914,0.91244,0.12056
000451_lcam_front_lidar.ply,0.15,800,0.9,0.1275,0.26386,1,0.06791,0.95227,0.15025
000452_lcam_front_lidar.ply,0.15,800,0.9,0.13586,0.2611,1,0.06589,0.95122,0.15054
000453_lcam_front_lidar.ply,0.15,800,0.9,0.1272,0.2488,1,0.04231,0.9066,0.13029
000454_lcam_front_lidar.ply,0.15,800,0.9,0.1431,0.25095,1,0.05741,0.94713,0.15179
000455_lcam_front_lidar.ply,0.15,800,0.9,0.14318,0.24641,1,0.03919,0.91256,0.12479
000456_lcam_front_lidar.ply,0.15,800,0.9,0.12704,0.2618,1,0.05985,0.95213,0.13965
000457_lcam_front_lidar.ply,0.15,800,0.9,0.13842,0.25664,1,0.03791,0.91948,0.103
000458_lcam_front_lidar.ply,0.15,800,0.9,0.12075,0.24703,1,0.03742,0.91371,0.12427
000459_lcam_front_lidar.ply,0.15,800,0.9,0.19065,0.30009,1,0.09102,0.96662,0.11093
000460_lcam_front_lidar.ply,0.15,800,0.9,0.1268,0.24771,1,0.03675,0.9161,0.11965
000461_lcam_front_lidar.ply,0.15,800,0.9,0.14262,0.24234,1,0.03469,0.9147,0.12321
000462_lcam_front_lidar.ply,0.15,800,0.9,0.16284,0.24365,1,0.03658,0.92238,0.12208
000463_lcam_front_lidar.ply,0.15,800,0.9,0.15892,0.3073,1,0.09215,0.96427,0.10723
000464_lcam_front_lidar.ply,0.15,800,0.9,0.16094,0.30649,1,0.09316,0.96339,0.10774
000465_lcam_front_lidar.ply,0.15,800,0.9,0.14363,0.31195,1,0.09587,0.96266,0.10394
000466_lcam_front_lidar.ply,0.15,800,0.9,0.16278,0.3059,1,0.09862,0.96345,0.12076
000467_lcam_front_lidar.ply,0.15,800,0.9,0.1465,0.30741,1,0.09545,0.96225,0.11306
000468_lcam_front_lidar.ply,0.15,800,0.9,0.14305,0.30982,1,0.09866,0.96236,0.11631
000469_lcam_front_lidar.ply,0.15,800,0.9,0.1455,0.30901,1,0.09615,0.96175,0.11241
000470_lcam_front_lidar.ply,0.15,800,0.9,0.12929,0.31084,1,0.0959,0.96065,0.10986
000471_lcam_front_lidar.ply,0.15,800,0.9,0.12113,0.32152,1,0.10312,0.96409,0.10982
000472_lcam_front_lidar.ply,0.15,800,0.9,0.1274,0.3118,1,0.09769,0.96072,0.10839
000473_lcam_front_lidar.ply,0.15,800,0.9,0.14344,0.30661,1,0.09326,0.96094,0.11429
000474_lcam_front_lidar.ply,0.15,800,0.9,0.13036,0.30923,1,0.09629,0.96372,0.11608
000475_lcam_front_lidar.ply,0.15,800,0.9,0.12499,0.30711,1,0.09375,0.96125,0.11381
000476_lcam_front_lidar.ply,0.15,800,0.9,0.13062,0.31639,1,0.10932,0.96125,0.12842
000477_lcam_front_lidar.ply,0.15,800,0.9,0.1429,0.31118,1,0.09799,0.96216,0.11388
000478_lcam_front_lidar.ply,0.15,800,0.9,0.14254,0.3042,1,0.09963,0.96158,0.13091
000479_lcam_front_lidar.ply,0.15,800,0.9,0.15921,0.30921,1,0.09987,0.95966,0.11799
000480_lcam_front_lidar.ply,0.15,800,0.9,0.14426,0.3047,1,0.09775,0.95973,0.12519
000481_lcam_front_lidar.ply,0.15,800,0.9,0.14882,0.30173,1,0.09902,0.95811,0.1327
000482_lcam_front_lidar.ply,0.15,800,0.9,0.14822,0.30477,1,0.09793,0.96383,0.12349
000483_lcam_front_lidar.ply,0.15,800,0.9,0.12502,0.30012,1,0.09569,0.96063,0.13322
000484_lcam_front_lidar.ply,0.15,800,0.9,0.14293,0.29989,1,0.09503,0.96473,0.12946
000485_lcam_front_lidar.ply,0.15,800,0.9,0.14287,0.30095,1,0.09018,0.96205,0.11897
000486_lcam_front_lidar.ply,0.2,800,0.9,0.14668,0.32595,1,0.17061,0.97005,0.22717
000487_lcam_front_lidar.ply,0.15,800,0.9,0.14243,0.32552,1,0.14286,0.98407,0.17581
000488_lcam_front_lidar.ply,0.2,800,0.9,0.13984,0.33411,1,0.18579,0.97444,0.23984
000489_lcam_front_lidar.ply,0.2,800,0.9,0.11711,0.33438,1,0.18099,0.9727,0.23898
000490_lcam_front_lidar.ply,0.15,800,0.9,0.14282,0.33129,1,0.15035,0.98343,0.18163
000491_lcam_front_lidar.ply,0.2,800,0.9,0.14281,0.33407,1,0.18142,0.9771,0.23629
000492_lcam_front_lidar.ply,0.2,800,0.9,0.12306,0.3387,1,0.18608,0.97779,0.24019
000493_lcam_front_lidar.ply,0.2,800,0.9,0.13774,0.33399,1,0.17882,0.97883,0.22968
000494_lcam_front_lidar.ply,0.2,800,0.9,0.14271,0.33382,1,0.17025,0.98095,0.21442
000495_lcam_front_lidar.ply,0.2,800,0.9,0.14339,0.3324,1,0.1724,0.98275,0.21931
000496_lcam_front_lidar.ply,0.2,800,0.9,0.1422,0.33298,1,0.18329,0.97731,0.23849
000497_lcam_front_lidar.ply,0.2,800,0.9,0.15234,0.33523,1,0.18158,0.9804,0.23005
000498_lcam_front_lidar.ply,0.2,800,0.9,0.14432,0.33813,1,0.18088,0.98097,0.22689
000499_lcam_front_lidar.ply,0.2,800,0.9,0.15937,0.33768,1,0.17913,0.98202,0.22293
000500_lcam_front_lidar.ply,0.2,800,0.9,0.14935,0.33446,1,0.1863,0.97715,0.24019
000501_lcam_front_lidar.ply,0.2,800,0.9,0.14808,0.33844,1,0.18614,0.97605,0.23819
000502_lcam_front_lidar.ply,0.2,800,0.9,0.13888,0.33595,1,0.17903,0.98052,0.22917
000503_lcam_front_lidar.ply,0.2,800,0.9,0.13141,0.33877,1,0.18406,0.97612,0.23305
000504_lcam_front_lidar.ply,0.2,800,0.9,0.1648,0.33369,1,0.1828,0.97603,0.23342
000505_lcam_front_lidar.ply,0.2,800,0.9,0.14651,0.33668,1,0.17733,0.98131,0.22563
000506_lcam_front_lidar.ply,0.2,800,0.9,0.15169,0.33684,1,0.18208,0.9797,0.22936
000507_lcam_front_lidar.ply,0.2,800,0.9,0.15351,0.33889,1,0.18725,0.97655,0.23606
000508_lcam_front_lidar.ply,0.2,800,0.9,0.13556,0.34101,1,0.18474,0.97577,0.23016
000509_lcam_front_lidar.ply,0.2,800,0.9,0.14689,0.33487,1,0.17716,0.97931,0.22635
000510_lcam_front_lidar.ply,0.2,800,0.9,0.15867,0.33255,1,0.17777,0.97758,0.23036
000511_lcam_front_lidar.ply,0.2,800,0.9,0.15871,0.33098,1,0.17766,0.97497,0.23133
000512_lcam_front_lidar.ply,0.2,800,0.9,0.15058,0.33069,1,0.17537,0.97558,0.22925
000513_lcam_front_lidar.ply,0.2,800,0.9,0.14692,0.33414,1,0.17831,0.97643,0.23265
000514_lcam_front_lidar.ply,0.2,800,0.9,0.15493,0.32654,1,0.17083,0.97902,0.23104
000515_lcam_front_lidar.ply,0.2,800,0.9,0.15481,0.32861,1,0.1726,0.97831,0.22878
000516_lcam_front_lidar.ply,0.2,800,0.9,0.15456,0.32782,1,0.17198,0.97841,0.2281
000517_lcam_front_lidar.ply,0.2,800,0.9,0.14307,0.32873,1,0.17184,0.97481,0.23262
000518_lcam_front_lidar.ply,0.2,800,0.9,0.17113,0.32332,1,0.16988,0.97873,0.22889
000519_lcam_front_lidar.ply,0.2,800,0.9,0.17455,0.32032,1,0.1684,0.97734,0.23037
000520_lcam_front_lidar.ply,0.2,800,0.9,0.17647,0.31903,1,0.16783,0.9754,0.23226
000521_lcam_front_lidar.ply,0.2,800,0.9,0.19489,0.31872,1,0.16747,0.97732,0.2284
000522_lcam_front_lidar.ply,0.2,800,0.9,0.17138,0.31867,1,0.165,0.97717,0.22835
000523_lcam_front_lidar.ply,0.2,800,0.9,0.16413,0.32279,1,0.16527,0.97696,0.22598
000524_lcam_front_lidar.ply,0.2,800,0.9,0.1685,0.31585,1,0.165,0.97684,0.23494
000525_lcam_front_lidar.ply,0.2,800,0.9,0.17471,0.31699,1,0.1639,0.97595,0.2298
000526_lcam_front_lidar.ply,0.2,800,0.9,0.17379,0.31511,1,0.1613,0.97449,0.22993
000527_lcam_front_lidar.ply,0.2,800,0.9,0.16245,0.31566,1,0.16104,0.97356,0.22874
000528_lcam_front_lidar.ply,0.2,800,0.9,0.17307,0.3105,1,0.15851,0.97627,0.23266
000529_lcam_front_lidar.ply,0.2,800,0.9,0.15836,0.31724,1,0.16101,0.97378,0.22582
000530_lcam_front_lidar.ply,0.2,800,0.9,0.16578,0.3131,1,0.15723,0.97791,0.22494
000531_lcam_front_lidar.ply,0.2,800,0.9,0.18084,0.31018,1,0.15741,0.97556,0.22721
000532_lcam_front_lidar.ply,0.2,800,0.9,0.16453,0.31958,1,0.16192,0.9774,0.22199
000533_lcam_front_lidar.ply,0.2,800,0.9,0.16946,0.3174,1,0.16088,0.97382,0.22352
000534_lcam_front_lidar.ply,0.2,800,0.9,0.15942,0.32287,1,0.16095,0.97806,0.21512
000535_lcam_front_lidar.ply,0.2,800,0.9,0.15997,0.31412,1,0.15742,0.97545,0.22382
000536_lcam_front_lidar.ply,0.2,800,0.9,0.15825,0.31837,1,0.15675,0.97765,0.21528
000537_lcam_front_lidar.ply,0.2,800,0.9,0.15614,0.31021,1,0.15467,0.97525,0.22554
000538_lcam_front_lidar.ply,0.2,800,0.9,0.16938,0.31554,1,0.1568,0.97319,0.22042
000539_lcam_front_lidar.ply,0.2,800,0.9,0.15999,0.3147,1,0.15642,0.97606,0.2236
000540_lcam_front_lidar.ply,0.2,800,0.9,0.14709,0.31057,1,0.15181,0.97463,0.22267
000541_lcam_front_lidar.ply,0.2,800,0.9,0.15539,0.30881,1,0.15134,0.97383,0.22341
000542_lcam_front_lidar.ply,0.2,800,0.9,0.1602,0.31093,1,0.14747,0.97781,0.21024
000543_lcam_front_lidar.ply,0.2,800,0.9,0.14529,0.31153,1,0.15241,0.97483,0.22307
000544_lcam_front_lidar.ply,0.2,800,0.9,0.17462,0.3116,1,0.14654,0.97862,0.20621
000545_lcam_front_lidar.ply,0.2,800,0.9,0.16603,0.30571,1,0.14882,0.97417,0.22536
000546_lcam_front_lidar.ply,0.2,800,0.9,0.14211,0.30679,1,0.14583,0.97362,0.21927
000547_lcam_front_lidar.ply,0.2,800,0.9,0.15867,0.30261,1,0.14515,0.97367,0.22349
000548_lcam_front_lidar.ply,0.2,800,0.9,0.16336,0.30641,1,0.13964,0.97941,0.20213
000549_lcam_front_lidar.ply,0.2,800,0.9,0.15674,0.30695,1,0.14633,0.97343,0.21762
000550_lcam_front_lidar.ply,0.2,800,0.9,0.15895,0.3055,1,0.13864,0.97769,0.20471
000551_lcam_front_lidar.ply,0.2,800,0.9,0.15886,0.30254,1,0.13462,0.97832,0.20069
000552_lcam_front_lidar.ply,0.15,800,0.9,0.17464,0.2894,1,0.1031,0.98129,0.16344
000553_lcam_front_lidar.ply,0.2,800,0.9,0.1568,0.30127,1,0.1327,0.97871,0.19922
000554_lcam_front_lidar.ply,0.2,800,0.9,0.17943,0.2981,1,0.13084,0.97874,0.19624
000555_lcam_front_lidar.ply,0.2,800,0.9,0.15873,0.30033,1,0.14118,0.97282,0.21616
000556_lcam_front_lidar.ply,0.2,800,0.9,0.1472,0.30295,1,0.13621,0.97648,0.20436
000557_lcam_front_lidar.ply,0.15,800,0.9,0.20722,0.28319,1,0.09903,0.98297,0.15808
000558_lcam_front_lidar.ply,0.15,800,0.9,0.19049,0.2871,1,0.09917,0.98221,0.15611
000559_lcam_front_lidar.ply,0.15,800,0.9,0.17845,0.2827,1,0.09767,0.98333,0.16035
000560_lcam_front_lidar.ply,0.2,800,0.9,0.16033,0.29478,1,0.13373,0.97238,0.21278
000561_lcam_front_lidar.ply,0.15,800,0.9,0.15874,0.2825,1,0.09,0.98267,0.151
000562_lcam_front_lidar.ply,0.15,800,0.9,0.17703,0.2825,1,0.09516,0.98244,0.15834
000563_lcam_front_lidar.ply,0.15,800,0.9,0.19079,0.28069,1,0.08958,0.98155,0.14729
000564_lcam_front_lidar.ply,0.15,800,0.9,0.19101,0.28351,1,0.09709,0.98244,0.16003
000565_lcam_front_lidar.ply,0.15,800,0.9,0.16075,0.25595,1,0.07344,0.97324,0.17456
000566_lcam_front_lidar.ply,0.15,800,0.9,0.17985,0.27773,1,0.08716,0.98029,0.15439
000567_lcam_front_lidar.ply,0.15,800,0.9,0.18548,0.26014,1,0.07188,0.9756,0.15965
000568_lcam_front_lidar.ply,0.15,800,0.9,0.1745,0.27032,1,0.07344,0.96825,0.14085
000569_lcam_front_lidar.ply,0.15,800,0.9,0.18599,0.26096,1,0.06959,0.98108,0.14937
000570_lcam_front_lidar.ply,0.2,800,0.9,0.1471,0.29134,1,0.13208,0.97275,0.21831
000571_lcam_front_lidar.ply,0.15,800,0.9,0.16089,0.26652,1,0.0802,0.9789,0.16533
000572_lcam_front_lidar.ply,0.15,800,0.9,0.1761,0.2636,1,0.07793,0.97588,0.16331
000573_lcam_front_lidar.ply,0.15,800,0.9,0.16239,0.26676,1,0.08232,0.97886,0.16876
000574_lcam_front_lidar.ply,0.15,800,0.9,0.16724,0.2619,1,0.07138,0.97704,0.15643
000575_lcam_front_lidar.ply,0.15,800,0.9,0.17513,0.26697,1,0.07668,0.97984,0.15464
000576_lcam_front_lidar.ply,0.15,800,0.9,0.16928,0.25386,1,0.06587,0.97872,0.16004
000577_lcam_front_lidar.ply,0.15,800,0.9,0.18298,0.26411,1,0.07365,0.97527,0.15266
000578_lcam_front_lidar.ply,0.15,800,0.9,0.18409,0.26234,1,0.07151,0.97523,0.15349
000579_lcam_front_lidar.ply,0.15,800,0.9,0.17751,0.27032,1,0.05995,0.95828,0.11247
000580_lcam_front_lidar.ply,0.15,800,0.9,0.1846,0.26751,1,0.07357,0.97911,0.14368
000581_lcam_front_lidar.ply,0.15,800,0.9,0.19236,0.25253,1,0.05043,0.97007,0.12696
000582_lcam_front_lidar.ply,0.15,800,0.9,0.19744,0.26846,1,0.07005,0.96727,0.13439
000583_lcam_front_lidar.ply,0.15,800,0.9,0.18248,0.26237,1,0.07358,0.97245,0.15936
000584_lcam_front_lidar.ply,0.15,800,0.9,0.20255,0.26652,1,0.06241,0.96856,0.12254
000585_lcam_front_lidar.ply,0.15,800,0.9,0.17488,0.26809,1,0.06977,0.96623,0.13674
000586_lcam_front_lidar.ply,0.15,800,0.9,0.19068,0.26564,1,0.05737,0.96037,0.11683
000587_lcam_front_lidar.ply,0.15,800,0.9,0.18399,0.25978,1,0.07062,0.9604,0.15821
000588_lcam_front_lidar.ply,0.15,800,0.9,0.18395,0.26238,1,0.06759,0.9776,0.14448
000589_lcam_front_lidar.ply,0.15,800,0.9,0.17236,0.27254,1,0.06525,0.95608,0.12101
000590_lcam_front_lidar.ply,0.15,800,0.9,0.18186,0.24845,1,0.05955,0.96101,0.15832
000591_lcam_front_lidar.ply,0.15,800,0.9,0.18131,0.26523,1,0.07249,0.97542,0.14861
000592_lcam_front_lidar.ply,0.15,800,0.9,0.17346,0.26619,1,0.07343,0.97422,0.15169
000593_lcam_front_lidar.ply,0.15,800,0.9,0.17483,0.25921,1,0.07003,0.97188,0.1583
000594_lcam_front_lidar.ply,0.15,800,0.9,0.17865,0.26413,1,0.07107,0.9755,0.15209
000595_lcam_front_lidar.ply,0.15,800,0.9,0.17737,0.26597,1,0.06196,0.96904,0.12939
000596_lcam_front_lidar.ply,0.15,800,0.9,0.17639,0.26567,1,0.0737,0.97459,0.15186
000597_lcam_front_lidar.ply,0.15,800,0.9,0.17561,0.27075,1,0.06823,0.96806,0.13149
000598_lcam_front_lidar.ply,0.15,800,0.9,0.16984,0.27717,1,0.0624,0.95669,0.10802
000599_lcam_front_lidar.ply,0.15,800,0.9,0.1747,0.27924,1,0.06425,0.95439,0.10806
000600_lcam_front_lidar.ply,0.15,800,0.9,0.20178,0.27136,1,0.0632,0.95644,0.11604
000601_lcam_front_lidar.ply,0.15,800,0.9,0.19926,0.27619,1,0.06867,0.95491,0.11593
000602_lcam_front_lidar.ply,0.15,800,0.9,0.19425,0.25628,1,0.06104,0.9701,0.1424
000603_lcam_front_lidar.ply,0.15,800,0.9,0.17718,0.2679,1,0.0739,0.97209,0.14838
000604_lcam_front_lidar.ply,0.15,800,0.9,0.17905,0.27382,1,0.07095,0.96228,0.13018
000605_lcam_front_lidar.ply,0.15,800,0.9,0.18468,0.2718,1,0.06129,0.95285,0.11396
000606_lcam_front_lidar.ply,0.15,800,0.9,0.1961,0.2618,1,0.05539,0.95582,0.12051
000607_lcam_front_lidar.ply,0.15,800,0.9,0.20067,0.26604,1,0.06417,0.96237,0.126
000608_lcam_front_lidar.ply,0.15,800,0.9,0.19332,0.25926,1,0.06489,0.96843,0.14453
000609_lcam_front_lidar.ply,0.15,800,0.9,0.17086,0.2764,1,0.09238,0.98203,0.16906
000610_lcam_front_lidar.ply,0.15,800,0.9,0.18663,0.27959,1,0.09599,0.97941,0.16882
000611_lcam_front_lidar.ply,0.15,800,0.9,0.18877,0.27395,1,0.07134,0.96023,0.12773
000612_lcam_front_lidar.ply,0.15,800,0.9,0.18943,0.27413,1,0.09656,0.9792,0.1743
000613_lcam_front_lidar.ply,0.15,800,0.9,0.16763,0.27865,1,0.0919,0.97741,0.16525
000614_lcam_front_lidar.ply,0.15,800,0.9,0.16849,0.27588,1,0.08382,0.97883,0.15357
000615_lcam_front_lidar.ply,0.15,800,0.9,0.1428,0.2786,1,0.09044,0.97848,0.16655
000616_lcam_front_lidar.ply,0.15,800,0.9,0.19146,0.27532,1,0.09065,0.9769,0.16222
000617_lcam_front_lidar.ply,0.15,800,0.9,0.16469,0.2784,1,0.08705,0.97733,0.15361
000618_lcam_front_lidar.ply,0.15,800,0.9,0.15796,0.28278,1,0.08747,0.97456,0.14737
000619_lcam_front_lidar.ply,0.15,800,0.9,0.17126,0.27262,1,0.08192,0.97705,0.15687
000620_lcam_front_lidar.ply,0.15,800,0.9,0.15905,0.27832,1,0.08656,0.97597,0.15378
000621_lcam_front_lidar.ply,0.15,800,0.9,0.15786,0.27557,1,0.08146,0.97428,0.15347
000622_lcam_front_lidar.ply,0.15,800,0.9,0.17422,0.27665,1,0.07918,0.97636,0.14101
000623_lcam_front_lidar.ply,0.15,800,0.9,0.15255,0.27537,1,0.07948,0.97313,0.14942
000624_lcam_front_lidar.ply,0.15,800,0.9,0.1741,0.26618,1,0.06949,0.97259,0.14042
000625_lcam_front_lidar.ply,0.15,800,0.9,0.16815,0.27184,1,0.07816,0.97784,0.14808
000626_lcam_front_lidar.ply,0.15,800,0.9,0.14978,0.26917,1,0.07148,0.97309,0.146
000627_lcam_front_lidar.ply,0.15,800,0.9,0.16718,0.26767,1,0.07461,0.97139,0.15091
000628_lcam_front_lidar.ply,0.15,800,0.9,0.17838,0.26606,1,0.07398,0.97221,0.1511
000629_lcam_front_lidar.ply,0.15,800,0.9,0.15908,0.26466,1,0.0707,0.97173,0.15112
000630_lcam_front_lidar.ply,0.15,800,0.9,0.22812,0.25095,1,0.07098,0.97428,0.16481
000631_lcam_front_lidar.ply,0.15,800,0.9,0.16956,0.25902,1,0.05909,0.97279,0.13526
000632_lcam_front_lidar.ply,0.15,800,0.9,0.17436,0.2613,1,0.05415,0.97313,0.12292
000633_lcam_front_lidar.ply,0.15,800,0.9,0.18105,0.25826,1,0.05477,0.9733,0.12822
000634_lcam_front_lidar.ply,0.15,800,0.9,0.17717,0.26065,1,0.05985,0.97273,0.13339
000635_lcam_front_lidar.ply,0.15,800,0.9,0.17852,0.25797,1,0.05405,0.97332,0.12673
000636_lcam_front_lidar.ply,0.15,800,0.9,0.18631,0.25646,1,0.05467,0.97028,0.12884
000637_lcam_front_lidar.ply,0.15,800,0.9,0.19383,0.25584,1,0.05115,0.97229,0.11955
000638_lcam_front_lidar.ply,0.15,800,0.9,0.18621,0.24888,1,0.05043,0.97148,0.13297
000639_lcam_front_lidar.ply,0.15,800,0.9,0.16215,0.24846,1,0.04659,0.97459,0.13289
000640_lcam_front_lidar.ply,0.15,800,0.9,0.1846,0.2471,1,0.04938,0.97163,0.1362
000641_lcam_front_lidar.ply,0.15,800,0.9,0.15525,0.24592,1,0.0325,0.96217,0.11157
000642_lcam_front_lidar.ply,0.15,800,0.9,0.18357,0.26779,1,0.0,0.0,0.0
000643_lcam_front_lidar.ply,0.15,800,0.9,0.16818,0.24826,1,0.04706,0.97214,0.13605
000644_lcam_front_lidar.ply,0.15,800,0.9,0.18326,0.24101,1,0.0442,0.97172,0.14152
000645_lcam_front_lidar.ply,0.15,800,0.9,0.16963,0.26907,1,0.0,0.0,0.0
000646_lcam_front_lidar.ply,0.15,800,0.9,0.2033,0.25017,1,0.04216,0.96971,0.11624
000647_lcam_front_lidar.ply,0.15,800,0.9,0.1873,0.24663,1,0.04714,0.96921,0.13332
000648_lcam_front_lidar.ply,0.15,800,0.9,0.15933,0.2409,1,0.04431,0.97259,0.14268
000649_lcam_front_lidar.ply,0.15,800,0.9,0.18155,0.26896,1,0.0,0.0,0.0
000650_lcam_front_lidar.ply,0.15,800,0.9,0.18164,0.24384,1,0.0424,0.96894,0.12983
000651_lcam_front_lidar.ply,0.15,800,0.9,0.16581,0.26915,1,0.0,0.0,0.0
000652_lcam_front_lidar.ply,0.15,800,0.9,0.19325,0.24249,1,0.04091,0.96911,0.12912
000653_lcam_front_lidar.ply,0.15,800,0.9,0.16612,0.26599,1,0.0,0.0,0.0
000654_lcam_front_lidar.ply,0.15,800,0.9,0.17951,0.26589,1,0.0,0.0,0.0
000655_lcam_front_lidar.ply,0.15,800,0.9,0.15613,0.26892,1,0.0,0.0,0.0
000656_lcam_front_lidar.ply,0.15,800,0.9,0.15476,0.2707,1,0.0,0.0,0.0
000657_lcam_front_lidar.ply,0.15,800,0.9,0.17218,0.26785,1,0.0,0.0,0.0
000658_lcam_front_lidar.ply,0.15,800,0.9,0.16784,0.26775,1,0.0,0.0,0.0
000659_lcam_front_lidar.ply,0.15,800,0.9,0.16194,0.26839,1,0.0,0.0,0.0
000660_lcam_front_lidar.ply,0.15,800,0.9,0.18049,0.26715,1,0.0,0.0,0.0
000661_lcam_front_lidar.ply,0.15,800,0.9,0.17486,0.26783,1,0.0,0.0,0.0
000662_lcam_front_lidar.ply,0.15,800,0.9,0.16811,0.26844,1,0.0,0.0,0.0
000663_lcam_front_lidar.ply,0.15,800,0.9,0.16246,0.2694,1,0.0,0.0,0.0
000664_lcam_front_lidar.ply,0.15,800,0.9,0.15269,0.26848,1,0.0,0.0,0.0
000665_lcam_front_lidar.ply,0.15,800,0.9,0.1561,0.26949,1,0.0,0.0,0.0
000666_lcam_front_lidar.ply,0.15,800,0.9,0.16351,0.268,1,0.0,0.0,0.0
000667_lcam_front_lidar.ply,0.15,800,0.9,0.16851,0.26613,1,0.0,0.0,0.0
000668_lcam_front_lidar.ply,0.15,800,0.9,0.1653,0.26698,1,0.0,0.0,0.0
000669_lcam_front_lidar.ply,0.15,800,0.9,0.14909,0.26784,1,0.0,0.0,0.0
000670_lcam_front_lidar.ply,0.15,800,0.9,0.16642,0.26854,1,0.0,0.0,0.0
000671_lcam_front_lidar.ply,0.15,800,0.9,0.15557,0.26806,1,0.0,0.0,0.0
000672_lcam_front_lidar.ply,0.15,800,0.9,0.16248,0.2679,1,0.0,0.0,0.0
000673_lcam_front_lidar.ply,0.15,800,0.9,0.14246,0.26855,1,0.0,0.0,0.0
000674_lcam_front_lidar.ply,0.15,800,0.9,0.1584,0.26895,1,0.0,0.0,0.0
000675_lcam_front_lidar.ply,0.15,800,0.9,0.15969,0.26875,1,0.0,0.0,0.0
000676_lcam_front_lidar.ply,0.15,800,0.9,0.16187,0.26912,1,0.0,0.0,0.0
000677_lcam_front_lidar.ply,0.15,800,0.9,0.14325,0.27027,1,0.0,0.0,0.0
000678_lcam_front_lidar.ply,0.15,800,0.9,0.14733,0.26979,1,0.0,0.0,0.0
000679_lcam_front_lidar.ply,0.15,800,0.9,0.14286,0.27032,1,0.0,0.0,0.0
000680_lcam_front_lidar.ply,0.15,800,0.9,0.14453,0.26881,1,0.0,0.0,0.0
000681_lcam_front_lidar.ply,0.15,800,0.9,0.13178,0.26811,1,0.0,0.0,0.0
000682_lcam_front_lidar.ply,0.1,800,0.9,0.13617,0.27268,1,0.0,0.0,0.0
000683_lcam_front_lidar.ply,0.15,800,0.9,0.13663,0.27103,1,0.0,0.0,0.0
000684_lcam_front_lidar.ply,0.15,800,0.9,0.1559,0.26912,1,0.0,0.0,0.0
000685_lcam_front_lidar.ply,0.15,800,0.9,0.12465,0.26885,1,0.0,0.0,0.0
000686_lcam_front_lidar.ply,0.15,800,0.9,0.15059,0.26908,1,0.0,0.0,0.0
000687_lcam_front_lidar.ply,0.15,800,0.9,0.17286,0.26811,1,0.0,0.0,0.0
000688_lcam_front_lidar.ply,0.15,800,0.9,0.14113,0.27073,1,0.0,0.0,0.0
000689_lcam_front_lidar.ply,0.15,800,0.9,0.16262,0.26657,1,0.0,0.0,0.0
000690_lcam_front_lidar.ply,0.15,800,0.9,0.14485,0.26776,1,0.0,0.0,0.0
000691_lcam_front_lidar.ply,0.1,800,0.9,0.11864,0.27274,1,0.0,0.0,0.0
000692_lcam_front_lidar.ply,0.15,800,0.9,0.13519,0.27017,1,0.0,0.0,0.0
000693_lcam_front_lidar.ply,0.1,800,0.9,0.12688,0.27298,1,0.0,0.0,0.0
000694_lcam_front_lidar.ply,0.1,800,0.9,0.11935,0.27281,1,0.0,0.0,0.0
000695_lcam_front_lidar.ply,0.1,800,0.9,0.13481,0.27113,1,0.0,0.0,0.0
000696_lcam_front_lidar.ply,0.1,800,0.9,0.13435,0.2708,1,0.0,0.0,0.0
000697_lcam_front_lidar.ply,0.15,800,0.9,0.16575,0.2662,1,0.0,0.0,0.0
000698_lcam_front_lidar.ply,0.1,800,0.9,0.12473,0.2707,1,0.0,0.0,0.0
000699_lcam_front_lidar.ply,0.1,800,0.9,0.15367,0.26913,1,0.0,0.0,0.0
000700_lcam_front_lidar.ply,0.1,800,0.9,0.14178,0.27108,1,0.0,0.0,0.0
000701_lcam_front_lidar.ply,0.1,800,0.9,0.14154,0.26935,1,0.0,0.0,0.0
000702_lcam_front_lidar.ply,0.1,800,0.9,0.12815,0.26992,1,0.0,0.0,0.0
000703_lcam_front_lidar.ply,0.1,800,0.9,0.13935,0.2725,1,0.0,0.0,0.0
000704_lcam_front_lidar.ply,0.1,800,0.9,0.14004,0.26975,1,0.0,0.0,0.0
000705_lcam_front_lidar.ply,0.1,800,0.9,0.13168,0.27217,1,0.0,0.0,0.0
000706_lcam_front_lidar.ply,0.1,800,0.9,0.14506,0.2703,1,0.0,0.0,0.0
000707_lcam_front_lidar.ply,0.1,800,0.9,0.18147,0.26606,1,0.0,0.0,0.0
000708_lcam_front_lidar.ply,0.1,800,0.9,0.148,0.27003,1,0.0,0.0,0.0
000709_lcam_front_lidar.ply,0.1,800,0.9,0.19087,0.26487,1,0.0,0.0,0.0
000710_lcam_front_lidar.ply,0.1,800,0.9,0.12489,0.27262,1,0.0,0.0,0.0
000711_lcam_front_lidar.ply,0.1,800,0.9,0.11931,0.27217,1,0.0,0.0,0.0
000712_lcam_front_lidar.ply,0.1,800,0.9,0.21018,0.26267,1,0.0,0.0,0.0
000713_lcam_front_lidar.ply,0.1,800,0.9,0.13898,0.26891,1,0.0,0.0,0.0
000714_lcam_front_lidar.ply,0.1,800,0.9,0.18739,0.26525,1,0.0,0.0,0.0
000715_lcam_front_lidar.ply,0.1,800,0.9,0.17327,0.26638,1,0.0,0.0,0.0
000716_lcam_front_lidar.ply,0.1,800,0.9,0.13865,0.26964,1,0.0,0.0,0.0
000717_lcam_front_lidar.ply,0.1,800,0.9,0.14432,0.2709,1,0.0,0.0,0.0
000718_lcam_front_lidar.ply,0.1,800,0.9,0.14028,0.26938,1,0.0,0.0,0.0
000719_lcam_front_lidar.ply,0.1,800,0.9,0.14167,0.2695,1,0.0,0.0,0.0
000720_lcam_front_lidar.ply,0.1,800,0.9,0.14228,0.26969,1,0.0,0.0,0.0
000721_lcam_front_lidar.ply,0.1,800,0.9,0.15566,0.26849,1,0.0,0.0,0.0
000722_lcam_front_lidar.ply,0.1,800,0.9,0.15669,0.2684,1,0.0,0.0,0.0
000723_lcam_front_lidar.ply,0.1,800,0.9,0.13358,0.2714,1,0.0,0.0,0.0
000724_lcam_front_lidar.ply,0.1,800,0.9,0.12744,0.27255,1,0.0,0.0,0.0
000725_lcam_front_lidar.ply,0.1,800,0.9,0.14931,0.26905,1,0.0,0.0,0.0
000726_lcam_front_lidar.ply,0.1,800,0.9,0.15672,0.26815,1,0.0,0.0,0.0
000727_lcam_front_lidar.ply,0.15,800,0.9,0.15282,0.26509,1,0.0,0.0,0.0
000728_lcam_front_lidar.ply,0.1,800,0.9,0.14651,0.26958,1,0.0,0.0,0.0
000729_lcam_front_lidar.ply,0.1,800,0.9,0.13982,0.27017,1,0.0,0.0,0.0
000730_lcam_front_lidar.ply,0.1,800,0.9,0.15287,0.26739,1,0.0,0.0,0.0
000731_lcam_front_lidar.ply,0.1,800,0.9,0.13297,0.27099,1,0.0,0.0,0.0
000732_lcam_front_lidar.ply,0.1,800,0.9,0.14672,0.26816,1,0.0,0.0,0.0
000733_lcam_front_lidar.ply,0.1,800,0.9,0.14513,0.26804,1,0.0,0.0,0.0
000734_lcam_front_lidar.ply,0.1,800,0.9,0.13,0.27089,1,0.0,0.0,0.0
000735_lcam_front_lidar.ply,0.1,800,0.9,0.14724,0.26924,1,0.0,0.0,0.0
000736_lcam_front_lidar.ply,0.1,800,0.9,0.15589,0.26723,1,0.0,0.0,0.0
000737_lcam_front_lidar.ply,0.1,800,0.9,0.15688,0.26807,1,0.0,0.0,0.0
000738_lcam_front_lidar.ply,0.1,800,0.9,0.14186,0.2689,1,0.0,0.0,0.0
000739_lcam_front_lidar.ply,0.1,800,0.9,0.15273,0.26886,1,0.0,0.0,0.0
000740_lcam_front_lidar.ply,0.1,800,0.9,0.15964,0.26865,1,0.0,0.0,0.0
000741_lcam_front_lidar.ply,0.1,800,0.9,0.12627,0.27073,1,0.0,0.0,0.0
000742_lcam_front_lidar.ply,0.1,800,0.9,0.15131,0.26959,1,0.0,0.0,0.0
000743_lcam_front_lidar.ply,0.1,800,0.9,0.14339,0.27037,1,0.0,0.0,0.0
000744_lcam_front_lidar.ply,0.1,800,0.9,0.15689,0.26888,1,0.0,0.0,0.0
000745_lcam_front_lidar.ply,0.1,800,0.9,0.14454,0.26975,1,0.0,0.0,0.0
000746_lcam_front_lidar.ply,0.1,800,0.9,0.14329,0.26961,1,0.0,0.0,0.0
000747_lcam_front_lidar.ply,0.1,800,0.9,0.13491,0.27061,1,0.0,0.0,0.0
000748_lcam_front_lidar.ply,0.15,800,0.9,0.12949,0.26785,1,0.0,0.0,0.0
000749_lcam_front_lidar.ply,0.1,800,0.9,0.13307,0.26941,1,0.0,0.0,0.0
000750_lcam_front_lidar.ply,0.1,800,0.9,0.1522,0.26833,1,0.0,0.0,0.0
000751_lcam_front_lidar.ply,0.1,800,0.9,0.14324,0.27083,1,0.0,0.0,0.0
000752_lcam_front_lidar.ply,0.1,800,0.9,0.15363,0.26812,1,0.0,0.0,0.0
000753_lcam_front_lidar.ply,0.1,800,0.9,0.14547,0.27037,1,0.0,0.0,0.0
000754_lcam_front_lidar.ply,0.15,800,0.9,0.16176,0.26642,1,0.0,0.0,0.0
000755_lcam_front_lidar.ply,0.1,800,0.9,0.13677,0.26978,1,0.0,0.0,0.0
000756_lcam_front_lidar.ply,0.15,800,0.9,0.14647,0.2686,1,0.0,0.0,0.0
000757_lcam_front_lidar.ply,0.1,800,0.9,0.15074,0.26763,1,0.0,0.0,0.0
000758_lcam_front_lidar.ply,0.1,800,0.9,0.13411,0.26989,1,0.0,0.0,0.0
000759_lcam_front_lidar.ply,0.1,800,0.9,0.17944,0.26625,1,0.0,0.0,0.0
000760_lcam_front_lidar.ply,0.1,800,0.9,0.15124,0.26869,1,0.0,0.0,0.0
000761_lcam_front_lidar.ply,0.1,800,0.9,0.13682,0.26907,1,0.0,0.0,0.0
000762_lcam_front_lidar.ply,0.1,800,0.9,0.1362,0.26998,1,0.0,0.0,0.0
000763_lcam_front_lidar.ply,0.1,800,0.9,0.14191,0.26812,1,0.0,0.0,0.0
000764_lcam_front_lidar.ply,0.1,800,0.9,0.13941,0.26919,1,0.0,0.0,0.0
000765_lcam_front_lidar.ply,0.1,800,0.9,0.14739,0.26993,1,0.0,0.0,0.0
000766_lcam_front_lidar.ply,0.15,800,0.9,0.1461,0.26756,1,0.0,0.0,0.0
000767_lcam_front_lidar.ply,0.1,800,0.9,0.1604,0.26739,1,0.0,0.0,0.0
000768_lcam_front_lidar.ply,0.1,800,0.9,0.14671,0.26935,1,0.0,0.0,0.0
000769_lcam_front_lidar.ply,0.1,800,0.9,0.1551,0.26873,1,0.0,0.0,0.0
000770_lcam_front_lidar.ply,0.15,800,0.9,0.1493,0.26679,1,0.0,0.0,0.0
000771_lcam_front_lidar.ply,0.15,800,0.9,0.14642,0.26767,1,0.0,0.0,0.0
000772_lcam_front_lidar.ply,0.15,800,0.9,0.14112,0.26891,1,0.0,0.0,0.0
000773_lcam_front_lidar.ply,0.15,800,0.9,0.13535,0.26961,1,0.0,0.0,0.0
000774_lcam_front_lidar.ply,0.1,800,0.9,0.13669,0.26967,1,0.0,0.0,0.0
000775_lcam_front_lidar.ply,0.1,800,0.9,0.13436,0.27065,1,0.0,0.0,0.0
000776_lcam_front_lidar.ply,0.15,800,0.9,0.15505,0.26735,1,0.0,0.0,0.0
000777_lcam_front_lidar.ply,0.15,800,0.9,0.15725,0.26695,1,0.0,0.0,0.0
000778_lcam_front_lidar.ply,0.1,800,0.9,0.20715,0.26282,1,0.0,0.0,0.0
000779_lcam_front_lidar.ply,0.15,800,0.9,0.17409,0.26429,1,0.0,0.0,0.0
000780_lcam_front_lidar.ply,0.15,800,0.9,0.15932,0.26736,1,0.0,0.0,0.0
000781_lcam_front_lidar.ply,0.15,800,0.9,0.18561,0.26549,1,0.0,0.0,0.0
000782_lcam_front_lidar.ply,0.1,800,0.9,0.17761,0.2675,1,0.0,0.0,0.0
000783_lcam_front_lidar.ply,0.15,800,0.9,0.21704,0.26091,1,0.0,0.0,0.0
000784_lcam_front_lidar.ply,0.15,800,0.9,0.1567,0.26681,1,0.0,0.0,0.0
000785_lcam_front_lidar.ply,0.15,800,0.9,0.19971,0.26187,1,0.0,0.0,0.0
000786_lcam_front_lidar.ply,0.1,800,0.9,0.192,0.2658,1,0.0,0.0,0.0
000787_lcam_front_lidar.ply,0.15,800,0.9,0.15059,0.26844,1,0.0,0.0,0.0
000788_lcam_front_lidar.ply,0.15,800,0.9,0.20393,0.26265,1,0.0,0.0,0.0
000789_lcam_front_lidar.ply,0.15,800,0.9,0.15547,0.26596,1,0.0,0.0,0.0
000790_lcam_front_lidar.ply,0.15,800,0.9,0.12679,0.26957,1,0.0,0.0,0.0
000791_lcam_front_lidar.ply,0.1,800,0.9,0.12997,0.26991,1,0.0,0.0,0.0
000792_lcam_front_lidar.ply,0.15,800,0.9,0.14214,0.26777,1,0.0,0.0,0.0
000793_lcam_front_lidar.ply,0.15,800,0.9,0.14273,0.26769,1,0.0,0.0,0.0
000794_lcam_front_lidar.ply,0.15,800,0.9,0.15136,0.26729,1,0.0,0.0,0.0
000795_lcam_front_lidar.ply,0.1,800,0.9,0.14369,0.26985,1,0.0,0.0,0.0
000796_lcam_front_lidar.ply,0.1,800,0.9,0.18289,0.26466,1,0.0,0.0,0.0
000797_lcam_front_lidar.ply,0.1,800,0.9,0.14846,0.26736,1,0.0,0.0,0.0
000798_lcam_front_lidar.ply,0.1,800,0.9,0.12699,0.27068,1,0.0,0.0,0.0
000799_lcam_front_lidar.ply,0.1,800,0.9,0.14827,0.26721,1,0.0,0.0,0.0
000800_lcam_front_lidar.ply,0.15,800,0.9,0.17614,0.2626,1,0.0,0.0,0.0
000801_lcam_front_lidar.ply,0.1,800,0.9,0.15901,0.26584,1,0.0,0.0,0.0
000802_lcam_front_lidar.ply,0.1,800,0.9,0.17351,0.26468,1,0.0,0.0,0.0
000803_lcam_front_lidar.ply,0.1,800,0.9,0.22028,0.26001,1,0.0,0.0,0.0
000804_lcam_front_lidar.ply,0.1,800,0.9,0.18056,0.26402,1,0.0,0.0,0.0
000805_lcam_front_lidar.ply,0.1,800,0.9,0.13013,0.26911,1,0.0,0.0,0.0
000806_lcam_front_lidar.ply,0.1,800,0.9,0.17575,0.26466,1,0.0,0.0,0.0
000807_lcam_front_lidar.ply,0.1,800,0.9,0.14275,0.26903,1,0.0,0.0,0.0
000808_lcam_front_lidar.ply,0.1,800,0.9,0.18008,0.26593,1,0.0,0.0,0.0
000809_lcam_front_lidar.ply,0.1,800,0.9,0.14443,0.26966,1,0.0,0.0,0.0
000810_lcam_front_lidar.ply,0.1,800,0.9,0.12745,0.27114,1,0.0,0.0,0.0
000811_lcam_front_lidar.ply,0.1,800,0.9,0.12361,0.27189,1,0.0,0.0,0.0
000812_lcam_front_lidar.ply,0.1,800,0.9,0.15632,0.26939,1,0.0,0.0,0.0
000813_lcam_front_lidar.ply,0.1,800,0.9,0.14019,0.2699,1,0.0,0.0,0.0
000814_lcam_front_lidar.ply,0.1,800,0.9,0.14534,0.26971,1,0.0,0.0,0.0
000815_lcam_front_lidar.ply,0.1,800,0.9,0.14504,0.2692,1,0.0,0.0,0.0
000816_lcam_front_lidar.ply,0.1,800,0.9,0.14027,0.26847,1,0.0,0.0,0.0
000817_lcam_front_lidar.ply,0.1,800,0.9,0.15708,0.26906,1,0.0,0.0,0.0
000818_lcam_front_lidar.ply,0.1,800,0.9,0.19493,0.2629,1,0.0,0.0,0.0
000819_lcam_front_lidar.ply,0.1,800,0.9,0.16344,0.26696,1,0.0,0.0,0.0
000820_lcam_front_lidar.ply,0.1,800,0.9,0.18049,0.26413,1,0.0,0.0,0.0
000821_lcam_front_lidar.ply,0.1,800,0.9,0.17752,0.26537,1,0.0,0.0,0.0
000822_lcam_front_lidar.ply,0.1,800,0.9,0.12725,0.27032,1,0.0,0.0,0.0
000823_lcam_front_lidar.ply,0.1,800,0.9,0.18765,0.26218,1,0.0,0.0,0.0
000824_lcam_front_lidar.ply,0.1,800,0.9,0.21752,0.26189,1,0.0,0.0,0.0
000825_lcam_front_lidar.ply,0.1,800,0.9,0.15146,0.26762,1,0.0,0.0,0.0
000826_lcam_front_lidar.ply,0.1,800,0.9,0.12471,0.27279,1,0.0,0.0,0.0
000827_lcam_front_lidar.ply,0.1,800,0.9,0.1552,0.26694,1,0.0,0.0,0.0
000828_lcam_front_lidar.ply,0.1,800,0.9,0.1485,0.2681,1,0.0,0.0,0.0
000829_lcam_front_lidar.ply,0.1,800,0.9,0.14037,0.26596,1,0.0,0.0,0.0
000830_lcam_front_lidar.ply,0.1,800,0.9,0.13574,0.2701,1,0.0,0.0,0.0
000831_lcam_front_lidar.ply,0.1,800,0.9,0.15071,0.26908,1,0.0,0.0,0.0
000832_lcam_front_lidar.ply,0.1,800,0.9,0.14477,0.26902,1,0.0,0.0,0.0
000833_lcam_front_lidar.ply,0.1,800,0.9,0.18685,0.264,1,0.0,0.0,0.0
000834_lcam_front_lidar.ply,0.15,800,0.9,0.33578,0.24529,1,0.0,0.0,0.0
000835_lcam_front_lidar.ply,0.1,800,0.9,0.22684,0.2581,1,0.0,0.0,0.0
000836_lcam_front_lidar.ply,0.1,800,0.9,0.19389,0.26173,1,0.0,0.0,0.0
000837_lcam_front_lidar.ply,0.1,800,0.9,0.15514,0.26642,1,0.0,0.0,0.0
000838_lcam_front_lidar.ply,0.1,800,0.9,0.15801,0.26568,1,0.0,0.0,0.0
000839_lcam_front_lidar.ply,0.1,800,0.9,0.12743,0.27211,1,0.0,0.0,0.0
000840_lcam_front_lidar.ply,0.1,800,0.9,0.13905,0.26674,1,0.0,0.0,0.0
000841_lcam_front_lidar.ply,0.1,800,0.9,0.13077,0.27065,1,0.0,0.0,0.0
000842_lcam_front_lidar.ply,0.1,800,0.9,0.13199,0.26843,1,0.0,0.0,0.0
000843_lcam_front_lidar.ply,0.1,800,0.9,0.1653,0.26645,1,0.0,0.0,0.0
000844_lcam_front_lidar.ply,0.1,800,0.9,0.16734,0.26672,1,0.0,0.0,0.0
000845_lcam_front_lidar.ply,0.1,800,0.9,0.15947,0.26692,1,0.0,0.0,0.0
000846_lcam_front_lidar.ply,0.1,800,0.9,0.14791,0.26886,1,0.0,0.0,0.0
000847_lcam_front_lidar.ply,0.1,800,0.9,0.14001,0.26786,1,0.0,0.0,0.0
000848_lcam_front_lidar.ply,0.1,800,0.9,0.19642,0.26161,1,0.0,0.0,0.0
000849_lcam_front_lidar.ply,0.1,800,0.9,0.14752,0.26927,1,0.0,0.0,0.0
000850_lcam_front_lidar.ply,0.1,800,0.9,0.2125,0.2611,1,0.0,0.0,0.0
000851_lcam_front_lidar.ply,0.1,800,0.9,0.1705,0.26617,1,0.0,0.0,0.0
000852_lcam_front_lidar.ply,0.1,800,0.9,0.13169,0.26895,1,0.0,0.0,0.0
000853_lcam_front_lidar.ply,0.1,800,0.9,0.15976,0.26556,1,0.0,0.0,0.0
000854_lcam_front_lidar.ply,0.1,800,0.9,0.16034,0.26652,1,0.0,0.0,0.0
000855_lcam_front_lidar.ply,0.1,800,0.9,0.12728,0.26935,1,0.0,0.0,0.0
000856_lcam_front_lidar.ply,0.1,800,0.9,0.15645,0.2674,1,0.0,0.0,0.0
000857_lcam_front_lidar.ply,0.1,800,0.9,0.15408,0.2668,1,0.0,0.0,0.0
000858_lcam_front_lidar.ply,0.1,800,0.9,0.12842,0.26886,1,0.0,0.0,0.0
000859_lcam_front_lidar.ply,0.1,800,0.9,0.15083,0.26837,1,0.0,0.0,0.0
000860_lcam_front_lidar.ply,0.1,800,0.9,0.15221,0.2681,1,0.0,0.0,0.0
000861_lcam_front_lidar.ply,0.1,800,0.9,0.14785,0.26861,1,0.0,0.0,0.0
000862_lcam_front_lidar.ply,0.1,800,0.9,0.22772,0.25873,1,0.0,0.0,0.0
000863_lcam_front_lidar.ply,0.1,800,0.9,0.16272,0.26491,1,0.0,0.0,0.0
000864_lcam_front_lidar.ply,0.1,800,0.9,0.17461,0.26467,1,0.0,0.0,0.0
000865_lcam_front_lidar.ply,0.1,800,0.9,0.19834,0.26332,1,0.0,0.0,0.0
000866_lcam_front_lidar.ply,0.1,800,0.9,0.19738,0.26368,1,0.0,0.0,0.0
000867_lcam_front_lidar.ply,0.1,800,0.9,0.19846,0.26288,1,0.0,0.0,0.0
000868_lcam_front_lidar.ply,0.1,800,0.9,0.20088,0.26236,1,0.0,0.0,0.0
000869_lcam_front_lidar.ply,0.1,800,0.9,0.19514,0.26181,1,0.0,0.0,0.0
000870_lcam_front_lidar.ply,0.1,800,0.9,0.20053,0.26093,1,0.0,0.0,0.0
000871_lcam_front_lidar.ply,0.1,800,0.9,0.15112,0.26849,1,0.0,0.0,0.0
000872_lcam_front_lidar.ply,0.1,800,0.9,0.14225,0.26667,1,0.0,0.0,0.0
000873_lcam_front_lidar.ply,0.1,800,0.9,0.13935,0.26845,1,0.0,0.0,0.0
000874_lcam_front_lidar.ply,0.1,800,0.9,0.14294,0.26933,1,0.0,0.0,0.0
000875_lcam_front_lidar.ply,0.15,800,0.9,0.14236,0.26428,1,0.0,0.0,0.0
000876_lcam_front_lidar.ply,0.1,800,0.9,0.12808,0.26938,1,0.0,0.0,0.0
000877_lcam_front_lidar.ply,0.1,800,0.9,0.14347,0.26662,1,0.0,0.0,0.0
000878_lcam_front_lidar.ply,0.1,800,0.9,0.13998,0.26709,1,0.0,0.0,0.0
000879_lcam_front_lidar.ply,0.1,800,0.9,0.23653,0.25793,1,0.0,0.0,0.0
000880_lcam_front_lidar.ply,0.1,800,0.9,0.12152,0.27036,1,0.0,0.0,0.0
000881_lcam_front_lidar.ply,0.1,800,0.9,0.14104,0.26781,1,0.0,0.0,0.0
000882_lcam_front_lidar.ply,0.1,800,0.9,0.12865,0.26982,1,0.0,0.0,0.0
000883_lcam_front_lidar.ply,0.1,800,0.9,0.14259,0.2677,1,0.0,0.0,0.0
000884_lcam_front_lidar.ply,0.1,800,0.9,0.14301,0.26889,1,0.0,0.0,0.0
000885_lcam_front_lidar.ply,0.1,800,0.9,0.14103,0.26944,1,0.0,0.0,0.0
000886_lcam_front_lidar.ply,0.1,800,0.9,0.12648,0.26684,1,0.0,0.0,0.0
000887_lcam_front_lidar.ply,0.1,800,0.9,0.1326,0.27065,1,0.0,0.0,0.0
000888_lcam_front_lidar.ply,0.1,800,0.9,0.12685,0.26974,1,0.0,0.0,0.0
000889_lcam_front_lidar.ply,0.1,800,0.9,0.12688,0.26981,1,0.0,0.0,0.0
000890_lcam_front_lidar.ply,0.1,800,0.9,0.15064,0.26713,1,0.0,0.0,0.0
000891_lcam_front_lidar.ply,0.1,800,0.9,0.14442,0.26902,1,0.0,0.0,0.0
000892_lcam_front_lidar.ply,0.1,800,0.9,0.1478,0.26737,1,0.0,0.0,0.0
000893_lcam_front_lidar.ply,0.1,800,0.9,0.14644,0.26758,1,0.0,0.0,0.0
000894_lcam_front_lidar.ply,0.1,800,0.9,0.14455,0.26732,1,0.0,0.0,0.0
000895_lcam_front_lidar.ply,0.1,800,0.9,0.15401,0.26475,1,0.0,0.0,0.0
000896_lcam_front_lidar.ply,0.1,800,0.9,0.14592,0.26911,1,0.0,0.0,0.0
000897_lcam_front_lidar.ply,0.1,800,0.9,0.127,0.2705,1,0.0,0.0,0.0
000898_lcam_front_lidar.ply,0.1,800,0.9,0.14302,0.26841,1,0.0,0.0,0.0
000899_lcam_front_lidar.ply,0.1,800,0.9,0.14415,0.26712,1,0.0,0.0,0.0
000900_lcam_front_lidar.ply,0.1,800,0.9,0.14226,0.26691,1,0.0,0.0,0.0
000901_lcam_front_lidar.ply,0.1,800,0.9,0.13193,0.26917,1,0.0,0.0,0.0
000902_lcam_front_lidar.ply,0.1,800,0.9,0.13229,0.26593,1,0.0,0.0,0.0
000903_lcam_front_lidar.ply,0.1,800,0.9,0.14341,0.26899,1,0.0,0.0,0.0
000904_lcam_front_lidar.ply,0.1,800,0.9,0.14795,0.26779,1,0.0,0.0,0.0
000905_lcam_front_lidar.ply,0.1,800,0.9,0.20413,0.25871,1,0.0,0.0,0.0
000906_lcam_front_lidar.ply,0.1,800,0.9,0.15003,0.26774,1,0.0,0.0,0.0
000907_lcam_front_lidar.ply,0.1,800,0.9,0.12784,0.26764,1,0.0,0.0,0.0
000908_lcam_front_lidar.ply,0.1,800,0.9,0.14276,0.26695,1,0.0,0.0,0.0
000909_lcam_front_lidar.ply,0.1,800,0.9,0.1426,0.26881,1,0.0,0.0,0.0
000910_lcam_front_lidar.ply,0.1,800,0.9,0.14279,0.26762,1,0.0,0.0,0.0
000911_lcam_front_lidar.ply,0.1,800,0.9,0.1429,0.26719,1,0.0,0.0,0.0
000912_lcam_front_lidar.ply,0.1,800,0.9,0.14332,0.26755,1,0.0,0.0,0.0
000913_lcam_front_lidar.ply,0.1,800,0.9,0.14288,0.26874,1,0.0,0.0,0.0
000914_lcam_front_lidar.ply,0.1,800,0.9,0.13417,0.26618,1,0.0,0.0,0.0
000915_lcam_front_lidar.ply,0.1,800,0.9,0.127,0.26797,1,0.0,0.0,0.0
000916_lcam_front_lidar.ply,0.1,800,0.9,0.14358,0.26889,1,0.0,0.0,0.0
000917_lcam_front_lidar.ply,0.1,800,0.9,0.13927,0.26869,1,0.0,0.0,0.0
000918_lcam_front_lidar.ply,0.1,800,0.9,0.125,0.26919,1,0.0,0.0,0.0
000919_lcam_front_lidar.ply,0.1,800,0.9,0.13922,0.2662,1,0.0,0.0,0.0
000920_lcam_front_lidar.ply,0.1,800,0.9,0.12925,0.26929,1,0.0,0.0,0.0
000921_lcam_front_lidar.ply,0.1,800,0.9,0.12677,0.26957,1,0.0,0.0,0.0
000922_lcam_front_lidar.ply,0.1,800,0.9,0.12711,0.2706,1,0.0,0.0,0.0
000923_lcam_front_lidar.ply,0.1,800,0.9,0.13315,0.26691,1,0.0,0.0,0.0
000924_lcam_front_lidar.ply,0.1,800,0.9,0.14937,0.26827,1,0.0,0.0,0.0
000925_lcam_front_lidar.ply,0.1,800,0.9,0.12746,0.26839,1,0.0,0.0,0.0
000926_lcam_front_lidar.ply,0.1,800,0.9,0.12558,0.26982,1,0.0,0.0,0.0
000927_lcam_front_lidar.ply,0.1,800,0.9,0.12528,0.27035,1,0.0,0.0,0.0
000928_lcam_front_lidar.ply,0.1,800,0.9,0.12978,0.26926,1,0.0,0.0,0.0
000929_lcam_front_lidar.ply,0.1,800,0.9,0.15441,0.26369,1,0.0,0.0,0.0
000930_lcam_front_lidar.ply,0.1,800,0.9,0.15389,0.26761,1,0.0,0.0,0.0
000931_lcam_front_lidar.ply,0.1,800,0.9,0.15564,0.26668,1,0.0,0.0,0.0
000932_lcam_front_lidar.ply,0.1,800,0.9,0.14322,0.2669,1,0.0,0.0,0.0
000933_lcam_front_lidar.ply,0.1,800,0.9,0.13755,0.26782,1,0.0,0.0,0.0
000934_lcam_front_lidar.ply,0.1,800,0.9,0.1423,0.26569,1,0.0,0.0,0.0
000935_lcam_front_lidar.ply,0.1,800,0.9,0.13936,0.26613,1,0.0,0.0,0.0
000936_lcam_front_lidar.ply,0.1,800,0.9,0.13555,0.26864,1,0.0,0.0,0.0
000937_lcam_front_lidar.ply,0.1,800,0.9,0.13899,0.26931,1,0.0,0.0,0.0
000938_lcam_front_lidar.ply,0.1,800,0.9,0.15048,0.26755,1,0.0,0.0,0.0
000939_lcam_front_lidar.ply,0.1,800,0.9,0.14276,0.26907,1,0.0,0.0,0.0
000940_lcam_front_lidar.ply,0.1,800,0.9,0.13432,0.26883,1,0.0,0.0,0.0
000941_lcam_front_lidar.ply,0.1,800,0.9,0.13694,0.26665,1,0.0,0.0,0.0
000942_lcam_front_lidar.ply,0.1,800,0.9,0.1334,0.27005,1,0.0,0.0,0.0
000943_lcam_front_lidar.ply,0.1,800,0.9,0.15577,0.26557,1,0.0,0.0,0.0
000944_lcam_front_lidar.ply,0.1,800,0.9,0.13633,0.26936,1,0.0,0.0,0.0
000945_lcam_front_lidar.ply,0.1,800,0.9,0.12659,0.26811,1,0.0,0.0,0.0
000946_lcam_front_lidar.ply,0.1,800,0.9,0.14047,0.26832,1,0.0,0.0,0.0
000947_lcam_front_lidar.ply,0.1,800,0.9,0.13058,0.26824,1,0.0,0.0,0.0
000948_lcam_front_lidar.ply,0.1,800,0.9,0.12857,0.26741,1,0.0,0.0,0.0
000949_lcam_front_lidar.ply,0.1,800,0.9,0.14872,0.26808,1,0.0,0.0,0.0
000950_lcam_front_lidar.ply,0.1,800,0.9,0.13043,0.26892,1,0.0,0.0,0.0
000951_lcam_front_lidar.ply,0.1,800,0.9,0.13508,0.26607,1,0.0,0.0,0.0
000952_lcam_front_lidar.ply,0.1,800,0.9,0.14241,0.26652,1,0.0,0.0,0.0
000953_lcam_front_lidar.ply,0.1,800,0.9,0.14691,0.26537,1,0.0,0.0,0.0
000954_lcam_front_lidar.ply,0.1,800,0.9,0.13149,0.2684,1,0.0,0.0,0.0
000955_lcam_front_lidar.ply,0.1,800,0.9,0.12742,0.2694,1,0.0,0.0,0.0
000956_lcam_front_lidar.ply,0.1,800,0.9,0.13686,0.26873,1,0.0,0.0,0.0
000957_lcam_front_lidar.ply,0.1,800,0.9,0.13635,0.26881,1,0.0,0.0,0.0
000958_lcam_front_lidar.ply,0.1,800,0.9,0.12316,0.26994,1,0.0,0.0,0.0
000959_lcam_front_lidar.ply,0.1,800,0.9,0.13481,0.2664,1,0.0,0.0,0.0
000960_lcam_front_lidar.ply,0.1,800,0.9,0.14163,0.26925,1,0.0,0.0,0.0
000961_lcam_front_lidar.ply,0.1,800,0.9,0.129,0.2688,1,0.0,0.0,0.0
000962_lcam_front_lidar.ply,0.1,800,0.9,0.14289,0.26606,1,0.0,0.0,0.0
000963_lcam_front_lidar.ply,0.1,800,0.9,0.13014,0.26927,1,0.0,0.0,0.0
000964_lcam_front_lidar.ply,0.1,800,0.9,0.13143,0.26743,1,0.0,0.0,0.0
000965_lcam_front_lidar.ply,0.1,800,0.9,0.14059,0.26661,1,0.0,0.0,0.0
000966_lcam_front_lidar.ply,0.1,800,0.9,0.13101,0.26916,1,0.0,0.0,0.0
000967_lcam_front_lidar.ply,0.1,800,0.9,0.12762,0.27049,1,0.0,0.0,0.0
000968_lcam_front_lidar.ply,0.1,800,0.9,0.13221,0.26817,1,0.0,0.0,0.0
000969_lcam_front_lidar.ply,0.1,800,0.9,0.1427,0.26851,1,0.0,0.0,0.0
000970_lcam_front_lidar.ply,0.1,800,0.9,0.12486,0.26863,1,0.0,0.0,0.0
000971_lcam_front_lidar.ply,0.1,800,0.9,0.13645,0.26727,1,0.0,0.0,0.0
000972_lcam_front_lidar.ply,0.1,800,0.9,0.12714,0.26817,1,0.0,0.0,0.0
000973_lcam_front_lidar.ply,0.1,800,0.9,0.14676,0.26695,1,0.0,0.0,0.0
000974_lcam_front_lidar.ply,0.1,800,0.9,0.12681,0.26997,1,0.0,0.0,0.0
000975_lcam_front_lidar.ply,0.1,800,0.9,0.14764,0.26568,1,0.0,0.0,0.0
000976_lcam_front_lidar.ply,0.1,800,0.9,0.13578,0.26895,1,0.0,0.0,0.0
000977_lcam_front_lidar.ply,0.1,800,0.9,0.14036,0.26965,1,0.0,0.0,0.0
000978_lcam_front_lidar.ply,0.1,800,0.9,0.13904,0.26985,1,0.0,0.0,0.0
000979_lcam_front_lidar.ply,0.1,800,0.9,0.13722,0.26775,1,0.0,0.0,0.0
000980_lcam_front_lidar.ply,0.1,800,0.9,0.14363,0.26719,1,0.0,0.0,0.0
000981_lcam_front_lidar.ply,0.1,800,0.9,0.13614,0.26894,1,0.0,0.0,0.0
000982_lcam_front_lidar.ply,0.1,800,0.9,0.14421,0.26745,1,0.0,0.0,0.0
000983_lcam_front_lidar.ply,0.1,800,0.9,0.13134,0.2702,1,0.0,0.0,0.0
000984_lcam_front_lidar.ply,0.1,800,0.9,0.14231,0.2655,1,0.0,0.0,0.0
000985_lcam_front_lidar.ply,0.1,800,0.9,0.13806,0.26708,1,0.0,0.0,0.0
000986_lcam_front_lidar.ply,0.1,800,0.9,0.14147,0.26626,1,0.0,0.0,0.0
000987_lcam_front_lidar.ply,0.1,800,0.9,0.14872,0.26677,1,0.0,0.0,0.0
000988_lcam_front_lidar.ply,0.1,800,0.9,0.14055,0.26687,1,0.0,0.0,0.0
000989_lcam_front_lidar.ply,0.1,800,0.9,0.1501,0.26627,1,0.0,0.0,0.0
000990_lcam_front_lidar.ply,0.1,800,0.9,0.15882,0.26296,1,0.0,0.0,0.0
000991_lcam_front_lidar.ply,0.1,800,0.9,0.15087,0.26372,1,0.0,0.0,0.0
000992_lcam_front_lidar.ply,0.1,800,0.9,0.14111,0.26734,1,0.0,0.0,0.0
000993_lcam_front_lidar.ply,0.1,800,0.9,0.16106,0.26571,1,0.0,0.0,0.0
000994_lcam_front_lidar.ply,0.1,800,0.9,0.18021,0.26633,1,0.0,0.0,0.0
000995_lcam_front_lidar.ply,0.1,800,0.9,0.15612,0.26622,1,0.0,0.0,0.0
000996_lcam_front_lidar.ply,0.1,800,0.9,0.15368,0.26717,1,0.0,0.0,0.0
000997_lcam_front_lidar.ply,0.1,800,0.9,0.15083,0.26556,1,0.0,0.0,0.0
000998_lcam_front_lidar.ply,0.1,800,0.9,0.14808,0.26913,1,0.0,0.0,0.0
000999_lcam_front_lidar.ply,0.1,800,0.9,0.16087,0.26331,1,0.0,0.0,0.0
001000_lcam_front_lidar.ply,0.1,800,0.9,0.16552,0.26651,1,0.0,0.0,0.0
001001_lcam_front_lidar.ply,0.1,800,0.9,0.14052,0.26865,1,0.0,0.0,0.0
001002_lcam_front_lidar.ply,0.1,800,0.9,0.12864,0.26989,1,0.0,0.0,0.0
001003_lcam_front_lidar.ply,0.1,800,0.9,0.13315,0.27103,1,0.0,0.0,0.0
001004_lcam_front_lidar.ply,0.1,800,0.9,0.13529,0.26613,1,0.0,0.0,0.0
001005_lcam_front_lidar.ply,0.1,800,0.9,0.13033,0.26996,1,0.0,0.0,0.0
001006_lcam_front_lidar.ply,0.1,800,0.9,0.18565,0.26195,1,0.0,0.0,0.0
001007_lcam_front_lidar.ply,0.1,800,0.9,0.14176,0.26656,1,0.0,0.0,0.0
001008_lcam_front_lidar.ply,0.1,800,0.9,0.13836,0.26683,1,0.0,0.0,0.0
001009_lcam_front_lidar.ply,0.1,800,0.9,0.13417,0.26991,1,0.0,0.0,0.0
001010_lcam_front_lidar.ply,0.1,800,0.9,0.12872,0.26631,1,0.0,0.0,0.0
001011_lcam_front_lidar.ply,0.1,800,0.9,0.12219,0.26914,1,0.0,0.0,0.0
001012_lcam_front_lidar.ply,0.1,800,0.9,0.14856,0.26738,1,0.0,0.0,0.0
001013_lcam_front_lidar.ply,0.1,800,0.9,0.14727,0.26776,1,0.0,0.0,0.0
001014_lcam_front_lidar.ply,0.1,800,0.9,0.14361,0.26792,1,0.0,0.0,0.0
001015_lcam_front_lidar.ply,0.1,800,0.9,0.13518,0.2677,1,0.0,0.0,0.0
001016_lcam_front_lidar.ply,0.1,800,0.9,0.13695,0.2671,1,0.0,0.0,0.0
001017_lcam_front_lidar.ply,0.1,800,0.9,0.11911,0.27079,1,0.0,0.0,0.0
001018_lcam_front_lidar.ply,0.1,800,0.9,0.13591,0.26744,1,0.0,0.0,0.0
001019_lcam_front_lidar.ply,0.1,800,0.9,0.14508,0.2646,1,0.0,0.0,0.0
001020_lcam_front_lidar.ply,0.1,800,0.9,0.13809,0.27067,1,0.0,0.0,0.0
001021_lcam_front_lidar.ply,0.1,800,0.9,0.15439,0.26583,1,0.0,0.0,0.0
001022_lcam_front_lidar.ply,0.1,800,0.9,0.14561,0.26634,1,0.0,0.0,0.0
001023_lcam_front_lidar.ply,0.1,800,0.9,0.14183,0.26701,1,0.0,0.0,0.0
001024_lcam_front_lidar.ply,0.1,800,0.9,0.13912,0.26642,1,0.0,0.0,0.0
001025_lcam_front_lidar.ply,0.1,800,0.9,0.1488,0.2678,1,0.0,0.0,0.0
001026_lcam_front_lidar.ply,0.1,800,0.9,0.14848,0.26626,1,0.0,0.0,0.0
001027_lcam_front_lidar.ply,0.1,800,0.9,0.12818,0.26735,1,0.0,0.0,0.0
001028_lcam_front_lidar.ply,0.1,800,0.9,0.13548,0.2671,1,0.0,0.0,0.0
001029_lcam_front_lidar.ply,0.1,800,0.9,0.15022,0.26618,1,0.0,0.0,0.0
001030_lcam_front_lidar.ply,0.1,800,0.9,0.12885,0.26857,1,0.0,0.0,0.0
001031_lcam_front_lidar.ply,0.1,800,0.9,0.14366,0.26718,1,0.0,0.0,0.0
001032_lcam_front_lidar.ply,0.1,800,0.9,0.14409,0.26759,1,0.0,0.0,0.0
001033_lcam_front_lidar.ply,0.1,800,0.9,0.14539,0.26791,1,0.0,0.0,0.0
001034_lcam_front_lidar.ply,0.1,800,0.9,0.17059,0.26277,1,0.0,0.0,0.0
001035_lcam_front_lidar.ply,0.1,800,0.9,0.15616,0.26669,1,0.0,0.0,0.0
001036_lcam_front_lidar.ply,0.1,800,0.9,0.14099,0.26838,1,0.0,0.0,0.0
001037_lcam_front_lidar.ply,0.1,800,0.9,0.14913,0.26696,1,0.0,0.0,0.0
001038_lcam_front_lidar.ply,0.1,800,0.9,0.14692,0.26659,1,0.0,0.0,0.0
001039_lcam_front_lidar.ply,0.1,800,0.9,0.12996,0.26655,1,0.0,0.0,0.0
001040_lcam_front_lidar.ply,0.1,800,0.9,0.12688,0.26867,1,0.0,0.0,0.0
001041_lcam_front_lidar.ply,0.1,800,0.9,0.13427,0.26765,1,0.0,0.0,0.0
001042_lcam_front_lidar.ply,0.1,800,0.9,0.15157,0.26485,1,0.0,0.0,0.0
001043_lcam_front_lidar.ply,0.1,800,0.9,0.14508,0.26761,1,0.0,0.0,0.0
001044_lcam_front_lidar.ply,0.1,800,0.9,0.16012,0.26627,1,0.0,0.0,0.0
001045_lcam_front_lidar.ply,0.1,800,0.9,0.1467,0.26821,1,0.0,0.0,0.0
001046_lcam_front_lidar.ply,0.1,800,0.9,0.14881,0.26557,1,0.0,0.0,0.0
001047_lcam_front_lidar.ply,0.1,800,0.9,0.13256,0.26922,1,0.0,0.0,0.0
001048_lcam_front_lidar.ply,0.1,800,0.9,0.13036,0.26874,1,0.0,0.0,0.0
001049_lcam_front_lidar.ply,0.1,800,0.9,0.16507,0.26565,1,0.0,0.0,0.0
001050_lcam_front_lidar.ply,0.1,800,0.9,0.1397,0.26881,1,0.0,0.0,0.0
001051_lcam_front_lidar.ply,0.1,800,0.9,0.13694,0.26922,1,0.0,0.0,0.0
001052_lcam_front_lidar.ply,0.1,800,0.9,0.13113,0.26814,1,0.0,0.0,0.0
001053_lcam_front_lidar.ply,0.1,800,0.9,0.1432,0.26816,1,0.0,0.0,0.0
001054_lcam_front_lidar.ply,0.1,800,0.9,0.12213,0.26809,1,0.0,0.0,0.0
001055_lcam_front_lidar.ply,0.1,800,0.9,0.13229,0.26911,1,0.0,0.0,0.0
001056_lcam_front_lidar.ply,0.1,800,0.9,0.1267,0.26856,1,0.0,0.0,0.0
001057_lcam_front_lidar.ply,0.1,800,0.9,0.15504,0.26709,1,0.0,0.0,0.0
001058_lcam_front_lidar.ply,0.1,800,0.9,0.14238,0.26556,1,0.0,0.0,0.0
001059_lcam_front_lidar.ply,0.1,800,0.9,0.13421,0.26998,1,0.0,0.0,0.0
001060_lcam_front_lidar.ply,0.1,800,0.9,0.12662,0.26684,1,0.0,0.0,0.0
001061_lcam_front_lidar.ply,0.1,800,0.9,0.12717,0.26903,1,0.0,0.0,0.0
001062_lcam_front_lidar.ply,0.1,800,0.9,0.11699,0.26987,1,0.0,0.0,0.0
001063_lcam_front_lidar.ply,0.1,800,0.9,0.12669,0.26823,1,0.0,0.0,0.0
001064_lcam_front_lidar.ply,0.1,800,0.9,0.13074,0.26646,1,0.0,0.0,0.0
001065_lcam_front_lidar.ply,0.1,800,0.9,0.12726,0.2689,1,0.0,0.0,0.0
001066_lcam_front_lidar.ply,0.1,800,0.9,0.14277,0.26652,1,0.0,0.0,0.0
001067_lcam_front_lidar.ply,0.1,800,0.9,0.12732,0.26729,1,0.0,0.0,0.0
001068_lcam_front_lidar.ply,0.1,800,0.9,0.12701,0.26804,1,0.0,0.0,0.0
001069_lcam_front_lidar.ply,0.1,800,0.9,0.14239,0.2651,1,0.0,0.0,0.0
001070_lcam_front_lidar.ply,0.1,800,0.9,0.14331,0.26702,1,0.0,0.0,0.0
001071_lcam_front_lidar.ply,0.1,800,0.9,0.12862,0.27001,1,0.0,0.0,0.0
001072_lcam_front_lidar.ply,0.1,800,0.9,0.13627,0.26742,1,0.0,0.0,0.0
001073_lcam_front_lidar.ply,0.1,800,0.9,0.11912,0.27048,1,0.0,0.0,0.0
001074_lcam_front_lidar.ply,0.1,800,0.9,0.14221,0.26656,1,0.0,0.0,0.0
001075_lcam_front_lidar.ply,0.1,800,0.9,0.13622,0.26628,1,0.0,0.0,0.0
001076_lcam_front_lidar.ply,0.1,800,0.9,0.13094,0.26836,1,0.0,0.0,0.0
001077_lcam_front_lidar.ply,0.1,800,0.9,0.13865,0.26559,1,0.0,0.0,0.0
001078_lcam_front_lidar.ply,0.1,800,0.9,0.12505,0.26962,1,0.0,0.0,0.0
001079_lcam_front_lidar.ply,0.1,800,0.9,0.13686,0.26624,1,0.0,0.0,0.0
001080_lcam_front_lidar.ply,0.1,800,0.9,0.13279,0.2679,1,0.0,0.0,0.0
001081_lcam_front_lidar.ply,0.1,800,0.9,0.13246,0.26809,1,0.0,0.0,0.0
001082_lcam_front_lidar.ply,0.1,800,0.9,0.12674,0.26901,1,0.0,0.0,0.0
001083_lcam_front_lidar.ply,0.1,800,0.9,0.14203,0.26492,1,0.0,0.0,0.0
001084_lcam_front_lidar.ply,0.1,800,0.9,0.12556,0.26879,1,0.0,0.0,0.0
001085_lcam_front_lidar.ply,0.1,800,0.9,0.13128,0.26691,1,0.0,0.0,0.0
001086_lcam_front_lidar.ply,0.1,800,0.9,0.13593,0.26656,1,0.0,0.0,0.0
001087_lcam_front_lidar.ply,0.1,800,0.9,0.13519,0.26622,1,0.0,0.0,0.0
001088_lcam_front_lidar.ply,0.1,800,0.9,0.13791,0.26656,1,0.0,0.0,0.0
001089_lcam_front_lidar.ply,0.1,800,0.9,0.13026,0.26796,1,0.0,0.0,0.0
001090_lcam_front_lidar.ply,0.1,800,0.9,0.13479,0.26702,1,0.0,0.0,0.0
001091_lcam_front_lidar.ply,0.1,800,0.9,0.13458,0.2682,1,0.0,0.0,0.0
001092_lcam_front_lidar.ply,0.1,800,0.9,0.14145,0.267,1,0.0,0.0,0.0
001093_lcam_front_lidar.ply,0.1,800,0.9,0.15752,0.26553,1,0.0,0.0,0.0
001094_lcam_front_lidar.ply,0.1,800,0.9,0.13369,0.26733,1,0.0,0.0,0.0
001095_lcam_front_lidar.ply,0.1,800,0.9,0.12096,0.2694,1,0.0,0.0,0.0
001096_lcam_front_lidar.ply,0.1,800,0.9,0.12378,0.26746,1,0.0,0.0,0.0
001097_lcam_front_lidar.ply,0.1,800,0.9,0.13287,0.26733,1,0.0,0.0,0.0
001098_lcam_front_lidar.ply,0.1,800,0.9,0.14438,0.2676,1,0.0,0.0,0.0
001099_lcam_front_lidar.ply,0.1,800,0.9,0.12735,0.26811,1,0.0,0.0,0.0
001100_lcam_front_lidar.ply,0.1,800,0.9,0.1244,0.26735,1,0.0,0.0,0.0
001101_lcam_front_lidar.ply,0.1,800,0.9,0.14658,0.26582,1,0.0,0.0,0.0
001102_lcam_front_lidar.ply,0.1,800,0.9,0.13871,0.26637,1,0.0,0.0,0.0
001103_lcam_front_lidar.ply,0.1,800,0.9,0.13292,0.26613,1,0.0,0.0,0.0
001104_lcam_front_lidar.ply,0.1,800,0.9,0.13552,0.26777,1,0.0,0.0,0.0
001105_lcam_front_lidar.ply,0.1,800,0.9,0.14235,0.26582,1,0.0,0.0,0.0
001106_lcam_front_lidar.ply,0.1,800,0.9,0.15059,0.26826,1,0.0,0.0,0.0
001107_lcam_front_lidar.ply,0.1,800,0.9,0.12359,0.26842,1,0.0,0.0,0.0
001108_lcam_front_lidar.ply,0.1,800,0.9,0.13183,0.26568,1,0.0,0.0,0.0
001109_lcam_front_lidar.ply,0.1,800,0.9,0.14336,0.26783,1,0.0,0.0,0.0
001110_lcam_front_lidar.ply,0.1,800,0.9,0.13415,0.26786,1,0.0,0.0,0.0
001111_lcam_front_lidar.ply,0.1,800,0.9,0.14057,0.26891,1,0.0,0.0,0.0
001112_lcam_front_lidar.ply,0.1,800,0.9,0.13799,0.26569,1,0.0,0.0,0.0
001113_lcam_front_lidar.ply,0.1,800,0.9,0.13853,0.26889,1,0.0,0.0,0.0
001114_lcam_front_lidar.ply,0.1,800,0.9,0.13863,0.26799,1,0.0,0.0,0.0
001115_lcam_front_lidar.ply,0.1,800,0.9,0.14998,0.26554,1,0.0,0.0,0.0
001116_lcam_front_lidar.ply,0.1,800,0.9,0.16118,0.2642,1,0.0,0.0,0.0
001117_lcam_front_lidar.ply,0.1,800,0.9,0.15439,0.26803,1,0.0,0.0,0.0
001118_lcam_front_lidar.ply,0.1,800,0.9,0.14318,0.26635,1,0.0,0.0,0.0
001119_lcam_front_lidar.ply,0.1,800,0.9,0.15455,0.26577,1,0.0,0.0,0.0
001120_lcam_front_lidar.ply,0.1,800,0.9,0.12228,0.26954,1,0.0,0.0,0.0
001121_lcam_front_lidar.ply,0.1,800,0.9,0.1522,0.26526,1,0.0,0.0,0.0
001122_lcam_front_lidar.ply,0.1,800,0.9,0.13893,0.26744,1,0.0,0.0,0.0
001123_lcam_front_lidar.ply,0.1,800,0.9,0.15254,0.2662,1,0.0,0.0,0.0
001124_lcam_front_lidar.ply,0.1,800,0.9,0.13312,0.26678,1,0.0,0.0,0.0
001125_lcam_front_lidar.ply,0.1,800,0.9,0.13502,0.26766,1,0.0,0.0,0.0
001126_lcam_front_lidar.ply,0.1,800,0.9,0.13281,0.2672,1,0.0,0.0,0.0
001127_lcam_front_lidar.ply,0.1,800,0.9,0.13233,0.26801,1,0.0,0.0,0.0
001128_lcam_front_lidar.ply,0.1,800,0.9,0.17536,0.26274,1,0.0,0.0,0.0
001129_lcam_front_lidar.ply,0.1,800,0.9,0.12716,0.26733,1,0.0,0.0,0.0
001130_lcam_front_lidar.ply,0.1,800,0.9,0.14414,0.26524,1,0.0,0.0,0.0
001131_lcam_front_lidar.ply,0.1,800,0.9,0.15061,0.26499,1,0.0,0.0,0.0
001132_lcam_front_lidar.ply,0.1,800,0.9,0.13993,0.26713,1,0.0,0.0,0.0
001133_lcam_front_lidar.ply,0.1,800,0.9,0.11691,0.26999,1,0.0,0.0,0.0
001134_lcam_front_lidar.ply,0.1,800,0.9,0.16002,0.26585,1,0.0,0.0,0.0
001135_lcam_front_lidar.ply,0.1,800,0.9,0.13593,0.26824,1,0.0,0.0,0.0
001136_lcam_front_lidar.ply,0.1,800,0.9,0.12899,0.26732,1,0.0,0.0,0.0
001137_lcam_front_lidar.ply,0.1,800,0.9,0.12384,0.27012,1,0.0,0.0,0.0
001138_lcam_front_lidar.ply,0.1,800,0.9,0.14464,0.26562,1,0.0,0.0,0.0
001139_lcam_front_lidar.ply,0.1,800,0.9,0.1342,0.26796,1,0.0,0.0,0.0
001140_lcam_front_lidar.ply,0.1,800,0.9,0.1262,0.26913,1,0.0,0.0,0.0
001141_lcam_front_lidar.ply,0.1,800,0.9,0.14534,0.26678,1,0.0,0.0,0.0
001142_lcam_front_lidar.ply,0.1,800,0.9,0.12714,0.27004,1,0.0,0.0,0.0
001143_lcam_front_lidar.ply,0.1,800,0.9,0.12697,0.26869,1,0.0,0.0,0.0
001144_lcam_front_lidar.ply,0.1,800,0.9,0.12885,0.26746,1,0.0,0.0,0.0
001145_lcam_front_lidar.ply,0.1,800,0.9,0.13046,0.2679,1,0.0,0.0,0.0
001146_lcam_front_lidar.ply,0.1,800,0.9,0.13567,0.26819,1,0.0,0.0,0.0
001147_lcam_front_lidar.ply,0.1,800,0.9,0.12696,0.26886,1,0.0,0.0,0.0
001148_lcam_front_lidar.ply,0.1,800,0.9,0.12131,0.26772,1,0.0,0.0,0.0
001149_lcam_front_lidar.ply,0.1,800,0.9,0.13951,0.26598,1,0.0,0.0,0.0
001150_lcam_front_lidar.ply,0.1,800,0.9,0.12476,0.26759,1,0.0,0.0,0.0
001151_lcam_front_lidar.ply,0.1,800,0.9,0.1256,0.26757,1,0.0,0.0,0.0
001152_lcam_front_lidar.ply,0.1,800,0.9,0.12825,0.26722,1,0.0,0.0,0.0
001153_lcam_front_lidar.ply,0.1,800,0.9,0.12836,0.26744,1,0.0,0.0,0.0
001154_lcam_front_lidar.ply,0.1,800,0.9,0.13477,0.2684,1,0.0,0.0,0.0
001155_lcam_front_lidar.ply,0.1,800,0.9,0.13098,0.26821,1,0.0,0.0,0.0
001156_lcam_front_lidar.ply,0.1,800,0.9,0.125,0.26848,1,0.0,0.0,0.0
001157_lcam_front_lidar.ply,0.1,800,0.9,0.12717,0.26494,1,0.0,0.0,0.0
001158_lcam_front_lidar.ply,0.1,800,0.9,0.12333,0.27059,1,0.0,0.0,0.0
001159_lcam_front_lidar.ply,0.1,800,0.9,0.12691,0.26933,1,0.0,0.0,0.0
001160_lcam_front_lidar.ply,0.1,800,0.9,0.12833,0.26755,1,0.0,0.0,0.0
001161_lcam_front_lidar.ply,0.1,800,0.9,0.13859,0.26714,1,0.0,0.0,0.0
001162_lcam_front_lidar.ply,0.1,800,0.9,0.14327,0.26677,1,0.0,0.0,0.0
001163_lcam_front_lidar.ply,0.1,800,0.9,0.14048,0.26572,1,0.0,0.0,0.0
001164_lcam_front_lidar.ply,0.1,800,0.9,0.12469,0.27066,1,0.0,0.0,0.0
001165_lcam_front_lidar.ply,0.1,800,0.9,0.13405,0.26672,1,0.0,0.0,0.0
001166_lcam_front_lidar.ply,0.1,800,0.9,0.12853,0.2697,1,0.0,0.0,0.0
001167_lcam_front_lidar.ply,0.1,800,0.9,0.14946,0.26568,1,0.0,0.0,0.0
001168_lcam_front_lidar.ply,0.1,800,0.9,0.1269,0.26823,1,0.0,0.0,0.0
001169_lcam_front_lidar.ply,0.1,800,0.9,0.13458,0.26743,1,0.0,0.0,0.0
001170_lcam_front_lidar.ply,0.1,800,0.9,0.12889,0.2688,1,0.0,0.0,0.0
001171_lcam_front_lidar.ply,0.1,800,0.9,0.13744,0.2666,1,0.0,0.0,0.0
001172_lcam_front_lidar.ply,0.1,800,0.9,0.13076,0.26817,1,0.0,0.0,0.0
001173_lcam_front_lidar.ply,0.1,800,0.9,0.1309,0.26941,1,0.0,0.0,0.0
001174_lcam_front_lidar.ply,0.1,800,0.9,0.13087,0.26778,1,0.0,0.0,0.0
001175_lcam_front_lidar.ply,0.1,800,0.9,0.13418,0.26927,1,0.0,0.0,0.0
001176_lcam_front_lidar.ply,0.1,800,0.9,0.11916,0.27163,1,0.0,0.0,0.0
001177_lcam_front_lidar.ply,0.1,800,0.9,0.1345,0.26741,1,0.0,0.0,0.0
001178_lcam_front_lidar.ply,0.1,800,0.9,0.12326,0.26881,1,0.0,0.0,0.0
001179_lcam_front_lidar.ply,0.1,800,0.9,0.13045,0.26711,1,0.0,0.0,0.0
001180_lcam_front_lidar.ply,0.1,800,0.9,0.12149,0.26741,1,0.0,0.0,0.0
001181_lcam_front_lidar.ply,0.1,800,0.9,0.12732,0.26962,1,0.0,0.0,0.0
001182_lcam_front_lidar.ply,0.1,800,0.9,0.1305,0.26605,1,0.0,0.0,0.0
001183_lcam_front_lidar.ply,0.1,800,0.9,0.12727,0.27009,1,0.0,0.0,0.0
001184_lcam_front_lidar.ply,0.1,800,0.9,0.1347,0.26922,1,0.0,0.0,0.0
001185_lcam_front_lidar.ply,0.1,800,0.9,0.12121,0.26903,1,0.0,0.0,0.0
001186_lcam_front_lidar.ply,0.1,800,0.9,0.1344,0.26792,1,0.0,0.0,0.0
001187_lcam_front_lidar.ply,0.1,800,0.9,0.1652,0.26475,1,0.0,0.0,0.0
001188_lcam_front_lidar.ply,0.1,800,0.9,0.14687,0.26653,1,0.0,0.0,0.0
001189_lcam_front_lidar.ply,0.1,800,0.9,0.16288,0.26363,1,0.0,0.0,0.0
001190_lcam_front_lidar.ply,0.1,800,0.9,0.16022,0.2661,1,0.0,0.0,0.0
001191_lcam_front_lidar.ply,0.1,800,0.9,0.14593,0.2662,1,0.0,0.0,0.0
001192_lcam_front_lidar.ply,0.1,800,0.9,0.13234,0.26946,1,0.0,0.0,0.0
001193_lcam_front_lidar.ply,0.1,800,0.9,0.1508,0.26666,1,0.0,0.0,0.0
001194_lcam_front_lidar.ply,0.1,800,0.9,0.19314,0.26255,1,0.0,0.0,0.0
001195_lcam_front_lidar.ply,0.1,800,0.9,0.14419,0.26705,1,0.0,0.0,0.0
001196_lcam_front_lidar.ply,0.1,800,0.9,0.13387,0.26864,1,0.0,0.0,0.0
001197_lcam_front_lidar.ply,0.1,800,0.9,0.13369,0.26776,1,0.0,0.0,0.0
001198_lcam_front_lidar.ply,0.1,800,0.9,0.12713,0.2677,1,0.0,0.0,0.0
001199_lcam_front_lidar.ply,0.1,800,0.9,0.145,0.26837,1,0.0,0.0,0.0
001200_lcam_front_lidar.ply,0.1,800,0.9,0.1316,0.26872,1,0.0,0.0,0.0
001201_lcam_front_lidar.ply,0.1,800,0.9,0.12359,0.26909,1,0.0,0.0,0.0
001202_lcam_front_lidar.ply,0.1,800,0.9,0.12807,0.26938,1,0.0,0.0,0.0
001203_lcam_front_lidar.ply,0.1,800,0.9,0.13661,0.26835,1,0.0,0.0,0.0
001204_lcam_front_lidar.ply,0.1,800,0.9,0.13732,0.26752,1,0.0,0.0,0.0
001205_lcam_front_lidar.ply,0.1,800,0.9,0.14847,0.26646,1,0.0,0.0,0.0
001206_lcam_front_lidar.ply,0.1,800,0.9,0.14341,0.26636,1,0.0,0.0,0.0
001207_lcam_front_lidar.ply,0.1,800,0.9,0.14054,0.26867,1,0.0,0.0,0.0
001208_lcam_front_lidar.ply,0.1,800,0.9,0.14312,0.26921,1,0.0,0.0,0.0
001209_lcam_front_lidar.ply,0.1,800,0.9,0.14333,0.26591,1,0.0,0.0,0.0
001210_lcam_front_lidar.ply,0.1,800,0.9,0.13262,0.26887,1,0.0,0.0,0.0
001211_lcam_front_lidar.ply,0.1,800,0.9,0.12792,0.2674,1,0.0,0.0,0.0
001212_lcam_front_lidar.ply,0.1,800,0.9,0.14364,0.26781,1,0.0,0.0,0.0
001213_lcam_front_lidar.ply,0.1,800,0.9,0.15286,0.267,1,0.0,0.0,0.0
001214_lcam_front_lidar.ply,0.1,800,0.9,0.14501,0.26768,1,0.0,0.0,0.0
001215_lcam_front_lidar.ply,0.1,800,0.9,0.12647,0.26796,1,0.0,0.0,0.0
001216_lcam_front_lidar.ply,0.1,800,0.9,0.12877,0.26775,1,0.0,0.0,0.0
001217_lcam_front_lidar.ply,0.1,800,0.9,0.13248,0.26958,1,0.0,0.0,0.0
001218_lcam_front_lidar.ply,0.1,800,0.9,0.15874,0.26465,1,0.0,0.0,0.0
001219_lcam_front_lidar.ply,0.1,800,0.9,0.13065,0.2679,1,0.0,0.0,0.0
001220_lcam_front_lidar.ply,0.1,800,0.9,0.13516,0.26691,1,0.0,0.0,0.0
001221_lcam_front_lidar.ply,0.1,800,0.9,0.12959,0.26882,1,0.0,0.0,0.0
001222_lcam_front_lidar.ply,0.1,800,0.9,0.11683,0.26979,1,0.0,0.0,0.0
001223_lcam_front_lidar.ply,0.1,800,0.9,0.12484,0.27067,1,0.0,0.0,0.0
001224_lcam_front_lidar.ply,0.1,800,0.9,0.14539,0.26639,1,0.0,0.0,0.0
001225_lcam_front_lidar.ply,0.1,800,0.9,0.15023,0.26532,1,0.0,0.0,0.0
001226_lcam_front_lidar.ply,0.1,800,0.9,0.13448,0.26956,1,0.0,0.0,0.0
001227_lcam_front_lidar.ply,0.1,800,0.9,0.13851,0.2683,1,0.0,0.0,0.0
001228_lcam_front_lidar.ply,0.1,800,0.9,0.12706,0.2672,1,0.0,0.0,0.0
001229_lcam_front_lidar.ply,0.1,800,0.9,0.14356,0.26749,1,0.0,0.0,0.0
001230_lcam_front_lidar.ply,0.1,800,0.9,0.12897,0.26701,1,0.0,0.0,0.0
001231_lcam_front_lidar.ply,0.1,800,0.9,0.13072,0.26811,1,0.0,0.0,0.0
001232_lcam_front_lidar.ply,0.1,800,0.9,0.13521,0.2669,1,0.0,0.0,0.0
001233_lcam_front_lidar.ply,0.1,800,0.9,0.13488,0.26775,1,0.0,0.0,0.0
001234_lcam_front_lidar.ply,0.1,800,0.9,0.1426,0.26885,1,0.0,0.0,0.0
001235_lcam_front_lidar.ply,0.1,800,0.9,0.13651,0.26817,1,0.0,0.0,0.0
001236_lcam_front_lidar.ply,0.1,800,0.9,0.12538,0.26677,1,0.0,0.0,0.0
001237_lcam_front_lidar.ply,0.1,800,0.9,0.12858,0.26909,1,0.0,0.0,0.0
001238_lcam_front_lidar.ply,0.1,800,0.9,0.12657,0.26963,1,0.0,0.0,0.0
001239_lcam_front_lidar.ply,0.1,800,0.9,0.14461,0.26716,1,0.0,0.0,0.0
001240_lcam_front_lidar.ply,0.1,800,0.9,0.12706,0.26963,1,0.0,0.0,0.0
001241_lcam_front_lidar.ply,0.1,800,0.9,0.12694,0.2713,1,0.0,0.0,0.0
001242_lcam_front_lidar.ply,0.1,800,0.9,0.12316,0.27067,1,0.0,0.0,0.0
001243_lcam_front_lidar.ply,0.1,800,0.9,0.14297,0.26709,1,0.0,0.0,0.0
001244_lcam_front_lidar.ply,0.1,800,0.9,0.14244,0.26736,1,0.0,0.0,0.0
001245_lcam_front_lidar.ply,0.1,800,0.9,0.17117,0.26584,1,0.0,0.0,0.0
001246_lcam_front_lidar.ply,0.1,800,0.9,0.12127,0.2685,1,0.0,0.0,0.0
001247_lcam_front_lidar.ply,0.1,800,0.9,0.16566,0.26393,1,0.0,0.0,0.0
001248_lcam_front_lidar.ply,0.1,800,0.9,0.12284,0.26835,1,0.0,0.0,0.0
001249_lcam_front_lidar.ply,0.1,800,0.9,0.13158,0.26483,1,0.0,0.0,0.0
001250_lcam_front_lidar.ply,0.1,800,0.9,0.13364,0.26669,1,0.0,0.0,0.0
001251_lcam_front_lidar.ply,0.1,800,0.9,0.15638,0.26626,1,0.0,0.0,0.0
001252_lcam_front_lidar.ply,0.1,800,0.9,0.1333,0.26672,1,0.0,0.0,0.0
001253_lcam_front_lidar.ply,0.1,800,0.9,0.17892,0.26196,1,0.0,0.0,0.0
001254_lcam_front_lidar.ply,0.1,800,0.9,0.14601,0.26684,1,0.0,0.0,0.0
001255_lcam_front_lidar.ply,0.1,800,0.9,0.13346,0.26645,1,0.0,0.0,0.0
001256_lcam_front_lidar.ply,0.1,800,0.9,0.15218,0.26508,1,0.0,0.0,0.0
001257_lcam_front_lidar.ply,0.1,800,0.9,0.12527,0.26918,1,0.0,0.0,0.0
001258_lcam_front_lidar.ply,0.1,800,0.9,0.14622,0.265,1,0.0,0.0,0.0
001259_lcam_front_lidar.ply,0.1,800,0.9,0.12781,0.26741,1,0.0,0.0,0.0
001260_lcam_front_lidar.ply,0.1,800,0.9,0.14597,0.26412,1,0.0,0.0,0.0
001261_lcam_front_lidar.ply,0.1,800,0.9,0.13632,0.26811,1,0.0,0.0,0.0
001262_lcam_front_lidar.ply,0.1,800,0.9,0.13778,0.26757,1,0.0,0.0,0.0
001263_lcam_front_lidar.ply,0.1,800,0.9,0.12544,0.26775,1,0.0,0.0,0.0
001264_lcam_front_lidar.ply,0.1,800,0.9,0.14829,0.26596,1,0.0,0.0,0.0
001265_lcam_front_lidar.ply,0.1,800,0.9,0.14136,0.26628,1,0.0,0.0,0.0
001266_lcam_front_lidar.ply,0.1,800,0.9,0.12738,0.2704,1,0.0,0.0,0.0
001267_lcam_front_lidar.ply,0.1,800,0.9,0.14271,0.26854,1,0.0,0.0,0.0
001268_lcam_front_lidar.ply,0.1,800,0.9,0.14344,0.26681,1,0.0,0.0,0.0
001269_lcam_front_lidar.ply,0.1,800,0.9,0.13542,0.26807,1,0.0,0.0,0.0
001270_lcam_front_lidar.ply,0.1,800,0.9,0.14278,0.26721,1,0.0,0.0,0.0
001271_lcam_front_lidar.ply,0.1,800,0.9,0.13859,0.26949,1,0.0,0.0,0.0
001272_lcam_front_lidar.ply,0.1,800,0.9,0.18647,0.2625,1,0.0,0.0,0.0
001273_lcam_front_lidar.ply,0.1,800,0.9,0.12439,0.26735,1,0.0,0.0,0.0
001274_lcam_front_lidar.ply,0.1,800,0.9,0.13183,0.26802,1,0.0,0.0,0.0
001275_lcam_front_lidar.ply,0.1,800,0.9,0.1859,0.2623,1,0.0,0.0,0.0
001276_lcam_front_lidar.ply,0.1,800,0.9,0.16216,0.26463,1,0.0,0.0,0.0
001277_lcam_front_lidar.ply,0.1,800,0.9,0.17666,0.2643,1,0.0,0.0,0.0
001278_lcam_front_lidar.ply,0.1,800,0.9,0.15302,0.26496,1,0.0,0.0,0.0
001279_lcam_front_lidar.ply,0.1,800,0.9,0.13067,0.26779,1,0.0,0.0,0.0
001280_lcam_front_lidar.ply,0.1,800,0.9,0.12252,0.27043,1,0.0,0.0,0.0
001281_lcam_front_lidar.ply,0.1,800,0.9,0.13124,0.2696,1,0.0,0.0,0.0
001282_lcam_front_lidar.ply,0.1,800,0.9,0.16128,0.26516,1,0.0,0.0,0.0
001283_lcam_front_lidar.ply,0.1,800,0.9,0.13401,0.26763,1,0.0,0.0,0.0
001284_lcam_front_lidar.ply,0.1,800,0.9,0.12512,0.26904,1,0.0,0.0,0.0
001285_lcam_front_lidar.ply,0.1,800,0.9,0.14842,0.26522,1,0.0,0.0,0.0
001286_lcam_front_lidar.ply,0.1,800,0.9,0.20345,0.25983,1,0.0,0.0,0.0
001287_lcam_front_lidar.ply,0.1,800,0.9,0.15991,0.26675,1,0.0,0.0,0.0
001288_lcam_front_lidar.ply,0.1,800,0.9,0.14522,0.26684,1,0.0,0.0,0.0
001289_lcam_front_lidar.ply,0.1,800,0.9,0.17256,0.26085,1,0.0,0.0,0.0
001290_lcam_front_lidar.ply,0.1,800,0.9,0.15416,0.26856,1,0.0,0.0,0.0
001291_lcam_front_lidar.ply,0.1,800,0.9,0.15048,0.26767,1,0.0,0.0,0.0
001292_lcam_front_lidar.ply,0.1,800,0.9,0.14976,0.26573,1,0.0,0.0,0.0
001293_lcam_front_lidar.ply,0.1,800,0.9,0.15397,0.26569,1,0.0,0.0,0.0
001294_lcam_front_lidar.ply,0.1,800,0.9,0.12552,0.27059,1,0.0,0.0,0.0
001295_lcam_front_lidar.ply,0.1,800,0.9,0.16094,0.26501,1,0.0,0.0,0.0
001296_lcam_front_lidar.ply,0.1,800,0.9,0.15505,0.2666,1,0.0,0.0,0.0
001297_lcam_front_lidar.ply,0.1,800,0.9,0.15691,0.26543,1,0.0,0.0,0.0
001298_lcam_front_lidar.ply,0.1,800,0.9,0.12643,0.26804,1,0.0,0.0,0.0
001299_lcam_front_lidar.ply,0.1,800,0.9,0.13015,0.27018,1,0.0,0.0,0.0
001300_lcam_front_lidar.ply,0.1,800,0.9,0.2285,0.2587,1,0.0,0.0,0.0
001301_lcam_front_lidar.ply,0.1,800,0.9,0.17465,0.26123,1,0.0,0.0,0.0
001302_lcam_front_lidar.ply,0.1,800,0.9,0.20385,0.26157,1,0.0,0.0,0.0
001303_lcam_front_lidar.ply,0.1,800,0.9,0.21121,0.25856,1,0.0,0.0,0.0
001304_lcam_front_lidar.ply,0.1,800,0.9,0.2074,0.26085,1,0.0,0.0,0.0
001305_lcam_front_lidar.ply,0.1,800,0.9,0.27271,0.25319,1,0.0,0.0,0.0
001306_lcam_front_lidar.ply,0.1,800,0.9,0.18542,0.26255,1,0.0,0.0,0.0
001307_lcam_front_lidar.ply,0.1,800,0.9,0.19323,0.26077,1,0.0,0.0,0.0
001308_lcam_front_lidar.ply,0.1,800,0.9,0.19294,0.26462,1,0.0,0.0,0.0
001309_lcam_front_lidar.ply,0.1,800,0.9,0.19563,0.2633,1,0.0,0.0,0.0
001310_lcam_front_lidar.ply,0.1,800,0.9,0.20597,0.26124,1,0.0,0.0,0.0
001311_lcam_front_lidar.ply,0.1,800,0.9,0.19352,0.26331,1,0.0,0.0,0.0
001312_lcam_front_lidar.ply,0.1,800,0.9,0.1766,0.26557,1,0.0,0.0,0.0
001313_lcam_front_lidar.ply,0.1,800,0.9,0.18724,0.2606,1,0.0,0.0,0.0
001314_lcam_front_lidar.ply,0.1,800,0.9,0.18795,0.2623,1,0.0,0.0,0.0
001315_lcam_front_lidar.ply,0.1,800,0.9,0.16752,0.2673,1,0.0,0.0,0.0
001316_lcam_front_lidar.ply,0.1,800,0.9,0.1431,0.2678,1,0.0,0.0,0.0
001317_lcam_front_lidar.ply,0.1,800,0.9,0.21421,0.26124,1,0.0,0.0,0.0
001318_lcam_front_lidar.ply,0.1,800,0.9,0.18971,0.26254,1,0.0,0.0,0.0
001319_lcam_front_lidar.ply,0.1,800,0.9,0.24178,0.25678,1,0.0,0.0,0.0
001320_lcam_front_lidar.ply,0.1,800,0.9,0.18166,0.26438,1,0.0,0.0,0.0
001321_lcam_front_lidar.ply,0.1,800,0.9,0.12264,0.27127,1,0.0,0.0,0.0
001322_lcam_front_lidar.ply,0.1,800,0.9,0.12299,0.27007,1,0.0,0.0,0.0
001323_lcam_front_lidar.ply,0.1,800,0.9,0.11939,0.27028,1,0.0,0.0,0.0
001324_lcam_front_lidar.ply,0.1,800,0.9,0.12654,0.26929,1,0.0,0.0,0.0
001325_lcam_front_lidar.ply,0.1,800,0.9,0.20337,0.26199,1,0.0,0.0,0.0
001326_lcam_front_lidar.ply,0.1,800,0.9,0.19419,0.26159,1,0.0,0.0,0.0
001327_lcam_front_lidar.ply,0.1,800,0.9,0.19903,0.26169,1,0.0,0.0,0.0
001328_lcam_front_lidar.ply,0.1,800,0.9,0.19425,0.2642,1,0.0,0.0,0.0
001329_lcam_front_lidar.ply,0.1,800,0.9,0.18693,0.2619,1,0.0,0.0,0.0
001330_lcam_front_lidar.ply,0.1,800,0.9,0.16267,0.26693,1,0.0,0.0,0.0
001331_lcam_front_lidar.ply,0.1,800,0.9,0.1808,0.26538,1,0.0,0.0,0.0
001332_lcam_front_lidar.ply,0.1,800,0.9,0.13247,0.26998,1,0.0,0.0,0.0
001333_lcam_front_lidar.ply,0.1,800,0.9,0.12687,0.26826,1,0.0,0.0,0.0
001334_lcam_front_lidar.ply,0.1,800,0.9,0.12761,0.26823,1,0.0,0.0,0.0
001335_lcam_front_lidar.ply,0.1,800,0.9,0.12772,0.26946,1,0.0,0.0,0.0
001336_lcam_front_lidar.ply,0.1,800,0.9,0.14076,0.2671,1,0.0,0.0,0.0
001337_lcam_front_lidar.ply,0.1,800,0.9,0.14926,0.26589,1,0.0,0.0,0.0
001338_lcam_front_lidar.ply,0.1,800,0.9,0.13914,0.26831,1,0.0,0.0,0.0
001339_lcam_front_lidar.ply,0.1,800,0.9,0.12451,0.26962,1,0.0,0.0,0.0
001340_lcam_front_lidar.ply,0.1,800,0.9,0.15616,0.26589,1,0.0,0.0,0.0
001341_lcam_front_lidar.ply,0.1,800,0.9,0.13419,0.26922,1,0.0,0.0,0.0
001342_lcam_front_lidar.ply,0.1,800,0.9,0.14414,0.26589,1,0.0,0.0,0.0
001343_lcam_front_lidar.ply,0.1,800,0.9,0.14463,0.26767,1,0.0,0.0,0.0
001344_lcam_front_lidar.ply,0.1,800,0.9,0.25035,0.25514,1,0.0,0.0,0.0
001345_lcam_front_lidar.ply,0.1,800,0.9,0.25795,0.25591,1,0.0,0.0,0.0
001346_lcam_front_lidar.ply,0.1,800,0.9,0.20583,0.26054,1,0.0,0.0,0.0
001347_lcam_front_lidar.ply,0.1,800,0.9,0.2967,0.25185,1,0.0,0.0,0.0
001348_lcam_front_lidar.ply,0.1,800,0.9,0.19726,0.26219,1,0.0,0.0,0.0
001349_lcam_front_lidar.ply,0.1,800,0.9,0.27092,0.25531,1,0.0,0.0,0.0
001350_lcam_front_lidar.ply,0.1,800,0.9,0.19267,0.26336,1,0.0,0.0,0.0
001351_lcam_front_lidar.ply,0.1,800,0.9,0.16761,0.26416,1,0.0,0.0,0.0
001352_lcam_front_lidar.ply,0.1,800,0.9,0.13687,0.26634,1,0.0,0.0,0.0
001353_lcam_front_lidar.ply,0.1,800,0.9,0.12455,0.26894,1,0.0,0.0,0.0
001354_lcam_front_lidar.ply,0.1,800,0.9,0.13191,0.26892,1,0.0,0.0,0.0
001355_lcam_front_lidar.ply,0.1,800,0.9,0.13686,0.26774,1,0.0,0.0,0.0
001356_lcam_front_lidar.ply,0.1,800,0.9,0.14593,0.26718,1,0.0,0.0,0.0
001357_lcam_front_lidar.ply,0.1,800,0.9,0.13745,0.26719,1,0.0,0.0,0.0
001358_lcam_front_lidar.ply,0.1,800,0.9,0.14295,0.26872,1,0.0,0.0,0.0
001359_lcam_front_lidar.ply,0.1,800,0.9,0.13898,0.26879,1,0.0,0.0,0.0
001360_lcam_front_lidar.ply,0.1,800,0.9,0.14718,0.26654,1,0.0,0.0,0.0
001361_lcam_front_lidar.ply,0.1,800,0.9,0.13902,0.26791,1,0.0,0.0,0.0
001362_lcam_front_lidar.ply,0.1,800,0.9,0.14183,0.26721,1,0.0,0.0,0.0
001363_lcam_front_lidar.ply,0.1,800,0.9,0.13476,0.26936,1,0.0,0.0,0.0
001364_lcam_front_lidar.ply,0.1,800,0.9,0.12137,0.26864,1,0.0,0.0,0.0
001365_lcam_front_lidar.ply,0.1,800,0.9,0.14053,0.26634,1,0.0,0.0,0.0
001366_lcam_front_lidar.ply,0.1,800,0.9,0.121,0.26907,1,0.0,0.0,0.0
001367_lcam_front_lidar.ply,0.1,800,0.9,0.1311,0.26917,1,0.0,0.0,0.0
001368_lcam_front_lidar.ply,0.1,800,0.9,0.14566,0.26754,1,0.0,0.0,0.0
001369_lcam_front_lidar.ply,0.1,800,0.9,0.14354,0.26776,1,0.0,0.0,0.0
001370_lcam_front_lidar.ply,0.1,800,0.9,0.14278,0.26681,1,0.0,0.0,0.0
001371_lcam_front_lidar.ply,0.1,800,0.9,0.15888,0.26569,1,0.0,0.0,0.0
001372_lcam_front_lidar.ply,0.1,800,0.9,0.13775,0.26779,1,0.0,0.0,0.0
001373_lcam_front_lidar.ply,0.1,800,0.9,0.12794,0.2678,1,0.0,0.0,0.0
001374_lcam_front_lidar.ply,0.1,800,0.9,0.13466,0.26872,1,0.0,0.0,0.0
001375_lcam_front_lidar.ply,0.1,800,0.9,0.1395,0.26944,1,0.0,0.0,0.0
001376_lcam_front_lidar.ply,0.1,800,0.9,0.13169,0.26797,1,0.0,0.0,0.0
001377_lcam_front_lidar.ply,0.1,800,0.9,0.14656,0.26734,1,0.0,0.0,0.0
001378_lcam_front_lidar.ply,0.1,800,0.9,0.14892,0.26637,1,0.0,0.0,0.0
001379_lcam_front_lidar.ply,0.1,800,0.9,0.133,0.26844,1,0.0,0.0,0.0
001380_lcam_front_lidar.ply,0.1,800,0.9,0.13481,0.2663,1,0.0,0.0,0.0
001381_lcam_front_lidar.ply,0.1,800,0.9,0.12029,0.27032,1,0.0,0.0,0.0
001382_lcam_front_lidar.ply,0.1,800,0.9,0.12168,0.27012,1,0.0,0.0,0.0
001383_lcam_front_lidar.ply,0.1,800,0.9,0.13584,0.26889,1,0.0,0.0,0.0
001384_lcam_front_lidar.ply,0.1,800,0.9,0.14191,0.26872,1,0.0,0.0,0.0
001385_lcam_front_lidar.ply,0.1,800,0.9,0.12627,0.26668,1,0.0,0.0,0.0
001386_lcam_front_lidar.ply,0.1,800,0.9,0.15062,0.26751,1,0.0,0.0,0.0
001387_lcam_front_lidar.ply,0.1,800,0.9,0.1341,0.26994,1,0.0,0.0,0.0
001388_lcam_front_lidar.ply,0.1,800,0.9,0.13928,0.26766,1,0.0,0.0,0.0
001389_lcam_front_lidar.ply,0.1,800,0.9,0.13497,0.26748,1,0.0,0.0,0.0
001390_lcam_front_lidar.ply,0.1,800,0.9,0.15576,0.26591,1,0.0,0.0,0.0
001391_lcam_front_lidar.ply,0.1,800,0.9,0.14032,0.26853,1,0.0,0.0,0.0
001392_lcam_front_lidar.ply,0.1,800,0.9,0.12465,0.26898,1,0.0,0.0,0.0
001393_lcam_front_lidar.ply,0.1,800,0.9,0.1317,0.26802,1,0.0,0.0,0.0
001394_lcam_front_lidar.ply,0.1,800,0.9,0.11478,0.27083,1,0.0,0.0,0.0
001395_lcam_front_lidar.ply,0.1,800,0.9,0.13304,0.26949,1,0.0,0.0,0.0
001396_lcam_front_lidar.ply,0.1,800,0.9,0.13057,0.26876,1,0.0,0.0,0.0
001397_lcam_front_lidar.ply,0.1,800,0.9,0.127,0.26816,1,0.0,0.0,0.0
001398_lcam_front_lidar.ply,0.1,800,0.9,0.14106,0.26737,1,0.0,0.0,0.0
001399_lcam_front_lidar.ply,0.1,800,0.9,0.13023,0.26804,1,0.0,0.0,0.0
001400_lcam_front_lidar.ply,0.1,800,0.9,0.13708,0.26538,1,0.0,0.0,0.0
001401_lcam_front_lidar.ply,0.1,800,0.9,0.12778,0.26777,1,0.0,0.0,0.0
001402_lcam_front_lidar.ply,0.1,800,0.9,0.14093,0.26591,1,0.0,0.0,0.0
001403_lcam_front_lidar.ply,0.1,800,0.9,0.18537,0.26216,1,0.0,0.0,0.0
001404_lcam_front_lidar.ply,0.1,800,0.9,0.17264,0.26387,1,0.0,0.0,0.0
001405_lcam_front_lidar.ply,0.1,800,0.9,0.12477,0.26831,1,0.0,0.0,0.0
001406_lcam_front_lidar.ply,0.1,800,0.9,0.13447,0.26804,1,0.0,0.0,0.0
001407_lcam_front_lidar.ply,0.1,800,0.9,0.12336,0.26789,1,0.0,0.0,0.0
001408_lcam_front_lidar.ply,0.1,800,0.9,0.11981,0.27072,1,0.0,0.0,0.0
001409_lcam_front_lidar.ply,0.1,800,0.9,0.12497,0.26745,1,0.0,0.0,0.0
001410_lcam_front_lidar.ply,0.1,800,0.9,0.11307,0.26945,1,0.0,0.0,0.0
001411_lcam_front_lidar.ply,0.1,800,0.9,0.12204,0.26881,1,0.0,0.0,0.0
001412_lcam_front_lidar.ply,0.1,800,0.9,0.12845,0.26869,1,0.0,0.0,0.0
001413_lcam_front_lidar.ply,0.1,800,0.9,0.11523,0.2688,1,0.0,0.0,0.0
001414_lcam_front_lidar.ply,0.1,800,0.9,0.13456,0.26796,1,0.0,0.0,0.0
001415_lcam_front_lidar.ply,0.1,800,0.9,0.11173,0.26871,1,0.0,0.0,0.0
001416_lcam_front_lidar.ply,0.1,800,0.9,0.12035,0.26915,1,0.0,0.0,0.0
001417_lcam_front_lidar.ply,0.1,800,0.9,0.11894,0.27096,1,0.0,0.0,0.0
001418_lcam_front_lidar.ply,0.1,800,0.9,0.13374,0.26756,1,0.0,0.0,0.0
001419_lcam_front_lidar.ply,0.1,800,0.9,0.12651,0.26712,1,0.0,0.0,0.0
001420_lcam_front_lidar.ply,0.1,800,0.9,0.11666,0.2697,1,0.0,0.0,0.0
001421_lcam_front_lidar.ply,0.1,800,0.9,0.12079,0.26973,1,0.0,0.0,0.0
001422_lcam_front_lidar.ply,0.1,800,0.9,0.12059,0.26952,1,0.0,0.0,0.0
001423_lcam_front_lidar.ply,0.1,800,0.9,0.1177,0.26989,1,0.0,0.0,0.0
001424_lcam_front_lidar.ply,0.1,800,0.9,0.10794,0.26972,1,0.0,0.0,0.0
001425_lcam_front_lidar.ply,0.1,800,0.9,0.11844,0.26743,1,0.0,0.0,0.0
001426_lcam_front_lidar.ply,0.1,800,0.9,0.11256,0.2697,1,0.0,0.0,0.0
001427_lcam_front_lidar.ply,0.1,800,0.9,0.12441,0.2685,1,0.0,0.0,0.0
001428_lcam_front_lidar.ply,0.1,800,0.9,0.10981,0.27104,1,0.0,0.0,0.0
001429_lcam_front_lidar.ply,0.1,800,0.9,0.11237,0.26787,1,0.0,0.0,0.0
001430_lcam_front_lidar.ply,0.1,800,0.9,0.09855,0.27037,1,0.0,0.0,0.0
001431_lcam_front_lidar.ply,0.1,800,0.9,0.11569,0.27025,1,0.0,0.0,0.0
001432_lcam_front_lidar.ply,0.1,800,0.9,0.11998,0.26973,1,0.0,0.0,0.0
001433_lcam_front_lidar.ply,0.1,800,0.9,0.10282,0.27146,1,0.0,0.0,0.0
001434_lcam_front_lidar.ply,0.1,800,0.9,0.0996,0.27104,1,0.0,0.0,0.0
001435_lcam_front_lidar.ply,0.1,800,0.9,0.09576,0.27235,1,0.0,0.0,0.0
001436_lcam_front_lidar.ply,0.1,800,0.9,0.10299,0.27096,1,0.0,0.0,0.0
001437_lcam_front_lidar.ply,0.1,800,0.9,0.11075,0.2698,1,0.0,0.0,0.0
001438_lcam_front_lidar.ply,0.1,800,0.9,0.12653,0.26778,1,0.0,0.0,0.0
001439_lcam_front_lidar.ply,0.1,800,0.9,0.10506,0.27203,1,0.0,0.0,0.0
001440_lcam_front_lidar.ply,0.1,800,0.9,0.11645,0.27066,1,0.0,0.0,0.0
001441_lcam_front_lidar.ply,0.1,800,0.9,0.11174,0.27073,1,0.0,0.0,0.0
001442_lcam_front_lidar.ply,0.1,800,0.9,0.10879,0.26979,1,0.0,0.0,0.0
001443_lcam_front_lidar.ply,0.1,800,0.9,0.10088,0.27105,1,0.0,0.0,0.0
001444_lcam_front_lidar.ply,0.1,800,0.9,0.09543,0.2742,1,0.0,0.0,0.0
001445_lcam_front_lidar.ply,0.1,800,0.9,0.09861,0.27042,1,0.0,0.0,0.0
001446_lcam_front_lidar.ply,0.1,800,0.9,0.10407,0.27243,1,0.0,0.0,0.0
001447_lcam_front_lidar.ply,0.1,800,0.9,0.13936,0.2681,1,0.0,0.0,0.0
001448_lcam_front_lidar.ply,0.1,800,0.9,0.11035,0.27206,1,0.0,0.0,0.0
001449_lcam_front_lidar.ply,0.1,800,0.9,0.10204,0.27332,1,0.0,0.0,0.0
001450_lcam_front_lidar.ply,0.1,800,0.9,0.11238,0.26925,1,0.0,0.0,0.0
001451_lcam_front_lidar.ply,0.1,800,0.9,0.11097,0.27109,1,0.0,0.0,0.0
001452_lcam_front_lidar.ply,0.1,800,0.9,0.09679,0.26975,1,0.0,0.0,0.0
001453_lcam_front_lidar.ply,0.1,800,0.9,0.11657,0.27028,1,0.0,0.0,0.0
001454_lcam_front_lidar.ply,0.1,800,0.9,0.1036,0.27274,1,0.0,0.0,0.0
001455_lcam_front_lidar.ply,0.1,800,0.9,0.11214,0.2692,1,0.0,0.0,0.0
001456_lcam_front_lidar.ply,0.15,800,0.9,0.11727,0.27071,1,0.0,0.0,0.0
001457_lcam_front_lidar.ply,0.1,800,0.9,0.10129,0.27,1,0.0,0.0,0.0
001458_lcam_front_lidar.ply,0.1,800,0.9,0.10721,0.27172,1,0.0,0.0,0.0
001459_lcam_front_lidar.ply,0.1,800,0.9,0.10645,0.27109,1,0.0,0.0,0.0
001460_lcam_front_lidar.ply,0.1,800,0.9,0.11326,0.27041,1,0.0,0.0,0.0
001461_lcam_front_lidar.ply,0.1,800,0.9,0.12093,0.2695,1,0.0,0.0,0.0
001462_lcam_front_lidar.ply,0.2,800,0.9,0.1295,0.26682,1,0.0,0.0,0.0
001463_lcam_front_lidar.ply,0.2,800,0.9,0.12666,0.26705,1,0.0,0.0,0.0
001464_lcam_front_lidar.ply,0.1,800,0.9,0.12715,0.26986,1,0.0,0.0,0.0
001465_lcam_front_lidar.ply,0.2,800,0.9,0.12686,0.26764,1,0.0,0.0,0.0
001466_lcam_front_lidar.ply,0.1,800,0.9,0.11482,0.27025,1,0.0,0.0,0.0
001467_lcam_front_lidar.ply,0.1,800,0.9,0.12075,0.27061,1,0.0,0.0,0.0
001468_lcam_front_lidar.ply,0.1,800,0.9,0.13023,0.26961,1,0.0,0.0,0.0
001469_lcam_front_lidar.ply,0.1,800,0.9,0.11996,0.27024,1,0.0,0.0,0.0
001470_lcam_front_lidar.ply,0.1,800,0.9,0.14628,0.26695,1,0.0,0.0,0.0
001471_lcam_front_lidar.ply,0.1,800,0.9,0.11111,0.27194,1,0.0,0.0,0.0
001472_lcam_front_lidar.ply,0.1,800,0.9,0.12191,0.27066,1,0.0,0.0,0.0
001473_lcam_front_lidar.ply,0.2,800,0.9,0.11696,0.26928,1,0.0,0.0,0.0
001474_lcam_front_lidar.ply,0.1,800,0.9,0.11832,0.27148,1,0.0,0.0,0.0
001475_lcam_front_lidar.ply,0.1,800,0.9,0.10775,0.27194,1,0.0,0.0,0.0
001476_lcam_front_lidar.ply,0.1,800,0.9,0.12207,0.27183,1,0.0,0.0,0.0
001477_lcam_front_lidar.ply,0.1,800,0.9,0.12461,0.27039,1,0.0,0.0,0.0
001478_lcam_front_lidar.ply,0.1,800,0.9,0.12597,0.27051,1,0.0,0.0,0.0
001479_lcam_front_lidar.ply,0.1,800,0.9,0.11183,0.2726,1,0.0,0.0,0.0
001480_lcam_front_lidar.ply,0.1,800,0.9,0.12716,0.26987,1,0.0,0.0,0.0
001481_lcam_front_lidar.ply,0.1,800,0.9,0.12101,0.27165,1,0.0,0.0,0.0
001482_lcam_front_lidar.ply,0.1,800,0.9,0.12456,0.26903,1,0.0,0.0,0.0
001483_lcam_front_lidar.ply,0.1,800,0.9,0.11998,0.2709,1,0.0,0.0,0.0
001484_lcam_front_lidar.ply,0.1,800,0.9,0.12736,0.26929,1,0.0,0.0,0.0
001485_lcam_front_lidar.ply,0.1,800,0.9,0.111,0.27217,1,0.0,0.0,0.0
001486_lcam_front_lidar.ply,0.1,800,0.9,0.14066,0.26864,1,0.0,0.0,0.0
001487_lcam_front_lidar.ply,0.1,800,0.9,0.12843,0.27033,1,0.0,0.0,0.0
001488_lcam_front_lidar.ply,0.1,800,0.9,0.11731,0.27157,1,0.0,0.0,0.0
001489_lcam_front_lidar.ply,0.1,800,0.9,0.11117,0.27291,1,0.0,0.0,0.0
001490_lcam_front_lidar.ply,0.1,800,0.9,0.12788,0.26981,1,0.0,0.0,0.0
001491_lcam_front_lidar.ply,0.1,800,0.9,0.13118,0.26867,1,0.0,0.0,0.0
001492_lcam_front_lidar.ply,0.2,800,0.9,0.13938,0.26746,1,0.0,0.0,0.0
001493_lcam_front_lidar.ply,0.1,800,0.9,0.12698,0.26992,1,0.0,0.0,0.0
001494_lcam_front_lidar.ply,0.1,800,0.9,0.12663,0.27095,1,0.0,0.0,0.0
001495_lcam_front_lidar.ply,0.1,800,0.9,0.13789,0.26927,1,0.0,0.0,0.0
001496_lcam_front_lidar.ply,0.1,800,0.9,0.10509,0.27087,1,0.0,0.0,0.0
001497_lcam_front_lidar.ply,0.1,800,0.9,0.12422,0.27024,1,0.0,0.0,0.0
001498_lcam_front_lidar.ply,0.1,800,0.9,0.13271,0.2688,1,0.0,0.0,0.0
001499_lcam_front_lidar.ply,0.1,800,0.9,0.12878,0.26949,1,0.0,0.0,0.0
001500_lcam_front_lidar.ply,0.1,800,0.9,0.1354,0.27012,1,0.0,0.0,0.0
001501_lcam_front_lidar.ply,0.1,800,0.9,0.11718,0.27251,1,0.0,0.0,0.0
001502_lcam_front_lidar.ply,0.1,800,0.9,0.12168,0.27134,1,0.0,0.0,0.0
001503_lcam_front_lidar.ply,0.1,800,0.9,0.12116,0.27338,1,0.0,0.0,0.0
001504_lcam_front_lidar.ply,0.1,800,0.9,0.12719,0.27147,1,0.0,0.0,0.0
001505_lcam_front_lidar.ply,0.1,800,0.9,0.12187,0.27163,1,0.0,0.0,0.0
001506_lcam_front_lidar.ply,0.1,800,0.9,0.12349,0.27289,1,0.0,0.0,0.0
001507_lcam_front_lidar.ply,0.1,800,0.9,0.12789,0.27214,1,0.0,0.0,0.0
001508_lcam_front_lidar.ply,0.1,800,0.9,0.1334,0.27001,1,0.0,0.0,0.0
001509_lcam_front_lidar.ply,0.1,800,0.9,0.14354,0.26967,1,0.0,0.0,0.0
001510_lcam_front_lidar.ply,0.2,800,0.9,0.13033,0.26893,1,0.0,0.0,0.0
001511_lcam_front_lidar.ply,0.2,800,0.9,0.14356,0.26845,1,0.0,0.0,0.0
001512_lcam_front_lidar.ply,0.1,800,0.9,0.12767,0.27101,1,0.0,0.0,0.0
001513_lcam_front_lidar.ply,0.1,800,0.9,0.11753,0.27172,1,0.0,0.0,0.0
001514_lcam_front_lidar.ply,0.1,800,0.9,0.12977,0.2708,1,0.0,0.0,0.0
001515_lcam_front_lidar.ply,0.1,800,0.9,0.12643,0.27118,1,0.0,0.0,0.0
001516_lcam_front_lidar.ply,0.2,800,0.9,0.1438,0.26824,1,0.0,0.0,0.0
001517_lcam_front_lidar.ply,0.2,800,0.9,0.14041,0.26901,1,0.0,0.0,0.0
001518_lcam_front_lidar.ply,0.2,800,0.9,0.12712,0.27012,1,0.0,0.0,0.0
001519_lcam_front_lidar.ply,0.2,800,0.9,0.12595,0.27009,1,0.0,0.0,0.0
001520_lcam_front_lidar.ply,0.2,800,0.9,0.12677,0.27005,1,0.0,0.0,0.0
001521_lcam_front_lidar.ply,0.2,800,0.9,0.1053,0.27215,1,0.0,0.0,0.0
001522_lcam_front_lidar.ply,0.2,800,0.9,0.10098,0.27311,1,0.0,0.0,0.0
001523_lcam_front_lidar.ply,0.2,800,0.9,0.11122,0.27076,1,0.0,0.0,0.0
001524_lcam_front_lidar.ply,0.1,800,0.9,0.1096,0.27237,1,0.0,0.0,0.0
001525_lcam_front_lidar.ply,0.2,800,0.9,0.0993,0.27358,1,0.0,0.0,0.0
001526_lcam_front_lidar.ply,0.1,800,0.9,0.10532,0.27327,1,0.0,0.0,0.0
001527_lcam_front_lidar.ply,0.1,800,0.9,0.08912,0.27483,1,0.0,0.0,0.0
001528_lcam_front_lidar.ply,0.1,800,0.9,0.08646,0.27478,1,0.0,0.0,0.0
001529_lcam_front_lidar.ply,0.2,800,0.9,0.11944,0.27088,1,0.0,0.0,0.0
001530_lcam_front_lidar.ply,0.1,800,0.9,0.11237,0.27409,1,0.0,0.0,0.0
001531_lcam_front_lidar.ply,0.2,800,0.9,0.13507,0.27122,1,0.0,0.0,0.0
001532_lcam_front_lidar.ply,0.2,800,0.9,0.15666,0.28517,1,0.02749,0.99994,0.02129
001533_lcam_front_lidar.ply,0.2,800,0.9,0.17035,0.28032,1,0.02789,0.99993,0.02637
001534_lcam_front_lidar.ply,0.15,800,0.9,0.14325,0.27035,1,0.0,0.0,0.0
001535_lcam_front_lidar.ply,0.15,800,0.9,0.13554,0.27084,1,0.0,0.0,0.0
001536_lcam_front_lidar.ply,0.15,800,0.9,0.13683,0.27093,1,0.0,0.0,0.0
001537_lcam_front_lidar.ply,0.1,800,0.9,0.12645,0.27101,1,0.0,0.0,0.0
001538_lcam_front_lidar.ply,0.15,800,0.9,0.1599,0.26653,1,0.0,0.0,0.0
001539_lcam_front_lidar.ply,0.1,800,0.9,0.14256,0.27065,1,0.0,0.0,0.0
001540_lcam_front_lidar.ply,0.15,800,0.9,0.15771,0.2676,1,0.0,0.0,0.0
001541_lcam_front_lidar.ply,0.15,800,0.9,0.17464,0.2677,1,0.0,0.0,0.0
001542_lcam_front_lidar.ply,0.1,800,0.9,0.1564,0.2693,1,0.0,0.0,0.0
001543_lcam_front_lidar.ply,0.1,800,0.9,0.15787,0.27009,1,0.0,0.0,0.0
001544_lcam_front_lidar.ply,0.15,800,0.9,0.18221,0.27799,1,0.02613,0.99991,0.02949
001545_lcam_front_lidar.ply,0.15,800,0.9,0.16096,0.26963,1,0.0,0.0,0.0
001546_lcam_front_lidar.ply,0.15,800,0.9,0.19433,0.2782,1,0.02573,0.99992,0.02644
001547_lcam_front_lidar.ply,0.15,800,0.9,0.17245,0.26729,1,0.0,0.0,0.0
001548_lcam_front_lidar.ply,0.15,800,0.9,0.18885,0.27655,1,0.02628,0.99991,0.02891
001549_lcam_front_lidar.ply,0.15,800,0.9,0.1888,0.2785,1,0.02615,0.99992,0.02723
001550_lcam_front_lidar.ply,0.15,800,0.9,0.1966,0.27644,1,0.02639,0.99991,0.02854
001551_lcam_front_lidar.ply,0.15,800,0.9,0.18712,0.26701,1,0.0,0.0,0.0
001552_lcam_front_lidar.ply,0.15,800,0.9,0.18763,0.27724,1,0.02689,0.9999,0.0303
001553_lcam_front_lidar.ply,0.15,800,0.9,0.18042,0.26793,1,0.0,0.0,0.0
001554_lcam_front_lidar.ply,0.15,800,0.9,0.1847,0.26631,1,0.0,0.0,0.0
001555_lcam_front_lidar.ply,0.15,800,0.9,0.20586,0.27367,1,0.02549,0.99989,0.03225
001556_lcam_front_lidar.ply,0.15,800,0.9,0.19172,0.26557,1,0.0,0.0,0.0
001557_lcam_front_lidar.ply,0.15,800,0.9,0.21307,0.27505,1,0.02647,0.99991,0.03045
001558_lcam_front_lidar.ply,0.15,800,0.9,0.20344,0.27608,1,0.02655,0.99991,0.03077
001559_lcam_front_lidar.ply,0.15,800,0.9,0.19388,0.28028,1,0.02637,0.99991,0.02389
001560_lcam_front_lidar.ply,0.15,800,0.9,0.1939,0.27648,1,0.0268,0.99991,0.03138
001561_lcam_front_lidar.ply,0.15,800,0.9,0.2118,0.2797,1,0.02613,0.99992,0.02473
001562_lcam_front_lidar.ply,0.15,800,0.9,0.1917,0.2776,1,0.02685,0.9999,0.03036
001563_lcam_front_lidar.ply,0.15,800,0.9,0.19451,0.27909,1,0.02641,0.99991,0.02524
001564_lcam_front_lidar.ply,0.15,800,0.9,0.2043,0.27655,1,0.0269,0.9999,0.03041
001565_lcam_front_lidar.ply,0.15,800,0.9,0.20404,0.27686,1,0.02759,0.99989,0.03241
001566_lcam_front_lidar.ply,0.15,800,0.9,0.22952,0.27722,1,0.02724,0.99989,0.02537
001567_lcam_front_lidar.ply,0.15,800,0.9,0.18989,0.26401,1,0.0,0.0,0.0
001568_lcam_front_lidar.ply,0.15,800,0.9,0.22903,0.27598,1,0.02877,0.99986,0.03085
001569_lcam_front_lidar.ply,0.15,800,0.9,0.22069,0.27783,1,0.02739,0.99989,0.02654
001570_lcam_front_lidar.ply,0.15,800,0.9,0.21976,0.26218,1,0.01632,0.99969,0.03345
001571_lcam_front_lidar.ply,0.15,800,0.9,0.25303,0.27159,1,0.02844,0.99986,0.0333
001572_lcam_front_lidar.ply,0.15,800,0.9,0.23806,0.24691,1,0.02675,0.99907,0.08016
001573_lcam_front_lidar.ply,0.15,800,0.9,0.23534,0.27886,1,0.02613,0.9999,0.01911
001574_lcam_front_lidar.ply,0.15,800,0.9,0.22404,0.26216,1,0.01674,0.99975,0.03471
001575_lcam_front_lidar.ply,0.15,800,0.9,0.2178,0.27888,1,0.02631,0.99989,0.01875
001576_lcam_front_lidar.ply,0.15,800,0.9,0.21489,0.27934,1,0.02884,0.99984,0.02679
001577_lcam_front_lidar.ply,0.15,800,0.9,0.22156,0.278,1,0.02897,0.99984,0.02816
001578_lcam_front_lidar.ply,0.15,800,0.9,0.20639,0.25131,1,0.02185,0.99958,0.07151
001579_lcam_front_lidar.ply,0.15,800,0.9,0.21282,0.26438,1,0.09329,0.96443,0.18506
001580_lcam_front_lidar.ply,0.15,800,0.9,0.2298,0.26115,1,0.09595,0.96623,0.19271
001581_lcam_front_lidar.ply,0.15,800,0.9,0.21633,0.28097,1,0.0276,0.99986,0.02064
001582_lcam_front_lidar.ply,0.15,800,0.9,0.25796,0.27671,1,0.028,0.99985,0.02101
001583_lcam_front_lidar.ply,0.15,800,0.9,0.24126,0.27139,1,0.02288,0.9999,0.01842
001584_lcam_front_lidar.ply,0.15,800,0.9,0.24242,0.27049,1,0.02401,0.99987,0.0249
001585_lcam_front_lidar.ply,0.15,800,0.9,0.20491,0.24785,1,0.02218,0.99849,0.07837
001586_lcam_front_lidar.ply,0.15,800,0.9,0.18979,0.25695,1,0.02089,0.99904,0.06383
001587_lcam_front_lidar.ply,0.15,800,0.9,0.21165,0.27863,1,0.02979,0.99976,0.02934
001588_lcam_front_lidar.ply,0.15,800,0.9,0.21913,0.27675,1,0.02405,0.99986,0.01866
001589_lcam_front_lidar.ply,0.15,800,0.9,0.195,0.27452,1,0.10617,0.96437,0.19696
001590_lcam_front_lidar.ply,0.15,800,0.9,0.21049,0.27989,1,0.02395,0.99988,0.01561
001591_lcam_front_lidar.ply,0.15,800,0.9,0.23435,0.27836,1,0.02464,0.99984,0.01794
001592_lcam_front_lidar.ply,0.15,800,0.9,0.19403,0.28391,1,0.10766,0.96189,0.17771
001593_lcam_front_lidar.ply,0.15,800,0.9,0.20819,0.2938,1,0.12428,0.95896,0.18939
001594_lcam_front_lidar.ply,0.15,800,0.9,0.23268,0.21889,1,0.03263,0.99958,0.15107
001595_lcam_front_lidar.ply,0.15,800,0.9,0.21542,0.28963,1,0.11959,0.96285,0.18931
001596_lcam_front_lidar.ply,0.15,800,0.9,0.22249,0.29064,1,0.12232,0.96333,0.18748
001597_lcam_front_lidar.ply,0.15,800,0.9,0.18978,0.29974,1,0.13287,0.95738,0.19743
001598_lcam_front_lidar.ply,0.15,800,0.9,0.20834,0.2973,1,0.13724,0.95601,0.20664
001599_lcam_front_lidar.ply,0.15,800,0.9,0.22088,0.26248,1,0.07874,0.93856,0.15688
001600_lcam_front_lidar.ply,0.15,800,0.9,0.19183,0.30436,1,0.12995,0.95703,0.18206
001601_lcam_front_lidar.ply,0.15,800,0.9,0.2486,0.29575,1,0.12425,0.96449,0.17554
001602_lcam_front_lidar.ply,0.1,800,0.9,0.21167,0.28314,1,0.08246,0.97667,0.12878
001603_lcam_front_lidar.ply,0.15,800,0.9,0.23439,0.31198,1,0.14598,0.9526,0.19051
001604_lcam_front_lidar.ply,0.15,800,0.9,0.20834,0.25455,1,0.06379,0.91373,0.14438
001605_lcam_front_lidar.ply,0.15,800,0.9,0.21248,0.31387,1,0.14729,0.95688,0.19237
001606_lcam_front_lidar.ply,0.15,800,0.9,0.16944,0.33264,1,0.15198,0.9273,0.17084
001607_lcam_front_lidar.ply,0.15,800,0.9,0.23135,0.26453,1,0.06905,0.90195,0.12737
001608_lcam_front_lidar.ply,0.15,800,0.9,0.18244,0.3135,1,0.12109,0.90071,0.14173
001609_lcam_front_lidar.ply,0.15,800,0.9,0.16941,0.31204,1,0.11796,0.89947,0.14009
001610_lcam_front_lidar.ply,0.15,800,0.9,0.15107,0.32283,1,0.12614,0.90224,0.14035
001611_lcam_front_lidar.ply,0.1,800,0.9,0.17495,0.30093,1,0.09733,0.95479,0.12387
001612_lcam_front_lidar.ply,0.1,800,0.9,0.19024,0.309,1,0.10965,0.958,0.12901
001613_lcam_front_lidar.ply,0.1,800,0.9,0.16325,0.33216,1,0.12568,0.92448,0.12159
001614_lcam_front_lidar.ply,0.1,800,0.9,0.15583,0.32812,1,0.119,0.93063,0.11648
001615_lcam_front_lidar.ply,0.1,800,0.9,0.18587,0.31499,1,0.11097,0.95593,0.11747
001616_lcam_front_lidar.ply,0.1,800,0.9,0.15286,0.34352,1,0.13497,0.92615,0.11592
001617_lcam_front_lidar.ply,0.1,800,0.9,0.11931,0.35964,1,0.14668,0.91217,0.1116
001618_lcam_front_lidar.ply,0.1,800,0.9,0.13964,0.36059,1,0.15103,0.92147,0.11887
001619_lcam_front_lidar.ply,0.1,800,0.9,0.13026,0.36729,1,0.14875,0.90187,0.10252
001620_lcam_front_lidar.ply,0.1,800,0.9,0.14008,0.36011,1,0.13981,0.89953,0.09797
001621_lcam_front_lidar.ply,0.1,800,0.9,0.16945,0.36727,1,0.15181,0.90076,0.09908
001622_lcam_front_lidar.ply,0.1,800,0.9,0.14123,0.36438,1,0.15269,0.9091,0.10993
001623_lcam_front_lidar.ply,0.1,800,0.9,0.11683,0.36084,1,0.13474,0.89893,0.09056
001624_lcam_front_lidar.ply,0.1,800,0.9,0.12106,0.35069,1,0.13056,0.90151,0.0926
001625_lcam_front_lidar.ply,0.1,800,0.9,0.12504,0.37092,1,0.14701,0.89874,0.08818
001626_lcam_front_lidar.ply,0.1,800,0.9,0.11799,0.35898,1,0.12937,0.89802,0.0812
001627_lcam_front_lidar.ply,0.1,800,0.9,0.11533,0.3588,1,0.13366,0.89832,0.08554
001628_lcam_front_lidar.ply,0.1,800,0.9,0.09729,0.37506,1,0.14326,0.89739,0.07954
001629_lcam_front_lidar.ply,0.1,800,0.9,0.10889,0.37029,1,0.1376,0.89711,0.07648
001630_lcam_front_lidar.ply,0.1,800,0.9,0.12336,0.38096,1,0.15041,0.89651,0.07658
001631_lcam_front_lidar.ply,0.1,800,0.9,0.11052,0.36134,1,0.12962,0.88746,0.07415
001632_lcam_front_lidar.ply,0.1,800,0.9,0.11838,0.37023,1,0.14231,0.88745,0.08145
001633_lcam_front_lidar.ply,0.1,800,0.9,0.12314,0.37513,1,0.14549,0.88545,0.07755
001634_lcam_front_lidar.ply,0.1,800,0.9,0.14111,0.37177,1,0.14256,0.88384,0.0727
001635_lcam_front_lidar.ply,0.1,800,0.9,0.13502,0.36385,1,0.13384,0.88454,0.07549
001636_lcam_front_lidar.ply,0.1,800,0.9,0.10767,0.37787,1,0.14533,0.88403,0.07535
001637_lcam_front_lidar.ply,0.1,800,0.9,0.14653,0.36509,1,0.13614,0.88043,0.07585
001638_lcam_front_lidar.ply,0.1,800,0.9,0.11488,0.36569,1,0.13405,0.88396,0.07459
001639_lcam_front_lidar.ply,0.1,800,0.9,0.12651,0.36965,1,0.14065,0.88393,0.07746
001640_lcam_front_lidar.ply,0.1,800,0.9,0.16161,0.3654,1,0.13954,0.88624,0.07557
001641_lcam_front_lidar.ply,0.1,800,0.9,0.12548,0.36547,1,0.13469,0.88617,0.07295
001642_lcam_front_lidar.ply,0.1,800,0.9,0.15906,0.37149,1,0.14311,0.88697,0.07559
001643_lcam_front_lidar.ply,0.1,800,0.9,0.14185,0.36289,1,0.13177,0.88559,0.0728
001644_lcam_front_lidar.ply,0.1,800,0.9,0.14197,0.36911,1,0.14178,0.89273,0.07693
001645_lcam_front_lidar.ply,0.1,800,0.9,0.15487,0.36732,1,0.13826,0.88957,0.07536
001646_lcam_front_lidar.ply,0.1,800,0.9,0.15183,0.37097,1,0.144,0.89255,0.07958
001647_lcam_front_lidar.ply,0.1,800,0.9,0.22039,0.37241,1,0.15575,0.89858,0.08713
001648_lcam_front_lidar.ply,0.1,800,0.9,0.15083,0.36973,1,0.14826,0.89638,0.08812
001649_lcam_front_lidar.ply,0.1,800,0.9,0.14934,0.35121,1,0.12808,0.89672,0.08186
001650_lcam_front_lidar.ply,0.1,800,0.9,0.14898,0.36472,1,0.13875,0.89171,0.08223
001651_lcam_front_lidar.ply,0.1,800,0.9,0.16046,0.35598,1,0.13292,0.8999,0.0868
001652_lcam_front_lidar.ply,0.1,800,0.9,0.14998,0.35211,1,0.12443,0.89318,0.07537
001653_lcam_front_lidar.ply,0.1,800,0.9,0.1292,0.37134,1,0.1481,0.89756,0.09134
001654_lcam_front_lidar.ply,0.1,800,0.9,0.17568,0.35175,1,0.1348,0.90137,0.09362
001655_lcam_front_lidar.ply,0.1,800,0.9,0.12649,0.36275,1,0.14196,0.90049,0.09553
001656_lcam_front_lidar.ply,0.1,800,0.9,0.12995,0.36329,1,0.141,0.89991,0.09581
001657_lcam_front_lidar.ply,0.1,800,0.9,0.17959,0.35921,1,0.14095,0.89829,0.09237
001658_lcam_front_lidar.ply,0.15,800,0.9,0.22301,0.3715,1,0.1735,0.90097,0.12418
001659_lcam_front_lidar.ply,0.15,800,0.9,0.17349,0.37136,1,0.17121,0.89985,0.12645
001660_lcam_front_lidar.ply,0.15,800,0.9,0.17603,0.36465,1,0.16439,0.90084,0.12799
001661_lcam_front_lidar.ply,0.15,800,0.9,0.19336,0.35761,1,0.16058,0.90067,0.12853
001662_lcam_front_lidar.ply,0.15,800,0.9,0.20134,0.35325,1,0.15467,0.90036,0.1268
001663_lcam_front_lidar.ply,0.15,800,0.9,0.20582,0.35384,1,0.15639,0.90192,0.12739
001664_lcam_front_lidar.ply,0.15,800,0.9,0.19019,0.35318,1,0.1586,0.90293,0.13826
001665_lcam_front_lidar.ply,0.15,800,0.9,0.18329,0.34918,1,0.15297,0.898,0.13691
001666_lcam_front_lidar.ply,0.15,800,0.9,0.1991,0.33675,1,0.14111,0.90023,0.13845
001667_lcam_front_lidar.ply,0.15,800,0.9,0.21671,0.32989,1,0.13588,0.90144,0.13312
001668_lcam_front_lidar.ply,0.15,800,0.9,0.20972,0.32549,1,0.13209,0.90147,0.13862
001669_lcam_front_lidar.ply,0.15,800,0.9,0.21436,0.31473,1,0.12136,0.90092,0.13402
001670_lcam_front_lidar.ply,0.15,800,0.9,0.22137,0.31773,1,0.13038,0.90659,0.1461
001671_lcam_front_lidar.ply,0.15,800,0.9,0.3177,0.25388,1,0.08044,0.92237,0.15603
001672_lcam_front_lidar.ply,0.15,800,0.9,0.22159,0.32956,1,0.15434,0.92196,0.17618
001673_lcam_front_lidar.ply,0.15,800,0.9,0.27351,0.31107,1,0.15384,0.95135,0.20094
001674_lcam_front_lidar.ply,0.15,800,0.9,0.2196,0.30043,1,0.10532,0.90333,0.13407
001675_lcam_front_lidar.ply,0.15,800,0.9,0.22467,0.31787,1,0.14034,0.92838,0.16976
001676_lcam_front_lidar.ply,0.2,800,0.9,0.21393,0.22315,1,0.04316,0.87325,0.16488
001677_lcam_front_lidar.ply,0.2,800,0.9,0.19357,0.2304,1,0.0436,0.87309,0.156
001678_lcam_front_lidar.ply,0.2,800,0.9,0.15884,0.20328,1,0.04356,0.85732,0.2148
001679_lcam_front_lidar.ply,0.2,800,0.9,0.23667,0.23112,1,0.05297,0.89889,0.16527
001680_lcam_front_lidar.ply,0.2,800,0.9,0.24578,0.21921,1,0.04691,0.87386,0.17569
001681_lcam_front_lidar.ply,0.2,800,0.9,0.26931,0.21616,1,0.05761,0.93412,0.19769
001682_lcam_front_lidar.ply,0.15,800,0.9,0.34225,0.25678,1,0.09358,0.94271,0.17647
001683_lcam_front_lidar.ply,0.2,800,0.9,0.23017,0.31156,1,0.1677,0.93211,0.23506
001684_lcam_front_lidar.ply,0.2,800,0.9,0.24595,0.3114,1,0.18144,0.9436,0.26092
001685_lcam_front_lidar.ply,0.15,800,0.9,0.28949,0.28976,1,0.13239,0.95645,0.19855
001686_lcam_front_lidar.ply,0.15,800,0.9,0.20477,0.29705,1,0.13553,0.95294,0.20861
001687_lcam_front_lidar.ply,0.15,800,0.9,0.23565,0.28911,1,0.12288,0.95638,0.19296
001688_lcam_front_lidar.ply,0.2,800,0.9,0.17523,0.29957,1,0.14091,0.9304,0.21664
001689_lcam_front_lidar.ply,0.2,800,0.9,0.21695,0.22137,1,0.05649,0.91389,0.1965
001690_lcam_front_lidar.ply,0.15,800,0.9,0.21281,0.28226,1,0.1117,0.9613,0.18486
001691_lcam_front_lidar.ply,0.15,800,0.9,0.21597,0.28911,1,0.11523,0.96024,0.18135
001692_lcam_front_lidar.ply,0.15,800,0.9,0.20352,0.26599,1,0.08008,0.93318,0.15838
001693_lcam_front_lidar.ply,0.15,800,0.9,0.23894,0.29114,1,0.12178,0.95992,0.1839
001694_lcam_front_lidar.ply,0.15,800,0.9,0.2184,0.28455,1,0.11526,0.962,0.18854
001695_lcam_front_lidar.ply,0.15,800,0.9,0.23229,0.27831,1,0.02479,0.99984,0.01946
001696_lcam_front_lidar.ply,0.15,800,0.9,0.23216,0.27788,1,0.02374,0.99987,0.017
001697_lcam_front_lidar.ply,0.15,800,0.9,0.18005,0.28936,1,0.11588,0.95617,0.1873
001698_lcam_front_lidar.ply,0.15,800,0.9,0.19838,0.27483,1,0.0976,0.93805,0.17378
001699_lcam_front_lidar.ply,0.15,800,0.9,0.22718,0.20425,1,0.03416,0.99938,0.17977
001700_lcam_front_lidar.ply,0.15,800,0.9,0.23362,0.27514,1,0.02402,0.99985,0.01944
001701_lcam_front_lidar.ply,0.15,800,0.9,0.21223,0.27848,1,0.02285,0.9999,0.01541
001702_lcam_front_lidar.ply,0.15,800,0.9,0.20867,0.27913,1,0.02287,0.99989,0.01651
001703_lcam_front_lidar.ply,0.15,800,0.9,0.21361,0.26903,1,0.095,0.95621,0.17905
001704_lcam_front_lidar.ply,0.15,800,0.9,0.20942,0.27654,1,0.02501,0.99982,0.02666
001705_lcam_front_lidar.ply,0.15,800,0.9,0.24138,0.27612,1,0.02373,0.99989,0.01776
001706_lcam_front_lidar.ply,0.15,800,0.9,0.22693,0.27377,1,0.02364,0.99986,0.02482
001707_lcam_front_lidar.ply,0.15,800,0.9,0.21535,0.27608,1,0.02387,0.99986,0.02518
001708_lcam_front_lidar.ply,0.15,800,0.9,0.23041,0.22505,1,0.0259,0.99957,0.12466
001709_lcam_front_lidar.ply,0.15,800,0.9,0.22944,0.27518,1,0.02481,0.99985,0.02595
001710_lcam_front_lidar.ply,0.15,800,0.9,0.21683,0.27351,1,0.02445,0.99986,0.02626
001711_lcam_front_lidar.ply,0.15,800,0.9,0.22013,0.27629,1,0.02281,0.99991,0.01764
001712_lcam_front_lidar.ply,0.15,800,0.9,0.19454,0.27071,1,0.0311,0.99978,0.05165
001713_lcam_front_lidar.ply,0.15,800,0.9,0.224,0.25199,1,0.08269,0.97367,0.18524
001714_lcam_front_lidar.ply,0.15,800,0.9,0.2281,0.27374,1,0.02416,0.99988,0.02607
001715_lcam_front_lidar.ply,0.15,800,0.9,0.22893,0.27631,1,0.02135,0.99994,0.01528
001716_lcam_front_lidar.ply,0.15,800,0.9,0.20764,0.27627,1,0.02363,0.99989,0.02566
001717_lcam_front_lidar.ply,0.15,800,0.9,0.2306,0.27357,1,0.02298,0.99991,0.02441
001718_lcam_front_lidar.ply,0.15,800,0.9,0.22225,0.27268,1,0.02446,0.99986,0.02837
001719_lcam_front_lidar.ply,0.15,800,0.9,0.22251,0.25051,1,0.07161,0.97089,0.16908
001720_lcam_front_lidar.ply,0.15,800,0.9,0.22264,0.27318,1,0.02243,0.99992,0.02391
001721_lcam_front_lidar.ply,0.15,800,0.9,0.21002,0.27716,1,0.02819,0.99986,0.02804
001722_lcam_front_lidar.ply,0.15,800,0.9,0.21382,0.27895,1,0.02834,0.99986,0.02785
001723_lcam_front_lidar.ply,0.15,800,0.9,0.21213,0.27765,1,0.02787,0.99988,0.02531
001724_lcam_front_lidar.ply,0.15,800,0.9,0.20588,0.27682,1,0.0279,0.99987,0.02817
001725_lcam_front_lidar.ply,0.15,800,0.9,0.21589,0.27644,1,0.02744,0.99988,0.02558
001726_lcam_front_lidar.ply,0.15,800,0.9,0.19997,0.26438,1,0.0,0.0,0.0
001727_lcam_front_lidar.ply,0.15,800,0.9,0.20841,0.2788,1,0.02782,0.99988,0.02697
001728_lcam_front_lidar.ply,0.15,800,0.9,0.2086,0.28009,1,0.02814,0.99987,0.02665
001729_lcam_front_lidar.ply,0.15,800,0.9,0.17271,0.26766,1,0.0,0.0,0.0
001730_lcam_front_lidar.ply,0.15,800,0.9,0.22954,0.27627,1,0.02733,0.99989,0.02631
001731_lcam_front_lidar.ply,0.15,800,0.9,0.23134,0.27533,1,0.02724,0.99989,0.02635
001732_lcam_front_lidar.ply,0.15,800,0.9,0.19711,0.27795,1,0.02766,0.99988,0.02557
001733_lcam_front_lidar.ply,0.15,800,0.9,0.20483,0.27785,1,0.02691,0.9999,0.02592
001734_lcam_front_lidar.ply,0.15,800,0.9,0.20997,0.27973,1,0.02758,0.99989,0.02521
001735_lcam_front_lidar.ply,0.15,800,0.9,0.22097,0.26443,1,0.0,0.0,0.0
001736_lcam_front_lidar.ply,0.15,800,0.9,0.20387,0.27815,1,0.02737,0.99989,0.02508
001737_lcam_front_lidar.ply,0.15,800,0.9,0.20337,0.27628,1,0.0274,0.99989,0.03067
001738_lcam_front_lidar.ply,0.15,800,0.9,0.26069,0.27384,1,0.02645,0.99991,0.02505
001739_lcam_front_lidar.ply,0.15,800,0.9,0.20849,0.27712,1,0.0284,0.99988,0.03016
001740_lcam_front_lidar.ply,0.15,800,0.9,0.21524,0.27819,1,0.02713,0.9999,0.02465
001741_lcam_front_lidar.ply,0.15,800,0.9,0.19078,0.26494,1,0.0,0.0,0.0
001742_lcam_front_lidar.ply,0.15,800,0.9,0.20599,0.27815,1,0.02696,0.99991,0.02407
001743_lcam_front_lidar.ply,0.15,800,0.9,0.18224,0.26571,1,0.0,0.0,0.0
001744_lcam_front_lidar.ply,0.15,800,0.9,0.19535,0.2639,1,0.0,0.0,0.0
001745_lcam_front_lidar.ply,0.15,800,0.9,0.19845,0.26503,1,0.0,0.0,0.0
001746_lcam_front_lidar.ply,0.15,800,0.9,0.19404,0.26588,1,0.0,0.0,0.0
001747_lcam_front_lidar.ply,0.15,800,0.9,0.18022,0.27351,1,0.02159,0.99995,0.03121
001748_lcam_front_lidar.ply,0.15,800,0.9,0.18015,0.26592,1,0.0,0.0,0.0
001749_lcam_front_lidar.ply,0.15,800,0.9,0.18941,0.26678,1,0.0,0.0,0.0
001750_lcam_front_lidar.ply,0.15,800,0.9,0.18563,0.28011,1,0.02704,0.9999,0.02921
001751_lcam_front_lidar.ply,0.15,800,0.9,0.18411,0.26625,1,0.0,0.0,0.0
001752_lcam_front_lidar.ply,0.15,800,0.9,0.1737,0.26638,1,0.0,0.0,0.0
001753_lcam_front_lidar.ply,0.15,800,0.9,0.17442,0.26758,1,0.0,0.0,0.0
001754_lcam_front_lidar.ply,0.15,800,0.9,0.19083,0.27812,1,0.02723,0.9999,0.0314
001755_lcam_front_lidar.ply,0.15,800,0.9,0.16672,0.26878,1,0.0,0.0,0.0
001756_lcam_front_lidar.ply,0.15,800,0.9,0.18398,0.26671,1,0.0,0.0,0.0
001757_lcam_front_lidar.ply,0.15,800,0.9,0.17602,0.26725,1,0.0,0.0,0.0
001758_lcam_front_lidar.ply,0.15,800,0.9,0.18776,0.26482,1,0.0,0.0,0.0
001759_lcam_front_lidar.ply,0.15,800,0.9,0.16354,0.26852,1,0.0,0.0,0.0
001760_lcam_front_lidar.ply,0.15,800,0.9,0.16306,0.26847,1,0.0,0.0,0.0
001761_lcam_front_lidar.ply,0.15,800,0.9,0.18947,0.26625,1,0.0,0.0,0.0
001762_lcam_front_lidar.ply,0.15,800,0.9,0.19079,0.27843,1,0.02644,0.99992,0.02905
001763_lcam_front_lidar.ply,0.15,800,0.9,0.18009,0.26638,1,0.0,0.0,0.0
001764_lcam_front_lidar.ply,0.15,800,0.9,0.18225,0.27887,1,0.02625,0.99992,0.02742
001765_lcam_front_lidar.ply,0.1,800,0.9,0.14462,0.27061,1,0.0,0.0,0.0
001766_lcam_front_lidar.ply,0.1,800,0.9,0.14273,0.27277,1,0.0,0.0,0.0
001767_lcam_front_lidar.ply,0.1,800,0.9,0.14719,0.27055,1,0.0,0.0,0.0
001768_lcam_front_lidar.ply,0.1,800,0.9,0.15282,0.26926,1,0.0,0.0,0.0
001769_lcam_front_lidar.ply,0.1,800,0.9,0.15404,0.2698,1,0.0,0.0,0.0
001770_lcam_front_lidar.ply,0.1,800,0.9,0.14674,0.26871,1,0.0,0.0,0.0
001771_lcam_front_lidar.ply,0.1,800,0.9,0.13791,0.2704,1,0.0,0.0,0.0
001772_lcam_front_lidar.ply,0.1,800,0.9,0.14067,0.27017,1,0.0,0.0,0.0
001773_lcam_front_lidar.ply,0.1,800,0.9,0.13563,0.27005,1,0.0,0.0,0.0
001774_lcam_front_lidar.ply,0.1,800,0.9,0.13442,0.2716,1,0.0,0.0,0.0
001775_lcam_front_lidar.ply,0.1,800,0.9,0.13392,0.27329,1,0.0,0.0,0.0
001776_lcam_front_lidar.ply,0.1,800,0.9,0.12191,0.2729,1,0.0,0.0,0.0
001777_lcam_front_lidar.ply,0.15,800,0.9,0.15057,0.26827,1,0.0,0.0,0.0
001778_lcam_front_lidar.ply,0.1,800,0.9,0.12834,0.27263,1,0.0,0.0,0.0
001779_lcam_front_lidar.ply,0.1,800,0.9,0.12841,0.27188,1,0.0,0.0,0.0
001780_lcam_front_lidar.ply,0.1,800,0.9,0.09741,0.27553,1,0.0,0.0,0.0
001781_lcam_front_lidar.ply,0.1,800,0.9,0.10844,0.27392,1,0.0,0.0,0.0
001782_lcam_front_lidar.ply,0.1,800,0.9,0.09531,0.27539,1,0.0,0.0,0.0
001783_lcam_front_lidar.ply,0.2,800,0.9,0.12662,0.27131,1,0.0,0.0,0.0
001784_lcam_front_lidar.ply,0.1,800,0.9,0.10503,0.27282,1,0.0,0.0,0.0
001785_lcam_front_lidar.ply,0.2,800,0.9,0.10946,0.27509,1,0.0,0.0,0.0
001786_lcam_front_lidar.ply,0.1,800,0.9,0.09482,0.27372,1,0.0,0.0,0.0
001787_lcam_front_lidar.ply,0.2,800,0.9,0.12106,0.27044,1,0.0,0.0,0.0
001788_lcam_front_lidar.ply,0.1,800,0.9,0.12743,0.27102,1,0.0,0.0,0.0
001789_lcam_front_lidar.ply,0.2,800,0.9,0.13795,0.26815,1,0.0,0.0,0.0
001790_lcam_front_lidar.ply,0.2,800,0.9,0.12228,0.27035,1,0.0,0.0,0.0
001791_lcam_front_lidar.ply,0.2,800,0.9,0.13255,0.26906,1,0.0,0.0,0.0
001792_lcam_front_lidar.ply,0.1,800,0.9,0.13655,0.27036,1,0.0,0.0,0.0
001793_lcam_front_lidar.ply,0.2,800,0.9,0.14213,0.26846,1,0.0,0.0,0.0
001794_lcam_front_lidar.ply,0.2,800,0.9,0.13879,0.26895,1,0.0,0.0,0.0
001795_lcam_front_lidar.ply,0.2,800,0.9,0.13705,0.26828,1,0.0,0.0,0.0
001796_lcam_front_lidar.ply,0.1,800,0.9,0.13441,0.27058,1,0.0,0.0,0.0
001797_lcam_front_lidar.ply,0.1,800,0.9,0.12677,0.27058,1,0.0,0.0,0.0
001798_lcam_front_lidar.ply,0.1,800,0.9,0.1324,0.26942,1,0.0,0.0,0.0
001799_lcam_front_lidar.ply,0.1,800,0.9,0.11481,0.27305,1,0.0,0.0,0.0
001800_lcam_front_lidar.ply,0.2,800,0.9,0.13015,0.26935,1,0.0,0.0,0.0
001801_lcam_front_lidar.ply,0.1,800,0.9,0.13624,0.27017,1,0.0,0.0,0.0
001802_lcam_front_lidar.ply,0.1,800,0.9,0.11348,0.27265,1,0.0,0.0,0.0
001803_lcam_front_lidar.ply,0.1,800,0.9,0.12833,0.26962,1,0.0,0.0,0.0
001804_lcam_front_lidar.ply,0.1,800,0.9,0.14288,0.26897,1,0.0,0.0,0.0
001805_lcam_front_lidar.ply,0.1,800,0.9,0.12612,0.2714,1,0.0,0.0,0.0
001806_lcam_front_lidar.ply,0.1,800,0.9,0.1143,0.27204,1,0.0,0.0,0.0
001807_lcam_front_lidar.ply,0.1,800,0.9,0.14475,0.26985,1,0.0,0.0,0.0
001808_lcam_front_lidar.ply,0.1,800,0.9,0.15258,0.26973,1,0.0,0.0,0.0
001809_lcam_front_lidar.ply,0.1,800,0.9,0.13418,0.27209,1,0.0,0.0,0.0
001810_lcam_front_lidar.ply,0.1,800,0.9,0.11635,0.27283,1,0.0,0.0,0.0
001811_lcam_front_lidar.ply,0.1,800,0.9,0.14993,0.26738,1,0.0,0.0,0.0
001812_lcam_front_lidar.ply,0.1,800,0.9,0.3269,0.24927,1,0.0,0.0,0.0
001813_lcam_front_lidar.ply,0.1,800,0.9,0.17492,0.26533,1,0.0,0.0,0.0
001814_lcam_front_lidar.ply,0.1,800,0.9,0.15176,0.26686,1,0.0,0.0,0.0
001815_lcam_front_lidar.ply,0.1,800,0.9,0.13695,0.27005,1,0.0,0.0,0.0
001816_lcam_front_lidar.ply,0.1,800,0.9,0.13298,0.27005,1,0.0,0.0,0.0
001817_lcam_front_lidar.ply,0.1,800,0.9,0.14015,0.26805,1,0.0,0.0,0.0
001818_lcam_front_lidar.ply,0.2,800,0.9,0.15586,0.26439,1,0.0,0.0,0.0
001819_lcam_front_lidar.ply,0.1,800,0.9,0.13884,0.26905,1,0.0,0.0,0.0
001820_lcam_front_lidar.ply,0.1,800,0.9,0.13692,0.26863,1,0.0,0.0,0.0
001821_lcam_front_lidar.ply,0.1,800,0.9,0.16503,0.26565,1,0.0,0.0,0.0
001822_lcam_front_lidar.ply,0.1,800,0.9,0.15392,0.26801,1,0.0,0.0,0.0
001823_lcam_front_lidar.ply,0.1,800,0.9,0.15993,0.2658,1,0.0,0.0,0.0
001824_lcam_front_lidar.ply,0.1,800,0.9,0.15022,0.267,1,0.0,0.0,0.0
001825_lcam_front_lidar.ply,0.1,800,0.9,0.14601,0.26829,1,0.0,0.0,0.0
001826_lcam_front_lidar.ply,0.2,800,0.9,0.137,0.26697,1,0.0,0.0,0.0
001827_lcam_front_lidar.ply,0.1,800,0.9,0.14182,0.27006,1,0.0,0.0,0.0
001828_lcam_front_lidar.ply,0.1,800,0.9,0.13694,0.26784,1,0.0,0.0,0.0
001829_lcam_front_lidar.ply,0.1,800,0.9,0.13079,0.26885,1,0.0,0.0,0.0
001830_lcam_front_lidar.ply,0.1,800,0.9,0.13862,0.27052,1,0.0,0.0,0.0
001831_lcam_front_lidar.ply,0.1,800,0.9,0.13153,0.26757,1,0.0,0.0,0.0
001832_lcam_front_lidar.ply,0.1,800,0.9,0.12818,0.26857,1,0.0,0.0,0.0
001833_lcam_front_lidar.ply,0.1,800,0.9,0.14583,0.26738,1,0.0,0.0,0.0
001834_lcam_front_lidar.ply,0.1,800,0.9,0.13162,0.26833,1,0.0,0.0,0.0
001835_lcam_front_lidar.ply,0.1,800,0.9,0.12943,0.26768,1,0.0,0.0,0.0
001836_lcam_front_lidar.ply,0.1,800,0.9,0.13008,0.26779,1,0.0,0.0,0.0
001837_lcam_front_lidar.ply,0.1,800,0.9,0.15882,0.26851,1,0.0,0.0,0.0
001838_lcam_front_lidar.ply,0.1,800,0.9,0.14419,0.26584,1,0.0,0.0,0.0
001839_lcam_front_lidar.ply,0.1,800,0.9,0.22477,0.25831,1,0.0,0.0,0.0
001840_lcam_front_lidar.ply,0.1,800,0.9,0.156,0.26785,1,0.0,0.0,0.0
001841_lcam_front_lidar.ply,0.1,800,0.9,0.13322,0.26876,1,0.0,0.0,0.0
001842_lcam_front_lidar.ply,0.1,800,0.9,0.15634,0.26358,1,0.0,0.0,0.0
001843_lcam_front_lidar.ply,0.1,800,0.9,0.11335,0.27125,1,0.0,0.0,0.0
001844_lcam_front_lidar.ply,0.1,800,0.9,0.11684,0.26964,1,0.0,0.0,0.0
001845_lcam_front_lidar.ply,0.1,800,0.9,0.12795,0.26861,1,0.0,0.0,0.0
001846_lcam_front_lidar.ply,0.1,800,0.9,0.12497,0.26751,1,0.0,0.0,0.0
001847_lcam_front_lidar.ply,0.1,800,0.9,0.12288,0.26933,1,0.0,0.0,0.0
001848_lcam_front_lidar.ply,0.1,800,0.9,0.12628,0.26885,1,0.0,0.0,0.0
001849_lcam_front_lidar.ply,0.1,800,0.9,0.1176,0.27016,1,0.0,0.0,0.0
001850_lcam_front_lidar.ply,0.1,800,0.9,0.10774,0.27046,1,0.0,0.0,0.0
001851_lcam_front_lidar.ply,0.1,800,0.9,0.11987,0.27151,1,0.0,0.0,0.0
001852_lcam_front_lidar.ply,0.1,800,0.9,0.12836,0.26594,1,0.0,0.0,0.0
001853_lcam_front_lidar.ply,0.1,800,0.9,0.12087,0.26888,1,0.0,0.0,0.0
001854_lcam_front_lidar.ply,0.1,800,0.9,0.14251,0.26525,1,0.0,0.0,0.0
001855_lcam_front_lidar.ply,0.1,800,0.9,0.14059,0.26832,1,0.0,0.0,0.0
001856_lcam_front_lidar.ply,0.1,800,0.9,0.14454,0.26696,1,0.0,0.0,0.0
001857_lcam_front_lidar.ply,0.1,800,0.9,0.1367,0.26806,1,0.0,0.0,0.0
001858_lcam_front_lidar.ply,0.1,800,0.9,0.13269,0.26916,1,0.0,0.0,0.0
001859_lcam_front_lidar.ply,0.1,800,0.9,0.12493,0.26908,1,0.0,0.0,0.0
001860_lcam_front_lidar.ply,0.1,800,0.9,0.12737,0.26806,1,0.0,0.0,0.0
001861_lcam_front_lidar.ply,0.1,800,0.9,0.14308,0.26722,1,0.0,0.0,0.0
001862_lcam_front_lidar.ply,0.1,800,0.9,0.17923,0.26262,1,0.0,0.0,0.0
001863_lcam_front_lidar.ply,0.1,800,0.9,0.13407,0.2669,1,0.0,0.0,0.0
001864_lcam_front_lidar.ply,0.1,800,0.9,0.13497,0.2706,1,0.0,0.0,0.0
001865_lcam_front_lidar.ply,0.1,800,0.9,0.18145,0.26326,1,0.0,0.0,0.0
001866_lcam_front_lidar.ply,0.1,800,0.9,0.213,0.25952,1,0.0,0.0,0.0
001867_lcam_front_lidar.ply,0.1,800,0.9,0.20713,0.25815,1,0.0,0.0,0.0
001868_lcam_front_lidar.ply,0.1,800,0.9,0.18034,0.26273,1,0.0,0.0,0.0
001869_lcam_front_lidar.ply,0.1,800,0.9,0.14144,0.26633,1,0.0,0.0,0.0
001870_lcam_front_lidar.ply,0.1,800,0.9,0.12826,0.26979,1,0.0,0.0,0.0
001871_lcam_front_lidar.ply,0.1,800,0.9,0.14033,0.26793,1,0.0,0.0,0.0
001872_lcam_front_lidar.ply,0.1,800,0.9,0.12697,0.26955,1,0.0,0.0,0.0
001873_lcam_front_lidar.ply,0.1,800,0.9,0.1292,0.26868,1,0.0,0.0,0.0
001874_lcam_front_lidar.ply,0.1,800,0.9,0.13811,0.2696,1,0.0,0.0,0.0
001875_lcam_front_lidar.ply,0.1,800,0.9,0.16098,0.26515,1,0.0,0.0,0.0
001876_lcam_front_lidar.ply,0.1,800,0.9,0.14209,0.26831,1,0.0,0.0,0.0
001877_lcam_front_lidar.ply,0.1,800,0.9,0.14087,0.26723,1,0.0,0.0,0.0
001878_lcam_front_lidar.ply,0.1,800,0.9,0.12736,0.26887,1,0.0,0.0,0.0
001879_lcam_front_lidar.ply,0.1,800,0.9,0.12162,0.27025,1,0.0,0.0,0.0
001880_lcam_front_lidar.ply,0.1,800,0.9,0.16253,0.26392,1,0.0,0.0,0.0
001881_lcam_front_lidar.ply,0.1,800,0.9,0.13466,0.26959,1,0.0,0.0,0.0
001882_lcam_front_lidar.ply,0.1,800,0.9,0.13852,0.26716,1,0.0,0.0,0.0
001883_lcam_front_lidar.ply,0.1,800,0.9,0.13443,0.26941,1,0.0,0.0,0.0
001884_lcam_front_lidar.ply,0.1,800,0.9,0.13577,0.26933,1,0.0,0.0,0.0
001885_lcam_front_lidar.ply,0.1,800,0.9,0.11514,0.27196,1,0.0,0.0,0.0
001886_lcam_front_lidar.ply,0.1,800,0.9,0.12758,0.26969,1,0.0,0.0,0.0
001887_lcam_front_lidar.ply,0.1,800,0.9,0.12508,0.26762,1,0.0,0.0,0.0
001888_lcam_front_lidar.ply,0.1,800,0.9,0.12887,0.26908,1,0.0,0.0,0.0
001889_lcam_front_lidar.ply,0.1,800,0.9,0.14091,0.26771,1,0.0,0.0,0.0
001890_lcam_front_lidar.ply,0.1,800,0.9,0.12688,0.26821,1,0.0,0.0,0.0
001891_lcam_front_lidar.ply,0.1,800,0.9,0.12486,0.26565,1,0.0,0.0,0.0
001892_lcam_front_lidar.ply,0.1,800,0.9,0.13128,0.26729,1,0.0,0.0,0.0
001893_lcam_front_lidar.ply,0.1,800,0.9,0.1348,0.26851,1,0.0,0.0,0.0
001894_lcam_front_lidar.ply,0.1,800,0.9,0.13765,0.26692,1,0.0,0.0,0.0
001895_lcam_front_lidar.ply,0.1,800,0.9,0.12923,0.26709,1,0.0,0.0,0.0
001896_lcam_front_lidar.ply,0.1,800,0.9,0.12543,0.27086,1,0.0,0.0,0.0
001897_lcam_front_lidar.ply,0.1,800,0.9,0.13384,0.26721,1,0.0,0.0,0.0
001898_lcam_front_lidar.ply,0.1,800,0.9,0.13604,0.26721,1,0.0,0.0,0.0
001899_lcam_front_lidar.ply,0.1,800,0.9,0.1369,0.26882,1,0.0,0.0,0.0
001900_lcam_front_lidar.ply,0.1,800,0.9,0.13529,0.26911,1,0.0,0.0,0.0
001901_lcam_front_lidar.ply,0.1,800,0.9,0.12673,0.26739,1,0.0,0.0,0.0
001902_lcam_front_lidar.ply,0.1,800,0.9,0.13282,0.2672,1,0.0,0.0,0.0
001903_lcam_front_lidar.ply,0.1,800,0.9,0.13098,0.26861,1,0.0,0.0,0.0
001904_lcam_front_lidar.ply,0.1,800,0.9,0.13561,0.2698,1,0.0,0.0,0.0
001905_lcam_front_lidar.ply,0.1,800,0.9,0.18019,0.26173,1,0.0,0.0,0.0
001906_lcam_front_lidar.ply,0.1,800,0.9,0.14365,0.26827,1,0.0,0.0,0.0
001907_lcam_front_lidar.ply,0.1,800,0.9,0.16734,0.265,1,0.0,0.0,0.0
001908_lcam_front_lidar.ply,0.1,800,0.9,0.13164,0.26751,1,0.0,0.0,0.0
001909_lcam_front_lidar.ply,0.1,800,0.9,0.21324,0.26231,1,0.0,0.0,0.0
001910_lcam_front_lidar.ply,0.1,800,0.9,0.2064,0.2618,1,0.0,0.0,0.0
001911_lcam_front_lidar.ply,0.1,800,0.9,0.20561,0.26219,1,0.0,0.0,0.0
001912_lcam_front_lidar.ply,0.1,800,0.9,0.15562,0.26445,1,0.0,0.0,0.0
001913_lcam_front_lidar.ply,0.1,800,0.9,0.17739,0.26398,1,0.0,0.0,0.0
001914_lcam_front_lidar.ply,0.1,800,0.9,0.32343,0.24831,1,0.0,0.0,0.0
001915_lcam_front_lidar.ply,0.1,800,0.9,0.18114,0.26317,1,0.0,0.0,0.0
001916_lcam_front_lidar.ply,0.1,800,0.9,0.17362,0.26447,1,0.0,0.0,0.0
001917_lcam_front_lidar.ply,0.1,800,0.9,0.17358,0.26204,1,0.0,0.0,0.0
001918_lcam_front_lidar.ply,0.1,800,0.9,0.26344,0.25406,1,0.0,0.0,0.0
001919_lcam_front_lidar.ply,0.1,800,0.9,0.30213,0.25029,1,0.0,0.0,0.0
001920_lcam_front_lidar.ply,0.1,800,0.9,0.33187,0.24759,1,0.0,0.0,0.0
001921_lcam_front_lidar.ply,0.1,800,0.9,0.19252,0.26114,1,0.0,0.0,0.0
001922_lcam_front_lidar.ply,0.1,800,0.9,0.27234,0.25345,1,0.0,0.0,0.0
001923_lcam_front_lidar.ply,0.1,800,0.9,0.1576,0.26437,1,0.0,0.0,0.0
001924_lcam_front_lidar.ply,0.1,800,0.9,0.14449,0.26669,1,0.0,0.0,0.0
001925_lcam_front_lidar.ply,0.1,800,0.9,0.16569,0.26474,1,0.0,0.0,0.0
001926_lcam_front_lidar.ply,0.1,800,0.9,0.14983,0.26543,1,0.0,0.0,0.0
001927_lcam_front_lidar.ply,0.1,800,0.9,0.1468,0.26582,1,0.0,0.0,0.0
001928_lcam_front_lidar.ply,0.1,800,0.9,0.14137,0.26524,1,0.0,0.0,0.0
001929_lcam_front_lidar.ply,0.1,800,0.9,0.17128,0.26163,1,0.0,0.0,0.0
001930_lcam_front_lidar.ply,0.1,800,0.9,0.13791,0.26771,1,0.0,0.0,0.0
001931_lcam_front_lidar.ply,0.1,800,0.9,0.12442,0.26764,1,0.0,0.0,0.0
001932_lcam_front_lidar.ply,0.1,800,0.9,0.14812,0.26636,1,0.0,0.0,0.0
001933_lcam_front_lidar.ply,0.1,800,0.9,0.14258,0.26687,1,0.0,0.0,0.0
001934_lcam_front_lidar.ply,0.1,800,0.9,0.15055,0.26331,1,0.0,0.0,0.0
001935_lcam_front_lidar.ply,0.1,800,0.9,0.14142,0.26779,1,0.0,0.0,0.0
001936_lcam_front_lidar.ply,0.1,800,0.9,0.16088,0.26495,1,0.0,0.0,0.0
001937_lcam_front_lidar.ply,0.1,800,0.9,0.27138,0.25256,1,0.0,0.0,0.0
001938_lcam_front_lidar.ply,0.1,800,0.9,0.15706,0.26606,1,0.0,0.0,0.0
001939_lcam_front_lidar.ply,0.1,800,0.9,0.15123,0.26453,1,0.0,0.0,0.0
001940_lcam_front_lidar.ply,0.1,800,0.9,0.14303,0.26723,1,0.0,0.0,0.0
001941_lcam_front_lidar.ply,0.1,800,0.9,0.13753,0.27034,1,0.0,0.0,0.0
001942_lcam_front_lidar.ply,0.1,800,0.9,0.15391,0.26643,1,0.0,0.0,0.0
001943_lcam_front_lidar.ply,0.1,800,0.9,0.12797,0.27018,1,0.0,0.0,0.0
001944_lcam_front_lidar.ply,0.1,800,0.9,0.1387,0.26757,1,0.0,0.0,0.0
001945_lcam_front_lidar.ply,0.1,800,0.9,0.14892,0.26694,1,0.0,0.0,0.0
001946_lcam_front_lidar.ply,0.1,800,0.9,0.15289,0.26814,1,0.0,0.0,0.0
001947_lcam_front_lidar.ply,0.1,800,0.9,0.16894,0.26594,1,0.0,0.0,0.0
001948_lcam_front_lidar.ply,0.1,800,0.9,0.13876,0.2694,1,0.0,0.0,0.0
001949_lcam_front_lidar.ply,0.1,800,0.9,0.17576,0.26217,1,0.0,0.0,0.0
001950_lcam_front_lidar.ply,0.1,800,0.9,0.18438,0.26128,1,0.0,0.0,0.0
001951_lcam_front_lidar.ply,0.1,800,0.9,0.18518,0.26321,1,0.0,0.0,0.0
001952_lcam_front_lidar.ply,0.1,800,0.9,0.16393,0.26622,1,0.0,0.0,0.0
001953_lcam_front_lidar.ply,0.1,800,0.9,0.13651,0.26859,1,0.0,0.0,0.0
001954_lcam_front_lidar.ply,0.1,800,0.9,0.13573,0.26661,1,0.0,0.0,0.0
001955_lcam_front_lidar.ply,0.1,800,0.9,0.1407,0.26792,1,0.0,0.0,0.0
001956_lcam_front_lidar.ply,0.1,800,0.9,0.1561,0.26618,1,0.0,0.0,0.0
001957_lcam_front_lidar.ply,0.1,800,0.9,0.17956,0.26377,1,0.0,0.0,0.0
001958_lcam_front_lidar.ply,0.1,800,0.9,0.13886,0.26879,1,0.0,0.0,0.0
001959_lcam_front_lidar.ply,0.1,800,0.9,0.1312,0.27133,1,0.0,0.0,0.0
001960_lcam_front_lidar.ply,0.1,800,0.9,0.13859,0.26674,1,0.0,0.0,0.0
001961_lcam_front_lidar.ply,0.1,800,0.9,0.17777,0.26428,1,0.0,0.0,0.0
001962_lcam_front_lidar.ply,0.1,800,0.9,0.14117,0.2684,1,0.0,0.0,0.0
001963_lcam_front_lidar.ply,0.1,800,0.9,0.14602,0.26675,1,0.0,0.0,0.0
001964_lcam_front_lidar.ply,0.1,800,0.9,0.14041,0.26753,1,0.0,0.0,0.0
001965_lcam_front_lidar.ply,0.1,800,0.9,0.17396,0.26437,1,0.0,0.0,0.0
001966_lcam_front_lidar.ply,0.1,800,0.9,0.1668,0.26335,1,0.0,0.0,0.0
001967_lcam_front_lidar.ply,0.1,800,0.9,0.14491,0.26674,1,0.0,0.0,0.0
001968_lcam_front_lidar.ply,0.1,800,0.9,0.15828,0.26675,1,0.0,0.0,0.0
001969_lcam_front_lidar.ply,0.1,800,0.9,0.2042,0.26163,1,0.0,0.0,0.0
001970_lcam_front_lidar.ply,0.1,800,0.9,0.17077,0.26579,1,0.0,0.0,0.0
001971_lcam_front_lidar.ply,0.1,800,0.9,0.2506,0.25548,1,0.0,0.0,0.0
001972_lcam_front_lidar.ply,0.1,800,0.9,0.18985,0.263,1,0.0,0.0,0.0
001973_lcam_front_lidar.ply,0.1,800,0.9,0.1555,0.26597,1,0.0,0.0,0.0
001974_lcam_front_lidar.ply,0.1,800,0.9,0.17228,0.26506,1,0.0,0.0,0.0
001975_lcam_front_lidar.ply,0.1,800,0.9,0.13072,0.26928,1,0.0,0.0,0.0
001976_lcam_front_lidar.ply,0.1,800,0.9,0.14547,0.26747,1,0.0,0.0,0.0
001977_lcam_front_lidar.ply,0.1,800,0.9,0.14287,0.26916,1,0.0,0.0,0.0
001978_lcam_front_lidar.ply,0.1,800,0.9,0.13437,0.27102,1,0.0,0.0,0.0
001979_lcam_front_lidar.ply,0.1,800,0.9,0.13777,0.27049,1,0.0,0.0,0.0
001980_lcam_front_lidar.ply,0.1,800,0.9,0.13972,0.27058,1,0.0,0.0,0.0
001981_lcam_front_lidar.ply,0.1,800,0.9,0.13248,0.26933,1,0.0,0.0,0.0
001982_lcam_front_lidar.ply,0.1,800,0.9,0.15768,0.26791,1,0.0,0.0,0.0
001983_lcam_front_lidar.ply,0.1,800,0.9,0.13274,0.26915,1,0.0,0.0,0.0
001984_lcam_front_lidar.ply,0.1,800,0.9,0.1418,0.26884,1,0.0,0.0,0.0
001985_lcam_front_lidar.ply,0.1,800,0.9,0.1462,0.26839,1,0.0,0.0,0.0
001986_lcam_front_lidar.ply,0.1,800,0.9,0.12957,0.2699,1,0.0,0.0,0.0
001987_lcam_front_lidar.ply,0.1,800,0.9,0.1238,0.26924,1,0.0,0.0,0.0
001988_lcam_front_lidar.ply,0.1,800,0.9,0.1427,0.2701,1,0.0,0.0,0.0
001989_lcam_front_lidar.ply,0.1,800,0.9,0.12897,0.27063,1,0.0,0.0,0.0
001990_lcam_front_lidar.ply,0.1,800,0.9,0.13439,0.26913,1,0.0,0.0,0.0
001991_lcam_front_lidar.ply,0.1,800,0.9,0.14322,0.26897,1,0.0,0.0,0.0
001992_lcam_front_lidar.ply,0.1,800,0.9,0.12057,0.27132,1,0.0,0.0,0.0
001993_lcam_front_lidar.ply,0.1,800,0.9,0.13682,0.26731,1,0.0,0.0,0.0
001994_lcam_front_lidar.ply,0.1,800,0.9,0.13192,0.26823,1,0.0,0.0,0.0
001995_lcam_front_lidar.ply,0.1,800,0.9,0.15829,0.26679,1,0.0,0.0,0.0
001996_lcam_front_lidar.ply,0.1,800,0.9,0.12692,0.26861,1,0.0,0.0,0.0
001997_lcam_front_lidar.ply,0.1,800,0.9,0.13272,0.26898,1,0.0,0.0,0.0
001998_lcam_front_lidar.ply,0.1,800,0.9,0.14257,0.26803,1,0.0,0.0,0.0
001999_lcam_front_lidar.ply,0.1,800,0.9,0.13583,0.26913,1,0.0,0.0,0.0
002000_lcam_front_lidar.ply,0.1,800,0.9,0.14181,0.26979,1,0.0,0.0,0.0
002001_lcam_front_lidar.ply,0.1,800,0.9,0.12276,0.27044,1,0.0,0.0,0.0
002002_lcam_front_lidar.ply,0.1,800,0.9,0.14288,0.26985,1,0.0,0.0,0.0
002003_lcam_front_lidar.ply,0.1,800,0.9,0.12605,0.269,1,0.0,0.0,0.0
002004_lcam_front_lidar.ply,0.1,800,0.9,0.13532,0.2678,1,0.0,0.0,0.0
002005_lcam_front_lidar.ply,0.1,800,0.9,0.14247,0.26926,1,0.0,0.0,0.0
002006_lcam_front_lidar.ply,0.1,800,0.9,0.1309,0.27099,1,0.0,0.0,0.0
002007_lcam_front_lidar.ply,0.1,800,0.9,0.13756,0.26998,1,0.0,0.0,0.0
002008_lcam_front_lidar.ply,0.1,800,0.9,0.14235,0.26889,1,0.0,0.0,0.0
002009_lcam_front_lidar.ply,0.1,800,0.9,0.14227,0.26714,1,0.0,0.0,0.0
002010_lcam_front_lidar.ply,0.1,800,0.9,0.12656,0.27053,1,0.0,0.0,0.0
002011_lcam_front_lidar.ply,0.1,800,0.9,0.12694,0.27006,1,0.0,0.0,0.0
002012_lcam_front_lidar.ply,0.1,800,0.9,0.14295,0.2692,1,0.0,0.0,0.0
002013_lcam_front_lidar.ply,0.1,800,0.9,0.14777,0.26896,1,0.0,0.0,0.0
002014_lcam_front_lidar.ply,0.1,800,0.9,0.14291,0.26877,1,0.0,0.0,0.0
002015_lcam_front_lidar.ply,0.1,800,0.9,0.14312,0.26873,1,0.0,0.0,0.0
002016_lcam_front_lidar.ply,0.1,800,0.9,0.12877,0.27095,1,0.0,0.0,0.0
002017_lcam_front_lidar.ply,0.1,800,0.9,0.14167,0.26959,1,0.0,0.0,0.0
002018_lcam_front_lidar.ply,0.15,800,0.9,0.12695,0.26839,1,0.0,0.0,0.0
002019_lcam_front_lidar.ply,0.1,800,0.9,0.15446,0.26928,1,0.0,0.0,0.0
002020_lcam_front_lidar.ply,0.15,800,0.9,0.13801,0.26904,1,0.0,0.0,0.0
002021_lcam_front_lidar.ply,0.1,800,0.9,0.12705,0.27153,1,0.0,0.0,0.0
002022_lcam_front_lidar.ply,0.15,800,0.9,0.13299,0.26824,1,0.0,0.0,0.0
002023_lcam_front_lidar.ply,0.15,800,0.9,0.13486,0.26986,1,0.0,0.0,0.0
002024_lcam_front_lidar.ply,0.15,800,0.9,0.14233,0.26847,1,0.0,0.0,0.0
002025_lcam_front_lidar.ply,0.15,800,0.9,0.13384,0.26849,1,0.0,0.0,0.0
002026_lcam_front_lidar.ply,0.1,800,0.9,0.12449,0.27112,1,0.0,0.0,0.0
002027_lcam_front_lidar.ply,0.1,800,0.9,0.12711,0.27044,1,0.0,0.0,0.0
002028_lcam_front_lidar.ply,0.1,800,0.9,0.14201,0.27044,1,0.0,0.0,0.0
002029_lcam_front_lidar.ply,0.1,800,0.9,0.12715,0.27009,1,0.0,0.0,0.0
002030_lcam_front_lidar.ply,0.1,800,0.9,0.1321,0.26945,1,0.0,0.0,0.0
002031_lcam_front_lidar.ply,0.1,800,0.9,0.14702,0.26736,1,0.0,0.0,0.0
002032_lcam_front_lidar.ply,0.1,800,0.9,0.13859,0.26881,1,0.0,0.0,0.0
002033_lcam_front_lidar.ply,0.1,800,0.9,0.14914,0.26785,1,0.0,0.0,0.0
002034_lcam_front_lidar.ply,0.1,800,0.9,0.13496,0.26968,1,0.0,0.0,0.0
002035_lcam_front_lidar.ply,0.1,800,0.9,0.14358,0.26864,1,0.0,0.0,0.0
002036_lcam_front_lidar.ply,0.1,800,0.9,0.14062,0.2695,1,0.0,0.0,0.0
002037_lcam_front_lidar.ply,0.1,800,0.9,0.13433,0.26965,1,0.0,0.0,0.0
002038_lcam_front_lidar.ply,0.1,800,0.9,0.13459,0.26854,1,0.0,0.0,0.0
002039_lcam_front_lidar.ply,0.1,800,0.9,0.14255,0.26839,1,0.0,0.0,0.0
002040_lcam_front_lidar.ply,0.1,800,0.9,0.15193,0.26863,1,0.0,0.0,0.0
002041_lcam_front_lidar.ply,0.15,800,0.9,0.16146,0.26553,1,0.0,0.0,0.0
002042_lcam_front_lidar.ply,0.1,800,0.9,0.16513,0.26684,1,0.0,0.0,0.0
002043_lcam_front_lidar.ply,0.1,800,0.9,0.1591,0.26819,1,0.0,0.0,0.0
002044_lcam_front_lidar.ply,0.1,800,0.9,0.1526,0.26926,1,0.0,0.0,0.0
002045_lcam_front_lidar.ply,0.1,800,0.9,0.15277,0.26817,1,0.0,0.0,0.0
002046_lcam_front_lidar.ply,0.1,800,0.9,0.14301,0.26917,1,0.0,0.0,0.0
002047_lcam_front_lidar.ply,0.1,800,0.9,0.1943,0.26507,1,0.0,0.0,0.0
002048_lcam_front_lidar.ply,0.1,800,0.9,0.13206,0.27072,1,0.0,0.0,0.0
002049_lcam_front_lidar.ply,0.1,800,0.9,0.24577,0.25841,1,0.0,0.0,0.0
002050_lcam_front_lidar.ply,0.1,800,0.9,0.23998,0.25906,1,0.0,0.0,0.0
002051_lcam_front_lidar.ply,0.1,800,0.9,0.14172,0.26972,1,0.0,0.0,0.0
002052_lcam_front_lidar.ply,0.1,800,0.9,0.22091,0.26155,1,0.0,0.0,0.0
002053_lcam_front_lidar.ply,0.1,800,0.9,0.15461,0.26699,1,0.0,0.0,0.0
002054_lcam_front_lidar.ply,0.1,800,0.9,0.18267,0.26541,1,0.0,0.0,0.0
002055_lcam_front_lidar.ply,0.1,800,0.9,0.13773,0.26993,1,0.0,0.0,0.0
002056_lcam_front_lidar.ply,0.1,800,0.9,0.13839,0.27,1,0.0,0.0,0.0
002057_lcam_front_lidar.ply,0.1,800,0.9,0.14037,0.26831,1,0.0,0.0,0.0
002058_lcam_front_lidar.ply,0.1,800,0.9,0.14154,0.27071,1,0.0,0.0,0.0
002059_lcam_front_lidar.ply,0.1,800,0.9,0.12223,0.2706,1,0.0,0.0,0.0
002060_lcam_front_lidar.ply,0.1,800,0.9,0.13823,0.26993,1,0.0,0.0,0.0
002061_lcam_front_lidar.ply,0.1,800,0.9,0.12704,0.27057,1,0.0,0.0,0.0
002062_lcam_front_lidar.ply,0.15,800,0.9,0.16037,0.26488,1,0.0,0.0,0.0
002063_lcam_front_lidar.ply,0.1,800,0.9,0.12767,0.27085,1,0.0,0.0,0.0
002064_lcam_front_lidar.ply,0.1,800,0.9,0.18171,0.2656,1,0.0,0.0,0.0
002065_lcam_front_lidar.ply,0.1,800,0.9,0.1688,0.2671,1,0.0,0.0,0.0
002066_lcam_front_lidar.ply,0.1,800,0.9,0.13706,0.27197,1,0.0,0.0,0.0
002067_lcam_front_lidar.ply,0.1,800,0.9,0.12944,0.26949,1,0.0,0.0,0.0
002068_lcam_front_lidar.ply,0.1,800,0.9,0.12481,0.2717,1,0.0,0.0,0.0
002069_lcam_front_lidar.ply,0.1,800,0.9,0.14239,0.26912,1,0.0,0.0,0.0
002070_lcam_front_lidar.ply,0.1,800,0.9,0.12487,0.27152,1,0.0,0.0,0.0
002071_lcam_front_lidar.ply,0.1,800,0.9,0.1569,0.26706,1,0.0,0.0,0.0
002072_lcam_front_lidar.ply,0.1,800,0.9,0.11618,0.26985,1,0.0,0.0,0.0
002073_lcam_front_lidar.ply,0.1,800,0.9,0.14689,0.2678,1,0.0,0.0,0.0
002074_lcam_front_lidar.ply,0.1,800,0.9,0.15082,0.26819,1,0.0,0.0,0.0
002075_lcam_front_lidar.ply,0.1,800,0.9,0.12844,0.27154,1,0.0,0.0,0.0
002076_lcam_front_lidar.ply,0.1,800,0.9,0.13038,0.27071,1,0.0,0.0,0.0
002077_lcam_front_lidar.ply,0.1,800,0.9,0.10706,0.27315,1,0.0,0.0,0.0
002078_lcam_front_lidar.ply,0.1,800,0.9,0.11246,0.2722,1,0.0,0.0,0.0
002079_lcam_front_lidar.ply,0.1,800,0.9,0.13135,0.27032,1,0.0,0.0,0.0
002080_lcam_front_lidar.ply,0.15,800,0.9,0.09484,0.27411,1,0.0,0.0,0.0
002081_lcam_front_lidar.ply,0.15,800,0.9,0.12215,0.27137,1,0.0,0.0,0.0
002082_lcam_front_lidar.ply,0.1,800,0.9,0.09513,0.27447,1,0.0,0.0,0.0
002083_lcam_front_lidar.ply,0.1,800,0.9,0.11389,0.27436,1,0.0,0.0,0.0
002084_lcam_front_lidar.ply,0.1,800,0.9,0.13214,0.27232,1,0.0,0.0,0.0
002085_lcam_front_lidar.ply,0.15,800,0.9,0.13498,0.27097,1,0.0,0.0,0.0
002086_lcam_front_lidar.ply,0.1,800,0.9,0.1368,0.27214,1,0.0,0.0,0.0
002087_lcam_front_lidar.ply,0.1,800,0.9,0.10518,0.27551,1,0.0,0.0,0.0
002088_lcam_front_lidar.ply,0.15,800,0.9,0.16639,0.26868,1,0.0,0.0,0.0
002089_lcam_front_lidar.ply,0.15,800,0.9,0.16381,0.26869,1,0.0,0.0,0.0
002090_lcam_front_lidar.ply,0.1,800,0.9,0.14408,0.27128,1,0.0,0.0,0.0
002091_lcam_front_lidar.ply,0.15,800,0.9,0.1577,0.26778,1,0.0,0.0,0.0
002092_lcam_front_lidar.ply,0.15,800,0.9,0.16776,0.267,1,0.0,0.0,0.0
002093_lcam_front_lidar.ply,0.15,800,0.9,0.14393,0.26661,1,0.0,0.0,0.0
002094_lcam_front_lidar.ply,0.1,800,0.9,0.15489,0.2697,1,0.0,0.0,0.0
002095_lcam_front_lidar.ply,0.15,800,0.9,0.17162,0.26796,1,0.0,0.0,0.0
002096_lcam_front_lidar.ply,0.15,800,0.9,0.17117,0.267,1,0.0,0.0,0.0
002097_lcam_front_lidar.ply,0.15,800,0.9,0.18416,0.26395,1,0.0,0.0,0.0
002098_lcam_front_lidar.ply,0.1,800,0.9,0.15559,0.27034,1,0.0,0.0,0.0
002099_lcam_front_lidar.ply,0.15,800,0.9,0.19324,0.24916,1,0.05098,0.97711,0.13736
002100_lcam_front_lidar.ply,0.2,800,0.9,0.20548,0.23829,1,0.07166,0.97013,0.19359
002101_lcam_front_lidar.ply,0.15,800,0.9,0.17947,0.24766,1,0.05745,0.97411,0.15451
002102_lcam_front_lidar.ply,0.15,800,0.9,0.16256,0.2692,1,0.0,0.0,0.0
002103_lcam_front_lidar.ply,0.2,800,0.9,0.18999,0.2477,1,0.0792,0.97036,0.19434
002104_lcam_front_lidar.ply,0.2,800,0.9,0.18845,0.24824,1,0.08372,0.9705,0.20258
002105_lcam_front_lidar.ply,0.2,800,0.9,0.19507,0.25062,1,0.08684,0.97045,0.20141
002106_lcam_front_lidar.ply,0.2,800,0.9,0.20702,0.24223,1,0.09112,0.97333,0.22724
002107_lcam_front_lidar.ply,0.2,800,0.9,0.18161,0.26451,1,0.09764,0.9709,0.20119
002108_lcam_front_lidar.ply,0.2,800,0.9,0.18217,0.25698,1,0.09803,0.96955,0.21555
002109_lcam_front_lidar.ply,0.2,800,0.9,0.19121,0.25287,1,0.09669,0.97511,0.21953
002110_lcam_front_lidar.ply,0.2,800,0.9,0.1665,0.2688,1,0.10203,0.9706,0.20626
002111_lcam_front_lidar.ply,0.2,800,0.9,0.17112,0.26577,1,0.0903,0.97341,0.18182
002112_lcam_front_lidar.ply,0.2,800,0.9,0.19049,0.27171,1,0.10403,0.97153,0.19489
002113_lcam_front_lidar.ply,0.2,800,0.9,0.16631,0.26346,1,0.09287,0.97485,0.19024
002114_lcam_front_lidar.ply,0.2,800,0.9,0.19984,0.25982,1,0.07099,0.96612,0.15455
002115_lcam_front_lidar.ply,0.2,800,0.9,0.18123,0.24838,1,0.07095,0.96652,0.18099
002116_lcam_front_lidar.ply,0.2,800,0.9,0.18286,0.24408,1,0.0918,0.97416,0.22712
002117_lcam_front_lidar.ply,0.2,800,0.9,0.17445,0.28091,1,0.11369,0.9715,0.19789
002118_lcam_front_lidar.ply,0.2,800,0.9,0.15275,0.2602,1,0.08159,0.96696,0.18071
002119_lcam_front_lidar.ply,0.2,800,0.9,0.17494,0.25677,1,0.08521,0.96549,0.1912
002120_lcam_front_lidar.ply,0.2,800,0.9,0.16047,0.26649,1,0.09422,0.96886,0.19448
002121_lcam_front_lidar.ply,0.2,800,0.9,0.15685,0.26781,1,0.08689,0.96353,0.17488
002122_lcam_front_lidar.ply,0.2,800,0.9,0.14628,0.2837,1,0.10636,0.96773,0.18758
002123_lcam_front_lidar.ply,0.2,800,0.9,0.15068,0.27377,1,0.10526,0.96314,0.20093
002124_lcam_front_lidar.ply,0.2,800,0.9,0.1528,0.29661,1,0.11992,0.96903,0.18921
002125_lcam_front_lidar.ply,0.2,800,0.9,0.16171,0.30877,1,0.13872,0.9732,0.19657
002126_lcam_front_lidar.ply,0.2,800,0.9,0.12312,0.32343,1,0.1521,0.97116,0.20322
002127_lcam_front_lidar.ply,0.2,800,0.9,0.13693,0.32572,1,0.14913,0.97192,0.18828
002128_lcam_front_lidar.ply,0.2,800,0.9,0.15085,0.32286,1,0.1572,0.97172,0.20515
002129_lcam_front_lidar.ply,0.2,800,0.9,0.12719,0.32263,1,0.15645,0.97223,0.21044
002130_lcam_front_lidar.ply,0.2,800,0.9,0.1411,0.32281,1,0.15427,0.96929,0.20456
002131_lcam_front_lidar.ply,0.2,800,0.9,0.13996,0.3298,1,0.16669,0.9736,0.21404
002132_lcam_front_lidar.ply,0.2,800,0.9,0.13184,0.3263,1,0.15454,0.96426,0.19836
002133_lcam_front_lidar.ply,0.2,800,0.9,0.11139,0.33141,1,0.15399,0.97339,0.18543
002134_lcam_front_lidar.ply,0.2,800,0.9,0.15602,0.23624,1,0.03701,0.94756,0.1374
002135_lcam_front_lidar.ply,0.2,800,0.9,0.11195,0.34024,1,0.17449,0.97536,0.21497
002136_lcam_front_lidar.ply,0.2,800,0.9,0.11371,0.33602,1,0.16087,0.96843,0.19153
002137_lcam_front_lidar.ply,0.2,800,0.9,0.18399,0.32646,1,0.1742,0.9767,0.22481
002138_lcam_front_lidar.ply,0.2,800,0.9,0.17383,0.28543,1,0.0828,0.97487,0.12766
002139_lcam_front_lidar.ply,0.2,800,0.9,0.14257,0.30468,1,0.12255,0.96933,0.17432
002140_lcam_front_lidar.ply,0.2,800,0.9,0.1939,0.30195,1,0.09973,0.97822,0.12353
002141_lcam_front_lidar.ply,0.2,800,0.9,0.14925,0.31863,1,0.10955,0.97974,0.12028
002142_lcam_front_lidar.ply,0.2,800,0.9,0.14187,0.32719,1,0.11444,0.9833,0.11381
002143_lcam_front_lidar.ply,0.2,800,0.9,0.12754,0.32829,1,0.11668,0.98352,0.11726
002144_lcam_front_lidar.ply,0.2,800,0.9,0.16247,0.3274,1,0.1205,0.98563,0.1216
002145_lcam_front_lidar.ply,0.2,800,0.9,0.13251,0.33392,1,0.12475,0.98573,0.12117
002146_lcam_front_lidar.ply,0.2,800,0.9,0.13045,0.34582,1,0.15446,0.98793,0.1598
002147_lcam_front_lidar.ply,0.2,800,0.9,0.14293,0.3364,1,0.1319,0.98809,0.13139
002148_lcam_front_lidar.ply,0.2,800,0.9,0.21732,0.30454,1,0.1227,0.98941,0.16117
002149_lcam_front_lidar.ply,0.2,800,0.9,0.17672,0.33462,1,0.16465,0.98961,0.19371
002150_lcam_front_lidar.ply,0.2,800,0.9,0.14715,0.31519,1,0.15692,0.98925,0.21846
002151_lcam_front_lidar.ply,0.2,800,0.9,0.15819,0.24134,1,0.04156,0.97359,0.1341
002152_lcam_front_lidar.ply,0.2,800,0.9,0.21755,0.30085,1,0.1312,0.98775,0.18382
002153_lcam_front_lidar.ply,0.2,800,0.9,0.20212,0.30553,1,0.15904,0.98557,0.23358
002154_lcam_front_lidar.ply,0.2,800,0.9,0.17064,0.27928,1,0.0947,0.98727,0.16383
002155_lcam_front_lidar.ply,0.2,800,0.9,0.21454,0.23953,1,0.03849,0.97503,0.12239
002156_lcam_front_lidar.ply,0.2,800,0.9,0.15297,0.27659,1,0.09945,0.98776,0.18408
002157_lcam_front_lidar.ply,0.2,800,0.9,0.1748,0.22967,1,0.05804,0.96764,0.18912
002158_lcam_front_lidar.ply,0.2,800,0.9,0.16658,0.29666,1,0.14163,0.9921,0.22634
002159_lcam_front_lidar.ply,0.2,800,0.9,0.23333,0.24461,1,0.09977,0.9905,0.22961
002160_lcam_front_lidar.ply,0.2,800,0.9,0.26289,0.27313,1,0.12447,0.99188,0.2188
002161_lcam_front_lidar.ply,0.2,800,0.9,0.16512,0.29038,1,0.14026,0.99229,0.23406
002162_lcam_front_lidar.ply,0.2,800,0.9,0.2447,0.28872,1,0.14253,0.99195,0.22686
002163_lcam_front_lidar.ply,0.2,800,0.9,0.20469,0.27845,1,0.11732,0.97098,0.20945
002164_lcam_front_lidar.ply,0.2,800,0.9,0.17613,0.28742,1,0.10863,0.96856,0.17998
002165_lcam_front_lidar.ply,0.2,800,0.9,0.14876,0.28574,1,0.10676,0.97282,0.17973
002166_lcam_front_lidar.ply,0.2,800,0.9,0.14676,0.28494,1,0.10895,0.97367,0.1847
002167_lcam_front_lidar.ply,0.2,800,0.9,0.20549,0.27807,1,0.10499,0.97095,0.18043
002168_lcam_front_lidar.ply,0.2,800,0.9,0.22828,0.28232,1,0.10622,0.97066,0.17196
002169_lcam_front_lidar.ply,0.2,800,0.9,0.25773,0.25838,1,0.08534,0.96725,0.16828
002170_lcam_front_lidar.ply,0.2,800,0.9,0.25004,0.2659,1,0.09082,0.96694,0.1676
002171_lcam_front_lidar.ply,0.2,800,0.9,0.2302,0.26927,1,0.09499,0.96426,0.17474
002172_lcam_front_lidar.ply,0.2,800,0.9,0.21067,0.25292,1,0.07794,0.99755,0.17323
002173_lcam_front_lidar.ply,0.2,800,0.9,0.19872,0.25346,1,0.07822,0.99725,0.17708
002174_lcam_front_lidar.ply,0.2,800,0.9,0.21785,0.28333,1,0.10887,0.99596,0.1768
002175_lcam_front_lidar.ply,0.2,800,0.9,0.19099,0.28524,1,0.12377,0.99405,0.20576
002176_lcam_front_lidar.ply,0.2,800,0.9,0.2277,0.28833,1,0.12714,0.99493,0.20309
002177_lcam_front_lidar.ply,0.2,800,0.9,0.19227,0.30059,1,0.1315,0.99517,0.19269
002178_lcam_front_lidar.ply,0.2,800,0.9,0.17512,0.31028,1,0.13953,0.9953,0.19341
002179_lcam_front_lidar.ply,0.2,800,0.9,0.1734,0.30767,1,0.13405,0.9961,0.18478
002180_lcam_front_lidar.ply,0.2,800,0.9,0.19399,0.33004,1,0.14723,0.99626,0.16654
002181_lcam_front_lidar.ply,0.2,800,0.9,0.15729,0.33263,1,0.16532,0.99486,0.2022
002182_lcam_front_lidar.ply,0.2,800,0.9,0.18156,0.26315,1,0.07507,0.98184,0.15897
002183_lcam_front_lidar.ply,0.2,800,0.9,0.1672,0.2687,1,0.07574,0.98201,0.15408
002184_lcam_front_lidar.ply,0.2,800,0.9,0.17849,0.2751,1,0.08638,0.98095,0.15697
002185_lcam_front_lidar.ply,0.2,800,0.9,0.17149,0.32488,1,0.16204,0.99116,0.21099
002186_lcam_front_lidar.ply,0.2,800,0.9,0.18472,0.32159,1,0.1562,0.98997,0.20078
002187_lcam_front_lidar.ply,0.2,800,0.9,0.16507,0.34132,1,0.18211,0.99203,0.22021
002188_lcam_front_lidar.ply,0.2,800,0.9,0.14633,0.35054,1,0.18601,0.99686,0.21182
002189_lcam_front_lidar.ply,0.2,800,0.9,0.14887,0.36363,1,0.18636,0.99623,0.18766
002190_lcam_front_lidar.ply,0.2,800,0.9,0.16566,0.26018,1,0.0039,0.99971,0.02476
002191_lcam_front_lidar.ply,0.2,800,0.9,0.17232,0.38008,1,0.20001,0.99639,0.17671
002192_lcam_front_lidar.ply,0.2,800,0.9,0.1572,0.37535,1,0.19804,0.99603,0.1847
002193_lcam_front_lidar.ply,0.2,800,0.9,0.17259,0.38252,1,0.20682,0.99619,0.18485
002194_lcam_front_lidar.ply,0.2,800,0.9,0.13332,0.40342,1,0.22943,0.99662,0.196
002195_lcam_front_lidar.ply,0.2,800,0.9,0.15155,0.4021,1,0.23146,0.99703,0.19529
002196_lcam_front_lidar.ply,0.2,800,0.9,0.16673,0.30252,1,0.12831,0.987,0.18844
002197_lcam_front_lidar.ply,0.2,800,0.9,0.16432,0.31217,1,0.12104,0.98867,0.15691
002198_lcam_front_lidar.ply,0.2,800,0.9,0.19202,0.22374,1,0.04771,0.94566,0.1823
002199_lcam_front_lidar.ply,0.2,800,0.9,0.15017,0.31048,1,0.12796,0.98445,0.17486
002200_lcam_front_lidar.ply,0.2,800,0.9,0.16754,0.31194,1,0.12626,0.99147,0.16713
002201_lcam_front_lidar.ply,0.2,800,0.9,0.14328,0.38767,1,0.20918,0.99641,0.18455
002202_lcam_front_lidar.ply,0.2,800,0.9,0.17864,0.38879,1,0.21017,0.99588,0.18096
002203_lcam_front_lidar.ply,0.2,800,0.9,0.19873,0.32021,1,0.13202,0.98591,0.15451
002204_lcam_front_lidar.ply,0.2,800,0.9,0.22646,0.32112,1,0.14957,0.98817,0.18125
002205_lcam_front_lidar.ply,0.2,800,0.9,0.18596,0.38505,1,0.21597,0.99613,0.19178
002206_lcam_front_lidar.ply,0.2,800,0.9,0.15628,0.38853,1,0.20965,0.99406,0.18208
002207_lcam_front_lidar.ply,0.2,800,0.9,0.18449,0.38586,1,0.20325,0.99489,0.16835
002208_lcam_front_lidar.ply,0.2,800,0.9,0.15945,0.31999,1,0.1243,0.99537,0.14941
002209_lcam_front_lidar.ply,0.2,800,0.9,0.22281,0.26585,1,0.06687,0.98808,0.12646
002210_lcam_front_lidar.ply,0.2,800,0.9,0.18542,0.28065,1,0.103,0.99184,0.1781
002211_lcam_front_lidar.ply,0.2,800,0.9,0.18872,0.28118,1,0.088,0.9891,0.14525
002212_lcam_front_lidar.ply,0.2,800,0.9,0.22138,0.2993,1,0.10838,0.99397,0.1415
002213_lcam_front_lidar.ply,0.2,800,0.9,0.18174,0.27881,1,0.0871,0.98933,0.1506
002214_lcam_front_lidar.ply,0.2,800,0.9,0.21656,0.39452,1,0.23685,0.99346,0.2132
002215_lcam_front_lidar.ply,0.2,800,0.9,0.20203,0.33507,1,0.16826,0.99381,0.19668
002216_lcam_front_lidar.ply,0.2,800,0.9,0.23514,0.31481,1,0.16091,0.99186,0.21521
002217_lcam_front_lidar.ply,0.2,800,0.9,0.14114,0.27413,1,0.00504,0.99672,0.00461
002218_lcam_front_lidar.ply,0.2,800,0.9,0.21512,0.36666,1,0.21928,0.99365,0.22782
002219_lcam_front_lidar.ply,0.2,800,0.9,0.18262,0.36715,1,0.21045,0.99452,0.21743
002220_lcam_front_lidar.ply,0.2,800,0.9,0.26425,0.34988,1,0.19463,0.99542,0.2078
002221_lcam_front_lidar.ply,0.2,800,0.9,0.15464,0.23205,1,0.06469,0.96269,0.20556
002222_lcam_front_lidar.ply,0.2,800,0.9,0.21335,0.37416,1,0.21375,0.99436,0.20813
002223_lcam_front_lidar.ply,0.2,800,0.9,0.17943,0.36405,1,0.19511,0.99443,0.19349
002224_lcam_front_lidar.ply,0.2,800,0.9,0.13822,0.40249,1,0.23465,0.99521,0.20652
002225_lcam_front_lidar.ply,0.2,800,0.9,0.17153,0.25305,1,0.00459,0.98178,0.03957
002226_lcam_front_lidar.ply,0.2,800,0.9,0.20638,0.26805,1,0.00658,0.99689,0.00643
002227_lcam_front_lidar.ply,0.2,800,0.9,0.21317,0.26654,1,0.00437,0.99826,0.00246
002228_lcam_front_lidar.ply,0.2,800,0.9,0.13588,0.21945,1,0.04582,0.96936,0.19749
002229_lcam_front_lidar.ply,0.2,800,0.9,0.20633,0.22489,1,0.02649,0.95831,0.13264
002230_lcam_front_lidar.ply,0.2,800,0.9,0.20515,0.2283,1,0.02841,0.96634,0.12928
002231_lcam_front_lidar.ply,0.2,800,0.9,0.18234,0.41037,1,0.25346,0.99356,0.21976
002232_lcam_front_lidar.ply,0.2,800,0.9,0.19675,0.41561,1,0.25663,0.99335,0.21303
002233_lcam_front_lidar.ply,0.2,800,0.9,0.18532,0.22447,1,0.03024,0.98464,0.14355
002234_lcam_front_lidar.ply,0.2,800,0.9,0.1618,0.22307,1,0.03324,0.97697,0.15742
002235_lcam_front_lidar.ply,0.2,800,0.9,0.17865,0.42101,1,0.25829,0.99235,0.20968
002236_lcam_front_lidar.ply,0.2,800,0.9,0.16957,0.42553,1,0.26199,0.99247,0.20932
002237_lcam_front_lidar.ply,0.2,800,0.9,0.15337,0.22003,1,0.03211,0.97141,0.16329
002238_lcam_front_lidar.ply,0.2,800,0.9,0.15856,0.42823,1,0.26972,0.99075,0.22279
002239_lcam_front_lidar.ply,0.2,800,0.9,0.1599,0.41836,1,0.257,0.98983,0.21511
002240_lcam_front_lidar.ply,0.2,800,0.9,0.16566,0.41497,1,0.25674,0.99009,0.22057
002241_lcam_front_lidar.ply,0.2,800,0.9,0.16414,0.40622,1,0.2447,0.99086,0.21266
002242_lcam_front_lidar.ply,0.2,800,0.9,0.1576,0.41766,1,0.25656,0.98981,0.21582
002243_lcam_front_lidar.ply,0.2,800,0.9,0.16804,0.40824,1,0.24993,0.9891,0.22179
002244_lcam_front_lidar.ply,0.2,800,0.9,0.16729,0.23879,1,0.05842,0.93727,0.17686
002245_lcam_front_lidar.ply,0.2,800,0.9,0.19164,0.22164,1,0.05556,0.95914,0.19926
002246_lcam_front_lidar.ply,0.2,800,0.9,0.15969,0.40022,1,0.24456,0.98625,0.22722
002247_lcam_front_lidar.ply,0.2,800,0.9,0.17071,0.24158,1,0.04828,0.90436,0.1474
002248_lcam_front_lidar.ply,0.2,800,0.9,0.15165,0.25451,1,0.03262,0.86864,0.0962
002249_lcam_front_lidar.ply,0.2,800,0.9,0.27071,0.20909,1,0.05612,0.94802,0.20901
002250_lcam_front_lidar.ply,0.2,800,0.9,0.16973,0.25477,1,0.03448,0.89443,0.09759
002251_lcam_front_lidar.ply,0.2,800,0.9,0.16639,0.36907,1,0.21779,0.97968,0.23136
002252_lcam_front_lidar.ply,0.2,800,0.9,0.13715,0.23943,1,0.04656,0.92693,0.1582
002253_lcam_front_lidar.ply,0.2,800,0.9,0.14071,0.23683,1,0.04474,0.9345,0.15663
002254_lcam_front_lidar.ply,0.2,800,0.9,0.21696,0.34914,1,0.17512,0.96419,0.17871
002255_lcam_front_lidar.ply,0.2,800,0.9,0.19637,0.35159,1,0.18403,0.96921,0.19609
002256_lcam_front_lidar.ply,0.2,800,0.9,0.18435,0.35339,1,0.18719,0.97214,0.20137
002257_lcam_front_lidar.ply,0.2,800,0.9,0.1948,0.35549,1,0.18413,0.97047,0.18899
002258_lcam_front_lidar.ply,0.2,800,0.9,0.1781,0.24489,1,0.06965,0.97196,0.18166
002259_lcam_front_lidar.ply,0.2,800,0.9,0.2022,0.24351,1,0.06245,0.97494,0.16732
002260_lcam_front_lidar.ply,0.2,800,0.9,0.2089,0.35805,1,0.19745,0.97846,0.20449
002261_lcam_front_lidar.ply,0.2,800,0.9,0.20677,0.24417,1,0.0541,0.97367,0.15121
002262_lcam_front_lidar.ply,0.2,800,0.9,0.18691,0.26936,1,0.00337,0.99183,0.00264
002263_lcam_front_lidar.ply,0.2,800,0.9,0.15994,0.21665,1,0.01346,0.97691,0.13235
002264_lcam_front_lidar.ply,0.2,800,0.9,0.17104,0.23969,1,0.05965,0.97824,0.17389
002265_lcam_front_lidar.ply,0.2,800,0.9,0.16265,0.36797,1,0.20379,0.98487,0.20922
002266_lcam_front_lidar.ply,0.2,800,0.9,0.15134,0.22963,1,0.04218,0.96041,0.16554
002267_lcam_front_lidar.ply,0.2,800,0.9,0.13659,0.22893,1,0.05033,0.98208,0.18512
002268_lcam_front_lidar.ply,0.2,800,0.9,0.14729,0.3603,1,0.18829,0.98563,0.1931
002269_lcam_front_lidar.ply,0.2,800,0.9,0.18565,0.23978,1,0.04679,0.95825,0.149
002270_lcam_front_lidar.ply,0.2,800,0.9,0.17353,0.24321,1,0.05067,0.96124,0.15167
002271_lcam_front_lidar.ply,0.2,800,0.9,0.15415,0.24527,1,0.04954,0.95789,0.14576
002272_lcam_front_lidar.ply,0.2,800,0.9,0.20637,0.26484,1,0.00279,0.99616,0.00185
002273_lcam_front_lidar.ply,0.2,800,0.9,0.21019,0.26596,1,0.00227,0.99596,0.00115
002274_lcam_front_lidar.ply,0.2,800,0.9,0.17628,0.265,1,0.005,0.98656,0.01511
002275_lcam_front_lidar.ply,0.2,800,0.9,0.17145,0.25165,1,0.05369,0.95203,0.1382
002276_lcam_front_lidar.ply,0.2,800,0.9,0.18333,0.26697,1,0.00119,0.97507,0.00222
002277_lcam_front_lidar.ply,0.2,800,0.9,0.19534,0.2608,1,0.07046,0.95242,0.15069
002278_lcam_front_lidar.ply,0.2,800,0.9,0.23959,0.24554,1,0.06029,0.9522,0.15105
002279_lcam_front_lidar.ply,0.2,800,0.9,0.17787,0.1712,1,0.0298,0.99193,0.24899
002280_lcam_front_lidar.ply,0.2,800,0.9,0.2061,0.37455,1,0.2099,0.97749,0.19893
002281_lcam_front_lidar.ply,0.2,800,0.9,0.18332,0.3784,1,0.21277,0.98118,0.19664
002282_lcam_front_lidar.ply,0.2,800,0.9,0.15779,0.39999,1,0.24814,0.98706,0.23348
002283_lcam_front_lidar.ply,0.2,800,0.9,0.15491,0.3925,1,0.22409,0.97876,0.20268
002284_lcam_front_lidar.ply,0.2,800,0.9,0.16062,0.39255,1,0.22459,0.9768,0.1981
002285_lcam_front_lidar.ply,0.2,800,0.9,0.18018,0.20092,1,0.01155,0.98828,0.15374
002286_lcam_front_lidar.ply,0.2,800,0.9,0.13582,0.38194,1,0.20741,0.97261,0.193
002287_lcam_front_lidar.ply,0.2,800,0.9,0.15033,0.39343,1,0.23397,0.98396,0.21703
002288_lcam_front_lidar.ply,0.2,800,0.9,0.13067,0.40204,1,0.24113,0.98607,0.2197
002289_lcam_front_lidar.ply,0.2,800,0.9,0.14792,0.4008,1,0.24023,0.98488,0.21785
002290_lcam_front_lidar.ply,0.2,800,0.9,0.252,0.39161,1,0.24836,0.98904,0.23364
002291_lcam_front_lidar.ply,0.2,800,0.9,0.19602,0.40333,1,0.25675,0.99038,0.23846
002292_lcam_front_lidar.ply,0.2,800,0.9,0.14452,0.38849,1,0.23909,0.98785,0.23654
002293_lcam_front_lidar.ply,0.2,800,0.9,0.13494,0.38352,1,0.22726,0.98987,0.23015
002294_lcam_front_lidar.ply,0.2,800,0.9,0.12879,0.40144,1,0.24355,0.98846,0.22819
002295_lcam_front_lidar.ply,0.2,800,0.9,0.14326,0.37902,1,0.22633,0.98827,0.234
002296_lcam_front_lidar.ply,0.2,800,0.9,0.1739,0.37165,1,0.21725,0.9885,0.22387
002297_lcam_front_lidar.ply,0.2,800,0.9,0.16641,0.37299,1,0.2124,0.99073,0.21402
002298_lcam_front_lidar.ply,0.2,800,0.9,0.10627,0.38194,1,0.21629,0.99029,0.21631
002299_lcam_front_lidar.ply,0.2,800,0.9,0.17416,0.34823,1,0.18776,0.99123,0.2116
002300_lcam_front_lidar.ply,0.2,800,0.9,0.13444,0.35925,1,0.19131,0.99073,0.20261
002301_lcam_front_lidar.ply,0.2,800,0.9,0.13752,0.36014,1,0.19963,0.99047,0.22274
002302_lcam_front_lidar.ply,0.2,800,0.9,0.17875,0.32994,1,0.16582,0.9913,0.20372
002303_lcam_front_lidar.ply,0.2,800,0.9,0.16473,0.31268,1,0.15621,0.9938,0.21883
002304_lcam_front_lidar.ply,0.2,800,0.9,0.16131,0.32082,1,0.17276,0.99395,0.23745
002305_lcam_front_lidar.ply,0.2,800,0.9,0.15437,0.29547,1,0.14203,0.99881,0.22437
002306_lcam_front_lidar.ply,0.2,800,0.9,0.18875,0.28102,1,0.1336,0.99996,0.23321
002307_lcam_front_lidar.ply,0.2,800,0.9,0.19325,0.26529,1,0.0,0.0,0.0
002308_lcam_front_lidar.ply,0.2,800,0.9,0.20716,0.23489,1,0.08329,0.99761,0.22197
002309_lcam_front_lidar.ply,0.2,800,0.9,0.19727,0.24133,1,0.05989,0.96398,0.16455
002310_lcam_front_lidar.ply,0.2,800,0.9,0.1953,0.24438,1,0.0602,0.96173,0.16154
002311_lcam_front_lidar.ply,0.2,800,0.9,0.21963,0.2399,1,0.0605,0.96116,0.16751
002312_lcam_front_lidar.ply,0.2,800,0.9,0.18582,0.23627,1,0.05873,0.95571,0.1734
002313_lcam_front_lidar.ply,0.2,800,0.9,0.19756,0.23952,1,0.0635,0.95793,0.17502
002314_lcam_front_lidar.ply,0.2,800,0.9,0.18001,0.24539,1,0.0626,0.95719,0.16451
002315_lcam_front_lidar.ply,0.2,800,0.9,0.15222,0.23581,1,0.0554,0.95719,0.1758
002316_lcam_front_lidar.ply,0.2,800,0.9,0.1429,0.22981,1,0.06682,0.96417,0.21063
002317_lcam_front_lidar.ply,0.2,800,0.9,0.13382,0.23128,1,0.0662,0.96568,0.20841
002318_lcam_front_lidar.ply,0.2,800,0.9,0.15795,0.22589,1,0.06755,0.9669,0.21461
002319_lcam_front_lidar.ply,0.2,800,0.9,0.14218,0.23968,1,0.06756,0.97248,0.1933
002320_lcam_front_lidar.ply,0.2,800,0.9,0.1334,0.24167,1,0.06965,0.97674,0.19466
002321_lcam_front_lidar.ply,0.2,800,0.9,0.1288,0.23766,1,0.06827,0.9788,0.19818
002322_lcam_front_lidar.ply,0.2,800,0.9,0.12884,0.24048,1,0.07128,0.97992,0.19967
002323_lcam_front_lidar.ply,0.15,800,0.9,0.16298,0.25359,1,0.06056,0.98428,0.14983
002324_lcam_front_lidar.ply,0.15,800,0.9,0.14587,0.24703,1,0.05426,0.98269,0.15102
002325_lcam_front_lidar.ply,0.1,800,0.9,0.11782,0.27128,1,0.0,0.0,0.0
002326_lcam_front_lidar.ply,0.1,800,0.9,0.13891,0.26892,1,0.0,0.0,0.0
002327_lcam_front_lidar.ply,0.15,800,0.9,0.14051,0.26786,1,0.0,0.0,0.0
002328_lcam_front_lidar.ply,0.1,800,0.9,0.12889,0.27164,1,0.0,0.0,0.0
002329_lcam_front_lidar.ply,0.1,800,0.9,0.13744,0.26919,1,0.0,0.0,0.0
002330_lcam_front_lidar.ply,0.1,800,0.9,0.13638,0.269,1,0.0,0.0,0.0
002331_lcam_front_lidar.ply,0.1,800,0.9,0.137,0.26928,1,0.0,0.0,0.0
002332_lcam_front_lidar.ply,0.1,800,0.9,0.12705,0.27115,1,0.0,0.0,0.0
002333_lcam_front_lidar.ply,0.15,800,0.9,0.13709,0.26866,1,0.0,0.0,0.0
002334_lcam_front_lidar.ply,0.1,800,0.9,0.13267,0.27027,1,0.0,0.0,0.0
002335_lcam_front_lidar.ply,0.15,800,0.9,0.1177,0.27011,1,0.0,0.0,0.0
002336_lcam_front_lidar.ply,0.15,800,0.9,0.17518,0.26505,1,0.0,0.0,0.0
002337_lcam_front_lidar.ply,0.15,800,0.9,0.11768,0.26954,1,0.0,0.0,0.0
002338_lcam_front_lidar.ply,0.15,800,0.9,0.18942,0.26409,1,0.04166,0.95355,0.08091
002339_lcam_front_lidar.ply,0.2,800,0.9,0.11983,0.2654,1,0.04694,0.94718,0.09884
002340_lcam_front_lidar.ply,0.2,800,0.9,0.12402,0.26192,1,0.07604,0.90913,0.16431
002341_lcam_front_lidar.ply,0.2,800,0.9,0.12699,0.25769,1,0.08006,0.90572,0.18059
002342_lcam_front_lidar.ply,0.2,800,0.9,0.11023,0.2724,1,0.09363,0.90736,0.18316
002343_lcam_front_lidar.ply,0.2,800,0.9,0.10714,0.28885,1,0.10423,0.8994,0.17222
002344_lcam_front_lidar.ply,0.2,800,0.9,0.08924,0.31033,1,0.11817,0.89149,0.16188
002345_lcam_front_lidar.ply,0.2,800,0.9,0.1112,0.3053,1,0.10488,0.85639,0.13917
002346_lcam_front_lidar.ply,0.2,800,0.9,0.11441,0.32274,1,0.12147,0.87064,0.13926
002347_lcam_front_lidar.ply,0.2,800,0.9,0.1031,0.30229,1,0.10165,0.86257,0.13998
002348_lcam_front_lidar.ply,0.2,800,0.9,0.11343,0.31435,1,0.11517,0.86945,0.14335
002349_lcam_front_lidar.ply,0.2,800,0.9,0.11165,0.32305,1,0.1163,0.86572,0.13018
002350_lcam_front_lidar.ply,0.2,800,0.9,0.10359,0.33254,1,0.12559,0.87125,0.13042
002351_lcam_front_lidar.ply,0.2,800,0.9,0.12437,0.33984,1,0.12942,0.86196,0.11819
002352_lcam_front_lidar.ply,0.2,800,0.9,0.11108,0.33212,1,0.1207,0.86034,0.12126
002353_lcam_front_lidar.ply,0.2,800,0.9,0.11511,0.33994,1,0.12943,0.86127,0.11943
002354_lcam_front_lidar.ply,0.2,800,0.9,0.11444,0.3375,1,0.12411,0.85956,0.11456
002355_lcam_front_lidar.ply,0.2,800,0.9,0.12382,0.33806,1,0.12913,0.86231,0.11943
002356_lcam_front_lidar.ply,0.2,800,0.9,0.12599,0.34141,1,0.12706,0.85909,0.11466
002357_lcam_front_lidar.ply,0.2,800,0.9,0.1332,0.34012,1,0.12577,0.85556,0.1057
002358_lcam_front_lidar.ply,0.2,800,0.9,0.12729,0.32897,1,0.11197,0.85195,0.10424
002359_lcam_front_lidar.ply,0.2,800,0.9,0.13742,0.31514,1,0.09884,0.85212,0.10132
002360_lcam_front_lidar.ply,0.2,800,0.9,0.13734,0.30703,1,0.09455,0.85699,0.11169
002361_lcam_front_lidar.ply,0.2,800,0.9,0.13722,0.31457,1,0.10511,0.86662,0.11545
002362_lcam_front_lidar.ply,0.2,800,0.9,0.1248,0.29632,1,0.08924,0.86658,0.12856
002363_lcam_front_lidar.ply,0.2,800,0.9,0.15345,0.29982,1,0.09338,0.8671,0.12044
002364_lcam_front_lidar.ply,0.2,800,0.9,0.10996,0.28857,1,0.10747,0.90636,0.1795
002365_lcam_front_lidar.ply,0.2,800,0.9,0.13456,0.27102,1,0.10558,0.93811,0.20865
002366_lcam_front_lidar.ply,0.2,800,0.9,0.13152,0.27593,1,0.10237,0.91414,0.18958
002367_lcam_front_lidar.ply,0.2,800,0.9,0.13037,0.266,1,0.10133,0.94914,0.20979
002368_lcam_front_lidar.ply,0.2,800,0.9,0.17589,0.25656,1,0.0888,0.95155,0.19446
002369_lcam_front_lidar.ply,0.2,800,0.9,0.14745,0.2511,1,0.09642,0.95376,0.22698
002370_lcam_front_lidar.ply,0.2,800,0.9,0.14224,0.27105,1,0.06914,0.87469,0.13748
002371_lcam_front_lidar.ply,0.2,800,0.9,0.19753,0.24542,1,0.0842,0.96813,0.20131
002372_lcam_front_lidar.ply,0.2,800,0.9,0.14658,0.2476,1,0.07772,0.95029,0.19871
002373_lcam_front_lidar.ply,0.2,800,0.9,0.18727,0.2421,1,0.07616,0.92769,0.19631
002374_lcam_front_lidar.ply,0.2,800,0.9,0.1654,0.24946,1,0.0743,0.95409,0.18489
002375_lcam_front_lidar.ply,0.2,800,0.9,0.17999,0.25619,1,0.06936,0.96879,0.16091
002376_lcam_front_lidar.ply,0.2,800,0.9,0.19668,0.2442,1,0.0653,0.9719,0.17057
002377_lcam_front_lidar.ply,0.2,800,0.9,0.21547,0.23596,1,0.06329,0.97309,0.17706
002378_lcam_front_lidar.ply,0.2,800,0.9,0.24517,0.22154,1,0.06245,0.95033,0.2002
002379_lcam_front_lidar.ply,0.2,800,0.9,0.23187,0.25707,1,0.0535,0.98189,0.11218
002380_lcam_front_lidar.ply,0.2,800,0.9,0.17944,0.26617,1,0.05563,0.98092,0.11124
002381_lcam_front_lidar.ply,0.2,800,0.9,0.17948,0.24926,1,0.04438,0.86589,0.11993
002382_lcam_front_lidar.ply,0.2,800,0.9,0.16093,0.24487,1,0.04019,0.87705,0.12695
002383_lcam_front_lidar.ply,0.2,800,0.9,0.15882,0.27988,1,0.0727,0.97117,0.11892
002384_lcam_front_lidar.ply,0.2,800,0.9,0.15252,0.28527,1,0.08418,0.965,0.13602
002385_lcam_front_lidar.ply,0.2,800,0.9,0.15678,0.2787,1,0.11101,0.91834,0.19955
002386_lcam_front_lidar.ply,0.1,800,0.9,0.15217,0.288,1,0.06737,0.96054,0.09675
002387_lcam_front_lidar.ply,0.15,800,0.9,0.12568,0.29613,1,0.11199,0.92029,0.16908
002388_lcam_front_lidar.ply,0.15,800,0.9,0.12602,0.28771,1,0.07142,0.94717,0.10909
002389_lcam_front_lidar.ply,0.15,800,0.9,0.1229,0.28631,1,0.06918,0.95459,0.10869
002390_lcam_front_lidar.ply,0.15,800,0.9,0.13538,0.2842,1,0.08268,0.93861,0.13517
002391_lcam_front_lidar.ply,0.15,800,0.9,0.1587,0.28715,1,0.0909,0.92958,0.1428
002392_lcam_front_lidar.ply,0.2,800,0.9,0.16773,0.28153,1,0.082,0.96226,0.13372
002393_lcam_front_lidar.ply,0.2,800,0.9,0.1453,0.28412,1,0.07613,0.96593,0.11896
002394_lcam_front_lidar.ply,0.2,800,0.9,0.17736,0.28769,1,0.07721,0.97015,0.11221
002395_lcam_front_lidar.ply,0.2,800,0.9,0.17786,0.27866,1,0.07138,0.97238,0.11425
002396_lcam_front_lidar.ply,0.2,800,0.9,0.21586,0.23224,1,0.0484,0.88802,0.15514
002397_lcam_front_lidar.ply,0.2,800,0.9,0.18042,0.26299,1,0.05626,0.9805,0.11708
002398_lcam_front_lidar.ply,0.2,800,0.9,0.21436,0.2261,1,0.05478,0.90376,0.17781
002399_lcam_front_lidar.ply,0.2,800,0.9,0.2111,0.22065,1,0.08033,0.99683,0.24342
002400_lcam_front_lidar.ply,0.2,800,0.9,0.21518,0.23094,1,0.07893,0.99187,0.21855
002401_lcam_front_lidar.ply,0.2,800,0.9,0.18946,0.24673,1,0.06744,0.9587,0.17115
002402_lcam_front_lidar.ply,0.2,800,0.9,0.23713,0.24945,1,0.0636,0.96125,0.14747
002403_lcam_front_lidar.ply,0.2,800,0.9,0.18443,0.25072,1,0.06541,0.95742,0.15862
002404_lcam_front_lidar.ply,0.2,800,0.9,0.18838,0.24589,1,0.07028,0.94768,0.18
002405_lcam_front_lidar.ply,0.2,800,0.9,0.17775,0.2523,1,0.07622,0.96139,0.18103
002406_lcam_front_lidar.ply,0.2,800,0.9,0.1784,0.24469,1,0.07872,0.96933,0.19235
002407_lcam_front_lidar.ply,0.2,800,0.9,0.18432,0.23878,1,0.07308,0.9603,0.19556
002408_lcam_front_lidar.ply,0.2,800,0.9,0.17201,0.24356,1,0.07836,0.9637,0.19998
002409_lcam_front_lidar.ply,0.2,800,0.9,0.19233,0.24534,1,0.0836,0.97028,0.20258
002410_lcam_front_lidar.ply,0.2,800,0.9,0.16496,0.25398,1,0.10505,0.96614,0.23412
002411_lcam_front_lidar.ply,0.2,800,0.9,0.17532,0.2447,1,0.08835,0.94543,0.22015
002412_lcam_front_lidar.ply,0.2,800,0.9,0.15414,0.25434,1,0.09883,0.96904,0.22554
002413_lcam_front_lidar.ply,0.2,800,0.9,0.14873,0.25852,1,0.09624,0.95924,0.21326
002414_lcam_front_lidar.ply,0.2,800,0.9,0.19288,0.24602,1,0.05083,0.85911,0.13741
002415_lcam_front_lidar.ply,0.2,800,0.9,0.14031,0.26334,1,0.10916,0.94655,0.22771
002416_lcam_front_lidar.ply,0.2,800,0.9,0.15452,0.24646,1,0.07958,0.90953,0.1999
002417_lcam_front_lidar.ply,0.2,800,0.9,0.14841,0.25775,1,0.09748,0.98554,0.21585
002418_lcam_front_lidar.ply,0.2,800,0.9,0.15685,0.25901,1,0.06895,0.8699,0.15314
002419_lcam_front_lidar.ply,0.2,800,0.9,0.17574,0.27276,1,0.09324,0.97278,0.16909
002420_lcam_front_lidar.ply,0.2,800,0.9,0.18116,0.22808,1,0.04504,0.98331,0.16076
002421_lcam_front_lidar.ply,0.2,800,0.9,0.1653,0.27429,1,0.0574,0.83773,0.09848
002422_lcam_front_lidar.ply,0.2,800,0.9,0.13033,0.27557,1,0.10552,0.90427,0.20201
002423_lcam_front_lidar.ply,0.2,800,0.9,0.11115,0.28899,1,0.11658,0.90476,0.19802
002424_lcam_front_lidar.ply,0.2,800,0.9,0.13381,0.22468,1,0.06157,0.9887,0.21122
002425_lcam_front_lidar.ply,0.2,800,0.9,0.13319,0.28242,1,0.0706,0.8534,0.11644
002426_lcam_front_lidar.ply,0.2,800,0.9,0.12027,0.23447,1,0.06904,0.97428,0.20891
002427_lcam_front_lidar.ply,0.2,800,0.9,0.14186,0.24308,1,0.06911,0.97642,0.1916
002428_lcam_front_lidar.ply,0.2,800,0.9,0.12437,0.27648,1,0.1235,0.96199,0.23425
002429_lcam_front_lidar.ply,0.2,800,0.9,0.13124,0.25979,1,0.10423,0.97486,0.22206
002430_lcam_front_lidar.ply,0.2,800,0.9,0.12683,0.27697,1,0.10084,0.97517,0.18756
002431_lcam_front_lidar.ply,0.2,800,0.9,0.12576,0.27261,1,0.09937,0.97939,0.1919
002432_lcam_front_lidar.ply,0.2,800,0.9,0.11891,0.28594,1,0.12788,0.97329,0.22585
002433_lcam_front_lidar.ply,0.2,800,0.9,0.1157,0.25954,1,0.05634,0.84552,0.13557
002434_lcam_front_lidar.ply,0.2,800,0.9,0.12183,0.30245,1,0.14155,0.97547,0.21865
002435_lcam_front_lidar.ply,0.2,800,0.9,0.11577,0.25672,1,0.04136,0.80986,0.1129
002436_lcam_front_lidar.ply,0.2,800,0.9,0.10515,0.27267,1,0.0601,0.82009,0.11906
002437_lcam_front_lidar.ply,0.2,800,0.9,0.11297,0.29897,1,0.12037,0.97834,0.18516
002438_lcam_front_lidar.ply,0.2,800,0.9,0.13147,0.29077,1,0.10746,0.97432,0.16843
002439_lcam_front_lidar.ply,0.2,800,0.9,0.11664,0.29919,1,0.11987,0.96472,0.18296
002440_lcam_front_lidar.ply,0.2,800,0.9,0.1199,0.25803,1,0.04377,0.88571,0.1133
002441_lcam_front_lidar.ply,0.2,800,0.9,0.11968,0.29709,1,0.12432,0.96431,0.19524
002442_lcam_front_lidar.ply,0.2,800,0.9,0.16162,0.2623,1,0.0517,0.89969,0.10892
002443_lcam_front_lidar.ply,0.2,800,0.9,0.1687,0.29456,1,0.1264,0.95933,0.19717
002444_lcam_front_lidar.ply,0.2,800,0.9,0.12494,0.29976,1,0.14334,0.96724,0.22702
002445_lcam_front_lidar.ply,0.2,800,0.9,0.11241,0.27046,1,0.05137,0.89395,0.10619
002446_lcam_front_lidar.ply,0.2,800,0.9,0.11542,0.30215,1,0.13869,0.95922,0.21411
002447_lcam_front_lidar.ply,0.2,800,0.9,0.11816,0.26046,1,0.04897,0.89109,0.11887
002448_lcam_front_lidar.ply,0.2,800,0.9,0.12301,0.26906,1,0.04431,0.87834,0.09474
002449_lcam_front_lidar.ply,0.2,800,0.9,0.11492,0.26798,1,0.04528,0.88847,0.09932
002450_lcam_front_lidar.ply,0.2,800,0.9,0.11271,0.25681,1,0.03831,0.88963,0.10561
002451_lcam_front_lidar.ply,0.2,800,0.9,0.11519,0.26011,1,0.0328,0.87859,0.08844
002452_lcam_front_lidar.ply,0.2,800,0.9,0.12896,0.28993,1,0.14931,0.98423,0.26086
002453_lcam_front_lidar.ply,0.2,800,0.9,0.11956,0.27506,1,0.12869,0.96623,0.24933
002454_lcam_front_lidar.ply,0.2,800,0.9,0.13205,0.24488,1,0.06542,0.95384,0.18144
002455_lcam_front_lidar.ply,0.2,800,0.9,0.1587,0.26298,1,0.09119,0.93152,0.18766
002456_lcam_front_lidar.ply,0.2,800,0.9,0.13283,0.26062,1,0.06846,0.95326,0.15339
002457_lcam_front_lidar.ply,0.2,800,0.9,0.15562,0.27617,1,0.08894,0.92765,0.16196
002458_lcam_front_lidar.ply,0.2,800,0.9,0.15449,0.24487,1,0.06935,0.9544,0.1827
002459_lcam_front_lidar.ply,0.2,800,0.9,0.1932,0.27487,1,0.09748,0.93226,0.16894
002460_lcam_front_lidar.ply,0.2,800,0.9,0.15741,0.28396,1,0.09461,0.92673,0.15559
002461_lcam_front_lidar.ply,0.2,800,0.9,0.12484,0.29363,1,0.0984,0.92637,0.14718
002462_lcam_front_lidar.ply,0.2,800,0.9,0.12441,0.28542,1,0.09502,0.9251,0.16051
002463_lcam_front_lidar.ply,0.2,800,0.9,0.11774,0.28759,1,0.09924,0.92758,0.16305
002464_lcam_front_lidar.ply,0.2,800,0.9,0.1177,0.28924,1,0.10264,0.92974,0.16848
002465_lcam_front_lidar.ply,0.2,800,0.9,0.11031,0.29439,1,0.10298,0.92707,0.1597
002466_lcam_front_lidar.ply,0.2,800,0.9,0.11891,0.29123,1,0.09911,0.92775,0.15851
002467_lcam_front_lidar.ply,0.2,800,0.9,0.14744,0.2694,1,0.03784,0.94213,0.07233
002468_lcam_front_lidar.ply,0.2,800,0.9,0.1553,0.28218,1,0.09121,0.92403,0.15231
002469_lcam_front_lidar.ply,0.2,800,0.9,0.12192,0.29829,1,0.10082,0.9273,0.14757
002470_lcam_front_lidar.ply,0.2,800,0.9,0.14227,0.29056,1,0.09442,0.92303,0.14179
002471_lcam_front_lidar.ply,0.2,800,0.9,0.14436,0.25306,1,0.04076,0.91021,0.11399
002472_lcam_front_lidar.ply,0.2,800,0.9,0.13636,0.24073,1,0.0347,0.89777,0.12122
002473_lcam_front_lidar.ply,0.2,800,0.9,0.13723,0.23994,1,0.0339,0.90911,0.12477
002474_lcam_front_lidar.ply,0.2,800,0.9,0.13933,0.28272,1,0.10328,0.9831,0.1824
002475_lcam_front_lidar.ply,0.2,800,0.9,0.12874,0.24464,1,0.03394,0.90754,0.12255
002476_lcam_front_lidar.ply,0.2,800,0.9,0.12681,0.24174,1,0.03754,0.89322,0.13388
002477_lcam_front_lidar.ply,0.2,800,0.9,0.13009,0.26742,1,0.06464,0.90899,0.13613
002478_lcam_front_lidar.ply,0.2,800,0.9,0.15432,0.26646,1,0.06421,0.90546,0.12846
002479_lcam_front_lidar.ply,0.2,800,0.9,0.13421,0.26194,1,0.08543,0.92877,0.18329
002480_lcam_front_lidar.ply,0.2,800,0.9,0.13301,0.27144,1,0.08475,0.91446,0.16732
002481_lcam_front_lidar.ply,0.2,800,0.9,0.14791,0.28403,1,0.07788,0.89082,0.12321
002482_lcam_front_lidar.ply,0.2,800,0.9,0.13501,0.29025,1,0.08735,0.8941,0.13079
002483_lcam_front_lidar.ply,0.2,800,0.9,0.13122,0.29023,1,0.08111,0.88131,0.12351
002484_lcam_front_lidar.ply,0.2,800,0.9,0.13884,0.29825,1,0.09423,0.89551,0.13088
002485_lcam_front_lidar.ply,0.2,800,0.9,0.12039,0.28789,1,0.09188,0.90647,0.14801
002486_lcam_front_lidar.ply,0.2,800,0.9,0.12272,0.28538,1,0.09127,0.91333,0.15522
002487_lcam_front_lidar.ply,0.2,800,0.9,0.12895,0.29109,1,0.09219,0.90249,0.14425
002488_lcam_front_lidar.ply,0.2,800,0.9,0.14596,0.27961,1,0.08196,0.88036,0.14134
002489_lcam_front_lidar.ply,0.2,800,0.9,0.13296,0.29036,1,0.08732,0.87286,0.13343
002490_lcam_front_lidar.ply,0.2,800,0.9,0.13592,0.29733,1,0.09476,0.8768,0.13387
002491_lcam_front_lidar.ply,0.2,800,0.9,0.14174,0.28445,1,0.08896,0.8718,0.1459
002492_lcam_front_lidar.ply,0.2,800,0.9,0.1319,0.29024,1,0.09387,0.87309,0.14377
002493_lcam_front_lidar.ply,0.2,800,0.9,0.13884,0.2953,1,0.10083,0.87207,0.14531
002494_lcam_front_lidar.ply,0.2,800,0.9,0.14235,0.29404,1,0.09673,0.86851,0.14281
002495_lcam_front_lidar.ply,0.2,800,0.9,0.14736,0.30151,1,0.10226,0.86564,0.13805
002496_lcam_front_lidar.ply,0.2,800,0.9,0.15735,0.30276,1,0.0994,0.86399,0.12818
002497_lcam_front_lidar.ply,0.2,800,0.9,0.15507,0.3251,1,0.11795,0.87042,0.11965
002498_lcam_front_lidar.ply,0.2,800,0.9,0.14331,0.33572,1,0.12331,0.87504,0.11582
002499_lcam_front_lidar.ply,0.2,800,0.9,0.12417,0.33575,1,0.1289,0.8789,0.12241
002500_lcam_front_lidar.ply,0.2,800,0.9,0.11619,0.35218,1,0.13511,0.8824,0.1118
002501_lcam_front_lidar.ply,0.2,800,0.9,0.12491,0.33403,1,0.12387,0.87387,0.11877
002502_lcam_front_lidar.ply,0.2,800,0.9,0.14984,0.343,1,0.1331,0.88199,0.11772
002503_lcam_front_lidar.ply,0.2,800,0.9,0.10408,0.34303,1,0.13414,0.89135,0.12328
002504_lcam_front_lidar.ply,0.2,800,0.9,0.1171,0.3476,1,0.13766,0.89172,0.12017
002505_lcam_front_lidar.ply,0.2,800,0.9,0.10835,0.34682,1,0.16505,0.9248,0.18066
002506_lcam_front_lidar.ply,0.2,800,0.9,0.09737,0.35207,1,0.14549,0.89722,0.13354
002507_lcam_front_lidar.ply,0.2,800,0.9,0.11151,0.35221,1,0.14338,0.89479,0.12618
002508_lcam_front_lidar.ply,0.2,800,0.9,0.09734,0.34553,1,0.13397,0.89318,0.12453
002509_lcam_front_lidar.ply,0.2,800,0.9,0.10524,0.35487,1,0.15257,0.90219,0.13831
002510_lcam_front_lidar.ply,0.2,800,0.9,0.11724,0.34536,1,0.14697,0.90058,0.1397
002511_lcam_front_lidar.ply,0.2,800,0.9,0.10819,0.35111,1,0.14772,0.89858,0.13572
002512_lcam_front_lidar.ply,0.2,800,0.9,0.11137,0.34308,1,0.13586,0.88762,0.12851
002513_lcam_front_lidar.ply,0.2,800,0.9,0.11397,0.33988,1,0.13179,0.89116,0.12742
002514_lcam_front_lidar.ply,0.2,800,0.9,0.10696,0.33751,1,0.13142,0.89107,0.12846
002515_lcam_front_lidar.ply,0.2,800,0.9,0.10802,0.33158,1,0.12018,0.88519,0.12239
002516_lcam_front_lidar.ply,0.2,800,0.9,0.11569,0.32328,1,0.11525,0.88506,0.1284
002517_lcam_front_lidar.ply,0.2,800,0.9,0.11353,0.3261,1,0.11726,0.88622,0.12491
002518_lcam_front_lidar.ply,0.2,800,0.9,0.14486,0.31696,1,0.10742,0.88537,0.11822
002519_lcam_front_lidar.ply,0.2,800,0.9,0.11093,0.30758,1,0.09706,0.88378,0.12136
002520_lcam_front_lidar.ply,0.2,800,0.9,0.14048,0.30471,1,0.09439,0.88312,0.11623
002521_lcam_front_lidar.ply,0.2,800,0.9,0.13016,0.29995,1,0.09258,0.89265,0.12482
002522_lcam_front_lidar.ply,0.2,800,0.9,0.13864,0.28754,1,0.07875,0.88867,0.1191
002523_lcam_front_lidar.ply,0.2,800,0.9,0.13875,0.29172,1,0.08546,0.89598,0.12327
002524_lcam_front_lidar.ply,0.2,800,0.9,0.1429,0.27755,1,0.06845,0.88718,0.11777
002525_lcam_front_lidar.ply,0.2,800,0.9,0.13627,0.28575,1,0.08046,0.90255,0.12479
002526_lcam_front_lidar.ply,0.2,800,0.9,0.13442,0.27842,1,0.06775,0.89228,0.11666
002527_lcam_front_lidar.ply,0.2,800,0.9,0.14683,0.26783,1,0.06679,0.90271,0.13756
002528_lcam_front_lidar.ply,0.2,800,0.9,0.1476,0.26491,1,0.05809,0.89305,0.12037
002529_lcam_front_lidar.ply,0.2,800,0.9,0.19108,0.24792,1,0.05753,0.90659,0.15005
002530_lcam_front_lidar.ply,0.2,800,0.9,0.16497,0.24581,1,0.05581,0.9105,0.15032
002531_lcam_front_lidar.ply,0.2,800,0.9,0.12424,0.24977,1,0.07604,0.94067,0.19385
002532_lcam_front_lidar.ply,0.2,800,0.9,0.1265,0.22775,1,0.06212,0.93254,0.20979
002533_lcam_front_lidar.ply,0.2,800,0.9,0.13802,0.24715,1,0.07047,0.93421,0.18383
002534_lcam_front_lidar.ply,0.2,800,0.9,0.13966,0.24188,1,0.0716,0.93957,0.19779
002535_lcam_front_lidar.ply,0.2,800,0.9,0.14274,0.22689,1,0.08114,0.9586,0.24689
002536_lcam_front_lidar.ply,0.2,800,0.9,0.13889,0.23202,1,0.07991,0.9541,0.23388
002537_lcam_front_lidar.ply,0.2,800,0.9,0.12768,0.23596,1,0.06594,0.94548,0.19779
002538_lcam_front_lidar.ply,0.2,800,0.9,0.12498,0.25031,1,0.07477,0.95265,0.19264
002539_lcam_front_lidar.ply,0.2,800,0.9,0.13178,0.22929,1,0.07357,0.95454,0.22976
002540_lcam_front_lidar.ply,0.2,800,0.9,0.15375,0.23814,1,0.06071,0.94369,0.18069
002541_lcam_front_lidar.ply,0.2,800,0.9,0.13986,0.23426,1,0.0579,0.9507,0.18557
002542_lcam_front_lidar.ply,0.2,800,0.9,0.15884,0.23507,1,0.06144,0.9534,0.18537
002543_lcam_front_lidar.ply,0.2,800,0.9,0.16185,0.24339,1,0.04908,0.96218,0.14715
002544_lcam_front_lidar.ply,0.2,800,0.9,0.13326,0.23122,1,0.05037,0.95145,0.17635
002545_lcam_front_lidar.ply,0.2,800,0.9,0.13331,0.23271,1,0.04436,0.9578,0.16184
002546_lcam_front_lidar.ply,0.2,800,0.9,0.1346,0.33237,1,0.17401,0.99774,0.22303
002547_lcam_front_lidar.ply,0.2,800,0.9,0.12026,0.29196,1,0.12024,0.99761,0.19911
002548_lcam_front_lidar.ply,0.2,800,0.9,0.13404,0.25076,1,0.03119,0.81306,0.1002
002549_lcam_front_lidar.ply,0.2,800,0.9,0.18042,0.21372,1,0.04989,0.8888,0.19882
002550_lcam_front_lidar.ply,0.2,800,0.9,0.12781,0.35396,1,0.18543,0.9972,0.20379
002551_lcam_front_lidar.ply,0.2,800,0.9,0.12001,0.35115,1,0.17557,0.99683,0.19178
002552_lcam_front_lidar.ply,0.2,800,0.9,0.1383,0.25341,1,0.0372,0.81731,0.10451
002553_lcam_front_lidar.ply,0.2,800,0.9,0.10553,0.25399,1,0.03902,0.81304,0.11459
002554_lcam_front_lidar.ply,0.2,800,0.9,0.13593,0.36444,1,0.18852,0.99742,0.18784
002555_lcam_front_lidar.ply,0.2,800,0.9,0.10627,0.25473,1,0.03772,0.81898,0.109
002556_lcam_front_lidar.ply,0.2,800,0.9,0.12527,0.25992,1,0.03761,0.80204,0.09906
002557_lcam_front_lidar.ply,0.2,800,0.9,0.11369,0.37152,1,0.19648,0.99756,0.19488
002558_lcam_front_lidar.ply,0.2,800,0.9,0.11892,0.25561,1,0.03305,0.80945,0.09743
002559_lcam_front_lidar.ply,0.2,800,0.9,0.11018,0.38043,1,0.2043,0.99743,0.1936
002560_lcam_front_lidar.ply,0.2,800,0.9,0.11346,0.38027,1,0.21217,0.99702,0.20882
002561_lcam_front_lidar.ply,0.2,800,0.9,0.14853,0.25168,1,0.05919,0.98775,0.15216
002562_lcam_front_lidar.ply,0.2,800,0.9,0.14199,0.25518,1,0.07328,0.98811,0.17528
002563_lcam_front_lidar.ply,0.2,800,0.9,0.13651,0.25567,1,0.07384,0.98933,0.17574
002564_lcam_front_lidar.ply,0.2,800,0.9,0.13456,0.2651,1,0.08655,0.99041,0.18216
002565_lcam_front_lidar.ply,0.2,800,0.9,0.12199,0.26549,1,0.09416,0.99369,0.1961
002566_lcam_front_lidar.ply,0.2,800,0.9,0.13996,0.27555,1,0.09883,0.99146,0.18585
002567_lcam_front_lidar.ply,0.2,800,0.9,0.1139,0.27622,1,0.11444,0.98051,0.21664
002568_lcam_front_lidar.ply,0.2,800,0.9,0.16183,0.2633,1,0.09422,0.98938,0.19478
002569_lcam_front_lidar.ply,0.2,800,0.9,0.15796,0.27157,1,0.09749,0.99022,0.18845
002570_lcam_front_lidar.ply,0.2,800,0.9,0.22819,0.26613,1,0.1022,0.99182,0.19175
002571_lcam_front_lidar.ply,0.2,800,0.9,0.15686,0.24263,1,0.06573,0.9902,0.18336
002572_lcam_front_lidar.ply,0.2,800,0.9,0.20167,0.22503,1,0.04026,0.97232,0.15511
002573_lcam_front_lidar.ply,0.2,800,0.9,0.17254,0.25083,1,0.07006,0.95365,0.16975
002574_lcam_front_lidar.ply,0.2,800,0.9,0.1659,0.2593,1,0.08688,0.96431,0.18888
002575_lcam_front_lidar.ply,0.2,800,0.9,0.19758,0.24741,1,0.08976,0.95739,0.21258
002576_lcam_front_lidar.ply,0.2,800,0.9,0.15899,0.27922,1,0.13223,0.99167,0.24187
002577_lcam_front_lidar.ply,0.2,800,0.9,0.1598,0.23537,1,0.0829,0.96763,0.23123
002578_lcam_front_lidar.ply,0.2,800,0.9,0.162,0.26921,1,0.07109,0.92483,0.13864
002579_lcam_front_lidar.ply,0.2,800,0.9,0.15544,0.25287,1,0.09296,0.96311,0.21403
002580_lcam_front_lidar.ply,0.2,800,0.9,0.15779,0.2578,1,0.09256,0.96947,0.20728
002581_lcam_front_lidar.ply,0.2,800,0.9,0.15519,0.23535,1,0.07001,0.96863,0.20461
002582_lcam_front_lidar.ply,0.2,800,0.9,0.15312,0.2432,1,0.08901,0.9657,0.22738
002583_lcam_front_lidar.ply,0.2,800,0.9,0.15757,0.25203,1,0.06355,0.9249,0.15535
002584_lcam_front_lidar.ply,0.2,800,0.9,0.16142,0.2299,1,0.08304,0.96912,0.23793
002585_lcam_front_lidar.ply,0.2,800,0.9,0.15663,0.24426,1,0.06726,0.95614,0.18101
002586_lcam_front_lidar.ply,0.2,800,0.9,0.16547,0.24583,1,0.0591,0.94329,0.15835
002587_lcam_front_lidar.ply,0.2,800,0.9,0.18125,0.23616,1,0.07164,0.96918,0.1999
002588_lcam_front_lidar.ply,0.2,800,0.9,0.17846,0.24187,1,0.07622,0.97281,0.19836
002589_lcam_front_lidar.ply,0.2,800,0.9,0.16367,0.24905,1,0.05786,0.97501,0.15282
002590_lcam_front_lidar.ply,0.2,800,0.9,0.15264,0.23225,1,0.05143,0.96285,0.17307
002591_lcam_front_lidar.ply,0.2,800,0.9,0.1424,0.31811,1,0.1435,0.95882,0.19169
002592_lcam_front_lidar.ply,0.2,800,0.9,0.15835,0.30567,1,0.13125,0.95837,0.18726
002593_lcam_front_lidar.ply,0.2,800,0.9,0.14464,0.30548,1,0.13651,0.95746,0.19625
002594_lcam_front_lidar.ply,0.2,800,0.9,0.15775,0.2665,1,0.10735,0.9615,0.21605
002595_lcam_front_lidar.ply,0.2,800,0.9,0.16333,0.307,1,0.13511,0.95773,0.18907
002596_lcam_front_lidar.ply,0.2,800,0.9,0.1426,0.28399,1,0.12797,0.96666,0.22328
002597_lcam_front_lidar.ply,0.2,800,0.9,0.17708,0.27495,1,0.11234,0.96688,0.20409
002598_lcam_front_lidar.ply,0.2,800,0.9,0.13137,0.27792,1,0.10352,0.9755,0.18875
002599_lcam_front_lidar.ply,0.2,800,0.9,0.1279,0.30262,1,0.13985,0.96482,0.21663
002600_lcam_front_lidar.ply,0.2,800,0.9,0.14993,0.29291,1,0.12305,0.97199,0.1935
002601_lcam_front_lidar.ply,0.2,800,0.9,0.13933,0.30781,1,0.14867,0.96491,0.22022
002602_lcam_front_lidar.ply,0.2,800,0.9,0.11872,0.30199,1,0.13306,0.97181,0.20208
002603_lcam_front_lidar.ply,0.2,800,0.9,0.11576,0.31125,1,0.12928,0.97334,0.17879
002604_lcam_front_lidar.ply,0.2,800,0.9,0.1219,0.31709,1,0.14659,0.97252,0.19902
002605_lcam_front_lidar.ply,0.2,800,0.9,0.11487,0.31501,1,0.1316,0.97371,0.17392
002606_lcam_front_lidar.ply,0.2,800,0.9,0.11475,0.32531,1,0.14185,0.97381,0.17654
002607_lcam_front_lidar.ply,0.2,800,0.9,0.10495,0.32431,1,0.1421,0.97446,0.17791
002608_lcam_front_lidar.ply,0.2,800,0.9,0.12417,0.31857,1,0.14308,0.97484,0.18968
002609_lcam_front_lidar.ply,0.2,800,0.9,0.12141,0.32682,1,0.14688,0.9747,0.18179
002610_lcam_front_lidar.ply,0.2,800,0.9,0.12394,0.32011,1,0.14192,0.97346,0.1764
002611_lcam_front_lidar.ply,0.2,800,0.9,0.09984,0.33389,1,0.15083,0.97424,0.17644
002612_lcam_front_lidar.ply,0.2,800,0.9,0.11414,0.34186,1,0.15374,0.97107,0.16185
002613_lcam_front_lidar.ply,0.2,800,0.9,0.13375,0.33132,1,0.16396,0.97653,0.20316
002614_lcam_front_lidar.ply,0.2,800,0.9,0.1228,0.33269,1,0.15528,0.97487,0.18734
002615_lcam_front_lidar.ply,0.2,800,0.9,0.12421,0.32602,1,0.13842,0.97217,0.16461
002616_lcam_front_lidar.ply,0.2,800,0.9,0.13041,0.33048,1,0.14696,0.97157,0.16842
002617_lcam_front_lidar.ply,0.2,800,0.9,0.12524,0.32267,1,0.14074,0.97244,0.17229
002618_lcam_front_lidar.ply,0.2,800,0.9,0.14148,0.2392,1,0.02927,0.96332,0.117
002619_lcam_front_lidar.ply,0.2,800,0.9,0.10868,0.32765,1,0.14843,0.97357,0.19051
002620_lcam_front_lidar.ply,0.2,800,0.9,0.11288,0.32522,1,0.14666,0.97239,0.18607
002621_lcam_front_lidar.ply,0.2,800,0.9,0.12949,0.23229,1,0.03318,0.96918,0.14016
002622_lcam_front_lidar.ply,0.2,800,0.9,0.12139,0.22167,1,0.03705,0.9627,0.17023
002623_lcam_front_lidar.ply,0.2,800,0.9,0.1348,0.22651,1,0.05013,0.96106,0.1865
002624_lcam_front_lidar.ply,0.2,800,0.9,0.11875,0.23094,1,0.05067,0.95853,0.18172
002625_lcam_front_lidar.ply,0.2,800,0.9,0.12028,0.23079,1,0.04762,0.95673,0.17315
002626_lcam_front_lidar.ply,0.2,800,0.9,0.10755,0.22728,1,0.05079,0.97276,0.19248
002627_lcam_front_lidar.ply,0.2,800,0.9,0.12203,0.24909,1,0.05565,0.94296,0.14981
002628_lcam_front_lidar.ply,0.2,800,0.9,0.11881,0.24306,1,0.05223,0.95095,0.15729
002629_lcam_front_lidar.ply,0.2,800,0.9,0.10527,0.25478,1,0.05761,0.94334,0.14961
002630_lcam_front_lidar.ply,0.2,800,0.9,0.12449,0.25763,1,0.06293,0.94269,0.14658
002631_lcam_front_lidar.ply,0.2,800,0.9,0.11517,0.26057,1,0.06506,0.95225,0.1499
002632_lcam_front_lidar.ply,0.2,800,0.9,0.11202,0.26632,1,0.07107,0.95837,0.1472
002633_lcam_front_lidar.ply,0.2,800,0.9,0.11854,0.25551,1,0.06042,0.96471,0.15132
002634_lcam_front_lidar.ply,0.2,800,0.9,0.12155,0.25979,1,0.06125,0.96298,0.14151
002635_lcam_front_lidar.ply,0.2,800,0.9,0.1271,0.26354,1,0.06564,0.97164,0.14682
002636_lcam_front_lidar.ply,0.2,800,0.9,0.11547,0.26658,1,0.06283,0.97024,0.13088
002637_lcam_front_lidar.ply,0.2,800,0.9,0.11265,0.27193,1,0.06053,0.96304,0.11761
002638_lcam_front_lidar.ply,0.2,800,0.9,0.12551,0.26345,1,0.06081,0.97247,0.13295
002639_lcam_front_lidar.ply,0.2,800,0.9,0.11417,0.28701,1,0.13192,0.98849,0.23181
002640_lcam_front_lidar.ply,0.2,800,0.9,0.12583,0.25058,1,0.03883,0.97416,0.11616
002641_lcam_front_lidar.ply,0.2,800,0.9,0.12701,0.26153,1,0.05976,0.98075,0.13517
002642_lcam_front_lidar.ply,0.2,800,0.9,0.18791,0.2547,1,0.05989,0.98307,0.13536
002643_lcam_front_lidar.ply,0.2,800,0.9,0.13774,0.25796,1,0.05999,0.98276,0.13925
002644_lcam_front_lidar.ply,0.2,800,0.9,0.15038,0.24005,1,0.03346,0.97718,0.11688
002645_lcam_front_lidar.ply,0.15,800,0.9,0.1397,0.25038,1,0.04332,0.97495,0.12167
002646_lcam_front_lidar.ply,0.2,800,0.9,0.12928,0.25046,1,0.04431,0.98252,0.12246
002647_lcam_front_lidar.ply,0.2,800,0.9,0.12709,0.25317,1,0.0326,0.97544,0.09716
002648_lcam_front_lidar.ply,0.15,800,0.9,0.13615,0.25336,1,0.03318,0.97493,0.09386
002649_lcam_front_lidar.ply,0.15,800,0.9,0.14352,0.24628,1,0.04743,0.97976,0.13847
002650_lcam_front_lidar.ply,0.15,800,0.9,0.16117,0.25616,1,0.02841,0.96885,0.07887
002651_lcam_front_lidar.ply,0.15,800,0.9,0.15774,0.26985,1,0.07656,0.96253,0.14817
002652_lcam_front_lidar.ply,0.2,800,0.9,0.13541,0.26734,1,0.0969,0.96588,0.19327
002653_lcam_front_lidar.ply,0.15,800,0.9,0.14481,0.26764,1,0.07783,0.95863,0.15227
002654_lcam_front_lidar.ply,0.15,800,0.9,0.15464,0.25017,1,0.06571,0.95348,0.16626
002655_lcam_front_lidar.ply,0.15,800,0.9,0.1547,0.2635,1,0.07673,0.96191,0.15802
002656_lcam_front_lidar.ply,0.15,800,0.9,0.16721,0.25604,1,0.05106,0.96746,0.12455
002657_lcam_front_lidar.ply,0.15,800,0.9,0.1529,0.24738,1,0.0626,0.95816,0.16431
002658_lcam_front_lidar.ply,0.2,800,0.9,0.14263,0.2185,1,0.08356,0.99437,0.26053
002659_lcam_front_lidar.ply,0.2,800,0.9,0.15161,0.22303,1,0.07205,0.99709,0.22936
002660_lcam_front_lidar.ply,0.2,800,0.9,0.14021,0.22784,1,0.07688,0.99776,0.23487
002661_lcam_front_lidar.ply,0.2,800,0.9,0.13552,0.24289,1,0.08924,0.99083,0.23071
002662_lcam_front_lidar.ply,0.15,800,0.9,0.15803,0.25743,1,0.06011,0.96473,0.13721
002663_lcam_front_lidar.ply,0.15,800,0.9,0.15629,0.25731,1,0.03924,0.95725,0.09838
002664_lcam_front_lidar.ply,0.2,800,0.9,0.13422,0.24581,1,0.09615,0.9952,0.24126
002665_lcam_front_lidar.ply,0.2,800,0.9,0.12024,0.24059,1,0.07409,0.99154,0.20525
002666_lcam_front_lidar.ply,0.2,800,0.9,0.13,0.25716,1,0.10982,0.99174,0.24281
002667_lcam_front_lidar.ply,0.2,800,0.9,0.11488,0.27682,1,0.126,0.99282,0.23602
002668_lcam_front_lidar.ply,0.2,800,0.9,0.13611,0.25692,1,0.09357,0.97373,0.20881
002669_lcam_front_lidar.ply,0.2,800,0.9,0.1363,0.2906,1,0.13979,0.99436,0.23592
002670_lcam_front_lidar.ply,0.2,800,0.9,0.11156,0.26033,1,0.09648,0.97792,0.21304
002671_lcam_front_lidar.ply,0.2,800,0.9,0.11239,0.27355,1,0.09895,0.97066,0.18974
002672_lcam_front_lidar.ply,0.2,800,0.9,0.12296,0.27302,1,0.10677,0.96787,0.20296
002673_lcam_front_lidar.ply,0.2,800,0.9,0.12601,0.28041,1,0.10005,0.96264,0.17421
002674_lcam_front_lidar.ply,0.2,800,0.9,0.11605,0.27149,1,0.10569,0.96672,0.20641
002675_lcam_front_lidar.ply,0.2,800,0.9,0.10317,0.30638,1,0.15178,0.99606,0.23532
002676_lcam_front_lidar.ply,0.2,800,0.9,0.09721,0.2822,1,0.1117,0.96698,0.19958
002677_lcam_front_lidar.ply,0.2,800,0.9,0.10436,0.30866,1,0.14697,0.99656,0.21885
002678_lcam_front_lidar.ply,0.2,800,0.9,0.1466,0.27693,1,0.11324,0.96018,0.20512
002679_lcam_front_lidar.ply,0.2,800,0.9,0.12019,0.28846,1,0.11991,0.95915,0.19341
002680_lcam_front_lidar.ply,0.2,800,0.9,0.11892,0.24322,1,0.04857,0.93146,0.14787
002681_lcam_front_lidar.ply,0.2,800,0.9,0.11497,0.23301,1,0.03797,0.93243,0.14895
002682_lcam_front_lidar.ply,0.2,800,0.9,0.11443,0.30665,1,0.12763,0.96036,0.18396
002683_lcam_front_lidar.ply,0.2,800,0.9,0.11296,0.3135,1,0.13368,0.9582,0.17919
002684_lcam_front_lidar.ply,0.2,800,0.9,0.10921,0.24382,1,0.05403,0.95108,0.16493
002685_lcam_front_lidar.ply,0.2,800,0.9,0.10357,0.23677,1,0.05508,0.95351,0.1796
002686_lcam_front_lidar.ply,0.2,800,0.9,0.11033,0.23382,1,0.05349,0.95097,0.18031
002687_lcam_front_lidar.ply,0.2,800,0.9,0.13378,0.23724,1,0.05371,0.95102,0.1664
002688_lcam_front_lidar.ply,0.2,800,0.9,0.10887,0.30669,1,0.13551,0.96314,0.19385
002689_lcam_front_lidar.ply,0.2,800,0.9,0.11198,0.23337,1,0.05285,0.9493,0.17969
002690_lcam_front_lidar.ply,0.2,800,0.9,0.09723,0.3394,1,0.17582,0.99925,0.21743
002691_lcam_front_lidar.ply,0.2,800,0.9,0.11637,0.2367,1,0.05634,0.95304,0.17257
002692_lcam_front_lidar.ply,0.2,800,0.9,0.12054,0.23061,1,0.0528,0.95476,0.18319
002693_lcam_front_lidar.ply,0.2,800,0.9,0.09677,0.33626,1,0.17695,0.9983,0.22239
002694_lcam_front_lidar.ply,0.2,800,0.9,0.11535,0.23491,1,0.0594,0.95083,0.18735
002695_lcam_front_lidar.ply,0.2,800,0.9,0.11226,0.34106,1,0.17243,0.99988,0.20244
002696_lcam_front_lidar.ply,0.2,800,0.9,0.12116,0.23123,1,0.05051,0.94502,0.17453
002697_lcam_front_lidar.ply,0.2,800,0.9,0.10607,0.34478,1,0.17282,0.99982,0.19725
002698_lcam_front_lidar.ply,0.2,800,0.9,0.10673,0.33534,1,0.16759,0.99981,0.20135
002699_lcam_front_lidar.ply,0.2,800,0.9,0.11881,0.2903,1,0.1123,0.96004,0.18502
002700_lcam_front_lidar.ply,0.2,800,0.9,0.11497,0.32796,1,0.16074,0.99971,0.20345
002701_lcam_front_lidar.ply,0.2,800,0.9,0.10762,0.32109,1,0.15466,0.99966,0.20659
002702_lcam_front_lidar.ply,0.2,800,0.9,0.10312,0.28347,1,0.10458,0.95817,0.18678
002703_lcam_front_lidar.ply,0.2,800,0.9,0.1163,0.31003,1,0.14754,0.99951,0.21493
002704_lcam_front_lidar.ply,0.2,800,0.9,0.11118,0.30379,1,0.1361,0.99989,0.2082
002705_lcam_front_lidar.ply,0.2,800,0.9,0.13325,0.31535,1,0.1539,0.99941,0.21519
002706_lcam_front_lidar.ply,0.2,800,0.9,0.11458,0.29996,1,0.1412,0.99971,0.22074
002707_lcam_front_lidar.ply,0.2,800,0.9,0.12946,0.22453,1,0.07627,0.99719,0.24117
002708_lcam_front_lidar.ply,0.15,800,0.9,0.12773,0.269,1,0.07835,0.96302,0.15977
002709_lcam_front_lidar.ply,0.2,800,0.9,0.11419,0.25972,1,0.08025,0.95754,0.17921
002710_lcam_front_lidar.ply,0.2,800,0.9,0.09913,0.29284,1,0.13413,0.99927,0.22545
002711_lcam_front_lidar.ply,0.2,800,0.9,0.13468,0.25129,1,0.08095,0.95998,0.19116
002712_lcam_front_lidar.ply,0.15,800,0.9,0.14766,0.26013,1,0.0747,0.96349,0.16313
002713_lcam_front_lidar.ply,0.15,800,0.9,0.14381,0.26211,1,0.07534,0.96212,0.16005
002714_lcam_front_lidar.ply,0.15,800,0.9,0.16255,0.25295,1,0.06737,0.95964,0.15778
002715_lcam_front_lidar.ply,0.15,800,0.9,0.13849,0.25403,1,0.06649,0.95986,0.15943
002716_lcam_front_lidar.ply,0.15,800,0.9,0.15209,0.25261,1,0.06765,0.96358,0.16243
002717_lcam_front_lidar.ply,0.15,800,0.9,0.14492,0.25792,1,0.06843,0.9626,0.16183
002718_lcam_front_lidar.ply,0.15,800,0.9,0.14295,0.25223,1,0.06611,0.9832,0.16096
002719_lcam_front_lidar.ply,0.15,800,0.9,0.14716,0.24879,1,0.06371,0.9837,0.16198
002720_lcam_front_lidar.ply,0.15,800,0.9,0.1619,0.24875,1,0.03428,0.97913,0.09681
002721_lcam_front_lidar.ply,0.15,800,0.9,0.14029,0.25215,1,0.03194,0.98326,0.09385
002722_lcam_front_lidar.ply,0.15,800,0.9,0.14316,0.25466,1,0.06853,0.98262,0.15795
002723_lcam_front_lidar.ply,0.15,800,0.9,0.14258,0.25178,1,0.03597,0.98083,0.10337
002724_lcam_front_lidar.ply,0.15,800,0.9,0.15056,0.25252,1,0.0679,0.98238,0.16432
002725_lcam_front_lidar.ply,0.15,800,0.9,0.14472,0.25537,1,0.06556,0.98117,0.15582
002726_lcam_front_lidar.ply,0.15,800,0.9,0.12724,0.25389,1,0.03995,0.98276,0.10665
002727_lcam_front_lidar.ply,0.15,800,0.9,0.14665,0.25008,1,0.04,0.98639,0.11423
002728_lcam_front_lidar.ply,0.15,800,0.9,0.14998,0.2495,1,0.04361,0.98803,0.11972
002729_lcam_front_lidar.ply,0.15,800,0.9,0.14696,0.25087,1,0.05637,0.99558,0.14421
002730_lcam_front_lidar.ply,0.15,800,0.9,0.14345,0.24959,1,0.05266,0.99565,0.1427
002731_lcam_front_lidar.ply,0.15,800,0.9,0.1432,0.26185,1,0.07594,0.99629,0.16161
002732_lcam_front_lidar.ply,0.15,800,0.9,0.14613,0.25195,1,0.06933,0.99694,0.16757
002733_lcam_front_lidar.ply,0.15,800,0.9,0.1502,0.24157,1,0.04286,0.98845,0.13046
002734_lcam_front_lidar.ply,0.15,800,0.9,0.15191,0.24524,1,0.03829,0.98828,0.12356
002735_lcam_front_lidar.ply,0.15,800,0.9,0.12627,0.25487,1,0.04846,0.99744,0.12501
002736_lcam_front_lidar.ply,0.15,800,0.9,0.12758,0.26812,1,0.08111,0.99613,0.16448
002737_lcam_front_lidar.ply,0.15,800,0.9,0.12109,0.26308,1,0.05194,0.99737,0.11355
002738_lcam_front_lidar.ply,0.15,800,0.9,0.11286,0.27483,1,0.05887,0.99675,0.10831
002739_lcam_front_lidar.ply,0.15,800,0.9,0.12968,0.26759,1,0.05643,0.99703,0.1104
002740_lcam_front_lidar.ply,0.15,800,0.9,0.12571,0.27416,1,0.05927,0.99211,0.11043
002741_lcam_front_lidar.ply,0.15,800,0.9,0.11772,0.2888,1,0.10185,0.96528,0.16392
002742_lcam_front_lidar.ply,0.15,800,0.9,0.12487,0.28029,1,0.06574,0.98279,0.10556
002743_lcam_front_lidar.ply,0.15,800,0.9,0.11696,0.30554,1,0.11971,0.98038,0.16473
002744_lcam_front_lidar.ply,0.15,800,0.9,0.10417,0.30816,1,0.10719,0.94013,0.13636
002745_lcam_front_lidar.ply,0.15,800,0.9,0.11094,0.31746,1,0.12417,0.96087,0.15343
002746_lcam_front_lidar.ply,0.15,800,0.9,0.11015,0.30586,1,0.10075,0.93622,0.1302
002747_lcam_front_lidar.ply,0.15,800,0.9,0.11072,0.3147,1,0.11269,0.9522,0.13521
002748_lcam_front_lidar.ply,0.15,800,0.9,0.10851,0.31488,1,0.11371,0.95278,0.1399
002749_lcam_front_lidar.ply,0.15,800,0.9,0.11236,0.31199,1,0.11433,0.94645,0.14528
002750_lcam_front_lidar.ply,0.15,800,0.9,0.12623,0.30642,1,0.10121,0.92481,0.12835
002751_lcam_front_lidar.ply,0.15,800,0.9,0.10244,0.31169,1,0.10985,0.9455,0.13712
002752_lcam_front_lidar.ply,0.15,800,0.9,0.11136,0.31242,1,0.11661,0.95733,0.14915
002753_lcam_front_lidar.ply,0.15,800,0.9,0.11798,0.32261,1,0.12309,0.93065,0.13934
002754_lcam_front_lidar.ply,0.15,800,0.9,0.12647,0.31662,1,0.11251,0.9233,0.12788
002755_lcam_front_lidar.ply,0.15,800,0.9,0.11772,0.32811,1,0.12448,0.93474,0.13492
002756_lcam_front_lidar.ply,0.15,800,0.9,0.11163,0.32847,1,0.12608,0.91989,0.13689
002757_lcam_front_lidar.ply,0.15,800,0.9,0.10312,0.32564,1,0.11739,0.91839,0.12395
002758_lcam_front_lidar.ply,0.15,800,0.9,0.10474,0.32145,1,0.1104,0.91277,0.11802
002759_lcam_front_lidar.ply,0.15,800,0.9,0.13001,0.31783,1,0.1108,0.91624,0.12159
002760_lcam_front_lidar.ply,0.15,800,0.9,0.10455,0.31827,1,0.11451,0.9177,0.13808
002761_lcam_front_lidar.ply,0.15,800,0.9,0.10831,0.32754,1,0.11907,0.91902,0.12569
002762_lcam_front_lidar.ply,0.15,800,0.9,0.10513,0.31749,1,0.11486,0.91609,0.13817
002763_lcam_front_lidar.ply,0.15,800,0.9,0.11584,0.3072,1,0.10335,0.91455,0.13134
002764_lcam_front_lidar.ply,0.15,800,0.9,0.10185,0.29269,1,0.07474,0.91416,0.11039
002765_lcam_front_lidar.ply,0.15,800,0.9,0.12286,0.30215,1,0.09797,0.91129,0.12902
002766_lcam_front_lidar.ply,0.15,800,0.9,0.10608,0.30604,1,0.10343,0.91292,0.13729
002767_lcam_front_lidar.ply,0.15,800,0.9,0.10145,0.27542,1,0.06664,0.92427,0.12382
002768_lcam_front_lidar.ply,0.15,800,0.9,0.11319,0.29058,1,0.09502,0.91551,0.14858
002769_lcam_front_lidar.ply,0.15,800,0.9,0.13322,0.27643,1,0.07874,0.91505,0.1448
002770_lcam_front_lidar.ply,0.15,800,0.9,0.11993,0.28391,1,0.07797,0.83653,0.12797
002771_lcam_front_lidar.ply,0.15,800,0.9,0.10702,0.28425,1,0.08413,0.84604,0.14412
002772_lcam_front_lidar.ply,0.15,800,0.9,0.11264,0.28212,1,0.08696,0.85146,0.14718
002773_lcam_front_lidar.ply,0.15,800,0.9,0.10955,0.29606,1,0.09516,0.846,0.13932
002774_lcam_front_lidar.ply,0.15,800,0.9,0.11303,0.30024,1,0.09998,0.84171,0.14258
002775_lcam_front_lidar.ply,0.15,800,0.9,0.09101,0.30086,1,0.09707,0.83856,0.1351
002776_lcam_front_lidar.ply,0.15,800,0.9,0.09385,0.30024,1,0.09706,0.84067,0.13727
002777_lcam_front_lidar.ply,0.15,800,0.9,0.09917,0.30457,1,0.099,0.83144,0.13365
002778_lcam_front_lidar.ply,0.15,800,0.9,0.12702,0.30696,1,0.10338,0.82497,0.12891
002779_lcam_front_lidar.ply,0.15,800,0.9,0.10334,0.31177,1,0.10287,0.82157,0.12791
002780_lcam_front_lidar.ply,0.15,800,0.9,0.09119,0.31964,1,0.10453,0.81616,0.11656
002781_lcam_front_lidar.ply,0.15,800,0.9,0.12037,0.31415,1,0.10984,0.82482,0.13036
002782_lcam_front_lidar.ply,0.15,800,0.9,0.0838,0.31873,1,0.10387,0.82015,0.11512
002783_lcam_front_lidar.ply,0.15,800,0.9,0.09674,0.31629,1,0.10915,0.82917,0.12781
002784_lcam_front_lidar.ply,0.1,800,0.9,0.10449,0.29308,1,0.059,0.82466,0.07815
002785_lcam_front_lidar.ply,0.15,800,0.9,0.0974,0.32211,1,0.11329,0.8272,0.12971
002786_lcam_front_lidar.ply,0.1,800,0.9,0.09237,0.3196,1,0.08673,0.79007,0.08184
002787_lcam_front_lidar.ply,0.15,800,0.9,0.1408,0.30794,1,0.10802,0.82515,0.1344
002788_lcam_front_lidar.ply,0.1,800,0.9,0.09476,0.3154,1,0.08591,0.79666,0.09025
002789_lcam_front_lidar.ply,0.1,800,0.9,0.09261,0.31793,1,0.08829,0.80466,0.08723
002790_lcam_front_lidar.ply,0.1,800,0.9,0.08838,0.31625,1,0.08727,0.80468,0.09227
002791_lcam_front_lidar.ply,0.1,800,0.9,0.09619,0.30943,1,0.09011,0.81634,0.1083
002792_lcam_front_lidar.ply,0.1,800,0.9,0.0928,0.30668,1,0.08515,0.81292,0.10575
002793_lcam_front_lidar.ply,0.1,800,0.9,0.11363,0.29436,1,0.07351,0.80857,0.10395
002794_lcam_front_lidar.ply,0.1,800,0.9,0.10854,0.28901,1,0.06572,0.80159,0.10074
002795_lcam_front_lidar.ply,0.1,800,0.9,0.11336,0.28827,1,0.06819,0.85115,0.10301
002796_lcam_front_lidar.ply,0.1,800,0.9,0.12511,0.28315,1,0.06815,0.84962,0.1105
002797_lcam_front_lidar.ply,0.1,800,0.9,0.12094,0.28276,1,0.07157,0.84173,0.11928
002798_lcam_front_lidar.ply,0.1,800,0.9,0.10355,0.28391,1,0.03726,0.80547,0.05301
002799_lcam_front_lidar.ply,0.1,800,0.9,0.09756,0.28211,1,0.05651,0.85232,0.09819
002800_lcam_front_lidar.ply,0.1,800,0.9,0.11142,0.28781,1,0.05369,0.83303,0.07836
002801_lcam_front_lidar.ply,0.1,800,0.9,0.11087,0.28523,1,0.04081,0.81259,0.05691
002802_lcam_front_lidar.ply,0.1,800,0.9,0.1204,0.2872,1,0.03614,0.8018,0.04505
002803_lcam_front_lidar.ply,0.1,800,0.9,0.11589,0.28277,1,0.03772,0.81039,0.0541
002804_lcam_front_lidar.ply,0.1,800,0.9,0.1152,0.27739,1,0.03755,0.81524,0.06593
002805_lcam_front_lidar.ply,0.1,800,0.9,0.12106,0.2782,1,0.03714,0.81057,0.06318
002806_lcam_front_lidar.ply,0.1,800,0.9,0.11435,0.27451,1,0.03591,0.81439,0.06873
002807_lcam_front_lidar.ply,0.1,800,0.9,0.1046,0.27724,1,0.03486,0.7968,0.06115
002808_lcam_front_lidar.ply,0.1,800,0.9,0.12181,0.27255,1,0.03371,0.80575,0.06492
002809_lcam_front_lidar.ply,0.1,800,0.9,0.11985,0.27243,1,0.0,0.0,0.0
002810_lcam_front_lidar.ply,0.1,800,0.9,0.12721,0.27037,1,0.03181,0.79222,0.06475
002811_lcam_front_lidar.ply,0.1,800,0.9,0.13785,0.25101,1,0.04411,0.8461,0.12777
002812_lcam_front_lidar.ply,0.1,800,0.9,0.13904,0.27726,1,0.04083,0.93582,0.06798
002813_lcam_front_lidar.ply,0.1,800,0.9,0.12694,0.26856,1,0.04377,0.93676,0.09023
002814_lcam_front_lidar.ply,0.1,800,0.9,0.12631,0.26818,1,0.0433,0.94362,0.09224
002815_lcam_front_lidar.ply,0.1,800,0.9,0.14374,0.2714,1,0.0,0.0,0.0
002816_lcam_front_lidar.ply,0.1,800,0.9,0.11871,0.27015,1,0.04532,0.92377,0.09778
002817_lcam_front_lidar.ply,0.1,800,0.9,0.10662,0.26471,1,0.04133,0.92464,0.10033
002818_lcam_front_lidar.ply,0.15,800,0.9,0.11901,0.26764,1,0.05584,0.82508,0.1188
002819_lcam_front_lidar.ply,0.1,800,0.9,0.14575,0.27368,1,0.05206,0.92793,0.09883
002820_lcam_front_lidar.ply,0.15,800,0.9,0.1145,0.26559,1,0.05696,0.82651,0.124
002821_lcam_front_lidar.ply,0.15,800,0.9,0.12012,0.27153,1,0.06354,0.83381,0.12471
002822_lcam_front_lidar.ply,0.15,800,0.9,0.12838,0.27442,1,0.06295,0.83501,0.11855
002823_lcam_front_lidar.ply,0.15,800,0.9,0.12095,0.27201,1,0.05732,0.83409,0.11341
002824_lcam_front_lidar.ply,0.15,800,0.9,0.1468,0.27904,1,0.06523,0.83922,0.11231
002825_lcam_front_lidar.ply,0.15,800,0.9,0.10444,0.28154,1,0.06398,0.84294,0.11084
002826_lcam_front_lidar.ply,0.15,800,0.9,0.09371,0.29083,1,0.07117,0.84608,0.10771
002827_lcam_front_lidar.ply,0.15,800,0.9,0.10307,0.28043,1,0.06217,0.8516,0.11009
002828_lcam_front_lidar.ply,0.15,800,0.9,0.12195,0.31743,1,0.10799,0.91369,0.12395
002829_lcam_front_lidar.ply,0.1,800,0.9,0.11303,0.28594,1,0.06441,0.8639,0.10534
002830_lcam_front_lidar.ply,0.15,800,0.9,0.11448,0.27146,1,0.0914,0.88633,0.1836
002831_lcam_front_lidar.ply,0.15,800,0.9,0.11095,0.28365,1,0.06225,0.90108,0.10183
002832_lcam_front_lidar.ply,0.1,800,0.9,0.12991,0.2818,1,0.05462,0.90202,0.08959
002833_lcam_front_lidar.ply,0.2,800,0.9,0.12611,0.24585,1,0.03644,0.91831,0.12339
002834_lcam_front_lidar.ply,0.2,800,0.9,0.1065,0.22568,1,0.08704,0.92981,0.26999
002835_lcam_front_lidar.ply,0.2,800,0.9,0.12815,0.36271,1,0.1983,0.96288,0.21309
002836_lcam_front_lidar.ply,0.2,800,0.9,0.1326,0.2127,1,0.02821,0.89997,0.17079
002837_lcam_front_lidar.ply,0.2,800,0.9,0.1137,0.23493,1,0.09761,0.92061,0.26553
002838_lcam_front_lidar.ply,0.2,800,0.9,0.12536,0.2392,1,0.06462,0.88087,0.19525
002839_lcam_front_lidar.ply,0.2,800,0.9,0.11523,0.22061,1,0.04525,0.88748,0.18973
002840_lcam_front_lidar.ply,0.2,800,0.9,0.10246,0.23367,1,0.0427,0.85735,0.16556
002841_lcam_front_lidar.ply,0.2,800,0.9,0.12118,0.22798,1,0.0806,0.90877,0.24504
002842_lcam_front_lidar.ply,0.2,800,0.9,0.09932,0.38647,1,0.21628,0.93838,0.20681
002843_lcam_front_lidar.ply,0.2,800,0.9,0.10592,0.2412,1,0.0334,0.85539,0.13213
002844_lcam_front_lidar.ply,0.2,800,0.9,0.11218,0.23008,1,0.04596,0.8791,0.17636
002845_lcam_front_lidar.ply,0.2,800,0.9,0.10036,0.26635,1,0.08462,0.86085,0.18125
002846_lcam_front_lidar.ply,0.2,800,0.9,0.10105,0.27185,1,0.08668,0.86505,0.17446
002847_lcam_front_lidar.ply,0.2,800,0.9,0.09992,0.27095,1,0.08535,0.86676,0.17608
002848_lcam_front_lidar.ply,0.2,800,0.9,0.10758,0.3005,1,0.10912,0.87639,0.1626
002849_lcam_front_lidar.ply,0.2,800,0.9,0.1027,0.2556,1,0.0064,0.89313,0.0476
002850_lcam_front_lidar.ply,0.2,800,0.9,0.10406,0.27989,1,0.09821,0.86795,0.18013
002851_lcam_front_lidar.ply,0.2,800,0.9,0.11109,0.30083,1,0.10824,0.87175,0.1616
002852_lcam_front_lidar.ply,0.2,800,0.9,0.09503,0.30652,1,0.12042,0.87678,0.17539
002853_lcam_front_lidar.ply,0.2,800,0.9,0.10183,0.30172,1,0.11017,0.88573,0.16245
002854_lcam_front_lidar.ply,0.2,800,0.9,0.10731,0.25427,1,0.00761,0.92532,0.05464
002855_lcam_front_lidar.ply,0.2,800,0.9,0.10959,0.29217,1,0.10049,0.88838,0.15745
002856_lcam_front_lidar.ply,0.2,800,0.9,0.11397,0.29832,1,0.08783,0.88381,0.12528
002857_lcam_front_lidar.ply,0.2,800,0.9,0.1011,0.30032,1,0.09454,0.8831,0.13494
002858_lcam_front_lidar.ply,0.2,800,0.9,0.10536,0.29257,1,0.07936,0.88411,0.12008
002859_lcam_front_lidar.ply,0.2,800,0.9,0.11894,0.28418,1,0.07545,0.88374,0.12489
002860_lcam_front_lidar.ply,0.2,800,0.9,0.14486,0.29622,1,0.11061,0.88716,0.16739
002861_lcam_front_lidar.ply,0.2,800,0.9,0.12106,0.26759,1,0.06553,0.88848,0.13855
002862_lcam_front_lidar.ply,0.2,800,0.9,0.11909,0.23379,1,0.00508,0.82379,0.08362
002863_lcam_front_lidar.ply,0.2,800,0.9,0.12104,0.30788,1,0.12602,0.89426,0.18059
002864_lcam_front_lidar.ply,0.2,800,0.9,0.11398,0.23334,1,0.05497,0.912,0.19054
002865_lcam_front_lidar.ply,0.2,800,0.9,0.1096,0.23246,1,0.03749,0.89313,0.15628
002866_lcam_front_lidar.ply,0.2,800,0.9,0.10184,0.30306,1,0.1195,0.88931,0.17818
002867_lcam_front_lidar.ply,0.2,800,0.9,0.10488,0.253,1,0.00337,0.88078,0.04685
002868_lcam_front_lidar.ply,0.2,800,0.9,0.11227,0.32349,1,0.14463,0.89567,0.18218
002869_lcam_front_lidar.ply,0.2,800,0.9,0.14173,0.32422,1,0.15111,0.89057,0.19277
002870_lcam_front_lidar.ply,0.2,800,0.9,0.11564,0.23546,1,0.02817,0.89363,0.12625
002871_lcam_front_lidar.ply,0.2,800,0.9,0.10415,0.31739,1,0.13321,0.88826,0.1764
002872_lcam_front_lidar.ply,0.2,800,0.9,0.10427,0.33244,1,0.1523,0.89031,0.18168
002873_lcam_front_lidar.ply,0.2,800,0.9,0.09677,0.27074,1,0.00505,0.96406,0.01401
002874_lcam_front_lidar.ply,0.2,800,0.9,0.10662,0.33699,1,0.16087,0.89262,0.19307
002875_lcam_front_lidar.ply,0.2,800,0.9,0.09789,0.32721,1,0.15109,0.88068,0.19637
002876_lcam_front_lidar.ply,0.2,800,0.9,0.1055,0.33641,1,0.15941,0.88829,0.19448
002877_lcam_front_lidar.ply,0.2,800,0.9,0.13649,0.34619,1,0.16983,0.88659,0.18555
002878_lcam_front_lidar.ply,0.2,800,0.9,0.09064,0.25132,1,0.00999,0.85931,0.06314
002879_lcam_front_lidar.ply,0.2,800,0.9,0.11047,0.3577,1,0.1788,0.89417,0.18729
002880_lcam_front_lidar.ply,0.2,800,0.9,0.1149,0.35589,1,0.17735,0.88668,0.18696
002881_lcam_front_lidar.ply,0.2,800,0.9,0.10042,0.34803,1,0.17391,0.87409,0.20004
002882_lcam_front_lidar.ply,0.2,800,0.9,0.10153,0.3765,1,0.20244,0.88596,0.19801
002883_lcam_front_lidar.ply,0.2,800,0.9,0.11737,0.27096,1,0.00143,0.98773,0.00222
002884_lcam_front_lidar.ply,0.2,800,0.9,0.11948,0.27535,1,0.00466,0.99726,0.0028
002885_lcam_front_lidar.ply,0.2,800,0.9,0.10177,0.37052,1,0.20228,0.88612,0.20787
002886_lcam_front_lidar.ply,0.2,800,0.9,0.10254,0.36023,1,0.18669,0.87288,0.19872
002887_lcam_front_lidar.ply,0.2,800,0.9,0.11089,0.3567,1,0.18098,0.8736,0.19555
002888_lcam_front_lidar.ply,0.2,800,0.9,0.12137,0.36784,1,0.19293,0.87017,0.19231
002889_lcam_front_lidar.ply,0.2,800,0.9,0.11083,0.34749,1,0.17162,0.86795,0.19075
002890_lcam_front_lidar.ply,0.2,800,0.9,0.12863,0.34889,1,0.17577,0.86359,0.19326
002891_lcam_front_lidar.ply,0.2,800,0.9,0.12738,0.33801,1,0.16218,0.87244,0.19096
002892_lcam_front_lidar.ply,0.2,800,0.9,0.09582,0.34155,1,0.14395,0.86148,0.15071
002893_lcam_front_lidar.ply,0.2,800,0.9,0.13666,0.34405,1,0.14432,0.85095,0.1406
002894_lcam_front_lidar.ply,0.2,800,0.9,0.14833,0.35573,1,0.18058,0.86967,0.18868
002895_lcam_front_lidar.ply,0.2,800,0.9,0.09967,0.35582,1,0.17522,0.87071,0.18799
002896_lcam_front_lidar.ply,0.2,800,0.9,0.09364,0.27719,1,0.00369,0.99682,0.00112
002897_lcam_front_lidar.ply,0.2,800,0.9,0.09544,0.22578,1,0.00763,0.93177,0.11184
002898_lcam_front_lidar.ply,0.2,800,0.9,0.0973,0.22919,1,0.00828,0.92642,0.10475
002899_lcam_front_lidar.ply,0.2,800,0.9,0.09584,0.38102,1,0.21458,0.90185,0.21248
002900_lcam_front_lidar.ply,0.2,800,0.9,0.09888,0.27487,1,0.00288,0.98812,0.0017
002901_lcam_front_lidar.ply,0.2,800,0.9,0.10045,0.23128,1,0.0143,0.85996,0.11385
002902_lcam_front_lidar.ply,0.2,800,0.9,0.10395,0.22253,1,0.00454,0.90733,0.10916
002903_lcam_front_lidar.ply,0.2,800,0.9,0.1319,0.22534,1,0.03234,0.87357,0.15279
002904_lcam_front_lidar.ply,0.2,800,0.9,0.109,0.38069,1,0.21076,0.89393,0.20539
002905_lcam_front_lidar.ply,0.2,800,0.9,0.10177,0.22845,1,0.0079,0.93528,0.10545
002906_lcam_front_lidar.ply,0.2,800,0.9,0.093,0.2208,1,0.03029,0.87207,0.16517
002907_lcam_front_lidar.ply,0.2,800,0.9,0.10723,0.22792,1,0.03179,0.86047,0.15425
002908_lcam_front_lidar.ply,0.2,800,0.9,0.10558,0.21515,1,0.03754,0.86374,0.19312
002909_lcam_front_lidar.ply,0.2,800,0.9,0.1145,0.24345,1,0.03202,0.88029,0.12262
002910_lcam_front_lidar.ply,0.2,800,0.9,0.11832,0.23171,1,0.00444,0.93035,0.09128
002911_lcam_front_lidar.ply,0.2,800,0.9,0.10831,0.23757,1,0.04252,0.8758,0.1512
002912_lcam_front_lidar.ply,0.2,800,0.9,0.17626,0.24941,1,0.03649,0.89142,0.1052
002913_lcam_front_lidar.ply,0.2,800,0.9,0.11749,0.25681,1,0.04381,0.89656,0.12084
002914_lcam_front_lidar.ply,0.2,800,0.9,0.12341,0.33324,1,0.13696,0.88999,0.14908
002915_lcam_front_lidar.ply,0.2,800,0.9,0.11855,0.35704,1,0.18294,0.89941,0.19681
002916_lcam_front_lidar.ply,0.2,800,0.9,0.13411,0.34715,1,0.15185,0.87768,0.1486
002917_lcam_front_lidar.ply,0.2,800,0.9,0.11736,0.36308,1,0.19202,0.90444,0.20304
002918_lcam_front_lidar.ply,0.2,800,0.9,0.1338,0.33666,1,0.13705,0.87805,0.14134
002919_lcam_front_lidar.ply,0.15,800,0.9,0.11576,0.32997,1,0.12519,0.86985,0.13366
002920_lcam_front_lidar.ply,0.2,800,0.9,0.11789,0.34386,1,0.14966,0.87171,0.15604
002921_lcam_front_lidar.ply,0.15,800,0.9,0.13522,0.33412,1,0.13266,0.86185,0.13845
002922_lcam_front_lidar.ply,0.15,800,0.9,0.11323,0.34871,1,0.16281,0.90025,0.17416
002923_lcam_front_lidar.ply,0.15,800,0.9,0.11298,0.32953,1,0.12939,0.8588,0.14511
002924_lcam_front_lidar.ply,0.15,800,0.9,0.1143,0.3243,1,0.12591,0.85622,0.14874
002925_lcam_front_lidar.ply,0.15,800,0.9,0.10651,0.31174,1,0.12484,0.88942,0.1705
002926_lcam_front_lidar.ply,0.15,800,0.9,0.10661,0.31796,1,0.128,0.85732,0.16628
002927_lcam_front_lidar.ply,0.15,800,0.9,0.11136,0.30088,1,0.1199,0.92356,0.17786
002928_lcam_front_lidar.ply,0.15,800,0.9,0.09525,0.30273,1,0.11991,0.89574,0.17987
002929_lcam_front_lidar.ply,0.15,800,0.9,0.09908,0.31229,1,0.12971,0.8717,0.17839
002930_lcam_front_lidar.ply,0.15,800,0.9,0.12267,0.31599,1,0.11866,0.90568,0.14901
