frame_id,epsilon,min_support,normal_threshold,runtime,reward,steps_used,inlier_ratio,plane_normal,residual
000000_lcam_front_lidar.ply,0.25,200,0.8,0.2321,2.03133,1,0.02132,0.90906,0.10675
000001_lcam_front_lidar.ply,0.25,200,0.8,0.26941,2.06397,1,0.01723,0.94582,0.16011
000002_lcam_front_lidar.ply,0.25,200,0.8,0.28174,2.00057,1,0.005,0.97531,0.02172
000003_lcam_front_lidar.ply,0.25,200,0.8,0.22539,2.64128,1,0.08041,0.91861,0.28277
000004_lcam_front_lidar.ply,0.25,200,0.8,0.23722,1.98184,1,0.00957,0.94308,0.12471
000005_lcam_front_lidar.ply,0.25,200,0.8,0.20471,1.80148,1,0.00786,0.86146,0.21299
000006_lcam_front_lidar.ply,0.25,200,0.8,0.22186,1.9405,1,0.00667,0.9369,0.11691
000007_lcam_front_lidar.ply,0.25,200,0.8,0.2062,1.83422,1,0.00742,0.88002,0.11289
000008_lcam_front_lidar.ply,0.25,200,0.8,0.21798,6.26181,1,0.44049,0.92844,0.19948
000009_lcam_front_lidar.ply,0.25,200,0.8,0.22251,1.78139,1,0.00927,0.84436,0.16134
000010_lcam_front_lidar.ply,0.25,200,0.8,0.21992,1.9403,1,0.00097,0.96529,0.00167
000011_lcam_front_lidar.ply,0.25,200,0.8,0.20673,1.94237,1,0.01052,0.91861,0.16219
000012_lcam_front_lidar.ply,0.25,200,0.8,0.20562,2.1374,1,0.02964,0.92049,0.09978
000013_lcam_front_lidar.ply,0.25,200,0.8,0.21621,1.70059,1,0.0079,0.81081,0.19858
000014_lcam_front_lidar.ply,0.25,200,0.8,0.20616,1.81522,1,0.00987,0.85826,0.23421
000015_lcam_front_lidar.ply,0.25,200,0.8,0.20634,1.88649,1,0.00508,0.91783,0.09657
000016_lcam_front_lidar.ply,0.25,200,0.8,0.17444,3.0777,1,0.12386,0.91954,0.14147
000017_lcam_front_lidar.ply,0.25,200,0.8,0.20613,1.99978,1,0.00142,0.99277,0.00181
000018_lcam_front_lidar.ply,0.25,200,0.8,0.19298,1.75194,1,0.00185,0.86672,0.39983
000019_lcam_front_lidar.ply,0.25,200,0.8,0.20265,2.88117,1,0.10509,0.91511,0.14008
000020_lcam_front_lidar.ply,0.25,200,0.8,0.20597,2.79234,1,0.09647,0.9138,0.144
000021_lcam_front_lidar.ply,0.25,200,0.8,0.20688,1.78061,1,0.00151,0.88278,0.34882
000022_lcam_front_lidar.ply,0.25,200,0.8,0.20413,1.89038,1,0.00321,0.92913,0.21123
000023_lcam_front_lidar.ply,0.25,200,0.8,0.19804,2.64931,1,0.08271,0.91109,0.14582
000024_lcam_front_lidar.ply,0.25,200,0.8,0.19037,2.76075,1,0.09423,0.90924,0.14163
000025_lcam_front_lidar.ply,0.25,200,0.8,0.20181,1.8485,1,0.00241,0.91222,0.32647
000026_lcam_front_lidar.ply,0.25,200,0.8,0.19696,2.66092,1,0.08449,0.90803,0.1404
000027_lcam_front_lidar.ply,0.25,200,0.8,0.17626,2.64378,1,0.08268,0.90848,0.14314
000028_lcam_front_lidar.ply,0.25,200,0.8,0.2026,2.678,1,0.08633,0.90736,0.14783
000029_lcam_front_lidar.ply,0.25,200,0.8,0.21218,2.60334,1,0.07906,0.90637,0.14986
000030_lcam_front_lidar.ply,0.25,200,0.8,0.18759,2.00467,1,0.00742,0.96523,0.18946
000031_lcam_front_lidar.ply,0.25,200,0.8,0.17434,2.53719,1,0.07281,0.90454,0.15655
000032_lcam_front_lidar.ply,0.25,200,0.8,0.18038,2.5781,1,0.07666,0.90578,0.15211
000033_lcam_front_lidar.ply,0.25,200,0.8,0.19117,2.44899,1,0.06396,0.9047,0.1614
000034_lcam_front_lidar.ply,0.25,200,0.8,0.17514,1.85523,1,0.00387,0.90828,0.16462
000035_lcam_front_lidar.ply,0.25,200,0.8,0.18078,2.62607,1,0.08105,0.90778,0.17295
000036_lcam_front_lidar.ply,0.25,200,0.8,0.17256,2.32497,1,0.05083,0.90831,0.15683
000037_lcam_front_lidar.ply,0.25,200,0.8,0.18253,2.52852,1,0.07116,0.90847,0.18126
000038_lcam_front_lidar.ply,0.25,200,0.8,0.17478,2.37056,1,0.05602,0.90519,0.16681
000039_lcam_front_lidar.ply,0.25,200,0.8,0.19046,2.25563,1,0.04508,0.90243,0.21239
000040_lcam_front_lidar.ply,0.25,200,0.8,0.17482,2.3587,1,0.05457,0.90651,0.177
000041_lcam_front_lidar.ply,0.25,200,0.8,0.19185,2.23603,1,0.04365,0.89979,0.21735
000042_lcam_front_lidar.ply,0.25,200,0.8,0.22892,2.03198,1,0.00667,0.98265,0.03149
000043_lcam_front_lidar.ply,0.25,200,0.8,0.19048,2.03541,1,0.00677,0.98386,0.02693
000044_lcam_front_lidar.ply,0.25,200,0.8,0.23825,1.88758,1,0.00717,0.90796,0.1599
000045_lcam_front_lidar.ply,0.25,200,0.8,0.2463,2.02014,1,0.00593,0.98044,0.02417
000046_lcam_front_lidar.ply,0.25,200,0.8,0.21341,2.34703,1,0.04851,0.93095,0.24531
000047_lcam_front_lidar.ply,0.25,200,0.8,0.25463,2.20859,1,0.03648,0.92189,0.15153
000048_lcam_front_lidar.ply,0.25,200,0.8,0.22215,1.89941,1,0.0079,0.91019,0.14173
000049_lcam_front_lidar.ply,0.25,200,0.8,0.20675,1.9929,1,0.01225,0.9352,0.20421
000050_lcam_front_lidar.ply,0.25,200,0.8,0.27614,2.33776,1,0.04935,0.92214,0.16364
000051_lcam_front_lidar.ply,0.25,200,0.8,0.23705,1.98556,1,0.0125,0.93029,0.16837
000052_lcam_front_lidar.ply,0.25,200,0.8,0.23538,2.0529,1,0.00775,0.98772,0.03386
000053_lcam_front_lidar.ply,0.25,200,0.8,0.24072,2.04274,1,0.00672,0.98779,0.02403
000054_lcam_front_lidar.ply,0.25,200,0.8,0.23822,1.98725,1,0.00856,0.95082,0.07952
000055_lcam_front_lidar.ply,0.25,200,0.8,0.22617,2.23253,1,0.03751,0.92873,0.1509
000056_lcam_front_lidar.ply,0.25,200,0.8,0.23277,2.27428,1,0.04292,0.92256,0.14446
000057_lcam_front_lidar.ply,0.25,200,0.8,0.2542,2.00081,1,0.00432,0.97878,0.17061
000058_lcam_front_lidar.ply,0.25,200,0.8,0.23991,2.00384,1,0.00753,0.96429,0.07315
000059_lcam_front_lidar.ply,0.25,200,0.8,0.22752,2.3539,1,0.04801,0.93689,0.14608
000060_lcam_front_lidar.ply,0.25,200,0.8,0.23722,2.00669,1,0.00935,0.95658,0.05591
000061_lcam_front_lidar.ply,0.25,200,0.8,0.25149,1.73684,1,0.00595,0.83869,0.23064
000062_lcam_front_lidar.ply,0.25,200,0.8,0.25489,2.01078,1,0.01372,0.93679,0.26924
000063_lcam_front_lidar.ply,0.25,200,0.8,0.23845,2.32577,1,0.04481,0.93883,0.13574
000064_lcam_front_lidar.ply,0.25,200,0.8,0.23104,1.9598,1,0.00123,0.97377,0.00421
000065_lcam_front_lidar.ply,0.25,200,0.8,0.25555,2.30608,1,0.04197,0.94318,0.13857
000066_lcam_front_lidar.ply,0.25,200,0.8,0.24233,1.97913,1,0.00139,0.98261,0.0055
000067_lcam_front_lidar.ply,0.25,200,0.8,0.26981,1.94,1,0.00094,0.9653,0.0016
000068_lcam_front_lidar.ply,0.25,200,0.8,0.25362,1.95997,1,0.00125,0.97376,0.00364
000069_lcam_front_lidar.ply,0.25,200,0.8,0.33405,1.96133,1,0.00137,0.97383,0.00428
000070_lcam_front_lidar.ply,0.25,200,0.8,0.35863,1.9601,1,0.0013,0.97356,0.0038
000071_lcam_front_lidar.ply,0.25,200,0.8,0.42761,1.97725,1,0.00151,0.98106,0.00396
000072_lcam_front_lidar.ply,0.25,200,0.8,0.39779,1.98683,1,0.00112,0.98783,0.00259
000073_lcam_front_lidar.ply,0.25,200,0.8,0.33341,1.96227,1,0.00129,0.97469,0.00498
000074_lcam_front_lidar.ply,0.25,200,0.8,0.43586,1.97542,1,0.00221,0.97667,0.00873
000075_lcam_front_lidar.ply,0.25,200,0.8,0.39442,1.96495,1,0.00155,0.97473,0.00409
000076_lcam_front_lidar.ply,0.25,200,0.8,0.30746,2.0822,1,0.01851,0.94853,0.19302
000077_lcam_front_lidar.ply,0.25,200,0.8,0.27092,1.99932,1,0.00595,0.96992,0.15531
000078_lcam_front_lidar.ply,0.25,200,0.8,0.36594,1.96492,1,0.0015,0.97497,0.0037
000079_lcam_front_lidar.ply,0.25,200,0.8,0.39776,1.98805,1,0.00226,0.98274,0.00651
000080_lcam_front_lidar.ply,0.25,200,0.8,0.29238,1.96502,1,0.00156,0.9747,0.0045
000081_lcam_front_lidar.ply,0.25,200,0.8,0.32203,1.92833,1,0.01271,0.90059,0.15434
000082_lcam_front_lidar.ply,0.25,200,0.8,0.42897,1.9146,1,0.01263,0.89416,0.1504
000083_lcam_front_lidar.ply,0.25,200,0.8,0.42705,1.95857,1,0.01702,0.8942,0.16788
000084_lcam_front_lidar.ply,0.25,200,0.8,0.33411,1.99092,1,0.01729,0.90902,0.16849
000085_lcam_front_lidar.ply,0.25,200,0.8,0.37687,2.00408,1,0.01726,0.91576,0.16842
000086_lcam_front_lidar.ply,0.25,200,0.8,0.33687,1.9756,1,0.00115,0.98204,0.00221
000087_lcam_front_lidar.ply,0.25,200,0.8,0.36522,2.03527,1,0.02221,0.9066,0.16738
000088_lcam_front_lidar.ply,0.25,200,0.8,0.39033,1.83135,1,0.00846,0.87337,0.3146
000089_lcam_front_lidar.ply,0.25,200,0.8,0.42857,1.63434,1,0.00151,0.80964,0.31985
000090_lcam_front_lidar.ply,0.25,200,0.8,0.37507,1.98259,1,0.00073,0.98764,0.00192
000091_lcam_front_lidar.ply,0.25,200,0.8,0.3912,2.25248,1,0.0254,0.99926,0.25553
000092_lcam_front_lidar.ply,0.25,200,0.8,0.49182,1.97748,1,0.00142,0.98164,0.0036
000093_lcam_front_lidar.ply,0.25,200,0.8,0.47741,2.1455,1,0.03399,0.90282,0.28685
000094_lcam_front_lidar.ply,0.25,200,0.8,0.35694,1.96943,1,0.01327,0.91834,0.11692
000095_lcam_front_lidar.ply,0.25,200,0.8,0.57956,1.94674,1,0.00128,0.96696,0.00509
000096_lcam_front_lidar.ply,0.25,200,0.8,0.64158,1.71377,1,0.00167,0.84856,0.23434
000097_lcam_front_lidar.ply,0.25,200,0.8,0.55591,1.94554,1,0.00111,0.9672,0.00357
000098_lcam_front_lidar.ply,0.25,200,0.8,0.53938,1.98739,1,0.0011,0.98819,0.00189
000099_lcam_front_lidar.ply,0.25,200,0.8,0.55371,1.96094,1,0.00148,0.97306,0.00709
000100_lcam_front_lidar.ply,0.25,200,0.8,0.61781,1.96039,1,0.00112,0.97461,0.00365
000101_lcam_front_lidar.ply,0.25,200,0.8,0.6329,1.93786,1,0.00065,0.96568,0.0024
000102_lcam_front_lidar.ply,0.25,200,0.8,0.68295,1.98643,1,0.00117,0.98736,0.00179
000103_lcam_front_lidar.ply,0.25,200,0.8,0.59101,1.94291,1,0.00102,0.96634,0.00309
000104_lcam_front_lidar.ply,0.25,200,0.8,0.55651,5.70801,1,0.37372,0.98542,0.16339
000105_lcam_front_lidar.ply,0.25,200,0.8,0.58467,2.23586,1,0.02611,0.9874,0.09335
000106_lcam_front_lidar.ply,0.25,200,0.8,0.62205,1.95489,1,0.00059,0.97448,0.00075
000107_lcam_front_lidar.ply,0.25,200,0.8,0.65186,2.06402,1,0.00642,0.99989,0.00199
000108_lcam_front_lidar.ply,0.25,200,0.8,0.57068,5.07717,1,0.31023,0.98741,0.18223
000109_lcam_front_lidar.ply,0.25,200,0.8,0.63695,4.90196,1,0.29218,0.99007,0.20926
000110_lcam_front_lidar.ply,0.25,200,0.8,0.76249,4.90505,1,0.29237,0.99069,0.20942
000111_lcam_front_lidar.ply,0.25,200,0.8,0.59558,2.06779,1,0.00682,0.99981,0.0027
000112_lcam_front_lidar.ply,0.25,200,0.8,0.69918,3.01946,1,0.10276,0.99592,0.15342
000113_lcam_front_lidar.ply,0.25,200,0.8,0.64085,3.283,1,0.1286,0.99852,0.20642
000114_lcam_front_lidar.ply,0.25,200,0.8,0.53014,2.05933,1,0.00596,0.99988,0.00359
000115_lcam_front_lidar.ply,0.25,200,0.8,0.65083,2.03457,1,0.00377,0.99846,0.00222
000116_lcam_front_lidar.ply,0.25,200,0.8,0.60418,2.06193,1,0.00622,0.99988,0.00372
000117_lcam_front_lidar.ply,0.25,200,0.8,0.59195,2.06477,1,0.00674,0.9987,0.00747
000118_lcam_front_lidar.ply,0.25,200,0.8,0.64996,2.06542,1,0.00657,0.99987,0.0045
000119_lcam_front_lidar.ply,0.25,200,0.8,0.53212,2.05999,1,0.00605,0.99977,0.00263
000120_lcam_front_lidar.ply,0.25,200,0.8,0.57353,2.0079,1,0.00241,0.99188,0.28723
000121_lcam_front_lidar.ply,0.25,200,0.8,0.5232,2.06006,1,0.00605,0.99977,0.00268
000122_lcam_front_lidar.ply,0.25,200,0.8,0.55323,2.06318,1,0.00635,0.99982,0.00359
000123_lcam_front_lidar.ply,0.25,200,0.8,0.55643,2.0435,1,0.00439,0.99981,0.00077
000124_lcam_front_lidar.ply,0.25,200,0.8,0.51112,2.07602,1,0.00762,0.99989,0.00486
000125_lcam_front_lidar.ply,0.25,200,0.8,0.55674,2.04504,1,0.00454,0.99981,0.00084
000126_lcam_front_lidar.ply,0.25,200,0.8,0.49292,2.06617,1,0.00666,0.9998,0.00307
000127_lcam_front_lidar.ply,0.25,200,0.8,0.48742,2.08134,1,0.00818,0.99976,0.00452
000128_lcam_front_lidar.ply,0.25,200,0.8,0.45981,2.06526,1,0.00657,0.9998,0.00294
000129_lcam_front_lidar.ply,0.25,200,0.8,0.433,2.07197,1,0.00724,0.99979,0.00426
000130_lcam_front_lidar.ply,0.25,200,0.8,0.45339,2.07237,1,0.00728,0.99979,0.0044
000131_lcam_front_lidar.ply,0.25,200,0.8,0.45468,2.06594,1,0.00664,0.99978,0.00323
000132_lcam_front_lidar.ply,0.25,200,0.8,0.58702,1.96906,1,0.00313,0.96888,0.23122
000133_lcam_front_lidar.ply,0.25,200,0.8,0.57283,2.07481,1,0.00758,0.99951,0.00503
000134_lcam_front_lidar.ply,0.25,200,0.8,0.57084,2.06983,1,0.00703,0.99975,0.00358
000135_lcam_front_lidar.ply,0.25,200,0.8,0.64921,2.06044,1,0.00609,0.99979,0.00362
000136_lcam_front_lidar.ply,0.25,200,0.8,0.60081,2.06856,1,0.00691,0.99975,0.00346
000137_lcam_front_lidar.ply,0.25,200,0.8,0.51635,2.06934,1,0.00698,0.99975,0.00353
000138_lcam_front_lidar.ply,0.25,200,0.8,0.56079,2.06361,1,0.00641,0.99977,0.00394
000139_lcam_front_lidar.ply,0.25,200,0.8,0.55742,2.06996,1,0.00705,0.99972,0.00371
000140_lcam_front_lidar.ply,0.25,200,0.8,0.58875,1.97704,1,0.00146,0.98122,0.00326
000141_lcam_front_lidar.ply,0.25,200,0.8,0.38201,2.08561,1,0.00861,0.99974,0.00866
000142_lcam_front_lidar.ply,0.25,200,0.8,0.48972,2.08717,1,0.00876,0.99976,0.00814
000143_lcam_front_lidar.ply,0.25,200,0.8,0.46674,2.08813,1,0.00885,0.99979,0.00769
000144_lcam_front_lidar.ply,0.25,200,0.8,0.47489,2.11219,1,0.01125,0.99984,0.01205
000145_lcam_front_lidar.ply,0.25,200,0.8,0.58288,2.08633,1,0.00867,0.99982,0.00738
000146_lcam_front_lidar.ply,0.25,200,0.8,0.47653,2.04301,1,0.00433,0.99988,0.00114
000147_lcam_front_lidar.ply,0.25,200,0.8,0.45723,2.05432,1,0.00545,0.99988,0.00149
000148_lcam_front_lidar.ply,0.25,200,0.8,0.4059,2.06869,1,0.0069,0.99986,0.00427
000149_lcam_front_lidar.ply,0.25,200,0.8,0.5807,2.07057,1,0.00708,0.99988,0.00433
000150_lcam_front_lidar.ply,0.25,200,0.8,0.47559,2.06809,1,0.00683,0.99988,0.00419
000151_lcam_front_lidar.ply,0.25,200,0.8,0.57597,2.06644,1,0.00667,0.99987,0.00407
000152_lcam_front_lidar.ply,0.25,200,0.8,0.57302,2.06817,1,0.00684,0.99987,0.00403
000153_lcam_front_lidar.ply,0.25,200,0.8,0.47733,2.07116,1,0.00715,0.99983,0.00477
000154_lcam_front_lidar.ply,0.25,200,0.8,0.50878,2.0533,1,0.0055,0.99916,0.00772
000155_lcam_front_lidar.ply,0.25,200,0.8,0.51184,2.02698,1,0.00273,0.99983,0.00109
000156_lcam_front_lidar.ply,0.25,200,0.8,0.51107,2.05632,1,0.00565,0.9999,0.00152
000157_lcam_front_lidar.ply,0.25,200,0.8,0.49727,2.0649,1,0.0068,0.99844,0.01754
000158_lcam_front_lidar.ply,0.25,200,0.8,0.58256,2.0524,1,0.00542,0.99911,0.00604
000159_lcam_front_lidar.ply,0.25,200,0.8,0.55283,2.05151,1,0.00533,0.99911,0.00556
000160_lcam_front_lidar.ply,0.25,200,0.8,0.49052,2.05004,1,0.00519,0.99907,0.00537
000161_lcam_front_lidar.ply,0.25,200,0.8,0.61182,2.07394,1,0.00762,0.99887,0.02127
000162_lcam_front_lidar.ply,0.25,200,0.8,0.46596,2.07402,1,0.00765,0.99878,0.01859
000163_lcam_front_lidar.ply,0.25,200,0.8,0.63553,2.06169,1,0.0065,0.99835,0.0138
000164_lcam_front_lidar.ply,0.25,200,0.8,0.57313,2.06162,1,0.00649,0.99838,0.01319
000165_lcam_front_lidar.ply,0.25,200,0.8,0.66673,2.06886,1,0.00715,0.99871,0.01671
000166_lcam_front_lidar.ply,0.25,200,0.8,0.59788,2.06434,1,0.0067,0.99866,0.01472
000167_lcam_front_lidar.ply,0.25,200,0.8,0.54188,2.06078,1,0.00635,0.99863,0.01304
000168_lcam_front_lidar.ply,0.25,200,0.8,0.70251,2.06243,1,0.00627,0.99989,0.00627
000169_lcam_front_lidar.ply,0.25,200,0.8,0.44753,2.05643,1,0.00569,0.99978,0.0015
000170_lcam_front_lidar.ply,0.25,200,0.8,0.61191,2.04624,1,0.00466,0.99981,0.00155
000171_lcam_front_lidar.ply,0.25,200,0.8,0.48367,2.04712,1,0.00475,0.9998,0.00163
000172_lcam_front_lidar.ply,0.25,200,0.8,0.46768,2.05747,1,0.00579,0.99978,0.00252
000173_lcam_front_lidar.ply,0.25,200,0.8,0.54082,2.03609,1,0.00387,0.99868,0.00483
000174_lcam_front_lidar.ply,0.25,200,0.8,0.50273,2.06456,1,0.0065,0.99976,0.00294
000175_lcam_front_lidar.ply,0.25,200,0.8,0.42317,2.06558,1,0.00661,0.99974,0.00325
000176_lcam_front_lidar.ply,0.25,200,0.8,0.4611,2.0281,1,0.00284,0.99986,0.00081
000177_lcam_front_lidar.ply,0.25,200,0.8,0.47643,2.05004,1,0.00505,0.99978,0.00118
000178_lcam_front_lidar.ply,0.25,200,0.8,0.45466,2.0545,1,0.00573,0.99858,0.01593
000179_lcam_front_lidar.ply,0.25,200,0.8,0.44309,2.05804,1,0.00605,0.99875,0.01706
000180_lcam_front_lidar.ply,0.25,200,0.8,0.42041,2.06166,1,0.00642,0.99872,0.01841
000181_lcam_front_lidar.ply,0.25,200,0.8,0.40365,2.01434,1,0.00226,0.99589,0.00239
000182_lcam_front_lidar.ply,0.25,200,0.8,0.35807,2.1271,1,0.01835,0.97181,0.20011
000183_lcam_front_lidar.ply,0.25,200,0.8,0.45308,2.04941,1,0.00496,0.99989,0.00373
000184_lcam_front_lidar.ply,0.25,200,0.8,0.40337,2.04794,1,0.00482,0.99988,0.00361
000185_lcam_front_lidar.ply,0.25,200,0.8,0.33358,2.04421,1,0.00477,0.99827,0.00493
000186_lcam_front_lidar.ply,0.25,200,0.8,0.43578,2.04419,1,0.00613,0.99145,0.03464
000187_lcam_front_lidar.ply,0.25,200,0.8,0.37262,2.04174,1,0.00457,0.99801,0.00354
000188_lcam_front_lidar.ply,0.25,200,0.8,0.33183,2.05983,1,0.006,0.99992,0.00431
000189_lcam_front_lidar.ply,0.25,200,0.8,0.379,2.0624,1,0.00626,0.99992,0.00454
000190_lcam_front_lidar.ply,0.25,200,0.8,0.35909,2.10559,1,0.01432,0.98121,0.28607
000191_lcam_front_lidar.ply,0.25,200,0.8,0.34939,2.08788,1,0.0098,0.99494,0.19904
000192_lcam_front_lidar.ply,0.25,200,0.8,0.40592,2.12748,1,0.02002,0.96363,0.14115
000193_lcam_front_lidar.ply,0.25,200,0.8,0.44004,1.88926,1,0.01175,0.88588,0.18103
000194_lcam_front_lidar.ply,0.25,200,0.8,0.35177,2.08985,1,0.01586,0.96564,0.14037
000195_lcam_front_lidar.ply,0.25,200,0.8,0.33403,1.82156,1,0.00997,0.86095,0.15818
000196_lcam_front_lidar.ply,0.25,200,0.8,0.31777,2.05995,1,0.01427,0.95862,0.11563
000197_lcam_front_lidar.ply,0.25,200,0.8,0.31621,2.07439,1,0.01486,0.9629,0.13098
000198_lcam_front_lidar.ply,0.25,200,0.8,0.29068,2.05548,1,0.01451,0.9552,0.10407
000199_lcam_front_lidar.ply,0.25,200,0.8,0.3964,2.07033,1,0.0302,0.88418,0.1651
000200_lcam_front_lidar.ply,0.25,200,0.8,0.3606,2.00686,1,0.00302,0.98832,0.00845
000201_lcam_front_lidar.ply,0.25,200,0.8,0.43,1.96816,1,0.00342,0.96697,0.16938
000202_lcam_front_lidar.ply,0.25,200,0.8,0.38926,2.00994,1,0.00347,0.98763,0.00798
000203_lcam_front_lidar.ply,0.25,200,0.8,0.41177,2.01086,1,0.00269,0.992,0.00743
000204_lcam_front_lidar.ply,0.25,200,0.8,0.38535,2.05858,1,0.00662,0.99617,0.02127
000205_lcam_front_lidar.ply,0.25,200,0.8,0.40764,2.01569,1,0.00686,0.97352,0.08299
000206_lcam_front_lidar.ply,0.25,200,0.8,0.38651,2.17608,1,0.0192,0.99205,0.09431
000207_lcam_front_lidar.ply,0.25,200,0.8,0.36647,2.06998,1,0.01401,0.96495,0.12826
000208_lcam_front_lidar.ply,0.25,200,0.8,0.3534,2.043,1,0.01125,0.96527,0.13538
000209_lcam_front_lidar.ply,0.25,200,0.8,0.48762,1.82715,1,0.0044,0.89157,0.14606
000210_lcam_front_lidar.ply,0.25,200,0.8,0.39641,2.05436,1,0.00636,0.99538,0.10046
000211_lcam_front_lidar.ply,0.25,200,0.8,0.42955,2.09562,1,0.01469,0.97437,0.1691
000212_lcam_front_lidar.ply,0.25,200,0.8,0.39782,2.03358,1,0.00575,0.98803,0.03195
000213_lcam_front_lidar.ply,0.25,200,0.8,0.4133,2.122,1,0.01403,0.99083,0.06856
000214_lcam_front_lidar.ply,0.25,200,0.8,0.51348,2.13427,1,0.01591,0.98758,0.10162
000215_lcam_front_lidar.ply,0.25,200,0.8,0.45783,2.14064,1,0.0166,0.98734,0.10995
000216_lcam_front_lidar.ply,0.25,200,0.8,0.39777,2.12666,1,0.01451,0.99079,0.08905
000217_lcam_front_lidar.ply,0.25,200,0.8,0.53026,2.04515,1,0.00601,0.99253,0.02772
000218_lcam_front_lidar.ply,0.25,200,0.8,0.44581,2.14043,1,0.01677,0.98637,0.11668
000219_lcam_front_lidar.ply,0.25,200,0.8,0.60875,2.04954,1,0.00623,0.99362,0.02301
000220_lcam_front_lidar.ply,0.25,200,0.8,0.73513,2.04834,1,0.00907,0.97882,0.09795
000221_lcam_front_lidar.ply,0.25,200,0.8,1.09094,2.0432,1,0.00434,0.9999,0.00155
000222_lcam_front_lidar.ply,0.25,200,0.8,0.81826,2.01969,1,0.00864,0.96662,0.08998
000223_lcam_front_lidar.ply,0.25,200,0.8,0.7222,2.12283,1,0.01409,0.99094,0.12945
000224_lcam_front_lidar.ply,0.25,200,0.8,0.70592,2.10357,1,0.02547,0.92444,0.19497
000225_lcam_front_lidar.ply,0.25,200,0.8,0.73827,2.03929,1,0.00517,0.99378,0.01197
000226_lcam_front_lidar.ply,0.25,200,0.8,0.75083,2.408,1,0.05822,0.91291,0.21883
000227_lcam_front_lidar.ply,0.25,200,0.8,0.5916,2.06207,1,0.00785,0.9918,0.05134
000228_lcam_front_lidar.ply,0.25,200,0.8,0.59283,1.80089,1,0.00137,0.89358,0.36223
000229_lcam_front_lidar.ply,0.25,200,0.8,0.60783,2.23447,1,0.04096,0.91241,0.17556
000230_lcam_front_lidar.ply,0.25,200,0.8,0.75019,2.20041,1,0.03841,0.90814,0.177
000231_lcam_front_lidar.ply,0.25,200,0.8,0.97222,2.03191,1,0.00465,0.9927,0.01516
000232_lcam_front_lidar.ply,0.25,200,0.8,0.79997,1.97838,1,0.00032,0.98761,0.00037
000233_lcam_front_lidar.ply,0.25,200,0.8,0.8738,1.98725,1,0.00696,0.95883,0.1417
000234_lcam_front_lidar.ply,0.25,200,0.8,0.6772,1.93968,1,0.00111,0.96428,0.00246
000235_lcam_front_lidar.ply,0.25,200,0.8,0.52567,2.53687,1,0.07487,0.89409,0.1933
000236_lcam_front_lidar.ply,0.25,200,0.8,0.58764,2.49737,1,0.07167,0.89035,0.18506
000237_lcam_front_lidar.ply,0.25,200,0.8,1.01822,2.041,1,0.00518,0.99461,0.00846
000238_lcam_front_lidar.ply,0.25,200,0.8,0.83104,2.0582,1,0.00595,0.99933,0.01486
000239_lcam_front_lidar.ply,0.25,200,0.8,0.63363,2.06366,1,0.00654,0.99915,0.02683
000240_lcam_front_lidar.ply,0.25,200,0.8,0.48797,2.06347,1,0.00651,0.9992,0.02616
000241_lcam_front_lidar.ply,0.25,200,0.8,0.6366,2.0568,1,0.00581,0.99934,0.01325
000242_lcam_front_lidar.ply,0.25,200,0.8,0.56308,2.0622,1,0.00639,0.99917,0.02569
000243_lcam_front_lidar.ply,0.25,200,0.8,0.49303,1.99512,1,0.00094,0.99286,0.00223
000244_lcam_front_lidar.ply,0.25,200,0.8,0.44276,2.05277,1,0.0054,0.99936,0.012
000245_lcam_front_lidar.ply,0.25,200,0.8,0.47475,1.99213,1,0.00069,0.99262,0.00032
000246_lcam_front_lidar.ply,0.25,200,0.8,0.46594,2.06222,1,0.00735,0.99438,0.01449
000247_lcam_front_lidar.ply,0.25,200,0.8,0.43064,2.07185,1,0.00837,0.99409,0.02947
000248_lcam_front_lidar.ply,0.25,200,0.8,0.46188,2.01892,1,0.00218,0.99856,0.18507
000249_lcam_front_lidar.ply,0.25,200,0.8,0.46003,2.07076,1,0.00829,0.99394,0.02993
000250_lcam_front_lidar.ply,0.25,200,0.8,0.57008,2.07061,1,0.00822,0.99419,0.02732
000251_lcam_front_lidar.ply,0.25,200,0.8,0.42681,2.34228,1,0.05655,0.88839,0.17473
000252_lcam_front_lidar.ply,0.25,200,0.8,0.43201,2.06797,1,0.00801,0.99392,0.02682
000253_lcam_front_lidar.ply,0.25,200,0.8,0.39242,2.11862,1,0.02794,0.9196,0.14422
000254_lcam_front_lidar.ply,0.25,200,0.8,0.39624,2.06365,1,0.00745,0.99457,0.01386
000255_lcam_front_lidar.ply,0.25,200,0.8,0.46325,2.06506,1,0.00764,0.99432,0.01867
000256_lcam_front_lidar.ply,0.25,200,0.8,0.3663,2.05271,1,0.00672,0.99276,0.02623
000257_lcam_front_lidar.ply,0.25,200,0.8,0.44525,2.06532,1,0.00785,0.9934,0.0454
000258_lcam_front_lidar.ply,0.25,200,0.8,0.35874,2.06468,1,0.00781,0.99328,0.04611
000259_lcam_front_lidar.ply,0.25,200,0.8,0.4263,2.02386,1,0.00458,0.98903,0.02477
000260_lcam_front_lidar.ply,0.25,200,0.8,0.46009,2.05831,1,0.00695,0.99438,0.01326
000261_lcam_front_lidar.ply,0.25,200,0.8,0.42878,2.05653,1,0.00681,0.9942,0.01311
000262_lcam_front_lidar.ply,0.25,200,0.8,0.50613,2.033,1,0.00557,0.98864,0.04001
000263_lcam_front_lidar.ply,0.25,200,0.8,0.5084,2.05606,1,0.00677,0.99418,0.01342
000264_lcam_front_lidar.ply,0.25,200,0.8,0.53657,2.05961,1,0.00925,0.98357,0.10347
000265_lcam_front_lidar.ply,0.25,200,0.8,0.51312,2.0365,1,0.00569,0.98979,0.03856
000266_lcam_front_lidar.ply,0.25,200,0.8,0.40936,2.06745,1,0.0079,0.99424,0.04118
000267_lcam_front_lidar.ply,0.25,200,0.8,0.47827,2.06691,1,0.00784,0.99425,0.03992
000268_lcam_front_lidar.ply,0.25,200,0.8,0.52464,2.06649,1,0.00783,0.99407,0.04042
000269_lcam_front_lidar.ply,0.25,200,0.8,0.52529,2.06542,1,0.0077,0.99423,0.0392
000270_lcam_front_lidar.ply,0.25,200,0.8,0.44523,2.0674,1,0.00788,0.99428,0.04318
000271_lcam_front_lidar.ply,0.25,200,0.8,0.4658,2.06655,1,0.00782,0.99419,0.04218
000272_lcam_front_lidar.ply,0.25,200,0.8,0.46498,2.06471,1,0.00767,0.99403,0.04219
000273_lcam_front_lidar.ply,0.25,200,0.8,0.53822,2.06008,1,0.00732,0.99342,0.03432
000274_lcam_front_lidar.ply,0.25,200,0.8,0.60908,2.06653,1,0.00783,0.99413,0.04358
000275_lcam_front_lidar.ply,0.25,200,0.8,0.42895,2.06499,1,0.00765,0.99426,0.04062
000276_lcam_front_lidar.ply,0.25,200,0.8,0.48869,2.0639,1,0.00758,0.99405,0.03988
000277_lcam_front_lidar.ply,0.25,200,0.8,0.60411,2.06119,1,0.01457,0.95773,0.15087
000278_lcam_front_lidar.ply,0.25,200,0.8,0.54021,2.06347,1,0.00754,0.99405,0.0409
000279_lcam_front_lidar.ply,0.25,200,0.8,0.46061,2.06471,1,0.00774,0.99365,0.04487
000280_lcam_front_lidar.ply,0.25,200,0.8,0.47649,2.06006,1,0.00726,0.99373,0.03314
000281_lcam_front_lidar.ply,0.25,200,0.8,0.51959,2.05973,1,0.00724,0.99366,0.03245
000282_lcam_front_lidar.ply,0.25,200,0.8,0.41757,2.03641,1,0.00584,0.98898,0.04154
000283_lcam_front_lidar.ply,0.25,200,0.8,0.47328,2.05944,1,0.0072,0.99371,0.03199
000284_lcam_front_lidar.ply,0.25,200,0.8,0.59201,2.05718,1,0.00702,0.9935,0.03024
000285_lcam_front_lidar.ply,0.25,200,0.8,0.52838,2.05896,1,0.0072,0.99349,0.03396
000286_lcam_front_lidar.ply,0.25,200,0.8,0.54165,2.06147,1,0.00762,0.99264,0.04828
000287_lcam_front_lidar.ply,0.25,200,0.8,0.49227,2.05817,1,0.00719,0.99315,0.03369
000288_lcam_front_lidar.ply,0.25,200,0.8,0.52097,2.05941,1,0.00719,0.99378,0.03045
000289_lcam_front_lidar.ply,0.25,200,0.8,0.58355,2.06214,1,0.0076,0.99308,0.04572
000290_lcam_front_lidar.ply,0.25,200,0.8,0.5543,2.05728,1,0.00704,0.99345,0.03287
000291_lcam_front_lidar.ply,0.25,200,0.8,0.55128,2.05874,1,0.00718,0.99345,0.03234
000292_lcam_front_lidar.ply,0.25,200,0.8,0.5673,2.05664,1,0.00716,0.99254,0.03599
000293_lcam_front_lidar.ply,0.25,200,0.8,0.50968,2.0584,1,0.00715,0.99345,0.03074
000294_lcam_front_lidar.ply,0.25,200,0.8,0.53929,2.0584,1,0.00717,0.99336,0.03178
000295_lcam_front_lidar.ply,0.25,200,0.8,0.46551,2.05795,1,0.0071,0.99346,0.0302
000296_lcam_front_lidar.ply,0.25,200,0.8,0.42938,2.05811,1,0.00712,0.99345,0.03052
000297_lcam_front_lidar.ply,0.25,200,0.8,0.54958,2.058,1,0.00708,0.9936,0.02965
000298_lcam_front_lidar.ply,0.25,200,0.8,0.49483,2.05721,1,0.00701,0.99356,0.02996
000299_lcam_front_lidar.ply,0.25,200,0.8,0.42725,2.38278,1,0.06142,0.8843,0.15882
000300_lcam_front_lidar.ply,0.25,200,0.8,0.4312,2.05854,1,0.00705,0.994,0.02935
000301_lcam_front_lidar.ply,0.25,200,0.8,0.46156,2.05945,1,0.0071,0.99423,0.03001
000302_lcam_front_lidar.ply,0.25,200,0.8,0.46003,2.0592,1,0.00708,0.9942,0.03097
000303_lcam_front_lidar.ply,0.25,200,0.8,0.54208,2.05905,1,0.00707,0.99417,0.02987
000304_lcam_front_lidar.ply,0.25,200,0.8,0.54063,2.05771,1,0.007,0.99385,0.03245
000305_lcam_front_lidar.ply,0.25,200,0.8,0.54036,2.05702,1,0.00689,0.99406,0.03137
000306_lcam_front_lidar.ply,0.25,200,0.8,0.51725,2.05793,1,0.00692,0.99434,0.03099
000307_lcam_front_lidar.ply,0.25,200,0.8,0.41276,2.0578,1,0.00688,0.99451,0.033
000308_lcam_front_lidar.ply,0.25,200,0.8,0.4852,2.05869,1,0.00696,0.99454,0.03414
000309_lcam_front_lidar.ply,0.25,200,0.8,0.47642,2.05811,1,0.00694,0.99438,0.03568
000310_lcam_front_lidar.ply,0.25,200,0.8,0.57342,2.05944,1,0.00707,0.99435,0.0364
000311_lcam_front_lidar.ply,0.25,200,0.8,0.46752,2.0617,1,0.00724,0.99465,0.03796
000312_lcam_front_lidar.ply,0.25,200,0.8,0.41232,2.06032,1,0.00721,0.99412,0.03968
000313_lcam_front_lidar.ply,0.25,200,0.8,0.42341,2.06133,1,0.0073,0.99417,0.04089
000314_lcam_front_lidar.ply,0.25,200,0.8,0.42834,2.06016,1,0.00747,0.99271,0.04976
000315_lcam_front_lidar.ply,0.25,200,0.8,0.50917,2.06101,1,0.0074,0.99348,0.04618
000316_lcam_front_lidar.ply,0.25,200,0.8,0.52328,2.05729,1,0.00745,0.99141,0.05402
000317_lcam_front_lidar.ply,0.25,200,0.8,0.40906,2.04733,1,0.00812,0.98307,0.07245
000318_lcam_front_lidar.ply,0.25,200,0.8,0.55159,2.05073,1,0.00858,0.98244,0.07994
000319_lcam_front_lidar.ply,0.25,200,0.8,0.41359,2.04935,1,0.00858,0.98179,0.07984
000320_lcam_front_lidar.ply,0.25,200,0.8,0.46088,2.05038,1,0.00856,0.98241,0.08078
000321_lcam_front_lidar.ply,0.25,200,0.8,0.60253,2.04743,1,0.0085,0.9812,0.0788
000322_lcam_front_lidar.ply,0.25,200,0.8,0.44249,2.09496,1,0.01061,0.99444,0.09409
000323_lcam_front_lidar.ply,0.25,200,0.8,0.56772,2.04504,1,0.0084,0.98053,0.07815
000324_lcam_front_lidar.ply,0.25,200,0.8,0.5259,2.09764,1,0.01054,0.99612,0.07536
000325_lcam_front_lidar.ply,0.25,200,0.8,0.49512,2.26422,1,0.0483,0.89061,0.16374
000326_lcam_front_lidar.ply,0.25,200,0.8,0.42723,2.03391,1,0.00602,0.98685,0.05763
000327_lcam_front_lidar.ply,0.25,200,0.8,0.46065,2.0214,1,0.00502,0.98558,0.02725
000328_lcam_front_lidar.ply,0.25,200,0.8,0.42872,2.02101,1,0.00511,0.98495,0.03319
000329_lcam_front_lidar.ply,0.25,200,0.8,0.42221,2.02023,1,0.00507,0.98477,0.03333
000330_lcam_front_lidar.ply,0.25,200,0.8,0.38144,2.02328,1,0.00536,0.98481,0.03788
000331_lcam_front_lidar.ply,0.25,200,0.8,0.36659,2.02353,1,0.0054,0.98478,0.03855
000332_lcam_front_lidar.ply,0.25,200,0.8,0.41017,2.01891,1,0.02689,0.87499,0.16634
000333_lcam_front_lidar.ply,0.25,200,0.8,0.46061,2.01991,1,0.02526,0.88363,0.15603
000334_lcam_front_lidar.ply,0.25,200,0.8,0.46223,2.207,1,0.04428,0.88209,0.16643
000335_lcam_front_lidar.ply,0.25,200,0.8,0.40029,1.9896,1,0.00297,0.97995,0.01002
000336_lcam_front_lidar.ply,0.25,200,0.8,0.48518,2.03192,1,0.00445,0.99369,0.00692
000337_lcam_front_lidar.ply,0.25,200,0.8,0.46086,2.03808,1,0.00625,0.98777,0.04282
000338_lcam_front_lidar.ply,0.25,200,0.8,0.4765,2.03338,1,0.00602,0.98659,0.04534
000339_lcam_front_lidar.ply,0.25,200,0.8,0.42971,2.03218,1,0.00595,0.98633,0.04436
000340_lcam_front_lidar.ply,0.25,200,0.8,0.45348,2.03179,1,0.00594,0.98621,0.04505
000341_lcam_front_lidar.ply,0.25,200,0.8,0.41931,2.03839,1,0.00621,0.98812,0.04481
000342_lcam_front_lidar.ply,0.25,200,0.8,0.42316,2.03083,1,0.00435,0.99365,0.00645
000343_lcam_front_lidar.ply,0.25,200,0.8,0.44447,2.04026,1,0.00629,0.98867,0.04628
000344_lcam_front_lidar.ply,0.25,200,0.8,0.40194,2.04161,1,0.00636,0.98899,0.04516
000345_lcam_front_lidar.ply,0.25,200,0.8,0.40924,2.04241,1,0.00637,0.98938,0.04349
000346_lcam_front_lidar.ply,0.25,200,0.8,0.43148,2.04231,1,0.00633,0.9895,0.04273
000347_lcam_front_lidar.ply,0.25,200,0.8,0.39769,2.04205,1,0.00631,0.98948,0.04223
000348_lcam_front_lidar.ply,0.25,200,0.8,0.46089,2.04046,1,0.00628,0.98881,0.04363
000349_lcam_front_lidar.ply,0.25,200,0.8,0.4272,2.04103,1,0.00627,0.98918,0.04395
000350_lcam_front_lidar.ply,0.25,200,0.8,0.4081,2.04001,1,0.0062,0.989,0.04107
000351_lcam_front_lidar.ply,0.25,200,0.8,0.41491,2.04153,1,0.00622,0.98966,0.04169
000352_lcam_front_lidar.ply,0.25,200,0.8,0.42975,2.04078,1,0.00627,0.98903,0.04392
000353_lcam_front_lidar.ply,0.25,200,0.8,0.41424,2.04034,1,0.00625,0.98892,0.04107
000354_lcam_front_lidar.ply,0.25,200,0.8,0.39208,2.03945,1,0.00612,0.98911,0.04277
000355_lcam_front_lidar.ply,0.25,200,0.8,0.39387,2.04093,1,0.00623,0.98931,0.04163
000356_lcam_front_lidar.ply,0.25,200,0.8,0.41356,2.04058,1,0.00621,0.98926,0.04121
000357_lcam_front_lidar.ply,0.25,200,0.8,0.43225,2.04026,1,0.00615,0.98936,0.04137
000358_lcam_front_lidar.ply,0.25,200,0.8,0.42804,2.04054,1,0.00619,0.9893,0.04157
000359_lcam_front_lidar.ply,0.25,200,0.8,0.46167,2.03977,1,0.00616,0.98908,0.04116
000360_lcam_front_lidar.ply,0.25,200,0.8,0.42405,2.00731,1,0.00442,0.98154,0.02884
000361_lcam_front_lidar.ply,0.25,200,0.8,0.45817,1.9838,1,0.01537,0.91505,0.1186
000362_lcam_front_lidar.ply,0.25,200,0.8,0.47031,2.03516,1,0.00613,0.98694,0.04734
000363_lcam_front_lidar.ply,0.25,200,0.8,0.49282,2.03734,1,0.00615,0.9879,0.04301
000364_lcam_front_lidar.ply,0.25,200,0.8,0.4923,2.03706,1,0.00611,0.988,0.04232
000365_lcam_front_lidar.ply,0.25,200,0.8,0.4564,2.05084,1,0.00829,0.98398,0.07327
000366_lcam_front_lidar.ply,0.25,200,0.8,0.48828,2.05028,1,0.00815,0.98437,0.07128
000367_lcam_front_lidar.ply,0.25,200,0.8,0.47526,2.03014,1,0.0056,0.98705,0.03436
000368_lcam_front_lidar.ply,0.25,200,0.8,0.46263,2.09856,1,0.03285,0.88501,0.14874
000369_lcam_front_lidar.ply,0.25,200,0.8,0.46097,2.0191,1,0.005,0.98457,0.03288
000370_lcam_front_lidar.ply,0.25,200,0.8,0.51595,2.03314,1,0.00551,0.989,0.04004
000371_lcam_front_lidar.ply,0.25,200,0.8,0.49141,2.04235,1,0.00644,0.98898,0.04512
000372_lcam_front_lidar.ply,0.25,200,0.8,0.56152,2.03342,1,0.00453,0.99403,0.0132
000373_lcam_front_lidar.ply,0.25,200,0.8,0.50422,2.03146,1,0.00546,0.98845,0.04099
000374_lcam_front_lidar.ply,0.25,200,0.8,0.51701,2.06236,1,0.01041,0.97912,0.13172
000375_lcam_front_lidar.ply,0.25,200,0.8,0.547,2.02962,1,0.00532,0.98821,0.03202
000376_lcam_front_lidar.ply,0.25,200,0.8,0.45983,2.06058,1,0.00995,0.98055,0.11869
000377_lcam_front_lidar.ply,0.25,200,0.8,0.58763,2.03984,1,0.00887,0.97555,0.09475
000378_lcam_front_lidar.ply,0.25,200,0.8,0.47963,1.96937,1,0.02477,0.86083,0.18082
000379_lcam_front_lidar.ply,0.25,200,0.8,0.48495,2.0391,1,0.00597,0.98968,0.02895
000380_lcam_front_lidar.ply,0.25,200,0.8,0.46485,2.03715,1,0.00576,0.98975,0.02686
000381_lcam_front_lidar.ply,0.25,200,0.8,0.44607,2.03537,1,0.00543,0.99056,0.02445
000382_lcam_front_lidar.ply,0.25,200,0.8,0.47859,2.03356,1,0.00587,0.98743,0.02772
000383_lcam_front_lidar.ply,0.25,200,0.8,0.41582,2.04076,1,0.0063,0.98887,0.03444
000384_lcam_front_lidar.ply,0.25,200,0.8,0.43097,2.04387,1,0.00657,0.98907,0.03938
000385_lcam_front_lidar.ply,0.25,200,0.8,0.48603,2.0465,1,0.00669,0.98978,0.04185
000386_lcam_front_lidar.ply,0.25,200,0.8,0.51572,2.02621,1,0.01791,0.92357,0.13915
000387_lcam_front_lidar.ply,0.25,200,0.8,0.51229,2.09522,1,0.01037,0.99578,0.22528
000388_lcam_front_lidar.ply,0.25,200,0.8,0.46191,2.05987,1,0.00753,0.9923,0.05291
000389_lcam_front_lidar.ply,0.25,200,0.8,0.45266,2.05737,1,0.00735,0.99195,0.05254
000390_lcam_front_lidar.ply,0.25,200,0.8,0.46107,1.99941,1,0.01601,0.91967,0.12938
000391_lcam_front_lidar.ply,0.25,200,0.8,0.52141,2.06808,1,0.00788,0.99464,0.05892
000392_lcam_front_lidar.ply,0.25,200,0.8,0.47026,2.0641,1,0.00767,0.99368,0.05386
000393_lcam_front_lidar.ply,0.25,200,0.8,0.48082,1.99981,1,0.01656,0.9171,0.12652
000394_lcam_front_lidar.ply,0.25,200,0.8,0.37669,2.06798,1,0.00786,0.9947,0.05824
000395_lcam_front_lidar.ply,0.25,200,0.8,0.40285,2.07051,1,0.00802,0.99518,0.06614
000396_lcam_front_lidar.ply,0.25,200,0.8,0.42356,2.07304,1,0.00812,0.99592,0.06277
000397_lcam_front_lidar.ply,0.25,200,0.8,0.40336,1.98477,1,0.01819,0.90142,0.13544
000398_lcam_front_lidar.ply,0.25,200,0.8,0.41588,2.07047,1,0.01095,0.98049,0.1624
000399_lcam_front_lidar.ply,0.25,200,0.8,0.42628,2.07473,1,0.00828,0.99596,0.08333
000400_lcam_front_lidar.ply,0.25,200,0.8,0.47756,1.99632,1,0.01939,0.90121,0.17927
000401_lcam_front_lidar.ply,0.25,200,0.8,0.35811,2.04962,1,0.01156,0.96701,0.17851
000402_lcam_front_lidar.ply,0.25,200,0.8,0.39479,2.03975,1,0.01182,0.96077,0.18211
000403_lcam_front_lidar.ply,0.25,200,0.8,0.38323,1.99221,1,0.01983,0.89695,0.18011
000404_lcam_front_lidar.ply,0.25,200,0.8,0.43288,2.02589,1,0.01189,0.95348,0.1836
000405_lcam_front_lidar.ply,0.25,200,0.8,0.34041,1.98623,1,0.02037,0.89128,0.16429
000406_lcam_front_lidar.ply,0.25,200,0.8,0.33468,1.94587,1,0.01916,0.87713,0.13629
000407_lcam_front_lidar.ply,0.25,200,0.8,0.45436,1.91375,1,0.00935,0.91014,0.14193
000408_lcam_front_lidar.ply,0.25,200,0.8,0.39498,1.98721,1,0.00897,0.94873,0.10863
000409_lcam_front_lidar.ply,0.25,200,0.8,0.38215,1.98762,1,0.0011,0.98829,0.00188
000410_lcam_front_lidar.ply,0.25,200,0.8,0.40959,1.98244,1,0.00897,0.94636,0.10748
000411_lcam_front_lidar.ply,0.25,200,0.8,0.38889,1.98235,1,0.01027,0.93981,0.09659
000412_lcam_front_lidar.ply,0.25,200,0.8,0.36165,1.96834,1,0.01021,0.9331,0.08996
000413_lcam_front_lidar.ply,0.25,200,0.8,0.38083,1.97149,1,0.01017,0.93491,0.09009
000414_lcam_front_lidar.ply,0.25,200,0.8,0.34943,1.99064,1,0.00772,0.95673,0.07443
000415_lcam_front_lidar.ply,0.25,200,0.8,0.35874,1.98416,1,0.00269,0.97861,0.0102
000416_lcam_front_lidar.ply,0.25,200,0.8,0.37784,1.99514,1,0.00754,0.95985,0.07459
000417_lcam_front_lidar.ply,0.25,200,0.8,0.38848,1.99554,1,0.0074,0.96076,0.07083
000418_lcam_front_lidar.ply,0.25,200,0.8,0.3503,1.9682,1,0.01022,0.93299,0.08403
000419_lcam_front_lidar.ply,0.25,200,0.8,0.33558,1.98139,1,0.00343,0.97356,0.02161
000420_lcam_front_lidar.ply,0.25,200,0.8,0.35682,1.98596,1,0.00765,0.95471,0.06717
000421_lcam_front_lidar.ply,0.25,200,0.8,0.38087,1.98823,1,0.00756,0.95631,0.06728
000422_lcam_front_lidar.ply,0.25,200,0.8,0.37295,1.96597,1,0.01017,0.93215,0.082
000423_lcam_front_lidar.ply,0.25,200,0.8,0.44741,1.93889,1,0.00065,0.96618,0.00122
000424_lcam_front_lidar.ply,0.25,200,0.8,0.48453,1.98623,1,0.00752,0.9555,0.06423
000425_lcam_front_lidar.ply,0.25,200,0.8,0.35181,1.96653,1,0.01069,0.9298,0.08045
000426_lcam_front_lidar.ply,0.25,200,0.8,0.38929,1.966,1,0.01063,0.92987,0.08068
000427_lcam_front_lidar.ply,0.25,200,0.8,0.37894,1.96495,1,0.01064,0.92926,0.08158
000428_lcam_front_lidar.ply,0.25,200,0.8,0.40086,1.96409,1,0.0107,0.92853,0.08302
000429_lcam_front_lidar.ply,0.25,200,0.8,0.38977,1.98508,1,0.00735,0.95579,0.06278
000430_lcam_front_lidar.ply,0.25,200,0.8,0.41472,1.963,1,0.01068,0.92808,0.08452
000431_lcam_front_lidar.ply,0.25,200,0.8,0.39101,2.00777,1,0.00507,0.97852,0.04395
000432_lcam_front_lidar.ply,0.25,200,0.8,0.3647,1.97731,1,0.00356,0.97083,0.02196
000433_lcam_front_lidar.ply,0.25,200,0.8,0.38985,1.96116,1,0.01069,0.92713,0.08708
000434_lcam_front_lidar.ply,0.25,200,0.8,0.41577,2.00551,1,0.00496,0.97796,0.04411
000435_lcam_front_lidar.ply,0.25,200,0.8,0.40037,1.96084,1,0.01079,0.92645,0.08532
000436_lcam_front_lidar.ply,0.25,200,0.8,0.40094,1.99233,1,0.00072,0.99258,0.00144
000437_lcam_front_lidar.ply,0.25,200,0.8,0.40289,2.0058,1,0.00499,0.97795,0.0449
000438_lcam_front_lidar.ply,0.25,200,0.8,0.37401,1.96111,1,0.01071,0.92701,0.08549
000439_lcam_front_lidar.ply,0.25,200,0.8,0.3885,1.96215,1,0.01073,0.92743,0.08552
000440_lcam_front_lidar.ply,0.25,200,0.8,0.39164,2.02469,1,0.0042,0.99134,0.26716
000441_lcam_front_lidar.ply,0.25,200,0.8,0.60854,1.96434,1,0.01069,0.92873,0.08411
000442_lcam_front_lidar.ply,0.25,200,0.8,0.4524,1.98006,1,0.00692,0.95544,0.05619
000443_lcam_front_lidar.ply,0.25,200,0.8,0.37278,1.95779,1,0.00078,0.97501,0.00322
000444_lcam_front_lidar.ply,0.25,200,0.8,0.38965,1.98142,1,0.00684,0.9565,0.05607
000445_lcam_front_lidar.ply,0.25,200,0.8,0.36086,1.93791,1,0.00911,0.92339,0.24219
000446_lcam_front_lidar.ply,0.25,200,0.8,0.39091,1.9798,1,0.00417,0.96905,0.01441
000447_lcam_front_lidar.ply,0.25,200,0.8,0.36152,1.96235,1,0.0107,0.92769,0.08327
000448_lcam_front_lidar.ply,0.25,200,0.8,0.38205,1.98474,1,0.00512,0.96678,0.02815
000449_lcam_front_lidar.ply,0.25,200,0.8,0.37579,1.97627,1,0.01565,0.90989,0.19574
000450_lcam_front_lidar.ply,0.25,200,0.8,0.43212,1.98108,1,0.00641,0.95851,0.05141
000451_lcam_front_lidar.ply,0.25,200,0.8,0.39293,1.97866,1,0.00642,0.95723,0.05022
000452_lcam_front_lidar.ply,0.25,200,0.8,0.39865,1.97357,1,0.0154,0.90981,0.19447
000453_lcam_front_lidar.ply,0.25,200,0.8,0.47791,1.98448,1,0.005,0.96725,0.02618
000454_lcam_front_lidar.ply,0.25,200,0.8,0.41236,1.9584,1,0.01032,0.92761,0.08352
000455_lcam_front_lidar.ply,0.25,200,0.8,0.44151,1.95591,1,0.00708,0.94257,0.06275
000456_lcam_front_lidar.ply,0.25,200,0.8,0.41003,1.83078,1,0.00541,0.88833,0.19228
000457_lcam_front_lidar.ply,0.25,200,0.8,0.47306,1.95613,1,0.0102,0.92707,0.0818
000458_lcam_front_lidar.ply,0.25,200,0.8,0.37272,1.98569,1,0.0047,0.96935,0.04406
000459_lcam_front_lidar.ply,0.25,200,0.8,0.39392,1.95871,1,0.01022,0.92828,0.07985
000460_lcam_front_lidar.ply,0.25,200,0.8,0.42992,1.98067,1,0.00579,0.96139,0.04536
000461_lcam_front_lidar.ply,0.25,200,0.8,0.40787,1.97093,1,0.00344,0.96824,0.01476
000462_lcam_front_lidar.ply,0.25,200,0.8,0.38262,1.97875,1,0.0026,0.9764,0.00965
000463_lcam_front_lidar.ply,0.25,200,0.8,0.45559,1.98784,1,0.00581,0.96487,0.04724
000464_lcam_front_lidar.ply,0.25,200,0.8,0.4328,1.96109,1,0.01011,0.93001,0.0788
000465_lcam_front_lidar.ply,0.25,200,0.8,0.4374,1.98957,1,0.00571,0.96623,0.04769
000466_lcam_front_lidar.ply,0.25,200,0.8,0.52829,1.98368,1,0.00448,0.96946,0.04087
000467_lcam_front_lidar.ply,0.25,200,0.8,0.42858,1.98876,1,0.00577,0.96554,0.04737
000468_lcam_front_lidar.ply,0.25,200,0.8,0.44641,1.9897,1,0.00571,0.9663,0.04771
000469_lcam_front_lidar.ply,0.25,200,0.8,0.39849,1.96249,1,0.01009,0.93082,0.07525
000470_lcam_front_lidar.ply,0.25,200,0.8,0.4049,1.99036,1,0.0056,0.96717,0.04611
000471_lcam_front_lidar.ply,0.25,200,0.8,0.44448,1.99237,1,0.00547,0.96881,0.04514
000472_lcam_front_lidar.ply,0.25,200,0.8,0.41322,1.98986,1,0.0056,0.96694,0.04618
000473_lcam_front_lidar.ply,0.25,200,0.8,0.41369,1.97058,1,0.00996,0.93547,0.07436
000474_lcam_front_lidar.ply,0.25,200,0.8,0.4452,1.99479,1,0.0052,0.97141,0.0416
000475_lcam_front_lidar.ply,0.25,200,0.8,0.45436,1.97114,1,0.00983,0.93641,0.07275
000476_lcam_front_lidar.ply,0.25,200,0.8,0.43586,1.99298,1,0.00524,0.97031,0.04288
000477_lcam_front_lidar.ply,0.25,200,0.8,0.56316,1.96641,1,0.007,0.9482,0.06583
000478_lcam_front_lidar.ply,0.25,200,0.8,0.47872,1.95797,1,0.00839,0.93704,0.0723
000479_lcam_front_lidar.ply,0.25,200,0.8,0.36302,1.97363,1,0.00971,0.93828,0.0696
000480_lcam_front_lidar.ply,0.25,200,0.8,0.46164,1.99725,1,0.00477,0.97478,0.03803
000481_lcam_front_lidar.ply,0.25,200,0.8,0.43946,1.99737,1,0.00472,0.97509,0.03773
000482_lcam_front_lidar.ply,0.25,200,0.8,0.52138,2.00767,1,0.00545,0.97657,0.02043
000483_lcam_front_lidar.ply,0.25,200,0.8,0.51849,2.00158,1,0.00448,0.97838,0.03606
000484_lcam_front_lidar.ply,0.25,200,0.8,0.55077,1.98733,1,0.00455,0.97093,0.02184
000485_lcam_front_lidar.ply,0.25,200,0.8,0.58552,1.9872,1,0.00457,0.97074,0.02126
000486_lcam_front_lidar.ply,0.25,200,0.8,0.46765,1.98789,1,0.00458,0.97106,0.02187
000487_lcam_front_lidar.ply,0.25,200,0.8,0.45452,2.01864,1,0.0067,0.97583,0.04205
000488_lcam_front_lidar.ply,0.25,200,0.8,0.52763,2.00227,1,0.00413,0.98047,0.03192
000489_lcam_front_lidar.ply,0.25,200,0.8,0.52151,2.00374,1,0.00405,0.98161,0.03082
000490_lcam_front_lidar.ply,0.25,200,0.8,0.54364,1.95303,1,0.00707,0.94116,0.06129
000491_lcam_front_lidar.ply,0.25,200,0.8,0.55734,2.03414,1,0.00525,0.99082,0.03877
000492_lcam_front_lidar.ply,0.25,200,0.8,0.52486,2.0041,1,0.00385,0.98281,0.02874
000493_lcam_front_lidar.ply,0.25,200,0.8,0.59751,2.00269,1,0.00391,0.98181,0.02943
000494_lcam_front_lidar.ply,0.25,200,0.8,0.74326,1.96739,1,0.00724,0.94749,0.05836
000495_lcam_front_lidar.ply,0.25,200,0.8,0.61224,2.00401,1,0.00366,0.98369,0.02655
000496_lcam_front_lidar.ply,0.25,200,0.8,0.61909,1.96205,1,0.00664,0.94781,0.05992
000497_lcam_front_lidar.ply,0.25,200,0.8,0.63598,2.00246,1,0.00557,0.97337,0.02382
000498_lcam_front_lidar.ply,0.25,200,0.8,0.69624,1.96712,1,0.00655,0.95081,0.06036
000499_lcam_front_lidar.ply,0.25,200,0.8,0.54032,1.97093,1,0.00651,0.95292,0.06141
000500_lcam_front_lidar.ply,0.25,200,0.8,0.56157,2.00118,1,0.00551,0.97303,0.02364
000501_lcam_front_lidar.ply,0.25,200,0.8,0.68282,2.02741,1,0.005,0.98871,0.03929
000502_lcam_front_lidar.ply,0.25,200,0.8,0.58048,1.9876,1,0.00761,0.95575,0.05488
000503_lcam_front_lidar.ply,0.25,200,0.8,0.58893,2.02102,1,0.00898,0.96562,0.06526
000504_lcam_front_lidar.ply,0.25,200,0.8,0.63499,2.02135,1,0.00891,0.96611,0.06413
000505_lcam_front_lidar.ply,0.25,200,0.8,0.5906,2.01894,1,0.0066,0.97647,0.03798
000506_lcam_front_lidar.ply,0.25,200,0.8,0.57911,2.01915,1,0.00853,0.96694,0.06322
000507_lcam_front_lidar.ply,0.25,200,0.8,0.62912,2.01958,1,0.00846,0.96747,0.06166
000508_lcam_front_lidar.ply,0.25,200,0.8,0.57164,2.01912,1,0.00823,0.96843,0.06008
000509_lcam_front_lidar.ply,0.25,200,0.8,0.64829,2.01924,1,0.00656,0.9768,0.04062
000510_lcam_front_lidar.ply,0.25,200,0.8,0.54596,2.01959,1,0.00808,0.9694,0.05926
000511_lcam_front_lidar.ply,0.25,200,0.8,0.64843,2.0165,1,0.00767,0.96992,0.05712
000512_lcam_front_lidar.ply,0.25,200,0.8,0.66525,2.01727,1,0.00756,0.97083,0.05599
000513_lcam_front_lidar.ply,0.25,200,0.8,0.57872,2.01454,1,0.00713,0.97161,0.04056
000514_lcam_front_lidar.ply,0.25,200,0.8,0.56199,2.009,1,0.0068,0.9705,0.05498
000515_lcam_front_lidar.ply,0.25,200,0.8,0.70275,2.00893,1,0.00664,0.97127,0.05348
000516_lcam_front_lidar.ply,0.25,200,0.8,0.74443,2.00987,1,0.0066,0.97195,0.05263
000517_lcam_front_lidar.ply,0.25,200,0.8,0.59567,2.01889,1,0.00646,0.97714,0.04022
000518_lcam_front_lidar.ply,0.25,200,0.8,0.61965,2.01906,1,0.00648,0.97714,0.04012
000519_lcam_front_lidar.ply,0.25,200,0.8,0.66841,2.00596,1,0.00566,0.97469,0.03544
000520_lcam_front_lidar.ply,0.25,200,0.8,0.60589,2.00534,1,0.00551,0.9751,0.03185
000521_lcam_front_lidar.ply,0.25,200,0.8,0.63092,2.0059,1,0.0056,0.97494,0.03309
000522_lcam_front_lidar.ply,0.25,200,0.8,0.64337,2.0107,1,0.0063,0.97385,0.05131
000523_lcam_front_lidar.ply,0.25,200,0.8,0.69814,2.00551,1,0.00543,0.97558,0.03157
000524_lcam_front_lidar.ply,0.25,200,0.8,0.68098,2.0189,1,0.00643,0.9773,0.04058
000525_lcam_front_lidar.ply,0.25,200,0.8,0.66619,2.0053,1,0.00533,0.97602,0.03206
000526_lcam_front_lidar.ply,0.25,200,0.8,0.57203,2.02353,1,0.01061,0.95874,0.07653
000527_lcam_front_lidar.ply,0.25,200,0.8,0.63256,2.02303,1,0.00959,0.96357,0.05929
000528_lcam_front_lidar.ply,0.25,200,0.8,0.68417,1.99012,1,0.00871,0.95151,0.06169
000529_lcam_front_lidar.ply,0.25,200,0.8,0.6693,2.01898,1,0.00637,0.97766,0.04217
000530_lcam_front_lidar.ply,0.25,200,0.8,0.6392,2.01847,1,0.00637,0.97738,0.04083
000531_lcam_front_lidar.ply,0.25,200,0.8,0.65242,2.02271,1,0.01043,0.9592,0.07638
000532_lcam_front_lidar.ply,0.25,200,0.8,0.70617,2.01847,1,0.00633,0.97756,0.0413
000533_lcam_front_lidar.ply,0.25,200,0.8,0.62526,2.01842,1,0.00632,0.97761,0.04061
000534_lcam_front_lidar.ply,0.25,200,0.8,0.61533,2.01767,1,0.00631,0.9773,0.03859
000535_lcam_front_lidar.ply,0.25,200,0.8,0.70727,2.02249,1,0.01013,0.9606,0.07266
000536_lcam_front_lidar.ply,0.25,200,0.8,0.63438,2.02183,1,0.00937,0.96404,0.05853
000537_lcam_front_lidar.ply,0.25,200,0.8,0.58896,2.02216,1,0.01005,0.96083,0.07241
000538_lcam_front_lidar.ply,0.25,200,0.8,0.6352,2.02225,1,0.01002,0.961,0.07247
000539_lcam_front_lidar.ply,0.25,200,0.8,0.63829,2.01651,1,0.00612,0.97763,0.03627
000540_lcam_front_lidar.ply,0.25,200,0.8,0.61669,1.94014,1,0.00069,0.96661,0.00173
000541_lcam_front_lidar.ply,0.25,200,0.8,0.65043,2.01612,1,0.00605,0.97779,0.03435
000542_lcam_front_lidar.ply,0.25,200,0.8,0.66683,2.01611,1,0.00606,0.97774,0.0339
000543_lcam_front_lidar.ply,0.25,200,0.8,0.62065,1.96903,1,0.00055,0.98176,0.00069
000544_lcam_front_lidar.ply,0.25,200,0.8,0.69532,2.01559,1,0.00602,0.9777,0.03236
000545_lcam_front_lidar.ply,0.25,200,0.8,0.59604,2.02305,1,0.00969,0.96305,0.06745
000546_lcam_front_lidar.ply,0.25,200,0.8,0.69801,2.01473,1,0.00597,0.97751,0.02983
000547_lcam_front_lidar.ply,0.25,200,0.8,0.57492,2.02387,1,0.00953,0.9643,0.06503
000548_lcam_front_lidar.ply,0.25,200,0.8,0.60469,2.02357,1,0.00948,0.96438,0.06411
000549_lcam_front_lidar.ply,0.25,200,0.8,0.68446,2.02286,1,0.00923,0.96527,0.06156
000550_lcam_front_lidar.ply,0.25,200,0.8,0.65681,2.02388,1,0.00937,0.96511,0.06227
000551_lcam_front_lidar.ply,0.25,200,0.8,0.69901,2.02313,1,0.00951,0.96401,0.0663
000552_lcam_front_lidar.ply,0.25,200,0.8,0.66598,2.01305,1,0.00584,0.97731,0.02615
000553_lcam_front_lidar.ply,0.25,200,0.8,0.59855,2.02341,1,0.0095,0.96419,0.06575
000554_lcam_front_lidar.ply,0.25,200,0.8,0.61678,2.02487,1,0.00947,0.9651,0.06411
000555_lcam_front_lidar.ply,0.25,200,0.8,0.69878,2.04444,1,0.00644,0.99,0.02892
000556_lcam_front_lidar.ply,0.25,200,0.8,0.69948,2.02395,1,0.00943,0.96484,0.06471
000557_lcam_front_lidar.ply,0.25,200,0.8,0.61587,2.02407,1,0.00935,0.96531,0.06368
000558_lcam_front_lidar.ply,0.25,200,0.8,0.66704,2.02505,1,0.00557,0.98469,0.02089
000559_lcam_front_lidar.ply,0.25,200,0.8,0.72273,2.02446,1,0.00909,0.96677,0.0604
000560_lcam_front_lidar.ply,0.25,200,0.8,0.66686,2.02383,1,0.00912,0.96632,0.06198
000561_lcam_front_lidar.ply,0.25,200,0.8,0.74629,2.02462,1,0.00905,0.96707,0.06098
000562_lcam_front_lidar.ply,0.25,200,0.8,0.64467,2.02423,1,0.00914,0.96642,0.06262
000563_lcam_front_lidar.ply,0.25,200,0.8,0.71528,1.98415,1,0.0026,0.97908,0.00768
000564_lcam_front_lidar.ply,0.25,200,0.8,0.65054,2.02482,1,0.00908,0.96701,0.06228
000565_lcam_front_lidar.ply,0.25,200,0.8,0.68091,2.02458,1,0.00841,0.97022,0.04939
000566_lcam_front_lidar.ply,0.25,200,0.8,0.68228,2.0242,1,0.00894,0.96741,0.06113
000567_lcam_front_lidar.ply,0.25,200,0.8,0.74938,2.02389,1,0.009,0.96692,0.06221
000568_lcam_front_lidar.ply,0.25,200,0.8,0.75107,1.9772,1,0.00147,0.98124,0.0054
000569_lcam_front_lidar.ply,0.25,200,0.8,0.70676,2.02474,1,0.00893,0.96774,0.06236
000570_lcam_front_lidar.ply,0.25,200,0.8,0.65012,1.94481,1,0.00168,0.96403,0.00936
000571_lcam_front_lidar.ply,0.25,200,0.8,0.67265,1.97917,1,0.00184,0.98039,0.00577
000572_lcam_front_lidar.ply,0.25,200,0.8,0.63505,2.0235,1,0.00817,0.97088,0.04809
000573_lcam_front_lidar.ply,0.25,200,0.8,0.66832,2.01334,1,0.00294,0.99198,0.01242
000574_lcam_front_lidar.ply,0.25,200,0.8,0.7034,2.02476,1,0.00881,0.96832,0.06052
000575_lcam_front_lidar.ply,0.25,200,0.8,0.71972,1.97621,1,0.00204,0.97791,0.00289
000576_lcam_front_lidar.ply,0.25,200,0.8,0.66789,2.02354,1,0.00802,0.97165,0.04713
000577_lcam_front_lidar.ply,0.25,200,0.8,0.68296,2.02338,1,0.00799,0.97175,0.04671
000578_lcam_front_lidar.ply,0.25,200,0.8,0.65206,2.02455,1,0.00868,0.96888,0.05979
000579_lcam_front_lidar.ply,0.25,200,0.8,0.6916,2.02379,1,0.00793,0.97222,0.04755
000580_lcam_front_lidar.ply,0.25,200,0.8,0.72964,2.02234,1,0.00789,0.97173,0.04598
000581_lcam_front_lidar.ply,0.25,200,0.8,0.66671,2.0219,1,0.00777,0.9721,0.04534
000582_lcam_front_lidar.ply,0.25,200,0.8,0.76998,2.02285,1,0.00781,0.97239,0.04651
000583_lcam_front_lidar.ply,0.25,200,0.8,0.68306,2.02172,1,0.00776,0.97206,0.04513
000584_lcam_front_lidar.ply,0.25,200,0.8,0.82607,2.02361,1,0.00862,0.96871,0.05705
000585_lcam_front_lidar.ply,0.25,200,0.8,0.7375,2.02146,1,0.00775,0.97196,0.0468
000586_lcam_front_lidar.ply,0.25,200,0.8,0.74254,2.02146,1,0.00777,0.9719,0.04636
000587_lcam_front_lidar.ply,0.25,200,0.8,0.708,2.02288,1,0.00869,0.96799,0.0588
000588_lcam_front_lidar.ply,0.25,200,0.8,0.68184,2.02022,1,0.00765,0.97184,0.04495
000589_lcam_front_lidar.ply,0.25,200,0.8,0.77772,1.94461,1,0.00139,0.96537,0.00844
000590_lcam_front_lidar.ply,0.25,200,0.8,0.68182,2.01949,1,0.0076,0.97176,0.04387
000591_lcam_front_lidar.ply,0.25,200,0.8,0.71619,2.02018,1,0.0077,0.97161,0.04725
000592_lcam_front_lidar.ply,0.25,200,0.8,0.68277,2.02247,1,0.00863,0.96809,0.05593
000593_lcam_front_lidar.ply,0.25,200,0.8,0.70348,2.02294,1,0.00865,0.96821,0.05614
000594_lcam_front_lidar.ply,0.25,200,0.8,0.74977,1.9847,1,0.00096,0.98756,0.00356
000595_lcam_front_lidar.ply,0.25,200,0.8,0.69082,2.01911,1,0.00753,0.97188,0.04332
000596_lcam_front_lidar.ply,0.25,200,0.8,0.70986,1.98306,1,0.00073,0.98786,0.00195
000597_lcam_front_lidar.ply,0.25,200,0.8,0.77444,2.0191,1,0.00754,0.97184,0.04349
000598_lcam_front_lidar.ply,0.25,200,0.8,0.7268,1.9407,1,0.00078,0.96647,0.00114
000599_lcam_front_lidar.ply,0.25,200,0.8,0.79725,1.98066,1,0.00229,0.97888,0.00576
000600_lcam_front_lidar.ply,0.25,200,0.8,0.62038,2.01771,1,0.00344,0.99168,0.01633
000601_lcam_front_lidar.ply,0.25,200,0.8,0.80856,1.98362,1,0.00268,0.97843,0.00703
000602_lcam_front_lidar.ply,0.25,200,0.8,0.68157,2.01733,1,0.00751,0.97109,0.04292
000603_lcam_front_lidar.ply,0.25,200,0.8,0.74485,2.01587,1,0.0075,0.97041,0.04325
000604_lcam_front_lidar.ply,0.25,200,0.8,0.7381,1.98253,1,0.00069,0.98779,0.00164
000605_lcam_front_lidar.ply,0.25,200,0.8,0.73011,2.01515,1,0.00751,0.97003,0.04346
000606_lcam_front_lidar.ply,0.25,200,0.8,0.75422,2.02149,1,0.00875,0.96697,0.05581
000607_lcam_front_lidar.ply,0.25,200,0.8,0.8474,2.01423,1,0.00733,0.97045,0.04135
000608_lcam_front_lidar.ply,0.25,200,0.8,0.65007,2.01244,1,0.00735,0.96949,0.03932
000609_lcam_front_lidar.ply,0.25,200,0.8,0.77038,2.01154,1,0.00733,0.96912,0.03984
000610_lcam_front_lidar.ply,0.25,200,0.8,0.68604,1.98812,1,0.00127,0.98772,0.00442
000611_lcam_front_lidar.ply,0.25,200,0.8,0.7471,2.00925,1,0.00733,0.96799,0.04072
000612_lcam_front_lidar.ply,0.25,200,0.8,0.78762,2.02164,1,0.00494,0.9861,0.0105
000613_lcam_front_lidar.ply,0.25,200,0.8,0.88061,2.00671,1,0.0073,0.96687,0.03874
000614_lcam_front_lidar.ply,0.25,200,0.8,0.81534,2.00624,1,0.00719,0.96716,0.03922
000615_lcam_front_lidar.ply,0.25,200,0.8,0.82734,1.98777,1,0.00134,0.9872,0.00373
000616_lcam_front_lidar.ply,0.25,200,0.8,0.75474,2.00493,1,0.00699,0.96749,0.03529
000617_lcam_front_lidar.ply,0.25,200,0.8,0.70448,2.00237,1,0.00662,0.96809,0.03793
000618_lcam_front_lidar.ply,0.25,200,0.8,0.70882,2.00219,1,0.00608,0.97068,0.03404
000619_lcam_front_lidar.ply,0.25,200,0.8,0.73298,2.00662,1,0.0014,0.99633,0.00276
000620_lcam_front_lidar.ply,0.25,200,0.8,0.82537,2.05032,1,0.00586,0.99584,0.0349
000621_lcam_front_lidar.ply,0.25,200,0.8,0.81542,2.02675,1,0.00444,0.99115,0.0278
000622_lcam_front_lidar.ply,0.25,200,0.8,0.78149,2.05216,1,0.00651,0.99354,0.04441
000623_lcam_front_lidar.ply,0.25,200,0.8,0.92454,2.04995,1,0.00688,0.99057,0.04667
000624_lcam_front_lidar.ply,0.25,200,0.8,0.85792,2.02661,1,0.00504,0.98808,0.03006
000625_lcam_front_lidar.ply,0.25,200,0.8,0.82297,1.98483,1,0.00097,0.98758,0.00274
000626_lcam_front_lidar.ply,0.25,200,0.8,0.83281,2.05115,1,0.00801,0.98554,0.04571
000627_lcam_front_lidar.ply,0.25,200,0.8,0.74717,2.0552,1,0.0086,0.98459,0.04387
000628_lcam_front_lidar.ply,0.25,200,0.8,0.88792,2.04121,1,0.00826,0.97929,0.04086
000629_lcam_front_lidar.ply,0.25,200,0.8,0.82707,2.03981,1,0.00828,0.97849,0.04071
000630_lcam_front_lidar.ply,0.25,200,0.8,0.80456,1.99694,1,0.00384,0.97927,0.01509
000631_lcam_front_lidar.ply,0.25,200,0.8,0.83545,2.01845,1,0.00644,0.97702,0.05187
000632_lcam_front_lidar.ply,0.25,200,0.8,0.75247,2.0582,1,0.01006,0.97881,0.0391
000633_lcam_front_lidar.ply,0.25,200,0.8,0.82226,2.0013,1,0.00485,0.97639,0.01672
000634_lcam_front_lidar.ply,0.25,200,0.8,0.85052,2.05525,1,0.00701,0.99257,0.04888
000635_lcam_front_lidar.ply,0.25,200,0.8,0.79417,2.0513,1,0.00936,0.97885,0.04009
000636_lcam_front_lidar.ply,0.25,200,0.8,0.80303,2.07729,1,0.01086,0.98433,0.04638
000637_lcam_front_lidar.ply,0.25,200,0.8,0.88278,2.00485,1,0.00577,0.97359,0.02482
000638_lcam_front_lidar.ply,0.25,200,0.8,0.79025,1.94027,1,0.00122,0.96404,0.00469
000639_lcam_front_lidar.ply,0.25,200,0.8,0.77561,2.0311,1,0.00606,0.98523,0.03519
000640_lcam_front_lidar.ply,0.25,200,0.8,0.86386,2.05548,1,0.00724,0.99154,0.05138
000641_lcam_front_lidar.ply,0.25,200,0.8,0.99235,2.00728,1,0.00578,0.97473,0.0294
000642_lcam_front_lidar.ply,0.25,200,0.8,0.93871,2.05578,1,0.0073,0.99141,0.05196
000643_lcam_front_lidar.ply,0.25,200,0.8,1.00045,2.05589,1,0.0074,0.99094,0.05266
000644_lcam_front_lidar.ply,0.25,200,0.8,0.97128,1.92819,1,0.00134,0.95739,0.15397
000645_lcam_front_lidar.ply,0.25,200,0.8,0.84338,1.94227,1,0.00101,0.96607,0.005
000646_lcam_front_lidar.ply,0.25,200,0.8,1.00328,1.94308,1,0.00132,0.96492,0.00561
000647_lcam_front_lidar.ply,0.25,200,0.8,0.95297,1.95595,1,0.00066,0.97466,0.00213
000648_lcam_front_lidar.ply,0.25,200,0.8,0.9997,2.00803,1,0.00538,0.97713,0.02612
000649_lcam_front_lidar.ply,0.25,200,0.8,1.02037,2.02698,1,0.00811,0.97293,0.04939
000650_lcam_front_lidar.ply,0.25,200,0.8,0.99149,2.02694,1,0.00817,0.97263,0.04984
000651_lcam_front_lidar.ply,0.25,200,0.8,0.93757,2.05781,1,0.00717,0.99307,0.0499
000652_lcam_front_lidar.ply,0.25,200,0.8,0.9265,2.0248,1,0.00688,0.978,0.05649
000653_lcam_front_lidar.ply,0.25,200,0.8,0.92167,2.07836,1,0.00792,0.99957,0.02385
000654_lcam_front_lidar.ply,0.25,200,0.8,0.90758,2.03365,1,0.00664,0.98363,0.03703
000655_lcam_front_lidar.ply,0.25,200,0.8,1.03086,2.02805,1,0.00785,0.97476,0.05048
000656_lcam_front_lidar.ply,0.25,200,0.8,1.08562,2.06392,1,0.01079,0.97799,0.0406
000657_lcam_front_lidar.ply,0.25,200,0.8,0.98389,2.05852,1,0.01022,0.97815,0.04103
000658_lcam_front_lidar.ply,0.25,200,0.8,0.85975,2.00895,1,0.00477,0.9806,0.02725
000659_lcam_front_lidar.ply,0.25,200,0.8,0.93832,2.05692,1,0.00739,0.99151,0.05256
000660_lcam_front_lidar.ply,0.25,200,0.8,1.07568,2.0074,1,0.00456,0.98088,0.02675
000661_lcam_front_lidar.ply,0.25,200,0.8,1.00273,2.06317,1,0.01073,0.97794,0.03982
000662_lcam_front_lidar.ply,0.25,200,0.8,1.12998,2.08108,1,0.01308,0.97512,0.05061
000663_lcam_front_lidar.ply,0.25,200,0.8,1.08642,2.05747,1,0.00745,0.9915,0.05347
000664_lcam_front_lidar.ply,0.25,200,0.8,0.97048,2.07922,1,0.01102,0.98452,0.0515
000665_lcam_front_lidar.ply,0.25,200,0.8,1.19035,2.03521,1,0.00706,0.98231,0.03871
000666_lcam_front_lidar.ply,0.25,200,0.8,1.11347,2.06318,1,0.01073,0.97794,0.0392
000667_lcam_front_lidar.ply,0.25,200,0.8,1.11732,2.03563,1,0.00713,0.98218,0.03839
000668_lcam_front_lidar.ply,0.25,200,0.8,0.96786,2.03592,1,0.00719,0.98199,0.03907
000669_lcam_front_lidar.ply,0.25,200,0.8,1.03977,1.71162,1,0.00115,0.85007,0.28302
000670_lcam_front_lidar.ply,0.25,200,0.8,0.91658,2.02092,1,0.00572,0.98184,0.0437
000671_lcam_front_lidar.ply,0.25,200,0.8,0.79443,2.03701,1,0.00735,0.98176,0.03911
000672_lcam_front_lidar.ply,0.25,200,0.8,0.92408,1.97645,1,0.00124,0.98201,0.00365
000673_lcam_front_lidar.ply,0.25,200,0.8,0.99808,2.04232,1,0.00772,0.98257,0.03892
000674_lcam_front_lidar.ply,0.25,200,0.8,1.07639,2.03765,1,0.00748,0.98141,0.03929
000675_lcam_front_lidar.ply,0.25,200,0.8,1.03106,2.06908,1,0.0112,0.97853,0.04109
000676_lcam_front_lidar.ply,0.25,200,0.8,0.85049,2.04312,1,0.00899,0.9766,0.06754
000677_lcam_front_lidar.ply,0.25,200,0.8,0.78428,2.01447,1,0.00353,0.9896,0.01573
000678_lcam_front_lidar.ply,0.25,200,0.8,0.96235,2.02296,1,0.00608,0.98111,0.04819
000679_lcam_front_lidar.ply,0.25,200,0.8,0.96715,2.02941,1,0.00623,0.98353,0.07645
000680_lcam_front_lidar.ply,0.25,200,0.8,0.95438,2.07884,1,0.01225,0.9782,0.0388
000681_lcam_front_lidar.ply,0.25,200,0.8,0.98455,2.07891,1,0.01229,0.97799,0.03973
000682_lcam_front_lidar.ply,0.25,200,0.8,1.08241,2.03329,1,0.00817,0.97578,0.07643
000683_lcam_front_lidar.ply,0.25,200,0.8,0.96017,2.02905,1,0.00778,0.97562,0.07944
000684_lcam_front_lidar.ply,0.25,200,0.8,0.97625,2.04599,1,0.00831,0.98146,0.04064
000685_lcam_front_lidar.ply,0.25,200,0.8,0.94343,2.03233,1,0.00516,0.99038,0.04534
000686_lcam_front_lidar.ply,0.25,200,0.8,1.02984,2.02526,1,0.00639,0.9807,0.0528
000687_lcam_front_lidar.ply,0.25,200,0.8,0.94525,2.04697,1,0.00845,0.98125,0.04052
000688_lcam_front_lidar.ply,0.25,200,0.8,0.92912,2.03429,1,0.00606,0.98683,0.07664
000689_lcam_front_lidar.ply,0.25,200,0.8,0.95513,2.0838,1,0.01281,0.97787,0.03805
000690_lcam_front_lidar.ply,0.25,200,0.8,0.92882,1.95683,1,0.00089,0.97394,0.00267
000691_lcam_front_lidar.ply,0.25,200,0.8,0.90357,1.96509,1,0.00174,0.97383,0.29549
000692_lcam_front_lidar.ply,0.25,200,0.8,0.98244,2.08364,1,0.01277,0.97795,0.03758
000693_lcam_front_lidar.ply,0.25,200,0.8,0.85315,2.0447,1,0.00835,0.98058,0.04182
000694_lcam_front_lidar.ply,0.25,200,0.8,0.96799,2.04438,1,0.00834,0.98049,0.04165
000695_lcam_front_lidar.ply,0.25,200,0.8,1.04569,2.08302,1,0.01116,0.9857,0.05206
000696_lcam_front_lidar.ply,0.25,200,0.8,0.98964,2.03579,1,0.00593,0.98823,0.07407
000697_lcam_front_lidar.ply,0.25,200,0.8,0.8162,2.04169,1,0.0082,0.97983,0.04179
000698_lcam_front_lidar.ply,0.25,200,0.8,0.96886,2.04154,1,0.0082,0.97975,0.04213
000699_lcam_front_lidar.ply,0.25,200,0.8,0.80967,2.04204,1,0.00825,0.97977,0.04248
000700_lcam_front_lidar.ply,0.25,200,0.8,0.89031,2.04061,1,0.00818,0.9794,0.04275
000701_lcam_front_lidar.ply,0.25,200,0.8,0.99883,2.07779,1,0.01211,0.97832,0.03692
000702_lcam_front_lidar.ply,0.25,200,0.8,0.91564,2.04093,1,0.00813,0.97982,0.04297
000703_lcam_front_lidar.ply,0.25,200,0.8,0.89944,1.97489,1,0.00122,0.98137,0.00406
000704_lcam_front_lidar.ply,0.25,200,0.8,1.06197,2.07552,1,0.01178,0.97886,0.03722
000705_lcam_front_lidar.ply,0.25,200,0.8,0.92071,1.9881,1,0.00131,0.98752,0.00327
000706_lcam_front_lidar.ply,0.25,200,0.8,0.93745,2.07412,1,0.01156,0.97925,0.03691
000707_lcam_front_lidar.ply,0.25,200,0.8,0.96827,2.07385,1,0.01159,0.97897,0.03736
000708_lcam_front_lidar.ply,0.25,200,0.8,1.04405,2.07385,1,0.01153,0.97929,0.03716
000709_lcam_front_lidar.ply,0.25,200,0.8,0.96892,2.05776,1,0.00812,0.98826,0.05129
000710_lcam_front_lidar.ply,0.25,200,0.8,1.06188,2.07846,1,0.0105,0.98674,0.04764
000711_lcam_front_lidar.ply,0.25,200,0.8,0.92457,2.02545,1,0.00756,0.97494,0.06953
000712_lcam_front_lidar.ply,0.25,200,0.8,0.92172,2.04125,1,0.00805,0.98036,0.04449
000713_lcam_front_lidar.ply,0.25,200,0.8,1.03605,2.07158,1,0.01118,0.97989,0.03778
000714_lcam_front_lidar.ply,0.25,200,0.8,1.0775,2.04246,1,0.00807,0.98089,0.04388
000715_lcam_front_lidar.ply,0.25,200,0.8,1.19605,2.04856,1,0.00888,0.97986,0.04558
000716_lcam_front_lidar.ply,0.25,200,0.8,1.03307,2.04878,1,0.0089,0.97991,0.0457
000717_lcam_front_lidar.ply,0.25,200,0.8,1.08472,2.0694,1,0.01083,0.98055,0.03867
000718_lcam_front_lidar.ply,0.25,200,0.8,0.97014,2.06887,1,0.01074,0.98073,0.03973
000719_lcam_front_lidar.ply,0.25,200,0.8,1.02268,2.04155,1,0.008,0.98079,0.04539
000720_lcam_front_lidar.ply,0.25,200,0.8,1.05652,2.06857,1,0.01071,0.98075,0.0401
000721_lcam_front_lidar.ply,0.25,200,0.8,0.94963,2.04166,1,0.00796,0.98104,0.04518
000722_lcam_front_lidar.ply,0.25,200,0.8,0.87752,2.00964,1,0.00383,0.98568,0.0302
000723_lcam_front_lidar.ply,0.25,200,0.8,0.90831,2.00623,1,0.00355,0.98534,0.02488
000724_lcam_front_lidar.ply,0.25,200,0.8,0.87171,2.06554,1,0.01033,0.98113,0.04067
000725_lcam_front_lidar.ply,0.25,200,0.8,0.90511,2.06527,1,0.01025,0.9814,0.04124
000726_lcam_front_lidar.ply,0.25,200,0.8,0.88869,2.04106,1,0.00789,0.98106,0.04577
000727_lcam_front_lidar.ply,0.25,200,0.8,0.85658,2.07483,1,0.00984,0.98822,0.03838
000728_lcam_front_lidar.ply,0.25,200,0.8,0.81914,2.04099,1,0.00788,0.9811,0.04643
000729_lcam_front_lidar.ply,0.25,200,0.8,0.7932,2.0742,1,0.00975,0.98836,0.03763
000730_lcam_front_lidar.ply,0.25,200,0.8,0.84102,2.04039,1,0.00782,0.9811,0.04658
000731_lcam_front_lidar.ply,0.25,200,0.8,0.82453,2.04038,1,0.00776,0.98138,0.04684
000732_lcam_front_lidar.ply,0.25,200,0.8,0.84107,2.04032,1,0.00781,0.98113,0.04683
000733_lcam_front_lidar.ply,0.25,200,0.8,0.74602,2.04031,1,0.0078,0.98116,0.04738
000734_lcam_front_lidar.ply,0.25,200,0.8,0.79509,2.04022,1,0.00776,0.98128,0.04746
000735_lcam_front_lidar.ply,0.25,200,0.8,0.74912,2.04008,1,0.00776,0.98124,0.04751
000736_lcam_front_lidar.ply,0.25,200,0.8,0.75538,2.03974,1,0.00772,0.98127,0.04772
000737_lcam_front_lidar.ply,0.25,200,0.8,0.75169,2.04851,1,0.00831,0.98272,0.04758
000738_lcam_front_lidar.ply,0.25,200,0.8,0.74518,2.03894,1,0.00757,0.98161,0.04834
000739_lcam_front_lidar.ply,0.25,200,0.8,0.7303,2.03924,1,0.00758,0.98173,0.04829
000740_lcam_front_lidar.ply,0.25,200,0.8,0.75299,2.07142,1,0.0093,0.98923,0.03164
000741_lcam_front_lidar.ply,0.25,200,0.8,0.76691,2.03888,1,0.00751,0.98189,0.04831
000742_lcam_front_lidar.ply,0.25,200,0.8,0.65712,2.03889,1,0.00747,0.9821,0.04838
000743_lcam_front_lidar.ply,0.25,200,0.8,0.7471,2.03828,1,0.00737,0.98229,0.04838
000744_lcam_front_lidar.ply,0.25,200,0.8,0.74974,2.07016,1,0.00912,0.98949,0.03014
000745_lcam_front_lidar.ply,0.25,200,0.8,0.70229,2.04089,1,0.00754,0.98273,0.04701
000746_lcam_front_lidar.ply,0.25,200,0.8,0.66878,2.04033,1,0.00751,0.98261,0.04645
000747_lcam_front_lidar.ply,0.25,200,0.8,0.7006,2.04112,1,0.00746,0.98324,0.04736
000748_lcam_front_lidar.ply,0.25,200,0.8,0.79299,2.01348,1,0.00212,0.99614,0.00575
000749_lcam_front_lidar.ply,0.25,200,0.8,0.79544,2.05244,1,0.00744,0.98901,0.02936
000750_lcam_front_lidar.ply,0.25,200,0.8,0.733,2.05187,1,0.00736,0.98912,0.02838
000751_lcam_front_lidar.ply,0.25,200,0.8,0.73879,2.03744,1,0.00705,0.98348,0.04803
000752_lcam_front_lidar.ply,0.25,200,0.8,0.82019,2.04244,1,0.00732,0.9846,0.04823
000753_lcam_front_lidar.ply,0.25,200,0.8,0.79067,2.05173,1,0.00729,0.9894,0.02656
000754_lcam_front_lidar.ply,0.25,200,0.8,0.78567,2.03828,1,0.007,0.98415,0.05056
000755_lcam_front_lidar.ply,0.25,200,0.8,0.75547,2.05132,1,0.00724,0.98948,0.02604
000756_lcam_front_lidar.ply,0.25,200,0.8,0.72772,2.06593,1,0.00855,0.99021,0.02333
000757_lcam_front_lidar.ply,0.25,200,0.8,0.77259,2.03763,1,0.00681,0.98474,0.05091
000758_lcam_front_lidar.ply,0.25,200,0.8,0.91308,2.0511,1,0.00712,0.98993,0.02407
000759_lcam_front_lidar.ply,0.25,200,0.8,0.83218,2.11335,1,0.0115,0.9992,0.09037
000760_lcam_front_lidar.ply,0.25,200,0.8,0.70039,2.02099,1,0.00337,0.99366,0.00912
000761_lcam_front_lidar.ply,0.25,200,0.8,0.83118,2.05082,1,0.00702,0.99032,0.02238
000762_lcam_front_lidar.ply,0.25,200,0.8,0.82811,2.07196,1,0.00917,0.99011,0.02309
000763_lcam_front_lidar.ply,0.25,200,0.8,0.73221,2.06036,1,0.00692,0.99555,0.01753
000764_lcam_front_lidar.ply,0.25,200,0.8,0.74385,2.05033,1,0.00693,0.99053,0.02083
000765_lcam_front_lidar.ply,0.25,200,0.8,0.67278,2.04972,1,0.00685,0.9906,0.02048
000766_lcam_front_lidar.ply,0.25,200,0.8,0.7476,2.04963,1,0.00682,0.99071,0.01957
000767_lcam_front_lidar.ply,0.25,200,0.8,0.68552,2.0497,1,0.00681,0.9908,0.01968
000768_lcam_front_lidar.ply,0.25,200,0.8,0.73941,2.04958,1,0.0068,0.99081,0.01927
000769_lcam_front_lidar.ply,0.25,200,0.8,0.71806,2.03865,1,0.00623,0.98819,0.05611
000770_lcam_front_lidar.ply,0.25,200,0.8,0.77908,2.03946,1,0.00616,0.98891,0.05668
000771_lcam_front_lidar.ply,0.25,200,0.8,0.77766,2.04872,1,0.00667,0.99099,0.01821
000772_lcam_front_lidar.ply,0.25,200,0.8,0.88323,2.05591,1,0.00777,0.98912,0.03902
000773_lcam_front_lidar.ply,0.25,200,0.8,0.90189,2.04102,1,0.00593,0.99086,0.06109
000774_lcam_front_lidar.ply,0.25,200,0.8,0.82944,2.04759,1,0.00652,0.99118,0.01698
000775_lcam_front_lidar.ply,0.25,200,0.8,0.77718,2.05531,1,0.00766,0.98936,0.03811
000776_lcam_front_lidar.ply,0.25,200,0.8,0.75198,2.03946,1,0.00585,0.9905,0.05759
000777_lcam_front_lidar.ply,0.25,200,0.8,0.82441,2.0397,1,0.00576,0.99103,0.05806
000778_lcam_front_lidar.ply,0.25,200,0.8,0.75242,2.04081,1,0.00574,0.99169,0.05937
000779_lcam_front_lidar.ply,0.25,200,0.8,0.73118,2.03976,1,0.00559,0.99192,0.05854
000780_lcam_front_lidar.ply,0.25,200,0.8,0.7778,2.0614,1,0.00789,0.99125,0.01596
000781_lcam_front_lidar.ply,0.25,200,0.8,0.72159,2.05344,1,0.00618,0.99584,0.01054
000782_lcam_front_lidar.ply,0.25,200,0.8,0.79409,2.07196,1,0.008,0.996,0.02811
000783_lcam_front_lidar.ply,0.25,200,0.8,0.8615,2.05922,1,0.00763,0.99146,0.01494
000784_lcam_front_lidar.ply,0.25,200,0.8,0.80465,2.0512,1,0.00709,0.99015,0.03353
000785_lcam_front_lidar.ply,0.25,200,0.8,0.83067,2.06232,1,0.00691,0.99663,0.0116
000786_lcam_front_lidar.ply,0.25,200,0.8,0.79253,2.04307,1,0.00592,0.99194,0.01272
000787_lcam_front_lidar.ply,0.25,200,0.8,0.7906,2.04294,1,0.00589,0.992,0.01251
000788_lcam_front_lidar.ply,0.25,200,0.8,0.75923,2.0429,1,0.00588,0.99206,0.01238
000789_lcam_front_lidar.ply,0.25,200,0.8,0.74643,2.06053,1,0.00671,0.99673,0.0107
000790_lcam_front_lidar.ply,0.25,200,0.8,0.81804,1.94996,1,0.00357,0.95715,0.55642
000791_lcam_front_lidar.ply,0.25,200,0.8,0.9352,2.06165,1,0.00797,0.99099,0.02733
000792_lcam_front_lidar.ply,0.25,200,0.8,0.80413,2.04222,1,0.00577,0.99228,0.01194
000793_lcam_front_lidar.ply,0.25,200,0.8,0.74393,2.05806,1,0.0066,0.99603,0.02432
000794_lcam_front_lidar.ply,0.25,200,0.8,0.7601,2.061,1,0.02301,0.91543,0.26398
000795_lcam_front_lidar.ply,0.25,200,0.8,0.7347,2.04976,1,0.00677,0.99101,0.027
000796_lcam_front_lidar.ply,0.25,200,0.8,0.70763,2.04213,1,0.00573,0.99243,0.01155
000797_lcam_front_lidar.ply,0.25,200,0.8,0.84359,2.04961,1,0.00571,0.99627,0.00704
000798_lcam_front_lidar.ply,0.25,200,0.8,0.81825,2.07142,1,0.00811,0.99515,0.04527
000799_lcam_front_lidar.ply,0.25,200,0.8,0.99657,2.04926,1,0.00667,0.99126,0.02498
000800_lcam_front_lidar.ply,0.25,200,0.8,0.8541,2.04175,1,0.00566,0.99256,0.01123
000801_lcam_front_lidar.ply,0.25,200,0.8,0.75516,2.05015,1,0.0057,0.99659,0.00663
000802_lcam_front_lidar.ply,0.25,200,0.8,0.74515,2.04954,1,0.00665,0.99153,0.02321
000803_lcam_front_lidar.ply,0.25,200,0.8,0.75647,2.04178,1,0.00563,0.99272,0.01126
000804_lcam_front_lidar.ply,0.25,200,0.8,0.74881,2.04186,1,0.00563,0.99275,0.0109
000805_lcam_front_lidar.ply,0.25,200,0.8,0.73008,2.05713,1,0.0064,0.99656,0.02056
000806_lcam_front_lidar.ply,0.25,200,0.8,0.7826,2.04174,1,0.0056,0.99286,0.01099
000807_lcam_front_lidar.ply,0.25,200,0.8,0.77278,2.05212,1,0.00523,0.99991,0.00524
000808_lcam_front_lidar.ply,0.25,200,0.8,0.8352,2.05753,1,0.0064,0.99675,0.02006
000809_lcam_front_lidar.ply,0.25,200,0.8,0.78506,2.05708,1,0.00637,0.9967,0.02004
000810_lcam_front_lidar.ply,0.25,200,0.8,0.79161,1.95789,1,0.00198,0.96905,0.188
000811_lcam_front_lidar.ply,0.25,200,0.8,0.73202,2.04158,1,0.00554,0.99308,0.01074
000812_lcam_front_lidar.ply,0.25,200,0.8,0.79743,2.04163,1,0.00555,0.99309,0.01032
000813_lcam_front_lidar.ply,0.25,200,0.8,0.77487,2.04198,1,0.00558,0.9931,0.01062
000814_lcam_front_lidar.ply,0.25,200,0.8,0.67713,2.04182,1,0.00555,0.99315,0.01099
000815_lcam_front_lidar.ply,0.25,200,0.8,0.90958,2.04143,1,0.00551,0.99316,0.0103
000816_lcam_front_lidar.ply,0.25,200,0.8,0.79041,2.0536,1,0.00714,0.9911,0.03261
000817_lcam_front_lidar.ply,0.25,200,0.8,0.71648,2.00947,1,0.00122,0.99866,0.002
000818_lcam_front_lidar.ply,0.25,200,0.8,0.70083,2.05635,1,0.00623,0.99702,0.01598
000819_lcam_front_lidar.ply,0.25,200,0.8,0.71948,2.04074,1,0.00541,0.99331,0.01058
000820_lcam_front_lidar.ply,0.25,200,0.8,0.69901,2.04085,1,0.00541,0.99335,0.01054
000821_lcam_front_lidar.ply,0.25,200,0.8,0.71326,1.92252,1,0.00464,0.93807,0.33574
000822_lcam_front_lidar.ply,0.25,200,0.8,0.79503,2.03975,1,0.00529,0.99342,0.01084
000823_lcam_front_lidar.ply,0.25,200,0.8,0.65707,2.05231,1,0.00575,0.9974,0.00736
000824_lcam_front_lidar.ply,0.25,200,0.8,0.65592,1.99416,1,0.00425,0.97581,0.32237
000825_lcam_front_lidar.ply,0.25,200,0.8,0.74719,2.05235,1,0.00575,0.99743,0.0075
000826_lcam_front_lidar.ply,0.25,200,0.8,0.70618,2.04972,1,0.00672,0.99127,0.03236
000827_lcam_front_lidar.ply,0.25,200,0.8,0.71098,2.00927,1,0.00122,0.99855,0.001
000828_lcam_front_lidar.ply,0.25,200,0.8,0.73592,2.01062,1,0.00357,0.98744,0.28499
000829_lcam_front_lidar.ply,0.25,200,0.8,0.68844,2.037,1,0.00497,0.99366,0.01073
000830_lcam_front_lidar.ply,0.25,200,0.8,0.66019,1.68611,1,0.00756,0.80528,0.31695
000831_lcam_front_lidar.ply,0.25,200,0.8,0.64607,2.03564,1,0.00473,0.99417,0.38825
000832_lcam_front_lidar.ply,0.25,200,0.8,0.61862,2.01881,1,0.00255,0.99665,0.00596
000833_lcam_front_lidar.ply,0.25,200,0.8,0.65487,1.94157,1,0.00142,0.96369,0.30407
000834_lcam_front_lidar.ply,0.25,200,0.8,0.62761,1.66925,1,0.00445,0.81235,0.2174
000835_lcam_front_lidar.ply,0.25,200,0.8,0.64582,2.07693,1,0.0077,0.99995,0.00751
000836_lcam_front_lidar.ply,0.25,200,0.8,0.69696,2.07645,1,0.00765,0.99995,0.00777
000837_lcam_front_lidar.ply,0.25,200,0.8,0.76737,1.71746,1,0.00642,0.82663,0.25787
000838_lcam_front_lidar.ply,0.25,200,0.8,0.66682,1.90177,1,0.00464,0.9277,0.30762
000839_lcam_front_lidar.ply,0.25,200,0.8,0.72759,1.73119,1,0.00612,0.83498,0.32585
000840_lcam_front_lidar.ply,0.25,200,0.8,0.68503,2.07112,1,0.00712,0.99994,0.00756
000841_lcam_front_lidar.ply,0.25,200,0.8,0.61716,1.97704,1,0.00453,0.96589,0.26484
000842_lcam_front_lidar.ply,0.25,200,0.8,0.61925,2.06907,1,0.00692,0.99994,0.00822
000843_lcam_front_lidar.ply,0.25,200,0.8,0.65398,1.99931,1,0.00505,0.97442,0.30426
000844_lcam_front_lidar.ply,0.25,200,0.8,0.6203,2.01103,1,0.00138,0.99864,0.00157
000845_lcam_front_lidar.ply,0.25,200,0.8,0.61342,2.06587,1,0.0066,0.99994,0.00761
000846_lcam_front_lidar.ply,0.25,200,0.8,0.59779,2.06493,1,0.00651,0.99994,0.00782
000847_lcam_front_lidar.ply,0.25,200,0.8,0.65094,1.99506,1,0.00447,0.97517,0.29764
000848_lcam_front_lidar.ply,0.25,200,0.8,0.63474,2.06184,1,0.0062,0.99994,0.0084
000849_lcam_front_lidar.ply,0.25,200,0.8,0.70345,1.95063,1,0.00528,0.9489,0.38081
000850_lcam_front_lidar.ply,0.25,200,0.8,0.68161,2.06095,1,0.00611,0.99993,0.0079
000851_lcam_front_lidar.ply,0.25,200,0.8,0.71045,1.67541,1,0.00291,0.82315,0.21236
000852_lcam_front_lidar.ply,0.25,200,0.8,0.7101,1.98093,1,0.00689,0.95601,0.34259
000853_lcam_front_lidar.ply,0.25,200,0.8,0.68217,2.06098,1,0.00611,0.99994,0.00813
000854_lcam_front_lidar.ply,0.25,200,0.8,0.68425,2.06076,1,0.00609,0.99994,0.00787
000855_lcam_front_lidar.ply,0.25,200,0.8,0.63619,2.03689,1,0.00513,0.99279,0.0248
000856_lcam_front_lidar.ply,0.25,200,0.8,0.62692,1.77735,1,0.00471,0.86515,0.321
000857_lcam_front_lidar.ply,0.25,200,0.8,0.58903,1.98483,1,0.00301,0.97735,0.30059
000858_lcam_front_lidar.ply,0.25,200,0.8,0.66264,1.89915,1,0.0069,0.91508,0.44606
000859_lcam_front_lidar.ply,0.25,200,0.8,0.59482,1.92687,1,0.00246,0.95113,0.23762
000860_lcam_front_lidar.ply,0.25,200,0.8,0.7224,1.97036,1,0.00359,0.96723,0.33081
000861_lcam_front_lidar.ply,0.25,200,0.8,0.69577,2.05797,1,0.00581,0.99993,0.00768
000862_lcam_front_lidar.ply,0.25,200,0.8,0.60365,1.95151,1,0.00377,0.95692,0.29643
000863_lcam_front_lidar.ply,0.25,200,0.8,0.64339,1.86043,1,0.0057,0.90174,0.3004
000864_lcam_front_lidar.ply,0.25,200,0.8,0.76265,2.01696,1,0.0086,0.96549,0.31608
000865_lcam_front_lidar.ply,0.25,200,0.8,0.60482,2.05623,1,0.00564,0.99993,0.00729
000866_lcam_front_lidar.ply,0.25,200,0.8,0.65902,2.04589,1,0.00506,0.99763,0.38203
000867_lcam_front_lidar.ply,0.25,200,0.8,0.63746,1.97276,1,0.005,0.96138,0.38913
000868_lcam_front_lidar.ply,0.25,200,0.8,0.58462,2.05424,1,0.00544,0.99993,0.00675
000869_lcam_front_lidar.ply,0.25,200,0.8,0.76373,1.98174,1,0.0055,0.96335,0.31906
000870_lcam_front_lidar.ply,0.25,200,0.8,0.65184,2.02236,1,0.00657,0.97834,0.50664
000871_lcam_front_lidar.ply,0.25,200,0.8,0.76324,2.05146,1,0.00517,0.99989,0.00667
000872_lcam_front_lidar.ply,0.25,200,0.8,0.65382,2.02572,1,0.00488,0.98847,0.24098
000873_lcam_front_lidar.ply,0.25,200,0.8,0.67594,1.88747,1,0.00539,0.9168,0.28029
000874_lcam_front_lidar.ply,0.25,200,0.8,0.76155,2.05344,1,0.00536,0.99993,0.0066
000875_lcam_front_lidar.ply,0.25,200,0.8,0.63449,2.0179,1,0.0025,0.99645,0.00862
000876_lcam_front_lidar.ply,0.25,200,0.8,0.6038,1.7998,1,0.00593,0.87025,0.34431
000877_lcam_front_lidar.ply,0.25,200,0.8,0.65184,2.00394,1,0.00204,0.99179,0.00807
000878_lcam_front_lidar.ply,0.25,200,0.8,0.596,2.0134,1,0.00203,0.99653,0.00411
000879_lcam_front_lidar.ply,0.25,200,0.8,0.61802,1.7814,1,0.00679,0.85675,0.28322
000880_lcam_front_lidar.ply,0.25,200,0.8,0.67851,1.8434,1,0.00455,0.89895,0.32009
000881_lcam_front_lidar.ply,0.25,200,0.8,0.60661,2.05203,1,0.00522,0.99992,0.00649
000882_lcam_front_lidar.ply,0.25,200,0.8,0.64897,2.05117,1,0.00513,0.99992,0.00619
000883_lcam_front_lidar.ply,0.25,200,0.8,0.6211,2.0023,1,0.00184,0.99197,0.0071
000884_lcam_front_lidar.ply,0.25,200,0.8,0.57319,2.00131,1,0.00469,0.97721,0.35035
000885_lcam_front_lidar.ply,0.25,200,0.8,0.59855,2.05007,1,0.00502,0.99992,0.00612
000886_lcam_front_lidar.ply,0.25,200,0.8,0.69229,2.01847,1,0.00256,0.99642,0.00909
000887_lcam_front_lidar.ply,0.25,200,0.8,0.63016,1.86656,1,0.00183,0.92412,0.25192
000888_lcam_front_lidar.ply,0.25,200,0.8,0.68605,1.86911,1,0.00863,0.89142,0.35032
000889_lcam_front_lidar.ply,0.25,200,0.8,0.57771,2.00334,1,0.0019,0.99218,0.00819
000890_lcam_front_lidar.ply,0.25,200,0.8,0.62343,2.06496,1,0.00651,0.99992,0.01248
000891_lcam_front_lidar.ply,0.25,200,0.8,0.589,2.06271,1,0.0063,0.99988,0.01181
000892_lcam_front_lidar.ply,0.25,200,0.8,0.5786,2.06359,1,0.00641,0.99974,0.02498
000893_lcam_front_lidar.ply,0.25,200,0.8,0.69986,1.97436,1,0.0047,0.96368,0.35398
000894_lcam_front_lidar.ply,0.25,200,0.8,0.58566,2.03676,1,0.00576,0.98957,0.33971
000895_lcam_front_lidar.ply,0.25,200,0.8,0.57162,2.05155,1,0.00519,0.99981,0.00861
000896_lcam_front_lidar.ply,0.25,200,0.8,0.60408,1.84606,1,0.00589,0.89358,0.22758
000897_lcam_front_lidar.ply,0.25,200,0.8,0.60861,1.87477,1,0.00632,0.90577,0.32186
000898_lcam_front_lidar.ply,0.25,200,0.8,0.59497,2.06204,1,0.00626,0.9997,0.02468
000899_lcam_front_lidar.ply,0.25,200,0.8,0.58647,1.9994,1,0.00139,0.99275,0.00398
000900_lcam_front_lidar.ply,0.25,200,0.8,0.67129,2.04578,1,0.0046,0.99991,0.00569
000901_lcam_front_lidar.ply,0.25,200,0.8,0.63703,2.00521,1,0.00206,0.99233,0.0088
000902_lcam_front_lidar.ply,0.25,200,0.8,0.58199,1.82904,1,0.00583,0.88537,0.36827
000903_lcam_front_lidar.ply,0.25,200,0.8,0.59506,2.06086,1,0.00615,0.99967,0.0233
000904_lcam_front_lidar.ply,0.25,200,0.8,0.54951,2.05948,1,0.00597,0.99989,0.01095
000905_lcam_front_lidar.ply,0.25,200,0.8,0.56553,1.73817,1,0.00838,0.82716,0.21338
000906_lcam_front_lidar.ply,0.25,200,0.8,0.58849,2.06015,1,0.00608,0.99966,0.02296
000907_lcam_front_lidar.ply,0.25,200,0.8,0.58128,2.04618,1,0.00478,0.99919,0.01532
000908_lcam_front_lidar.ply,0.25,200,0.8,0.54256,2.05719,1,0.00575,0.99983,0.0096
000909_lcam_front_lidar.ply,0.25,200,0.8,0.61484,1.98568,1,0.00513,0.96718,0.33941
000910_lcam_front_lidar.ply,0.25,200,0.8,0.60829,2.04666,1,0.00584,0.99413,0.38238
000911_lcam_front_lidar.ply,0.25,200,0.8,0.56112,2.05876,1,0.00595,0.99963,0.022
000912_lcam_front_lidar.ply,0.25,200,0.8,0.66353,1.98704,1,0.00354,0.97583,0.38425
000913_lcam_front_lidar.ply,0.25,200,0.8,0.58705,2.04556,1,0.0046,0.99976,0.0056
000914_lcam_front_lidar.ply,0.25,200,0.8,0.60164,1.93668,1,0.00646,0.93603,0.24652
000915_lcam_front_lidar.ply,0.25,200,0.8,0.58961,2.0488,1,0.0049,0.99991,0.00665
000916_lcam_front_lidar.ply,0.25,200,0.8,0.59416,2.05927,1,0.006,0.99963,0.02219
000917_lcam_front_lidar.ply,0.25,200,0.8,0.5875,2.02918,1,0.00375,0.99586,0.01248
000918_lcam_front_lidar.ply,0.25,200,0.8,0.57819,2.00525,1,0.00195,0.99286,0.00894
000919_lcam_front_lidar.ply,0.25,200,0.8,0.57965,2.043,1,0.00432,0.9999,0.00542
000920_lcam_front_lidar.ply,0.25,200,0.8,0.60287,2.05527,1,0.00556,0.99982,0.00935
000921_lcam_front_lidar.ply,0.25,200,0.8,0.56665,2.05602,1,0.00564,0.99983,0.00968
000922_lcam_front_lidar.ply,0.25,200,0.8,0.58341,2.01247,1,0.00501,0.98119,0.31204
000923_lcam_front_lidar.ply,0.25,200,0.8,0.62284,1.82988,1,0.00341,0.89788,0.24822
000924_lcam_front_lidar.ply,0.25,200,0.8,0.55418,2.05482,1,0.00552,0.99981,0.00914
000925_lcam_front_lidar.ply,0.25,200,0.8,0.54467,2.04434,1,0.00446,0.99986,0.00579
000926_lcam_front_lidar.ply,0.25,200,0.8,0.57271,1.9501,1,0.00412,0.95443,0.31989
000927_lcam_front_lidar.ply,0.25,200,0.8,0.57271,2.04317,1,0.00448,0.9992,0.01271
000928_lcam_front_lidar.ply,0.25,200,0.8,0.61199,1.64202,1,0.00091,0.81647,0.45232
000929_lcam_front_lidar.ply,0.25,200,0.8,0.60809,2.05383,1,0.00542,0.99979,0.00862
000930_lcam_front_lidar.ply,0.25,200,0.8,0.54878,2.00712,1,0.00219,0.9926,0.01196
000931_lcam_front_lidar.ply,0.25,200,0.8,0.54132,2.05296,1,0.00534,0.99977,0.00824
000932_lcam_front_lidar.ply,0.25,200,0.8,0.59416,1.89322,1,0.00261,0.93354,0.3269
000933_lcam_front_lidar.ply,0.25,200,0.8,0.5423,1.86325,1,0.00622,0.9005,0.06024
000934_lcam_front_lidar.ply,0.25,200,0.8,0.55606,1.86361,1,0.0062,0.90082,0.05943
000935_lcam_front_lidar.ply,0.25,200,0.8,0.57293,2.0449,1,0.00454,0.99977,0.0055
000936_lcam_front_lidar.ply,0.25,200,0.8,0.60503,1.86314,1,0.0065,0.89908,0.22384
000937_lcam_front_lidar.ply,0.25,200,0.8,0.60349,2.05148,1,0.0052,0.99976,0.00771
000938_lcam_front_lidar.ply,0.25,200,0.8,0.57151,1.9852,1,0.00644,0.96041,0.38473
000939_lcam_front_lidar.ply,0.25,200,0.8,0.53649,1.94816,1,0.0027,0.96059,0.22401
000940_lcam_front_lidar.ply,0.25,200,0.8,0.61291,1.62153,1,0.00172,0.80215,0.21756
000941_lcam_front_lidar.ply,0.25,200,0.8,0.5797,2.05399,1,0.00548,0.99959,0.01701
000942_lcam_front_lidar.ply,0.25,200,0.8,0.62653,2.05353,1,0.00544,0.99958,0.01689
000943_lcam_front_lidar.ply,0.25,200,0.8,0.54012,2.01365,1,0.00208,0.99644,0.00609
000944_lcam_front_lidar.ply,0.25,200,0.8,0.6261,2.05373,1,0.00546,0.99957,0.01669
000945_lcam_front_lidar.ply,0.25,200,0.8,0.53937,2.03777,1,0.00672,0.98529,0.31742
000946_lcam_front_lidar.ply,0.25,200,0.8,0.58154,1.98719,1,0.00119,0.98763,0.00274
000947_lcam_front_lidar.ply,0.25,200,0.8,0.5849,2.05239,1,0.00533,0.99957,0.01596
000948_lcam_front_lidar.ply,0.25,200,0.8,0.5419,2.04869,1,0.00492,0.99973,0.0066
000949_lcam_front_lidar.ply,0.25,200,0.8,0.57945,2.05132,1,0.00516,0.99984,0.00844
000950_lcam_front_lidar.ply,0.25,200,0.8,0.55413,2.04943,1,0.00499,0.99975,0.00688
000951_lcam_front_lidar.ply,0.25,200,0.8,0.55748,1.90589,1,0.00644,0.92075,0.07778
000952_lcam_front_lidar.ply,0.25,200,0.8,0.65756,1.87773,1,0.00595,0.90909,0.32661
000953_lcam_front_lidar.ply,0.25,200,0.8,0.5281,2.04978,1,0.00501,0.99983,0.00759
000954_lcam_front_lidar.ply,0.25,200,0.8,0.59315,1.99362,1,0.00177,0.98798,0.00772
000955_lcam_front_lidar.ply,0.25,200,0.8,0.50998,1.93205,1,0.00694,0.93134,0.36723
000956_lcam_front_lidar.ply,0.25,200,0.8,0.55172,1.84042,1,0.00729,0.88376,0.28613
000957_lcam_front_lidar.ply,0.25,200,0.8,0.59097,2.04702,1,0.00476,0.99972,0.00618
000958_lcam_front_lidar.ply,0.25,200,0.8,0.58215,2.04827,1,0.00571,0.9956,0.32289
000959_lcam_front_lidar.ply,0.25,200,0.8,0.56673,2.04778,1,0.00481,0.99982,0.00728
000960_lcam_front_lidar.ply,0.25,200,0.8,0.54858,2.04848,1,0.00495,0.9995,0.01358
000961_lcam_front_lidar.ply,0.25,200,0.8,0.53986,2.00383,1,0.00658,0.96902,0.35602
000962_lcam_front_lidar.ply,0.25,200,0.8,0.60383,1.70134,1,0.00562,0.82258,0.30769
000963_lcam_front_lidar.ply,0.25,200,0.8,0.60384,2.03627,1,0.00678,0.98423,0.28879
000964_lcam_front_lidar.ply,0.25,200,0.8,0.62198,2.02756,1,0.00278,0.99987,0.00234
000965_lcam_front_lidar.ply,0.25,200,0.8,0.6271,2.04752,1,0.00486,0.99947,0.01351
000966_lcam_front_lidar.ply,0.25,200,0.8,0.55743,1.92668,1,0.00369,0.94491,0.31383
000967_lcam_front_lidar.ply,0.25,200,0.8,0.63088,1.86382,1,0.00791,0.89236,0.2533
000968_lcam_front_lidar.ply,0.25,200,0.8,0.56884,2.04607,1,0.00472,0.99944,0.01349
000969_lcam_front_lidar.ply,0.25,200,0.8,0.57164,2.02191,1,0.00554,0.98328,0.05114
000970_lcam_front_lidar.ply,0.25,200,0.8,0.65375,2.0466,1,0.00477,0.99946,0.01313
000971_lcam_front_lidar.ply,0.25,200,0.8,0.55781,2.01798,1,0.00535,0.98221,0.04144
000972_lcam_front_lidar.ply,0.25,200,0.8,0.60109,1.83423,1,0.00646,0.88484,0.22912
000973_lcam_front_lidar.ply,0.25,200,0.8,0.59111,2.02221,1,0.00225,0.99987,0.00139
000974_lcam_front_lidar.ply,0.25,200,0.8,0.57392,2.0575,1,0.00582,0.99967,0.04023
000975_lcam_front_lidar.ply,0.25,200,0.8,0.60422,2.04127,1,0.00722,0.98452,0.31856
000976_lcam_front_lidar.ply,0.25,200,0.8,0.56047,1.93617,1,0.00463,0.94496,0.20223
000977_lcam_front_lidar.ply,0.25,200,0.8,0.55623,2.05536,1,0.00562,0.9996,0.03594
000978_lcam_front_lidar.ply,0.25,200,0.8,0.58048,2.01787,1,0.00183,0.9998,0.00059
000979_lcam_front_lidar.ply,0.25,200,0.8,0.57507,2.01665,1,0.00523,0.9822,0.03933
000980_lcam_front_lidar.ply,0.25,200,0.8,0.63247,2.04782,1,0.01015,0.97318,0.32789
000981_lcam_front_lidar.ply,0.25,200,0.8,0.571,2.03387,1,0.00413,0.99626,0.02452
000982_lcam_front_lidar.ply,0.25,200,0.8,0.6009,1.98913,1,0.00968,0.94614,0.29919
000983_lcam_front_lidar.ply,0.25,200,0.8,0.65241,2.01943,1,0.00645,0.97749,0.31245
000984_lcam_front_lidar.ply,0.25,200,0.8,0.57148,2.10232,1,0.01443,0.97899,0.33495
000985_lcam_front_lidar.ply,0.25,200,0.8,0.62663,2.02573,1,0.00842,0.97074,0.2864
000986_lcam_front_lidar.ply,0.25,200,0.8,0.64964,1.94735,1,0.00476,0.94989,0.16874
000987_lcam_front_lidar.ply,0.25,200,0.8,0.54662,2.04957,1,0.00634,0.99307,0.16112
000988_lcam_front_lidar.ply,0.25,200,0.8,0.62189,2.02824,1,0.00285,0.99988,0.00195
000989_lcam_front_lidar.ply,0.25,200,0.8,0.60439,1.91936,1,0.01583,0.88051,0.26286
000990_lcam_front_lidar.ply,0.25,200,0.8,0.59745,1.91643,1,0.00466,0.93489,0.21828
000991_lcam_front_lidar.ply,0.25,200,0.8,0.63845,2.04012,1,0.00925,0.97383,0.32595
000992_lcam_front_lidar.ply,0.25,200,0.8,0.6211,2.03731,1,0.00377,0.99983,0.00454
000993_lcam_front_lidar.ply,0.25,200,0.8,0.61671,1.87195,1,0.01408,0.86556,0.28532
000994_lcam_front_lidar.ply,0.25,200,0.8,0.58615,2.07896,1,0.00954,0.99178,0.34869
000995_lcam_front_lidar.ply,0.25,200,0.8,0.55707,2.05316,1,0.00932,0.97996,0.39773
000996_lcam_front_lidar.ply,0.25,200,0.8,0.63726,1.92033,1,0.01386,0.89085,0.2956
000997_lcam_front_lidar.ply,0.25,200,0.8,0.5646,2.06147,1,0.00622,0.99962,0.04933
000998_lcam_front_lidar.ply,0.25,200,0.8,0.60019,2.03179,1,0.00483,0.99175,0.04748
000999_lcam_front_lidar.ply,0.25,200,0.8,0.58461,1.8683,1,0.01161,0.87608,0.23977
001000_lcam_front_lidar.ply,0.25,200,0.8,0.63689,2.03529,1,0.00474,0.99395,0.04726
001001_lcam_front_lidar.ply,0.25,200,0.8,0.66602,2.1078,1,0.01375,0.98514,0.32752
001002_lcam_front_lidar.ply,0.25,200,0.8,0.59892,2.08945,1,0.00904,0.99954,0.3155
001003_lcam_front_lidar.ply,0.25,200,0.8,0.63652,1.95424,1,0.01601,0.89705,0.28243
001004_lcam_front_lidar.ply,0.25,200,0.8,0.61217,2.03063,1,0.00494,0.99062,0.0498
001005_lcam_front_lidar.ply,0.25,200,0.8,0.66624,1.88999,1,0.00505,0.91976,0.32863
001006_lcam_front_lidar.ply,0.25,200,0.8,0.65168,1.62793,1,0.00227,0.80261,0.23228
001007_lcam_front_lidar.ply,0.25,200,0.8,0.65139,1.94306,1,0.01619,0.89059,0.29291
001008_lcam_front_lidar.ply,0.25,200,0.8,0.6674,2.01502,1,0.00503,0.98236,0.04402
001009_lcam_front_lidar.ply,0.25,200,0.8,0.73298,1.91021,1,0.00948,0.90769,0.29443
001010_lcam_front_lidar.ply,0.25,200,0.8,0.74038,2.02634,1,0.00666,0.97989,0.38403
001011_lcam_front_lidar.ply,0.25,200,0.8,0.65249,1.84279,1,0.00441,0.89934,0.30375
001012_lcam_front_lidar.ply,0.25,200,0.8,0.65337,1.87991,1,0.00558,0.91206,0.30519
001013_lcam_front_lidar.ply,0.25,200,0.8,0.63705,2.02039,1,0.00995,0.96045,0.29035
001014_lcam_front_lidar.ply,0.25,200,0.8,0.6489,2.0618,1,0.00688,0.99651,0.05319
001015_lcam_front_lidar.ply,0.25,200,0.8,0.60891,1.98991,1,0.01564,0.91676,0.31081
001016_lcam_front_lidar.ply,0.25,200,0.8,0.66285,2.04547,1,0.00474,0.99901,0.04256
001017_lcam_front_lidar.ply,0.25,200,0.8,0.68936,1.99255,1,0.01253,0.93361,0.35901
001018_lcam_front_lidar.ply,0.25,200,0.8,0.62102,2.06385,1,0.00695,0.99717,0.05318
001019_lcam_front_lidar.ply,0.25,200,0.8,0.63662,2.06225,1,0.00626,0.99983,0.0536
001020_lcam_front_lidar.ply,0.25,200,0.8,0.65047,2.10287,1,0.01695,0.96669,0.28338
001021_lcam_front_lidar.ply,0.25,200,0.8,0.63935,2.01934,1,0.00355,0.99192,0.02774
001022_lcam_front_lidar.ply,0.25,200,0.8,0.70477,2.0472,1,0.00485,0.99937,0.01791
001023_lcam_front_lidar.ply,0.25,200,0.8,0.6964,1.95031,1,0.01132,0.91854,0.27023
001024_lcam_front_lidar.ply,0.25,200,0.8,0.77867,1.97777,1,0.01906,0.8936,0.35192
001025_lcam_front_lidar.ply,0.25,200,0.8,0.64498,1.89959,1,0.0197,0.85127,0.29466
001026_lcam_front_lidar.ply,0.25,200,0.8,0.80116,1.87416,1,0.01468,0.86367,0.31298
001027_lcam_front_lidar.ply,0.25,200,0.8,0.74187,2.00953,1,0.00702,0.96964,0.40072
001028_lcam_front_lidar.ply,0.25,200,0.8,0.69025,2.06759,1,0.00704,0.99858,0.05647
001029_lcam_front_lidar.ply,0.25,200,0.8,0.66664,2.04621,1,0.00478,0.99921,0.04377
001030_lcam_front_lidar.ply,0.25,200,0.8,0.66631,2.04896,1,0.00672,0.9909,0.37642
001031_lcam_front_lidar.ply,0.25,200,0.8,0.69743,2.04431,1,0.00456,0.99937,0.01318
001032_lcam_front_lidar.ply,0.25,200,0.8,0.72983,1.99959,1,0.00616,0.96898,0.3302
001033_lcam_front_lidar.ply,0.25,200,0.8,0.73072,1.90714,1,0.01859,0.8606,0.28594
001034_lcam_front_lidar.ply,0.25,200,0.8,0.74198,2.03323,1,0.0062,0.98561,0.24794
001035_lcam_front_lidar.ply,0.25,200,0.8,0.7476,2.06769,1,0.007,0.99886,0.05866
001036_lcam_front_lidar.ply,0.25,200,0.8,0.73763,2.04695,1,0.00483,0.99932,0.04578
001037_lcam_front_lidar.ply,0.25,200,0.8,0.71098,2.0621,1,0.00627,0.99972,0.04199
001038_lcam_front_lidar.ply,0.25,200,0.8,0.69976,2.08361,1,0.00992,0.99218,0.30141
001039_lcam_front_lidar.ply,0.25,200,0.8,0.762,1.92179,1,0.01875,0.86713,0.2723
001040_lcam_front_lidar.ply,0.25,200,0.8,0.65053,1.77925,1,0.01004,0.83942,0.25517
001041_lcam_front_lidar.ply,0.25,200,0.8,0.7101,2.06103,1,0.00613,0.99985,0.05127
001042_lcam_front_lidar.ply,0.25,200,0.8,0.66854,1.92231,1,0.01859,0.8682,0.33106
001043_lcam_front_lidar.ply,0.25,200,0.8,0.71308,1.81554,1,0.01312,0.84215,0.29264
001044_lcam_front_lidar.ply,0.25,200,0.8,0.77451,2.10937,1,0.01146,0.9974,0.26388
001045_lcam_front_lidar.ply,0.25,200,0.8,0.75342,2.04761,1,0.00544,0.99658,0.29687
001046_lcam_front_lidar.ply,0.25,200,0.8,0.77382,2.0166,1,0.00709,0.97286,0.33392
001047_lcam_front_lidar.ply,0.25,200,0.8,0.68627,2.10991,1,0.01392,0.98538,0.33559
001048_lcam_front_lidar.ply,0.25,200,0.8,0.83177,1.85907,1,0.01235,0.8678,0.29212
001049_lcam_front_lidar.ply,0.25,200,0.8,0.85934,2.10273,1,0.01628,0.96995,0.33031
001050_lcam_front_lidar.ply,0.25,200,0.8,0.90294,1.94248,1,0.01726,0.88492,0.3057
001051_lcam_front_lidar.ply,0.25,200,0.8,0.80282,2.15353,1,0.0165,0.99428,0.42368
001052_lcam_front_lidar.ply,0.25,200,0.8,0.76661,1.90508,1,0.02004,0.85233,0.2928
001053_lcam_front_lidar.ply,0.25,200,0.8,0.74655,1.86903,1,0.00512,0.90892,0.05042
001054_lcam_front_lidar.ply,0.25,200,0.8,0.79397,2.14013,1,0.01549,0.99259,0.33542
001055_lcam_front_lidar.ply,0.25,200,0.8,0.71582,1.80161,1,0.01416,0.83,0.26831
001056_lcam_front_lidar.ply,0.25,200,0.8,0.78886,2.1165,1,0.0151,0.98275,0.33885
001057_lcam_front_lidar.ply,0.25,200,0.8,0.758,2.14322,1,0.01567,0.99325,0.28166
001058_lcam_front_lidar.ply,0.25,200,0.8,0.70375,2.16817,1,0.0202,0.98306,0.30971
001059_lcam_front_lidar.ply,0.25,200,0.8,0.74462,1.92981,1,0.01371,0.89637,0.2548
001060_lcam_front_lidar.ply,0.25,200,0.8,0.71845,2.08362,1,0.01563,0.96365,0.34563
001061_lcam_front_lidar.ply,0.25,200,0.8,0.66278,1.89698,1,0.01328,0.88207,0.24176
001062_lcam_front_lidar.ply,0.25,200,0.8,0.8801,2.10381,1,0.01524,0.97569,0.28588
001063_lcam_front_lidar.ply,0.25,200,0.8,1.14647,1.93334,1,0.01422,0.89555,0.26301
001064_lcam_front_lidar.ply,0.25,200,0.8,1.03101,2.12998,1,0.01498,0.99007,0.26672
001065_lcam_front_lidar.ply,0.25,200,0.8,1.06671,2.12782,1,0.01655,0.98116,0.30919
001066_lcam_front_lidar.ply,0.25,200,0.8,1.01216,2.06835,1,0.00707,0.99881,0.06486
001067_lcam_front_lidar.ply,0.25,200,0.8,0.89798,1.87751,1,0.01154,0.88105,0.21168
001068_lcam_front_lidar.ply,0.25,200,0.8,0.88484,1.96683,1,0.01205,0.92317,0.22542
001069_lcam_front_lidar.ply,0.25,200,0.8,0.83487,2.07312,1,0.01014,0.98584,0.33626
001070_lcam_front_lidar.ply,0.25,200,0.8,0.69766,2.01978,1,0.00917,0.96403,0.27071
001071_lcam_front_lidar.ply,0.25,200,0.8,0.71822,1.71899,1,0.01121,0.80343,0.29535
001072_lcam_front_lidar.ply,0.25,200,0.8,0.67959,2.08721,1,0.01728,0.9572,0.30539
001073_lcam_front_lidar.ply,0.25,200,0.8,0.72419,2.03775,1,0.01728,0.93248,0.31534
001074_lcam_front_lidar.ply,0.25,200,0.8,0.65964,2.10877,1,0.01643,0.97225,0.30163
001075_lcam_front_lidar.ply,0.25,200,0.8,0.77528,2.15484,1,0.02186,0.9681,0.28618
001076_lcam_front_lidar.ply,0.25,200,0.8,0.69551,2.00771,1,0.00148,0.99645,0.00328
001077_lcam_front_lidar.ply,0.25,200,0.8,0.71903,2.08236,1,0.01758,0.95326,0.27784
001078_lcam_front_lidar.ply,0.25,200,0.8,0.83092,2.09518,1,0.0201,0.94709,0.30155
001079_lcam_front_lidar.ply,0.25,200,0.8,0.77822,2.10658,1,0.02062,0.9502,0.2983
001080_lcam_front_lidar.ply,0.25,200,0.8,0.77303,2.09,1,0.01981,0.94594,0.29698
001081_lcam_front_lidar.ply,0.25,200,0.8,0.68308,2.07566,1,0.0199,0.93831,0.28729
001082_lcam_front_lidar.ply,0.25,200,0.8,0.7148,2.06409,1,0.01398,0.96213,0.23771
001083_lcam_front_lidar.ply,0.25,200,0.8,0.7417,2.11876,1,0.02032,0.95779,0.29891
001084_lcam_front_lidar.ply,0.25,200,0.8,0.66644,2.04603,1,0.01978,0.92411,0.28684
001085_lcam_front_lidar.ply,0.25,200,0.8,0.64256,2.12319,1,0.02135,0.95484,0.29866
001086_lcam_front_lidar.ply,0.25,200,0.8,0.80746,2.07081,1,0.0194,0.9384,0.29545
001087_lcam_front_lidar.ply,0.25,200,0.8,0.72068,2.06089,1,0.01329,0.96397,0.22616
001088_lcam_front_lidar.ply,0.25,200,0.8,0.70689,2.11762,1,0.02157,0.95096,0.30328
001089_lcam_front_lidar.ply,0.25,200,0.8,0.65104,2.07039,1,0.01358,0.96728,0.22847
001090_lcam_front_lidar.ply,0.25,200,0.8,0.66635,2.14658,1,0.02006,0.97298,0.31647
001091_lcam_front_lidar.ply,0.25,200,0.8,0.80623,2.09611,1,0.02025,0.9468,0.30095
001092_lcam_front_lidar.ply,0.25,200,0.8,0.73014,2.13734,1,0.0175,0.98114,0.28686
001093_lcam_front_lidar.ply,0.25,200,0.8,0.76392,2.14953,1,0.02101,0.96974,0.29162
001094_lcam_front_lidar.ply,0.25,200,0.8,0.80488,2.08925,1,0.01783,0.95548,0.27317
001095_lcam_front_lidar.ply,0.25,200,0.8,0.71377,2.13152,1,0.01492,0.99118,0.26111
001096_lcam_front_lidar.ply,0.25,200,0.8,0.69976,2.15066,1,0.01864,0.98214,0.28017
001097_lcam_front_lidar.ply,0.25,200,0.8,0.8716,2.15047,1,0.01575,0.99651,0.26216
001098_lcam_front_lidar.ply,0.25,200,0.8,0.69098,2.14661,1,0.01564,0.99512,0.2619
001099_lcam_front_lidar.ply,0.25,200,0.8,0.72839,2.14293,1,0.01491,0.99691,0.24732
001100_lcam_front_lidar.ply,0.25,200,0.8,0.63822,2.14999,1,0.01584,0.99579,0.24417
001101_lcam_front_lidar.ply,0.25,200,0.8,0.80691,2.13318,1,0.01352,0.99897,0.20155
001102_lcam_front_lidar.ply,0.25,200,0.8,0.71425,2.16309,1,0.0167,0.99803,0.23747
001103_lcam_front_lidar.ply,0.25,200,0.8,0.68428,2.15547,1,0.01675,0.99397,0.24674
001104_lcam_front_lidar.ply,0.25,200,0.8,0.7075,2.17344,1,0.01831,0.99515,0.24746
001105_lcam_front_lidar.ply,0.25,200,0.8,0.68484,2.11798,1,0.01874,0.96527,0.28868
001106_lcam_front_lidar.ply,0.25,200,0.8,0.70212,2.19061,1,0.02169,0.98684,0.27958
001107_lcam_front_lidar.ply,0.25,200,0.8,0.66174,2.19752,1,0.0225,0.98624,0.28879
001108_lcam_front_lidar.ply,0.25,200,0.8,0.63774,2.18663,1,0.02058,0.99044,0.26243
001109_lcam_front_lidar.ply,0.25,200,0.8,0.68718,2.18578,1,0.02074,0.98921,0.28613
001110_lcam_front_lidar.ply,0.25,200,0.8,0.55684,2.16233,1,0.01743,0.99403,0.25452
001111_lcam_front_lidar.ply,0.25,200,0.8,0.6651,2.15396,1,0.01756,0.98918,0.32323
001112_lcam_front_lidar.ply,0.25,200,0.8,0.72349,2.16864,1,0.01698,0.9994,0.21527
001113_lcam_front_lidar.ply,0.25,200,0.8,0.68374,2.18494,1,0.01976,0.99365,0.28278
001114_lcam_front_lidar.ply,0.25,200,0.8,0.6061,2.18731,1,0.02038,0.99175,0.28399
001115_lcam_front_lidar.ply,0.25,200,0.8,0.63781,2.16736,1,0.0179,0.99416,0.27617
001116_lcam_front_lidar.ply,0.25,200,0.8,0.65733,2.18948,1,0.02065,0.9915,0.28055
001117_lcam_front_lidar.ply,0.25,200,0.8,0.605,2.16313,1,0.01641,0.99953,0.26334
001118_lcam_front_lidar.ply,0.25,200,0.8,0.67616,2.12697,1,0.01668,0.98007,0.268
001119_lcam_front_lidar.ply,0.25,200,0.8,0.71842,2.15679,1,0.01641,0.99634,0.24489
001120_lcam_front_lidar.ply,0.25,200,0.8,0.62477,2.15328,1,0.0164,0.99466,0.25618
001121_lcam_front_lidar.ply,0.25,200,0.8,0.6102,2.03604,1,0.00394,0.99832,0.17816
001122_lcam_front_lidar.ply,0.25,200,0.8,0.68856,1.92559,1,0.01051,0.91024,0.36293
001123_lcam_front_lidar.ply,0.25,200,0.8,0.70093,2.1463,1,0.01622,0.99204,0.29148
001124_lcam_front_lidar.ply,0.25,200,0.8,0.57072,2.16116,1,0.01617,0.99971,0.27581
001125_lcam_front_lidar.ply,0.25,200,0.8,0.66845,2.07357,1,0.01001,0.98676,0.14997
001126_lcam_front_lidar.ply,0.25,200,0.8,0.66786,2.16449,1,0.01655,0.99947,0.25395
001127_lcam_front_lidar.ply,0.25,200,0.8,0.65171,2.00068,1,0.00312,0.98476,0.13803
001128_lcam_front_lidar.ply,0.25,200,0.8,0.67036,2.21293,1,0.02143,0.9993,0.29253
001129_lcam_front_lidar.ply,0.25,200,0.8,0.80172,2.17688,1,0.01782,0.99933,0.25936
001130_lcam_front_lidar.ply,0.25,200,0.8,0.66148,2.16501,1,0.01762,0.99441,0.28992
001131_lcam_front_lidar.ply,0.25,200,0.8,0.65002,2.16259,1,0.01685,0.99703,0.24239
001132_lcam_front_lidar.ply,0.25,200,0.8,0.68886,2.18824,1,0.01887,0.99975,0.25793
001133_lcam_front_lidar.ply,0.25,200,0.8,0.65446,2.20797,1,0.02083,0.99985,0.27464
001134_lcam_front_lidar.ply,0.25,200,0.8,0.66342,2.20802,1,0.0209,0.99951,0.27505
001135_lcam_front_lidar.ply,0.25,200,0.8,0.6516,2.21011,1,0.02104,0.99985,0.2629
001136_lcam_front_lidar.ply,0.25,200,0.8,0.65215,2.16947,1,0.01742,0.99761,0.22724
001137_lcam_front_lidar.ply,0.25,200,0.8,0.72157,2.18292,1,0.01862,0.99834,0.2413
001138_lcam_front_lidar.ply,0.25,200,0.8,0.64482,2.19983,1,0.02019,0.99899,0.25289
001139_lcam_front_lidar.ply,0.25,200,0.8,0.66612,2.09466,1,0.01454,0.97465,0.16894
001140_lcam_front_lidar.ply,0.25,200,0.8,0.64447,2.20742,1,0.02075,0.99993,0.28222
001141_lcam_front_lidar.ply,0.25,200,0.8,0.68753,2.17213,1,0.01754,0.99834,0.25838
001142_lcam_front_lidar.ply,0.25,200,0.8,0.74293,2.15046,1,0.01675,0.99147,0.25093
001143_lcam_front_lidar.ply,0.25,200,0.8,0.6233,2.19196,1,0.01922,0.99986,0.31458
001144_lcam_front_lidar.ply,0.25,200,0.8,0.6819,2.00605,1,0.00136,0.99623,0.00266
001145_lcam_front_lidar.ply,0.25,200,0.8,0.71527,2.19333,1,0.01939,0.99969,0.27886
001146_lcam_front_lidar.ply,0.25,200,0.8,0.65642,2.18318,1,0.01893,0.99694,0.27487
001147_lcam_front_lidar.ply,0.25,200,0.8,0.63051,2.18332,1,0.01833,0.99999,0.27834
001148_lcam_front_lidar.ply,0.25,200,0.8,0.73688,1.77777,1,0.00462,0.8658,0.22279
001149_lcam_front_lidar.ply,0.25,200,0.8,0.66843,2.19767,1,0.02022,0.99771,0.29851
001150_lcam_front_lidar.ply,0.25,200,0.8,0.55641,2.15365,1,0.0168,0.99284,0.26921
001151_lcam_front_lidar.ply,0.25,200,0.8,0.64181,2.16702,1,0.01673,0.99986,0.25469
001152_lcam_front_lidar.ply,0.25,200,0.8,0.65871,2.18783,1,0.0191,0.99844,0.25167
001153_lcam_front_lidar.ply,0.25,200,0.8,0.66843,2.04003,1,0.01543,0.94285,0.27054
001154_lcam_front_lidar.ply,0.25,200,0.8,0.68088,2.20568,1,0.02103,0.99768,0.27392
001155_lcam_front_lidar.ply,0.25,200,0.8,0.69932,2.16317,1,0.0174,0.99458,0.25758
001156_lcam_front_lidar.ply,0.25,200,0.8,0.68415,2.17763,1,0.01808,0.99841,0.28033
001157_lcam_front_lidar.ply,0.25,200,0.8,0.66741,2.17748,1,0.01828,0.99733,0.26143
001158_lcam_front_lidar.ply,0.25,200,0.8,0.70237,2.17556,1,0.0182,0.9968,0.26246
001159_lcam_front_lidar.ply,0.25,200,0.8,0.80965,1.68685,1,0.0067,0.80994,0.26009
001160_lcam_front_lidar.ply,0.25,200,0.8,0.6719,2.18159,1,0.01859,0.99787,0.26096
001161_lcam_front_lidar.ply,0.25,200,0.8,0.6799,2.16706,1,0.01679,0.99959,0.25845
001162_lcam_front_lidar.ply,0.25,200,0.8,0.65266,2.17745,1,0.01996,0.98891,0.34132
001163_lcam_front_lidar.ply,0.25,200,0.8,0.64855,2.09618,1,0.01021,0.99705,0.22068
001164_lcam_front_lidar.ply,0.25,200,0.8,0.71295,1.69515,1,0.00132,0.84099,0.3408
001165_lcam_front_lidar.ply,0.25,200,0.8,0.68432,2.10459,1,0.01116,0.99651,0.19513
001166_lcam_front_lidar.ply,0.25,200,0.8,0.64982,1.99272,1,0.00165,0.98813,0.0058
001167_lcam_front_lidar.ply,0.25,200,0.8,0.6839,2.15101,1,0.01531,0.99896,0.23129
001168_lcam_front_lidar.ply,0.25,200,0.8,0.67125,2.07551,1,0.00922,0.99168,0.18929
001169_lcam_front_lidar.ply,0.25,200,0.8,0.65227,2.18581,1,0.01917,0.99705,0.29695
001170_lcam_front_lidar.ply,0.25,200,0.8,0.68979,2.11896,1,0.01389,0.99002,0.25397
001171_lcam_front_lidar.ply,0.25,200,0.8,0.70139,2.0219,1,0.01239,0.949,0.22704
001172_lcam_front_lidar.ply,0.25,200,0.8,0.61093,2.16114,1,0.01682,0.99648,0.25951
001173_lcam_front_lidar.ply,0.25,200,0.8,0.68643,1.92448,1,0.00265,0.94899,0.2893
001174_lcam_front_lidar.ply,0.25,200,0.8,0.74084,1.75926,1,0.00467,0.85629,0.29755
001175_lcam_front_lidar.ply,0.25,200,0.8,0.7228,2.0604,1,0.00859,0.98726,0.18934
001176_lcam_front_lidar.ply,0.25,200,0.8,0.61509,2.0923,1,0.01024,0.99494,0.20182
001177_lcam_front_lidar.ply,0.25,200,0.8,0.64175,2.0848,1,0.00991,0.99287,0.18952
001178_lcam_front_lidar.ply,0.25,200,0.8,0.63783,1.86294,1,0.01293,0.8668,0.24647
001179_lcam_front_lidar.ply,0.25,200,0.8,0.68355,1.98922,1,0.00136,0.98783,0.00494
001180_lcam_front_lidar.ply,0.25,200,0.8,0.7155,2.14978,1,0.01613,0.99423,0.24767
001181_lcam_front_lidar.ply,0.25,200,0.8,0.74499,1.9983,1,0.0014,0.99214,0.00312
001182_lcam_front_lidar.ply,0.25,200,0.8,0.78114,2.15815,1,0.01682,0.99496,0.33219
001183_lcam_front_lidar.ply,0.25,200,0.8,0.9042,2.0776,1,0.00891,0.99427,0.23492
001184_lcam_front_lidar.ply,0.25,200,0.8,0.83631,1.98665,1,0.00401,0.97329,0.38639
001185_lcam_front_lidar.ply,0.25,200,0.8,0.79786,2.1738,1,0.01992,0.9873,0.35321
001186_lcam_front_lidar.ply,0.25,200,0.8,0.7332,1.97483,1,0.01491,0.91287,0.2646
001187_lcam_front_lidar.ply,0.25,200,0.8,0.76916,2.00172,1,0.00092,0.99626,0.001
001188_lcam_front_lidar.ply,0.25,200,0.8,0.65841,1.81404,1,0.01421,0.83596,0.22772
001189_lcam_front_lidar.ply,0.25,200,0.8,0.78169,1.82575,1,0.01697,0.82804,0.29391
001190_lcam_front_lidar.ply,0.25,200,0.8,0.7739,2.05621,1,0.01686,0.94382,0.34492
001191_lcam_front_lidar.ply,0.25,200,0.8,0.76129,2.02347,1,0.00276,0.99793,0.00264
001192_lcam_front_lidar.ply,0.25,200,0.8,0.77849,1.96723,1,0.00368,0.96522,0.06138
001193_lcam_front_lidar.ply,0.25,200,0.8,0.81694,2.10762,1,0.01342,0.9867,0.2696
001194_lcam_front_lidar.ply,0.25,200,0.8,0.74647,2.12602,1,0.01685,0.97876,0.25448
001195_lcam_front_lidar.ply,0.25,200,0.8,0.86109,1.94792,1,0.0065,0.94145,0.24467
001196_lcam_front_lidar.ply,0.25,200,0.8,0.78603,1.97269,1,0.00348,0.96892,0.02755
001197_lcam_front_lidar.ply,0.25,200,0.8,0.85795,1.9898,1,0.00569,0.96644,0.12591
001198_lcam_front_lidar.ply,0.25,200,0.8,0.87306,1.96616,1,0.00543,0.95593,0.16796
001199_lcam_front_lidar.ply,0.25,200,0.8,0.855,1.9427,1,0.00722,0.93523,0.23693
001200_lcam_front_lidar.ply,0.25,200,0.8,0.78503,2.07161,1,0.00931,0.98926,0.18526
001201_lcam_front_lidar.ply,0.25,200,0.8,0.83311,1.91825,1,0.00662,0.92603,0.26198
001202_lcam_front_lidar.ply,0.25,200,0.8,0.78518,1.97212,1,0.00627,0.95473,0.19187
001203_lcam_front_lidar.ply,0.25,200,0.8,0.88732,2.16001,1,0.01669,0.99657,0.31948
001204_lcam_front_lidar.ply,0.25,200,0.8,0.85781,2.12609,1,0.01443,0.99092,0.26868
001205_lcam_front_lidar.ply,0.25,200,0.8,0.77241,1.71929,1,0.00167,0.85132,0.26626
001206_lcam_front_lidar.ply,0.25,200,0.8,0.83363,2.00458,1,0.00116,0.99648,0.00174
001207_lcam_front_lidar.ply,0.25,200,0.8,0.80083,1.92886,1,0.00621,0.93338,0.1776
001208_lcam_front_lidar.ply,0.25,200,0.8,0.85279,1.8868,1,0.00669,0.90995,0.24093
001209_lcam_front_lidar.ply,0.25,200,0.8,0.82601,1.96694,1,0.00579,0.95451,0.15915
001210_lcam_front_lidar.ply,0.25,200,0.8,0.78533,1.90867,1,0.00206,0.94403,0.31904
001211_lcam_front_lidar.ply,0.25,200,0.8,0.7294,1.95147,1,0.00583,0.94659,0.1068
001212_lcam_front_lidar.ply,0.25,200,0.8,0.88411,1.75276,1,0.00167,0.86805,0.26246
001213_lcam_front_lidar.ply,0.25,200,0.8,0.87297,1.99713,1,0.00123,0.99243,0.00218
001214_lcam_front_lidar.ply,0.25,200,0.8,0.91336,2.13846,1,0.01607,0.9889,0.30456
001215_lcam_front_lidar.ply,0.25,200,0.8,0.91061,1.9863,1,0.00107,0.98778,0.00303
001216_lcam_front_lidar.ply,0.25,200,0.8,0.65618,2.02616,1,0.01745,0.92583,0.26419
001217_lcam_front_lidar.ply,0.25,200,0.8,0.80639,1.99757,1,0.00127,0.99243,0.0026
001218_lcam_front_lidar.ply,0.25,200,0.8,0.84262,1.99762,1,0.00121,0.99278,0.00162
001219_lcam_front_lidar.ply,0.25,200,0.8,0.82303,1.91379,1,0.00619,0.92596,0.13631
001220_lcam_front_lidar.ply,0.25,200,0.8,0.74736,2.17095,1,0.01762,0.99738,0.25637
001221_lcam_front_lidar.ply,0.25,200,0.8,0.71451,1.9971,1,0.00125,0.99231,0.00253
001222_lcam_front_lidar.ply,0.25,200,0.8,0.85787,2.00182,1,0.00162,0.9928,0.00437
001223_lcam_front_lidar.ply,0.25,200,0.8,0.74509,1.80867,1,0.00213,0.89371,0.41392
001224_lcam_front_lidar.ply,0.25,200,0.8,0.84111,1.98955,1,0.00142,0.98765,0.00677
001225_lcam_front_lidar.ply,0.25,200,0.8,0.84896,2.01199,1,0.00186,0.99667,0.00354
001226_lcam_front_lidar.ply,0.25,200,0.8,0.78062,2.15762,1,0.01705,0.99357,0.27494
001227_lcam_front_lidar.ply,0.25,200,0.8,0.81428,1.99747,1,0.00123,0.9926,0.00276
001228_lcam_front_lidar.ply,0.25,200,0.8,0.79949,2.15159,1,0.01674,0.9921,0.27723
001229_lcam_front_lidar.ply,0.25,200,0.8,0.79039,2.20241,1,0.02207,0.99087,0.31649
001230_lcam_front_lidar.ply,0.25,200,0.8,0.79843,1.99522,1,0.00103,0.99245,0.00172
001231_lcam_front_lidar.ply,0.25,200,0.8,0.9019,2.16602,1,0.01748,0.9956,0.27315
001232_lcam_front_lidar.ply,0.25,200,0.8,0.79837,2.14908,1,0.01691,0.99001,0.27074
001233_lcam_front_lidar.ply,0.25,200,0.8,0.77321,2.20126,1,0.02137,0.99378,0.28586
001234_lcam_front_lidar.ply,0.25,200,0.8,0.89743,1.70195,1,0.00244,0.83877,0.4021
001235_lcam_front_lidar.ply,0.25,200,0.8,0.76447,1.9329,1,0.00624,0.93525,0.28521
001236_lcam_front_lidar.ply,0.25,200,0.8,0.85534,2.00461,1,0.00121,0.99626,0.00168
001237_lcam_front_lidar.ply,0.25,200,0.8,0.84387,2.00497,1,0.00128,0.99611,0.0015
001238_lcam_front_lidar.ply,0.25,200,0.8,0.77597,2.00327,1,0.0011,0.99614,0.00125
001239_lcam_front_lidar.ply,0.25,200,0.8,0.84149,2.18724,1,0.02018,0.99273,0.29582
001240_lcam_front_lidar.ply,0.25,200,0.8,0.74214,1.98337,1,0.00081,0.98762,0.00127
001241_lcam_front_lidar.ply,0.25,200,0.8,0.64472,1.91588,1,0.00552,0.93035,0.20138
001242_lcam_front_lidar.ply,0.25,200,0.8,0.73678,1.95059,1,0.00581,0.94625,0.17945
001243_lcam_front_lidar.ply,0.25,200,0.8,0.89073,2.00925,1,0.00171,0.99606,0.00265
001244_lcam_front_lidar.ply,0.25,200,0.8,0.96467,1.99863,1,0.00138,0.9924,0.00293
001245_lcam_front_lidar.ply,0.25,200,0.8,0.85627,2.16751,1,0.01797,0.99393,0.29731
001246_lcam_front_lidar.ply,0.25,200,0.8,0.87842,2.09242,1,0.0099,0.99669,0.22219
001247_lcam_front_lidar.ply,0.25,200,0.8,0.90051,2.19535,1,0.02083,0.99352,0.27767
001248_lcam_front_lidar.ply,0.25,200,0.8,0.79252,2.18843,1,0.02015,0.99345,0.2799
001249_lcam_front_lidar.ply,0.25,200,0.8,1.10879,1.70396,1,0.00272,0.83838,0.28964
001250_lcam_front_lidar.ply,0.25,200,0.8,0.98044,2.01642,1,0.00546,0.98092,0.28049
001251_lcam_front_lidar.ply,0.25,200,0.8,0.87514,1.63575,1,0.00237,0.80603,0.35629
001252_lcam_front_lidar.ply,0.25,200,0.8,0.9503,2.17324,1,0.01889,0.99216,0.26648
001253_lcam_front_lidar.ply,0.25,200,0.8,0.83661,2.08308,1,0.01681,0.95748,0.2923
001254_lcam_front_lidar.ply,0.25,200,0.8,0.95178,2.19171,1,0.02007,0.9955,0.24618
001255_lcam_front_lidar.ply,0.25,200,0.8,1.61902,2.02894,1,0.01246,0.95217,0.25014
001256_lcam_front_lidar.ply,0.25,200,0.8,1.24914,2.17799,1,0.01973,0.99033,0.27391
001257_lcam_front_lidar.ply,0.25,200,0.8,2.33267,1.98368,1,0.0076,0.95385,0.32421
001258_lcam_front_lidar.ply,0.25,200,0.8,1.52167,2.16262,1,0.0192,0.98529,0.26978
001259_lcam_front_lidar.ply,0.25,200,0.8,1.36083,2.01609,1,0.00488,0.98366,0.27327
001260_lcam_front_lidar.ply,0.25,200,0.8,1.02717,1.97946,1,0.00154,0.98203,0.00616
001261_lcam_front_lidar.ply,0.25,200,0.8,0.88995,1.96491,1,0.0078,0.94346,0.28771
001262_lcam_front_lidar.ply,0.25,200,0.8,0.88828,1.81215,1,0.00645,0.87384,0.16167
001263_lcam_front_lidar.ply,0.25,200,0.8,0.95444,2.11029,1,0.01462,0.98207,0.28712
001264_lcam_front_lidar.ply,0.25,200,0.8,0.96756,2.10959,1,0.01383,0.98566,0.30926
001265_lcam_front_lidar.ply,0.25,200,0.8,0.85844,1.92201,1,0.00205,0.95078,0.21554
001266_lcam_front_lidar.ply,0.25,200,0.8,0.89936,2.16534,1,0.01852,0.99008,0.27415
001267_lcam_front_lidar.ply,0.25,200,0.8,0.84028,2.11757,1,0.0134,0.99179,0.26175
001268_lcam_front_lidar.ply,0.25,200,0.8,0.93591,2.03435,1,0.00542,0.99005,0.27741
001269_lcam_front_lidar.ply,0.25,200,0.8,0.85588,2.09092,1,0.01626,0.96416,0.32081
001270_lcam_front_lidar.ply,0.25,200,0.8,0.77466,1.75192,1,0.00145,0.86871,0.32196
001271_lcam_front_lidar.ply,0.25,200,0.8,0.86983,2.17099,1,0.02023,0.98434,0.31003
001272_lcam_front_lidar.ply,0.25,200,0.8,1.02585,1.7885,1,0.00219,0.88328,0.3196
001273_lcam_front_lidar.ply,0.25,200,0.8,0.88319,1.98266,1,0.00303,0.97618,0.02405
001274_lcam_front_lidar.ply,0.25,200,0.8,1.09784,1.91587,1,0.00189,0.94849,0.20335
001275_lcam_front_lidar.ply,0.25,200,0.8,0.87576,2.15174,1,0.01636,0.99409,0.26582
001276_lcam_front_lidar.ply,0.25,200,0.8,0.85935,2.14246,1,0.01658,0.98832,0.27066
001277_lcam_front_lidar.ply,0.25,200,0.8,0.91465,2.05252,1,0.00537,0.99939,0.01189
001278_lcam_front_lidar.ply,0.25,200,0.8,0.79549,2.17949,1,0.02057,0.9869,0.29165
001279_lcam_front_lidar.ply,0.25,200,0.8,0.91924,2.09751,1,0.01151,0.99122,0.26613
001280_lcam_front_lidar.ply,0.25,200,0.8,0.89679,2.11136,1,0.0115,0.99817,0.18029
001281_lcam_front_lidar.ply,0.25,200,0.8,0.95666,2.05807,1,0.0059,0.99953,0.01516
001282_lcam_front_lidar.ply,0.25,200,0.8,1.05696,2.09392,1,0.01328,0.98057,0.29386
001283_lcam_front_lidar.ply,0.25,200,0.8,0.88761,1.98273,1,0.00074,0.98764,0.00231
001284_lcam_front_lidar.ply,0.25,200,0.8,1.04936,2.09011,1,0.01087,0.99072,0.26247
001285_lcam_front_lidar.ply,0.25,200,0.8,1.02344,1.70795,1,0.0027,0.8405,0.18438
001286_lcam_front_lidar.ply,0.25,200,0.8,1.00181,2.00178,1,0.00327,0.98456,0.51508
001287_lcam_front_lidar.ply,0.25,200,0.8,1.09431,1.96538,1,0.00154,0.97501,0.00552
001288_lcam_front_lidar.ply,0.25,200,0.8,0.89506,1.96286,1,0.00132,0.97485,0.00515
001289_lcam_front_lidar.ply,0.25,200,0.8,1.00697,2.16197,1,0.01766,0.99269,0.26573
001290_lcam_front_lidar.ply,0.25,200,0.8,0.91904,2.04389,1,0.01447,0.94959,0.29061
001291_lcam_front_lidar.ply,0.25,200,0.8,0.99593,2.18602,1,0.01998,0.99314,0.30115
001292_lcam_front_lidar.ply,0.25,200,0.8,0.92502,2.18571,1,0.01986,0.99355,0.29592
001293_lcam_front_lidar.ply,0.25,200,0.8,1.02922,2.07649,1,0.01006,0.98797,0.31747
001294_lcam_front_lidar.ply,0.25,200,0.8,1.0122,2.16145,1,0.01868,0.98734,0.28839
001295_lcam_front_lidar.ply,0.25,200,0.8,0.93893,2.03747,1,0.00458,0.99585,0.48665
001296_lcam_front_lidar.ply,0.25,200,0.8,0.89845,2.11588,1,0.01482,0.98382,0.29568
001297_lcam_front_lidar.ply,0.25,200,0.8,0.97353,2.18078,1,0.01967,0.99203,0.30541
001298_lcam_front_lidar.ply,0.25,200,0.8,1.07874,2.09186,1,0.01828,0.95452,0.30752
001299_lcam_front_lidar.ply,0.25,200,0.8,0.9509,2.07708,1,0.01585,0.95928,0.30762
001300_lcam_front_lidar.ply,0.25,200,0.8,1.0008,2.1305,1,0.01456,0.99247,0.34561
001301_lcam_front_lidar.ply,0.25,200,0.8,0.9721,2.08011,1,0.01308,0.97463,0.27525
001302_lcam_front_lidar.ply,0.25,200,0.8,1.04431,1.78002,1,0.01166,0.83173,0.29819
001303_lcam_front_lidar.ply,0.25,200,0.8,1.09002,2.04212,1,0.00903,0.9759,0.28154
001304_lcam_front_lidar.ply,0.25,200,0.8,0.92857,2.0904,1,0.01408,0.97478,0.26303
001305_lcam_front_lidar.ply,0.25,200,0.8,1.12543,1.94561,1,0.0009,0.96832,0.00255
001306_lcam_front_lidar.ply,0.25,200,0.8,1.07122,2.16261,1,0.01761,0.99327,0.24359
001307_lcam_front_lidar.ply,0.25,200,0.8,0.96646,2.15229,1,0.01616,0.99533,0.2499
001308_lcam_front_lidar.ply,0.25,200,0.8,0.91925,1.87713,1,0.00282,0.92448,0.32952
001309_lcam_front_lidar.ply,0.25,200,0.8,1.12097,1.89668,1,0.01314,0.88262,0.29301
001310_lcam_front_lidar.ply,0.25,200,0.8,1.04214,2.09905,1,0.01381,0.98049,0.35315
001311_lcam_front_lidar.ply,0.25,200,0.8,1.21521,2.02817,1,0.01323,0.94792,0.29766
001312_lcam_front_lidar.ply,0.25,200,0.8,0.94744,2.11518,1,0.01711,0.97203,0.32861
001313_lcam_front_lidar.ply,0.25,200,0.8,0.89434,2.15942,1,0.01778,0.99083,0.25743
001314_lcam_front_lidar.ply,0.25,200,0.8,1.04459,2.10583,1,0.01625,0.97169,0.34745
001315_lcam_front_lidar.ply,0.25,200,0.8,1.16424,1.89067,1,0.01241,0.8833,0.29646
001316_lcam_front_lidar.ply,0.25,200,0.8,1.14653,2.15335,1,0.01693,0.99202,0.34376
001317_lcam_front_lidar.ply,0.25,200,0.8,0.95978,1.96107,1,0.00113,0.97487,0.00567
001318_lcam_front_lidar.ply,0.25,200,0.8,0.90135,2.16956,1,0.01866,0.99146,0.28978
001319_lcam_front_lidar.ply,0.25,200,0.8,1.16665,1.95427,1,0.00386,0.95785,0.47969
001320_lcam_front_lidar.ply,0.25,200,0.8,1.17212,2.16778,1,0.01773,0.99526,0.27612
001321_lcam_front_lidar.ply,0.25,200,0.8,1.2419,2.02522,1,0.01057,0.95973,0.32525
001322_lcam_front_lidar.ply,0.25,200,0.8,1.04376,2.03429,1,0.00443,0.99497,0.33884
001323_lcam_front_lidar.ply,0.25,200,0.8,1.06692,2.07763,1,0.01342,0.97169,0.31706
001324_lcam_front_lidar.ply,0.25,200,0.8,1.1499,2.19473,1,0.02118,0.99147,0.30844
001325_lcam_front_lidar.ply,0.25,200,0.8,0.93633,1.88763,1,0.00989,0.89437,0.31327
001326_lcam_front_lidar.ply,0.25,200,0.8,0.99988,2.19584,1,0.0216,0.9899,0.30411
001327_lcam_front_lidar.ply,0.25,200,0.8,1.02502,1.8369,1,0.00613,0.88778,0.27661
001328_lcam_front_lidar.ply,0.25,200,0.8,0.98855,1.84317,1,0.01028,0.8702,0.26689
001329_lcam_front_lidar.ply,0.25,200,0.8,1.28436,2.17522,1,0.01993,0.98795,0.29089
001330_lcam_front_lidar.ply,0.25,200,0.8,1.20136,1.93842,1,0.00263,0.95606,0.29384
001331_lcam_front_lidar.ply,0.25,200,0.8,1.40724,2.11295,1,0.01305,0.99121,0.22602
001332_lcam_front_lidar.ply,0.25,200,0.8,1.25179,2.19307,1,0.02106,0.99124,0.29493
001333_lcam_front_lidar.ply,0.25,200,0.8,1.00998,2.19737,1,0.0214,0.99167,0.29928
001334_lcam_front_lidar.ply,0.25,200,0.8,0.94919,2.20581,1,0.0223,0.99142,0.28766
001335_lcam_front_lidar.ply,0.25,200,0.8,1.16169,2.14053,1,0.0158,0.99129,0.28801
001336_lcam_front_lidar.ply,0.25,200,0.8,0.93576,2.19543,1,0.02161,0.98966,0.27712
001337_lcam_front_lidar.ply,0.25,200,0.8,0.99863,2.19621,1,0.02208,0.98771,0.30114
001338_lcam_front_lidar.ply,0.25,200,0.8,1.16143,1.90997,1,0.01345,0.88775,0.30563
001339_lcam_front_lidar.ply,0.25,200,0.8,0.96086,2.1705,1,0.0182,0.99424,0.27764
001340_lcam_front_lidar.ply,0.25,200,0.8,1.00158,2.16898,1,0.01842,0.99238,0.27715
001341_lcam_front_lidar.ply,0.25,200,0.8,0.89884,2.20357,1,0.02183,0.99262,0.27441
001342_lcam_front_lidar.ply,0.25,200,0.8,0.98507,2.15574,1,0.01703,0.99274,0.27703
001343_lcam_front_lidar.ply,0.25,200,0.8,0.97526,2.15384,1,0.01555,0.99915,0.21347
001344_lcam_front_lidar.ply,0.25,200,0.8,1.00192,2.17118,1,0.01825,0.99434,0.2579
001345_lcam_front_lidar.ply,0.25,200,0.8,0.93439,2.19973,1,0.02131,0.9933,0.24505
001346_lcam_front_lidar.ply,0.25,200,0.8,1.07979,2.16051,1,0.01617,0.99942,0.24918
001347_lcam_front_lidar.ply,0.25,200,0.8,0.97101,2.17626,1,0.01976,0.98932,0.26175
001348_lcam_front_lidar.ply,0.25,200,0.8,0.93111,2.17457,1,0.01923,0.99113,0.2657
001349_lcam_front_lidar.ply,0.25,200,0.8,0.91985,1.92759,1,0.00636,0.93198,0.32085
001350_lcam_front_lidar.ply,0.25,200,0.8,0.99575,1.9016,1,0.00801,0.91074,0.19196
001351_lcam_front_lidar.ply,0.25,200,0.8,0.95104,1.8883,1,0.0091,0.89864,0.31487
001352_lcam_front_lidar.ply,0.25,200,0.8,0.91513,2.19493,1,0.02128,0.99106,0.29287
001353_lcam_front_lidar.ply,0.25,200,0.8,1.0675,1.96222,1,0.012,0.92111,0.24544
001354_lcam_front_lidar.ply,0.25,200,0.8,0.97266,2.18148,1,0.01971,0.99219,0.26948
001355_lcam_front_lidar.ply,0.25,200,0.8,0.98256,2.00147,1,0.01415,0.92997,0.27231
001356_lcam_front_lidar.ply,0.25,200,0.8,0.97499,2.14099,1,0.01638,0.98861,0.25956
001357_lcam_front_lidar.ply,0.25,200,0.8,0.96229,1.96465,1,0.01108,0.92695,0.32094
001358_lcam_front_lidar.ply,0.25,200,0.8,1.02351,2.16725,1,0.01939,0.98668,0.25993
001359_lcam_front_lidar.ply,0.25,200,0.8,0.89733,1.75539,1,0.00981,0.82864,0.28539
001360_lcam_front_lidar.ply,0.25,200,0.8,0.96254,2.17603,1,0.01956,0.99023,0.28098
001361_lcam_front_lidar.ply,0.25,200,0.8,0.95672,2.18458,1,0.01956,0.99449,0.24209
001362_lcam_front_lidar.ply,0.25,200,0.8,0.98568,2.05748,1,0.00889,0.9843,0.24359
001363_lcam_front_lidar.ply,0.25,200,0.8,1.18978,2.12869,1,0.01834,0.97265,0.32311
001364_lcam_front_lidar.ply,0.25,200,0.8,1.09169,1.74868,1,0.00672,0.84076,0.18788
001365_lcam_front_lidar.ply,0.25,200,0.8,1.3025,2.16942,1,0.01832,0.99311,0.25467
001366_lcam_front_lidar.ply,0.25,200,0.8,0.98248,2.15124,1,0.01693,0.99097,0.26531
001367_lcam_front_lidar.ply,0.25,200,0.8,0.95896,1.93206,1,0.01528,0.88964,0.297
001368_lcam_front_lidar.ply,0.25,200,0.8,0.9278,1.89946,1,0.00161,0.9417,0.27402
001369_lcam_front_lidar.ply,0.25,200,0.8,0.96602,2.12594,1,0.01547,0.98561,0.22463
001370_lcam_front_lidar.ply,0.25,200,0.8,0.87607,2.1314,1,0.01815,0.97493,0.30048
001371_lcam_front_lidar.ply,0.25,200,0.8,0.98662,2.07581,1,0.00815,0.99714,0.29191
001372_lcam_front_lidar.ply,0.25,200,0.8,0.93174,2.0069,1,0.00169,0.99498,0.30955
001373_lcam_front_lidar.ply,0.25,200,0.8,0.90658,1.8175,1,0.00196,0.89898,0.31349
001374_lcam_front_lidar.ply,0.25,200,0.8,0.92636,2.10003,1,0.01753,0.96236,0.2819
001375_lcam_front_lidar.ply,0.25,200,0.8,0.87016,1.95037,1,0.00167,0.96682,0.28579
001376_lcam_front_lidar.ply,0.25,200,0.8,0.92473,2.06706,1,0.00784,0.99433,0.30302
001377_lcam_front_lidar.ply,0.25,200,0.8,0.98438,2.17292,1,0.01975,0.98769,0.24528
001378_lcam_front_lidar.ply,0.25,200,0.8,0.82573,2.0493,1,0.01104,0.96944,0.35299
001379_lcam_front_lidar.ply,0.25,200,0.8,0.83226,2.11946,1,0.01911,0.96417,0.28442
001380_lcam_front_lidar.ply,0.25,200,0.8,0.81501,2.1511,1,0.01795,0.98578,0.28131
001381_lcam_front_lidar.ply,0.25,200,0.8,0.89068,2.08554,1,0.02053,0.9401,0.29012
001382_lcam_front_lidar.ply,0.25,200,0.8,0.85622,1.99453,1,0.01433,0.92559,0.30185
001383_lcam_front_lidar.ply,0.25,200,0.8,0.88312,2.11164,1,0.01695,0.97107,0.2952
001384_lcam_front_lidar.ply,0.25,200,0.8,0.82954,2.16094,1,0.01814,0.98977,0.28988
001385_lcam_front_lidar.ply,0.25,200,0.8,0.87499,2.15793,1,0.0174,0.99198,0.27124
001386_lcam_front_lidar.ply,0.25,200,0.8,0.85946,2.15872,1,0.01786,0.99007,0.2692
001387_lcam_front_lidar.ply,0.25,200,0.8,0.87672,2.0252,1,0.0089,0.96809,0.33072
001388_lcam_front_lidar.ply,0.25,200,0.8,0.90766,1.76293,1,0.00856,0.83869,0.27868
001389_lcam_front_lidar.ply,0.25,200,0.8,0.91616,1.97748,1,0.00948,0.94134,0.34179
001390_lcam_front_lidar.ply,0.25,200,0.8,0.99706,2.06849,1,0.00922,0.98816,0.3194
001391_lcam_front_lidar.ply,0.25,200,0.8,0.92863,2.06763,1,0.00753,0.99618,0.20043
001392_lcam_front_lidar.ply,0.25,200,0.8,0.90499,2.0797,1,0.01997,0.94001,0.36475
001393_lcam_front_lidar.ply,0.25,200,0.8,1.04877,2.04158,1,0.01169,0.96232,0.34189
001394_lcam_front_lidar.ply,0.25,200,0.8,0.93758,2.06298,1,0.00666,0.99821,0.20733
001395_lcam_front_lidar.ply,0.25,200,0.8,0.90084,2.10944,1,0.0113,0.9982,0.19496
001396_lcam_front_lidar.ply,0.25,200,0.8,1.03426,2.05365,1,0.00648,0.99444,0.21906
001397_lcam_front_lidar.ply,0.25,200,0.8,1.05503,2.12323,1,0.0209,0.95709,0.31681
001398_lcam_front_lidar.ply,0.25,200,0.8,0.96908,2.01931,1,0.01073,0.95603,0.32123
001399_lcam_front_lidar.ply,0.25,200,0.8,0.81468,2.05967,1,0.00669,0.99641,0.22763
001400_lcam_front_lidar.ply,0.25,200,0.8,0.99874,2.07712,1,0.01002,0.98847,0.31139
001401_lcam_front_lidar.ply,0.25,200,0.8,0.82972,2.07637,1,0.01035,0.98641,0.314
001402_lcam_front_lidar.ply,0.25,200,0.8,0.87517,2.09635,1,0.01108,0.99276,0.27008
001403_lcam_front_lidar.ply,0.25,200,0.8,0.92101,2.10096,1,0.01041,0.99844,0.24539
001404_lcam_front_lidar.ply,0.25,200,0.8,0.91591,2.08548,1,0.00952,0.99514,0.26155
001405_lcam_front_lidar.ply,0.25,200,0.8,0.8907,2.05343,1,0.01076,0.97294,0.24046
001406_lcam_front_lidar.ply,0.25,200,0.8,0.91924,2.12333,1,0.01287,0.9973,0.26351
001407_lcam_front_lidar.ply,0.25,200,0.8,0.90575,1.91947,1,0.00252,0.94711,0.28292
001408_lcam_front_lidar.ply,0.25,200,0.8,0.94615,2.06864,1,0.01048,0.9819,0.28073
001409_lcam_front_lidar.ply,0.25,200,0.8,1.01254,2.10404,1,0.01895,0.95725,0.25345
001410_lcam_front_lidar.ply,0.25,200,0.8,0.90081,2.1089,1,0.01366,0.98613,0.24844
001411_lcam_front_lidar.ply,0.25,200,0.8,0.89225,2.03592,1,0.00696,0.98315,0.17684
001412_lcam_front_lidar.ply,0.25,200,0.8,0.97529,1.94013,1,0.00078,0.96618,0.00591
001413_lcam_front_lidar.ply,0.25,200,0.8,0.9082,1.85276,1,0.00153,0.91873,0.26258
001414_lcam_front_lidar.ply,0.25,200,0.8,0.88481,2.07876,1,0.01162,0.98131,0.264
001415_lcam_front_lidar.ply,0.25,200,0.8,0.84306,2.0352,1,0.00943,0.97044,0.25056
001416_lcam_front_lidar.ply,0.25,200,0.8,0.88758,2.06867,1,0.00976,0.98553,0.23135
001417_lcam_front_lidar.ply,0.25,200,0.8,0.9861,1.70341,1,0.00483,0.82755,0.27608
001418_lcam_front_lidar.ply,0.25,200,0.8,0.91596,2.00388,1,0.00178,0.99304,0.00371
001419_lcam_front_lidar.ply,0.25,200,0.8,0.90378,1.95835,1,0.00577,0.95035,0.37655
001420_lcam_front_lidar.ply,0.25,200,0.8,0.96,2.07314,1,0.0085,0.99408,0.34015
001421_lcam_front_lidar.ply,0.25,200,0.8,0.88316,1.99776,1,0.00659,0.96594,0.18851
001422_lcam_front_lidar.ply,0.25,200,0.8,0.91028,2.09173,1,0.01088,0.99149,0.21671
001423_lcam_front_lidar.ply,0.25,200,0.8,0.91956,2.06641,1,0.00681,0.99914,0.1436
001424_lcam_front_lidar.ply,0.25,200,0.8,1.00767,2.01383,1,0.00166,0.99861,0.00319
001425_lcam_front_lidar.ply,0.25,200,0.8,1.11466,1.81684,1,0.00658,0.87551,0.18173
001426_lcam_front_lidar.ply,0.25,200,0.8,1.02201,2.05157,1,0.01035,0.97406,0.25658
001427_lcam_front_lidar.ply,0.25,200,0.8,0.93023,1.97541,1,0.00809,0.94725,0.21628
001428_lcam_front_lidar.ply,0.25,200,0.8,0.98555,1.94738,1,0.00213,0.96304,0.01195
001429_lcam_front_lidar.ply,0.25,200,0.8,1.10975,1.98813,1,0.01053,0.94142,0.26491
001430_lcam_front_lidar.ply,0.25,200,0.8,1.03473,1.93779,1,0.00969,0.92044,0.33224
001431_lcam_front_lidar.ply,0.25,200,0.8,1.12602,2.0411,1,0.00781,0.98148,0.32811
001432_lcam_front_lidar.ply,0.25,200,0.8,1.39422,1.65311,1,0.00155,0.81881,0.15828
001433_lcam_front_lidar.ply,0.25,200,0.8,1.47647,2.03319,1,0.00938,0.96969,0.27118
001434_lcam_front_lidar.ply,0.25,200,0.8,1.15062,2.02825,1,0.01018,0.96324,0.22615
001435_lcam_front_lidar.ply,0.25,200,0.8,1.41802,2.05279,1,0.00606,0.99607,0.36605
001436_lcam_front_lidar.ply,0.25,200,0.8,1.20929,1.88621,1,0.0032,0.92713,0.2839
001437_lcam_front_lidar.ply,0.25,200,0.8,1.23217,2.04879,1,0.00995,0.97467,0.25324
001438_lcam_front_lidar.ply,0.25,200,0.8,1.20693,1.97247,1,0.00401,0.96619,0.27561
001439_lcam_front_lidar.ply,0.25,200,0.8,1.18554,1.80756,1,0.01103,0.84862,0.27734
001440_lcam_front_lidar.ply,0.25,200,0.8,1.21311,1.89022,1,0.00673,0.91145,0.20665
001441_lcam_front_lidar.ply,0.25,200,0.8,1.33354,2.04813,1,0.01265,0.96084,0.26521
001442_lcam_front_lidar.ply,0.25,200,0.8,1.19779,1.92723,1,0.00427,0.94229,0.33348
001443_lcam_front_lidar.ply,0.25,200,0.8,1.06066,2.0422,1,0.01342,0.954,0.27424
001444_lcam_front_lidar.ply,0.25,200,0.8,1.40079,1.86371,1,0.00921,0.88581,0.33022
001445_lcam_front_lidar.ply,0.25,200,0.8,1.44357,1.85088,1,0.00616,0.89466,0.15139
001446_lcam_front_lidar.ply,0.25,200,0.8,1.33172,1.81867,1,0.00446,0.88703,0.17649
001447_lcam_front_lidar.ply,0.25,200,0.8,1.40091,1.77242,1,0.01563,0.80808,0.25429
001448_lcam_front_lidar.ply,0.25,200,0.8,1.41436,2.01097,1,0.0125,0.943,0.31783
001449_lcam_front_lidar.ply,0.25,200,0.8,1.23837,2.06694,1,0.01317,0.96764,0.25242
001450_lcam_front_lidar.ply,0.25,200,0.8,1.54951,1.91472,1,0.01652,0.87477,0.27264
001451_lcam_front_lidar.ply,0.25,200,0.8,1.38477,2.10108,1,0.01196,0.99075,0.3285
001452_lcam_front_lidar.ply,0.25,200,0.8,1.45449,1.98801,1,0.00485,0.96977,0.22934
001453_lcam_front_lidar.ply,0.25,200,0.8,1.55648,2.05649,1,0.01755,0.94051,0.33888
001454_lcam_front_lidar.ply,0.25,200,0.8,1.24279,2.0421,1,0.01762,0.93297,0.31843
001455_lcam_front_lidar.ply,0.25,200,0.8,1.38368,2.0982,1,0.01125,0.99285,0.30269
001456_lcam_front_lidar.ply,0.25,200,0.8,1.49188,2.0302,1,0.00387,0.99576,0.29918
001457_lcam_front_lidar.ply,0.25,200,0.8,1.45965,2.06476,1,0.01098,0.97746,0.28338
001458_lcam_front_lidar.ply,0.25,200,0.8,1.41537,2.07045,1,0.01224,0.97403,0.25809
001459_lcam_front_lidar.ply,0.25,200,0.8,1.39463,2.01388,1,0.00209,0.99651,0.15573
001460_lcam_front_lidar.ply,0.25,200,0.8,1.4357,2.11943,1,0.01396,0.98989,0.26748
001461_lcam_front_lidar.ply,0.25,200,0.8,1.17759,1.71958,1,0.0033,0.84328,0.16529
001462_lcam_front_lidar.ply,0.25,200,0.8,1.46344,2.1345,1,0.01885,0.97298,0.28433
001463_lcam_front_lidar.ply,0.25,200,0.8,1.45721,2.09217,1,0.02054,0.94338,0.27845
001464_lcam_front_lidar.ply,0.25,200,0.8,1.39745,1.88062,1,0.0084,0.89831,0.31701
001465_lcam_front_lidar.ply,0.25,200,0.8,1.51189,2.02188,1,0.01089,0.95647,0.30587
001466_lcam_front_lidar.ply,0.25,200,0.8,1.94243,1.7531,1,0.00622,0.84546,0.297
001467_lcam_front_lidar.ply,0.25,200,0.8,1.57512,2.03954,1,0.00708,0.98435,0.27276
001468_lcam_front_lidar.ply,0.25,200,0.8,1.46508,2.04323,1,0.01445,0.94938,0.30917
001469_lcam_front_lidar.ply,0.25,200,0.8,2.06081,2.04047,1,0.00411,0.9997,0.00182
001470_lcam_front_lidar.ply,0.25,200,0.8,1.65288,2.09792,1,0.01206,0.98865,0.25031
001471_lcam_front_lidar.ply,0.25,200,0.8,1.60939,1.98891,1,0.00228,0.98307,0.02031
001472_lcam_front_lidar.ply,0.25,200,0.8,1.68728,2.02505,1,0.00782,0.97343,0.29971
001473_lcam_front_lidar.ply,0.25,200,0.8,1.84626,1.94915,1,0.00525,0.94835,0.25461
001474_lcam_front_lidar.ply,0.25,200,0.8,2.00891,2.12458,1,0.01332,0.99568,0.28012
001475_lcam_front_lidar.ply,0.25,200,0.8,1.68863,2.13321,1,0.01416,0.99581,0.28835
001476_lcam_front_lidar.ply,0.25,200,0.8,1.81531,1.82413,1,0.00058,0.90916,0.15673
001477_lcam_front_lidar.ply,0.25,200,0.8,2.06981,1.97848,1,0.00358,0.97136,0.04727
001478_lcam_front_lidar.ply,0.25,200,0.8,1.49268,1.83527,1,0.00178,0.90874,0.32676
001479_lcam_front_lidar.ply,0.25,200,0.8,1.53555,2.04159,1,0.00455,0.99805,0.01858
001480_lcam_front_lidar.ply,0.25,200,0.8,1.93594,2.10533,1,0.01692,0.96807,0.33496
001481_lcam_front_lidar.ply,0.25,200,0.8,1.87755,1.97797,1,0.00175,0.98025,0.00571
001482_lcam_front_lidar.ply,0.25,200,0.8,1.80957,2.02375,1,0.0033,0.99536,0.01566
001483_lcam_front_lidar.ply,0.25,200,0.8,2.01873,2.03411,1,0.00408,0.99666,0.00292
001484_lcam_front_lidar.ply,0.25,200,0.8,1.60416,2.02355,1,0.00388,0.9924,0.03597
001485_lcam_front_lidar.ply,0.25,200,0.8,1.76248,2.0348,1,0.00445,0.99517,0.02864
001486_lcam_front_lidar.ply,0.25,200,0.8,1.64753,2.04489,1,0.0049,0.99794,0.02166
001487_lcam_front_lidar.ply,0.25,200,0.8,1.60732,2.03846,1,0.00486,0.99492,0.03481
001488_lcam_front_lidar.ply,0.25,200,0.8,1.71917,2.04162,1,0.00517,0.99496,0.03941
001489_lcam_front_lidar.ply,0.25,200,0.8,1.80026,1.76953,1,0.00101,0.87972,0.17606
001490_lcam_front_lidar.ply,0.25,200,0.8,1.61759,1.96936,1,0.0049,0.96017,0.06815
001491_lcam_front_lidar.ply,0.25,200,0.8,1.81595,2.02657,1,0.00488,0.98891,0.0147
001492_lcam_front_lidar.ply,0.25,200,0.8,2.04771,2.03973,1,0.00469,0.99641,0.03162
001493_lcam_front_lidar.ply,0.25,200,0.8,1.76313,2.02617,1,0.00517,0.98722,0.01548
001494_lcam_front_lidar.ply,0.25,200,0.8,1.5444,1.99775,1,0.00499,0.9739,0.12109
001495_lcam_front_lidar.ply,0.25,200,0.8,1.71069,2.02557,1,0.00545,0.98552,0.01812
001496_lcam_front_lidar.ply,0.25,200,0.8,2.07478,2.04239,1,0.00485,0.99693,0.03295
001497_lcam_front_lidar.ply,0.25,200,0.8,1.56539,2.00886,1,0.00509,0.979,0.06431
001498_lcam_front_lidar.ply,0.25,200,0.8,1.76302,1.99753,1,0.00503,0.97362,0.12913
001499_lcam_front_lidar.ply,0.25,200,0.8,2.12033,2.05351,1,0.00625,0.99552,0.04667
001500_lcam_front_lidar.ply,0.25,200,0.8,1.97247,2.0113,1,0.00555,0.9779,0.04697
001501_lcam_front_lidar.ply,0.25,200,0.8,1.84747,2.05895,1,0.00675,0.99572,0.05677
001502_lcam_front_lidar.ply,0.25,200,0.8,2.19771,2.01717,1,0.00515,0.98282,0.04312
001503_lcam_front_lidar.ply,0.25,200,0.8,1.83804,2.05558,1,0.00663,0.99463,0.0563
001504_lcam_front_lidar.ply,0.25,200,0.8,1.65282,2.0199,1,0.00479,0.98599,0.04088
001505_lcam_front_lidar.ply,0.25,200,0.8,1.65908,2.0555,1,0.00641,0.9957,0.05197
001506_lcam_front_lidar.ply,0.25,200,0.8,1.78714,1.65207,1,0.00125,0.8198,0.28189
001507_lcam_front_lidar.ply,0.25,200,0.8,1.50571,1.92918,1,0.00446,0.9423,0.07447
001508_lcam_front_lidar.ply,0.25,200,0.8,1.6776,2.05786,1,0.00592,0.99935,0.01172
001509_lcam_front_lidar.ply,0.25,200,0.8,1.5579,1.94248,1,0.00312,0.95567,0.0328
001510_lcam_front_lidar.ply,0.25,200,0.8,1.88321,2.04498,1,0.00535,0.99575,0.03766
001511_lcam_front_lidar.ply,0.25,200,0.8,2.03606,2.06242,1,0.00641,0.99918,0.02504
001512_lcam_front_lidar.ply,0.25,200,0.8,2.3621,2.08623,1,0.00904,0.9979,0.06464
001513_lcam_front_lidar.ply,0.25,200,0.8,1.85547,2.06209,1,0.00633,0.99939,0.01367
001514_lcam_front_lidar.ply,0.25,200,0.8,2.10189,2.04148,1,0.00818,0.97982,0.05949
001515_lcam_front_lidar.ply,0.25,200,0.8,1.94922,2.04258,1,0.00807,0.98093,0.06118
001516_lcam_front_lidar.ply,0.25,200,0.8,1.76865,2.01726,1,0.00231,0.99708,0.00569
001517_lcam_front_lidar.ply,0.25,200,0.8,1.34647,2.03851,1,0.0045,0.99678,0.04398
001518_lcam_front_lidar.ply,0.25,200,0.8,1.20541,1.96389,1,0.00515,0.95619,0.04471
001519_lcam_front_lidar.ply,0.25,200,0.8,1.44421,1.90541,1,0.0092,0.9067,0.27697
001520_lcam_front_lidar.ply,0.25,200,0.8,1.1368,1.8683,1,0.01001,0.88409,0.27255
001521_lcam_front_lidar.ply,0.25,200,0.8,1.2277,2.062,1,0.01836,0.93921,0.22302
001522_lcam_front_lidar.ply,0.25,200,0.8,1.01796,2.13773,1,0.01429,0.99741,0.22495
001523_lcam_front_lidar.ply,0.25,200,0.8,0.96916,1.89586,1,0.00938,0.90103,0.30581
001524_lcam_front_lidar.ply,0.25,200,0.8,0.89136,2.06508,1,0.00929,0.98607,0.34017
001525_lcam_front_lidar.ply,0.25,200,0.8,0.76205,2.16274,1,0.02198,0.97145,0.33132
001526_lcam_front_lidar.ply,0.25,200,0.8,0.96682,1.98955,1,0.00658,0.96186,0.36808
001527_lcam_front_lidar.ply,0.25,200,0.8,0.5716,2.00285,1,0.01158,0.94351,0.21744
001528_lcam_front_lidar.ply,0.25,200,0.8,0.71166,2.03007,1,0.0178,0.92601,0.31429
001529_lcam_front_lidar.ply,0.25,200,0.8,1.02742,2.05661,1,0.00601,0.99825,0.03421
001530_lcam_front_lidar.ply,0.25,200,0.8,1.12703,2.00405,1,0.00845,0.95977,0.18166
001531_lcam_front_lidar.ply,0.25,200,0.8,0.87088,2.08725,1,0.00931,0.99706,0.17399
001532_lcam_front_lidar.ply,0.25,200,0.8,1.1163,2.0391,1,0.00663,0.98642,0.11365
001533_lcam_front_lidar.ply,0.25,200,0.8,0.75986,1.97395,1,0.00564,0.95879,0.16907
001534_lcam_front_lidar.ply,0.25,200,0.8,0.83347,2.02603,1,0.00679,0.97904,0.20326
001535_lcam_front_lidar.ply,0.25,200,0.8,0.84318,2.08155,1,0.00928,0.99435,0.16469
001536_lcam_front_lidar.ply,0.25,200,0.8,0.72771,1.89918,1,0.00694,0.91488,0.14016
001537_lcam_front_lidar.ply,0.25,200,0.8,0.89117,2.10285,1,0.01103,0.99626,0.17075
001538_lcam_front_lidar.ply,0.25,200,0.8,1.03553,2.05803,1,0.00836,0.98722,0.19222
001539_lcam_front_lidar.ply,0.25,200,0.8,0.9543,1.93249,1,0.00757,0.9284,0.16391
001540_lcam_front_lidar.ply,0.25,200,0.8,1.03274,2.08821,1,0.0098,0.99509,0.17445
001541_lcam_front_lidar.ply,0.25,200,0.8,0.96744,2.08913,1,0.00988,0.99517,0.1756
001542_lcam_front_lidar.ply,0.25,200,0.8,1.03786,1.93083,1,0.00764,0.9272,0.16558
001543_lcam_front_lidar.ply,0.25,200,0.8,1.04278,1.93906,1,0.00448,0.94715,0.06617
001544_lcam_front_lidar.ply,0.25,200,0.8,0.96066,2.09587,1,0.01047,0.99557,0.18047
001545_lcam_front_lidar.ply,0.25,200,0.8,1.32069,2.09511,1,0.0104,0.99557,0.17499
001546_lcam_front_lidar.ply,0.25,200,0.8,0.97931,2.09766,1,0.0106,0.99585,0.18352
001547_lcam_front_lidar.ply,0.25,200,0.8,0.95963,1.99237,1,0.00745,0.95894,0.2401
001548_lcam_front_lidar.ply,0.25,200,0.8,0.86692,2.09922,1,0.01076,0.99582,0.17918
001549_lcam_front_lidar.ply,0.25,200,0.8,0.93275,2.10257,1,0.01098,0.99636,0.19363
001550_lcam_front_lidar.ply,0.25,200,0.8,0.93162,1.94268,1,0.00582,0.94224,0.12623
001551_lcam_front_lidar.ply,0.25,200,0.8,0.89087,2.10131,1,0.01095,0.99588,0.1837
001552_lcam_front_lidar.ply,0.25,200,0.8,1.04611,1.99765,1,0.00977,0.94997,0.15184
001553_lcam_front_lidar.ply,0.25,200,0.8,1.04338,2.104,1,0.01119,0.99605,0.18538
001554_lcam_front_lidar.ply,0.25,200,0.8,0.94617,1.92846,1,0.00738,0.92735,0.16805
001555_lcam_front_lidar.ply,0.25,200,0.8,0.82399,2.11681,1,0.01226,0.99709,0.13493
001556_lcam_front_lidar.ply,0.25,200,0.8,0.80874,2.10472,1,0.01126,0.99608,0.18348
001557_lcam_front_lidar.ply,0.25,200,0.8,0.75237,1.92669,1,0.00775,0.92459,0.17542
001558_lcam_front_lidar.ply,0.25,200,0.8,0.72744,1.91199,1,0.00678,0.92209,0.10887
001559_lcam_front_lidar.ply,0.25,200,0.8,0.74754,1.91244,1,0.00892,0.91161,0.14393
001560_lcam_front_lidar.ply,0.25,200,0.8,0.75529,1.91445,1,0.0085,0.91475,0.1074
001561_lcam_front_lidar.ply,0.25,200,0.8,0.77252,2.11089,1,0.01184,0.99624,0.18316
001562_lcam_front_lidar.ply,0.25,200,0.8,0.70084,2.11188,1,0.01189,0.99647,0.18358
001563_lcam_front_lidar.ply,0.25,200,0.8,0.7936,2.11295,1,0.01203,0.99635,0.17727
001564_lcam_front_lidar.ply,0.25,200,0.8,0.64936,2.1148,1,0.01208,0.99699,0.18771
001565_lcam_front_lidar.ply,0.25,200,0.8,0.62602,1.90294,1,0.00876,0.90766,0.12488
001566_lcam_front_lidar.ply,0.25,200,0.8,0.61891,2.11634,1,0.01221,0.9971,0.17702
001567_lcam_front_lidar.ply,0.25,200,0.8,0.61711,1.89842,1,0.00855,0.90646,0.11575
001568_lcam_front_lidar.ply,0.25,200,0.8,0.59391,2.11881,1,0.01235,0.99767,0.18626
001569_lcam_front_lidar.ply,0.25,200,0.8,0.60529,2.12205,1,0.01256,0.99823,0.1731
001570_lcam_front_lidar.ply,0.25,200,0.8,0.57448,2.12183,1,0.0125,0.99843,0.17592
001571_lcam_front_lidar.ply,0.25,200,0.8,0.54216,1.98697,1,0.0041,0.973,0.05004
001572_lcam_front_lidar.ply,0.25,200,0.8,0.52596,1.85968,1,0.00899,0.88487,0.13886
001573_lcam_front_lidar.ply,0.25,200,0.8,0.541,2.1282,1,0.01299,0.99915,0.17686
001574_lcam_front_lidar.ply,0.25,200,0.8,0.58657,2.12907,1,0.01305,0.99928,0.1769
001575_lcam_front_lidar.ply,0.25,200,0.8,0.52673,2.13259,1,0.01337,0.99943,0.17984
001576_lcam_front_lidar.ply,0.25,200,0.8,0.49675,2.13397,1,0.01348,0.99959,0.18242
001577_lcam_front_lidar.ply,0.25,200,0.8,0.521,2.13693,1,0.01376,0.99967,0.18746
001578_lcam_front_lidar.ply,0.25,200,0.8,0.52792,2.13704,1,0.01375,0.99979,0.18527
001579_lcam_front_lidar.ply,0.25,200,0.8,0.55887,2.13894,1,0.01393,0.99983,0.19218
001580_lcam_front_lidar.ply,0.25,200,0.8,0.45967,2.14468,1,0.0145,0.99986,0.21439
001581_lcam_front_lidar.ply,0.25,200,0.8,0.50725,2.1322,1,0.01336,0.99932,0.18573
001582_lcam_front_lidar.ply,0.25,200,0.8,0.54154,1.97643,1,0.00446,0.96593,0.05899
001583_lcam_front_lidar.ply,0.25,200,0.8,0.43844,2.14258,1,0.0143,0.9998,0.19961
001584_lcam_front_lidar.ply,0.25,200,0.8,0.46176,2.14129,1,0.01415,0.99987,0.19458
001585_lcam_front_lidar.ply,0.25,200,0.8,0.50382,2.14525,1,0.01454,0.99992,0.1986
001586_lcam_front_lidar.ply,0.25,200,0.8,0.48011,2.0378,1,0.00616,0.98812,0.07159
001587_lcam_front_lidar.ply,0.25,200,0.8,0.43379,2.1456,1,0.01457,0.99993,0.19124
001588_lcam_front_lidar.ply,0.25,200,0.8,0.539,1.77857,1,0.01124,0.8331,0.20113
001589_lcam_front_lidar.ply,0.25,200,0.8,0.44494,2.14876,1,0.01494,0.99966,0.20381
001590_lcam_front_lidar.ply,0.25,200,0.8,0.47927,2.14948,1,0.01502,0.99962,0.21108
001591_lcam_front_lidar.ply,0.25,200,0.8,0.49178,2.15231,1,0.01548,0.99876,0.21999
001592_lcam_front_lidar.ply,0.25,200,0.8,0.47905,2.15289,1,0.01561,0.99841,0.22016
001593_lcam_front_lidar.ply,0.25,200,0.8,0.42735,2.15708,1,0.01616,0.99774,0.22665
001594_lcam_front_lidar.ply,0.25,200,0.8,0.41129,2.00951,1,0.00414,0.98407,0.03518
001595_lcam_front_lidar.ply,0.25,200,0.8,0.39725,1.87156,1,0.01201,0.87575,0.28327
001596_lcam_front_lidar.ply,0.25,200,0.8,0.41532,1.9677,1,0.00622,0.95274,0.08214
001597_lcam_front_lidar.ply,0.25,200,0.8,0.37378,2.00969,1,0.00494,0.98014,0.04324
001598_lcam_front_lidar.ply,0.25,200,0.8,0.38438,1.99425,1,0.00334,0.98042,0.02699
001599_lcam_front_lidar.ply,0.25,200,0.8,0.45791,1.96974,1,0.00606,0.95456,0.06334
001600_lcam_front_lidar.ply,0.25,200,0.8,0.39343,2.14462,1,0.01492,0.99769,0.19373
001601_lcam_front_lidar.ply,0.25,200,0.8,0.39011,2.10158,1,0.01091,0.99627,0.14967
001602_lcam_front_lidar.ply,0.25,200,0.8,0.33983,2.06736,1,0.01049,0.98123,0.16351
001603_lcam_front_lidar.ply,0.25,200,0.8,0.40062,1.86295,1,0.0116,0.87349,0.11989
001604_lcam_front_lidar.ply,0.25,200,0.8,0.35903,2.83114,1,0.10747,0.87823,0.21194
001605_lcam_front_lidar.ply,0.25,200,0.8,0.38502,1.95973,1,0.00354,0.96215,0.02127
001606_lcam_front_lidar.ply,0.25,200,0.8,0.34109,1.98364,1,0.00076,0.98801,0.00063
001607_lcam_front_lidar.ply,0.25,200,0.8,0.38015,1.81514,1,0.00691,0.87302,0.14709
001608_lcam_front_lidar.ply,0.25,200,0.8,0.33327,2.57815,1,0.08103,0.88394,0.18692
001609_lcam_front_lidar.ply,0.25,200,0.8,0.38071,1.75287,1,0.00759,0.83847,0.08464
001610_lcam_front_lidar.ply,0.25,200,0.8,0.36176,1.81369,1,0.00056,0.90402,0.34865
001611_lcam_front_lidar.ply,0.25,200,0.8,0.35021,2.659,1,0.09078,0.87561,0.18227
001612_lcam_front_lidar.ply,0.25,200,0.8,0.38326,1.81787,1,0.00467,0.88557,0.07004
001613_lcam_front_lidar.ply,0.25,200,0.8,0.31918,2.00113,1,0.00087,0.9962,0.00121
001614_lcam_front_lidar.ply,0.25,200,0.8,0.31758,2.42565,1,0.06663,0.87966,0.15674
001615_lcam_front_lidar.ply,0.25,200,0.8,0.31881,2.39044,1,0.06277,0.88138,0.15398
001616_lcam_front_lidar.ply,0.25,200,0.8,0.26706,2.45126,1,0.06818,0.88471,0.15181
001617_lcam_front_lidar.ply,0.25,200,0.8,0.27861,2.41749,1,0.06528,0.88236,0.13729
001618_lcam_front_lidar.ply,0.25,200,0.8,0.2973,1.94031,1,0.0012,0.96416,0.15875
001619_lcam_front_lidar.ply,0.25,200,0.8,0.25866,1.96911,1,0.01922,0.88846,0.09259
001620_lcam_front_lidar.ply,0.25,200,0.8,0.26351,2.33525,1,0.05707,0.8823,0.13605
001621_lcam_front_lidar.ply,0.25,200,0.8,0.28342,1.97557,1,0.0215,0.88027,0.08855
001622_lcam_front_lidar.ply,0.25,200,0.8,0.26639,1.98007,1,0.02065,0.88678,0.10122
001623_lcam_front_lidar.ply,0.25,200,0.8,0.27843,1.94648,1,0.00159,0.9653,0.00682
001624_lcam_front_lidar.ply,0.25,200,0.8,0.29535,1.97547,1,0.019,0.89275,0.10996
001625_lcam_front_lidar.ply,0.25,200,0.8,0.24889,2.09291,1,0.02829,0.90498,0.14914
001626_lcam_front_lidar.ply,0.25,200,0.8,0.2585,1.94307,1,0.01821,0.8805,0.09338
001627_lcam_front_lidar.ply,0.25,200,0.8,0.24352,2.26082,1,0.05048,0.87801,0.13944
001628_lcam_front_lidar.ply,0.25,200,0.8,0.22455,1.97384,1,0.0194,0.88992,0.09317
001629_lcam_front_lidar.ply,0.25,200,0.8,0.24806,1.98698,1,0.0206,0.89051,0.09722
001630_lcam_front_lidar.ply,0.25,200,0.8,0.25886,2.06805,1,0.02622,0.90295,0.14352
001631_lcam_front_lidar.ply,0.25,200,0.8,0.2562,1.97881,1,0.00133,0.98276,0.01046
001632_lcam_front_lidar.ply,0.25,200,0.8,0.25528,2.36398,1,0.06192,0.87241,0.16146
001633_lcam_front_lidar.ply,0.25,200,0.8,0.2498,1.97577,1,0.00148,0.98046,0.00667
001634_lcam_front_lidar.ply,0.25,200,0.8,0.23883,2.39105,1,0.06502,0.87043,0.1605
001635_lcam_front_lidar.ply,0.25,200,0.8,0.25336,2.33364,1,0.05923,0.87068,0.16412
001636_lcam_front_lidar.ply,0.25,200,0.8,0.26981,2.39196,1,0.06597,0.86614,0.17923
001637_lcam_front_lidar.ply,0.25,200,0.8,0.22452,2.33938,1,0.06039,0.86776,0.18387
001638_lcam_front_lidar.ply,0.25,200,0.8,0.25513,2.33052,1,0.05966,0.86698,0.17844
001639_lcam_front_lidar.ply,0.25,200,0.8,0.23693,2.40321,1,0.06631,0.87007,0.1633
001640_lcam_front_lidar.ply,0.25,200,0.8,0.26629,2.38586,1,0.06443,0.87077,0.15643
001641_lcam_front_lidar.ply,0.25,200,0.8,0.2591,2.33729,1,0.05934,0.87195,0.15353
001642_lcam_front_lidar.ply,0.25,200,0.8,0.2568,2.03412,1,0.02386,0.89777,0.1417
001643_lcam_front_lidar.ply,0.25,200,0.8,0.22396,2.00617,1,0.02363,0.88495,0.0981
001644_lcam_front_lidar.ply,0.25,200,0.8,0.27141,1.99469,1,0.02092,0.89274,0.1089
001645_lcam_front_lidar.ply,0.25,200,0.8,0.2494,1.99436,1,0.02165,0.88892,0.10133
001646_lcam_front_lidar.ply,0.25,200,0.8,0.22395,2.02184,1,0.0242,0.88991,0.11604
001647_lcam_front_lidar.ply,0.25,200,0.8,0.25733,1.97253,1,0.02085,0.882,0.09629
001648_lcam_front_lidar.ply,0.25,200,0.8,0.2555,2.32118,1,0.05649,0.87816,0.13348
001649_lcam_front_lidar.ply,0.25,200,0.8,0.24284,1.993,1,0.0215,0.889,0.10806
001650_lcam_front_lidar.ply,0.25,200,0.8,0.25679,1.97201,1,0.01893,0.89134,0.09812
001651_lcam_front_lidar.ply,0.25,200,0.8,0.2526,1.93723,1,0.01747,0.88125,0.08391
001652_lcam_front_lidar.ply,0.25,200,0.8,0.27677,1.95342,1,0.01935,0.87996,0.08763
001653_lcam_front_lidar.ply,0.25,200,0.8,0.28579,1.94856,1,0.01858,0.88139,0.08559
001654_lcam_front_lidar.ply,0.25,200,0.8,0.25902,2.35893,1,0.0596,0.88147,0.1275
001655_lcam_front_lidar.ply,0.25,200,0.8,0.26804,1.93688,1,0.01723,0.88229,0.09202
001656_lcam_front_lidar.ply,0.25,200,0.8,0.28395,2.41201,1,0.06496,0.88121,0.13041
001657_lcam_front_lidar.ply,0.25,200,0.8,0.29475,1.95816,1,0.01951,0.88152,0.08823
001658_lcam_front_lidar.ply,0.25,200,0.8,0.27604,1.68466,1,0.00153,0.8347,0.18493
001659_lcam_front_lidar.ply,0.25,200,0.8,0.29493,2.38797,1,0.0621,0.88349,0.13879
001660_lcam_front_lidar.ply,0.25,200,0.8,0.30417,1.9321,1,0.00118,0.96015,0.26357
001661_lcam_front_lidar.ply,0.25,200,0.8,0.30142,2.58106,1,0.08184,0.88133,0.14186
001662_lcam_front_lidar.ply,0.25,200,0.8,0.32954,2.01366,1,0.0014,0.99985,0.00038
001663_lcam_front_lidar.ply,0.25,200,0.8,0.31011,1.99374,1,0.00087,0.99251,0.00115
001664_lcam_front_lidar.ply,0.25,200,0.8,0.30242,2.57396,1,0.08135,0.88023,0.15946
001665_lcam_front_lidar.ply,0.25,200,0.8,0.34809,1.95739,1,0.00084,0.97452,0.00314
001666_lcam_front_lidar.ply,0.25,200,0.8,0.33345,1.83061,1,0.00152,0.90773,0.22974
001667_lcam_front_lidar.ply,0.25,200,0.8,0.31946,1.6997,1,0.0008,0.84587,0.34853
001668_lcam_front_lidar.ply,0.25,200,0.8,0.39537,2.59537,1,0.0836,0.87971,0.17616
001669_lcam_front_lidar.ply,0.25,200,0.8,0.36187,2.7548,1,0.09918,0.8815,0.17912
001670_lcam_front_lidar.ply,0.25,200,0.8,0.36573,2.72142,1,0.09668,0.8773,0.21023
001671_lcam_front_lidar.ply,0.25,200,0.8,0.35036,1.99909,1,0.00068,0.99613,0.00049
001672_lcam_front_lidar.ply,0.25,200,0.8,0.34103,2.72296,1,0.09705,0.87622,0.19402
001673_lcam_front_lidar.ply,0.25,200,0.8,0.33988,2.82959,1,0.10756,0.87698,0.23066
001674_lcam_front_lidar.ply,0.25,200,0.8,0.47589,2.07696,1,0.00996,0.98866,0.14016
001675_lcam_front_lidar.ply,0.25,200,0.8,0.32558,2.10606,1,0.01123,0.99688,0.11976
001676_lcam_front_lidar.ply,0.25,200,0.8,0.34873,1.9875,1,0.00125,0.98749,0.00426
001677_lcam_front_lidar.ply,0.25,200,0.8,0.30348,2.91745,1,0.11628,0.87731,0.2077
001678_lcam_front_lidar.ply,0.25,200,0.8,0.37172,2.80881,1,0.10683,0.87024,0.21311
001679_lcam_front_lidar.ply,0.25,200,0.8,0.44795,1.81463,1,0.00186,0.89801,0.26785
001680_lcam_front_lidar.ply,0.25,200,0.8,0.37695,2.10773,1,0.01119,0.9979,0.13552
001681_lcam_front_lidar.ply,0.25,200,0.8,0.3851,2.92763,1,0.11737,0.87699,0.23743
001682_lcam_front_lidar.ply,0.25,200,0.8,0.40518,2.13966,1,0.01421,0.99878,0.1764
001683_lcam_front_lidar.ply,0.25,200,0.8,0.40025,1.9851,1,0.00433,0.9709,0.03163
001684_lcam_front_lidar.ply,0.25,200,0.8,0.38464,2.66874,1,0.0947,0.8609,0.21713
001685_lcam_front_lidar.ply,0.25,200,0.8,0.41544,2.07659,1,0.00984,0.98909,0.16214
001686_lcam_front_lidar.ply,0.25,200,0.8,0.41108,2.15522,1,0.01669,0.99414,0.22593
001687_lcam_front_lidar.ply,0.25,200,0.8,0.43237,2.15786,1,0.01676,0.99511,0.23153
001688_lcam_front_lidar.ply,0.25,200,0.8,0.35977,2.01626,1,0.00485,0.98386,0.05218
001689_lcam_front_lidar.ply,0.25,200,0.8,0.42612,2.15664,1,0.01656,0.99552,0.22064
001690_lcam_front_lidar.ply,0.25,200,0.8,0.44792,1.98887,1,0.00716,0.95861,0.09598
001691_lcam_front_lidar.ply,0.25,200,0.8,0.39263,2.15625,1,0.01598,0.99821,0.22198
001692_lcam_front_lidar.ply,0.25,200,0.8,0.54573,2.15348,1,0.016,0.99676,0.22177
001693_lcam_front_lidar.ply,0.25,200,0.8,0.43126,2.01968,1,0.00502,0.98476,0.05684
001694_lcam_front_lidar.ply,0.25,200,0.8,0.44427,1.96781,1,0.00392,0.96431,0.04373
001695_lcam_front_lidar.ply,0.25,200,0.8,0.3618,2.02244,1,0.00512,0.9856,0.05805
001696_lcam_front_lidar.ply,0.25,200,0.8,0.48671,1.96634,1,0.00618,0.95227,0.09173
001697_lcam_front_lidar.ply,0.25,200,0.8,0.4693,2.02175,1,0.00508,0.98548,0.05818
001698_lcam_front_lidar.ply,0.25,200,0.8,0.41007,2.14966,1,0.01503,0.99966,0.20344
001699_lcam_front_lidar.ply,0.25,200,0.8,0.43182,2.0416,1,0.00658,0.98791,0.06512
001700_lcam_front_lidar.ply,0.25,200,0.8,0.43173,2.02766,1,0.00544,0.98662,0.06552
001701_lcam_front_lidar.ply,0.25,200,0.8,0.46488,2.15078,1,0.01518,0.99949,0.21548
001702_lcam_front_lidar.ply,0.25,200,0.8,0.45252,2.15075,1,0.01516,0.99957,0.21472
001703_lcam_front_lidar.ply,0.25,200,0.8,0.44566,2.14305,1,0.01432,0.99992,0.18676
001704_lcam_front_lidar.ply,0.25,200,0.8,0.4912,2.14602,1,0.01464,0.9998,0.19667
001705_lcam_front_lidar.ply,0.25,200,0.8,0.44601,2.1442,1,0.01443,0.99995,0.1989
001706_lcam_front_lidar.ply,0.25,200,0.8,0.46398,2.13773,1,0.01385,0.99964,0.17429
001707_lcam_front_lidar.ply,0.25,200,0.8,0.50429,2.14382,1,0.01441,0.99987,0.20579
001708_lcam_front_lidar.ply,0.25,200,0.8,0.49675,2.02485,1,0.00528,0.98604,0.06748
001709_lcam_front_lidar.ply,0.25,200,0.8,0.50913,2.13291,1,0.01343,0.99932,0.20123
001710_lcam_front_lidar.ply,0.25,200,0.8,0.47128,2.14073,1,0.01414,0.99968,0.21078
001711_lcam_front_lidar.ply,0.25,200,0.8,0.5131,2.13524,1,0.01364,0.99943,0.19669
001712_lcam_front_lidar.ply,0.25,200,0.8,0.50605,2.13246,1,0.01341,0.99917,0.18903
001713_lcam_front_lidar.ply,0.25,200,0.8,0.54449,2.13229,1,0.0134,0.99913,0.18537
001714_lcam_front_lidar.ply,0.25,200,0.8,0.54886,2.14088,1,0.01412,0.99983,0.19756
001715_lcam_front_lidar.ply,0.25,200,0.8,0.50104,2.13967,1,0.01401,0.99979,0.19442
001716_lcam_front_lidar.ply,0.25,200,0.8,0.55434,2.13971,1,0.01404,0.99965,0.19796
001717_lcam_front_lidar.ply,0.25,200,0.8,0.50176,2.13596,1,0.01368,0.99959,0.18584
001718_lcam_front_lidar.ply,0.25,200,0.8,0.46932,2.13519,1,0.01361,0.99953,0.18436
001719_lcam_front_lidar.ply,0.25,200,0.8,0.44827,2.1338,1,0.0135,0.99941,0.18186
001720_lcam_front_lidar.ply,0.25,200,0.8,0.56906,2.13305,1,0.01343,0.99936,0.18013
001721_lcam_front_lidar.ply,0.25,200,0.8,0.55684,1.79864,1,0.01038,0.84743,0.20067
001722_lcam_front_lidar.ply,0.25,200,0.8,0.5706,2.13065,1,0.0132,0.9993,0.17928
001723_lcam_front_lidar.ply,0.25,200,0.8,0.53833,2.12965,1,0.01311,0.99929,0.17993
001724_lcam_front_lidar.ply,0.25,200,0.8,0.5363,1.98683,1,0.0041,0.97293,0.04972
001725_lcam_front_lidar.ply,0.25,200,0.8,0.66645,2.12544,1,0.01277,0.99886,0.17238
001726_lcam_front_lidar.ply,0.25,200,0.8,0.5673,2.12452,1,0.01268,0.99886,0.17694
001727_lcam_front_lidar.ply,0.25,200,0.8,0.55198,2.1239,1,0.01264,0.99877,0.17709
001728_lcam_front_lidar.ply,0.25,200,0.8,0.56906,1.98494,1,0.004,0.97246,0.04931
001729_lcam_front_lidar.ply,0.25,200,0.8,0.70083,2.119,1,0.01228,0.99811,0.16699
001730_lcam_front_lidar.ply,0.25,200,0.8,0.61932,2.12128,1,0.01246,0.99833,0.17574
001731_lcam_front_lidar.ply,0.25,200,0.8,0.53925,1.88959,1,0.00863,0.90164,0.12556
001732_lcam_front_lidar.ply,0.25,200,0.8,0.64847,2.11897,1,0.01231,0.99796,0.18648
001733_lcam_front_lidar.ply,0.25,200,0.8,0.53459,2.11759,1,0.01221,0.99776,0.18936
001734_lcam_front_lidar.ply,0.25,200,0.8,0.64849,1.88848,1,0.00935,0.89747,0.17436
001735_lcam_front_lidar.ply,0.25,200,0.8,0.60542,1.90394,1,0.00849,0.90953,0.11138
001736_lcam_front_lidar.ply,0.25,200,0.8,0.65153,1.89607,1,0.00924,0.90182,0.16617
001737_lcam_front_lidar.ply,0.25,200,0.8,0.69837,2.11413,1,0.01193,0.99739,0.18878
001738_lcam_front_lidar.ply,0.25,200,0.8,0.63735,1.90126,1,0.00919,0.90467,0.16408
001739_lcam_front_lidar.ply,0.25,200,0.8,0.77346,1.90232,1,0.00907,0.9058,0.15705
001740_lcam_front_lidar.ply,0.25,200,0.8,0.72583,1.98734,1,0.0011,0.98817,0.00295
001741_lcam_front_lidar.ply,0.25,200,0.8,0.75806,1.90563,1,0.0091,0.90731,0.1579
001742_lcam_front_lidar.ply,0.25,200,0.8,0.74578,1.91142,1,0.00843,0.91357,0.10181
001743_lcam_front_lidar.ply,0.25,200,0.8,0.73577,1.90783,1,0.009,0.90892,0.15757
001744_lcam_front_lidar.ply,0.25,200,0.8,0.79021,2.12338,1,0.01277,0.99785,0.14196
001745_lcam_front_lidar.ply,0.25,200,0.8,0.75483,1.91972,1,0.00775,0.92113,0.16091
001746_lcam_front_lidar.ply,0.25,200,0.8,0.80718,1.92065,1,0.00788,0.92091,0.09847
001747_lcam_front_lidar.ply,0.25,200,0.8,0.7015,1.91441,1,0.00657,0.92433,0.10872
001748_lcam_front_lidar.ply,0.25,200,0.8,0.82731,1.91387,1,0.00659,0.92398,0.11038
001749_lcam_front_lidar.ply,0.25,200,0.8,0.94466,1.94416,1,0.00823,0.93095,0.17131
001750_lcam_front_lidar.ply,0.25,200,0.8,0.87486,2.10456,1,0.01123,0.99615,0.18872
001751_lcam_front_lidar.ply,0.25,200,0.8,0.79064,2.10132,1,0.01099,0.99571,0.17749
001752_lcam_front_lidar.ply,0.25,200,0.8,0.88825,2.12,1,0.01255,0.99726,0.15457
001753_lcam_front_lidar.ply,0.25,200,0.8,0.85377,2.1038,1,0.0112,0.99592,0.18314
001754_lcam_front_lidar.ply,0.25,200,0.8,0.84464,2.10038,1,0.01096,0.99538,0.17566
001755_lcam_front_lidar.ply,0.25,200,0.8,0.96798,2.10358,1,0.01116,0.99598,0.19029
001756_lcam_front_lidar.ply,0.25,200,0.8,0.87167,1.94475,1,0.00828,0.931,0.1691
001757_lcam_front_lidar.ply,0.25,200,0.8,0.86796,2.10151,1,0.011,0.99575,0.1851
001758_lcam_front_lidar.ply,0.25,200,0.8,0.86375,2.02563,1,0.01146,0.95549,0.1306
001759_lcam_front_lidar.ply,0.25,200,0.8,0.85564,2.0973,1,0.0107,0.99514,0.17214
001760_lcam_front_lidar.ply,0.25,200,0.8,0.88667,2.09877,1,0.0108,0.99538,0.17893
001761_lcam_front_lidar.ply,0.25,200,0.8,0.93503,1.97316,1,0.00094,0.98189,0.00352
001762_lcam_front_lidar.ply,0.25,200,0.8,0.85644,1.9359,1,0.00827,0.92659,0.18448
001763_lcam_front_lidar.ply,0.25,200,0.8,0.93941,2.09487,1,0.01051,0.99489,0.16716
001764_lcam_front_lidar.ply,0.25,200,0.8,1.04683,1.93645,1,0.00803,0.92809,0.16738
001765_lcam_front_lidar.ply,0.25,200,0.8,1.05394,1.9388,1,0.00818,0.9285,0.17348
001766_lcam_front_lidar.ply,0.25,200,0.8,0.92207,2.0961,1,0.01051,0.99548,0.18444
001767_lcam_front_lidar.ply,0.25,200,0.8,0.89626,1.94214,1,0.00811,0.93051,0.17582
001768_lcam_front_lidar.ply,0.25,200,0.8,0.90026,1.93965,1,0.0079,0.93034,0.17074
001769_lcam_front_lidar.ply,0.25,200,0.8,0.94348,1.92795,1,0.00763,0.92584,0.16003
001770_lcam_front_lidar.ply,0.25,200,0.8,0.79079,1.92804,1,0.00748,0.9266,0.15272
001771_lcam_front_lidar.ply,0.25,200,0.8,0.89334,1.99616,1,0.00981,0.94902,0.15835
001772_lcam_front_lidar.ply,0.25,200,0.8,0.8109,1.92054,1,0.0074,0.92325,0.15823
001773_lcam_front_lidar.ply,0.25,200,0.8,0.75432,1.98782,1,0.00603,0.96376,0.1787
001774_lcam_front_lidar.ply,0.25,200,0.8,0.85758,1.91927,1,0.00729,0.92318,0.15315
001775_lcam_front_lidar.ply,0.25,200,0.8,0.76244,2.0857,1,0.00959,0.99489,0.17259
001776_lcam_front_lidar.ply,0.25,200,0.8,0.89785,2.10049,1,0.01076,0.99645,0.1715
001777_lcam_front_lidar.ply,0.25,200,0.8,0.66852,1.93306,1,0.00747,0.92917,0.14501
001778_lcam_front_lidar.ply,0.25,200,0.8,0.75914,2.0999,1,0.01072,0.99636,0.18047
001779_lcam_front_lidar.ply,0.25,200,0.8,0.75392,2.05232,1,0.0074,0.98916,0.11296
001780_lcam_front_lidar.ply,0.25,200,0.8,0.66533,2.04292,1,0.00677,0.98761,0.10419
001781_lcam_front_lidar.ply,0.25,200,0.8,0.7526,2.03914,1,0.00656,0.98677,0.10963
001782_lcam_front_lidar.ply,0.25,200,0.8,0.77544,2.05199,1,0.00705,0.99073,0.11717
001783_lcam_front_lidar.ply,0.25,200,0.8,0.80414,1.9594,1,0.00557,0.95183,0.15397
001784_lcam_front_lidar.ply,0.25,200,0.8,0.67206,2.04018,1,0.00419,0.99912,0.01407
001785_lcam_front_lidar.ply,0.25,200,0.8,0.7376,1.99904,1,0.00632,0.9679,0.14075
001786_lcam_front_lidar.ply,0.25,200,0.8,0.98113,2.12902,1,0.02449,0.94208,0.32101
001787_lcam_front_lidar.ply,0.25,200,0.8,1.59799,2.0441,1,0.00654,0.98937,0.1173
001788_lcam_front_lidar.ply,0.25,200,0.8,1.19017,1.94996,1,0.00549,0.94754,0.09194
001789_lcam_front_lidar.ply,0.25,200,0.8,1.25617,2.01539,1,0.0062,0.97669,0.10493
001790_lcam_front_lidar.ply,0.25,200,0.8,1.34867,2.07933,1,0.00813,0.999,0.08081
001791_lcam_front_lidar.ply,0.25,200,0.8,1.37557,2.0591,1,0.00604,0.99934,0.01129
001792_lcam_front_lidar.ply,0.25,200,0.8,1.21361,2.03721,1,0.00559,0.99066,0.0612
001793_lcam_front_lidar.ply,0.25,200,0.8,1.31662,1.99551,1,0.00125,0.9915,0.00237
001794_lcam_front_lidar.ply,0.25,200,0.8,1.26153,2.05595,1,0.00611,0.99742,0.05446
001795_lcam_front_lidar.ply,0.25,200,0.8,1.57406,2.0802,1,0.00811,0.99955,0.03611
001796_lcam_front_lidar.ply,0.25,200,0.8,1.48736,2.04172,1,0.00785,0.9816,0.06147
001797_lcam_front_lidar.ply,0.25,200,0.8,1.59521,2.00625,1,0.00713,0.96749,0.1381
001798_lcam_front_lidar.ply,0.25,200,0.8,1.54584,2.07611,1,0.00772,0.99947,0.03672
001799_lcam_front_lidar.ply,0.25,200,0.8,1.42266,2.02427,1,0.00582,0.98305,0.09153
001800_lcam_front_lidar.ply,0.25,200,0.8,1.4753,2.06629,1,0.00675,0.99942,0.0255
001801_lcam_front_lidar.ply,0.25,200,0.8,1.669,2.05854,1,0.00697,0.9944,0.10585
001802_lcam_front_lidar.ply,0.25,200,0.8,1.67273,2.05485,1,0.00612,0.99681,0.07342
001803_lcam_front_lidar.ply,0.25,200,0.8,1.5897,2.05443,1,0.00623,0.99604,0.04983
001804_lcam_front_lidar.ply,0.25,200,0.8,1.80374,2.06083,1,0.00623,0.99929,0.02723
001805_lcam_front_lidar.ply,0.25,200,0.8,1.76653,2.05387,1,0.00645,0.99466,0.05489
001806_lcam_front_lidar.ply,0.25,200,0.8,1.68215,1.97519,1,0.0011,0.98207,0.00408
001807_lcam_front_lidar.ply,0.25,200,0.8,1.44572,2.05007,1,0.00561,0.997,0.05139
001808_lcam_front_lidar.ply,0.25,200,0.8,1.81708,2.0233,1,0.00454,0.98894,0.05705
001809_lcam_front_lidar.ply,0.25,200,0.8,2.127,1.95846,1,0.001,0.97424,0.00261
001810_lcam_front_lidar.ply,0.25,200,0.8,1.73388,2.02549,1,0.00536,0.98594,0.01617
001811_lcam_front_lidar.ply,0.25,200,0.8,1.74782,1.94586,1,0.00234,0.96125,0.0103
001812_lcam_front_lidar.ply,0.25,200,0.8,1.78217,1.98865,1,0.00262,0.98122,0.01166
001813_lcam_front_lidar.ply,0.25,200,0.8,2.01753,2.03185,1,0.00442,0.99382,0.04339
001814_lcam_front_lidar.ply,0.25,200,0.8,1.61814,1.98692,1,0.00329,0.977,0.01938
001815_lcam_front_lidar.ply,0.25,200,0.8,1.51205,1.99863,1,0.00228,0.98791,0.00522
001816_lcam_front_lidar.ply,0.25,200,0.8,1.5127,2.03844,1,0.00489,0.99479,0.03449
001817_lcam_front_lidar.ply,0.25,200,0.8,1.40166,2.04094,1,0.00425,0.99923,0.01221
001818_lcam_front_lidar.ply,0.25,200,0.8,1.42592,2.03269,1,0.00399,0.9964,0.02379
001819_lcam_front_lidar.ply,0.25,200,0.8,2.12179,2.03351,1,0.00449,0.99432,0.02977
001820_lcam_front_lidar.ply,0.25,200,0.8,1.97831,2.10235,1,0.01381,0.98215,0.25615
001821_lcam_front_lidar.ply,0.25,200,0.8,1.97925,2.03947,1,0.00437,0.99789,0.01605
001822_lcam_front_lidar.ply,0.25,200,0.8,1.96658,2.2496,1,0.02927,0.97846,0.33218
001823_lcam_front_lidar.ply,0.25,200,0.8,1.68599,2.04198,1,0.00449,0.99854,0.0201
001824_lcam_front_lidar.ply,0.25,200,0.8,1.88811,2.1141,1,0.01374,0.98836,0.31489
001825_lcam_front_lidar.ply,0.25,200,0.8,1.70731,2.1236,1,0.01266,0.99852,0.29727
001826_lcam_front_lidar.ply,0.25,200,0.8,1.55267,2.10824,1,0.01217,0.99326,0.27251
001827_lcam_front_lidar.ply,0.25,200,0.8,1.66789,1.99173,1,0.00447,0.97352,0.26306
001828_lcam_front_lidar.ply,0.25,200,0.8,1.65758,1.7395,1,0.0026,0.85677,0.26143
001829_lcam_front_lidar.ply,0.25,200,0.8,1.62431,2.03088,1,0.01043,0.96328,0.34331
001830_lcam_front_lidar.ply,0.25,200,0.8,1.34993,1.96208,1,0.00601,0.951,0.20502
001831_lcam_front_lidar.ply,0.25,200,0.8,1.4696,2.03754,1,0.00482,0.99466,0.3106
001832_lcam_front_lidar.ply,0.25,200,0.8,1.70896,1.93529,1,0.00238,0.95573,0.31567
001833_lcam_front_lidar.ply,0.25,200,0.8,1.48153,1.91303,1,0.00411,0.93597,0.3912
001834_lcam_front_lidar.ply,0.25,200,0.8,1.47554,2.01738,1,0.00249,0.99625,0.00935
001835_lcam_front_lidar.ply,0.25,200,0.8,1.33903,2.05636,1,0.00836,0.98636,0.30727
001836_lcam_front_lidar.ply,0.25,200,0.8,1.30257,2.08732,1,0.01091,0.9891,0.31515
001837_lcam_front_lidar.ply,0.25,200,0.8,1.27959,1.81297,1,0.00517,0.88066,0.28552
001838_lcam_front_lidar.ply,0.25,200,0.8,1.25454,1.78211,1,0.00829,0.84963,0.33065
001839_lcam_front_lidar.ply,0.25,200,0.8,1.12062,2.12167,1,0.02752,0.92325,0.25367
001840_lcam_front_lidar.ply,0.25,200,0.8,1.39895,1.78506,1,0.00192,0.88293,0.25123
001841_lcam_front_lidar.ply,0.25,200,0.8,1.03288,2.04535,1,0.01148,0.96528,0.29449
001842_lcam_front_lidar.ply,0.25,200,0.8,1.1845,2.01655,1,0.01024,0.95707,0.26152
001843_lcam_front_lidar.ply,0.25,200,0.8,1.15986,2.02195,1,0.00972,0.96238,0.31248
001844_lcam_front_lidar.ply,0.25,200,0.8,1.01157,1.98898,1,0.0082,0.95348,0.17538
001845_lcam_front_lidar.ply,0.25,200,0.8,1.09726,2.00305,1,0.00562,0.97341,0.32585
001846_lcam_front_lidar.ply,0.25,200,0.8,0.93836,2.00525,1,0.00673,0.96897,0.18491
001847_lcam_front_lidar.ply,0.25,200,0.8,0.94378,2.03911,1,0.00704,0.98436,0.18774
001848_lcam_front_lidar.ply,0.25,200,0.8,0.99525,1.98024,1,0.00699,0.95516,0.2772
001849_lcam_front_lidar.ply,0.25,200,0.8,1.00187,2.07814,1,0.00945,0.9918,0.23218
001850_lcam_front_lidar.ply,0.25,200,0.8,0.90467,2.05475,1,0.0091,0.98189,0.22026
001851_lcam_front_lidar.ply,0.25,200,0.8,0.85465,2.06029,1,0.01256,0.96732,0.2239
001852_lcam_front_lidar.ply,0.25,200,0.8,0.90049,1.92117,1,0.00498,0.93567,0.34015
001853_lcam_front_lidar.ply,0.25,200,0.8,0.98619,2.09044,1,0.01425,0.97398,0.28947
001854_lcam_front_lidar.ply,0.25,200,0.8,0.96976,2.10176,1,0.01035,0.99913,0.22708
001855_lcam_front_lidar.ply,0.25,200,0.8,0.86648,2.09725,1,0.01331,0.9821,0.25719
001856_lcam_front_lidar.ply,0.25,200,0.8,0.94393,1.97898,1,0.00367,0.97115,0.27964
001857_lcam_front_lidar.ply,0.25,200,0.8,0.98752,2.18423,1,0.0236,0.9741,0.30565
001858_lcam_front_lidar.ply,0.25,200,0.8,1.05724,2.00231,1,0.00166,0.99283,0.00354
001859_lcam_front_lidar.ply,0.25,200,0.8,0.89859,2.09054,1,0.01075,0.99154,0.28703
001860_lcam_front_lidar.ply,0.25,200,0.8,0.96801,1.98999,1,0.00258,0.98212,0.29483
001861_lcam_front_lidar.ply,0.25,200,0.8,0.8557,1.92483,1,0.00729,0.92597,0.33483
001862_lcam_front_lidar.ply,0.25,200,0.8,1.04539,2.06445,1,0.01248,0.9698,0.28094
001863_lcam_front_lidar.ply,0.25,200,0.8,1.03192,2.11048,1,0.01247,0.99291,0.33219
001864_lcam_front_lidar.ply,0.25,200,0.8,0.95775,2.05094,1,0.01263,0.96233,0.29591
001865_lcam_front_lidar.ply,0.25,200,0.8,1.02773,2.07327,1,0.00809,0.9962,0.24927
001866_lcam_front_lidar.ply,0.25,200,0.8,1.03339,1.93831,1,0.00169,0.96072,0.15518
001867_lcam_front_lidar.ply,0.25,200,0.8,0.93141,1.9263,1,0.01384,0.89394,0.26232
001868_lcam_front_lidar.ply,0.25,200,0.8,0.88991,2.0036,1,0.00749,0.96433,0.31252
001869_lcam_front_lidar.ply,0.25,200,0.8,0.93777,2.15279,1,0.01801,0.98637,0.28334
001870_lcam_front_lidar.ply,0.25,200,0.8,0.84279,1.98881,1,0.0013,0.98788,0.00382
001871_lcam_front_lidar.ply,0.25,200,0.8,1.04617,2.0666,1,0.01279,0.96936,0.23659
001872_lcam_front_lidar.ply,0.25,200,0.8,0.99464,1.95315,1,0.01233,0.91494,0.30044
001873_lcam_front_lidar.ply,0.25,200,0.8,1.01665,1.86444,1,0.0097,0.88375,0.26688
001874_lcam_front_lidar.ply,0.25,200,0.8,0.86913,2.16637,1,0.01819,0.99223,0.25934
001875_lcam_front_lidar.ply,0.25,200,0.8,0.98852,2.16034,1,0.01891,0.98562,0.28629
001876_lcam_front_lidar.ply,0.25,200,0.8,1.0045,2.1472,1,0.01679,0.98963,0.2694
001877_lcam_front_lidar.ply,0.25,200,0.8,1.1031,2.15125,1,0.01769,0.98718,0.29795
001878_lcam_front_lidar.ply,0.25,200,0.8,1.08265,1.98796,1,0.00202,0.9839,0.37246
001879_lcam_front_lidar.ply,0.25,200,0.8,1.01527,2.18083,1,0.02061,0.98738,0.30148
001880_lcam_front_lidar.ply,0.25,200,0.8,1.01686,2.10871,1,0.01492,0.97975,0.33592
001881_lcam_front_lidar.ply,0.25,200,0.8,1.04757,2.05971,1,0.00598,0.99997,0.00423
001882_lcam_front_lidar.ply,0.25,200,0.8,0.93014,1.88746,1,0.00642,0.91165,0.29029
001883_lcam_front_lidar.ply,0.25,200,0.8,1.10732,1.96604,1,0.00127,0.97669,0.39061
001884_lcam_front_lidar.ply,0.25,200,0.8,0.99342,2.07438,1,0.01387,0.96787,0.30888
001885_lcam_front_lidar.ply,0.25,200,0.8,0.98105,2.09647,1,0.01432,0.97665,0.28827
001886_lcam_front_lidar.ply,0.25,200,0.8,1.01407,1.93821,1,0.00364,0.95091,0.32019
001887_lcam_front_lidar.ply,0.25,200,0.8,0.85121,2.06875,1,0.01196,0.97457,0.38119
001888_lcam_front_lidar.ply,0.25,200,0.8,0.90843,2.15849,1,0.01854,0.98656,0.29383
001889_lcam_front_lidar.ply,0.25,200,0.8,0.79746,2.15893,1,0.01756,0.99168,0.24489
001890_lcam_front_lidar.ply,0.25,200,0.8,0.83575,2.03748,1,0.00487,0.99438,0.19999
001891_lcam_front_lidar.ply,0.25,200,0.8,0.74516,2.19676,1,0.02143,0.99121,0.32713
001892_lcam_front_lidar.ply,0.25,200,0.8,0.82079,2.18479,1,0.02125,0.98615,0.31082
001893_lcam_front_lidar.ply,0.25,200,0.8,0.9523,1.96118,1,0.00759,0.94264,0.27609
001894_lcam_front_lidar.ply,0.25,200,0.8,0.80889,1.98467,1,0.00472,0.96873,0.04366
001895_lcam_front_lidar.ply,0.25,200,0.8,0.93052,2.00038,1,0.00167,0.99186,0.00584
001896_lcam_front_lidar.ply,0.25,200,0.8,0.87252,1.69254,1,0.00235,0.83453,0.34256
001897_lcam_front_lidar.ply,0.25,200,0.8,0.84076,2.04741,1,0.01638,0.94182,0.27794
001898_lcam_front_lidar.ply,0.25,200,0.8,0.80643,2.00469,1,0.00125,0.99609,0.00133
001899_lcam_front_lidar.ply,0.25,200,0.8,0.79582,1.65841,1,0.00215,0.81846,0.27087
001900_lcam_front_lidar.ply,0.25,200,0.8,0.7153,1.8746,1,0.0023,0.9258,0.19246
001901_lcam_front_lidar.ply,0.25,200,0.8,0.8164,1.99687,1,0.00119,0.99251,0.00227
001902_lcam_front_lidar.ply,0.25,200,0.8,0.82748,2.18249,1,0.01892,0.99665,0.27998
001903_lcam_front_lidar.ply,0.25,200,0.8,0.80238,1.9344,1,0.00602,0.93709,0.12641
001904_lcam_front_lidar.ply,0.25,200,0.8,0.8589,2.09949,1,0.01137,0.99289,0.2366
001905_lcam_front_lidar.ply,0.25,200,0.8,0.72854,1.91007,1,0.0033,0.93852,0.24643
001906_lcam_front_lidar.ply,0.25,200,0.8,0.69074,2.14304,1,0.01471,0.99797,0.2313
001907_lcam_front_lidar.ply,0.25,200,0.8,0.66839,2.16581,1,0.01742,0.99583,0.28046
001908_lcam_front_lidar.ply,0.25,200,0.8,0.66865,2.18476,1,0.01915,0.99663,0.28072
001909_lcam_front_lidar.ply,0.25,200,0.8,0.77598,2.11283,1,0.01225,0.99519,0.24108
001910_lcam_front_lidar.ply,0.25,200,0.8,0.78985,2.00797,1,0.00551,0.97645,0.30321
001911_lcam_front_lidar.ply,0.25,200,0.8,0.69898,2.17753,1,0.01853,0.9961,0.28269
001912_lcam_front_lidar.ply,0.25,200,0.8,0.7238,1.95483,1,0.00307,0.96205,0.28738
001913_lcam_front_lidar.ply,0.25,200,0.8,0.68014,2.20641,1,0.02117,0.99734,0.27791
001914_lcam_front_lidar.ply,0.25,200,0.8,0.73886,2.2063,1,0.021,0.99813,0.32646
001915_lcam_front_lidar.ply,0.25,200,0.8,0.7635,2.1724,1,0.01843,0.99405,0.3035
001916_lcam_front_lidar.ply,0.25,200,0.8,0.68039,2.1881,1,0.01905,0.9988,0.24283
001917_lcam_front_lidar.ply,0.25,200,0.8,0.75338,2.0877,1,0.01184,0.98462,0.13624
001918_lcam_front_lidar.ply,0.25,200,0.8,0.63535,2.20101,1,0.02015,0.99976,0.28222
001919_lcam_front_lidar.ply,0.25,200,0.8,0.65462,2.13497,1,0.01822,0.97639,0.2968
001920_lcam_front_lidar.ply,0.25,200,0.8,0.70969,2.16709,1,0.01753,0.99588,0.29136
001921_lcam_front_lidar.ply,0.25,200,0.8,0.70918,2.17555,1,0.01825,0.99654,0.27098
001922_lcam_front_lidar.ply,0.25,200,0.8,0.76795,2.18358,1,0.01855,0.99903,0.24067
001923_lcam_front_lidar.ply,0.25,200,0.8,0.66145,2.1726,1,0.02021,0.98526,0.29677
001924_lcam_front_lidar.ply,0.25,200,0.8,0.73704,2.16729,1,0.01756,0.99585,0.25117
001925_lcam_front_lidar.ply,0.25,200,0.8,0.88982,2.15141,1,0.01593,0.99603,0.24616
001926_lcam_front_lidar.ply,0.25,200,0.8,0.76969,2.12704,1,0.01381,0.99448,0.24507
001927_lcam_front_lidar.ply,0.25,200,0.8,0.70283,2.07629,1,0.01562,0.96005,0.2731
001928_lcam_front_lidar.ply,0.25,200,0.8,0.75245,2.02509,1,0.01404,0.94233,0.24704
001929_lcam_front_lidar.ply,0.25,200,0.8,0.5923,2.11541,1,0.01878,0.96379,0.2759
001930_lcam_front_lidar.ply,0.25,200,0.8,0.6416,1.99444,1,0.01633,0.91559,0.32596
001931_lcam_front_lidar.ply,0.25,200,0.8,0.68232,2.04213,1,0.01433,0.9494,0.25866
001932_lcam_front_lidar.ply,0.25,200,0.8,0.93587,2.03594,1,0.01486,0.94365,0.29862
001933_lcam_front_lidar.ply,0.25,200,0.8,0.95917,2.10634,1,0.01616,0.97236,0.37265
001934_lcam_front_lidar.ply,0.25,200,0.8,0.90392,2.0475,1,0.00487,0.99942,0.04153
001935_lcam_front_lidar.ply,0.25,200,0.8,0.7295,1.99494,1,0.00762,0.95935,0.26539
001936_lcam_front_lidar.ply,0.25,200,0.8,0.68479,2.06358,1,0.00638,0.99988,0.05963
001937_lcam_front_lidar.ply,0.25,200,0.8,0.77171,2.06232,1,0.00626,0.99986,0.05589
001938_lcam_front_lidar.ply,0.25,200,0.8,1.45443,2.05515,1,0.00615,0.99684,0.34258
001939_lcam_front_lidar.ply,0.25,200,0.8,0.82727,2.06015,1,0.00605,0.99984,0.05237
001940_lcam_front_lidar.ply,0.25,200,0.8,0.80339,2.03397,1,0.00486,0.99267,0.04787
001941_lcam_front_lidar.ply,0.25,200,0.8,0.90791,2.02597,1,0.00368,0.99456,0.02404
001942_lcam_front_lidar.ply,0.25,200,0.8,0.86099,1.948,1,0.00251,0.96146,0.22167
001943_lcam_front_lidar.ply,0.25,200,0.8,0.92701,1.98697,1,0.00123,0.98733,0.00174
001944_lcam_front_lidar.ply,0.25,200,0.8,0.72944,1.98263,1,0.00403,0.97114,0.31361
001945_lcam_front_lidar.ply,0.25,200,0.8,0.69456,2.04235,1,0.00475,0.99741,0.04269
001946_lcam_front_lidar.ply,0.25,200,0.8,0.71736,2.03753,1,0.00695,0.98402,0.34606
001947_lcam_front_lidar.ply,0.25,200,0.8,0.77918,2.01166,1,0.00188,0.99644,0.00464
001948_lcam_front_lidar.ply,0.25,200,0.8,0.63885,2.0456,1,0.00468,0.99942,0.01342
001949_lcam_front_lidar.ply,0.25,200,0.8,0.65854,1.7592,1,0.00231,0.86803,0.30638
001950_lcam_front_lidar.ply,0.25,200,0.8,0.61417,2.02309,1,0.00562,0.98344,0.05299
001951_lcam_front_lidar.ply,0.25,200,0.8,0.6082,2.04369,1,0.00839,0.97991,0.27185
001952_lcam_front_lidar.ply,0.25,200,0.8,0.5891,2.04754,1,0.00478,0.99986,0.00711
001953_lcam_front_lidar.ply,0.25,200,0.8,0.52732,2.0218,1,0.00539,0.98395,0.04507
001954_lcam_front_lidar.ply,0.25,200,0.8,0.61221,1.92006,1,0.00608,0.92961,0.25407
001955_lcam_front_lidar.ply,0.25,200,0.8,0.57188,2.04896,1,0.00494,0.9998,0.00725
001956_lcam_front_lidar.ply,0.25,200,0.8,0.60213,2.05317,1,0.0054,0.99958,0.01642
001957_lcam_front_lidar.ply,0.25,200,0.8,0.57571,2.05263,1,0.00531,0.99977,0.00797
001958_lcam_front_lidar.ply,0.25,200,0.8,0.60027,2.05393,1,0.00544,0.99979,0.00876
001959_lcam_front_lidar.ply,0.25,200,0.8,0.66342,2.00569,1,0.00199,0.99288,0.00932
001960_lcam_front_lidar.ply,0.25,200,0.8,0.60719,2.04165,1,0.00419,0.9999,0.00522
001961_lcam_front_lidar.ply,0.25,200,0.8,0.64989,2.05883,1,0.00592,0.99982,0.01036
001962_lcam_front_lidar.ply,0.25,200,0.8,0.59409,2.06054,1,0.00612,0.99965,0.02357
001963_lcam_front_lidar.ply,0.25,200,0.8,0.63483,2.00096,1,0.00164,0.9923,0.00662
001964_lcam_front_lidar.ply,0.25,200,0.8,0.68668,2.0457,1,0.00459,0.99991,0.0057
001965_lcam_front_lidar.ply,0.25,200,0.8,0.57137,1.80022,1,0.00243,0.88794,0.26854
001966_lcam_front_lidar.ply,0.25,200,0.8,0.70784,2.00402,1,0.00201,0.99195,0.00911
001967_lcam_front_lidar.ply,0.25,200,0.8,0.60385,2.0303,1,0.00307,0.9998,0.00173
001968_lcam_front_lidar.ply,0.25,200,0.8,0.69002,2.04961,1,0.00498,0.99992,0.00603
001969_lcam_front_lidar.ply,0.25,200,0.8,0.60773,1.97689,1,0.00387,0.9691,0.34336
001970_lcam_front_lidar.ply,0.25,200,0.8,0.66705,2.01702,1,0.00241,0.99646,0.00819
001971_lcam_front_lidar.ply,0.25,200,0.8,0.68367,1.84954,1,0.00148,0.91735,0.23729
001972_lcam_front_lidar.ply,0.25,200,0.8,0.6133,2.05404,1,0.00542,0.99993,0.00677
001973_lcam_front_lidar.ply,0.25,200,0.8,0.6989,2.00963,1,0.00169,0.99638,0.0034
001974_lcam_front_lidar.ply,0.25,200,0.8,0.77392,1.90963,1,0.00579,0.92585,0.30184
001975_lcam_front_lidar.ply,0.25,200,0.8,0.60541,2.05355,1,0.00538,0.99988,0.00731
001976_lcam_front_lidar.ply,0.25,200,0.8,0.73942,1.81355,1,0.00614,0.87609,0.27678
001977_lcam_front_lidar.ply,0.25,200,0.8,0.74336,1.77746,1,0.00264,0.87551,0.30991
001978_lcam_front_lidar.ply,0.25,200,0.8,0.64969,1.82179,1,0.00495,0.88614,0.3473
001979_lcam_front_lidar.ply,0.25,200,0.8,0.73645,2.03346,1,0.00487,0.99237,0.2921
001980_lcam_front_lidar.ply,0.25,200,0.8,0.73182,2.02846,1,0.00395,0.99446,0.01267
001981_lcam_front_lidar.ply,0.25,200,0.8,0.63757,2.06059,1,0.00607,0.99995,0.00784
001982_lcam_front_lidar.ply,0.25,200,0.8,0.63493,1.97433,1,0.00589,0.95772,0.3831
001983_lcam_front_lidar.ply,0.25,200,0.8,0.68011,1.92988,1,0.00322,0.94883,0.28407
001984_lcam_front_lidar.ply,0.25,200,0.8,0.64605,2.06782,1,0.00679,0.99994,0.00804
001985_lcam_front_lidar.ply,0.25,200,0.8,0.67079,2.0171,1,0.00516,0.98274,0.33553
001986_lcam_front_lidar.ply,0.25,200,0.8,0.66376,2.07,1,0.00701,0.99995,0.00758
001987_lcam_front_lidar.ply,0.25,200,0.8,0.64651,2.01129,1,0.0014,0.99865,0.00179
001988_lcam_front_lidar.ply,0.25,200,0.8,0.65292,1.70252,1,0.00519,0.82533,0.29724
001989_lcam_front_lidar.ply,0.25,200,0.8,0.671,2.08259,1,0.00827,0.99996,0.00749
001990_lcam_front_lidar.ply,0.25,200,0.8,0.6554,2.08277,1,0.00829,0.99996,0.00749
001991_lcam_front_lidar.ply,0.25,200,0.8,0.71257,2.08665,1,0.00867,0.99996,0.00745
001992_lcam_front_lidar.ply,0.25,200,0.8,0.72296,1.78704,1,0.00571,0.86498,0.34448
001993_lcam_front_lidar.ply,0.25,200,0.8,0.69237,2.04681,1,0.0047,0.9999,0.004
001994_lcam_front_lidar.ply,0.25,200,0.8,0.65914,2.09309,1,0.00932,0.99996,0.00738
001995_lcam_front_lidar.ply,0.25,200,0.8,0.73892,2.04096,1,0.00541,0.9934,0.0104
001996_lcam_front_lidar.ply,0.25,200,0.8,0.74684,2.06152,1,0.00675,0.997,0.01689
001997_lcam_front_lidar.ply,0.25,200,0.8,0.66814,2.05695,1,0.00571,0.99993,0.00652
001998_lcam_front_lidar.ply,0.25,200,0.8,0.76391,2.04149,1,0.0055,0.99324,0.01087
001999_lcam_front_lidar.ply,0.25,200,0.8,0.79533,1.98605,1,0.00194,0.98334,0.00611
002000_lcam_front_lidar.ply,0.25,200,0.8,0.734,1.73572,1,0.00471,0.84431,0.27297
002001_lcam_front_lidar.ply,0.25,200,0.8,0.69109,1.85181,1,0.00207,0.91558,0.29015
002002_lcam_front_lidar.ply,0.25,200,0.8,0.82225,2.04177,1,0.00557,0.99303,0.01063
002003_lcam_front_lidar.ply,0.25,200,0.8,0.83637,2.05581,1,0.00616,0.99713,0.00787
002004_lcam_front_lidar.ply,0.25,200,0.8,0.6928,2.04218,1,0.00564,0.99288,0.0113
002005_lcam_front_lidar.ply,0.25,200,0.8,0.72104,2.05009,1,0.00567,0.99672,0.00717
002006_lcam_front_lidar.ply,0.25,200,0.8,0.7587,2.04222,1,0.00568,0.99269,0.01099
002007_lcam_front_lidar.ply,0.25,200,0.8,0.77559,2.04199,1,0.00567,0.99264,0.01101
002008_lcam_front_lidar.ply,0.25,200,0.8,0.777,2.04171,1,0.00566,0.99257,0.01109
002009_lcam_front_lidar.ply,0.25,200,0.8,0.79952,2.05726,1,0.00649,0.9962,0.02211
002010_lcam_front_lidar.ply,0.25,200,0.8,0.74984,2.05465,1,0.00548,0.99991,0.006
002011_lcam_front_lidar.ply,0.25,200,0.8,0.77799,2.04204,1,0.00572,0.99243,0.011
002012_lcam_front_lidar.ply,0.25,200,0.8,0.79624,2.05276,1,0.00684,0.99217,0.01238
002013_lcam_front_lidar.ply,0.25,200,0.8,0.89027,2.04226,1,0.00577,0.9923,0.01166
002014_lcam_front_lidar.ply,0.25,200,0.8,0.80581,2.0496,1,0.00575,0.99605,0.00813
002015_lcam_front_lidar.ply,0.25,200,0.8,0.81419,2.05817,1,0.00662,0.996,0.02494
002016_lcam_front_lidar.ply,0.25,200,0.8,0.67699,2.05898,1,0.00669,0.99602,0.02633
002017_lcam_front_lidar.ply,0.25,200,0.8,0.70818,2.08412,1,0.02038,0.94014,0.2143
002018_lcam_front_lidar.ply,0.25,200,0.8,0.87485,2.04945,1,0.00687,0.99036,0.03223
002019_lcam_front_lidar.ply,0.25,200,0.8,0.8578,1.78161,1,0.00479,0.86684,0.2257
002020_lcam_front_lidar.ply,0.25,200,0.8,0.99568,2.05779,1,0.00747,0.99157,0.0145
002021_lcam_front_lidar.ply,0.25,200,0.8,0.88526,2.04271,1,0.02206,0.91107,0.24471
002022_lcam_front_lidar.ply,0.25,200,0.8,0.81087,2.05216,1,0.00604,0.99587,0.01098
002023_lcam_front_lidar.ply,0.25,200,0.8,0.82965,2.05071,1,0.00709,0.98992,0.03466
002024_lcam_front_lidar.ply,0.25,200,0.8,0.80896,2.0643,1,0.00712,0.99652,0.0132
002025_lcam_front_lidar.ply,0.25,200,0.8,0.89635,1.99277,1,0.00076,0.99258,0.00146
002026_lcam_front_lidar.ply,0.25,200,0.8,0.83688,2.06287,1,0.00809,0.99097,0.01776
002027_lcam_front_lidar.ply,0.25,200,0.8,0.76061,2.0121,1,0.0015,0.99854,0.00243
002028_lcam_front_lidar.ply,0.25,200,0.8,0.81073,2.00707,1,0.00098,0.99863,0.00099
002029_lcam_front_lidar.ply,0.25,200,0.8,0.74545,2.04013,1,0.00591,0.99052,0.06117
002030_lcam_front_lidar.ply,0.25,200,0.8,0.81017,2.06209,1,0.00623,0.99992,0.00691
002031_lcam_front_lidar.ply,0.25,200,0.8,0.91701,2.03923,1,0.00606,0.98933,0.05934
002032_lcam_front_lidar.ply,0.25,200,0.8,1.28874,2.06525,1,0.00734,0.99594,0.03422
002033_lcam_front_lidar.ply,0.25,200,0.8,1.31067,2.06754,1,0.00869,0.99033,0.0208
002034_lcam_front_lidar.ply,0.25,200,0.8,0.99245,2.05661,1,0.0065,0.99581,0.01731
002035_lcam_front_lidar.ply,0.25,200,0.8,0.84794,2.05683,1,0.00654,0.99573,0.01795
002036_lcam_front_lidar.ply,0.25,200,0.8,0.81688,2.07,1,0.00901,0.98996,0.0233
002037_lcam_front_lidar.ply,0.25,200,0.8,0.78844,2.04638,1,0.00664,0.98998,0.02404
002038_lcam_front_lidar.ply,0.25,200,0.8,0.72935,2.07236,1,0.00804,0.996,0.02019
002039_lcam_front_lidar.ply,0.25,200,0.8,0.79187,2.04687,1,0.00671,0.98986,0.02478
002040_lcam_front_lidar.ply,0.25,200,0.8,0.75061,2.0474,1,0.0068,0.98972,0.02588
002041_lcam_front_lidar.ply,0.25,200,0.8,0.71197,2.03883,1,0.00674,0.98571,0.05777
002042_lcam_front_lidar.ply,0.25,200,0.8,0.78983,2.04756,1,0.00683,0.98961,0.02674
002043_lcam_front_lidar.ply,0.25,200,0.8,0.64187,2.06392,1,0.0084,0.98998,0.02559
002044_lcam_front_lidar.ply,0.25,200,0.8,0.71628,2.03769,1,0.00692,0.98426,0.05256
002045_lcam_front_lidar.ply,0.25,200,0.8,0.69805,2.07603,1,0.00981,0.98897,0.03068
002046_lcam_front_lidar.ply,0.25,200,0.8,0.72175,2.05193,1,0.00539,0.99902,0.01033
002047_lcam_front_lidar.ply,0.25,200,0.8,0.68022,2.07746,1,0.00998,0.98882,0.03151
002048_lcam_front_lidar.ply,0.25,200,0.8,0.69882,2.03715,1,0.00705,0.98334,0.04831
002049_lcam_front_lidar.ply,0.25,200,0.8,0.77704,2.04898,1,0.00707,0.98916,0.03217
002050_lcam_front_lidar.ply,0.25,200,0.8,0.79441,2.04933,1,0.00712,0.98906,0.03325
002051_lcam_front_lidar.ply,0.25,200,0.8,0.75724,2.04946,1,0.00713,0.98906,0.0336
002052_lcam_front_lidar.ply,0.25,200,0.8,0.72972,2.03745,1,0.00716,0.98294,0.04549
002053_lcam_front_lidar.ply,0.25,200,0.8,0.76109,2.06849,1,0.00905,0.98897,0.03269
002054_lcam_front_lidar.ply,0.25,200,0.8,0.87184,2.05889,1,0.0091,0.98393,0.04315
002055_lcam_front_lidar.ply,0.25,200,0.8,0.82511,2.05017,1,0.00723,0.98894,0.03583
002056_lcam_front_lidar.ply,0.25,200,0.8,0.92687,2.03719,1,0.00716,0.98278,0.04259
002057_lcam_front_lidar.ply,0.25,200,0.8,0.95295,2.03738,1,0.00717,0.98282,0.04245
002058_lcam_front_lidar.ply,0.25,200,0.8,0.9995,2.03774,1,0.00723,0.98274,0.04213
002059_lcam_front_lidar.ply,0.25,200,0.8,0.90779,2.06196,1,0.00964,0.98277,0.04086
002060_lcam_front_lidar.ply,0.25,200,0.8,0.96203,2.05019,1,0.0072,0.98909,0.0387
002061_lcam_front_lidar.ply,0.25,200,0.8,0.90182,2.06329,1,0.00983,0.98247,0.0394
002062_lcam_front_lidar.ply,0.25,200,0.8,0.8926,2.11817,1,0.01202,0.99897,0.10189
002063_lcam_front_lidar.ply,0.25,200,0.8,1.12798,2.03804,1,0.00718,0.98314,0.03983
002064_lcam_front_lidar.ply,0.25,200,0.8,0.99957,2.0502,1,0.00719,0.98913,0.03955
002065_lcam_front_lidar.ply,0.25,200,0.8,0.99933,2.05037,1,0.00719,0.98922,0.04078
002066_lcam_front_lidar.ply,0.25,200,0.8,1.10344,2.06581,1,0.01022,0.9818,0.03644
002067_lcam_front_lidar.ply,0.25,200,0.8,1.08246,2.03747,1,0.00715,0.98298,0.03896
002068_lcam_front_lidar.ply,0.25,200,0.8,1.00554,2.03817,1,0.00723,0.98292,0.03867
002069_lcam_front_lidar.ply,0.25,200,0.8,1.3038,2.07747,1,0.01026,0.98742,0.03846
002070_lcam_front_lidar.ply,0.25,200,0.8,1.06534,2.06608,1,0.01031,0.98151,0.03361
002071_lcam_front_lidar.ply,0.25,200,0.8,1.02543,2.07902,1,0.01047,0.98716,0.03963
002072_lcam_front_lidar.ply,0.25,200,0.8,1.06559,2.03737,1,0.00714,0.98299,0.03791
002073_lcam_front_lidar.ply,0.25,200,0.8,0.82064,2.06087,1,0.00984,0.98123,0.03286
002074_lcam_front_lidar.ply,0.25,200,0.8,1.06169,2.04495,1,0.00819,0.98153,0.03763
002075_lcam_front_lidar.ply,0.25,200,0.8,0.98075,2.04947,1,0.00756,0.98694,0.04339
002076_lcam_front_lidar.ply,0.25,200,0.8,0.8024,2.02846,1,0.00549,0.98678,0.03081
002077_lcam_front_lidar.ply,0.25,200,0.8,0.70507,2.04,1,0.00886,0.9757,0.12528
002078_lcam_front_lidar.ply,0.25,200,0.8,0.53176,2.05009,1,0.00518,0.99916,0.01546
002079_lcam_front_lidar.ply,0.25,200,0.8,0.57489,1.96069,1,0.00104,0.97514,0.00611
002080_lcam_front_lidar.ply,0.25,200,0.8,0.97743,1.97632,1,0.00132,0.98158,0.00451
002081_lcam_front_lidar.ply,0.25,200,0.8,0.70638,2.10662,1,0.01573,0.97468,0.10478
002082_lcam_front_lidar.ply,0.25,200,0.8,1.00222,2.0547,1,0.0055,0.99987,0.00411
002083_lcam_front_lidar.ply,0.25,200,0.8,0.69713,1.97517,1,0.00178,0.97866,0.00938
002084_lcam_front_lidar.ply,0.25,200,0.8,0.81061,2.00228,1,0.00175,0.99239,0.00647
002085_lcam_front_lidar.ply,0.25,200,0.8,1.24319,2.06031,1,0.00619,0.9992,0.02671
002086_lcam_front_lidar.ply,0.25,200,0.8,1.12673,2.04135,1,0.00781,0.98164,0.03111
002087_lcam_front_lidar.ply,0.25,200,0.8,1.3191,2.07283,1,0.00854,0.99372,0.03831
002088_lcam_front_lidar.ply,0.25,200,0.8,1.90629,2.06737,1,0.00758,0.99579,0.04229
002089_lcam_front_lidar.ply,0.25,200,0.8,1.92438,2.03405,1,0.00407,0.99669,0.02384
002090_lcam_front_lidar.ply,0.25,200,0.8,1.7733,2.05455,1,0.00557,0.99943,0.01954
002091_lcam_front_lidar.ply,0.25,200,0.8,1.73177,1.99818,1,0.00422,0.978,0.28017
002092_lcam_front_lidar.ply,0.25,200,0.8,1.76794,2.07203,1,0.01371,0.96747,0.22001
002093_lcam_front_lidar.ply,0.25,200,0.8,1.7017,2.05083,1,0.02147,0.91807,0.31757
002094_lcam_front_lidar.ply,0.25,200,0.8,1.63186,2.06593,1,0.0263,0.90145,0.27899
002095_lcam_front_lidar.ply,0.25,200,0.8,1.44451,2.04315,1,0.00492,0.99696,0.01207
002096_lcam_front_lidar.ply,0.25,200,0.8,1.39046,1.9405,1,0.00114,0.96454,0.00366
002097_lcam_front_lidar.ply,0.25,200,0.8,1.43484,2.04386,1,0.00677,0.98809,0.03753
002098_lcam_front_lidar.ply,0.25,200,0.8,1.42649,2.04292,1,0.00657,0.98862,0.0353
002099_lcam_front_lidar.ply,0.25,200,0.8,1.34386,2.03975,1,0.00609,0.98941,0.0372
002100_lcam_front_lidar.ply,0.25,200,0.8,1.25135,2.05473,1,0.0056,0.99934,0.02101
002101_lcam_front_lidar.ply,0.25,200,0.8,1.24025,2.05436,1,0.00557,0.99933,0.02077
002102_lcam_front_lidar.ply,0.25,200,0.8,1.2825,2.01133,1,0.00616,0.97486,0.04865
002103_lcam_front_lidar.ply,0.25,200,0.8,1.01085,2.01149,1,0.00641,0.97371,0.04826
002104_lcam_front_lidar.ply,0.25,200,0.8,1.15704,2.05234,1,0.00552,0.99859,0.02296
002105_lcam_front_lidar.ply,0.25,200,0.8,1.46191,2.05946,1,0.00712,0.99415,0.32195
002106_lcam_front_lidar.ply,0.25,200,0.8,1.17079,2.01306,1,0.00711,0.97096,0.04586
002107_lcam_front_lidar.ply,0.25,200,0.8,0.86956,2.07395,1,0.00788,0.99759,0.06679
002108_lcam_front_lidar.ply,0.25,200,0.8,0.87474,2.01685,1,0.00732,0.97181,0.04775
002109_lcam_front_lidar.ply,0.25,200,0.8,0.9215,2.01784,1,0.00732,0.97231,0.04779
002110_lcam_front_lidar.ply,0.25,200,0.8,1.04263,2.0133,1,0.00702,0.97154,0.04685
002111_lcam_front_lidar.ply,0.25,200,0.8,1.00914,2.02081,1,0.00749,0.97295,0.04627
002112_lcam_front_lidar.ply,0.25,200,0.8,0.91163,2.02067,1,0.00699,0.9754,0.03329
002113_lcam_front_lidar.ply,0.25,200,0.8,0.90929,2.02126,1,0.00556,0.98284,0.03714
002114_lcam_front_lidar.ply,0.25,200,0.8,0.72828,2.02925,1,0.00438,0.99273,0.011
002115_lcam_front_lidar.ply,0.25,200,0.8,0.90902,2.02995,1,0.00447,0.99262,0.01169
002116_lcam_front_lidar.ply,0.25,200,0.8,1.03272,2.10388,1,0.01379,0.983,0.30403
002117_lcam_front_lidar.ply,0.25,200,0.8,0.83107,2.05092,1,0.00715,0.98969,0.01998
002118_lcam_front_lidar.ply,0.25,200,0.8,0.96961,1.90989,1,0.01212,0.89433,0.31732
002119_lcam_front_lidar.ply,0.25,200,0.8,0.98776,1.86576,1,0.01078,0.87897,0.26609
002120_lcam_front_lidar.ply,0.25,200,0.8,0.81989,2.01815,1,0.00348,0.99167,0.00933
002121_lcam_front_lidar.ply,0.25,200,0.8,0.77377,2.03886,1,0.01052,0.96684,0.30213
002122_lcam_front_lidar.ply,0.25,200,0.8,0.72691,1.8763,1,0.00855,0.89539,0.21967
002123_lcam_front_lidar.ply,0.25,200,0.8,0.71861,2.02753,1,0.00472,0.99015,0.00995
002124_lcam_front_lidar.ply,0.25,200,0.8,0.66454,1.94535,1,0.00144,0.96547,0.30846
002125_lcam_front_lidar.ply,0.25,200,0.8,0.58949,1.99862,1,0.00127,0.99297,0.0025
002126_lcam_front_lidar.ply,0.25,200,0.8,0.55438,1.86901,1,0.01078,0.88062,0.2368
002127_lcam_front_lidar.ply,0.25,200,0.8,0.53429,2.00686,1,0.00945,0.95617,0.24281
002128_lcam_front_lidar.ply,0.25,200,0.8,0.54344,1.94473,1,0.00694,0.93765,0.30637
002129_lcam_front_lidar.ply,0.25,200,0.8,0.56902,2.05311,1,0.00954,0.97884,0.22467
002130_lcam_front_lidar.ply,0.25,200,0.8,0.6096,2.05446,1,0.00861,0.98417,0.20847
002131_lcam_front_lidar.ply,0.25,200,0.8,0.52888,1.94069,1,0.00956,0.92254,0.22956
002132_lcam_front_lidar.ply,0.25,200,0.8,0.52646,2.04249,1,0.00442,0.99916,0.01432
002133_lcam_front_lidar.ply,0.25,200,0.8,0.63791,1.82984,1,0.00527,0.88856,0.16057
002134_lcam_front_lidar.ply,0.25,200,0.8,0.51572,2.04396,1,0.00777,0.98312,0.19324
002135_lcam_front_lidar.ply,0.25,200,0.8,0.55117,2.02292,1,0.00473,0.9878,0.37755
002136_lcam_front_lidar.ply,0.25,200,0.8,0.56868,2.00286,1,0.00588,0.97204,0.04557
002137_lcam_front_lidar.ply,0.25,200,0.8,0.50018,2.02193,1,0.00443,0.98883,0.0252
002138_lcam_front_lidar.ply,0.25,200,0.8,0.42476,2.01468,1,0.00586,0.97806,0.12141
002139_lcam_front_lidar.ply,0.25,200,0.8,0.50875,2.05307,1,0.01815,0.93577,0.22823
002140_lcam_front_lidar.ply,0.25,200,0.8,0.54725,2.01241,1,0.00429,0.98477,0.01752
002141_lcam_front_lidar.ply,0.25,200,0.8,0.5342,2.01681,1,0.00514,0.98272,0.02112
002142_lcam_front_lidar.ply,0.25,200,0.8,0.70813,1.94053,1,0.00875,0.92652,0.18922
002143_lcam_front_lidar.ply,0.25,200,0.8,0.61729,2.03175,1,0.01463,0.9427,0.17171
002144_lcam_front_lidar.ply,0.25,200,0.8,0.67774,2.0399,1,0.00464,0.99674,0.00582
002145_lcam_front_lidar.ply,0.25,200,0.8,0.62673,2.05078,1,0.00574,0.99668,0.00639
002146_lcam_front_lidar.ply,0.25,200,0.8,0.54858,1.96615,1,0.01133,0.92642,0.2016
002147_lcam_front_lidar.ply,0.25,200,0.8,0.52476,2.36355,1,0.04177,0.97293,0.15693
002148_lcam_front_lidar.ply,0.25,200,0.8,0.59812,1.98946,1,0.01491,0.92015,0.19868
002149_lcam_front_lidar.ply,0.25,200,0.8,0.54657,2.03466,1,0.00407,0.99696,0.00642
002150_lcam_front_lidar.ply,0.25,200,0.8,0.53211,2.44079,1,0.04842,0.97829,0.15908
002151_lcam_front_lidar.ply,0.25,200,0.8,0.49935,2.48067,1,0.05392,0.97071,0.19334
002152_lcam_front_lidar.ply,0.25,200,0.8,0.56071,2.01182,1,0.00253,0.99327,0.0053
002153_lcam_front_lidar.ply,0.25,200,0.8,0.63678,2.01551,1,0.00158,0.99983,0.00055
002154_lcam_front_lidar.ply,0.25,200,0.8,0.61024,2.37878,1,0.04337,0.97253,0.16876
002155_lcam_front_lidar.ply,0.25,200,0.8,0.58787,2.03237,1,0.00816,0.9754,0.1475
002156_lcam_front_lidar.ply,0.25,200,0.8,0.48882,2.00769,1,0.01525,0.9276,0.1596
002157_lcam_front_lidar.ply,0.25,200,0.8,0.65274,2.06643,1,0.02052,0.93062,0.14797
002158_lcam_front_lidar.ply,0.25,200,0.8,0.65831,2.02415,1,0.00437,0.99024,0.02
002159_lcam_front_lidar.ply,0.25,200,0.8,0.57786,2.0353,1,0.00407,0.99727,0.00786
002160_lcam_front_lidar.ply,0.25,200,0.8,0.75497,2.04691,1,0.00589,0.99402,0.16159
002161_lcam_front_lidar.ply,0.25,200,0.8,0.54545,2.59371,1,0.06741,0.95979,0.20626
002162_lcam_front_lidar.ply,0.25,200,0.8,0.67457,2.00247,1,0.01296,0.93645,0.16204
002163_lcam_front_lidar.ply,0.25,200,0.8,0.55564,1.96027,1,0.01015,0.92938,0.13184
002164_lcam_front_lidar.ply,0.25,200,0.8,0.62517,2.00488,1,0.01242,0.94033,0.14829
002165_lcam_front_lidar.ply,0.25,200,0.8,0.6123,1.9976,1,0.01182,0.9397,0.16767
002166_lcam_front_lidar.ply,0.25,200,0.8,0.58548,2.36998,1,0.04682,0.95088,0.1959
002167_lcam_front_lidar.ply,0.25,200,0.8,0.65149,2.33803,1,0.04201,0.95898,0.17014
002168_lcam_front_lidar.ply,0.25,200,0.8,0.66823,2.27522,1,0.03379,0.96867,0.14367
002169_lcam_front_lidar.ply,0.25,200,0.8,0.66077,2.3434,1,0.04316,0.95592,0.18784
002170_lcam_front_lidar.ply,0.25,200,0.8,0.85864,2.0015,1,0.01408,0.93034,0.14982
002171_lcam_front_lidar.ply,0.25,200,0.8,0.78759,2.26358,1,0.03647,0.94945,0.19587
002172_lcam_front_lidar.ply,0.25,200,0.8,1.09571,1.97612,1,0.00574,0.95935,0.31971
002173_lcam_front_lidar.ply,0.25,200,0.8,0.93034,2.04643,1,0.00503,0.99805,0.00882
002174_lcam_front_lidar.ply,0.25,200,0.8,0.81151,1.94028,1,0.00086,0.96586,0.0031
002175_lcam_front_lidar.ply,0.25,200,0.8,0.92011,2.0067,1,0.01093,0.94868,0.13921
002176_lcam_front_lidar.ply,0.25,200,0.8,0.74436,2.04891,1,0.00532,0.99787,0.00751
002177_lcam_front_lidar.ply,0.25,200,0.8,0.88829,1.98265,1,0.01192,0.93172,0.22618
002178_lcam_front_lidar.ply,0.25,200,0.8,0.78425,2.04253,1,0.0048,0.99727,0.01132
002179_lcam_front_lidar.ply,0.25,200,0.8,1.00865,2.05218,1,0.0056,0.99809,0.01059
002180_lcam_front_lidar.ply,0.25,200,0.8,0.98309,2.26222,1,0.04074,0.9274,0.19461
002181_lcam_front_lidar.ply,0.25,200,0.8,0.85753,2.0591,1,0.00599,0.99961,0.02192
002182_lcam_front_lidar.ply,0.25,200,0.8,0.87883,2.05375,1,0.00578,0.99798,0.02059
002183_lcam_front_lidar.ply,0.25,200,0.8,1.02047,1.87891,1,0.00087,0.93511,0.27418
002184_lcam_front_lidar.ply,0.25,200,0.8,0.9242,1.92514,1,0.00503,0.93742,0.18152
002185_lcam_front_lidar.ply,0.25,200,0.8,0.78414,1.94298,1,0.00121,0.96544,0.0049
002186_lcam_front_lidar.ply,0.25,200,0.8,0.81371,2.05644,1,0.00632,0.99663,0.01491
002187_lcam_front_lidar.ply,0.25,200,0.8,0.74442,2.05733,1,0.00641,0.9966,0.01388
002188_lcam_front_lidar.ply,0.25,200,0.8,0.57577,1.95671,1,0.00086,0.97407,0.00542
002189_lcam_front_lidar.ply,0.25,200,0.8,0.86028,1.73244,1,0.00227,0.85487,0.31781
002190_lcam_front_lidar.ply,0.25,200,0.8,0.68419,1.97286,1,0.00566,0.95814,0.15208
002191_lcam_front_lidar.ply,0.25,200,0.8,0.59543,1.65969,1,0.00158,0.82195,0.18825
002192_lcam_front_lidar.ply,0.25,200,0.8,0.54488,1.82818,1,0.00457,0.89125,0.13719
002193_lcam_front_lidar.ply,0.25,200,0.8,0.55699,2.05944,1,0.01026,0.97843,0.18675
002194_lcam_front_lidar.ply,0.25,200,0.8,0.52696,2.61636,1,0.07323,0.94203,0.21651
002195_lcam_front_lidar.ply,0.25,200,0.8,0.48673,2.00586,1,0.0034,0.98594,0.19162
002196_lcam_front_lidar.ply,0.25,200,0.8,0.55674,1.99474,1,0.00592,0.96779,0.17967
002197_lcam_front_lidar.ply,0.25,200,0.8,0.58467,2.0508,1,0.00526,0.99911,0.00679
002198_lcam_front_lidar.ply,0.25,200,0.8,0.62688,1.90352,1,0.01294,0.88705,0.21114
002199_lcam_front_lidar.ply,0.25,200,0.8,0.5521,2.05153,1,0.00655,0.99302,0.29372
002200_lcam_front_lidar.ply,0.25,200,0.8,0.58899,2.04179,1,0.00439,0.99894,0.00314
002201_lcam_front_lidar.ply,0.25,200,0.8,0.68954,1.9392,1,0.00078,0.96571,0.00245
002202_lcam_front_lidar.ply,0.25,200,0.8,0.65264,1.85401,1,0.00172,0.91842,0.29732
002203_lcam_front_lidar.ply,0.25,200,0.8,0.78223,1.84586,1,0.00168,0.91452,0.22914
002204_lcam_front_lidar.ply,0.25,200,0.8,0.71304,1.9655,1,0.01384,0.91358,0.21976
002205_lcam_front_lidar.ply,0.25,200,0.8,0.83726,2.03848,1,0.00453,0.99661,0.00863
002206_lcam_front_lidar.ply,0.25,200,0.8,0.72519,1.93356,1,0.00306,0.9515,0.3611
002207_lcam_front_lidar.ply,0.25,200,0.8,0.78379,1.98923,1,0.00129,0.98818,0.00569
002208_lcam_front_lidar.ply,0.25,200,0.8,0.81573,1.98841,1,0.00133,0.98756,0.00502
002209_lcam_front_lidar.ply,0.25,200,0.8,0.54946,1.99902,1,0.00141,0.99247,0.00378
002210_lcam_front_lidar.ply,0.25,200,0.8,0.63949,2.01832,1,0.00277,0.99532,0.007
002211_lcam_front_lidar.ply,0.25,200,0.8,0.64366,2.05409,1,0.00648,0.99466,0.01412
002212_lcam_front_lidar.ply,0.25,200,0.8,0.55299,1.98236,1,0.00069,0.98771,0.0012
002213_lcam_front_lidar.ply,0.25,200,0.8,0.63697,2.0579,1,0.00672,0.99536,0.02557
002214_lcam_front_lidar.ply,0.25,200,0.8,0.64692,1.96974,1,0.00065,0.98159,0.00178
002215_lcam_front_lidar.ply,0.25,200,0.8,0.6185,2.06625,1,0.0076,0.99511,0.02444
002216_lcam_front_lidar.ply,0.25,200,0.8,0.6545,2.0685,1,0.00766,0.99597,0.02732
002217_lcam_front_lidar.ply,0.25,200,0.8,0.7361,2.07321,1,0.00825,0.99535,0.02414
002218_lcam_front_lidar.ply,0.25,200,0.8,0.61019,2.06848,1,0.0077,0.99575,0.02582
002219_lcam_front_lidar.ply,0.25,200,0.8,0.57677,2.04848,1,0.00588,0.99483,0.01375
002220_lcam_front_lidar.ply,0.25,200,0.8,0.60907,2.04802,1,0.00583,0.99484,0.01484
002221_lcam_front_lidar.ply,0.25,200,0.8,0.5252,2.03722,1,0.01095,0.96384,0.18031
002222_lcam_front_lidar.ply,0.25,200,0.8,0.54502,2.04804,1,0.00596,0.99422,0.01134
002223_lcam_front_lidar.ply,0.25,200,0.8,0.71398,2.04284,1,0.00539,0.99449,0.01263
002224_lcam_front_lidar.ply,0.25,200,0.8,0.62523,2.02139,1,0.00473,0.98703,0.02154
002225_lcam_front_lidar.ply,0.25,200,0.8,0.54694,2.02323,1,0.00757,0.97376,0.18895
002226_lcam_front_lidar.ply,0.25,200,0.8,0.52785,2.12106,1,0.02178,0.95162,0.18649
002227_lcam_front_lidar.ply,0.25,200,0.8,0.51247,2.03856,1,0.00504,0.9941,0.00897
002228_lcam_front_lidar.ply,0.25,200,0.8,0.5706,2.03521,1,0.00464,0.99443,0.01145
002229_lcam_front_lidar.ply,0.25,200,0.8,0.4316,2.01577,1,0.00801,0.96783,0.18186
002230_lcam_front_lidar.ply,0.25,200,0.8,0.38841,2.05769,1,0.0068,0.99482,0.02346
002231_lcam_front_lidar.ply,0.25,200,0.8,0.45998,2.03963,1,0.00502,0.9947,0.01283
002232_lcam_front_lidar.ply,0.25,200,0.8,0.55414,1.9909,1,0.00542,0.96835,0.19498
002233_lcam_front_lidar.ply,0.25,200,0.8,0.55092,1.95956,1,0.00094,0.97508,0.00339
002234_lcam_front_lidar.ply,0.25,200,0.8,0.47118,1.88379,1,0.00067,0.93854,0.20501
002235_lcam_front_lidar.ply,0.25,200,0.8,0.47426,2.04315,1,0.00537,0.99472,0.01056
002236_lcam_front_lidar.ply,0.25,200,0.8,0.5466,2.04327,1,0.00542,0.99456,0.00985
002237_lcam_front_lidar.ply,0.25,200,0.8,0.53954,1.97766,1,0.00149,0.98136,0.09685
002238_lcam_front_lidar.ply,0.25,200,0.8,0.46656,2.04512,1,0.00559,0.99461,0.0098
002239_lcam_front_lidar.ply,0.25,200,0.8,0.34534,2.04773,1,0.0058,0.99486,0.01139
002240_lcam_front_lidar.ply,0.25,200,0.8,0.36261,1.98871,1,0.00036,0.99257,0.00032
002241_lcam_front_lidar.ply,0.25,200,0.8,0.40985,2.05108,1,0.00611,0.995,0.01418
002242_lcam_front_lidar.ply,0.25,200,0.8,0.39958,1.9894,1,0.00044,0.99252,0.00056
002243_lcam_front_lidar.ply,0.25,200,0.8,0.41788,2.05027,1,0.00583,0.99599,0.01439
002244_lcam_front_lidar.ply,0.25,200,0.8,0.35653,2.05318,1,0.00623,0.99542,0.01322
002245_lcam_front_lidar.ply,0.25,200,0.8,0.3198,2.05508,1,0.00646,0.99526,0.01702
002246_lcam_front_lidar.ply,0.25,200,0.8,0.35762,2.10509,1,0.01352,0.98493,0.26184
002247_lcam_front_lidar.ply,0.25,200,0.8,0.31513,1.99902,1,0.00266,0.98621,0.00636
002248_lcam_front_lidar.ply,0.25,200,0.8,0.35867,1.95651,1,0.00066,0.97495,0.00181
002249_lcam_front_lidar.ply,0.25,200,0.8,0.32178,2.13498,1,0.01771,0.97893,0.21728
002250_lcam_front_lidar.ply,0.25,200,0.8,0.28297,2.13974,1,0.01893,0.9752,0.22511
002251_lcam_front_lidar.ply,0.25,200,0.8,0.34699,2.1589,1,0.01921,0.98342,0.21949
002252_lcam_front_lidar.ply,0.25,200,0.8,0.30602,1.96058,1,0.00107,0.97494,0.00431
002253_lcam_front_lidar.ply,0.25,200,0.8,0.34699,2.05651,1,0.00805,0.98799,0.09864
002254_lcam_front_lidar.ply,0.25,200,0.8,0.37978,2.04759,1,0.00739,0.98685,0.10141
002255_lcam_front_lidar.ply,0.25,200,0.8,0.34681,2.21791,1,0.02725,0.97271,0.23179
002256_lcam_front_lidar.ply,0.25,200,0.8,0.36278,2.0783,1,0.0087,0.99566,0.13083
002257_lcam_front_lidar.ply,0.25,200,0.8,0.33645,2.08812,1,0.01094,0.98938,0.13752
002258_lcam_front_lidar.ply,0.25,200,0.8,0.41292,2.01231,1,0.00454,0.98346,0.00579
002259_lcam_front_lidar.ply,0.25,200,0.8,0.33863,2.09992,1,0.0126,0.98694,0.14914
002260_lcam_front_lidar.ply,0.25,200,0.8,0.38681,2.0099,1,0.00429,0.9835,0.01569
002261_lcam_front_lidar.ply,0.25,200,0.8,0.39948,2.03301,1,0.00531,0.98996,0.0081
002262_lcam_front_lidar.ply,0.25,200,0.8,0.3421,1.95906,1,0.00111,0.97396,0.0035
002263_lcam_front_lidar.ply,0.25,200,0.8,0.37349,2.01465,1,0.00452,0.98474,0.02335
002264_lcam_front_lidar.ply,0.25,200,0.8,0.34154,2.01302,1,0.00461,0.98348,0.02145
002265_lcam_front_lidar.ply,0.25,200,0.8,0.32849,2.01419,1,0.00485,0.98287,0.02157
002266_lcam_front_lidar.ply,0.25,200,0.8,0.40616,2.01858,1,0.00502,0.9842,0.02805
002267_lcam_front_lidar.ply,0.25,200,0.8,0.34805,2.02338,1,0.00521,0.98566,0.03305
002268_lcam_front_lidar.ply,0.25,200,0.8,0.35959,2.02931,1,0.0055,0.98716,0.03884
002269_lcam_front_lidar.ply,0.25,200,0.8,0.3785,2.03286,1,0.00563,0.98827,0.04015
002270_lcam_front_lidar.ply,0.25,200,0.8,0.34061,2.03681,1,0.00581,0.98935,0.04119
002271_lcam_front_lidar.ply,0.25,200,0.8,0.36695,2.02646,1,0.00446,0.99093,0.00909
002272_lcam_front_lidar.ply,0.25,200,0.8,0.34336,2.04103,1,0.00609,0.99004,0.04317
002273_lcam_front_lidar.ply,0.25,200,0.8,0.3696,2.22408,1,0.02259,0.99909,0.22342
002274_lcam_front_lidar.ply,0.25,200,0.8,0.43334,2.04395,1,0.00633,0.99031,0.04557
002275_lcam_front_lidar.ply,0.25,200,0.8,0.41351,2.03839,1,0.00593,0.98956,0.04086
002276_lcam_front_lidar.ply,0.25,200,0.8,0.31658,2.04467,1,0.00633,0.99069,0.04514
002277_lcam_front_lidar.ply,0.25,200,0.8,0.35586,2.04366,1,0.00622,0.99072,0.04001
002278_lcam_front_lidar.ply,0.25,200,0.8,0.38242,2.04208,1,0.00606,0.99075,0.0382
002279_lcam_front_lidar.ply,0.25,200,0.8,0.35951,2.04085,1,0.00595,0.99066,0.0344
002280_lcam_front_lidar.ply,0.25,200,0.8,0.36603,2.04237,1,0.00604,0.991,0.04245
002281_lcam_front_lidar.ply,0.25,200,0.8,0.33165,2.03633,1,0.00549,0.99071,0.02679
002282_lcam_front_lidar.ply,0.25,200,0.8,0.40788,2.03497,1,0.00534,0.99079,0.02142
002283_lcam_front_lidar.ply,0.25,200,0.8,0.52036,2.0336,1,0.00522,0.99071,0.02097
002284_lcam_front_lidar.ply,0.25,200,0.8,0.43737,2.03274,1,0.00513,0.99071,0.01889
002285_lcam_front_lidar.ply,0.25,200,0.8,0.39038,2.0544,1,0.00647,0.99486,0.01645
002286_lcam_front_lidar.ply,0.25,200,0.8,0.41606,2.02567,1,0.00446,0.99053,0.01138
002287_lcam_front_lidar.ply,0.25,200,0.8,0.35186,2.0516,1,0.00616,0.99501,0.00999
002288_lcam_front_lidar.ply,0.25,200,0.8,0.37038,2.04164,1,0.00524,0.99461,0.0061
002289_lcam_front_lidar.ply,0.25,200,0.8,0.49713,2.04156,1,0.00522,0.99466,0.01635
002290_lcam_front_lidar.ply,0.25,200,0.8,0.5167,1.8525,1,0.0025,0.91374,0.28117
002291_lcam_front_lidar.ply,0.25,200,0.8,0.46358,2.05296,1,0.00578,0.99759,0.00779
002292_lcam_front_lidar.ply,0.25,200,0.8,0.50599,2.04778,1,0.00528,0.99749,0.01145
002293_lcam_front_lidar.ply,0.25,200,0.8,0.60742,2.05602,1,0.00577,0.99917,0.00544
002294_lcam_front_lidar.ply,0.25,200,0.8,0.53684,1.93926,1,0.00081,0.9656,0.00297
002295_lcam_front_lidar.ply,0.25,200,0.8,0.51643,2.01081,1,0.00162,0.99731,0.15706
002296_lcam_front_lidar.ply,0.25,200,0.8,0.47548,1.96036,1,0.00099,0.97521,0.00403
002297_lcam_front_lidar.ply,0.25,200,0.8,0.64763,1.96941,1,0.0006,0.98168,0.00075
002298_lcam_front_lidar.ply,0.25,200,0.8,0.53926,2.05194,1,0.00539,0.99904,0.00485
002299_lcam_front_lidar.ply,0.25,200,0.8,0.52233,2.04429,1,0.00466,0.99885,0.00545
002300_lcam_front_lidar.ply,0.25,200,0.8,0.4137,1.97727,1,0.00131,0.98207,0.27187
002301_lcam_front_lidar.ply,0.25,200,0.8,0.54823,1.99513,1,0.00611,0.96702,0.08367
002302_lcam_front_lidar.ply,0.25,200,0.8,0.37572,2.07812,1,0.00864,0.99584,0.33655
002303_lcam_front_lidar.ply,0.25,200,0.8,0.62029,2.09325,1,0.01137,0.9898,0.31644
002304_lcam_front_lidar.ply,0.25,200,0.8,0.53966,2.05158,1,0.0062,0.99481,0.02248
002305_lcam_front_lidar.ply,0.25,200,0.8,0.52942,2.10647,1,0.01439,0.98131,0.31587
002306_lcam_front_lidar.ply,0.25,200,0.8,0.67173,1.89541,1,0.00397,0.92785,0.31897
002307_lcam_front_lidar.ply,0.25,200,0.8,0.8629,1.82956,1,0.00347,0.89743,0.15249
002308_lcam_front_lidar.ply,0.25,200,0.8,1.14634,1.97567,1,0.00117,0.98198,0.00482
002309_lcam_front_lidar.ply,0.25,200,0.8,0.97725,1.95871,1,0.00112,0.97373,0.00424
002310_lcam_front_lidar.ply,0.25,200,0.8,0.69883,1.98396,1,0.00764,0.95376,0.1003
002311_lcam_front_lidar.ply,0.25,200,0.8,0.68085,2.13464,1,0.01692,0.98272,0.25666
002312_lcam_front_lidar.ply,0.25,200,0.8,0.60531,1.62776,1,0.00097,0.80905,0.27385
002313_lcam_front_lidar.ply,0.25,200,0.8,0.64153,1.80364,1,0.00505,0.87657,0.28832
002314_lcam_front_lidar.ply,0.25,200,0.8,0.72321,1.96773,1,0.00549,0.95643,0.41102
002315_lcam_front_lidar.ply,0.25,200,0.8,0.61497,1.94124,1,0.00087,0.96627,0.00281
002316_lcam_front_lidar.ply,0.25,200,0.8,0.5937,1.70948,1,0.00742,0.81762,0.34586
002317_lcam_front_lidar.ply,0.25,200,0.8,0.80158,2.18225,1,0.02011,0.99055,0.26661
002318_lcam_front_lidar.ply,0.25,200,0.8,0.787,1.95669,1,0.00489,0.95391,0.31163
002319_lcam_front_lidar.ply,0.25,200,0.8,0.76075,2.14521,1,0.02418,0.95172,0.29971
002320_lcam_front_lidar.ply,0.25,200,0.8,0.83133,2.11963,1,0.02169,0.95136,0.27739
002321_lcam_front_lidar.ply,0.25,200,0.8,0.69745,2.38569,1,0.03896,0.99805,0.32234
002322_lcam_front_lidar.ply,0.25,200,0.8,0.70753,2.08818,1,0.0147,0.97059,0.28225
002323_lcam_front_lidar.ply,0.25,200,0.8,1.02416,2.05924,1,0.01699,0.94467,0.28969
002324_lcam_front_lidar.ply,0.25,200,0.8,0.82179,2.11676,1,0.01357,0.99053,0.22394
002325_lcam_front_lidar.ply,0.25,200,0.8,0.71996,2.06977,1,0.00976,0.98606,0.26611
002326_lcam_front_lidar.ply,0.25,200,0.8,1.02433,2.16418,1,0.01977,0.98322,0.30735
002327_lcam_front_lidar.ply,0.25,200,0.8,0.77182,2.07352,1,0.00886,0.99248,0.27066
002328_lcam_front_lidar.ply,0.25,200,0.8,0.75573,2.54277,1,0.05531,0.99485,0.1216
002329_lcam_front_lidar.ply,0.25,200,0.8,0.92212,2.07787,1,0.01303,0.97381,0.31645
002330_lcam_front_lidar.ply,0.25,200,0.8,0.81731,1.94223,1,0.00103,0.96594,0.00373
002331_lcam_front_lidar.ply,0.25,200,0.8,0.80994,1.76391,1,0.00877,0.8381,0.20097
002332_lcam_front_lidar.ply,0.25,200,0.8,0.90432,1.71751,1,0.0106,0.80577,0.24562
002333_lcam_front_lidar.ply,0.25,200,0.8,0.71906,1.8226,1,0.00676,0.87749,0.06875
002334_lcam_front_lidar.ply,0.25,200,0.8,0.76576,1.89148,1,0.00704,0.91055,0.21573
002335_lcam_front_lidar.ply,0.25,200,0.8,0.74493,1.85026,1,0.01141,0.86806,0.24908
002336_lcam_front_lidar.ply,0.25,200,0.8,0.71433,1.84561,1,0.00623,0.89164,0.12164
002337_lcam_front_lidar.ply,0.25,200,0.8,0.74609,1.90306,1,0.00744,0.91434,0.1709
002338_lcam_front_lidar.ply,0.25,200,0.8,0.62875,1.94022,1,0.00159,0.96219,0.00951
002339_lcam_front_lidar.ply,0.25,200,0.8,0.51002,1.7071,1,0.00787,0.8142,0.26342
002340_lcam_front_lidar.ply,0.25,200,0.8,0.45523,1.96635,1,0.00678,0.94928,0.1978
002341_lcam_front_lidar.ply,0.25,200,0.8,0.45025,1.90649,1,0.01036,0.90142,0.28393
002342_lcam_front_lidar.ply,0.25,200,0.8,0.44158,1.96866,1,0.00733,0.94769,0.18283
002343_lcam_front_lidar.ply,0.25,200,0.8,0.37891,1.9977,1,0.01038,0.94695,0.26719
002344_lcam_front_lidar.ply,0.25,200,0.8,0.37375,1.88074,1,0.00741,0.9033,0.20289
002345_lcam_front_lidar.ply,0.25,200,0.8,0.40019,1.982,1,0.00857,0.94815,0.22283
002346_lcam_front_lidar.ply,0.25,200,0.8,0.35149,1.90322,1,0.01286,0.8873,0.23298
002347_lcam_front_lidar.ply,0.25,200,0.8,0.43449,1.86255,1,0.01112,0.87566,0.22249
002348_lcam_front_lidar.ply,0.25,200,0.8,0.41467,1.86722,1,0.00926,0.88733,0.25149
002349_lcam_front_lidar.ply,0.25,200,0.8,0.43168,1.94028,1,0.00083,0.96601,0.00326
002350_lcam_front_lidar.ply,0.25,200,0.8,0.34453,1.83731,1,0.00814,0.87797,0.21583
002351_lcam_front_lidar.ply,0.25,200,0.8,0.3966,1.98256,1,0.00067,0.98791,0.00152
002352_lcam_front_lidar.ply,0.25,200,0.8,0.42194,1.7815,1,0.00249,0.87831,0.16887
002353_lcam_front_lidar.ply,0.25,200,0.8,0.40167,1.95273,1,0.00161,0.96832,0.30662
002354_lcam_front_lidar.ply,0.25,200,0.8,0.463,1.93722,1,0.00055,0.96586,0.00116
002355_lcam_front_lidar.ply,0.25,200,0.8,0.34257,1.94097,1,0.00082,0.9664,0.00195
002356_lcam_front_lidar.ply,0.25,200,0.8,0.41512,2.01158,1,0.00118,0.99987,0.17475
002357_lcam_front_lidar.ply,0.25,200,0.8,0.4395,1.72686,1,0.00135,0.85669,0.22387
002358_lcam_front_lidar.ply,0.25,200,0.8,0.37848,1.98143,1,0.00065,0.98745,0.00118
002359_lcam_front_lidar.ply,0.25,200,0.8,0.34638,4.83899,1,0.30197,0.90963,0.2033
002360_lcam_front_lidar.ply,0.25,200,0.8,0.55489,1.98255,1,0.00074,0.98757,0.00163
002361_lcam_front_lidar.ply,0.25,200,0.8,0.36283,1.76838,1,0.00664,0.851,0.21017
002362_lcam_front_lidar.ply,0.25,200,0.8,0.44768,1.89598,1,0.00601,0.91792,0.2345
002363_lcam_front_lidar.ply,0.25,200,0.8,0.53794,1.82441,1,0.00595,0.88247,0.10468
002364_lcam_front_lidar.ply,0.25,200,0.8,0.59657,1.94161,1,0.00102,0.96568,0.0038
002365_lcam_front_lidar.ply,0.25,200,0.8,0.65638,1.95624,1,0.00081,0.97405,0.002
002366_lcam_front_lidar.ply,0.25,200,0.8,0.59135,1.95748,1,0.00081,0.97467,0.00371
002367_lcam_front_lidar.ply,0.25,200,0.8,0.62646,1.85246,1,0.00191,0.91666,0.23679
002368_lcam_front_lidar.ply,0.25,200,0.8,0.55054,1.75926,1,0.00256,0.86682,0.31916
002369_lcam_front_lidar.ply,0.25,200,0.8,0.64703,2.00789,1,0.00254,0.99123,0.33134
002370_lcam_front_lidar.ply,0.25,200,0.8,0.6143,2.0009,1,0.00574,0.97174,0.22371
002371_lcam_front_lidar.ply,0.25,200,0.8,0.58193,1.79227,1,0.00437,0.87429,0.35631
002372_lcam_front_lidar.ply,0.25,200,0.8,0.65667,2.02148,1,0.00976,0.96196,0.20025
002373_lcam_front_lidar.ply,0.25,200,0.8,0.79242,2.06119,1,0.01262,0.9675,0.18888
002374_lcam_front_lidar.ply,0.25,200,0.8,0.8191,2.06619,1,0.0124,0.97109,0.2062
002375_lcam_front_lidar.ply,0.25,200,0.8,0.86535,2.01008,1,0.00268,0.99165,0.00806
002376_lcam_front_lidar.ply,0.25,200,0.8,0.78155,2.04146,1,0.00921,0.97467,0.2272
002377_lcam_front_lidar.ply,0.25,200,0.8,0.80676,2.31874,1,0.05579,0.88042,0.16303
002378_lcam_front_lidar.ply,0.25,200,0.8,0.73379,2.01643,1,0.01193,0.94858,0.20131
002379_lcam_front_lidar.ply,0.25,200,0.8,0.65262,1.79742,1,0.0034,0.88169,0.17182
002380_lcam_front_lidar.ply,0.25,200,0.8,0.66796,2.01205,1,0.01052,0.95342,0.18407
002381_lcam_front_lidar.ply,0.25,200,0.8,0.58017,2.08429,1,0.01833,0.9505,0.31149
002382_lcam_front_lidar.ply,0.25,200,0.8,0.62055,2.02218,1,0.00891,0.96655,0.22926
002383_lcam_front_lidar.ply,0.25,200,0.8,0.64162,1.98637,1,0.00682,0.95908,0.23531
002384_lcam_front_lidar.ply,0.25,200,0.8,0.63646,2.0678,1,0.01022,0.98278,0.18456
002385_lcam_front_lidar.ply,0.25,200,0.8,0.60554,2.11245,1,0.01682,0.97212,0.27002
002386_lcam_front_lidar.ply,0.25,200,0.8,0.78272,1.96394,1,0.02465,0.85873,0.10863
002387_lcam_front_lidar.ply,0.25,200,0.8,0.62393,1.88173,1,0.0168,0.85687,0.09831
002388_lcam_front_lidar.ply,0.25,200,0.8,0.6368,1.8629,1,0.01484,0.85727,0.09971
002389_lcam_front_lidar.ply,0.25,200,0.8,0.62681,1.98793,1,0.02661,0.86094,0.11587
002390_lcam_front_lidar.ply,0.25,200,0.8,0.66523,1.92671,1,0.02161,0.85531,0.09957
002391_lcam_front_lidar.ply,0.25,200,0.8,0.72425,2.04759,1,0.03042,0.87172,0.12353
002392_lcam_front_lidar.ply,0.25,200,0.8,0.71169,2.00498,1,0.00077,0.99863,0.00045
002393_lcam_front_lidar.ply,0.25,200,0.8,0.59433,2.16243,1,0.0176,0.99324,0.28567
002394_lcam_front_lidar.ply,0.25,200,0.8,0.59892,1.98521,1,0.00651,0.96006,0.19093
002395_lcam_front_lidar.ply,0.25,200,0.8,0.53451,2.06079,1,0.0132,0.96438,0.22712
002396_lcam_front_lidar.ply,0.25,200,0.8,0.52387,2.03695,1,0.00683,0.98431,0.11561
002397_lcam_front_lidar.ply,0.25,200,0.8,0.62306,1.97037,1,0.00072,0.98161,0.00188
002398_lcam_front_lidar.ply,0.25,200,0.8,0.63829,2.03141,1,0.01953,0.91806,0.13599
002399_lcam_front_lidar.ply,0.25,200,0.8,0.6645,2.03577,1,0.01319,0.95195,0.21571
002400_lcam_front_lidar.ply,0.25,200,0.8,0.73468,2.07349,1,0.01583,0.95761,0.20948
002401_lcam_front_lidar.ply,0.25,200,0.8,0.67679,2.07558,1,0.01704,0.95258,0.21147
002402_lcam_front_lidar.ply,0.25,200,0.8,0.68487,1.99655,1,0.00111,0.99272,0.00316
002403_lcam_front_lidar.ply,0.25,200,0.8,0.63604,1.95976,1,0.00215,0.96913,0.30018
002404_lcam_front_lidar.ply,0.25,200,0.8,0.73329,1.90255,1,0.00971,0.90274,0.16113
002405_lcam_front_lidar.ply,0.25,200,0.8,0.65013,1.85242,1,0.00227,0.91486,0.25669
002406_lcam_front_lidar.ply,0.25,200,0.8,0.60427,2.00809,1,0.00636,0.97225,0.15766
002407_lcam_front_lidar.ply,0.25,200,0.8,0.61252,2.02516,1,0.0073,0.97606,0.21399
002408_lcam_front_lidar.ply,0.25,200,0.8,0.59249,1.97901,1,0.00227,0.97817,0.19916
002409_lcam_front_lidar.ply,0.25,200,0.8,0.60694,1.94273,1,0.01044,0.91916,0.14096
002410_lcam_front_lidar.ply,0.25,200,0.8,0.56476,1.95685,1,0.00098,0.97351,0.00216
002411_lcam_front_lidar.ply,0.25,200,0.8,0.59656,1.95377,1,0.00105,0.97165,0.15135
002412_lcam_front_lidar.ply,0.25,200,0.8,0.5988,2.16954,1,0.02617,0.95392,0.24381
002413_lcam_front_lidar.ply,0.25,200,0.8,0.49061,1.92522,1,0.00187,0.95326,0.28801
002414_lcam_front_lidar.ply,0.25,200,0.8,0.50296,2.00487,1,0.00632,0.97082,0.20762
002415_lcam_front_lidar.ply,0.25,200,0.8,0.66756,2.1312,1,0.02251,0.95304,0.24499
002416_lcam_front_lidar.ply,0.25,200,0.8,0.487,1.98141,1,0.00063,0.98757,0.00118
002417_lcam_front_lidar.ply,0.25,200,0.8,0.64619,2.09971,1,0.01715,0.96413,0.24247
002418_lcam_front_lidar.ply,0.25,200,0.8,0.48106,2.10061,1,0.01719,0.96434,0.24138
002419_lcam_front_lidar.ply,0.25,200,0.8,0.48575,1.96676,1,0.00556,0.95558,0.14754
002420_lcam_front_lidar.ply,0.25,200,0.8,0.48046,1.81791,1,0.00129,0.90251,0.18936
002421_lcam_front_lidar.ply,0.25,200,0.8,0.43985,2.10708,1,0.01882,0.95947,0.21994
002422_lcam_front_lidar.ply,0.25,200,0.8,0.44094,2.12471,1,0.01989,0.96289,0.23693
002423_lcam_front_lidar.ply,0.25,200,0.8,0.37151,1.80505,1,0.00192,0.89294,0.20771
002424_lcam_front_lidar.ply,0.25,200,0.8,0.46039,2.10233,1,0.01651,0.96861,0.23806
002425_lcam_front_lidar.ply,0.25,200,0.8,0.41981,2.11263,1,0.01754,0.96863,0.24991
002426_lcam_front_lidar.ply,0.25,200,0.8,0.37701,1.79431,1,0.00139,0.89018,0.12102
002427_lcam_front_lidar.ply,0.25,200,0.8,0.50292,2.1591,1,0.02099,0.97459,0.26073
002428_lcam_front_lidar.ply,0.25,200,0.8,0.62486,2.00219,1,0.0077,0.96261,0.27413
002429_lcam_front_lidar.ply,0.25,200,0.8,0.46809,2.03929,1,0.00458,0.99677,0.01016
002430_lcam_front_lidar.ply,0.25,200,0.8,0.44878,2.15658,1,0.02073,0.97463,0.25439
002431_lcam_front_lidar.ply,0.25,200,0.8,0.33447,2.13767,1,0.01985,0.96957,0.24087
002432_lcam_front_lidar.ply,0.25,200,0.8,0.38883,1.95772,1,0.00112,0.97325,0.00585
002433_lcam_front_lidar.ply,0.25,200,0.8,0.40401,2.07354,1,0.00765,0.99854,0.2549
002434_lcam_front_lidar.ply,0.25,200,0.8,0.36695,1.96106,1,0.0069,0.94603,0.14917
002435_lcam_front_lidar.ply,0.25,200,0.8,0.39265,2.08709,1,0.01731,0.95701,0.17607
002436_lcam_front_lidar.ply,0.25,200,0.8,0.37325,1.71594,1,0.00212,0.84737,0.05429
002437_lcam_front_lidar.ply,0.25,200,0.8,0.34004,1.98018,1,0.01326,0.92381,0.1984
002438_lcam_front_lidar.ply,0.25,200,0.8,0.45419,1.97189,1,0.01168,0.92755,0.20489
002439_lcam_front_lidar.ply,0.25,200,0.8,0.35696,1.95066,1,0.01102,0.92024,0.18708
002440_lcam_front_lidar.ply,0.25,200,0.8,0.30937,1.95742,1,0.01055,0.92598,0.21201
002441_lcam_front_lidar.ply,0.25,200,0.8,0.37255,1.90744,1,0.01035,0.90198,0.15832
002442_lcam_front_lidar.ply,0.25,200,0.8,0.37889,1.79944,1,0.00784,0.86054,0.12236
002443_lcam_front_lidar.ply,0.25,200,0.8,0.32168,2.02307,1,0.01776,0.92273,0.23717
002444_lcam_front_lidar.ply,0.25,200,0.8,0.36191,2.00483,1,0.00926,0.95609,0.18826
002445_lcam_front_lidar.ply,0.25,200,0.8,0.33759,1.99622,1,0.0079,0.95859,0.19206
002446_lcam_front_lidar.ply,0.25,200,0.8,0.3249,1.97977,1,0.00044,0.98768,0.00123
002447_lcam_front_lidar.ply,0.25,200,0.8,0.36393,1.75536,1,0.00118,0.87177,0.12161
002448_lcam_front_lidar.ply,0.25,200,0.8,0.4081,1.94897,1,0.0021,0.964,0.12667
002449_lcam_front_lidar.ply,0.25,200,0.8,0.35795,1.96473,1,0.0097,0.93384,0.14582
002450_lcam_front_lidar.ply,0.25,200,0.8,0.34797,2.38544,1,0.04304,0.97751,0.20935
002451_lcam_front_lidar.ply,0.25,200,0.8,0.35275,2.07452,1,0.01891,0.94273,0.21729
002452_lcam_front_lidar.ply,0.25,200,0.8,0.40207,1.82486,1,0.00817,0.87157,0.35437
002453_lcam_front_lidar.ply,0.25,200,0.8,0.40959,1.98964,1,0.00046,0.99254,0.00064
002454_lcam_front_lidar.ply,0.25,200,0.8,0.3722,2.27041,1,0.03099,0.98027,0.20697
002455_lcam_front_lidar.ply,0.25,200,0.8,0.4333,2.0286,1,0.01785,0.92507,0.18472
002456_lcam_front_lidar.ply,0.25,200,0.8,0.33829,1.95342,1,0.00045,0.97444,0.0014
002457_lcam_front_lidar.ply,0.25,200,0.8,0.40209,2.01514,1,0.01605,0.92731,0.20088
002458_lcam_front_lidar.ply,0.25,200,0.8,0.35039,2.01717,1,0.01384,0.93941,0.18511
002459_lcam_front_lidar.ply,0.25,200,0.8,0.39588,1.71639,1,0.00129,0.85174,0.22195
002460_lcam_front_lidar.ply,0.25,200,0.8,0.4313,1.93688,1,0.0005,0.96594,0.00133
002461_lcam_front_lidar.ply,0.25,200,0.8,0.3241,2.04024,1,0.01654,0.93742,0.17044
002462_lcam_front_lidar.ply,0.25,200,0.8,0.3896,2.09216,1,0.02372,0.92747,0.18607
002463_lcam_front_lidar.ply,0.25,200,0.8,0.42221,2.15918,1,0.03152,0.92201,0.20852
002464_lcam_front_lidar.ply,0.25,200,0.8,0.42353,2.1459,1,0.03068,0.91954,0.18142
002465_lcam_front_lidar.ply,0.25,200,0.8,0.34815,2.18526,1,0.03302,0.92754,0.20552
002466_lcam_front_lidar.ply,0.25,200,0.8,0.38386,2.18982,1,0.03077,0.94106,0.21243
002467_lcam_front_lidar.ply,0.25,200,0.8,0.34365,2.16306,1,0.03049,0.92908,0.18259
002468_lcam_front_lidar.ply,0.25,200,0.8,0.38706,2.1882,1,0.03094,0.93939,0.19664
002469_lcam_front_lidar.ply,0.25,200,0.8,0.38785,2.22864,1,0.03397,0.94449,0.20156
002470_lcam_front_lidar.ply,0.25,200,0.8,0.36972,1.96108,1,0.0074,0.94353,0.11067
002471_lcam_front_lidar.ply,0.25,200,0.8,0.29533,2.14673,1,0.02638,0.94148,0.18304
002472_lcam_front_lidar.ply,0.25,200,0.8,0.32581,2.12501,1,0.02551,0.93496,0.16877
002473_lcam_front_lidar.ply,0.25,200,0.8,0.35251,2.15969,1,0.02705,0.9446,0.15623
002474_lcam_front_lidar.ply,0.25,200,0.8,0.41039,2.15943,1,0.02779,0.94079,0.14274
002475_lcam_front_lidar.ply,0.25,200,0.8,0.38005,2.17482,1,0.03104,0.93219,0.14721
002476_lcam_front_lidar.ply,0.25,200,0.8,0.3905,2.19692,1,0.03154,0.94074,0.14212
002477_lcam_front_lidar.ply,0.25,200,0.8,0.36098,2.14703,1,0.02572,0.9449,0.12107
002478_lcam_front_lidar.ply,0.25,200,0.8,0.35942,2.15792,1,0.02718,0.94307,0.11858
002479_lcam_front_lidar.ply,0.25,200,0.8,0.41809,4.33701,1,0.24614,0.9378,0.17895
002480_lcam_front_lidar.ply,0.25,200,0.8,0.35928,4.48797,1,0.26138,0.93711,0.18144
002481_lcam_front_lidar.ply,0.25,200,0.8,0.33795,4.51351,1,0.26399,0.93681,0.18047
002482_lcam_front_lidar.ply,0.25,200,0.8,0.44993,2.00068,1,0.0214,0.89334,0.14972
002483_lcam_front_lidar.ply,0.25,200,0.8,0.393,2.12612,1,0.03553,0.88539,0.17586
002484_lcam_front_lidar.ply,0.25,200,0.8,0.36007,2.09649,1,0.0197,0.94975,0.15297
002485_lcam_front_lidar.ply,0.25,200,0.8,0.38626,4.48464,1,0.26373,0.92368,0.18083
002486_lcam_front_lidar.ply,0.25,200,0.8,0.31497,4.44559,1,0.26276,0.90897,0.14883
002487_lcam_front_lidar.ply,0.25,200,0.8,0.36157,4.52752,1,0.26797,0.92392,0.18573
002488_lcam_front_lidar.ply,0.25,200,0.8,0.36937,4.29693,1,0.24963,0.90033,0.1599
002489_lcam_front_lidar.ply,0.25,200,0.8,0.32557,2.21757,1,0.03099,0.95385,0.19638
002490_lcam_front_lidar.ply,0.25,200,0.8,0.29188,4.79276,1,0.29812,0.9058,0.16117
002491_lcam_front_lidar.ply,0.25,200,0.8,0.35139,1.93935,1,0.00073,0.96602,0.00188
002492_lcam_front_lidar.ply,0.25,200,0.8,0.31173,4.36547,1,0.25886,0.88842,0.15454
002493_lcam_front_lidar.ply,0.25,200,0.8,0.2478,5.11737,1,0.32859,0.91575,0.18489
002494_lcam_front_lidar.ply,0.25,200,0.8,0.38179,1.97016,1,0.00072,0.98148,0.0022
002495_lcam_front_lidar.ply,0.25,200,0.8,0.31364,2.15165,1,0.02362,0.95773,0.14608
002496_lcam_front_lidar.ply,0.25,200,0.8,0.26676,2.30405,1,0.04084,0.94782,0.19819
002497_lcam_front_lidar.ply,0.25,200,0.8,0.28848,2.33064,1,0.0485,0.92283,0.20688
002498_lcam_front_lidar.ply,0.25,200,0.8,0.23585,5.86775,1,0.39995,0.93412,0.19762
002499_lcam_front_lidar.ply,0.25,200,0.8,0.27513,1.97417,1,0.00115,0.98134,0.00232
002500_lcam_front_lidar.ply,0.25,200,0.8,0.24499,5.82272,1,0.39649,0.92893,0.17442
002501_lcam_front_lidar.ply,0.25,200,0.8,0.26923,1.94409,1,0.00117,0.9662,0.00604
002502_lcam_front_lidar.ply,0.25,200,0.8,0.27285,1.83493,1,0.01159,0.8595,0.08489
002503_lcam_front_lidar.ply,0.25,200,0.8,0.24715,1.96318,1,0.00641,0.94953,0.23334
002504_lcam_front_lidar.ply,0.25,200,0.8,0.26034,6.01432,1,0.41483,0.93303,0.18401
002505_lcam_front_lidar.ply,0.25,200,0.8,0.22774,6.19023,1,0.42983,0.94598,0.20945
002506_lcam_front_lidar.ply,0.25,200,0.8,0.26001,6.00459,1,0.41336,0.93551,0.18518
002507_lcam_front_lidar.ply,0.25,200,0.8,0.27556,5.89999,1,0.40283,0.93586,0.18019
002508_lcam_front_lidar.ply,0.25,200,0.8,0.30949,2.00746,1,0.00134,0.99703,0.20912
002509_lcam_front_lidar.ply,0.25,200,0.8,0.22128,3.17501,1,0.14389,0.86807,0.14567
002510_lcam_front_lidar.ply,0.25,200,0.8,0.25557,5.65127,1,0.37877,0.93178,0.17857
002511_lcam_front_lidar.ply,0.25,200,0.8,0.23915,2.29001,1,0.05318,0.87909,0.08105
002512_lcam_front_lidar.ply,0.25,200,0.8,0.23229,5.44284,1,0.35798,0.93152,0.17635
002513_lcam_front_lidar.ply,0.25,200,0.8,0.25214,1.93941,1,0.00096,0.96492,0.00624
002514_lcam_front_lidar.ply,0.25,200,0.8,0.26271,2.03899,1,0.00649,0.98707,0.3094
002515_lcam_front_lidar.ply,0.25,200,0.8,0.26363,5.06592,1,0.32269,0.91949,0.16906
002516_lcam_front_lidar.ply,0.25,200,0.8,0.25056,1.7093,1,0.00864,0.81146,0.09242
002517_lcam_front_lidar.ply,0.25,200,0.8,0.25912,1.92416,1,0.00226,0.95081,0.28865
002518_lcam_front_lidar.ply,0.25,200,0.8,0.31171,1.80006,1,0.00254,0.88731,0.30203
002519_lcam_front_lidar.ply,0.25,200,0.8,0.35823,1.97988,1,0.00044,0.98773,0.00083
002520_lcam_front_lidar.ply,0.25,200,0.8,0.31451,2.38387,1,0.0612,0.88592,0.10924
002521_lcam_front_lidar.ply,0.25,200,0.8,0.37702,2.66375,1,0.0872,0.89586,0.22159
002522_lcam_front_lidar.ply,0.25,200,0.8,0.43875,2.29795,1,0.05204,0.88877,0.1156
002523_lcam_front_lidar.ply,0.25,200,0.8,0.39898,2.51442,1,0.07166,0.89889,0.17832
002524_lcam_front_lidar.ply,0.25,200,0.8,0.52961,2.03371,1,0.00858,0.97395,0.11105
002525_lcam_front_lidar.ply,0.25,200,0.8,0.5489,2.26693,1,0.04973,0.88481,0.15492
002526_lcam_front_lidar.ply,0.25,200,0.8,0.57014,2.16144,1,0.01969,0.98226,0.21254
002527_lcam_front_lidar.ply,0.25,200,0.8,0.51652,1.91694,1,0.00227,0.9471,0.17442
002528_lcam_front_lidar.ply,0.25,200,0.8,0.59854,1.72929,1,0.00657,0.83179,0.3237
002529_lcam_front_lidar.ply,0.25,200,0.8,0.76752,1.98417,1,0.00085,0.98786,0.00217
002530_lcam_front_lidar.ply,0.25,200,0.8,0.71783,1.96865,1,0.00056,0.98152,0.00127
002531_lcam_front_lidar.ply,0.25,200,0.8,0.70985,2.06325,1,0.0092,0.98562,0.14381
002532_lcam_front_lidar.ply,0.25,200,0.8,0.77478,1.80454,1,0.00202,0.89215,0.21654
002533_lcam_front_lidar.ply,0.25,200,0.8,0.83145,1.88236,1,0.02712,0.8056,0.25799
002534_lcam_front_lidar.ply,0.25,200,0.8,0.71793,1.96739,1,0.00044,0.98148,0.0005
002535_lcam_front_lidar.ply,0.25,200,0.8,0.94586,1.85743,1,0.00083,0.92459,0.28719
002536_lcam_front_lidar.ply,0.25,200,0.8,0.82332,1.96673,1,0.00038,0.98146,0.00031
002537_lcam_front_lidar.ply,0.25,200,0.8,0.92803,1.82115,1,0.00151,0.903,0.25684
002538_lcam_front_lidar.ply,0.25,200,0.8,0.81239,2.6894,1,0.07854,0.95202,0.24388
002539_lcam_front_lidar.ply,0.25,200,0.8,1.10914,1.80482,1,0.01737,0.81555,0.09495
002540_lcam_front_lidar.ply,0.25,200,0.8,1.10945,2.16978,1,0.02162,0.97679,0.17196
002541_lcam_front_lidar.ply,0.25,200,0.8,0.86216,2.04564,1,0.00476,0.99901,0.00538
002542_lcam_front_lidar.ply,0.25,200,0.8,0.76497,1.90886,1,0.02156,0.84665,0.12774
002543_lcam_front_lidar.ply,0.25,200,0.8,0.68998,1.99889,1,0.00095,0.99468,0.12085
002544_lcam_front_lidar.ply,0.25,200,0.8,0.76678,2.06801,1,0.03026,0.88271,0.14067
002545_lcam_front_lidar.ply,0.25,200,0.8,0.58152,2.1035,1,0.0303,0.90024,0.13348
002546_lcam_front_lidar.ply,0.25,200,0.8,0.58561,2.20949,1,0.03679,0.92079,0.16221
002547_lcam_front_lidar.ply,0.25,200,0.8,0.59521,2.19667,1,0.03422,0.92725,0.14557
002548_lcam_front_lidar.ply,0.25,200,0.8,0.53849,2.06765,1,0.00687,0.99948,0.11332
002549_lcam_front_lidar.ply,0.25,200,0.8,0.46287,2.08635,1,0.0146,0.97016,0.14384
002550_lcam_front_lidar.ply,0.25,200,0.8,0.54618,2.03992,1,0.00565,0.99173,0.31361
002551_lcam_front_lidar.ply,0.25,200,0.8,0.52075,2.07255,1,0.01312,0.97069,0.14368
002552_lcam_front_lidar.ply,0.25,200,0.8,0.51967,2.08953,1,0.01448,0.97237,0.14586
002553_lcam_front_lidar.ply,0.25,200,0.8,0.43371,2.1315,1,0.01849,0.97331,0.17054
002554_lcam_front_lidar.ply,0.25,200,0.8,0.47606,2.13629,1,0.01826,0.97683,0.12134
002555_lcam_front_lidar.ply,0.25,200,0.8,0.49658,2.13731,1,0.01824,0.97746,0.12866
002556_lcam_front_lidar.ply,0.25,200,0.8,0.49861,2.12633,1,0.01683,0.97899,0.11223
002557_lcam_front_lidar.ply,0.25,200,0.8,0.56037,2.08521,1,0.01219,0.98164,0.12849
002558_lcam_front_lidar.ply,0.25,200,0.8,0.55119,1.81691,1,0.01034,0.85674,0.29675
002559_lcam_front_lidar.ply,0.25,200,0.8,0.51198,2.13166,1,0.01754,0.97815,0.14645
002560_lcam_front_lidar.ply,0.25,200,0.8,0.57196,2.05924,1,0.00689,0.99515,0.02911
002561_lcam_front_lidar.ply,0.25,200,0.8,0.62324,1.94209,1,0.00098,0.96616,0.00318
002562_lcam_front_lidar.ply,0.25,200,0.8,0.54261,2.05298,1,0.00548,0.9991,0.41069
002563_lcam_front_lidar.ply,0.25,200,0.8,0.7357,1.86418,1,0.00892,0.8875,0.20295
002564_lcam_front_lidar.ply,0.25,200,0.8,0.59765,2.11745,1,0.02387,0.93939,0.24963
002565_lcam_front_lidar.ply,0.25,200,0.8,0.75778,2.13798,1,0.02184,0.95981,0.23875
002566_lcam_front_lidar.ply,0.25,200,0.8,0.75332,2.30727,1,0.03295,0.98888,0.2637
002567_lcam_front_lidar.ply,0.25,200,0.8,0.73854,1.9344,1,0.00023,0.96605,0.00015
002568_lcam_front_lidar.ply,0.25,200,0.8,0.84556,2.02099,1,0.00549,0.98303,0.20676
002569_lcam_front_lidar.ply,0.25,200,0.8,0.91268,1.84756,1,0.01186,0.86446,0.21444
002570_lcam_front_lidar.ply,0.25,200,0.8,0.77264,2.21273,1,0.02817,0.96554,0.18805
002571_lcam_front_lidar.ply,0.25,200,0.8,0.64426,2.09899,1,0.01104,0.99431,0.26052
002572_lcam_front_lidar.ply,0.25,200,0.8,0.72723,1.95728,1,0.00212,0.96804,0.15694
002573_lcam_front_lidar.ply,0.25,200,0.8,0.57037,1.85933,1,0.00231,0.91809,0.12542
002574_lcam_front_lidar.ply,0.25,200,0.8,0.60916,1.95894,1,0.00285,0.96521,0.26084
002575_lcam_front_lidar.ply,0.25,200,0.8,0.56757,2.01264,1,0.01388,0.9369,0.26335
002576_lcam_front_lidar.ply,0.25,200,0.8,0.62693,1.97948,1,0.0004,0.98773,0.00038
002577_lcam_front_lidar.ply,0.25,200,0.8,0.66573,2.03413,1,0.01124,0.96088,0.27343
002578_lcam_front_lidar.ply,0.25,200,0.8,0.6676,1.9669,1,0.01345,0.91619,0.24293
002579_lcam_front_lidar.ply,0.25,200,0.8,0.77392,1.75065,1,0.00162,0.86722,0.33768
002580_lcam_front_lidar.ply,0.25,200,0.8,0.77537,2.07897,1,0.01084,0.98527,0.28093
002581_lcam_front_lidar.ply,0.25,200,0.8,0.72882,1.94938,1,0.00817,0.93382,0.22236
002582_lcam_front_lidar.ply,0.25,200,0.8,0.67996,2.02795,1,0.01249,0.95153,0.26069
002583_lcam_front_lidar.ply,0.25,200,0.8,0.63676,2.04677,1,0.01238,0.96146,0.26049
002584_lcam_front_lidar.ply,0.25,200,0.8,0.65082,1.79747,1,0.00401,0.87866,0.21859
002585_lcam_front_lidar.ply,0.25,200,0.8,0.54608,1.95382,1,0.00465,0.95366,0.32354
002586_lcam_front_lidar.ply,0.25,200,0.8,0.55889,1.96102,1,0.01065,0.92725,0.24382
002587_lcam_front_lidar.ply,0.25,200,0.8,0.63373,1.8785,1,0.01026,0.88795,0.25747
002588_lcam_front_lidar.ply,0.25,200,0.8,0.64932,1.97587,1,0.00727,0.95157,0.35016
002589_lcam_front_lidar.ply,0.25,200,0.8,0.56598,2.03661,1,0.00426,0.997,0.00703
002590_lcam_front_lidar.ply,0.25,200,0.8,0.53352,2.0345,1,0.00906,0.97196,0.20541
002591_lcam_front_lidar.ply,0.25,200,0.8,0.52997,2.10802,1,0.01081,0.99998,0.20827
002592_lcam_front_lidar.ply,0.25,200,0.8,0.51269,1.98002,1,0.00842,0.94793,0.2573
002593_lcam_front_lidar.ply,0.25,200,0.8,0.57668,2.09373,1,0.0128,0.98289,0.2473
002594_lcam_front_lidar.ply,0.25,200,0.8,0.4649,2.05341,1,0.01041,0.97465,0.1878
002595_lcam_front_lidar.ply,0.25,200,0.8,0.49665,2.10725,1,0.01317,0.98779,0.25504
002596_lcam_front_lidar.ply,0.25,200,0.8,0.52297,1.99121,1,0.00062,0.99249,0.00103
002597_lcam_front_lidar.ply,0.25,200,0.8,0.44227,2.11855,1,0.01301,0.99424,0.24544
002598_lcam_front_lidar.ply,0.25,200,0.8,0.56752,2.0039,1,0.0115,0.94446,0.23183
002599_lcam_front_lidar.ply,0.25,200,0.8,0.43181,2.08072,1,0.01049,0.98793,0.25693
002600_lcam_front_lidar.ply,0.25,200,0.8,0.47241,2.1151,1,0.0116,0.99957,0.27007
002601_lcam_front_lidar.ply,0.25,200,0.8,0.39272,2.02826,1,0.01046,0.96183,0.28278
002602_lcam_front_lidar.ply,0.25,200,0.8,0.37867,2.01309,1,0.01272,0.94296,0.22545
002603_lcam_front_lidar.ply,0.25,200,0.8,0.46102,2.00865,1,0.01063,0.95118,0.26169
002604_lcam_front_lidar.ply,0.25,200,0.8,0.48403,2.12262,1,0.0166,0.97831,0.15857
002605_lcam_front_lidar.ply,0.25,200,0.8,0.41754,2.05485,1,0.00679,0.99347,0.23245
002606_lcam_front_lidar.ply,0.25,200,0.8,0.50904,2.00149,1,0.00088,0.99632,0.0012
002607_lcam_front_lidar.ply,0.25,200,0.8,0.48252,1.99894,1,0.00067,0.99611,0.00107
002608_lcam_front_lidar.ply,0.25,200,0.8,0.52896,1.92863,1,0.01034,0.9126,0.19547
002609_lcam_front_lidar.ply,0.25,200,0.8,0.41158,1.99096,1,0.00059,0.99252,0.00087
002610_lcam_front_lidar.ply,0.25,200,0.8,0.44289,2.0039,1,0.00067,0.99859,0.00055
002611_lcam_front_lidar.ply,0.25,200,0.8,0.38914,1.93424,1,0.01099,0.91215,0.22474
002612_lcam_front_lidar.ply,0.25,200,0.8,0.4426,1.93293,1,0.01128,0.91008,0.22196
002613_lcam_front_lidar.ply,0.25,200,0.8,0.38121,1.90428,1,0.00581,0.92309,0.24195
002614_lcam_front_lidar.ply,0.25,200,0.8,0.36462,2.32121,1,0.03612,0.98,0.15215
002615_lcam_front_lidar.ply,0.25,200,0.8,0.42054,1.99946,1,0.00073,0.99607,0.00113
002616_lcam_front_lidar.ply,0.25,200,0.8,0.40653,5.55579,1,0.36025,0.97663,0.19615
002617_lcam_front_lidar.ply,0.25,200,0.8,0.37992,2.00395,1,0.00067,0.99862,0.00047
002618_lcam_front_lidar.ply,0.25,200,0.8,0.3436,1.99421,1,0.01049,0.94464,0.308
002619_lcam_front_lidar.ply,0.25,200,0.8,0.3635,2.63918,1,0.06799,0.97965,0.1709
002620_lcam_front_lidar.ply,0.25,200,0.8,0.36037,5.59576,1,0.364,0.97789,0.22374
002621_lcam_front_lidar.ply,0.25,200,0.8,0.32749,2.78227,1,0.08266,0.97786,0.15554
002622_lcam_front_lidar.ply,0.25,200,0.8,0.3243,5.73015,1,0.37728,0.97866,0.23976
002623_lcam_front_lidar.ply,0.25,200,0.8,0.38033,2.5947,1,0.06397,0.97748,0.12822
002624_lcam_front_lidar.ply,0.25,200,0.8,0.36392,2.90013,1,0.09559,0.9721,0.16524
002625_lcam_front_lidar.ply,0.25,200,0.8,0.3993,2.73102,1,0.07798,0.97561,0.14428
002626_lcam_front_lidar.ply,0.25,200,0.8,0.34942,2.76688,1,0.08139,0.97648,0.13709
002627_lcam_front_lidar.ply,0.25,200,0.8,0.40319,1.65596,1,0.00434,0.8063,0.21502
002628_lcam_front_lidar.ply,0.25,200,0.8,0.4005,2.5246,1,0.05652,0.9797,0.12346
002629_lcam_front_lidar.ply,0.25,200,0.8,0.3558,3.21705,1,0.12965,0.96029,0.18158
002630_lcam_front_lidar.ply,0.25,200,0.8,0.3849,1.9686,1,0.00052,0.98168,0.00124
002631_lcam_front_lidar.ply,0.25,200,0.8,0.34797,3.25574,1,0.13528,0.95145,0.16222
002632_lcam_front_lidar.ply,0.25,200,0.8,0.38241,2.24229,1,0.02803,0.981,0.13255
002633_lcam_front_lidar.ply,0.25,200,0.8,0.34263,2.30314,1,0.0348,0.97756,0.13289
002634_lcam_front_lidar.ply,0.25,200,0.8,0.36835,2.42978,1,0.04817,0.97402,0.14347
002635_lcam_front_lidar.ply,0.25,200,0.8,0.37423,2.4176,1,0.04785,0.96953,0.1362
002636_lcam_front_lidar.ply,0.25,200,0.8,0.40106,2.43053,1,0.04759,0.97734,0.13277
002637_lcam_front_lidar.ply,0.25,200,0.8,0.38814,1.99431,1,0.0009,0.99267,0.00181
002638_lcam_front_lidar.ply,0.25,200,0.8,0.40249,2.38046,1,0.04301,0.9752,0.13293
002639_lcam_front_lidar.ply,0.25,200,0.8,0.42379,1.72696,1,0.00868,0.82008,0.15504
002640_lcam_front_lidar.ply,0.25,200,0.8,0.43741,1.81527,1,0.00491,0.88307,0.22788
002641_lcam_front_lidar.ply,0.25,200,0.8,0.4963,2.28716,1,0.03332,0.977,0.1469
002642_lcam_front_lidar.ply,0.25,200,0.8,0.41769,2.37644,1,0.04286,0.9739,0.12065
002643_lcam_front_lidar.ply,0.25,200,0.8,0.43982,2.32829,1,0.03783,0.975,0.12481
002644_lcam_front_lidar.ply,0.25,200,0.8,0.40237,1.74166,1,0.01036,0.81902,0.16524
002645_lcam_front_lidar.ply,0.25,200,0.8,0.4161,2.25493,1,0.02922,0.98136,0.12765
002646_lcam_front_lidar.ply,0.25,200,0.8,0.4102,1.74771,1,0.01176,0.81506,0.16256
002647_lcam_front_lidar.ply,0.25,200,0.8,0.4471,1.76418,1,0.01219,0.82112,0.17063
002648_lcam_front_lidar.ply,0.25,200,0.8,0.46161,1.99721,1,0.00628,0.9672,0.15409
002649_lcam_front_lidar.ply,0.25,200,0.8,0.50851,2.0276,1,0.01054,0.96109,0.16473
002650_lcam_front_lidar.ply,0.25,200,0.8,0.47287,1.97226,1,0.00092,0.98151,0.00219
002651_lcam_front_lidar.ply,0.25,200,0.8,0.45496,2.05076,1,0.00859,0.98244,0.30311
002652_lcam_front_lidar.ply,0.25,200,0.8,0.50992,2.02561,1,0.0137,0.94429,0.24918
002653_lcam_front_lidar.ply,0.25,200,0.8,0.57363,3.35368,1,0.13802,0.98673,0.27669
002654_lcam_front_lidar.ply,0.25,200,0.8,0.47533,1.9546,1,0.00335,0.96056,0.05567
002655_lcam_front_lidar.ply,0.25,200,0.8,0.44891,1.97228,1,0.0022,0.97516,0.26711
002656_lcam_front_lidar.ply,0.25,200,0.8,0.44217,1.96724,1,0.00234,0.97193,0.2106
002657_lcam_front_lidar.ply,0.25,200,0.8,0.47551,1.97921,1,0.02678,0.85572,0.19928
002658_lcam_front_lidar.ply,0.25,200,0.8,0.47777,2.00622,1,0.0009,0.99862,0.00067
002659_lcam_front_lidar.ply,0.25,200,0.8,0.45933,1.97009,1,0.03052,0.83243,0.23522
002660_lcam_front_lidar.ply,0.25,200,0.8,0.45731,2.11913,1,0.03262,0.89645,0.20514
002661_lcam_front_lidar.ply,0.25,200,0.8,0.44409,1.99539,1,0.00509,0.97227,0.33992
002662_lcam_front_lidar.ply,0.25,200,0.8,0.50782,1.7926,1,0.0098,0.8473,0.17704
002663_lcam_front_lidar.ply,0.25,200,0.8,0.52305,1.84727,1,0.01194,0.86395,0.16791
002664_lcam_front_lidar.ply,0.25,200,0.8,0.49398,1.91181,1,0.00793,0.91624,0.11663
002665_lcam_front_lidar.ply,0.25,200,0.8,0.45324,2.0073,1,0.00101,0.99861,0.00073
002666_lcam_front_lidar.ply,0.25,200,0.8,0.38204,2.57384,1,0.06583,0.95775,0.17406
002667_lcam_front_lidar.ply,0.25,200,0.8,0.41074,2.52984,1,0.05671,0.98138,0.14693
002668_lcam_front_lidar.ply,0.25,200,0.8,0.38746,2.45872,1,0.05223,0.96821,0.13742
002669_lcam_front_lidar.ply,0.25,200,0.8,0.3463,2.40094,1,0.04511,0.9749,0.16271
002670_lcam_front_lidar.ply,0.25,200,0.8,0.35685,2.51143,1,0.05699,0.97076,0.1707
002671_lcam_front_lidar.ply,0.25,200,0.8,0.39924,2.02169,1,0.00561,0.98279,0.13695
002672_lcam_front_lidar.ply,0.25,200,0.8,0.45763,1.94326,1,0.00127,0.9653,0.0071
002673_lcam_front_lidar.ply,0.25,200,0.8,0.51548,1.96195,1,0.0015,0.97346,0.25216
002674_lcam_front_lidar.ply,0.25,200,0.8,0.67732,1.97222,1,0.00098,0.98121,0.00254
002675_lcam_front_lidar.ply,0.25,200,0.8,0.65374,1.96835,1,0.00056,0.98139,0.00121
002676_lcam_front_lidar.ply,0.25,200,0.8,0.52386,1.95648,1,0.00072,0.97462,0.00133
002677_lcam_front_lidar.ply,0.25,200,0.8,0.38346,2.01209,1,0.0081,0.96556,0.0936
002678_lcam_front_lidar.ply,0.25,200,0.8,0.44639,2.01213,1,0.01175,0.94733,0.10661
002679_lcam_front_lidar.ply,0.25,200,0.8,0.37177,2.10705,1,0.01266,0.9902,0.1282
002680_lcam_front_lidar.ply,0.25,200,0.8,0.33054,2.05956,1,0.01097,0.97492,0.08051
002681_lcam_front_lidar.ply,0.25,200,0.8,0.30398,2.14601,1,0.01662,0.9899,0.11612
002682_lcam_front_lidar.ply,0.25,200,0.8,0.29981,2.14186,1,0.02222,0.95982,0.13949
002683_lcam_front_lidar.ply,0.25,200,0.8,0.28421,2.21778,1,0.02314,0.99319,0.14145
002684_lcam_front_lidar.ply,0.25,200,0.8,0.30686,2.31235,1,0.03253,0.99354,0.15644
002685_lcam_front_lidar.ply,0.25,200,0.8,0.28992,2.26795,1,0.02818,0.99306,0.15608
002686_lcam_front_lidar.ply,0.25,200,0.8,0.27734,2.40729,1,0.04154,0.99597,0.19209
002687_lcam_front_lidar.ply,0.25,200,0.8,0.29945,2.43501,1,0.0446,0.99449,0.17845
002688_lcam_front_lidar.ply,0.25,200,0.8,0.26886,2.40874,1,0.04249,0.99191,0.16654
002689_lcam_front_lidar.ply,0.25,200,0.8,0.31707,2.48279,1,0.05126,0.98508,0.19122
002690_lcam_front_lidar.ply,0.25,200,0.8,0.21237,2.63185,1,0.06337,0.99908,0.23309
002691_lcam_front_lidar.ply,0.25,200,0.8,0.32208,1.89712,1,0.00792,0.90897,0.10325
002692_lcam_front_lidar.ply,0.25,200,0.8,0.3008,1.93849,1,0.00064,0.96604,0.00124
002693_lcam_front_lidar.ply,0.25,200,0.8,0.28977,2.49529,1,0.05278,0.98377,0.20351
002694_lcam_front_lidar.ply,0.25,200,0.8,0.30123,1.78036,1,0.00147,0.88281,0.14457
002695_lcam_front_lidar.ply,0.25,200,0.8,0.37855,1.97908,1,0.01031,0.93798,0.15862
002696_lcam_front_lidar.ply,0.25,200,0.8,0.3288,1.94123,1,0.00084,0.96639,0.00241
002697_lcam_front_lidar.ply,0.25,200,0.8,0.30882,2.47699,1,0.04949,0.99103,0.22195
002698_lcam_front_lidar.ply,0.25,200,0.8,0.29161,2.43738,1,0.04551,0.99114,0.20889
002699_lcam_front_lidar.ply,0.25,200,0.8,0.3003,1.97026,1,0.00073,0.98148,0.00187
002700_lcam_front_lidar.ply,0.25,200,0.8,0.30683,1.96803,1,0.01046,0.93173,0.17181
002701_lcam_front_lidar.ply,0.25,200,0.8,0.34716,2.00479,1,0.00125,0.99613,0.00227
002702_lcam_front_lidar.ply,0.25,200,0.8,0.43316,1.93678,1,0.00055,0.96565,0.00115
002703_lcam_front_lidar.ply,0.25,200,0.8,0.40119,1.71383,1,0.001,0.85189,0.14407
002704_lcam_front_lidar.ply,0.25,200,0.8,0.37725,1.81884,1,0.01194,0.84973,0.20256
002705_lcam_front_lidar.ply,0.25,200,0.8,0.4421,2.29016,1,0.0347,0.97157,0.18686
002706_lcam_front_lidar.ply,0.25,200,0.8,0.42514,2.3097,1,0.03688,0.97044,0.20192
002707_lcam_front_lidar.ply,0.25,200,0.8,0.4544,1.919,1,0.01122,0.90342,0.13104
002708_lcam_front_lidar.ply,0.25,200,0.8,0.48315,1.69422,1,0.00122,0.84101,0.28107
002709_lcam_front_lidar.ply,0.25,200,0.8,0.51116,1.94203,1,0.001,0.966,0.00328
002710_lcam_front_lidar.ply,0.25,200,0.8,0.45237,1.97986,1,0.00044,0.98772,0.00043
002711_lcam_front_lidar.ply,0.25,200,0.8,0.43755,1.98503,1,0.00092,0.9879,0.00157
002712_lcam_front_lidar.ply,0.25,200,0.8,0.5001,2.1617,1,0.02117,0.97502,0.15728
002713_lcam_front_lidar.ply,0.25,200,0.8,0.50874,1.88491,1,0.00127,0.93612,0.24657
002714_lcam_front_lidar.ply,0.25,200,0.8,0.48071,2.13385,1,0.01736,0.98011,0.15641
002715_lcam_front_lidar.ply,0.25,200,0.8,0.47424,2.03387,1,0.01178,0.95801,0.12149
002716_lcam_front_lidar.ply,0.25,200,0.8,0.4832,1.93815,1,0.00068,0.96569,0.00132
002717_lcam_front_lidar.ply,0.25,200,0.8,0.42446,1.98334,1,0.00085,0.98743,0.0027
002718_lcam_front_lidar.ply,0.25,200,0.8,0.49548,1.97237,1,0.00146,0.97887,0.20439
002719_lcam_front_lidar.ply,0.25,200,0.8,0.43179,1.90494,1,0.00649,0.92002,0.12101
002720_lcam_front_lidar.ply,0.25,200,0.8,0.45306,1.67185,1,0.00079,0.83198,0.13182
002721_lcam_front_lidar.ply,0.25,200,0.8,0.5561,1.88742,1,0.00137,0.93687,0.23696
002722_lcam_front_lidar.ply,0.25,200,0.8,0.46008,3.88732,1,0.19231,0.98212,0.24532
002723_lcam_front_lidar.ply,0.25,200,0.8,0.45096,2.14761,1,0.01744,0.98659,0.14327
002724_lcam_front_lidar.ply,0.25,200,0.8,0.48234,1.99884,1,0.00064,0.99621,0.00044
002725_lcam_front_lidar.ply,0.25,200,0.8,0.45697,1.76766,1,0.0012,0.87783,0.34349
002726_lcam_front_lidar.ply,0.25,200,0.8,0.46303,2.056,1,0.01197,0.96815,0.11939
002727_lcam_front_lidar.ply,0.25,200,0.8,0.47849,2.04685,1,0.01158,0.96554,0.1343
002728_lcam_front_lidar.ply,0.25,200,0.8,0.49767,1.96743,1,0.00117,0.97784,0.17932
002729_lcam_front_lidar.ply,0.25,200,0.8,0.43449,1.61726,1,0.00064,0.80543,0.34519
002730_lcam_front_lidar.ply,0.25,200,0.8,0.44947,1.89101,1,0.01336,0.8787,0.27175
002731_lcam_front_lidar.ply,0.25,200,0.8,0.43352,2.15677,1,0.01715,0.99265,0.31437
002732_lcam_front_lidar.ply,0.25,200,0.8,0.42204,1.62419,1,0.00169,0.80366,0.19008
002733_lcam_front_lidar.ply,0.25,200,0.8,0.40471,2.20312,1,0.02071,0.99802,0.30521
002734_lcam_front_lidar.ply,0.25,200,0.8,0.37482,1.91202,1,0.00049,0.95355,0.17281
002735_lcam_front_lidar.ply,0.25,200,0.8,0.42837,1.96226,1,0.01018,0.93025,0.27744
002736_lcam_front_lidar.ply,0.25,200,0.8,0.40509,2.05002,1,0.02538,0.89813,0.29968
002737_lcam_front_lidar.ply,0.25,200,0.8,0.35868,2.04916,1,0.00847,0.98221,0.19273
002738_lcam_front_lidar.ply,0.25,200,0.8,0.33068,1.99476,1,0.02634,0.86567,0.32982
002739_lcam_front_lidar.ply,0.25,200,0.8,0.36123,1.94096,1,0.00097,0.96561,0.00349
002740_lcam_front_lidar.ply,0.25,200,0.8,0.31683,2.10978,1,0.01963,0.95673,0.22628
002741_lcam_front_lidar.ply,0.25,200,0.8,0.36931,2.07998,1,0.01752,0.95239,0.21651
002742_lcam_front_lidar.ply,0.25,200,0.8,0.34624,2.09116,1,0.01503,0.97042,0.19609
002743_lcam_front_lidar.ply,0.25,200,0.8,0.43775,2.00806,1,0.01077,0.95019,0.18246
002744_lcam_front_lidar.ply,0.25,200,0.8,0.34415,2.28148,1,0.02866,0.99746,0.24794
002745_lcam_front_lidar.ply,0.25,200,0.8,0.36514,2.26763,1,0.02698,0.9989,0.22016
002746_lcam_front_lidar.ply,0.25,200,0.8,0.3083,2.31842,1,0.03234,0.99751,0.18457
002747_lcam_front_lidar.ply,0.25,200,0.8,0.38961,1.99504,1,0.00103,0.99239,0.00217
002748_lcam_front_lidar.ply,0.25,200,0.8,0.35581,1.94148,1,0.0009,0.96622,0.00247
002749_lcam_front_lidar.ply,0.25,200,0.8,0.31458,1.87649,1,0.01163,0.8801,0.22623
002750_lcam_front_lidar.ply,0.25,200,0.8,0.29873,2.24257,1,0.02554,0.99356,0.19202
002751_lcam_front_lidar.ply,0.25,200,0.8,0.3179,2.14199,1,0.02102,0.96588,0.16274
002752_lcam_front_lidar.ply,0.25,200,0.8,0.27965,1.96477,1,0.00818,0.94148,0.21653
002753_lcam_front_lidar.ply,0.25,200,0.8,0.41523,2.0439,1,0.01234,0.96026,0.25246
002754_lcam_front_lidar.ply,0.25,200,0.8,0.42958,1.93955,1,0.00069,0.96633,0.00205
002755_lcam_front_lidar.ply,0.25,200,0.8,0.30757,1.7936,1,0.00119,0.89087,0.18473
002756_lcam_front_lidar.ply,0.25,200,0.8,0.34861,5.23062,1,0.33692,0.93071,0.17395
002757_lcam_front_lidar.ply,0.25,200,0.8,0.39908,1.88757,1,0.01379,0.87484,0.25369
002758_lcam_front_lidar.ply,0.25,200,0.8,0.45007,1.95593,1,0.00075,0.97422,0.00189
002759_lcam_front_lidar.ply,0.25,200,0.8,0.3802,5.02116,1,0.31786,0.9213,0.17244
002760_lcam_front_lidar.ply,0.25,200,0.8,0.39527,4.7901,1,0.29527,0.9187,0.15202
002761_lcam_front_lidar.ply,0.25,200,0.8,0.39118,4.87226,1,0.3029,0.92165,0.17131
002762_lcam_front_lidar.ply,0.25,200,0.8,0.46073,4.83006,1,0.29911,0.91946,0.19049
002763_lcam_front_lidar.ply,0.25,200,0.8,0.40245,4.71961,1,0.28784,0.92059,0.18821
002764_lcam_front_lidar.ply,0.25,200,0.8,0.42776,4.60386,1,0.27747,0.91459,0.20663
002765_lcam_front_lidar.ply,0.25,200,0.8,0.50318,1.97224,1,0.0009,0.98164,0.00223
002766_lcam_front_lidar.ply,0.25,200,0.8,0.34026,1.91822,1,0.00731,0.92254,0.15075
002767_lcam_front_lidar.ply,0.25,200,0.8,0.2856,1.88299,1,0.0117,0.883,0.25846
002768_lcam_front_lidar.ply,0.25,200,0.8,0.28757,1.94371,1,0.00204,0.96166,0.32165
002769_lcam_front_lidar.ply,0.25,200,0.8,0.33463,1.8759,1,0.00726,0.90163,0.16265
002770_lcam_front_lidar.ply,0.25,200,0.8,0.34374,1.97305,1,0.00097,0.98167,0.00274
002771_lcam_front_lidar.ply,0.25,200,0.8,0.32141,1.97596,1,0.00111,0.98243,0.00327
002772_lcam_front_lidar.ply,0.25,200,0.8,0.36568,2.00026,1,0.00724,0.96392,0.25445
002773_lcam_front_lidar.ply,0.25,200,0.8,0.37507,1.69847,1,0.00597,0.81936,0.08131
002774_lcam_front_lidar.ply,0.25,200,0.8,0.33172,1.78944,1,0.00473,0.87107,0.15705
002775_lcam_front_lidar.ply,0.25,200,0.8,0.34214,1.93386,1,0.01059,0.91396,0.18181
002776_lcam_front_lidar.ply,0.25,200,0.8,0.30084,1.99801,1,0.02158,0.89109,0.09597
002777_lcam_front_lidar.ply,0.25,200,0.8,0.26821,1.86302,1,0.00994,0.8818,0.15026
002778_lcam_front_lidar.ply,0.25,200,0.8,0.23873,2.34356,1,0.04884,0.92759,0.13369
002779_lcam_front_lidar.ply,0.25,200,0.8,0.24917,1.77789,1,0.00621,0.85791,0.17807
002780_lcam_front_lidar.ply,0.25,200,0.8,0.21932,2.11689,1,0.0383,0.86695,0.09722
002781_lcam_front_lidar.ply,0.25,200,0.8,0.222,2.36846,1,0.05363,0.9161,0.12179
002782_lcam_front_lidar.ply,0.25,200,0.8,0.21121,2.25305,1,0.05003,0.8764,0.08993
002783_lcam_front_lidar.ply,0.25,200,0.8,0.23286,2.37561,1,0.06488,0.86343,0.09487
002784_lcam_front_lidar.ply,0.25,200,0.8,0.23103,2.30819,1,0.05503,0.87894,0.09572
002785_lcam_front_lidar.ply,0.25,200,0.8,0.23416,2.20536,1,0.04879,0.85874,0.09633
002786_lcam_front_lidar.ply,0.25,200,0.8,0.2286,2.34882,1,0.06089,0.86996,0.09627
002787_lcam_front_lidar.ply,0.25,200,0.8,0.26547,2.43328,1,0.07169,0.85817,0.10301
002788_lcam_front_lidar.ply,0.25,200,0.8,0.24269,1.73893,1,0.00656,0.83665,0.06077
002789_lcam_front_lidar.ply,0.25,200,0.8,0.23666,2.44894,1,0.07151,0.86689,0.1016
002790_lcam_front_lidar.ply,0.25,200,0.8,0.23115,1.7925,1,0.00511,0.8707,0.07865
002791_lcam_front_lidar.ply,0.25,200,0.8,0.2304,2.396,1,0.06797,0.85813,0.10211
002792_lcam_front_lidar.ply,0.25,200,0.8,0.23378,2.31537,1,0.05895,0.86291,0.0931
002793_lcam_front_lidar.ply,0.25,200,0.8,0.2673,1.95223,1,0.00037,0.97428,0.00037
002794_lcam_front_lidar.ply,0.25,200,0.8,0.2597,1.97969,1,0.00045,0.9876,0.00027
002795_lcam_front_lidar.ply,0.25,200,0.8,0.27605,2.47119,1,0.07867,0.84224,0.11654
002796_lcam_front_lidar.ply,0.25,200,0.8,0.28294,2.45378,1,0.07772,0.83828,0.12418
002797_lcam_front_lidar.ply,0.25,200,0.8,0.28103,1.75546,1,0.00273,0.86409,0.25854
002798_lcam_front_lidar.ply,0.25,200,0.8,0.3236,1.98133,1,0.00061,0.98759,0.00117
002799_lcam_front_lidar.ply,0.25,200,0.8,0.30427,2.23239,1,0.05662,0.83311,0.12638
002800_lcam_front_lidar.ply,0.25,200,0.8,0.30464,2.33704,1,0.06502,0.84343,0.14049
002801_lcam_front_lidar.ply,0.25,200,0.8,0.28767,1.88382,1,0.01142,0.8848,0.13191
002802_lcam_front_lidar.ply,0.25,200,0.8,0.30103,1.84273,1,0.00345,0.90411,0.27235
002803_lcam_front_lidar.ply,0.25,200,0.8,0.30843,1.88706,1,0.01996,0.84371,0.25856
002804_lcam_front_lidar.ply,0.25,200,0.8,0.27845,2.5703,1,0.07839,0.89322,0.21754
002805_lcam_front_lidar.ply,0.25,200,0.8,0.3189,1.9839,1,0.02168,0.88356,0.21681
002806_lcam_front_lidar.ply,0.25,200,0.8,0.33212,1.87118,1,0.00841,0.89354,0.13953
002807_lcam_front_lidar.ply,0.25,200,0.8,0.33825,1.84944,1,0.00891,0.88019,0.08926
002808_lcam_front_lidar.ply,0.25,200,0.8,0.33154,1.70185,1,0.00938,0.80403,0.15426
002809_lcam_front_lidar.ply,0.25,200,0.8,0.39166,1.74922,1,0.00789,0.83514,0.08395
002810_lcam_front_lidar.ply,0.25,200,0.8,0.35638,1.68526,1,0.00757,0.80479,0.062
002811_lcam_front_lidar.ply,0.25,200,0.8,0.36707,1.76323,1,0.0018,0.87264,0.28444
002812_lcam_front_lidar.ply,0.25,200,0.8,0.30848,2.45206,1,0.06815,0.88527,0.18972
002813_lcam_front_lidar.ply,0.25,200,0.8,0.31577,1.95646,1,0.0008,0.97425,0.00229
002814_lcam_front_lidar.ply,0.25,200,0.8,0.31539,1.96802,1,0.00047,0.98166,0.00064
002815_lcam_front_lidar.ply,0.25,200,0.8,0.31866,1.93762,1,0.00059,0.96584,0.0016
002816_lcam_front_lidar.ply,0.25,200,0.8,0.3613,1.68437,1,0.00243,0.83006,0.2203
002817_lcam_front_lidar.ply,0.25,200,0.8,0.30552,1.97107,1,0.00078,0.98166,0.00246
002818_lcam_front_lidar.ply,0.25,200,0.8,0.35275,2.6803,1,0.09008,0.88974,0.26653
002819_lcam_front_lidar.ply,0.25,200,0.8,0.27084,2.56439,1,0.0791,0.88671,0.25534
002820_lcam_front_lidar.ply,0.25,200,0.8,0.2963,1.8525,1,0.00729,0.88981,0.0814
002821_lcam_front_lidar.ply,0.25,200,0.8,0.27588,1.66171,1,0.00561,0.80283,0.08612
002822_lcam_front_lidar.ply,0.25,200,0.8,0.28166,1.91616,1,0.01357,0.89025,0.21472
002823_lcam_front_lidar.ply,0.25,200,0.8,0.27779,1.92997,1,0.01234,0.90329,0.19574
002824_lcam_front_lidar.ply,0.25,200,0.8,0.25678,1.95265,1,0.00036,0.97453,0.00054
002825_lcam_front_lidar.ply,0.25,200,0.8,0.25239,1.81235,1,0.00723,0.87,0.16269
002826_lcam_front_lidar.ply,0.25,200,0.8,0.23633,1.89876,1,0.01864,0.85616,0.16464
002827_lcam_front_lidar.ply,0.25,200,0.8,0.26288,1.96103,1,0.00032,0.97893,0.00028
002828_lcam_front_lidar.ply,0.25,200,0.8,0.23813,1.91007,1,0.02044,0.85282,0.16533
002829_lcam_front_lidar.ply,0.25,200,0.8,0.29963,1.93978,1,0.00075,0.96612,0.00289
002830_lcam_front_lidar.ply,0.25,200,0.8,0.25524,1.87362,1,0.00451,0.91426,0.12274
002831_lcam_front_lidar.ply,0.25,200,0.8,0.27856,1.78776,1,0.00246,0.88156,0.1602
002832_lcam_front_lidar.ply,0.25,200,0.8,0.26169,2.00951,1,0.00373,0.98608,0.09825
002833_lcam_front_lidar.ply,0.25,200,0.8,0.30416,2.03772,1,0.02982,0.86977,0.20229
002834_lcam_front_lidar.ply,0.25,200,0.8,0.27315,2.10541,1,0.03751,0.86517,0.1887
002835_lcam_front_lidar.ply,0.25,200,0.8,0.26619,1.96467,1,0.00182,0.97323,0.0048
002836_lcam_front_lidar.ply,0.25,200,0.8,0.29914,2.33045,1,0.05738,0.87835,0.23026
002837_lcam_front_lidar.ply,0.25,200,0.8,0.322,2.13802,1,0.02971,0.92047,0.15989
002838_lcam_front_lidar.ply,0.25,200,0.8,0.35069,1.93976,1,0.00086,0.96557,0.0037
002839_lcam_front_lidar.ply,0.25,200,0.8,0.34195,2.07061,1,0.02224,0.92409,0.13807
002840_lcam_front_lidar.ply,0.25,200,0.8,0.31473,2.0959,1,0.02797,0.90811,0.16906
002841_lcam_front_lidar.ply,0.25,200,0.8,0.32817,3.04087,1,0.12871,0.8769,0.24105
002842_lcam_front_lidar.ply,0.25,200,0.8,0.37359,1.95618,1,0.00096,0.97332,0.00248
002843_lcam_front_lidar.ply,0.25,200,0.8,0.34781,1.94779,1,0.0021,0.96338,0.00651
002844_lcam_front_lidar.ply,0.25,200,0.8,0.38183,1.96412,1,0.01234,0.92037,0.10534
002845_lcam_front_lidar.ply,0.25,200,0.8,0.44228,1.89606,1,0.01579,0.8691,0.12062
002846_lcam_front_lidar.ply,0.25,200,0.8,0.48092,2.11758,1,0.03711,0.87324,0.16324
002847_lcam_front_lidar.ply,0.25,200,0.8,0.46188,1.93839,1,0.00083,0.96504,0.00304
002848_lcam_front_lidar.ply,0.25,200,0.8,0.41722,1.93321,1,0.00078,0.9627,0.00377
002849_lcam_front_lidar.ply,0.25,200,0.8,0.5144,1.88833,1,0.00937,0.89732,0.10102
002850_lcam_front_lidar.ply,0.25,200,0.8,0.4881,1.93685,1,0.0005,0.96594,0.00099
002851_lcam_front_lidar.ply,0.25,200,0.8,0.52432,1.93637,1,0.00042,0.96609,0.0008
002852_lcam_front_lidar.ply,0.25,200,0.8,0.37982,1.93926,1,0.00081,0.9656,0.00389
002853_lcam_front_lidar.ply,0.25,200,0.8,0.27268,1.93796,1,0.0006,0.966,0.00232
002854_lcam_front_lidar.ply,0.25,200,0.8,0.40374,1.93923,1,0.00085,0.96537,0.00329
002855_lcam_front_lidar.ply,0.25,200,0.8,0.37567,1.96487,1,0.00142,0.97532,0.00684
002856_lcam_front_lidar.ply,0.25,200,0.8,0.34162,3.35504,1,0.15558,0.89962,0.20139
002857_lcam_front_lidar.ply,0.25,200,0.8,0.3354,2.04351,1,0.01894,0.92704,0.15005
002858_lcam_front_lidar.ply,0.25,200,0.8,0.38657,2.08081,1,0.0289,0.89593,0.12549
002859_lcam_front_lidar.ply,0.25,200,0.8,0.43103,2.32026,1,0.042,0.95015,0.22484
002860_lcam_front_lidar.ply,0.25,200,0.8,0.35767,1.91326,1,0.00136,0.94983,0.1867
002861_lcam_front_lidar.ply,0.25,200,0.8,0.37288,2.26167,1,0.03744,0.94365,0.2011
002862_lcam_front_lidar.ply,0.25,200,0.8,0.46467,1.97937,1,0.00145,0.98246,0.00273
002863_lcam_front_lidar.ply,0.25,200,0.8,0.37541,1.94157,1,0.00089,0.96634,0.00271
002864_lcam_front_lidar.ply,0.25,200,0.8,0.3413,1.9751,1,0.00129,0.98107,0.0032
002865_lcam_front_lidar.ply,0.25,200,0.8,0.3219,1.96654,1,0.00031,0.98172,0.00043
002866_lcam_front_lidar.ply,0.25,200,0.8,0.31121,1.99543,1,0.00031,0.99617,0.0002
002867_lcam_front_lidar.ply,0.25,200,0.8,0.33865,1.98133,1,0.00078,0.98677,0.002
002868_lcam_front_lidar.ply,0.25,200,0.8,0.30504,1.85593,1,0.00111,0.92242,0.13267
002869_lcam_front_lidar.ply,0.25,200,0.8,0.30802,1.97297,1,0.00103,0.98132,0.00204
002870_lcam_front_lidar.ply,0.25,200,0.8,0.3249,1.97251,1,0.00095,0.98148,0.00185
002871_lcam_front_lidar.ply,0.25,200,0.8,0.30026,2.2772,1,0.04356,0.92082,0.1915
002872_lcam_front_lidar.ply,0.25,200,0.8,0.3234,2.17247,1,0.03412,0.91564,0.16835
002873_lcam_front_lidar.ply,0.25,200,0.8,0.29473,2.25184,1,0.0416,0.91794,0.18145
002874_lcam_front_lidar.ply,0.25,200,0.8,0.32523,2.2621,1,0.04241,0.91899,0.18861
002875_lcam_front_lidar.ply,0.25,200,0.8,0.38258,1.91785,1,0.00589,0.92947,0.20879
002876_lcam_front_lidar.ply,0.25,200,0.8,0.43536,1.87283,1,0.00401,0.91636,0.10409
002877_lcam_front_lidar.ply,0.25,200,0.8,0.35268,5.85276,1,0.40309,0.91094,0.24663
002878_lcam_front_lidar.ply,0.25,200,0.8,0.43645,2.02783,1,0.00824,0.97271,0.27839
002879_lcam_front_lidar.ply,0.25,200,0.8,0.4928,5.68652,1,0.38827,0.90189,0.2387
002880_lcam_front_lidar.ply,0.25,200,0.8,0.48991,5.80174,1,0.39915,0.9051,0.23327
002881_lcam_front_lidar.ply,0.25,200,0.8,0.46811,6.18993,1,0.4347,0.92146,0.24177
002882_lcam_front_lidar.ply,0.25,200,0.8,0.38854,1.78476,1,0.00629,0.86093,0.19805
002883_lcam_front_lidar.ply,0.25,200,0.8,0.39362,1.99541,1,0.00298,0.98281,0.01046
002884_lcam_front_lidar.ply,0.25,200,0.8,0.41605,2.29871,1,0.04767,0.91102,0.21431
002885_lcam_front_lidar.ply,0.25,200,0.8,0.48206,1.99656,1,0.00124,0.99208,0.00173
002886_lcam_front_lidar.ply,0.25,200,0.8,0.49441,2.02386,1,0.00688,0.97753,0.15
002887_lcam_front_lidar.ply,0.25,200,0.8,0.59707,1.94828,1,0.00137,0.96727,0.00389
002888_lcam_front_lidar.ply,0.25,200,0.8,0.44297,1.96853,1,0.00053,0.9816,0.00133
002889_lcam_front_lidar.ply,0.25,200,0.8,0.37745,1.76511,1,0.00835,0.84081,0.11464
002890_lcam_front_lidar.ply,0.25,200,0.8,0.31339,1.76165,1,0.0085,0.8383,0.10828
002891_lcam_front_lidar.ply,0.25,200,0.8,0.34453,1.93913,1,0.00985,0.92029,0.10431
002892_lcam_front_lidar.ply,0.25,200,0.8,0.30863,1.96657,1,0.00135,0.97655,0.00726
002893_lcam_front_lidar.ply,0.25,200,0.8,0.31663,1.816,1,0.00968,0.85958,0.14976
002894_lcam_front_lidar.ply,0.25,200,0.8,0.50076,1.96737,1,0.00042,0.98159,0.00078
002895_lcam_front_lidar.ply,0.25,200,0.8,0.51573,1.9681,1,0.00828,0.94263,0.12861
002896_lcam_front_lidar.ply,0.25,200,0.8,0.46499,1.93726,1,0.00053,0.96595,0.00157
002897_lcam_front_lidar.ply,0.25,200,0.8,0.51583,1.98077,1,0.00162,0.98227,0.14631
002898_lcam_front_lidar.ply,0.25,200,0.8,0.45873,2.28729,1,0.04669,0.91017,0.22082
002899_lcam_front_lidar.ply,0.25,200,0.8,0.42513,2.00162,1,0.00019,0.99985,2e-05
002900_lcam_front_lidar.ply,0.25,200,0.8,0.35967,2.10534,1,0.02722,0.91659,0.16486
002901_lcam_front_lidar.ply,0.25,200,0.8,0.38046,1.90547,1,0.00955,0.90498,0.11045
002902_lcam_front_lidar.ply,0.25,200,0.8,0.38503,6.10167,1,0.42898,0.90595,0.22867
002903_lcam_front_lidar.ply,0.25,200,0.8,0.38768,1.83271,1,0.01278,0.85246,0.17666
002904_lcam_front_lidar.ply,0.25,200,0.8,0.3937,1.89099,1,0.01679,0.86153,0.17524
002905_lcam_front_lidar.ply,0.25,200,0.8,0.35945,1.96714,1,0.00046,0.98125,0.00101
002906_lcam_front_lidar.ply,0.25,200,0.8,0.35758,1.98915,1,0.02445,0.87232,0.17664
002907_lcam_front_lidar.ply,0.25,200,0.8,0.40583,1.99038,1,0.00053,0.99256,0.00059
002908_lcam_front_lidar.ply,0.25,200,0.8,0.38754,1.97937,1,0.00156,0.98189,0.005
002909_lcam_front_lidar.ply,0.25,200,0.8,0.4114,2.1125,1,0.03625,0.87499,0.18493
002910_lcam_front_lidar.ply,0.25,200,0.8,0.37455,1.97057,1,0.02671,0.85174,0.20478
002911_lcam_front_lidar.ply,0.25,200,0.8,0.39109,1.99151,1,0.00063,0.99263,0.00077
002912_lcam_front_lidar.ply,0.25,200,0.8,0.35149,1.98365,1,0.02897,0.847,0.18853
002913_lcam_front_lidar.ply,0.25,200,0.8,0.36638,1.86583,1,0.01371,0.86435,0.13591
002914_lcam_front_lidar.ply,0.25,200,0.8,0.3392,1.9933,1,0.0292,0.85065,0.18606
002915_lcam_front_lidar.ply,0.25,200,0.8,0.36718,1.99042,1,0.02174,0.88648,0.23596
002916_lcam_front_lidar.ply,0.25,200,0.8,0.33067,1.98443,1,0.02883,0.84804,0.18562
002917_lcam_front_lidar.ply,0.25,200,0.8,0.36669,1.97553,1,0.01282,0.92365,0.13263
002918_lcam_front_lidar.ply,0.25,200,0.8,0.27538,1.89972,1,0.02031,0.84831,0.15999
002919_lcam_front_lidar.ply,0.25,200,0.8,0.26966,1.92662,1,0.02412,0.84269,0.17284
002920_lcam_front_lidar.ply,0.25,200,0.8,0.28112,1.92656,1,0.0239,0.84379,0.17246
002921_lcam_front_lidar.ply,0.25,200,0.8,0.27193,1.97892,1,0.00036,0.98767,0.00051
002922_lcam_front_lidar.ply,0.25,200,0.8,0.29672,1.95338,1,0.02627,0.84532,0.22977
002923_lcam_front_lidar.ply,0.25,200,0.8,0.29855,1.79317,1,0.01049,0.84414,0.10241
002924_lcam_front_lidar.ply,0.25,200,0.8,0.32788,2.125,1,0.0419,0.85301,0.25967
002925_lcam_front_lidar.ply,0.25,200,0.8,0.25548,1.89344,1,0.02095,0.84195,0.15526
002926_lcam_front_lidar.ply,0.25,200,0.8,0.30244,2.15593,1,0.0443,0.85648,0.27727
002927_lcam_front_lidar.ply,0.25,200,0.8,0.30676,1.81284,1,0.01504,0.83124,0.1677
002928_lcam_front_lidar.ply,0.25,200,0.8,0.29324,2.07118,1,0.0368,0.85159,0.26584
002929_lcam_front_lidar.ply,0.25,200,0.8,0.24733,2.03466,1,0.03419,0.84639,0.25061
002930_lcam_front_lidar.ply,0.25,200,0.8,0.29921,1.80943,1,0.01673,0.82105,0.17301
