dataset,frame_id,epsilon_strict,min_support_strict,inlier_ratio_strict,residual_strict,epsilon_standard,min_support_standard,inlier_ratio_standard,residual_standard,epsilon_loose,min_support_loose,inlier_ratio_loose,residual_loose,winner
OldTownFall,000000_lcam_front_lidar.ply,0.10002,799,0.11878,0.14188,0.15001,500,0.03338,0.20131,0.25,200,0.00712,0.37068,strict
OldTownFall,000001_lcam_front_lidar.ply,0.10002,799,0.05517,0.09076,0.15001,500,0.00273,0.23345,0.25,200,0.00607,0.36172,strict
OldTownFall,000002_lcam_front_lidar.ply,0.10002,799,0.00205,0.00492,0.15001,500,0.00336,0.25005,0.25,200,0.00753,0.33435,loose
OldTownFall,000003_lcam_front_lidar.ply,0.10002,799,0.04256,0.13556,0.15001,500,0.00278,0.19802,0.25,200,0.00539,0.35449,strict
OldTownFall,000004_lcam_front_lidar.ply,0.10002,799,0.0,0.0,0.15001,500,0.00333,0.10462,0.25,200,0.01365,0.30307,loose
OldTownFall,000005_lcam_front_lidar.ply,0.10002,799,0.0,0.0,0.15001,500,0.01078,0.16847,0.25,200,0.00613,0.343,standard
OldTownFall,000006_lcam_front_lidar.ply,0.10002,799,0.0,0.0,0.15001,500,0.0176,0.22247,0.25,200,0.00841,0.42448,standard
OldTownFall,000007_lcam_front_lidar.ply,0.10002,799,0.0,0.0,0.15001,500,0.00452,0.21157,0.25,200,0.00697,0.31394,loose
OldTownFall,000008_lcam_front_lidar.ply,0.10002,799,0.04079,0.07332,0.15001,500,0.00377,0.21357,0.25,200,0.00743,0.39177,strict
OldTownFall,000009_lcam_front_lidar.ply,0.10002,799,0.05097,0.05902,0.15001,500,0.00386,0.22605,0.25,200,0.01004,0.28061,strict
OldTownFall,000010_lcam_front_lidar.ply,0.10002,799,0.0422,0.05943,0.15001,500,0.09608,0.15142,0.25,200,0.01122,0.24635,standard
OldTownFall,000011_lcam_front_lidar.ply,0.10002,799,0.00213,0.00078,0.15001,500,0.00508,0.2075,0.25,200,0.0127,0.33468,loose
OldTownFall,000012_lcam_front_lidar.ply,0.10002,799,0.04768,0.09574,0.15001,500,0.00183,0.00267,0.25,200,0.00625,0.20538,strict
OldTownFall,000013_lcam_front_lidar.ply,0.10002,799,0.00186,0.00301,0.15001,500,0.00139,0.00272,0.25,200,0.01736,0.33711,loose
OldTownFall,000014_lcam_front_lidar.ply,0.10002,799,0.00121,0.00157,0.15001,500,0.00445,0.21154,0.25,200,0.00763,0.32837,loose
OldTownFall,000015_lcam_front_lidar.ply,0.10002,799,0.00529,0.14624,0.15001,500,0.0038,0.19742,0.25,200,0.00665,0.18571,loose
OldTownFall,000016_lcam_front_lidar.ply,0.10002,799,0.08996,0.12456,0.15001,500,0.00359,0.21199,0.25,200,0.0416,0.33947,strict
OldTownFall,000017_lcam_front_lidar.ply,0.10002,799,0.00537,0.13086,0.15001,500,0.0047,0.21718,0.25,200,0.04617,0.34801,loose
OldTownFall,000018_lcam_front_lidar.ply,0.10002,799,0.00199,0.00323,0.15001,500,0.15184,0.19299,0.25,200,0.00829,0.39258,standard
OldTownFall,000019_lcam_front_lidar.ply,0.10002,799,0.10154,0.13551,0.15001,500,0.00259,0.21496,0.25,200,0.0156,0.31744,strict
OldTownFall,000020_lcam_front_lidar.ply,0.10002,799,0.10415,0.14059,0.15001,500,0.00162,0.00444,0.25,200,0.00176,0.00408,strict
OldTownFall,000021_lcam_front_lidar.ply,0.10002,799,0.08397,0.12143,0.15001,500,0.0045,0.11094,0.25,200,0.00857,0.24756,strict
OldTownFall,000022_lcam_front_lidar.ply,0.10002,799,0.10825,0.14224,0.15001,500,0.0043,0.16098,0.25,200,0.01221,0.32378,strict
OldTownFall,000023_lcam_front_lidar.ply,0.10002,799,0.08839,0.12659,0.15001,500,0.00222,0.00515,0.25,200,0.02739,0.27796,strict
OldTownFall,000024_lcam_front_lidar.ply,0.10002,799,0.05014,0.10151,0.15001,500,0.00467,0.2049,0.25,200,0.00959,0.37937,strict
OldTownFall,000025_lcam_front_lidar.ply,0.10002,799,0.10393,0.13636,0.15001,500,0.00243,0.00224,0.25,200,0.00901,0.32324,strict
OldTownFall,000026_lcam_front_lidar.ply,0.10002,799,0.03161,0.10026,0.15001,500,0.17058,0.19591,0.25,200,0.02488,0.30062,standard
OldTownFall,000027_lcam_front_lidar.ply,0.10002,799,0.11287,0.14649,0.15001,500,0.00498,0.19912,0.25,200,0.00205,0.00462,strict
OldTownFall,000028_lcam_front_lidar.ply,0.10002,799,0.00443,0.00974,0.15001,500,0.16883,0.20479,0.25,200,0.0171,0.28955,standard
OldTownFall,000029_lcam_front_lidar.ply,0.10002,799,0.10377,0.13425,0.15001,500,0.00496,0.18782,0.25,200,0.02225,0.28617,strict
OldTownFall,000030_lcam_front_lidar.ply,0.10002,799,0.10571,0.13852,0.15001,500,0.00206,0.00769,0.25,200,0.0228,0.31911,strict
OldTownFall,000031_lcam_front_lidar.ply,0.10002,799,0.00397,0.01045,0.15001,500,0.17834,0.21402,0.25,200,0.00203,0.19277,standard
OldTownFall,000032_lcam_front_lidar.ply,0.10002,799,0.00242,0.00175,0.15001,500,0.00464,0.17503,0.25,200,0.02576,0.36963,loose
OldTownFall,000033_lcam_front_lidar.ply,0.10002,799,0.12488,0.14699,0.15001,500,0.00538,0.2095,0.25,200,0.02433,0.31142,strict
OldTownFall,000034_lcam_front_lidar.ply,0.10002,799,0.12323,0.14283,0.15001,500,0.00589,0.22021,0.25,200,0.00212,0.00796,strict
OldTownFall,000035_lcam_front_lidar.ply,0.10002,799,0.00134,0.0006,0.15001,500,0.16603,0.20673,0.25,200,0.00023,0.00013,standard
OldTownFall,000036_lcam_front_lidar.ply,0.10002,799,0.11248,0.13963,0.15001,500,0.1667,0.20452,0.25,200,0.01094,0.2098,standard
OldTownFall,000037_lcam_front_lidar.ply,0.10002,799,0.11527,0.13765,0.15001,500,0.06478,0.15495,0.25,200,0.02419,0.31794,strict
OldTownFall,000038_lcam_front_lidar.ply,0.10002,799,0.00337,0.11734,0.15001,500,0.16419,0.18864,0.25,200,0.02288,0.30515,standard
OldTownFall,000039_lcam_front_lidar.ply,0.10002,799,0.10662,0.13175,0.15001,500,0.15845,0.18808,0.25,200,0.00192,0.00344,standard
OldTownFall,000040_lcam_front_lidar.ply,0.10002,799,0.05706,0.10288,0.15001,500,0.00593,0.20744,0.25,200,0.02113,0.3107,strict
OldTownFall,000041_lcam_front_lidar.ply,0.10002,799,0.00282,0.12955,0.15001,500,0.00434,0.15761,0.25,200,0.00192,0.00328,standard
OldTownFall,000042_lcam_front_lidar.ply,0.10002,799,0.00407,0.01141,0.15001,500,0.08198,0.1678,0.25,200,0.01861,0.29725,standard
OldTownFall,000043_lcam_front_lidar.ply,0.10002,799,0.05793,0.0935,0.15001,500,0.00056,0.15105,0.25,200,0.00219,0.00871,strict
OldTownFall,000044_lcam_front_lidar.ply,0.10002,799,0.05803,0.08986,0.15001,500,0.06135,0.09481,0.25,200,0.0022,0.00849,standard
OldTownFall,000045_lcam_front_lidar.ply,0.10002,799,0.04045,0.07066,0.15001,500,0.00506,0.13001,0.25,200,0.00824,0.28748,strict
OldTownFall,000046_lcam_front_lidar.ply,0.10002,799,0.05653,0.09087,0.15001,500,0.00632,0.22153,0.25,200,0.0046,0.18503,strict
OldTownFall,000047_lcam_front_lidar.ply,0.10002,799,0.0312,0.02496,0.15001,500,0.00307,0.18125,0.25,200,0.01904,0.31988,strict
OldTownFall,000048_lcam_front_lidar.ply,0.10002,799,0.03104,0.02584,0.15001,500,0.0546,0.09522,0.25,200,0.01112,0.35545,standard
OldTownFall,000049_lcam_front_lidar.ply,0.10002,799,0.07303,0.13647,0.15001,500,0.00512,0.22333,0.25,200,0.01502,0.38477,strict
OldTownFall,000050_lcam_front_lidar.ply,0.10002,799,0.03136,0.02937,0.15001,500,0.13989,0.20521,0.25,200,0.02068,0.32869,standard
OldTownFall,000051_lcam_front_lidar.ply,0.10002,799,0.00124,0.00149,0.15001,500,0.00085,0.00121,0.25,200,0.0185,0.34881,loose
OldTownFall,000052_lcam_front_lidar.ply,0.10002,799,0.00482,0.00813,0.15001,500,0.00154,0.00215,0.25,200,0.02118,0.32578,loose
OldTownFall,000053_lcam_front_lidar.ply,0.10002,799,0.08057,0.1325,0.15001,500,0.03462,0.1471,0.25,200,0.01579,0.32851,strict
OldTownFall,000054_lcam_front_lidar.ply,0.10002,799,0.08164,0.14118,0.15001,500,0.00122,0.00254,0.25,200,0.01995,0.31902,strict
OldTownFall,000055_lcam_front_lidar.ply,0.10002,799,0.0866,0.14033,0.15001,500,0.00524,0.20468,0.25,200,0.00201,0.0095,strict
OldTownFall,000056_lcam_front_lidar.ply,0.10002,799,0.07371,0.13312,0.15001,500,0.00145,0.00788,0.25,200,0.01291,0.28975,strict
OldTownFall,000057_lcam_front_lidar.ply,0.10002,799,0.07615,0.13776,0.15001,500,0.0052,0.00668,0.25,200,0.00347,0.00697,strict
OldTownFall,000058_lcam_front_lidar.ply,0.10002,799,0.08146,0.14165,0.15001,500,0.00111,0.00149,0.25,200,0.00548,0.22786,strict
OldTownFall,000059_lcam_front_lidar.ply,0.10002,799,0.00157,0.00076,0.15001,500,0.11007,0.20681,0.25,200,0.00125,0.00427,standard
OldTownFall,000060_lcam_front_lidar.ply,0.10002,799,0.03682,0.10354,0.15001,500,0.03435,0.10866,0.25,200,0.00115,0.00141,strict
OldTownFall,000061_lcam_front_lidar.ply,0.10002,799,0.07596,0.1284,0.15001,500,0.0012,0.00322,0.25,200,0.01698,0.31199,strict
OldTownFall,000062_lcam_front_lidar.ply,0.10002,799,0.02224,0.10571,0.15001,500,0.01691,0.07514,0.25,200,0.01667,0.37462,strict
OldTownFall,000063_lcam_front_lidar.ply,0.10002,799,0.0791,0.13198,0.15001,500,0.0033,0.11528,0.25,200,0.00116,0.00152,strict
OldTownFall,000064_lcam_front_lidar.ply,0.10002,799,0.08541,0.13738,0.15001,500,0.00434,0.29086,0.25,200,0.0022,0.00169,strict
OldTownFall,000065_lcam_front_lidar.ply,0.10002,799,0.08046,0.13238,0.15001,500,0.1174,0.20226,0.25,200,0.00656,0.20087,standard
OldTownFall,000066_lcam_front_lidar.ply,0.10002,799,0.06684,0.1265,0.15001,500,0.11117,0.19294,0.25,200,0.0031,0.25465,standard
OldTownFall,000067_lcam_front_lidar.ply,0.10002,799,0.07152,0.12942,0.15001,500,0.00392,0.12444,0.25,200,0.01471,0.34365,strict
OldTownFall,000068_lcam_front_lidar.ply,0.10002,799,0.0764,0.13703,0.15001,500,0.00055,0.0003,0.25,200,0.02158,0.28428,strict
OldTownFall,000069_lcam_front_lidar.ply,0.10002,799,0.0704,0.13361,0.15001,500,0.10159,0.19458,0.25,200,0.00189,0.24629,standard
OldTownFall,000070_lcam_front_lidar.ply,0.10002,799,0.06706,0.13562,0.15001,500,0.00104,0.00145,0.25,200,0.00501,0.24886,strict
OldTownFall,000071_lcam_front_lidar.ply,0.10002,799,0.05642,0.13015,0.15001,500,0.00178,0.00135,0.25,200,0.00231,0.16803,strict
OldTownFall,000072_lcam_front_lidar.ply,0.10002,799,0.04491,0.12795,0.15001,500,0.09128,0.19908,0.25,200,0.00198,0.14396,standard
OldTownFall,000073_lcam_front_lidar.ply,0.10002,799,0.04007,0.12973,0.15001,500,0.08976,0.20738,0.25,200,0.00768,0.17302,standard
OldTownFall,000074_lcam_front_lidar.ply,0.10002,799,0.04952,0.04664,0.15001,500,0.00168,0.00119,0.25,200,0.00153,0.24918,strict
OldTownFall,000075_lcam_front_lidar.ply,0.10002,799,0.03223,0.1289,0.15001,500,0.0799,0.19072,0.25,200,0.00729,0.18028,standard
OldTownFall,000076_lcam_front_lidar.ply,0.10002,799,0.02804,0.08695,0.15001,500,0.00215,0.17003,0.25,200,0.00631,0.17122,strict
OldTownFall,000077_lcam_front_lidar.ply,0.10002,799,0.02938,0.09456,0.15001,500,0.00213,0.00232,0.25,200,0.00079,0.00064,strict
OldTownFall,000078_lcam_front_lidar.ply,0.10002,799,0.01759,0.02598,0.15001,500,0.00143,0.0019,0.25,200,0.00659,0.27934,strict
OldTownFall,000079_lcam_front_lidar.ply,0.10002,799,0.01767,0.02736,0.15001,500,0.06846,0.19509,0.25,200,0.01794,0.28902,standard
OldTownFall,000080_lcam_front_lidar.ply,0.10002,799,0.16623,0.07457,0.15001,500,0.07941,0.20595,0.25,200,0.00097,0.00132,strict
OldTownFall,000081_lcam_front_lidar.ply,0.10002,799,0.03285,0.06214,0.15001,500,0.07775,0.207,0.25,200,0.00615,0.18977,standard
OldTownFall,000082_lcam_front_lidar.ply,0.10002,799,0.02855,0.06207,0.15001,500,0.01603,0.15108,0.25,200,0.0342,0.222,loose
OldTownFall,000083_lcam_front_lidar.ply,0.10002,799,0.04085,0.06604,0.15001,500,0.05156,0.1879,0.25,200,0.01309,0.29673,standard
OldTownFall,000084_lcam_front_lidar.ply,0.10002,799,0.17499,0.05237,0.15001,500,0.07009,0.20983,0.25,200,0.00176,0.00255,strict
OldTownFall,000085_lcam_front_lidar.ply,0.10002,799,0.03391,0.0784,0.15001,500,0.04353,0.19971,0.25,200,0.0052,0.19298,standard
OldTownFall,000086_lcam_front_lidar.ply,0.10002,799,0.02433,0.0757,0.15001,500,0.03689,0.09955,0.25,200,0.01602,0.31166,standard
OldTownFall,000087_lcam_front_lidar.ply,0.10002,799,0.03471,0.07827,0.15001,500,0.03469,0.19406,0.25,200,0.00331,0.01043,strict
OldTownFall,000088_lcam_front_lidar.ply,0.10002,799,0.0337,0.07071,0.15001,500,0.03289,0.1062,0.25,200,0.00595,0.28865,strict
OldTownFall,000089_lcam_front_lidar.ply,0.10002,799,0.05319,0.06311,0.15001,500,0.00199,0.00299,0.25,200,0.00176,0.00365,strict
OldTownFall,000090_lcam_front_lidar.ply,0.10002,799,0.18706,0.05268,0.15001,500,0.00176,0.00368,0.25,200,0.00278,0.01585,strict
OldTownFall,000091_lcam_front_lidar.ply,0.10002,799,0.0338,0.08186,0.15001,500,0.01849,0.11332,0.25,200,0.00209,0.00425,strict
OldTownFall,000092_lcam_front_lidar.ply,0.10002,799,0.18824,0.05186,0.15001,500,0.0182,0.11361,0.25,200,0.01244,0.2686,strict
OldTownFall,000093_lcam_front_lidar.ply,0.10002,799,0.01992,0.0305,0.15001,500,0.01839,0.12121,0.25,200,0.01258,0.24491,strict
OldTownFall,000094_lcam_front_lidar.ply,0.10002,799,0.01684,0.01316,0.15001,500,0.01657,0.11334,0.25,200,0.00642,0.26275,strict
OldTownFall,000095_lcam_front_lidar.ply,0.10002,799,0.02331,0.07009,0.15001,500,0.00257,0.00183,0.25,200,0.00535,0.21398,strict
OldTownFall,000096_lcam_front_lidar.ply,0.10002,799,0.02678,0.09683,0.15001,500,0.03313,0.10547,0.25,200,0.02757,0.2306,standard
OldTownFall,000097_lcam_front_lidar.ply,0.10002,799,0.02638,0.07213,0.15001,500,0.01706,0.11368,0.25,200,0.00273,0.01672,strict
OldTownFall,000098_lcam_front_lidar.ply,0.10002,799,0.03669,0.0678,0.15001,500,0.02737,0.16862,0.25,200,0.01747,0.26232,strict
OldTownFall,000099_lcam_front_lidar.ply,0.10002,799,0.04369,0.05581,0.15001,500,0.05825,0.11961,0.25,200,0.06452,0.34007,loose
OldTownFall,000100_lcam_front_lidar.ply,0.10002,799,0.01701,0.05492,0.15001,500,0.00304,0.00294,0.25,200,0.01548,0.27629,strict
OldTownFall,000101_lcam_front_lidar.ply,0.10002,799,0.0277,0.09504,0.15001,500,0.0093,0.01508,0.25,200,0.00151,0.24623,strict
OldTownFall,000102_lcam_front_lidar.ply,0.10002,799,0.02513,0.07422,0.15001,500,0.25861,0.08051,0.25,200,0.00102,0.00086,standard
OldTownFall,000103_lcam_front_lidar.ply,0.10002,799,0.14095,0.04771,0.15001,500,0.01167,0.04856,0.25,200,0.01372,0.12985,strict
OldTownFall,000104_lcam_front_lidar.ply,0.10002,799,0.15987,0.05243,0.15001,500,0.00244,0.00866,0.25,200,0.00256,0.00647,strict
OldTownFall,000105_lcam_front_lidar.ply,0.10002,799,0.1591,0.04431,0.15001,500,0.01799,0.20526,0.25,200,0.04083,0.29646,strict
OldTownFall,000106_lcam_front_lidar.ply,0.10002,799,0.18431,0.04728,0.15001,500,0.00165,0.00074,0.25,200,0.01722,0.34738,strict
OldTownFall,000107_lcam_front_lidar.ply,0.10002,799,0.16789,0.04827,0.15001,500,0.02997,0.12024,0.25,200,0.00255,0.00635,strict
OldTownFall,000108_lcam_front_lidar.ply,0.10002,799,0.16186,0.05876,0.15001,500,0.00184,0.00084,0.25,200,0.03041,0.18836,strict
OldTownFall,000109_lcam_front_lidar.ply,0.10002,799,0.04174,0.06159,0.15001,500,0.01854,0.23292,0.25,200,0.00244,0.00555,strict
OldTownFall,000110_lcam_front_lidar.ply,0.10002,799,0.17669,0.05676,0.15001,500,0.00944,0.11247,0.25,200,0.00254,0.00614,strict
OldTownFall,000111_lcam_front_lidar.ply,0.10002,799,0.157,0.06748,0.15001,500,0.0326,0.15738,0.25,200,0.00235,0.01125,strict
OldTownFall,000112_lcam_front_lidar.ply,0.10002,799,0.18545,0.06523,0.15001,500,0.00309,0.00291,0.25,200,0.00272,0.00967,strict
OldTownFall,000113_lcam_front_lidar.ply,0.10002,799,0.17882,0.05992,0.15001,500,0.00316,0.00301,0.25,200,0.00254,0.0063,strict
OldTownFall,000114_lcam_front_lidar.ply,0.10002,799,0.15563,0.06402,0.15001,500,0.00188,0.00235,0.25,200,0.00279,0.01036,strict
OldTownFall,000115_lcam_front_lidar.ply,0.10002,799,0.15134,0.06304,0.15001,500,0.003,0.19658,0.25,200,0.03237,0.2963,strict
OldTownFall,000116_lcam_front_lidar.ply,0.10002,799,0.13313,0.06258,0.15001,500,0.00581,0.21934,0.25,200,0.02599,0.37157,strict
OldTownFall,000117_lcam_front_lidar.ply,0.10002,799,0.14905,0.07063,0.15001,500,0.01886,0.21453,0.25,200,0.02927,0.31677,strict
OldTownFall,000118_lcam_front_lidar.ply,0.10002,799,0.13439,0.07405,0.15001,500,0.04161,0.12422,0.25,200,0.01405,0.29805,strict
OldTownFall,000119_lcam_front_lidar.ply,0.10002,799,0.12913,0.07077,0.15001,500,0.02597,0.11117,0.25,200,0.0097,0.18322,strict
OldTownFall,000120_lcam_front_lidar.ply,0.10002,799,0.01756,0.10479,0.15001,500,0.01182,0.21927,0.25,200,0.00263,0.01368,strict
OldTownFall,000121_lcam_front_lidar.ply,0.10002,799,0.11569,0.08312,0.15001,500,0.0074,0.21278,0.25,200,0.0123,0.15008,strict
OldTownFall,000122_lcam_front_lidar.ply,0.10002,799,0.00808,0.09974,0.15001,500,0.01293,0.02013,0.25,200,0.01334,0.27415,loose
OldTownFall,000123_lcam_front_lidar.ply,0.10002,799,0.02758,0.04365,0.15001,500,0.028,0.07305,0.25,200,0.01731,0.28033,standard
OldTownFall,000124_lcam_front_lidar.ply,0.10002,799,0.10535,0.05857,0.15001,500,0.01248,0.02228,0.25,200,0.0189,0.36881,strict
OldTownFall,000125_lcam_front_lidar.ply,0.10002,799,0.04623,0.06246,0.15001,500,0.01844,0.07288,0.25,200,0.00227,0.00404,strict
OldTownFall,000126_lcam_front_lidar.ply,0.10002,799,0.12711,0.05757,0.15001,500,0.19318,0.07907,0.25,200,0.01328,0.3412,standard
OldTownFall,000127_lcam_front_lidar.ply,0.10002,799,0.0847,0.05653,0.15001,500,0.02264,0.06142,0.25,200,0.00241,0.00843,strict
OldTownFall,000128_lcam_front_lidar.ply,0.10002,799,0.02965,0.09943,0.15001,500,0.00338,0.00318,0.25,200,0.00187,0.18451,strict
OldTownFall,000129_lcam_front_lidar.ply,0.10002,799,0.09927,0.0636,0.15001,500,0.00348,0.00337,0.25,200,0.01144,0.344,strict
OldTownFall,000130_lcam_front_lidar.ply,0.10002,799,0.06294,0.04552,0.15001,500,0.19959,0.08092,0.25,200,0.01588,0.31818,standard
OldTownFall,000131_lcam_front_lidar.ply,0.10002,799,0.07632,0.0551,0.15001,500,0.15262,0.07865,0.25,200,0.01074,0.36448,standard
OldTownFall,000132_lcam_front_lidar.ply,0.10002,799,0.06915,0.06807,0.15001,500,0.17148,0.08042,0.25,200,0.00201,0.00468,standard
OldTownFall,000133_lcam_front_lidar.ply,0.10002,799,0.08774,0.05583,0.15001,500,0.17163,0.078,0.25,200,0.23473,0.13935,loose
OldTownFall,000134_lcam_front_lidar.ply,0.10002,799,0.10953,0.05954,0.15001,500,0.16917,0.07598,0.25,200,0.00295,0.01101,standard
OldTownFall,000135_lcam_front_lidar.ply,0.10002,799,0.12531,0.06315,0.15001,500,0.16912,0.0785,0.25,200,0.00689,0.25061,standard
OldTownFall,000136_lcam_front_lidar.ply,0.10002,799,0.13218,0.06094,0.15001,500,0.16688,0.07281,0.25,200,0.00791,0.23033,standard
OldTownFall,000137_lcam_front_lidar.ply,0.10002,799,0.01473,0.04641,0.15001,500,0.01999,0.06528,0.25,200,0.23683,0.12629,loose
OldTownFall,000138_lcam_front_lidar.ply,0.10002,799,0.1004,0.05969,0.15001,500,0.02148,0.11107,0.25,200,0.01021,0.40941,strict
OldTownFall,000139_lcam_front_lidar.ply,0.10002,799,0.10292,0.05759,0.15001,500,0.18575,0.07675,0.25,200,0.01156,0.37539,standard
OldTownFall,000140_lcam_front_lidar.ply,0.10002,799,0.10398,0.05617,0.15001,500,0.20992,0.07213,0.25,200,0.01273,0.26427,standard
OldTownFall,000141_lcam_front_lidar.ply,0.10002,799,0.13158,0.05618,0.15001,500,0.01203,0.08592,0.25,200,0.01038,0.33989,strict
OldTownFall,000142_lcam_front_lidar.ply,0.10002,799,0.06088,0.05037,0.15001,500,0.02929,0.17076,0.25,200,0.03327,0.33992,strict
OldTownFall,000143_lcam_front_lidar.ply,0.10002,799,0.1024,0.05877,0.15001,500,0.01604,0.06574,0.25,200,0.00925,0.36194,strict
OldTownFall,000144_lcam_front_lidar.ply,0.10002,799,0.13231,0.06057,0.15001,500,0.02478,0.12049,0.25,200,0.02125,0.28116,strict
OldTownFall,000145_lcam_front_lidar.ply,0.10002,799,0.0676,0.04633,0.15001,500,0.02571,0.08392,0.25,200,0.01775,0.38724,strict
OldTownFall,000146_lcam_front_lidar.ply,0.10002,799,0.0655,0.04706,0.15001,500,0.1646,0.07446,0.25,200,0.00679,0.36256,standard
OldTownFall,000147_lcam_front_lidar.ply,0.10002,799,0.1294,0.0633,0.15001,500,0.02917,0.09314,0.25,200,0.0089,0.32133,strict
OldTownFall,000148_lcam_front_lidar.ply,0.10002,799,0.0927,0.05136,0.15001,500,0.03394,0.09782,0.25,200,0.00328,0.01289,strict
OldTownFall,000149_lcam_front_lidar.ply,0.10002,799,0.13252,0.06443,0.15001,500,0.18656,0.07647,0.25,200,0.00372,0.02408,standard
OldTownFall,000150_lcam_front_lidar.ply,0.10002,799,0.08796,0.0454,0.15001,500,0.17499,0.07424,0.25,200,0.00889,0.14353,standard
OldTownFall,000151_lcam_front_lidar.ply,0.10002,799,0.01898,0.02104,0.15001,500,0.02731,0.08661,0.25,200,0.00824,0.29587,standard
OldTownFall,000152_lcam_front_lidar.ply,0.10002,799,0.09094,0.04572,0.15001,500,0.01599,0.07531,0.25,200,0.00332,0.01226,strict
OldTownFall,000153_lcam_front_lidar.ply,0.10002,799,0.02419,0.02417,0.15001,500,0.15813,0.08234,0.25,200,0.00585,0.07514,standard
OldTownFall,000154_lcam_front_lidar.ply,0.10002,799,0.03212,0.02583,0.15001,500,0.00257,0.00122,0.25,200,0.00393,0.03421,strict
OldTownFall,000155_lcam_front_lidar.ply,0.10002,799,0.10068,0.06116,0.15001,500,0.00264,0.00136,0.25,200,0.03184,0.22835,strict
OldTownFall,000156_lcam_front_lidar.ply,0.10002,799,0.04281,0.03594,0.15001,500,0.02582,0.09971,0.25,200,0.00908,0.19284,strict
OldTownFall,000157_lcam_front_lidar.ply,0.10002,799,0.06871,0.04044,0.15001,500,0.00402,0.08342,0.25,200,0.00838,0.37957,strict
OldTownFall,000158_lcam_front_lidar.ply,0.10002,799,0.09161,0.06219,0.15001,500,0.14665,0.08403,0.25,200,0.01285,0.28407,standard
OldTownFall,000159_lcam_front_lidar.ply,0.10002,799,0.11052,0.06018,0.15001,500,0.02506,0.15504,0.25,200,0.00796,0.3523,strict
OldTownFall,000160_lcam_front_lidar.ply,0.10002,799,0.01878,0.03678,0.15001,500,0.01705,0.21735,0.25,200,0.00588,0.29654,strict
OldTownFall,000161_lcam_front_lidar.ply,0.10002,799,0.11123,0.05902,0.15001,500,0.00286,0.00144,0.25,200,0.00387,0.01574,strict
OldTownFall,000162_lcam_front_lidar.ply,0.10002,799,0.10921,0.05491,0.15001,500,0.04126,0.17278,0.25,200,0.01487,0.24663,strict
OldTownFall,000163_lcam_front_lidar.ply,0.10002,799,0.11084,0.0563,0.15001,500,0.03331,0.05442,0.25,200,0.00347,0.00244,strict
OldTownFall,000164_lcam_front_lidar.ply,0.10002,799,0.11931,0.06199,0.15001,500,0.05057,0.20314,0.25,200,0.0048,0.05525,strict
OldTownFall,000165_lcam_front_lidar.ply,0.10002,799,0.10053,0.05972,0.15001,500,0.14496,0.07607,0.25,200,0.00325,0.16315,standard
OldTownFall,000166_lcam_front_lidar.ply,0.10002,799,0.11028,0.06167,0.15001,500,0.02276,0.03975,0.25,200,0.00447,0.00465,strict
OldTownFall,000167_lcam_front_lidar.ply,0.10002,799,0.09767,0.05349,0.15001,500,0.02006,0.06018,0.25,200,0.00448,0.04916,strict
OldTownFall,000168_lcam_front_lidar.ply,0.10002,799,0.11928,0.06061,0.15001,500,0.15509,0.08029,0.25,200,0.00358,0.42854,standard
OldTownFall,000169_lcam_front_lidar.ply,0.10002,799,0.11548,0.05845,0.15001,500,0.00314,0.00158,0.25,200,0.00624,0.33463,strict
OldTownFall,000170_lcam_front_lidar.ply,0.10002,799,0.01999,0.02631,0.15001,500,0.01507,0.11512,0.25,200,0.00472,0.02143,strict
OldTownFall,000171_lcam_front_lidar.ply,0.10002,799,0.13359,0.05817,0.15001,500,0.01364,0.09264,0.25,200,0.0129,0.35958,strict
OldTownFall,000172_lcam_front_lidar.ply,0.10002,799,0.12666,0.05448,0.15001,500,0.01423,0.11018,0.25,200,0.00369,0.30459,strict
OldTownFall,000173_lcam_front_lidar.ply,0.10002,799,0.12434,0.05256,0.15001,500,0.00347,0.01424,0.25,200,0.00586,0.01644,strict
OldTownFall,000174_lcam_front_lidar.ply,0.10002,799,0.01751,0.02644,0.15001,500,0.0051,0.01479,0.25,200,0.00679,0.21917,strict
OldTownFall,000175_lcam_front_lidar.ply,0.10002,799,0.11605,0.05808,0.15001,500,0.01215,0.07166,0.25,200,0.0019,0.00564,strict
OldTownFall,000176_lcam_front_lidar.ply,0.10002,799,0.01809,0.02405,0.15001,500,0.00326,0.00174,0.25,200,0.00523,0.0248,strict
OldTownFall,000177_lcam_front_lidar.ply,0.10002,799,0.09092,0.06398,0.15001,500,0.01347,0.09995,0.25,200,0.00526,0.02489,strict
OldTownFall,000178_lcam_front_lidar.ply,0.10002,799,0.11173,0.05435,0.15001,500,0.02034,0.05972,0.25,200,0.01264,0.20615,strict
OldTownFall,000179_lcam_front_lidar.ply,0.10002,799,0.02364,0.0354,0.15001,500,0.00521,0.0156,0.25,200,0.00857,0.35686,strict
OldTownFall,000180_lcam_front_lidar.ply,0.10002,799,0.03042,0.02585,0.15001,500,0.00416,0.00055,0.25,200,0.0027,0.01294,strict
OldTownFall,000181_lcam_front_lidar.ply,0.10002,799,0.10701,0.05834,0.15001,500,0.01175,0.10083,0.25,200,0.00419,0.28693,strict
OldTownFall,000182_lcam_front_lidar.ply,0.10002,799,0.01274,0.02591,0.15001,500,0.01769,0.06462,0.25,200,0.00414,0.03611,standard
OldTownFall,000183_lcam_front_lidar.ply,0.10002,799,0.0284,0.02884,0.15001,500,0.00717,0.14021,0.25,200,0.00435,0.0301,strict
OldTownFall,000184_lcam_front_lidar.ply,0.10002,799,0.02203,0.02694,0.15001,500,0.00339,0.00193,0.25,200,0.00942,0.39218,strict
OldTownFall,000185_lcam_front_lidar.ply,0.10002,799,0.02816,0.02735,0.15001,500,0.16162,0.07306,0.25,200,0.01736,0.20902,standard
OldTownFall,000186_lcam_front_lidar.ply,0.10002,799,0.02116,0.01849,0.15001,500,0.01982,0.13601,0.25,200,0.01247,0.19809,strict
OldTownFall,000187_lcam_front_lidar.ply,0.10002,799,0.02859,0.02667,0.15001,500,0.00796,0.03407,0.25,200,0.01225,0.21589,strict
OldTownFall,000188_lcam_front_lidar.ply,0.10002,799,0.02172,0.01865,0.15001,500,0.01716,0.18236,0.25,200,0.01259,0.35239,strict
OldTownFall,000189_lcam_front_lidar.ply,0.10002,799,0.08733,0.05049,0.15001,500,0.01665,0.04901,0.25,200,0.00678,0.01696,strict
OldTownFall,000190_lcam_front_lidar.ply,0.10002,799,0.02258,0.02464,0.15001,500,0.00541,0.00559,0.25,200,0.00807,0.1687,strict
OldTownFall,000191_lcam_front_lidar.ply,0.10002,799,0.08464,0.04612,0.15001,500,0.01343,0.06264,0.25,200,0.01005,0.36336,strict
OldTownFall,000192_lcam_front_lidar.ply,0.10002,799,0.02409,0.02938,0.15001,500,0.00849,0.15127,0.25,200,0.00896,0.24403,strict
OldTownFall,000193_lcam_front_lidar.ply,0.10002,799,0.08323,0.057,0.15001,500,0.02022,0.05931,0.25,200,0.00089,0.00138,strict
OldTownFall,000194_lcam_front_lidar.ply,0.10002,799,0.09473,0.05651,0.15001,500,0.01661,0.163,0.25,200,0.00219,0.00776,strict
OldTownFall,000195_lcam_front_lidar.ply,0.10002,799,0.03032,0.0268,0.15001,500,0.17938,0.06748,0.25,200,0.00995,0.28179,standard
OldTownFall,000196_lcam_front_lidar.ply,0.10002,799,0.11226,0.05741,0.15001,500,0.02051,0.15102,0.25,200,0.00679,0.01897,strict
OldTownFall,000197_lcam_front_lidar.ply,0.10002,799,0.10524,0.0599,0.15001,500,0.0195,0.05854,0.25,200,0.0068,0.0191,strict
OldTownFall,000198_lcam_front_lidar.ply,0.10002,799,0.10917,0.05616,0.15001,500,0.1668,0.08022,0.25,200,0.00853,0.20317,standard
OldTownFall,000199_lcam_front_lidar.ply,0.10002,799,0.0983,0.04571,0.15001,500,0.16011,0.07072,0.25,200,0.01279,0.35084,standard
OldTownFall,000200_lcam_front_lidar.ply,0.10002,799,0.09636,0.04291,0.15001,500,0.16788,0.07159,0.25,200,0.01353,0.36085,standard
OldTownFall,000201_lcam_front_lidar.ply,0.10002,799,0.11844,0.05945,0.15001,500,0.13913,0.06671,0.25,200,0.00241,0.00735,standard
OldTownFall,000202_lcam_front_lidar.ply,0.10002,799,0.12521,0.05924,0.15001,500,0.00686,0.04579,0.25,200,0.00191,0.31074,strict
OldTownFall,000203_lcam_front_lidar.ply,0.10002,799,0.08831,0.05138,0.15001,500,0.0031,0.0192,0.25,200,0.00201,0.00078,strict
OldTownFall,000204_lcam_front_lidar.ply,0.10002,799,0.10689,0.06221,0.15001,500,0.00228,0.07043,0.25,200,0.02787,0.20624,strict
OldTownFall,000205_lcam_front_lidar.ply,0.10002,799,0.09003,0.06408,0.15001,500,0.00324,0.00403,0.25,200,0.21475,0.16508,loose
OldTownFall,000206_lcam_front_lidar.ply,0.10002,799,0.06441,0.05143,0.15001,500,0.02251,0.19121,0.25,200,0.20493,0.16369,loose
OldTownFall,000207_lcam_front_lidar.ply,0.10002,799,0.06536,0.0605,0.15001,500,0.02184,0.14101,0.25,200,0.00758,0.28852,strict
OldTownFall,000208_lcam_front_lidar.ply,0.10002,799,0.09782,0.05472,0.15001,500,0.03344,0.20875,0.25,200,0.01627,0.37138,strict
OldTownFall,000209_lcam_front_lidar.ply,0.10002,799,0.08263,0.05958,0.15001,500,0.02029,0.14383,0.25,200,0.00519,0.30665,strict
OldTownFall,000210_lcam_front_lidar.ply,0.10002,799,0.01873,0.02742,0.15001,500,0.02432,0.16554,0.25,200,0.18869,0.14369,loose
OldTownFall,000211_lcam_front_lidar.ply,0.10002,799,0.07652,0.04681,0.15001,500,0.0095,0.13992,0.25,200,0.00231,0.0079,strict
OldTownFall,000212_lcam_front_lidar.ply,0.10002,799,0.09103,0.03805,0.15001,500,0.03176,0.17484,0.25,200,0.00109,0.00153,strict
OldTownFall,000213_lcam_front_lidar.ply,0.10002,799,0.09171,0.0403,0.15001,500,0.00368,0.00746,0.25,200,0.01894,0.40423,strict
OldTownFall,000214_lcam_front_lidar.ply,0.10002,799,0.01447,0.02064,0.15001,500,0.00159,0.1591,0.25,200,0.00587,0.08455,strict
OldTownFall,000215_lcam_front_lidar.ply,0.10002,799,0.09023,0.03366,0.15001,500,0.00214,0.21272,0.25,200,0.03327,0.32708,strict
OldTownFall,000216_lcam_front_lidar.ply,0.10002,799,0.09034,0.03487,0.15001,500,0.02162,0.18997,0.25,200,0.02085,0.37642,strict
OldTownFall,000217_lcam_front_lidar.ply,0.10002,799,0.01539,0.02059,0.15001,500,0.01719,0.16053,0.25,200,0.00401,0.00215,standard
OldTownFall,000218_lcam_front_lidar.ply,0.10002,799,0.02469,0.07502,0.15001,500,0.00193,0.00065,0.25,200,0.00245,0.01177,strict
OldTownFall,000219_lcam_front_lidar.ply,0.10002,799,0.11726,0.03912,0.15001,500,0.00631,0.16129,0.25,200,0.01932,0.33339,strict
OldTownFall,000220_lcam_front_lidar.ply,0.10002,799,0.09644,0.0417,0.15001,500,0.00712,0.12448,0.25,200,0.01493,0.35648,strict
OldTownFall,000221_lcam_front_lidar.ply,0.10002,799,0.00978,0.01298,0.15001,500,0.01206,0.18241,0.25,200,0.01022,0.26506,standard
OldTownFall,000222_lcam_front_lidar.ply,0.10002,799,0.06903,0.03478,0.15001,500,0.02212,0.06099,0.25,200,0.00167,0.14589,strict
OldTownFall,000223_lcam_front_lidar.ply,0.10002,799,0.00994,0.01385,0.15001,500,0.0041,0.15627,0.25,200,0.00791,0.15254,strict
OldTownFall,000224_lcam_front_lidar.ply,0.10002,799,0.0094,0.08533,0.15001,500,0.01,0.01417,0.25,200,0.02148,0.3182,loose
OldTownFall,000225_lcam_front_lidar.ply,0.10002,799,0.01012,0.08838,0.15001,500,0.0142,0.09053,0.25,200,0.0241,0.32674,loose
OldTownFall,000226_lcam_front_lidar.ply,0.10002,799,0.00731,0.02078,0.15001,500,0.01342,0.10548,0.25,200,0.01189,0.31456,standard
OldTownFall,000227_lcam_front_lidar.ply,0.10002,799,0.01006,0.01209,0.15001,500,0.04177,0.10403,0.25,200,0.02463,0.31593,standard
OldTownFall,000228_lcam_front_lidar.ply,0.10002,799,0.01024,0.09593,0.15001,500,0.01213,0.21435,0.25,200,0.00717,0.16621,standard
OldTownFall,000229_lcam_front_lidar.ply,0.10002,799,0.05956,0.10823,0.15001,500,0.02395,0.13717,0.25,200,0.01562,0.19708,strict
OldTownFall,000230_lcam_front_lidar.ply,0.10002,799,0.00046,0.00024,0.15001,500,0.02204,0.11375,0.25,200,0.00114,0.00215,standard
OldTownFall,000231_lcam_front_lidar.ply,0.10002,799,0.00211,0.01255,0.15001,500,0.00181,0.00052,0.25,200,0.01791,0.2154,loose
OldTownFall,000232_lcam_front_lidar.ply,0.10002,799,0.01394,0.14477,0.15001,500,0.04363,0.08938,0.25,200,0.00214,0.01198,standard
OldTownFall,000233_lcam_front_lidar.ply,0.10002,799,0.01278,0.09189,0.15001,500,0.01954,0.12245,0.25,200,0.01012,0.26818,standard
OldTownFall,000234_lcam_front_lidar.ply,0.10002,799,0.01494,0.14156,0.15001,500,0.01019,0.25321,0.25,200,0.01007,0.24777,strict
OldTownFall,000235_lcam_front_lidar.ply,0.10002,799,0.01435,0.11866,0.15001,500,0.0098,0.23423,0.25,200,0.00209,0.01221,strict
OldTownFall,000236_lcam_front_lidar.ply,0.10002,799,0.00884,0.13706,0.15001,500,0.01115,0.01585,0.25,200,0.00063,0.07691,standard
OldTownFall,000237_lcam_front_lidar.ply,0.10002,799,0.00996,0.11423,0.15001,500,0.06513,0.12778,0.25,200,0.00452,0.00275,standard
OldTownFall,000238_lcam_front_lidar.ply,0.10002,799,0.00548,0.11579,0.15001,500,0.04875,0.09159,0.25,200,0.0163,0.39596,standard
OldTownFall,000239_lcam_front_lidar.ply,0.10002,799,0.01853,0.1218,0.15001,500,0.0394,0.12536,0.25,200,0.01629,0.39325,standard
OldTownFall,000240_lcam_front_lidar.ply,0.10002,799,0.00527,0.13424,0.15001,500,0.04997,0.12166,0.25,200,0.00218,0.01407,standard
OldTownFall,000241_lcam_front_lidar.ply,0.10002,799,0.01638,0.12004,0.15001,500,0.00574,0.17972,0.25,200,0.00216,0.01649,strict
OldTownFall,000242_lcam_front_lidar.ply,0.10002,799,0.00437,0.07157,0.15001,500,0.03988,0.16431,0.25,200,0.01737,0.38256,standard
OldTownFall,000243_lcam_front_lidar.ply,0.10002,799,0.05718,0.14512,0.15001,500,0.04467,0.15716,0.25,200,0.01303,0.30605,strict
OldTownFall,000244_lcam_front_lidar.ply,0.10002,799,0.0022,0.01489,0.15001,500,0.03403,0.11525,0.25,200,0.02207,0.21298,standard
OldTownFall,000245_lcam_front_lidar.ply,0.10002,799,0.06094,0.14825,0.15001,500,0.11864,0.21652,0.25,200,0.00181,0.00589,standard
OldTownFall,000246_lcam_front_lidar.ply,0.10002,799,0.01421,0.10516,0.15001,500,0.05316,0.19423,0.25,200,0.01573,0.34428,standard
OldTownFall,000247_lcam_front_lidar.ply,0.10002,799,0.20445,0.07139,0.15001,500,0.00636,0.17819,0.25,200,0.00184,0.00637,strict
OldTownFall,000248_lcam_front_lidar.ply,0.10002,799,0.21576,0.07488,0.15001,500,0.00218,0.01261,0.25,200,0.00213,0.00755,strict
OldTownFall,000249_lcam_front_lidar.ply,0.10002,799,0.01632,0.02331,0.15001,500,0.04879,0.1782,0.25,200,0.00214,0.00743,standard
OldTownFall,000250_lcam_front_lidar.ply,0.10002,799,0.03119,0.13738,0.15001,500,0.00232,0.01281,0.25,200,0.01609,0.19123,strict
OldTownFall,000251_lcam_front_lidar.ply,0.10002,799,0.05293,0.15464,0.15001,500,0.00246,0.01331,0.25,200,0.00253,0.01551,strict
OldTownFall,000252_lcam_front_lidar.ply,0.10002,799,0.05,0.1637,0.15001,500,0.01773,0.12118,0.25,200,0.001,0.00163,strict
OldTownFall,000253_lcam_front_lidar.ply,0.10002,799,0.0431,0.14898,0.15001,500,0.0257,0.16735,0.25,200,0.0022,0.00872,strict
OldTownFall,000254_lcam_front_lidar.ply,0.10002,799,0.23246,0.06516,0.15001,500,0.02222,0.16839,0.25,200,0.00185,0.22381,strict
OldTownFall,000255_lcam_front_lidar.ply,0.10002,799,0.05535,0.13288,0.15001,500,0.02506,0.13828,0.25,200,0.00466,0.18751,strict
OldTownFall,000256_lcam_front_lidar.ply,0.10002,799,0.02281,0.10025,0.15001,500,0.0883,0.21745,0.25,200,0.00223,0.00668,standard
OldTownFall,000257_lcam_front_lidar.ply,0.10002,799,0.02722,0.04418,0.15001,500,0.05987,0.17861,0.25,200,0.00197,0.00487,standard
OldTownFall,000258_lcam_front_lidar.ply,0.10002,799,0.03127,0.08211,0.15001,500,0.04724,0.16845,0.25,200,0.00176,0.14189,standard
OldTownFall,000259_lcam_front_lidar.ply,0.10002,799,0.24775,0.07152,0.15001,500,0.02572,0.16232,0.25,200,0.0304,0.1977,strict
OldTownFall,000260_lcam_front_lidar.ply,0.10002,799,0.02092,0.02762,0.15001,500,0.07695,0.22653,0.25,200,0.00222,0.00996,standard
OldTownFall,000261_lcam_front_lidar.ply,0.10002,799,0.06933,0.0712,0.15001,500,0.05847,0.20003,0.25,200,0.02507,0.15707,strict
OldTownFall,000262_lcam_front_lidar.ply,0.10002,799,0.02974,0.12614,0.15001,500,0.0482,0.18818,0.25,200,0.01226,0.18991,standard
OldTownFall,000263_lcam_front_lidar.ply,0.10002,799,0.03234,0.09226,0.15001,500,0.04059,0.14803,0.25,200,0.00081,0.00065,standard
OldTownFall,000264_lcam_front_lidar.ply,0.10002,799,0.02312,0.03044,0.15001,500,0.06642,0.22346,0.25,200,0.01437,0.16466,standard
OldTownFall,000265_lcam_front_lidar.ply,0.10002,799,0.05502,0.0672,0.15001,500,0.04966,0.1923,0.25,200,0.001,0.00164,strict
OldTownFall,000266_lcam_front_lidar.ply,0.10002,799,0.05307,0.0675,0.15001,500,0.05047,0.1981,0.25,200,0.00316,0.24129,strict
OldTownFall,000267_lcam_front_lidar.ply,0.10002,799,0.05398,0.06485,0.15001,500,0.04403,0.18686,0.25,200,0.0016,0.00395,strict
OldTownFall,000268_lcam_front_lidar.ply,0.10002,799,0.07915,0.08857,0.15001,500,0.02757,0.17191,0.25,200,0.01411,0.18341,strict
OldTownFall,000269_lcam_front_lidar.ply,0.10002,799,0.02604,0.03172,0.15001,500,0.05848,0.23097,0.25,200,0.04087,0.29794,standard
OldTownFall,000270_lcam_front_lidar.ply,0.10002,799,0.07302,0.08347,0.15001,500,0.05143,0.20577,0.25,200,0.00269,0.33548,strict
OldTownFall,000271_lcam_front_lidar.ply,0.10002,799,0.02738,0.0415,0.15001,500,0.05359,0.22931,0.25,200,0.00228,0.12173,standard
OldTownFall,000272_lcam_front_lidar.ply,0.10002,799,0.24482,0.0507,0.15001,500,0.0247,0.16218,0.25,200,0.00339,0.41905,strict
OldTownFall,000273_lcam_front_lidar.ply,0.10002,799,0.24141,0.04684,0.15001,500,0.03955,0.1989,0.25,200,0.00218,0.01252,strict
OldTownFall,000274_lcam_front_lidar.ply,0.10002,799,0.01633,0.02123,0.15001,500,0.04455,0.22339,0.25,200,0.00271,0.32469,standard
OldTownFall,000275_lcam_front_lidar.ply,0.10002,799,0.01616,0.02857,0.15001,500,0.01007,0.03588,0.25,200,0.02024,0.18147,loose
OldTownFall,000276_lcam_front_lidar.ply,0.10002,799,0.01628,0.02886,0.15001,500,0.0365,0.17321,0.25,200,0.00255,0.36394,standard
OldTownFall,000277_lcam_front_lidar.ply,0.10002,799,0.01671,0.01429,0.15001,500,0.03937,0.21609,0.25,200,0.00336,0.26249,standard
OldTownFall,000278_lcam_front_lidar.ply,0.10002,799,0.03133,0.06637,0.15001,500,0.03425,0.17339,0.25,200,0.047,0.28166,loose
OldTownFall,000279_lcam_front_lidar.ply,0.10002,799,0.13243,0.04502,0.15001,500,0.02369,0.16255,0.25,200,0.03236,0.27213,strict
OldTownFall,000280_lcam_front_lidar.ply,0.10002,799,0.09206,0.052,0.15001,500,0.0362,0.19371,0.25,200,0.0149,0.15332,strict
OldTownFall,000281_lcam_front_lidar.ply,0.10002,799,0.08407,0.05432,0.15001,500,0.03572,0.2053,0.25,200,0.0647,0.37739,strict
OldTownFall,000282_lcam_front_lidar.ply,0.10002,799,0.07108,0.04253,0.15001,500,0.0385,0.2329,0.25,200,0.00229,0.0132,strict
OldTownFall,000283_lcam_front_lidar.ply,0.10002,799,0.03079,0.08092,0.15001,500,0.0333,0.20277,0.25,200,0.00169,0.25719,standard
OldTownFall,000284_lcam_front_lidar.ply,0.10002,799,0.06649,0.03781,0.15001,500,0.02034,0.18022,0.25,200,0.00216,0.33253,strict
OldTownFall,000285_lcam_front_lidar.ply,0.10002,799,0.01543,0.00914,0.15001,500,0.03181,0.2041,0.25,200,0.0365,0.37541,loose
OldTownFall,000286_lcam_front_lidar.ply,0.10002,799,0.02533,0.04556,0.15001,500,0.00478,0.14708,0.25,200,0.01806,0.22972,strict
OldTownFall,000287_lcam_front_lidar.ply,0.10002,799,0.02498,0.04621,0.15001,500,0.02655,0.14214,0.25,200,0.0532,0.37447,loose
OldTownFall,000288_lcam_front_lidar.ply,0.10002,799,0.02454,0.04352,0.15001,500,0.01501,0.03777,0.25,200,0.00412,0.3393,strict
OldTownFall,000289_lcam_front_lidar.ply,0.10002,799,0.02394,0.04426,0.15001,500,0.00918,0.22189,0.25,200,0.0274,0.36461,loose
OldTownFall,000290_lcam_front_lidar.ply,0.10002,799,0.03789,0.02208,0.15001,500,0.00749,0.0239,0.25,200,0.00358,0.31463,strict
OldTownFall,000291_lcam_front_lidar.ply,0.10002,799,0.0355,0.0221,0.15001,500,0.01619,0.22518,0.25,200,0.01984,0.2359,strict
OldTownFall,000292_lcam_front_lidar.ply,0.10002,799,0.01053,0.01979,0.15001,500,0.01767,0.13093,0.25,200,0.02115,0.3291,loose
OldTownFall,000293_lcam_front_lidar.ply,0.10002,799,0.00905,0.01743,0.15001,500,0.02026,0.12045,0.25,200,0.00402,0.32302,standard
OldTownFall,000294_lcam_front_lidar.ply,0.10002,799,0.00944,0.01312,0.15001,500,0.01687,0.23265,0.25,200,0.00135,0.06004,standard
OldTownFall,000295_lcam_front_lidar.ply,0.10002,799,0.00957,0.01382,0.15001,500,0.03591,0.12941,0.25,200,0.03727,0.3688,loose
OldTownFall,000296_lcam_front_lidar.ply,0.10002,799,0.00988,0.01511,0.15001,500,0.01801,0.1531,0.25,200,0.00148,0.39495,standard
OldTownFall,000297_lcam_front_lidar.ply,0.10002,799,0.00087,0.00153,0.15001,500,0.01571,0.23902,0.25,200,0.00349,0.32814,standard
OldTownFall,000298_lcam_front_lidar.ply,0.10002,799,0.00103,0.00149,0.15001,500,0.02057,0.13676,0.25,200,0.02329,0.30863,loose
OldTownFall,000299_lcam_front_lidar.ply,0.10002,799,0.0068,0.09807,0.15001,500,0.01475,0.20223,0.25,200,0.00248,0.01917,standard
OldTownFall,000300_lcam_front_lidar.ply,0.10002,799,0.00344,0.0143,0.15001,500,0.00061,0.00072,0.25,200,0.02665,0.34277,loose
OldTownFall,000301_lcam_front_lidar.ply,0.10002,799,0.0098,0.05779,0.15001,500,0.01388,0.21195,0.25,200,0.00188,0.20831,standard
OldTownFall,000302_lcam_front_lidar.ply,0.10002,799,0.04143,0.03044,0.15001,500,0.07697,0.05275,0.25,200,0.02267,0.221,standard
OldTownFall,000303_lcam_front_lidar.ply,0.10002,799,0.00253,0.00066,0.15001,500,0.00677,0.22482,0.25,200,0.02241,0.25778,loose
OldTownFall,000304_lcam_front_lidar.ply,0.10002,799,0.04012,0.04968,0.15001,500,0.00054,0.00028,0.25,200,0.01766,0.28223,strict
OldTownFall,000305_lcam_front_lidar.ply,0.10002,799,0.00169,0.00026,0.15001,500,0.07828,0.06383,0.25,200,0.00879,0.12647,standard
OldTownFall,000306_lcam_front_lidar.ply,0.10002,799,0.03438,0.02785,0.15001,500,0.07528,0.06132,0.25,200,0.0121,0.25535,standard
OldTownFall,000307_lcam_front_lidar.ply,0.10002,799,0.0627,0.02338,0.15001,500,0.0117,0.16289,0.25,200,0.00815,0.09562,strict
OldTownFall,000308_lcam_front_lidar.ply,0.10002,799,0.00401,0.02048,0.15001,500,0.01298,0.20132,0.25,200,0.01275,0.20815,standard
OldTownFall,000309_lcam_front_lidar.ply,0.10002,799,0.00188,0.00557,0.15001,500,0.00606,0.22191,0.25,200,0.02334,0.30505,loose
OldTownFall,000310_lcam_front_lidar.ply,0.10002,799,0.00381,0.00582,0.15001,500,0.01356,0.2127,0.25,200,0.016,0.29749,loose
OldTownFall,000311_lcam_front_lidar.ply,0.10002,799,0.00332,0.01111,0.15001,500,0.20289,0.20996,0.25,200,0.01727,0.34143,standard
OldTownFall,000312_lcam_front_lidar.ply,0.10002,799,0.00294,0.00303,0.15001,500,0.00218,0.01158,0.25,200,0.016,0.31104,loose
OldTownFall,000313_lcam_front_lidar.ply,0.10002,799,0.00259,0.00129,0.15001,500,0.00444,0.02229,0.25,200,0.01157,0.3186,loose
OldTownFall,000314_lcam_front_lidar.ply,0.10002,799,0.00238,0.00507,0.15001,500,0.01023,0.0335,0.25,200,0.01716,0.35674,loose
OldTownFall,000315_lcam_front_lidar.ply,0.10002,799,0.00451,0.02833,0.15001,500,0.01798,0.24263,0.25,200,0.01601,0.33187,standard
OldTownFall,000316_lcam_front_lidar.ply,0.10002,799,0.00893,0.01299,0.15001,500,0.0106,0.12687,0.25,200,0.01785,0.41851,loose
OldTownFall,000317_lcam_front_lidar.ply,0.10002,799,0.00185,0.00054,0.15001,500,0.05175,0.15002,0.25,200,0.01501,0.32221,standard
OldTownFall,000318_lcam_front_lidar.ply,0.10002,799,0.00863,0.01292,0.15001,500,0.04039,0.05614,0.25,200,0.01407,0.34707,standard
OldTownFall,000319_lcam_front_lidar.ply,0.10002,799,0.01802,0.02248,0.15001,500,0.01442,0.01432,0.25,200,0.01758,0.34818,strict
OldTownFall,000320_lcam_front_lidar.ply,0.10002,799,0.04364,0.03435,0.15001,500,0.00442,0.15647,0.25,200,0.01698,0.25003,strict
OldTownFall,000321_lcam_front_lidar.ply,0.10002,799,0.04465,0.03143,0.15001,500,0.00955,0.16367,0.25,200,0.02431,0.39405,strict
OldTownFall,000322_lcam_front_lidar.ply,0.10002,799,0.03491,0.11001,0.15001,500,0.00931,0.16277,0.25,200,0.02361,0.38225,strict
OldTownFall,000323_lcam_front_lidar.ply,0.10002,799,0.02312,0.07876,0.15001,500,0.0036,0.219,0.25,200,0.00716,0.04958,strict
OldTownFall,000324_lcam_front_lidar.ply,0.10002,799,0.0574,0.04642,0.15001,500,0.00372,0.0259,0.25,200,0.00986,0.13181,strict
OldTownFall,000325_lcam_front_lidar.ply,0.10002,799,0.05662,0.1513,0.15001,500,0.07275,0.19276,0.25,200,0.01027,0.27319,standard
OldTownFall,000326_lcam_front_lidar.ply,0.10002,799,0.06634,0.07545,0.15001,500,0.00851,0.22385,0.25,200,0.01104,0.24053,strict
OldTownFall,000327_lcam_front_lidar.ply,0.10002,799,0.05316,0.14392,0.15001,500,0.0048,0.20838,0.25,200,0.01389,0.36091,strict
OldTownFall,000328_lcam_front_lidar.ply,0.10002,799,0.00701,0.0331,0.15001,500,0.00801,0.15845,0.25,200,0.00804,0.09839,loose
OldTownFall,000329_lcam_front_lidar.ply,0.10002,799,0.03253,0.10012,0.15001,500,0.00703,0.20234,0.25,200,0.01227,0.26284,strict
OldTownFall,000330_lcam_front_lidar.ply,0.10002,799,0.00697,0.01892,0.15001,500,0.00673,0.2246,0.25,200,0.00828,0.12568,loose
OldTownFall,000331_lcam_front_lidar.ply,0.10002,799,0.05553,0.14078,0.15001,500,0.00698,0.04496,0.25,200,0.0029,0.16806,strict
OldTownFall,000332_lcam_front_lidar.ply,0.10002,799,0.00655,0.00635,0.15001,500,0.00523,0.01612,0.25,200,0.00929,0.2039,loose
OldTownFall,000333_lcam_front_lidar.ply,0.10002,799,0.06012,0.1379,0.15001,500,0.09724,0.20625,0.25,200,0.00186,0.15871,standard
OldTownFall,000334_lcam_front_lidar.ply,0.10002,799,0.00396,0.00223,0.15001,500,0.00453,0.00299,0.25,200,0.00655,0.0761,loose
OldTownFall,000335_lcam_front_lidar.ply,0.10002,799,0.05779,0.13991,0.15001,500,0.0883,0.2007,0.25,200,0.00662,0.06385,standard
OldTownFall,000336_lcam_front_lidar.ply,0.10002,799,0.05753,0.13909,0.15001,500,0.00563,0.18046,0.25,200,0.00641,0.07954,strict
OldTownFall,000337_lcam_front_lidar.ply,0.10002,799,0.05993,0.01084,0.15001,500,0.0021,0.09358,0.25,200,0.00638,0.04367,strict
OldTownFall,000338_lcam_front_lidar.ply,0.10002,799,0.0526,0.14742,0.15001,500,0.00617,0.14645,0.25,200,0.00628,0.07524,strict
OldTownFall,000339_lcam_front_lidar.ply,0.10002,799,0.05635,0.13502,0.15001,500,0.00801,0.20465,0.25,200,0.00668,0.16438,strict
OldTownFall,000340_lcam_front_lidar.ply,0.10002,799,0.05063,0.15086,0.15001,500,0.01097,0.32489,0.25,200,0.00614,0.07578,strict
OldTownFall,000341_lcam_front_lidar.ply,0.10002,799,0.04965,0.15137,0.15001,500,0.00604,0.04304,0.25,200,0.00594,0.01845,strict
OldTownFall,000342_lcam_front_lidar.ply,0.10002,799,0.03082,0.11884,0.15001,500,0.00899,0.10418,0.25,200,0.00707,0.12789,strict
OldTownFall,000343_lcam_front_lidar.ply,0.10002,799,0.03921,0.14101,0.15001,500,0.06384,0.20372,0.25,200,0.00403,0.31747,standard
OldTownFall,000344_lcam_front_lidar.ply,0.10002,799,0.0396,0.15005,0.15001,500,0.00985,0.23428,0.25,200,0.00589,0.04198,strict
OldTownFall,000345_lcam_front_lidar.ply,0.10002,799,0.11255,0.05243,0.15001,500,0.01669,0.07582,0.25,200,0.00584,0.04183,strict
OldTownFall,000346_lcam_front_lidar.ply,0.10002,799,0.12327,0.03995,0.15001,500,0.05787,0.21553,0.25,200,0.00632,0.10433,strict
OldTownFall,000347_lcam_front_lidar.ply,0.10002,799,0.12443,0.03931,0.15001,500,0.05442,0.20344,0.25,200,0.01073,0.22201,strict
OldTownFall,000348_lcam_front_lidar.ply,0.10002,799,0.12757,0.04007,0.15001,500,0.01614,0.09635,0.25,200,0.00557,0.06282,strict
OldTownFall,000349_lcam_front_lidar.ply,0.10002,799,0.02519,0.02987,0.15001,500,0.00749,0.22264,0.25,200,0.00562,0.04889,strict
OldTownFall,000350_lcam_front_lidar.ply,0.10002,799,0.02661,0.03015,0.15001,500,0.04513,0.21306,0.25,200,0.00564,0.0644,standard
OldTownFall,000351_lcam_front_lidar.ply,0.10002,799,0.02655,0.03083,0.15001,500,0.03584,0.18175,0.25,200,0.00552,0.05954,standard
OldTownFall,000352_lcam_front_lidar.ply,0.10002,799,0.01735,0.0256,0.15001,500,0.037,0.19993,0.25,200,0.01046,0.32808,standard
OldTownFall,000353_lcam_front_lidar.ply,0.10002,799,0.01001,0.01252,0.15001,500,0.04947,0.1062,0.25,200,0.01443,0.27584,standard
OldTownFall,000354_lcam_front_lidar.ply,0.10002,799,0.04305,0.05367,0.15001,500,0.05025,0.11248,0.25,200,0.00535,0.05057,standard
OldTownFall,000355_lcam_front_lidar.ply,0.10002,799,0.04733,0.05831,0.15001,500,0.04066,0.1383,0.25,200,0.01502,0.30267,strict
OldTownFall,000356_lcam_front_lidar.ply,0.10002,799,0.04359,0.04897,0.15001,500,0.05417,0.11897,0.25,200,0.00528,0.04824,standard
OldTownFall,000357_lcam_front_lidar.ply,0.10002,799,0.22698,0.04403,0.15001,500,0.02577,0.11374,0.25,200,0.00527,0.05737,strict
OldTownFall,000358_lcam_front_lidar.ply,0.10002,799,0.02262,0.03342,0.15001,500,0.05912,0.12882,0.25,200,0.00518,0.0352,standard
OldTownFall,000359_lcam_front_lidar.ply,0.10002,799,0.0221,0.03212,0.15001,500,0.01646,0.02787,0.25,200,0.01306,0.23488,strict
OldTownFall,000360_lcam_front_lidar.ply,0.10002,799,0.04833,0.04194,0.15001,500,0.01935,0.24874,0.25,200,0.00515,0.03085,strict
OldTownFall,000361_lcam_front_lidar.ply,0.10002,799,0.0321,0.06985,0.15001,500,0.01829,0.24247,0.25,200,0.01646,0.30926,strict
OldTownFall,000362_lcam_front_lidar.ply,0.10002,799,0.02164,0.02673,0.15001,500,0.0203,0.26881,0.25,200,0.00502,0.02601,strict
OldTownFall,000363_lcam_front_lidar.ply,0.10002,799,0.01165,0.01299,0.15001,500,0.00903,0.00368,0.25,200,0.01997,0.30854,loose
OldTownFall,000364_lcam_front_lidar.ply,0.10002,799,0.05047,0.05051,0.15001,500,0.01948,0.20334,0.25,200,0.00497,0.02567,strict
OldTownFall,000365_lcam_front_lidar.ply,0.10002,799,0.01937,0.02431,0.15001,500,0.01679,0.28818,0.25,200,0.00493,0.02545,strict
OldTownFall,000366_lcam_front_lidar.ply,0.10002,799,0.01425,0.02116,0.15001,500,0.00921,0.00377,0.25,200,0.00488,0.03567,strict
OldTownFall,000367_lcam_front_lidar.ply,0.10002,799,0.04145,0.04493,0.15001,500,0.01881,0.28513,0.25,200,0.01272,0.22,strict
OldTownFall,000368_lcam_front_lidar.ply,0.10002,799,0.01837,0.01837,0.15001,500,0.01057,0.04089,0.25,200,0.01686,0.25723,strict
OldTownFall,000369_lcam_front_lidar.ply,0.10002,799,0.03206,0.06331,0.15001,500,0.00478,0.00488,0.25,200,0.0282,0.38409,strict
OldTownFall,000370_lcam_front_lidar.ply,0.10002,799,0.03352,0.0536,0.15001,500,0.01452,0.01387,0.25,200,0.01243,0.25278,strict
OldTownFall,000371_lcam_front_lidar.ply,0.10002,799,0.04608,0.01337,0.15001,500,0.00984,0.15675,0.25,200,0.02273,0.35824,strict
OldTownFall,000372_lcam_front_lidar.ply,0.10002,799,0.03513,0.05324,0.15001,500,0.01412,0.15568,0.25,200,0.018,0.2903,strict
OldTownFall,000373_lcam_front_lidar.ply,0.10002,799,0.02555,0.02669,0.15001,500,0.00879,0.00292,0.25,200,0.01019,0.13621,strict
OldTownFall,000374_lcam_front_lidar.ply,0.10002,799,0.05998,0.02471,0.15001,500,0.01197,0.01385,0.25,200,0.04944,0.35674,strict
OldTownFall,000375_lcam_front_lidar.ply,0.10002,799,0.02209,0.02974,0.15001,500,0.04619,0.06358,0.25,200,0.02276,0.36129,standard
OldTownFall,000376_lcam_front_lidar.ply,0.10002,799,0.02514,0.04753,0.15001,500,0.0485,0.07964,0.25,200,0.01642,0.33294,standard
OldTownFall,000377_lcam_front_lidar.ply,0.10002,799,0.04427,0.0273,0.15001,500,0.01284,0.01715,0.25,200,0.00482,0.25994,strict
OldTownFall,000378_lcam_front_lidar.ply,0.10002,799,0.02616,0.02378,0.15001,500,0.04465,0.02913,0.25,200,0.01217,0.36108,standard
OldTownFall,000379_lcam_front_lidar.ply,0.10002,799,0.03008,0.0605,0.15001,500,0.0485,0.07649,0.25,200,0.02479,0.25384,standard
OldTownFall,000380_lcam_front_lidar.ply,0.10002,799,0.02037,0.02429,0.15001,500,0.045,0.12008,0.25,200,0.03748,0.36105,standard
OldTownFall,000381_lcam_front_lidar.ply,0.10002,799,0.02052,0.02312,0.15001,500,0.01701,0.20181,0.25,200,0.02314,0.26473,loose
OldTownFall,000382_lcam_front_lidar.ply,0.10002,799,0.05389,0.02698,0.15001,500,0.00933,0.00864,0.25,200,0.01755,0.37633,strict
OldTownFall,000383_lcam_front_lidar.ply,0.10002,799,0.07548,0.04144,0.15001,500,0.01553,0.14574,0.25,200,0.01536,0.3901,strict
OldTownFall,000384_lcam_front_lidar.ply,0.10002,799,0.00049,0.00038,0.15001,500,0.00843,0.00259,0.25,200,0.00331,0.25567,standard
OldTownFall,000385_lcam_front_lidar.ply,0.10002,799,0.00054,0.00062,0.15001,500,0.05184,0.11285,0.25,200,0.00031,0.10944,standard
OldTownFall,000386_lcam_front_lidar.ply,0.10002,799,0.02036,0.02201,0.15001,500,0.0165,0.09927,0.25,200,0.00297,0.37088,strict
OldTownFall,000387_lcam_front_lidar.ply,0.10002,799,0.02078,0.02076,0.15001,500,0.0183,0.13384,0.25,200,0.00257,0.00453,strict
OldTownFall,000388_lcam_front_lidar.ply,0.10002,799,0.02447,0.11359,0.15001,500,0.01891,0.05103,0.25,200,0.06304,0.32198,loose
OldTownFall,000389_lcam_front_lidar.ply,0.10002,799,0.03931,0.04381,0.15001,500,0.01841,0.13876,0.25,200,0.00227,0.01886,strict
OldTownFall,000390_lcam_front_lidar.ply,0.10002,799,0.03863,0.04359,0.15001,500,0.01824,0.15977,0.25,200,0.00186,0.15559,strict
OldTownFall,000391_lcam_front_lidar.ply,0.10002,799,0.03791,0.04321,0.15001,500,0.01345,0.027,0.25,200,0.00233,0.17505,strict
OldTownFall,000392_lcam_front_lidar.ply,0.10002,799,0.03792,0.04358,0.15001,500,0.01946,0.24182,0.25,200,0.00149,0.11383,strict
OldTownFall,000393_lcam_front_lidar.ply,0.10002,799,0.03792,0.04561,0.15001,500,0.02848,0.19585,0.25,200,0.03233,0.30169,strict
OldTownFall,000394_lcam_front_lidar.ply,0.10002,799,0.03793,0.04802,0.15001,500,0.0338,0.17784,0.25,200,0.0129,0.22483,strict
OldTownFall,000395_lcam_front_lidar.ply,0.10002,799,0.03832,0.04746,0.15001,500,0.03302,0.1833,0.25,200,0.01576,0.43112,strict
OldTownFall,000396_lcam_front_lidar.ply,0.10002,799,0.03761,0.04998,0.15001,500,0.01919,0.21066,0.25,200,0.01369,0.36575,strict
OldTownFall,000397_lcam_front_lidar.ply,0.10002,799,0.02185,0.02207,0.15001,500,0.042,0.20501,0.25,200,0.03795,0.33014,standard
OldTownFall,000398_lcam_front_lidar.ply,0.10002,799,0.0344,0.04279,0.15001,500,0.02174,0.17445,0.25,200,0.0172,0.27022,strict
OldTownFall,000399_lcam_front_lidar.ply,0.10002,799,0.02096,0.0221,0.15001,500,0.01419,0.09821,0.25,200,0.00518,0.31744,strict
OldTownFall,000400_lcam_front_lidar.ply,0.10002,799,0.02412,0.02176,0.15001,500,0.03951,0.19827,0.25,200,0.02472,0.3449,standard
OldTownFall,000401_lcam_front_lidar.ply,0.10002,799,0.02355,0.02113,0.15001,500,0.04636,0.20467,0.25,200,0.066,0.32215,loose
OldTownFall,000402_lcam_front_lidar.ply,0.10002,799,0.03831,0.04455,0.15001,500,0.03721,0.20347,0.25,200,0.00166,0.00183,strict
OldTownFall,000403_lcam_front_lidar.ply,0.10002,799,0.00654,0.0118,0.15001,500,0.02169,0.16285,0.25,200,0.04099,0.33648,loose
OldTownFall,000404_lcam_front_lidar.ply,0.10002,799,0.02264,0.02227,0.15001,500,0.03798,0.21552,0.25,200,0.03492,0.31998,standard
OldTownFall,000405_lcam_front_lidar.ply,0.10002,799,0.02439,0.05816,0.15001,500,0.04396,0.18444,0.25,200,0.02858,0.29015,standard
OldTownFall,000406_lcam_front_lidar.ply,0.10002,799,0.03626,0.05344,0.15001,500,0.04793,0.19739,0.25,200,0.07952,0.33017,loose
OldTownFall,000407_lcam_front_lidar.ply,0.10002,799,0.02253,0.02125,0.15001,500,0.04247,0.20692,0.25,200,0.03355,0.35142,standard
OldTownFall,000408_lcam_front_lidar.ply,0.10002,799,0.01951,0.01913,0.15001,500,0.04718,0.20373,0.25,200,0.07746,0.32938,loose
OldTownFall,000409_lcam_front_lidar.ply,0.10002,799,0.02247,0.05658,0.15001,500,0.04457,0.18864,0.25,200,0.00637,0.21347,standard
OldTownFall,000410_lcam_front_lidar.ply,0.10002,799,0.03559,0.11151,0.15001,500,0.00445,0.19512,0.25,200,0.01624,0.23421,strict
OldTownFall,000411_lcam_front_lidar.ply,0.10002,799,0.03553,0.09848,0.15001,500,0.0389,0.19113,0.25,200,0.0092,0.27584,standard
OldTownFall,000412_lcam_front_lidar.ply,0.10002,799,0.0272,0.12734,0.15001,500,0.03385,0.16926,0.25,200,0.01744,0.28981,standard
OldTownFall,000413_lcam_front_lidar.ply,0.10002,799,0.02597,0.11163,0.15001,500,0.04312,0.19972,0.25,200,0.00691,0.31994,standard
OldTownFall,000414_lcam_front_lidar.ply,0.10002,799,0.01502,0.02116,0.15001,500,0.04444,0.1983,0.25,200,0.01222,0.24688,standard
OldTownFall,000415_lcam_front_lidar.ply,0.10002,799,0.02405,0.08593,0.15001,500,0.03749,0.18448,0.25,200,0.03072,0.34149,standard
OldTownFall,000416_lcam_front_lidar.ply,0.10002,799,0.02158,0.06874,0.15001,500,0.03845,0.19614,0.25,200,0.00136,0.16362,standard
OldTownFall,000417_lcam_front_lidar.ply,0.10002,799,0.01808,0.01624,0.15001,500,0.03702,0.16191,0.25,200,0.00527,0.06116,standard
OldTownFall,000418_lcam_front_lidar.ply,0.10002,799,0.01728,0.01612,0.15001,500,0.03801,0.1682,0.25,200,0.03679,0.23078,standard
OldTownFall,000419_lcam_front_lidar.ply,0.10002,799,0.01709,0.01611,0.15001,500,0.03257,0.15384,0.25,200,0.01862,0.2734,standard
OldTownFall,000420_lcam_front_lidar.ply,0.10002,799,0.02438,0.02215,0.15001,500,0.03572,0.18255,0.25,200,0.01721,0.27525,standard
OldTownFall,000421_lcam_front_lidar.ply,0.10002,799,0.02406,0.0233,0.15001,500,0.03515,0.16121,0.25,200,0.06139,0.29611,loose
OldTownFall,000422_lcam_front_lidar.ply,0.10002,799,0.03306,0.05271,0.15001,500,0.03454,0.15886,0.25,200,0.02084,0.30964,standard
OldTownFall,000423_lcam_front_lidar.ply,0.10002,799,0.03347,0.06542,0.15001,500,0.03246,0.16604,0.25,200,0.00393,0.21317,strict
OldTownFall,000424_lcam_front_lidar.ply,0.10002,799,0.03898,0.0748,0.15001,500,0.05265,0.11432,0.25,200,0.01007,0.2211,standard
OldTownFall,000425_lcam_front_lidar.ply,0.10002,799,0.03309,0.07046,0.15001,500,0.02587,0.16055,0.25,200,0.00282,0.16728,strict
OldTownFall,000426_lcam_front_lidar.ply,0.10002,799,0.0341,0.06109,0.15001,500,0.02083,0.08512,0.25,200,0.04103,0.30107,loose
OldTownFall,000427_lcam_front_lidar.ply,0.10002,799,0.0395,0.08703,0.15001,500,0.05608,0.135,0.25,200,0.01267,0.34019,standard
OldTownFall,000428_lcam_front_lidar.ply,0.10002,799,0.06759,0.0709,0.15001,500,0.01582,0.12839,0.25,200,0.00618,0.35624,strict
OldTownFall,000429_lcam_front_lidar.ply,0.10002,799,0.13056,0.0622,0.15001,500,0.02986,0.16143,0.25,200,0.00549,0.28211,strict
OldTownFall,000430_lcam_front_lidar.ply,0.10002,799,0.0405,0.08902,0.15001,500,0.03007,0.18666,0.25,200,0.00366,0.23225,strict
OldTownFall,000431_lcam_front_lidar.ply,0.10002,799,0.0303,0.06071,0.15001,500,0.0466,0.21381,0.25,200,0.07146,0.31999,loose
OldTownFall,000432_lcam_front_lidar.ply,0.10002,799,0.02919,0.05484,0.15001,500,0.04225,0.19187,0.25,200,0.00495,0.36972,standard
OldTownFall,000433_lcam_front_lidar.ply,0.10002,799,0.01524,0.01993,0.15001,500,0.03766,0.18261,0.25,200,0.00301,0.40696,standard
OldTownFall,000434_lcam_front_lidar.ply,0.10002,799,0.03477,0.07618,0.15001,500,0.04742,0.19762,0.25,200,0.07603,0.30971,loose
OldTownFall,000435_lcam_front_lidar.ply,0.10002,799,0.02124,0.02078,0.15001,500,0.03816,0.20381,0.25,200,0.00536,0.1943,standard
OldTownFall,000436_lcam_front_lidar.ply,0.10002,799,0.01885,0.06971,0.15001,500,0.04453,0.17923,0.25,200,0.0059,0.29542,standard
OldTownFall,000437_lcam_front_lidar.ply,0.10002,799,0.01682,0.0176,0.15001,500,0.03472,0.20273,0.25,200,0.00578,0.18198,standard
OldTownFall,000438_lcam_front_lidar.ply,0.10002,799,0.03579,0.02429,0.15001,500,0.04703,0.20104,0.25,200,0.00216,0.09436,standard
OldTownFall,000439_lcam_front_lidar.ply,0.10002,799,0.02863,0.02644,0.15001,500,0.00986,0.1155,0.25,200,0.03303,0.29944,loose
OldTownFall,000440_lcam_front_lidar.ply,0.10002,799,0.01788,0.02895,0.15001,500,0.02618,0.15244,0.25,200,0.07001,0.33005,loose
OldTownFall,000441_lcam_front_lidar.ply,0.10002,799,0.15084,0.04811,0.15001,500,0.02112,0.20567,0.25,200,0.01447,0.1021,strict
OldTownFall,000442_lcam_front_lidar.ply,0.10002,799,0.17421,0.0465,0.15001,500,0.02226,0.10647,0.25,200,0.00148,0.24501,strict
OldTownFall,000443_lcam_front_lidar.ply,0.10002,799,0.15412,0.03657,0.15001,500,0.01949,0.11338,0.25,200,0.00619,0.17762,strict
OldTownFall,000444_lcam_front_lidar.ply,0.10002,799,0.01798,0.03592,0.15001,500,0.01085,0.20697,0.25,200,0.05217,0.32715,loose
OldTownFall,000445_lcam_front_lidar.ply,0.10002,799,0.02771,0.08869,0.15001,500,0.01017,0.18888,0.25,200,0.05226,0.32884,loose
OldTownFall,000446_lcam_front_lidar.ply,0.10002,799,0.02998,0.07708,0.15001,500,0.08564,0.19086,0.25,200,0.00346,0.00698,standard
OldTownFall,000447_lcam_front_lidar.ply,0.10002,799,0.0132,0.017,0.15001,500,0.0035,0.00698,0.25,200,0.00409,0.26605,strict
OldTownFall,000448_lcam_front_lidar.ply,0.10002,799,0.00786,0.01281,0.15001,500,0.00565,0.22106,0.25,200,0.00609,0.29708,strict
OldTownFall,000449_lcam_front_lidar.ply,0.10002,799,0.06223,0.13002,0.15001,500,0.00315,0.00408,0.25,200,0.00625,0.24052,strict
OldTownFall,000450_lcam_front_lidar.ply,0.10002,799,0.0268,0.04557,0.15001,500,0.09484,0.19365,0.25,200,0.00955,0.26241,standard
OldTownFall,000451_lcam_front_lidar.ply,0.10002,799,0.02672,0.0449,0.15001,500,0.00543,0.17004,0.25,200,0.00141,0.00617,strict
OldTownFall,000452_lcam_front_lidar.ply,0.10002,799,0.03384,0.10813,0.15001,500,0.05607,0.18814,0.25,200,0.04279,0.31227,standard
OldTownFall,000453_lcam_front_lidar.ply,0.10002,799,0.02567,0.04457,0.15001,500,0.0619,0.18798,0.25,200,0.00228,0.36728,standard
OldTownFall,000454_lcam_front_lidar.ply,0.10002,799,0.02538,0.04384,0.15001,500,0.06731,0.19269,0.25,200,0.00506,0.26189,standard
OldTownFall,000455_lcam_front_lidar.ply,0.10002,799,0.0248,0.0434,0.15001,500,0.04987,0.14103,0.25,200,0.00426,0.18903,standard
OldTownFall,000456_lcam_front_lidar.ply,0.10002,799,0.02462,0.04525,0.15001,500,0.00316,0.12582,0.25,200,0.0017,0.145,strict
OldTownFall,000457_lcam_front_lidar.ply,0.10002,799,0.02453,0.04682,0.15001,500,0.00129,0.12575,0.25,200,0.00346,0.35241,strict
OldTownFall,000458_lcam_front_lidar.ply,0.10002,799,0.03467,0.02973,0.15001,500,0.01114,0.12329,0.25,200,0.00085,0.00197,strict
OldTownFall,000459_lcam_front_lidar.ply,0.10002,799,0.02091,0.06556,0.15001,500,0.00125,0.00341,0.25,200,0.00256,0.01762,strict
OldTownFall,000460_lcam_front_lidar.ply,0.10002,799,0.01849,0.04139,0.15001,500,0.00221,0.01193,0.25,200,0.00251,0.21226,strict
OldTownFall,000461_lcam_front_lidar.ply,0.10002,799,0.00294,0.00803,0.15001,500,0.0031,0.20141,0.25,200,0.00084,0.00154,standard
OldTownFall,000462_lcam_front_lidar.ply,0.10002,799,0.0075,0.01188,0.15001,500,0.00235,0.00703,0.25,200,0.00266,0.14278,strict
OldTownFall,000463_lcam_front_lidar.ply,0.10002,799,0.0,0.0,0.15001,500,0.00265,0.00886,0.25,200,0.00369,0.26883,loose
OldTownFall,000464_lcam_front_lidar.ply,0.10002,799,0.0,0.0,0.15001,500,0.00924,0.121,0.25,200,0.00204,0.02802,standard
OldTownFall,000465_lcam_front_lidar.ply,0.10002,799,0.00216,0.00264,0.15001,500,0.02945,0.08846,0.25,200,0.00648,0.27219,standard
OldTownFall,000466_lcam_front_lidar.ply,0.10002,799,0.00237,0.07496,0.15001,500,0.04006,0.08525,0.25,200,0.00355,0.30109,standard
OldTownFall,000467_lcam_front_lidar.ply,0.10002,799,0.0,0.0,0.15001,500,0.02654,0.04048,0.25,200,0.00623,0.23052,standard
OldTownFall,000468_lcam_front_lidar.ply,0.10002,799,0.00281,0.15146,0.15001,500,0.14815,0.2003,0.25,200,0.00413,0.25746,standard
OldTownFall,000469_lcam_front_lidar.ply,0.10002,799,0.07412,0.11617,0.15001,500,0.13965,0.20176,0.25,200,0.02216,0.1825,standard
OldTownFall,000470_lcam_front_lidar.ply,0.10002,799,0.10147,0.14019,0.15001,500,0.1147,0.15363,0.25,200,0.00352,0.20057,standard
OldTownFall,000471_lcam_front_lidar.ply,0.10002,799,0.09376,0.12632,0.15001,500,0.14582,0.19282,0.25,200,0.00391,0.25734,standard
OldTownFall,000472_lcam_front_lidar.ply,0.10002,799,0.08657,0.11209,0.15001,500,0.1347,0.18324,0.25,200,0.00369,0.27099,standard
OldTownFall,000473_lcam_front_lidar.ply,0.10002,799,0.0,0.0,0.15001,500,0.12128,0.16707,0.25,200,0.00937,0.22359,standard
OldTownFall,000474_lcam_front_lidar.ply,0.10002,799,0.1116,0.12508,0.15001,500,0.13377,0.16126,0.25,200,0.00386,0.30009,standard
OldTownFall,000475_lcam_front_lidar.ply,0.10002,799,0.0,0.0,0.15001,500,0.01124,0.07125,0.25,200,0.00278,0.16599,standard
OldTownFall,000476_lcam_front_lidar.ply,0.10002,799,0.0,0.0,0.15001,500,0.00108,0.1445,0.25,200,0.00339,0.32859,loose
OldTownFall,000477_lcam_front_lidar.ply,0.10002,799,0.0,0.0,0.15001,500,0.00183,0.00158,0.25,200,0.04711,0.10599,loose
OldTownFall,000478_lcam_front_lidar.ply,0.10002,799,0.00517,0.04928,0.15001,500,0.00548,0.07568,0.25,200,0.00115,0.00173,standard
OldTownFall,000479_lcam_front_lidar.ply,0.10002,799,0.00475,0.03416,0.15001,500,0.00364,0.00018,0.25,200,0.00352,0.3651,strict
OldTownFall,000480_lcam_front_lidar.ply,0.10002,799,0.08245,0.0916,0.15001,500,0.00082,0.00188,0.25,200,0.00104,0.00119,strict
OldTownFall,000481_lcam_front_lidar.ply,0.10002,799,0.0621,0.09727,0.15001,500,0.00058,0.00047,0.25,200,0.00933,0.31652,strict
OldTownFall,000482_lcam_front_lidar.ply,0.10002,799,0.0,0.0,0.15001,500,0.03512,0.0858,0.25,200,0.08503,0.22154,loose
OldTownFall,000483_lcam_front_lidar.ply,0.10002,799,0.02187,0.01326,0.15001,500,0.00546,0.12231,0.25,200,0.03118,0.08909,loose
OldTownFall,000484_lcam_front_lidar.ply,0.10002,799,0.02528,0.08446,0.15001,500,0.00103,0.00146,0.25,200,0.01539,0.30953,strict
OldTownFall,000485_lcam_front_lidar.ply,0.10002,799,0.02079,0.0273,0.15001,500,0.00645,0.24379,0.25,200,0.04465,0.19105,loose
OldTownFall,000486_lcam_front_lidar.ply,0.10002,799,0.06196,0.10465,0.15001,500,0.0125,0.19973,0.25,200,0.01692,0.32482,strict
OldTownFall,000487_lcam_front_lidar.ply,0.10002,799,0.02242,0.03983,0.15001,500,0.02227,0.0378,0.25,200,0.00108,0.0015,strict
OldTownFall,000488_lcam_front_lidar.ply,0.10002,799,0.01936,0.0403,0.15001,500,0.02598,0.08328,0.25,200,0.01294,0.22648,standard
OldTownFall,000489_lcam_front_lidar.ply,0.10002,799,0.03253,0.09587,0.15001,500,0.02122,0.06097,0.25,200,0.0176,0.26923,strict
OldTownFall,000490_lcam_front_lidar.ply,0.10002,799,0.02677,0.08954,0.15001,500,0.02109,0.03126,0.25,200,0.00996,0.36111,strict
OldTownFall,000491_lcam_front_lidar.ply,0.10002,799,0.0,0.0,0.15001,500,0.02288,0.03129,0.25,200,0.00862,0.35024,standard
OldTownFall,000492_lcam_front_lidar.ply,0.10002,799,0.0,0.0,0.15001,500,0.04487,0.10091,0.25,200,0.01399,0.18569,standard
OldTownFall,000493_lcam_front_lidar.ply,0.10002,799,0.0248,0.01244,0.15001,500,0.04546,0.0792,0.25,200,0.00082,0.00142,standard
OldTownFall,000494_lcam_front_lidar.ply,0.10002,799,0.0,0.0,0.15001,500,0.01012,0.00047,0.25,200,0.01957,0.34946,loose
OldTownFall,000495_lcam_front_lidar.ply,0.10002,799,0.0382,0.07748,0.15001,500,0.01046,0.00073,0.25,200,0.00125,0.00116,strict
OldTownFall,000496_lcam_front_lidar.ply,0.10002,799,0.04404,0.08468,0.15001,500,0.0062,0.18789,0.25,200,0.00131,0.00121,strict
OldTownFall,000497_lcam_front_lidar.ply,0.10002,799,0.0448,0.08202,0.15001,500,0.01185,0.00096,0.25,200,0.00148,0.09472,strict
OldTownFall,000498_lcam_front_lidar.ply,0.10002,799,0.0447,0.08493,0.15001,500,0.01243,0.00043,0.25,200,0.00237,0.01366,strict
OldTownFall,000499_lcam_front_lidar.ply,0.10002,799,0.04704,0.08449,0.15001,500,0.01319,0.00046,0.25,200,0.00755,0.24909,strict
OldTownFall,000500_lcam_front_lidar.ply,0.10002,799,0.04775,0.0909,0.15001,500,0.02322,0.07633,0.25,200,0.00071,0.00097,strict
OldTownFall,000501_lcam_front_lidar.ply,0.10002,799,0.04862,0.09029,0.15001,500,0.02473,0.08768,0.25,200,0.00189,0.01193,strict
OldTownFall,000502_lcam_front_lidar.ply,0.10002,799,0.03122,0.07634,0.15001,500,0.00148,0.08381,0.25,200,0.00224,0.08645,strict
OldTownFall,000503_lcam_front_lidar.ply,0.10002,799,0.04658,0.09554,0.15001,500,0.05033,0.12126,0.25,200,0.00763,0.03289,standard
OldTownFall,000504_lcam_front_lidar.ply,0.10002,799,0.04748,0.09598,0.15001,500,0.04104,0.13352,0.25,200,0.00495,0.29058,strict
OldTownFall,000505_lcam_front_lidar.ply,0.10002,799,0.04696,0.09553,0.15001,500,0.01346,0.00023,0.25,200,0.05166,0.28193,loose
OldTownFall,000506_lcam_front_lidar.ply,0.10002,799,0.03983,0.08723,0.15001,500,0.00406,0.00049,0.25,200,0.00271,0.15708,strict
OldTownFall,000507_lcam_front_lidar.ply,0.10002,799,0.0418,0.09931,0.15001,500,0.00083,0.00079,0.25,200,0.00142,0.20743,strict
OldTownFall,000508_lcam_front_lidar.ply,0.10002,799,0.01979,0.02101,0.15001,500,0.02049,0.03787,0.25,200,0.00078,0.00031,standard
OldTownFall,000509_lcam_front_lidar.ply,0.10002,799,0.0316,0.05922,0.15001,500,0.02087,0.07112,0.25,200,0.00028,6e-05,strict
OldTownFall,000510_lcam_front_lidar.ply,0.10002,799,0.01224,0.15832,0.15001,500,0.0467,0.05992,0.25,200,0.00207,0.21925,standard
OldTownFall,000511_lcam_front_lidar.ply,0.10002,799,0.03819,0.07989,0.15001,500,0.03521,0.11661,0.25,200,0.00491,0.22295,strict
OldTownFall,000512_lcam_front_lidar.ply,0.10002,799,0.04599,0.09352,0.15001,500,0.03477,0.04746,0.25,200,0.02104,0.11999,strict
OldTownFall,000513_lcam_front_lidar.ply,0.10002,799,0.04318,0.1094,0.15001,500,0.03776,0.08516,0.25,200,0.05306,0.15693,loose
OldTownFall,000514_lcam_front_lidar.ply,0.10002,799,0.04826,0.11232,0.15001,500,0.01335,0.00155,0.25,200,0.00127,0.00326,strict
OldTownFall,000515_lcam_front_lidar.ply,0.10002,799,0.09358,0.11297,0.15001,500,0.00585,0.0003,0.25,200,0.00547,0.00574,strict
OldTownFall,000516_lcam_front_lidar.ply,0.10002,799,0.05646,0.11089,0.15001,500,0.01875,0.05142,0.25,200,0.00208,0.24823,strict
OldTownFall,000517_lcam_front_lidar.ply,0.10002,799,0.10035,0.12491,0.15001,500,0.01736,0.04006,0.25,200,0.0024,0.3054,strict
OldTownFall,000518_lcam_front_lidar.ply,0.10002,799,0.0315,0.13351,0.15001,500,0.0749,0.12967,0.25,200,0.00652,0.13414,standard
OldTownFall,000519_lcam_front_lidar.ply,0.10002,799,0.05413,0.0992,0.15001,500,0.01934,0.09194,0.25,200,0.00596,0.14489,strict
OldTownFall,000520_lcam_front_lidar.ply,0.10002,799,0.04725,0.08695,0.15001,500,0.0179,0.00021,0.25,200,0.02384,0.0321,strict
OldTownFall,000521_lcam_front_lidar.ply,0.10002,799,0.05314,0.09205,0.15001,500,0.00648,0.10783,0.25,200,0.00202,0.06215,strict
OldTownFall,000522_lcam_front_lidar.ply,0.10002,799,0.03357,0.07316,0.15001,500,0.02087,0.00028,0.25,200,0.00548,0.11596,strict
OldTownFall,000523_lcam_front_lidar.ply,0.10002,799,0.0504,0.08874,0.15001,500,0.01057,0.00023,0.25,200,0.00445,0.11357,strict
OldTownFall,000524_lcam_front_lidar.ply,0.10002,799,0.05925,0.13339,0.15001,500,0.02497,0.00605,0.25,200,0.00521,0.13676,strict
OldTownFall,000525_lcam_front_lidar.ply,0.10002,799,0.0507,0.08218,0.15001,500,0.0009,0.00095,0.25,200,0.06865,0.26568,loose
OldTownFall,000526_lcam_front_lidar.ply,0.10002,799,0.032,0.05364,0.15001,500,0.04672,0.11948,0.25,200,0.00495,0.11096,standard
OldTownFall,000527_lcam_front_lidar.ply,0.10002,799,0.04851,0.09018,0.15001,500,0.04926,0.13004,0.25,200,0.00115,0.00118,standard
OldTownFall,000528_lcam_front_lidar.ply,0.10002,799,0.03621,0.07532,0.15001,500,0.04156,0.10282,0.25,200,0.00178,0.10847,standard
OldTownFall,000529_lcam_front_lidar.ply,0.10002,799,0.0,0.0,0.15001,500,0.0501,0.13664,0.25,200,0.00064,0.0921,standard
OldTownFall,000530_lcam_front_lidar.ply,0.10002,799,0.0,0.0,0.15001,500,0.00152,0.00114,0.25,200,0.00275,0.25542,loose
OldTownFall,000531_lcam_front_lidar.ply,0.10002,799,0.04317,0.15639,0.15001,500,0.05148,0.09254,0.25,200,0.00101,0.00285,standard
OldTownFall,000532_lcam_front_lidar.ply,0.10002,799,0.04713,0.15872,0.15001,500,0.03686,0.16107,0.25,200,0.00753,0.10634,strict
OldTownFall,000533_lcam_front_lidar.ply,0.10002,799,0.0,0.0,0.15001,500,0.06174,0.13105,0.25,200,0.00285,0.37589,standard
OldTownFall,000534_lcam_front_lidar.ply,0.10002,799,0.04622,0.05924,0.15001,500,0.0788,0.1585,0.25,200,0.00089,0.00043,standard
OldTownFall,000535_lcam_front_lidar.ply,0.10002,799,0.04808,0.08835,0.15001,500,0.08265,0.17788,0.25,200,0.00073,0.00051,standard
OldTownFall,000536_lcam_front_lidar.ply,0.10002,799,0.04716,0.08792,0.15001,500,0.05611,0.09967,0.25,200,0.06478,0.19347,loose
OldTownFall,000537_lcam_front_lidar.ply,0.10002,799,0.0432,0.08423,0.15001,500,0.02171,0.06484,0.25,200,0.00453,0.11448,strict
OldTownFall,000538_lcam_front_lidar.ply,0.10002,799,0.04297,0.08134,0.15001,500,0.01202,0.05084,0.25,200,0.07835,0.18809,loose
OldTownFall,000539_lcam_front_lidar.ply,0.10002,799,0.03978,0.07929,0.15001,500,0.04405,0.11312,0.25,200,0.00403,0.20121,standard
OldTownFall,000540_lcam_front_lidar.ply,0.10002,799,0.03762,0.06995,0.15001,500,0.04692,0.11773,0.25,200,0.06378,0.15362,loose
OldTownFall,000541_lcam_front_lidar.ply,0.10002,799,0.03364,0.05711,0.15001,500,0.04243,0.09848,0.25,200,0.0025,0.292,standard
OldTownFall,000542_lcam_front_lidar.ply,0.10002,799,0.04138,0.04156,0.15001,500,0.05314,0.09188,0.25,200,0.06529,0.18661,loose
OldTownFall,000543_lcam_front_lidar.ply,0.10002,799,0.04027,0.04852,0.15001,500,0.04868,0.07508,0.25,200,0.00109,0.00142,standard
OldTownFall,000544_lcam_front_lidar.ply,0.10002,799,0.03831,0.03576,0.15001,500,0.0411,0.06729,0.25,200,0.06079,0.12488,loose
OldTownFall,000545_lcam_front_lidar.ply,0.10002,799,0.0357,0.02635,0.15001,500,0.03803,0.05255,0.25,200,0.04982,0.09754,loose
OldTownFall,000546_lcam_front_lidar.ply,0.10002,799,0.18644,0.00042,0.15001,500,0.03624,0.04651,0.25,200,0.00326,0.01115,strict
OldTownFall,000547_lcam_front_lidar.ply,0.10002,799,0.0361,0.03389,0.15001,500,0.03786,0.05515,0.25,200,0.0024,0.35103,standard
OldTownFall,000548_lcam_front_lidar.ply,0.10002,799,0.03754,0.02688,0.15001,500,0.04077,0.06666,0.25,200,0.05399,0.14123,loose
OldTownFall,000549_lcam_front_lidar.ply,0.10002,799,0.03616,0.04413,0.15001,500,0.00064,0.05702,0.25,200,0.00415,0.33008,strict
OldTownFall,000550_lcam_front_lidar.ply,0.10002,799,0.0413,0.04496,0.15001,500,0.05148,0.08299,0.25,200,0.00252,0.00797,standard
OldTownFall,000551_lcam_front_lidar.ply,0.10002,799,0.03575,0.06912,0.15001,500,0.0436,0.10798,0.25,200,0.00137,0.11109,standard
OldTownFall,000552_lcam_front_lidar.ply,0.10002,799,0.04343,0.07399,0.15001,500,0.05669,0.08555,0.25,200,0.00304,0.08532,standard
OldTownFall,000553_lcam_front_lidar.ply,0.10002,799,0.04492,0.07439,0.15001,500,0.05117,0.11229,0.25,200,0.08745,0.22952,loose
OldTownFall,000554_lcam_front_lidar.ply,0.10002,799,0.0444,0.08514,0.15001,500,0.06319,0.15388,0.25,200,0.00082,0.0007,standard
OldTownFall,000555_lcam_front_lidar.ply,0.10002,799,0.0461,0.08555,0.15001,500,0.06728,0.12832,0.25,200,0.06441,0.20193,standard
OldTownFall,000556_lcam_front_lidar.ply,0.10002,799,0.05046,0.09017,0.15001,500,0.06802,0.13416,0.25,200,0.00526,0.13364,standard
OldTownFall,000557_lcam_front_lidar.ply,0.10002,799,0.05497,0.14852,0.15001,500,0.05814,0.10926,0.25,200,0.00646,0.15706,standard
OldTownFall,000558_lcam_front_lidar.ply,0.10002,799,0.04513,0.14943,0.15001,500,0.05072,0.09663,0.25,200,0.00679,0.17783,standard
OldTownFall,000559_lcam_front_lidar.ply,0.10002,799,0.0,0.0,0.15001,500,0.05385,0.09417,0.25,200,0.00171,0.14547,standard
OldTownFall,000560_lcam_front_lidar.ply,0.10002,799,0.0,0.0,0.15001,500,0.00129,0.00018,0.25,200,0.0165,0.13963,loose
OldTownFall,000561_lcam_front_lidar.ply,0.10002,799,0.03747,0.08067,0.15001,500,0.05074,0.2019,0.25,200,0.07786,0.29411,loose
OldTownFall,000562_lcam_front_lidar.ply,0.10002,799,0.02083,0.13437,0.15001,500,0.00089,0.06359,0.25,200,0.0047,0.08074,strict
OldTownFall,000563_lcam_front_lidar.ply,0.10002,799,0.05075,0.08848,0.15001,500,0.00358,0.09177,0.25,200,0.00529,0.13584,strict
OldTownFall,000564_lcam_front_lidar.ply,0.10002,799,0.0296,0.06928,0.15001,500,0.04212,0.10206,0.25,200,0.005,0.16173,standard
OldTownFall,000565_lcam_front_lidar.ply,0.10002,799,0.02985,0.06676,0.15001,500,0.02338,0.00033,0.25,200,0.00509,0.15834,strict
OldTownFall,000566_lcam_front_lidar.ply,0.10002,799,0.04516,0.07386,0.15001,500,0.00353,0.07425,0.25,200,0.0021,0.12656,strict
OldTownFall,000567_lcam_front_lidar.ply,0.10002,799,0.04919,0.08559,0.15001,500,0.01942,0.00028,0.25,200,0.00601,0.06443,strict
OldTownFall,000568_lcam_front_lidar.ply,0.10002,799,0.04644,0.08631,0.15001,500,0.01331,0.00028,0.25,200,0.00163,0.08424,strict
OldTownFall,000569_lcam_front_lidar.ply,0.10002,799,0.03987,0.11386,0.15001,500,0.01661,0.0003,0.25,200,0.03987,0.179,strict
OldTownFall,000570_lcam_front_lidar.ply,0.10002,799,0.01578,0.00864,0.15001,500,0.01654,0.03485,0.25,200,0.00516,0.16779,standard
OldTownFall,000571_lcam_front_lidar.ply,0.10002,799,0.05724,0.1029,0.15001,500,0.01842,0.03741,0.25,200,0.0226,0.11143,strict
OldTownFall,000572_lcam_front_lidar.ply,0.10002,799,0.04965,0.10507,0.15001,500,0.02017,0.05358,0.25,200,0.00057,0.00029,strict
OldTownFall,000573_lcam_front_lidar.ply,0.10002,799,0.05414,0.10276,0.15001,500,0.02179,0.02431,0.25,200,0.04689,0.14202,strict
OldTownFall,000574_lcam_front_lidar.ply,0.10002,799,0.04695,0.09155,0.15001,500,0.03328,0.04425,0.25,200,0.05255,0.15528,loose
OldTownFall,000575_lcam_front_lidar.ply,0.10002,799,0.09436,0.00011,0.15001,500,0.03479,0.0261,0.25,200,0.058,0.12739,strict
OldTownFall,000576_lcam_front_lidar.ply,0.10002,799,0.04161,0.08774,0.15001,500,0.00076,0.00068,0.25,200,0.08502,0.25439,loose
OldTownFall,000577_lcam_front_lidar.ply,0.10002,799,0.00573,0.13488,0.15001,500,0.03026,0.05039,0.25,200,0.00073,0.00029,standard
OldTownFall,000578_lcam_front_lidar.ply,0.10002,799,0.01932,0.01855,0.15001,500,0.05118,0.09977,0.25,200,0.00059,0.00048,standard
OldTownFall,000579_lcam_front_lidar.ply,0.10002,799,0.03988,0.08763,0.15001,500,0.00085,0.00087,0.25,200,0.00078,0.00032,strict
OldTownFall,000580_lcam_front_lidar.ply,0.10002,799,0.03506,0.05329,0.15001,500,0.03751,0.09208,0.25,200,0.00403,0.00033,standard
OldTownFall,000581_lcam_front_lidar.ply,0.10002,799,0.04122,0.072,0.15001,500,0.03916,0.11118,0.25,200,0.08951,0.16028,loose
OldTownFall,000582_lcam_front_lidar.ply,0.10002,799,0.03212,0.09813,0.15001,500,0.02544,0.10671,0.25,200,0.11184,0.25316,loose
OldTownFall,000583_lcam_front_lidar.ply,0.10002,799,0.03066,0.09938,0.15001,500,0.0471,0.10773,0.25,200,0.00877,0.18688,standard
OldTownFall,000584_lcam_front_lidar.ply,0.10002,799,0.02086,0.07114,0.15001,500,0.02087,0.07138,0.25,200,0.00979,0.24628,standard
OldTownFall,000585_lcam_front_lidar.ply,0.10002,799,0.08663,0.14289,0.15001,500,0.01177,0.00026,0.25,200,0.04027,0.20817,strict
OldTownFall,000586_lcam_front_lidar.ply,0.10002,799,0.03227,0.09211,0.15001,500,0.02713,0.09289,0.25,200,0.04441,0.08789,loose
OldTownFall,000587_lcam_front_lidar.ply,0.10002,799,0.03123,0.08489,0.15001,500,0.0462,0.09298,0.25,200,0.00094,0.00077,standard
OldTownFall,000588_lcam_front_lidar.ply,0.10002,799,0.09977,0.13746,0.15001,500,0.02511,0.06405,0.25,200,0.00077,0.00087,strict
OldTownFall,000589_lcam_front_lidar.ply,0.10002,799,0.07958,0.14238,0.15001,500,0.02228,0.05873,0.25,200,0.00105,0.35187,strict
OldTownFall,000590_lcam_front_lidar.ply,0.10002,799,0.0336,0.10316,0.15001,500,0.00061,0.00094,0.25,200,0.0007,0.00066,strict
OldTownFall,000591_lcam_front_lidar.ply,0.10002,799,0.0187,0.0835,0.15001,500,0.01866,0.00106,0.25,200,0.00075,0.00084,strict
OldTownFall,000592_lcam_front_lidar.ply,0.10002,799,0.01881,0.06197,0.15001,500,0.01761,0.00032,0.25,200,0.02296,0.08689,loose
OldTownFall,000593_lcam_front_lidar.ply,0.10002,799,0.0172,0.13303,0.15001,500,0.01678,0.00034,0.25,200,0.00089,0.27379,strict
OldTownFall,000594_lcam_front_lidar.ply,0.10002,799,0.04317,0.00011,0.15001,500,0.02487,0.05558,0.25,200,0.00131,0.00113,strict
OldTownFall,000595_lcam_front_lidar.ply,0.10002,799,0.04386,7e-05,0.15001,500,0.02331,0.05698,0.25,200,0.00084,0.31025,strict
OldTownFall,000596_lcam_front_lidar.ply,0.10002,799,0.03029,0.09196,0.15001,500,0.02174,0.03873,0.25,200,0.01773,0.30537,strict
OldTownFall,000597_lcam_front_lidar.ply,0.10002,799,0.02891,0.09334,0.15001,500,0.0647,0.15202,0.25,200,0.00257,0.01781,standard
OldTownFall,000598_lcam_front_lidar.ply,0.10002,799,0.04272,0.08529,0.15001,500,0.0563,0.11652,0.25,200,0.00126,0.00111,standard
OldTownFall,000599_lcam_front_lidar.ply,0.10002,799,0.02257,0.07804,0.15001,500,0.05091,0.1304,0.25,200,0.00138,0.0079,standard
OldTownFall,000600_lcam_front_lidar.ply,0.10002,799,0.03962,0.04783,0.15001,500,0.04215,0.11052,0.25,200,0.00077,0.00083,standard
OldTownFall,000601_lcam_front_lidar.ply,0.10002,799,0.03247,0.03079,0.15001,500,0.03248,0.22276,0.25,200,0.06836,0.21097,loose
OldTownFall,000602_lcam_front_lidar.ply,0.10002,799,0.01598,0.04773,0.15001,500,0.03449,0.10534,0.25,200,0.01922,0.15459,standard
OldTownFall,000603_lcam_front_lidar.ply,0.10002,799,0.09448,0.05934,0.15001,500,0.03002,0.07505,0.25,200,0.05472,0.18841,strict
OldTownFall,000604_lcam_front_lidar.ply,0.10002,799,0.09802,0.05529,0.15001,500,0.02834,0.06465,0.25,200,0.04972,0.15286,strict
OldTownFall,000605_lcam_front_lidar.ply,0.10002,799,0.0835,0.05063,0.15001,500,0.02464,0.03649,0.25,200,0.009,0.16296,strict
OldTownFall,000606_lcam_front_lidar.ply,0.10002,799,0.10455,0.05817,0.15001,500,0.02341,0.03929,0.25,200,0.0012,0.00094,strict
OldTownFall,000607_lcam_front_lidar.ply,0.10002,799,0.10705,0.05808,0.15001,500,0.02156,0.03599,0.25,200,0.03085,0.07586,strict
OldTownFall,000608_lcam_front_lidar.ply,0.10002,799,0.12567,0.07241,0.15001,500,0.02499,0.04932,0.25,200,0.00143,0.31344,strict
OldTownFall,000609_lcam_front_lidar.ply,0.10002,799,0.02599,0.08534,0.15001,500,0.02327,0.03896,0.25,200,0.02697,0.07635,loose
OldTownFall,000610_lcam_front_lidar.ply,0.10002,799,0.10892,0.09246,0.15001,500,0.0242,0.04151,0.25,200,0.00103,0.13789,strict
OldTownFall,000611_lcam_front_lidar.ply,0.10002,799,0.02998,0.09682,0.15001,500,0.01716,0.01448,0.25,200,0.02352,0.07352,strict
OldTownFall,000612_lcam_front_lidar.ply,0.10002,799,0.01902,0.0658,0.15001,500,0.01367,0.00033,0.25,200,0.02302,0.09186,loose
OldTownFall,000613_lcam_front_lidar.ply,0.10002,799,0.12807,0.08555,0.15001,500,0.01284,0.00027,0.25,200,0.02671,0.07512,strict
OldTownFall,000614_lcam_front_lidar.ply,0.10002,799,0.12741,0.07926,0.15001,500,0.012,0.0003,0.25,200,0.00134,0.00204,strict
OldTownFall,000615_lcam_front_lidar.ply,0.10002,799,0.13796,0.06922,0.15001,500,0.01146,0.00027,0.25,200,0.1171,0.28103,strict
OldTownFall,000616_lcam_front_lidar.ply,0.10002,799,0.12327,0.06068,0.15001,500,0.02353,0.14391,0.25,200,0.00373,0.26564,strict
OldTownFall,000617_lcam_front_lidar.ply,0.10002,799,0.11873,0.06325,0.15001,500,0.01852,0.13847,0.25,200,0.0073,0.03494,strict
OldTownFall,000618_lcam_front_lidar.ply,0.10002,799,0.12626,0.06259,0.15001,500,0.04222,0.18792,0.25,200,0.00703,0.05112,strict
OldTownFall,000619_lcam_front_lidar.ply,0.10002,799,0.13082,0.0641,0.15001,500,0.03238,0.18368,0.25,200,0.09281,0.27921,strict
OldTownFall,000620_lcam_front_lidar.ply,0.10002,799,0.14671,0.06186,0.15001,500,0.04724,0.16919,0.25,200,0.00801,0.07506,strict
OldTownFall,000621_lcam_front_lidar.ply,0.10002,799,0.1488,0.07321,0.15001,500,0.03574,0.17764,0.25,200,0.00117,0.21704,strict
OldTownFall,000622_lcam_front_lidar.ply,0.10002,799,0.12356,0.05932,0.15001,500,0.05128,0.16062,0.25,200,0.006,0.11781,strict
OldTownFall,000623_lcam_front_lidar.ply,0.10002,799,0.13344,0.06347,0.15001,500,0.04906,0.15342,0.25,200,0.00945,0.16972,strict
OldTownFall,000624_lcam_front_lidar.ply,0.10002,799,0.13376,0.06684,0.15001,500,0.04718,0.15463,0.25,200,0.06689,0.25637,strict
OldTownFall,000625_lcam_front_lidar.ply,0.10002,799,0.13477,0.06572,0.15001,500,0.04287,0.15563,0.25,200,0.00171,0.28122,strict
OldTownFall,000626_lcam_front_lidar.ply,0.10002,799,0.13912,0.06738,0.15001,500,0.00179,0.00645,0.25,200,0.02697,0.32516,strict
OldTownFall,000627_lcam_front_lidar.ply,0.10002,799,0.08835,0.06144,0.15001,500,0.00185,0.10773,0.25,200,0.00404,0.18952,strict
OldTownFall,000628_lcam_front_lidar.ply,0.10002,799,0.11261,0.04708,0.15001,500,0.00111,0.00147,0.25,200,0.0042,0.24306,strict
OldTownFall,000629_lcam_front_lidar.ply,0.10002,799,0.10907,0.04285,0.15001,500,0.00176,0.00579,0.25,200,0.00242,0.37783,strict
OldTownFall,000630_lcam_front_lidar.ply,0.10002,799,0.01694,0.01164,0.15001,500,0.04808,0.1647,0.25,200,0.05228,0.31519,loose
OldTownFall,000631_lcam_front_lidar.ply,0.10002,799,0.08245,0.07141,0.15001,500,0.01751,0.21234,0.25,200,0.00371,0.31296,strict
OldTownFall,000632_lcam_front_lidar.ply,0.10002,799,0.09195,0.09414,0.15001,500,0.002,0.10012,0.25,200,0.00139,0.28626,strict
OldTownFall,000633_lcam_front_lidar.ply,0.10002,799,0.02343,0.02431,0.15001,500,0.03857,0.15987,0.25,200,0.00252,0.36255,standard
OldTownFall,000634_lcam_front_lidar.ply,0.10002,799,0.10473,0.05134,0.15001,500,0.03062,0.21394,0.25,200,0.0139,0.24122,strict
OldTownFall,000635_lcam_front_lidar.ply,0.10002,799,0.06765,0.06929,0.15001,500,0.01803,0.16796,0.25,200,0.00108,0.00147,strict
OldTownFall,000636_lcam_front_lidar.ply,0.10002,799,0.14502,0.06694,0.15001,500,0.02745,0.1982,0.25,200,0.00092,0.0022,strict
OldTownFall,000637_lcam_front_lidar.ply,0.10002,799,0.11899,0.05756,0.15001,500,0.01235,0.17262,0.25,200,0.02644,0.35089,strict
OldTownFall,000638_lcam_front_lidar.ply,0.10002,799,0.01213,0.19612,0.15001,500,0.03859,0.12774,0.25,200,0.00164,0.12911,standard
OldTownFall,000639_lcam_front_lidar.ply,0.10002,799,0.04903,0.06923,0.15001,500,0.01432,0.22703,0.25,200,0.03612,0.33431,strict
OldTownFall,000640_lcam_front_lidar.ply,0.10002,799,0.009,0.14444,0.15001,500,0.01503,0.22117,0.25,200,0.0109,0.19203,standard
OldTownFall,000641_lcam_front_lidar.ply,0.10002,799,0.13229,0.09234,0.15001,500,0.02083,0.18944,0.25,200,0.0012,0.17554,strict
OldTownFall,000642_lcam_front_lidar.ply,0.10002,799,0.13088,0.0864,0.15001,500,0.01241,0.23457,0.25,200,0.00173,0.32412,strict
OldTownFall,000643_lcam_front_lidar.ply,0.10002,799,0.12918,0.08949,0.15001,500,0.02037,0.20507,0.25,200,0.00134,0.06881,strict
OldTownFall,000644_lcam_front_lidar.ply,0.10002,799,0.13644,0.09576,0.15001,500,0.00983,0.1997,0.25,200,0.00197,0.23544,strict
OldTownFall,000645_lcam_front_lidar.ply,0.10002,799,0.09123,0.09296,0.15001,500,0.03371,0.20253,0.25,200,0.00908,0.19103,strict
OldTownFall,000646_lcam_front_lidar.ply,0.10002,799,0.09078,0.08501,0.15001,500,0.01194,0.02044,0.25,200,0.00197,0.28446,strict
OldTownFall,000647_lcam_front_lidar.ply,0.10002,799,0.09128,0.09537,0.15001,500,0.01124,0.02234,0.25,200,0.00906,0.25479,strict
OldTownFall,000648_lcam_front_lidar.ply,0.10002,799,0.0515,0.12772,0.15001,500,0.02781,0.14539,0.25,200,0.03908,0.33381,strict
OldTownFall,000649_lcam_front_lidar.ply,0.10002,799,0.06124,0.13479,0.15001,500,0.01152,0.16722,0.25,200,0.00498,0.03025,strict
OldTownFall,000650_lcam_front_lidar.ply,0.10002,799,0.0115,0.10575,0.15001,500,0.03189,0.15918,0.25,200,0.03114,0.3402,standard
OldTownFall,000651_lcam_front_lidar.ply,0.10002,799,0.0598,0.05163,0.15001,500,0.03788,0.17302,0.25,200,0.00887,0.23899,strict
OldTownFall,000652_lcam_front_lidar.ply,0.10002,799,0.09545,0.09362,0.15001,500,0.17645,0.17667,0.25,200,0.00819,0.14711,standard
OldTownFall,000653_lcam_front_lidar.ply,0.10002,799,0.09603,0.09231,0.15001,500,0.01669,0.23042,0.25,200,0.00714,0.10686,strict
OldTownFall,000654_lcam_front_lidar.ply,0.10002,799,0.04433,0.13809,0.15001,500,0.01232,0.22902,0.25,200,0.00108,0.00081,strict
OldTownFall,000655_lcam_front_lidar.ply,0.10002,799,0.13026,0.08809,0.15001,500,0.01862,0.18799,0.25,200,0.01533,0.29479,strict
OldTownFall,000656_lcam_front_lidar.ply,0.10002,799,0.04451,0.14342,0.15001,500,0.02319,0.21614,0.25,200,0.01057,0.22223,strict
OldTownFall,000657_lcam_front_lidar.ply,0.10002,799,0.13442,0.08225,0.15001,500,0.02232,0.23623,0.25,200,0.01662,0.2999,strict
OldTownFall,000658_lcam_front_lidar.ply,0.10002,799,0.10788,0.07004,0.15001,500,0.02159,0.17961,0.25,200,0.02114,0.32364,strict
OldTownFall,000659_lcam_front_lidar.ply,0.10002,799,0.1281,0.07623,0.15001,500,0.03745,0.14743,0.25,200,0.0255,0.33719,strict
OldTownFall,000660_lcam_front_lidar.ply,0.10002,799,0.15417,0.06446,0.15001,500,0.05392,0.22052,0.25,200,0.03962,0.32034,strict
OldTownFall,000661_lcam_front_lidar.ply,0.10002,799,0.12405,0.05337,0.15001,500,0.02533,0.1884,0.25,200,0.00911,0.22704,strict
OldTownFall,000662_lcam_front_lidar.ply,0.10002,799,0.13343,0.06802,0.15001,500,0.02579,0.20408,0.25,200,0.02391,0.28707,strict
OldTownFall,000663_lcam_front_lidar.ply,0.10002,799,0.11241,0.05046,0.15001,500,0.02404,0.1856,0.25,200,0.04567,0.31193,strict
OldTownFall,000664_lcam_front_lidar.ply,0.10002,799,0.08385,0.06525,0.15001,500,0.02818,0.22001,0.25,200,0.00094,0.00327,strict
OldTownFall,000665_lcam_front_lidar.ply,0.10002,799,0.07818,0.06246,0.15001,500,0.02922,0.1914,0.25,200,0.00115,0.24318,strict
OldTownFall,000666_lcam_front_lidar.ply,0.10002,799,0.08227,0.07627,0.15001,500,0.00096,0.11176,0.25,200,0.01847,0.29444,strict
OldTownFall,000667_lcam_front_lidar.ply,0.10002,799,0.06865,0.06032,0.15001,500,0.07597,0.17072,0.25,200,0.00162,0.34831,standard
OldTownFall,000668_lcam_front_lidar.ply,0.10002,799,0.00841,0.08721,0.15001,500,0.01886,0.19796,0.25,200,0.04779,0.32547,loose
OldTownFall,000669_lcam_front_lidar.ply,0.10002,799,0.00124,0.00335,0.15001,500,0.00051,0.00115,0.25,200,0.00589,0.2422,loose
OldTownFall,000670_lcam_front_lidar.ply,0.10002,799,0.0154,0.2064,0.15001,500,0.0341,0.13742,0.25,200,0.02063,0.29692,standard
OldTownFall,000671_lcam_front_lidar.ply,0.10002,799,0.10349,0.06857,0.15001,500,0.03672,0.14434,0.25,200,0.01837,0.27083,strict
OldTownFall,000672_lcam_front_lidar.ply,0.10002,799,0.00603,0.13753,0.15001,500,0.00143,0.00458,0.25,200,0.01916,0.27995,loose
OldTownFall,000673_lcam_front_lidar.ply,0.10002,799,0.05701,0.10964,0.15001,500,0.03735,0.14531,0.25,200,0.00463,0.25599,strict
OldTownFall,000674_lcam_front_lidar.ply,0.10002,799,0.09652,0.05879,0.15001,500,0.01968,0.17118,0.25,200,0.01677,0.27355,strict
OldTownFall,000675_lcam_front_lidar.ply,0.10002,799,0.09351,0.06207,0.15001,500,0.03511,0.10515,0.25,200,0.03513,0.30398,strict
OldTownFall,000676_lcam_front_lidar.ply,0.10002,799,0.09205,0.06159,0.15001,500,0.03692,0.10956,0.25,200,0.00637,0.26898,strict
OldTownFall,000677_lcam_front_lidar.ply,0.10002,799,0.09478,0.06117,0.15001,500,0.01603,0.12732,0.25,200,0.00159,0.22623,strict
OldTownFall,000678_lcam_front_lidar.ply,0.10002,799,0.08415,0.05332,0.15001,500,0.01533,0.11631,0.25,200,0.00126,0.38522,strict
OldTownFall,000679_lcam_front_lidar.ply,0.10002,799,0.00594,0.10318,0.15001,500,0.01377,0.12906,0.25,200,0.04889,0.17279,loose
OldTownFall,000680_lcam_front_lidar.ply,0.10002,799,0.07422,0.05562,0.15001,500,0.01517,0.1765,0.25,200,0.01459,0.14669,strict
OldTownFall,000681_lcam_front_lidar.ply,0.10002,799,0.06318,0.13501,0.15001,500,0.016,0.19158,0.25,200,0.00115,0.30406,strict
OldTownFall,000682_lcam_front_lidar.ply,0.10002,799,0.07652,0.05661,0.15001,500,0.01235,0.12854,0.25,200,0.00805,0.23514,strict
OldTownFall,000683_lcam_front_lidar.ply,0.10002,799,0.06389,0.0514,0.15001,500,0.01262,0.14457,0.25,200,0.01593,0.15181,strict
OldTownFall,000684_lcam_front_lidar.ply,0.10002,799,0.00335,0.00376,0.15001,500,0.00349,0.00409,0.25,200,0.02513,0.05764,loose
OldTownFall,000685_lcam_front_lidar.ply,0.10002,799,0.0276,0.0325,0.15001,500,0.02113,0.03774,0.25,200,0.01546,0.25938,strict
OldTownFall,000686_lcam_front_lidar.ply,0.10002,799,0.004,0.03803,0.15001,500,0.02363,0.04339,0.25,200,0.01508,0.24778,standard
OldTownFall,000687_lcam_front_lidar.ply,0.10002,799,0.02592,0.0271,0.15001,500,0.00229,0.01775,0.25,200,0.0152,0.25486,strict
OldTownFall,000688_lcam_front_lidar.ply,0.10002,799,0.03234,0.03119,0.15001,500,0.00557,0.17798,0.25,200,0.01567,0.26402,strict
OldTownFall,000689_lcam_front_lidar.ply,0.10002,799,0.00709,0.12713,0.15001,500,0.02333,0.03326,0.25,200,0.0011,0.3334,standard
OldTownFall,000690_lcam_front_lidar.ply,0.10002,799,0.02423,0.00992,0.15001,500,0.00084,0.00109,0.25,200,0.0145,0.27672,strict
OldTownFall,000691_lcam_front_lidar.ply,0.10002,799,0.08356,0.12025,0.15001,500,0.00094,0.00164,0.25,200,0.00084,0.00193,strict
OldTownFall,000692_lcam_front_lidar.ply,0.10002,799,0.01687,0.02401,0.15001,500,0.03959,0.04081,0.25,200,0.02363,0.33545,standard
OldTownFall,000693_lcam_front_lidar.ply,0.10002,799,0.09648,0.12012,0.15001,500,0.01394,0.21122,0.25,200,0.01716,0.28038,strict
OldTownFall,000694_lcam_front_lidar.ply,0.10002,799,0.00302,0.03452,0.15001,500,0.03532,0.04868,0.25,200,0.00236,0.22473,standard
OldTownFall,000695_lcam_front_lidar.ply,0.10002,799,0.13009,0.1273,0.15001,500,0.00117,0.00111,0.25,200,0.07902,0.15708,strict
OldTownFall,000696_lcam_front_lidar.ply,0.10002,799,0.01128,0.09506,0.15001,500,0.01381,0.00268,0.25,200,0.00311,0.11363,standard
OldTownFall,000697_lcam_front_lidar.ply,0.10002,799,0.0,0.0,0.15001,500,0.01483,0.00025,0.25,200,0.00077,0.00085,standard
OldTownFall,000698_lcam_front_lidar.ply,0.10002,799,0.03135,4e-05,0.15001,500,0.02208,0.04043,0.25,200,0.00079,0.00089,strict
OldTownFall,000699_lcam_front_lidar.ply,0.10002,799,0.0,0.0,0.15001,500,0.02901,0.04683,0.25,200,0.00065,0.00031,standard
OldTownFall,000700_lcam_front_lidar.ply,0.10002,799,0.0,0.0,0.15001,500,0.03259,0.0928,0.25,200,0.0026,0.1801,standard
OldTownFall,000701_lcam_front_lidar.ply,0.10002,799,0.04988,0.09161,0.15001,500,0.045,0.04643,0.25,200,0.00646,0.41217,strict
OldTownFall,000702_lcam_front_lidar.ply,0.10002,799,0.11114,0.11508,0.15001,500,0.00209,0.00337,0.25,200,0.00329,0.35014,strict
OldTownFall,000703_lcam_front_lidar.ply,0.10002,799,0.02008,0.05548,0.15001,500,0.00138,0.11116,0.25,200,0.00103,0.27429,strict
OldTownFall,000704_lcam_front_lidar.ply,0.10002,799,0.0,0.0,0.15001,500,0.00085,0.15715,0.25,200,0.04767,0.11165,loose
OldTownFall,000705_lcam_front_lidar.ply,0.10002,799,0.0,0.0,0.15001,500,0.02242,0.04075,0.25,200,0.00287,0.26813,standard
OldTownFall,000706_lcam_front_lidar.ply,0.10002,799,0.0,0.0,0.15001,500,0.0102,0.15785,0.25,200,0.0065,0.23052,standard
OldTownFall,000707_lcam_front_lidar.ply,0.10002,799,0.09849,0.12495,0.15001,500,0.12849,0.17946,0.25,200,0.00136,0.23293,standard
OldTownFall,000708_lcam_front_lidar.ply,0.10002,799,0.08584,0.11725,0.15001,500,0.12421,0.181,0.25,200,0.00403,0.31351,standard
OldTownFall,000709_lcam_front_lidar.ply,0.10002,799,0.06906,0.12067,0.15001,500,0.10109,0.18777,0.25,200,0.01491,0.10892,standard
OldTownFall,000710_lcam_front_lidar.ply,0.10002,799,0.07367,0.13234,0.15001,500,0.08433,0.1728,0.25,200,0.00542,0.13429,standard
OldTownFall,000711_lcam_front_lidar.ply,0.10002,799,0.0,0.0,0.15001,500,0.0322,0.15917,0.25,200,0.01167,0.21225,standard
OldTownFall,000712_lcam_front_lidar.ply,0.10002,799,0.01892,0.03957,0.15001,500,0.0039,0.16893,0.25,200,0.01236,0.26057,strict
OldTownFall,000713_lcam_front_lidar.ply,0.10002,799,0.00947,0.01146,0.15001,500,0.07495,0.1991,0.25,200,0.00205,0.25055,standard
OldTownFall,000714_lcam_front_lidar.ply,0.10002,799,0.02402,0.04343,0.15001,500,0.08842,0.18326,0.25,200,0.00136,0.01011,standard
OldTownFall,000715_lcam_front_lidar.ply,0.10002,799,0.04003,0.1065,0.15001,500,0.0285,0.15701,0.25,200,0.00748,0.33055,strict
OldTownFall,000716_lcam_front_lidar.ply,0.10002,799,0.04128,0.10155,0.15001,500,0.06904,0.17488,0.25,200,0.00141,0.00306,standard
OldTownFall,000717_lcam_front_lidar.ply,0.10002,799,0.02672,0.03993,0.15001,500,0.07273,0.14672,0.25,200,0.00649,0.40047,standard
OldTownFall,000718_lcam_front_lidar.ply,0.10002,799,0.04403,0.12109,0.15001,500,0.06199,0.15626,0.25,200,0.00221,0.09027,standard
OldTownFall,000719_lcam_front_lidar.ply,0.10002,799,0.02608,0.03777,0.15001,500,0.05239,0.16384,0.25,200,0.00227,0.31111,standard
OldTownFall,000720_lcam_front_lidar.ply,0.10002,799,0.03202,0.07901,0.15001,500,0.04548,0.12777,0.25,200,0.00467,0.16048,standard
OldTownFall,000721_lcam_front_lidar.ply,0.10002,799,0.02939,0.0401,0.15001,500,0.03528,0.12434,0.25,200,0.00185,0.13788,standard
OldTownFall,000722_lcam_front_lidar.ply,0.10002,799,0.02618,0.03667,0.15001,500,0.04737,0.1634,0.25,200,0.00174,0.32594,standard
OldTownFall,000723_lcam_front_lidar.ply,0.10002,799,0.1198,0.04272,0.15001,500,0.03845,0.16833,0.25,200,0.00153,0.26004,strict
OldTownFall,000724_lcam_front_lidar.ply,0.10002,799,0.01652,0.01917,0.15001,500,0.0389,0.1665,0.25,200,0.01647,0.25903,standard
OldTownFall,000725_lcam_front_lidar.ply,0.10002,799,0.02131,0.06369,0.15001,500,0.00616,0.1195,0.25,200,0.00219,0.00421,strict
OldTownFall,000726_lcam_front_lidar.ply,0.10002,799,0.01921,0.04978,0.15001,500,0.0116,0.04958,0.25,200,0.00178,0.28548,strict
OldTownFall,000727_lcam_front_lidar.ply,0.10002,799,0.12414,0.06202,0.15001,500,0.01917,0.05886,0.25,200,0.00263,0.05387,strict
OldTownFall,000728_lcam_front_lidar.ply,0.10002,799,0.14446,0.06373,0.15001,500,0.02687,0.18625,0.25,200,0.07344,0.28808,strict
OldTownFall,000729_lcam_front_lidar.ply,0.10002,799,0.1479,0.06799,0.15001,500,0.01932,0.07473,0.25,200,0.00697,0.19879,strict
OldTownFall,000730_lcam_front_lidar.ply,0.10002,799,0.1544,0.06621,0.15001,500,0.01962,0.07089,0.25,200,0.05647,0.25811,strict
OldTownFall,000731_lcam_front_lidar.ply,0.10002,799,0.135,0.06994,0.15001,500,0.21275,0.07768,0.25,200,0.04541,0.24416,standard
OldTownFall,000732_lcam_front_lidar.ply,0.10002,799,0.1624,0.0684,0.15001,500,0.22344,0.07945,0.25,200,0.00155,0.24024,standard
OldTownFall,000733_lcam_front_lidar.ply,0.10002,799,0.16767,0.07025,0.15001,500,0.21915,0.08103,0.25,200,0.05574,0.29787,standard
OldTownFall,000734_lcam_front_lidar.ply,0.10002,799,0.14508,0.06449,0.15001,500,0.21716,0.07767,0.25,200,0.01055,0.12388,standard
OldTownFall,000735_lcam_front_lidar.ply,0.10002,799,0.07791,0.04835,0.15001,500,0.02478,0.06376,0.25,200,0.0524,0.2724,strict
OldTownFall,000736_lcam_front_lidar.ply,0.10002,799,0.15645,0.06532,0.15001,500,0.02735,0.16895,0.25,200,0.05224,0.3058,strict
OldTownFall,000737_lcam_front_lidar.ply,0.10002,799,0.09335,0.04965,0.15001,500,0.03072,0.17861,0.25,200,0.05988,0.31457,strict
OldTownFall,000738_lcam_front_lidar.ply,0.10002,799,0.15773,0.06554,0.15001,500,0.03366,0.17928,0.25,200,0.00381,0.01502,strict
OldTownFall,000739_lcam_front_lidar.ply,0.10002,799,0.10488,0.05837,0.15001,500,0.03786,0.19432,0.25,200,0.0036,0.18894,strict
OldTownFall,000740_lcam_front_lidar.ply,0.10002,799,0.08611,0.04983,0.15001,500,0.03631,0.17751,0.25,200,0.00449,0.17232,strict
OldTownFall,000741_lcam_front_lidar.ply,0.10002,799,0.10193,0.0546,0.15001,500,0.02444,0.21446,0.25,200,0.03471,0.29875,strict
OldTownFall,000742_lcam_front_lidar.ply,0.10002,799,0.08925,0.04727,0.15001,500,0.0049,0.16625,0.25,200,0.01961,0.29173,strict
OldTownFall,000743_lcam_front_lidar.ply,0.10002,799,0.12634,0.0509,0.15001,500,0.04002,0.15189,0.25,200,0.00812,0.18967,strict
OldTownFall,000744_lcam_front_lidar.ply,0.10002,799,0.01335,0.01791,0.15001,500,0.0391,0.15755,0.25,200,0.00525,0.21291,standard
OldTownFall,000745_lcam_front_lidar.ply,0.10002,799,0.07243,0.04153,0.15001,500,0.03159,0.10649,0.25,200,0.02343,0.35368,strict
OldTownFall,000746_lcam_front_lidar.ply,0.10002,799,0.09434,0.03711,0.15001,500,0.03338,0.12174,0.25,200,0.02368,0.31029,strict
OldTownFall,000747_lcam_front_lidar.ply,0.10002,799,0.07369,0.03446,0.15001,500,0.07722,0.21209,0.25,200,0.01521,0.30153,standard
OldTownFall,000748_lcam_front_lidar.ply,0.10002,799,0.06465,0.02452,0.15001,500,0.02905,0.15094,0.25,200,0.00546,0.28962,strict
OldTownFall,000749_lcam_front_lidar.ply,0.10002,799,0.06645,0.0314,0.15001,500,0.02288,0.06351,0.25,200,0.00574,0.29884,strict
OldTownFall,000750_lcam_front_lidar.ply,0.10002,799,0.05736,0.01201,0.15001,500,0.03017,0.16971,0.25,200,0.01198,0.25308,strict
OldTownFall,000751_lcam_front_lidar.ply,0.10002,799,0.0575,0.14206,0.15001,500,0.00318,0.00775,0.25,200,0.03482,0.20273,strict
OldTownFall,000752_lcam_front_lidar.ply,0.10002,799,0.05603,0.01381,0.15001,500,0.03235,0.13892,0.25,200,0.04068,0.20733,strict
OldTownFall,000753_lcam_front_lidar.ply,0.10002,799,0.05622,0.01339,0.15001,500,0.09464,0.19994,0.25,200,0.00073,0.00084,standard
OldTownFall,000754_lcam_front_lidar.ply,0.10002,799,0.01604,0.0319,0.15001,500,0.08568,0.19485,0.25,200,0.00198,0.27687,standard
OldTownFall,000755_lcam_front_lidar.ply,0.10002,799,0.05927,0.02322,0.15001,500,0.08388,0.20495,0.25,200,0.00609,0.25865,standard
OldTownFall,000756_lcam_front_lidar.ply,0.10002,799,0.0574,0.01595,0.15001,500,0.07127,0.18859,0.25,200,0.00666,0.23581,standard
OldTownFall,000757_lcam_front_lidar.ply,0.10002,799,0.0064,0.00919,0.15001,500,0.07239,0.19037,0.25,200,0.00226,0.00106,standard
OldTownFall,000758_lcam_front_lidar.ply,0.10002,799,0.0123,0.01225,0.15001,500,0.06732,0.21036,0.25,200,0.08515,0.28112,loose
OldTownFall,000759_lcam_front_lidar.ply,0.10002,799,0.06188,0.02633,0.15001,500,0.03198,0.16659,0.25,200,0.00367,0.23354,strict
OldTownFall,000760_lcam_front_lidar.ply,0.10002,799,0.01434,0.01408,0.15001,500,0.0404,0.14223,0.25,200,0.01133,0.33636,standard
OldTownFall,000761_lcam_front_lidar.ply,0.10002,799,0.01456,0.01226,0.15001,500,0.02598,0.08969,0.25,200,0.00659,0.35822,standard
OldTownFall,000762_lcam_front_lidar.ply,0.10002,799,0.01599,0.01557,0.15001,500,0.03731,0.11468,0.25,200,0.01866,0.24676,standard
OldTownFall,000763_lcam_front_lidar.ply,0.10002,799,0.01136,0.01235,0.15001,500,0.03221,0.13058,0.25,200,0.07922,0.26513,loose
OldTownFall,000764_lcam_front_lidar.ply,0.10002,799,0.01767,0.01494,0.15001,500,0.04491,0.15759,0.25,200,0.00971,0.287,standard
OldTownFall,000765_lcam_front_lidar.ply,0.10002,799,0.00724,0.01485,0.15001,500,0.03277,0.14391,0.25,200,0.0645,0.23691,loose
OldTownFall,000766_lcam_front_lidar.ply,0.10002,799,0.00876,0.02913,0.15001,500,0.05249,0.16937,0.25,200,0.05397,0.1928,loose
OldTownFall,000767_lcam_front_lidar.ply,0.10002,799,0.02468,0.03192,0.15001,500,0.04777,0.17504,0.25,200,0.04739,0.22383,standard
OldTownFall,000768_lcam_front_lidar.ply,0.10002,799,0.00808,0.02095,0.15001,500,0.04435,0.19483,0.25,200,0.00139,0.00198,standard
OldTownFall,000769_lcam_front_lidar.ply,0.10002,799,0.00726,0.01582,0.15001,500,0.02532,0.11803,0.25,200,0.00364,0.30563,standard
OldTownFall,000770_lcam_front_lidar.ply,0.10002,799,0.01537,0.02327,0.15001,500,0.03321,0.14317,0.25,200,0.00327,0.28898,standard
OldTownFall,000771_lcam_front_lidar.ply,0.10002,799,0.01581,0.02694,0.15001,500,0.04399,0.15551,0.25,200,0.02975,0.11634,standard
OldTownFall,000772_lcam_front_lidar.ply,0.10002,799,0.01359,0.00981,0.15001,500,0.03909,0.15679,0.25,200,0.0116,0.32327,standard
OldTownFall,000773_lcam_front_lidar.ply,0.10002,799,0.02317,0.01846,0.15001,500,0.03132,0.11188,0.25,200,0.06374,0.33297,loose
OldTownFall,000774_lcam_front_lidar.ply,0.10002,799,0.01914,0.04618,0.15001,500,0.03955,0.13005,0.25,200,0.01258,0.34972,standard
OldTownFall,000775_lcam_front_lidar.ply,0.10002,799,0.01991,0.0408,0.15001,500,0.01991,0.0408,0.25,200,0.01447,0.30896,strict
OldTownFall,000776_lcam_front_lidar.ply,0.10002,799,0.02064,0.03983,0.15001,500,0.0207,0.04043,0.25,200,0.01044,0.36104,standard
OldTownFall,000777_lcam_front_lidar.ply,0.10002,799,0.02874,0.01887,0.15001,500,0.01856,0.04068,0.25,200,0.02395,0.32129,strict
OldTownFall,000778_lcam_front_lidar.ply,0.10002,799,0.02153,0.03938,0.15001,500,0.02322,0.04137,0.25,200,0.01402,0.3456,standard
OldTownFall,000779_lcam_front_lidar.ply,0.10002,799,0.02405,0.01889,0.15001,500,0.02353,0.0413,0.25,200,0.01859,0.33227,strict
OldTownFall,000780_lcam_front_lidar.ply,0.10002,799,0.03144,0.02312,0.15001,500,0.02379,0.0407,0.25,200,0.00492,0.29804,strict
OldTownFall,000781_lcam_front_lidar.ply,0.10002,799,0.02287,0.03793,0.15001,500,0.01038,0.01777,0.25,200,0.00839,0.27378,strict
OldTownFall,000782_lcam_front_lidar.ply,0.10002,799,0.03335,0.03023,0.15001,500,0.02447,0.03783,0.25,200,0.00361,0.29274,strict
OldTownFall,000783_lcam_front_lidar.ply,0.10002,799,0.03502,0.05026,0.15001,500,0.00886,0.01839,0.25,200,0.00395,0.28099,strict
OldTownFall,000784_lcam_front_lidar.ply,0.10002,799,0.08061,0.04233,0.15001,500,0.01517,0.02407,0.25,200,0.00138,0.22485,strict
OldTownFall,000785_lcam_front_lidar.ply,0.10002,799,0.03003,0.05602,0.15001,500,0.02676,0.0638,0.25,200,0.00177,0.1432,strict
OldTownFall,000786_lcam_front_lidar.ply,0.10002,799,0.03829,0.06201,0.15001,500,0.0219,0.13126,0.25,200,0.00275,0.29319,strict
OldTownFall,000787_lcam_front_lidar.ply,0.10002,799,0.00796,0.01209,0.15001,500,0.04141,0.10666,0.25,200,0.03825,0.30382,standard
OldTownFall,000788_lcam_front_lidar.ply,0.10002,799,0.04505,0.05013,0.15001,500,0.02091,0.1241,0.25,200,0.01732,0.2911,strict
OldTownFall,000789_lcam_front_lidar.ply,0.10002,799,0.00525,0.01055,0.15001,500,0.02046,0.09022,0.25,200,0.01804,0.28227,standard
OldTownFall,000790_lcam_front_lidar.ply,0.10002,799,0.12803,0.03757,0.15001,500,0.0234,0.13086,0.25,200,0.0052,0.32352,strict
OldTownFall,000791_lcam_front_lidar.ply,0.10002,799,0.01891,0.02879,0.15001,500,0.0091,0.01644,0.25,200,0.00847,0.24761,strict
OldTownFall,000792_lcam_front_lidar.ply,0.10002,799,0.01926,0.03238,0.15001,500,0.02957,0.06967,0.25,200,0.00674,0.16423,standard
OldTownFall,000793_lcam_front_lidar.ply,0.10002,799,0.01907,0.02546,0.15001,500,0.01812,0.13621,0.25,200,0.01014,0.23916,strict
OldTownFall,000794_lcam_front_lidar.ply,0.10002,799,0.17663,0.04591,0.15001,500,0.01959,0.13242,0.25,200,0.00868,0.36179,strict
OldTownFall,000795_lcam_front_lidar.ply,0.10002,799,0.18001,0.04975,0.15001,500,0.01581,0.11173,0.25,200,0.01319,0.29543,strict
OldTownFall,000796_lcam_front_lidar.ply,0.10002,799,0.17983,0.0512,0.15001,500,0.01794,0.12147,0.25,200,0.00673,0.30727,strict
OldTownFall,000797_lcam_front_lidar.ply,0.10002,799,0.00956,0.02438,0.15001,500,0.01762,0.12495,0.25,200,0.03148,0.27877,loose
OldTownFall,000798_lcam_front_lidar.ply,0.10002,799,0.00926,0.02989,0.15001,500,0.01838,0.12712,0.25,200,0.0612,0.30785,loose
OldTownFall,000799_lcam_front_lidar.ply,0.10002,799,0.03375,0.08259,0.15001,500,0.03789,0.11726,0.25,200,0.02506,0.26232,standard
OldTownFall,000800_lcam_front_lidar.ply,0.10002,799,0.16134,0.05048,0.15001,500,0.01971,0.11828,0.25,200,0.02964,0.28208,strict
OldTownFall,000801_lcam_front_lidar.ply,0.10002,799,0.17327,0.05773,0.15001,500,0.02787,0.17959,0.25,200,0.01974,0.32762,strict
OldTownFall,000802_lcam_front_lidar.ply,0.10002,799,0.01312,0.0157,0.15001,500,0.03387,0.19552,0.25,200,0.00863,0.33469,standard
OldTownFall,000803_lcam_front_lidar.ply,0.10002,799,0.14136,0.05024,0.15001,500,0.0599,0.1328,0.25,200,0.08531,0.3488,strict
OldTownFall,000804_lcam_front_lidar.ply,0.10002,799,0.02928,0.05802,0.15001,500,0.22093,0.07677,0.25,200,0.00935,0.33075,standard
OldTownFall,000805_lcam_front_lidar.ply,0.10002,799,0.03048,0.07356,0.15001,500,0.03578,0.09813,0.25,200,0.00672,0.10922,standard
