frame_id,epsilon,min_support,normal_threshold,runtime,reward,steps_used,inlier_ratio,plane_normal,residual
lidar/000000.ply,0.15,50,0.8,0.8823,0.14072,1,0.00133,0.99924,0.00099
lidar/000001.ply,0.15,50,0.8,0.88525,0.14031,1,0.00108,0.99928,0.00134
lidar/000002.ply,0.15,50,0.8,0.71822,0.14033,1,0.00111,0.99929,0.00133
lidar/000003.ply,0.15,50,0.8,0.89136,0.14052,1,0.00118,0.99931,0.00111
lidar/000004.ply,0.15,50,0.8,0.74543,0.14035,1,0.00105,0.99933,0.00119
lidar/000005.ply,0.15,50,0.8,0.9577,0.17684,1,0.04052,0.99992,0.00733
lidar/000006.ply,0.15,50,0.8,0.77662,0.1402,1,0.00095,0.99927,0.00129
lidar/000007.ply,0.15,50,0.8,0.81286,0.14021,1,0.00084,0.99927,0.00105
lidar/000008.ply,0.15,50,0.8,0.91082,0.14032,1,0.00092,0.99924,0.00096
lidar/000009.ply,0.15,50,0.8,0.70649,0.17745,1,0.04131,0.99993,0.00768
lidar/000010.ply,0.15,50,0.8,0.90527,0.17764,1,0.04151,0.99993,0.00773
lidar/000011.ply,0.15,50,0.8,0.73901,0.17798,1,0.04169,0.99992,0.0074
lidar/000012.ply,0.15,50,0.8,0.81583,0.18095,1,0.0448,0.99992,0.00768
lidar/000013.ply,0.15,50,0.8,0.91098,0.18094,1,0.04473,0.99992,0.00757
lidar/000014.ply,0.15,50,0.8,0.88558,0.17642,1,0.04005,0.99992,0.00724
lidar/000015.ply,0.15,50,0.8,0.70484,0.14033,1,0.00092,0.9992,0.00093
lidar/000016.ply,0.15,50,0.8,0.6997,0.14023,1,0.00103,0.99927,0.00138
lidar/000017.ply,0.15,50,0.8,0.60944,0.14025,1,0.00101,0.99932,0.00132
lidar/000018.ply,0.15,50,0.8,0.64537,0.14059,1,0.00133,0.99932,0.00126
lidar/000019.ply,0.15,50,0.8,0.70503,0.17111,1,0.03435,0.99983,0.00643
lidar/000020.ply,0.15,50,0.8,0.65326,0.16922,1,0.03271,0.99979,0.00691
lidar/000021.ply,0.15,50,0.8,0.72821,0.16601,1,0.02947,0.99974,0.00685
lidar/000022.ply,0.15,800,0.8,0.2079,0.16543,1,0.02888,0.99973,0.00681
lidar/000023.ply,0.15,50,0.8,0.90067,0.13948,1,0.00375,0.99986,0.00848
lidar/000024.ply,0.15,50,0.8,0.77055,0.13828,1,0.00402,0.99981,0.01142
lidar/000025.ply,0.15,50,0.8,0.76535,0.13894,1,0.00222,0.99964,0.00647
lidar/000026.ply,0.15,50,0.8,0.76311,0.13982,1,0.00171,0.99932,0.00356
lidar/000027.ply,0.15,50,0.8,0.78822,0.13941,1,0.00179,0.99926,0.00453
lidar/000028.ply,0.15,50,0.8,0.74786,0.13879,1,0.00224,0.99962,0.00679
lidar/000029.ply,0.15,50,0.8,0.83176,0.13871,1,0.00297,0.99996,0.00851
lidar/000030.ply,0.15,50,0.8,0.79853,0.13912,1,0.00337,0.99994,0.00849
lidar/000031.ply,0.15,50,0.8,0.71367,0.13802,1,0.00256,0.99993,0.00907
lidar/000032.ply,0.15,50,0.8,0.74042,0.1397,1,0.00168,0.99935,0.00376
lidar/000033.ply,0.15,800,0.8,0.20075,0.63807,1,0.54069,0.99919,0.085
lidar/000034.ply,0.15,800,0.8,0.20484,0.63686,1,0.53877,0.99915,0.08358
lidar/000035.ply,0.15,50,0.8,0.72338,0.13964,1,0.00131,0.99935,0.00315
lidar/000036.ply,0.15,50,0.8,0.70799,0.14,1,0.0018,0.99954,0.00347
lidar/000037.ply,0.15,50,0.8,0.75044,0.13983,1,0.00169,0.99943,0.00354
lidar/000038.ply,0.15,50,0.8,0.95973,0.13952,1,0.0013,0.9991,0.00329
lidar/000039.ply,0.15,800,0.8,0.22319,0.63167,1,0.5348,0.99848,0.0858
lidar/000040.ply,0.15,800,0.8,0.24952,0.62984,1,0.53201,0.9988,0.08398
lidar/000041.ply,0.15,800,0.8,0.2235,0.6257,1,0.52651,0.99922,0.0814
lidar/000042.ply,0.15,800,0.8,0.21595,0.62727,1,0.52831,0.99943,0.08191
lidar/000043.ply,0.15,800,0.8,0.22718,0.63011,1,0.53178,0.99948,0.08319
lidar/000044.ply,0.15,800,0.8,0.21435,0.62037,1,0.52095,0.99936,0.08096
lidar/000045.ply,0.15,50,0.8,0.75741,0.14003,1,0.00059,0.99856,0.00068
lidar/000046.ply,0.15,50,0.8,0.80679,0.13982,1,0.00118,0.99778,0.00204
lidar/000047.ply,0.15,800,0.8,0.20929,0.62461,1,0.52685,0.99885,0.08412
lidar/000048.ply,0.15,50,0.8,0.70043,0.14048,1,0.00213,0.99928,0.00308
lidar/000049.ply,0.15,800,0.8,0.20985,0.13336,1,0.00639,0.99917,0.02581
lidar/000050.ply,0.15,800,0.8,0.22753,0.62009,1,0.52153,0.99946,0.08272
lidar/000051.ply,0.15,800,0.8,0.23173,0.62508,1,0.52682,0.99964,0.08337
lidar/000052.ply,0.15,800,0.8,0.22877,0.62547,1,0.52958,0.99957,0.08809
lidar/000053.ply,0.15,800,0.8,0.22145,0.62218,1,0.5266,0.99927,0.08862
lidar/000054.ply,0.15,50,0.8,0.69333,0.13125,1,0.00694,0.99885,0.03104
lidar/000055.ply,0.15,800,0.8,0.24264,0.14094,1,0.00582,0.99898,0.00946
lidar/000056.ply,0.15,50,0.8,0.65804,0.13164,1,0.00688,0.9992,0.03025
lidar/000057.ply,0.15,800,0.8,0.20706,0.61673,1,0.51891,0.99939,0.08418
lidar/000058.ply,0.15,800,0.8,0.20478,0.61663,1,0.51912,0.99942,0.0848
lidar/000059.ply,0.15,800,0.8,0.21594,0.61644,1,0.51943,0.9995,0.08583
lidar/000060.ply,0.15,800,0.8,0.20659,0.61248,1,0.51476,0.99962,0.08443
lidar/000061.ply,0.15,800,0.8,0.2172,0.60741,1,0.5104,0.99972,0.08589
lidar/000062.ply,0.15,800,0.8,0.22615,0.60992,1,0.51179,0.99974,0.08366
lidar/000063.ply,0.15,800,0.8,0.22055,0.60774,1,0.51049,0.99972,0.0854
lidar/000064.ply,0.15,800,0.8,0.21987,0.60701,1,0.50951,0.99967,0.08491
lidar/000065.ply,0.15,800,0.8,0.23384,0.60545,1,0.50761,0.99961,0.0842
lidar/000066.ply,0.15,800,0.8,0.22342,0.60272,1,0.50412,0.99965,0.0827
lidar/000067.ply,0.15,800,0.8,0.2301,0.60501,1,0.50921,0.99971,0.08832
lidar/000068.ply,0.15,800,0.8,0.24358,0.59636,1,0.49663,0.99973,0.08047
lidar/000069.ply,0.15,800,0.8,0.21176,0.59685,1,0.50044,0.99974,0.0871
lidar/000070.ply,0.15,800,0.8,0.24616,0.59513,1,0.49865,0.99981,0.08697
lidar/000071.ply,0.15,800,0.8,0.23242,0.59166,1,0.49349,0.99978,0.0836
lidar/000072.ply,0.15,800,0.8,0.21482,0.59223,1,0.49522,0.99978,0.08591
lidar/000073.ply,0.15,800,0.8,0.23132,0.5848,1,0.48462,0.99979,0.07956
lidar/000074.ply,0.15,800,0.8,0.24123,0.58337,1,0.48552,0.99977,0.08423
lidar/000075.ply,0.15,800,0.8,0.22315,0.58389,1,0.48742,0.9998,0.087
lidar/000076.ply,0.15,800,0.8,0.22288,0.58674,1,0.4905,0.99984,0.08747
lidar/000077.ply,0.15,800,0.8,0.22438,0.57422,1,0.47722,0.99991,0.08597
lidar/000078.ply,0.15,800,0.8,0.23086,0.5693,1,0.47007,0.99994,0.08151
lidar/000079.ply,0.15,800,0.8,0.23425,0.57663,1,0.48236,0.99992,0.09145
lidar/000080.ply,0.15,800,0.8,0.22537,0.5714,1,0.47598,0.99995,0.08914
lidar/000081.ply,0.15,800,0.8,0.23749,0.56187,1,0.46364,0.99997,0.08353
lidar/000082.ply,0.15,800,0.8,0.23518,0.56437,1,0.46807,0.99997,0.08739
lidar/000083.ply,0.15,800,0.8,0.2374,0.56411,1,0.46838,0.99999,0.08853
lidar/000084.ply,0.15,800,0.8,0.25333,0.55805,1,0.46389,0.99997,0.09169
lidar/000085.ply,0.15,800,0.8,0.25148,0.55287,1,0.45681,0.99987,0.08785
lidar/000086.ply,0.15,50,0.8,0.94394,0.13687,1,0.00545,0.99945,0.01699
lidar/000087.ply,0.15,50,0.8,0.87893,0.14028,1,0.0041,0.99975,0.00758
lidar/000088.ply,0.15,50,0.8,0.88854,0.14016,1,0.00437,0.99987,0.00838
lidar/000089.ply,0.15,50,0.8,0.95544,0.14145,1,0.004,0.99988,0.00506
lidar/000090.ply,0.15,50,0.8,0.94682,0.1417,1,0.00405,0.99987,0.00466
lidar/000091.ply,0.15,50,0.8,0.90035,0.1414,1,0.0041,0.99985,0.00534
lidar/000092.ply,0.15,50,0.8,1.05157,0.13669,1,0.00236,0.99928,0.01112
lidar/000093.ply,0.15,50,0.8,1.00555,0.13567,1,0.00215,0.99841,0.01247
lidar/000094.ply,0.15,50,0.8,0.77338,0.13816,1,0.0018,0.99876,0.0069
lidar/000095.ply,0.15,50,0.8,0.92213,0.14181,1,0.00376,0.99984,0.00385
lidar/000096.ply,0.15,50,0.8,0.87435,0.1394,1,0.00115,0.99949,0.00335
lidar/000097.ply,0.15,50,0.8,0.85467,0.14185,1,0.00385,0.99981,0.00394
lidar/000098.ply,0.15,50,0.8,0.82434,0.14153,1,0.0037,0.99986,0.0043
lidar/000099.ply,0.15,50,0.8,1.01562,0.14156,1,0.00374,0.99981,0.00431
lidar/000100.ply,0.15,50,0.8,0.94919,0.14139,1,0.0036,0.99983,0.00435
lidar/000101.ply,0.15,50,0.8,0.96231,0.13921,1,0.00128,0.99929,0.00393
lidar/000102.ply,0.15,50,0.8,0.95457,0.1366,1,0.00237,0.99944,0.01138
lidar/000103.ply,0.15,50,0.8,1.07355,0.13875,1,0.00236,0.99971,0.00714
lidar/000104.ply,0.15,50,0.8,0.97241,0.13912,1,0.00166,0.99955,0.00494
lidar/000105.ply,0.15,50,0.8,0.89563,0.13934,1,0.00308,0.99914,0.00723
lidar/000106.ply,0.15,50,0.8,0.87282,0.13959,1,0.00347,0.99899,0.00745
lidar/000107.ply,0.15,50,0.8,1.0593,0.13827,1,0.00172,0.99902,0.00661
lidar/000108.ply,0.15,50,0.8,0.99449,0.14027,1,0.00203,0.9992,0.00328
lidar/000109.ply,0.15,50,0.8,1.16325,0.13928,1,0.00189,0.99951,0.00508
lidar/000110.ply,0.15,50,0.8,1.28386,0.14029,1,0.00175,0.99907,0.00263
lidar/000111.ply,0.15,50,0.8,1.14946,0.13902,1,0.00123,0.9987,0.00402
lidar/000112.ply,0.15,50,0.8,1.18043,0.13983,1,0.00076,0.99766,0.00116
lidar/000113.ply,0.15,800,0.8,0.26984,0.48233,1,0.38369,0.99862,0.0823
lidar/000114.ply,0.15,800,0.8,0.25897,0.48592,1,0.39014,0.99862,0.08803
lidar/000115.ply,0.15,800,0.8,0.27313,0.48564,1,0.39748,0.99871,0.10329
lidar/000116.ply,0.15,800,0.8,0.27665,0.47616,1,0.38166,0.99894,0.09068
lidar/000117.ply,0.15,800,0.8,0.25122,0.47953,1,0.38949,0.99887,0.09958
lidar/000118.ply,0.15,800,0.8,0.2667,0.48104,1,0.39403,0.99907,0.1057
lidar/000119.ply,0.15,800,0.8,0.26806,0.46879,1,0.37792,0.99938,0.09808
lidar/000120.ply,0.15,800,0.8,0.26618,0.46398,1,0.37293,0.99957,0.09777
lidar/000121.ply,0.15,800,0.8,0.28602,0.45697,1,0.36099,0.99946,0.08788
lidar/000122.ply,0.15,800,0.8,0.25996,0.45464,1,0.36076,0.99935,0.09203
lidar/000123.ply,0.15,800,0.8,0.27311,0.45763,1,0.36833,0.99934,0.10121
lidar/000124.ply,0.15,800,0.8,0.25937,0.45576,1,0.3657,0.99929,0.09967
lidar/000125.ply,0.15,800,0.8,0.28861,0.45082,1,0.3584,0.99937,0.09497
lidar/000126.ply,0.15,800,0.8,0.29407,0.45049,1,0.35684,0.99931,0.0925
lidar/000127.ply,0.15,800,0.8,0.28445,0.45617,1,0.36884,0.99894,0.10502
lidar/000128.ply,0.15,800,0.8,0.26604,0.44107,1,0.35062,0.99762,0.09838
lidar/000129.ply,0.15,800,0.8,0.26908,0.46563,1,0.37782,0.99616,0.10321
lidar/000130.ply,0.15,800,0.8,0.2704,0.44636,1,0.36548,0.99746,0.11748
lidar/000131.ply,0.15,800,0.8,0.26862,0.45406,1,0.36241,0.99895,0.09638
lidar/000132.ply,0.15,800,0.8,0.28934,0.43364,1,0.3351,0.99904,0.08264
lidar/000133.ply,0.15,800,0.8,0.26916,0.4349,1,0.34024,0.99896,0.09037
lidar/000134.ply,0.15,800,0.8,0.26056,0.44635,1,0.35563,0.99835,0.09806
lidar/000135.ply,0.15,800,0.8,0.27994,0.44717,1,0.35604,0.99831,0.09722
lidar/000136.ply,0.15,800,0.8,0.26464,0.44986,1,0.3645,0.99878,0.10892
lidar/000137.ply,0.15,800,0.8,0.26872,0.44443,1,0.34894,0.99911,0.08876
lidar/000138.ply,0.15,800,0.8,0.26777,0.44759,1,0.35091,0.99918,0.08639
lidar/000139.ply,0.15,800,0.8,0.246,0.45043,1,0.35744,0.99917,0.09376
lidar/000140.ply,0.15,800,0.8,0.30011,0.44497,1,0.34592,0.99949,0.08175
lidar/000141.ply,0.15,800,0.8,0.2994,0.44742,1,0.35983,0.99969,0.10471
lidar/000142.ply,0.15,800,0.8,0.26735,0.44622,1,0.35764,0.99979,0.10277
lidar/000143.ply,0.15,800,0.8,0.24905,0.4579,1,0.36333,0.99962,0.09075
lidar/000144.ply,0.15,800,0.8,0.26883,0.45545,1,0.36373,0.99977,0.09647
lidar/000145.ply,0.15,800,0.8,0.29306,0.4485,1,0.34952,0.99954,0.0819
lidar/000146.ply,0.15,800,0.8,0.28401,0.44887,1,0.35421,0.99943,0.0905
lidar/000147.ply,0.15,800,0.8,0.26949,0.45056,1,0.35754,0.99948,0.0938
lidar/000148.ply,0.15,800,0.8,0.2724,0.45551,1,0.36923,0.99956,0.10731
lidar/000149.ply,0.15,800,0.8,0.27365,0.45251,1,0.36095,0.9996,0.09675
lidar/000150.ply,0.15,800,0.8,0.2726,0.4538,1,0.36686,0.99977,0.10606
lidar/000151.ply,0.15,800,0.8,0.27179,0.44693,1,0.35184,0.99964,0.0897
lidar/000152.ply,0.15,800,0.8,0.29944,0.4475,1,0.356,0.99953,0.09686
lidar/000153.ply,0.15,800,0.8,0.28702,0.4469,1,0.35436,0.99945,0.09475
lidar/000154.ply,0.15,800,0.8,0.26428,0.44954,1,0.35762,0.99935,0.09598
lidar/000155.ply,0.15,800,0.8,0.2821,0.45518,1,0.36791,0.99949,0.10532
lidar/000156.ply,0.15,800,0.8,0.27495,0.4507,1,0.35638,0.99957,0.09124
lidar/000157.ply,0.15,800,0.8,0.28849,0.45599,1,0.37345,0.99982,0.11488
lidar/000158.ply,0.15,800,0.8,0.27983,0.44232,1,0.34601,0.99977,0.08731
lidar/000159.ply,0.15,800,0.8,0.26569,0.45233,1,0.36121,0.99957,0.09763
lidar/000160.ply,0.15,800,0.8,0.25832,0.45435,1,0.36198,0.99943,0.09509
lidar/000161.ply,0.15,800,0.8,0.25368,0.4504,1,0.35846,0.99949,0.09595
lidar/000162.ply,0.15,800,0.8,0.27023,0.45399,1,0.37237,0.99975,0.11668
lidar/000163.ply,0.15,800,0.8,0.25924,0.45132,1,0.36317,0.99984,0.10365
lidar/000164.ply,0.15,800,0.8,0.27938,0.45248,1,0.36361,0.99977,0.10218
lidar/000165.ply,0.15,800,0.8,0.27847,0.45866,1,0.37183,0.99947,0.10618
lidar/000166.ply,0.15,800,0.8,0.25509,0.45536,1,0.37131,0.99903,0.11159
lidar/000167.ply,0.15,800,0.8,0.27375,0.45492,1,0.37278,0.99919,0.11549
lidar/000168.ply,0.15,800,0.8,0.28914,0.44778,1,0.35536,0.99953,0.09502
lidar/000169.ply,0.15,800,0.8,0.28979,0.45804,1,0.37708,0.99969,0.11799
lidar/000170.ply,0.15,800,0.8,0.27812,0.446,1,0.35336,0.99972,0.09465
lidar/000171.ply,0.15,800,0.8,0.27338,0.45984,1,0.37824,0.99971,0.11672
lidar/000172.ply,0.15,800,0.8,0.26157,0.46403,1,0.37873,0.99955,0.10925
lidar/000173.ply,0.15,800,0.8,0.26953,0.46087,1,0.37908,0.99931,0.11621
lidar/000174.ply,0.15,800,0.8,0.24027,0.45158,1,0.3631,0.99933,0.10284
lidar/000175.ply,0.15,800,0.8,0.25997,0.45077,1,0.36077,0.9998,0.09994
lidar/000176.ply,0.15,800,0.8,0.27658,0.46353,1,0.38116,0.99985,0.11522
lidar/000177.ply,0.15,800,0.8,0.27078,0.45969,1,0.37809,0.99977,0.11673
lidar/000178.ply,0.15,800,0.8,0.28039,0.4653,1,0.38045,0.99943,0.11015
lidar/000179.ply,0.15,800,0.8,0.26761,0.45929,1,0.36907,0.99924,0.09934
lidar/000180.ply,0.15,800,0.8,0.26247,0.46924,1,0.38985,0.9994,0.12105
lidar/000181.ply,0.15,800,0.8,0.30892,0.4652,1,0.38175,0.99963,0.11299
lidar/000182.ply,0.15,800,0.8,0.27189,0.45455,1,0.36406,0.99979,0.09895
lidar/000183.ply,0.15,800,0.8,0.25461,0.47193,1,0.38992,0.99986,0.11595
lidar/000184.ply,0.15,800,0.8,0.24136,0.46762,1,0.3812,0.99899,0.10687
lidar/000185.ply,0.15,800,0.8,0.26972,0.46419,1,0.3786,0.99894,0.10849
lidar/000186.ply,0.15,800,0.8,0.33749,0.45956,1,0.37143,0.99966,0.10363
lidar/000187.ply,0.15,800,0.8,0.26789,0.47339,1,0.38756,0.99987,0.1083
lidar/000188.ply,0.15,800,0.8,0.28331,0.46736,1,0.38502,0.99982,0.11526
lidar/000189.ply,0.15,800,0.8,0.25077,0.46863,1,0.38522,0.99965,0.11308
lidar/000190.ply,0.15,800,0.8,0.26783,0.09465,1,0.00135,0.93224,0.07308
lidar/000191.ply,0.15,800,0.8,0.26053,0.46273,1,0.38073,0.99989,0.11596
lidar/000192.ply,0.15,800,0.8,0.28696,0.45696,1,0.36262,0.99998,0.09132
lidar/000193.ply,0.15,800,0.8,0.27533,0.46207,1,0.37039,0.99988,0.0966
lidar/000194.ply,0.15,800,0.8,0.2567,0.47265,1,0.3923,0.9997,0.11919
lidar/000195.ply,0.15,800,0.8,0.2531,0.47272,1,0.38565,0.99919,0.10562
lidar/000196.ply,0.15,800,0.8,0.27193,0.47815,1,0.39687,0.999,0.11713
lidar/000197.ply,0.15,800,0.8,0.29296,0.47928,1,0.3971,0.99915,0.11538
lidar/000198.ply,0.15,800,0.8,0.24757,0.09471,1,0.00179,0.93962,0.07605
lidar/000199.ply,0.15,800,0.8,0.2576,0.47577,1,0.39125,0.99889,0.11062
lidar/000200.ply,0.15,800,0.8,0.23941,0.47496,1,0.38797,0.99843,0.10554
lidar/000201.ply,0.15,800,0.8,0.28386,0.48075,1,0.39892,0.99852,0.11588
lidar/000202.ply,0.15,800,0.8,0.27245,0.47194,1,0.37912,0.99853,0.09392
lidar/000203.ply,0.15,800,0.8,0.25197,0.0883,1,0.00082,0.89661,0.07403
lidar/000204.ply,0.15,800,0.8,0.24126,0.47222,1,0.38124,0.99943,0.09787
lidar/000205.ply,0.15,800,0.8,0.2832,0.47063,1,0.37698,0.99979,0.09263
lidar/000206.ply,0.15,800,0.8,0.29111,0.4835,1,0.39972,0.99968,0.11235
lidar/000207.ply,0.15,800,0.8,0.31941,0.47021,1,0.38033,0.99956,0.10011
lidar/000208.ply,0.15,800,0.8,0.2695,0.48572,1,0.4002,0.99986,0.10892
lidar/000209.ply,0.15,800,0.8,0.25534,0.49142,1,0.4058,0.99989,0.10874
lidar/000210.ply,0.15,800,0.8,0.24513,0.48997,1,0.40207,0.99987,0.10417
lidar/000211.ply,0.15,800,0.8,0.23019,0.49081,1,0.40143,0.99968,0.10114
lidar/000212.ply,0.15,800,0.8,0.28166,0.49632,1,0.4109,0.99968,0.10906
lidar/000213.ply,0.15,800,0.8,0.25067,0.49083,1,0.39986,0.99974,0.09797
lidar/000214.ply,0.15,800,0.8,0.2741,0.48886,1,0.39739,0.99985,0.09702
lidar/000215.ply,0.15,800,0.8,0.23562,0.49395,1,0.40827,0.99974,0.10856
lidar/000216.ply,0.15,800,0.8,0.25959,0.49139,1,0.39972,0.99987,0.09662
lidar/000217.ply,0.15,800,0.8,0.27466,0.49427,1,0.40997,0.99985,0.11135
lidar/000218.ply,0.15,800,0.8,0.24287,0.48499,1,0.38992,0.99964,0.08975
lidar/000219.ply,0.15,800,0.8,0.24199,0.48285,1,0.39245,0.99988,0.09916
lidar/000220.ply,0.15,800,0.8,0.28474,0.48989,1,0.40317,0.99994,0.10655
lidar/000221.ply,0.15,800,0.8,0.27549,0.49178,1,0.40419,0.9999,0.10477
lidar/000222.ply,0.15,800,0.8,0.23072,0.10707,1,0.00124,0.9596,0.05621
lidar/000223.ply,0.15,800,0.8,0.25448,0.095,1,0.00103,0.93437,0.07236
lidar/000224.ply,0.15,800,0.8,0.27414,0.48457,1,0.39857,0.99984,0.10794
lidar/000225.ply,0.15,800,0.8,0.28511,0.47864,1,0.39245,1.0,0.10763
lidar/000226.ply,0.15,800,0.8,0.24646,0.4812,1,0.3999,0.99969,0.11732
lidar/000227.ply,0.15,800,0.8,0.25476,0.47679,1,0.39517,0.99975,0.11668
lidar/000228.ply,0.15,50,0.8,1.00941,0.14713,1,0.01071,0.99978,0.00711
lidar/000229.ply,0.15,800,0.8,0.28342,0.47655,1,0.39147,0.99889,0.1095
lidar/000230.ply,0.15,50,0.8,0.99217,0.14405,1,0.00616,0.9994,0.00403
lidar/000231.ply,0.15,800,0.8,0.26202,0.12295,1,0.01376,0.99969,0.06152
lidar/000232.ply,0.15,800,0.8,0.23988,0.47241,1,0.38709,0.99977,0.10929
lidar/000233.ply,0.15,800,0.8,0.29956,0.46463,1,0.38287,0.99956,0.11634
lidar/000234.ply,0.15,800,0.8,0.27017,0.4767,1,0.39642,0.99839,0.11897
lidar/000235.ply,0.15,800,0.8,0.27204,0.47197,1,0.38836,0.99818,0.11225
lidar/000236.ply,0.15,50,0.8,0.8472,0.14397,1,0.00658,0.9993,0.00501
lidar/000237.ply,0.15,50,0.8,0.82581,0.1437,1,0.00628,0.99983,0.00511
lidar/000238.ply,0.15,800,0.8,0.24048,0.47705,1,0.39949,0.99901,0.12459
lidar/000239.ply,0.15,800,0.8,0.26658,0.47597,1,0.38893,0.99791,0.10528
lidar/000240.ply,0.15,800,0.8,0.27332,0.46065,1,0.37107,0.99836,0.10034
lidar/000241.ply,0.15,800,0.8,0.33189,0.46462,1,0.37996,0.99945,0.11051
lidar/000242.ply,0.15,800,0.8,0.28071,0.4725,1,0.38997,0.99997,0.11492
lidar/000243.ply,0.15,800,0.8,0.26761,0.47341,1,0.39356,0.99983,0.12023
lidar/000244.ply,0.15,800,0.8,0.31913,0.46998,1,0.38595,0.99989,0.1119
lidar/000245.ply,0.15,800,0.8,0.27971,0.4683,1,0.38016,0.99997,0.10371
lidar/000246.ply,0.15,800,0.8,0.27814,0.46699,1,0.38293,0.99999,0.11188
lidar/000247.ply,0.15,800,0.8,0.27589,0.46269,1,0.37333,0.99996,0.10125
lidar/000248.ply,0.15,800,0.8,0.29808,0.46983,1,0.38752,0.99985,0.11533
lidar/000249.ply,0.15,800,0.8,0.29306,0.46178,1,0.37016,0.99999,0.09676
lidar/000250.ply,0.15,800,0.8,0.26223,0.46705,1,0.37892,0.99996,0.10372
lidar/000251.ply,0.15,800,0.8,0.27196,0.46809,1,0.38235,0.99987,0.10847
lidar/000252.ply,0.15,800,0.8,0.27445,0.46744,1,0.38495,0.99997,0.115
lidar/000253.ply,0.15,800,0.8,0.26576,0.47506,1,0.39329,0.9999,0.11642
lidar/000254.ply,0.15,800,0.8,0.2772,0.46689,1,0.37903,0.99963,0.10416
lidar/000255.ply,0.15,800,0.8,0.27775,0.46876,1,0.37976,0.99978,0.10193
lidar/000256.ply,0.15,800,0.8,0.30631,0.45556,1,0.36263,0.99968,0.09404
lidar/000257.ply,0.15,800,0.8,0.29296,0.45504,1,0.36507,0.9995,0.09991
lidar/000258.ply,0.15,800,0.8,0.28239,0.46732,1,0.38407,0.99941,0.11333
lidar/000259.ply,0.15,800,0.8,0.26704,0.46654,1,0.38611,0.99945,0.11897
lidar/000260.ply,0.15,800,0.8,0.28635,0.45307,1,0.36348,0.99929,0.10062
lidar/000261.ply,0.15,800,0.8,0.29098,0.46319,1,0.38078,0.99979,0.11513
lidar/000262.ply,0.15,800,0.8,0.30369,0.46568,1,0.37951,0.9996,0.10754
lidar/000263.ply,0.15,800,0.8,0.28676,0.46258,1,0.37442,0.9998,0.10363
lidar/000264.ply,0.15,800,0.8,0.27226,0.46328,1,0.37892,0.99986,0.11124
lidar/000265.ply,0.15,800,0.8,0.29776,0.4599,1,0.37579,0.99989,0.11174
lidar/000266.ply,0.15,800,0.8,0.28605,0.45785,1,0.37085,0.9998,0.10594
lidar/000267.ply,0.15,800,0.8,0.28546,0.46069,1,0.37538,0.99995,0.10937
lidar/000268.ply,0.15,800,0.8,0.2755,0.45967,1,0.37917,0.99991,0.11897
lidar/000269.ply,0.15,800,0.8,0.31553,0.45718,1,0.37517,0.99995,0.11595
lidar/000270.ply,0.15,800,0.8,0.2843,0.45982,1,0.37467,0.99981,0.10965
lidar/000271.ply,0.15,800,0.8,0.30445,0.46217,1,0.38265,0.99967,0.12085
lidar/000272.ply,0.15,800,0.8,0.29383,0.44862,1,0.36266,0.99977,0.10801
lidar/000273.ply,0.15,800,0.8,0.30121,0.4468,1,0.35939,0.99983,0.10513
lidar/000274.ply,0.15,800,0.8,0.26892,0.44953,1,0.36871,0.99985,0.11832
lidar/000275.ply,0.15,800,0.8,0.28768,0.44605,1,0.36486,0.99978,0.11756
lidar/000276.ply,0.15,800,0.8,0.29865,0.43999,1,0.35101,0.99968,0.10194
lidar/000277.ply,0.15,800,0.8,0.28026,0.44269,1,0.35319,0.99938,0.10083
lidar/000278.ply,0.15,800,0.8,0.30785,0.45041,1,0.36712,0.99949,0.11328
lidar/000279.ply,0.15,800,0.8,0.27399,0.45397,1,0.3706,0.99945,0.11309
lidar/000280.ply,0.15,800,0.8,0.31903,0.45242,1,0.36763,0.99945,0.11026
lidar/000281.ply,0.15,800,0.8,0.29941,0.45155,1,0.36169,0.99903,0.1
lidar/000282.ply,0.15,800,0.8,0.26575,0.44961,1,0.35594,0.99848,0.0922
lidar/000283.ply,0.15,800,0.8,0.29849,0.45797,1,0.36915,0.99852,0.10192
lidar/000284.ply,0.15,800,0.8,0.26396,0.45898,1,0.37455,0.99864,0.11073
lidar/000285.ply,0.15,800,0.8,0.28293,0.45027,1,0.35723,0.99839,0.09344
lidar/000286.ply,0.15,800,0.8,0.2924,0.44827,1,0.3551,0.99847,0.0932
lidar/000287.ply,0.15,800,0.8,0.25874,0.45662,1,0.37195,0.99873,0.11027
lidar/000288.ply,0.15,800,0.8,0.27329,0.46007,1,0.37552,0.99871,0.1105
lidar/000289.ply,0.15,800,0.8,0.27601,0.45743,1,0.36639,0.99842,0.09745
lidar/000290.ply,0.15,800,0.8,0.30774,0.46576,1,0.3839,0.9982,0.11575
lidar/000291.ply,0.15,800,0.8,0.28702,0.45992,1,0.36813,0.99794,0.09581
lidar/000292.ply,0.15,800,0.8,0.27625,0.46532,1,0.38117,0.99754,0.11097
lidar/000293.ply,0.15,800,0.8,0.28988,0.46633,1,0.37924,0.99733,0.10501
lidar/000294.ply,0.15,800,0.8,0.27817,0.46244,1,0.36965,0.99708,0.09353
lidar/000295.ply,0.15,800,0.8,0.2795,0.4626,1,0.37435,0.9971,0.10263
lidar/000296.ply,0.15,800,0.8,0.28704,0.45818,1,0.36075,0.99671,0.08414
lidar/000297.ply,0.15,800,0.8,0.30844,0.46148,1,0.37505,0.99735,0.10634
lidar/000298.ply,0.15,800,0.8,0.27358,0.45913,1,0.36415,0.99601,0.08883
lidar/000299.ply,0.15,800,0.8,0.25633,0.46472,1,0.37227,0.99625,0.09397
lidar/000300.ply,0.15,800,0.8,0.27607,0.46375,1,0.37044,0.9962,0.09224
lidar/000301.ply,0.15,800,0.8,0.28304,0.46299,1,0.36825,0.99598,0.08931
lidar/000302.ply,0.15,800,0.8,0.28004,0.46379,1,0.36872,0.99585,0.08862
lidar/000303.ply,0.15,800,0.8,0.25944,0.46595,1,0.37151,0.99526,0.08969
lidar/000304.ply,0.15,800,0.8,0.27674,0.46045,1,0.3623,0.99576,0.08243
lidar/000305.ply,0.15,800,0.8,0.28032,0.46229,1,0.36598,0.99585,0.08615
lidar/000306.ply,0.15,800,0.8,0.26886,0.46166,1,0.3687,0.99603,0.09288
lidar/000307.ply,0.15,800,0.8,0.3046,0.10635,1,0.00371,0.94325,0.0577
lidar/000308.ply,0.15,800,0.8,0.27386,0.4625,1,0.36788,0.99591,0.08953
lidar/000309.ply,0.15,800,0.8,0.25787,0.4616,1,0.36501,0.99582,0.08558
lidar/000310.ply,0.15,800,0.8,0.28405,0.45841,1,0.36129,0.99582,0.0845
lidar/000311.ply,0.15,800,0.8,0.27817,0.46112,1,0.36234,0.99558,0.08112
lidar/000312.ply,0.15,800,0.8,0.27138,0.46706,1,0.37182,0.99511,0.08806
lidar/000313.ply,0.15,800,0.8,0.3012,0.46039,1,0.36126,0.99574,0.08047
lidar/000314.ply,0.15,800,0.8,0.29532,0.45957,1,0.35874,0.99579,0.07707
lidar/000315.ply,0.15,800,0.8,0.30257,0.46465,1,0.37022,0.99626,0.09001
lidar/000316.ply,0.15,800,0.8,0.30311,0.45484,1,0.35425,0.9964,0.07774
lidar/000317.ply,0.15,800,0.8,0.28079,0.4405,1,0.33599,0.99604,0.06978
lidar/000318.ply,0.15,800,0.8,0.26756,0.44525,1,0.3425,0.99523,0.07307
lidar/000319.ply,0.15,800,0.8,0.25736,0.10274,1,0.00133,0.94395,0.06036
lidar/000320.ply,0.15,800,0.8,0.26946,0.45924,1,0.36155,0.99576,0.08336
lidar/000321.ply,0.15,800,0.8,0.26335,0.45592,1,0.3579,0.99555,0.08263
lidar/000322.ply,0.15,800,0.8,0.26932,0.45606,1,0.35786,0.99589,0.08237
lidar/000323.ply,0.15,800,0.8,0.27072,0.10376,1,0.00122,0.93832,0.05642
lidar/000324.ply,0.15,800,0.8,0.26168,0.45547,1,0.35808,0.99647,0.08416
lidar/000325.ply,0.15,800,0.8,0.26642,0.45344,1,0.35357,0.99645,0.0792
lidar/000326.ply,0.15,800,0.8,0.27044,0.4534,1,0.35281,0.99634,0.07771
lidar/000327.ply,0.15,800,0.8,0.26519,0.45378,1,0.3559,0.9967,0.08326
lidar/000328.ply,0.15,800,0.8,0.25219,0.45058,1,0.34953,0.99701,0.07702
lidar/000329.ply,0.15,800,0.8,0.27963,0.45249,1,0.35659,0.99732,0.08739
lidar/000330.ply,0.15,800,0.8,0.27005,0.44791,1,0.34681,0.99749,0.07704
lidar/000331.ply,0.15,800,0.8,0.26461,0.45522,1,0.35569,0.99714,0.08008
lidar/000332.ply,0.15,800,0.8,0.29924,0.45241,1,0.35425,0.99712,0.08283
lidar/000333.ply,0.15,800,0.8,0.3076,0.44574,1,0.34743,0.99745,0.08262
lidar/000334.ply,0.15,800,0.8,0.27648,0.44472,1,0.34519,0.99723,0.0801
lidar/000335.ply,0.15,800,0.8,0.36407,0.44013,1,0.33679,0.99667,0.07233
lidar/000336.ply,0.15,800,0.8,0.30853,0.44562,1,0.34943,0.99661,0.0866
lidar/000337.ply,0.15,800,0.8,0.29217,0.44568,1,0.34775,0.99665,0.08314
lidar/000338.ply,0.15,800,0.8,0.28952,0.43937,1,0.34002,0.99693,0.08039
lidar/000339.ply,0.15,800,0.8,0.26605,0.43977,1,0.33949,0.997,0.07854
lidar/000340.ply,0.15,800,0.8,0.29585,0.43813,1,0.3449,0.99792,0.0929
lidar/000341.ply,0.15,800,0.8,0.28261,0.4273,1,0.32074,0.99647,0.06581
lidar/000342.ply,0.15,800,0.8,0.27645,0.41963,1,0.31193,0.99695,0.06368
lidar/000343.ply,0.15,800,0.8,0.2697,0.42957,1,0.3235,0.99665,0.06685
lidar/000344.ply,0.15,800,0.8,0.26098,0.44421,1,0.34472,0.99663,0.08
lidar/000345.ply,0.15,800,0.8,0.26745,0.11657,1,0.03868,0.99192,0.1218
lidar/000346.ply,0.15,800,0.8,0.26054,0.42891,1,0.32368,0.99612,0.06836
lidar/000347.ply,0.15,800,0.8,0.28516,0.43419,1,0.33738,0.9969,0.08544
lidar/000348.ply,0.15,800,0.8,0.29378,0.43003,1,0.33592,0.99781,0.09112
lidar/000349.ply,0.15,800,0.8,0.26601,0.43397,1,0.34599,0.99765,0.10334
lidar/000350.ply,0.15,800,0.8,0.25327,0.43311,1,0.3381,0.99806,0.08941
lidar/000351.ply,0.15,800,0.8,0.3275,0.43012,1,0.34079,0.99861,0.10093
lidar/000352.ply,0.15,800,0.8,0.25162,0.43229,1,0.33922,0.99871,0.09348
lidar/000353.ply,0.15,800,0.8,0.26267,0.41575,1,0.31011,0.99777,0.06804
lidar/000354.ply,0.15,800,0.8,0.26943,0.43284,1,0.3383,0.99791,0.0903
lidar/000355.ply,0.15,800,0.8,0.27691,0.11524,1,0.04497,0.99281,0.1373
lidar/000356.ply,0.15,800,0.8,0.26976,0.43259,1,0.33367,0.99704,0.08127
lidar/000357.ply,0.15,800,0.8,0.2574,0.44016,1,0.34506,0.99733,0.08899
lidar/000358.ply,0.15,800,0.8,0.26681,0.43595,1,0.34299,0.99739,0.09331
lidar/000359.ply,0.15,800,0.8,0.27943,0.43714,1,0.33956,0.99668,0.08385
lidar/000360.ply,0.15,800,0.8,0.25295,0.44218,1,0.34805,0.99698,0.09084
lidar/000361.ply,0.15,800,0.8,0.27765,0.44371,1,0.35691,0.99785,0.10577
lidar/000362.ply,0.15,800,0.8,0.25747,0.43768,1,0.34397,0.99793,0.09195
lidar/000363.ply,0.15,800,0.8,0.2479,0.4395,1,0.34878,0.99808,0.09799
lidar/000364.ply,0.15,800,0.8,0.25243,0.44863,1,0.36286,0.99751,0.10772
lidar/000365.ply,0.15,800,0.8,0.25661,0.44768,1,0.3579,0.99735,0.09964
lidar/000366.ply,0.15,800,0.8,0.30791,0.44029,1,0.34735,0.99811,0.09355
lidar/000367.ply,0.15,800,0.8,0.29196,0.43432,1,0.33768,0.99777,0.08605
lidar/000368.ply,0.15,800,0.8,0.27084,0.44835,1,0.35298,0.99766,0.08855
lidar/000369.ply,0.15,800,0.8,0.29066,0.44429,1,0.34739,0.99708,0.08533
lidar/000370.ply,0.15,800,0.8,0.29046,0.44108,1,0.34791,0.9981,0.0931
lidar/000371.ply,0.15,800,0.8,0.29229,0.44776,1,0.35569,0.99846,0.0954
lidar/000372.ply,0.15,800,0.8,0.27712,0.45852,1,0.36891,0.99755,0.10003
lidar/000373.ply,0.15,800,0.8,0.25127,0.4525,1,0.36304,0.99769,0.1004
lidar/000374.ply,0.15,800,0.8,0.23762,0.45706,1,0.37052,0.99747,0.10615
lidar/000375.ply,0.15,800,0.8,0.24756,0.45696,1,0.36726,0.99651,0.09956
lidar/000376.ply,0.15,800,0.8,0.26357,0.45433,1,0.36047,0.99639,0.0912
lidar/000377.ply,0.15,800,0.8,0.23424,0.44031,1,0.33873,0.99478,0.07529
lidar/000378.ply,0.15,800,0.8,0.26099,0.44158,1,0.33683,0.9945,0.06886
lidar/000379.ply,0.15,800,0.8,0.27774,0.4535,1,0.35864,0.99681,0.08932
lidar/000380.ply,0.15,800,0.8,0.27358,0.44622,1,0.35681,0.99714,0.10032
lidar/000381.ply,0.15,800,0.8,0.25553,0.44092,1,0.34232,0.99729,0.08198
lidar/000382.ply,0.15,800,0.8,0.24904,0.44082,1,0.35167,0.99882,0.10134
lidar/000383.ply,0.15,800,0.8,0.25685,0.44586,1,0.35382,0.99902,0.09563
lidar/000384.ply,0.15,800,0.8,0.25992,0.45563,1,0.36966,0.99951,0.10792
lidar/000385.ply,0.15,800,0.8,0.26883,0.45518,1,0.36565,0.99973,0.10086
lidar/000386.ply,0.15,800,0.8,0.27068,0.44181,1,0.35198,0.99969,0.10025
lidar/000387.ply,0.15,800,0.8,0.27228,0.45208,1,0.36372,0.99964,0.10317
lidar/000388.ply,0.15,800,0.8,0.26206,0.448,1,0.36067,0.99963,0.10523
lidar/000389.ply,0.15,800,0.8,0.25718,0.43859,1,0.34005,0.99959,0.08281
lidar/000390.ply,0.15,800,0.8,0.25826,0.45207,1,0.36041,0.99928,0.09648
lidar/000391.ply,0.15,800,0.8,0.25649,0.44864,1,0.36073,0.99896,0.10388
lidar/000392.ply,0.15,800,0.8,0.23818,0.44878,1,0.3539,0.99926,0.09001
lidar/000393.ply,0.15,800,0.8,0.24944,0.44999,1,0.3631,0.99926,0.106
lidar/000394.ply,0.15,800,0.8,0.24329,0.44803,1,0.35908,0.99933,0.10189
lidar/000395.ply,0.15,800,0.8,0.23331,0.44919,1,0.35317,0.99964,0.08787
lidar/000396.ply,0.15,800,0.8,0.24526,0.44458,1,0.34878,0.99957,0.08827
lidar/000397.ply,0.15,800,0.8,0.27319,0.43827,1,0.34389,0.9998,0.09118
lidar/000398.ply,0.15,800,0.8,0.27761,0.44804,1,0.35593,0.99995,0.09576
lidar/000399.ply,0.15,800,0.8,0.26584,0.4507,1,0.36255,0.99982,0.10365
lidar/000400.ply,0.15,800,0.8,0.27099,0.42974,1,0.33351,0.99993,0.08752
lidar/000401.ply,0.15,800,0.8,0.28871,0.44674,1,0.35642,0.99981,0.09929
lidar/000402.ply,0.15,800,0.8,0.27061,0.44443,1,0.35031,0.99981,0.09169
lidar/000403.ply,0.15,800,0.8,0.26509,0.44391,1,0.3566,0.99987,0.10534
lidar/000404.ply,0.15,800,0.8,0.26606,0.42951,1,0.32556,0.99976,0.07203
lidar/000405.ply,0.15,800,0.8,0.2651,0.42716,1,0.32593,0.99977,0.07747
lidar/000406.ply,0.15,800,0.8,0.29074,0.43203,1,0.33572,0.9998,0.08733
lidar/000407.ply,0.15,800,0.8,0.26756,0.43869,1,0.33622,0.99952,0.07492
lidar/000408.ply,0.15,800,0.8,0.27769,0.44457,1,0.34466,0.99928,0.07996
lidar/000409.ply,0.15,800,0.8,0.30526,0.43398,1,0.33408,0.99937,0.08001
lidar/000410.ply,0.15,800,0.8,0.2833,0.43591,1,0.33705,0.99943,0.08211
lidar/000411.ply,0.15,800,0.8,0.29057,0.4354,1,0.3392,0.99949,0.08746
lidar/000412.ply,0.15,800,0.8,0.29675,0.43407,1,0.33729,0.99943,0.08627
lidar/000413.ply,0.15,800,0.8,0.29103,0.43681,1,0.33799,0.99945,0.08221
lidar/000414.ply,0.15,800,0.8,0.28705,0.43511,1,0.3384,0.99941,0.08641
lidar/000415.ply,0.15,800,0.8,0.28886,0.4348,1,0.33627,0.99935,0.08273
lidar/000416.ply,0.15,800,0.8,0.28322,0.43406,1,0.33216,0.99933,0.07599
lidar/000417.ply,0.15,800,0.8,0.28471,0.43547,1,0.34152,0.99945,0.09193
lidar/000418.ply,0.15,800,0.8,0.28738,0.44519,1,0.35106,0.99936,0.09155
lidar/000419.ply,0.15,800,0.8,0.27085,0.44067,1,0.34761,0.99955,0.09374
lidar/000420.ply,0.15,800,0.8,0.28159,0.43426,1,0.33077,0.99958,0.07289
lidar/000421.ply,0.15,800,0.8,0.29147,0.43097,1,0.33226,0.99969,0.08248
lidar/000422.ply,0.15,800,0.8,0.29447,0.42165,1,0.32217,0.99984,0.08098
lidar/000423.ply,0.15,800,0.8,0.28133,0.42482,1,0.32451,0.99989,0.07935
lidar/000424.ply,0.15,800,0.8,0.27195,0.42426,1,0.32209,0.9999,0.07562
lidar/000425.ply,0.15,800,0.8,0.26515,0.42531,1,0.32054,0.99988,0.07042
lidar/000426.ply,0.15,800,0.8,0.29126,0.43843,1,0.3463,0.99993,0.0957
lidar/000427.ply,0.15,800,0.8,0.31722,0.41674,1,0.31147,0.99994,0.06943
lidar/000428.ply,0.15,800,0.8,0.2663,0.42766,1,0.32948,0.99992,0.08362
lidar/000429.ply,0.15,800,0.8,0.31709,0.42433,1,0.32091,0.99978,0.07309
lidar/000430.ply,0.15,800,0.8,0.26937,0.42559,1,0.32397,0.99978,0.0767
lidar/000431.ply,0.15,800,0.8,0.32521,0.4224,1,0.31837,0.99968,0.07184
lidar/000432.ply,0.15,800,0.8,0.27875,0.43032,1,0.32808,0.99956,0.0754
lidar/000433.ply,0.15,800,0.8,0.26967,0.4395,1,0.33656,0.99944,0.07397
lidar/000434.ply,0.15,800,0.8,0.30336,0.43319,1,0.3371,0.99963,0.0877
lidar/000435.ply,0.15,800,0.8,0.27565,0.41937,1,0.32088,0.99969,0.08293
lidar/000436.ply,0.15,800,0.8,0.2756,0.43728,1,0.33556,0.99944,0.07639
lidar/000437.ply,0.15,800,0.8,0.28469,0.43756,1,0.33615,0.99932,0.07698
lidar/000438.ply,0.15,800,0.8,0.27484,0.43688,1,0.3348,0.99927,0.07562
lidar/000439.ply,0.15,800,0.8,0.29598,0.43699,1,0.33901,0.99926,0.08382
lidar/000440.ply,0.15,800,0.8,0.28699,0.43465,1,0.33397,0.99917,0.0784
lidar/000441.ply,0.15,800,0.8,0.28055,0.43716,1,0.33558,0.99917,0.07658
lidar/000442.ply,0.15,800,0.8,0.28452,0.43267,1,0.3308,0.99923,0.07604
lidar/000443.ply,0.15,800,0.8,0.25317,0.44612,1,0.34774,0.99904,0.08296
lidar/000444.ply,0.15,800,0.8,0.26062,0.4387,1,0.33702,0.99903,0.07636
lidar/000445.ply,0.15,800,0.8,0.27253,0.4476,1,0.35053,0.99891,0.08552
lidar/000446.ply,0.15,800,0.8,0.28569,0.4417,1,0.34251,0.9991,0.08136
lidar/000447.ply,0.15,800,0.8,0.24467,0.44167,1,0.34581,0.99922,0.08805
lidar/000448.ply,0.15,800,0.8,0.2781,0.43621,1,0.33744,0.99944,0.08229
lidar/000449.ply,0.15,800,0.8,0.28018,0.4352,1,0.33627,0.9996,0.08203
lidar/000450.ply,0.15,800,0.8,0.28093,0.43332,1,0.33758,0.99978,0.08845
lidar/000451.ply,0.15,800,0.8,0.35243,0.42902,1,0.32946,0.99981,0.08083
lidar/000452.ply,0.15,800,0.8,0.27864,0.42925,1,0.32679,0.99979,0.07501
lidar/000453.ply,0.15,800,0.8,0.29095,0.43025,1,0.33072,0.99976,0.08087
lidar/000454.ply,0.15,800,0.8,0.2712,0.43989,1,0.34307,0.99965,0.08624
lidar/000455.ply,0.15,800,0.8,0.28063,0.43822,1,0.34148,0.99947,0.08637
lidar/000456.ply,0.15,800,0.8,0.2628,0.44181,1,0.34432,0.99926,0.0848
lidar/000457.ply,0.15,800,0.8,0.26938,0.44085,1,0.34455,0.99907,0.08713
lidar/000458.ply,0.15,800,0.8,0.26185,0.44431,1,0.34731,0.99884,0.08564
lidar/000459.ply,0.15,800,0.8,0.26199,0.44095,1,0.34307,0.99899,0.08393
lidar/000460.ply,0.15,800,0.8,0.28949,0.43548,1,0.33514,0.9993,0.07911
lidar/000461.ply,0.15,800,0.8,0.27908,0.43623,1,0.33487,0.9994,0.0771
lidar/000462.ply,0.15,800,0.8,0.27466,0.43291,1,0.33189,0.99947,0.0778
lidar/000463.ply,0.15,800,0.8,0.28242,0.42841,1,0.32675,0.99966,0.07659
lidar/000464.ply,0.15,800,0.8,0.30826,0.4384,1,0.34019,0.99969,0.08349
lidar/000465.ply,0.15,800,0.8,0.28893,0.43141,1,0.32896,0.99967,0.075
lidar/000466.ply,0.15,800,0.8,0.26495,0.44135,1,0.34307,0.99947,0.08327
lidar/000467.ply,0.15,800,0.8,0.27546,0.44621,1,0.34838,0.99881,0.08397
lidar/000468.ply,0.15,800,0.8,0.27446,0.44854,1,0.34831,0.99885,0.07919
lidar/000469.ply,0.15,800,0.8,0.27375,0.44789,1,0.35132,0.99878,0.08648
lidar/000470.ply,0.15,800,0.8,0.26832,0.45288,1,0.35569,0.99829,0.08511
lidar/000471.ply,0.15,800,0.8,0.26498,0.45038,1,0.3503,0.99827,0.07932
lidar/000472.ply,0.15,800,0.8,0.27809,0.44224,1,0.33681,0.99857,0.06872
lidar/000473.ply,0.15,800,0.8,0.28993,0.43612,1,0.33573,0.99933,0.07901
lidar/000474.ply,0.15,800,0.8,0.29087,0.43734,1,0.33862,0.99984,0.08251
lidar/000475.ply,0.15,800,0.8,0.25592,0.43613,1,0.34188,0.99947,0.09135
lidar/000476.ply,0.15,800,0.8,0.28133,0.42658,1,0.33033,0.9994,0.08732
lidar/000477.ply,0.15,800,0.8,0.24357,0.42927,1,0.32172,1.0,0.06489
lidar/000478.ply,0.15,800,0.8,0.27515,0.42704,1,0.32384,0.99996,0.0736
lidar/000479.ply,0.15,800,0.8,0.28221,0.43908,1,0.34083,0.99995,0.08348
lidar/000480.ply,0.15,800,0.8,0.33117,0.43284,1,0.33405,0.99972,0.08234
lidar/000481.ply,0.15,800,0.8,0.26512,0.43604,1,0.33783,0.99945,0.0834
lidar/000482.ply,0.15,800,0.8,0.34056,0.42203,1,0.32177,0.99962,0.07937
lidar/000483.ply,0.15,800,0.8,0.33059,0.41775,1,0.31931,0.99983,0.08307
lidar/000484.ply,0.15,800,0.8,0.30443,0.44078,1,0.34294,0.99925,0.08409
lidar/000485.ply,0.15,800,0.8,0.28653,0.44107,1,0.34083,0.99913,0.07926
lidar/000486.ply,0.15,800,0.8,0.30745,0.4431,1,0.34906,0.99875,0.09154
lidar/000487.ply,0.15,800,0.8,0.28873,0.40705,1,0.30582,0.99996,0.07754
lidar/000488.ply,0.15,800,0.8,0.3006,0.43169,1,0.33423,0.9999,0.08505
lidar/000489.ply,0.15,800,0.8,0.30941,0.43097,1,0.32352,0.99991,0.06507
lidar/000490.ply,0.15,800,0.8,0.30044,0.42682,1,0.32036,0.99988,0.06705
lidar/000491.ply,0.15,800,0.8,0.3025,0.44013,1,0.33788,0.99999,0.0755
lidar/000492.ply,0.15,800,0.8,0.31962,0.4227,1,0.31654,0.99998,0.06766
lidar/000493.ply,0.15,800,0.8,0.26867,0.43272,1,0.3315,0.99995,0.07754
lidar/000494.ply,0.15,800,0.8,0.2993,0.43172,1,0.33229,0.99992,0.08113
lidar/000495.ply,0.15,800,0.8,0.3003,0.44046,1,0.34192,0.99995,0.0829
lidar/000496.ply,0.15,800,0.8,0.32445,0.41767,1,0.31612,0.99994,0.07688
lidar/000497.ply,0.15,800,0.8,0.30972,0.43146,1,0.32844,0.99974,0.07388
lidar/000498.ply,0.15,800,0.8,0.29105,0.44019,1,0.33928,0.9997,0.0781
lidar/000499.ply,0.15,800,0.8,0.29949,0.4408,1,0.34116,0.99972,0.08064
lidar/000500.ply,0.15,800,0.8,0.29781,0.43293,1,0.3257,0.99985,0.0655
lidar/000501.ply,0.15,800,0.8,0.32571,0.42488,1,0.31923,0.99984,0.06865
lidar/000502.ply,0.15,800,0.8,0.29379,0.44221,1,0.33438,0.99976,0.06426
lidar/000503.ply,0.15,800,0.8,0.29875,0.44798,1,0.3426,0.99966,0.06913
lidar/000504.ply,0.15,800,0.8,0.2987,0.44642,1,0.34148,0.99967,0.07001
lidar/000505.ply,0.15,800,0.8,0.32556,0.43207,1,0.32172,0.99978,0.05924
lidar/000506.ply,0.15,800,0.8,0.28954,0.42898,1,0.32184,0.99979,0.06565
lidar/000507.ply,0.15,800,0.8,0.33225,0.42753,1,0.32297,0.99978,0.07081
lidar/000508.ply,0.15,800,0.8,0.30793,0.43048,1,0.32501,0.99976,0.06898
lidar/000509.ply,0.15,800,0.8,0.30576,0.44531,1,0.34136,0.99958,0.07197
lidar/000510.ply,0.15,800,0.8,0.29837,0.44365,1,0.33831,0.99955,0.06919
lidar/000511.ply,0.15,800,0.8,0.31459,0.44274,1,0.33614,0.99948,0.06663
lidar/000512.ply,0.15,800,0.8,0.30595,0.43797,1,0.32945,0.99937,0.06276
lidar/000513.ply,0.15,800,0.8,0.32152,0.4365,1,0.33046,0.99939,0.06774
lidar/000514.ply,0.15,800,0.8,0.30627,0.44,1,0.33375,0.99942,0.06733
lidar/000515.ply,0.15,800,0.8,0.3283,0.4316,1,0.32526,0.99964,0.06722
lidar/000516.ply,0.15,800,0.8,0.30457,0.42489,1,0.31626,0.99975,0.06266
lidar/000517.ply,0.15,800,0.8,0.29264,0.43863,1,0.3288,0.99953,0.06021
lidar/000518.ply,0.15,800,0.8,0.31379,0.42105,1,0.31322,0.99968,0.06424
lidar/000519.ply,0.15,800,0.8,0.31378,0.42697,1,0.31939,0.99953,0.06469
lidar/000520.ply,0.15,800,0.8,0.32335,0.42165,1,0.30999,0.99943,0.05651
lidar/000521.ply,0.15,800,0.8,0.31233,0.42721,1,0.31888,0.99952,0.06319
lidar/000522.ply,0.15,800,0.8,0.34032,0.42127,1,0.31223,0.99947,0.06177
lidar/000523.ply,0.15,800,0.8,0.36942,0.43225,1,0.32342,0.99932,0.06215
lidar/000524.ply,0.15,800,0.8,0.30242,0.43837,1,0.32688,0.99915,0.05677
lidar/000525.ply,0.15,800,0.8,0.29114,0.44081,1,0.33171,0.99921,0.06157
lidar/000526.ply,0.15,800,0.8,0.34485,0.43289,1,0.32272,0.99925,0.05945
lidar/000527.ply,0.15,800,0.8,0.32211,0.42893,1,0.31887,0.99913,0.05962
lidar/000528.ply,0.15,800,0.8,0.28716,0.42907,1,0.31703,0.99906,0.05563
lidar/000529.ply,0.15,800,0.8,0.2857,0.42829,1,0.31805,0.9991,0.05925
lidar/000530.ply,0.15,800,0.8,0.30628,0.43021,1,0.32119,0.99914,0.06169
lidar/000531.ply,0.15,800,0.8,0.28652,0.42861,1,0.31851,0.99904,0.05949
lidar/000532.ply,0.15,800,0.8,0.29812,0.4283,1,0.31896,0.99894,0.061
lidar/000533.ply,0.15,800,0.8,0.29588,0.43306,1,0.32456,0.99855,0.06256
lidar/000534.ply,0.15,800,0.8,0.28941,0.43214,1,0.32102,0.99829,0.05726
lidar/000535.ply,0.15,800,0.8,0.2949,0.43995,1,0.33048,0.99811,0.06051
lidar/000536.ply,0.15,800,0.8,0.30022,0.43472,1,0.3231,0.9983,0.05625
lidar/000537.ply,0.15,800,0.8,0.30759,0.43588,1,0.32405,0.9983,0.05583
lidar/000538.ply,0.15,800,0.8,0.28399,0.44199,1,0.33076,0.99798,0.05693
lidar/000539.ply,0.15,800,0.8,0.27611,0.44084,1,0.33403,0.99817,0.06583
lidar/000540.ply,0.15,800,0.8,0.26614,0.45578,1,0.35016,0.99759,0.06805
lidar/000541.ply,0.15,800,0.8,0.28475,0.44462,1,0.33445,0.99789,0.05904
lidar/000542.ply,0.15,800,0.8,0.28901,0.45157,1,0.33987,0.99817,0.05604
lidar/000543.ply,0.15,800,0.8,0.29786,0.45162,1,0.34269,0.99834,0.06164
lidar/000544.ply,0.15,800,0.8,0.39117,0.4514,1,0.33963,0.99777,0.05579
lidar/000545.ply,0.15,800,0.8,0.29242,0.46128,1,0.35397,0.99769,0.06469
lidar/000546.ply,0.15,800,0.8,0.27265,0.44299,1,0.3308,0.99859,0.0552
lidar/000547.ply,0.15,800,0.8,0.29274,0.44239,1,0.32978,0.99912,0.0545
lidar/000548.ply,0.15,800,0.8,0.28873,0.44758,1,0.34002,0.99931,0.06466
lidar/000549.ply,0.15,800,0.8,0.2677,0.45483,1,0.34512,0.99883,0.06024
lidar/000550.ply,0.15,800,0.8,0.27269,0.44829,1,0.33828,0.9986,0.05956
lidar/000551.ply,0.15,800,0.8,0.28641,0.45406,1,0.34386,0.99876,0.05923
lidar/000552.ply,0.15,800,0.8,0.26323,0.45048,1,0.33918,0.99901,0.05712
lidar/000553.ply,0.15,800,0.8,0.27507,0.45053,1,0.34176,0.99907,0.06218
lidar/000554.ply,0.15,800,0.8,0.26565,0.45979,1,0.35188,0.99889,0.06386
lidar/000555.ply,0.15,800,0.8,0.2847,0.45095,1,0.34477,0.99926,0.06742
lidar/000556.ply,0.15,800,0.8,0.26829,0.46036,1,0.357,0.9992,0.07304
lidar/000557.ply,0.15,800,0.8,0.27729,0.45058,1,0.34583,0.99921,0.07027
lidar/000558.ply,0.15,800,0.8,0.27408,0.46153,1,0.35648,0.9991,0.06963
lidar/000559.ply,0.15,800,0.8,0.28019,0.46172,1,0.35833,0.99914,0.07297
lidar/000560.ply,0.15,800,0.8,0.27353,0.46056,1,0.35534,0.99888,0.06922
lidar/000561.ply,0.15,800,0.8,0.27295,0.46406,1,0.36011,0.99899,0.0718
lidar/000562.ply,0.15,800,0.8,0.27718,0.4576,1,0.35212,0.99915,0.0688
lidar/000563.ply,0.15,800,0.8,0.27411,0.46233,1,0.35929,0.99924,0.07369
lidar/000564.ply,0.15,800,0.8,0.36866,0.45638,1,0.35318,0.99941,0.07343
lidar/000565.ply,0.15,800,0.8,0.28973,0.45805,1,0.35981,0.99948,0.08336
lidar/000566.ply,0.15,800,0.8,0.3025,0.45723,1,0.3554,0.99962,0.07624
lidar/000567.ply,0.15,800,0.8,0.27622,0.4592,1,0.35559,0.99966,0.07267
lidar/000568.ply,0.15,800,0.8,0.28092,0.45958,1,0.35911,0.99963,0.07895
lidar/000569.ply,0.15,800,0.8,0.28953,0.45571,1,0.35367,0.99968,0.07583
lidar/000570.ply,0.15,800,0.8,0.26508,0.46081,1,0.36133,0.99967,0.08093
lidar/000571.ply,0.15,800,0.8,0.28522,0.46568,1,0.36764,0.99953,0.08379
lidar/000572.ply,0.15,800,0.8,0.27252,0.46531,1,0.36721,0.99933,0.08361
lidar/000573.ply,0.15,800,0.8,0.27574,0.46723,1,0.37195,0.99924,0.08921
lidar/000574.ply,0.15,800,0.8,0.25688,0.47014,1,0.37386,0.99914,0.08719
lidar/000575.ply,0.15,800,0.8,0.27848,0.47407,1,0.37862,0.99899,0.08881
lidar/000576.ply,0.15,800,0.8,0.26268,0.47561,1,0.37715,0.99856,0.08266
lidar/000577.ply,0.15,800,0.8,0.27006,0.47647,1,0.38019,0.99843,0.08696
lidar/000578.ply,0.15,800,0.8,0.26938,0.47414,1,0.37558,0.99848,0.08242
lidar/000579.ply,0.15,800,0.8,0.27252,0.47516,1,0.37906,0.99846,0.08735
lidar/000580.ply,0.15,800,0.8,0.26688,0.47982,1,0.38451,0.9986,0.08897
lidar/000581.ply,0.15,800,0.8,0.25927,0.47874,1,0.38297,0.99831,0.08797
lidar/000582.ply,0.15,800,0.8,0.30573,0.47846,1,0.38302,0.99835,0.08863
lidar/000583.ply,0.15,800,0.8,0.28622,0.47516,1,0.37906,0.99855,0.08736
lidar/000584.ply,0.15,800,0.8,0.26491,0.4747,1,0.37856,0.99881,0.08737
lidar/000585.ply,0.15,800,0.8,0.27394,0.47011,1,0.37265,0.99935,0.08489
lidar/000586.ply,0.15,800,0.8,0.27677,0.48168,1,0.38363,0.99939,0.0837
lidar/000587.ply,0.15,800,0.8,0.26922,0.48193,1,0.38429,0.9994,0.08455
lidar/000588.ply,0.15,800,0.8,0.30064,0.47721,1,0.38011,0.99946,0.08564
lidar/000589.ply,0.15,800,0.8,0.28382,0.14386,1,0.01112,0.99955,0.01437
lidar/000590.ply,0.15,800,0.8,0.26126,0.15461,1,0.02272,0.99979,0.01617
lidar/000591.ply,0.15,800,0.8,0.27083,0.14651,1,0.01071,0.99986,0.00834
lidar/000592.ply,0.15,800,0.8,0.29111,0.14608,1,0.01083,0.99991,0.00947
lidar/000593.ply,0.15,800,0.8,0.28664,0.13263,1,0.01218,0.99991,0.03908
lidar/000594.ply,0.15,800,0.8,0.26405,0.14626,1,0.01046,0.99983,0.00835
lidar/000595.ply,0.15,800,0.8,0.31173,0.4758,1,0.37686,0.9997,0.08203
lidar/000596.ply,0.15,800,0.8,0.28219,0.47987,1,0.38244,0.99971,0.08505
lidar/000597.ply,0.15,800,0.8,0.25458,0.47438,1,0.37863,0.99948,0.08833
lidar/000598.ply,0.15,800,0.8,0.27943,0.48071,1,0.38762,0.99941,0.09363
lidar/000599.ply,0.15,800,0.8,0.29078,0.47886,1,0.3857,0.99926,0.09344
lidar/000600.ply,0.15,800,0.8,0.27039,0.47399,1,0.38148,0.99925,0.09477
lidar/000601.ply,0.15,800,0.8,0.29558,0.47826,1,0.38682,0.99916,0.09687
lidar/000602.ply,0.15,800,0.8,0.28202,0.47744,1,0.3856,0.99927,0.0961
lidar/000603.ply,0.15,800,0.8,0.27967,0.4796,1,0.38872,0.9994,0.09806
lidar/000604.ply,0.15,800,0.8,0.28942,0.48056,1,0.38991,0.99946,0.09854
lidar/000605.ply,0.15,800,0.8,0.26744,0.47876,1,0.38799,0.99946,0.09828
lidar/000606.ply,0.15,800,0.8,0.27028,0.47909,1,0.3874,0.9994,0.09644
lidar/000607.ply,0.15,800,0.8,0.27522,0.47791,1,0.38671,0.99937,0.09743
lidar/000608.ply,0.15,800,0.8,0.26473,0.4803,1,0.38907,0.99939,0.09736
lidar/000609.ply,0.15,800,0.8,0.28874,0.47856,1,0.38656,0.99956,0.09587
lidar/000610.ply,0.15,800,0.8,0.2743,0.48052,1,0.38852,0.99965,0.0959
lidar/000611.ply,0.15,800,0.8,0.25467,0.46658,1,0.37231,0.99958,0.09133
lidar/000612.ply,0.15,800,0.8,0.27587,0.47582,1,0.3836,0.99952,0.09541
lidar/000613.ply,0.15,800,0.8,0.27548,0.46976,1,0.37564,0.99931,0.09155
lidar/000614.ply,0.15,800,0.8,0.27905,0.47459,1,0.38147,0.99927,0.09354
lidar/000615.ply,0.15,800,0.8,0.28499,0.4592,1,0.36548,0.99929,0.09234
lidar/000616.ply,0.15,800,0.8,0.27197,0.46538,1,0.3715,0.99923,0.09202
lidar/000617.ply,0.15,800,0.8,0.28207,0.46405,1,0.3722,0.99921,0.09607
lidar/000618.ply,0.15,800,0.8,0.28761,0.46415,1,0.37083,0.99914,0.09311
lidar/000619.ply,0.15,800,0.8,0.2882,0.47178,1,0.38135,0.99929,0.09894
lidar/000620.ply,0.15,800,0.8,0.29037,0.13,1,0.00574,0.99898,0.03118
lidar/000621.ply,0.15,800,0.8,0.28448,0.46701,1,0.37516,0.99949,0.09615
lidar/000622.ply,0.15,800,0.8,0.28631,0.47112,1,0.37745,0.99953,0.09251
lidar/000623.ply,0.15,800,0.8,0.27084,0.13995,1,0.0003,0.99797,9e-05
lidar/000624.ply,0.15,800,0.8,0.28206,0.46793,1,0.37232,0.99966,0.08868
lidar/000625.ply,0.15,800,0.8,0.31519,0.46985,1,0.37661,0.99968,0.09342
lidar/000626.ply,0.15,800,0.8,0.29619,0.45646,1,0.35797,0.99966,0.08292
lidar/000627.ply,0.15,800,0.8,0.30532,0.46537,1,0.36915,0.99979,0.08749
lidar/000628.ply,0.15,800,0.8,0.27328,0.46675,1,0.36443,0.99989,0.07532
lidar/000629.ply,0.15,800,0.8,0.27003,0.46113,1,0.36163,0.9999,0.08098
lidar/000630.ply,0.15,800,0.8,0.33814,0.13038,1,0.01002,0.99993,0.03925
lidar/000631.ply,0.15,800,0.8,0.32754,0.45178,1,0.35201,0.99987,0.08043
lidar/000632.ply,0.15,800,0.8,0.28382,0.46122,1,0.36552,0.99992,0.08857
lidar/000633.ply,0.15,800,0.8,0.28282,0.46508,1,0.36943,0.9999,0.08867
lidar/000634.ply,0.15,800,0.8,0.28593,0.46671,1,0.3703,0.9999,0.08716
lidar/000635.ply,0.15,800,0.8,0.27853,0.46489,1,0.3686,0.9999,0.08738
lidar/000636.ply,0.15,800,0.8,0.29812,0.45882,1,0.36262,0.99992,0.08758
lidar/000637.ply,0.15,800,0.8,0.27257,0.46972,1,0.37433,0.99995,0.0892
lidar/000638.ply,0.15,800,0.8,0.26936,0.46736,1,0.373,0.99995,0.09127
lidar/000639.ply,0.15,800,0.8,0.28297,0.45777,1,0.35916,0.99993,0.08275
lidar/000640.ply,0.15,800,0.8,0.29735,0.46061,1,0.36499,0.99994,0.08874
lidar/000641.ply,0.15,800,0.8,0.30067,0.44918,1,0.35162,0.99991,0.08485
lidar/000642.ply,0.15,800,0.8,0.28992,0.44517,1,0.34686,0.99991,0.08336
lidar/000643.ply,0.15,800,0.8,0.31946,0.44632,1,0.34826,0.9999,0.08384
lidar/000644.ply,0.15,800,0.8,0.29041,0.46529,1,0.37273,0.99988,0.09484
lidar/000645.ply,0.15,800,0.8,0.29751,0.45787,1,0.36215,0.99987,0.08851
lidar/000646.ply,0.15,800,0.8,0.30109,0.4607,1,0.36695,0.99985,0.09244
lidar/000647.ply,0.15,800,0.8,0.3456,0.45649,1,0.36062,0.99985,0.08821
lidar/000648.ply,0.15,800,0.8,0.32861,0.46113,1,0.36597,0.99986,0.08964
lidar/000649.ply,0.15,800,0.8,0.37107,0.45063,1,0.35375,0.99988,0.08621
lidar/000650.ply,0.15,800,0.8,0.33426,0.44845,1,0.35205,0.99989,0.08717
lidar/000651.ply,0.15,800,0.8,0.30883,0.44867,1,0.35326,0.99991,0.08915
lidar/000652.ply,0.15,800,0.8,0.47299,0.45667,1,0.35568,0.99988,0.07799
lidar/000653.ply,0.15,800,0.8,0.28882,0.44886,1,0.35252,0.99991,0.08729
lidar/000654.ply,0.15,800,0.8,0.34914,0.45739,1,0.36186,0.99988,0.0889
lidar/000655.ply,0.15,800,0.8,0.30098,0.4588,1,0.36449,0.99988,0.09134
lidar/000656.ply,0.15,800,0.8,0.3191,0.44839,1,0.34911,0.99988,0.08142
lidar/000657.ply,0.15,800,0.8,0.2837,0.45198,1,0.3568,0.99986,0.08962
lidar/000658.ply,0.15,800,0.8,0.39902,0.46233,1,0.36683,0.99967,0.0889
lidar/000659.ply,0.15,800,0.8,0.31791,0.46541,1,0.3719,0.99961,0.09288
lidar/000660.ply,0.15,800,0.8,0.30887,0.46522,1,0.36808,0.99958,0.08559
lidar/000661.ply,0.15,800,0.8,0.47923,0.46216,1,0.36732,0.99965,0.09021
lidar/000662.ply,0.15,800,0.8,0.34712,0.4778,1,0.38311,0.9994,0.09044
lidar/000663.ply,0.15,800,0.8,0.40613,0.48171,1,0.38652,0.99919,0.08937
lidar/000664.ply,0.15,800,0.8,0.45507,0.47546,1,0.37913,0.99927,0.08713
lidar/000665.ply,0.15,800,0.8,0.34206,0.48743,1,0.39204,0.99912,0.08895
lidar/000666.ply,0.15,800,0.8,0.31617,0.48791,1,0.39354,0.99918,0.09102
lidar/000667.ply,0.15,800,0.8,0.33828,0.48935,1,0.39464,0.99921,0.09034
lidar/000668.ply,0.15,800,0.8,0.33918,0.49383,1,0.39882,0.99931,0.08977
lidar/000669.ply,0.15,800,0.8,0.27835,0.49623,1,0.40178,0.99938,0.09092
lidar/000670.ply,0.15,800,0.8,0.27235,0.4942,1,0.39845,0.99955,0.08836
lidar/000671.ply,0.15,800,0.8,0.27066,0.49669,1,0.40433,0.99963,0.09518
lidar/000672.ply,0.15,800,0.8,0.28225,0.48996,1,0.39609,0.99975,0.09219
lidar/000673.ply,0.15,800,0.8,0.28464,0.48615,1,0.39128,0.99968,0.09016
lidar/000674.ply,0.15,800,0.8,0.28314,0.49069,1,0.39716,0.9997,0.09284
lidar/000675.ply,0.15,800,0.8,0.30117,0.48538,1,0.38803,0.99973,0.08522
lidar/000676.ply,0.15,800,0.8,0.26571,0.48606,1,0.3892,0.99975,0.0862
lidar/000677.ply,0.15,800,0.8,0.25264,0.49356,1,0.39862,0.99967,0.09003
lidar/000678.ply,0.15,800,0.8,0.27561,0.48991,1,0.39475,0.99954,0.08954
lidar/000679.ply,0.15,800,0.8,0.29082,0.49086,1,0.39559,0.9995,0.08931
lidar/000680.ply,0.15,800,0.8,0.2704,0.49956,1,0.40773,0.99938,0.09616
lidar/000681.ply,0.15,800,0.8,0.2838,0.49352,1,0.39967,0.99933,0.09208
lidar/000682.ply,0.15,800,0.8,0.26786,0.49517,1,0.40216,0.99919,0.09373
lidar/000683.ply,0.15,800,0.8,0.27039,0.50014,1,0.40857,0.99896,0.09653
lidar/000684.ply,0.15,800,0.8,0.27154,0.51052,1,0.41637,0.99869,0.0913
lidar/000685.ply,0.15,800,0.8,0.25358,0.50929,1,0.41832,0.99848,0.09761
lidar/000686.ply,0.15,800,0.8,0.25694,0.51076,1,0.41964,0.99824,0.09723
lidar/000687.ply,0.15,800,0.8,0.26518,0.06961,1,0.0023,0.82281,0.09222
lidar/000688.ply,0.15,800,0.8,0.27023,0.51801,1,0.42848,0.99777,0.10026
lidar/000689.ply,0.15,800,0.8,0.24738,0.52324,1,0.43306,0.99731,0.09883
lidar/000690.ply,0.15,800,0.8,0.24407,0.07707,1,0.00077,0.90338,0.0984
lidar/000691.ply,0.15,800,0.8,0.25994,0.53269,1,0.4443,0.99661,0.10221
lidar/000692.ply,0.15,800,0.8,0.26396,0.53501,1,0.44599,0.99619,0.10083
lidar/000693.ply,0.15,800,0.8,0.24749,0.52873,1,0.43987,0.99611,0.1011
lidar/000694.ply,0.15,800,0.8,0.27435,0.53024,1,0.44114,0.99601,0.10061
lidar/000695.ply,0.15,800,0.8,0.25476,0.53083,1,0.44171,0.99607,0.10057
lidar/000696.ply,0.15,800,0.8,0.23921,0.53145,1,0.44272,0.99611,0.10136
lidar/000697.ply,0.15,800,0.8,0.26998,0.53233,1,0.4428,0.99611,0.09976
lidar/000698.ply,0.15,800,0.8,0.26827,0.5332,1,0.44143,0.99617,0.09531
lidar/000699.ply,0.15,800,0.8,0.28693,0.5339,1,0.44437,0.9961,0.09977
lidar/000700.ply,0.15,800,0.8,0.28262,0.53295,1,0.44342,0.99612,0.09977
lidar/000701.ply,0.15,800,0.8,0.23497,0.53345,1,0.44255,0.9961,0.09703
lidar/000702.ply,0.15,800,0.8,0.28528,0.5345,1,0.44253,0.99604,0.09488
lidar/000703.ply,0.15,800,0.8,0.26645,0.53761,1,0.44804,0.99595,0.09964
lidar/000704.ply,0.15,800,0.8,0.2352,0.53557,1,0.44532,0.99609,0.09831
lidar/000705.ply,0.15,800,0.8,0.24055,0.54268,1,0.45193,0.99606,0.09732
lidar/000706.ply,0.15,800,0.8,0.25305,0.53678,1,0.44585,0.99602,0.09694
lidar/000707.ply,0.15,800,0.8,0.23857,0.5367,1,0.44571,0.99605,0.09683
lidar/000708.ply,0.15,800,0.8,0.25279,0.53963,1,0.44947,0.99598,0.09846
lidar/000709.ply,0.15,800,0.8,0.22931,0.53701,1,0.44672,0.99599,0.09821
lidar/000710.ply,0.15,800,0.8,0.24493,0.53687,1,0.44646,0.99601,0.09798
lidar/000711.ply,0.15,800,0.8,0.24953,0.53593,1,0.44517,0.99595,0.09726
lidar/000712.ply,0.15,800,0.8,0.24621,0.53768,1,0.44736,0.99602,0.09816
lidar/000713.ply,0.15,800,0.8,0.22445,0.54135,1,0.45163,0.99602,0.09937
lidar/000714.ply,0.15,800,0.8,0.25811,0.53786,1,0.44671,0.99607,0.09651
lidar/000715.ply,0.15,800,0.8,0.25795,0.53899,1,0.44824,0.996,0.09731
lidar/000716.ply,0.15,800,0.8,0.24081,0.53994,1,0.44909,0.99603,0.09709
lidar/000717.ply,0.15,800,0.8,0.22462,0.53981,1,0.44938,0.99606,0.09797
lidar/000718.ply,0.15,800,0.8,0.25191,0.5419,1,0.45219,0.996,0.09937
lidar/000719.ply,0.15,800,0.8,0.26891,0.54685,1,0.45709,0.996,0.09928
lidar/000720.ply,0.15,800,0.8,0.27171,0.54614,1,0.45645,0.99602,0.09942
lidar/000721.ply,0.15,800,0.8,0.22694,0.54409,1,0.453,0.99609,0.09663
lidar/000722.ply,0.15,800,0.8,0.26873,0.54603,1,0.45605,0.99607,0.09888
lidar/000723.ply,0.15,800,0.8,0.24819,0.54647,1,0.45578,0.99603,0.09743
lidar/000724.ply,0.15,800,0.8,0.30498,0.54454,1,0.45487,0.99603,0.09947
lidar/000725.ply,0.15,800,0.8,0.23696,0.55159,1,0.46183,0.9959,0.09925
lidar/000726.ply,0.15,800,0.8,0.24932,0.54387,1,0.45367,0.99597,0.09838
lidar/000727.ply,0.15,800,0.8,0.27772,0.55141,1,0.46249,0.99594,0.10093
lidar/000728.ply,0.15,800,0.8,0.23703,0.54158,1,0.44617,0.99603,0.088
lidar/000729.ply,0.15,800,0.8,0.25997,0.54269,1,0.45241,0.99599,0.09825
lidar/000730.ply,0.15,800,0.8,0.25604,0.54982,1,0.45821,0.99591,0.09556
lidar/000731.ply,0.15,800,0.8,0.2478,0.5481,1,0.45669,0.99598,0.09597
lidar/000732.ply,0.15,800,0.8,0.24235,0.55166,1,0.46213,0.99592,0.09972
lidar/000733.ply,0.15,800,0.8,0.24423,0.07497,1,0.00582,0.85703,0.09881
lidar/000734.ply,0.15,800,0.8,0.27037,0.54494,1,0.45413,0.99594,0.09718
lidar/000735.ply,0.15,800,0.8,0.27206,0.55509,1,0.46543,0.9959,0.09946
lidar/000736.ply,0.15,800,0.8,0.25487,0.54915,1,0.4584,0.99598,0.09728
lidar/000737.ply,0.15,800,0.8,0.24126,0.5561,1,0.46587,0.99592,0.09832
lidar/000738.ply,0.15,800,0.8,0.23151,0.54451,1,0.45205,0.99604,0.09389
lidar/000739.ply,0.15,800,0.8,0.22722,0.5507,1,0.46084,0.99596,0.09906
lidar/000740.ply,0.15,800,0.8,0.27378,0.55415,1,0.46421,0.99588,0.09888
lidar/000741.ply,0.15,800,0.8,0.25896,0.54753,1,0.45756,0.99596,0.09883
lidar/000742.ply,0.15,800,0.8,0.23929,0.5483,1,0.45811,0.99599,0.09841
lidar/000743.ply,0.15,800,0.8,0.22243,0.54798,1,0.45834,0.99597,0.09951
lidar/000744.ply,0.15,800,0.8,0.24822,0.5513,1,0.46161,0.99597,0.09941
lidar/000745.ply,0.15,800,0.8,0.25501,0.54678,1,0.45524,0.99604,0.09574
lidar/000746.ply,0.15,800,0.8,0.24927,0.55283,1,0.46272,0.99595,0.09858
lidar/000747.ply,0.15,800,0.8,0.26454,0.55114,1,0.46134,0.99608,0.09922
lidar/000748.ply,0.15,800,0.8,0.25666,0.55186,1,0.46078,0.99614,0.09669
lidar/000749.ply,0.15,800,0.8,0.25689,0.55877,1,0.46921,0.99619,0.09975
lidar/000750.ply,0.15,800,0.8,0.30405,0.12829,1,0.02759,0.99469,0.07701
lidar/000751.ply,0.15,800,0.8,0.24982,0.55,1,0.45813,0.99632,0.09516
lidar/000752.ply,0.15,800,0.8,0.39278,0.55387,1,0.46353,0.99623,0.09819
lidar/000753.ply,0.15,800,0.8,0.33478,0.55729,1,0.46691,0.99626,0.09812
lidar/000754.ply,0.15,800,0.8,0.29107,0.55795,1,0.46736,0.99634,0.09771
lidar/000755.ply,0.15,800,0.8,0.31137,0.55901,1,0.46626,0.99654,0.09347
lidar/000756.ply,0.15,800,0.8,0.28503,0.55697,1,0.46625,0.99671,0.09757
lidar/000757.ply,0.15,800,0.8,0.24529,0.55747,1,0.46633,0.99691,0.09678
lidar/000758.ply,0.15,800,0.8,0.25069,0.55312,1,0.46193,0.99713,0.09675
lidar/000759.ply,0.15,800,0.8,0.2773,0.55782,1,0.46662,0.99723,0.09677
lidar/000760.ply,0.15,800,0.8,0.2477,0.5618,1,0.47062,0.99732,0.09683
lidar/000761.ply,0.15,800,0.8,0.24224,0.5602,1,0.4678,0.99724,0.09437
lidar/000762.ply,0.15,800,0.8,0.22604,0.56033,1,0.46976,0.99725,0.09804
lidar/000763.ply,0.15,800,0.8,0.24307,0.55849,1,0.46767,0.99734,0.09756
lidar/000764.ply,0.15,800,0.8,0.25376,0.55963,1,0.46874,0.99729,0.09741
lidar/000765.ply,0.15,800,0.8,0.24836,0.5566,1,0.46554,0.99732,0.09708
lidar/000766.ply,0.15,800,0.8,0.24079,0.55853,1,0.46746,0.99729,0.09705
lidar/000767.ply,0.15,800,0.8,0.25542,0.55615,1,0.46506,0.9973,0.09701
lidar/000768.ply,0.15,800,0.8,0.23979,0.55847,1,0.46734,0.99728,0.09691
lidar/000769.ply,0.15,800,0.8,0.26145,0.55841,1,0.46751,0.99729,0.09739
lidar/000770.ply,0.15,800,0.8,0.25819,0.55509,1,0.46381,0.99732,0.09664
lidar/000771.ply,0.15,800,0.8,0.25168,0.5656,1,0.47447,0.99726,0.09691
lidar/000772.ply,0.15,800,0.8,0.23364,0.55682,1,0.46549,0.99727,0.09652
lidar/000773.ply,0.15,800,0.8,0.21883,0.55673,1,0.46573,0.99723,0.09716
lidar/000774.ply,0.15,800,0.8,0.26491,0.55956,1,0.46867,0.99718,0.09736
lidar/000775.ply,0.15,800,0.8,0.254,0.55455,1,0.46283,0.99712,0.0957
lidar/000776.ply,0.15,800,0.8,0.26346,0.55179,1,0.45933,0.99704,0.0942
lidar/000777.ply,0.15,800,0.8,0.22905,0.55497,1,0.46092,0.99689,0.09096
lidar/000778.ply,0.15,800,0.8,0.28471,0.55248,1,0.46128,0.99684,0.09664
lidar/000779.ply,0.15,800,0.8,0.24468,0.55723,1,0.46652,0.99674,0.0976
lidar/000780.ply,0.15,800,0.8,0.24887,0.55536,1,0.46458,0.99668,0.09744
lidar/000781.ply,0.15,800,0.8,0.21628,0.55505,1,0.46299,0.99663,0.09486
lidar/000782.ply,0.15,800,0.8,0.26886,0.55196,1,0.45952,0.99658,0.09409
lidar/000783.ply,0.15,800,0.8,0.25825,0.55424,1,0.46333,0.99649,0.09712
lidar/000784.ply,0.15,800,0.8,0.24066,0.55468,1,0.46364,0.99654,0.09689
lidar/000785.ply,0.15,800,0.8,0.22011,0.55977,1,0.46915,0.99619,0.09762
lidar/000786.ply,0.15,800,0.8,0.23452,0.5559,1,0.465,0.99603,0.097
lidar/000787.ply,0.15,800,0.8,0.25484,0.08803,1,0.00464,0.8787,0.07682
lidar/000788.ply,0.15,800,0.8,0.24743,0.55877,1,0.46777,0.99569,0.09671
lidar/000789.ply,0.15,800,0.8,0.2619,0.55273,1,0.46185,0.99553,0.09689
lidar/000790.ply,0.15,800,0.8,0.23274,0.56913,1,0.47977,0.99522,0.09984
lidar/000791.ply,0.15,800,0.8,0.23928,0.55762,1,0.46784,0.99523,0.09902
lidar/000792.ply,0.15,800,0.8,0.24541,0.56144,1,0.47064,0.99529,0.09697
lidar/000793.ply,0.15,800,0.8,0.24127,0.07181,1,0.00767,0.85756,0.10898
lidar/000794.ply,0.15,800,0.8,0.26376,0.55543,1,0.46463,0.99529,0.09699
lidar/000795.ply,0.15,800,0.8,0.26966,0.55716,1,0.46704,0.99519,0.0983
lidar/000796.ply,0.15,800,0.8,0.25465,0.55838,1,0.46626,0.9953,0.09436
lidar/000797.ply,0.15,800,0.8,0.27284,0.55657,1,0.46546,0.99521,0.09634
lidar/000798.ply,0.15,800,0.8,0.22942,0.55645,1,0.4645,0.99542,0.09473
lidar/000799.ply,0.15,800,0.8,0.22481,0.56068,1,0.46831,0.99557,0.09394
lidar/000800.ply,0.15,800,0.8,0.2549,0.55899,1,0.46716,0.99586,0.09508
lidar/000801.ply,0.15,800,0.8,0.24829,0.55248,1,0.45938,0.99607,0.09263
lidar/000802.ply,0.15,800,0.8,0.25128,0.55589,1,0.4653,0.99615,0.09767
lidar/000803.ply,0.15,800,0.8,0.22317,0.54381,1,0.45041,0.99633,0.09211
lidar/000804.ply,0.15,800,0.8,0.21696,0.54481,1,0.45326,0.99631,0.09579
lidar/000805.ply,0.15,800,0.8,0.22338,0.55096,1,0.45997,0.99632,0.09691
lidar/000806.ply,0.15,800,0.8,0.22434,0.54711,1,0.45505,0.99655,0.09483
lidar/000807.ply,0.15,800,0.8,0.36954,0.54277,1,0.45203,0.99672,0.09753
lidar/000808.ply,0.15,800,0.8,0.25838,0.53997,1,0.44842,0.99703,0.09601
lidar/000809.ply,0.15,800,0.8,0.22679,0.5421,1,0.44741,0.99728,0.0898
lidar/000810.ply,0.15,800,0.8,0.25525,0.54562,1,0.45541,0.99719,0.09875
lidar/000811.ply,0.15,800,0.8,0.25549,0.53586,1,0.44577,0.99734,0.09901
lidar/000812.ply,0.15,800,0.8,0.23021,0.54052,1,0.44783,0.99726,0.0938
lidar/000813.ply,0.15,800,0.8,0.21722,0.53783,1,0.4475,0.99732,0.09854
lidar/000814.ply,0.15,800,0.8,0.23148,0.54033,1,0.44979,0.99748,0.09816
lidar/000815.ply,0.15,800,0.8,0.24149,0.53103,1,0.43979,0.99759,0.0968
lidar/000816.ply,0.15,800,0.8,0.25125,0.53856,1,0.44877,0.99767,0.09971
lidar/000817.ply,0.15,800,0.8,0.29371,0.53064,1,0.44036,0.9979,0.09881
lidar/000818.ply,0.15,800,0.8,0.30682,0.52659,1,0.43273,0.99821,0.09174
lidar/000819.ply,0.15,800,0.8,0.28526,0.52721,1,0.43555,0.99838,0.0962
lidar/000820.ply,0.15,800,0.8,0.32207,0.52315,1,0.43169,0.99868,0.09669
lidar/000821.ply,0.15,800,0.8,0.29656,0.53115,1,0.43989,0.99874,0.09709
lidar/000822.ply,0.15,800,0.8,0.24751,0.52985,1,0.43796,0.99899,0.09592
lidar/000823.ply,0.15,800,0.8,0.2339,0.11417,1,0.00198,0.99726,0.05479
lidar/000824.ply,0.15,800,0.8,0.24613,0.52421,1,0.43099,0.99912,0.09329
lidar/000825.ply,0.15,800,0.8,0.24577,0.51933,1,0.42741,0.99907,0.0959
lidar/000826.ply,0.15,800,0.8,0.25204,0.51828,1,0.42717,0.99899,0.09746
lidar/000827.ply,0.15,800,0.8,0.22773,0.51834,1,0.42688,0.99888,0.09674
lidar/000828.ply,0.15,800,0.8,0.23174,0.51913,1,0.42791,0.99877,0.0972
lidar/000829.ply,0.15,800,0.8,0.2429,0.53318,1,0.44217,0.99867,0.09758
lidar/000830.ply,0.15,800,0.8,0.24434,0.52859,1,0.43756,0.9988,0.09757
lidar/000831.ply,0.15,800,0.8,0.22115,0.51612,1,0.42442,0.99874,0.09622
lidar/000832.ply,0.15,800,0.8,0.20488,0.12753,1,0.00355,0.99845,0.03157
lidar/000833.ply,0.15,800,0.8,0.22185,0.06374,1,0.01188,0.8926,0.14405
lidar/000834.ply,0.15,800,0.8,0.25021,0.52527,1,0.43463,0.99881,0.09836
lidar/000835.ply,0.15,800,0.8,0.2372,0.52611,1,0.4347,0.99869,0.09679
lidar/000836.ply,0.15,800,0.8,0.23169,0.52662,1,0.43532,0.99877,0.09703
lidar/000837.ply,0.15,800,0.8,0.2391,0.51397,1,0.42086,0.99883,0.09344
lidar/000838.ply,0.15,800,0.8,0.23838,0.11634,1,0.00316,0.99899,0.05334
lidar/000839.ply,0.15,800,0.8,0.26931,0.52676,1,0.43575,0.99892,0.09767
lidar/000840.ply,0.15,800,0.8,0.21819,0.10454,1,0.00322,0.9985,0.07691
lidar/000841.ply,0.15,800,0.8,0.22707,0.51854,1,0.42526,0.99891,0.09311
lidar/000842.ply,0.15,800,0.8,0.24876,0.10822,1,0.00322,0.99856,0.06957
lidar/000843.ply,0.15,800,0.8,0.23848,0.12241,1,0.00241,0.99928,0.0398
lidar/000844.ply,0.15,800,0.8,0.22982,0.51638,1,0.42157,0.99923,0.09015
lidar/000845.ply,0.15,800,0.8,0.20661,0.5196,1,0.42467,0.99918,0.08989
lidar/000846.ply,0.15,800,0.8,0.24518,0.51721,1,0.42303,0.99915,0.09138
lidar/000847.ply,0.15,800,0.8,0.23948,0.50497,1,0.4087,0.99919,0.08722
lidar/000848.ply,0.15,800,0.8,0.26443,0.50173,1,0.40649,0.99924,0.0893
lidar/000849.ply,0.15,800,0.8,0.21606,0.51325,1,0.41839,0.99908,0.09001
lidar/000850.ply,0.15,800,0.8,0.21782,0.10866,1,0.00305,0.99847,0.06831
lidar/000851.ply,0.15,800,0.8,0.23428,0.12537,1,0.00288,0.99921,0.0348
lidar/000852.ply,0.15,800,0.8,0.224,0.52063,1,0.42761,0.99892,0.09364
lidar/000853.ply,0.15,800,0.8,0.24225,0.04857,1,0.00835,0.92619,0.17741
lidar/000854.ply,0.15,800,0.8,0.21519,0.51879,1,0.42603,0.99915,0.09423
lidar/000855.ply,0.15,800,0.8,0.23823,0.04664,1,0.0045,0.90077,0.16595
lidar/000856.ply,0.15,800,0.8,0.2414,0.50847,1,0.415,0.99908,0.09279
lidar/000857.ply,0.15,800,0.8,0.23146,0.06509,1,0.00545,0.92771,0.13903
lidar/000858.ply,0.15,800,0.8,0.25057,0.5043,1,0.41235,0.99854,0.09566
lidar/000859.ply,0.15,800,0.8,0.26806,0.50702,1,0.41636,0.99794,0.09806
lidar/000860.ply,0.15,800,0.8,0.24693,0.5083,1,0.41875,0.99721,0.10006
lidar/000861.ply,0.15,800,0.8,0.22598,0.51256,1,0.42437,0.99713,0.10276
lidar/000862.ply,0.15,800,0.8,0.24877,0.50678,1,0.41675,0.99776,0.09927
lidar/000863.ply,0.15,800,0.8,0.22222,0.06262,1,0.00281,0.93971,0.14228
lidar/000864.ply,0.15,800,0.8,0.24847,0.05898,1,0.00232,0.92741,0.14491
lidar/000865.ply,0.15,800,0.8,0.25972,0.50256,1,0.41338,0.99739,0.10086
lidar/000866.ply,0.15,800,0.8,0.22685,0.11492,1,0.00113,0.99288,0.05028
lidar/000867.ply,0.15,800,0.8,0.21557,0.12112,1,0.00282,0.99662,0.04237
lidar/000868.ply,0.15,800,0.8,0.23575,0.50487,1,0.41751,0.99646,0.10423
lidar/000869.ply,0.15,800,0.8,0.21424,0.4938,1,0.40637,0.99693,0.10422
lidar/000870.ply,0.15,800,0.8,0.22132,0.50268,1,0.41468,0.99668,0.103
lidar/000871.ply,0.15,800,0.8,0.23805,0.49639,1,0.41012,0.99667,0.10646
lidar/000872.ply,0.15,800,0.8,0.22856,0.49564,1,0.40876,0.99614,0.10509
lidar/000873.ply,0.15,800,0.8,0.22457,0.49485,1,0.40876,0.99604,0.10663
lidar/000874.ply,0.15,800,0.8,0.22959,0.49201,1,0.40521,0.99634,0.10531
lidar/000875.ply,0.15,800,0.8,0.2292,0.49356,1,0.40609,0.99675,0.10409
lidar/000876.ply,0.15,800,0.8,0.21443,0.49412,1,0.41002,0.99822,0.11126
lidar/000877.ply,0.15,800,0.8,0.24356,0.4785,1,0.3881,0.9988,0.09884
lidar/000878.ply,0.15,800,0.8,0.26026,0.47491,1,0.38739,0.99902,0.10468
lidar/000879.ply,0.15,800,0.8,0.26147,0.46918,1,0.37674,0.99923,0.09489
lidar/000880.ply,0.15,800,0.8,0.27507,0.46317,1,0.37094,0.99947,0.09538
lidar/000881.ply,0.15,800,0.8,0.25564,0.46818,1,0.37811,0.99965,0.09977
lidar/000882.ply,0.15,800,0.8,0.25409,0.46894,1,0.38105,0.99956,0.10409
lidar/000883.ply,0.15,800,0.8,0.27534,0.4605,1,0.37113,0.99952,0.1011
lidar/000884.ply,0.15,800,0.8,0.26405,0.46674,1,0.37502,0.99969,0.09648
lidar/000885.ply,0.15,800,0.8,0.27054,0.46277,1,0.37354,0.99908,0.10125
lidar/000886.ply,0.15,800,0.8,0.26523,0.46385,1,0.38125,0.99815,0.11424
lidar/000887.ply,0.15,800,0.8,0.28828,0.46529,1,0.38223,0.9962,0.11274
lidar/000888.ply,0.15,800,0.8,0.25891,0.46288,1,0.3742,0.99396,0.10084
lidar/000889.ply,0.15,800,0.8,0.25487,0.4678,1,0.38221,0.99247,0.10656
lidar/000890.ply,0.15,800,0.8,0.24752,0.46288,1,0.37381,0.99013,0.09888
lidar/000891.ply,0.15,800,0.8,0.26321,0.46648,1,0.3786,0.98858,0.10082
lidar/000892.ply,0.15,800,0.8,0.24944,0.46319,1,0.37309,0.98746,0.09604
lidar/000893.ply,0.15,800,0.8,0.22628,0.46591,1,0.37596,0.98657,0.09607
lidar/000894.ply,0.15,800,0.8,0.24388,0.45905,1,0.36914,0.9872,0.09635
lidar/000895.ply,0.15,800,0.8,0.24651,0.46246,1,0.37357,0.98806,0.09862
lidar/000896.ply,0.15,800,0.8,0.23857,0.45514,1,0.36498,0.98936,0.09649
lidar/000897.ply,0.15,800,0.8,0.24383,0.4532,1,0.36325,0.99111,0.09742
lidar/000898.ply,0.15,800,0.8,0.24932,0.44997,1,0.3617,0.99344,0.1015
lidar/000899.ply,0.15,800,0.8,0.2782,0.45535,1,0.36584,0.99593,0.09976
lidar/000900.ply,0.15,800,0.8,0.25142,0.45134,1,0.36098,0.99675,0.09829
lidar/000901.ply,0.15,800,0.8,0.2644,0.45326,1,0.36445,0.99798,0.10177
lidar/000902.ply,0.15,800,0.8,0.27207,0.45429,1,0.36663,0.99875,0.1043
lidar/000903.ply,0.15,800,0.8,0.27458,0.45386,1,0.36882,0.99896,0.10959
lidar/000904.ply,0.15,800,0.8,0.28518,0.43892,1,0.35051,0.99923,0.10295
lidar/000905.ply,0.15,800,0.8,0.27068,0.1467,1,0.01009,0.99948,0.00663
lidar/000906.ply,0.15,800,0.8,0.2758,0.44204,1,0.35126,0.99978,0.09837
lidar/000907.ply,0.15,800,0.8,0.25778,0.44012,1,0.36007,0.99963,0.11979
lidar/000908.ply,0.15,800,0.8,0.31665,0.43275,1,0.33827,0.99971,0.09095
lidar/000909.ply,0.15,800,0.8,0.2625,0.45213,1,0.36356,0.99957,0.10271
lidar/000910.ply,0.15,800,0.8,0.26514,0.14243,1,0.00535,0.99918,0.00558
lidar/000911.ply,0.15,800,0.8,0.29053,0.45032,1,0.36449,0.99927,0.10814
lidar/000912.ply,0.15,800,0.8,0.28565,0.14483,1,0.01072,0.99937,0.01157
lidar/000913.ply,0.15,800,0.8,0.31322,0.4442,1,0.35472,0.99953,0.1009
lidar/000914.ply,0.15,800,0.8,0.27733,0.44938,1,0.35681,0.99952,0.09473
lidar/000915.ply,0.15,800,0.8,0.2943,0.44648,1,0.35134,0.99951,0.08957
lidar/000916.ply,0.15,800,0.8,0.28215,0.45208,1,0.36901,0.99976,0.1138
lidar/000917.ply,0.15,800,0.8,0.28875,0.44491,1,0.35386,0.99982,0.09785
lidar/000918.ply,0.15,800,0.8,0.29802,0.45712,1,0.36819,0.99991,0.10212
lidar/000919.ply,0.15,800,0.8,0.28797,0.45245,1,0.35974,0.9999,0.09456
lidar/000920.ply,0.15,800,0.8,0.27981,0.44644,1,0.35447,0.99986,0.09603
lidar/000921.ply,0.15,800,0.8,0.27694,0.4475,1,0.3561,0.99985,0.09715
lidar/000922.ply,0.15,800,0.8,0.31333,0.44835,1,0.35363,0.99979,0.09049
lidar/000923.ply,0.15,800,0.8,0.27481,0.46342,1,0.36572,0.99941,0.08441
lidar/000924.ply,0.15,800,0.8,0.28343,0.46461,1,0.36629,0.99908,0.08308
lidar/000925.ply,0.15,800,0.8,0.28034,0.45695,1,0.35808,0.99916,0.08202
lidar/000926.ply,0.15,800,0.8,0.27927,0.46086,1,0.35819,0.99871,0.07427
lidar/000927.ply,0.15,800,0.8,0.30902,0.46224,1,0.35993,0.9987,0.07499
lidar/000928.ply,0.15,800,0.8,0.30248,0.45764,1,0.35912,0.99887,0.08262
lidar/000929.ply,0.15,800,0.8,0.30304,0.44896,1,0.34792,0.99888,0.07758
lidar/000930.ply,0.15,800,0.8,0.27876,0.46162,1,0.36051,0.99882,0.07744
lidar/000931.ply,0.15,800,0.8,0.2706,0.45448,1,0.35389,0.99911,0.07855
lidar/000932.ply,0.15,800,0.8,0.27985,0.46193,1,0.35859,0.99884,0.07296
lidar/000933.ply,0.15,800,0.8,0.2695,0.45048,1,0.34423,0.99895,0.06719
lidar/000934.ply,0.15,800,0.8,0.32127,0.45073,1,0.34692,0.99913,0.07211
lidar/000935.ply,0.15,800,0.8,0.29625,0.45831,1,0.3547,0.99882,0.07242
lidar/000936.ply,0.15,800,0.8,0.31171,0.4424,1,0.33715,0.99943,0.06933
lidar/000937.ply,0.15,800,0.8,0.28663,0.43898,1,0.33505,0.9997,0.07204
lidar/000938.ply,0.15,800,0.8,0.3003,0.43721,1,0.33875,0.99982,0.08303
lidar/000939.ply,0.15,800,0.8,0.29456,0.43819,1,0.33469,0.99964,0.07289
lidar/000940.ply,0.15,800,0.8,0.27439,0.44054,1,0.34006,0.99959,0.07892
lidar/000941.ply,0.15,800,0.8,0.27133,0.44857,1,0.34735,0.99934,0.07735
lidar/000942.ply,0.15,800,0.8,0.28713,0.4358,1,0.3323,0.99906,0.07272
lidar/000943.ply,0.15,800,0.8,0.26455,0.44029,1,0.33841,0.99868,0.07585
lidar/000944.ply,0.15,800,0.8,0.26875,0.44866,1,0.34744,0.99808,0.07697
lidar/000945.ply,0.15,800,0.8,0.27949,0.44247,1,0.34278,0.99842,0.08015
lidar/000946.ply,0.15,800,0.8,0.27253,0.44806,1,0.34707,0.9985,0.07757
lidar/000947.ply,0.15,800,0.8,0.24979,0.44745,1,0.34743,0.9982,0.07942
lidar/000948.ply,0.15,800,0.8,0.26932,0.44658,1,0.3493,0.99826,0.08492
lidar/000949.ply,0.15,800,0.8,0.2532,0.45319,1,0.35798,0.99851,0.08912
lidar/000950.ply,0.15,800,0.8,0.32812,0.44457,1,0.3464,0.99876,0.08328
lidar/000951.ply,0.15,800,0.8,0.38601,0.44665,1,0.35441,0.99872,0.09513
lidar/000952.ply,0.15,800,0.8,0.29908,0.44336,1,0.34508,0.99869,0.08306
lidar/000953.ply,0.15,800,0.8,0.29192,0.14196,1,0.00861,0.99869,0.01291
lidar/000954.ply,0.15,800,0.8,0.26817,0.45795,1,0.36229,0.99911,0.08842
lidar/000955.ply,0.15,800,0.8,0.30102,0.44717,1,0.3587,0.99888,0.10273
lidar/000956.ply,0.15,800,0.8,0.28001,0.456,1,0.35608,0.99863,0.07974
lidar/000957.ply,0.15,800,0.8,0.25276,0.46271,1,0.36992,0.99821,0.09387
lidar/000958.ply,0.15,800,0.8,0.29526,0.44708,1,0.36064,0.9978,0.10647
lidar/000959.ply,0.15,800,0.8,0.27137,0.45384,1,0.35853,0.99739,0.08859
lidar/000960.ply,0.15,800,0.8,0.26683,0.45168,1,0.35905,0.99701,0.09385
lidar/000961.ply,0.15,800,0.8,0.26586,0.4481,1,0.35518,0.99734,0.09336
lidar/000962.ply,0.15,800,0.8,0.28262,0.4486,1,0.35556,0.99795,0.09331
lidar/000963.ply,0.15,800,0.8,0.28234,0.44612,1,0.35662,0.99857,0.10057
lidar/000964.ply,0.15,800,0.8,0.27284,0.45352,1,0.36966,0.99877,0.11192
lidar/000965.ply,0.15,800,0.8,0.2831,0.14203,1,0.00557,0.999,0.00678
lidar/000966.ply,0.15,800,0.8,0.29032,0.45742,1,0.37136,0.99874,0.10749
lidar/000967.ply,0.15,800,0.8,0.27956,0.45926,1,0.37309,0.99867,0.10727
lidar/000968.ply,0.15,800,0.8,0.26828,0.44998,1,0.36219,0.99862,0.104
lidar/000969.ply,0.15,800,0.8,0.28466,0.4509,1,0.36755,0.9984,0.11283
lidar/000970.ply,0.15,800,0.8,0.28741,0.45274,1,0.36423,0.99843,0.10251
lidar/000971.ply,0.15,800,0.8,0.26512,0.14242,1,0.00512,0.99893,0.00507
lidar/000972.ply,0.15,800,0.8,0.30477,0.13854,1,0.00183,0.99902,0.00629
lidar/000973.ply,0.15,800,0.8,0.27773,0.14223,1,0.00642,0.99912,0.00813
lidar/000974.ply,0.15,800,0.8,0.26724,0.14489,1,0.01082,0.99952,0.01171
lidar/000975.ply,0.15,800,0.8,0.27935,0.45357,1,0.37302,0.99855,0.11847
lidar/000976.ply,0.15,800,0.8,0.27392,0.45488,1,0.36682,0.9988,0.10351
lidar/000977.ply,0.15,800,0.8,0.26239,0.46767,1,0.38666,0.99894,0.11768
lidar/000978.ply,0.15,800,0.8,0.26916,0.45978,1,0.37907,0.99895,0.11827
lidar/000979.ply,0.15,800,0.8,0.28145,0.45467,1,0.36331,0.99903,0.09698
lidar/000980.ply,0.15,800,0.8,0.27204,0.46362,1,0.38164,0.99866,0.11564
lidar/000981.ply,0.15,800,0.8,0.26638,0.14211,1,0.00658,0.99948,0.00877
lidar/000982.ply,0.15,800,0.8,0.28662,0.14112,1,0.00691,0.99869,0.01117
lidar/000983.ply,0.15,800,0.8,0.26244,0.46147,1,0.38464,0.99439,0.12466
lidar/000984.ply,0.15,800,0.8,0.29058,0.45341,1,0.3768,0.99661,0.12577
lidar/000985.ply,0.15,800,0.8,0.26728,0.13894,1,0.00238,0.99932,0.00669
lidar/000986.ply,0.15,800,0.8,0.26784,0.14211,1,0.00628,0.9996,0.00822
lidar/000987.ply,0.15,800,0.8,0.32126,0.45975,1,0.3778,0.99913,0.11584
lidar/000988.ply,0.15,800,0.8,0.41322,0.14797,1,0.01184,0.99995,0.00774
lidar/000989.ply,0.15,800,0.8,0.40003,0.43487,1,0.34692,0.99848,0.10364
lidar/000990.ply,0.15,800,0.8,0.27656,0.44451,1,0.37012,0.99689,0.13029
lidar/000991.ply,0.15,800,0.8,0.25696,0.45069,1,0.3664,0.99757,0.11071
lidar/000992.ply,0.15,800,0.8,0.27554,0.14421,1,0.00814,0.99974,0.00779
lidar/000993.ply,0.15,800,0.8,0.25309,0.46589,1,0.3857,0.99949,0.11947
lidar/000994.ply,0.15,800,0.8,0.28911,0.44962,1,0.36324,0.99954,0.10711
lidar/000995.ply,0.15,800,0.8,0.31807,0.44512,1,0.35268,0.9997,0.09504
lidar/000996.ply,0.15,800,0.8,0.32605,0.44787,1,0.35038,0.9999,0.08499
lidar/000997.ply,0.15,800,0.8,0.28255,0.44781,1,0.35712,0.99984,0.09858
lidar/000998.ply,0.15,800,0.8,0.28644,0.44859,1,0.35535,0.99987,0.09349
lidar/000999.ply,0.15,800,0.8,0.27339,0.4552,1,0.36576,0.99993,0.1011
lidar/001000.ply,0.15,800,0.8,0.29386,0.44215,1,0.3526,0.99974,0.10082
lidar/001001.ply,0.15,800,0.8,0.27487,0.45827,1,0.37177,0.99992,0.10697
lidar/001002.ply,0.15,800,0.8,0.29139,0.45307,1,0.36493,0.99988,0.10368
lidar/001003.ply,0.15,800,0.8,0.27329,0.44414,1,0.35008,0.99993,0.09185
lidar/001004.ply,0.15,800,0.8,0.29489,0.45637,1,0.3694,0.99995,0.10604
lidar/001005.ply,0.15,800,0.8,0.29602,0.45806,1,0.37426,0.99993,0.11237
lidar/001006.ply,0.15,800,0.8,0.2944,0.44712,1,0.36175,0.99989,0.10923
lidar/001007.ply,0.15,800,0.8,0.28727,0.44332,1,0.355,0.99989,0.10333
lidar/001008.ply,0.15,800,0.8,0.28598,0.44076,1,0.35614,0.99972,0.11067
lidar/001009.ply,0.15,800,0.8,0.48372,0.4333,1,0.34465,0.99974,0.10262
lidar/001010.ply,0.15,800,0.8,0.28341,0.44955,1,0.36628,0.99974,0.11338
lidar/001011.ply,0.15,800,0.8,0.32636,0.44786,1,0.36413,0.99972,0.11244
lidar/001012.ply,0.15,800,0.8,0.33292,0.45056,1,0.3687,0.99972,0.11619
lidar/001013.ply,0.15,800,0.8,0.33916,0.44171,1,0.35924,0.99959,0.11493
lidar/001014.ply,0.15,800,0.8,0.42574,0.1444,1,0.00685,0.99934,0.0047
lidar/001015.ply,0.15,800,0.8,0.28982,0.45694,1,0.37888,0.99969,0.12379
lidar/001016.ply,0.15,800,0.8,0.30305,0.14617,1,0.01085,0.99959,0.00925
lidar/001017.ply,0.15,800,0.8,0.28849,0.14679,1,0.01091,0.99981,0.00817
lidar/001018.ply,0.15,800,0.8,0.26195,0.45402,1,0.37855,0.99939,0.12888
lidar/001019.ply,0.15,800,0.8,0.32116,0.4499,1,0.36553,0.99929,0.11103
lidar/001020.ply,0.15,800,0.8,0.28354,0.44838,1,0.36162,0.99935,0.10627
lidar/001021.ply,0.15,800,0.8,0.32715,0.14244,1,0.00538,0.99938,0.00571
lidar/001022.ply,0.15,800,0.8,0.29424,0.45118,1,0.36746,0.99939,0.11239
lidar/001023.ply,0.15,800,0.8,0.2837,0.44667,1,0.35828,0.99933,0.10302
lidar/001024.ply,0.15,800,0.8,0.3259,0.45577,1,0.37637,0.99911,0.12095
lidar/001025.ply,0.15,800,0.8,0.31219,0.14195,1,0.00416,0.99915,0.00416
lidar/001026.ply,0.15,800,0.8,0.32846,0.46089,1,0.37835,0.99923,0.11469
lidar/001027.ply,0.15,800,0.8,0.37518,0.45697,1,0.37134,0.99951,0.10859
lidar/001028.ply,0.15,800,0.8,0.29758,0.45428,1,0.36913,0.9994,0.10952
lidar/001029.ply,0.15,800,0.8,0.26811,0.46164,1,0.37694,0.9995,0.11046
lidar/001030.ply,0.15,800,0.8,0.30003,0.45786,1,0.37064,0.99935,0.10537
lidar/001031.ply,0.15,800,0.8,0.28837,0.46608,1,0.38459,0.9995,0.11687
lidar/001032.ply,0.15,800,0.8,0.27875,0.46882,1,0.38511,0.99968,0.11248
lidar/001033.ply,0.15,800,0.8,0.30362,0.47386,1,0.38937,0.99967,0.11092
lidar/001034.ply,0.15,800,0.8,0.28448,0.47186,1,0.39241,0.99968,0.12101
lidar/001035.ply,0.15,800,0.8,0.31562,0.4739,1,0.39086,0.99972,0.11383
lidar/001036.ply,0.15,800,0.8,0.28807,0.47192,1,0.37575,0.99951,0.0875
lidar/001037.ply,0.15,800,0.8,0.27982,0.47636,1,0.38856,0.9997,0.10431
lidar/001038.ply,0.15,800,0.8,0.25156,0.48602,1,0.41089,0.99951,0.12959
lidar/001039.ply,0.15,800,0.8,0.29759,0.48964,1,0.40918,0.99934,0.11887
lidar/001040.ply,0.15,800,0.8,0.2782,0.48681,1,0.40804,0.99935,0.12226
lidar/001041.ply,0.15,800,0.8,0.27069,0.487,1,0.40028,0.99899,0.10624
lidar/001042.ply,0.15,800,0.8,0.28137,0.48942,1,0.40484,0.99921,0.11061
lidar/001043.ply,0.15,800,0.8,0.29296,0.48309,1,0.39807,0.99933,0.10975
lidar/001044.ply,0.15,800,0.8,0.30077,0.48444,1,0.40191,0.99925,0.11473
lidar/001045.ply,0.15,800,0.8,0.26412,0.48688,1,0.39996,0.99929,0.10594
lidar/001046.ply,0.15,800,0.8,0.286,0.49191,1,0.40501,0.99908,0.10591
lidar/001047.ply,0.15,800,0.8,0.27,0.48976,1,0.40331,0.99911,0.10684
lidar/001048.ply,0.15,800,0.8,0.27944,0.47772,1,0.38951,0.99941,0.10341
lidar/001049.ply,0.15,800,0.8,0.27863,0.49538,1,0.4124,0.99939,0.11385
lidar/001050.ply,0.15,800,0.8,0.36557,0.49039,1,0.40532,0.99938,0.10968
lidar/001051.ply,0.15,800,0.8,0.29777,0.48772,1,0.40103,0.99948,0.10647
lidar/001052.ply,0.15,800,0.8,0.32373,0.48912,1,0.40662,0.99966,0.11489
lidar/001053.ply,0.15,800,0.8,0.27814,0.48496,1,0.40228,0.9998,0.11457
lidar/001054.ply,0.15,800,0.8,0.37939,0.49504,1,0.41884,0.9998,0.12754
lidar/001055.ply,0.15,800,0.8,0.29462,0.48624,1,0.4051,0.99987,0.11769
lidar/001056.ply,0.15,800,0.8,0.30606,0.47818,1,0.39512,0.99993,0.11386
lidar/001057.ply,0.15,800,0.8,0.35514,0.48673,1,0.40614,0.99988,0.11878
lidar/001058.ply,0.15,800,0.8,0.34921,0.47405,1,0.38656,0.9999,0.10497
lidar/001059.ply,0.15,800,0.8,0.43531,0.48107,1,0.39458,0.99988,0.10699
lidar/001060.ply,0.15,800,0.8,0.30592,0.48438,1,0.40593,0.99998,0.12309
lidar/001061.ply,0.15,800,0.8,0.32099,0.47421,1,0.38843,0.99993,0.10842
lidar/001062.ply,0.15,800,0.8,0.2856,0.4768,1,0.3868,0.99974,0.09991
lidar/001063.ply,0.15,800,0.8,0.32438,0.47232,1,0.38328,0.99988,0.10188
lidar/001064.ply,0.15,800,0.8,0.33711,0.4613,1,0.37112,1.0,0.09963
lidar/001065.ply,0.15,800,0.8,0.2675,0.4819,1,0.40093,0.99999,0.11805
lidar/001066.ply,0.15,800,0.8,0.30195,0.47162,1,0.38276,0.99995,0.10226
lidar/001067.ply,0.15,800,0.8,0.2602,0.48752,1,0.4069,0.99994,0.11873
lidar/001068.ply,0.15,800,0.8,0.27484,0.47534,1,0.38947,0.99996,0.10823
lidar/001069.ply,0.15,800,0.8,0.30601,0.48617,1,0.40879,0.99998,0.12523
lidar/001070.ply,0.15,800,0.8,0.29058,0.47927,1,0.39591,0.99998,0.11327
lidar/001071.ply,0.15,800,0.8,0.3191,0.47412,1,0.38799,0.99997,0.10774
lidar/001072.ply,0.15,800,0.8,0.28182,0.47421,1,0.38995,0.99998,0.11147
lidar/001073.ply,0.15,800,0.8,0.40613,0.4845,1,0.40435,0.99997,0.1197
lidar/001074.ply,0.15,800,0.8,0.34906,0.48641,1,0.41173,0.99994,0.13063
lidar/001075.ply,0.15,800,0.8,0.27928,0.47486,1,0.39485,0.99999,0.11998
lidar/001076.ply,0.15,800,0.8,0.30119,0.48286,1,0.40496,0.99998,0.1242
lidar/001077.ply,0.15,800,0.8,0.41461,0.47612,1,0.39272,0.99997,0.11319
lidar/001078.ply,0.15,800,0.8,0.2642,0.49564,1,0.42211,0.99987,0.13289
lidar/001079.ply,0.15,800,0.8,0.26461,0.48515,1,0.4078,0.99992,0.12527
lidar/001080.ply,0.15,800,0.8,0.27509,0.47684,1,0.3915,0.99994,0.10931
lidar/001081.ply,0.15,800,0.8,0.27629,0.48144,1,0.3988,0.99993,0.1147
lidar/001082.ply,0.15,800,0.8,0.42667,0.47986,1,0.39677,0.99991,0.11381
lidar/001083.ply,0.15,800,0.8,0.27799,0.49269,1,0.41152,0.99983,0.11762
lidar/001084.ply,0.15,800,0.8,0.26508,0.48979,1,0.41049,0.99987,0.12135
lidar/001085.ply,0.15,800,0.8,0.37999,0.48356,1,0.40057,0.99995,0.11401
lidar/001086.ply,0.15,800,0.8,0.32036,0.48423,1,0.40204,0.99991,0.1156
lidar/001087.ply,0.15,800,0.8,0.2852,0.48864,1,0.40927,0.99996,0.12125
lidar/001088.ply,0.15,800,0.8,0.29169,0.48912,1,0.40656,0.99994,0.11486
lidar/001089.ply,0.15,800,0.8,0.27516,0.5058,1,0.434,0.99988,0.13637
lidar/001090.ply,0.15,800,0.8,0.4005,0.4966,1,0.41782,0.99982,0.12239
lidar/001091.ply,0.15,800,0.8,0.25661,0.48772,1,0.40449,0.99978,0.11347
lidar/001092.ply,0.15,800,0.8,0.27635,0.50053,1,0.42541,0.99984,0.12971
lidar/001093.ply,0.15,800,0.8,0.31646,0.48845,1,0.40327,0.99967,0.10954
lidar/001094.ply,0.15,800,0.8,0.27071,0.49293,1,0.40642,0.99949,0.10683
lidar/001095.ply,0.15,800,0.8,0.26405,0.48481,1,0.39514,0.99962,0.10054
lidar/001096.ply,0.15,800,0.8,0.24046,0.49662,1,0.41292,0.99981,0.11254
lidar/001097.ply,0.15,800,0.8,0.2519,0.50407,1,0.4243,0.99979,0.12039
lidar/001098.ply,0.15,800,0.8,0.24399,0.50859,1,0.42527,0.99922,0.11312
lidar/001099.ply,0.15,800,0.8,0.28056,0.49175,1,0.40157,0.9992,0.0994
lidar/001100.ply,0.15,800,0.8,0.25565,0.49647,1,0.4096,0.99932,0.10606
lidar/001101.ply,0.15,800,0.8,0.25352,0.49992,1,0.40976,0.99888,0.09935
lidar/001102.ply,0.15,800,0.8,0.27928,0.49609,1,0.40608,0.99881,0.09961
lidar/001103.ply,0.15,800,0.8,0.24337,0.51186,1,0.43085,0.9987,0.11758
lidar/001104.ply,0.15,800,0.8,0.28756,0.50832,1,0.42495,0.99852,0.11281
lidar/001105.ply,0.15,800,0.8,0.29689,0.4873,1,0.39062,0.99838,0.08615
lidar/001106.ply,0.15,800,0.8,0.2878,0.49613,1,0.40814,0.99874,0.10365
lidar/001107.ply,0.15,800,0.8,0.29429,0.49621,1,0.40499,0.99878,0.09719
lidar/001108.ply,0.15,800,0.8,0.2956,0.4986,1,0.40619,0.99876,0.09481
lidar/001109.ply,0.15,800,0.8,0.28638,0.50557,1,0.4148,0.99839,0.09797
lidar/001110.ply,0.15,800,0.8,0.2842,0.49837,1,0.40324,0.99813,0.0892
lidar/001111.ply,0.15,800,0.8,0.29778,0.50116,1,0.40571,0.99825,0.08857
lidar/001112.ply,0.15,800,0.8,0.29418,0.50461,1,0.41398,0.99837,0.09825
lidar/001113.ply,0.15,800,0.8,0.27412,0.17097,1,0.07099,0.98929,0.07682
lidar/001114.ply,0.15,800,0.8,0.28909,0.50746,1,0.41732,0.99835,0.09924
lidar/001115.ply,0.15,800,0.8,0.27536,0.50627,1,0.4124,0.99825,0.09174
lidar/001116.ply,0.15,800,0.8,0.2738,0.51132,1,0.42324,0.99853,0.10339
lidar/001117.ply,0.15,800,0.8,0.27274,0.51357,1,0.42586,0.99853,0.10415
lidar/001118.ply,0.15,800,0.8,0.28007,0.51841,1,0.43539,0.99821,0.11342
lidar/001119.ply,0.15,800,0.8,0.266,0.50502,1,0.40788,0.99752,0.08498
lidar/001120.ply,0.15,800,0.8,0.26543,0.50984,1,0.41425,0.99764,0.08812
lidar/001121.ply,0.15,800,0.8,0.27568,0.50914,1,0.41531,0.99756,0.0916
lidar/001122.ply,0.15,800,0.8,0.27139,0.51413,1,0.42606,0.99778,0.1032
lidar/001123.ply,0.15,800,0.8,0.26458,0.51348,1,0.41951,0.99699,0.09116
lidar/001124.ply,0.15,800,0.8,0.26142,0.51001,1,0.41527,0.99676,0.08954
lidar/001125.ply,0.15,800,0.8,0.25211,0.51266,1,0.4159,0.99693,0.08554
lidar/001126.ply,0.15,800,0.8,0.28506,0.51562,1,0.42816,0.99725,0.10425
lidar/001127.ply,0.15,800,0.8,0.2741,0.50956,1,0.41409,0.99676,0.08809
lidar/001128.ply,0.15,800,0.8,0.28111,0.50704,1,0.41704,0.99773,0.09932
lidar/001129.ply,0.15,800,0.8,0.27805,0.5051,1,0.41226,0.99741,0.09354
lidar/001130.ply,0.15,800,0.8,0.2912,0.50531,1,0.4094,0.99755,0.08746
lidar/001131.ply,0.15,800,0.8,0.32392,0.5131,1,0.42597,0.99814,0.10519
lidar/001132.ply,0.15,800,0.8,0.27727,0.49952,1,0.40327,0.99766,0.08681
lidar/001133.ply,0.15,800,0.8,0.30585,0.15204,1,0.0455,0.99028,0.06401
lidar/001134.ply,0.15,800,0.8,0.27669,0.50041,1,0.40766,0.99823,0.09397
lidar/001135.ply,0.15,800,0.8,0.27285,0.50132,1,0.40812,0.99838,0.09311
lidar/001136.ply,0.15,800,0.8,0.31792,0.49996,1,0.40753,0.99883,0.09481
lidar/001137.ply,0.15,800,0.8,0.26743,0.50324,1,0.40799,0.99823,0.08897
lidar/001138.ply,0.15,800,0.8,0.29618,0.50469,1,0.41331,0.99762,0.09652
lidar/001139.ply,0.15,800,0.8,0.27432,0.50429,1,0.40745,0.99679,0.08537
lidar/001140.ply,0.15,800,0.8,0.28063,0.5077,1,0.41284,0.99699,0.08939
lidar/001141.ply,0.15,800,0.8,0.29794,0.50931,1,0.41474,0.9968,0.08991
lidar/001142.ply,0.15,800,0.8,0.28896,0.50643,1,0.41014,0.99647,0.08635
lidar/001143.ply,0.15,800,0.8,0.35589,0.51011,1,0.41524,0.99696,0.08935
lidar/001144.ply,0.15,800,0.8,0.28878,0.50484,1,0.41063,0.99742,0.09079
lidar/001145.ply,0.15,800,0.8,0.33793,0.50172,1,0.40337,0.99788,0.08267
lidar/001146.ply,0.15,800,0.8,0.27781,0.51556,1,0.42291,0.99789,0.09406
lidar/001147.ply,0.15,800,0.8,0.37769,0.51313,1,0.42266,0.99822,0.09852
lidar/001148.ply,0.15,800,0.8,0.27724,0.51007,1,0.41366,0.99793,0.08655
lidar/001149.ply,0.15,800,0.8,0.31957,0.52333,1,0.43183,0.99784,0.09637
lidar/001150.ply,0.15,800,0.8,0.25652,0.51828,1,0.42697,0.99774,0.0967
lidar/001151.ply,0.15,800,0.8,0.27889,0.51553,1,0.42054,0.99758,0.08929
lidar/001152.ply,0.15,800,0.8,0.27807,0.51935,1,0.42428,0.99763,0.08915
lidar/001153.ply,0.15,800,0.8,0.30182,0.51957,1,0.42743,0.99771,0.09504
lidar/001154.ply,0.15,800,0.8,0.28016,0.52079,1,0.42604,0.99762,0.08977
lidar/001155.ply,0.15,800,0.8,0.25467,0.52234,1,0.42774,0.99755,0.09007
lidar/001156.ply,0.15,800,0.8,0.26467,0.52423,1,0.43634,0.99786,0.10357
lidar/001157.ply,0.15,800,0.8,0.27934,0.52391,1,0.43341,0.99788,0.09836
lidar/001158.ply,0.15,800,0.8,0.27634,0.52639,1,0.43364,0.99765,0.09379
lidar/001159.ply,0.15,800,0.8,0.24799,0.53158,1,0.43947,0.99724,0.09497
lidar/001160.ply,0.15,800,0.8,0.27151,0.5248,1,0.42948,0.99747,0.08859
lidar/001161.ply,0.15,800,0.8,0.2559,0.53174,1,0.44056,0.99702,0.09674
lidar/001162.ply,0.15,800,0.8,0.26416,0.53271,1,0.44115,0.99667,0.09589
lidar/001163.ply,0.15,800,0.8,0.27295,0.52768,1,0.43383,0.99695,0.09138
lidar/001164.ply,0.15,800,0.8,0.25889,0.53378,1,0.44095,0.99727,0.09353
lidar/001165.ply,0.15,800,0.8,0.25363,0.54242,1,0.45039,0.99734,0.09515
lidar/001166.ply,0.15,800,0.8,0.26024,0.53639,1,0.44291,0.99788,0.0924
lidar/001167.ply,0.15,800,0.8,0.26988,0.53272,1,0.44032,0.99829,0.0947
lidar/001168.ply,0.15,800,0.8,0.27842,0.52654,1,0.42967,0.99873,0.08587
lidar/001169.ply,0.15,800,0.8,0.25211,0.52392,1,0.43036,0.99924,0.09266
lidar/001170.ply,0.15,800,0.8,0.26602,0.53954,1,0.44706,0.99923,0.09481
lidar/001171.ply,0.15,800,0.8,0.23341,0.53228,1,0.44098,0.99954,0.09726
lidar/001172.ply,0.15,800,0.8,0.26885,0.528,1,0.43294,0.99977,0.08982
lidar/001173.ply,0.15,800,0.8,0.26924,0.52703,1,0.43244,0.99977,0.09076
lidar/001174.ply,0.15,800,0.8,0.27049,0.52176,1,0.4265,0.99986,0.08943
lidar/001175.ply,0.15,800,0.8,0.28626,0.53303,1,0.43926,0.99984,0.09242
lidar/001176.ply,0.15,800,0.8,0.28894,0.51455,1,0.419,0.99988,0.08886
lidar/001177.ply,0.15,800,0.8,0.32452,0.50446,1,0.4081,0.99998,0.08727
lidar/001178.ply,0.15,800,0.8,0.32008,0.49947,1,0.39954,1.0,0.08014
lidar/001179.ply,0.15,800,0.8,0.26312,0.51604,1,0.41986,1.0,0.08764
lidar/001180.ply,0.15,800,0.8,0.26382,0.52534,1,0.4287,0.99996,0.0867
lidar/001181.ply,0.15,800,0.8,0.24275,0.51967,1,0.42412,0.99992,0.08886
lidar/001182.ply,0.15,800,0.8,0.28471,0.52359,1,0.42736,0.99992,0.08752
lidar/001183.ply,0.15,800,0.8,0.30966,0.54045,1,0.44797,0.9998,0.09498
lidar/001184.ply,0.15,800,0.8,0.33788,0.52022,1,0.41986,0.99966,0.07917
lidar/001185.ply,0.15,800,0.8,0.28014,0.53228,1,0.43658,0.9996,0.08849
lidar/001186.ply,0.15,800,0.8,0.2591,0.54145,1,0.44391,0.99936,0.08473
lidar/001187.ply,0.15,800,0.8,0.36215,0.54722,1,0.45454,0.99901,0.09435
lidar/001188.ply,0.15,800,0.8,0.27068,0.53599,1,0.43545,0.99902,0.07861
lidar/001189.ply,0.15,800,0.8,0.29091,0.53261,1,0.43598,0.99909,0.08648
lidar/001190.ply,0.15,800,0.8,0.39754,0.53037,1,0.43253,0.99901,0.08402
lidar/001191.ply,0.15,800,0.8,0.27355,0.54237,1,0.44442,0.99874,0.08371
lidar/001192.ply,0.15,800,0.8,0.32836,0.53415,1,0.43509,0.99857,0.08146
lidar/001193.ply,0.15,800,0.8,0.2857,0.53986,1,0.43929,0.99831,0.07836
lidar/001194.ply,0.15,800,0.8,0.25182,0.54138,1,0.44072,0.99832,0.07818
lidar/001195.ply,0.15,800,0.8,0.27036,0.55152,1,0.45414,0.99848,0.08479
lidar/001196.ply,0.15,800,0.8,0.25392,0.55164,1,0.44981,0.99832,0.07583
lidar/001197.ply,0.15,800,0.8,0.26362,0.55597,1,0.4564,0.99778,0.08019
lidar/001198.ply,0.15,800,0.8,0.26693,0.55038,1,0.45113,0.99759,0.08077
lidar/001199.ply,0.15,800,0.8,0.27378,0.54885,1,0.44698,0.99736,0.07546
lidar/001200.ply,0.15,800,0.8,0.34743,0.56212,1,0.46267,0.9972,0.08026
lidar/001201.ply,0.15,800,0.8,0.26929,0.55334,1,0.45189,0.99752,0.07637
lidar/001202.ply,0.15,800,0.8,0.25776,0.55244,1,0.45086,0.99775,0.07616
lidar/001203.ply,0.15,800,0.8,0.24795,0.54583,1,0.4452,0.99809,0.07817
lidar/001204.ply,0.15,800,0.8,0.2668,0.54106,1,0.4395,0.99801,0.07629
lidar/001205.ply,0.15,800,0.8,0.25291,0.55031,1,0.45076,0.99774,0.08022
lidar/001206.ply,0.15,800,0.8,0.26273,0.54245,1,0.43905,0.99803,0.07261
lidar/001207.ply,0.15,800,0.8,0.26486,0.53404,1,0.43256,0.99833,0.07654
lidar/001208.ply,0.15,800,0.8,0.28135,0.53694,1,0.43692,0.99833,0.07945
lidar/001209.ply,0.15,800,0.8,0.28673,0.53819,1,0.44037,0.99843,0.08389
lidar/001210.ply,0.15,800,0.8,0.25532,0.53734,1,0.43745,0.9984,0.07974
lidar/001211.ply,0.15,800,0.8,0.25754,0.54463,1,0.447,0.99864,0.08434
lidar/001212.ply,0.15,800,0.8,0.27598,0.54297,1,0.44076,0.99849,0.07512
lidar/001213.ply,0.15,800,0.8,0.261,0.54887,1,0.44976,0.99862,0.08136
lidar/001214.ply,0.15,800,0.8,0.27508,0.54056,1,0.43792,0.99837,0.07424
lidar/001215.ply,0.15,800,0.8,0.2872,0.54421,1,0.44179,0.9984,0.07468
lidar/001216.ply,0.15,800,0.8,0.25284,0.54406,1,0.44404,0.99851,0.07951
lidar/001217.ply,0.15,800,0.8,0.26622,0.53818,1,0.43568,0.99839,0.07453
lidar/001218.ply,0.15,800,0.8,0.26138,0.54501,1,0.44344,0.99837,0.07637
lidar/001219.ply,0.15,800,0.8,0.26764,0.54353,1,0.4417,0.99836,0.07583
lidar/001220.ply,0.15,800,0.8,0.27369,0.54155,1,0.441,0.99838,0.07841
lidar/001221.ply,0.15,800,0.8,0.25082,0.5486,1,0.44956,0.99836,0.08142
lidar/001222.ply,0.15,800,0.8,0.25671,0.54646,1,0.44539,0.99812,0.07731
lidar/001223.ply,0.15,800,0.8,0.28071,0.54783,1,0.45008,0.99817,0.08395
lidar/001224.ply,0.15,800,0.8,0.26836,0.55007,1,0.45025,0.99809,0.07979
lidar/001225.ply,0.15,800,0.8,0.25904,0.55104,1,0.45043,0.99807,0.07819
lidar/001226.ply,0.15,800,0.8,0.2451,0.56275,1,0.46463,0.99805,0.08316
lidar/001227.ply,0.15,800,0.8,0.24961,0.56796,1,0.47084,0.99802,0.08518
lidar/001228.ply,0.15,800,0.8,0.25064,0.56235,1,0.46385,0.99778,0.08234
lidar/001229.ply,0.15,800,0.8,0.23821,0.56123,1,0.46195,0.99762,0.08071
lidar/001230.ply,0.15,800,0.8,0.23768,0.55966,1,0.46147,0.99779,0.08297
lidar/001231.ply,0.15,800,0.8,0.28433,0.54989,1,0.45192,0.99801,0.08347
lidar/001232.ply,0.15,800,0.8,0.26348,0.55691,1,0.45603,0.99745,0.07746
lidar/001233.ply,0.15,800,0.8,0.24727,0.56526,1,0.46478,0.99715,0.07818
lidar/001234.ply,0.15,800,0.8,0.25148,0.56598,1,0.46887,0.99785,0.08515
lidar/001235.ply,0.15,800,0.8,0.28486,0.54968,1,0.44967,0.99802,0.07937
lidar/001236.ply,0.15,800,0.8,0.2535,0.56728,1,0.46987,0.99802,0.08459
lidar/001237.ply,0.15,800,0.8,0.26043,0.56916,1,0.47394,0.99798,0.08895
lidar/001238.ply,0.15,800,0.8,0.257,0.56189,1,0.46189,0.99784,0.07936
lidar/001239.ply,0.15,800,0.8,0.28338,0.56513,1,0.46901,0.99807,0.08718
lidar/001240.ply,0.15,800,0.8,0.25597,0.57841,1,0.48227,0.99727,0.0869
lidar/001241.ply,0.15,800,0.8,0.24997,0.56697,1,0.47045,0.99734,0.08618
lidar/001242.ply,0.15,800,0.8,0.25375,0.57492,1,0.47782,0.99785,0.08516
lidar/001243.ply,0.15,800,0.8,0.27985,0.57479,1,0.47871,0.99796,0.08723
lidar/001244.ply,0.15,800,0.8,0.27928,0.57281,1,0.4727,0.99783,0.07913
lidar/001245.ply,0.15,800,0.8,0.28286,0.56171,1,0.46522,0.99827,0.08649
lidar/001246.ply,0.15,800,0.8,0.26838,0.55683,1,0.45923,0.99833,0.0843
lidar/001247.ply,0.15,800,0.8,0.26081,0.56924,1,0.47135,0.99847,0.08376
lidar/001248.ply,0.15,800,0.8,0.28267,0.56206,1,0.46641,0.99846,0.08823
lidar/001249.ply,0.15,800,0.8,0.25963,0.57656,1,0.48042,0.9979,0.08707
lidar/001250.ply,0.15,800,0.8,0.23497,0.57674,1,0.48121,0.99772,0.08825
lidar/001251.ply,0.15,800,0.8,0.27339,0.56665,1,0.4675,0.99746,0.08094
lidar/001252.ply,0.15,800,0.8,0.2599,0.57117,1,0.47417,0.99756,0.08527
lidar/001253.ply,0.15,800,0.8,0.24612,0.58474,1,0.48852,0.99743,0.08679
lidar/001254.ply,0.15,800,0.8,0.23898,0.58009,1,0.48058,0.99728,0.08015
lidar/001255.ply,0.15,800,0.8,0.24615,0.58466,1,0.48936,0.99773,0.08871
lidar/001256.ply,0.15,800,0.8,0.25385,0.57546,1,0.47804,0.99812,0.0846
lidar/001257.ply,0.15,800,0.8,0.25659,0.58571,1,0.49309,0.99836,0.09428
lidar/001258.ply,0.15,800,0.8,0.27566,0.5701,1,0.47435,0.99809,0.08792
lidar/001259.ply,0.15,800,0.8,0.24587,0.58691,1,0.49274,0.99752,0.09091
lidar/001260.ply,0.15,800,0.8,0.23721,0.5887,1,0.49537,0.99682,0.09238
lidar/001261.ply,0.15,800,0.8,0.25381,0.58256,1,0.48684,0.99688,0.08762
lidar/001262.ply,0.15,800,0.8,0.25884,0.59065,1,0.50013,0.99739,0.09817
lidar/001263.ply,0.15,800,0.8,0.26537,0.56577,1,0.47205,0.9977,0.09187
lidar/001264.ply,0.15,800,0.8,0.2798,0.58057,1,0.48979,0.99769,0.09775
lidar/001265.ply,0.15,800,0.8,0.26453,0.57483,1,0.48019,0.99758,0.09
lidar/001266.ply,0.15,800,0.8,0.27908,0.55986,1,0.46788,0.99797,0.09543
lidar/001267.ply,0.15,800,0.8,0.27631,0.55537,1,0.45898,0.99766,0.0865
lidar/001268.ply,0.15,800,0.8,0.25748,0.56109,1,0.46895,0.99791,0.09508
lidar/001269.ply,0.15,800,0.8,0.26769,0.56233,1,0.47045,0.99803,0.09564
lidar/001270.ply,0.15,800,0.8,0.28047,0.55054,1,0.45667,0.99781,0.09161
lidar/001271.ply,0.15,800,0.8,0.2771,0.55079,1,0.45747,0.99754,0.09261
lidar/001272.ply,0.15,800,0.8,0.24831,0.55376,1,0.46072,0.99705,0.09303
lidar/001273.ply,0.15,800,0.8,0.27298,0.55486,1,0.46365,0.99743,0.09681
lidar/001274.ply,0.15,800,0.8,0.26962,0.55154,1,0.45809,0.9977,0.09241
lidar/001275.ply,0.15,800,0.8,0.26442,0.56674,1,0.47569,0.99768,0.09721
lidar/001276.ply,0.15,800,0.8,0.27257,0.55348,1,0.4626,0.99756,0.09749
lidar/001277.ply,0.15,800,0.8,0.27208,0.54587,1,0.45842,0.99809,0.10452
lidar/001278.ply,0.15,800,0.8,0.24636,0.55364,1,0.46291,0.99773,0.09786
lidar/001279.ply,0.15,800,0.8,0.25269,0.13411,1,0.06155,0.99829,0.13437
lidar/001280.ply,0.15,800,0.8,0.26536,0.14032,1,0.06676,0.99779,0.13221
lidar/001281.ply,0.15,800,0.8,0.2619,0.55603,1,0.46879,0.99692,0.1046
lidar/001282.ply,0.15,800,0.8,0.26314,0.54266,1,0.4527,0.99718,0.09923
lidar/001283.ply,0.15,800,0.8,0.29912,0.54827,1,0.45874,0.99727,0.10011
lidar/001284.ply,0.15,800,0.8,0.25143,0.55344,1,0.46879,0.99764,0.10999
lidar/001285.ply,0.15,800,0.8,0.27631,0.55064,1,0.47299,0.99789,0.12407
lidar/001286.ply,0.15,800,0.8,0.36068,0.14925,1,0.07382,0.99798,0.12852
lidar/001287.ply,0.15,800,0.8,0.33968,0.15046,1,0.07193,0.99801,0.12235
lidar/001288.ply,0.15,800,0.8,0.29619,0.53343,1,0.44809,0.99728,0.1085
lidar/001289.ply,0.15,800,0.8,0.33699,0.53437,1,0.44823,0.99704,0.10682
lidar/001290.ply,0.15,800,0.8,0.28864,0.53751,1,0.4496,0.99698,0.10327
lidar/001291.ply,0.15,800,0.8,0.30813,0.16234,1,0.08321,0.99772,0.12107
lidar/001292.ply,0.15,800,0.8,0.26229,0.53776,1,0.4523,0.99742,0.1083
lidar/001293.ply,0.15,800,0.8,0.26149,0.1678,1,0.05317,0.99988,0.0507
lidar/001294.ply,0.15,800,0.8,0.26131,0.53139,1,0.44664,0.99764,0.1098
lidar/001295.ply,0.15,800,0.8,0.27063,0.53819,1,0.45393,0.99801,0.11089
lidar/001296.ply,0.15,800,0.8,0.2797,0.53077,1,0.44917,0.99815,0.11625
lidar/001297.ply,0.15,800,0.8,0.27641,0.5429,1,0.46718,0.99833,0.12805
lidar/001298.ply,0.15,800,0.8,0.27176,0.52225,1,0.43681,0.99811,0.10857
lidar/001299.ply,0.15,800,0.8,0.30356,0.51427,1,0.43322,0.99859,0.11748
lidar/001300.ply,0.15,800,0.8,0.26685,0.52975,1,0.4499,0.9986,0.11988
lidar/001301.ply,0.15,800,0.8,0.28347,0.50798,1,0.42208,0.99834,0.10769
lidar/001302.ply,0.15,800,0.8,0.27116,0.51656,1,0.43347,0.99852,0.11338
lidar/001303.ply,0.15,800,0.8,0.27225,0.51525,1,0.43506,0.99873,0.11923
lidar/001304.ply,0.15,800,0.8,0.27834,0.51758,1,0.43642,0.99879,0.11731
lidar/001305.ply,0.15,800,0.8,0.30353,0.53498,1,0.4619,0.99915,0.1336
lidar/001306.ply,0.15,800,0.8,0.3075,0.52338,1,0.44948,0.99903,0.13192
lidar/001307.ply,0.15,800,0.8,0.27535,0.5065,1,0.42649,0.99886,0.11963
lidar/001308.ply,0.15,800,0.8,0.26136,0.51376,1,0.43399,0.99889,0.12014
lidar/001309.ply,0.15,800,0.8,0.26678,0.4979,1,0.41775,0.99918,0.11946
lidar/001310.ply,0.15,800,0.8,0.26119,0.50269,1,0.42855,0.99968,0.13161
lidar/001311.ply,0.15,800,0.8,0.27706,0.52343,1,0.45652,0.99988,0.14615
lidar/001312.ply,0.15,800,0.8,0.26631,0.49798,1,0.41937,0.99961,0.12265
lidar/001313.ply,0.15,800,0.8,0.26976,0.48794,1,0.40673,0.99942,0.11741
lidar/001314.ply,0.15,800,0.8,0.25842,0.49751,1,0.4185,0.99929,0.12178
lidar/001315.ply,0.15,800,0.8,0.26568,0.48393,1,0.4038,0.99911,0.11946
lidar/001316.ply,0.15,800,0.8,0.25633,0.49622,1,0.42071,0.99925,0.12877
lidar/001317.ply,0.15,800,0.8,0.27078,0.49396,1,0.42006,0.99937,0.13201
lidar/001318.ply,0.15,800,0.8,0.26957,0.50423,1,0.43225,0.9993,0.13583
lidar/001319.ply,0.15,800,0.8,0.27878,0.49225,1,0.41117,0.999,0.11753
lidar/001320.ply,0.15,800,0.8,0.2452,0.49692,1,0.42079,0.99891,0.1274
lidar/001321.ply,0.15,800,0.8,0.27062,0.50908,1,0.43943,0.99893,0.14038
lidar/001322.ply,0.15,800,0.8,0.29532,0.51001,1,0.44124,0.99913,0.1422
lidar/001323.ply,0.15,800,0.8,0.25798,0.51292,1,0.44147,0.99962,0.13699
lidar/001324.ply,0.15,800,0.8,0.24555,0.51449,1,0.44279,0.99943,0.13643
lidar/001325.ply,0.15,800,0.8,0.23974,0.497,1,0.41991,0.99915,0.12556
lidar/001326.ply,0.15,800,0.8,0.27009,0.51418,1,0.44551,0.99919,0.14241
lidar/001327.ply,0.15,800,0.8,0.26906,0.50817,1,0.43519,0.9989,0.13371
lidar/001328.ply,0.15,800,0.8,0.25404,0.5136,1,0.4413,0.99896,0.13508
lidar/001329.ply,0.15,800,0.8,0.25277,0.51444,1,0.43454,0.99993,0.12019
lidar/001330.ply,0.15,800,0.8,0.25848,0.52296,1,0.45352,0.99888,0.14079
lidar/001331.ply,0.15,800,0.8,0.25521,0.52285,1,0.4451,0.9999,0.12447
lidar/001332.ply,0.15,800,0.8,0.26486,0.53756,1,0.46916,0.99877,0.14283
lidar/001333.ply,0.15,800,0.8,0.25698,0.15728,1,0.07895,0.99942,0.12318
lidar/001334.ply,0.15,800,0.8,0.23566,0.5603,1,0.49778,0.99877,0.1546
lidar/001335.ply,0.15,800,0.8,0.24921,0.51999,1,0.43613,0.99982,0.11222
lidar/001336.ply,0.15,800,0.8,0.25961,0.53416,1,0.46748,0.99836,0.14614
lidar/001337.ply,0.15,800,0.8,0.25766,0.56141,1,0.49997,0.99869,0.15673
lidar/001338.ply,0.15,800,0.8,0.23995,0.19094,1,0.10712,0.99909,0.1121
lidar/001339.ply,0.15,800,0.8,0.26509,0.55889,1,0.49853,0.99863,0.15886
lidar/001340.ply,0.15,800,0.8,0.25844,0.52561,1,0.44481,0.99956,0.11826
lidar/001341.ply,0.15,800,0.8,0.27015,0.55827,1,0.49911,0.99855,0.16123
lidar/001342.ply,0.15,800,0.8,0.23384,0.52677,1,0.44928,0.99957,0.12488
lidar/001343.ply,0.15,800,0.8,0.23159,0.54859,1,0.48115,0.99922,0.14489
lidar/001344.ply,0.15,800,0.8,0.28147,0.53039,1,0.45571,0.99943,0.13046
lidar/001345.ply,0.15,800,0.8,0.23935,0.51737,1,0.43218,0.99961,0.10951
lidar/001346.ply,0.15,800,0.8,0.25199,0.52688,1,0.45168,0.99967,0.12951
lidar/001347.ply,0.15,800,0.8,0.23963,0.13573,1,0.00213,0.99674,0.01181
lidar/001348.ply,0.15,800,0.8,0.22304,0.52725,1,0.4539,0.99959,0.13318
lidar/001349.ply,0.15,800,0.8,0.22088,0.50395,1,0.4207,0.99976,0.11343
lidar/001350.ply,0.15,800,0.8,0.23042,0.52528,1,0.45085,0.99981,0.13108
lidar/001351.ply,0.15,800,0.8,0.25421,0.52427,1,0.44928,0.9998,0.12996
lidar/001352.ply,0.15,800,0.8,0.21578,0.53531,1,0.46521,0.99988,0.13975
lidar/001353.ply,0.15,800,0.8,0.27664,0.12798,1,0.0013,0.99321,0.0246
lidar/001354.ply,0.15,800,0.8,0.25399,0.51105,1,0.43487,0.99981,0.12758
lidar/001355.ply,0.15,800,0.8,0.23305,0.4983,1,0.4204,0.99988,0.12417
lidar/001356.ply,0.15,800,0.8,0.29704,0.5176,1,0.44849,0.99952,0.14164
lidar/001357.ply,0.15,800,0.8,0.2657,0.53402,1,0.47576,0.99914,0.16323
lidar/001358.ply,0.15,800,0.8,0.27024,0.50488,1,0.43195,0.99967,0.13404
lidar/001359.ply,0.15,800,0.8,0.31454,0.51979,1,0.45361,0.99952,0.1475
lidar/001360.ply,0.15,800,0.8,0.26381,0.51489,1,0.44822,0.99922,0.14642
lidar/001361.ply,0.15,800,0.8,0.26932,0.1297,1,0.00325,0.99191,0.02467
lidar/001362.ply,0.15,800,0.8,0.28249,0.50839,1,0.43943,0.99902,0.1418
lidar/001363.ply,0.15,800,0.8,0.29979,0.49514,1,0.42417,0.99909,0.13778
lidar/001364.ply,0.15,800,0.8,0.29142,0.51837,1,0.45947,0.99822,0.16168
lidar/001365.ply,0.15,800,0.8,0.30787,0.49621,1,0.42682,0.99892,0.14089
lidar/001366.ply,0.15,800,0.8,0.28938,0.49053,1,0.41948,0.99908,0.13762
lidar/001367.ply,0.15,800,0.8,0.29069,0.48785,1,0.41322,0.99935,0.13055
lidar/001368.ply,0.15,800,0.8,0.29497,0.48892,1,0.41828,0.99923,0.13848
lidar/001369.ply,0.15,800,0.8,0.28444,0.49468,1,0.4276,0.99908,0.14555
lidar/001370.ply,0.15,800,0.8,0.28649,0.4648,1,0.40425,0.99787,0.15826
lidar/001371.ply,0.15,800,0.8,0.29252,0.46907,1,0.39701,0.99918,0.13563
lidar/001372.ply,0.15,800,0.8,0.35586,0.47815,1,0.40879,0.99922,0.14105
lidar/001373.ply,0.15,800,0.8,0.25341,0.20635,1,0.12158,0.99448,0.1088
lidar/001374.ply,0.15,800,0.8,0.26623,0.22247,1,0.13512,0.99613,0.10414
lidar/001375.ply,0.15,800,0.8,0.2915,0.14488,1,0.03034,0.9942,0.04918
lidar/001376.ply,0.15,800,0.8,0.29025,0.21455,1,0.12781,0.99569,0.10521
lidar/001377.ply,0.15,800,0.8,0.31228,0.12708,1,0.03781,0.9938,0.09961
lidar/001378.ply,0.15,800,0.8,0.24485,0.21824,1,0.13394,0.99658,0.11038
lidar/001379.ply,0.15,800,0.8,0.31465,0.1402,1,0.03245,0.99476,0.06293
lidar/001380.ply,0.15,800,0.8,0.39671,0.14189,1,0.04213,0.99525,0.07906
lidar/001381.ply,0.15,800,0.8,0.46354,0.14667,1,0.03189,0.99581,0.04919
lidar/001382.ply,0.15,800,0.8,0.25508,0.42365,1,0.36634,0.99785,0.16474
lidar/001383.ply,0.15,800,0.8,0.31336,0.15285,1,0.04774,0.99563,0.06848
lidar/001384.ply,0.15,800,0.8,0.33244,0.14902,1,0.04537,0.99548,0.07135
lidar/001385.ply,0.15,800,0.8,0.29597,0.13425,1,0.00936,0.99761,0.0295
lidar/001386.ply,0.15,800,0.8,0.25775,0.18855,1,0.08526,0.99934,0.07323
lidar/001387.ply,0.15,800,0.8,0.28229,0.16686,1,0.04797,0.99975,0.04214
lidar/001388.ply,0.15,800,0.8,0.26014,0.17966,1,0.06767,0.99974,0.05594
lidar/001389.ply,0.15,800,0.8,0.27677,0.16907,1,0.05656,0.99986,0.05494
lidar/001390.ply,0.15,800,0.8,0.32555,0.13211,1,0.0072,0.99774,0.02951
lidar/001391.ply,0.15,800,0.8,0.25076,0.16345,1,0.04803,0.99988,0.04911
lidar/001392.ply,0.15,800,0.8,0.3027,0.12945,1,0.0109,0.99939,0.04271
lidar/001393.ply,0.15,800,0.8,0.26267,0.129,1,0.01043,0.99879,0.04251
lidar/001394.ply,0.15,800,0.8,0.24915,0.15705,1,0.04624,0.99994,0.05837
lidar/001395.ply,0.15,800,0.8,0.27681,0.14073,1,0.02944,0.99952,0.05728
lidar/001396.ply,0.15,300,0.8,0.52229,0.13163,1,0.01242,0.99859,0.04115
lidar/001397.ply,0.15,800,0.8,0.32585,0.14931,1,0.03601,0.99945,0.05323
lidar/001398.ply,0.15,800,0.8,0.32718,0.14106,1,0.02731,0.9996,0.05238
lidar/001399.ply,0.15,300,0.8,0.58919,0.14337,1,0.01464,0.99998,0.02253
lidar/001400.ply,0.15,300,0.8,0.48052,0.14485,1,0.01571,0.99995,0.02172
lidar/001401.ply,0.15,800,0.8,0.27584,0.13916,1,0.0062,0.99985,0.01403
lidar/001402.ply,0.15,800,0.8,0.26132,0.13635,1,0.02668,0.99898,0.06035
lidar/001403.ply,0.15,800,0.8,0.26805,0.1428,1,0.01382,0.99996,0.02204
lidar/001404.ply,0.15,800,0.8,0.30413,0.13824,1,0.02603,0.99944,0.05542
lidar/001405.ply,0.15,800,0.8,0.29975,0.13722,1,0.02211,0.9999,0.04975
lidar/001406.ply,0.15,800,0.8,0.25394,0.14626,1,0.01314,0.99992,0.01373
lidar/001407.ply,0.15,800,0.8,0.33726,0.48636,1,0.41539,0.99842,0.13759
lidar/001408.ply,0.15,800,0.8,0.29799,0.49523,1,0.42642,0.99846,0.14192
lidar/001409.ply,0.15,800,0.8,0.25911,0.13249,1,0.02074,0.99971,0.05642
lidar/001410.ply,0.15,300,0.8,0.48701,0.13025,1,0.02136,0.99969,0.06213
lidar/001411.ply,0.15,800,0.8,0.29438,0.13013,1,0.02046,0.99957,0.06053
lidar/001412.ply,0.15,800,0.8,0.27733,0.12892,1,0.01937,0.9996,0.06078
lidar/001413.ply,0.15,800,0.8,0.33,0.12764,1,0.02178,0.9997,0.06819
lidar/001414.ply,0.15,800,0.8,0.28048,0.4884,1,0.41922,0.99916,0.14139
lidar/001415.ply,0.15,800,0.8,0.27428,0.12932,1,0.0231,0.99954,0.06742
lidar/001416.ply,0.15,800,0.8,0.31235,0.12618,1,0.02452,0.99983,0.07662
lidar/001417.ply,0.15,300,0.8,0.52371,0.12522,1,0.02282,0.9998,0.07513
lidar/001418.ply,0.15,800,0.8,0.30779,0.12294,1,0.02156,0.99971,0.07715
lidar/001419.ply,0.15,800,0.8,0.28382,0.12063,1,0.02152,0.99946,0.08163
lidar/001420.ply,0.15,800,0.8,0.2751,0.48653,1,0.41536,0.9997,0.13757
lidar/001421.ply,0.15,800,0.8,0.28081,0.11705,1,0.01968,0.99924,0.08505
lidar/001422.ply,0.15,800,0.8,0.31059,0.48699,1,0.41717,0.99959,0.14024
lidar/001423.ply,0.15,800,0.8,0.28993,0.48765,1,0.4169,0.99941,0.13831
lidar/001424.ply,0.15,800,0.8,0.2788,0.11762,1,0.01805,0.99933,0.08065
lidar/001425.ply,0.15,800,0.8,0.29835,0.11965,1,0.0183,0.99957,0.07716
lidar/001426.ply,0.15,800,0.8,0.27427,0.48463,1,0.41629,0.99964,0.14322
lidar/001427.ply,0.15,800,0.8,0.26683,0.13614,1,0.00407,0.99974,0.01579
lidar/001428.ply,0.15,800,0.8,0.27562,0.48316,1,0.41386,0.99979,0.14134
lidar/001429.ply,0.15,800,0.8,0.27606,0.46933,1,0.39896,0.99976,0.13919
lidar/001430.ply,0.15,800,0.8,0.26232,0.46865,1,0.39872,0.99969,0.14005
lidar/001431.ply,0.15,800,0.8,0.29687,0.11274,1,0.01563,0.99905,0.0855
lidar/001432.ply,0.15,800,0.8,0.27091,0.46075,1,0.39206,0.9996,0.14249
lidar/001433.ply,0.15,800,0.8,0.2952,0.46655,1,0.39805,0.99975,0.14292
lidar/001434.ply,0.15,800,0.8,0.30902,0.11252,1,0.01543,0.99795,0.08521
lidar/001435.ply,0.15,800,0.8,0.28346,0.45643,1,0.38903,0.99954,0.14505
lidar/001436.ply,0.15,800,0.8,0.2842,0.46293,1,0.39368,0.9997,0.14141
lidar/001437.ply,0.15,800,0.8,0.31115,0.46011,1,0.39458,0.99961,0.14884
lidar/001438.ply,0.15,800,0.8,0.2836,0.46294,1,0.39738,0.99973,0.1488
lidar/001439.ply,0.15,800,0.8,0.29663,0.11718,1,0.0054,0.99169,0.05396
lidar/001440.ply,0.15,800,0.8,0.30046,0.45575,1,0.39085,0.99972,0.15012
lidar/001441.ply,0.15,800,0.8,0.26332,0.45126,1,0.38773,0.99947,0.15278
lidar/001442.ply,0.15,800,0.8,0.29825,0.13049,1,0.00532,0.99703,0.02877
lidar/001443.ply,0.15,800,0.8,0.28289,0.11095,1,0.00702,0.99649,0.07107
lidar/001444.ply,0.15,800,0.8,0.29651,0.45567,1,0.39143,0.99942,0.15135
lidar/001445.ply,0.15,800,0.8,0.34109,0.44353,1,0.37938,0.99965,0.15159
lidar/001446.ply,0.15,800,0.8,0.33112,0.44271,1,0.37816,0.99944,0.15072
lidar/001447.ply,0.15,800,0.8,0.28566,0.45524,1,0.3938,0.99963,0.15701
lidar/001448.ply,0.15,800,0.8,0.28866,0.12095,1,0.00706,0.98936,0.04903
lidar/001449.ply,0.15,800,0.8,0.33616,0.13812,1,0.00722,0.99999,0.0182
lidar/001450.ply,0.15,800,0.8,0.29927,0.44421,1,0.3814,0.99968,0.15429
lidar/001451.ply,0.15,800,0.8,0.28441,0.11246,1,0.00396,0.99092,0.06027
lidar/001452.ply,0.15,800,0.8,0.27638,0.11979,1,0.00397,0.99049,0.04551
lidar/001453.ply,0.15,800,0.8,0.28717,0.12184,1,0.00761,0.99814,0.05099
lidar/001454.ply,0.15,800,0.8,0.27879,0.42749,1,0.36629,0.99954,0.15745
lidar/001455.ply,0.15,800,0.8,0.27573,0.14087,1,0.03218,0.99947,0.06245
lidar/001456.ply,0.15,800,0.8,0.32773,0.14074,1,0.03061,0.99941,0.05957
lidar/001457.ply,0.15,800,0.8,0.29414,0.11823,1,0.00604,0.98893,0.0523
lidar/001458.ply,0.15,800,0.8,0.27193,0.14333,1,0.04157,0.9992,0.07626
lidar/001459.ply,0.15,800,0.8,0.32788,0.14317,1,0.0325,0.99937,0.05848
lidar/001460.ply,0.15,800,0.8,0.26436,0.14893,1,0.03806,0.99924,0.05803
lidar/001461.ply,0.15,800,0.8,0.2701,0.14686,1,0.03289,0.9993,0.05186
lidar/001462.ply,0.15,800,0.8,0.29661,0.11725,1,0.00567,0.99344,0.05486
lidar/001463.ply,0.15,800,0.8,0.24579,0.1438,1,0.02748,0.99947,0.04719
lidar/001464.ply,0.15,800,0.8,0.37248,0.11165,1,0.00345,0.99351,0.06165
lidar/001465.ply,0.15,800,0.8,0.33902,0.14645,1,0.02745,0.99921,0.04177
lidar/001466.ply,0.15,300,0.8,0.55587,0.14283,1,0.02078,0.99933,0.03569
lidar/001467.ply,0.15,800,0.8,0.28126,0.15924,1,0.04825,0.99924,0.0578
lidar/001468.ply,0.15,300,0.8,0.49361,0.14544,1,0.02812,0.99917,0.04511
lidar/001469.ply,0.15,300,0.8,0.47661,0.13133,1,0.02029,0.99908,0.05765
lidar/001470.ply,0.15,300,0.8,0.4375,0.14281,1,0.02985,0.99914,0.05382
lidar/001471.ply,0.15,300,0.8,0.45179,0.14669,1,0.03082,0.99922,0.04803
lidar/001472.ply,0.15,300,0.8,0.44754,0.14487,1,0.03294,0.99885,0.05579
lidar/001473.ply,0.15,300,0.8,0.44761,0.14733,1,0.03637,0.99906,0.0578
lidar/001474.ply,0.15,800,0.8,0.29733,0.14079,1,0.02468,0.99923,0.04753
lidar/001475.ply,0.15,300,0.8,0.54821,0.14045,1,0.00847,0.99914,0.01578
lidar/001476.ply,0.15,300,0.8,0.41929,0.15141,1,0.04176,0.99827,0.06018
lidar/001477.ply,0.15,300,0.8,0.40567,0.14722,1,0.03832,0.99862,0.06178
lidar/001478.ply,0.15,300,0.8,0.38295,0.14666,1,0.03323,0.99868,0.05273
lidar/001479.ply,0.15,300,0.8,0.41156,0.15428,1,0.04616,0.99818,0.06321
lidar/001480.ply,0.15,300,0.8,0.4542,0.14207,1,0.03632,0.99817,0.06795
lidar/001481.ply,0.15,300,0.8,0.4817,0.15067,1,0.04421,0.99791,0.06646
lidar/001482.ply,0.15,300,0.8,0.43385,0.1389,1,0.02083,0.9986,0.04344
lidar/001483.ply,0.15,300,0.8,0.40544,0.14565,1,0.03747,0.99785,0.063
lidar/001484.ply,0.15,300,0.8,0.39133,0.14324,1,0.0349,0.99756,0.06258
lidar/001485.ply,0.15,300,0.8,0.39435,0.15451,1,0.04704,0.99745,0.06429
lidar/001486.ply,0.15,300,0.8,0.40893,0.13928,1,0.02026,0.99854,0.04153
lidar/001487.ply,0.15,300,0.8,0.45044,0.1395,1,0.02977,0.99834,0.06004
lidar/001488.ply,0.15,300,0.8,0.39882,0.14066,1,0.03336,0.9987,0.06502
lidar/001489.ply,0.15,300,0.8,0.3908,0.14244,1,0.02541,0.99878,0.04559
lidar/001490.ply,0.15,300,0.8,0.35203,0.1562,1,0.0437,0.99789,0.05436
lidar/001491.ply,0.15,300,0.8,0.38455,0.15471,1,0.04352,0.99758,0.0569
lidar/001492.ply,0.15,300,0.8,0.46705,0.13574,1,0.02305,0.99815,0.05405
lidar/001493.ply,0.15,300,0.8,0.425,0.15008,1,0.04062,0.99719,0.06023
lidar/001494.ply,0.15,300,0.8,0.38746,0.152,1,0.03985,0.99612,0.05454
lidar/001495.ply,0.15,300,0.8,0.43515,0.14317,1,0.03041,0.99619,0.05333
lidar/001496.ply,0.15,300,0.8,0.36229,0.1383,1,0.01948,0.99716,0.0415
lidar/001497.ply,0.15,300,0.8,0.37796,0.15574,1,0.04683,0.99594,0.06097
lidar/001498.ply,0.15,300,0.8,0.39507,0.13459,1,0.02717,0.99746,0.0644
lidar/001499.ply,0.15,300,0.8,0.39331,0.15117,1,0.03959,0.99621,0.0557
lidar/001500.ply,0.15,300,0.8,0.3696,0.14102,1,0.03206,0.99707,0.06121
lidar/001501.ply,0.15,300,0.8,0.37316,0.14816,1,0.03644,0.99654,0.05553
lidar/001502.ply,0.15,300,0.8,0.3513,0.13097,1,0.02686,0.99796,0.07116
lidar/001503.ply,0.15,300,0.8,0.35193,0.14763,1,0.03489,0.99657,0.05349
lidar/001504.ply,0.15,300,0.8,0.39089,0.14005,1,0.02289,0.99707,0.0448
lidar/001505.ply,0.15,300,0.8,0.40888,0.1275,1,0.02278,0.99733,0.06976
lidar/001506.ply,0.15,300,0.8,0.41199,0.12837,1,0.01507,0.99684,0.05245
lidar/001507.ply,0.15,300,0.8,0.38236,0.12268,1,0.0155,0.99771,0.06496
lidar/001508.ply,0.15,300,0.8,0.36464,0.14381,1,0.02438,0.99468,0.03955
lidar/001509.ply,0.15,300,0.8,0.35512,0.1439,1,0.02603,0.99417,0.04252
lidar/001510.ply,0.15,300,0.8,0.3742,0.12808,1,0.01623,0.99633,0.05521
lidar/001511.ply,0.15,300,0.8,0.39139,0.13466,1,0.01382,0.99451,0.03666
lidar/001512.ply,0.15,300,0.8,0.38131,0.13563,1,0.01608,0.99458,0.03927
lidar/001513.ply,0.15,800,0.8,0.24984,0.14382,1,0.02269,0.99348,0.03578
lidar/001514.ply,0.15,800,0.8,0.26115,0.14167,1,0.0207,0.99328,0.03604
lidar/001515.ply,0.15,300,0.8,0.3072,0.12876,1,0.0113,0.99502,0.04359
lidar/001516.ply,0.15,300,0.8,0.33768,0.14108,1,0.01817,0.99297,0.03208
lidar/001517.ply,0.15,300,0.8,0.30269,0.13671,1,0.01507,0.99346,0.03475
lidar/001518.ply,0.15,300,0.8,0.3403,0.1357,1,0.01404,0.99347,0.03472
lidar/001519.ply,0.15,300,0.8,0.35273,0.13575,1,0.01354,0.99402,0.03377
lidar/001520.ply,0.15,300,0.8,0.32267,0.13504,1,0.01273,0.99398,0.03358
lidar/001521.ply,0.15,300,0.8,0.36449,0.1296,1,0.00954,0.99334,0.03789
lidar/001522.ply,0.15,800,0.8,0.26071,0.17553,1,0.10918,0.95069,0.13249
lidar/001523.ply,0.15,300,0.8,0.37628,0.13166,1,0.01013,0.99289,0.03479
lidar/001524.ply,0.15,300,0.8,0.36227,0.13056,1,0.00655,0.992,0.02958
lidar/001525.ply,0.3,300,0.8,0.30657,0.13553,1,0.0054,0.99364,0.01783
lidar/001526.ply,0.15,300,0.8,0.34794,0.1169,1,0.01291,0.99367,0.07011
lidar/001527.ply,0.15,300,0.8,0.35635,0.12996,1,0.00841,0.99046,0.03404
lidar/001528.ply,0.15,300,0.8,0.33761,0.12868,1,0.00704,0.99083,0.03396
lidar/001529.ply,0.15,800,0.8,0.23723,0.18368,1,0.11418,0.94706,0.12513
lidar/001530.ply,0.15,300,0.8,0.33368,0.11837,1,0.01136,0.99629,0.06487
lidar/001531.ply,0.15,300,0.8,0.32563,0.10386,1,0.00789,0.99131,0.08544
lidar/001532.ply,0.15,300,0.8,0.34482,0.10611,1,0.00935,0.99114,0.08381
lidar/001533.ply,0.15,300,0.8,0.29075,0.15153,1,0.07542,0.98839,0.1243
lidar/001534.ply,0.15,300,0.8,0.30016,0.19817,1,0.13094,0.97828,0.13902
lidar/001535.ply,0.15,300,0.8,0.31488,0.22631,1,0.15298,0.98697,0.12943
lidar/001536.ply,0.15,300,0.8,0.29372,0.18544,1,0.11595,0.98942,0.13785
lidar/001537.ply,0.15,300,0.8,0.29167,0.12295,1,0.01398,0.99516,0.06062
lidar/001538.ply,0.15,300,0.8,0.28113,0.22487,1,0.15829,0.97795,0.14022
lidar/001539.ply,0.15,300,0.8,0.29328,0.19429,1,0.12297,0.95117,0.1227
lidar/001540.ply,0.15,300,0.8,0.26698,0.19283,1,0.12045,0.94707,0.11936
lidar/001541.ply,0.15,300,0.8,0.27359,0.19905,1,0.12536,0.94487,0.11608
lidar/001542.ply,0.15,800,0.8,0.25185,0.19936,1,0.12832,0.94575,0.12164
lidar/001543.ply,0.15,800,0.8,0.24679,0.19625,1,0.12362,0.93481,0.11518
lidar/001544.ply,0.15,300,0.8,0.27306,0.08458,1,0.01118,0.90265,0.10398
lidar/001545.ply,0.15,800,0.8,0.24978,0.10752,1,0.04665,0.80495,0.09976
lidar/001546.ply,0.15,800,0.8,0.23707,0.23198,1,0.1677,0.9688,0.14208
lidar/001547.ply,0.15,300,0.8,0.27434,0.22877,1,0.16355,0.969,0.14026
lidar/001548.ply,0.15,300,0.8,0.27298,0.22776,1,0.16051,0.98666,0.14151
lidar/001549.ply,0.15,800,0.8,0.23567,0.1229,1,0.08253,0.95039,0.18438
lidar/001550.ply,0.15,800,0.8,0.22743,0.10266,1,0.04514,0.87995,0.12895
lidar/001551.ply,0.15,800,0.8,0.27237,0.10194,1,0.03948,0.85218,0.11072
lidar/001552.ply,0.15,800,0.8,0.23628,0.09974,1,0.03624,0.84084,0.10524
lidar/001553.ply,0.15,300,0.8,0.2542,0.24331,1,0.17653,0.95464,0.13283
lidar/001554.ply,0.15,300,0.8,0.27971,0.09922,1,0.03549,0.84151,0.10498
lidar/001555.ply,0.15,800,0.8,0.22978,0.09981,1,0.03212,0.82435,0.09193
lidar/001556.ply,0.15,300,0.8,0.2609,0.12567,1,0.00715,0.99626,0.04184
lidar/001557.ply,0.15,800,0.8,0.21307,0.10017,1,0.03469,0.84115,0.10138
lidar/001558.ply,0.15,300,0.8,0.26032,0.09621,1,0.03423,0.81584,0.10079
lidar/001559.ply,0.15,800,0.8,0.2331,0.10253,1,0.04679,0.88608,0.13435
lidar/001560.ply,0.15,300,0.8,0.26821,0.09278,1,0.02773,0.85732,0.10709
lidar/001561.ply,0.15,300,0.8,0.27065,0.24221,1,0.17939,0.95242,0.14009
lidar/001562.ply,0.15,800,0.8,0.21694,0.10541,1,0.04225,0.85877,0.11132
lidar/001563.ply,0.15,800,0.8,0.21597,0.10284,1,0.04014,0.84559,0.10826
lidar/001564.ply,0.15,800,0.8,0.22695,0.10773,1,0.03927,0.86403,0.10229
lidar/001565.ply,0.15,300,0.8,0.25646,0.10403,1,0.03877,0.83853,0.10104
lidar/001566.ply,0.15,300,0.8,0.25385,0.13279,1,0.00752,0.99986,0.02941
lidar/001567.ply,0.15,300,0.8,0.23775,0.09657,1,0.03031,0.83814,0.09891
lidar/001568.ply,0.15,300,0.8,0.2628,0.10367,1,0.03691,0.87051,0.10764
lidar/001569.ply,0.15,300,0.8,0.23785,0.24395,1,0.17874,0.94867,0.13416
lidar/001570.ply,0.15,300,0.8,0.24425,0.10167,1,0.03705,0.80881,0.09341
lidar/001571.ply,0.15,800,0.8,0.20546,0.24619,1,0.18038,0.94873,0.133
lidar/001572.ply,0.15,300,0.8,0.24944,0.09148,1,0.02908,0.80195,0.09578
lidar/001573.ply,0.15,300,0.8,0.23306,0.09574,1,0.03172,0.86265,0.11076
lidar/001574.ply,0.15,800,0.8,0.22116,0.1007,1,0.03324,0.85211,0.10073
lidar/001575.ply,0.15,800,0.8,0.21746,0.09541,1,0.03257,0.89009,0.12135
lidar/001576.ply,0.15,300,0.8,0.24021,0.10117,1,0.03157,0.8847,0.10621
lidar/001577.ply,0.15,300,0.8,0.24408,0.10023,1,0.03123,0.8331,0.09193
lidar/001578.ply,0.15,300,0.8,0.2374,0.09576,1,0.0304,0.81759,0.09456
lidar/001579.ply,0.15,800,0.8,0.19738,0.10251,1,0.03316,0.83867,0.0929
lidar/001580.ply,0.15,800,0.8,0.25482,0.09861,1,0.03061,0.87751,0.10726
lidar/001581.ply,0.15,800,0.8,0.21464,0.06999,1,0.00287,0.87405,0.10798
lidar/001582.ply,0.15,800,0.8,0.21107,0.09338,1,0.0357,0.89239,0.13236
lidar/001583.ply,0.15,800,0.8,0.20214,0.09776,1,0.02964,0.91666,0.11875
lidar/001584.ply,0.15,300,0.8,0.22713,0.0991,1,0.0363,0.87081,0.11563
lidar/001585.ply,0.15,300,0.8,0.24563,0.09341,1,0.03488,0.81168,0.10644
lidar/001586.ply,0.15,800,0.8,0.22873,0.10302,1,0.03619,0.82264,0.09312
lidar/001587.ply,0.15,300,0.8,0.24217,0.33705,1,0.25915,0.97633,0.1171
lidar/001588.ply,0.15,300,0.8,0.23824,0.0938,1,0.03058,0.84884,0.10821
lidar/001589.ply,0.15,800,0.8,0.2123,0.09445,1,0.03392,0.88609,0.12477
lidar/001590.ply,0.15,800,0.8,0.20084,0.10625,1,0.03654,0.83032,0.08968
lidar/001591.ply,0.15,800,0.8,0.21056,0.08458,1,0.03262,0.90193,0.14667
lidar/001592.ply,0.15,300,0.8,0.23448,0.09401,1,0.02815,0.81921,0.09403
lidar/001593.ply,0.15,300,0.8,0.24933,0.08942,1,0.0286,0.92354,0.13542
lidar/001594.ply,0.15,300,0.8,0.25494,0.098,1,0.03642,0.87545,0.11948
lidar/001595.ply,0.15,300,0.8,0.26039,0.09918,1,0.03532,0.87262,0.11406
lidar/001596.ply,0.15,800,0.8,0.24625,0.08257,1,0.02236,0.92325,0.13657
lidar/001597.ply,0.15,300,0.8,0.27378,0.13368,1,0.00088,0.97658,0.00736
lidar/001598.ply,0.15,300,0.8,0.24058,0.09056,1,0.03579,0.846,0.12426
lidar/001599.ply,0.15,800,0.8,0.20236,0.08056,1,0.03252,0.90105,0.15424
lidar/001600.ply,0.15,300,0.8,0.23238,0.10127,1,0.0382,0.80819,0.09631
lidar/001601.ply,0.15,300,0.8,0.23915,0.35996,1,0.28287,0.96999,0.11682
lidar/001602.ply,0.15,300,0.8,0.24301,0.36268,1,0.28563,0.96897,0.11658
lidar/001603.ply,0.15,800,0.8,0.20282,0.09518,1,0.02958,0.8261,0.09662
lidar/001604.ply,0.15,300,0.8,0.22502,0.09364,1,0.0387,0.89718,0.13928
lidar/001605.ply,0.15,300,0.8,0.23337,0.36108,1,0.28495,0.96944,0.11856
lidar/001606.ply,0.15,300,0.8,0.21753,0.07906,1,0.00378,0.80277,0.07026
lidar/001607.ply,0.15,800,0.8,0.18974,0.10512,1,0.04362,0.86921,0.11776
lidar/001608.ply,0.15,800,0.8,0.20083,0.36859,1,0.29539,0.9651,0.12315
lidar/001609.ply,0.15,800,0.8,0.20697,0.07209,1,0.00799,0.84018,0.10385
lidar/001610.ply,0.15,300,0.8,0.21668,0.10393,1,0.0422,0.86789,0.11691
lidar/001611.ply,0.15,300,0.8,0.21555,0.09487,1,0.02524,0.83606,0.09155
lidar/001612.ply,0.15,800,0.8,0.21731,0.0868,1,0.03278,0.88852,0.13853
lidar/001613.ply,0.15,800,0.8,0.17999,0.36527,1,0.29352,0.965,0.126
lidar/001614.ply,0.15,800,0.8,0.20503,0.36615,1,0.2955,0.9634,0.12771
lidar/001615.ply,0.15,800,0.8,0.19182,0.36619,1,0.29731,0.96086,0.1305
lidar/001616.ply,0.15,300,0.8,0.2148,0.09332,1,0.02716,0.81329,0.09168
lidar/001617.ply,0.15,300,0.8,0.20589,0.09201,1,0.01745,0.84183,0.08344
lidar/001618.ply,0.15,800,0.8,0.18271,0.08631,1,0.02903,0.87627,0.12831
lidar/001619.ply,0.15,800,0.8,0.16649,0.08124,1,0.01264,0.8469,0.09686
lidar/001620.ply,0.15,800,0.8,0.18782,0.09957,1,0.03773,0.81597,0.1011
lidar/001621.ply,0.15,800,0.8,0.18773,0.08236,1,0.02053,0.83416,0.10657
lidar/001622.ply,0.15,800,0.8,0.18843,0.12982,1,0.00416,0.96474,0.01811
lidar/001623.ply,0.15,800,0.8,0.17982,0.09761,1,0.03545,0.86728,0.11588
lidar/001624.ply,0.15,800,0.8,0.17389,0.25378,1,0.17625,0.9315,0.10438
lidar/001625.ply,0.15,800,0.8,0.19079,0.12173,1,0.00691,0.94846,0.0349
lidar/001626.ply,0.15,800,0.8,0.18865,0.08733,1,0.01555,0.86474,0.09588
lidar/001627.ply,0.15,800,0.8,0.17283,0.25727,1,0.18115,0.93985,0.10972
lidar/001628.ply,0.15,800,0.8,0.1667,0.09818,1,0.03121,0.84159,0.09854
lidar/001629.ply,0.15,800,0.8,0.17496,0.10171,1,0.03717,0.82231,0.09761
lidar/001630.ply,0.15,800,0.8,0.17233,0.25953,1,0.18298,0.93877,0.10853
lidar/001631.ply,0.15,800,0.8,0.23301,0.09126,1,0.01266,0.87862,0.08638
lidar/001632.ply,0.15,800,0.8,0.22222,0.23429,1,0.16606,0.97686,0.1366
lidar/001633.ply,0.15,800,0.8,0.20995,0.0825,1,0.02116,0.84771,0.11164
lidar/001634.ply,0.15,800,0.8,0.21796,0.13208,1,0.00065,0.99935,0.01695
lidar/001635.ply,0.15,800,0.8,0.20115,0.12919,1,0.00567,0.94394,0.01615
lidar/001636.ply,0.15,800,0.8,0.19851,0.26341,1,0.18494,0.94745,0.10728
lidar/001637.ply,0.15,800,0.8,0.20391,0.25921,1,0.18139,0.94676,0.1084
lidar/001638.ply,0.15,800,0.8,0.19438,0.26208,1,0.18428,0.94078,0.10663
lidar/001639.ply,0.15,800,0.8,0.19686,0.11114,1,0.0481,0.83436,0.10422
lidar/001640.ply,0.15,800,0.8,0.18986,0.08941,1,0.02618,0.85906,0.11127
lidar/001641.ply,0.15,800,0.8,0.18952,0.26993,1,0.19584,0.93752,0.11308
lidar/001642.ply,0.15,800,0.8,0.19561,0.09926,1,0.02593,0.8613,0.09173
lidar/001643.ply,0.15,300,0.8,0.21186,0.12399,1,0.05714,0.84845,0.10083
lidar/001644.ply,0.15,800,0.8,0.19526,0.10032,1,0.03653,0.81371,0.09653
lidar/001645.ply,0.15,800,0.8,0.1847,0.08277,1,0.01901,0.86358,0.11155
lidar/001646.ply,0.15,800,0.8,0.20321,0.0922,1,0.02274,0.86646,0.10101
lidar/001647.ply,0.15,800,0.8,0.20358,0.28127,1,0.20762,0.93865,0.11428
lidar/001648.ply,0.15,800,0.8,0.19976,0.28032,1,0.20611,0.93718,0.11274
lidar/001649.ply,0.15,800,0.8,0.17933,0.29203,1,0.21932,0.94004,0.11659
lidar/001650.ply,0.15,800,0.8,0.19419,0.28406,1,0.21148,0.93439,0.11515
lidar/001651.ply,0.15,800,0.8,0.20426,0.28687,1,0.2143,0.94115,0.11721
lidar/001652.ply,0.15,800,0.8,0.20328,0.28395,1,0.21116,0.94024,0.1165
lidar/001653.ply,0.15,800,0.8,0.2065,0.28927,1,0.21702,0.94028,0.11759
lidar/001654.ply,0.15,800,0.8,0.18916,0.15092,1,0.07963,0.95963,0.12532
lidar/001655.ply,0.15,800,0.8,0.19597,0.07984,1,0.00462,0.90217,0.10021
lidar/001656.ply,0.15,800,0.8,0.21118,0.28089,1,0.20652,0.9439,0.11443
lidar/001657.ply,0.15,800,0.8,0.19855,0.28477,1,0.20946,0.94518,0.11295
lidar/001658.ply,0.15,800,0.8,0.18798,0.29408,1,0.21858,0.94909,0.11372
lidar/001659.ply,0.15,800,0.8,0.19328,0.29194,1,0.21653,0.94771,0.1135
lidar/001660.ply,0.15,800,0.8,0.18588,0.29989,1,0.22498,0.95297,0.11606
lidar/001661.ply,0.15,800,0.8,0.18822,0.29116,1,0.21703,0.94994,0.11672
lidar/001662.ply,0.15,800,0.8,0.19532,0.29315,1,0.21925,0.94831,0.11668
lidar/001663.ply,0.15,800,0.8,0.19231,0.28015,1,0.20695,0.94227,0.11626
lidar/001664.ply,0.15,800,0.8,0.19619,0.29596,1,0.22199,0.95076,0.11729
lidar/001665.ply,0.15,800,0.8,0.20815,0.27723,1,0.20492,0.94285,0.11823
lidar/001666.ply,0.15,800,0.8,0.19774,0.29374,1,0.21924,0.95066,0.11619
lidar/001667.ply,0.15,800,0.8,0.20599,0.2939,1,0.21978,0.95118,0.11711
lidar/001668.ply,0.15,800,0.8,0.19233,0.29726,1,0.22208,0.95142,0.11507
lidar/001669.ply,0.15,800,0.8,0.19349,0.29468,1,0.22034,0.95183,0.11688
lidar/001670.ply,0.15,800,0.8,0.18692,0.29322,1,0.21898,0.95062,0.11672
lidar/001671.ply,0.15,800,0.8,0.18837,0.29292,1,0.2194,0.95175,0.11847
lidar/001672.ply,0.15,800,0.8,0.18569,0.28969,1,0.2157,0.95495,0.11852
lidar/001673.ply,0.15,800,0.8,0.19978,0.29131,1,0.21799,0.95402,0.11957
lidar/001674.ply,0.15,800,0.8,0.18895,0.06741,1,0.00106,0.83203,0.09692
lidar/001675.ply,0.15,800,0.8,0.18862,0.29156,1,0.21826,0.95411,0.11962
lidar/001676.ply,0.15,800,0.8,0.1938,0.29207,1,0.21927,0.95601,0.12121
lidar/001677.ply,0.15,800,0.8,0.18652,0.27654,1,0.20255,0.94977,0.11695
lidar/001678.ply,0.15,800,0.8,0.1894,0.29002,1,0.21557,0.95516,0.11765
lidar/001679.ply,0.15,800,0.8,0.18384,0.29153,1,0.21713,0.95532,0.1178
lidar/001680.ply,0.15,800,0.8,0.1698,0.28746,1,0.21287,0.9554,0.11743
lidar/001681.ply,0.15,800,0.8,0.17899,0.28482,1,0.21071,0.9536,0.11786
lidar/001682.ply,0.15,800,0.8,0.16803,0.28026,1,0.20543,0.95208,0.11596
lidar/001683.ply,0.15,800,0.8,0.17928,0.2814,1,0.20835,0.95253,0.11967
lidar/001684.ply,0.15,800,0.8,0.17336,0.28224,1,0.20977,0.95204,0.12068
lidar/001685.ply,0.15,300,0.8,0.19379,0.28452,1,0.21178,0.95107,0.11985
lidar/001686.ply,0.15,800,0.8,0.19499,0.28294,1,0.21143,0.9514,0.12239
lidar/001687.ply,0.15,800,0.8,0.16677,0.28276,1,0.2112,0.95014,0.12192
lidar/001688.ply,0.15,800,0.8,0.17577,0.2771,1,0.20608,0.9461,0.12178
lidar/001689.ply,0.15,800,0.8,0.18884,0.2763,1,0.20695,0.94451,0.12467
lidar/001690.ply,0.15,800,0.8,0.18142,0.27777,1,0.20914,0.94704,0.12684
lidar/001691.ply,0.15,800,0.8,0.18033,0.27717,1,0.20784,0.93853,0.1229
lidar/001692.ply,0.15,800,0.8,0.18066,0.27462,1,0.20498,0.94574,0.12445
lidar/001693.ply,0.15,800,0.8,0.18159,0.27519,1,0.20504,0.94922,0.12446
lidar/001694.ply,0.15,800,0.8,0.17458,0.2705,1,0.20203,0.94472,0.12649
lidar/001695.ply,0.15,800,0.8,0.16507,0.27179,1,0.20408,0.94435,0.12787
lidar/001696.ply,0.15,300,0.8,0.19346,0.26925,1,0.20054,0.9416,0.12506
lidar/001697.ply,0.15,300,0.8,0.19673,0.26771,1,0.19946,0.93154,0.12296
lidar/001698.ply,0.15,800,0.8,0.17804,0.26776,1,0.20035,0.92761,0.12347
lidar/001699.ply,0.15,300,0.8,0.18639,0.10006,1,0.03605,0.95359,0.13805
lidar/001700.ply,0.15,300,0.8,0.20035,0.09404,1,0.02697,0.84511,0.09939
lidar/001701.ply,0.15,800,0.8,0.17912,0.25485,1,0.19019,0.94294,0.13357
lidar/001702.ply,0.15,300,0.8,0.18839,0.25763,1,0.19185,0.94713,0.13259
lidar/001703.ply,0.15,800,0.8,0.16522,0.26226,1,0.19667,0.94574,0.13254
lidar/001704.ply,0.15,800,0.8,0.17005,0.2636,1,0.19792,0.94885,0.13329
lidar/001705.ply,0.15,300,0.8,0.18651,0.10844,1,0.0474,0.95597,0.14472
lidar/001706.ply,0.15,800,0.8,0.15996,0.26471,1,0.19976,0.9429,0.13296
lidar/001707.ply,0.15,50,0.8,0.35576,0.26315,1,0.19732,0.94908,0.13306
lidar/001708.ply,0.15,300,0.8,0.19231,0.26752,1,0.20254,0.95211,0.13568
lidar/001709.ply,0.15,800,0.8,0.16988,0.27615,1,0.21044,0.95074,0.13378
lidar/001710.ply,0.15,800,0.8,0.17794,0.26885,1,0.20592,0.94858,0.13873
lidar/001711.ply,0.15,800,0.8,0.15042,0.27174,1,0.20578,0.94836,0.13257
lidar/001712.ply,0.15,800,0.8,0.18162,0.2753,1,0.2069,0.94695,0.12729
lidar/001713.ply,0.15,300,0.8,0.1909,0.27191,1,0.2047,0.95006,0.1306
lidar/001714.ply,0.15,800,0.8,0.1635,0.26787,1,0.20086,0.95355,0.13204
lidar/001715.ply,0.15,800,0.8,0.1654,0.26361,1,0.19815,0.95308,0.13501
lidar/001716.ply,0.15,300,0.8,0.19841,0.26741,1,0.20082,0.9543,0.13311
lidar/001717.ply,0.15,300,0.8,0.18591,0.27467,1,0.207,0.95212,0.13029
lidar/001718.ply,0.15,800,0.8,0.16373,0.09662,1,0.01223,0.90645,0.08316
lidar/001719.ply,0.15,800,0.8,0.22545,0.10174,1,0.05091,0.86059,0.1365
lidar/001720.ply,0.15,800,0.8,0.1714,0.09782,1,0.04998,0.88384,0.14947
lidar/001721.ply,0.15,800,0.8,0.2445,0.07253,1,0.02316,0.90492,0.15274
lidar/001722.ply,0.15,800,0.8,0.18125,0.09906,1,0.05061,0.8923,0.1508
lidar/001723.ply,0.15,800,0.8,0.17254,0.10253,1,0.03186,0.89356,0.10673
lidar/001724.ply,0.15,800,0.8,0.16265,0.28069,1,0.21426,0.95233,0.13283
lidar/001725.ply,0.15,800,0.8,0.16977,0.27628,1,0.20929,0.95406,0.13225
lidar/001726.ply,0.15,300,0.8,0.18939,0.09154,1,0.04618,0.88792,0.15566
lidar/001727.ply,0.15,800,0.8,0.16817,0.2235,1,0.15592,0.99668,0.14384
lidar/001728.ply,0.15,800,0.8,0.15847,0.28398,1,0.21512,0.95702,0.12938
lidar/001729.ply,0.15,800,0.8,0.17391,0.28083,1,0.2117,0.95882,0.12937
lidar/001730.ply,0.15,300,0.8,0.18933,0.13777,1,0.01282,0.99672,0.02913
lidar/001731.ply,0.15,800,0.8,0.16208,0.21994,1,0.14898,0.99737,0.13728
lidar/001732.ply,0.15,300,0.8,0.19378,0.09121,1,0.04354,0.90585,0.15642
lidar/001733.ply,0.15,800,0.8,0.16586,0.10105,1,0.04107,0.94507,0.14356
lidar/001734.ply,0.15,800,0.8,0.16071,0.16639,1,0.10083,0.92488,0.12634
lidar/001735.ply,0.15,800,0.8,0.15781,0.28899,1,0.21988,0.95465,0.12816
lidar/001736.ply,0.15,800,0.8,0.16154,0.10219,1,0.05323,0.90556,0.15375
lidar/001737.ply,0.15,800,0.8,0.15492,0.10459,1,0.05591,0.88612,0.14847
lidar/001738.ply,0.15,800,0.8,0.16275,0.09564,1,0.0514,0.90133,0.16192
lidar/001739.ply,0.15,300,0.8,0.18069,0.10925,1,0.04751,0.95849,0.14408
lidar/001740.ply,0.15,800,0.8,0.15661,0.1038,1,0.05365,0.88656,0.14566
lidar/001741.ply,0.15,300,0.8,0.16359,0.12923,1,0.07485,0.92183,0.1478
lidar/001742.ply,0.15,800,0.8,0.16422,0.27216,1,0.20181,0.96085,0.12757
lidar/001743.ply,0.15,800,0.8,0.1483,0.10459,1,0.05074,0.87564,0.13501
lidar/001744.ply,0.15,800,0.8,0.14496,0.27345,1,0.20779,0.95456,0.13504
lidar/001745.ply,0.15,800,0.8,0.16154,0.09329,1,0.04964,0.91079,0.16594
lidar/001746.ply,0.15,300,0.8,0.17468,0.09807,1,0.05404,0.91303,0.16585
lidar/001747.ply,0.15,300,0.8,0.17969,0.0995,1,0.05518,0.91352,0.16542
lidar/001748.ply,0.15,300,0.8,0.17105,0.09455,1,0.05115,0.90294,0.16407
lidar/001749.ply,0.15,300,0.8,0.18653,0.10631,1,0.05201,0.83162,0.12089
lidar/001750.ply,0.15,300,0.8,0.18712,0.13361,1,0.00986,0.99788,0.03187
lidar/001751.ply,0.15,800,0.8,0.17151,0.26206,1,0.17938,0.97968,0.10853
lidar/001752.ply,0.15,50,0.8,0.35373,0.09807,1,0.00719,0.92769,0.07654
lidar/001753.ply,0.15,800,0.8,0.15226,0.0896,1,0.04846,0.92526,0.1753
lidar/001754.ply,0.15,300,0.8,0.19569,0.13846,1,0.01216,0.99586,0.02616
lidar/001755.ply,0.15,800,0.8,0.16035,0.2652,1,0.18381,0.98108,0.11155
lidar/001756.ply,0.15,50,0.8,0.35682,0.10713,1,0.00685,0.95616,0.06629
lidar/001757.ply,0.15,300,0.8,0.17556,0.13807,1,0.00987,0.9952,0.02216
lidar/001758.ply,0.15,300,0.8,0.18671,0.09039,1,0.04714,0.93217,0.17316
lidar/001759.ply,0.15,800,0.8,0.15504,0.1195,1,0.06871,0.9384,0.15992
lidar/001760.ply,0.15,200,0.8,0.19935,0.09789,1,0.00919,0.93905,0.08432
lidar/001761.ply,0.15,800,0.8,0.14955,0.26386,1,0.18176,0.98152,0.11027
lidar/001762.ply,0.15,300,0.8,0.17405,0.10287,1,0.0118,0.94043,0.07999
lidar/001763.ply,0.15,800,0.8,0.13771,0.27389,1,0.19171,0.9828,0.11047
lidar/001764.ply,0.15,800,0.8,0.14874,0.26839,1,0.18655,0.98055,0.11047
lidar/001765.ply,0.15,300,0.8,0.18296,0.25188,1,0.19312,0.99702,0.16159
lidar/001766.ply,0.15,200,0.8,0.20733,0.26884,1,0.19313,0.9849,0.12405
lidar/001767.ply,0.15,300,0.8,0.18884,0.14507,1,0.02361,0.99756,0.03634
lidar/001768.ply,0.15,300,0.8,0.15894,0.25723,1,0.17618,0.98245,0.11264
lidar/001769.ply,0.15,300,0.8,0.17304,0.25107,1,0.17006,0.97878,0.11162
lidar/001770.ply,0.15,800,0.8,0.15663,0.11044,1,0.00261,0.94251,0.04711
lidar/001771.ply,0.15,300,0.8,0.17229,0.26143,1,0.18503,0.97913,0.12093
lidar/001772.ply,0.15,800,0.8,0.1627,0.11743,1,0.00278,0.96558,0.04038
lidar/001773.ply,0.15,800,0.8,0.15234,0.12535,1,0.00129,0.98923,0.02866
lidar/001774.ply,0.15,300,0.8,0.16727,0.14245,1,0.02472,0.99846,0.04408
lidar/001775.ply,0.15,300,0.8,0.1569,0.14547,1,0.02508,0.99764,0.03851
lidar/001776.ply,0.15,300,0.8,0.22642,0.25926,1,0.18329,0.98342,0.12308
lidar/001777.ply,0.15,800,0.8,0.14686,0.26522,1,0.18778,0.97949,0.11896
lidar/001778.ply,0.15,800,0.8,0.1551,0.27044,1,0.1924,0.97918,0.11768
lidar/001779.ply,0.15,300,0.8,0.17986,0.14054,1,0.02178,0.99745,0.0417
lidar/001780.ply,0.15,800,0.8,0.1528,0.2512,1,0.17446,0.97628,0.11939
lidar/001781.ply,0.15,300,0.8,0.15458,0.07898,1,0.02877,0.93651,0.16055
lidar/001782.ply,0.15,800,0.8,0.1431,0.25331,1,0.17626,0.98326,0.12086
lidar/001783.ply,0.15,300,0.8,0.1649,0.25762,1,0.17828,0.98065,0.11552
lidar/001784.ply,0.15,800,0.8,0.1432,0.26395,1,0.18343,0.97996,0.11294
lidar/001785.ply,0.15,300,0.8,0.16262,0.11598,1,0.00108,0.98426,0.04548
lidar/001786.ply,0.15,300,0.8,0.16517,0.12629,1,0.03515,0.99539,0.09634
lidar/001787.ply,0.15,800,0.8,0.14635,0.25683,1,0.17155,0.98078,0.10367
lidar/001788.ply,0.15,800,0.8,0.13831,0.09408,1,0.0005,0.94616,0.07668
lidar/001789.ply,0.15,300,0.8,0.15324,0.14195,1,0.01967,0.99608,0.03426
lidar/001790.ply,0.15,300,0.8,0.14454,0.13975,1,0.01537,0.99515,0.02979
lidar/001791.ply,0.15,800,0.8,0.14207,0.10418,1,0.00251,0.98535,0.07225
lidar/001792.ply,0.15,300,0.8,0.17904,0.26776,1,0.18076,0.9841,0.10123
lidar/001793.ply,0.15,800,0.8,0.13895,0.25802,1,0.17033,0.98132,0.09902
lidar/001794.ply,0.15,300,0.8,0.14181,0.09575,1,0.03524,0.92874,0.13759
lidar/001795.ply,0.15,50,0.8,0.32882,0.11367,1,0.00488,0.9914,0.05983
lidar/001796.ply,0.15,800,0.8,0.15432,0.10211,1,0.00064,0.98035,0.07117
lidar/001797.ply,0.15,800,0.8,0.13888,0.25255,1,0.16064,0.97846,0.08971
lidar/001798.ply,0.15,800,0.8,0.13017,0.09553,1,0.03796,0.92287,0.14171
lidar/001799.ply,0.15,300,0.8,0.15122,0.09291,1,0.02859,0.93443,0.13168
lidar/001800.ply,0.15,800,0.8,0.12858,0.25201,1,0.15933,0.97614,0.08748
lidar/001801.ply,0.15,800,0.8,0.13923,0.24402,1,0.15075,0.97605,0.08629
lidar/001802.ply,0.15,300,0.8,0.15124,0.09105,1,0.03205,0.91558,0.13667
lidar/001803.ply,0.15,300,0.8,0.14032,0.26455,1,0.1721,0.9812,0.08946
lidar/001804.ply,0.15,800,0.8,0.13488,0.2565,1,0.16884,0.95988,0.09266
lidar/001805.ply,0.15,800,0.8,0.14805,0.09084,1,0.01893,0.95318,0.12214
lidar/001806.ply,0.15,800,0.8,0.1501,0.10516,1,0.0449,0.92529,0.13705
lidar/001807.ply,0.15,800,0.8,0.13405,0.25726,1,0.16485,0.98082,0.08942
lidar/001808.ply,0.15,800,0.8,0.12438,0.0925,1,0.03628,0.92094,0.14385
lidar/001809.ply,0.15,800,0.8,0.14231,0.24939,1,0.15647,0.98131,0.08855
lidar/001810.ply,0.15,800,0.8,0.14534,0.24455,1,0.15263,0.98271,0.09097
lidar/001811.ply,0.15,800,0.8,0.13843,0.23921,1,0.15034,0.97731,0.09547
lidar/001812.ply,0.15,800,0.8,0.14099,0.23247,1,0.14089,0.98136,0.09123
lidar/001813.ply,0.15,800,0.8,0.12464,0.2407,1,0.14663,0.98415,0.08711
lidar/001814.ply,0.15,800,0.8,0.14171,0.20052,1,0.10924,0.99623,0.0963
lidar/001815.ply,0.15,800,0.8,0.14644,0.08894,1,0.0295,0.92316,0.13807
lidar/001816.ply,0.15,800,0.8,0.13056,0.22729,1,0.14465,0.97119,0.10607
lidar/001817.ply,0.15,800,0.8,0.12646,0.54231,1,0.47633,0.99688,0.14711
lidar/001818.ply,0.15,800,0.8,0.14971,0.20396,1,0.12641,0.97793,0.11827
lidar/001819.ply,0.15,300,0.8,0.14492,0.21978,1,0.13088,0.98677,0.09824
lidar/001820.ply,0.15,800,0.8,0.19251,0.11992,1,0.02437,0.98816,0.08535
lidar/001821.ply,0.15,800,0.8,0.15306,0.20669,1,0.12398,0.97851,0.10811
lidar/001822.ply,0.15,800,0.8,0.16448,0.21828,1,0.13275,0.98623,0.10481
lidar/001823.ply,0.15,800,0.8,0.18511,0.21443,1,0.13033,0.98836,0.1083
lidar/001824.ply,0.15,800,0.8,0.16347,0.20678,1,0.11802,0.99622,0.10133
lidar/001825.ply,0.15,800,0.8,0.17533,0.18401,1,0.09676,0.99618,0.10434
lidar/001826.ply,0.15,800,0.8,0.21681,0.2077,1,0.11784,0.99659,0.09926
lidar/001827.ply,0.15,800,0.8,0.19563,0.20612,1,0.12032,0.99432,0.10668
lidar/001828.ply,0.15,800,0.8,0.14738,0.17813,1,0.09673,0.99255,0.11497
lidar/001829.ply,0.15,800,0.8,0.13285,0.21209,1,0.12072,0.99543,0.09588
lidar/001830.ply,0.15,800,0.8,0.13918,0.20053,1,0.1176,0.98804,0.11056
lidar/001831.ply,0.15,800,0.8,0.12894,0.19758,1,0.11449,0.98927,0.1106
lidar/001832.ply,0.15,800,0.8,0.14906,0.20804,1,0.12126,0.98928,0.10323
lidar/001833.ply,0.15,800,0.8,0.14224,0.16672,1,0.08428,0.99894,0.11479
lidar/001834.ply,0.15,800,0.8,0.11717,0.19479,1,0.11041,0.98805,0.10765
lidar/001835.ply,0.15,800,0.8,0.13587,0.18488,1,0.10059,0.99165,0.10892
lidar/001836.ply,0.15,800,0.8,0.13054,0.19831,1,0.11037,0.98601,0.09991
lidar/001837.ply,0.15,800,0.8,0.13868,0.183,1,0.09873,0.99317,0.1094
lidar/001838.ply,0.15,800,0.8,0.14045,0.19608,1,0.10708,0.9925,0.09976
lidar/001839.ply,0.15,800,0.8,0.14287,0.19267,1,0.10336,0.98497,0.09688
lidar/001840.ply,0.15,800,0.8,0.1416,0.16945,1,0.08155,0.99032,0.1013
lidar/001841.ply,0.15,800,0.8,0.14277,0.17906,1,0.0944,0.99296,0.10858
lidar/001842.ply,0.15,800,0.8,0.12702,0.19221,1,0.10116,0.98929,0.09469
lidar/001843.ply,0.15,800,0.8,0.15166,0.1974,1,0.10736,0.97946,0.09375
lidar/001844.ply,0.15,800,0.8,0.13664,0.10292,1,0.02991,0.98017,0.12803
lidar/001845.ply,0.15,800,0.8,0.12522,0.18533,1,0.09736,0.98004,0.09809
lidar/001846.ply,0.15,800,0.8,0.13289,0.16547,1,0.08253,0.99834,0.11362
lidar/001847.ply,0.15,800,0.8,0.1367,0.18409,1,0.09803,0.97997,0.10187
lidar/001848.ply,0.15,800,0.8,0.15892,0.1752,1,0.09366,0.99434,0.11524
lidar/001849.ply,0.15,800,0.8,0.12997,0.18239,1,0.09644,0.96634,0.09799
lidar/001850.ply,0.15,800,0.8,0.12275,0.18877,1,0.09997,0.97781,0.09575
lidar/001851.ply,0.15,800,0.8,0.12148,0.19524,1,0.10983,0.97869,0.10277
lidar/001852.ply,0.15,800,0.8,0.14543,0.14823,1,0.06982,0.99301,0.12108
lidar/001853.ply,0.15,800,0.8,0.1388,0.17182,1,0.08925,0.98921,0.11162
lidar/001854.ply,0.15,800,0.8,0.12912,0.19392,1,0.10941,0.98481,0.10642
lidar/001855.ply,0.15,800,0.8,0.12442,0.19625,1,0.10767,0.9742,0.09508
lidar/001856.ply,0.15,800,0.8,0.14475,0.18672,1,0.09873,0.97631,0.09692
lidar/001857.ply,0.15,800,0.8,0.13839,0.19379,1,0.10343,0.97234,0.09099
lidar/001858.ply,0.15,800,0.8,0.14127,0.19367,1,0.10392,0.96607,0.09033
lidar/001859.ply,0.15,800,0.8,0.18202,0.19629,1,0.10885,0.96908,0.09583
lidar/001860.ply,0.15,800,0.8,0.17418,0.17741,1,0.09037,0.94312,0.08886
lidar/001861.ply,0.15,800,0.8,0.16125,0.20041,1,0.11314,0.96705,0.09557
lidar/001862.ply,0.15,800,0.8,0.15167,0.18211,1,0.09614,0.97092,0.09933
lidar/001863.ply,0.15,800,0.8,0.1883,0.1846,1,0.09781,0.95626,0.09331
lidar/001864.ply,0.15,800,0.8,0.14485,0.19779,1,0.11055,0.95376,0.09165
lidar/001865.ply,0.15,800,0.8,0.15228,0.17937,1,0.09433,0.96995,0.10091
lidar/001866.ply,0.15,800,0.8,0.12884,0.1859,1,0.09964,0.95725,0.09466
lidar/001867.ply,0.15,800,0.8,0.12759,0.17829,1,0.09281,0.96219,0.09769
lidar/001868.ply,0.15,800,0.8,0.13568,0.17775,1,0.09111,0.94851,0.09126
lidar/001869.ply,0.15,800,0.8,0.13779,0.17893,1,0.09191,0.95763,0.09325
lidar/001870.ply,0.15,800,0.8,0.15034,0.18417,1,0.09992,0.94216,0.09414
lidar/001871.ply,0.15,800,0.8,0.12515,0.17081,1,0.08512,0.95699,0.09573
lidar/001872.ply,0.15,800,0.8,0.13697,0.1822,1,0.09729,0.94786,0.09454
lidar/001873.ply,0.15,800,0.8,0.13397,0.18219,1,0.09601,0.96992,0.09863
lidar/001874.ply,0.15,800,0.8,0.12355,0.18238,1,0.09627,0.95973,0.0957
lidar/001875.ply,0.15,800,0.8,0.14554,0.1774,1,0.08813,0.97168,0.09297
lidar/001876.ply,0.15,800,0.8,0.12352,0.18509,1,0.09419,0.93352,0.07826
lidar/001877.ply,0.15,800,0.8,0.13043,0.17076,1,0.08379,0.96721,0.09621
lidar/001878.ply,0.15,800,0.8,0.13052,0.18575,1,0.09912,0.94848,0.09129
lidar/001879.ply,0.15,800,0.8,0.14243,0.16264,1,0.08152,0.98835,0.11427
lidar/001880.ply,0.15,800,0.8,0.1482,0.16471,1,0.08507,0.99183,0.11828
lidar/001881.ply,0.15,800,0.8,0.11694,0.16563,1,0.0837,0.99099,0.11344
lidar/001882.ply,0.15,800,0.8,0.13681,0.1735,1,0.08645,0.95425,0.09216
lidar/001883.ply,0.15,800,0.8,0.15324,0.07798,1,0.00178,0.85495,0.08409
lidar/001884.ply,0.15,800,0.8,0.13141,0.16007,1,0.07828,0.9907,0.11362
lidar/001885.ply,0.15,800,0.8,0.1367,0.17681,1,0.09292,0.92685,0.09026
lidar/001886.ply,0.15,800,0.8,0.1333,0.08256,1,0.00194,0.86355,0.07782
lidar/001887.ply,0.15,800,0.8,0.17734,0.08485,1,0.0016,0.88075,0.07772
lidar/001888.ply,0.15,800,0.8,0.12098,0.12597,1,0.03536,0.96343,0.08781
lidar/001889.ply,0.15,800,0.8,0.17021,0.14219,1,0.06329,0.99913,0.12193
lidar/001890.ply,0.15,800,0.8,0.14959,0.08971,1,0.00163,0.87808,0.06727
lidar/001891.ply,0.15,800,0.8,0.13734,0.08571,1,0.00183,0.87422,0.07452
lidar/001892.ply,0.15,800,0.8,0.12315,0.17435,1,0.08931,0.93005,0.08894
lidar/001893.ply,0.15,800,0.8,0.12684,0.0849,1,0.00127,0.88329,0.07773
lidar/001894.ply,0.15,800,0.8,0.12499,0.08582,1,0.00115,0.89953,0.08052
lidar/001895.ply,0.15,800,0.8,0.13408,0.09469,1,0.00105,0.88343,0.05777
lidar/001896.ply,0.15,800,0.8,0.14709,0.08791,1,0.00136,0.88029,0.07099
lidar/001897.ply,0.15,800,0.8,0.13262,0.08443,1,0.00115,0.88989,0.0804
lidar/001898.ply,0.15,800,0.8,0.13884,0.59955,1,0.5158,0.99611,0.11133
lidar/001899.ply,0.15,800,0.8,0.14591,0.59783,1,0.51524,0.99646,0.11375
lidar/001900.ply,0.15,800,0.8,0.13299,0.60204,1,0.5209,0.99692,0.1168
lidar/001901.ply,0.15,800,0.8,0.13921,0.602,1,0.52276,0.9975,0.12079
lidar/001902.ply,0.15,800,0.8,0.14675,0.59413,1,0.51141,0.99683,0.11363
lidar/001903.ply,0.15,800,0.8,0.14161,0.59553,1,0.51294,0.99724,0.11398
lidar/001904.ply,0.15,800,0.8,0.1341,0.10156,1,0.00166,0.91203,0.05381
lidar/001905.ply,0.15,800,0.8,0.13646,0.59506,1,0.5148,0.99815,0.11893
lidar/001906.ply,0.15,800,0.8,0.153,0.59788,1,0.51798,0.99795,0.11958
lidar/001907.ply,0.15,800,0.8,0.13434,0.59378,1,0.51397,0.99798,0.11978
lidar/001908.ply,0.15,800,0.8,0.14122,0.59308,1,0.51203,0.99795,0.11729
lidar/001909.ply,0.15,800,0.8,0.12825,0.60717,1,0.52988,0.99864,0.125
lidar/001910.ply,0.15,800,0.8,0.14648,0.60225,1,0.52247,0.99812,0.11987
lidar/001911.ply,0.15,800,0.8,0.12903,0.59703,1,0.51636,0.99822,0.11812
lidar/001912.ply,0.15,800,0.8,0.12356,0.60028,1,0.52121,0.99868,0.12148
lidar/001913.ply,0.15,800,0.8,0.13574,0.59463,1,0.51323,0.99853,0.11676
lidar/001914.ply,0.15,800,0.8,0.13573,0.59471,1,0.51283,0.9984,0.11575
lidar/001915.ply,0.15,800,0.8,0.12988,0.59982,1,0.51979,0.99847,0.11949
lidar/001916.ply,0.15,800,0.8,0.14797,0.59602,1,0.51501,0.99834,0.11749
lidar/001917.ply,0.15,800,0.8,0.13086,0.60475,1,0.52514,0.99849,0.12033
lidar/001918.ply,0.15,800,0.8,0.12746,0.60403,1,0.52401,0.99841,0.11948
lidar/001919.ply,0.15,800,0.8,0.15206,0.60565,1,0.52408,0.99839,0.11639
lidar/001920.ply,0.15,800,0.8,0.14108,0.60562,1,0.52396,0.99854,0.11626
lidar/001921.ply,0.15,800,0.8,0.13451,0.60674,1,0.52625,0.99878,0.11864
lidar/001922.ply,0.15,800,0.8,0.14561,0.6009,1,0.51893,0.99841,0.1156
lidar/001923.ply,0.15,800,0.8,0.13907,0.60327,1,0.51987,0.99815,0.11266
lidar/001924.ply,0.15,800,0.8,0.13438,0.60961,1,0.52838,0.99825,0.11703
lidar/001925.ply,0.15,800,0.8,0.13638,0.60969,1,0.52914,0.99844,0.11844
lidar/001926.ply,0.15,800,0.8,0.14611,0.60829,1,0.52641,0.9983,0.11573
lidar/001927.ply,0.15,800,0.8,0.14194,0.60599,1,0.52556,0.99875,0.11877
lidar/001928.ply,0.15,800,0.8,0.12661,0.60512,1,0.52452,0.99873,0.11842
lidar/001929.ply,0.15,800,0.8,0.14117,0.60676,1,0.52553,0.99858,0.11711
lidar/001930.ply,0.15,800,0.8,0.12688,0.6054,1,0.52357,0.99848,0.11589
lidar/001931.ply,0.15,800,0.8,0.13639,0.60604,1,0.52259,0.99812,0.11253
lidar/001932.ply,0.15,800,0.8,0.12067,0.60709,1,0.52481,0.99832,0.11493
lidar/001933.ply,0.15,800,0.8,0.14779,0.61042,1,0.52766,0.99823,0.11395
lidar/001934.ply,0.15,800,0.8,0.14182,0.60349,1,0.5189,0.99802,0.11021
lidar/001935.ply,0.15,800,0.8,0.13043,0.60888,1,0.52721,0.99843,0.11619
lidar/001936.ply,0.15,800,0.8,0.13785,0.6012,1,0.51956,0.99837,0.11624
lidar/001937.ply,0.15,800,0.8,0.14217,0.61152,1,0.52992,0.99842,0.11634
lidar/001938.ply,0.15,800,0.8,0.12694,0.60242,1,0.51952,0.9984,0.11373
lidar/001939.ply,0.15,800,0.8,0.13677,0.60546,1,0.52252,0.99787,0.11348
lidar/001940.ply,0.15,800,0.8,0.14505,0.60457,1,0.52162,0.99792,0.11348
lidar/001941.ply,0.15,800,0.8,0.12708,0.59846,1,0.51235,0.99763,0.10707
lidar/001942.ply,0.15,800,0.8,0.14445,0.60375,1,0.52096,0.99831,0.1139
lidar/001943.ply,0.15,800,0.8,0.12277,0.60233,1,0.51934,0.99813,0.11345
lidar/001944.ply,0.15,800,0.8,0.1422,0.60779,1,0.52475,0.99799,0.11332
lidar/001945.ply,0.15,800,0.8,0.13465,0.60867,1,0.52577,0.99805,0.11362
lidar/001946.ply,0.15,800,0.8,0.14192,0.60889,1,0.52584,0.99794,0.11329
lidar/001947.ply,0.15,800,0.8,0.14217,0.61217,1,0.52975,0.99799,0.11455
lidar/001948.ply,0.15,800,0.8,0.12299,0.61481,1,0.53383,0.9983,0.11753
lidar/001949.ply,0.15,800,0.8,0.13739,0.61145,1,0.53127,0.99855,0.11919
lidar/001950.ply,0.15,800,0.8,0.12388,0.60611,1,0.52348,0.99847,0.11427
lidar/001951.ply,0.15,800,0.8,0.1227,0.60713,1,0.52589,0.99853,0.11707
lidar/001952.ply,0.15,800,0.8,0.12291,0.6081,1,0.52775,0.99886,0.11896
lidar/001953.ply,0.15,800,0.8,0.12772,0.60557,1,0.52428,0.99869,0.11704
lidar/001954.ply,0.15,800,0.8,0.13648,0.60293,1,0.52015,0.99848,0.11397
lidar/001955.ply,0.15,800,0.8,0.11688,0.59779,1,0.51357,0.99822,0.11103
lidar/001956.ply,0.15,800,0.8,0.12461,0.60932,1,0.52749,0.99858,0.1159
lidar/001957.ply,0.15,800,0.8,0.13087,0.59631,1,0.51222,0.99843,0.11134
lidar/001958.ply,0.15,800,0.8,0.12392,0.60414,1,0.52156,0.99863,0.11443
lidar/001959.ply,0.15,800,0.8,0.13103,0.60182,1,0.51912,0.99846,0.11413
lidar/001960.ply,0.15,800,0.8,0.1245,0.60068,1,0.51857,0.9986,0.11537
lidar/001961.ply,0.15,800,0.8,0.1271,0.60002,1,0.51572,0.99845,0.11094
lidar/001962.ply,0.15,800,0.8,0.13228,0.6047,1,0.52143,0.99852,0.11303
lidar/001963.ply,0.15,800,0.8,0.13566,0.59128,1,0.50717,0.99835,0.11128
lidar/001964.ply,0.15,800,0.8,0.12791,0.59973,1,0.51583,0.99833,0.11169
lidar/001965.ply,0.15,800,0.8,0.13428,0.59187,1,0.50646,0.99829,0.10866
lidar/001966.ply,0.15,800,0.8,0.13553,0.60012,1,0.51656,0.99844,0.11242
lidar/001967.ply,0.15,800,0.8,0.12485,0.58476,1,0.49624,0.99744,0.1022
lidar/001968.ply,0.15,800,0.8,0.14,0.063,1,0.00051,0.99797,0.1544
lidar/001969.ply,0.15,800,0.8,0.1375,0.59286,1,0.5079,0.99792,0.10945
lidar/001970.ply,0.15,800,0.8,0.1206,0.59315,1,0.51227,0.99843,0.11778
lidar/001971.ply,0.15,800,0.8,0.12619,0.59203,1,0.50882,0.99816,0.11304
lidar/001972.ply,0.15,800,0.8,0.1204,0.59386,1,0.51075,0.99811,0.11322
lidar/001973.ply,0.15,800,0.8,0.13525,0.58598,1,0.50013,0.9978,0.10763
lidar/001974.ply,0.15,800,0.8,0.14107,0.59904,1,0.51554,0.99796,0.11238
lidar/001975.ply,0.15,800,0.8,0.12932,0.59373,1,0.50888,0.99789,0.10967
lidar/001976.ply,0.15,800,0.8,0.11577,0.5961,1,0.50986,0.99773,0.10683
lidar/001977.ply,0.15,800,0.8,0.13237,0.59422,1,0.50723,0.99767,0.10534
lidar/001978.ply,0.15,800,0.8,0.13622,0.6038,1,0.52159,0.99849,0.11513
lidar/001979.ply,0.15,800,0.8,0.12477,0.59386,1,0.50762,0.99807,0.10695
lidar/001980.ply,0.15,800,0.8,0.11655,0.6075,1,0.52519,0.99848,0.11492
lidar/001981.ply,0.15,800,0.8,0.14755,0.60303,1,0.51745,0.99821,0.1083
lidar/001982.ply,0.15,800,0.8,0.14938,0.59936,1,0.51349,0.99811,0.10769
lidar/001983.ply,0.15,800,0.8,0.13178,0.61365,1,0.5301,0.99841,0.11242
lidar/001984.ply,0.15,800,0.8,0.11814,0.60102,1,0.51468,0.99824,0.10678
lidar/001985.ply,0.15,800,0.8,0.13431,0.61089,1,0.52684,0.99848,0.11143
lidar/001986.ply,0.15,800,0.8,0.12821,0.61204,1,0.52786,0.99849,0.11119
lidar/001987.ply,0.15,800,0.8,0.11524,0.60947,1,0.5236,0.99829,0.10775
lidar/001988.ply,0.15,800,0.8,0.1192,0.61071,1,0.52632,0.9984,0.11074
lidar/001989.ply,0.15,800,0.8,0.12186,0.61887,1,0.53616,0.99861,0.11416
lidar/001990.ply,0.15,800,0.8,0.1169,0.6117,1,0.52612,0.99856,0.10842
lidar/001991.ply,0.15,800,0.8,0.12178,0.62796,1,0.54578,0.99869,0.11525
lidar/001992.ply,0.15,800,0.8,0.1267,0.62543,1,0.54429,0.99883,0.11737
lidar/001993.ply,0.15,800,0.8,0.10848,0.62655,1,0.54399,0.9988,0.11453
lidar/001994.ply,0.15,800,0.8,0.12632,0.62618,1,0.54378,0.99877,0.11484
lidar/001995.ply,0.15,800,0.8,0.12066,0.62589,1,0.54355,0.99885,0.11498
lidar/001996.ply,0.15,800,0.8,0.12006,0.62487,1,0.53862,0.99889,0.10718
lidar/001997.ply,0.15,800,0.8,0.1262,0.62912,1,0.54656,0.99924,0.11465
lidar/001998.ply,0.15,800,0.8,0.10773,0.62694,1,0.54301,0.99923,0.11191
lidar/001999.ply,0.15,800,0.8,0.10516,0.63172,1,0.54764,0.99937,0.11165
lidar/002000.ply,0.15,800,0.8,0.11876,0.63308,1,0.54975,0.99946,0.11318
lidar/002001.ply,0.15,800,0.8,0.12129,0.1216,1,0.00349,0.99951,0.04363
lidar/002002.ply,0.15,800,0.8,0.12677,0.62926,1,0.54591,0.99969,0.11322
lidar/002003.ply,0.15,800,0.8,0.11967,0.62578,1,0.54215,0.99972,0.11266
lidar/002004.ply,0.15,800,0.8,0.10198,0.61966,1,0.5354,0.99977,0.1114
lidar/002005.ply,0.15,800,0.8,0.1128,0.62202,1,0.53734,0.99981,0.11057
lidar/002006.ply,0.15,800,0.8,0.11332,0.6275,1,0.54341,0.99982,0.11176
lidar/002007.ply,0.15,800,0.8,0.11054,0.12966,1,0.00328,0.99981,0.02717
lidar/002008.ply,0.15,800,0.8,0.1068,0.62572,1,0.54027,0.99985,0.10904
lidar/002009.ply,0.15,800,0.8,0.10658,0.6239,1,0.5394,0.99984,0.11095
lidar/002010.ply,0.15,800,0.8,0.12985,0.62678,1,0.54216,0.99988,0.11073
lidar/002011.ply,0.15,800,0.8,0.11663,0.6282,1,0.54385,0.9999,0.11128
lidar/002012.ply,0.15,300,0.8,0.12983,0.62785,1,0.54252,0.99991,0.10931
lidar/002013.ply,0.15,800,0.8,0.12888,0.62572,1,0.53998,0.99989,0.10849
lidar/002014.ply,0.15,800,0.8,0.14721,0.62401,1,0.53816,0.9999,0.10828
lidar/002015.ply,0.15,800,0.8,0.12744,0.62021,1,0.53461,0.9999,0.10876
lidar/002016.ply,0.15,800,0.8,0.13126,0.61786,1,0.53142,0.99986,0.10706
lidar/002017.ply,0.15,800,0.8,0.12517,0.62265,1,0.53601,0.99985,0.10667
lidar/002018.ply,0.15,800,0.8,0.14864,0.62615,1,0.5398,0.99985,0.10725
lidar/002019.ply,0.15,800,0.8,0.12263,0.6179,1,0.53069,0.99983,0.10554
lidar/002020.ply,0.15,800,0.8,0.13899,0.61908,1,0.53232,0.99983,0.10641
lidar/002021.ply,0.15,300,0.8,0.14588,0.62435,1,0.5378,0.99979,0.10684
lidar/002022.ply,0.15,800,0.8,0.13512,0.62243,1,0.53446,0.99978,0.10401
lidar/002023.ply,0.15,800,0.8,0.12358,0.62197,1,0.53412,0.99982,0.10425
lidar/002024.ply,0.15,800,0.8,0.1068,0.62121,1,0.53278,0.99982,0.10309
lidar/002025.ply,0.15,800,0.8,0.13517,0.62014,1,0.53255,0.9998,0.10476
lidar/002026.ply,0.15,800,0.8,0.13712,0.62372,1,0.53514,0.99983,0.10278
lidar/002027.ply,0.15,800,0.8,0.12039,0.61962,1,0.53135,0.99988,0.10342
lidar/002028.ply,0.15,800,0.8,0.13729,0.62397,1,0.53513,0.99989,0.10229
lidar/002029.ply,0.15,800,0.8,0.1225,0.62263,1,0.53371,0.99987,0.10212
lidar/002030.ply,0.15,800,0.8,0.12624,0.10487,1,0.00146,0.99133,0.07057
lidar/002031.ply,0.15,800,0.8,0.15095,0.62689,1,0.53904,0.99989,0.10425
lidar/002032.ply,0.15,800,0.8,0.13456,0.62452,1,0.53592,0.99992,0.10278
lidar/002033.ply,0.15,800,0.8,0.14755,0.6251,1,0.53625,0.99982,0.10224
lidar/002034.ply,0.15,800,0.8,0.135,0.10768,1,0.0017,0.97956,0.06191
lidar/002035.ply,0.15,800,0.8,0.14191,0.6279,1,0.53923,0.99986,0.10261
lidar/002036.ply,0.15,800,0.8,0.13537,0.6234,1,0.53459,0.99985,0.10233
lidar/002037.ply,0.15,800,0.8,0.14298,0.63049,1,0.54264,0.99991,0.10428
lidar/002038.ply,0.15,800,0.8,0.13093,0.62806,1,0.5384,0.99986,0.10064
lidar/002039.ply,0.15,800,0.8,0.12973,0.63244,1,0.54289,0.99981,0.10084
lidar/002040.ply,0.15,800,0.8,0.1211,0.62817,1,0.53966,0.99984,0.10293
lidar/002041.ply,0.15,800,0.8,0.12421,0.62595,1,0.53673,0.99983,0.10151
lidar/002042.ply,0.15,800,0.8,0.14699,0.62642,1,0.53653,0.99985,0.10017
lidar/002043.ply,0.15,800,0.8,0.1306,0.62963,1,0.5401,0.99984,0.1009
lidar/002044.ply,0.15,800,0.8,0.13054,0.10538,1,0.00183,0.99429,0.0712
lidar/002045.ply,0.15,800,0.8,0.10306,0.63161,1,0.54195,0.99982,0.10063
lidar/002046.ply,0.15,800,0.8,0.12021,0.10521,1,0.00193,0.98911,0.07017
lidar/002047.ply,0.15,800,0.8,0.12883,0.63312,1,0.54408,0.99988,0.1019
lidar/002048.ply,0.15,800,0.8,0.13965,0.62533,1,0.53609,0.99989,0.10149
lidar/002049.ply,0.15,800,0.8,0.12993,0.62881,1,0.53899,0.99978,0.10029
lidar/002050.ply,0.15,800,0.8,0.12553,0.63112,1,0.54195,0.99974,0.10157
lidar/002051.ply,0.15,800,0.8,0.11756,0.62682,1,0.53648,0.99978,0.09924
lidar/002052.ply,0.15,800,0.8,0.11901,0.63093,1,0.54183,0.99985,0.10174
lidar/002053.ply,0.15,800,0.8,0.12838,0.63672,1,0.54797,0.99981,0.10245
lidar/002054.ply,0.15,800,0.8,0.13558,0.63861,1,0.54953,0.99964,0.10175
lidar/002055.ply,0.15,800,0.8,0.14048,0.63509,1,0.54542,0.9997,0.10058
lidar/002056.ply,0.15,800,0.8,0.12945,0.63385,1,0.54601,0.99995,0.1043
lidar/002057.ply,0.15,800,0.8,0.13081,0.64339,1,0.55533,0.99995,0.10385
lidar/002058.ply,0.15,800,0.8,0.11902,0.63828,1,0.55014,0.99993,0.10371
lidar/002059.ply,0.15,800,0.8,0.11191,0.64634,1,0.55855,0.99985,0.10436
lidar/002060.ply,0.15,800,0.8,0.13209,0.63828,1,0.54998,0.99989,0.10339
lidar/002061.ply,0.15,800,0.8,0.13731,0.64038,1,0.55285,0.99998,0.10493
lidar/002062.ply,0.15,800,0.8,0.14317,0.63999,1,0.55241,0.99999,0.10484
lidar/002063.ply,0.15,800,0.8,0.14615,0.64164,1,0.55241,0.99978,0.10149
lidar/002064.ply,0.15,800,0.8,0.14273,0.65198,1,0.56429,0.99955,0.1045
lidar/002065.ply,0.15,800,0.8,0.13254,0.64349,1,0.55604,0.99977,0.10503
lidar/002066.ply,0.15,800,0.8,0.12513,0.64537,1,0.55745,0.99979,0.10409
lidar/002067.ply,0.15,800,0.8,0.12067,0.64136,1,0.55335,0.99983,0.10393
lidar/002068.ply,0.15,800,0.8,0.11606,0.64083,1,0.55312,0.99979,0.10452
lidar/002069.ply,0.15,800,0.8,0.11875,0.63522,1,0.54691,0.99961,0.10326
lidar/002070.ply,0.15,800,0.8,0.12618,0.63816,1,0.55142,0.99975,0.10643
lidar/002071.ply,0.15,800,0.8,0.12303,0.63734,1,0.54966,0.99988,0.10461
lidar/002072.ply,0.15,800,0.8,0.14173,0.6377,1,0.55038,0.99979,0.1053
lidar/002073.ply,0.15,800,0.8,0.13686,0.63415,1,0.54801,0.99983,0.10766
lidar/002074.ply,0.15,800,0.8,0.12704,0.63414,1,0.54843,0.99992,0.10857
lidar/002075.ply,0.15,800,0.8,0.13791,0.62862,1,0.54148,0.99993,0.1057
lidar/002076.ply,0.15,800,0.8,0.12673,0.631,1,0.5442,0.99995,0.10639
lidar/002077.ply,0.15,800,0.8,0.13074,0.63438,1,0.54858,0.99993,0.10838
lidar/002078.ply,0.15,800,0.8,0.11021,0.63509,1,0.54799,0.99978,0.10573
lidar/002079.ply,0.15,800,0.8,0.1087,0.63068,1,0.54689,0.99995,0.1124
lidar/002080.ply,0.15,800,0.8,0.10717,0.63887,1,0.55337,0.99987,0.10898
lidar/002081.ply,0.15,800,0.8,0.11259,0.63925,1,0.55325,0.99988,0.10797
lidar/002082.ply,0.15,800,0.8,0.11644,0.6405,1,0.55505,0.99988,0.10905
lidar/002083.ply,0.15,800,0.8,0.11435,0.65018,1,0.56602,0.99976,0.11161
lidar/002084.ply,0.15,800,0.8,0.11368,0.64224,1,0.55761,0.99975,0.11066
lidar/002085.ply,0.15,800,0.8,0.12405,0.10784,1,0.00291,0.9704,0.06126
lidar/002086.ply,0.15,800,0.8,0.11484,0.66605,1,0.5796,0.99888,0.10677
lidar/002087.ply,0.15,800,0.8,0.12728,0.11487,1,0.00299,0.98451,0.0516
lidar/002088.ply,0.15,800,0.8,0.13242,0.10561,1,0.00154,0.94925,0.05664
lidar/002089.ply,0.15,800,0.8,0.11938,0.65249,1,0.56676,0.99916,0.10829
lidar/002090.ply,0.15,800,0.8,0.12381,0.65771,1,0.57241,0.99884,0.10906
lidar/002091.ply,0.15,800,0.8,0.12654,0.11252,1,0.0045,0.985,0.05946
lidar/002092.ply,0.15,800,0.8,0.12969,0.11063,1,0.00143,0.97344,0.05362
lidar/002093.ply,0.15,800,0.8,0.11274,0.66612,1,0.58151,0.99873,0.11041
lidar/002094.ply,0.15,800,0.8,0.12439,0.66151,1,0.57838,0.99868,0.11334
lidar/002095.ply,0.15,800,0.8,0.12363,0.6535,1,0.56992,0.9987,0.11246
lidar/002096.ply,0.15,800,0.8,0.1313,0.65417,1,0.57115,0.99864,0.11355
lidar/002097.ply,0.15,800,0.8,0.13776,0.12473,1,0.0017,0.99372,0.03206
lidar/002098.ply,0.15,800,0.8,0.13686,0.65395,1,0.57121,0.99871,0.11412
lidar/002099.ply,0.15,800,0.8,0.12602,0.65056,1,0.5673,0.99893,0.11316
lidar/002100.ply,0.15,800,0.8,0.12769,0.11132,1,0.00279,0.97579,0.05567
lidar/002101.ply,0.15,800,0.8,0.13383,0.63929,1,0.55403,0.99958,0.10936
lidar/002102.ply,0.15,800,0.8,0.14047,0.6418,1,0.55739,0.99944,0.11101
lidar/002103.ply,0.15,800,0.8,0.14467,0.64208,1,0.55777,0.99932,0.11117
lidar/002104.ply,0.15,800,0.8,0.10977,0.64262,1,0.55873,0.99911,0.11195
lidar/002105.ply,0.15,800,0.8,0.12163,0.64674,1,0.56187,0.99913,0.11
lidar/002106.ply,0.15,800,0.8,0.12877,0.63715,1,0.55206,0.99908,0.10953
lidar/002107.ply,0.15,800,0.8,0.12863,0.64512,1,0.56388,0.99903,0.11722
lidar/002108.ply,0.15,800,0.8,0.12354,0.63492,1,0.55156,0.99921,0.11305
lidar/002109.ply,0.15,800,0.8,0.12662,0.63075,1,0.54611,0.99925,0.11049
lidar/002110.ply,0.15,800,0.8,0.12373,0.63165,1,0.54613,0.99915,0.10871
lidar/002111.ply,0.15,800,0.8,0.12408,0.63906,1,0.55602,0.999,0.11361
lidar/002112.ply,0.15,800,0.8,0.11487,0.63611,1,0.5523,0.9991,0.11211
lidar/002113.ply,0.15,800,0.8,0.11328,0.63955,1,0.55822,0.99914,0.11708
lidar/002114.ply,0.15,800,0.8,0.10667,0.6322,1,0.54894,0.99917,0.11323
lidar/002115.ply,0.15,800,0.8,0.11929,0.63198,1,0.55041,0.99923,0.11665
lidar/002116.ply,0.15,800,0.8,0.11707,0.63153,1,0.5475,0.99917,0.11168
lidar/002117.ply,0.15,800,0.8,0.11004,0.62815,1,0.54497,0.99931,0.11343
lidar/002118.ply,0.15,800,0.8,0.1086,0.62948,1,0.54607,0.99925,0.11295
lidar/002119.ply,0.15,800,0.8,0.12836,0.62286,1,0.5362,0.99926,0.10646
lidar/002120.ply,0.15,800,0.8,0.12831,0.62043,1,0.53708,0.99911,0.11304
lidar/002121.ply,0.15,800,0.8,0.13798,0.62291,1,0.54017,0.99897,0.11421
lidar/002122.ply,0.15,800,0.8,0.1135,0.62785,1,0.5456,0.99896,0.11519
lidar/002123.ply,0.15,800,0.8,0.14021,0.61453,1,0.53102,0.99923,0.11276
lidar/002124.ply,0.15,800,0.8,0.12779,0.62162,1,0.53809,0.99917,0.11269
lidar/002125.ply,0.15,800,0.8,0.12442,0.62633,1,0.54504,0.99911,0.11716
lidar/002126.ply,0.15,800,0.8,0.12942,0.62371,1,0.54172,0.99913,0.11576
lidar/002127.ply,0.15,800,0.8,0.12654,0.61729,1,0.53595,0.9993,0.1171
lidar/002128.ply,0.15,800,0.8,0.18322,0.62422,1,0.54262,0.99934,0.11658
lidar/002129.ply,0.15,800,0.8,0.11844,0.62558,1,0.54496,0.99907,0.11847
lidar/002130.ply,0.15,800,0.8,0.12378,0.61953,1,0.53771,0.99915,0.11609
lidar/002131.ply,0.15,800,0.8,0.12261,0.62797,1,0.5482,0.99887,0.12011
lidar/002132.ply,0.15,800,0.8,0.1223,0.6285,1,0.54677,0.99879,0.11616
lidar/002133.ply,0.15,800,0.8,0.12172,0.62451,1,0.54219,0.99884,0.11501
lidar/002134.ply,0.15,800,0.8,0.11268,0.62323,1,0.53922,0.99876,0.11161
lidar/002135.ply,0.15,800,0.8,0.11339,0.6278,1,0.54681,0.99871,0.11764
lidar/002136.ply,0.15,800,0.8,0.1109,0.6214,1,0.54037,0.99856,0.1175
lidar/002137.ply,0.15,800,0.8,0.11002,0.63137,1,0.5512,0.99828,0.11914
lidar/002138.ply,0.15,800,0.8,0.09655,0.63259,1,0.55215,0.99813,0.11856
lidar/002139.ply,0.15,800,0.8,0.09877,0.63021,1,0.54909,0.9982,0.11723
lidar/002140.ply,0.15,800,0.8,0.11101,0.64055,1,0.56144,0.99804,0.12118
lidar/002141.ply,0.15,800,0.8,0.09862,0.6312,1,0.54799,0.99817,0.11302
lidar/002142.ply,0.15,800,0.8,0.12303,0.64223,1,0.56211,0.99785,0.11912
lidar/002143.ply,0.15,800,0.8,0.12567,0.63575,1,0.55385,0.99801,0.1156
lidar/002144.ply,0.15,800,0.8,0.12384,0.63543,1,0.55498,0.99767,0.11841
lidar/002145.ply,0.15,800,0.8,0.12404,0.6328,1,0.55146,0.9977,0.11663
lidar/002146.ply,0.15,800,0.8,0.12456,0.63395,1,0.5532,0.99762,0.1178
lidar/002147.ply,0.15,800,0.8,0.11591,0.63187,1,0.55083,0.99752,0.11718
lidar/002148.ply,0.15,800,0.8,0.13194,0.62552,1,0.54309,0.99788,0.11449
lidar/002149.ply,0.15,800,0.8,0.1326,0.63334,1,0.55158,0.99757,0.11576
lidar/002150.ply,0.15,800,0.8,0.1526,0.63844,1,0.5589,0.99743,0.12016
lidar/002151.ply,0.15,800,0.8,0.1513,0.63985,1,0.56159,0.99737,0.1227
lidar/002152.ply,0.15,800,0.8,0.14369,0.10329,1,0.00207,0.99597,0.07635
lidar/002153.ply,0.15,800,0.8,0.13644,0.64262,1,0.56356,0.99739,0.1211
lidar/002154.ply,0.15,800,0.8,0.13801,0.10879,1,0.00225,0.99826,0.0664
lidar/002155.ply,0.15,800,0.8,0.13344,0.62739,1,0.54308,0.9975,0.11062
lidar/002156.ply,0.15,800,0.8,0.12978,0.62883,1,0.54539,0.99741,0.11234
lidar/002157.ply,0.15,800,0.8,0.12731,0.63555,1,0.55552,0.99711,0.11906
lidar/002158.ply,0.15,800,0.8,0.13909,0.63446,1,0.55153,0.99708,0.11326
lidar/002159.ply,0.15,800,0.8,0.12644,0.10551,1,0.00063,0.99207,0.06785
lidar/002160.ply,0.15,800,0.8,0.14688,0.63449,1,0.55419,0.99704,0.11851
lidar/002161.ply,0.15,800,0.8,0.1075,0.10915,1,0.00255,0.99637,0.06571
lidar/002162.ply,0.15,800,0.8,0.12707,0.63472,1,0.55579,0.99659,0.12113
lidar/002163.ply,0.15,800,0.8,0.12023,0.63631,1,0.55549,0.99665,0.11737
lidar/002164.ply,0.15,800,0.8,0.12094,0.10397,1,0.00183,0.99477,0.07415
lidar/002165.ply,0.15,800,0.8,0.0964,0.62953,1,0.54815,0.99653,0.1162
lidar/002166.ply,0.15,800,0.8,0.10608,0.62968,1,0.54833,0.99658,0.11626
lidar/002167.ply,0.15,800,0.8,0.11463,0.62878,1,0.54804,0.99674,0.11755
lidar/002168.ply,0.15,800,0.8,0.1165,0.10703,1,0.00209,0.99807,0.06953
lidar/002169.ply,0.15,800,0.8,0.10348,0.63041,1,0.54772,0.99624,0.11348
lidar/002170.ply,0.15,800,0.8,0.10108,0.1083,1,0.00135,0.99039,0.0632
lidar/002171.ply,0.15,800,0.8,0.114,0.63352,1,0.55382,0.99633,0.1195
lidar/002172.ply,0.15,800,0.8,0.13193,0.62828,1,0.54813,0.99631,0.1186
lidar/002173.ply,0.15,800,0.8,0.19958,0.6234,1,0.54202,0.9961,0.11607
lidar/002174.ply,0.15,800,0.8,0.18184,0.1256,1,0.00093,0.99818,0.03011
lidar/002175.ply,0.15,800,0.8,0.15902,0.64157,1,0.56285,0.9951,0.12108
lidar/002176.ply,0.15,800,0.8,0.13539,0.63293,1,0.55112,0.99544,0.11503
lidar/002177.ply,0.15,800,0.8,0.13908,0.11856,1,0.00114,0.99939,0.04498
lidar/002178.ply,0.15,800,0.8,0.1434,0.64033,1,0.55905,0.99513,0.11596
lidar/002179.ply,0.15,800,0.8,0.13171,0.10735,1,0.00124,0.99893,0.06745
lidar/002180.ply,0.15,800,0.8,0.20417,0.65136,1,0.57226,0.99387,0.11995
lidar/002181.ply,0.15,800,0.8,0.12563,0.64486,1,0.56482,0.99392,0.11809
lidar/002182.ply,0.15,800,0.8,0.13362,0.64138,1,0.56313,0.99412,0.12172
lidar/002183.ply,0.15,800,0.8,0.13163,0.64611,1,0.56813,0.9942,0.1223
lidar/002184.ply,0.15,800,0.8,0.14871,0.64678,1,0.56873,0.99387,0.12207
lidar/002185.ply,0.15,800,0.8,0.19083,0.64499,1,0.56622,0.9938,0.1206
lidar/002186.ply,0.15,800,0.8,0.13704,0.641,1,0.56214,0.99341,0.12029
lidar/002187.ply,0.15,800,0.8,0.16274,0.63405,1,0.55524,0.99316,0.12034
lidar/002188.ply,0.15,800,0.8,0.15409,0.63888,1,0.56268,0.99233,0.1253
lidar/002189.ply,0.15,800,0.8,0.13021,0.62602,1,0.54806,0.99452,0.12243
lidar/002190.ply,0.15,800,0.8,0.1143,0.62198,1,0.54333,0.9951,0.12122
lidar/002191.ply,0.15,800,0.8,0.15182,0.63935,1,0.56291,0.99459,0.12549
lidar/002192.ply,0.15,800,0.8,0.14081,0.64128,1,0.56067,0.99313,0.11671
lidar/002193.ply,0.15,800,0.8,0.13479,0.64933,1,0.57143,0.99359,0.12228
lidar/002194.ply,0.15,800,0.8,0.13027,0.11936,1,0.00065,0.99331,0.04057
lidar/002195.ply,0.15,800,0.8,0.12608,0.64647,1,0.57049,0.99508,0.12657
lidar/002196.ply,0.15,800,0.8,0.1078,0.65153,1,0.57444,0.99455,0.12417
lidar/002197.ply,0.15,800,0.8,0.11494,0.63648,1,0.55677,0.99504,0.11907
lidar/002198.ply,0.15,800,0.8,0.11099,0.64196,1,0.56242,0.99466,0.11931
lidar/002199.ply,0.15,800,0.8,0.1263,0.6485,1,0.57084,0.9941,0.12291
lidar/002200.ply,0.15,800,0.8,0.13094,0.11578,1,0.00175,0.99615,0.05079
lidar/002201.ply,0.15,800,0.8,0.12927,0.64313,1,0.56359,0.99471,0.11934
lidar/002202.ply,0.15,800,0.8,0.12633,0.64006,1,0.56145,0.99418,0.12104
lidar/002203.ply,0.15,800,0.8,0.12072,0.64658,1,0.57057,0.99376,0.1261
lidar/002204.ply,0.15,800,0.8,0.12138,0.10795,1,0.00278,0.95057,0.05483
lidar/002205.ply,0.15,800,0.8,0.11792,0.64096,1,0.56187,0.99486,0.12027
lidar/002206.ply,0.15,800,0.8,0.13482,0.6397,1,0.56132,0.99451,0.12159
lidar/002207.ply,0.15,800,0.8,0.12261,0.64811,1,0.56936,0.99446,0.12084
lidar/002208.ply,0.15,800,0.8,0.10915,0.64546,1,0.56544,0.995,0.11847
lidar/002209.ply,0.15,800,0.8,0.13051,0.14019,1,0.00054,0.99794,9e-05
lidar/002210.ply,0.15,800,0.8,0.16175,0.64271,1,0.56324,0.99483,0.11952
lidar/002211.ply,0.15,800,0.8,0.12712,0.63786,1,0.55835,0.99534,0.11958
lidar/002212.ply,0.15,800,0.8,0.11167,0.65236,1,0.57429,0.99435,0.12217
lidar/002213.ply,0.15,800,0.8,0.10796,0.65243,1,0.57415,0.9943,0.12173
lidar/002214.ply,0.15,800,0.8,0.1567,0.65005,1,0.57131,0.99503,0.12104
lidar/002215.ply,0.15,800,0.8,0.1258,0.64813,1,0.56975,0.99467,0.12164
lidar/002216.ply,0.15,800,0.8,0.12818,0.64844,1,0.57121,0.99352,0.1236
lidar/002217.ply,0.15,800,0.8,0.12426,0.64266,1,0.5652,0.99373,0.1232
lidar/002218.ply,0.15,800,0.8,0.13199,0.64262,1,0.56339,0.99421,0.1198
lidar/002219.ply,0.15,800,0.8,0.13662,0.63745,1,0.5586,0.99474,0.12072
lidar/002220.ply,0.15,800,0.8,0.1253,0.64198,1,0.56395,0.99401,0.12215
lidar/002221.ply,0.15,800,0.8,0.12055,0.63739,1,0.55819,0.99489,0.12005
lidar/002222.ply,0.15,800,0.8,0.15685,0.12497,1,0.00051,0.99791,0.03044
lidar/002223.ply,0.15,800,0.8,0.15963,0.64009,1,0.56179,0.99442,0.12174
lidar/002224.ply,0.15,800,0.8,0.13431,0.62479,1,0.54306,0.9951,0.11506
lidar/002225.ply,0.15,800,0.8,0.13701,0.63354,1,0.55385,0.99441,0.11895
lidar/002226.ply,0.15,800,0.8,0.14071,0.63265,1,0.55079,0.99403,0.11448
lidar/002227.ply,0.15,800,0.8,0.14507,0.62554,1,0.54404,0.99506,0.11552
lidar/002228.ply,0.15,800,0.8,0.11398,0.63034,1,0.54964,0.99573,0.11731
lidar/002229.ply,0.15,800,0.8,0.12746,0.6304,1,0.55051,0.9953,0.11882
lidar/002230.ply,0.15,800,0.8,0.16919,0.62323,1,0.5452,0.99601,0.12274
lidar/002231.ply,0.15,800,0.8,0.16175,0.60357,1,0.52384,0.99718,0.11969
lidar/002232.ply,0.15,800,0.8,0.14401,0.5933,1,0.51472,0.99819,0.1223
lidar/002233.ply,0.15,800,0.8,0.13137,0.58609,1,0.50852,0.99881,0.12451
lidar/002234.ply,0.15,800,0.8,0.18458,0.57723,1,0.49919,0.99927,0.1237
lidar/002235.ply,0.15,800,0.8,0.17042,0.57236,1,0.49351,0.99963,0.12219
lidar/002236.ply,0.15,800,0.8,0.15988,0.56644,1,0.48774,0.99971,0.1225
lidar/002237.ply,0.15,800,0.8,0.18116,0.56102,1,0.48184,0.99988,0.12162
lidar/002238.ply,0.15,800,0.8,0.22208,0.56051,1,0.48103,0.99987,0.121
lidar/002239.ply,0.15,800,0.8,0.18442,0.55418,1,0.47502,0.99991,0.12165
lidar/002240.ply,0.15,800,0.8,0.13106,0.55069,1,0.47272,0.99991,0.12404
lidar/002241.ply,0.15,800,0.8,0.17215,0.55567,1,0.47676,0.99993,0.12216
lidar/002242.ply,0.15,800,0.8,0.2041,0.54633,1,0.46674,0.99997,0.12082
lidar/002243.ply,0.15,800,0.8,0.17186,0.55476,1,0.47561,0.99997,0.12168
lidar/002244.ply,0.15,800,0.8,0.15293,0.54871,1,0.47148,0.9999,0.12551
lidar/002245.ply,0.15,800,0.8,0.1635,0.1075,1,0.00139,0.99653,0.06675
lidar/002246.ply,0.15,800,0.8,0.17123,0.55154,1,0.47422,0.99995,0.12534
lidar/002247.ply,0.15,800,0.8,0.14146,0.5431,1,0.46752,0.99995,0.12884
lidar/002248.ply,0.15,800,0.8,0.13811,0.54205,1,0.46691,0.99998,0.12972
lidar/002249.ply,0.15,800,0.8,0.13336,0.54624,1,0.47035,0.99999,0.12822
lidar/002250.ply,0.15,800,0.8,0.14101,0.53934,1,0.46332,1.0,0.12796
lidar/002251.ply,0.15,800,0.8,0.12759,0.53021,1,0.45319,1.0,0.12596
lidar/002252.ply,0.15,800,0.8,0.13845,0.54418,1,0.46791,1.0,0.12745
lidar/002253.ply,0.15,800,0.8,0.14569,0.5429,1,0.46682,0.99999,0.12785
lidar/002254.ply,0.15,800,0.8,0.13363,0.54704,1,0.47173,0.99995,0.12936
lidar/002255.ply,0.15,800,0.8,0.14384,0.07451,1,0.00136,0.99219,0.13136
lidar/002256.ply,0.15,800,0.8,0.1845,0.55347,1,0.47695,0.99995,0.12694
lidar/002257.ply,0.15,200,0.8,0.25098,0.54829,1,0.46859,0.99994,0.12058
lidar/002258.ply,0.15,800,0.8,0.15768,0.1262,1,0.00146,0.99668,0.02952
lidar/002259.ply,0.15,800,0.8,0.22814,0.55142,1,0.47355,0.99981,0.12419
lidar/002260.ply,0.15,800,0.8,0.14835,0.55799,1,0.47966,0.9998,0.12328
lidar/002261.ply,0.15,800,0.8,0.14204,0.56113,1,0.48228,0.99959,0.12216
lidar/002262.ply,0.15,800,0.8,0.13098,0.55046,1,0.47037,0.99936,0.11962
lidar/002263.ply,0.15,800,0.8,0.12696,0.55609,1,0.47599,0.9994,0.11962
lidar/002264.ply,0.15,800,0.8,0.16269,0.55925,1,0.4803,0.99939,0.12193
lidar/002265.ply,0.15,800,0.8,0.12934,0.55303,1,0.47398,0.99929,0.1217
lidar/002266.ply,0.15,800,0.8,0.20635,0.55348,1,0.47434,0.99912,0.12146
lidar/002267.ply,0.15,800,0.8,0.14871,0.11647,1,0.00098,0.98837,0.04552
lidar/002268.ply,0.15,800,0.8,0.151,0.56155,1,0.48107,0.99902,0.11875
lidar/002269.ply,0.15,800,0.8,0.11894,0.57258,1,0.49255,0.99886,0.1196
lidar/002270.ply,0.15,800,0.8,0.173,0.58573,1,0.50716,0.99872,0.12248
lidar/002271.ply,0.15,800,0.8,0.14741,0.58136,1,0.50025,0.99833,0.11727
lidar/002272.ply,0.15,800,0.8,0.13567,0.57576,1,0.49638,0.9986,0.12081
lidar/002273.ply,0.15,800,0.8,0.16156,0.58023,1,0.4997,0.99874,0.11857
lidar/002274.ply,0.15,800,0.8,0.1798,0.57581,1,0.49571,0.99872,0.11941
lidar/002275.ply,0.15,800,0.8,0.16719,0.58501,1,0.50618,0.99878,0.12198
lidar/002276.ply,0.15,800,0.8,0.15656,0.57597,1,0.49598,0.99848,0.11957
lidar/002277.ply,0.15,800,0.8,0.13907,0.06444,1,0.00154,0.97949,0.14805
lidar/002278.ply,0.15,800,0.8,0.13647,0.11519,1,0.00126,0.99683,0.05118
lidar/002279.ply,0.15,800,0.8,0.15047,0.56817,1,0.48741,0.99855,0.11806
lidar/002280.ply,0.15,800,0.8,0.1395,0.56773,1,0.48636,0.99849,0.11681
lidar/002281.ply,0.15,800,0.8,0.15362,0.0954,1,0.00091,0.99787,0.09037
lidar/002282.ply,0.15,800,0.8,0.16053,0.58152,1,0.5022,0.99881,0.12099
lidar/002283.ply,0.15,800,0.8,0.19419,0.57747,1,0.49954,0.99878,0.12377
lidar/002284.ply,0.15,800,0.8,0.13312,0.07373,1,0.00449,0.9858,0.13726
lidar/002285.ply,0.15,800,0.8,0.13327,0.57359,1,0.49441,0.99875,0.12126
lidar/002286.ply,0.15,800,0.8,0.1303,0.5712,1,0.49149,0.99879,0.12021
lidar/002287.ply,0.15,800,0.8,0.1388,0.05114,1,0.00304,0.99063,0.18099
lidar/002288.ply,0.15,800,0.8,0.14604,0.58087,1,0.50107,0.99928,0.12019
lidar/002289.ply,0.15,800,0.8,0.11748,0.10767,1,0.00153,0.98614,0.06356
lidar/002290.ply,0.15,800,0.8,0.11139,0.58277,1,0.50239,0.99882,0.11889
lidar/002291.ply,0.15,800,0.8,0.10877,0.5742,1,0.49317,0.9985,0.11749
lidar/002292.ply,0.15,800,0.8,0.11275,0.57702,1,0.49534,0.99882,0.11629
lidar/002293.ply,0.15,300,0.8,0.17522,0.57643,1,0.49579,0.99865,0.11831
lidar/002294.ply,0.15,300,0.8,0.19298,0.55994,1,0.47967,0.99889,0.11913
lidar/002295.ply,0.15,800,0.8,0.1554,0.09804,1,0.00172,0.98841,0.08387
lidar/002296.ply,0.15,800,0.8,0.18843,0.56941,1,0.48773,0.9988,0.11628
lidar/002297.ply,0.15,800,0.8,0.12694,0.57503,1,0.49551,0.99915,0.12072
lidar/002298.ply,0.15,800,0.8,0.15303,0.56495,1,0.48522,0.99929,0.12033
lidar/002299.ply,0.15,800,0.8,0.13902,0.5672,1,0.4869,0.99938,0.11922
lidar/002300.ply,0.15,800,0.8,0.17757,0.56803,1,0.48772,0.99945,0.11921
lidar/002301.ply,0.15,800,0.8,0.15725,0.09104,1,0.0018,0.92015,0.07757
lidar/002302.ply,0.15,800,0.8,0.1853,0.08841,1,0.00197,0.99359,0.1052
lidar/002303.ply,0.15,800,0.8,0.12614,0.11953,1,0.00157,0.99159,0.04156
lidar/002304.ply,0.15,300,0.8,0.15857,0.57315,1,0.49449,0.99942,0.12251
lidar/002305.ply,0.15,800,0.8,0.12602,0.56629,1,0.4859,0.99933,0.119
lidar/002306.ply,0.15,800,0.8,0.11658,0.56842,1,0.48925,0.99942,0.12147
lidar/002307.ply,0.15,800,0.8,0.14842,0.56266,1,0.48,0.99929,0.11446
lidar/002308.ply,0.15,300,0.8,0.15397,0.5606,1,0.48048,0.9994,0.11958
lidar/002309.ply,0.15,300,0.8,0.15597,0.56393,1,0.48421,0.99947,0.1204
lidar/002310.ply,0.15,800,0.8,0.12109,0.56987,1,0.49029,0.99942,0.12065
lidar/002311.ply,0.15,300,0.8,0.14926,0.10591,1,0.00108,0.99446,0.06866
lidar/002312.ply,0.15,300,0.8,0.19711,0.56063,1,0.48083,0.99945,0.12025
lidar/002313.ply,0.15,300,0.8,0.14825,0.56165,1,0.48069,0.99937,0.1179
lidar/002314.ply,0.15,800,0.8,0.17257,0.5672,1,0.48779,0.99941,0.12101
lidar/002315.ply,0.15,300,0.8,0.16282,0.56821,1,0.488,0.99935,0.11939
lidar/002316.ply,0.15,800,0.8,0.1417,0.56987,1,0.49064,0.99952,0.12139
lidar/002317.ply,0.15,300,0.8,0.18118,0.5711,1,0.49178,0.99956,0.12122
lidar/002318.ply,0.15,300,0.8,0.16866,0.57428,1,0.4948,0.99967,0.12094
lidar/002319.ply,0.15,300,0.8,0.18325,0.5671,1,0.48508,0.9997,0.11588
lidar/002320.ply,0.15,800,0.8,0.14295,0.57354,1,0.4943,0.9998,0.12145
lidar/002321.ply,0.15,300,0.8,0.19833,0.0816,1,0.00135,0.96795,0.10989
lidar/002322.ply,0.15,800,0.8,0.11336,0.57325,1,0.49388,0.99981,0.12119
lidar/002323.ply,0.15,800,0.8,0.15895,0.56642,1,0.48553,0.99986,0.11818
lidar/002324.ply,0.15,800,0.8,0.17232,0.57683,1,0.49574,0.99987,0.11778
lidar/002325.ply,0.15,800,0.8,0.21846,0.57434,1,0.49251,0.99987,0.11629
lidar/002326.ply,0.15,300,0.8,0.18168,0.5788,1,0.49824,0.99989,0.11884
lidar/002327.ply,0.15,800,0.8,0.15269,0.58582,1,0.50298,0.99972,0.11424
lidar/002328.ply,0.15,300,0.8,0.16231,0.57886,1,0.49889,0.99986,0.12001
lidar/002329.ply,0.15,800,0.8,0.14533,0.56835,1,0.48435,0.99987,0.11195
lidar/002330.ply,0.15,800,0.8,0.15203,0.57239,1,0.49052,0.99982,0.11619
lidar/002331.ply,0.15,300,0.8,0.22284,0.58114,1,0.4996,0.99974,0.11684
lidar/002332.ply,0.15,800,0.8,0.14139,0.57627,1,0.4921,0.99971,0.11158
lidar/002333.ply,0.15,800,0.8,0.11764,0.58392,1,0.50137,0.99973,0.11482
lidar/002334.ply,0.15,800,0.8,0.14493,0.58413,1,0.50322,0.99977,0.11811
lidar/002335.ply,0.15,800,0.8,0.1224,0.08228,1,0.0012,0.98826,0.11432
lidar/002336.ply,0.15,800,0.8,0.11951,0.58377,1,0.50278,0.99977,0.11794
lidar/002337.ply,0.15,800,0.8,0.13785,0.59005,1,0.51056,0.99969,0.12093
lidar/002338.ply,0.15,800,0.8,0.10834,0.59336,1,0.51489,0.99968,0.12296
lidar/002339.ply,0.15,800,0.8,0.11049,0.57369,1,0.49046,0.99962,0.11343
lidar/002340.ply,0.15,800,0.8,0.15392,0.58431,1,0.50186,0.9996,0.11499
lidar/002341.ply,0.15,800,0.8,0.14432,0.57653,1,0.49486,0.9996,0.11653
lidar/002342.ply,0.15,800,0.8,0.11216,0.57572,1,0.49336,0.99968,0.11517
lidar/002343.ply,0.15,800,0.8,0.1776,0.58945,1,0.51034,0.99982,0.12172
lidar/002344.ply,0.15,800,0.8,0.14708,0.57984,1,0.49752,0.9998,0.1153
lidar/002345.ply,0.15,800,0.8,0.1547,0.58304,1,0.50029,0.99978,0.11445
lidar/002346.ply,0.15,800,0.8,0.11208,0.5811,1,0.49807,0.99981,0.11388
lidar/002347.ply,0.15,800,0.8,0.12127,0.59002,1,0.51095,0.99982,0.12182
lidar/002348.ply,0.15,800,0.8,0.1187,0.58355,1,0.50115,0.99969,0.1151
lidar/002349.ply,0.15,800,0.8,0.10235,0.58693,1,0.50466,0.99962,0.11534
lidar/002350.ply,0.15,800,0.8,0.17158,0.57917,1,0.49678,0.99965,0.11512
lidar/002351.ply,0.15,800,0.8,0.11921,0.5904,1,0.50855,0.99954,0.11615
lidar/002352.ply,0.15,800,0.8,0.16956,0.59523,1,0.51509,0.99956,0.1196
lidar/002353.ply,0.15,800,0.8,0.1112,0.59323,1,0.51167,0.99956,0.11674
lidar/002354.ply,0.15,800,0.8,0.12731,0.59996,1,0.51984,0.9995,0.11961
lidar/002355.ply,0.15,800,0.8,0.15388,0.5983,1,0.51621,0.99942,0.11564
lidar/002356.ply,0.15,800,0.8,0.12997,0.59425,1,0.51494,0.99961,0.12125
lidar/002357.ply,0.15,800,0.8,0.16103,0.59892,1,0.51767,0.99968,0.11742
lidar/002358.ply,0.15,800,0.8,0.13408,0.60935,1,0.5313,0.99974,0.12382
lidar/002359.ply,0.15,800,0.8,0.17629,0.59792,1,0.51598,0.99963,0.116
lidar/002360.ply,0.15,800,0.8,0.15075,0.59678,1,0.51584,0.99978,0.11806
lidar/002361.ply,0.15,800,0.8,0.15242,0.6019,1,0.51948,0.99977,0.11509
lidar/002362.ply,0.15,800,0.8,0.1401,0.60577,1,0.52378,0.99968,0.11593
lidar/002363.ply,0.15,800,0.8,0.13247,0.60342,1,0.52241,0.99973,0.11789
lidar/002364.ply,0.15,800,0.8,0.14613,0.60738,1,0.52756,0.99982,0.1203
lidar/002365.ply,0.15,800,0.8,0.12312,0.60348,1,0.52081,0.99971,0.11457
lidar/002366.ply,0.15,800,0.8,0.1359,0.60961,1,0.52744,0.99956,0.11551
lidar/002367.ply,0.15,800,0.8,0.13364,0.61287,1,0.53291,0.99955,0.11994
lidar/002368.ply,0.15,800,0.8,0.12617,0.60759,1,0.52399,0.99933,0.1126
lidar/002369.ply,0.15,800,0.8,0.15031,0.05742,1,0.00086,0.99737,0.16609
lidar/002370.ply,0.15,800,0.8,0.16289,0.08693,1,0.00135,0.94332,0.09183
lidar/002371.ply,0.15,800,0.8,0.13372,0.62357,1,0.54188,0.99963,0.11649
lidar/002372.ply,0.15,800,0.8,0.14591,0.61976,1,0.53748,0.99965,0.11534
lidar/002373.ply,0.15,800,0.8,0.11696,0.62412,1,0.54445,0.99978,0.12058
lidar/002374.ply,0.15,800,0.8,0.13695,0.62007,1,0.53876,0.99975,0.11731
lidar/002375.ply,0.15,800,0.8,0.13227,0.61407,1,0.53124,0.99974,0.11426
lidar/002376.ply,0.15,800,0.8,0.13366,0.08872,1,0.00099,0.9976,0.10381
lidar/002377.ply,0.15,800,0.8,0.145,0.62304,1,0.53988,0.99982,0.11361
lidar/002378.ply,0.15,800,0.8,0.11746,0.62849,1,0.54393,0.99969,0.1108
lidar/002379.ply,0.15,800,0.8,0.13878,0.62738,1,0.54286,0.9996,0.11084
lidar/002380.ply,0.15,800,0.8,0.11038,0.62263,1,0.53674,0.99947,0.10806
lidar/002381.ply,0.15,800,0.8,0.17119,0.6295,1,0.54365,0.99941,0.10814
lidar/002382.ply,0.15,800,0.8,0.11808,0.63491,1,0.54948,0.99942,0.10897
lidar/002383.ply,0.15,800,0.8,0.10497,0.128,1,0.00181,0.96265,0.01642
lidar/002384.ply,0.15,800,0.8,0.16762,0.6453,1,0.56321,0.99947,0.11565
lidar/002385.ply,0.15,800,0.8,0.12864,0.63943,1,0.55422,0.99944,0.10941
lidar/002386.ply,0.15,800,0.8,0.12836,0.64441,1,0.56174,0.99956,0.11454
lidar/002387.ply,0.15,800,0.8,0.15843,0.64021,1,0.55364,0.99926,0.10665
lidar/002388.ply,0.15,800,0.8,0.132,0.64975,1,0.56565,0.99919,0.11156
lidar/002389.ply,0.15,800,0.8,0.14573,0.12649,1,0.00167,0.97282,0.0222
lidar/002390.ply,0.15,800,0.8,0.1522,0.12538,1,0.00115,0.97878,0.02516
lidar/002391.ply,0.15,800,0.8,0.13339,0.6449,1,0.55976,0.99904,0.10942
lidar/002392.ply,0.15,800,0.8,0.14267,0.1053,1,0.00068,0.98195,0.06535
lidar/002393.ply,0.15,800,0.8,0.15444,0.64585,1,0.55989,0.99892,0.10776
lidar/002394.ply,0.15,800,0.8,0.13196,0.63867,1,0.55414,0.99878,0.11056
lidar/002395.ply,0.15,800,0.8,0.15846,0.63784,1,0.55056,0.99845,0.10496
lidar/002396.ply,0.15,800,0.8,0.12923,0.63792,1,0.55358,0.99891,0.11098
lidar/002397.ply,0.15,800,0.8,0.1347,0.63966,1,0.55403,0.99919,0.10848
lidar/002398.ply,0.15,800,0.8,0.12499,0.64338,1,0.55648,0.99921,0.10597
lidar/002399.ply,0.15,800,0.8,0.13291,0.64687,1,0.56036,0.99925,0.10675
lidar/002400.ply,0.15,800,0.8,0.10676,0.64372,1,0.55752,0.9994,0.10743
lidar/002401.ply,0.15,800,0.8,0.11948,0.11599,1,0.00316,0.97174,0.04586
lidar/002402.ply,0.15,800,0.8,0.12984,0.12108,1,0.00266,0.97957,0.03703
lidar/002403.ply,0.15,800,0.8,0.11745,0.63669,1,0.54903,0.99934,0.10449
lidar/002404.ply,0.15,800,0.8,0.13713,0.64287,1,0.55889,0.99886,0.1117
lidar/002405.ply,0.15,800,0.8,0.1163,0.11248,1,0.0289,0.97511,0.10537
lidar/002406.ply,0.15,800,0.8,0.15516,0.63134,1,0.54706,0.99902,0.11114
lidar/002407.ply,0.15,800,0.8,0.12682,0.11086,1,0.00179,0.96951,0.05271
lidar/002408.ply,0.15,800,0.8,0.1116,0.64665,1,0.55948,0.999,0.10534
lidar/002409.ply,0.15,800,0.8,0.12002,0.65963,1,0.57395,0.99879,0.10828
lidar/002410.ply,0.15,800,0.8,0.12249,0.65865,1,0.57338,0.99867,0.10905
lidar/002411.ply,0.15,800,0.8,0.1282,0.62819,1,0.54403,0.99942,0.11151
lidar/002412.ply,0.15,800,0.8,0.13912,0.64718,1,0.563,0.99955,0.11151
lidar/002413.ply,0.15,800,0.8,0.12072,0.11819,1,0.00209,0.96749,0.03804
lidar/002414.ply,0.15,800,0.8,0.13124,0.08401,1,0.00259,0.97396,0.10934
lidar/002415.ply,0.15,800,0.8,0.1282,0.63634,1,0.54907,0.99899,0.10516
lidar/002416.ply,0.15,800,0.8,0.11666,0.11382,1,0.00226,0.98958,0.05375
lidar/002417.ply,0.15,800,0.8,0.14904,0.64189,1,0.55672,0.99867,0.10925
lidar/002418.ply,0.15,800,0.8,0.14467,0.62535,1,0.53901,0.9987,0.10693
lidar/002419.ply,0.15,800,0.8,0.1045,0.62505,1,0.53874,0.99875,0.107
lidar/002420.ply,0.15,800,0.8,0.10676,0.63559,1,0.54984,0.99877,0.10813
lidar/002421.ply,0.15,800,0.8,0.2021,0.11412,1,0.00262,0.99238,0.05471
lidar/002422.ply,0.15,800,0.8,0.13494,0.11661,1,0.00301,0.97238,0.04451
lidar/002423.ply,0.15,800,0.8,0.12784,0.62427,1,0.53923,0.99918,0.10966
lidar/002424.ply,0.15,800,0.8,0.11722,0.11657,1,0.00155,0.98571,0.04568
lidar/002425.ply,0.15,800,0.8,0.13745,0.62342,1,0.53774,0.99912,0.10839
lidar/002426.ply,0.15,800,0.8,0.13096,0.61694,1,0.52933,0.99894,0.10446
lidar/002427.ply,0.15,800,0.8,0.11692,0.12099,1,0.00108,0.95311,0.02612
lidar/002428.ply,0.15,800,0.8,0.11748,0.62064,1,0.53597,0.99913,0.11041
lidar/002429.ply,0.15,800,0.8,0.13667,0.62018,1,0.5349,0.99901,0.10915
lidar/002430.ply,0.15,800,0.8,0.12619,0.62111,1,0.53558,0.99914,0.10868
lidar/002431.ply,0.15,800,0.8,0.177,0.62402,1,0.53915,0.99914,0.11001
lidar/002432.ply,0.15,800,0.8,0.18929,0.63335,1,0.5482,0.99901,0.1094
lidar/002433.ply,0.15,800,0.8,0.14974,0.6346,1,0.54875,0.99885,0.10795
lidar/002434.ply,0.15,800,0.8,0.12887,0.11607,1,0.00089,0.9755,0.04228
lidar/002435.ply,0.15,800,0.8,0.15048,0.64238,1,0.55802,0.9991,0.11102
lidar/002436.ply,0.15,800,0.8,0.13992,0.64366,1,0.56036,0.99907,0.11313
lidar/002437.ply,0.15,800,0.8,0.15327,0.63415,1,0.54944,0.99904,0.11029
lidar/002438.ply,0.15,800,0.8,0.16562,0.63303,1,0.54842,0.99913,0.11052
lidar/002439.ply,0.15,800,0.8,0.16837,0.63425,1,0.54785,0.99883,0.10686
lidar/002440.ply,0.15,800,0.8,0.14181,0.62843,1,0.54216,0.99899,0.10714
lidar/002441.ply,0.15,800,0.8,0.22357,0.62644,1,0.54173,0.99903,0.11027
lidar/002442.ply,0.15,800,0.8,0.15605,0.63324,1,0.55004,0.99903,0.11331
lidar/002443.ply,0.15,800,0.8,0.14185,0.62848,1,0.54434,0.99885,0.11138
lidar/002444.ply,0.15,800,0.8,0.18249,0.62383,1,0.5397,0.999,0.11143
lidar/002445.ply,0.15,800,0.8,0.16521,0.6258,1,0.54172,0.99897,0.11153
lidar/002446.ply,0.15,800,0.8,0.16537,0.64164,1,0.55909,0.99918,0.11466
lidar/002447.ply,0.15,800,0.8,0.13937,0.63304,1,0.54779,0.99898,0.10919
lidar/002448.ply,0.15,800,0.8,0.12301,0.63021,1,0.54649,0.99921,0.11233
lidar/002449.ply,0.15,800,0.8,0.19039,0.6366,1,0.55192,0.99913,0.11039
lidar/002450.ply,0.15,800,0.8,0.12124,0.0913,1,0.00148,0.93672,0.08138
lidar/002451.ply,0.15,800,0.8,0.1255,0.10343,1,0.00186,0.97787,0.07023
lidar/002452.ply,0.15,800,0.8,0.13244,0.64079,1,0.55675,0.99882,0.11157
lidar/002453.ply,0.15,800,0.8,0.15694,0.63565,1,0.54914,0.99829,0.10646
lidar/002454.ply,0.15,800,0.8,0.14098,0.63922,1,0.55442,0.99821,0.10986
lidar/002455.ply,0.15,800,0.8,0.13902,0.64949,1,0.56538,0.99804,0.11118
lidar/002456.ply,0.15,800,0.8,0.12442,0.64376,1,0.55854,0.99774,0.10889
lidar/002457.ply,0.15,800,0.8,0.13375,0.65208,1,0.56805,0.99758,0.11121
lidar/002458.ply,0.15,800,0.8,0.11847,0.65011,1,0.56574,0.99766,0.11056
lidar/002459.ply,0.15,800,0.8,0.11216,0.11141,1,0.00319,0.98225,0.05824
lidar/002460.ply,0.15,800,0.8,0.14623,0.64772,1,0.56061,0.9961,0.1046
lidar/002461.ply,0.15,800,0.8,0.14457,0.65641,1,0.57088,0.99607,0.10776
lidar/002462.ply,0.15,800,0.8,0.17735,0.65803,1,0.57164,0.99566,0.10592
lidar/002463.ply,0.15,800,0.8,0.13602,0.65458,1,0.56848,0.99606,0.10662
lidar/002464.ply,0.15,800,0.8,0.12618,0.64517,1,0.55724,0.99518,0.1027
lidar/002465.ply,0.15,800,0.8,0.13021,0.64692,1,0.5581,0.99532,0.10097
lidar/002466.ply,0.15,800,0.8,0.13608,0.64889,1,0.56346,0.99647,0.10808
lidar/002467.ply,0.15,800,0.8,0.15219,0.14049,1,0.00072,0.999,0.00014
lidar/002468.ply,0.15,800,0.8,0.13075,0.12108,1,0.00127,0.95694,0.02745
lidar/002469.ply,0.15,800,0.8,0.11601,0.65462,1,0.56842,0.996,0.10639
lidar/002470.ply,0.15,800,0.8,0.13513,0.64894,1,0.56149,0.99563,0.10379
lidar/002471.ply,0.15,800,0.8,0.11828,0.65153,1,0.56462,0.99596,0.10497
lidar/002472.ply,0.15,800,0.8,0.10415,0.65729,1,0.5721,0.99564,0.10831
lidar/002473.ply,0.15,800,0.8,0.0942,0.0594,1,0.00055,0.97419,0.15456
lidar/002474.ply,0.15,800,0.8,0.11278,0.64524,1,0.55785,0.99559,0.1039
lidar/002475.ply,0.15,800,0.8,0.11133,0.64851,1,0.56165,0.99537,0.10489
lidar/002476.ply,0.15,800,0.8,0.10623,0.64969,1,0.56387,0.99517,0.10692
lidar/002477.ply,0.15,800,0.8,0.11747,0.62368,1,0.53054,0.99344,0.09176
lidar/002478.ply,0.15,800,0.8,0.116,0.64915,1,0.56262,0.99548,0.10557
lidar/002479.ply,0.15,800,0.8,0.11906,0.0546,1,0.00095,0.99286,0.17055
lidar/002480.ply,0.15,800,0.8,0.13662,0.62906,1,0.53764,0.99358,0.09522
lidar/002481.ply,0.15,800,0.8,0.12646,0.63321,1,0.54186,0.9937,0.09542
lidar/002482.ply,0.15,800,0.8,0.13727,0.12067,1,0.02958,0.99554,0.09649
lidar/002483.ply,0.15,800,0.8,0.13829,0.12693,1,0.0028,0.9899,0.02869
lidar/002484.ply,0.15,800,0.8,0.12287,0.63172,1,0.54041,0.99326,0.09537
lidar/002485.ply,0.15,800,0.8,0.14075,0.07942,1,0.00124,0.94112,0.10597
lidar/002486.ply,0.15,800,0.8,0.12278,0.6357,1,0.54555,0.99258,0.09746
lidar/002487.ply,0.15,800,0.8,0.13304,0.62912,1,0.53714,0.99183,0.0936
lidar/002488.ply,0.15,800,0.8,0.1139,0.63077,1,0.53689,0.99086,0.08951
lidar/002489.ply,0.15,800,0.8,0.1208,0.62996,1,0.53783,0.99234,0.09344
lidar/002490.ply,0.15,800,0.8,0.13449,0.62923,1,0.53632,0.99192,0.09174
lidar/002491.ply,0.15,800,0.8,0.12511,0.63986,1,0.54995,0.99301,0.09808
lidar/002492.ply,0.15,800,0.8,0.12687,0.62453,1,0.53216,0.99152,0.09272
lidar/002493.ply,0.15,800,0.8,0.12405,0.6403,1,0.55081,0.99294,0.09892
lidar/002494.ply,0.15,800,0.8,0.11544,0.63811,1,0.54526,0.99124,0.09167
lidar/002495.ply,0.15,800,0.8,0.11655,0.6387,1,0.54669,0.99074,0.0932
lidar/002496.ply,0.15,800,0.8,0.11854,0.62974,1,0.53588,0.99055,0.08944
lidar/002497.ply,0.15,800,0.8,0.11908,0.13792,1,0.06902,0.99514,0.14075
lidar/002498.ply,0.15,800,0.8,0.12758,0.6413,1,0.55249,0.99279,0.10021
lidar/002499.ply,0.15,800,0.8,0.14225,0.63807,1,0.5484,0.99172,0.09819
lidar/002500.ply,0.15,800,0.8,0.12659,0.65141,1,0.56401,0.9919,0.10276
lidar/002501.ply,0.15,800,0.8,0.1231,0.63916,1,0.54709,0.99066,0.09306
lidar/002502.ply,0.15,800,0.8,0.10882,0.63702,1,0.54823,0.99182,0.09997
lidar/002503.ply,0.15,800,0.8,0.11123,0.63524,1,0.54589,0.99142,0.09871
lidar/002504.ply,0.15,800,0.8,0.12227,0.12593,1,0.03743,0.94228,0.08568
lidar/002505.ply,0.15,800,0.8,0.11063,0.62981,1,0.53822,0.99123,0.09421
lidar/002506.ply,0.15,800,0.8,0.12302,0.10891,1,0.05738,0.97267,0.16876
lidar/002507.ply,0.15,800,0.8,0.10483,0.6422,1,0.55609,0.99226,0.10545
lidar/002508.ply,0.15,800,0.8,0.10095,0.13476,1,0.06783,0.99814,0.14559
lidar/002509.ply,0.15,800,0.8,0.10772,0.16894,1,0.09584,0.96923,0.12457
lidar/002510.ply,0.15,800,0.8,0.1077,0.63859,1,0.5518,0.9926,0.1042
lidar/002511.ply,0.15,800,0.8,0.10003,0.15256,1,0.09168,0.99819,0.15769
lidar/002512.ply,0.15,800,0.8,0.11926,0.63056,1,0.54188,0.99213,0.10028
lidar/002513.ply,0.15,800,0.8,0.15485,0.62294,1,0.53309,0.9922,0.09794
lidar/002514.ply,0.15,800,0.8,0.16485,0.61961,1,0.5309,0.99259,0.10035
lidar/002515.ply,0.15,800,0.8,0.14911,0.62114,1,0.53316,0.99389,0.10222
lidar/002516.ply,0.15,800,0.8,0.1669,0.0526,1,0.00065,0.8184,0.12162
lidar/002517.ply,0.15,800,0.8,0.15548,0.62387,1,0.53759,0.99393,0.10561
lidar/002518.ply,0.15,800,0.8,0.15811,0.61538,1,0.5263,0.99298,0.09973
lidar/002519.ply,0.15,800,0.8,0.14278,0.17277,1,0.09543,0.98481,0.12076
lidar/002520.ply,0.15,800,0.8,0.13119,0.1889,1,0.10519,0.96519,0.10214
lidar/002521.ply,0.15,800,0.8,0.11717,0.61215,1,0.52542,0.99467,0.10493
lidar/002522.ply,0.15,800,0.8,0.11297,0.10991,1,0.02701,0.88674,0.08021
lidar/002523.ply,0.15,800,0.8,0.09713,0.60404,1,0.51596,0.99452,0.10219
lidar/002524.ply,0.15,800,0.8,0.12395,0.60205,1,0.5157,0.99475,0.10573
lidar/002525.ply,0.15,800,0.8,0.10478,0.59024,1,0.49987,0.99322,0.09721
lidar/002526.ply,0.15,800,0.8,0.1132,0.11387,1,0.03379,0.9008,0.09008
lidar/002527.ply,0.15,800,0.8,0.1676,0.60041,1,0.5123,0.99365,0.10187
lidar/002528.ply,0.15,800,0.8,0.17136,0.6074,1,0.51923,0.99403,0.10186
lidar/002529.ply,0.15,800,0.8,0.1624,0.61531,1,0.53094,0.99535,0.10987
lidar/002530.ply,0.15,800,0.8,0.15451,0.59483,1,0.50724,0.99414,0.10306
lidar/002531.ply,0.15,800,0.8,0.13583,0.61055,1,0.52472,0.99524,0.1069
lidar/002532.ply,0.15,800,0.8,0.18742,0.59931,1,0.51004,0.99335,0.09947
lidar/002533.ply,0.15,800,0.8,0.17532,0.60929,1,0.52598,0.99489,0.11184
lidar/002534.ply,0.15,800,0.8,0.16375,0.59954,1,0.51255,0.99373,0.10414
lidar/002535.ply,0.15,800,0.8,0.17675,0.60991,1,0.52535,0.99425,0.10915
lidar/002536.ply,0.15,800,0.8,0.16641,0.1116,1,0.03388,0.83293,0.07443
lidar/002537.ply,0.15,800,0.8,0.16016,0.59024,1,0.50314,0.99417,0.10404
lidar/002538.ply,0.15,800,0.8,0.14009,0.58535,1,0.49729,0.99344,0.1019
lidar/002539.ply,0.15,800,0.8,0.12064,0.58684,1,0.49777,0.99356,0.09993
lidar/002540.ply,0.15,800,0.8,0.11679,0.59214,1,0.50707,0.99487,0.10833
lidar/002541.ply,0.15,800,0.8,0.12026,0.11658,1,0.03794,0.86799,0.08312
lidar/002542.ply,0.15,800,0.8,0.15072,0.58896,1,0.50286,0.99474,0.10623
lidar/002543.ply,0.15,800,0.8,0.1282,0.58423,1,0.49848,0.99492,0.10698
lidar/002544.ply,0.15,800,0.8,0.17047,0.57865,1,0.49431,0.99516,0.10988
lidar/002545.ply,0.15,800,0.8,0.16126,0.57728,1,0.49048,0.99452,0.10476
lidar/002546.ply,0.15,800,0.8,0.16223,0.08945,1,0.00096,0.89175,0.07055
lidar/002547.ply,0.15,800,0.8,0.1298,0.5707,1,0.48411,0.9949,0.10527
lidar/002548.ply,0.15,800,0.8,0.13241,0.56485,1,0.47521,0.99398,0.09892
lidar/002549.ply,0.15,800,0.8,0.15695,0.59255,1,0.51461,0.99714,0.12325
lidar/002550.ply,0.15,800,0.8,0.13007,0.0672,1,0.00066,0.96213,0.13555
lidar/002551.ply,0.15,800,0.8,0.13614,0.56148,1,0.47013,0.99292,0.09518
lidar/002552.ply,0.15,800,0.8,0.14502,0.59238,1,0.51134,0.99636,0.11681
lidar/002553.ply,0.15,800,0.8,0.16681,0.05993,1,0.00113,0.95935,0.1502
lidar/002554.ply,0.15,800,0.8,0.13877,0.58174,1,0.49955,0.99581,0.11435
lidar/002555.ply,0.15,800,0.8,0.12605,0.56827,1,0.48173,0.99432,0.1052
lidar/002556.ply,0.15,800,0.8,0.14504,0.57595,1,0.49151,0.99451,0.10946
lidar/002557.ply,0.15,800,0.8,0.13602,0.1755,1,0.11425,0.99969,0.15741
lidar/002558.ply,0.15,800,0.8,0.16949,0.57877,1,0.49534,0.99471,0.11154
lidar/002559.ply,0.15,800,0.8,0.16635,0.56966,1,0.48376,0.99301,0.10611
lidar/002560.ply,0.15,800,0.8,0.13205,0.5852,1,0.50079,0.99389,0.10934
lidar/002561.ply,0.15,800,0.8,0.12653,0.11236,1,0.03639,0.87562,0.09075
lidar/002562.ply,0.15,800,0.8,0.15669,0.55208,1,0.45776,0.98829,0.08784
lidar/002563.ply,0.15,800,0.8,0.144,0.5849,1,0.49778,0.99274,0.10359
lidar/002564.ply,0.15,800,0.8,0.1402,0.59394,1,0.51051,0.99345,0.11117
lidar/002565.ply,0.15,800,0.8,0.13054,0.58048,1,0.49254,0.99164,0.10161
lidar/002566.ply,0.15,800,0.8,0.13369,0.59349,1,0.50801,0.99234,0.10675
lidar/002567.ply,0.15,800,0.8,0.10951,0.59474,1,0.51047,0.99179,0.10901
lidar/002568.ply,0.15,800,0.8,0.14522,0.11264,1,0.04731,0.99018,0.14639
lidar/002569.ply,0.15,800,0.8,0.14784,0.14043,1,0.00058,0.99939,0.00011
lidar/002570.ply,0.15,800,0.8,0.1757,0.14043,1,0.00058,0.99939,0.00012
lidar/002571.ply,0.15,800,0.8,0.11922,0.14058,1,0.05275,0.9378,0.08569
lidar/002572.ply,0.15,800,0.8,0.12432,0.59692,1,0.51216,0.9897,0.10739
lidar/002573.ply,0.15,800,0.8,0.14478,0.14415,1,0.08579,0.99365,0.16137
lidar/002574.ply,0.15,800,0.8,0.16658,0.18795,1,0.11241,0.98765,0.12521
lidar/002575.ply,0.15,800,0.8,0.14026,0.17375,1,0.11034,0.99867,0.15278
lidar/002576.ply,0.15,800,0.8,0.11544,0.16119,1,0.09759,0.99975,0.15271
lidar/002577.ply,0.15,800,0.8,0.13072,0.07134,1,0.00062,0.85515,0.09509
lidar/002578.ply,0.15,800,0.8,0.1526,0.13393,1,0.04268,0.93559,0.07818
lidar/002579.ply,0.15,800,0.8,0.15558,0.1662,1,0.10062,0.99883,0.14849
lidar/002580.ply,0.15,800,0.8,0.12044,0.17797,1,0.11167,0.9984,0.14692
lidar/002581.ply,0.15,800,0.8,0.13764,0.14298,1,0.05185,0.91068,0.07095
lidar/002582.ply,0.15,800,0.8,0.1334,0.14007,1,0.00049,0.99748,9e-05
lidar/002583.ply,0.15,800,0.8,0.14741,0.13229,1,0.04376,0.9437,0.08604
lidar/002584.ply,0.15,800,0.8,0.12722,0.14363,1,0.05285,0.93299,0.07833
lidar/002585.ply,0.15,800,0.8,0.13294,0.09271,1,0.00072,0.91416,0.07026
lidar/002586.ply,0.15,800,0.8,0.15317,0.13627,1,0.04714,0.91771,0.07705
lidar/002587.ply,0.15,800,0.8,0.13988,0.1292,1,0.043,0.90531,0.0792
lidar/002588.ply,0.15,800,0.8,0.12512,0.12771,1,0.04151,0.91904,0.08331
lidar/002589.ply,0.15,800,0.8,0.1293,0.13596,1,0.04915,0.92801,0.08477
lidar/002590.ply,0.15,800,0.8,0.16202,0.14215,1,0.04999,0.93804,0.07709
lidar/002591.ply,0.15,800,0.8,0.133,0.1718,1,0.0966,0.98102,0.12391
lidar/002592.ply,0.15,800,0.8,0.12792,0.13914,1,0.04795,0.94028,0.0797
lidar/002593.ply,0.15,800,0.8,0.14239,0.12363,1,0.03143,0.90938,0.06841
lidar/002594.ply,0.15,800,0.8,0.12668,0.08988,1,0.00061,0.90083,0.0717
lidar/002595.ply,0.15,800,0.8,0.12279,0.09413,1,0.02612,0.94992,0.12895
lidar/002596.ply,0.15,800,0.8,0.12326,0.18605,1,0.11093,0.97951,0.1236
lidar/002597.ply,0.15,800,0.8,0.10733,0.13287,1,0.04388,0.90348,0.07306
lidar/002598.ply,0.15,800,0.8,0.1387,0.14073,1,0.05267,0.93354,0.08395
lidar/002599.ply,0.15,800,0.8,0.13649,0.18874,1,0.10951,0.97956,0.11541
lidar/002600.ply,0.15,800,0.8,0.1598,0.14693,1,0.05664,0.9507,0.08463
lidar/002601.ply,0.15,800,0.8,0.12697,0.20132,1,0.11743,0.96849,0.10276
lidar/002602.ply,0.15,800,0.8,0.12916,0.20496,1,0.12303,0.97289,0.108
lidar/002603.ply,0.15,800,0.8,0.12706,0.2117,1,0.12632,0.97087,0.1005
lidar/002604.ply,0.15,800,0.8,0.14392,0.20474,1,0.12227,0.97331,0.10705
lidar/002605.ply,0.15,800,0.8,0.14866,0.20289,1,0.12432,0.97982,0.11681
lidar/002606.ply,0.15,800,0.8,0.15411,0.14804,1,0.05631,0.95194,0.08212
lidar/002607.ply,0.15,800,0.8,0.12639,0.19383,1,0.11301,0.98397,0.11354
lidar/002608.ply,0.15,800,0.8,0.12008,0.18294,1,0.10841,0.99891,0.13061
lidar/002609.ply,0.15,800,0.8,0.13197,0.20397,1,0.12169,0.97924,0.10923
lidar/002610.ply,0.15,800,0.8,0.15044,0.2197,1,0.1357,0.97768,0.1053
lidar/002611.ply,0.15,800,0.8,0.14197,0.09805,1,0.00148,0.93296,0.06676
lidar/002612.ply,0.15,800,0.8,0.11586,0.22321,1,0.13468,0.97853,0.0965
lidar/002613.ply,0.15,800,0.8,0.12504,0.2159,1,0.1327,0.98497,0.10909
lidar/002614.ply,0.15,800,0.8,0.15047,0.21326,1,0.12926,0.98391,0.10718
lidar/002615.ply,0.15,800,0.8,0.14315,0.149,1,0.05805,0.97006,0.08911
lidar/002616.ply,0.15,800,0.8,0.13337,0.21904,1,0.13417,0.98709,0.10638
lidar/002617.ply,0.15,800,0.8,0.12621,0.21805,1,0.13243,0.98109,0.10309
lidar/002618.ply,0.15,800,0.8,0.14182,0.22736,1,0.14064,0.98419,0.10181
lidar/002619.ply,0.15,800,0.8,0.14831,0.15572,1,0.06111,0.97687,0.08384
lidar/002620.ply,0.15,800,0.8,0.14369,0.15648,1,0.061,0.97582,0.08179
lidar/002621.ply,0.15,800,0.8,0.13438,0.21032,1,0.12789,0.98986,0.11208
lidar/002622.ply,0.15,800,0.8,0.13205,0.21349,1,0.12873,0.98917,0.10723
lidar/002623.ply,0.15,800,0.8,0.1545,0.20512,1,0.12094,0.99214,0.10927
lidar/002624.ply,0.15,800,0.8,0.12739,0.20826,1,0.12521,0.9967,0.11293
lidar/002625.ply,0.15,800,0.8,0.14317,0.20596,1,0.12076,0.99445,0.10793
lidar/002626.ply,0.15,800,0.8,0.16467,0.2269,1,0.14014,0.98737,0.1027
lidar/002627.ply,0.15,800,0.8,0.13669,0.20888,1,0.12245,0.99739,0.10636
lidar/002628.ply,0.15,800,0.8,0.13779,0.22327,1,0.13988,0.98956,0.11008
lidar/002629.ply,0.15,800,0.8,0.14319,0.21355,1,0.12921,0.99249,0.10907
lidar/002630.ply,0.15,800,0.8,0.16796,0.22892,1,0.1436,0.98338,0.10438
lidar/002631.ply,0.15,800,0.8,0.146,0.21513,1,0.13009,0.99012,0.10696
lidar/002632.ply,0.15,800,0.8,0.13012,0.21682,1,0.13225,0.98866,0.10747
lidar/002633.ply,0.15,800,0.8,0.13231,0.21438,1,0.12896,0.99278,0.107
lidar/002634.ply,0.15,800,0.8,0.14538,0.22803,1,0.14242,0.98968,0.10569
lidar/002635.ply,0.15,800,0.8,0.14756,0.22048,1,0.13576,0.99156,0.10801
lidar/002636.ply,0.15,800,0.8,0.14284,0.23312,1,0.14837,0.98555,0.10617
lidar/002637.ply,0.15,800,0.8,0.13268,0.22475,1,0.1388,0.98918,0.10485
lidar/002638.ply,0.15,800,0.8,0.14774,0.24009,1,0.15399,0.99233,0.10551
lidar/002639.ply,0.15,800,0.8,0.20414,0.09498,1,0.03086,0.85036,0.10688
lidar/002640.ply,0.15,800,0.8,0.13743,0.09597,1,0.03482,0.83251,0.10746
lidar/002641.ply,0.15,800,0.8,0.15291,0.09254,1,0.04155,0.87122,0.1394
lidar/002642.ply,0.15,800,0.8,0.15674,0.25695,1,0.17022,0.98187,0.10111
lidar/002643.ply,0.15,800,0.8,0.15084,0.09667,1,0.04208,0.8801,0.13485
lidar/002644.ply,0.15,800,0.8,0.12992,0.24465,1,0.15876,0.98686,0.10428
lidar/002645.ply,0.15,800,0.8,0.14961,0.24264,1,0.15751,0.9841,0.10497
lidar/002646.ply,0.15,800,0.8,0.17029,0.12911,1,0.00058,0.97997,0.01694
lidar/002647.ply,0.15,300,0.8,0.13684,0.0947,1,0.04204,0.86074,0.13289
lidar/002648.ply,0.15,800,0.8,0.13823,0.24703,1,0.16046,0.98076,0.10109
lidar/002649.ply,0.15,800,0.8,0.15287,0.10608,1,0.04024,0.85202,0.10393
lidar/002650.ply,0.15,800,0.8,0.1493,0.07839,1,0.02676,0.92128,0.15314
lidar/002651.ply,0.15,800,0.8,0.13056,0.10647,1,0.04704,0.87594,0.12392
lidar/002652.ply,0.15,800,0.8,0.14658,0.09377,1,0.03189,0.8825,0.121
lidar/002653.ply,0.15,800,0.8,0.15231,0.25084,1,0.16328,0.98404,0.10009
lidar/002654.ply,0.15,300,0.8,0.1574,0.10331,1,0.04301,0.86146,0.11784
lidar/002655.ply,0.15,800,0.8,0.13098,0.09308,1,0.04078,0.83627,0.12628
lidar/002656.ply,0.15,300,0.8,0.1697,0.10892,1,0.04811,0.85608,0.1152
lidar/002657.ply,0.15,800,0.8,0.14319,0.09818,1,0.00123,0.91312,0.06003
lidar/002658.ply,0.15,800,0.8,0.16017,0.24586,1,0.16197,0.97214,0.10386
lidar/002659.ply,0.15,800,0.8,0.20201,0.25078,1,0.16541,0.97274,0.10108
lidar/002660.ply,0.15,800,0.8,0.15645,0.25632,1,0.17357,0.96759,0.10478
lidar/002661.ply,0.15,200,0.8,0.17995,0.07935,1,0.02363,0.8144,0.11287
lidar/002662.ply,0.15,200,0.8,0.19044,0.0887,1,0.03148,0.8203,0.11165
lidar/002663.ply,0.15,800,0.8,0.15423,0.24084,1,0.15572,0.96623,0.09963
lidar/002664.ply,0.15,300,0.8,0.20694,0.24322,1,0.15775,0.96777,0.09938
lidar/002665.ply,0.15,800,0.8,0.17656,0.25107,1,0.16869,0.96728,0.10542
lidar/002666.ply,0.15,800,0.8,0.27688,0.2449,1,0.16586,0.96403,0.11113
lidar/002667.ply,0.15,300,0.8,0.19671,0.07713,1,0.03311,0.91726,0.16712
lidar/002668.ply,0.15,300,0.8,0.17492,0.24331,1,0.16655,0.96591,0.11625
lidar/002669.ply,0.15,800,0.8,0.16793,0.09245,1,0.03067,0.83971,0.10836
lidar/002670.ply,0.15,800,0.8,0.14367,0.24762,1,0.17742,0.96346,0.12862
lidar/002671.ply,0.15,800,0.8,0.1685,0.12283,1,0.04763,0.98507,0.12512
lidar/002672.ply,0.15,800,0.8,0.16511,0.2431,1,0.17491,0.96332,0.13262
lidar/002673.ply,0.15,800,0.8,0.14068,0.24115,1,0.17411,0.96298,0.13483
lidar/002674.ply,0.15,800,0.8,0.1671,0.07514,1,0.02179,0.89721,0.14246
lidar/002675.ply,0.15,300,0.8,0.15612,0.09001,1,0.02833,0.8402,0.1087
lidar/002676.ply,0.15,300,0.8,0.19155,0.09322,1,0.03296,0.8361,0.11031
lidar/002677.ply,0.15,800,0.8,0.15528,0.23918,1,0.17207,0.9593,0.13356
lidar/002678.ply,0.15,800,0.8,0.16921,0.24005,1,0.17077,0.96181,0.12999
lidar/002679.ply,0.15,300,0.8,0.18092,0.11916,1,0.05112,0.95682,0.13095
lidar/002680.ply,0.15,300,0.8,0.18935,0.24107,1,0.18018,0.94987,0.1432
lidar/002681.ply,0.15,300,0.8,0.17429,0.242,1,0.18008,0.95632,0.14306
lidar/002682.ply,0.15,800,0.8,0.1613,0.09314,1,0.04207,0.90422,0.14912
lidar/002683.ply,0.15,800,0.8,0.15558,0.23467,1,0.16844,0.96003,0.13554
lidar/002684.ply,0.15,300,0.8,0.19724,0.10539,1,0.02212,0.96587,0.10321
lidar/002685.ply,0.15,300,0.8,0.19387,0.11227,1,0.01953,0.96704,0.08462
lidar/002686.ply,0.15,800,0.8,0.17718,0.2519,1,0.19201,0.95443,0.14655
lidar/002687.ply,0.15,300,0.8,0.18977,0.25378,1,0.19547,0.9529,0.14926
lidar/002688.ply,0.15,300,0.8,0.1998,0.10441,1,0.01254,0.93201,0.07587
lidar/002689.ply,0.15,800,0.8,0.19429,0.06601,1,0.00642,0.91718,0.13599
lidar/002690.ply,0.15,800,0.8,0.17805,0.2461,1,0.18556,0.95189,0.1445
lidar/002691.ply,0.15,800,0.8,0.16405,0.25264,1,0.19014,0.95267,0.14081
lidar/002692.ply,0.15,300,0.8,0.19152,0.25412,1,0.19134,0.95329,0.14043
lidar/002693.ply,0.15,300,0.8,0.19401,0.0966,1,0.03791,0.84327,0.11559
lidar/002694.ply,0.15,300,0.8,0.18344,0.08904,1,0.03209,0.84606,0.11992
lidar/002695.ply,0.15,800,0.8,0.17557,0.25498,1,0.19027,0.94828,0.13508
lidar/002696.ply,0.15,800,0.8,0.14732,0.26363,1,0.19811,0.94927,0.13375
lidar/002697.ply,0.15,800,0.8,0.19386,0.26294,1,0.201,0.94477,0.13955
lidar/002698.ply,0.15,300,0.8,0.17362,0.25311,1,0.187,0.94997,0.13277
lidar/002699.ply,0.15,800,0.8,0.20361,0.26378,1,0.19877,0.94982,0.13494
lidar/002700.ply,0.15,800,0.8,0.18079,0.08655,1,0.03013,0.96461,0.15655
lidar/002701.ply,0.15,800,0.8,0.18869,0.08263,1,0.03262,0.88949,0.14684
lidar/002702.ply,0.15,300,0.8,0.19776,0.07228,1,0.02468,0.89906,0.15452
lidar/002703.ply,0.15,800,0.8,0.16105,0.08124,1,0.03282,0.87277,0.145
lidar/002704.ply,0.15,800,0.8,0.1865,0.08299,1,0.03108,0.87225,0.13786
lidar/002705.ply,0.15,300,0.8,0.1862,0.22664,1,0.15495,0.97704,0.12973
lidar/002706.ply,0.15,300,0.8,0.22262,0.27137,1,0.20809,0.94971,0.13837
lidar/002707.ply,0.15,800,0.8,0.16184,0.09814,1,0.04339,0.80469,0.1119
lidar/002708.ply,0.15,300,0.8,0.19638,0.26524,1,0.20017,0.95245,0.13559
lidar/002709.ply,0.15,300,0.8,0.1868,0.09106,1,0.03089,0.83535,0.11027
lidar/002710.ply,0.15,300,0.8,0.20162,0.27284,1,0.21067,0.94427,0.13894
lidar/002711.ply,0.15,800,0.8,0.19662,0.08086,1,0.02277,0.87054,0.12499
lidar/002712.ply,0.15,50,0.8,0.40892,0.27791,1,0.21554,0.94634,0.13916
lidar/002713.ply,0.15,800,0.8,0.16543,0.27367,1,0.21066,0.94736,0.13819
lidar/002714.ply,0.15,800,0.8,0.183,0.27298,1,0.20873,0.94994,0.13649
lidar/002715.ply,0.15,300,0.8,0.18993,0.27575,1,0.21311,0.94999,0.13973
lidar/002716.ply,0.15,300,0.8,0.20465,0.09712,1,0.0315,0.80664,0.09076
lidar/002717.ply,0.15,300,0.8,0.20817,0.27633,1,0.21434,0.94973,0.14093
lidar/002718.ply,0.15,800,0.8,0.17176,0.27522,1,0.21395,0.94608,0.14129
lidar/002719.ply,0.15,300,0.8,0.21717,0.27805,1,0.21268,0.94604,0.13308
lidar/002720.ply,0.15,800,0.8,0.18796,0.09882,1,0.03819,0.81729,0.10393
lidar/002721.ply,0.15,50,0.8,0.45285,0.27663,1,0.21302,0.94272,0.1356
lidar/002722.ply,0.15,300,0.8,0.1947,0.28261,1,0.21853,0.94405,0.13503
lidar/002723.ply,0.15,50,0.8,0.5482,0.075,1,0.00314,0.8115,0.07973
lidar/002724.ply,0.15,300,0.8,0.26808,0.27822,1,0.21462,0.94394,0.13597
lidar/002725.ply,0.15,800,0.8,0.28025,0.28166,1,0.21745,0.9499,0.13654
lidar/002726.ply,0.15,800,0.8,0.19886,0.25452,1,0.19172,0.93939,0.13623
lidar/002727.ply,0.15,800,0.8,0.18039,0.28348,1,0.21966,0.9425,0.13511
lidar/002728.ply,0.15,800,0.8,0.17609,0.10163,1,0.0382,0.84986,0.10811
lidar/002729.ply,0.15,800,0.8,0.25979,0.28384,1,0.21937,0.94278,0.13389
lidar/002730.ply,0.15,800,0.8,0.17946,0.13682,1,0.03897,0.99377,0.08245
lidar/002731.ply,0.15,800,0.8,0.20634,0.28419,1,0.21845,0.94571,0.13224
lidar/002732.ply,0.15,800,0.8,0.19077,0.28022,1,0.21556,0.94097,0.13298
lidar/002733.ply,0.15,800,0.8,0.28564,0.08284,1,0.00127,0.95958,0.10472
lidar/002734.ply,0.15,800,0.8,0.26397,0.08487,1,0.02607,0.93482,0.14284
lidar/002735.ply,0.15,800,0.8,0.21239,0.28815,1,0.22197,0.94438,0.13096
lidar/002736.ply,0.15,800,0.8,0.17749,0.29077,1,0.22427,0.94316,0.12995
lidar/002737.ply,0.15,800,0.8,0.1865,0.09675,1,0.02773,0.86737,0.10217
lidar/002738.ply,0.15,800,0.8,0.25051,0.0865,1,0.02168,0.89121,0.11773
lidar/002739.ply,0.15,800,0.8,0.21229,0.28866,1,0.22272,0.94556,0.13179
lidar/002740.ply,0.15,800,0.8,0.19657,0.28736,1,0.22109,0.94651,0.13142
lidar/002741.ply,0.15,800,0.8,0.1896,0.28576,1,0.21732,0.95034,0.12823
lidar/002742.ply,0.15,800,0.8,0.19435,0.28261,1,0.21738,0.94728,0.13372
lidar/002743.ply,0.15,800,0.8,0.21294,0.28625,1,0.22172,0.94469,0.13435
lidar/002744.ply,0.15,800,0.8,0.2179,0.29001,1,0.2235,0.94516,0.13053
lidar/002745.ply,0.15,800,0.8,0.24816,0.29154,1,0.22335,0.94527,0.12719
lidar/002746.ply,0.15,800,0.8,0.20878,0.28575,1,0.21836,0.9446,0.12859
lidar/002747.ply,0.15,800,0.8,0.18073,0.2852,1,0.21776,0.94856,0.12969
lidar/002748.ply,0.15,800,0.8,0.19819,0.28399,1,0.21668,0.95048,0.13053
lidar/002749.ply,0.15,800,0.8,0.2171,0.28267,1,0.21708,0.95032,0.13391
lidar/002750.ply,0.15,800,0.8,0.20384,0.27785,1,0.20897,0.94854,0.12681
lidar/002751.ply,0.15,800,0.8,0.20502,0.28182,1,0.21596,0.94678,0.1323
lidar/002752.ply,0.15,800,0.8,0.18507,0.27471,1,0.20841,0.94546,0.13103
lidar/002753.ply,0.15,800,0.8,0.1801,0.2803,1,0.21457,0.9404,0.13066
lidar/002754.ply,0.15,800,0.8,0.17792,0.27889,1,0.2136,0.94023,0.1315
lidar/002755.ply,0.15,800,0.8,0.18884,0.27,1,0.20634,0.93821,0.13415
lidar/002756.ply,0.15,800,0.8,0.18803,0.27301,1,0.20808,0.94722,0.1343
lidar/002757.ply,0.15,800,0.8,0.24249,0.27406,1,0.20879,0.9451,0.133
lidar/002758.ply,0.15,300,0.8,0.26588,0.09974,1,0.02888,0.82193,0.08486
lidar/002759.ply,0.15,300,0.8,0.28369,0.27503,1,0.21048,0.94383,0.13405
lidar/002760.ply,0.15,300,0.8,0.26348,0.27497,1,0.20829,0.94384,0.12978
lidar/002761.ply,0.15,800,0.8,0.22701,0.27256,1,0.20774,0.93984,0.13231
lidar/002762.ply,0.15,800,0.8,0.20027,0.27214,1,0.20826,0.94058,0.13441
lidar/002763.ply,0.15,800,0.8,0.24543,0.27004,1,0.2064,0.94276,0.13555
lidar/002764.ply,0.15,800,0.8,0.24451,0.26131,1,0.19713,0.94021,0.1337
lidar/002765.ply,0.15,800,0.8,0.2336,0.26577,1,0.20292,0.93693,0.13537
lidar/002766.ply,0.15,800,0.8,0.20653,0.27345,1,0.2115,0.93673,0.13711
lidar/002767.ply,0.15,300,0.8,0.25921,0.07711,1,0.01135,0.94638,0.13239
lidar/002768.ply,0.15,800,0.8,0.31825,0.35967,1,0.29089,0.87877,0.10606
lidar/002769.ply,0.15,300,0.8,0.25302,0.12957,1,0.05199,0.96474,0.11427
lidar/002770.ply,0.15,800,0.8,0.25794,0.26995,1,0.20644,0.93466,0.13338
lidar/002771.ply,0.15,800,0.8,0.31798,0.26578,1,0.20158,0.93857,0.13316
lidar/002772.ply,0.15,800,0.8,0.23125,0.2704,1,0.20632,0.93397,0.13203
lidar/002773.ply,0.15,800,0.8,0.30338,0.27221,1,0.20803,0.93443,0.13198
lidar/002774.ply,0.15,800,0.8,0.23718,0.26815,1,0.20415,0.93272,0.13181
lidar/002775.ply,0.15,800,0.8,0.20369,0.27246,1,0.20771,0.93687,0.13156
lidar/002776.ply,0.15,800,0.8,0.20463,0.26828,1,0.20221,0.93443,0.12818
lidar/002777.ply,0.15,800,0.8,0.19656,0.28094,1,0.21398,0.93448,0.12643
lidar/002778.ply,0.15,800,0.8,0.18875,0.27989,1,0.21127,0.93954,0.12462
lidar/002779.ply,0.15,800,0.8,0.18557,0.28068,1,0.21051,0.93803,0.12107
lidar/002780.ply,0.15,800,0.8,0.19528,0.27827,1,0.20811,0.93858,0.12126
lidar/002781.ply,0.15,800,0.8,0.22155,0.27834,1,0.20858,0.93668,0.12148
lidar/002782.ply,0.15,800,0.8,0.23874,0.2793,1,0.20947,0.9383,0.12183
lidar/002783.ply,0.15,800,0.8,0.20618,0.07996,1,0.01728,0.8659,0.1144
lidar/002784.ply,0.15,800,0.8,0.19685,0.27775,1,0.20715,0.93977,0.12073
lidar/002785.ply,0.15,800,0.8,0.2347,0.27909,1,0.20602,0.94118,0.11621
lidar/002786.ply,0.15,800,0.8,0.24243,0.07632,1,0.00172,0.87448,0.09315
lidar/002787.ply,0.15,800,0.8,0.25135,0.2767,1,0.20198,0.94292,0.11344
lidar/002788.ply,0.15,800,0.8,0.21051,0.28069,1,0.20545,0.9462,0.11339
lidar/002789.ply,0.15,800,0.8,0.25658,0.08903,1,0.01823,0.87356,0.10047
lidar/002790.ply,0.15,800,0.8,0.30108,0.12425,1,0.03296,0.99491,0.09588
lidar/002791.ply,0.15,800,0.8,0.20045,0.10117,1,0.03109,0.8523,0.09552
lidar/002792.ply,0.15,800,0.8,0.23659,0.28251,1,0.20601,0.9496,0.11188
lidar/002793.ply,0.15,800,0.8,0.23195,0.09266,1,0.01939,0.87385,0.09561
lidar/002794.ply,0.15,800,0.8,0.21803,0.2639,1,0.18701,0.92268,0.10303
lidar/002795.ply,0.15,800,0.8,0.20432,0.10349,1,0.02936,0.86211,0.09036
lidar/002796.ply,0.15,800,0.8,0.22518,0.09102,1,0.01827,0.87238,0.09623
lidar/002797.ply,0.15,800,0.8,0.21094,0.0951,1,0.01907,0.87575,0.09067
lidar/002798.ply,0.15,800,0.8,0.21374,0.08592,1,0.01135,0.87375,0.093
lidar/002799.ply,0.15,800,0.8,0.23288,0.09223,1,0.01688,0.86507,0.08882
lidar/002800.ply,0.15,800,0.8,0.20251,0.2873,1,0.2112,0.94907,0.11252
lidar/002801.ply,0.15,800,0.8,0.21995,0.12563,1,0.00121,0.99082,0.02842
lidar/002802.ply,0.15,800,0.8,0.20417,0.10821,1,0.03147,0.82871,0.07513
lidar/002803.ply,0.15,800,0.8,0.22559,0.26849,1,0.19298,0.93626,0.10985
lidar/002804.ply,0.15,800,0.8,0.20809,0.09948,1,0.02438,0.84907,0.08452
lidar/002805.ply,0.15,800,0.8,0.19952,0.06939,1,0.00213,0.89038,0.1126
lidar/002806.ply,0.15,800,0.8,0.22396,0.1013,1,0.02361,0.85832,0.08211
lidar/002807.ply,0.15,800,0.8,0.21778,0.09538,1,0.02064,0.85856,0.08808
lidar/002808.ply,0.15,800,0.8,0.21037,0.08442,1,0.01178,0.88058,0.09888
lidar/002809.ply,0.15,800,0.8,0.21449,0.10169,1,0.02537,0.8458,0.08109
lidar/002810.ply,0.15,800,0.8,0.21121,0.10394,1,0.028,0.84601,0.08192
lidar/002811.ply,0.15,800,0.8,0.23183,0.26342,1,0.18406,0.93471,0.10168
lidar/002812.ply,0.15,800,0.8,0.20553,0.08388,1,0.00539,0.88672,0.08904
lidar/002813.ply,0.15,800,0.8,0.22292,0.27304,1,0.19567,0.94963,0.11016
lidar/002814.ply,0.15,800,0.8,0.21502,0.10736,1,0.02588,0.85731,0.07425
lidar/002815.ply,0.15,800,0.8,0.21148,0.2585,1,0.17811,0.92976,0.09813
lidar/002816.ply,0.15,800,0.8,0.25555,0.10282,1,0.0229,0.87848,0.0837
lidar/002817.ply,0.15,800,0.8,0.20427,0.08604,1,0.00562,0.89097,0.08645
lidar/002818.ply,0.15,800,0.8,0.32246,0.27751,1,0.1995,0.94897,0.10868
lidar/002819.ply,0.15,800,0.8,0.21802,0.09039,1,0.01,0.87987,0.08318
lidar/002820.ply,0.15,800,0.8,0.25773,0.27208,1,0.19534,0.94578,0.11027
lidar/002821.ply,0.15,800,0.8,0.20738,0.27298,1,0.1963,0.94635,0.11055
lidar/002822.ply,0.15,800,0.8,0.21453,0.10234,1,0.02597,0.85037,0.08238
lidar/002823.ply,0.15,800,0.8,0.21034,0.27699,1,0.19907,0.94227,0.10684
lidar/002824.ply,0.15,800,0.8,0.20586,0.26344,1,0.18368,0.93881,0.10213
lidar/002825.ply,0.15,800,0.8,0.21432,0.26797,1,0.18975,0.94218,0.10622
lidar/002826.ply,0.15,800,0.8,0.20485,0.26413,1,0.1845,0.93286,0.1006
lidar/002827.ply,0.15,800,0.8,0.21656,0.26101,1,0.18098,0.9434,0.10296
lidar/002828.ply,0.15,800,0.8,0.2017,0.26768,1,0.19054,0.94302,0.10864
lidar/002829.ply,0.15,800,0.8,0.20238,0.26352,1,0.18552,0.93834,0.10551
lidar/002830.ply,0.15,800,0.8,0.20081,0.25922,1,0.17983,0.94029,0.10331
lidar/002831.ply,0.15,800,0.8,0.27269,0.2708,1,0.19374,0.93607,0.10671
lidar/002832.ply,0.15,800,0.8,0.2082,0.2701,1,0.19446,0.94287,0.11159
lidar/002833.ply,0.15,800,0.8,0.2123,0.2639,1,0.18589,0.94039,0.10609
lidar/002834.ply,0.15,800,0.8,0.20535,0.09661,1,0.00832,0.91164,0.07692
lidar/002835.ply,0.15,800,0.8,0.20424,0.254,1,0.17171,0.94421,0.09867
lidar/002836.ply,0.15,800,0.8,0.214,0.26171,1,0.17983,0.94708,0.10037
lidar/002837.ply,0.15,800,0.8,0.2085,0.26596,1,0.18492,0.94754,0.10217
lidar/002838.ply,0.15,800,0.8,0.2149,0.26037,1,0.18063,0.95288,0.10639
lidar/002839.ply,0.15,800,0.8,0.19995,0.08911,1,0.00414,0.90686,0.08213
lidar/002840.ply,0.15,800,0.8,0.2334,0.26168,1,0.18358,0.9464,0.10772
lidar/002841.ply,0.15,800,0.8,0.21859,0.26078,1,0.17945,0.94735,0.10155
lidar/002842.ply,0.15,800,0.8,0.21959,0.09017,1,0.03203,0.86566,0.1234
lidar/002843.ply,0.15,800,0.8,0.22911,0.25338,1,0.17155,0.94825,0.10081
lidar/002844.ply,0.15,800,0.8,0.20392,0.24873,1,0.16753,0.94626,0.10148
lidar/002845.ply,0.15,800,0.8,0.22114,0.1007,1,0.04225,0.83558,0.11379
lidar/002846.ply,0.15,800,0.8,0.21095,0.25783,1,0.17644,0.94259,0.09999
lidar/002847.ply,0.15,800,0.8,0.20861,0.25209,1,0.17073,0.943,0.10017
lidar/002848.ply,0.15,800,0.8,0.2995,0.09177,1,0.03686,0.88278,0.13501
lidar/002849.ply,0.15,800,0.8,0.2173,0.25415,1,0.17303,0.94383,0.10092
lidar/002850.ply,0.15,800,0.8,0.20959,0.09508,1,0.03632,0.86754,0.12276
lidar/002851.ply,0.15,800,0.8,0.22232,0.24844,1,0.16629,0.9362,0.09656
lidar/002852.ply,0.15,800,0.8,0.19664,0.09494,1,0.03571,0.8854,0.12716
lidar/002853.ply,0.15,800,0.8,0.22317,0.09713,1,0.04044,0.88713,0.13275
lidar/002854.ply,0.15,800,0.8,0.20765,0.36638,1,0.30058,0.95883,0.13604
lidar/002855.ply,0.15,800,0.8,0.20991,0.10476,1,0.04403,0.82874,0.10716
lidar/002856.ply,0.15,800,0.8,0.21754,0.09449,1,0.04357,0.83112,0.12748
lidar/002857.ply,0.15,800,0.8,0.23797,0.08336,1,0.02802,0.89877,0.13895
lidar/002858.ply,0.15,800,0.8,0.21912,0.36663,1,0.29667,0.9669,0.13014
lidar/002859.ply,0.15,800,0.8,0.21906,0.36257,1,0.29368,0.96572,0.13193
lidar/002860.ply,0.15,800,0.8,0.21391,0.12856,1,0.00039,0.9833,0.01866
lidar/002861.ply,0.15,800,0.8,0.23076,0.36228,1,0.29378,0.96616,0.13284
lidar/002862.ply,0.15,800,0.8,0.29394,0.08171,1,0.02781,0.89799,0.1416
lidar/002863.ply,0.15,800,0.8,0.22611,0.35385,1,0.28069,0.97004,0.12469
lidar/002864.ply,0.15,800,0.8,0.22742,0.09238,1,0.01907,0.82051,0.07953
lidar/002865.ply,0.15,800,0.8,0.20909,0.13712,1,0.06079,0.88386,0.09249
lidar/002866.ply,0.15,800,0.8,0.22821,0.08839,1,0.0317,0.89602,0.13542
lidar/002867.ply,0.15,800,0.8,0.23162,0.08972,1,0.03356,0.89946,0.13752
lidar/002868.ply,0.15,800,0.8,0.20993,0.35719,1,0.28264,0.971,0.12219
lidar/002869.ply,0.15,800,0.8,0.20741,0.09935,1,0.03989,0.86574,0.12079
lidar/002870.ply,0.15,800,0.8,0.28871,0.35448,1,0.2817,0.97051,0.1256
lidar/002871.ply,0.15,800,0.8,0.22168,0.09493,1,0.04377,0.8379,0.12905
lidar/002872.ply,0.15,800,0.8,0.2515,0.10089,1,0.04613,0.82222,0.11714
lidar/002873.ply,0.15,800,0.8,0.24611,0.35629,1,0.28117,0.97181,0.12129
lidar/002874.ply,0.15,800,0.8,0.33321,0.35468,1,0.27804,0.97363,0.11879
lidar/002875.ply,0.15,800,0.8,0.20386,0.09306,1,0.0419,0.84584,0.13143
lidar/002876.ply,0.15,800,0.8,0.20339,0.10182,1,0.04234,0.83041,0.11016
lidar/002877.ply,0.15,800,0.8,0.19644,0.08577,1,0.03505,0.88726,0.14474
lidar/002878.ply,0.15,800,0.8,0.20056,0.0863,1,0.03313,0.81774,0.11899
lidar/002879.ply,0.15,800,0.8,0.20455,0.07718,1,0.03078,0.90424,0.15849
lidar/002880.ply,0.15,800,0.8,0.21038,0.34519,1,0.27028,0.97459,0.12257
lidar/002881.ply,0.15,800,0.8,0.24695,0.07897,1,0.02692,0.91137,0.14931
lidar/002882.ply,0.15,800,0.8,0.22609,0.34022,1,0.26523,0.97677,0.12305
lidar/002883.ply,0.15,800,0.8,0.2393,0.09411,1,0.03705,0.82438,0.11319
lidar/002884.ply,0.15,800,0.8,0.30666,0.09424,1,0.042,0.82232,0.12222
lidar/002885.ply,0.15,800,0.8,0.23932,0.33543,1,0.2616,0.97409,0.12458
lidar/002886.ply,0.15,800,0.8,0.28056,0.32983,1,0.25665,0.97445,0.12598
lidar/002887.ply,0.15,800,0.8,0.30097,0.07784,1,0.03219,0.89601,0.15752
lidar/002888.ply,0.15,800,0.8,0.23537,0.32849,1,0.25618,0.97547,0.12802
lidar/002889.ply,0.15,800,0.8,0.23189,0.32945,1,0.25573,0.97645,0.12549
lidar/002890.ply,0.15,800,0.8,0.21209,0.3242,1,0.25312,0.9743,0.13013
lidar/002891.ply,0.15,800,0.8,0.23053,0.10149,1,0.04514,0.84835,0.1218
lidar/002892.ply,0.15,800,0.8,0.25815,0.08601,1,0.03194,0.89922,0.14162
lidar/002893.ply,0.15,800,0.8,0.23204,0.31999,1,0.25233,0.97374,0.1368
lidar/002894.ply,0.15,800,0.8,0.23121,0.09806,1,0.03905,0.82263,0.10879
lidar/002895.ply,0.15,800,0.8,0.23519,0.07495,1,0.00613,0.9693,0.13313
lidar/002896.ply,0.15,800,0.8,0.22859,0.31492,1,0.24758,0.97422,0.13758
lidar/002897.ply,0.15,800,0.8,0.22207,0.0962,1,0.04013,0.86302,0.12677
lidar/002898.ply,0.15,800,0.8,0.23502,0.09806,1,0.03658,0.82625,0.10492
lidar/002899.ply,0.15,800,0.8,0.24489,0.31861,1,0.24912,0.97478,0.13346
lidar/002900.ply,0.15,800,0.8,0.24745,0.31525,1,0.24682,0.97655,0.13611
lidar/002901.ply,0.15,800,0.8,0.28721,0.09337,1,0.03594,0.84801,0.11954
lidar/002902.ply,0.15,800,0.8,0.24621,0.31144,1,0.2434,0.97523,0.13648
lidar/002903.ply,0.15,800,0.8,0.23474,0.09543,1,0.04105,0.81599,0.11603
lidar/002904.ply,0.15,800,0.8,0.2542,0.30404,1,0.23627,0.97462,0.13685
lidar/002905.ply,0.15,800,0.8,0.24891,0.10815,1,0.04813,0.85869,0.11755
lidar/002906.ply,0.15,800,0.8,0.22892,0.30099,1,0.232,0.97687,0.13507
lidar/002907.ply,0.15,800,0.8,0.24819,0.0973,1,0.04609,0.82605,0.1254
lidar/002908.ply,0.15,800,0.8,0.26227,0.30107,1,0.23437,0.97694,0.13968
lidar/002909.ply,0.15,800,0.8,0.24133,0.29604,1,0.22903,0.97665,0.13898
lidar/002910.ply,0.15,800,0.8,0.25639,0.10085,1,0.04188,0.82675,0.11009
lidar/002911.ply,0.15,800,0.8,0.27264,0.18986,1,0.12881,0.96264,0.14669
lidar/002912.ply,0.15,800,0.8,0.35385,0.09111,1,0.03505,0.82965,0.11677
lidar/002913.ply,0.15,800,0.8,0.27572,0.29584,1,0.23002,0.97991,0.14232
lidar/002914.ply,0.15,800,0.8,0.25515,0.0903,1,0.03248,0.86174,0.12287
lidar/002915.ply,0.15,800,0.8,0.24385,0.1387,1,0.09147,0.96194,0.17411
lidar/002916.ply,0.15,800,0.8,0.32436,0.29748,1,0.2316,0.97435,0.14054
lidar/002917.ply,0.15,800,0.8,0.24574,0.29671,1,0.23243,0.97307,0.14336
lidar/002918.ply,0.15,800,0.8,0.25376,0.29441,1,0.23021,0.97326,0.14357
lidar/002919.ply,0.15,800,0.8,0.22272,0.29285,1,0.22783,0.97505,0.14247
lidar/002920.ply,0.15,800,0.8,0.24617,0.29376,1,0.22885,0.97392,0.14235
lidar/002921.ply,0.15,800,0.8,0.24545,0.107,1,0.04403,0.84808,0.10847
lidar/002922.ply,0.15,800,0.8,0.22713,0.2942,1,0.23088,0.97084,0.14461
lidar/002923.ply,0.15,800,0.8,0.24816,0.13173,1,0.06643,0.94437,0.13271
lidar/002924.ply,0.15,800,0.8,0.23342,0.11717,1,0.04429,0.93202,0.11384
lidar/002925.ply,0.15,800,0.8,0.25359,0.2924,1,0.22998,0.97134,0.14656
lidar/002926.ply,0.15,800,0.8,0.24355,0.12354,1,0.05561,0.97773,0.13747
lidar/002927.ply,0.15,800,0.8,0.25842,0.29029,1,0.22752,0.97412,0.14669
lidar/002928.ply,0.15,800,0.8,0.22862,0.28677,1,0.22435,0.97321,0.14713
lidar/002929.ply,0.15,800,0.8,0.26852,0.12707,1,0.08056,0.97109,0.17832
lidar/002930.ply,0.15,800,0.8,0.23926,0.11512,1,0.04194,0.95737,0.12085
lidar/002931.ply,0.15,800,0.8,0.26787,0.12789,1,0.05948,0.96196,0.13177
lidar/002932.ply,0.15,800,0.8,0.24688,0.12388,1,0.04448,0.91002,0.09421
lidar/002933.ply,0.15,800,0.8,0.26491,0.28072,1,0.21659,0.98171,0.14625
lidar/002934.ply,0.15,800,0.8,0.2973,0.11969,1,0.06923,0.98102,0.17339
lidar/002935.ply,0.15,800,0.8,0.27112,0.12051,1,0.05588,0.94944,0.13559
lidar/002936.ply,0.15,800,0.8,0.26995,0.12715,1,0.06136,0.96333,0.13742
lidar/002937.ply,0.15,800,0.8,0.31404,0.28399,1,0.22427,0.9783,0.15406
lidar/002938.ply,0.15,800,0.8,0.288,0.12216,1,0.05244,0.96421,0.12982
lidar/002939.ply,0.15,800,0.8,0.28433,0.11361,1,0.06114,0.86919,0.1358
lidar/002940.ply,0.15,800,0.8,0.26864,0.11825,1,0.05209,0.95878,0.13532
lidar/002941.ply,0.15,800,0.8,0.3001,0.12061,1,0.05065,0.96775,0.1304
lidar/002942.ply,0.15,800,0.8,0.27584,0.09366,1,0.04401,0.82721,0.12886
lidar/002943.ply,0.15,800,0.8,0.27915,0.12274,1,0.07307,0.97864,0.17425
lidar/002944.ply,0.15,800,0.8,0.28847,0.11147,1,0.04414,0.95517,0.13189
lidar/002945.ply,0.15,800,0.8,0.30992,0.09439,1,0.02485,0.97515,0.13348
lidar/002946.ply,0.15,800,0.8,0.24292,0.12523,1,0.06751,0.99152,0.16202
lidar/002947.ply,0.15,800,0.8,0.26534,0.10961,1,0.03955,0.99139,0.1373
lidar/002948.ply,0.15,800,0.8,0.29293,0.33683,1,0.27519,0.99963,0.15662
lidar/002949.ply,0.15,800,0.8,0.29142,0.12123,1,0.03569,0.97594,0.1017
lidar/002950.ply,0.15,800,0.8,0.30003,0.13037,1,0.02178,0.99969,0.06272
lidar/002951.ply,0.15,800,0.8,0.30355,0.12992,1,0.02257,0.99966,0.0652
lidar/002952.ply,0.15,800,0.8,0.27664,0.12268,1,0.06458,0.92518,0.14135
lidar/002953.ply,0.15,800,0.8,0.46869,0.12219,1,0.04101,0.97394,0.10982
lidar/002954.ply,0.15,800,0.8,0.35259,0.11472,1,0.03059,0.97114,0.10307
lidar/002955.ply,0.15,800,0.8,0.24169,0.12227,1,0.03995,0.97569,0.10806
lidar/002956.ply,0.15,800,0.8,0.29629,0.10972,1,0.06311,0.94895,0.17146
lidar/002957.ply,0.15,800,0.8,0.26732,0.12069,1,0.05203,0.97913,0.13641
lidar/002958.ply,0.15,800,0.8,0.30961,0.13372,1,0.02276,0.99902,0.0578
lidar/002959.ply,0.15,800,0.8,0.27494,0.132,1,0.02253,0.99925,0.06084
lidar/002960.ply,0.15,800,0.8,0.30872,0.13329,1,0.02272,0.99973,0.05879
lidar/002961.ply,0.15,800,0.8,0.29385,0.11588,1,0.03604,0.97872,0.11394
lidar/002962.ply,0.15,800,0.8,0.26793,0.34362,1,0.27934,0.9993,0.15124
lidar/002963.ply,0.15,800,0.8,0.26744,0.13479,1,0.02326,0.99872,0.05655
lidar/002964.ply,0.15,800,0.8,0.25574,0.12755,1,0.01951,0.99908,0.06364
lidar/002965.ply,0.15,800,0.8,0.26489,0.11009,1,0.03727,0.97713,0.12749
lidar/002966.ply,0.15,800,0.8,0.29322,0.12971,1,0.02328,0.99724,0.06631
lidar/002967.ply,0.15,800,0.8,0.28195,0.12581,1,0.02586,0.98947,0.07693
lidar/002968.ply,0.15,800,0.8,0.29662,0.13621,1,0.02328,0.999,0.05384
lidar/002969.ply,0.15,800,0.8,0.28105,0.35097,1,0.28573,0.99925,0.14928
lidar/002970.ply,0.15,800,0.8,0.28693,0.11483,1,0.02169,0.98672,0.08973
lidar/002971.ply,0.15,800,0.8,0.29858,0.35375,1,0.28328,0.99931,0.13885
lidar/002972.ply,0.15,800,0.8,0.2869,0.13853,1,0.05956,0.99112,0.11941
lidar/002973.ply,0.15,800,0.8,0.2898,0.36405,1,0.30832,0.9979,0.16791
lidar/002974.ply,0.15,800,0.8,0.30398,0.13167,1,0.02969,0.98934,0.07284
lidar/002975.ply,0.15,800,0.8,0.27063,0.15338,1,0.05404,0.99344,0.07937
lidar/002976.ply,0.15,800,0.8,0.28183,0.1479,1,0.07284,0.99678,0.12891
lidar/002977.ply,0.15,800,0.8,0.26119,0.14073,1,0.05982,0.99707,0.1173
lidar/002978.ply,0.15,800,0.8,0.26229,0.14604,1,0.05149,0.99495,0.08938
lidar/002979.ply,0.15,800,0.8,0.30072,0.11367,1,0.03574,0.95994,0.11212
lidar/002980.ply,0.15,800,0.8,0.27203,0.09434,1,0.03514,0.98244,0.15633
lidar/002981.ply,0.15,800,0.8,0.26736,0.15644,1,0.06249,0.99182,0.08965
lidar/002982.ply,0.15,800,0.8,0.25316,0.15099,1,0.07501,0.99242,0.12576
lidar/002983.ply,0.15,800,0.8,0.25333,0.1517,1,0.06815,0.99242,0.11061
lidar/002984.ply,0.15,800,0.8,0.27987,0.11946,1,0.02976,0.96328,0.0896
lidar/002985.ply,0.15,800,0.8,0.27392,0.37179,1,0.29869,0.99926,0.13357
lidar/002986.ply,0.15,800,0.8,0.31472,0.11727,1,0.02704,0.96367,0.08864
lidar/002987.ply,0.15,800,0.8,0.31267,0.11844,1,0.03981,0.9621,0.11136
lidar/002988.ply,0.15,800,0.8,0.27929,0.1252,1,0.03385,0.98813,0.09374
lidar/002989.ply,0.15,800,0.8,0.30784,0.12105,1,0.03567,0.98054,0.10341
lidar/002990.ply,0.15,800,0.8,0.28071,0.1471,1,0.07017,0.9949,0.12461
lidar/002991.ply,0.15,800,0.8,0.31429,0.09773,1,0.02631,0.99877,0.13681
lidar/002992.ply,0.15,800,0.8,0.30143,0.39543,1,0.33065,0.99954,0.15029
lidar/002993.ply,0.15,800,0.8,0.33555,0.38586,1,0.31334,0.9992,0.13472
lidar/002994.ply,0.15,800,0.8,0.26735,0.38951,1,0.31987,0.99928,0.1405
lidar/002995.ply,0.15,800,0.8,0.29448,0.38737,1,0.31298,0.99918,0.13099
lidar/002996.ply,0.15,800,0.8,0.32474,0.40004,1,0.33097,0.99926,0.14164
lidar/002997.ply,0.15,800,0.8,0.29475,0.39088,1,0.31735,0.99926,0.13271
lidar/002998.ply,0.15,800,0.8,0.2726,0.11881,1,0.03131,0.97957,0.09888
lidar/002999.ply,0.15,800,0.8,0.26201,0.39401,1,0.31937,0.99951,0.13058
lidar/003000.ply,0.15,800,0.8,0.32588,0.41681,1,0.35071,0.99974,0.14772
lidar/003001.ply,0.15,800,0.8,0.33529,0.42035,1,0.35659,0.99963,0.15236
lidar/003002.ply,0.15,800,0.8,0.2643,0.41018,1,0.34015,0.99941,0.13978
lidar/003003.ply,0.15,800,0.8,0.26187,0.42084,1,0.35422,0.99963,0.14665
lidar/003004.ply,0.15,800,0.8,0.27005,0.40905,1,0.33619,0.99919,0.13404
lidar/003005.ply,0.15,800,0.8,0.281,0.41332,1,0.34104,0.99921,0.13521
lidar/003006.ply,0.15,800,0.8,0.28969,0.42235,1,0.3529,0.99955,0.14096
lidar/003007.ply,0.15,800,0.8,0.31857,0.11519,1,0.00308,0.98489,0.05126
lidar/003008.ply,0.15,800,0.8,0.28842,0.11581,1,0.00326,0.98391,0.05007
lidar/003009.ply,0.15,800,0.8,0.26244,0.42264,1,0.35043,0.99959,0.13545
lidar/003010.ply,0.15,800,0.8,0.32006,0.43242,1,0.36234,0.99977,0.13977
lidar/003011.ply,0.15,800,0.8,0.27595,0.42315,1,0.35042,0.99964,0.13444
lidar/003012.ply,0.15,800,0.8,0.41175,0.43131,1,0.36095,0.99958,0.13915
lidar/003013.ply,0.15,800,0.8,0.26607,0.43535,1,0.36724,0.99966,0.14368
lidar/003014.ply,0.15,800,0.8,0.27119,0.44856,1,0.38418,0.99984,0.15119
lidar/003015.ply,0.15,800,0.8,0.31982,0.46149,1,0.4017,0.99986,0.16037
lidar/003016.ply,0.15,800,0.8,0.32707,0.45438,1,0.39119,0.99971,0.15355
lidar/003017.ply,0.15,800,0.8,0.32824,0.45834,1,0.39455,0.99972,0.15233
lidar/003018.ply,0.15,800,0.8,0.32078,0.13633,1,0.00812,0.99901,0.02328
lidar/003019.ply,0.15,800,0.8,0.31846,0.45384,1,0.38947,0.99981,0.15119
lidar/003020.ply,0.15,800,0.8,0.27206,0.45453,1,0.39347,0.9997,0.15779
lidar/003021.ply,0.15,800,0.8,0.28437,0.45901,1,0.39508,0.99994,0.15211
lidar/003022.ply,0.15,800,0.8,0.32502,0.121,1,0.00623,0.99261,0.04824
lidar/003023.ply,0.15,800,0.8,0.28824,0.47154,1,0.4092,0.99985,0.15527
lidar/003024.ply,0.15,800,0.8,0.28254,0.43727,1,0.36371,0.99796,0.13226
lidar/003025.ply,0.15,800,0.8,0.2882,0.11472,1,0.0041,0.9897,0.05566
lidar/003026.ply,0.15,800,0.8,0.27071,0.44563,1,0.37193,0.99772,0.13192
lidar/003027.ply,0.15,800,0.8,0.30039,0.46004,1,0.39065,0.99834,0.14072
lidar/003028.ply,0.15,800,0.8,0.28139,0.11487,1,0.01723,0.99338,0.08274
lidar/003029.ply,0.15,800,0.8,0.30311,0.16143,1,0.06183,0.99585,0.07956
lidar/003030.ply,0.15,800,0.8,0.27627,0.11698,1,0.0191,0.99343,0.08227
lidar/003031.ply,0.15,800,0.8,0.30344,0.11977,1,0.00729,0.99517,0.0536
lidar/003032.ply,0.15,800,0.8,0.27107,0.11745,1,0.02011,0.99354,0.08338
lidar/003033.ply,0.15,800,0.8,0.28804,0.48687,1,0.41775,0.99878,0.1414
lidar/003034.ply,0.15,800,0.8,0.27804,0.49083,1,0.42354,0.99935,0.14521
lidar/003035.ply,0.15,800,0.8,0.27689,0.1185,1,0.02176,0.99381,0.08467
lidar/003036.ply,0.15,800,0.8,0.28827,0.11444,1,0.02008,0.99268,0.08909
lidar/003037.ply,0.15,800,0.8,0.26962,0.49084,1,0.42009,0.99877,0.13813
lidar/003038.ply,0.15,800,0.8,0.25933,0.49484,1,0.42404,0.99756,0.13767
lidar/003039.ply,0.15,800,0.8,0.32173,0.4932,1,0.42198,0.99779,0.13688
lidar/003040.ply,0.15,800,0.8,0.29556,0.12492,1,0.02785,0.99336,0.08386
lidar/003041.ply,0.15,800,0.8,0.33452,0.12378,1,0.02735,0.99323,0.08511
lidar/003042.ply,0.15,800,0.8,0.3171,0.12432,1,0.03043,0.99314,0.09017
lidar/003043.ply,0.15,800,0.8,0.283,0.12497,1,0.02858,0.99401,0.08542
lidar/003044.ply,0.15,800,0.8,0.34132,0.12576,1,0.02878,0.99515,0.08458
lidar/003045.ply,0.15,800,0.8,0.34527,0.12529,1,0.02955,0.99443,0.08686
lidar/003046.ply,0.15,800,0.8,0.28868,0.13135,1,0.03601,0.99444,0.08766
lidar/003047.ply,0.15,800,0.8,0.28744,0.12855,1,0.03329,0.99516,0.08803
lidar/003048.ply,0.15,800,0.8,0.32108,0.1302,1,0.03488,0.99555,0.08802
lidar/003049.ply,0.15,800,0.8,0.28012,0.12967,1,0.03491,0.99538,0.08909
lidar/003050.ply,0.15,800,0.8,0.33666,0.13094,1,0.03635,0.99555,0.08949
lidar/003051.ply,0.15,800,0.8,0.26877,0.1344,1,0.04081,0.99586,0.09158
lidar/003052.ply,0.15,800,0.8,0.2864,0.1353,1,0.04087,0.99652,0.09009
lidar/003053.ply,0.15,800,0.8,0.32114,0.13685,1,0.04214,0.99697,0.08968
lidar/003054.ply,0.15,800,0.8,0.28123,0.14679,1,0.0492,0.99684,0.08387
lidar/003055.ply,0.15,800,0.8,0.32918,0.13948,1,0.04386,0.99729,0.08794
lidar/003056.ply,0.15,800,0.8,0.28298,0.14289,1,0.04593,0.99706,0.0852
lidar/003057.ply,0.15,800,0.8,0.30507,0.14115,1,0.03774,0.99855,0.07276
lidar/003058.ply,0.15,800,0.8,0.26888,0.14965,1,0.05171,0.9969,0.08319
lidar/003059.ply,0.15,800,0.8,0.31503,0.1462,1,0.04952,0.99725,0.08582
lidar/003060.ply,0.15,800,0.8,0.33384,0.14897,1,0.05165,0.99732,0.08456
lidar/003061.ply,0.15,800,0.8,0.34729,0.15483,1,0.0572,0.99784,0.08411
lidar/003062.ply,0.15,800,0.8,0.42927,0.13846,1,0.02824,0.99946,0.0594
lidar/003063.ply,0.15,800,0.8,0.29269,0.50246,1,0.43547,0.99919,0.14578
lidar/003064.ply,0.15,800,0.8,0.28991,0.14572,1,0.03891,0.99941,0.06621
lidar/003065.ply,0.15,800,0.8,0.29004,0.48944,1,0.42548,0.99866,0.15166
lidar/003066.ply,0.15,800,0.8,0.29848,0.486,1,0.42085,0.99796,0.1491
lidar/003067.ply,0.15,800,0.8,0.27919,0.48286,1,0.41915,0.99712,0.15171
lidar/003068.ply,0.15,800,0.8,0.31835,0.50757,1,0.44615,0.99704,0.15627
lidar/003069.ply,0.15,800,0.8,0.29117,0.51013,1,0.44766,0.99726,0.15424
lidar/003070.ply,0.15,800,0.8,0.28378,0.14491,1,0.04212,0.9967,0.07342
lidar/003071.ply,0.15,800,0.8,0.32624,0.13488,1,0.01953,0.99677,0.04835
lidar/003072.ply,0.15,800,0.8,0.34755,0.51353,1,0.45302,0.99808,0.1584
lidar/003073.ply,0.15,800,0.8,0.30751,0.5137,1,0.45258,0.99861,0.15734
lidar/003074.ply,0.15,800,0.8,0.29147,0.49776,1,0.43308,0.99854,0.15019
lidar/003075.ply,0.15,300,0.8,0.49081,0.46544,1,0.3936,0.99787,0.13568
lidar/003076.ply,0.15,800,0.8,0.30888,0.49401,1,0.43344,0.9989,0.15853
lidar/003077.ply,0.15,800,0.8,0.30655,0.17574,1,0.07394,0.9995,0.07626
lidar/003078.ply,0.15,800,0.8,0.32972,0.14401,1,0.04322,0.99833,0.07791
lidar/003079.ply,0.15,800,0.8,0.26485,0.21281,1,0.11212,0.99953,0.07848
lidar/003080.ply,0.15,300,0.8,0.63086,0.13699,1,0.00865,0.99911,0.02306
lidar/003081.ply,0.15,800,0.8,0.30627,0.43719,1,0.37807,0.99918,0.16152
lidar/003082.ply,0.15,800,0.8,0.29491,0.46494,1,0.39955,0.99895,0.14892
lidar/003083.ply,0.15,800,0.8,0.29546,0.45655,1,0.39604,0.99936,0.15878
lidar/003084.ply,0.15,800,0.8,0.26987,0.45477,1,0.3893,0.99833,0.14855
lidar/003085.ply,0.15,800,0.8,0.35209,0.14112,1,0.00431,0.99832,0.00589
lidar/003086.ply,0.15,800,0.8,0.33263,0.44773,1,0.38113,0.99814,0.14624
lidar/003087.ply,0.15,800,0.8,0.25488,0.46227,1,0.39244,0.99773,0.13965
lidar/003088.ply,0.15,800,0.8,0.33424,0.45876,1,0.38447,0.99745,0.13065
lidar/003089.ply,0.15,800,0.8,0.32667,0.45731,1,0.38603,0.99722,0.1366
lidar/003090.ply,0.15,800,0.8,0.27824,0.47258,1,0.40302,0.99691,0.13996
lidar/003091.ply,0.15,800,0.8,0.30396,0.47468,1,0.40678,0.99665,0.14321
lidar/003092.ply,0.15,800,0.8,0.29542,0.46941,1,0.39908,0.99644,0.13828
lidar/003093.ply,0.15,800,0.8,0.26889,0.48032,1,0.40685,0.99551,0.13171
lidar/003094.ply,0.15,800,0.8,0.28616,0.18468,1,0.0995,0.99382,0.1078
lidar/003095.ply,0.15,800,0.8,0.28562,0.16966,1,0.08768,0.99461,0.11443
lidar/003096.ply,0.15,800,0.8,0.27476,0.17545,1,0.09513,0.99507,0.11788
lidar/003097.ply,0.15,800,0.8,0.29022,0.1731,1,0.08983,0.99559,0.11213
lidar/003098.ply,0.15,800,0.8,0.2807,0.18409,1,0.09948,0.99494,0.10926
lidar/003099.ply,0.15,800,0.8,0.33732,0.1369,1,0.00458,0.9911,0.0127
lidar/003100.ply,0.15,800,0.8,0.303,0.17424,1,0.09032,0.99312,0.1101
lidar/003101.ply,0.15,800,0.8,0.27207,0.18622,1,0.10187,0.99338,0.1093
lidar/003102.ply,0.15,800,0.8,0.29474,0.17794,1,0.09868,0.98965,0.11837
lidar/003103.ply,0.15,800,0.8,0.2739,0.19066,1,0.10333,0.99294,0.10322
lidar/003104.ply,0.15,800,0.8,0.29691,0.11623,1,0.00451,0.98939,0.05339
lidar/003105.ply,0.15,800,0.8,0.31219,0.14867,1,0.07133,0.99244,0.12305
lidar/003106.ply,0.15,800,0.8,0.33432,0.17005,1,0.08791,0.99038,0.11283
lidar/003107.ply,0.15,800,0.8,0.35181,0.17053,1,0.08982,0.98561,0.11426
lidar/003108.ply,0.15,800,0.8,0.34295,0.1736,1,0.08895,0.98927,0.10748
lidar/003109.ply,0.15,800,0.8,0.27792,0.18539,1,0.10244,0.99177,0.11163
lidar/003110.ply,0.15,800,0.8,0.29302,0.16715,1,0.08704,0.98947,0.11663
lidar/003111.ply,0.15,800,0.8,0.29263,0.167,1,0.08506,0.99116,0.11346
lidar/003112.ply,0.15,800,0.8,0.32462,0.53283,1,0.46867,0.99542,0.15031
lidar/003113.ply,0.15,800,0.8,0.31462,0.12363,1,0.00617,0.98827,0.04156
lidar/003114.ply,0.15,800,0.8,0.28513,0.13151,1,0.05855,0.99037,0.13118
lidar/003115.ply,0.15,800,0.8,0.28291,0.11055,1,0.04684,0.99207,0.15021
lidar/003116.ply,0.15,800,0.8,0.3492,0.12957,1,0.00865,0.98798,0.03456
lidar/003117.ply,0.15,800,0.8,0.29318,0.11544,1,0.05203,0.99092,0.15046
lidar/003118.ply,0.15,800,0.8,0.26728,0.10602,1,0.04483,0.99069,0.15483
lidar/003119.ply,0.15,800,0.8,0.28847,0.12046,1,0.0536,0.99095,0.14356
lidar/003120.ply,0.15,800,0.8,0.29731,0.09574,1,0.00688,0.98436,0.09759
lidar/003121.ply,0.15,800,0.8,0.27541,0.10555,1,0.04562,0.99191,0.15772
lidar/003122.ply,0.15,800,0.8,0.29514,0.10254,1,0.03917,0.99142,0.15068
lidar/003123.ply,0.15,800,0.8,0.27524,0.12574,1,0.00305,0.98934,0.03142
lidar/003124.ply,0.15,800,0.8,0.28264,0.16143,1,0.08331,0.99341,0.12177
lidar/003125.ply,0.15,800,0.8,0.28053,0.55553,1,0.4898,0.99659,0.14751
lidar/003126.ply,0.15,800,0.8,0.24943,0.15528,1,0.07551,0.99494,0.11894
lidar/003127.ply,0.15,800,0.8,0.28306,0.14705,1,0.07049,0.99493,0.12535
lidar/003128.ply,0.15,800,0.8,0.29076,0.13442,1,0.00193,0.99195,0.01262
lidar/003129.ply,0.15,800,0.8,0.2543,0.55753,1,0.49125,0.9972,0.14658
lidar/003130.ply,0.15,800,0.8,0.25836,0.56965,1,0.5051,0.99751,0.15015
lidar/003131.ply,0.15,800,0.8,0.27012,0.57213,1,0.50815,0.99806,0.15145
lidar/003132.ply,0.15,800,0.8,0.31558,0.55466,1,0.48618,0.99875,0.14266
lidar/003133.ply,0.15,800,0.8,0.26878,0.14524,1,0.06599,0.99574,0.12023
lidar/003134.ply,0.15,800,0.8,0.2772,0.57687,1,0.51244,0.99748,0.1504
lidar/003135.ply,0.15,800,0.8,0.26063,0.56844,1,0.50034,0.99785,0.14316
lidar/003136.ply,0.15,800,0.8,0.34789,0.14179,1,0.06669,0.99781,0.12915
lidar/003137.ply,0.15,800,0.8,0.27077,0.13277,1,0.06066,0.99686,0.13485
lidar/003138.ply,0.15,800,0.8,0.28579,0.14887,1,0.06694,0.99806,0.11556
lidar/003139.ply,0.15,800,0.8,0.25736,0.15675,1,0.07825,0.99827,0.12248
lidar/003140.ply,0.15,800,0.8,0.2707,0.56355,1,0.49357,0.99757,0.13931
lidar/003141.ply,0.15,800,0.8,0.23806,0.5696,1,0.50248,0.99774,0.14508
lidar/003142.ply,0.15,800,0.8,0.26054,0.13005,1,0.05747,0.99816,0.13429
lidar/003143.ply,0.15,800,0.8,0.25443,0.13556,1,0.05851,0.99822,0.12537
lidar/003144.ply,0.15,800,0.8,0.3021,0.14335,1,0.07085,0.99848,0.13454
lidar/003145.ply,0.15,800,0.8,0.29155,0.56193,1,0.48958,0.99737,0.13452
lidar/003146.ply,0.15,800,0.8,0.2613,0.12796,1,0.05638,0.99748,0.13609
lidar/003147.ply,0.15,800,0.8,0.27501,0.56734,1,0.49766,0.99775,0.13997
lidar/003148.ply,0.15,800,0.8,0.27112,0.56067,1,0.48785,0.99756,0.13363
lidar/003149.ply,0.15,800,0.8,0.27161,0.55514,1,0.4792,0.9974,0.12734
lidar/003150.ply,0.15,800,0.8,0.36728,0.55262,1,0.47642,0.99752,0.12685
lidar/003151.ply,0.15,800,0.8,0.28555,0.5631,1,0.49233,0.99793,0.13784
lidar/003152.ply,0.15,800,0.8,0.32432,0.13725,1,0.05863,0.99879,0.12241
lidar/003153.ply,0.15,800,0.8,0.31767,0.54516,1,0.46791,0.99778,0.12484
lidar/003154.ply,0.15,800,0.8,0.2959,0.54289,1,0.46433,0.99803,0.12228
lidar/003155.ply,0.15,800,0.8,0.30266,0.55771,1,0.4838,0.99834,0.13169
lidar/003156.ply,0.15,800,0.8,0.31061,0.56626,1,0.49751,0.9987,0.14211
lidar/003157.ply,0.15,800,0.8,0.29582,0.54555,1,0.46653,0.99843,0.12149
lidar/003158.ply,0.15,800,0.8,0.29366,0.54602,1,0.46894,0.99866,0.12545
lidar/003159.ply,0.15,800,0.8,0.27293,0.554,1,0.47989,0.99894,0.13145
lidar/003160.ply,0.15,800,0.8,0.32543,0.54747,1,0.47327,0.99916,0.13134
lidar/003161.ply,0.15,800,0.8,0.27983,0.54048,1,0.46218,0.99905,0.12311
lidar/003162.ply,0.15,800,0.8,0.28283,0.53951,1,0.46196,0.99905,0.12462
lidar/003163.ply,0.15,800,0.8,0.30388,0.54328,1,0.46922,0.99917,0.13163
lidar/003164.ply,0.15,800,0.8,0.28964,0.54058,1,0.46233,0.99903,0.12321
lidar/003165.ply,0.15,800,0.8,0.26896,0.54123,1,0.46471,0.99917,0.12671
lidar/003166.ply,0.15,800,0.8,0.26844,0.54482,1,0.47172,0.99938,0.1336
lidar/003167.ply,0.15,800,0.8,0.29432,0.55186,1,0.47888,0.99959,0.13391
lidar/003168.ply,0.15,800,0.8,0.31863,0.54052,1,0.46444,0.99967,0.12774
lidar/003169.ply,0.15,800,0.8,0.29266,0.54913,1,0.47553,0.99973,0.13271
lidar/003170.ply,0.15,800,0.8,0.30187,0.53601,1,0.45716,0.99959,0.12218
lidar/003171.ply,0.15,800,0.8,0.31634,0.54662,1,0.47388,0.99972,0.13445
lidar/003172.ply,0.15,800,0.8,0.34035,0.545,1,0.47305,0.99979,0.13603
lidar/003173.ply,0.15,800,0.8,0.27869,0.55449,1,0.48256,0.99976,0.13608
lidar/003174.ply,0.15,800,0.8,0.29403,0.52953,1,0.45067,0.99964,0.12216
lidar/003175.ply,0.15,800,0.8,0.27411,0.54513,1,0.47031,0.99972,0.13026
lidar/003176.ply,0.15,800,0.8,0.2786,0.54059,1,0.4647,0.9997,0.12813
lidar/003177.ply,0.15,800,0.8,0.2643,0.54226,1,0.46297,0.99963,0.12131
lidar/003178.ply,0.15,800,0.8,0.31525,0.53389,1,0.45534,0.99968,0.1228
lidar/003179.ply,0.15,800,0.8,0.2897,0.53122,1,0.44992,0.9996,0.11727
lidar/003180.ply,0.15,800,0.8,0.26393,0.53551,1,0.45317,0.99953,0.11519
lidar/003181.ply,0.15,800,0.8,0.28803,0.52321,1,0.44082,0.99944,0.11506
lidar/003182.ply,0.15,800,0.8,0.26664,0.53193,1,0.45269,0.99949,0.12135
lidar/003183.ply,0.15,800,0.8,0.30504,0.52108,1,0.43881,0.99943,0.11528
lidar/003184.ply,0.15,800,0.8,0.306,0.53577,1,0.46479,0.99963,0.13792
lidar/003185.ply,0.15,800,0.8,0.29268,0.53165,1,0.45456,0.99935,0.12563
lidar/003186.ply,0.15,800,0.8,0.29262,0.53042,1,0.4529,0.9992,0.12472
lidar/003187.ply,0.15,800,0.8,0.32078,0.53131,1,0.45603,0.99915,0.12917
lidar/003188.ply,0.15,800,0.8,0.31216,0.52939,1,0.44604,0.99898,0.113
lidar/003189.ply,0.15,800,0.8,0.29887,0.52293,1,0.43979,0.9991,0.11345
lidar/003190.ply,0.15,800,0.8,0.29902,0.5249,1,0.44234,0.99913,0.11463
lidar/003191.ply,0.15,800,0.8,0.33233,0.52564,1,0.4427,0.99914,0.11386
lidar/003192.ply,0.15,800,0.8,0.28914,0.52965,1,0.44697,0.99914,0.11439
lidar/003193.ply,0.15,800,0.8,0.41663,0.53055,1,0.45257,0.99925,0.12381
lidar/003194.ply,0.15,800,0.8,0.31275,0.51401,1,0.42993,0.99927,0.11161
lidar/003195.ply,0.15,800,0.8,0.31171,0.52182,1,0.43887,0.99913,0.11385
lidar/003196.ply,0.15,800,0.8,0.26561,0.52633,1,0.44909,0.99919,0.12529
lidar/003197.ply,0.15,800,0.8,0.28211,0.51818,1,0.43208,0.99903,0.10749
lidar/003198.ply,0.15,800,0.8,0.27087,0.52034,1,0.43355,0.99899,0.10612
lidar/003199.ply,0.15,800,0.8,0.28998,0.52051,1,0.43304,0.99905,0.10477
lidar/003200.ply,0.15,800,0.8,0.29198,0.52197,1,0.43563,0.99908,0.10704
lidar/003201.ply,0.15,800,0.8,0.31515,0.50927,1,0.42114,0.99906,0.10346
lidar/003202.ply,0.15,800,0.8,0.26353,0.51985,1,0.4323,0.99892,0.10459
lidar/003203.ply,0.15,800,0.8,0.25505,0.52795,1,0.44365,0.9991,0.11112
lidar/003204.ply,0.15,800,0.8,0.29441,0.52207,1,0.43609,0.999,0.10774
lidar/003205.ply,0.15,800,0.8,0.28982,0.53172,1,0.44878,0.99915,0.11386
lidar/003206.ply,0.15,800,0.8,0.2638,0.51993,1,0.42889,0.99872,0.09753
lidar/003207.ply,0.15,800,0.8,0.2765,0.5224,1,0.42995,0.99855,0.09466
lidar/003208.ply,0.15,800,0.8,0.28795,0.52877,1,0.44041,0.99855,0.10285
lidar/003209.ply,0.15,800,0.8,0.30078,0.53442,1,0.45136,0.99869,0.11349
lidar/003210.ply,0.15,800,0.8,0.2954,0.52574,1,0.43778,0.99843,0.10362
lidar/003211.ply,0.15,800,0.8,0.28865,0.54245,1,0.45891,0.99835,0.11242
lidar/003212.ply,0.15,300,0.8,0.48561,0.52695,1,0.43755,0.99778,0.10054
lidar/003213.ply,0.15,800,0.8,0.28309,0.53727,1,0.45008,0.99746,0.10487
lidar/003214.ply,0.15,800,0.8,0.27828,0.54174,1,0.45204,0.99726,0.09977
lidar/003215.ply,0.15,800,0.8,0.28763,0.1652,1,0.08364,0.99774,0.1162
lidar/003216.ply,0.15,800,0.8,0.29748,0.53733,1,0.44628,0.99694,0.09699
lidar/003217.ply,0.15,800,0.8,0.29033,0.53707,1,0.44572,0.99677,0.09634
lidar/003218.ply,0.15,800,0.8,0.28091,0.52954,1,0.43657,0.99639,0.09298
lidar/003219.ply,0.15,800,0.8,0.27702,0.13901,1,0.06727,0.99758,0.1358
lidar/003220.ply,0.15,800,0.8,0.28264,0.18442,1,0.09695,0.99688,0.10413
lidar/003221.ply,0.15,800,0.8,0.26545,0.15094,1,0.07839,0.99659,0.13388
lidar/003222.ply,0.15,800,0.8,0.34352,0.14482,1,0.06991,0.9971,0.12931
lidar/003223.ply,0.15,800,0.8,0.2772,0.15059,1,0.07278,0.99688,0.12345
lidar/003224.ply,0.15,800,0.8,0.28823,0.18592,1,0.09859,0.99552,0.10401
lidar/003225.ply,0.15,800,0.8,0.27419,0.18578,1,0.09984,0.99531,0.10672
lidar/003226.ply,0.15,800,0.8,0.27341,0.15076,1,0.07242,0.99678,0.12235
lidar/003227.ply,0.15,800,0.8,0.26402,0.15196,1,0.07987,0.99537,0.13444
lidar/003228.ply,0.15,800,0.8,0.26705,0.52553,1,0.43036,0.99638,0.08857
lidar/003229.ply,0.15,800,0.8,0.27335,0.18416,1,0.0971,0.99506,0.1044
lidar/003230.ply,0.15,800,0.8,0.28298,0.18245,1,0.09873,0.99374,0.11069
lidar/003231.ply,0.15,800,0.8,0.27819,0.18439,1,0.10707,0.99175,0.12288
lidar/003232.ply,0.15,800,0.8,0.30152,0.53443,1,0.44322,0.99741,0.0968
lidar/003233.ply,0.15,800,0.8,0.32574,0.52178,1,0.42694,0.99756,0.08959
lidar/003234.ply,0.15,800,0.8,0.27079,0.53604,1,0.44065,0.9974,0.08843
lidar/003235.ply,0.15,800,0.8,0.2691,0.54236,1,0.44759,0.9976,0.08973
lidar/003236.ply,0.15,800,0.8,0.30623,0.53176,1,0.44109,0.99805,0.09809
lidar/003237.ply,0.15,800,0.8,0.29548,0.52526,1,0.43126,0.99779,0.09133
lidar/003238.ply,0.15,800,0.8,0.31629,0.52599,1,0.42813,0.99768,0.08359
lidar/003239.ply,0.15,800,0.8,0.30638,0.53326,1,0.4404,0.99805,0.0937
lidar/003240.ply,0.15,800,0.8,0.30183,0.53223,1,0.43693,0.99807,0.08881
lidar/003241.ply,0.15,800,0.8,0.3263,0.52616,1,0.43171,0.99855,0.09068
lidar/003242.ply,0.15,800,0.8,0.30647,0.52409,1,0.43036,0.99898,0.09224
lidar/003243.ply,0.15,800,0.8,0.2831,0.5287,1,0.43244,0.99914,0.08721
lidar/003244.ply,0.15,800,0.8,0.31601,0.5358,1,0.44187,0.99925,0.09192
lidar/003245.ply,0.15,800,0.8,0.2814,0.54889,1,0.45301,0.99894,0.08792
lidar/003246.ply,0.15,800,0.8,0.2853,0.54982,1,0.45217,0.99881,0.08434
lidar/003247.ply,0.15,800,0.8,0.28714,0.54717,1,0.44712,0.99873,0.07952
lidar/003248.ply,0.15,800,0.8,0.26924,0.54732,1,0.44869,0.99885,0.08239
lidar/003249.ply,0.15,800,0.8,0.29037,0.52942,1,0.43023,0.99886,0.08127
lidar/003250.ply,0.15,800,0.8,0.4477,0.53046,1,0.43097,0.99882,0.08065
lidar/003251.ply,0.15,800,0.8,0.28427,0.5422,1,0.44127,0.99858,0.07773
lidar/003252.ply,0.15,800,0.8,0.2811,0.53728,1,0.43628,0.99852,0.07755
lidar/003253.ply,0.15,800,0.8,0.29414,0.54193,1,0.44206,0.99864,0.07986
lidar/003254.ply,0.15,800,0.8,0.28981,0.53127,1,0.43159,0.99857,0.08021
lidar/003255.ply,0.15,800,0.8,0.28755,0.53526,1,0.43449,0.99851,0.07803
lidar/003256.ply,0.15,800,0.8,0.27887,0.5297,1,0.42921,0.99827,0.0785
lidar/003257.ply,0.15,800,0.8,0.31943,0.53159,1,0.43189,0.99822,0.08007
lidar/003258.ply,0.15,800,0.8,0.25424,0.53499,1,0.43454,0.99826,0.07856
lidar/003259.ply,0.15,800,0.8,0.29412,0.53263,1,0.43405,0.99851,0.0824
lidar/003260.ply,0.15,800,0.8,0.30725,0.53516,1,0.43331,0.99849,0.07584
lidar/003261.ply,0.15,800,0.8,0.2794,0.5324,1,0.43223,0.99839,0.07918
lidar/003262.ply,0.15,800,0.8,0.27977,0.53708,1,0.44214,0.99862,0.08971
lidar/003263.ply,0.15,800,0.8,0.25455,0.53463,1,0.43542,0.99866,0.08119
lidar/003264.ply,0.15,800,0.8,0.30125,0.53559,1,0.43613,0.99865,0.08069
lidar/003265.ply,0.15,800,0.8,0.35325,0.51868,1,0.41962,0.99875,0.08151
lidar/003266.ply,0.15,800,0.8,0.27564,0.52177,1,0.42447,0.99902,0.0851
lidar/003267.ply,0.15,800,0.8,0.26451,0.52666,1,0.4285,0.99921,0.08345
lidar/003268.ply,0.15,800,0.8,0.28026,0.52977,1,0.43208,0.99919,0.08437
lidar/003269.ply,0.15,800,0.8,0.26242,0.53096,1,0.43304,0.99917,0.08391
lidar/003270.ply,0.15,800,0.8,0.29316,0.524,1,0.42438,0.99912,0.0805
lidar/003271.ply,0.15,800,0.8,0.26799,0.52568,1,0.42623,0.99917,0.08085
lidar/003272.ply,0.15,800,0.8,0.27545,0.52849,1,0.42946,0.9992,0.08171
lidar/003273.ply,0.15,800,0.8,0.26832,0.53064,1,0.43619,0.99935,0.09092
lidar/003274.ply,0.15,800,0.8,0.29801,0.51917,1,0.42128,0.99941,0.08404
lidar/003275.ply,0.15,800,0.8,0.28137,0.52514,1,0.41997,0.99922,0.06943
lidar/003276.ply,0.15,800,0.8,0.28905,0.5149,1,0.41853,0.99953,0.08712
lidar/003277.ply,0.15,800,0.8,0.24172,0.5241,1,0.42414,0.9993,0.07986
lidar/003278.ply,0.15,800,0.8,0.3034,0.51778,1,0.41781,0.99919,0.07982
lidar/003279.ply,0.15,800,0.8,0.25948,0.52199,1,0.42153,0.99914,0.07881
lidar/003280.ply,0.15,800,0.8,0.26573,0.526,1,0.42894,0.99931,0.08567
lidar/003281.ply,0.15,800,0.8,0.27048,0.52878,1,0.42955,0.99936,0.08136
lidar/003282.ply,0.15,800,0.8,0.27119,0.52619,1,0.42691,0.99925,0.08123
lidar/003283.ply,0.15,800,0.8,0.25772,0.53244,1,0.43186,0.99892,0.07853
lidar/003284.ply,0.15,800,0.8,0.26295,0.52967,1,0.42553,0.99876,0.07135
lidar/003285.ply,0.15,800,0.8,0.24304,0.52294,1,0.41925,0.99871,0.07222
lidar/003286.ply,0.15,800,0.8,0.30643,0.52487,1,0.42441,0.99869,0.07869
lidar/003287.ply,0.15,800,0.8,0.28411,0.52541,1,0.42376,0.99886,0.07636
lidar/003288.ply,0.15,800,0.8,0.26091,0.52531,1,0.42575,0.99899,0.08056
lidar/003289.ply,0.15,800,0.8,0.26283,0.5089,1,0.40399,0.99864,0.06978
lidar/003290.ply,0.15,800,0.8,0.25709,0.50464,1,0.39996,0.99846,0.07017
lidar/003291.ply,0.15,800,0.8,0.28024,0.51481,1,0.41063,0.99833,0.07115
lidar/003292.ply,0.15,800,0.8,0.2901,0.50964,1,0.40732,0.99861,0.07493
lidar/003293.ply,0.15,800,0.8,0.27135,0.52182,1,0.42534,0.99896,0.08672
lidar/003294.ply,0.15,800,0.8,0.28491,0.51619,1,0.41433,0.99871,0.07589
lidar/003295.ply,0.15,800,0.8,0.28333,0.53196,1,0.43499,0.99866,0.08566
lidar/003296.ply,0.15,800,0.8,0.29,0.51604,1,0.41138,0.99858,0.07024
lidar/003297.ply,0.15,800,0.8,0.29973,0.5148,1,0.41575,0.99886,0.08155
lidar/003298.ply,0.15,800,0.8,0.41931,0.51817,1,0.41684,0.99884,0.077
lidar/003299.ply,0.15,800,0.8,0.31523,0.52165,1,0.42018,0.9984,0.07658
lidar/003300.ply,0.15,800,0.8,0.33123,0.51588,1,0.41522,0.99821,0.07814
lidar/003301.ply,0.15,800,0.8,0.34406,0.52316,1,0.42201,0.99779,0.07703
lidar/003302.ply,0.15,800,0.8,0.28004,0.52529,1,0.42472,0.99784,0.07822
lidar/003303.ply,0.15,800,0.8,0.30303,0.52458,1,0.42322,0.9979,0.07665
lidar/003304.ply,0.15,800,0.8,0.26714,0.52579,1,0.42517,0.99787,0.07812
lidar/003305.ply,0.15,800,0.8,0.25222,0.53249,1,0.43143,0.99713,0.07703
lidar/003306.ply,0.15,800,0.8,0.26758,0.53082,1,0.43151,0.9964,0.08029
lidar/003307.ply,0.15,800,0.8,0.2467,0.53902,1,0.43964,0.9958,0.07998
lidar/003308.ply,0.15,800,0.8,0.25788,0.54529,1,0.44637,0.99587,0.08093
lidar/003309.ply,0.15,800,0.8,0.26218,0.53513,1,0.43327,0.99603,0.0751
lidar/003310.ply,0.15,800,0.8,0.25917,0.5355,1,0.43601,0.99643,0.07994
lidar/003311.ply,0.15,800,0.8,0.25763,0.53746,1,0.43894,0.99671,0.08197
lidar/003312.ply,0.15,800,0.8,0.27008,0.53463,1,0.43911,0.99727,0.08814
lidar/003313.ply,0.15,800,0.8,0.24521,0.53576,1,0.44107,0.99767,0.08991
lidar/003314.ply,0.15,800,0.8,0.2527,0.53467,1,0.43611,0.99814,0.08233
lidar/003315.ply,0.15,800,0.8,0.26158,0.54159,1,0.44186,0.99843,0.08008
lidar/003316.ply,0.15,800,0.8,0.25063,0.54334,1,0.44871,0.99854,0.0903
lidar/003317.ply,0.15,800,0.8,0.27132,0.52608,1,0.42744,0.99884,0.08237
lidar/003318.ply,0.15,800,0.8,0.27678,0.53301,1,0.43317,0.99891,0.07999
lidar/003319.ply,0.15,800,0.8,0.26028,0.52234,1,0.42826,0.99926,0.09161
lidar/003320.ply,0.15,800,0.8,0.2568,0.53139,1,0.43292,0.99928,0.08284
lidar/003321.ply,0.15,800,0.8,0.25296,0.53014,1,0.43359,0.99928,0.08668
lidar/003322.ply,0.15,800,0.8,0.28184,0.53355,1,0.43916,0.99937,0.09103
lidar/003323.ply,0.15,800,0.8,0.39077,0.53898,1,0.44349,0.99936,0.08882
lidar/003324.ply,0.15,800,0.8,0.353,0.53087,1,0.43484,0.99921,0.08772
lidar/003325.ply,0.15,800,0.8,0.24818,0.5296,1,0.43484,0.99923,0.09024
lidar/003326.ply,0.15,800,0.8,0.26604,0.52792,1,0.43366,0.99926,0.09125
lidar/003327.ply,0.15,800,0.8,0.22183,0.54376,1,0.45043,0.99915,0.09308
lidar/003328.ply,0.15,800,0.8,0.23032,0.53377,1,0.44098,0.99941,0.09424
lidar/003329.ply,0.15,800,0.8,0.25033,0.5305,1,0.43549,0.99942,0.08979
lidar/003330.ply,0.15,800,0.8,0.25139,0.52305,1,0.4273,0.99958,0.08838
lidar/003331.ply,0.15,800,0.8,0.29082,0.51614,1,0.42084,0.9998,0.08934
lidar/003332.ply,0.15,800,0.8,0.29073,0.51681,1,0.41926,0.99982,0.08484
lidar/003333.ply,0.15,800,0.8,0.30176,0.51647,1,0.41818,0.99982,0.08336
lidar/003334.ply,0.15,800,0.8,0.23762,0.52792,1,0.43441,0.99977,0.09291
lidar/003335.ply,0.15,800,0.8,0.25771,0.51341,1,0.41672,0.99975,0.08655
lidar/003336.ply,0.15,800,0.8,0.25497,0.52212,1,0.43206,0.9997,0.0998
lidar/003337.ply,0.15,800,0.8,0.40005,0.508,1,0.41231,0.99981,0.08857
lidar/003338.ply,0.15,800,0.8,0.24821,0.51817,1,0.42081,0.99958,0.08516
lidar/003339.ply,0.15,800,0.8,0.2721,0.51432,1,0.42218,0.99969,0.09562
lidar/003340.ply,0.15,800,0.8,0.28642,0.51256,1,0.41803,0.99974,0.09086
lidar/003341.ply,0.15,800,0.8,0.30112,0.5117,1,0.4155,0.99974,0.08752
lidar/003342.ply,0.15,800,0.8,0.28497,0.51258,1,0.41558,0.99969,0.0859
lidar/003343.ply,0.15,800,0.8,0.27369,0.52095,1,0.42534,0.99953,0.08864
lidar/003344.ply,0.15,800,0.8,0.26743,0.51975,1,0.42545,0.99938,0.09122
lidar/003345.ply,0.15,800,0.8,0.27194,0.52774,1,0.43361,0.99871,0.09135
lidar/003346.ply,0.15,800,0.8,0.24584,0.53145,1,0.43386,0.99862,0.08441
lidar/003347.ply,0.15,800,0.8,0.25413,0.53047,1,0.43446,0.99863,0.08756
lidar/003348.ply,0.15,800,0.8,0.27361,0.53026,1,0.43846,0.99872,0.09601
lidar/003349.ply,0.15,800,0.8,0.31036,0.52378,1,0.42767,0.99892,0.08747
lidar/003350.ply,0.15,800,0.8,0.27164,0.52866,1,0.43599,0.99905,0.09438
lidar/003351.ply,0.15,800,0.8,0.24067,0.52998,1,0.43646,0.99872,0.09258
lidar/003352.ply,0.15,800,0.8,0.25393,0.52738,1,0.4355,0.99854,0.09582
lidar/003353.ply,0.15,800,0.8,0.30295,0.53116,1,0.44091,0.99871,0.09911
lidar/003354.ply,0.15,800,0.8,0.27927,0.53035,1,0.4405,0.99875,0.09994
lidar/003355.ply,0.15,800,0.8,0.23627,0.53175,1,0.44007,0.99865,0.09625
lidar/003356.ply,0.15,800,0.8,0.24839,0.53264,1,0.4432,0.9987,0.10073
lidar/003357.ply,0.15,800,0.8,0.23961,0.53118,1,0.43699,0.99854,0.09118
lidar/003358.ply,0.15,800,0.8,0.26532,0.52836,1,0.43385,0.99855,0.09053
lidar/003359.ply,0.15,800,0.8,0.2675,0.5273,1,0.43055,0.99842,0.08602
lidar/003360.ply,0.15,800,0.8,0.31271,0.51613,1,0.42232,0.9989,0.09205
lidar/003361.ply,0.15,800,0.8,0.2494,0.52383,1,0.4336,0.99913,0.09928
lidar/003362.ply,0.15,800,0.8,0.27241,0.5153,1,0.42383,0.99902,0.09678
lidar/003363.ply,0.15,800,0.8,0.2395,0.52289,1,0.43539,0.99881,0.10465
lidar/003364.ply,0.15,800,0.8,0.26559,0.5163,1,0.41979,0.99837,0.0865
lidar/003365.ply,0.15,800,0.8,0.24509,0.52397,1,0.43351,0.99872,0.09869
lidar/003366.ply,0.15,800,0.8,0.26511,0.51782,1,0.42302,0.99863,0.09
lidar/003367.ply,0.15,800,0.8,0.3162,0.51069,1,0.41787,0.99903,0.09407
lidar/003368.ply,0.15,800,0.8,0.29776,0.50499,1,0.41106,0.99899,0.09184
lidar/003369.ply,0.15,800,0.8,0.2862,0.51058,1,0.41957,0.99911,0.09773
lidar/003370.ply,0.15,800,0.8,0.26903,0.50244,1,0.40849,0.99886,0.09175
lidar/003371.ply,0.15,800,0.8,0.26831,0.51027,1,0.41805,0.99838,0.09507
lidar/003372.ply,0.15,800,0.8,0.26221,0.49904,1,0.40686,0.99815,0.09508
lidar/003373.ply,0.15,800,0.8,0.2333,0.51797,1,0.42996,0.99802,0.1034
lidar/003374.ply,0.15,800,0.8,0.26693,0.49571,1,0.40052,0.99776,0.08894
lidar/003375.ply,0.15,800,0.8,0.27189,0.50409,1,0.41203,0.99839,0.09539
lidar/003376.ply,0.15,800,0.8,0.28502,0.50301,1,0.41092,0.99837,0.09534
lidar/003377.ply,0.15,800,0.8,0.2934,0.49742,1,0.40591,0.99832,0.09648
lidar/003378.ply,0.15,800,0.8,0.26262,0.50825,1,0.41466,0.9979,0.09218
lidar/003379.ply,0.15,800,0.8,0.26004,0.51103,1,0.42033,0.99814,0.09803
lidar/003380.ply,0.15,800,0.8,0.26632,0.50458,1,0.41226,0.99784,0.0947
lidar/003381.ply,0.15,800,0.8,0.25781,0.50881,1,0.41784,0.99806,0.09747
lidar/003382.ply,0.15,800,0.8,0.25679,0.49816,1,0.4043,0.99835,0.09177
lidar/003383.ply,0.15,800,0.8,0.29056,0.49744,1,0.40346,0.99835,0.09154
lidar/003384.ply,0.15,800,0.8,0.28227,0.50081,1,0.40947,0.99849,0.09687
lidar/003385.ply,0.15,800,0.8,0.26667,0.50538,1,0.41506,0.99803,0.09876
lidar/003386.ply,0.15,800,0.8,0.2599,0.50309,1,0.40614,0.99763,0.0854
lidar/003387.ply,0.15,800,0.8,0.23974,0.51909,1,0.43465,0.99818,0.11058
lidar/003388.ply,0.15,800,0.8,0.24982,0.51856,1,0.43778,0.99826,0.11793
lidar/003389.ply,0.15,800,0.8,0.26729,0.50768,1,0.41693,0.9979,0.09789
lidar/003390.ply,0.15,800,0.8,0.28087,0.50714,1,0.41697,0.99844,0.09919
lidar/003391.ply,0.15,800,0.8,0.27378,0.50801,1,0.42422,0.99827,0.11189
lidar/003392.ply,0.15,800,0.8,0.29299,0.49823,1,0.41201,0.9982,0.10703
lidar/003393.ply,0.15,800,0.8,0.27128,0.49315,1,0.39824,0.99805,0.0896
lidar/003394.ply,0.15,800,0.8,0.24725,0.49191,1,0.39809,0.99821,0.09182
lidar/003395.ply,0.15,800,0.8,0.25638,0.50706,1,0.42167,0.9987,0.10883
lidar/003396.ply,0.15,800,0.8,0.28398,0.50521,1,0.41618,0.99856,0.10151
lidar/003397.ply,0.15,800,0.8,0.33647,0.49329,1,0.40297,0.99886,0.09901
lidar/003398.ply,0.15,800,0.8,0.28758,0.4964,1,0.4049,0.99905,0.09671
lidar/003399.ply,0.15,800,0.8,0.32021,0.4896,1,0.39649,0.99931,0.09357
lidar/003400.ply,0.15,800,0.8,0.26429,0.48789,1,0.39147,0.99896,0.08684
lidar/003401.ply,0.15,800,0.8,0.29265,0.50737,1,0.42811,0.99935,0.12128
lidar/003402.ply,0.15,800,0.8,0.28653,0.49162,1,0.40635,0.99947,0.10929
lidar/003403.ply,0.15,800,0.8,0.29017,0.49215,1,0.4033,0.99947,0.10215
lidar/003404.ply,0.15,800,0.8,0.25643,0.49195,1,0.39923,0.99946,0.09441
lidar/003405.ply,0.15,800,0.8,0.28177,0.50214,1,0.42491,0.99973,0.12545
lidar/003406.ply,0.15,800,0.8,0.3265,0.48447,1,0.39126,0.9994,0.09339
lidar/003407.ply,0.15,800,0.8,0.28173,0.48509,1,0.39608,0.99942,0.10181
lidar/003408.ply,0.15,800,0.8,0.28727,0.47917,1,0.38511,0.99925,0.09165
lidar/003409.ply,0.15,800,0.8,0.26495,0.48457,1,0.3946,0.99937,0.09986
lidar/003410.ply,0.15,800,0.8,0.27404,0.47802,1,0.39257,0.99956,0.10896
lidar/003411.ply,0.15,800,0.8,0.27096,0.47849,1,0.39183,0.99925,0.10647
lidar/003412.ply,0.15,800,0.8,0.28635,0.47741,1,0.39443,0.99936,0.11385
lidar/003413.ply,0.15,800,0.8,0.32301,0.463,1,0.3742,0.99972,0.10231
lidar/003414.ply,0.15,800,0.8,0.28082,0.47616,1,0.39458,0.99982,0.1168
lidar/003415.ply,0.15,800,0.8,0.29197,0.47271,1,0.38659,0.99959,0.10765
lidar/003416.ply,0.15,800,0.8,0.28366,0.47963,1,0.39628,0.99957,0.11316
lidar/003417.ply,0.15,800,0.8,0.28681,0.47758,1,0.3906,0.99936,0.10583
lidar/003418.ply,0.15,800,0.8,0.2967,0.47635,1,0.39498,0.99961,0.11714
lidar/003419.ply,0.15,800,0.8,0.2796,0.46373,1,0.37168,0.99949,0.09574
lidar/003420.ply,0.15,800,0.8,0.25954,0.47191,1,0.38379,0.99938,0.10359
lidar/003421.ply,0.15,800,0.8,0.27986,0.47723,1,0.39808,0.99919,0.12145
lidar/003422.ply,0.15,800,0.8,0.27758,0.46458,1,0.37569,0.99899,0.10193
lidar/003423.ply,0.15,800,0.8,0.25504,0.46962,1,0.38432,0.99922,0.10917
lidar/003424.ply,0.15,800,0.8,0.27939,0.46992,1,0.3809,0.99941,0.10177
lidar/003425.ply,0.15,800,0.8,0.36476,0.48361,1,0.40696,0.99976,0.12663
lidar/003426.ply,0.15,800,0.8,0.28587,0.473,1,0.38643,0.99943,0.1067
lidar/003427.ply,0.15,800,0.8,0.28589,0.46753,1,0.38348,0.99952,0.11175
lidar/003428.ply,0.15,800,0.8,0.28448,0.47137,1,0.38748,0.99965,0.11212
lidar/003429.ply,0.15,800,0.8,0.33689,0.46791,1,0.38442,0.9997,0.11293
lidar/003430.ply,0.15,800,0.8,0.26163,0.47073,1,0.38232,0.99947,0.10302
lidar/003431.ply,0.15,800,0.8,0.27934,0.47427,1,0.39141,0.99943,0.11412
lidar/003432.ply,0.15,800,0.8,0.26177,0.47815,1,0.39718,0.99926,0.11784
lidar/003433.ply,0.15,800,0.8,0.26019,0.48713,1,0.4119,0.99943,0.12937
lidar/003434.ply,0.15,800,0.8,0.28552,0.47002,1,0.38353,0.99932,0.10681
lidar/003435.ply,0.15,800,0.8,0.28611,0.48249,1,0.40657,0.99954,0.12802
lidar/003436.ply,0.15,800,0.8,0.26371,0.48338,1,0.40716,0.99936,0.12737
lidar/003437.ply,0.15,800,0.8,0.27459,0.49382,1,0.41848,0.99922,0.12909
lidar/003438.ply,0.15,800,0.8,0.26463,0.47605,1,0.38945,0.99914,0.10654
lidar/003439.ply,0.15,800,0.8,0.28203,0.4707,1,0.38628,0.99935,0.11096
lidar/003440.ply,0.15,800,0.8,0.28087,0.47693,1,0.38873,0.99917,0.10335
lidar/003441.ply,0.15,800,0.8,0.30032,0.48936,1,0.40881,0.99938,0.11871
lidar/003442.ply,0.15,800,0.8,0.29169,0.47885,1,0.3945,0.99943,0.11113
lidar/003443.ply,0.15,800,0.8,0.25514,0.49423,1,0.41622,0.99958,0.12384
lidar/003444.ply,0.15,800,0.8,0.31521,0.47005,1,0.3813,0.99974,0.10242
lidar/003445.ply,0.15,800,0.8,0.30516,0.46693,1,0.37476,0.99976,0.0956
lidar/003446.ply,0.15,800,0.8,0.33332,0.48303,1,0.39383,0.99967,0.1015
lidar/003447.ply,0.15,800,0.8,0.3613,0.47742,1,0.38529,0.99949,0.09558
lidar/003448.ply,0.15,800,0.8,0.30763,0.49361,1,0.41372,0.99969,0.12011
lidar/003449.ply,0.15,800,0.8,0.31501,0.49289,1,0.41191,0.99968,0.11793
lidar/003450.ply,0.15,800,0.8,0.32436,0.48601,1,0.40024,0.99957,0.10834
lidar/003451.ply,0.15,800,0.8,0.34436,0.48902,1,0.40767,0.99932,0.11711
lidar/003452.ply,0.15,800,0.8,0.29071,0.49007,1,0.40381,0.99888,0.10716
lidar/003453.ply,0.15,800,0.8,0.26524,0.49602,1,0.41083,0.99941,0.10945
lidar/003454.ply,0.15,800,0.8,0.29133,0.47505,1,0.38573,0.99985,0.10133
lidar/003455.ply,0.15,800,0.8,0.27361,0.49308,1,0.4137,0.99992,0.12122
lidar/003456.ply,0.15,800,0.8,0.27023,0.48476,1,0.40087,0.99993,0.1122
lidar/003457.ply,0.15,800,0.8,0.26254,0.49563,1,0.41458,0.99991,0.11787
lidar/003458.ply,0.15,800,0.8,0.25095,0.49949,1,0.41694,0.9999,0.11487
lidar/003459.ply,0.15,800,0.8,0.28861,0.48972,1,0.40067,0.9998,0.10184
lidar/003460.ply,0.15,800,0.8,0.31127,0.49989,1,0.41506,0.99988,0.11031
lidar/003461.ply,0.15,800,0.8,0.24926,0.48772,1,0.39449,0.99994,0.09353
lidar/003462.ply,0.15,800,0.8,0.31437,0.48795,1,0.39773,0.99996,0.09955
lidar/003463.ply,0.15,800,0.8,0.25221,0.49083,1,0.40631,0.99997,0.11096
lidar/003464.ply,0.15,800,0.8,0.26101,0.49679,1,0.41094,0.99996,0.1083
lidar/003465.ply,0.15,800,0.8,0.26744,0.4972,1,0.41783,0.99999,0.12127
lidar/003466.ply,0.15,800,0.8,0.29089,0.48432,1,0.39736,0.99997,0.10607
lidar/003467.ply,0.15,800,0.8,0.31403,0.48836,1,0.4008,0.99997,0.10487
lidar/003468.ply,0.15,800,0.8,0.25551,0.48087,1,0.39322,1.0,0.10468
lidar/003469.ply,0.15,800,0.8,0.27171,0.48562,1,0.40012,1.0,0.109
lidar/003470.ply,0.15,800,0.8,0.2685,0.48098,1,0.39442,1.0,0.10688
lidar/003471.ply,0.15,800,0.8,0.26273,0.47355,1,0.38178,1.0,0.09646
lidar/003472.ply,0.15,800,0.8,0.26362,0.46918,1,0.37796,0.99997,0.09756
lidar/003473.ply,0.15,800,0.8,0.30542,0.46307,1,0.36927,0.99994,0.09238
lidar/003474.ply,0.15,800,0.8,0.26261,0.47224,1,0.38944,0.99982,0.11435
lidar/003475.ply,0.15,800,0.8,0.27329,0.46542,1,0.37572,0.99982,0.10055
lidar/003476.ply,0.15,800,0.8,0.26904,0.46512,1,0.37833,0.99983,0.10638
lidar/003477.ply,0.15,800,0.8,0.28668,0.45798,1,0.37257,0.99971,0.1091
lidar/003478.ply,0.15,800,0.8,0.25825,0.4711,1,0.38946,0.99959,0.1166
lidar/003479.ply,0.15,800,0.8,0.27694,0.14612,1,0.01307,0.99978,0.01383
lidar/003480.ply,0.15,800,0.8,0.26337,0.47575,1,0.39275,0.99985,0.11396
lidar/003481.ply,0.15,800,0.8,0.26696,0.15586,1,0.02736,0.99989,0.02296
lidar/003482.ply,0.15,800,0.8,0.28216,0.15222,1,0.02735,0.9999,0.03022
lidar/003483.ply,0.15,800,0.8,0.26672,0.46167,1,0.38241,0.99962,0.12136
lidar/003484.ply,0.15,800,0.8,0.28537,0.44783,1,0.3549,0.9998,0.09409
lidar/003485.ply,0.15,800,0.8,0.28402,0.43894,1,0.34462,0.99976,0.0913
lidar/003486.ply,0.15,800,0.8,0.26282,0.46554,1,0.38452,0.99981,0.11791
lidar/003487.ply,0.15,800,0.8,0.26753,0.47171,1,0.39386,0.99978,0.12424
lidar/003488.ply,0.15,800,0.8,0.23823,0.45436,1,0.36475,0.9998,0.10073
lidar/003489.ply,0.15,800,0.8,0.29805,0.46954,1,0.38221,0.99977,0.10527
lidar/003490.ply,0.15,800,0.8,0.24198,0.46744,1,0.37975,0.99976,0.10456
lidar/003491.ply,0.15,800,0.8,0.28083,0.48037,1,0.39946,0.99955,0.11805
lidar/003492.ply,0.15,800,0.8,0.2685,0.47073,1,0.37805,0.99936,0.09446
lidar/003493.ply,0.15,800,0.8,0.23131,0.47651,1,0.38719,0.99946,0.10121
lidar/003494.ply,0.15,800,0.8,0.24919,0.48875,1,0.40149,0.99933,0.10528
lidar/003495.ply,0.15,800,0.8,0.27066,0.4873,1,0.40429,0.99923,0.11375
lidar/003496.ply,0.15,800,0.8,0.27396,0.4814,1,0.39229,0.99905,0.10148
lidar/003497.ply,0.15,800,0.8,0.28573,0.49082,1,0.40791,0.99918,0.11393
lidar/003498.ply,0.15,800,0.8,0.24877,0.48584,1,0.39328,0.99921,0.09464
lidar/003499.ply,0.15,800,0.8,0.30009,0.48698,1,0.40139,0.99919,0.10857
lidar/003500.ply,0.15,800,0.8,0.30254,0.48982,1,0.39905,0.99872,0.09808
lidar/003501.ply,0.15,800,0.8,0.25692,0.48777,1,0.39659,0.99845,0.09717
lidar/003502.ply,0.15,800,0.8,0.34042,0.48601,1,0.39519,0.99856,0.09791
lidar/003503.ply,0.15,800,0.8,0.2441,0.48508,1,0.39434,0.999,0.09823
lidar/003504.ply,0.15,800,0.8,0.25001,0.48392,1,0.39436,0.99899,0.10057
lidar/003505.ply,0.15,800,0.8,0.29632,0.48688,1,0.39727,0.99885,0.10043
lidar/003506.ply,0.15,800,0.8,0.27521,0.49684,1,0.41441,0.99921,0.11491
lidar/003507.ply,0.15,800,0.8,0.27762,0.48638,1,0.39932,0.99961,0.10577
lidar/003508.ply,0.15,800,0.8,0.25221,0.09228,1,0.00189,0.95253,0.08499
lidar/003509.ply,0.15,800,0.8,0.25768,0.48284,1,0.39164,0.99978,0.09754
lidar/003510.ply,0.15,800,0.8,0.26594,0.49118,1,0.40609,0.99969,0.10973
lidar/003511.ply,0.15,800,0.8,0.27714,0.48443,1,0.39562,0.99975,0.10231
lidar/003512.ply,0.15,800,0.8,0.28721,0.47607,1,0.38237,0.9997,0.09251
lidar/003513.ply,0.15,800,0.8,0.2422,0.14326,1,0.00561,0.9997,0.0046
lidar/003514.ply,0.15,800,0.8,0.23678,0.14418,1,0.0071,0.99961,0.00571
lidar/003515.ply,0.15,800,0.8,0.2313,0.4787,1,0.38814,0.99933,0.09867
lidar/003516.ply,0.15,800,0.8,0.23158,0.48482,1,0.39878,0.99936,0.10772
lidar/003517.ply,0.15,800,0.8,0.25195,0.14706,1,0.01219,0.99979,0.01019
lidar/003518.ply,0.15,800,0.8,0.25966,0.47482,1,0.3854,0.99923,0.10094
lidar/003519.ply,0.15,800,0.8,0.24626,0.14129,1,0.00337,0.99971,0.00409
lidar/003520.ply,0.15,800,0.8,0.25078,0.14226,1,0.00426,0.99994,0.00397
lidar/003521.ply,0.15,800,0.8,0.28256,0.46719,1,0.38034,0.99909,0.10602
lidar/003522.ply,0.15,800,0.8,0.24353,0.14815,1,0.01158,0.99981,0.00682
lidar/003523.ply,0.15,800,0.8,0.29047,0.47064,1,0.38279,0.99904,0.10402
lidar/003524.ply,0.15,800,0.8,0.26776,0.14553,1,0.01111,0.99976,0.0111
lidar/003525.ply,0.15,800,0.8,0.27395,0.14811,1,0.0119,0.99991,0.00756
lidar/003526.ply,0.15,800,0.8,0.25849,0.47019,1,0.3794,0.99886,0.09808
lidar/003527.ply,0.15,800,0.8,0.25846,0.14673,1,0.01173,0.99967,0.0099
lidar/003528.ply,0.15,800,0.8,0.31617,0.47101,1,0.38293,0.9993,0.10363
lidar/003529.ply,0.15,800,0.8,0.24441,0.14769,1,0.01244,0.99983,0.00944
lidar/003530.ply,0.15,800,0.8,0.23369,0.14626,1,0.01215,0.99988,0.01175
lidar/003531.ply,0.15,800,0.8,0.26795,0.46175,1,0.36943,0.99868,0.09496
lidar/003532.ply,0.15,800,0.8,0.27442,0.14717,1,0.0111,0.9998,0.0078
lidar/003533.ply,0.15,800,0.8,0.26018,0.14773,1,0.01125,0.9998,0.00698
lidar/003534.ply,0.15,800,0.8,0.27341,0.46211,1,0.37122,0.99851,0.09777
lidar/003535.ply,0.15,800,0.8,0.27952,0.14766,1,0.0114,0.99971,0.00739
lidar/003536.ply,0.15,800,0.8,0.26221,0.14692,1,0.012,0.99979,0.01009
lidar/003537.ply,0.15,800,0.8,0.23778,0.14377,1,0.01187,0.9999,0.01617
lidar/003538.ply,0.15,800,0.8,0.25366,0.13815,1,0.00445,0.99951,0.01245
lidar/003539.ply,0.15,800,0.8,0.26842,0.46251,1,0.37454,0.99862,0.10365
lidar/003540.ply,0.15,800,0.8,0.27663,0.14542,1,0.00971,0.99997,0.00857
lidar/003541.ply,0.15,800,0.8,0.25266,0.14419,1,0.01313,0.99994,0.01787
lidar/003542.ply,0.15,800,0.8,0.2342,0.14284,1,0.01315,0.99997,0.0206
lidar/003543.ply,0.15,800,0.8,0.2583,0.14383,1,0.01314,0.99996,0.01861
lidar/003544.ply,0.15,800,0.8,0.26722,0.14367,1,0.01307,0.99997,0.0188
lidar/003545.ply,0.15,800,0.8,0.26313,0.14608,1,0.01348,0.99996,0.01478
lidar/003546.ply,0.15,800,0.8,0.27138,0.45091,1,0.35658,0.99926,0.09113
lidar/003547.ply,0.15,800,0.8,0.2558,0.12951,1,0.01415,0.99988,0.04924
lidar/003548.ply,0.15,800,0.8,0.37439,0.44967,1,0.35773,0.99928,0.09589
lidar/003549.ply,0.15,800,0.8,0.27115,0.44608,1,0.35064,0.99938,0.08893
lidar/003550.ply,0.15,800,0.8,0.26214,0.12925,1,0.01572,0.99994,0.05293
lidar/003551.ply,0.15,800,0.8,0.28918,0.13105,1,0.0157,0.99994,0.04929
lidar/003552.ply,0.15,800,0.8,0.26231,0.14502,1,0.01359,0.99988,0.01711
lidar/003553.ply,0.15,800,0.8,0.25089,0.45152,1,0.36244,0.99923,0.10161
lidar/003554.ply,0.15,800,0.8,0.25638,0.14636,1,0.01384,0.9999,0.01493
lidar/003555.ply,0.15,800,0.8,0.27046,0.14698,1,0.0137,0.99994,0.01342
lidar/003556.ply,0.15,800,0.8,0.26567,0.14626,1,0.01356,0.99987,0.01457
lidar/003557.ply,0.15,800,0.8,0.33247,0.08512,1,0.00048,0.89641,0.07965
lidar/003558.ply,0.15,800,0.8,0.35805,0.45083,1,0.35842,0.9998,0.09512
lidar/003559.ply,0.15,800,0.8,0.27014,0.46841,1,0.37477,0.99997,0.09272
lidar/003560.ply,0.15,800,0.8,0.40639,0.44404,1,0.3534,0.99986,0.09867
lidar/003561.ply,0.15,800,0.8,0.31957,0.45817,1,0.36339,0.99995,0.09043
lidar/003562.ply,0.15,800,0.8,0.38922,0.45742,1,0.36511,0.99995,0.09535
lidar/003563.ply,0.15,800,0.8,0.28278,0.45663,1,0.36297,0.99996,0.09268
lidar/003564.ply,0.15,800,0.8,0.27721,0.46658,1,0.37361,1.0,0.09407
lidar/003565.ply,0.15,800,0.8,0.33967,0.44952,1,0.35485,1.0,0.09067
lidar/003566.ply,0.15,800,0.8,0.44108,0.45839,1,0.35953,0.99997,0.08226
lidar/003567.ply,0.15,800,0.8,0.28038,0.46318,1,0.36609,0.99979,0.08575
lidar/003568.ply,0.15,800,0.8,0.25866,0.46091,1,0.36475,0.99966,0.08759
lidar/003569.ply,0.15,800,0.8,0.28455,0.46035,1,0.36189,0.99923,0.08285
lidar/003570.ply,0.15,800,0.8,0.28378,0.46543,1,0.37284,0.99908,0.09456
lidar/003571.ply,0.15,800,0.8,0.24261,0.46447,1,0.36484,0.99856,0.08031
lidar/003572.ply,0.15,800,0.8,0.2735,0.47192,1,0.37468,0.99796,0.08491
lidar/003573.ply,0.15,800,0.8,0.27582,0.46261,1,0.36477,0.99767,0.08362
lidar/003574.ply,0.15,800,0.8,0.24791,0.46754,1,0.37088,0.99742,0.0859
lidar/003575.ply,0.15,800,0.8,0.25689,0.46503,1,0.36772,0.99642,0.08431
lidar/003576.ply,0.15,800,0.8,0.24088,0.46644,1,0.36903,0.99642,0.08412
lidar/003577.ply,0.15,800,0.8,0.27915,0.46737,1,0.37115,0.99674,0.08658
lidar/003578.ply,0.15,800,0.8,0.24998,0.46888,1,0.37222,0.99688,0.08574
lidar/003579.ply,0.15,800,0.8,0.26413,0.46398,1,0.36921,0.99727,0.08964
lidar/003580.ply,0.15,800,0.8,0.27522,0.46423,1,0.37194,0.99779,0.09475
lidar/003581.ply,0.15,800,0.8,0.27784,0.46217,1,0.37197,0.99848,0.09913
lidar/003582.ply,0.15,800,0.8,0.29033,0.45535,1,0.3613,0.99889,0.09158
lidar/003583.ply,0.15,800,0.8,0.30682,0.45132,1,0.35835,0.99924,0.09384
lidar/003584.ply,0.15,800,0.8,0.25403,0.46119,1,0.36775,0.99911,0.09285
lidar/003585.ply,0.15,800,0.8,0.26596,0.45582,1,0.36881,0.99945,0.10581
lidar/003586.ply,0.15,800,0.8,0.28148,0.45328,1,0.36254,0.99947,0.09837
lidar/003587.ply,0.15,800,0.8,0.26725,0.46001,1,0.36725,0.99925,0.09426
lidar/003588.ply,0.15,800,0.8,0.27569,0.45975,1,0.37081,0.99928,0.1019
lidar/003589.ply,0.15,800,0.8,0.27241,0.45241,1,0.36583,0.99953,0.10671
lidar/003590.ply,0.15,800,0.8,0.28255,0.44966,1,0.35713,0.99955,0.09481
lidar/003591.ply,0.15,800,0.8,0.26557,0.44814,1,0.3649,0.99984,0.11348
lidar/003592.ply,0.15,800,0.8,0.27672,0.43765,1,0.34729,0.99993,0.09925
lidar/003593.ply,0.15,800,0.8,0.28864,0.42715,1,0.33408,0.99995,0.09385
lidar/003594.ply,0.15,800,0.8,0.2879,0.42553,1,0.33715,0.99999,0.10322
lidar/003595.ply,0.15,800,0.8,0.28712,0.42683,1,0.33883,0.99998,0.10399
lidar/003596.ply,0.15,800,0.8,0.30063,0.42954,1,0.34628,0.99995,0.11346
lidar/003597.ply,0.15,800,0.8,0.2657,0.42588,1,0.33368,0.99998,0.0956
lidar/003598.ply,0.15,800,0.8,0.25965,0.43042,1,0.3444,0.9999,0.10793
lidar/003599.ply,0.15,800,0.8,0.26464,0.44061,1,0.35341,0.99978,0.10553
lidar/003600.ply,0.15,800,0.8,0.23896,0.44503,1,0.35745,0.99936,0.10465
lidar/003601.ply,0.15,800,0.8,0.26308,0.44634,1,0.35829,0.99847,0.10343
lidar/003602.ply,0.15,800,0.8,0.33157,0.44789,1,0.35892,0.99673,0.10106
lidar/003603.ply,0.15,800,0.8,0.37129,0.45059,1,0.36147,0.99532,0.10036
lidar/003604.ply,0.15,800,0.8,0.2966,0.4542,1,0.36577,0.99457,0.10151
lidar/003605.ply,0.15,800,0.8,0.24539,0.45503,1,0.36599,0.99325,0.09989
lidar/003606.ply,0.15,800,0.8,0.27556,0.45211,1,0.35995,0.99219,0.09333
lidar/003607.ply,0.15,800,0.8,0.28424,0.44251,1,0.34809,0.98943,0.08799
lidar/003608.ply,0.15,800,0.8,0.26505,0.45391,1,0.36063,0.98687,0.08949
lidar/003609.ply,0.15,800,0.8,0.26086,0.16467,1,0.10928,0.97358,0.1613
lidar/003610.ply,0.15,800,0.8,0.28821,0.46786,1,0.37493,0.98338,0.08915
lidar/003611.ply,0.15,800,0.8,0.23988,0.15969,1,0.1045,0.97038,0.16073
lidar/003612.ply,0.15,800,0.8,0.32624,0.07421,1,0.01633,0.92944,0.14306
lidar/003613.ply,0.15,800,0.8,0.35347,0.47258,1,0.38295,0.98807,0.09717
lidar/003614.ply,0.15,800,0.8,0.30206,0.46401,1,0.37631,0.99048,0.10174
lidar/003615.ply,0.15,800,0.8,0.27091,0.09487,1,0.02181,0.94442,0.1172
lidar/003616.ply,0.15,800,0.8,0.27535,0.10234,1,0.02689,0.9509,0.11436
lidar/003617.ply,0.15,800,0.8,0.25159,0.4719,1,0.381,0.99344,0.09624
lidar/003618.ply,0.15,800,0.8,0.34144,0.47977,1,0.38754,0.99311,0.09348
lidar/003619.ply,0.15,800,0.8,0.28996,0.47582,1,0.38053,0.99253,0.08717
lidar/003620.ply,0.15,800,0.8,0.24928,0.04723,1,0.00177,0.95878,0.17671
lidar/003621.ply,0.15,800,0.8,0.28883,0.47665,1,0.3821,0.99128,0.08829
lidar/003622.ply,0.15,800,0.8,0.29488,0.46921,1,0.37674,0.99057,0.09222
lidar/003623.ply,0.15,800,0.8,0.31633,0.4723,1,0.37804,0.98915,0.08823
lidar/003624.ply,0.15,800,0.8,0.2697,0.46604,1,0.37106,0.99039,0.08716
lidar/003625.ply,0.15,800,0.8,0.26546,0.46762,1,0.37106,0.99213,0.08453
lidar/003626.ply,0.15,800,0.8,0.35676,0.47222,1,0.37638,0.99389,0.08648
lidar/003627.ply,0.15,800,0.8,0.27486,0.05839,1,0.00074,0.87027,0.12578
lidar/003628.ply,0.15,800,0.8,0.27538,0.47472,1,0.37843,0.99598,0.0862
lidar/003629.ply,0.15,800,0.8,0.28577,0.45986,1,0.35753,0.99697,0.07444
lidar/003630.ply,0.15,800,0.8,0.26652,0.45593,1,0.35775,0.9978,0.08298
lidar/003631.ply,0.15,800,0.8,0.29339,0.46168,1,0.36044,0.99722,0.07668
lidar/003632.ply,0.15,800,0.8,0.28354,0.46291,1,0.36083,0.99694,0.07491
lidar/003633.ply,0.15,800,0.8,0.26713,0.46874,1,0.3679,0.99649,0.07726
lidar/003634.ply,0.15,800,0.8,0.2915,0.47213,1,0.37306,0.99658,0.08083
lidar/003635.ply,0.15,800,0.8,0.27903,0.46985,1,0.36892,0.99659,0.07713
lidar/003636.ply,0.15,800,0.8,0.27007,0.46705,1,0.36587,0.99649,0.0766
lidar/003637.ply,0.15,800,0.8,0.28863,0.46651,1,0.36524,0.99621,0.07632
lidar/003638.ply,0.15,800,0.8,0.25619,0.47151,1,0.37262,0.99576,0.08095
lidar/003639.ply,0.15,800,0.8,0.26599,0.47284,1,0.3721,0.99555,0.07719
lidar/003640.ply,0.15,800,0.8,0.30634,0.47462,1,0.37185,0.99589,0.07323
lidar/003641.ply,0.15,800,0.8,0.27266,0.46664,1,0.36436,0.99638,0.07435
lidar/003642.ply,0.15,800,0.8,0.27885,0.471,1,0.36966,0.99654,0.07628
lidar/003643.ply,0.15,800,0.8,0.25407,0.47167,1,0.37025,0.99647,0.0761
lidar/003644.ply,0.15,800,0.8,0.28783,0.46247,1,0.36098,0.99661,0.07599
lidar/003645.ply,0.15,800,0.8,0.30579,0.4699,1,0.36616,0.99636,0.07142
lidar/003646.ply,0.15,800,0.8,0.32439,0.46122,1,0.35647,0.99666,0.06951
lidar/003647.ply,0.15,800,0.8,0.25791,0.47249,1,0.36894,0.99681,0.07193
lidar/003648.ply,0.15,800,0.8,0.25382,0.47216,1,0.37061,0.99692,0.07597
lidar/003649.ply,0.15,800,0.8,0.28259,0.4749,1,0.37209,0.9969,0.07345
lidar/003650.ply,0.15,800,0.8,0.27438,0.47419,1,0.37175,0.99702,0.07422
lidar/003651.ply,0.15,800,0.8,0.25981,0.46799,1,0.36279,0.99715,0.06876
lidar/003652.ply,0.15,800,0.8,0.27226,0.47298,1,0.3698,0.99696,0.07273
lidar/003653.ply,0.15,800,0.8,0.30064,0.46874,1,0.36572,0.99724,0.07313
lidar/003654.ply,0.15,800,0.8,0.30767,0.47075,1,0.36849,0.99732,0.07468
lidar/003655.ply,0.15,800,0.8,0.26768,0.47281,1,0.3694,0.99757,0.07246
lidar/003656.ply,0.15,800,0.8,0.26165,0.47351,1,0.37113,0.99756,0.07452
lidar/003657.ply,0.15,800,0.8,0.38128,0.45856,1,0.35195,0.99803,0.06619
lidar/003658.ply,0.15,800,0.8,0.34642,0.4659,1,0.36102,0.99839,0.06976
lidar/003659.ply,0.15,800,0.8,0.31688,0.45876,1,0.35386,0.99873,0.06982
lidar/003660.ply,0.15,800,0.8,0.27281,0.46139,1,0.35659,0.99888,0.07005
lidar/003661.ply,0.15,800,0.8,0.29203,0.45575,1,0.34864,0.9987,0.06539
lidar/003662.ply,0.15,800,0.8,0.26081,0.4638,1,0.35474,0.99828,0.06137
lidar/003663.ply,0.15,800,0.8,0.30498,0.4665,1,0.35879,0.99822,0.06405
lidar/003664.ply,0.15,800,0.8,0.27272,0.46779,1,0.35972,0.99826,0.06334
lidar/003665.ply,0.15,800,0.8,0.26372,0.46583,1,0.35667,0.99825,0.06114
lidar/003666.ply,0.15,800,0.8,0.28518,0.46641,1,0.35709,0.9982,0.06081
lidar/003667.ply,0.15,800,0.8,0.28072,0.46927,1,0.36079,0.99825,0.06252
lidar/003668.ply,0.15,800,0.8,0.3001,0.47003,1,0.36075,0.99824,0.06091
lidar/003669.ply,0.15,800,0.8,0.26658,0.47609,1,0.36924,0.99797,0.06568
lidar/003670.ply,0.15,800,0.8,0.28853,0.47153,1,0.36321,0.99816,0.06282
lidar/003671.ply,0.15,800,0.8,0.26874,0.47893,1,0.3716,0.99813,0.06479
lidar/003672.ply,0.15,800,0.8,0.33375,0.46504,1,0.3551,0.99857,0.0597
lidar/003673.ply,0.15,800,0.8,0.26262,0.46364,1,0.35291,0.99859,0.05812
lidar/003674.ply,0.15,800,0.8,0.24788,0.46731,1,0.35731,0.99862,0.05958
lidar/003675.ply,0.15,800,0.8,0.28632,0.47971,1,0.37223,0.99871,0.06466
lidar/003676.ply,0.15,800,0.8,0.28708,0.46231,1,0.35495,0.99923,0.06506
lidar/003677.ply,0.15,800,0.8,0.3236,0.4636,1,0.35289,0.99921,0.05834
lidar/003678.ply,0.15,800,0.8,0.28536,0.4625,1,0.34938,0.99916,0.05351
lidar/003679.ply,0.15,800,0.8,0.26879,0.47485,1,0.36724,0.99916,0.06453
lidar/003680.ply,0.15,800,0.8,0.27389,0.4723,1,0.36504,0.9992,0.06523
lidar/003681.ply,0.15,800,0.8,0.27955,0.47299,1,0.36292,0.99916,0.05961
lidar/003682.ply,0.15,800,0.8,0.27947,0.45491,1,0.34476,0.99948,0.05955
lidar/003683.ply,0.15,800,0.8,0.29657,0.45045,1,0.34074,0.99943,0.06041
lidar/003684.ply,0.15,800,0.8,0.30443,0.45201,1,0.34053,0.99931,0.05683
lidar/003685.ply,0.15,800,0.8,0.28951,0.4539,1,0.34203,0.99933,0.05605
lidar/003686.ply,0.15,800,0.8,0.26833,0.46304,1,0.3549,0.9992,0.06348
lidar/003687.ply,0.15,800,0.8,0.24583,0.46199,1,0.35581,0.99916,0.06739
lidar/003688.ply,0.15,800,0.8,0.32982,0.45237,1,0.34383,0.99929,0.06271
lidar/003689.ply,0.15,800,0.8,0.26226,0.46407,1,0.35685,0.99928,0.06535
lidar/003690.ply,0.15,800,0.8,0.25947,0.47253,1,0.36616,0.99906,0.06698
lidar/003691.ply,0.15,800,0.8,0.28832,0.46178,1,0.35365,0.99915,0.06348
lidar/003692.ply,0.15,800,0.8,0.24679,0.45313,1,0.34601,0.99931,0.06555
lidar/003693.ply,0.15,800,0.8,0.28264,0.46448,1,0.35697,0.99912,0.06471
lidar/003694.ply,0.15,800,0.8,0.27083,0.4634,1,0.35373,0.99896,0.06034
lidar/003695.ply,0.15,800,0.8,0.27958,0.46354,1,0.35822,0.99905,0.06908
lidar/003696.ply,0.15,800,0.8,0.27273,0.46199,1,0.35636,0.99904,0.06846
lidar/003697.ply,0.15,800,0.8,0.24722,0.4624,1,0.3593,0.99894,0.07348
lidar/003698.ply,0.15,800,0.8,0.30659,0.46771,1,0.36495,0.99863,0.07406
lidar/003699.ply,0.15,800,0.8,0.25081,0.47205,1,0.3689,0.99823,0.07318
lidar/003700.ply,0.15,800,0.8,0.2911,0.46398,1,0.36124,0.9984,0.07404
lidar/003701.ply,0.15,800,0.8,0.28416,0.46523,1,0.36242,0.99842,0.07391
lidar/003702.ply,0.15,800,0.8,0.26593,0.4647,1,0.35997,0.99839,0.07006
lidar/003703.ply,0.15,800,0.8,0.29196,0.46832,1,0.36319,0.99855,0.06931
lidar/003704.ply,0.15,800,0.8,0.2838,0.46118,1,0.35808,0.99895,0.07348
lidar/003705.ply,0.15,800,0.8,0.28627,0.47029,1,0.36897,0.99911,0.07707
lidar/003706.ply,0.15,800,0.8,0.28548,0.4567,1,0.34932,0.99916,0.06498
lidar/003707.ply,0.15,800,0.8,0.3243,0.46464,1,0.35772,0.9992,0.06592
lidar/003708.ply,0.15,800,0.8,0.25617,0.47196,1,0.36601,0.99903,0.0678
lidar/003709.ply,0.15,800,0.8,0.29837,0.47293,1,0.36545,0.99904,0.06475
lidar/003710.ply,0.15,800,0.8,0.28428,0.46352,1,0.35677,0.99931,0.06631
lidar/003711.ply,0.15,800,0.8,0.28852,0.47157,1,0.36297,0.99918,0.06255
lidar/003712.ply,0.15,800,0.8,0.30639,0.46131,1,0.35068,0.99926,0.05854
lidar/003713.ply,0.15,800,0.8,0.2938,0.45825,1,0.34966,0.99916,0.06256
lidar/003714.ply,0.15,800,0.8,0.32852,0.45899,1,0.35072,0.99909,0.06319
lidar/003715.ply,0.15,800,0.8,0.38836,0.46121,1,0.35208,0.99916,0.06149
lidar/003716.ply,0.15,800,0.8,0.32619,0.46684,1,0.35679,0.99909,0.05964
lidar/003717.ply,0.15,800,0.8,0.3598,0.45919,1,0.35062,0.99915,0.0626
lidar/003718.ply,0.15,800,0.8,0.36327,0.45422,1,0.34526,0.99905,0.06181
lidar/003719.ply,0.15,800,0.8,0.35516,0.45524,1,0.34623,0.99893,0.06165
lidar/003720.ply,0.15,800,0.8,0.26408,0.46429,1,0.35684,0.99874,0.06472
lidar/003721.ply,0.15,800,0.8,0.34053,0.46293,1,0.35454,0.9986,0.0628
lidar/003722.ply,0.15,800,0.8,0.3129,0.45913,1,0.35384,0.99858,0.06899
lidar/003723.ply,0.15,800,0.8,0.26221,0.4658,1,0.35903,0.99819,0.06591
lidar/003724.ply,0.15,800,0.8,0.28433,0.46233,1,0.35594,0.99804,0.06665
lidar/003725.ply,0.15,800,0.8,0.27382,0.46346,1,0.35942,0.998,0.07131
lidar/003726.ply,0.15,800,0.8,0.34588,0.46522,1,0.36193,0.99797,0.07282
lidar/003727.ply,0.15,800,0.8,0.27021,0.46453,1,0.35948,0.99819,0.06936
lidar/003728.ply,0.15,800,0.8,0.28813,0.46459,1,0.36034,0.99826,0.07098
lidar/003729.ply,0.15,800,0.8,0.28614,0.45768,1,0.3501,0.99856,0.0644
lidar/003730.ply,0.15,800,0.8,0.31307,0.45676,1,0.35078,0.99853,0.06759
lidar/003731.ply,0.15,800,0.8,0.30726,0.4639,1,0.36001,0.99817,0.07167
lidar/003732.ply,0.15,800,0.8,0.3255,0.46692,1,0.36254,0.99829,0.07073
lidar/003733.ply,0.15,800,0.8,0.28305,0.46472,1,0.36145,0.99829,0.07295
lidar/003734.ply,0.15,800,0.8,0.26988,0.46763,1,0.36495,0.99841,0.07416
lidar/003735.ply,0.15,800,0.8,0.34442,0.47126,1,0.36796,0.99853,0.07295
lidar/003736.ply,0.15,800,0.8,0.32208,0.46879,1,0.36584,0.9985,0.07366
lidar/003737.ply,0.15,800,0.8,0.2941,0.46031,1,0.35429,0.99865,0.06756
lidar/003738.ply,0.15,800,0.8,0.32277,0.46916,1,0.36707,0.99837,0.07532
lidar/003739.ply,0.15,800,0.8,0.33904,0.4579,1,0.35188,0.9986,0.06754
lidar/003740.ply,0.15,800,0.8,0.26714,0.46362,1,0.35839,0.9988,0.06917
lidar/003741.ply,0.15,800,0.8,0.32926,0.46188,1,0.35673,0.99882,0.06934
lidar/003742.ply,0.15,800,0.8,0.27541,0.46211,1,0.35949,0.99889,0.07443
lidar/003743.ply,0.15,800,0.8,0.30247,0.4634,1,0.35927,0.99885,0.07139
lidar/003744.ply,0.15,800,0.8,0.2909,0.46459,1,0.36449,0.99893,0.07949
lidar/003745.ply,0.15,800,0.8,0.28023,0.466,1,0.36518,0.99901,0.07806
lidar/003746.ply,0.15,800,0.8,0.32103,0.471,1,0.37018,0.99866,0.07796
lidar/003747.ply,0.15,800,0.8,0.27531,0.469,1,0.36799,0.99852,0.07754
lidar/003748.ply,0.15,800,0.8,0.28392,0.4692,1,0.36724,0.99852,0.07563
lidar/003749.ply,0.15,800,0.8,0.26487,0.47137,1,0.36975,0.99857,0.07634
lidar/003750.ply,0.15,800,0.8,0.28064,0.46241,1,0.36101,0.99888,0.07686
lidar/003751.ply,0.15,800,0.8,0.31155,0.46378,1,0.36527,0.99909,0.0827
lidar/003752.ply,0.15,800,0.8,0.30012,0.46355,1,0.36195,0.99891,0.07647
lidar/003753.ply,0.15,800,0.8,0.35455,0.45886,1,0.35867,0.99936,0.07943
lidar/003754.ply,0.15,800,0.8,0.32793,0.45486,1,0.35096,0.99962,0.07208
lidar/003755.ply,0.15,800,0.8,0.287,0.45412,1,0.35113,0.9996,0.0739
lidar/003756.ply,0.15,800,0.8,0.2595,0.46198,1,0.36381,0.99937,0.08347
lidar/003757.ply,0.15,800,0.8,0.26824,0.46101,1,0.36013,0.99927,0.07803
lidar/003758.ply,0.15,800,0.8,0.29714,0.45885,1,0.35817,0.99923,0.07842
lidar/003759.ply,0.15,800,0.8,0.25306,0.46544,1,0.3688,0.99832,0.08622
lidar/003760.ply,0.15,800,0.8,0.28493,0.46426,1,0.36578,0.99893,0.08271
lidar/003761.ply,0.15,800,0.8,0.29642,0.45452,1,0.35921,0.9991,0.08911
lidar/003762.ply,0.15,800,0.8,0.28065,0.46236,1,0.36887,0.99907,0.09273
lidar/003763.ply,0.15,800,0.8,0.29307,0.4597,1,0.36013,0.99924,0.08065
lidar/003764.ply,0.15,800,0.8,0.28851,0.45396,1,0.35601,0.99946,0.08392
lidar/003765.ply,0.15,800,0.8,0.26847,0.442,1,0.34772,0.99979,0.09136
lidar/003766.ply,0.15,800,0.8,0.45312,0.42612,1,0.31842,0.99995,0.06459
lidar/003767.ply,0.15,800,0.8,0.34711,0.43207,1,0.33231,0.99994,0.08047
lidar/003768.ply,0.15,800,0.8,0.29182,0.43054,1,0.32917,0.99996,0.07724
lidar/003769.ply,0.15,800,0.8,0.33469,0.44178,1,0.3471,0.9996,0.09052
lidar/003770.ply,0.15,800,0.8,0.37492,0.44343,1,0.35027,0.99989,0.09365
lidar/003771.ply,0.15,800,0.8,0.54632,0.42553,1,0.32187,0.99993,0.07265
lidar/003772.ply,0.15,800,0.8,0.45416,0.44315,1,0.34332,0.99953,0.08019
lidar/003773.ply,0.15,800,0.8,0.4524,0.45483,1,0.3549,0.99919,0.07989
lidar/003774.ply,0.15,800,0.8,0.52065,0.451,1,0.34967,0.99911,0.07707
lidar/003775.ply,0.15,800,0.8,0.32801,0.44751,1,0.3531,0.99937,0.09098
lidar/003776.ply,0.15,800,0.8,0.32418,0.41703,1,0.31638,0.99982,0.07866
lidar/003777.ply,0.15,800,0.8,0.31451,0.42457,1,0.32108,0.99982,0.07296
lidar/003778.ply,0.15,800,0.8,0.29032,0.43174,1,0.33106,0.9998,0.07858
lidar/003779.ply,0.15,800,0.8,0.32436,0.42242,1,0.31837,0.99985,0.07186
lidar/003780.ply,0.15,800,0.8,0.2931,0.42225,1,0.32121,0.99991,0.07789
lidar/003781.ply,0.15,800,0.8,0.29453,0.42505,1,0.32415,0.99989,0.07818
lidar/003782.ply,0.15,800,0.8,0.29797,0.424,1,0.32446,0.99989,0.08089
lidar/003783.ply,0.15,800,0.8,0.30102,0.42095,1,0.31885,0.99995,0.07578
lidar/003784.ply,0.15,800,0.8,0.28621,0.43362,1,0.33576,0.99997,0.08428
lidar/003785.ply,0.15,800,0.8,0.31508,0.42702,1,0.32373,0.99988,0.07339
lidar/003786.ply,0.15,800,0.8,0.27368,0.42344,1,0.32088,0.99981,0.07483
lidar/003787.ply,0.15,800,0.8,0.26989,0.42771,1,0.32579,0.9997,0.07607
lidar/003788.ply,0.15,800,0.8,0.28799,0.43748,1,0.33284,0.99961,0.07062
lidar/003789.ply,0.15,800,0.8,0.2832,0.43769,1,0.33634,0.99966,0.07721
lidar/003790.ply,0.15,800,0.8,0.26121,0.43041,1,0.32869,0.99975,0.07647
lidar/003791.ply,0.15,800,0.8,0.30158,0.42563,1,0.32384,0.9998,0.07636
lidar/003792.ply,0.15,800,0.8,0.27653,0.42857,1,0.32759,0.99987,0.078
lidar/003793.ply,0.15,800,0.8,0.27616,0.42783,1,0.322,0.99982,0.0683
lidar/003794.ply,0.15,800,0.8,0.295,0.42717,1,0.32536,0.99987,0.07633
lidar/003795.ply,0.15,800,0.8,0.25938,0.43074,1,0.32714,0.99986,0.07275
lidar/003796.ply,0.15,800,0.8,0.27826,0.43355,1,0.33277,0.99984,0.07839
lidar/003797.ply,0.15,800,0.8,0.29178,0.43196,1,0.33368,0.99985,0.08339
lidar/003798.ply,0.15,800,0.8,0.27977,0.43521,1,0.33192,0.99959,0.07328
lidar/003799.ply,0.15,800,0.8,0.30582,0.45026,1,0.35486,0.99952,0.08905
lidar/003800.ply,0.15,800,0.8,0.26285,0.43668,1,0.33176,0.99944,0.07
lidar/003801.ply,0.15,800,0.8,0.30522,0.43325,1,0.33396,0.99966,0.08133
lidar/003802.ply,0.15,800,0.8,0.2649,0.43383,1,0.33134,0.99975,0.07494
lidar/003803.ply,0.15,800,0.8,0.3274,0.43863,1,0.32976,0.99968,0.06214
lidar/003804.ply,0.15,800,0.8,0.32634,0.43021,1,0.32812,0.99982,0.07577
lidar/003805.ply,0.15,800,0.8,0.25947,0.42962,1,0.32743,0.99982,0.07557
lidar/003806.ply,0.15,800,0.8,0.32749,0.43251,1,0.32896,0.99985,0.07286
lidar/003807.ply,0.15,800,0.8,0.29058,0.43254,1,0.33121,0.99989,0.07731
lidar/003808.ply,0.15,800,0.8,0.40215,0.43473,1,0.33272,0.99987,0.07594
lidar/003809.ply,0.15,800,0.8,0.35952,0.42943,1,0.32585,0.9998,0.07279
lidar/003810.ply,0.15,800,0.8,0.31613,0.42629,1,0.32281,0.99976,0.07297
lidar/003811.ply,0.15,800,0.8,0.30802,0.43737,1,0.33306,0.99956,0.07124
lidar/003812.ply,0.15,800,0.8,0.31766,0.43785,1,0.33294,0.99947,0.07001
lidar/003813.ply,0.15,800,0.8,0.31786,0.43767,1,0.3345,0.99948,0.0735
lidar/003814.ply,0.15,800,0.8,0.2917,0.44406,1,0.33661,0.9993,0.06488
lidar/003815.ply,0.15,800,0.8,0.32474,0.43709,1,0.33543,0.99944,0.07651
lidar/003816.ply,0.15,800,0.8,0.3603,0.44845,1,0.35204,0.99932,0.08698
lidar/003817.ply,0.15,800,0.8,0.29864,0.44777,1,0.35048,0.99937,0.08523
lidar/003818.ply,0.15,800,0.8,0.38699,0.43862,1,0.33836,0.99949,0.07932
lidar/003819.ply,0.15,800,0.8,0.36079,0.4375,1,0.33398,0.99933,0.07275
lidar/003820.ply,0.15,800,0.8,0.40424,0.44008,1,0.33784,0.99932,0.07532
lidar/003821.ply,0.15,800,0.8,0.40703,0.4376,1,0.33422,0.99925,0.073
lidar/003822.ply,0.15,800,0.8,0.35004,0.44464,1,0.34142,0.99904,0.07326
lidar/003823.ply,0.15,800,0.8,0.35811,0.44831,1,0.34774,0.99887,0.07853
lidar/003824.ply,0.15,800,0.8,0.27194,0.44429,1,0.3432,0.99872,0.07743
lidar/003825.ply,0.15,800,0.8,0.28369,0.45015,1,0.35474,0.9988,0.08881
lidar/003826.ply,0.15,800,0.8,0.30331,0.45585,1,0.36269,0.99867,0.09327
lidar/003827.ply,0.15,800,0.8,0.28663,0.45448,1,0.35457,0.9984,0.07971
lidar/003828.ply,0.15,800,0.8,0.30262,0.44438,1,0.34713,0.99889,0.08517
lidar/003829.ply,0.15,800,0.8,0.27325,0.44006,1,0.33728,0.99896,0.07412
lidar/003830.ply,0.15,800,0.8,0.46791,0.4377,1,0.3375,0.99925,0.07936
lidar/003831.ply,0.15,800,0.8,0.29903,0.43821,1,0.34363,0.99951,0.09069
lidar/003832.ply,0.15,800,0.8,0.25731,0.43897,1,0.33884,0.99948,0.07957
lidar/003833.ply,0.15,800,0.8,0.26602,0.44482,1,0.34059,0.99933,0.07135
lidar/003834.ply,0.15,800,0.8,0.25474,0.43947,1,0.33693,0.99933,0.07472
lidar/003835.ply,0.15,800,0.8,0.29139,0.44298,1,0.34526,0.99931,0.08436
lidar/003836.ply,0.15,800,0.8,0.2843,0.4437,1,0.34464,0.99918,0.08164
lidar/003837.ply,0.15,800,0.8,0.28153,0.44678,1,0.35102,0.99923,0.08826
lidar/003838.ply,0.15,800,0.8,0.28964,0.44751,1,0.34292,0.99885,0.07047
lidar/003839.ply,0.15,800,0.8,0.26535,0.44107,1,0.34241,0.99908,0.0824
lidar/003840.ply,0.15,800,0.8,0.31297,0.4405,1,0.34377,0.99911,0.08626
lidar/003841.ply,0.15,800,0.8,0.29625,0.44071,1,0.3457,0.9991,0.08971
lidar/003842.ply,0.15,800,0.8,0.31706,0.44689,1,0.34859,0.99869,0.083
lidar/003843.ply,0.15,800,0.8,0.24405,0.45276,1,0.35582,0.99829,0.08561
lidar/003844.ply,0.15,800,0.8,0.29416,0.44081,1,0.34517,0.99843,0.08825
lidar/003845.ply,0.15,800,0.8,0.26605,0.43586,1,0.33541,0.99878,0.07872
lidar/003846.ply,0.15,800,0.8,0.26887,0.43757,1,0.34196,0.99887,0.08844
lidar/003847.ply,0.15,800,0.8,0.31179,0.433,1,0.33289,0.99873,0.07941
lidar/003848.ply,0.15,800,0.8,0.28392,0.44364,1,0.35083,0.99901,0.09408
lidar/003849.ply,0.15,800,0.8,0.28924,0.12132,1,0.00038,0.92138,0.01452
lidar/003850.ply,0.15,800,0.8,0.25973,0.4423,1,0.34853,0.99908,0.09218
lidar/003851.ply,0.15,800,0.8,0.28645,0.43775,1,0.34532,0.99927,0.09491
lidar/003852.ply,0.15,800,0.8,0.26363,0.44671,1,0.35662,0.99941,0.09965
lidar/003853.ply,0.15,800,0.8,0.30648,0.43522,1,0.33658,0.99951,0.08257
lidar/003854.ply,0.15,800,0.8,0.26871,0.44278,1,0.35402,0.99956,0.10234
lidar/003855.ply,0.15,800,0.8,0.26649,0.43119,1,0.33414,0.99986,0.08586
lidar/003856.ply,0.15,800,0.8,0.29438,0.44204,1,0.34784,0.99986,0.09155
lidar/003857.ply,0.15,800,0.8,0.28846,0.44032,1,0.35067,0.99993,0.10068
lidar/003858.ply,0.15,800,0.8,0.26306,0.44654,1,0.3517,1.0,0.09032
lidar/003859.ply,0.15,800,0.8,0.24888,0.42649,1,0.32396,0.99998,0.07494
lidar/003860.ply,0.15,800,0.8,0.25806,0.44364,1,0.35125,0.99998,0.09523
lidar/003861.ply,0.15,800,0.8,0.26477,0.44053,1,0.34165,0.99999,0.08224
lidar/003862.ply,0.15,800,0.8,0.27317,0.44131,1,0.34303,0.99989,0.0834
lidar/003863.ply,0.15,800,0.8,0.2764,0.43713,1,0.33791,0.99977,0.08148
lidar/003864.ply,0.15,800,0.8,0.26348,0.45325,1,0.36671,0.99986,0.10689
lidar/003865.ply,0.15,800,0.8,0.24094,0.44454,1,0.34844,0.99987,0.08776
lidar/003866.ply,0.15,800,0.8,0.23391,0.44631,1,0.35202,0.99981,0.09136
lidar/003867.ply,0.15,800,0.8,0.24145,0.44395,1,0.35213,0.99989,0.09633
lidar/003868.ply,0.15,800,0.8,0.25997,0.43698,1,0.34174,0.99999,0.08953
lidar/003869.ply,0.15,800,0.8,0.25185,0.44519,1,0.35347,0.99995,0.09654
lidar/003870.ply,0.15,800,0.8,0.26934,0.44472,1,0.34732,0.99968,0.08509
lidar/003871.ply,0.15,800,0.8,0.27887,0.44736,1,0.35567,0.99952,0.09647
lidar/003872.ply,0.15,800,0.8,0.28053,0.44413,1,0.34987,0.99957,0.09136
lidar/003873.ply,0.15,800,0.8,0.29549,0.4492,1,0.35934,0.99912,0.10003
lidar/003874.ply,0.15,800,0.8,0.27365,0.44844,1,0.357,0.99886,0.09678
lidar/003875.ply,0.15,800,0.8,0.30295,0.44058,1,0.34859,0.99961,0.0959
lidar/003876.ply,0.15,800,0.8,0.24872,0.44243,1,0.34972,0.99953,0.09444
lidar/003877.ply,0.15,800,0.8,0.24982,0.44661,1,0.35108,0.99936,0.08874
lidar/003878.ply,0.15,800,0.8,0.2649,0.45978,1,0.3666,0.99935,0.09345
lidar/003879.ply,0.15,800,0.8,0.28431,0.46039,1,0.36542,0.99904,0.08978
lidar/003880.ply,0.15,800,0.8,0.27113,0.10286,1,0.00133,0.96764,0.06724
lidar/003881.ply,0.15,800,0.8,0.23939,0.4666,1,0.3777,0.9992,0.10196
lidar/003882.ply,0.15,800,0.8,0.28879,0.45034,1,0.35497,0.99926,0.08905
lidar/003883.ply,0.15,800,0.8,0.25433,0.45838,1,0.36793,0.99912,0.09883
lidar/003884.ply,0.15,800,0.8,0.24802,0.4692,1,0.38088,0.99881,0.10301
lidar/003885.ply,0.15,800,0.8,0.26031,0.46548,1,0.37588,0.99914,0.10053
lidar/003886.ply,0.15,800,0.8,0.25761,0.45626,1,0.36279,0.99931,0.09286
lidar/003887.ply,0.15,800,0.8,0.25003,0.45217,1,0.35856,0.99881,0.09242
lidar/003888.ply,0.15,800,0.8,0.25303,0.46165,1,0.37014,0.99926,0.09675
lidar/003889.ply,0.15,800,0.8,0.2615,0.45949,1,0.36733,0.99936,0.09548
lidar/003890.ply,0.15,800,0.8,0.34933,0.46337,1,0.3743,0.99911,0.1016
lidar/003891.ply,0.15,800,0.8,0.27672,0.46014,1,0.37249,0.99909,0.10443
lidar/003892.ply,0.15,800,0.8,0.27729,0.45525,1,0.3674,0.99892,0.10397
lidar/003893.ply,0.15,800,0.8,0.25554,0.45748,1,0.37206,0.99911,0.10889
lidar/003894.ply,0.15,800,0.8,0.25032,0.45554,1,0.3632,0.99917,0.09508
lidar/003895.ply,0.15,800,0.8,0.24734,0.45098,1,0.35291,0.99903,0.08357
lidar/003896.ply,0.15,800,0.8,0.25751,0.45469,1,0.36922,0.99932,0.10886
lidar/003897.ply,0.15,800,0.8,0.37773,0.46081,1,0.37048,0.99884,0.09899
lidar/003898.ply,0.15,800,0.8,0.29152,0.45698,1,0.36437,0.99889,0.09445
lidar/003899.ply,0.15,800,0.8,0.39971,0.45934,1,0.36881,0.99925,0.09873
lidar/003900.ply,0.15,800,0.8,0.34484,0.4617,1,0.37159,0.99897,0.09947
lidar/003901.ply,0.15,800,0.8,0.38282,0.45939,1,0.36635,0.99878,0.09355
lidar/003902.ply,0.15,800,0.8,0.25659,0.45594,1,0.35949,0.99814,0.08654
lidar/003903.ply,0.15,800,0.8,0.35068,0.4631,1,0.36776,0.99806,0.08874
lidar/003904.ply,0.15,800,0.8,0.28404,0.45804,1,0.36433,0.99807,0.092
lidar/003905.ply,0.15,800,0.8,0.34259,0.45896,1,0.35965,0.99743,0.08061
lidar/003906.ply,0.15,800,0.8,0.3886,0.46624,1,0.37402,0.99757,0.09484
lidar/003907.ply,0.15,800,0.8,0.376,0.46051,1,0.36006,0.99716,0.07824
lidar/003908.ply,0.15,800,0.8,0.37251,0.46589,1,0.37214,0.99768,0.09182
lidar/003909.ply,0.15,800,0.8,0.33197,0.46413,1,0.36871,0.99743,0.08838
lidar/003910.ply,0.15,800,0.8,0.37887,0.46686,1,0.36986,0.99671,0.08501
lidar/003911.ply,0.15,800,0.8,0.27747,0.46312,1,0.36081,0.99694,0.07446
lidar/003912.ply,0.15,800,0.8,0.27908,0.47085,1,0.37616,0.99678,0.08965
lidar/003913.ply,0.15,800,0.8,0.27027,0.46851,1,0.3683,0.99651,0.07854
lidar/003914.ply,0.15,800,0.8,0.32625,0.46702,1,0.36602,0.99631,0.07688
lidar/003915.ply,0.15,800,0.8,0.25679,0.47016,1,0.36969,0.99567,0.07777
lidar/003916.ply,0.15,800,0.8,0.28232,0.47064,1,0.36827,0.99548,0.0739
lidar/003917.ply,0.15,800,0.8,0.31668,0.4731,1,0.372,0.99542,0.07641
lidar/003918.ply,0.15,800,0.8,0.24981,0.47493,1,0.3735,0.99459,0.07553
lidar/003919.ply,0.15,800,0.8,0.2604,0.47686,1,0.37435,0.99461,0.07336
lidar/003920.ply,0.15,800,0.8,0.2551,0.47697,1,0.37639,0.99479,0.07729
lidar/003921.ply,0.15,800,0.8,0.2751,0.47904,1,0.37842,0.99484,0.0772
lidar/003922.ply,0.15,800,0.8,0.32621,0.47709,1,0.37544,0.99461,0.07509
lidar/003923.ply,0.15,800,0.8,0.26687,0.47711,1,0.37832,0.99426,0.0807
lidar/003924.ply,0.15,800,0.8,0.26953,0.47745,1,0.37472,0.99437,0.07286
lidar/003925.ply,0.15,800,0.8,0.27724,0.07837,1,0.01953,0.97198,0.15391
lidar/003926.ply,0.15,800,0.8,0.27862,0.48061,1,0.38064,0.99397,0.07824
lidar/003927.ply,0.15,800,0.8,0.41749,0.10901,1,0.00133,0.95315,0.05059
lidar/003928.ply,0.15,800,0.8,0.26333,0.47557,1,0.37558,0.99405,0.07823
lidar/003929.ply,0.15,800,0.8,0.29045,0.47798,1,0.37824,0.99401,0.07873
lidar/003930.ply,0.15,800,0.8,0.2884,0.19574,1,0.12194,0.98184,0.12697
lidar/003931.ply,0.15,800,0.8,0.29828,0.47375,1,0.37351,0.99467,0.07791
lidar/003932.ply,0.15,800,0.8,0.27982,0.20092,1,0.12744,0.98018,0.1271
lidar/003933.ply,0.15,800,0.8,0.34203,0.18309,1,0.10867,0.98508,0.12669
lidar/003934.ply,0.15,800,0.8,0.315,0.47655,1,0.37582,0.99372,0.07665
lidar/003935.ply,0.15,800,0.8,0.36095,0.47521,1,0.37573,0.99399,0.07924
lidar/003936.ply,0.15,800,0.8,0.25825,0.47337,1,0.37295,0.99475,0.07758
lidar/003937.ply,0.15,800,0.8,0.29383,0.47368,1,0.37414,0.99501,0.07942
lidar/003938.ply,0.15,800,0.8,0.37004,0.47632,1,0.37848,0.99453,0.08268
lidar/003939.ply,0.15,800,0.8,0.29454,0.47451,1,0.37466,0.99435,0.07861
lidar/003940.ply,0.15,800,0.8,0.26482,0.47567,1,0.37665,0.99385,0.08013
lidar/003941.ply,0.15,800,0.8,0.30628,0.47628,1,0.37697,0.99365,0.07949
lidar/003942.ply,0.15,800,0.8,0.25582,0.47502,1,0.37281,0.99398,0.07378
lidar/003943.ply,0.15,800,0.8,0.30499,0.48274,1,0.38611,0.99428,0.08503
lidar/003944.ply,0.15,800,0.8,0.3032,0.48058,1,0.38455,0.99432,0.08624
lidar/003945.ply,0.15,800,0.8,0.26366,0.48435,1,0.38825,0.99432,0.08611
lidar/003946.ply,0.15,800,0.8,0.28854,0.48057,1,0.38489,0.99431,0.08693
lidar/003947.ply,0.15,800,0.8,0.29989,0.47602,1,0.37719,0.99432,0.08063
lidar/003948.ply,0.15,800,0.8,0.27693,0.47855,1,0.37799,0.99363,0.07696
lidar/003949.ply,0.15,800,0.8,0.26267,0.48306,1,0.38509,0.99371,0.08218
lidar/003950.ply,0.15,800,0.8,0.29166,0.48431,1,0.38847,0.99414,0.08656
lidar/003951.ply,0.15,800,0.8,0.26246,0.48245,1,0.38673,0.9943,0.08685
lidar/003952.ply,0.15,800,0.8,0.33503,0.48074,1,0.38717,0.99452,0.09122
lidar/003953.ply,0.15,800,0.8,0.2844,0.48415,1,0.39134,0.99449,0.09273
lidar/003954.ply,0.15,800,0.8,0.29276,0.48212,1,0.38834,0.9947,0.09084
lidar/003955.ply,0.15,800,0.8,0.28932,0.48095,1,0.38994,0.99546,0.09661
lidar/003956.ply,0.15,800,0.8,0.3349,0.48401,1,0.3931,0.99572,0.09688
lidar/003957.ply,0.15,800,0.8,0.2445,0.47315,1,0.37551,0.9951,0.08324
lidar/003958.ply,0.15,800,0.8,0.38289,0.47983,1,0.38942,0.99583,0.09793
lidar/003959.ply,0.15,800,0.8,0.3038,0.48213,1,0.39457,0.99619,0.10372
lidar/003960.ply,0.15,800,0.8,0.27141,0.47458,1,0.37897,0.99599,0.08757
lidar/003961.ply,0.15,800,0.8,0.2689,0.48027,1,0.38881,0.99686,0.09613
lidar/003962.ply,0.15,800,0.8,0.30392,0.47604,1,0.3878,0.99723,0.10269
lidar/003963.ply,0.15,800,0.8,0.3135,0.47739,1,0.39219,0.99751,0.10884
lidar/003964.ply,0.15,800,0.8,0.28757,0.47391,1,0.38345,0.99721,0.09825
lidar/003965.ply,0.15,800,0.8,0.26375,0.47009,1,0.37423,0.99707,0.0874
lidar/003966.ply,0.15,800,0.8,0.28895,0.4701,1,0.37406,0.99685,0.08698
lidar/003967.ply,0.15,800,0.8,0.26036,0.47219,1,0.38285,0.99689,0.10039
lidar/003968.ply,0.15,800,0.8,0.29672,0.47209,1,0.3837,0.99655,0.10217
lidar/003969.ply,0.15,800,0.8,0.25339,0.47338,1,0.38629,0.99679,0.10486
lidar/003970.ply,0.15,800,0.8,0.34135,0.46928,1,0.38004,0.99718,0.10067
lidar/003971.ply,0.15,800,0.8,0.32333,0.46817,1,0.38285,0.99783,0.10871
lidar/003972.ply,0.15,800,0.8,0.28843,0.45967,1,0.36864,0.99725,0.09712
lidar/003973.ply,0.15,800,0.8,0.28916,0.46799,1,0.38206,0.99712,0.10728
lidar/003974.ply,0.15,800,0.8,0.2768,0.46533,1,0.37271,0.99731,0.09394
lidar/003975.ply,0.15,800,0.8,0.29677,0.4634,1,0.376,0.99765,0.10448
lidar/003976.ply,0.15,800,0.8,0.35933,0.46171,1,0.37407,0.99827,0.1042
lidar/003977.ply,0.15,800,0.8,0.27375,0.46507,1,0.37171,0.99755,0.09253
lidar/003978.ply,0.15,800,0.8,0.31797,0.46506,1,0.37438,0.99777,0.09796
lidar/003979.ply,0.15,800,0.8,0.3073,0.46016,1,0.36634,0.99803,0.09175
lidar/003980.ply,0.15,800,0.8,0.39784,0.45766,1,0.36621,0.99862,0.09668
lidar/003981.ply,0.15,800,0.8,0.35756,0.46125,1,0.36732,0.99879,0.09179
lidar/003982.ply,0.15,800,0.8,0.29182,0.46312,1,0.37341,0.99954,0.10044
lidar/003983.ply,0.15,800,0.8,0.32157,0.46346,1,0.37882,0.99933,0.11052
lidar/003984.ply,0.15,800,0.8,0.34605,0.47506,1,0.38771,0.99848,0.10486
lidar/003985.ply,0.15,800,0.8,0.26637,0.4692,1,0.37713,0.99907,0.09559
lidar/003986.ply,0.15,800,0.8,0.30713,0.48562,1,0.4011,0.99881,0.11059
lidar/003987.ply,0.15,800,0.8,0.29346,0.4844,1,0.39791,0.99876,0.10664
lidar/003988.ply,0.15,800,0.8,0.32804,0.47575,1,0.38422,0.99885,0.0966
lidar/003989.ply,0.15,800,0.8,0.33908,0.46566,1,0.37461,0.99874,0.09751
lidar/003990.ply,0.15,800,0.8,0.32609,0.47318,1,0.38337,0.99855,0.09995
lidar/003991.ply,0.15,800,0.8,0.31985,0.47261,1,0.3833,0.99854,0.10095
lidar/003992.ply,0.15,800,0.8,0.33,0.47045,1,0.3821,0.99869,0.10289
lidar/003993.ply,0.15,800,0.8,0.32545,0.47381,1,0.38694,0.99878,0.1059
lidar/003994.ply,0.15,800,0.8,0.27377,0.46708,1,0.37583,0.99871,0.09711
lidar/003995.ply,0.15,800,0.8,0.32052,0.47193,1,0.38538,0.99874,0.10652
lidar/003996.ply,0.15,800,0.8,0.37502,0.47343,1,0.38804,0.99904,0.10895
lidar/003997.ply,0.15,800,0.8,0.34577,0.47565,1,0.38891,0.99904,0.10623
lidar/003998.ply,0.15,800,0.8,0.28463,0.4675,1,0.38432,0.99831,0.11314
lidar/003999.ply,0.15,800,0.8,0.28626,0.47524,1,0.39262,0.99792,0.11412
lidar/004000.ply,0.15,800,0.8,0.32549,0.46401,1,0.37639,0.99921,0.10453
lidar/004001.ply,0.15,800,0.8,0.27957,0.46482,1,0.37031,0.99956,0.09084
lidar/004002.ply,0.15,800,0.8,0.30096,0.45513,1,0.36811,0.99752,0.10521
lidar/004003.ply,0.15,800,0.8,0.25217,0.48037,1,0.39393,0.99669,0.10611
lidar/004004.ply,0.15,800,0.8,0.28447,0.4764,1,0.39885,0.99962,0.12478
lidar/004005.ply,0.15,800,0.8,0.32647,0.47629,1,0.38288,0.99999,0.09319
lidar/004006.ply,0.15,800,0.8,0.2434,0.48748,1,0.40309,0.99996,0.1112
lidar/004007.ply,0.15,50,0.8,0.79765,0.13032,1,0.01283,0.99924,0.04479
lidar/004008.ply,0.15,50,0.8,1.09578,0.45398,1,0.37782,0.99737,0.1269
lidar/004009.ply,0.15,800,0.8,0.27094,0.4833,1,0.39769,0.99605,0.10758
lidar/004010.ply,0.15,800,0.8,0.25968,0.46504,1,0.38717,0.99941,0.12409
lidar/004011.ply,0.15,800,0.8,0.26226,0.47444,1,0.39029,0.9997,0.11161
lidar/004012.ply,0.15,800,0.8,0.26037,0.47215,1,0.3883,0.99998,0.11228
lidar/004013.ply,0.15,800,0.8,0.28302,0.47557,1,0.3876,0.99986,0.10402
lidar/004014.ply,0.15,800,0.8,0.26225,0.48535,1,0.4009,0.99922,0.11086
lidar/004015.ply,0.15,800,0.8,0.2715,0.14252,1,0.00497,0.99928,0.00468
lidar/004016.ply,0.15,50,0.8,0.84483,0.13476,1,0.00681,0.99966,0.02399
lidar/004017.ply,0.15,800,0.8,0.27111,0.13206,1,0.00506,0.99885,0.02566
lidar/004018.ply,0.15,800,0.8,0.3258,0.14079,1,0.00753,0.99867,0.01308
lidar/004019.ply,0.15,800,0.8,0.32561,0.4787,1,0.40049,0.99856,0.12316
lidar/004020.ply,0.15,800,0.8,0.29955,0.46995,1,0.38104,0.99916,0.10194
lidar/004021.ply,0.15,800,0.8,0.36687,0.47914,1,0.39194,0.99965,0.10549
lidar/004022.ply,0.15,800,0.8,0.26425,0.47874,1,0.39347,0.999,0.10915
lidar/004023.ply,0.15,800,0.8,0.27616,0.48514,1,0.40264,0.99914,0.11472
lidar/004024.ply,0.15,800,0.8,0.28868,0.4806,1,0.3932,0.99927,0.10499
lidar/004025.ply,0.15,800,0.8,0.31629,0.47762,1,0.39348,0.99938,0.11154
lidar/004026.ply,0.15,800,0.8,0.25868,0.48619,1,0.39482,0.99933,0.09707
lidar/004027.ply,0.15,800,0.8,0.27102,0.47855,1,0.39499,0.99921,0.11264
lidar/004028.ply,0.15,800,0.8,0.26474,0.47929,1,0.39768,0.99851,0.11633
lidar/004029.ply,0.15,800,0.8,0.28349,0.47261,1,0.38922,0.99933,0.11302
lidar/004030.ply,0.15,800,0.8,0.30166,0.47995,1,0.39325,0.99965,0.10649
lidar/004031.ply,0.15,800,0.8,0.25389,0.48116,1,0.39464,0.99961,0.10684
lidar/004032.ply,0.15,800,0.8,0.28573,0.47799,1,0.38756,0.99962,0.09904
lidar/004033.ply,0.15,800,0.8,0.3,0.47431,1,0.38583,0.99961,0.10292
lidar/004034.ply,0.15,800,0.8,0.26772,0.46527,1,0.36532,0.99969,0.08001
lidar/004035.ply,0.15,800,0.8,0.27023,0.47362,1,0.3832,0.99982,0.0991
lidar/004036.ply,0.15,800,0.8,0.32074,0.48114,1,0.3921,0.99976,0.10185
lidar/004037.ply,0.15,800,0.8,0.28137,0.49339,1,0.40918,0.99976,0.11153
lidar/004038.ply,0.15,800,0.8,0.26215,0.48516,1,0.40146,0.99981,0.11256
lidar/004039.ply,0.15,800,0.8,0.29353,0.48296,1,0.39689,0.99994,0.10784
lidar/004040.ply,0.15,800,0.8,0.27652,0.48138,1,0.38853,0.99999,0.09429
lidar/004041.ply,0.15,800,0.8,0.29566,0.48117,1,0.39282,0.99997,0.1033
lidar/004042.ply,0.15,800,0.8,0.26467,0.48759,1,0.39908,0.99967,0.10287
lidar/004043.ply,0.15,800,0.8,0.26117,0.47932,1,0.38383,0.9996,0.0889
lidar/004044.ply,0.15,800,0.8,0.29334,0.48086,1,0.38576,0.99988,0.08975
lidar/004045.ply,0.15,800,0.8,0.29663,0.48104,1,0.3906,0.99993,0.09911
lidar/004046.ply,0.15,800,0.8,0.27354,0.49042,1,0.40395,0.99979,0.107
lidar/004047.ply,0.15,800,0.8,0.31044,0.48508,1,0.39728,0.99997,0.10439
lidar/004048.ply,0.15,800,0.8,0.27378,0.48254,1,0.39397,0.99996,0.10285
lidar/004049.ply,0.15,800,0.8,0.27198,0.48862,1,0.40848,0.99978,0.11966
lidar/004050.ply,0.15,800,0.8,0.27031,0.47037,1,0.38227,0.99976,0.10373
lidar/004051.ply,0.15,800,0.8,0.27525,0.47662,1,0.38737,0.99983,0.10144
lidar/004052.ply,0.15,800,0.8,0.27631,0.47853,1,0.38753,0.99993,0.09798
lidar/004053.ply,0.15,800,0.8,0.29218,0.47437,1,0.38559,0.99994,0.10242
lidar/004054.ply,0.15,800,0.8,0.28794,0.47068,1,0.37125,0.99983,0.08108
lidar/004055.ply,0.15,800,0.8,0.28383,0.48358,1,0.40173,0.99989,0.11627
lidar/004056.ply,0.15,800,0.8,0.26873,0.48314,1,0.3983,0.99985,0.11028
lidar/004057.ply,0.15,800,0.8,0.28717,0.47589,1,0.38826,0.99991,0.1047
lidar/004058.ply,0.15,800,0.8,0.24416,0.4735,1,0.38205,0.99992,0.09706
lidar/004059.ply,0.15,800,0.8,0.27877,0.48467,1,0.4018,0.99973,0.11419
lidar/004060.ply,0.15,800,0.8,0.26205,0.47608,1,0.38534,0.9997,0.09843
lidar/004061.ply,0.15,800,0.8,0.2907,0.47278,1,0.38471,0.9997,0.10376
lidar/004062.ply,0.15,800,0.8,0.28548,0.47944,1,0.39203,0.9997,0.10509
lidar/004063.ply,0.15,800,0.8,0.27284,0.46387,1,0.37309,0.99978,0.09838
lidar/004064.ply,0.15,800,0.8,0.24762,0.48466,1,0.40431,0.99971,0.11921
lidar/004065.ply,0.15,800,0.8,0.27034,0.47817,1,0.39446,0.99981,0.11252
lidar/004066.ply,0.15,800,0.8,0.2791,0.47753,1,0.39433,0.99967,0.11352
lidar/004067.ply,0.15,800,0.8,0.29599,0.46748,1,0.37117,0.99989,0.08736
lidar/004068.ply,0.15,800,0.8,0.25919,0.4693,1,0.38398,0.99976,0.1093
lidar/004069.ply,0.15,800,0.8,0.28671,0.47661,1,0.3888,0.99967,0.10429
lidar/004070.ply,0.15,800,0.8,0.30904,0.47626,1,0.38924,0.99968,0.10586
lidar/004071.ply,0.15,800,0.8,0.26003,0.47666,1,0.39006,0.9998,0.10674
lidar/004072.ply,0.15,800,0.8,0.27268,0.47826,1,0.39437,0.99984,0.11217
lidar/004073.ply,0.15,800,0.8,0.28077,0.47177,1,0.38018,0.99975,0.09675
lidar/004074.ply,0.15,800,0.8,0.26177,0.14092,1,0.00428,0.99777,0.00605
lidar/004075.ply,0.15,800,0.8,0.27045,0.47102,1,0.37992,0.99979,0.09773
lidar/004076.ply,0.15,800,0.8,0.26925,0.47079,1,0.38413,0.99989,0.10666
lidar/004077.ply,0.15,800,0.8,0.25387,0.46272,1,0.37077,0.99994,0.09609
lidar/004078.ply,0.15,800,0.8,0.28134,0.47192,1,0.3866,0.99998,0.10936
lidar/004079.ply,0.15,800,0.8,0.28688,0.46726,1,0.37143,0.99996,0.08832
lidar/004080.ply,0.15,800,0.8,0.27128,0.47561,1,0.39393,0.99998,0.11664
lidar/004081.ply,0.15,800,0.8,0.29599,0.45058,1,0.34974,0.99993,0.0783
lidar/004082.ply,0.15,800,0.8,0.27839,0.456,1,0.35631,0.99991,0.0806
lidar/004083.ply,0.15,800,0.8,0.26558,0.46259,1,0.36614,0.9999,0.08708
lidar/004084.ply,0.15,800,0.8,0.30236,0.45875,1,0.35934,0.99984,0.08113
lidar/004085.ply,0.15,800,0.8,0.27415,0.45778,1,0.36105,0.99979,0.08648
lidar/004086.ply,0.15,800,0.8,0.25411,0.45735,1,0.36422,0.99939,0.09356
lidar/004087.ply,0.15,800,0.8,0.27436,0.47057,1,0.382,0.99926,0.10265
lidar/004088.ply,0.15,800,0.8,0.29738,0.46172,1,0.373,0.99984,0.10251
lidar/004089.ply,0.15,800,0.8,0.24923,0.45899,1,0.36609,0.99997,0.09419
lidar/004090.ply,0.15,800,0.8,0.27079,0.4648,1,0.37686,0.99998,0.1041
lidar/004091.ply,0.15,800,0.8,0.27458,0.46719,1,0.37866,0.99998,0.10293
lidar/004092.ply,0.15,800,0.8,0.25849,0.45892,1,0.36951,0.99996,0.10117
lidar/004093.ply,0.15,800,0.8,0.27266,0.45896,1,0.36489,0.99993,0.09185
lidar/004094.ply,0.15,800,0.8,0.27709,0.45543,1,0.358,0.99996,0.08512
lidar/004095.ply,0.15,800,0.8,0.27594,0.46183,1,0.36889,0.99992,0.0941
lidar/004096.ply,0.15,800,0.8,0.28711,0.45145,1,0.34766,0.99984,0.07237
lidar/004097.ply,0.15,800,0.8,0.29085,0.45647,1,0.36155,0.99983,0.09012
lidar/004098.ply,0.15,800,0.8,0.26054,0.46795,1,0.38254,0.99996,0.10917
lidar/004099.ply,0.15,800,0.8,0.25999,0.46588,1,0.37594,0.99998,0.10012
lidar/004100.ply,0.15,800,0.8,0.28127,0.4634,1,0.37123,0.99994,0.09564
lidar/004101.ply,0.15,800,0.8,0.25257,0.45677,1,0.36051,0.99996,0.08747
lidar/004102.ply,0.15,800,0.8,0.27959,0.4594,1,0.36421,0.99996,0.08961
lidar/004103.ply,0.15,800,0.8,0.26863,0.46044,1,0.36775,0.99996,0.09461
lidar/004104.ply,0.15,800,0.8,0.24939,0.45844,1,0.36375,0.99997,0.0906
lidar/004105.ply,0.15,800,0.8,0.28976,0.45278,1,0.35294,0.99999,0.08032
lidar/004106.ply,0.15,800,0.8,0.28058,0.45886,1,0.36171,0.99999,0.08569
lidar/004107.ply,0.15,800,0.8,0.30175,0.46121,1,0.36732,0.99999,0.09221
lidar/004108.ply,0.15,800,0.8,0.27115,0.45821,1,0.36224,0.99997,0.08804
lidar/004109.ply,0.15,800,0.8,0.26514,0.45385,1,0.35813,0.99995,0.08855
lidar/004110.ply,0.15,800,0.8,0.27971,0.46281,1,0.36659,0.99989,0.08752
lidar/004111.ply,0.15,800,0.8,0.27084,0.46131,1,0.36774,0.99989,0.09283
lidar/004112.ply,0.15,800,0.8,0.27743,0.46007,1,0.35859,0.99978,0.07696
lidar/004113.ply,0.15,800,0.8,0.31896,0.47243,1,0.38171,0.99962,0.09845
lidar/004114.ply,0.15,800,0.8,0.25562,0.47168,1,0.38622,0.9998,0.10902
lidar/004115.ply,0.15,800,0.8,0.27773,0.46438,1,0.36233,0.99959,0.07578
lidar/004116.ply,0.15,800,0.8,0.27306,0.46422,1,0.36935,0.99971,0.09017
lidar/004117.ply,0.15,800,0.8,0.27723,0.46555,1,0.36989,0.99971,0.0886
lidar/004118.ply,0.15,800,0.8,0.2816,0.46829,1,0.37237,0.99965,0.08805
lidar/004119.ply,0.15,800,0.8,0.28113,0.48021,1,0.39123,0.99967,0.10194
lidar/004120.ply,0.15,800,0.8,0.28022,0.46575,1,0.37052,0.99985,0.08949
lidar/004121.ply,0.15,800,0.8,0.30476,0.47491,1,0.37733,0.99954,0.0847
lidar/004122.ply,0.15,800,0.8,0.29871,0.46487,1,0.36551,0.9998,0.08122
lidar/004123.ply,0.15,800,0.8,0.25496,0.46608,1,0.36466,0.99977,0.07708
lidar/004124.ply,0.15,800,0.8,0.25217,0.46969,1,0.37534,0.99983,0.09124
lidar/004125.ply,0.15,800,0.8,0.2677,0.48159,1,0.38963,0.9996,0.09596
lidar/004126.ply,0.15,800,0.8,0.25336,0.4757,1,0.37668,0.99951,0.08182
lidar/004127.ply,0.15,800,0.8,0.27231,0.47598,1,0.37584,0.99948,0.07957
lidar/004128.ply,0.15,800,0.8,0.2648,0.46865,1,0.36923,0.99977,0.08109
lidar/004129.ply,0.15,800,0.8,0.25389,0.48081,1,0.3822,0.99967,0.08267
lidar/004130.ply,0.15,800,0.8,0.24181,0.47995,1,0.38029,0.99965,0.08059
lidar/004131.ply,0.15,800,0.8,0.22242,0.47553,1,0.37199,0.99972,0.07284
lidar/004132.ply,0.15,800,0.8,0.24535,0.4883,1,0.38333,0.99943,0.0699
lidar/004133.ply,0.15,800,0.8,0.27123,0.48761,1,0.38487,0.99962,0.07442
lidar/004134.ply,0.15,800,0.8,0.26366,0.4979,1,0.40195,0.99955,0.08796
lidar/004135.ply,0.15,800,0.8,0.26036,0.48511,1,0.38408,0.99976,0.07786
lidar/004136.ply,0.15,800,0.8,0.26451,0.48823,1,0.38852,0.99977,0.0805
lidar/004137.ply,0.15,800,0.8,0.2453,0.49125,1,0.39333,0.99968,0.08405
lidar/004138.ply,0.15,800,0.8,0.24829,0.48858,1,0.38735,0.99964,0.07744
lidar/004139.ply,0.15,800,0.8,0.26118,0.49484,1,0.39573,0.99952,0.08162
lidar/004140.ply,0.15,800,0.8,0.26318,0.4862,1,0.389,0.9998,0.08554
lidar/004141.ply,0.15,800,0.8,0.26853,0.4861,1,0.38744,0.99979,0.08261
lidar/004142.ply,0.15,800,0.8,0.24551,0.49375,1,0.4002,0.99973,0.09282
lidar/004143.ply,0.15,800,0.8,0.23786,0.49566,1,0.39749,0.99952,0.08352
lidar/004144.ply,0.15,800,0.8,0.25027,0.48517,1,0.38876,0.99981,0.08713
lidar/004145.ply,0.15,800,0.8,0.28176,0.4929,1,0.39677,0.99971,0.08765
lidar/004146.ply,0.15,800,0.8,0.26162,0.49408,1,0.39237,0.99947,0.07642
