frame_id,epsilon,min_support,normal_threshold,runtime,reward,steps_used,inlier_ratio,plane_normal,residual
000000_lcam_front_lidar.ply,0.2,800,0.9,0.17291,0.2419,1,0.11145,0.90065,0.19151
000001_lcam_front_lidar.ply,0.2,800,0.9,0.168,0.23597,1,0.11627,0.91847,0.21157
000002_lcam_front_lidar.ply,0.2,800,0.9,0.14882,0.2399,1,0.11412,0.91439,0.20344
000003_lcam_front_lidar.ply,0.2,800,0.9,0.16911,0.21953,1,0.08925,0.89738,0.19127
000004_lcam_front_lidar.ply,0.2,800,0.9,0.1479,0.2151,1,0.0636,0.88052,0.15213
000005_lcam_front_lidar.ply,0.2,800,0.9,0.1669,0.21559,1,0.09664,0.91389,0.2142
000006_lcam_front_lidar.ply,0.2,800,0.9,0.17283,0.20092,1,0.08497,0.89904,0.21815
000007_lcam_front_lidar.ply,0.2,800,0.9,0.14887,0.20183,1,0.08242,0.89526,0.21393
000008_lcam_front_lidar.ply,0.2,800,0.9,0.16876,0.17809,1,0.07022,0.88618,0.22984
000009_lcam_front_lidar.ply,0.2,800,0.9,0.14289,0.20632,1,0.08428,0.89157,0.21029
000010_lcam_front_lidar.ply,0.2,800,0.9,0.13704,0.24632,1,0.13441,0.98222,0.23114
000011_lcam_front_lidar.ply,0.2,800,0.9,0.14332,0.20559,1,0.08514,0.88598,0.21186
000012_lcam_front_lidar.ply,0.2,800,0.9,0.13373,0.20903,1,0.09031,0.89059,0.20765
000013_lcam_front_lidar.ply,0.2,800,0.9,0.1367,0.20785,1,0.08092,0.88694,0.19942
000014_lcam_front_lidar.ply,0.2,800,0.9,0.12315,0.19226,1,0.07277,0.90141,0.21011
000015_lcam_front_lidar.ply,0.2,800,0.9,0.11746,0.20547,1,0.08004,0.8929,0.2055
000016_lcam_front_lidar.ply,0.2,800,0.9,0.12347,0.22066,1,0.09662,0.89989,0.20932
000017_lcam_front_lidar.ply,0.2,800,0.9,0.11299,0.22897,1,0.00231,0.96325,0.00128
000018_lcam_front_lidar.ply,0.2,800,0.9,0.10685,0.22687,1,0.09896,0.90302,0.20194
000019_lcam_front_lidar.ply,0.2,800,0.9,0.11032,0.17882,1,0.00188,0.87939,0.09837
000020_lcam_front_lidar.ply,0.2,800,0.9,0.10614,0.23849,1,0.118,0.9048,0.21409
000021_lcam_front_lidar.ply,0.2,800,0.9,0.10633,0.18424,1,0.03625,0.94193,0.1616
000022_lcam_front_lidar.ply,0.2,800,0.9,0.10541,0.28901,1,0.18088,0.95405,0.23457
000023_lcam_front_lidar.ply,0.2,800,0.9,0.10281,0.23132,1,0.00525,0.99806,0.00383
000024_lcam_front_lidar.ply,0.2,800,0.9,0.09763,0.29983,1,0.16396,0.92556,0.18615
000025_lcam_front_lidar.ply,0.2,800,0.9,0.09562,0.19727,1,0.05133,0.9275,0.16299
000026_lcam_front_lidar.ply,0.2,800,0.9,0.08773,0.25151,1,0.12787,0.91594,0.21432
000027_lcam_front_lidar.ply,0.2,800,0.9,0.12362,0.20025,1,0.05363,0.90372,0.15807
000028_lcam_front_lidar.ply,0.2,800,0.9,0.11183,0.2479,1,0.11956,0.90577,0.20032
000029_lcam_front_lidar.ply,0.2,800,0.9,0.1099,0.28446,1,0.15144,0.92625,0.19177
000030_lcam_front_lidar.ply,0.2,800,0.9,0.11059,0.2502,1,0.12885,0.91461,0.21672
000031_lcam_front_lidar.ply,0.2,800,0.9,0.1072,0.2538,1,0.12961,0.91296,0.21561
000032_lcam_front_lidar.ply,0.2,800,0.9,0.13239,0.20907,1,0.00293,0.89933,0.04672
000033_lcam_front_lidar.ply,0.2,800,0.9,0.10731,0.24095,1,0.12962,0.91021,0.23637
000034_lcam_front_lidar.ply,0.2,800,0.9,0.126,0.19754,1,0.06378,0.88652,0.1889
000035_lcam_front_lidar.ply,0.2,800,0.9,0.11261,0.227,1,0.12952,0.96118,0.26397
000036_lcam_front_lidar.ply,0.2,800,0.9,0.1431,0.28383,1,0.18292,0.95746,0.24993
000037_lcam_front_lidar.ply,0.2,800,0.9,0.13185,0.28308,1,0.16763,0.97136,0.22808
000038_lcam_front_lidar.ply,0.2,800,0.9,0.14368,0.27192,1,0.16709,0.9705,0.24182
000039_lcam_front_lidar.ply,0.2,800,0.9,0.14553,0.28255,1,0.1792,0.96316,0.24763
000040_lcam_front_lidar.ply,0.2,800,0.9,0.12477,0.16412,1,0.02887,0.93324,0.18388
000041_lcam_front_lidar.ply,0.2,800,0.9,0.14231,0.28658,1,0.16779,0.96687,0.21511
000042_lcam_front_lidar.ply,0.2,800,0.9,0.11594,0.25448,1,0.13767,0.90974,0.22635
000043_lcam_front_lidar.ply,0.2,800,0.9,0.14213,0.29558,1,0.19046,0.95584,0.24795
000044_lcam_front_lidar.ply,0.2,800,0.9,0.1415,0.30021,1,0.18452,0.96064,0.22331
000045_lcam_front_lidar.ply,0.2,800,0.9,0.14207,0.18667,1,0.05495,0.87409,0.19398
000046_lcam_front_lidar.ply,0.2,800,0.9,0.14052,0.29245,1,0.17811,0.96991,0.22907
000047_lcam_front_lidar.ply,0.2,800,0.9,0.14248,0.177,1,0.03066,0.88271,0.16224
000048_lcam_front_lidar.ply,0.2,800,0.9,0.12976,0.29566,1,0.17991,0.97206,0.22839
000049_lcam_front_lidar.ply,0.2,800,0.9,0.14118,0.29451,1,0.17604,0.96413,0.21955
000050_lcam_front_lidar.ply,0.2,800,0.9,0.1323,0.2921,1,0.17669,0.96599,0.22446
000051_lcam_front_lidar.ply,0.2,800,0.9,0.17675,0.30056,1,0.17818,0.97166,0.20388
000052_lcam_front_lidar.ply,0.2,800,0.9,0.14722,0.29167,1,0.17421,0.96429,0.21909
000053_lcam_front_lidar.ply,0.2,800,0.9,0.14048,0.30115,1,0.17665,0.9656,0.20906
000054_lcam_front_lidar.ply,0.2,800,0.9,0.14435,0.30546,1,0.18339,0.96526,0.21065
000055_lcam_front_lidar.ply,0.2,800,0.9,0.16456,0.30122,1,0.17553,0.96874,0.19834
000056_lcam_front_lidar.ply,0.2,800,0.9,0.15744,0.29098,1,0.16186,0.97138,0.19206
000057_lcam_front_lidar.ply,0.2,800,0.9,0.1562,0.29979,1,0.17579,0.96641,0.20366
000058_lcam_front_lidar.ply,0.2,800,0.9,0.15478,0.30004,1,0.16714,0.97271,0.19106
000059_lcam_front_lidar.ply,0.2,800,0.9,0.22995,0.29215,1,0.17924,0.96143,0.21279
000060_lcam_front_lidar.ply,0.2,800,0.9,0.16855,0.30129,1,0.175,0.96432,0.20319
000061_lcam_front_lidar.ply,0.2,800,0.9,0.14147,0.28972,1,0.16252,0.97614,0.2014
000062_lcam_front_lidar.ply,0.2,800,0.9,0.15199,0.2965,1,0.16784,0.96895,0.19717
000063_lcam_front_lidar.ply,0.2,800,0.9,0.15233,0.30314,1,0.18029,0.98883,0.20957
000064_lcam_front_lidar.ply,0.2,800,0.9,0.14831,0.29591,1,0.16374,0.97576,0.19063
000065_lcam_front_lidar.ply,0.2,800,0.9,0.13706,0.21786,1,0.07386,0.94763,0.17354
000066_lcam_front_lidar.ply,0.2,800,0.9,0.13122,0.27993,1,0.1288,0.96626,0.16011
000067_lcam_front_lidar.ply,0.2,800,0.9,0.11685,0.30342,1,0.15773,0.98863,0.16857
000068_lcam_front_lidar.ply,0.2,800,0.9,0.15816,0.29251,1,0.14012,0.96938,0.15185
000069_lcam_front_lidar.ply,0.2,800,0.9,0.15058,0.29107,1,0.14374,0.9702,0.16326
000070_lcam_front_lidar.ply,0.2,800,0.9,0.1125,0.28968,1,0.13901,0.97187,0.1605
000071_lcam_front_lidar.ply,0.2,800,0.9,0.12787,0.29112,1,0.12985,0.96962,0.13907
000072_lcam_front_lidar.ply,0.2,800,0.9,0.14284,0.2933,1,0.15256,0.98791,0.1767
000073_lcam_front_lidar.ply,0.2,800,0.9,0.13588,0.27317,1,0.13325,0.97442,0.17975
000074_lcam_front_lidar.ply,0.2,800,0.9,0.12676,0.26406,1,0.12561,0.97369,0.18394
000075_lcam_front_lidar.ply,0.2,800,0.9,0.13168,0.29172,1,0.14059,0.98912,0.15619
000076_lcam_front_lidar.ply,0.2,800,0.9,0.11926,0.28479,1,0.1418,0.98762,0.18044
000077_lcam_front_lidar.ply,0.2,800,0.9,0.12018,0.28275,1,0.1279,0.98924,0.15374
000078_lcam_front_lidar.ply,0.2,800,0.9,0.12957,0.25263,1,0.10835,0.9732,0.16903
000079_lcam_front_lidar.ply,0.2,800,0.9,0.13268,0.27214,1,0.13771,0.98739,0.19083
000080_lcam_front_lidar.ply,0.2,800,0.9,0.11137,0.25998,1,0.11686,0.98826,0.17671
000081_lcam_front_lidar.ply,0.2,800,0.9,0.14689,0.24979,1,0.10915,0.98782,0.17809
000082_lcam_front_lidar.ply,0.2,800,0.9,0.14855,0.23992,1,0.10368,0.98735,0.18457
000083_lcam_front_lidar.ply,0.2,800,0.9,0.14181,0.22759,1,0.08663,0.98793,0.1762
000084_lcam_front_lidar.ply,0.2,800,0.9,0.13385,0.26047,1,0.10843,0.98599,0.15854
000085_lcam_front_lidar.ply,0.2,800,0.9,0.13842,0.26083,1,0.12145,0.98853,0.17634
000086_lcam_front_lidar.ply,0.2,800,0.9,0.1214,0.25371,1,0.12157,0.98709,0.1898
000087_lcam_front_lidar.ply,0.2,800,0.9,0.11802,0.26149,1,0.12383,0.98542,0.18417
000088_lcam_front_lidar.ply,0.2,800,0.9,0.12249,0.258,1,0.12148,0.98763,0.19052
000089_lcam_front_lidar.ply,0.2,800,0.9,0.12534,0.25634,1,0.1181,0.98742,0.18462
000090_lcam_front_lidar.ply,0.2,800,0.9,0.15488,0.24375,1,0.10851,0.98534,0.18482
000091_lcam_front_lidar.ply,0.2,800,0.9,0.11928,0.24789,1,0.12043,0.98253,0.20272
000092_lcam_front_lidar.ply,0.2,800,0.9,0.13636,0.25818,1,0.121,0.98637,0.18286
000093_lcam_front_lidar.ply,0.2,800,0.9,0.1276,0.25162,1,0.11398,0.98621,0.18554
000094_lcam_front_lidar.ply,0.2,800,0.9,0.12951,0.24995,1,0.11061,0.98627,0.18061
000095_lcam_front_lidar.ply,0.2,800,0.9,0.11245,0.26006,1,0.11745,0.98624,0.17696
000096_lcam_front_lidar.ply,0.2,800,0.9,0.12814,0.25455,1,0.11315,0.98758,0.17495
000097_lcam_front_lidar.ply,0.2,800,0.9,0.13421,0.25698,1,0.10395,0.98962,0.15397
000098_lcam_front_lidar.ply,0.2,800,0.9,0.14553,0.24385,1,0.10017,0.98872,0.16401
000099_lcam_front_lidar.ply,0.2,800,0.9,0.12766,0.24778,1,0.09087,0.98765,0.14138
000100_lcam_front_lidar.ply,0.2,800,0.9,0.13709,0.25571,1,0.1089,0.98546,0.1621
000101_lcam_front_lidar.ply,0.2,800,0.9,0.14749,0.25296,1,0.11446,0.98648,0.17713
000102_lcam_front_lidar.ply,0.2,800,0.9,0.12136,0.26277,1,0.1167,0.98674,0.1699
000103_lcam_front_lidar.ply,0.2,800,0.9,0.13157,0.26317,1,0.11753,0.98605,0.1698
000104_lcam_front_lidar.ply,0.2,800,0.9,0.13683,0.24869,1,0.10617,0.98584,0.17361
000105_lcam_front_lidar.ply,0.2,800,0.9,0.10481,0.27277,1,0.11877,0.98623,0.16121
000106_lcam_front_lidar.ply,0.2,800,0.9,0.13685,0.27353,1,0.12606,0.9854,0.16497
000107_lcam_front_lidar.ply,0.2,800,0.9,0.10139,0.27035,1,0.11578,0.98691,0.15697
000108_lcam_front_lidar.ply,0.2,800,0.9,0.13271,0.25945,1,0.10741,0.98721,0.15427
000109_lcam_front_lidar.ply,0.2,800,0.9,0.15029,0.24931,1,0.09696,0.98835,0.15188
000110_lcam_front_lidar.ply,0.2,800,0.9,0.12692,0.24069,1,0.0938,0.98619,0.16815
000111_lcam_front_lidar.ply,0.2,800,0.9,0.15341,0.23606,1,0.07844,0.98914,0.14312
000112_lcam_front_lidar.ply,0.2,800,0.9,0.13558,0.23643,1,0.07366,0.98535,0.13322
000113_lcam_front_lidar.ply,0.2,800,0.9,0.14011,0.2264,1,0.06259,0.98976,0.13227
000114_lcam_front_lidar.ply,0.2,800,0.9,0.14675,0.22371,1,0.05522,0.99012,0.11987
000115_lcam_front_lidar.ply,0.2,800,0.9,0.14252,0.2181,1,0.05391,0.98992,0.12715
000116_lcam_front_lidar.ply,0.2,800,0.9,0.1415,0.22117,1,0.07216,0.98825,0.16149
000117_lcam_front_lidar.ply,0.2,800,0.9,0.16518,0.20462,1,0.04771,0.98942,0.1352
000118_lcam_front_lidar.ply,0.2,800,0.9,0.13072,0.21385,1,0.04304,0.98992,0.11971
000119_lcam_front_lidar.ply,0.2,800,0.9,0.13204,0.22294,1,0.04224,0.99223,0.09861
000120_lcam_front_lidar.ply,0.2,800,0.9,0.14613,0.24579,1,0.0901,0.97279,0.14789
000121_lcam_front_lidar.ply,0.2,800,0.9,0.12593,0.24078,1,0.08265,0.97436,0.14863
000122_lcam_front_lidar.ply,0.2,800,0.9,0.10735,0.2526,1,0.08379,0.9715,0.13002
000123_lcam_front_lidar.ply,0.2,800,0.9,0.12751,0.24957,1,0.07897,0.97065,0.11769
000124_lcam_front_lidar.ply,0.2,800,0.9,0.11532,0.23375,1,0.084,0.97512,0.1659
000125_lcam_front_lidar.ply,0.2,800,0.9,0.10558,0.24453,1,0.08419,0.9747,0.14665
000126_lcam_front_lidar.ply,0.2,800,0.9,0.11832,0.24321,1,0.0925,0.97543,0.16284
000127_lcam_front_lidar.ply,0.2,800,0.9,0.11247,0.25306,1,0.09131,0.97296,0.14241
000128_lcam_front_lidar.ply,0.2,800,0.9,0.10455,0.24879,1,0.10321,0.9769,0.175
000129_lcam_front_lidar.ply,0.2,800,0.9,0.10973,0.25836,1,0.10612,0.97527,0.15835
000130_lcam_front_lidar.ply,0.2,800,0.9,0.11104,0.26836,1,0.11575,0.97338,0.15914
000131_lcam_front_lidar.ply,0.2,800,0.9,0.13445,0.26133,1,0.11488,0.97426,0.16405
000132_lcam_front_lidar.ply,0.2,800,0.9,0.11166,0.26915,1,0.10651,0.97193,0.13755
000133_lcam_front_lidar.ply,0.2,800,0.9,0.1103,0.27089,1,0.11561,0.97125,0.15236
000134_lcam_front_lidar.ply,0.2,800,0.9,0.09687,0.2669,1,0.10258,0.96934,0.1375
000135_lcam_front_lidar.ply,0.2,800,0.9,0.10652,0.26684,1,0.10334,0.96888,0.13804
000136_lcam_front_lidar.ply,0.2,800,0.9,0.10906,0.25402,1,0.11464,0.97279,0.18594
000137_lcam_front_lidar.ply,0.2,800,0.9,0.09505,0.26084,1,0.12375,0.97248,0.19404
000138_lcam_front_lidar.ply,0.2,800,0.9,0.10667,0.25496,1,0.13911,0.97627,0.22802
000139_lcam_front_lidar.ply,0.2,800,0.9,0.09974,0.24866,1,0.10414,0.96846,0.17433
000140_lcam_front_lidar.ply,0.2,800,0.9,0.12043,0.23665,1,0.0952,0.96696,0.17891
000141_lcam_front_lidar.ply,0.2,800,0.9,0.10897,0.25191,1,0.10283,0.96573,0.16528
000142_lcam_front_lidar.ply,0.2,800,0.9,0.11943,0.25402,1,0.11158,0.96734,0.17771
000143_lcam_front_lidar.ply,0.2,800,0.9,0.09308,0.27019,1,0.10341,0.96343,0.13615
000144_lcam_front_lidar.ply,0.2,800,0.9,0.11087,0.24698,1,0.10207,0.96345,0.17166
000145_lcam_front_lidar.ply,0.2,800,0.9,0.13069,0.24486,1,0.102,0.9674,0.17682
000146_lcam_front_lidar.ply,0.2,800,0.9,0.11042,0.26732,1,0.11042,0.9642,0.14816
000147_lcam_front_lidar.ply,0.2,800,0.9,0.11227,0.25119,1,0.11719,0.96564,0.19306
000148_lcam_front_lidar.ply,0.2,800,0.9,0.11775,0.26233,1,0.11163,0.96377,0.1629
000149_lcam_front_lidar.ply,0.2,800,0.9,0.11099,0.26321,1,0.10362,0.96089,0.14808
000150_lcam_front_lidar.ply,0.2,800,0.9,0.10693,0.25237,1,0.10922,0.96251,0.17455
000151_lcam_front_lidar.ply,0.2,800,0.9,0.11679,0.25065,1,0.09703,0.9584,0.1557
000152_lcam_front_lidar.ply,0.2,800,0.9,0.11041,0.26192,1,0.12456,0.9644,0.19147
000153_lcam_front_lidar.ply,0.2,800,0.9,0.10686,0.26053,1,0.1161,0.96246,0.17469
000154_lcam_front_lidar.ply,0.2,800,0.9,0.11154,0.25292,1,0.11576,0.96562,0.18695
000155_lcam_front_lidar.ply,0.2,800,0.9,0.11541,0.25186,1,0.11484,0.96666,0.18755
000156_lcam_front_lidar.ply,0.2,800,0.9,0.10837,0.25753,1,0.12141,0.97027,0.19244
000157_lcam_front_lidar.ply,0.2,800,0.9,0.11608,0.25472,1,0.1268,0.97223,0.20882
000158_lcam_front_lidar.ply,0.2,800,0.9,0.11279,0.25194,1,0.12173,0.97032,0.20552
000159_lcam_front_lidar.ply,0.2,800,0.9,0.1224,0.24936,1,0.12545,0.97745,0.21432
000160_lcam_front_lidar.ply,0.2,800,0.9,0.11557,0.25369,1,0.12425,0.96784,0.20147
000161_lcam_front_lidar.ply,0.2,800,0.9,0.12786,0.25213,1,0.09768,0.96258,0.1518
000162_lcam_front_lidar.ply,0.2,800,0.9,0.1347,0.25421,1,0.1244,0.96798,0.20021
000163_lcam_front_lidar.ply,0.2,800,0.9,0.13075,0.25759,1,0.13066,0.97409,0.20751
000164_lcam_front_lidar.ply,0.2,800,0.9,0.14032,0.26289,1,0.13738,0.97418,0.20721
000165_lcam_front_lidar.ply,0.2,800,0.9,0.17422,0.26022,1,0.12008,0.96657,0.17052
000166_lcam_front_lidar.ply,0.2,800,0.9,0.14361,0.2335,1,0.10687,0.97272,0.2031
000167_lcam_front_lidar.ply,0.2,800,0.9,0.18677,0.2235,1,0.09783,0.97586,0.19929
000168_lcam_front_lidar.ply,0.2,800,0.9,0.1535,0.24225,1,0.10931,0.98678,0.18976
000169_lcam_front_lidar.ply,0.2,800,0.9,0.17363,0.2769,1,0.1563,0.99941,0.20958
000170_lcam_front_lidar.ply,0.2,800,0.9,0.22723,0.28869,1,0.17841,0.99953,0.21564
000171_lcam_front_lidar.ply,0.2,800,0.9,0.14264,0.20304,1,0.04995,0.96756,0.15068
000172_lcam_front_lidar.ply,0.2,800,0.9,0.17196,0.21353,1,0.06454,0.96489,0.15074
000173_lcam_front_lidar.ply,0.2,800,0.9,0.1627,0.20059,1,0.07007,0.969,0.19055
000174_lcam_front_lidar.ply,0.2,800,0.9,0.1649,0.21321,1,0.04084,0.95722,0.10668
000175_lcam_front_lidar.ply,0.2,800,0.9,0.14885,0.25633,1,0.12633,0.99813,0.19966
000176_lcam_front_lidar.ply,0.2,800,0.9,0.17151,0.25323,1,0.13261,0.99827,0.20961
000177_lcam_front_lidar.ply,0.2,800,0.9,0.1661,0.28379,1,0.15764,0.9992,0.20207
000178_lcam_front_lidar.ply,0.2,800,0.9,0.12553,0.29217,1,0.16952,0.99895,0.21421
000179_lcam_front_lidar.ply,0.2,800,0.9,0.17772,0.25093,1,0.08909,0.99855,0.12487
000180_lcam_front_lidar.ply,0.2,800,0.9,0.15564,0.26571,1,0.10123,0.99877,0.12476
000181_lcam_front_lidar.ply,0.2,800,0.9,0.16837,0.20701,1,0.05888,0.98373,0.15838
000182_lcam_front_lidar.ply,0.2,800,0.9,0.1462,0.31488,1,0.17858,0.99917,0.18459
000183_lcam_front_lidar.ply,0.2,800,0.9,0.1559,0.21674,1,0.07052,0.98366,0.16053
000184_lcam_front_lidar.ply,0.2,800,0.9,0.1439,0.28621,1,0.1368,0.99883,0.15775
000185_lcam_front_lidar.ply,0.2,800,0.9,0.13743,0.29313,1,0.14984,0.99894,0.16849
000186_lcam_front_lidar.ply,0.2,800,0.9,0.15068,0.27734,1,0.13429,0.99885,0.16966
000187_lcam_front_lidar.ply,0.2,800,0.9,0.11807,0.2757,1,0.13003,0.99865,0.16961
000188_lcam_front_lidar.ply,0.2,800,0.9,0.1354,0.28455,1,0.13569,0.99876,0.16197
000189_lcam_front_lidar.ply,0.2,800,0.9,0.13275,0.27454,1,0.13173,0.99882,0.16992
000190_lcam_front_lidar.ply,0.2,800,0.9,0.12652,0.27051,1,0.10373,0.99865,0.12479
000191_lcam_front_lidar.ply,0.2,800,0.9,0.13556,0.2751,1,0.12855,0.99866,0.16649
000192_lcam_front_lidar.ply,0.2,800,0.9,0.12124,0.26948,1,0.11768,0.99798,0.15339
000193_lcam_front_lidar.ply,0.2,800,0.9,0.13876,0.27611,1,0.09748,0.99748,0.10185
000194_lcam_front_lidar.ply,0.2,800,0.9,0.13916,0.28985,1,0.14103,0.99841,0.16149
000195_lcam_front_lidar.ply,0.2,800,0.9,0.12262,0.25473,1,0.09258,0.9989,0.13365
000196_lcam_front_lidar.ply,0.2,800,0.9,0.1429,0.2458,1,0.08726,0.99864,0.13914
000197_lcam_front_lidar.ply,0.2,800,0.9,0.11273,0.24737,1,0.09029,0.99877,0.15032
000198_lcam_front_lidar.ply,0.2,800,0.9,0.14396,0.25427,1,0.08191,0.99796,0.10813
000199_lcam_front_lidar.ply,0.2,800,0.9,0.13152,0.25889,1,0.07981,0.99809,0.09928
000200_lcam_front_lidar.ply,0.2,800,0.9,0.13103,0.26629,1,0.09674,0.99764,0.11953
000201_lcam_front_lidar.ply,0.2,800,0.9,0.14105,0.24856,1,0.06824,0.99753,0.09649
000202_lcam_front_lidar.ply,0.2,800,0.9,0.12611,0.27677,1,0.12525,0.99783,0.1573
000203_lcam_front_lidar.ply,0.2,800,0.9,0.13824,0.28276,1,0.13076,0.99777,0.15489
000204_lcam_front_lidar.ply,0.2,800,0.9,0.12237,0.28883,1,0.13569,0.99774,0.15327
000205_lcam_front_lidar.ply,0.2,800,0.9,0.12582,0.26576,1,0.10688,0.99768,0.14389
000206_lcam_front_lidar.ply,0.2,800,0.9,0.13071,0.28502,1,0.12875,0.99736,0.14713
000207_lcam_front_lidar.ply,0.2,800,0.9,0.14924,0.26623,1,0.11128,0.99777,0.14541
000208_lcam_front_lidar.ply,0.2,800,0.9,0.1307,0.27497,1,0.11329,0.99784,0.13675
000209_lcam_front_lidar.ply,0.2,800,0.9,0.11906,0.28772,1,0.13629,0.99699,0.16031
000210_lcam_front_lidar.ply,0.2,800,0.9,0.11819,0.28915,1,0.13911,0.99699,0.15947
000211_lcam_front_lidar.ply,0.2,800,0.9,0.13377,0.28436,1,0.13062,0.99692,0.14992
000212_lcam_front_lidar.ply,0.2,800,0.9,0.11966,0.28811,1,0.13747,0.99723,0.1603
000213_lcam_front_lidar.ply,0.2,800,0.9,0.10886,0.28766,1,0.1344,0.99715,0.15484
000214_lcam_front_lidar.ply,0.2,800,0.9,0.12447,0.29084,1,0.12624,0.99685,0.13333
000215_lcam_front_lidar.ply,0.2,800,0.9,0.11123,0.28469,1,0.12239,0.99702,0.13791
000216_lcam_front_lidar.ply,0.2,800,0.9,0.11439,0.2897,1,0.12719,0.99728,0.13953
000217_lcam_front_lidar.ply,0.2,800,0.9,0.12657,0.28063,1,0.11634,0.99696,0.13104
000218_lcam_front_lidar.ply,0.2,800,0.9,0.14264,0.24702,1,0.07514,0.99709,0.11469
000219_lcam_front_lidar.ply,0.2,800,0.9,0.11874,0.27667,1,0.11603,0.99682,0.14039
000220_lcam_front_lidar.ply,0.2,800,0.9,0.12762,0.28126,1,0.11375,0.99646,0.12423
000221_lcam_front_lidar.ply,0.2,800,0.9,0.13227,0.25535,1,0.08575,0.99737,0.11877
000222_lcam_front_lidar.ply,0.2,800,0.9,0.12715,0.26866,1,0.1121,0.99642,0.14587
000223_lcam_front_lidar.ply,0.2,800,0.9,0.09961,0.29166,1,0.11468,0.99612,0.11274
000224_lcam_front_lidar.ply,0.2,800,0.9,0.11937,0.28234,1,0.1163,0.99639,0.12714
000225_lcam_front_lidar.ply,0.2,800,0.9,0.12682,0.25758,1,0.07824,0.99627,0.10582
000226_lcam_front_lidar.ply,0.2,800,0.9,0.12665,0.25718,1,0.07412,0.99574,0.09746
000227_lcam_front_lidar.ply,0.2,800,0.9,0.11683,0.2235,1,0.04271,0.99333,0.10049
000228_lcam_front_lidar.ply,0.2,800,0.9,0.12959,0.26182,1,0.07942,0.99559,0.09218
000229_lcam_front_lidar.ply,0.2,800,0.9,0.10985,0.26627,1,0.07821,0.99473,0.0909
000230_lcam_front_lidar.ply,0.2,800,0.9,0.13724,0.21331,1,0.0332,0.99321,0.09988
000231_lcam_front_lidar.ply,0.2,800,0.9,0.11094,0.22314,1,0.03689,0.99271,0.09329
000232_lcam_front_lidar.ply,0.2,800,0.9,0.1152,0.28413,1,0.11212,0.99593,0.12091
000233_lcam_front_lidar.ply,0.2,800,0.9,0.12215,0.28395,1,0.11245,0.99607,0.11992
000234_lcam_front_lidar.ply,0.2,800,0.9,0.11623,0.28077,1,0.11375,0.99607,0.13156
000235_lcam_front_lidar.ply,0.2,800,0.9,0.10098,0.27617,1,0.10518,0.99643,0.12563
000236_lcam_front_lidar.ply,0.2,800,0.9,0.1169,0.2735,1,0.10634,0.99558,0.12528
000237_lcam_front_lidar.ply,0.2,800,0.9,0.13097,0.27023,1,0.09884,0.99555,0.11837
000238_lcam_front_lidar.ply,0.2,800,0.9,0.11263,0.28105,1,0.10928,0.99351,0.12533
000239_lcam_front_lidar.ply,0.2,800,0.9,0.10756,0.25924,1,0.09335,0.99588,0.13281
000240_lcam_front_lidar.ply,0.2,800,0.9,0.0992,0.27518,1,0.10698,0.99301,0.12915
000241_lcam_front_lidar.ply,0.2,800,0.9,0.1176,0.28023,1,0.12387,0.99396,0.14915
000242_lcam_front_lidar.ply,0.2,800,0.9,0.09156,0.2756,1,0.1087,0.99408,0.13329
000243_lcam_front_lidar.ply,0.2,800,0.9,0.10452,0.27746,1,0.10732,0.99269,0.12522
000244_lcam_front_lidar.ply,0.2,800,0.9,0.12299,0.28939,1,0.12756,0.99365,0.14035
000245_lcam_front_lidar.ply,0.2,800,0.9,0.10599,0.27752,1,0.10088,0.99376,0.11267
000246_lcam_front_lidar.ply,0.2,800,0.9,0.10329,0.28646,1,0.10636,0.99335,0.10697
000247_lcam_front_lidar.ply,0.2,800,0.9,0.10492,0.27795,1,0.0902,0.99393,0.09095
000248_lcam_front_lidar.ply,0.2,800,0.9,0.10043,0.27298,1,0.09721,0.99392,0.11763
000249_lcam_front_lidar.ply,0.2,800,0.9,0.10552,0.26144,1,0.07773,0.99404,0.10181
000250_lcam_front_lidar.ply,0.2,800,0.9,0.10239,0.26618,1,0.08786,0.99344,0.10861
000251_lcam_front_lidar.ply,0.2,800,0.9,0.11809,0.2815,1,0.10187,0.9935,0.10292
000252_lcam_front_lidar.ply,0.2,800,0.9,0.08223,0.27799,1,0.0879,0.99337,0.08991
000253_lcam_front_lidar.ply,0.2,800,0.9,0.09725,0.28645,1,0.09846,0.9938,0.09399
000254_lcam_front_lidar.ply,0.2,800,0.9,0.09904,0.28101,1,0.09544,0.99338,0.09534
000255_lcam_front_lidar.ply,0.2,800,0.9,0.11008,0.27622,1,0.08461,0.99259,0.08177
000256_lcam_front_lidar.ply,0.2,800,0.9,0.10061,0.27196,1,0.07846,0.99327,0.07856
000257_lcam_front_lidar.ply,0.2,800,0.9,0.09533,0.27902,1,0.08579,0.99305,0.08215
000258_lcam_front_lidar.ply,0.2,800,0.9,0.09856,0.31432,1,0.13377,0.99308,0.10304
000259_lcam_front_lidar.ply,0.2,800,0.9,0.10394,0.30563,1,0.11705,0.99314,0.08982
000260_lcam_front_lidar.ply,0.2,800,0.9,0.09262,0.25123,1,0.05295,0.80531,0.07193
000261_lcam_front_lidar.ply,0.2,800,0.9,0.08515,0.31,1,0.13857,0.99359,0.12733
000262_lcam_front_lidar.ply,0.2,800,0.9,0.08926,0.24786,1,0.05342,0.80353,0.07897
000263_lcam_front_lidar.ply,0.2,800,0.9,0.09292,0.2489,1,0.05518,0.82117,0.07921
000264_lcam_front_lidar.ply,0.2,800,0.9,0.08984,0.25558,1,0.06007,0.81611,0.07983
000265_lcam_front_lidar.ply,0.2,800,0.9,0.0854,0.30209,1,0.14086,0.99482,0.14718
000266_lcam_front_lidar.ply,0.2,800,0.9,0.07127,0.3032,1,0.11747,0.99372,0.09799
000267_lcam_front_lidar.ply,0.2,800,0.9,0.09113,0.29459,1,0.10608,0.99278,0.09339
000268_lcam_front_lidar.ply,0.2,800,0.9,0.09309,0.29248,1,0.10764,0.99342,0.09873
000269_lcam_front_lidar.ply,0.2,800,0.9,0.09804,0.29174,1,0.12615,0.99383,0.13583
000270_lcam_front_lidar.ply,0.2,800,0.9,0.09496,0.29669,1,0.12797,0.99407,0.13286
000271_lcam_front_lidar.ply,0.2,800,0.9,0.11468,0.29041,1,0.1061,0.99047,0.09764
000272_lcam_front_lidar.ply,0.2,800,0.9,0.0911,0.29829,1,0.10801,0.99127,0.0882
000273_lcam_front_lidar.ply,0.2,800,0.9,0.09666,0.28878,1,0.09377,0.99046,0.07416
000274_lcam_front_lidar.ply,0.2,800,0.9,0.10122,0.28161,1,0.08612,0.99022,0.07864
000275_lcam_front_lidar.ply,0.2,800,0.9,0.10637,0.27706,1,0.07578,0.99074,0.06488
000276_lcam_front_lidar.ply,0.2,800,0.9,0.10497,0.27524,1,0.06671,0.99043,0.05099
000277_lcam_front_lidar.ply,0.2,800,0.9,0.11025,0.27589,1,0.07265,0.99116,0.05711
000278_lcam_front_lidar.ply,0.2,800,0.9,0.10007,0.27505,1,0.08851,0.99174,0.09328
000279_lcam_front_lidar.ply,0.2,800,0.9,0.09489,0.28148,1,0.08675,0.99076,0.07778
000280_lcam_front_lidar.ply,0.2,800,0.9,0.12315,0.28174,1,0.09167,0.99088,0.08196
000281_lcam_front_lidar.ply,0.2,800,0.9,0.09305,0.26997,1,0.09334,0.99424,0.1161
000282_lcam_front_lidar.ply,0.2,800,0.9,0.09603,0.28381,1,0.08755,0.99112,0.07605
000283_lcam_front_lidar.ply,0.2,800,0.9,0.09905,0.27081,1,0.08941,0.99234,0.10075
000284_lcam_front_lidar.ply,0.2,800,0.9,0.08934,0.26206,1,0.10516,0.99624,0.15212
000285_lcam_front_lidar.ply,0.2,800,0.9,0.10488,0.28459,1,0.14327,0.99737,0.18008
000286_lcam_front_lidar.ply,0.2,800,0.9,0.09835,0.26795,1,0.09899,0.99259,0.12498
000287_lcam_front_lidar.ply,0.2,800,0.9,0.10886,0.24948,1,0.09551,0.99484,0.15456
000288_lcam_front_lidar.ply,0.2,800,0.9,0.08133,0.28005,1,0.13437,0.99707,0.17701
000289_lcam_front_lidar.ply,0.2,800,0.9,0.09545,0.281,1,0.13842,0.99781,0.183
000290_lcam_front_lidar.ply,0.2,800,0.9,0.09386,0.27287,1,0.13656,0.99775,0.19247
000291_lcam_front_lidar.ply,0.2,800,0.9,0.10298,0.27538,1,0.15817,0.99854,0.22836
000292_lcam_front_lidar.ply,0.2,800,0.9,0.0914,0.27432,1,0.15867,0.99854,0.23007
000293_lcam_front_lidar.ply,0.2,800,0.9,0.10474,0.28636,1,0.1728,0.99936,0.23533
000294_lcam_front_lidar.ply,0.2,800,0.9,0.09486,0.28283,1,0.16642,0.99904,0.22988
000295_lcam_front_lidar.ply,0.2,800,0.9,0.10029,0.27932,1,0.17135,0.99916,0.2469
000296_lcam_front_lidar.ply,0.2,800,0.9,0.1134,0.21348,1,0.07836,0.99448,0.18897
000297_lcam_front_lidar.ply,0.2,800,0.9,0.10439,0.26699,1,0.13474,0.99872,0.19693
000298_lcam_front_lidar.ply,0.2,800,0.9,0.1101,0.20795,1,0.06271,0.99419,0.17108
000299_lcam_front_lidar.ply,0.2,800,0.9,0.11928,0.26008,1,0.14101,0.99861,0.22216
000300_lcam_front_lidar.ply,0.2,800,0.9,0.10345,0.23537,1,0.08781,0.99407,0.16528
000301_lcam_front_lidar.ply,0.2,800,0.9,0.09293,0.26331,1,0.13196,0.99885,0.20263
000302_lcam_front_lidar.ply,0.2,800,0.9,0.07702,0.2516,1,0.10433,0.99383,0.16955
000303_lcam_front_lidar.ply,0.2,800,0.9,0.07258,0.24965,1,0.12103,0.99606,0.20809
000304_lcam_front_lidar.ply,0.2,800,0.9,0.11483,0.25144,1,0.11199,0.99544,0.17939
000305_lcam_front_lidar.ply,0.2,800,0.9,0.08921,0.25804,1,0.13323,0.99746,0.21297
000306_lcam_front_lidar.ply,0.2,800,0.9,0.11208,0.2453,1,0.12048,0.99708,0.20753
000307_lcam_front_lidar.ply,0.2,800,0.9,0.09092,0.25011,1,0.12651,0.9973,0.21085
000308_lcam_front_lidar.ply,0.2,800,0.9,0.08964,0.23936,1,0.10351,0.99602,0.18778
000309_lcam_front_lidar.ply,0.2,800,0.9,0.09516,0.26203,1,0.13663,0.99738,0.20715
000310_lcam_front_lidar.ply,0.2,800,0.9,0.11107,0.2711,1,0.15471,0.99728,0.22001
000311_lcam_front_lidar.ply,0.2,800,0.9,0.10861,0.27499,1,0.14989,0.99688,0.20539
000312_lcam_front_lidar.ply,0.2,800,0.9,0.11257,0.27857,1,0.15592,0.99722,0.21329
000313_lcam_front_lidar.ply,0.2,800,0.9,0.11514,0.27865,1,0.14758,0.99662,0.19345
000314_lcam_front_lidar.ply,0.2,800,0.9,0.09481,0.28269,1,0.15125,0.99682,0.1949
000315_lcam_front_lidar.ply,0.2,800,0.9,0.11066,0.27816,1,0.15668,0.99682,0.20757
000316_lcam_front_lidar.ply,0.2,800,0.9,0.10736,0.27128,1,0.12998,0.99541,0.17153
000317_lcam_front_lidar.ply,0.2,800,0.9,0.11152,0.27345,1,0.15194,0.99699,0.20685
000318_lcam_front_lidar.ply,0.2,800,0.9,0.10319,0.28158,1,0.15554,0.99655,0.20256
000319_lcam_front_lidar.ply,0.2,800,0.9,0.10696,0.27113,1,0.15725,0.99699,0.21875
000320_lcam_front_lidar.ply,0.2,800,0.9,0.1167,0.27782,1,0.15138,0.9962,0.19933
000321_lcam_front_lidar.ply,0.2,800,0.9,0.11164,0.27151,1,0.13894,0.99589,0.18566
000322_lcam_front_lidar.ply,0.2,800,0.9,0.13914,0.27343,1,0.14349,0.99615,0.18728
000323_lcam_front_lidar.ply,0.2,800,0.9,0.11508,0.28651,1,0.15806,0.99634,0.2009
000324_lcam_front_lidar.ply,0.2,800,0.9,0.11928,0.28477,1,0.15562,0.99602,0.18655
000325_lcam_front_lidar.ply,0.2,800,0.9,0.11579,0.29518,1,0.16785,0.99619,0.19961
000326_lcam_front_lidar.ply,0.2,800,0.9,0.12257,0.29094,1,0.16845,0.99642,0.20639
000327_lcam_front_lidar.ply,0.2,800,0.9,0.11756,0.29243,1,0.16024,0.9955,0.1842
000328_lcam_front_lidar.ply,0.2,800,0.9,0.12376,0.28708,1,0.15802,0.9958,0.19263
000329_lcam_front_lidar.ply,0.2,800,0.9,0.10865,0.29193,1,0.16829,0.9961,0.20477
000330_lcam_front_lidar.ply,0.2,800,0.9,0.11656,0.29718,1,0.17157,0.99635,0.2024
000331_lcam_front_lidar.ply,0.2,800,0.9,0.11978,0.28855,1,0.15704,0.9958,0.18412
000332_lcam_front_lidar.ply,0.2,800,0.9,0.12597,0.29358,1,0.1681,0.99637,0.19695
000333_lcam_front_lidar.ply,0.2,800,0.9,0.11289,0.29106,1,0.16072,0.99599,0.18944
000334_lcam_front_lidar.ply,0.2,800,0.9,0.10997,0.28963,1,0.16008,0.99584,0.18779
000335_lcam_front_lidar.ply,0.2,800,0.9,0.10498,0.28696,1,0.1597,0.99616,0.19609
000336_lcam_front_lidar.ply,0.2,800,0.9,0.10753,0.28929,1,0.15058,0.99529,0.17747
000337_lcam_front_lidar.ply,0.2,800,0.9,0.11646,0.28395,1,0.15435,0.99619,0.19016
000338_lcam_front_lidar.ply,0.2,800,0.9,0.12331,0.28261,1,0.14112,0.99547,0.17026
000339_lcam_front_lidar.ply,0.2,800,0.9,0.10908,0.27591,1,0.12401,0.9953,0.14981
000340_lcam_front_lidar.ply,0.2,800,0.9,0.07797,0.30214,1,0.14137,0.99651,0.14034
000341_lcam_front_lidar.ply,0.2,800,0.9,0.1115,0.2887,1,0.14594,0.99748,0.16416
000342_lcam_front_lidar.ply,0.2,800,0.9,0.1301,0.29044,1,0.15297,0.99753,0.17715
000343_lcam_front_lidar.ply,0.2,800,0.9,0.14373,0.27696,1,0.14832,0.99813,0.18486
000344_lcam_front_lidar.ply,0.2,800,0.9,0.13048,0.28409,1,0.14984,0.99779,0.1807
000345_lcam_front_lidar.ply,0.2,800,0.9,0.13367,0.2876,1,0.1538,0.99795,0.17809
000346_lcam_front_lidar.ply,0.2,800,0.9,0.14094,0.29077,1,0.15778,0.99744,0.18109
000347_lcam_front_lidar.ply,0.2,800,0.9,0.12689,0.29427,1,0.16065,0.99791,0.18195
000348_lcam_front_lidar.ply,0.2,800,0.9,0.12269,0.29277,1,0.158,0.99769,0.18165
000349_lcam_front_lidar.ply,0.2,800,0.9,0.13296,0.2953,1,0.1623,0.99774,0.18578
000350_lcam_front_lidar.ply,0.2,800,0.9,0.12939,0.30419,1,0.16935,0.998,0.18051
000351_lcam_front_lidar.ply,0.2,800,0.9,0.12794,0.30572,1,0.17547,0.99835,0.19381
000352_lcam_front_lidar.ply,0.2,800,0.9,0.15661,0.30432,1,0.17103,0.99908,0.1748
000353_lcam_front_lidar.ply,0.2,800,0.9,0.12334,0.30076,1,0.17378,0.9985,0.19456
000354_lcam_front_lidar.ply,0.2,800,0.9,0.13588,0.3064,1,0.17682,0.99853,0.19153
000355_lcam_front_lidar.ply,0.2,800,0.9,0.1441,0.29802,1,0.16912,0.99934,0.18553
000356_lcam_front_lidar.ply,0.2,800,0.9,0.13261,0.29867,1,0.16831,0.99943,0.18454
000357_lcam_front_lidar.ply,0.2,800,0.9,0.13538,0.30111,1,0.17257,0.99914,0.18916
000358_lcam_front_lidar.ply,0.2,800,0.9,0.16583,0.3135,1,0.18588,0.99896,0.18728
000359_lcam_front_lidar.ply,0.2,800,0.9,0.12764,0.31257,1,0.17698,0.9992,0.18109
000360_lcam_front_lidar.ply,0.2,800,0.9,0.14794,0.31488,1,0.18165,0.99933,0.18225
000361_lcam_front_lidar.ply,0.2,800,0.9,0.14306,0.321,1,0.19073,0.99927,0.18917
000362_lcam_front_lidar.ply,0.2,800,0.9,0.13175,0.3179,1,0.18102,0.99951,0.17187
000363_lcam_front_lidar.ply,0.2,800,0.9,0.13943,0.33313,1,0.19623,0.99945,0.1804
000364_lcam_front_lidar.ply,0.2,800,0.9,0.14662,0.33705,1,0.19601,0.99957,0.16669
000365_lcam_front_lidar.ply,0.2,800,0.9,0.13431,0.33321,1,0.19604,0.99953,0.17878
000366_lcam_front_lidar.ply,0.2,800,0.9,0.12083,0.34095,1,0.20149,0.99967,0.17471
000367_lcam_front_lidar.ply,0.2,800,0.9,0.14383,0.34618,1,0.20853,0.99972,0.17829
000368_lcam_front_lidar.ply,0.2,800,0.9,0.13356,0.35,1,0.20852,0.9997,0.17042
000369_lcam_front_lidar.ply,0.15,800,0.9,0.1368,0.34156,1,0.1913,0.99968,0.15188
000370_lcam_front_lidar.ply,0.2,800,0.9,0.12261,0.35673,1,0.21525,0.99978,0.1746
000371_lcam_front_lidar.ply,0.2,800,0.9,0.13357,0.35348,1,0.21105,0.99979,0.16766
000372_lcam_front_lidar.ply,0.2,800,0.9,0.14233,0.35967,1,0.21481,0.99974,0.16091
000373_lcam_front_lidar.ply,0.2,800,0.9,0.12066,0.36331,1,0.21338,0.99977,0.15773
000374_lcam_front_lidar.ply,0.2,800,0.9,0.14792,0.3561,1,0.21481,0.99976,0.16792
000375_lcam_front_lidar.ply,0.2,800,0.9,0.12791,0.34737,1,0.20501,0.99978,0.17025
000376_lcam_front_lidar.ply,0.2,800,0.9,0.12736,0.35935,1,0.21751,0.99978,0.17142
000377_lcam_front_lidar.ply,0.2,800,0.9,0.14313,0.36317,1,0.2166,0.99978,0.15732
000378_lcam_front_lidar.ply,0.2,800,0.9,0.13231,0.36349,1,0.21969,0.99967,0.16394
000379_lcam_front_lidar.ply,0.2,800,0.9,0.1359,0.37938,1,0.23487,0.99977,0.16596
000380_lcam_front_lidar.ply,0.15,800,0.9,0.12744,0.36596,1,0.20664,0.99972,0.14057
000381_lcam_front_lidar.ply,0.2,800,0.9,0.14234,0.37118,1,0.22551,0.99968,0.15933
000382_lcam_front_lidar.ply,0.15,800,0.9,0.1331,0.36203,1,0.20354,0.99957,0.1387
000383_lcam_front_lidar.ply,0.2,800,0.9,0.1431,0.38739,1,0.24456,0.99957,0.16563
000384_lcam_front_lidar.ply,0.15,800,0.9,0.11494,0.37719,1,0.20628,0.99938,0.11836
000385_lcam_front_lidar.ply,0.2,800,0.9,0.124,0.39182,1,0.24344,0.99951,0.16199
000386_lcam_front_lidar.ply,0.2,800,0.9,0.12029,0.39075,1,0.23514,0.99935,0.14397
000387_lcam_front_lidar.ply,0.2,800,0.9,0.12785,0.39415,1,0.24019,0.99951,0.14906
000388_lcam_front_lidar.ply,0.15,800,0.9,0.12469,0.37088,1,0.20751,0.99921,0.12916
000389_lcam_front_lidar.ply,0.15,800,0.9,0.13666,0.38008,1,0.21461,0.99913,0.12272
000390_lcam_front_lidar.ply,0.15,800,0.9,0.14128,0.38595,1,0.22172,0.99927,0.12321
000391_lcam_front_lidar.ply,0.2,800,0.9,0.12821,0.41629,1,0.25992,0.99931,0.14122
000392_lcam_front_lidar.ply,0.15,800,0.9,0.11148,0.3895,1,0.22246,0.99909,0.12331
000393_lcam_front_lidar.ply,0.15,800,0.9,0.14065,0.37268,1,0.20557,0.99912,0.12146
000394_lcam_front_lidar.ply,0.15,800,0.9,0.12956,0.39037,1,0.22387,0.99906,0.12754
000395_lcam_front_lidar.ply,0.15,800,0.9,0.13481,0.38683,1,0.22268,0.99897,0.13017
000396_lcam_front_lidar.ply,0.2,800,0.9,0.13823,0.408,1,0.26077,0.99915,0.15528
000397_lcam_front_lidar.ply,0.15,800,0.9,0.1204,0.38715,1,0.21962,0.99902,0.12506
000398_lcam_front_lidar.ply,0.2,800,0.9,0.12656,0.2292,1,0.01006,0.99883,0.01335
000399_lcam_front_lidar.ply,0.15,800,0.9,0.1387,0.38415,1,0.22123,0.99887,0.12576
000400_lcam_front_lidar.ply,0.15,800,0.9,0.13897,0.38246,1,0.21715,0.99886,0.12387
000401_lcam_front_lidar.ply,0.15,800,0.9,0.13768,0.38101,1,0.21754,0.99879,0.1248
000402_lcam_front_lidar.ply,0.15,800,0.9,0.13702,0.38075,1,0.21562,0.9986,0.12445
000403_lcam_front_lidar.ply,0.15,800,0.9,0.14017,0.38004,1,0.21764,0.9986,0.12752
000404_lcam_front_lidar.ply,0.15,800,0.9,0.1364,0.38965,1,0.22614,0.9988,0.12471
000405_lcam_front_lidar.ply,0.15,800,0.9,0.14257,0.38715,1,0.21977,0.99859,0.12012
000406_lcam_front_lidar.ply,0.15,800,0.9,0.1309,0.39576,1,0.22944,0.99866,0.12777
000407_lcam_front_lidar.ply,0.15,800,0.9,0.13059,0.39231,1,0.22852,0.99864,0.12481
000408_lcam_front_lidar.ply,0.15,800,0.9,0.13593,0.3807,1,0.2166,0.99865,0.12212
000409_lcam_front_lidar.ply,0.2,800,0.9,0.13237,0.41491,1,0.2702,0.99889,0.16075
000410_lcam_front_lidar.ply,0.15,800,0.9,0.13661,0.39206,1,0.2302,0.99858,0.1291
000411_lcam_front_lidar.ply,0.15,800,0.9,0.13737,0.39108,1,0.22571,0.99855,0.1238
000412_lcam_front_lidar.ply,0.15,800,0.9,0.14113,0.39288,1,0.22617,0.99844,0.1213
000413_lcam_front_lidar.ply,0.15,800,0.9,0.14336,0.38937,1,0.22937,0.99816,0.12789
000414_lcam_front_lidar.ply,0.15,800,0.9,0.15719,0.38692,1,0.22524,0.99847,0.12384
000415_lcam_front_lidar.ply,0.15,800,0.9,0.14689,0.38515,1,0.22304,0.99841,0.1277
000416_lcam_front_lidar.ply,0.15,800,0.9,0.14104,0.39435,1,0.23299,0.99809,0.12757
000417_lcam_front_lidar.ply,0.15,800,0.9,0.15851,0.38601,1,0.22254,0.99811,0.12253
000418_lcam_front_lidar.ply,0.15,800,0.9,0.14655,0.38705,1,0.21977,0.99826,0.11887
000419_lcam_front_lidar.ply,0.15,800,0.9,0.12942,0.39467,1,0.22809,0.99798,0.12429
000420_lcam_front_lidar.ply,0.15,800,0.9,0.14083,0.39402,1,0.23053,0.99786,0.12498
000421_lcam_front_lidar.ply,0.15,800,0.9,0.15033,0.38651,1,0.2208,0.99768,0.11767
000422_lcam_front_lidar.ply,0.15,800,0.9,0.13453,0.39435,1,0.22738,0.99779,0.12163
000423_lcam_front_lidar.ply,0.15,800,0.9,0.13906,0.39318,1,0.22843,0.99774,0.12443
000424_lcam_front_lidar.ply,0.15,800,0.9,0.13073,0.3867,1,0.21983,0.99768,0.12195
000425_lcam_front_lidar.ply,0.15,800,0.9,0.15121,0.3934,1,0.22866,0.99757,0.12269
000426_lcam_front_lidar.ply,0.15,800,0.9,0.1347,0.40361,1,0.24158,0.99782,0.13273
000427_lcam_front_lidar.ply,0.15,800,0.9,0.14345,0.38889,1,0.22658,0.99763,0.1226
000428_lcam_front_lidar.ply,0.15,800,0.9,0.13455,0.38555,1,0.21862,0.99774,0.12118
000429_lcam_front_lidar.ply,0.15,800,0.9,0.16571,0.39272,1,0.23431,0.99774,0.12948
000430_lcam_front_lidar.ply,0.15,800,0.9,0.13188,0.39167,1,0.22525,0.99759,0.12209
000431_lcam_front_lidar.ply,0.15,800,0.9,0.14919,0.39133,1,0.22901,0.99757,0.12748
000432_lcam_front_lidar.ply,0.15,800,0.9,0.13805,0.39036,1,0.22387,0.99746,0.12246
000433_lcam_front_lidar.ply,0.15,800,0.9,0.11624,0.39954,1,0.2344,0.99757,0.12556
000434_lcam_front_lidar.ply,0.15,800,0.9,0.13156,0.39958,1,0.23568,0.99772,0.12816
000435_lcam_front_lidar.ply,0.15,800,0.9,0.14971,0.38519,1,0.22244,0.99769,0.12465
000436_lcam_front_lidar.ply,0.15,800,0.9,0.14186,0.39541,1,0.2298,0.99775,0.11842
000437_lcam_front_lidar.ply,0.15,800,0.9,0.14086,0.38169,1,0.21603,0.99768,0.1205
000438_lcam_front_lidar.ply,0.15,800,0.9,0.13773,0.4069,1,0.24126,0.99767,0.12182
000439_lcam_front_lidar.ply,0.15,800,0.9,0.14919,0.398,1,0.23364,0.99767,0.1243
000440_lcam_front_lidar.ply,0.15,800,0.9,0.12387,0.401,1,0.23362,0.9976,0.12159
000441_lcam_front_lidar.ply,0.15,800,0.9,0.14333,0.39446,1,0.22994,0.9975,0.12154
000442_lcam_front_lidar.ply,0.15,800,0.9,0.12739,0.39214,1,0.22625,0.99767,0.12091
000443_lcam_front_lidar.ply,0.15,800,0.9,0.12496,0.40016,1,0.23436,0.99748,0.12345
000444_lcam_front_lidar.ply,0.15,800,0.9,0.14819,0.38829,1,0.22398,0.99753,0.1236
000445_lcam_front_lidar.ply,0.15,800,0.9,0.13328,0.39534,1,0.23064,0.99745,0.12204
000446_lcam_front_lidar.ply,0.15,800,0.9,0.14494,0.39729,1,0.23165,0.99763,0.12067
000447_lcam_front_lidar.ply,0.15,800,0.9,0.14657,0.39446,1,0.22873,0.9975,0.12149
000448_lcam_front_lidar.ply,0.15,800,0.9,0.1387,0.40015,1,0.23386,0.99771,0.1213
000449_lcam_front_lidar.ply,0.15,800,0.9,0.14167,0.39665,1,0.23241,0.9976,0.12305
000450_lcam_front_lidar.ply,0.15,800,0.9,0.13618,0.40604,1,0.24192,0.99751,0.12502
000451_lcam_front_lidar.ply,0.15,800,0.9,0.14208,0.40841,1,0.24383,0.99757,0.12271
000452_lcam_front_lidar.ply,0.15,800,0.9,0.13406,0.40744,1,0.24438,0.99766,0.12951
000453_lcam_front_lidar.ply,0.15,800,0.9,0.12842,0.39621,1,0.22868,0.99767,0.12115
000454_lcam_front_lidar.ply,0.15,800,0.9,0.15057,0.40131,1,0.23525,0.99736,0.12002
000455_lcam_front_lidar.ply,0.15,800,0.9,0.13727,0.41168,1,0.24555,0.99747,0.12163
000456_lcam_front_lidar.ply,0.15,800,0.9,0.1209,0.40369,1,0.23746,0.99753,0.12491
000457_lcam_front_lidar.ply,0.15,800,0.9,0.11891,0.40407,1,0.23643,0.99746,0.12215
000458_lcam_front_lidar.ply,0.15,800,0.9,0.12781,0.40024,1,0.2348,0.99764,0.12369
000459_lcam_front_lidar.ply,0.15,800,0.9,0.13845,0.40247,1,0.23936,0.99746,0.1278
000460_lcam_front_lidar.ply,0.15,800,0.9,0.1548,0.39867,1,0.23734,0.99753,0.12821
000461_lcam_front_lidar.ply,0.15,800,0.9,0.1515,0.40286,1,0.23491,0.99759,0.11966
000462_lcam_front_lidar.ply,0.15,800,0.9,0.14077,0.38889,1,0.22404,0.99746,0.12559
000463_lcam_front_lidar.ply,0.15,800,0.9,0.13589,0.39909,1,0.23531,0.99751,0.12873
000464_lcam_front_lidar.ply,0.15,800,0.9,0.13043,0.39252,1,0.2252,0.9976,0.12344
000465_lcam_front_lidar.ply,0.15,800,0.9,0.14064,0.4059,1,0.23987,0.9976,0.12409
000466_lcam_front_lidar.ply,0.15,800,0.9,0.13882,0.3846,1,0.22125,0.99741,0.12465
000467_lcam_front_lidar.ply,0.15,800,0.9,0.14224,0.40823,1,0.24768,0.99749,0.13241
000468_lcam_front_lidar.ply,0.15,800,0.9,0.14175,0.39673,1,0.23144,0.99761,0.12663
000469_lcam_front_lidar.ply,0.15,800,0.9,0.1307,0.38518,1,0.22019,0.99731,0.125
000470_lcam_front_lidar.ply,0.15,800,0.9,0.12884,0.38744,1,0.22242,0.99751,0.12854
000471_lcam_front_lidar.ply,0.15,800,0.9,0.13381,0.38176,1,0.21512,0.99764,0.12375
000472_lcam_front_lidar.ply,0.15,800,0.9,0.13588,0.38395,1,0.21814,0.99742,0.1254
000473_lcam_front_lidar.ply,0.15,800,0.9,0.15385,0.38884,1,0.22538,0.99754,0.1234
000474_lcam_front_lidar.ply,0.15,800,0.9,0.12394,0.38721,1,0.22211,0.99753,0.12574
000475_lcam_front_lidar.ply,0.15,800,0.9,0.15101,0.38675,1,0.22262,0.99749,0.12387
000476_lcam_front_lidar.ply,0.15,800,0.9,0.14925,0.39422,1,0.23181,0.9975,0.12641
000477_lcam_front_lidar.ply,0.15,800,0.9,0.15046,0.38369,1,0.22394,0.99757,0.12933
000478_lcam_front_lidar.ply,0.15,800,0.9,0.14715,0.38895,1,0.22594,0.99756,0.12936
000479_lcam_front_lidar.ply,0.15,800,0.9,0.13204,0.39115,1,0.22676,0.99741,0.12662
000480_lcam_front_lidar.ply,0.15,800,0.9,0.13873,0.39731,1,0.23453,0.99758,0.12615
000481_lcam_front_lidar.ply,0.15,800,0.9,0.14823,0.37839,1,0.21347,0.99746,0.12168
000482_lcam_front_lidar.ply,0.15,800,0.9,0.14334,0.38036,1,0.21651,0.99753,0.12525
000483_lcam_front_lidar.ply,0.15,800,0.9,0.15035,0.38554,1,0.22813,0.99747,0.13277
000484_lcam_front_lidar.ply,0.15,800,0.9,0.14179,0.39258,1,0.23006,0.99761,0.13041
000485_lcam_front_lidar.ply,0.15,800,0.9,0.12878,0.3942,1,0.23699,0.9979,0.1423
000486_lcam_front_lidar.ply,0.15,800,0.9,0.14188,0.37756,1,0.21782,0.99774,0.135
000487_lcam_front_lidar.ply,0.15,800,0.9,0.1419,0.39486,1,0.23191,0.99773,0.12968
000488_lcam_front_lidar.ply,0.15,800,0.9,0.13685,0.39662,1,0.23416,0.9975,0.1278
000489_lcam_front_lidar.ply,0.15,800,0.9,0.14697,0.38599,1,0.22225,0.99754,0.12644
000490_lcam_front_lidar.ply,0.15,800,0.9,0.13242,0.38466,1,0.22098,0.99751,0.12335
000491_lcam_front_lidar.ply,0.15,800,0.9,0.13983,0.38744,1,0.22565,0.99745,0.13332
000492_lcam_front_lidar.ply,0.15,800,0.9,0.13322,0.38012,1,0.2205,0.99753,0.13427
000493_lcam_front_lidar.ply,0.15,800,0.9,0.14036,0.38674,1,0.22437,0.99742,0.13015
000494_lcam_front_lidar.ply,0.15,800,0.9,0.13768,0.38588,1,0.22138,0.99761,0.12694
000495_lcam_front_lidar.ply,0.15,800,0.9,0.13771,0.38171,1,0.21975,0.99751,0.12703
000496_lcam_front_lidar.ply,0.15,800,0.9,0.13614,0.37913,1,0.21614,0.99743,0.13014
000497_lcam_front_lidar.ply,0.15,800,0.9,0.14502,0.37691,1,0.21413,0.99738,0.12281
000498_lcam_front_lidar.ply,0.15,800,0.9,0.13627,0.38377,1,0.22241,0.99737,0.13267
000499_lcam_front_lidar.ply,0.15,800,0.9,0.15186,0.37871,1,0.21864,0.99754,0.13025
000500_lcam_front_lidar.ply,0.15,800,0.9,0.1292,0.36836,1,0.21334,0.99786,0.14593
000501_lcam_front_lidar.ply,0.15,800,0.9,0.12388,0.38465,1,0.22794,0.99759,0.14568
000502_lcam_front_lidar.ply,0.15,800,0.9,0.14047,0.38596,1,0.22338,0.99743,0.13308
000503_lcam_front_lidar.ply,0.15,800,0.9,0.13979,0.37398,1,0.21077,0.99699,0.12907
000504_lcam_front_lidar.ply,0.15,800,0.9,0.13104,0.37779,1,0.21463,0.99712,0.13018
000505_lcam_front_lidar.ply,0.15,800,0.9,0.14667,0.37275,1,0.21156,0.99711,0.13082
000506_lcam_front_lidar.ply,0.15,800,0.9,0.13563,0.21486,1,0.03983,0.96742,0.10308
000507_lcam_front_lidar.ply,0.15,800,0.9,0.13471,0.37677,1,0.21756,0.99745,0.14121
000508_lcam_front_lidar.ply,0.15,800,0.9,0.15571,0.38998,1,0.23189,0.99719,0.13554
000509_lcam_front_lidar.ply,0.15,800,0.9,0.16147,0.37599,1,0.21539,0.9971,0.13149
000510_lcam_front_lidar.ply,0.15,800,0.9,0.13398,0.37863,1,0.21909,0.99718,0.13685
000511_lcam_front_lidar.ply,0.15,800,0.9,0.14598,0.21436,1,0.0486,0.96888,0.11916
000512_lcam_front_lidar.ply,0.15,800,0.9,0.13422,0.3764,1,0.22181,0.99721,0.14317
000513_lcam_front_lidar.ply,0.15,800,0.9,0.11563,0.38798,1,0.22911,0.99733,0.14044
000514_lcam_front_lidar.ply,0.15,800,0.9,0.13318,0.36306,1,0.19811,0.99705,0.12702
000515_lcam_front_lidar.ply,0.15,800,0.9,0.13215,0.37051,1,0.20777,0.99724,0.13589
000516_lcam_front_lidar.ply,0.15,800,0.9,0.13391,0.37465,1,0.21416,0.99705,0.13556
000517_lcam_front_lidar.ply,0.15,800,0.9,0.1569,0.37058,1,0.21534,0.99712,0.13936
000518_lcam_front_lidar.ply,0.15,800,0.9,0.14896,0.21818,1,0.04711,0.97146,0.10655
000519_lcam_front_lidar.ply,0.15,800,0.9,0.13739,0.36764,1,0.20984,0.99705,0.13866
000520_lcam_front_lidar.ply,0.15,800,0.9,0.13355,0.35595,1,0.19825,0.9973,0.13893
000521_lcam_front_lidar.ply,0.15,800,0.9,0.1361,0.35739,1,0.20085,0.99728,0.14355
000522_lcam_front_lidar.ply,0.15,800,0.9,0.14816,0.3619,1,0.20742,0.99703,0.14359
000523_lcam_front_lidar.ply,0.15,800,0.9,0.13849,0.36973,1,0.2135,0.99684,0.14313
000524_lcam_front_lidar.ply,0.15,800,0.9,0.1349,0.36192,1,0.20495,0.99694,0.14218
000525_lcam_front_lidar.ply,0.15,800,0.9,0.15607,0.35962,1,0.20608,0.9967,0.14476
000526_lcam_front_lidar.ply,0.15,800,0.9,0.15004,0.35292,1,0.19323,0.9967,0.13151
000527_lcam_front_lidar.ply,0.15,800,0.9,0.1349,0.3667,1,0.20787,0.99685,0.13856
000528_lcam_front_lidar.ply,0.15,800,0.9,0.15445,0.36054,1,0.20749,0.9967,0.14525
000529_lcam_front_lidar.ply,0.15,800,0.9,0.13391,0.36905,1,0.21443,0.99681,0.14711
000530_lcam_front_lidar.ply,0.15,800,0.9,0.13395,0.36591,1,0.2079,0.99682,0.13727
000531_lcam_front_lidar.ply,0.15,800,0.9,0.12949,0.36248,1,0.20284,0.99679,0.13934
000532_lcam_front_lidar.ply,0.15,800,0.9,0.13006,0.37837,1,0.22182,0.99665,0.13965
000533_lcam_front_lidar.ply,0.15,800,0.9,0.13178,0.37138,1,0.21433,0.99685,0.14107
000534_lcam_front_lidar.ply,0.15,800,0.9,0.14435,0.36483,1,0.2137,0.99669,0.14735
000535_lcam_front_lidar.ply,0.15,800,0.9,0.1441,0.36357,1,0.20917,0.99751,0.14567
000536_lcam_front_lidar.ply,0.15,800,0.9,0.1488,0.22417,1,0.04987,0.97357,0.10532
000537_lcam_front_lidar.ply,0.15,800,0.9,0.15522,0.36046,1,0.19543,0.99683,0.12307
000538_lcam_front_lidar.ply,0.15,800,0.9,0.1277,0.36642,1,0.20491,0.99679,0.13585
000539_lcam_front_lidar.ply,0.15,800,0.9,0.12726,0.37416,1,0.21708,0.99651,0.14558
000540_lcam_front_lidar.ply,0.15,800,0.9,0.14445,0.36199,1,0.2093,0.99662,0.14852
000541_lcam_front_lidar.ply,0.15,800,0.9,0.14986,0.35694,1,0.20398,0.99661,0.14605
000542_lcam_front_lidar.ply,0.15,800,0.9,0.1372,0.35586,1,0.19454,0.99651,0.13486
000543_lcam_front_lidar.ply,0.15,800,0.9,0.14694,0.22613,1,0.05245,0.97357,0.10945
000544_lcam_front_lidar.ply,0.15,800,0.9,0.13476,0.35768,1,0.19228,0.99655,0.12452
000545_lcam_front_lidar.ply,0.15,800,0.9,0.14319,0.35401,1,0.20354,0.99692,0.15382
000546_lcam_front_lidar.ply,0.15,800,0.9,0.17157,0.22374,1,0.05259,0.97357,0.10822
000547_lcam_front_lidar.ply,0.15,800,0.9,0.15927,0.35593,1,0.20803,0.99701,0.15809
000548_lcam_front_lidar.ply,0.15,800,0.9,0.16298,0.35647,1,0.20126,0.99697,0.14132
000549_lcam_front_lidar.ply,0.15,800,0.9,0.15288,0.36138,1,0.21676,0.99696,0.16437
000550_lcam_front_lidar.ply,0.15,800,0.9,0.12716,0.23548,1,0.06525,0.97192,0.11933
000551_lcam_front_lidar.ply,0.15,800,0.9,0.13781,0.37555,1,0.21323,0.99649,0.1373
000552_lcam_front_lidar.ply,0.15,800,0.9,0.15095,0.23541,1,0.06869,0.97138,0.12211
000553_lcam_front_lidar.ply,0.15,800,0.9,0.13699,0.35818,1,0.20557,0.99675,0.15067
000554_lcam_front_lidar.ply,0.15,800,0.9,0.14447,0.35999,1,0.19136,0.99659,0.11859
000555_lcam_front_lidar.ply,0.15,800,0.9,0.14208,0.34642,1,0.19794,0.99739,0.15707
000556_lcam_front_lidar.ply,0.15,800,0.9,0.12675,0.34708,1,0.20279,0.9981,0.16978
000557_lcam_front_lidar.ply,0.15,800,0.9,0.16147,0.22831,1,0.05346,0.97411,0.10227
000558_lcam_front_lidar.ply,0.15,800,0.9,0.14157,0.3743,1,0.22243,0.99734,0.15357
000559_lcam_front_lidar.ply,0.15,800,0.9,0.15701,0.22688,1,0.04899,0.9744,0.09675
000560_lcam_front_lidar.ply,0.15,800,0.9,0.15452,0.33456,1,0.17993,0.9969,0.14387
000561_lcam_front_lidar.ply,0.15,800,0.9,0.12892,0.38087,1,0.21597,0.99669,0.12796
000562_lcam_front_lidar.ply,0.15,800,0.9,0.142,0.23773,1,0.06755,0.97262,0.11792
000563_lcam_front_lidar.ply,0.15,800,0.9,0.14809,0.23456,1,0.06711,0.97259,0.11792
000564_lcam_front_lidar.ply,0.15,800,0.9,0.14535,0.23516,1,0.06505,0.97321,0.11765
000565_lcam_front_lidar.ply,0.15,800,0.9,0.13027,0.37555,1,0.20832,0.99666,0.12476
000566_lcam_front_lidar.ply,0.15,800,0.9,0.17428,0.2361,1,0.06815,0.97276,0.11708
000567_lcam_front_lidar.ply,0.15,800,0.9,0.15313,0.33747,1,0.19214,0.99729,0.1634
000568_lcam_front_lidar.ply,0.15,800,0.9,0.15776,0.3344,1,0.18805,0.99727,0.16199
000569_lcam_front_lidar.ply,0.15,800,0.9,0.13212,0.23998,1,0.07038,0.97085,0.11993
000570_lcam_front_lidar.ply,0.15,800,0.9,0.14152,0.36407,1,0.20008,0.99663,0.12791
000571_lcam_front_lidar.ply,0.15,800,0.9,0.13744,0.3658,1,0.20242,0.99641,0.13041
000572_lcam_front_lidar.ply,0.15,800,0.9,0.14318,0.34496,1,0.17431,0.9963,0.11735
000573_lcam_front_lidar.ply,0.15,800,0.9,0.15045,0.2364,1,0.06735,0.97185,0.11842
000574_lcam_front_lidar.ply,0.15,800,0.9,0.14078,0.34115,1,0.19278,0.99688,0.16097
000575_lcam_front_lidar.ply,0.15,800,0.9,0.13019,0.23714,1,0.06831,0.97157,0.12093
000576_lcam_front_lidar.ply,0.15,800,0.9,0.15709,0.23529,1,0.06394,0.97476,0.1174
000577_lcam_front_lidar.ply,0.15,800,0.9,0.16183,0.23988,1,0.06488,0.97095,0.10313
000578_lcam_front_lidar.ply,0.15,800,0.9,0.13553,0.23891,1,0.06928,0.97168,0.11721
000579_lcam_front_lidar.ply,0.15,800,0.9,0.14273,0.34197,1,0.17664,0.99648,0.12473
000580_lcam_front_lidar.ply,0.15,800,0.9,0.15641,0.23773,1,0.07094,0.97375,0.11804
000581_lcam_front_lidar.ply,0.15,800,0.9,0.10939,0.36716,1,0.19889,0.99673,0.13021
000582_lcam_front_lidar.ply,0.15,800,0.9,0.1688,0.2357,1,0.0669,0.97489,0.11561
000583_lcam_front_lidar.ply,0.15,800,0.9,0.13395,0.35921,1,0.19321,0.99667,0.12776
000584_lcam_front_lidar.ply,0.15,800,0.9,0.13075,0.36035,1,0.19642,0.99657,0.12825
000585_lcam_front_lidar.ply,0.15,800,0.9,0.18243,0.23551,1,0.07073,0.97456,0.11977
000586_lcam_front_lidar.ply,0.15,800,0.9,0.14338,0.34946,1,0.18417,0.99652,0.12539
000587_lcam_front_lidar.ply,0.15,800,0.9,0.13354,0.35821,1,0.19091,0.99655,0.12568
000588_lcam_front_lidar.ply,0.15,800,0.9,0.134,0.23762,1,0.06937,0.97216,0.11892
000589_lcam_front_lidar.ply,0.15,800,0.9,0.15677,0.23482,1,0.06733,0.97476,0.11774
000590_lcam_front_lidar.ply,0.15,800,0.9,0.15992,0.23756,1,0.07078,0.97401,0.12127
000591_lcam_front_lidar.ply,0.15,800,0.9,0.13883,0.36183,1,0.20127,0.99683,0.13433
000592_lcam_front_lidar.ply,0.15,800,0.9,0.16833,0.23846,1,0.06938,0.9723,0.11745
000593_lcam_front_lidar.ply,0.15,800,0.9,0.1574,0.2362,1,0.06573,0.9732,0.1141
000594_lcam_front_lidar.ply,0.15,800,0.9,0.14697,0.3405,1,0.17433,0.99606,0.12338
000595_lcam_front_lidar.ply,0.15,800,0.9,0.15035,0.23918,1,0.06848,0.97304,0.11521
000596_lcam_front_lidar.ply,0.15,800,0.9,0.15466,0.23768,1,0.06813,0.97262,0.11701
000597_lcam_front_lidar.ply,0.15,800,0.9,0.13038,0.37192,1,0.21268,0.99696,0.14033
000598_lcam_front_lidar.ply,0.15,800,0.9,0.1668,0.35868,1,0.1992,0.99698,0.13289
000599_lcam_front_lidar.ply,0.15,800,0.9,0.15659,0.36285,1,0.20184,0.99678,0.13035
000600_lcam_front_lidar.ply,0.15,800,0.9,0.14516,0.35649,1,0.19313,0.9968,0.13241
000601_lcam_front_lidar.ply,0.15,800,0.9,0.16666,0.355,1,0.19758,0.99695,0.13701
000602_lcam_front_lidar.ply,0.15,800,0.9,0.17536,0.33752,1,0.18156,0.99684,0.13541
000603_lcam_front_lidar.ply,0.15,800,0.9,0.16878,0.23772,1,0.06521,0.97373,0.10933
000604_lcam_front_lidar.ply,0.15,800,0.9,0.17409,0.23352,1,0.06305,0.97391,0.11089
000605_lcam_front_lidar.ply,0.15,800,0.9,0.15312,0.35695,1,0.20102,0.99704,0.14361
000606_lcam_front_lidar.ply,0.15,800,0.9,0.15389,0.35468,1,0.19646,0.99694,0.13907
000607_lcam_front_lidar.ply,0.15,800,0.9,0.16637,0.32953,1,0.1709,0.99692,0.13457
000608_lcam_front_lidar.ply,0.15,800,0.9,0.156,0.23816,1,0.06207,0.9744,0.10555
000609_lcam_front_lidar.ply,0.15,800,0.9,0.14692,0.23722,1,0.05668,0.97761,0.09638
000610_lcam_front_lidar.ply,0.15,800,0.9,0.16337,0.3453,1,0.18622,0.99686,0.13553
000611_lcam_front_lidar.ply,0.15,800,0.9,0.16834,0.34031,1,0.18215,0.99702,0.13393
000612_lcam_front_lidar.ply,0.15,800,0.9,0.19093,0.23702,1,0.05936,0.9788,0.0967
000613_lcam_front_lidar.ply,0.15,800,0.9,0.17925,0.33191,1,0.17561,0.99691,0.13841
000614_lcam_front_lidar.ply,0.15,800,0.9,0.1837,0.23552,1,0.05966,0.9785,0.09595
000615_lcam_front_lidar.ply,0.15,800,0.9,0.14412,0.23965,1,0.05857,0.9787,0.09529
000616_lcam_front_lidar.ply,0.15,800,0.9,0.1575,0.23886,1,0.05846,0.97875,0.09407
000617_lcam_front_lidar.ply,0.15,800,0.9,0.14605,0.34042,1,0.186,0.99725,0.14534
000618_lcam_front_lidar.ply,0.15,800,0.9,0.14853,0.34512,1,0.18337,0.99718,0.1324
000619_lcam_front_lidar.ply,0.15,800,0.9,0.17794,0.23738,1,0.0573,0.97906,0.09235
000620_lcam_front_lidar.ply,0.15,800,0.9,0.16727,0.23814,1,0.05712,0.97912,0.09216
000621_lcam_front_lidar.ply,0.15,800,0.9,0.15779,0.23988,1,0.05685,0.97897,0.09328
000622_lcam_front_lidar.ply,0.15,800,0.9,0.18944,0.33305,1,0.17923,0.99739,0.14089
000623_lcam_front_lidar.ply,0.15,800,0.9,0.17805,0.23625,1,0.05601,0.97903,0.09027
000624_lcam_front_lidar.ply,0.15,800,0.9,0.15893,0.23872,1,0.05553,0.97904,0.09067
000625_lcam_front_lidar.ply,0.15,800,0.9,0.17054,0.23726,1,0.05453,0.9786,0.08866
000626_lcam_front_lidar.ply,0.15,800,0.9,0.17263,0.34856,1,0.19545,0.99746,0.14527
000627_lcam_front_lidar.ply,0.15,800,0.9,0.16812,0.2405,1,0.05883,0.97853,0.09009
000628_lcam_front_lidar.ply,0.15,800,0.9,0.15606,0.24123,1,0.0577,0.97892,0.0899
000629_lcam_front_lidar.ply,0.15,800,0.9,0.15075,0.33262,1,0.17556,0.99728,0.13838
000630_lcam_front_lidar.ply,0.15,800,0.9,0.1465,0.33079,1,0.1729,0.99722,0.13961
000631_lcam_front_lidar.ply,0.15,800,0.9,0.18018,0.23592,1,0.05581,0.97834,0.08997
000632_lcam_front_lidar.ply,0.15,800,0.9,0.1586,0.32414,1,0.17042,0.9973,0.14469
000633_lcam_front_lidar.ply,0.15,800,0.9,0.12744,0.32537,1,0.16571,0.99725,0.13959
000634_lcam_front_lidar.ply,0.15,800,0.9,0.17788,0.32315,1,0.16923,0.99718,0.14329
000635_lcam_front_lidar.ply,0.15,800,0.9,0.16491,0.32508,1,0.16466,0.99707,0.13489
000636_lcam_front_lidar.ply,0.15,800,0.9,0.16526,0.32355,1,0.17037,0.99717,0.14387
000637_lcam_front_lidar.ply,0.15,800,0.9,0.14245,0.33173,1,0.17228,0.99722,0.14
000638_lcam_front_lidar.ply,0.15,800,0.9,0.16085,0.32113,1,0.16427,0.99704,0.14229
000639_lcam_front_lidar.ply,0.15,800,0.9,0.16322,0.32496,1,0.16761,0.99683,0.14037
000640_lcam_front_lidar.ply,0.15,800,0.9,0.15829,0.3248,1,0.16514,0.99676,0.13541
000641_lcam_front_lidar.ply,0.15,800,0.9,0.15085,0.23401,1,0.04211,0.9727,0.07135
000642_lcam_front_lidar.ply,0.15,800,0.9,0.15656,0.3306,1,0.17018,0.99704,0.13371
000643_lcam_front_lidar.ply,0.15,800,0.9,0.17343,0.32994,1,0.17238,0.99684,0.13429
000644_lcam_front_lidar.ply,0.15,800,0.9,0.1671,0.3358,1,0.17608,0.9968,0.13363
000645_lcam_front_lidar.ply,0.15,800,0.9,0.15391,0.32565,1,0.16018,0.99687,0.12988
000646_lcam_front_lidar.ply,0.15,800,0.9,0.15542,0.32525,1,0.16429,0.99679,0.13347
000647_lcam_front_lidar.ply,0.15,800,0.9,0.17595,0.31749,1,0.1662,0.99635,0.14982
000648_lcam_front_lidar.ply,0.15,800,0.9,0.14338,0.31823,1,0.15184,0.99688,0.12702
000649_lcam_front_lidar.ply,0.15,800,0.9,0.14752,0.31998,1,0.16635,0.99658,0.14489
000650_lcam_front_lidar.ply,0.15,800,0.9,0.20737,0.30497,1,0.17081,0.99669,0.17481
000651_lcam_front_lidar.ply,0.15,800,0.9,0.16236,0.25745,1,0.09513,0.99609,0.12898
000652_lcam_front_lidar.ply,0.15,800,0.9,0.15058,0.31725,1,0.16113,0.99716,0.14209
000653_lcam_front_lidar.ply,0.15,800,0.9,0.15566,0.30565,1,0.14793,0.99701,0.13866
000654_lcam_front_lidar.ply,0.15,800,0.9,0.1569,0.29928,1,0.14574,0.99715,0.14742
000655_lcam_front_lidar.ply,0.15,800,0.9,0.15122,0.30295,1,0.14794,0.99688,0.14623
000656_lcam_front_lidar.ply,0.15,800,0.9,0.16532,0.30339,1,0.14866,0.99635,0.14654
000657_lcam_front_lidar.ply,0.15,800,0.9,0.15545,0.30744,1,0.15227,0.99644,0.14643
000658_lcam_front_lidar.ply,0.15,800,0.9,0.16985,0.30001,1,0.14339,0.99658,0.13789
000659_lcam_front_lidar.ply,0.15,800,0.9,0.19286,0.29435,1,0.14035,0.9965,0.14083
000660_lcam_front_lidar.ply,0.15,800,0.9,0.15888,0.30004,1,0.14326,0.99697,0.13988
000661_lcam_front_lidar.ply,0.15,800,0.9,0.16014,0.30316,1,0.14282,0.99682,0.13274
000662_lcam_front_lidar.ply,0.15,800,0.9,0.15759,0.29423,1,0.13891,0.9971,0.14436
000663_lcam_front_lidar.ply,0.15,800,0.9,0.17594,0.28228,1,0.13552,0.996,0.15722
000664_lcam_front_lidar.ply,0.15,800,0.9,0.17455,0.29476,1,0.14761,0.99724,0.15204
000665_lcam_front_lidar.ply,0.15,800,0.9,0.1414,0.27853,1,0.1195,0.99896,0.1378
000666_lcam_front_lidar.ply,0.15,800,0.9,0.16609,0.27876,1,0.1264,0.9991,0.14817
000667_lcam_front_lidar.ply,0.15,800,0.9,0.13231,0.29627,1,0.1536,0.9996,0.16927
000668_lcam_front_lidar.ply,0.15,800,0.9,0.14432,0.28164,1,0.12862,0.9991,0.15308
000669_lcam_front_lidar.ply,0.15,800,0.9,0.17209,0.27763,1,0.12421,0.99908,0.14342
000670_lcam_front_lidar.ply,0.15,800,0.9,0.163,0.27917,1,0.11886,0.9972,0.13118
000671_lcam_front_lidar.ply,0.15,800,0.9,0.15239,0.29855,1,0.15517,0.99929,0.16755
000672_lcam_front_lidar.ply,0.15,800,0.9,0.16457,0.2825,1,0.13225,0.99916,0.15166
000673_lcam_front_lidar.ply,0.15,800,0.9,0.16118,0.28642,1,0.13301,0.99858,0.14489
000674_lcam_front_lidar.ply,0.15,800,0.9,0.14503,0.28406,1,0.13238,0.99949,0.15228
000675_lcam_front_lidar.ply,0.15,800,0.9,0.13274,0.28555,1,0.13323,0.99897,0.15157
000676_lcam_front_lidar.ply,0.15,800,0.9,0.14684,0.28541,1,0.12989,0.99875,0.14457
000677_lcam_front_lidar.ply,0.15,800,0.9,0.14318,0.28899,1,0.14276,0.99905,0.16094
000678_lcam_front_lidar.ply,0.15,800,0.9,0.1355,0.29461,1,0.14508,0.99918,0.16047
000679_lcam_front_lidar.ply,0.15,800,0.9,0.12876,0.30604,1,0.15651,0.99903,0.1554
000680_lcam_front_lidar.ply,0.15,800,0.9,0.12367,0.30112,1,0.1493,0.99875,0.15148
000681_lcam_front_lidar.ply,0.15,800,0.9,0.12874,0.31416,1,0.15691,0.99835,0.14692
000682_lcam_front_lidar.ply,0.15,800,0.9,0.1344,0.30341,1,0.15171,0.99902,0.15147
000683_lcam_front_lidar.ply,0.15,800,0.9,0.1406,0.29719,1,0.14899,0.99912,0.1575
000684_lcam_front_lidar.ply,0.15,800,0.9,0.12773,0.30114,1,0.15098,0.99881,0.15927
000685_lcam_front_lidar.ply,0.15,800,0.9,0.12812,0.29664,1,0.14582,0.99907,0.15753
000686_lcam_front_lidar.ply,0.15,800,0.9,0.11102,0.30403,1,0.15123,0.99913,0.15868
000687_lcam_front_lidar.ply,0.15,800,0.9,0.10916,0.29922,1,0.14608,0.99887,0.15736
000688_lcam_front_lidar.ply,0.15,800,0.9,0.11727,0.30026,1,0.15457,0.99911,0.16866
000689_lcam_front_lidar.ply,0.15,800,0.9,0.12655,0.29868,1,0.14621,0.99895,0.153
000690_lcam_front_lidar.ply,0.15,800,0.9,0.12364,0.29483,1,0.1426,0.99914,0.15563
000691_lcam_front_lidar.ply,0.15,800,0.9,0.10334,0.30081,1,0.14667,0.99912,0.15501
000692_lcam_front_lidar.ply,0.15,800,0.9,0.1342,0.29769,1,0.14754,0.99873,0.15712
000693_lcam_front_lidar.ply,0.15,800,0.9,0.13479,0.29399,1,0.13933,0.99902,0.14844
000694_lcam_front_lidar.ply,0.15,800,0.9,0.12503,0.29457,1,0.14109,0.99867,0.1498
000695_lcam_front_lidar.ply,0.15,800,0.9,0.12943,0.29122,1,0.13938,0.99905,0.15194
000696_lcam_front_lidar.ply,0.15,800,0.9,0.11643,0.29312,1,0.13658,0.99896,0.14895
000697_lcam_front_lidar.ply,0.15,800,0.9,0.11721,0.29812,1,0.14242,0.99903,0.15102
000698_lcam_front_lidar.ply,0.15,800,0.9,0.12549,0.31052,1,0.14992,0.99893,0.13795
000699_lcam_front_lidar.ply,0.15,800,0.9,0.12168,0.30544,1,0.15299,0.99843,0.15459
000700_lcam_front_lidar.ply,0.15,800,0.9,0.11108,0.29675,1,0.14476,0.99863,0.15852
000701_lcam_front_lidar.ply,0.15,800,0.9,0.10226,0.31534,1,0.16134,0.9987,0.1547
000702_lcam_front_lidar.ply,0.15,800,0.9,0.12066,0.29835,1,0.14614,0.9987,0.15235
000703_lcam_front_lidar.ply,0.15,800,0.9,0.127,0.2928,1,0.13907,0.99893,0.15099
000704_lcam_front_lidar.ply,0.15,800,0.9,0.12911,0.3075,1,0.15136,0.99905,0.14618
000705_lcam_front_lidar.ply,0.15,800,0.9,0.13005,0.29073,1,0.13373,0.99882,0.14524
000706_lcam_front_lidar.ply,0.15,800,0.9,0.12948,0.29172,1,0.13883,0.99874,0.15184
000707_lcam_front_lidar.ply,0.15,800,0.9,0.13338,0.28695,1,0.13489,0.99844,0.1564
000708_lcam_front_lidar.ply,0.15,800,0.9,0.1438,0.30861,1,0.15968,0.9988,0.15601
000709_lcam_front_lidar.ply,0.15,800,0.9,0.13288,0.28976,1,0.13813,0.99861,0.1535
000710_lcam_front_lidar.ply,0.15,800,0.9,0.13479,0.29756,1,0.14336,0.99837,0.14885
000711_lcam_front_lidar.ply,0.15,800,0.9,0.12827,0.29215,1,0.13977,0.99856,0.15279
000712_lcam_front_lidar.ply,0.15,800,0.9,0.12826,0.29995,1,0.14427,0.99882,0.14642
000713_lcam_front_lidar.ply,0.15,800,0.9,0.11868,0.30282,1,0.14494,0.99838,0.14567
000714_lcam_front_lidar.ply,0.15,800,0.9,0.12111,0.28696,1,0.13195,0.99822,0.1478
000715_lcam_front_lidar.ply,0.15,800,0.9,0.15622,0.29345,1,0.14849,0.99757,0.15904
000716_lcam_front_lidar.ply,0.15,800,0.9,0.10843,0.31416,1,0.15839,0.9986,0.14933
000717_lcam_front_lidar.ply,0.15,800,0.9,0.1268,0.30197,1,0.14735,0.99875,0.14586
000718_lcam_front_lidar.ply,0.2,800,0.9,0.13345,0.3338,1,0.21867,0.99909,0.22426
000719_lcam_front_lidar.ply,0.15,800,0.9,0.12335,0.3199,1,0.17153,0.99879,0.16112
000720_lcam_front_lidar.ply,0.15,800,0.9,0.13666,0.31331,1,0.16697,0.99856,0.15926
000721_lcam_front_lidar.ply,0.15,800,0.9,0.12278,0.32183,1,0.17349,0.99852,0.16368
000722_lcam_front_lidar.ply,0.15,800,0.9,0.12057,0.31833,1,0.16667,0.99832,0.15585
000723_lcam_front_lidar.ply,0.15,800,0.9,0.13314,0.32172,1,0.17448,0.99817,0.15993
000724_lcam_front_lidar.ply,0.15,800,0.9,0.1168,0.31247,1,0.16177,0.99834,0.15617
000725_lcam_front_lidar.ply,0.15,800,0.9,0.12761,0.30203,1,0.1534,0.99868,0.15571
000726_lcam_front_lidar.ply,0.15,800,0.9,0.12508,0.31304,1,0.16207,0.99839,0.1546
000727_lcam_front_lidar.ply,0.15,800,0.9,0.13637,0.30034,1,0.14998,0.99878,0.15419
000728_lcam_front_lidar.ply,0.15,800,0.9,0.11645,0.31961,1,0.16924,0.99814,0.15923
000729_lcam_front_lidar.ply,0.15,800,0.9,0.11598,0.31165,1,0.15783,0.99807,0.14905
000730_lcam_front_lidar.ply,0.15,800,0.9,0.13602,0.31905,1,0.17207,0.99848,0.1558
000731_lcam_front_lidar.ply,0.15,800,0.9,0.13186,0.31358,1,0.15417,0.99815,0.13656
000732_lcam_front_lidar.ply,0.15,800,0.9,0.13774,0.29651,1,0.15074,0.9975,0.15894
000733_lcam_front_lidar.ply,0.15,800,0.9,0.1139,0.3267,1,0.18117,0.99836,0.16612
000734_lcam_front_lidar.ply,0.15,800,0.9,0.11544,0.32934,1,0.1823,0.99852,0.16309
000735_lcam_front_lidar.ply,0.15,800,0.9,0.14183,0.31521,1,0.17341,0.99795,0.16887
000736_lcam_front_lidar.ply,0.15,800,0.9,0.14348,0.30871,1,0.15943,0.99823,0.15416
000737_lcam_front_lidar.ply,0.15,800,0.9,0.15596,0.30544,1,0.16897,0.99802,0.17494
000738_lcam_front_lidar.ply,0.15,800,0.9,0.13701,0.30051,1,0.15841,0.99771,0.17229
000739_lcam_front_lidar.ply,0.15,800,0.9,0.13851,0.32249,1,0.18445,0.99837,0.17662
000740_lcam_front_lidar.ply,0.15,800,0.9,0.13623,0.31228,1,0.17335,0.99815,0.1789
000741_lcam_front_lidar.ply,0.15,800,0.9,0.12592,0.32168,1,0.1717,0.99822,0.15686
000742_lcam_front_lidar.ply,0.15,800,0.9,0.13185,0.31485,1,0.17108,0.99799,0.16906
000743_lcam_front_lidar.ply,0.15,800,0.9,0.14776,0.3218,1,0.17348,0.99832,0.158
000744_lcam_front_lidar.ply,0.15,800,0.9,0.13729,0.31184,1,0.17232,0.99757,0.1751
000745_lcam_front_lidar.ply,0.15,800,0.9,0.14797,0.30584,1,0.16678,0.99772,0.17042
000746_lcam_front_lidar.ply,0.15,800,0.9,0.12231,0.32134,1,0.18078,0.99809,0.17498
000747_lcam_front_lidar.ply,0.15,800,0.9,0.12893,0.31404,1,0.17056,0.998,0.16853
000748_lcam_front_lidar.ply,0.15,800,0.9,0.14512,0.32179,1,0.17828,0.99823,0.16825
000749_lcam_front_lidar.ply,0.15,800,0.9,0.16014,0.30996,1,0.17287,0.99778,0.17386
000750_lcam_front_lidar.ply,0.15,800,0.9,0.13615,0.32503,1,0.1863,0.99792,0.17618
000751_lcam_front_lidar.ply,0.15,800,0.9,0.14747,0.32567,1,0.18461,0.99847,0.17081
000752_lcam_front_lidar.ply,0.15,800,0.9,0.13826,0.32356,1,0.1821,0.99799,0.17372
000753_lcam_front_lidar.ply,0.15,800,0.9,0.13685,0.32104,1,0.18023,0.99773,0.17165
000754_lcam_front_lidar.ply,0.15,800,0.9,0.16768,0.31667,1,0.17889,0.99794,0.16862
000755_lcam_front_lidar.ply,0.15,800,0.9,0.14009,0.33046,1,0.19156,0.99783,0.17433
000756_lcam_front_lidar.ply,0.15,800,0.9,0.11765,0.32948,1,0.18716,0.99816,0.17285
000757_lcam_front_lidar.ply,0.15,800,0.9,0.1276,0.33553,1,0.19458,0.99819,0.17557
000758_lcam_front_lidar.ply,0.15,800,0.9,0.16106,0.32191,1,0.18068,0.9982,0.16884
000759_lcam_front_lidar.ply,0.15,800,0.9,0.14458,0.32518,1,0.18349,0.9979,0.17064
000760_lcam_front_lidar.ply,0.15,800,0.9,0.14664,0.32502,1,0.18204,0.99785,0.16967
000761_lcam_front_lidar.ply,0.15,800,0.9,0.13901,0.3296,1,0.18818,0.99786,0.16819
000762_lcam_front_lidar.ply,0.15,800,0.9,0.12523,0.32544,1,0.17291,0.99823,0.15569
000763_lcam_front_lidar.ply,0.15,800,0.9,0.12506,0.33871,1,0.19632,0.99824,0.17345
000764_lcam_front_lidar.ply,0.15,800,0.9,0.14508,0.32602,1,0.18419,0.99783,0.16781
000765_lcam_front_lidar.ply,0.15,800,0.9,0.14308,0.32672,1,0.18694,0.99782,0.17112
000766_lcam_front_lidar.ply,0.15,800,0.9,0.16716,0.31978,1,0.18053,0.99808,0.16706
000767_lcam_front_lidar.ply,0.15,800,0.9,0.1415,0.328,1,0.1899,0.99799,0.17455
000768_lcam_front_lidar.ply,0.15,800,0.9,0.13816,0.32998,1,0.19172,0.99804,0.17473
000769_lcam_front_lidar.ply,0.15,800,0.9,0.12648,0.32752,1,0.18411,0.99786,0.16937
000770_lcam_front_lidar.ply,0.15,800,0.9,0.15916,0.33417,1,0.19366,0.99811,0.16961
000771_lcam_front_lidar.ply,0.15,800,0.9,0.14774,0.32944,1,0.19111,0.99798,0.17257
000772_lcam_front_lidar.ply,0.15,800,0.9,0.12289,0.33063,1,0.18699,0.99778,0.16857
000773_lcam_front_lidar.ply,0.15,800,0.9,0.16683,0.32432,1,0.18586,0.99773,0.17292
000774_lcam_front_lidar.ply,0.15,800,0.9,0.1349,0.33173,1,0.19111,0.99805,0.17175
000775_lcam_front_lidar.ply,0.15,800,0.9,0.12093,0.33087,1,0.18939,0.99804,0.16963
000776_lcam_front_lidar.ply,0.15,800,0.9,0.14335,0.33378,1,0.19186,0.99793,0.1681
000777_lcam_front_lidar.ply,0.15,800,0.9,0.147,0.32229,1,0.17644,0.9979,0.15697
000778_lcam_front_lidar.ply,0.15,800,0.9,0.13253,0.32864,1,0.18415,0.99809,0.16141
000779_lcam_front_lidar.ply,0.2,800,0.9,0.11387,0.33758,1,0.22269,0.99848,0.22168
000780_lcam_front_lidar.ply,0.15,800,0.9,0.1466,0.33077,1,0.19908,0.99872,0.18545
000781_lcam_front_lidar.ply,0.15,800,0.9,0.13389,0.32619,1,0.1843,0.99801,0.16924
000782_lcam_front_lidar.ply,0.15,800,0.9,0.1426,0.32233,1,0.18271,0.99806,0.17058
000783_lcam_front_lidar.ply,0.15,800,0.9,0.14327,0.32375,1,0.1788,0.99805,0.16112
000784_lcam_front_lidar.ply,0.15,800,0.9,0.13787,0.32256,1,0.18005,0.99787,0.1645
000785_lcam_front_lidar.ply,0.15,800,0.9,0.15082,0.32437,1,0.1844,0.99802,0.1691
000786_lcam_front_lidar.ply,0.15,800,0.9,0.13973,0.32881,1,0.18706,0.998,0.16572
000787_lcam_front_lidar.ply,0.2,800,0.9,0.12718,0.34133,1,0.22637,0.99813,0.21495
000788_lcam_front_lidar.ply,0.15,800,0.9,0.13545,0.33659,1,0.19492,0.99883,0.17287
000789_lcam_front_lidar.ply,0.15,800,0.9,0.12711,0.32967,1,0.18729,0.99777,0.16688
000790_lcam_front_lidar.ply,0.15,800,0.9,0.14329,0.32308,1,0.17824,0.998,0.16029
000791_lcam_front_lidar.ply,0.15,800,0.9,0.13268,0.32046,1,0.16842,0.99774,0.14895
000792_lcam_front_lidar.ply,0.15,800,0.9,0.14423,0.32649,1,0.18629,0.99761,0.16474
000793_lcam_front_lidar.ply,0.15,800,0.9,0.13553,0.3062,1,0.15827,0.99775,0.15626
000794_lcam_front_lidar.ply,0.15,800,0.9,0.13862,0.30764,1,0.1576,0.99777,0.14869
000795_lcam_front_lidar.ply,0.15,800,0.9,0.13208,0.31913,1,0.18492,0.9986,0.1836
000796_lcam_front_lidar.ply,0.15,800,0.9,0.1499,0.29545,1,0.15418,0.99751,0.16541
000797_lcam_front_lidar.ply,0.15,800,0.9,0.13081,0.29318,1,0.14688,0.99759,0.15824
000798_lcam_front_lidar.ply,0.2,800,0.9,0.11926,0.31893,1,0.19646,0.99828,0.20373
000799_lcam_front_lidar.ply,0.15,800,0.9,0.12324,0.29686,1,0.14279,0.99744,0.14635
000800_lcam_front_lidar.ply,0.2,800,0.9,0.1189,0.32895,1,0.21375,0.9984,0.21871
000801_lcam_front_lidar.ply,0.15,800,0.9,0.1266,0.29157,1,0.14909,0.99731,0.16435
000802_lcam_front_lidar.ply,0.15,800,0.9,0.12285,0.30346,1,0.15862,0.99772,0.16238
000803_lcam_front_lidar.ply,0.2,800,0.9,0.13404,0.3274,1,0.21006,0.99823,0.21272
000804_lcam_front_lidar.ply,0.2,800,0.9,0.13237,0.33474,1,0.21227,0.9984,0.20556
000805_lcam_front_lidar.ply,0.15,800,0.9,0.11041,0.29972,1,0.15432,0.99746,0.16439
000806_lcam_front_lidar.ply,0.2,800,0.9,0.14857,0.32396,1,0.20345,0.99831,0.20583
000807_lcam_front_lidar.ply,0.15,800,0.9,0.11701,0.31336,1,0.16637,0.99755,0.16296
000808_lcam_front_lidar.ply,0.2,800,0.9,0.11615,0.32388,1,0.20286,0.99817,0.20943
000809_lcam_front_lidar.ply,0.2,800,0.9,0.12933,0.31939,1,0.19647,0.99795,0.19988
000810_lcam_front_lidar.ply,0.2,800,0.9,0.11719,0.32339,1,0.20075,0.99847,0.20979
000811_lcam_front_lidar.ply,0.2,800,0.9,0.12691,0.32062,1,0.19541,0.9982,0.20082
000812_lcam_front_lidar.ply,0.15,800,0.9,0.13356,0.3166,1,0.17908,0.99829,0.17655
000813_lcam_front_lidar.ply,0.2,800,0.9,0.12837,0.31864,1,0.20101,0.99829,0.21352
000814_lcam_front_lidar.ply,0.2,800,0.9,0.12309,0.30839,1,0.20235,0.99711,0.23617
000815_lcam_front_lidar.ply,0.2,800,0.9,0.12708,0.30887,1,0.18824,0.99804,0.20599
000816_lcam_front_lidar.ply,0.2,800,0.9,0.13286,0.31436,1,0.19809,0.9984,0.21564
000817_lcam_front_lidar.ply,0.2,800,0.9,0.12225,0.3183,1,0.20073,0.99823,0.21261
000818_lcam_front_lidar.ply,0.15,800,0.9,0.1274,0.30055,1,0.15426,0.99736,0.15942
000819_lcam_front_lidar.ply,0.2,800,0.9,0.11129,0.32101,1,0.1988,0.99826,0.20554
000820_lcam_front_lidar.ply,0.2,800,0.9,0.136,0.31449,1,0.20169,0.99802,0.2201
000821_lcam_front_lidar.ply,0.2,800,0.9,0.12614,0.31219,1,0.18509,0.99809,0.19594
000822_lcam_front_lidar.ply,0.2,800,0.9,0.11264,0.31315,1,0.19067,0.99805,0.2062
000823_lcam_front_lidar.ply,0.15,800,0.9,0.14817,0.30072,1,0.15849,0.99744,0.16224
000824_lcam_front_lidar.ply,0.2,800,0.9,0.11999,0.31729,1,0.2087,0.99844,0.22933
000825_lcam_front_lidar.ply,0.2,800,0.9,0.11823,0.31913,1,0.19651,0.99809,0.20725
000826_lcam_front_lidar.ply,0.2,800,0.9,0.14703,0.31328,1,0.19687,0.99789,0.2103
000827_lcam_front_lidar.ply,0.15,800,0.9,0.11187,0.30267,1,0.16023,0.99699,0.16765
000828_lcam_front_lidar.ply,0.15,800,0.9,0.12657,0.2958,1,0.15115,0.99739,0.16139
000829_lcam_front_lidar.ply,0.2,800,0.9,0.12523,0.29939,1,0.17789,0.99773,0.20509
000830_lcam_front_lidar.ply,0.15,800,0.9,0.12773,0.29497,1,0.1482,0.99727,0.15688
000831_lcam_front_lidar.ply,0.2,800,0.9,0.17647,0.30455,1,0.19207,0.99848,0.21039
000832_lcam_front_lidar.ply,0.2,800,0.9,0.14863,0.29466,1,0.18434,0.9987,0.22371
000833_lcam_front_lidar.ply,0.2,800,0.9,0.13348,0.29682,1,0.17989,0.9971,0.2148
000834_lcam_front_lidar.ply,0.2,800,0.9,0.14975,0.29875,1,0.17933,0.99774,0.20139
000835_lcam_front_lidar.ply,0.2,800,0.9,0.13004,0.3018,1,0.1874,0.99812,0.21908
000836_lcam_front_lidar.ply,0.2,800,0.9,0.11816,0.29916,1,0.19582,0.99743,0.24268
000837_lcam_front_lidar.ply,0.2,800,0.9,0.13649,0.29246,1,0.17395,0.99791,0.20775
000838_lcam_front_lidar.ply,0.2,800,0.9,0.12948,0.30028,1,0.1883,0.99787,0.22686
000839_lcam_front_lidar.ply,0.15,800,0.9,0.12462,0.29375,1,0.1491,0.99743,0.16224
000840_lcam_front_lidar.ply,0.2,800,0.9,0.12482,0.30764,1,0.19025,0.99835,0.2135
000841_lcam_front_lidar.ply,0.2,800,0.9,0.1289,0.29647,1,0.1741,0.99791,0.20501
000842_lcam_front_lidar.ply,0.15,800,0.9,0.10853,0.29722,1,0.16224,0.99829,0.18728
000843_lcam_front_lidar.ply,0.2,800,0.9,0.13772,0.30001,1,0.18759,0.99801,0.22044
000844_lcam_front_lidar.ply,0.2,800,0.9,0.12844,0.30553,1,0.19458,0.99717,0.22759
000845_lcam_front_lidar.ply,0.2,800,0.9,0.14532,0.30091,1,0.18184,0.99822,0.20621
000846_lcam_front_lidar.ply,0.15,800,0.9,0.1234,0.29599,1,0.15557,0.99702,0.17268
000847_lcam_front_lidar.ply,0.2,800,0.9,0.11181,0.30408,1,0.18764,0.99664,0.21749
000848_lcam_front_lidar.ply,0.2,800,0.9,0.12879,0.30704,1,0.19298,0.99747,0.22065
000849_lcam_front_lidar.ply,0.2,800,0.9,0.12524,0.30975,1,0.18802,0.99826,0.20712
000850_lcam_front_lidar.ply,0.15,800,0.9,0.11496,0.29979,1,0.15488,0.99709,0.16515
000851_lcam_front_lidar.ply,0.2,800,0.9,0.11262,0.31952,1,0.20079,0.99847,0.21276
000852_lcam_front_lidar.ply,0.2,800,0.9,0.1275,0.30367,1,0.18862,0.99805,0.21821
000853_lcam_front_lidar.ply,0.2,800,0.9,0.12595,0.30146,1,0.195,0.99705,0.23213
000854_lcam_front_lidar.ply,0.15,800,0.9,0.12443,0.3022,1,0.16522,0.9969,0.17983
000855_lcam_front_lidar.ply,0.15,800,0.9,0.15113,0.30019,1,0.1564,0.99742,0.16109
000856_lcam_front_lidar.ply,0.15,800,0.9,0.12363,0.30038,1,0.16639,0.99695,0.18464
000857_lcam_front_lidar.ply,0.15,800,0.9,0.14511,0.29558,1,0.15862,0.99723,0.17194
000858_lcam_front_lidar.ply,0.15,800,0.9,0.14472,0.28974,1,0.15215,0.9973,0.17034
000859_lcam_front_lidar.ply,0.15,800,0.9,0.12006,0.29912,1,0.15721,0.9976,0.16696
000860_lcam_front_lidar.ply,0.15,800,0.9,0.14696,0.3026,1,0.15951,0.99723,0.16522
000861_lcam_front_lidar.ply,0.15,800,0.9,0.13802,0.30385,1,0.17657,0.99828,0.19539
000862_lcam_front_lidar.ply,0.2,800,0.9,0.12302,0.30257,1,0.1866,0.99834,0.21665
000863_lcam_front_lidar.ply,0.15,800,0.9,0.12096,0.30011,1,0.15797,0.9972,0.16899
000864_lcam_front_lidar.ply,0.15,800,0.9,0.12742,0.30237,1,0.16103,0.99685,0.16883
000865_lcam_front_lidar.ply,0.15,800,0.9,0.12962,0.3034,1,0.16055,0.99722,0.16531
000866_lcam_front_lidar.ply,0.15,800,0.9,0.11581,0.29997,1,0.16014,0.9959,0.17012
000867_lcam_front_lidar.ply,0.15,800,0.9,0.13306,0.29992,1,0.15547,0.99671,0.16219
000868_lcam_front_lidar.ply,0.15,800,0.9,0.1286,0.30455,1,0.16019,0.99616,0.16469
000869_lcam_front_lidar.ply,0.15,800,0.9,0.11701,0.30432,1,0.16557,0.99688,0.17381
000870_lcam_front_lidar.ply,0.15,800,0.9,0.13006,0.29146,1,0.15154,0.99577,0.16919
000871_lcam_front_lidar.ply,0.15,800,0.9,0.12294,0.28785,1,0.15145,0.99554,0.1759
000872_lcam_front_lidar.ply,0.15,800,0.9,0.12692,0.3035,1,0.16267,0.99741,0.17375
000873_lcam_front_lidar.ply,0.15,800,0.9,0.13771,0.29977,1,0.16099,0.99732,0.17352
000874_lcam_front_lidar.ply,0.15,800,0.9,0.12093,0.29177,1,0.14532,0.9954,0.16424
000875_lcam_front_lidar.ply,0.15,800,0.9,0.13899,0.29398,1,0.15585,0.9972,0.17529
000876_lcam_front_lidar.ply,0.15,800,0.9,0.12482,0.28268,1,0.13982,0.99626,0.16707
000877_lcam_front_lidar.ply,0.15,800,0.9,0.13577,0.29633,1,0.16106,0.99698,0.1782
000878_lcam_front_lidar.ply,0.15,800,0.9,0.13659,0.299,1,0.16713,0.99612,0.18944
000879_lcam_front_lidar.ply,0.15,800,0.9,0.13099,0.29812,1,0.16567,0.99493,0.18647
000880_lcam_front_lidar.ply,0.15,800,0.9,0.13927,0.29156,1,0.15293,0.99614,0.17423
000881_lcam_front_lidar.ply,0.15,800,0.9,0.12692,0.24769,1,0.11437,0.96026,0.18585
000882_lcam_front_lidar.ply,0.15,800,0.9,0.13554,0.27413,1,0.14909,0.9976,0.2048
000883_lcam_front_lidar.ply,0.15,800,0.9,0.12156,0.29073,1,0.16536,0.99562,0.20108
000884_lcam_front_lidar.ply,0.15,800,0.9,0.13009,0.29457,1,0.1662,0.99666,0.19913
000885_lcam_front_lidar.ply,0.15,800,0.9,0.12478,0.29792,1,0.16963,0.99523,0.19844
000886_lcam_front_lidar.ply,0.15,800,0.9,0.15951,0.28724,1,0.16097,0.99514,0.19298
000887_lcam_front_lidar.ply,0.2,800,0.9,0.12031,0.29231,1,0.19341,0.99235,0.2496
000888_lcam_front_lidar.ply,0.15,800,0.9,0.15626,0.27867,1,0.147,0.99677,0.18146
000889_lcam_front_lidar.ply,0.15,800,0.9,0.16134,0.27482,1,0.15155,0.997,0.19629
000890_lcam_front_lidar.ply,0.15,800,0.9,0.21295,0.25838,1,0.12446,0.9606,0.16757
000891_lcam_front_lidar.ply,0.2,800,0.9,0.16682,0.23921,1,0.13313,0.95255,0.23087
000892_lcam_front_lidar.ply,0.15,800,0.9,0.13528,0.25192,1,0.10619,0.95795,0.15854
000893_lcam_front_lidar.ply,0.15,800,0.9,0.13636,0.23874,1,0.08847,0.95719,0.14882
000894_lcam_front_lidar.ply,0.2,800,0.9,0.17056,0.24396,1,0.12339,0.95677,0.19861
000895_lcam_front_lidar.ply,0.15,800,0.9,0.17852,0.24088,1,0.10853,0.96166,0.17691
000896_lcam_front_lidar.ply,0.2,800,0.9,0.21113,0.22723,1,0.11349,0.95708,0.2033
000897_lcam_front_lidar.ply,0.15,800,0.9,0.17327,0.23665,1,0.09673,0.95924,0.16709
000898_lcam_front_lidar.ply,0.15,800,0.9,0.17398,0.23526,1,0.08976,0.95736,0.15558
000899_lcam_front_lidar.ply,0.15,800,0.9,0.16416,0.25346,1,0.12354,0.96446,0.1887
000900_lcam_front_lidar.ply,0.15,800,0.9,0.15008,0.26108,1,0.11838,0.95855,0.16008
000901_lcam_front_lidar.ply,0.2,800,0.9,0.19563,0.2075,1,0.06377,0.95329,0.14705
000902_lcam_front_lidar.ply,0.15,800,0.9,0.16888,0.2139,1,0.05863,0.95338,0.13305
000903_lcam_front_lidar.ply,0.15,800,0.9,0.1498,0.2516,1,0.09921,0.95595,0.14021
000904_lcam_front_lidar.ply,0.15,800,0.9,0.12714,0.25658,1,0.10875,0.95884,0.15653
000905_lcam_front_lidar.ply,0.15,800,0.9,0.13091,0.22275,1,0.06355,0.95341,0.1326
000906_lcam_front_lidar.ply,0.2,800,0.9,0.13481,0.24663,1,0.11652,0.95542,0.18816
000907_lcam_front_lidar.ply,0.15,800,0.9,0.24389,0.207,1,0.05735,0.95228,0.13042
000908_lcam_front_lidar.ply,0.15,800,0.9,0.16838,0.2174,1,0.0607,0.95138,0.12768
000909_lcam_front_lidar.ply,0.15,800,0.9,0.17268,0.2186,1,0.06277,0.95328,0.13456
000910_lcam_front_lidar.ply,0.2,800,0.9,0.15405,0.20489,1,0.04909,0.95226,0.13309
000911_lcam_front_lidar.ply,0.2,800,0.9,0.14803,0.21468,1,0.07233,0.9526,0.15919
000912_lcam_front_lidar.ply,0.2,800,0.9,0.1361,0.22008,1,0.06394,0.94898,0.13901
000913_lcam_front_lidar.ply,0.2,800,0.9,0.13021,0.2343,1,0.10959,0.95688,0.20111
000914_lcam_front_lidar.ply,0.2,800,0.9,0.10411,0.22777,1,0.10487,0.96698,0.21038
000915_lcam_front_lidar.ply,0.15,800,0.9,0.12298,0.23798,1,0.09346,0.95283,0.1653
000916_lcam_front_lidar.ply,0.2,800,0.9,0.12337,0.20451,1,0.0583,0.95402,0.15528
000917_lcam_front_lidar.ply,0.2,800,0.9,0.15189,0.20945,1,0.01017,0.96086,0.04608
000918_lcam_front_lidar.ply,0.2,800,0.9,0.16581,0.21926,1,0.10806,0.95914,0.21651
000919_lcam_front_lidar.ply,0.2,800,0.9,0.13876,0.23372,1,0.10509,0.95532,0.19116
000920_lcam_front_lidar.ply,0.15,800,0.9,0.1652,0.23399,1,0.09706,0.96378,0.17292
000921_lcam_front_lidar.ply,0.2,800,0.9,0.15365,0.22379,1,0.10111,0.96605,0.20153
000922_lcam_front_lidar.ply,0.2,800,0.9,0.15208,0.22131,1,0.00076,0.99985,6e-05
000923_lcam_front_lidar.ply,0.2,800,0.9,0.12821,0.21108,1,0.00308,0.93249,0.03966
000924_lcam_front_lidar.ply,0.2,800,0.9,0.1518,0.19607,1,0.06069,0.9546,0.17781
000925_lcam_front_lidar.ply,0.2,800,0.9,0.13882,0.22872,1,0.10474,0.95872,0.20654
000926_lcam_front_lidar.ply,0.2,800,0.9,0.12911,0.20782,1,0.0572,0.95137,0.15282
000927_lcam_front_lidar.ply,0.2,800,0.9,0.12739,0.2149,1,0.0948,0.95894,0.21265
000928_lcam_front_lidar.ply,0.2,800,0.9,0.11262,0.22831,1,0.00064,0.99985,0.00012
000929_lcam_front_lidar.ply,0.2,800,0.9,0.12134,0.22898,1,0.0013,0.98113,0.00173
000930_lcam_front_lidar.ply,0.2,800,0.9,0.10362,0.21706,1,0.10574,0.96607,0.23477
000931_lcam_front_lidar.ply,0.2,800,0.9,0.24906,0.21805,1,0.00152,0.99864,0.00025
000932_lcam_front_lidar.ply,0.2,800,0.9,0.16354,0.20011,1,0.01287,0.94234,0.07397
000933_lcam_front_lidar.ply,0.2,800,0.9,0.14434,0.2099,1,0.08757,0.96562,0.20778
000934_lcam_front_lidar.ply,0.2,800,0.9,0.1168,0.32372,1,0.2024,0.99183,0.219
000935_lcam_front_lidar.ply,0.2,800,0.9,0.12284,0.19764,1,0.06155,0.964,0.18032
000936_lcam_front_lidar.ply,0.2,800,0.9,0.10432,0.22532,1,0.09303,0.95533,0.19553
000937_lcam_front_lidar.ply,0.2,800,0.9,0.11438,0.19959,1,0.0189,0.98331,0.09505
000938_lcam_front_lidar.ply,0.2,800,0.9,0.09817,0.33107,1,0.2097,0.99257,0.21478
000939_lcam_front_lidar.ply,0.2,800,0.9,0.12108,0.34083,1,0.21529,0.99206,0.20424
000940_lcam_front_lidar.ply,0.2,800,0.9,0.12223,0.19197,1,0.05307,0.95819,0.17901
000941_lcam_front_lidar.ply,0.2,800,0.9,0.11479,0.35326,1,0.23329,0.99268,0.22107
000942_lcam_front_lidar.ply,0.2,800,0.9,0.11167,0.34512,1,0.21768,0.99216,0.20148
000943_lcam_front_lidar.ply,0.2,800,0.9,0.13793,0.33645,1,0.21215,0.99252,0.20529
000944_lcam_front_lidar.ply,0.2,800,0.9,0.13593,0.34651,1,0.22853,0.99246,0.21792
000945_lcam_front_lidar.ply,0.2,800,0.9,0.12052,0.34646,1,0.22413,0.99216,0.20494
000946_lcam_front_lidar.ply,0.2,800,0.9,0.12169,0.34576,1,0.2225,0.99245,0.21136
000947_lcam_front_lidar.ply,0.2,800,0.9,0.10807,0.3506,1,0.2242,0.99203,0.20209
000948_lcam_front_lidar.ply,0.2,800,0.9,0.1011,0.3507,1,0.23061,0.99232,0.21933
000949_lcam_front_lidar.ply,0.2,800,0.9,0.10256,0.34785,1,0.22057,0.99193,0.20337
000950_lcam_front_lidar.ply,0.2,800,0.9,0.12057,0.3448,1,0.21894,0.99203,0.20302
000951_lcam_front_lidar.ply,0.2,800,0.9,0.09695,0.33933,1,0.21881,0.99227,0.21619
000952_lcam_front_lidar.ply,0.2,800,0.9,0.16585,0.33493,1,0.21988,0.99217,0.21647
000953_lcam_front_lidar.ply,0.2,800,0.9,0.12498,0.33512,1,0.21079,0.99189,0.2049
000954_lcam_front_lidar.ply,0.2,800,0.9,0.15978,0.31632,1,0.18275,0.99193,0.18263
000955_lcam_front_lidar.ply,0.2,800,0.9,0.15013,0.33057,1,0.21052,0.99226,0.21187
000956_lcam_front_lidar.ply,0.2,800,0.9,0.15167,0.33058,1,0.2016,0.99192,0.19358
000957_lcam_front_lidar.ply,0.2,800,0.9,0.15186,0.33604,1,0.21005,0.99237,0.19952
000958_lcam_front_lidar.ply,0.2,800,0.9,0.14401,0.33543,1,0.21227,0.9925,0.20533
000959_lcam_front_lidar.ply,0.2,800,0.9,0.14114,0.33686,1,0.21571,0.99267,0.2091
000960_lcam_front_lidar.ply,0.2,800,0.9,0.17822,0.32923,1,0.20597,0.99245,0.19814
000961_lcam_front_lidar.ply,0.2,800,0.9,0.1411,0.34062,1,0.21126,0.99229,0.196
000962_lcam_front_lidar.ply,0.2,800,0.9,0.11544,0.33212,1,0.19522,0.99153,0.18511
000963_lcam_front_lidar.ply,0.2,800,0.9,0.10808,0.34583,1,0.21632,0.99251,0.19966
000964_lcam_front_lidar.ply,0.2,800,0.9,0.1164,0.33897,1,0.20832,0.99239,0.19778
000965_lcam_front_lidar.ply,0.2,800,0.9,0.13024,0.33718,1,0.20894,0.99251,0.19786
000966_lcam_front_lidar.ply,0.2,800,0.9,0.23247,0.32975,1,0.21106,0.9925,0.19804
000967_lcam_front_lidar.ply,0.2,800,0.9,0.13143,0.33723,1,0.20812,0.99265,0.19696
000968_lcam_front_lidar.ply,0.2,800,0.9,0.13729,0.34225,1,0.21855,0.99289,0.20853
000969_lcam_front_lidar.ply,0.2,800,0.9,0.16462,0.33837,1,0.21408,0.9926,0.20152
000970_lcam_front_lidar.ply,0.2,800,0.9,0.13909,0.33197,1,0.20629,0.99252,0.2025
000971_lcam_front_lidar.ply,0.2,800,0.9,0.15677,0.31708,1,0.1881,0.99214,0.18993
000972_lcam_front_lidar.ply,0.2,800,0.9,0.17387,0.32442,1,0.19995,0.99347,0.20023
000973_lcam_front_lidar.ply,0.2,800,0.9,0.13571,0.31987,1,0.18741,0.99277,0.18835
000974_lcam_front_lidar.ply,0.2,800,0.9,0.15693,0.31196,1,0.17309,0.99266,0.17244
000975_lcam_front_lidar.ply,0.2,800,0.9,0.1353,0.32666,1,0.20428,0.99329,0.20843
000976_lcam_front_lidar.ply,0.2,800,0.9,0.14681,0.32013,1,0.18465,0.99356,0.18416
000977_lcam_front_lidar.ply,0.2,800,0.9,0.15636,0.31563,1,0.1907,0.99329,0.20173
000978_lcam_front_lidar.ply,0.2,800,0.9,0.15326,0.31757,1,0.19169,0.9933,0.20253
000979_lcam_front_lidar.ply,0.2,800,0.9,0.16359,0.32931,1,0.20199,0.9942,0.1988
000980_lcam_front_lidar.ply,0.2,800,0.9,0.15389,0.31348,1,0.18761,0.99398,0.19574
000981_lcam_front_lidar.ply,0.2,800,0.9,0.18391,0.3104,1,0.18752,0.99404,0.20076
000982_lcam_front_lidar.ply,0.2,800,0.9,0.13156,0.30864,1,0.16752,0.99364,0.17393
000983_lcam_front_lidar.ply,0.2,800,0.9,0.11063,0.32226,1,0.17227,0.99363,0.16067
000984_lcam_front_lidar.ply,0.2,800,0.9,0.1567,0.31107,1,0.18127,0.99396,0.19048
000985_lcam_front_lidar.ply,0.2,800,0.9,0.15074,0.21491,1,0.03309,0.98563,0.08955
000986_lcam_front_lidar.ply,0.2,800,0.9,0.14041,0.30018,1,0.1733,0.99385,0.19853
000987_lcam_front_lidar.ply,0.2,800,0.9,0.12219,0.31151,1,0.1819,0.99614,0.19374
000988_lcam_front_lidar.ply,0.2,800,0.9,0.14065,0.3073,1,0.17529,0.9961,0.19244
000989_lcam_front_lidar.ply,0.2,800,0.9,0.11894,0.30917,1,0.16207,0.99372,0.16767
000990_lcam_front_lidar.ply,0.2,800,0.9,0.11862,0.29727,1,0.15492,0.9952,0.17616
000991_lcam_front_lidar.ply,0.2,800,0.9,0.128,0.32108,1,0.19115,0.99667,0.1943
000992_lcam_front_lidar.ply,0.2,800,0.9,0.12076,0.30508,1,0.16331,0.99539,0.17301
000993_lcam_front_lidar.ply,0.2,800,0.9,0.10001,0.32494,1,0.1932,0.99705,0.19981
000994_lcam_front_lidar.ply,0.2,800,0.9,0.12177,0.33592,1,0.19311,0.99759,0.17767
000995_lcam_front_lidar.ply,0.2,800,0.9,0.11096,0.32758,1,0.19444,0.99788,0.19461
000996_lcam_front_lidar.ply,0.2,800,0.9,0.12544,0.33093,1,0.19993,0.99632,0.19938
000997_lcam_front_lidar.ply,0.2,800,0.9,0.12617,0.33971,1,0.20514,0.99756,0.19616
000998_lcam_front_lidar.ply,0.2,800,0.9,0.13712,0.33589,1,0.20056,0.99763,0.1903
000999_lcam_front_lidar.ply,0.2,800,0.9,0.13194,0.33966,1,0.21449,0.99711,0.2101
001000_lcam_front_lidar.ply,0.2,800,0.9,0.14188,0.33051,1,0.20538,0.997,0.20786
001001_lcam_front_lidar.ply,0.2,800,0.9,0.14149,0.34345,1,0.21903,0.99719,0.20875
001002_lcam_front_lidar.ply,0.2,800,0.9,0.13986,0.34272,1,0.21438,0.99739,0.20354
001003_lcam_front_lidar.ply,0.2,800,0.9,0.14469,0.33364,1,0.20692,0.99724,0.20402
001004_lcam_front_lidar.ply,0.2,800,0.9,0.10621,0.35079,1,0.21392,0.9979,0.19164
001005_lcam_front_lidar.ply,0.2,800,0.9,0.11611,0.35155,1,0.21905,0.99778,0.20106
001006_lcam_front_lidar.ply,0.2,800,0.9,0.10487,0.3568,1,0.22391,0.99777,0.20062
001007_lcam_front_lidar.ply,0.2,800,0.9,0.10565,0.35034,1,0.22086,0.99736,0.20684
001008_lcam_front_lidar.ply,0.2,800,0.9,0.09879,0.36228,1,0.22518,0.99785,0.19476
001009_lcam_front_lidar.ply,0.2,800,0.9,0.16864,0.35107,1,0.22183,0.99782,0.1991
001010_lcam_front_lidar.ply,0.2,800,0.9,0.11941,0.35261,1,0.21948,0.9979,0.19717
001011_lcam_front_lidar.ply,0.2,800,0.9,0.11131,0.36165,1,0.22709,0.99787,0.19359
001012_lcam_front_lidar.ply,0.2,800,0.9,0.09662,0.36035,1,0.22347,0.99792,0.19544
001013_lcam_front_lidar.ply,0.2,800,0.9,0.0997,0.35094,1,0.2146,0.9977,0.19806
001014_lcam_front_lidar.ply,0.2,800,0.9,0.09334,0.35784,1,0.21866,0.99813,0.19044
001015_lcam_front_lidar.ply,0.2,800,0.9,0.09167,0.35984,1,0.22432,0.99754,0.20106
001016_lcam_front_lidar.ply,0.2,800,0.9,0.08359,0.3558,1,0.21833,0.99782,0.1956
001017_lcam_front_lidar.ply,0.2,800,0.9,0.1116,0.35192,1,0.2179,0.9975,0.1976
001018_lcam_front_lidar.ply,0.2,800,0.9,0.1182,0.35935,1,0.22317,0.99753,0.1933
001019_lcam_front_lidar.ply,0.2,800,0.9,0.13126,0.36613,1,0.22526,0.99807,0.17844
001020_lcam_front_lidar.ply,0.2,800,0.9,0.12587,0.36814,1,0.22838,0.99799,0.18166
001021_lcam_front_lidar.ply,0.2,800,0.9,0.12078,0.37646,1,0.23862,0.99797,0.18717
001022_lcam_front_lidar.ply,0.2,800,0.9,0.08702,0.36823,1,0.21957,0.99799,0.16976
001023_lcam_front_lidar.ply,0.2,800,0.9,0.09504,0.35832,1,0.21766,0.99744,0.18615
001024_lcam_front_lidar.ply,0.2,800,0.9,0.10998,0.37434,1,0.23636,0.99791,0.18796
001025_lcam_front_lidar.ply,0.2,800,0.9,0.09065,0.36819,1,0.22093,0.99798,0.17351
001026_lcam_front_lidar.ply,0.2,800,0.9,0.11454,0.36761,1,0.23294,0.99751,0.19279
001027_lcam_front_lidar.ply,0.2,800,0.9,0.101,0.36025,1,0.21964,0.9979,0.18217
001028_lcam_front_lidar.ply,0.2,800,0.9,0.09884,0.36338,1,0.21989,0.99782,0.18065
001029_lcam_front_lidar.ply,0.2,800,0.9,0.11386,0.35556,1,0.20811,0.9978,0.16891
001030_lcam_front_lidar.ply,0.2,800,0.9,0.12895,0.36165,1,0.21717,0.99786,0.17359
001031_lcam_front_lidar.ply,0.2,800,0.9,0.13406,0.34854,1,0.20248,0.9978,0.1678
001032_lcam_front_lidar.ply,0.2,800,0.9,0.13092,0.35276,1,0.21207,0.99773,0.17926
001033_lcam_front_lidar.ply,0.2,800,0.9,0.13158,0.34536,1,0.20404,0.99766,0.17538
001034_lcam_front_lidar.ply,0.2,800,0.9,0.12682,0.34755,1,0.21486,0.99691,0.19538
001035_lcam_front_lidar.ply,0.2,800,0.9,0.11566,0.35077,1,0.20652,0.99782,0.17377
001036_lcam_front_lidar.ply,0.2,800,0.9,0.12207,0.34415,1,0.20679,0.99746,0.1831
001037_lcam_front_lidar.ply,0.2,800,0.9,0.1025,0.35173,1,0.20715,0.99772,0.17531
001038_lcam_front_lidar.ply,0.2,800,0.9,0.1208,0.35158,1,0.21497,0.99743,0.18722
001039_lcam_front_lidar.ply,0.2,800,0.9,0.0938,0.2281,1,0.04961,0.97475,0.10658
001040_lcam_front_lidar.ply,0.2,800,0.9,0.09457,0.34997,1,0.20548,0.99747,0.17766
001041_lcam_front_lidar.ply,0.2,800,0.9,0.13611,0.33211,1,0.19814,0.99393,0.18989
001042_lcam_front_lidar.ply,0.2,800,0.9,0.10918,0.33996,1,0.20346,0.99425,0.19075
001043_lcam_front_lidar.ply,0.2,800,0.9,0.12281,0.33559,1,0.18992,0.99789,0.17007
001044_lcam_front_lidar.ply,0.2,800,0.9,0.10292,0.3427,1,0.19325,0.99773,0.16582
001045_lcam_front_lidar.ply,0.2,800,0.9,0.11483,0.33968,1,0.2047,0.9952,0.19117
001046_lcam_front_lidar.ply,0.2,800,0.9,0.11651,0.33161,1,0.2004,0.9927,0.19771
001047_lcam_front_lidar.ply,0.2,800,0.9,0.13502,0.32392,1,0.19026,0.99437,0.19098
001048_lcam_front_lidar.ply,0.2,800,0.9,0.12064,0.32703,1,0.1915,0.99655,0.18765
001049_lcam_front_lidar.ply,0.2,800,0.9,0.12456,0.33763,1,0.20934,0.99604,0.19775
001050_lcam_front_lidar.ply,0.2,800,0.9,0.14182,0.32617,1,0.18599,0.99675,0.17642
001051_lcam_front_lidar.ply,0.2,800,0.9,0.11704,0.31931,1,0.18538,0.99641,0.19022
001052_lcam_front_lidar.ply,0.2,800,0.9,0.12365,0.32872,1,0.18168,0.99685,0.16266
001053_lcam_front_lidar.ply,0.2,800,0.9,0.12608,0.32596,1,0.19382,0.9955,0.1871
001054_lcam_front_lidar.ply,0.2,800,0.9,0.13025,0.31367,1,0.18531,0.99546,0.19273
001055_lcam_front_lidar.ply,0.2,800,0.9,0.11642,0.1835,1,0.00092,0.83542,0.09089
001056_lcam_front_lidar.ply,0.2,800,0.9,0.12261,0.32943,1,0.20025,0.99551,0.1949
001057_lcam_front_lidar.ply,0.2,800,0.9,0.10239,0.32802,1,0.20004,0.99336,0.20375
001058_lcam_front_lidar.ply,0.2,800,0.9,0.0972,0.15468,1,0.00115,0.87571,0.15163
001059_lcam_front_lidar.ply,0.2,800,0.9,0.10586,0.32233,1,0.19045,0.99051,0.19184
001060_lcam_front_lidar.ply,0.2,800,0.9,0.09056,0.32472,1,0.19429,0.99112,0.19899
001061_lcam_front_lidar.ply,0.2,800,0.9,0.10931,0.32468,1,0.19662,0.98914,0.20115
001062_lcam_front_lidar.ply,0.2,800,0.9,0.10771,0.32414,1,0.18675,0.98733,0.18524
001063_lcam_front_lidar.ply,0.2,800,0.9,0.1007,0.31933,1,0.19053,0.9892,0.1933
001064_lcam_front_lidar.ply,0.2,800,0.9,0.09522,0.31896,1,0.19396,0.98888,0.20653
001065_lcam_front_lidar.ply,0.2,800,0.9,0.10809,0.32356,1,0.20021,0.9953,0.21153
001066_lcam_front_lidar.ply,0.2,800,0.9,0.115,0.32241,1,0.19581,0.98873,0.20305
001067_lcam_front_lidar.ply,0.2,800,0.9,0.10707,0.32265,1,0.19219,0.9937,0.19693
001068_lcam_front_lidar.ply,0.2,800,0.9,0.11162,0.321,1,0.19208,0.98744,0.2027
001069_lcam_front_lidar.ply,0.2,800,0.9,0.09513,0.23216,1,0.05386,0.97382,0.10425
001070_lcam_front_lidar.ply,0.2,800,0.9,0.11041,0.31729,1,0.18665,0.99216,0.19286
001071_lcam_front_lidar.ply,0.2,800,0.9,0.09262,0.31847,1,0.18919,0.99227,0.20182
001072_lcam_front_lidar.ply,0.2,800,0.9,0.1037,0.23009,1,0.05082,0.97222,0.09652
001073_lcam_front_lidar.ply,0.2,800,0.9,0.11848,0.31083,1,0.18765,0.99191,0.206
001074_lcam_front_lidar.ply,0.2,800,0.9,0.11298,0.32136,1,0.19201,0.98669,0.19592
001075_lcam_front_lidar.ply,0.2,800,0.9,0.10638,0.30998,1,0.18186,0.9917,0.19669
001076_lcam_front_lidar.ply,0.2,800,0.9,0.10802,0.32065,1,0.19303,0.98673,0.1975
001077_lcam_front_lidar.ply,0.2,800,0.9,0.10019,0.32872,1,0.19444,0.98595,0.18853
001078_lcam_front_lidar.ply,0.2,800,0.9,0.10404,0.32589,1,0.19973,0.98786,0.20402
001079_lcam_front_lidar.ply,0.2,800,0.9,0.11762,0.32669,1,0.19811,0.98622,0.19695
001080_lcam_front_lidar.ply,0.2,800,0.9,0.10355,0.33095,1,0.20259,0.98637,0.19807
001081_lcam_front_lidar.ply,0.2,800,0.9,0.11093,0.32508,1,0.19424,0.98594,0.19369
001082_lcam_front_lidar.ply,0.2,800,0.9,0.10181,0.33142,1,0.19972,0.98611,0.1965
001083_lcam_front_lidar.ply,0.2,800,0.9,0.10622,0.32586,1,0.19888,0.98623,0.20211
001084_lcam_front_lidar.ply,0.2,800,0.9,0.12672,0.32658,1,0.20178,0.98608,0.19843
001085_lcam_front_lidar.ply,0.2,800,0.9,0.10074,0.3174,1,0.19089,0.98955,0.20177
001086_lcam_front_lidar.ply,0.2,800,0.9,0.09838,0.32706,1,0.20272,0.98723,0.20911
001087_lcam_front_lidar.ply,0.2,800,0.9,0.10594,0.32664,1,0.19742,0.98588,0.19611
001088_lcam_front_lidar.ply,0.2,800,0.9,0.11277,0.32858,1,0.20123,0.98621,0.20146
001089_lcam_front_lidar.ply,0.2,800,0.9,0.11528,0.31884,1,0.19365,0.98627,0.20282
001090_lcam_front_lidar.ply,0.2,800,0.9,0.11489,0.31448,1,0.18879,0.98574,0.19483
001091_lcam_front_lidar.ply,0.2,800,0.9,0.09273,0.3202,1,0.1923,0.98636,0.20295
001092_lcam_front_lidar.ply,0.2,800,0.9,0.11915,0.32063,1,0.19611,0.98691,0.20398
001093_lcam_front_lidar.ply,0.2,800,0.9,0.12704,0.31231,1,0.18588,0.98556,0.19695
001094_lcam_front_lidar.ply,0.2,800,0.9,0.10905,0.31645,1,0.1902,0.98618,0.20476
001095_lcam_front_lidar.ply,0.2,800,0.9,0.10899,0.30827,1,0.18275,0.98545,0.19746
001096_lcam_front_lidar.ply,0.2,800,0.9,0.10072,0.31924,1,0.19247,0.98614,0.20404
001097_lcam_front_lidar.ply,0.2,800,0.9,0.09929,0.30175,1,0.17618,0.99162,0.20526
001098_lcam_front_lidar.ply,0.2,800,0.9,0.11602,0.31597,1,0.19028,0.98596,0.20096
001099_lcam_front_lidar.ply,0.2,800,0.9,0.11137,0.31736,1,0.18789,0.98553,0.19602
001100_lcam_front_lidar.ply,0.2,800,0.9,0.10841,0.31891,1,0.19203,0.98587,0.19524
001101_lcam_front_lidar.ply,0.2,800,0.9,0.10056,0.3118,1,0.18401,0.98839,0.19783
001102_lcam_front_lidar.ply,0.2,800,0.9,0.09544,0.31701,1,0.18441,0.98534,0.1867
001103_lcam_front_lidar.ply,0.2,800,0.9,0.11157,0.31835,1,0.18798,0.98592,0.19287
001104_lcam_front_lidar.ply,0.2,800,0.9,0.11923,0.31641,1,0.18896,0.98566,0.19564
001105_lcam_front_lidar.ply,0.2,800,0.9,0.10082,0.31704,1,0.18464,0.98567,0.18511
001106_lcam_front_lidar.ply,0.2,800,0.9,0.10948,0.32057,1,0.19282,0.98591,0.19558
001107_lcam_front_lidar.ply,0.2,800,0.9,0.10138,0.31746,1,0.18703,0.98583,0.19238
001108_lcam_front_lidar.ply,0.2,800,0.9,0.11097,0.32191,1,0.18361,0.98533,0.17883
001109_lcam_front_lidar.ply,0.2,800,0.9,0.10888,0.32474,1,0.19309,0.98618,0.19377
001110_lcam_front_lidar.ply,0.2,800,0.9,0.1129,0.32634,1,0.18592,0.98479,0.1767
001111_lcam_front_lidar.ply,0.2,800,0.9,0.1112,0.3205,1,0.18329,0.9851,0.18052
001112_lcam_front_lidar.ply,0.2,800,0.9,0.13763,0.31829,1,0.18282,0.98497,0.17981
001113_lcam_front_lidar.ply,0.2,800,0.9,0.10523,0.31881,1,0.18653,0.98569,0.19392
001114_lcam_front_lidar.ply,0.2,800,0.9,0.10337,0.32181,1,0.18741,0.98615,0.18681
001115_lcam_front_lidar.ply,0.2,800,0.9,0.11483,0.31003,1,0.18379,0.98648,0.1959
001116_lcam_front_lidar.ply,0.2,800,0.9,0.09833,0.31591,1,0.18286,0.98628,0.18909
001117_lcam_front_lidar.ply,0.2,800,0.9,0.11241,0.3198,1,0.18905,0.98614,0.19204
001118_lcam_front_lidar.ply,0.2,800,0.9,0.1025,0.31727,1,0.18239,0.98553,0.18009
001119_lcam_front_lidar.ply,0.2,800,0.9,0.12881,0.31971,1,0.19105,0.98591,0.1887
001120_lcam_front_lidar.ply,0.2,800,0.9,0.0997,0.32478,1,0.18706,0.98549,0.18086
001121_lcam_front_lidar.ply,0.2,800,0.9,0.09287,0.3214,1,0.18208,0.98454,0.1706
001122_lcam_front_lidar.ply,0.2,800,0.9,0.10385,0.32408,1,0.18911,0.98549,0.18303
001123_lcam_front_lidar.ply,0.2,800,0.9,0.11203,0.3256,1,0.19616,0.98573,0.19219
001124_lcam_front_lidar.ply,0.2,800,0.9,0.09936,0.32647,1,0.18179,0.98423,0.16321
001125_lcam_front_lidar.ply,0.2,800,0.9,0.12472,0.32985,1,0.19024,0.98487,0.17481
001126_lcam_front_lidar.ply,0.2,800,0.9,0.113,0.33212,1,0.19361,0.98489,0.17564
001127_lcam_front_lidar.ply,0.2,800,0.9,0.1238,0.32951,1,0.18664,0.98422,0.16738
001128_lcam_front_lidar.ply,0.2,800,0.9,0.10491,0.33268,1,0.19708,0.98492,0.18435
001129_lcam_front_lidar.ply,0.2,800,0.9,0.10794,0.33195,1,0.18834,0.98422,0.16801
001130_lcam_front_lidar.ply,0.2,800,0.9,0.11452,0.31409,1,0.17999,0.98617,0.18374
001131_lcam_front_lidar.ply,0.2,800,0.9,0.11054,0.32924,1,0.1847,0.98339,0.16576
001132_lcam_front_lidar.ply,0.2,800,0.9,0.10666,0.33292,1,0.19785,0.98439,0.18695
001133_lcam_front_lidar.ply,0.2,800,0.9,0.11144,0.33248,1,0.18685,0.98344,0.16635
001134_lcam_front_lidar.ply,0.2,800,0.9,0.11166,0.32617,1,0.1863,0.98423,0.1765
001135_lcam_front_lidar.ply,0.2,800,0.9,0.105,0.33028,1,0.1903,0.98416,0.17883
001136_lcam_front_lidar.ply,0.2,800,0.9,0.10472,0.32217,1,0.17751,0.98405,0.17027
001137_lcam_front_lidar.ply,0.2,800,0.9,0.11305,0.31546,1,0.19329,0.98536,0.21333
001138_lcam_front_lidar.ply,0.2,800,0.9,0.09289,0.31779,1,0.17882,0.98527,0.18284
001139_lcam_front_lidar.ply,0.2,800,0.9,0.10327,0.31697,1,0.18764,0.98585,0.20162
001140_lcam_front_lidar.ply,0.2,800,0.9,0.09196,0.2948,1,0.17019,0.98716,0.20826
001141_lcam_front_lidar.ply,0.2,800,0.9,0.09063,0.29405,1,0.15183,0.98449,0.17686
001142_lcam_front_lidar.ply,0.2,800,0.9,0.07726,0.28498,1,0.12579,0.97945,0.14092
001143_lcam_front_lidar.ply,0.2,800,0.9,0.06914,0.27885,1,0.11143,0.98293,0.13154
001144_lcam_front_lidar.ply,0.2,800,0.9,0.0946,0.27635,1,0.11166,0.98279,0.12696
001145_lcam_front_lidar.ply,0.2,800,0.9,0.10158,0.26889,1,0.11106,0.9857,0.14022
001146_lcam_front_lidar.ply,0.2,800,0.9,0.08082,0.29936,1,0.13637,0.98535,0.13491
001147_lcam_front_lidar.ply,0.2,800,0.9,0.07688,0.31368,1,0.15656,0.98325,0.14284
001148_lcam_front_lidar.ply,0.2,800,0.9,0.08689,0.28729,1,0.12448,0.98487,0.13629
001149_lcam_front_lidar.ply,0.2,800,0.9,0.07066,0.32483,1,0.15738,0.98626,0.12722
001150_lcam_front_lidar.ply,0.2,800,0.9,0.08114,0.31301,1,0.15785,0.98266,0.15367
001151_lcam_front_lidar.ply,0.2,800,0.9,0.08569,0.28437,1,0.1304,0.98045,0.15493
001152_lcam_front_lidar.ply,0.2,800,0.9,0.10664,0.28707,1,0.13016,0.98871,0.14336
001153_lcam_front_lidar.ply,0.2,800,0.9,0.09312,0.30727,1,0.14502,0.9862,0.13691
001154_lcam_front_lidar.ply,0.2,800,0.9,0.10941,0.28566,1,0.12953,0.98643,0.14223
001155_lcam_front_lidar.ply,0.2,800,0.9,0.09868,0.29134,1,0.138,0.98788,0.14771
001156_lcam_front_lidar.ply,0.2,800,0.9,0.1077,0.29929,1,0.14178,0.98698,0.14528
001157_lcam_front_lidar.ply,0.2,800,0.9,0.09596,0.28741,1,0.13707,0.98305,0.15755
001158_lcam_front_lidar.ply,0.2,800,0.9,0.09658,0.29398,1,0.13572,0.9868,0.14592
001159_lcam_front_lidar.ply,0.2,800,0.9,0.09889,0.29704,1,0.13831,0.98686,0.14269
001160_lcam_front_lidar.ply,0.2,800,0.9,0.10865,0.28421,1,0.12996,0.98726,0.14557
001161_lcam_front_lidar.ply,0.2,800,0.9,0.12044,0.29123,1,0.14525,0.98139,0.16082
001162_lcam_front_lidar.ply,0.2,800,0.9,0.10385,0.28689,1,0.13377,0.98858,0.15064
001163_lcam_front_lidar.ply,0.2,800,0.9,0.09523,0.2965,1,0.13911,0.98792,0.14138
001164_lcam_front_lidar.ply,0.2,800,0.9,0.09339,0.29913,1,0.14397,0.98799,0.14975
001165_lcam_front_lidar.ply,0.2,800,0.9,0.11149,0.30153,1,0.14679,0.98823,0.15007
001166_lcam_front_lidar.ply,0.2,800,0.9,0.10056,0.3031,1,0.15242,0.98874,0.15396
001167_lcam_front_lidar.ply,0.2,800,0.9,0.09664,0.29518,1,0.14351,0.98789,0.15058
001168_lcam_front_lidar.ply,0.2,800,0.9,0.10492,0.2815,1,0.13219,0.98915,0.15926
001169_lcam_front_lidar.ply,0.2,800,0.9,0.10125,0.28684,1,0.13384,0.98886,0.15196
001170_lcam_front_lidar.ply,0.2,800,0.9,0.10015,0.29212,1,0.1419,0.98882,0.15304
001171_lcam_front_lidar.ply,0.2,800,0.9,0.08602,0.29727,1,0.14264,0.98861,0.15507
001172_lcam_front_lidar.ply,0.2,800,0.9,0.10949,0.28205,1,0.13542,0.98972,0.16095
001173_lcam_front_lidar.ply,0.2,800,0.9,0.11331,0.29253,1,0.13587,0.98766,0.14485
001174_lcam_front_lidar.ply,0.2,800,0.9,0.10996,0.28483,1,0.13486,0.99003,0.15982
001175_lcam_front_lidar.ply,0.2,800,0.9,0.10128,0.2847,1,0.13327,0.99051,0.15458
001176_lcam_front_lidar.ply,0.2,800,0.9,0.11643,0.28149,1,0.134,0.99084,0.16225
001177_lcam_front_lidar.ply,0.2,800,0.9,0.11902,0.27778,1,0.13041,0.99028,0.16023
001178_lcam_front_lidar.ply,0.2,800,0.9,0.11136,0.27729,1,0.13014,0.99001,0.16047
001179_lcam_front_lidar.ply,0.2,800,0.9,0.11665,0.28444,1,0.13307,0.98951,0.1587
001180_lcam_front_lidar.ply,0.2,800,0.9,0.11015,0.28572,1,0.13289,0.98914,0.15177
001181_lcam_front_lidar.ply,0.2,800,0.9,0.11074,0.28958,1,0.13745,0.98917,0.15046
001182_lcam_front_lidar.ply,0.2,800,0.9,0.13116,0.28348,1,0.13446,0.98934,0.15091
001183_lcam_front_lidar.ply,0.2,800,0.9,0.12144,0.29178,1,0.1432,0.98981,0.15853
001184_lcam_front_lidar.ply,0.2,800,0.9,0.13298,0.2916,1,0.1444,0.99065,0.15823
001185_lcam_front_lidar.ply,0.2,800,0.9,0.11729,0.29144,1,0.141,0.99032,0.15491
001186_lcam_front_lidar.ply,0.2,800,0.9,0.11475,0.28769,1,0.13865,0.99054,0.16173
001187_lcam_front_lidar.ply,0.2,800,0.9,0.13455,0.28209,1,0.13651,0.98997,0.16303
001188_lcam_front_lidar.ply,0.2,800,0.9,0.14377,0.28592,1,0.13916,0.98966,0.15735
001189_lcam_front_lidar.ply,0.2,800,0.9,0.11332,0.29341,1,0.14547,0.98944,0.15883
001190_lcam_front_lidar.ply,0.2,800,0.9,0.10956,0.29172,1,0.14217,0.98938,0.15701
001191_lcam_front_lidar.ply,0.2,800,0.9,0.11031,0.29231,1,0.14692,0.98983,0.16368
001192_lcam_front_lidar.ply,0.2,800,0.9,0.11114,0.28689,1,0.13731,0.98984,0.15992
001193_lcam_front_lidar.ply,0.2,800,0.9,0.12512,0.28831,1,0.14212,0.9898,0.15645
001194_lcam_front_lidar.ply,0.2,800,0.9,0.10921,0.28966,1,0.14045,0.98959,0.15965
001195_lcam_front_lidar.ply,0.2,800,0.9,0.13186,0.2972,1,0.15033,0.98984,0.15925
001196_lcam_front_lidar.ply,0.2,800,0.9,0.11144,0.29546,1,0.14368,0.98955,0.15454
001197_lcam_front_lidar.ply,0.2,800,0.9,0.12606,0.29831,1,0.15234,0.9899,0.16407
001198_lcam_front_lidar.ply,0.2,800,0.9,0.11692,0.30025,1,0.15243,0.99021,0.16163
001199_lcam_front_lidar.ply,0.2,800,0.9,0.11271,0.29384,1,0.15112,0.99012,0.16854
001200_lcam_front_lidar.ply,0.2,800,0.9,0.12337,0.29667,1,0.15051,0.98975,0.16346
001201_lcam_front_lidar.ply,0.2,800,0.9,0.1182,0.2733,1,0.12573,0.99198,0.16128
001202_lcam_front_lidar.ply,0.2,800,0.9,0.11444,0.29191,1,0.14722,0.99058,0.16415
001203_lcam_front_lidar.ply,0.2,800,0.9,0.12659,0.27355,1,0.12471,0.99169,0.15344
001204_lcam_front_lidar.ply,0.2,800,0.9,0.1084,0.28597,1,0.13681,0.99118,0.15938
001205_lcam_front_lidar.ply,0.2,800,0.9,0.11098,0.285,1,0.1391,0.99003,0.1646
001206_lcam_front_lidar.ply,0.2,800,0.9,0.12146,0.2684,1,0.12254,0.99198,0.15975
001207_lcam_front_lidar.ply,0.2,800,0.9,0.11687,0.29508,1,0.14956,0.98985,0.16186
001208_lcam_front_lidar.ply,0.2,800,0.9,0.11161,0.29003,1,0.14393,0.99069,0.16808
001209_lcam_front_lidar.ply,0.2,800,0.9,0.118,0.28166,1,0.13595,0.99013,0.15796
001210_lcam_front_lidar.ply,0.2,800,0.9,0.11096,0.28759,1,0.14186,0.98953,0.16145
001211_lcam_front_lidar.ply,0.2,800,0.9,0.12803,0.28522,1,0.14069,0.98977,0.16337
001212_lcam_front_lidar.ply,0.2,800,0.9,0.11476,0.2833,1,0.1337,0.99158,0.15559
001213_lcam_front_lidar.ply,0.2,800,0.9,0.10833,0.29519,1,0.14986,0.9896,0.1625
001214_lcam_front_lidar.ply,0.2,800,0.9,0.0974,0.29413,1,0.14374,0.99048,0.1612
001215_lcam_front_lidar.ply,0.2,800,0.9,0.11547,0.28105,1,0.13252,0.99174,0.15995
001216_lcam_front_lidar.ply,0.2,800,0.9,0.09958,0.28718,1,0.1375,0.99185,0.15691
001217_lcam_front_lidar.ply,0.2,800,0.9,0.11043,0.28753,1,0.13337,0.99241,0.1513
001218_lcam_front_lidar.ply,0.2,800,0.9,0.11087,0.24494,1,0.10432,0.9919,0.17555
001219_lcam_front_lidar.ply,0.2,800,0.9,0.10093,0.28837,1,0.14296,0.99108,0.16711
001220_lcam_front_lidar.ply,0.2,800,0.9,0.11197,0.24817,1,0.10473,0.99187,0.17358
001221_lcam_front_lidar.ply,0.2,800,0.9,0.12414,0.24478,1,0.101,0.99142,0.16526
001222_lcam_front_lidar.ply,0.2,800,0.9,0.09871,0.27689,1,0.12747,0.99194,0.16238
001223_lcam_front_lidar.ply,0.2,800,0.9,0.09261,0.2894,1,0.14094,0.99027,0.16683
001224_lcam_front_lidar.ply,0.2,800,0.9,0.09069,0.25921,1,0.11853,0.99326,0.17992
001225_lcam_front_lidar.ply,0.2,800,0.9,0.09,0.23582,1,0.08025,0.99445,0.15055
001226_lcam_front_lidar.ply,0.2,800,0.9,0.07975,0.25558,1,0.08528,0.99616,0.1207
001227_lcam_front_lidar.ply,0.2,800,0.9,0.09101,0.26218,1,0.1022,0.99371,0.14241
001228_lcam_front_lidar.ply,0.2,800,0.9,0.08292,0.24399,1,0.09331,0.99497,0.16425
001229_lcam_front_lidar.ply,0.2,800,0.9,0.08317,0.27681,1,0.12762,0.99335,0.1653
001230_lcam_front_lidar.ply,0.2,800,0.9,0.09496,0.27776,1,0.12771,0.99393,0.16229
001231_lcam_front_lidar.ply,0.2,800,0.9,0.09143,0.26594,1,0.11849,0.9948,0.16514
001232_lcam_front_lidar.ply,0.2,800,0.9,0.07022,0.26588,1,0.1098,0.99434,0.15468
001233_lcam_front_lidar.ply,0.2,800,0.9,0.08664,0.28383,1,0.12294,0.99453,0.14027
001234_lcam_front_lidar.ply,0.2,800,0.9,0.09088,0.29095,1,0.12758,0.99492,0.13307
001235_lcam_front_lidar.ply,0.2,800,0.9,0.09239,0.28327,1,0.12973,0.99448,0.15266
001236_lcam_front_lidar.ply,0.2,800,0.9,0.09647,0.27847,1,0.12982,0.99394,0.16033
001237_lcam_front_lidar.ply,0.2,800,0.9,0.12099,0.27484,1,0.13467,0.99382,0.16813
001238_lcam_front_lidar.ply,0.2,800,0.9,0.10913,0.28516,1,0.13658,0.99335,0.16305
001239_lcam_front_lidar.ply,0.2,800,0.9,0.09304,0.27894,1,0.13449,0.99402,0.16325
001240_lcam_front_lidar.ply,0.2,800,0.9,0.11487,0.27138,1,0.1245,0.99406,0.16094
001241_lcam_front_lidar.ply,0.2,800,0.9,0.10675,0.26772,1,0.12094,0.99408,0.16383
001242_lcam_front_lidar.ply,0.2,800,0.9,0.09878,0.26793,1,0.12068,0.99412,0.16122
001243_lcam_front_lidar.ply,0.2,800,0.9,0.11492,0.27531,1,0.13031,0.99395,0.16704
001244_lcam_front_lidar.ply,0.2,800,0.9,0.13223,0.26051,1,0.11465,0.99456,0.15437
001245_lcam_front_lidar.ply,0.2,800,0.9,0.1173,0.27382,1,0.12995,0.99406,0.16686
001246_lcam_front_lidar.ply,0.2,800,0.9,0.12281,0.27138,1,0.12639,0.99428,0.16177
001247_lcam_front_lidar.ply,0.2,800,0.9,0.10717,0.27374,1,0.13042,0.99382,0.16619
001248_lcam_front_lidar.ply,0.2,800,0.9,0.11051,0.27434,1,0.12733,0.99487,0.16188
001249_lcam_front_lidar.ply,0.2,800,0.9,0.11665,0.26845,1,0.11907,0.9952,0.15596
001250_lcam_front_lidar.ply,0.2,800,0.9,0.1075,0.26812,1,0.11964,0.99467,0.16044
001251_lcam_front_lidar.ply,0.2,800,0.9,0.13269,0.26273,1,0.11715,0.99514,0.15893
001252_lcam_front_lidar.ply,0.2,800,0.9,0.11569,0.26669,1,0.11706,0.99512,0.15385
001253_lcam_front_lidar.ply,0.2,800,0.9,0.12049,0.261,1,0.11093,0.99487,0.15324
001254_lcam_front_lidar.ply,0.2,800,0.9,0.11241,0.26515,1,0.11514,0.99536,0.15446
001255_lcam_front_lidar.ply,0.2,800,0.9,0.1262,0.26583,1,0.11739,0.99491,0.15961
001256_lcam_front_lidar.ply,0.2,800,0.9,0.11959,0.27083,1,0.11828,0.99541,0.15096
001257_lcam_front_lidar.ply,0.2,800,0.9,0.13223,0.26995,1,0.1184,0.99555,0.15145
001258_lcam_front_lidar.ply,0.2,800,0.9,0.12348,0.27411,1,0.11916,0.99509,0.1432
001259_lcam_front_lidar.ply,0.2,800,0.9,0.11839,0.26971,1,0.11012,0.99528,0.13956
001260_lcam_front_lidar.ply,0.2,800,0.9,0.12015,0.26213,1,0.10867,0.99539,0.15084
001261_lcam_front_lidar.ply,0.2,800,0.9,0.11994,0.26852,1,0.11141,0.99531,0.13983
001262_lcam_front_lidar.ply,0.2,800,0.9,0.11491,0.26415,1,0.11032,0.99554,0.15062
001263_lcam_front_lidar.ply,0.2,800,0.9,0.11081,0.26034,1,0.11152,0.99605,0.15941
001264_lcam_front_lidar.ply,0.2,800,0.9,0.12504,0.26293,1,0.10663,0.99587,0.14411
001265_lcam_front_lidar.ply,0.2,800,0.9,0.13105,0.25787,1,0.10057,0.99589,0.1403
001266_lcam_front_lidar.ply,0.2,800,0.9,0.11906,0.24376,1,0.0898,0.99557,0.14415
001267_lcam_front_lidar.ply,0.2,800,0.9,0.12254,0.259,1,0.1007,0.99584,0.14117
001268_lcam_front_lidar.ply,0.2,800,0.9,0.13048,0.25035,1,0.09634,0.99606,0.14786
001269_lcam_front_lidar.ply,0.2,800,0.9,0.12197,0.25611,1,0.09579,0.99615,0.13959
001270_lcam_front_lidar.ply,0.2,800,0.9,0.10611,0.25403,1,0.10525,0.99634,0.15901
001271_lcam_front_lidar.ply,0.2,800,0.9,0.11089,0.25468,1,0.09914,0.99643,0.14492
001272_lcam_front_lidar.ply,0.2,800,0.9,0.09923,0.25518,1,0.09497,0.99592,0.13724
001273_lcam_front_lidar.ply,0.2,800,0.9,0.10748,0.25284,1,0.09763,0.99657,0.14943
001274_lcam_front_lidar.ply,0.2,800,0.9,0.07116,0.2577,1,0.09978,0.99636,0.14634
001275_lcam_front_lidar.ply,0.2,800,0.9,0.09216,0.24777,1,0.08856,0.99615,0.1428
001276_lcam_front_lidar.ply,0.2,800,0.9,0.09144,0.23141,1,0.0,0.0,0.0
001277_lcam_front_lidar.ply,0.2,800,0.9,0.09264,0.23116,1,0.0,0.0,0.0
001278_lcam_front_lidar.ply,0.2,800,0.9,0.08843,0.23245,1,0.0,0.0,0.0
001279_lcam_front_lidar.ply,0.2,800,0.9,0.09111,0.23112,1,0.0,0.0,0.0
001280_lcam_front_lidar.ply,0.2,800,0.9,0.0759,0.23292,1,0.0,0.0,0.0
001281_lcam_front_lidar.ply,0.2,800,0.9,0.08905,0.22642,1,0.07541,0.99594,0.16417
001282_lcam_front_lidar.ply,0.2,800,0.9,0.09518,0.22671,1,0.07888,0.99677,0.17263
001283_lcam_front_lidar.ply,0.2,800,0.9,0.12532,0.21251,1,0.04899,0.99777,0.12795
001284_lcam_front_lidar.ply,0.2,800,0.9,0.13836,0.22849,1,0.07177,0.99264,0.13962
001285_lcam_front_lidar.ply,0.2,800,0.9,0.11258,0.23255,1,0.07396,0.99264,0.1418
001286_lcam_front_lidar.ply,0.2,800,0.9,0.12317,0.23216,1,0.07454,0.99216,0.14152
001287_lcam_front_lidar.ply,0.2,800,0.9,0.15443,0.22874,1,0.07331,0.99138,0.14238
001288_lcam_front_lidar.ply,0.2,800,0.9,0.12867,0.22507,1,0.05914,0.99261,0.12438
001289_lcam_front_lidar.ply,0.2,800,0.9,0.16012,0.20904,1,0.04752,0.99773,0.128
001290_lcam_front_lidar.ply,0.2,800,0.9,0.17846,0.21906,1,0.06629,0.99107,0.14335
001291_lcam_front_lidar.ply,0.2,800,0.9,0.1686,0.23276,1,0.0732,0.99754,0.12853
001292_lcam_front_lidar.ply,0.2,800,0.9,0.14303,0.2375,1,0.07348,0.9972,0.11882
001293_lcam_front_lidar.ply,0.2,800,0.9,0.12714,0.24432,1,0.07784,0.99724,0.12291
001294_lcam_front_lidar.ply,0.2,800,0.9,0.14641,0.23487,1,0.07372,0.99711,0.12641
001295_lcam_front_lidar.ply,0.2,800,0.9,0.13517,0.23283,1,0.0679,0.99715,0.12081
001296_lcam_front_lidar.ply,0.2,800,0.9,0.13908,0.22637,1,0.06395,0.99728,0.12555
001297_lcam_front_lidar.ply,0.2,800,0.9,0.13121,0.23169,1,0.06791,0.99711,0.12521
001298_lcam_front_lidar.ply,0.2,800,0.9,0.13818,0.22051,1,0.0618,0.99705,0.13218
001299_lcam_front_lidar.ply,0.2,800,0.9,0.14272,0.21976,1,0.05896,0.99694,0.12915
001300_lcam_front_lidar.ply,0.2,800,0.9,0.15347,0.20825,1,0.05498,0.99642,0.13805
001301_lcam_front_lidar.ply,0.2,800,0.9,0.14216,0.20779,1,0.04996,0.99684,0.13247
001302_lcam_front_lidar.ply,0.2,800,0.9,0.14889,0.19822,1,0.04676,0.99628,0.14126
001303_lcam_front_lidar.ply,0.2,800,0.9,0.13987,0.22754,1,0.07271,0.99109,0.13744
001304_lcam_front_lidar.ply,0.2,800,0.9,0.13328,0.21776,1,0.0716,0.99032,0.15354
001305_lcam_front_lidar.ply,0.2,800,0.9,0.13095,0.2285,1,0.07363,0.99109,0.13505
001306_lcam_front_lidar.ply,0.2,800,0.9,0.10667,0.23095,1,0.07746,0.99063,0.14111
001307_lcam_front_lidar.ply,0.2,800,0.9,0.1079,0.22351,1,0.07444,0.99101,0.14547
001308_lcam_front_lidar.ply,0.2,800,0.9,0.0993,0.22705,1,0.07512,0.99058,0.14709
001309_lcam_front_lidar.ply,0.2,800,0.9,0.11181,0.21796,1,0.06963,0.99127,0.15307
001310_lcam_front_lidar.ply,0.2,800,0.9,0.11606,0.22077,1,0.07433,0.99182,0.15166
001311_lcam_front_lidar.ply,0.2,800,0.9,0.12034,0.22233,1,0.07442,0.99111,0.1503
001312_lcam_front_lidar.ply,0.2,800,0.9,0.12266,0.22156,1,0.07121,0.99118,0.14679
001313_lcam_front_lidar.ply,0.2,800,0.9,0.11442,0.21813,1,0.07778,0.99245,0.16415
001314_lcam_front_lidar.ply,0.2,800,0.9,0.1281,0.21319,1,0.07878,0.99467,0.17671
001315_lcam_front_lidar.ply,0.2,800,0.9,0.11055,0.21252,1,0.07885,0.9943,0.17927
001316_lcam_front_lidar.ply,0.2,800,0.9,0.11426,0.20784,1,0.06895,0.99198,0.1699
001317_lcam_front_lidar.ply,0.2,800,0.9,0.1197,0.20249,1,0.07611,0.99492,0.19576
001318_lcam_front_lidar.ply,0.2,800,0.9,0.12277,0.20332,1,0.07703,0.99599,0.1983
001319_lcam_front_lidar.ply,0.2,800,0.9,0.12408,0.20595,1,0.07469,0.99591,0.18352
001320_lcam_front_lidar.ply,0.2,800,0.9,0.14226,0.2102,1,0.06512,0.99197,0.15429
001321_lcam_front_lidar.ply,0.2,800,0.9,0.14518,0.20645,1,0.06356,0.99073,0.16037
001322_lcam_front_lidar.ply,0.2,800,0.9,0.13222,0.19909,1,0.06958,0.99584,0.18882
001323_lcam_front_lidar.ply,0.2,800,0.9,0.12248,0.20178,1,0.06659,0.99137,0.18167
001324_lcam_front_lidar.ply,0.2,800,0.9,0.11902,0.20625,1,0.06362,0.99189,0.16405
001325_lcam_front_lidar.ply,0.2,800,0.9,0.14113,0.20599,1,0.06127,0.98939,0.15698
001326_lcam_front_lidar.ply,0.2,800,0.9,0.12877,0.19382,1,0.07289,0.99471,0.20125
001327_lcam_front_lidar.ply,0.2,800,0.9,0.13126,0.19448,1,0.06657,0.9948,0.19828
001328_lcam_front_lidar.ply,0.2,800,0.9,0.13621,0.19513,1,0.06686,0.99404,0.18823
001329_lcam_front_lidar.ply,0.2,800,0.9,0.11199,0.20075,1,0.0562,0.99218,0.16487
001330_lcam_front_lidar.ply,0.2,800,0.9,0.13074,0.19978,1,0.07192,0.99437,0.19413
001331_lcam_front_lidar.ply,0.2,800,0.9,0.10959,0.20877,1,0.05779,0.98952,0.14975
001332_lcam_front_lidar.ply,0.2,800,0.9,0.14157,0.20734,1,0.06251,0.98713,0.15475
001333_lcam_front_lidar.ply,0.2,800,0.9,0.17457,0.20061,1,0.06208,0.98741,0.16264
001334_lcam_front_lidar.ply,0.2,800,0.9,0.12783,0.19745,1,0.07942,0.99622,0.21158
001335_lcam_front_lidar.ply,0.2,800,0.9,0.13886,0.19558,1,0.07989,0.99725,0.2213
001336_lcam_front_lidar.ply,0.2,800,0.9,0.13893,0.2057,1,0.0658,0.98876,0.16774
001337_lcam_front_lidar.ply,0.2,800,0.9,0.13911,0.21568,1,0.0577,0.98678,0.13222
001338_lcam_front_lidar.ply,0.2,800,0.9,0.15484,0.18162,1,0.08195,0.99872,0.23757
001339_lcam_front_lidar.ply,0.2,800,0.9,0.12437,0.2101,1,0.0537,0.89846,0.13871
001340_lcam_front_lidar.ply,0.2,800,0.9,0.14902,0.18745,1,0.06815,0.98981,0.20503
001341_lcam_front_lidar.ply,0.2,800,0.9,0.17476,0.20725,1,0.06261,0.91504,0.1478
001342_lcam_front_lidar.ply,0.2,800,0.9,0.13845,0.20943,1,0.04679,0.86977,0.12441
001343_lcam_front_lidar.ply,0.2,800,0.9,0.13064,0.20762,1,0.04086,0.85899,0.11654
001344_lcam_front_lidar.ply,0.2,800,0.9,0.15007,0.21519,1,0.07174,0.93575,0.15706
001345_lcam_front_lidar.ply,0.2,800,0.9,0.14821,0.20379,1,0.06452,0.97607,0.16745
001346_lcam_front_lidar.ply,0.2,800,0.9,0.11911,0.21256,1,0.06218,0.92515,0.15036
001347_lcam_front_lidar.ply,0.2,800,0.9,0.14972,0.21272,1,0.05809,0.91477,0.13607
001348_lcam_front_lidar.ply,0.2,800,0.9,0.14797,0.20671,1,0.06627,0.93057,0.16386
001349_lcam_front_lidar.ply,0.2,800,0.9,0.14448,0.19386,1,0.06652,0.96314,0.19323
001350_lcam_front_lidar.ply,0.2,800,0.9,0.14066,0.19348,1,0.07398,0.95772,0.20822
001351_lcam_front_lidar.ply,0.2,800,0.9,0.16316,0.18796,1,0.06675,0.97023,0.2032
001352_lcam_front_lidar.ply,0.2,800,0.9,0.14432,0.20587,1,0.04341,0.88711,0.12303
001353_lcam_front_lidar.ply,0.2,800,0.9,0.12631,0.22539,1,0.0,0.0,0.0
001354_lcam_front_lidar.ply,0.2,800,0.9,0.14499,0.18936,1,0.07508,0.97831,0.21939
001355_lcam_front_lidar.ply,0.2,800,0.9,0.13505,0.20748,1,0.0663,0.94306,0.16588
001356_lcam_front_lidar.ply,0.2,800,0.9,0.14656,0.20137,1,0.07929,0.99521,0.20859
001357_lcam_front_lidar.ply,0.2,800,0.9,0.13339,0.22307,1,0.0,0.0,0.0
001358_lcam_front_lidar.ply,0.2,800,0.9,0.14302,0.19652,1,0.05759,0.93701,0.16986
001359_lcam_front_lidar.ply,0.2,800,0.9,0.14721,0.20464,1,0.06229,0.93398,0.16059
001360_lcam_front_lidar.ply,0.2,800,0.9,0.16628,0.19066,1,0.07951,0.96107,0.2235
001361_lcam_front_lidar.ply,0.2,800,0.9,0.12276,0.21861,1,0.05933,0.92508,0.13845
001362_lcam_front_lidar.ply,0.2,800,0.9,0.15943,0.20229,1,0.06371,0.93211,0.16681
001363_lcam_front_lidar.ply,0.2,800,0.9,0.14112,0.21263,1,0.06356,0.92503,0.14557
001364_lcam_front_lidar.ply,0.2,800,0.9,0.12446,0.20332,1,0.05135,0.9734,0.15212
001365_lcam_front_lidar.ply,0.2,800,0.9,0.15798,0.21064,1,0.06232,0.93087,0.14898
001366_lcam_front_lidar.ply,0.2,800,0.9,0.14171,0.22039,1,0.06402,0.92113,0.13537
001367_lcam_front_lidar.ply,0.2,800,0.9,0.161,0.20853,1,0.05937,0.92278,0.13912
001368_lcam_front_lidar.ply,0.2,800,0.9,0.16663,0.2063,1,0.07315,0.94211,0.17976
001369_lcam_front_lidar.ply,0.2,800,0.9,0.16417,0.19853,1,0.08934,0.99607,0.22817
001370_lcam_front_lidar.ply,0.2,800,0.9,0.15123,0.18825,1,0.06971,0.97457,0.21251
001371_lcam_front_lidar.ply,0.2,800,0.9,0.17487,0.18485,1,0.06643,0.99762,0.20682
001372_lcam_front_lidar.ply,0.2,800,0.9,0.16859,0.22943,1,0.11767,0.99797,0.219
001373_lcam_front_lidar.ply,0.2,800,0.9,0.15287,0.22947,1,0.11926,0.9979,0.22774
001374_lcam_front_lidar.ply,0.2,800,0.9,0.15843,0.19986,1,0.10516,0.99618,0.25697
001375_lcam_front_lidar.ply,0.2,800,0.9,0.17387,0.20191,1,0.06907,0.99931,0.17636
001376_lcam_front_lidar.ply,0.2,800,0.9,0.1467,0.21515,1,0.07692,0.99842,0.17396
001377_lcam_front_lidar.ply,0.2,800,0.9,0.16133,0.21781,1,0.07884,0.99866,0.17159
001378_lcam_front_lidar.ply,0.2,800,0.9,0.1583,0.21476,1,0.08021,0.99853,0.17595
001379_lcam_front_lidar.ply,0.2,800,0.9,0.17404,0.26062,1,0.13402,0.99759,0.1966
001380_lcam_front_lidar.ply,0.2,800,0.9,0.15254,0.24754,1,0.135,0.99757,0.22393
001381_lcam_front_lidar.ply,0.2,800,0.9,0.14431,0.2479,1,0.13351,0.99736,0.22234
001382_lcam_front_lidar.ply,0.2,800,0.9,0.13034,0.21958,1,0.07926,0.99832,0.17383
001383_lcam_front_lidar.ply,0.2,800,0.9,0.16096,0.21811,1,0.08778,0.99827,0.18293
001384_lcam_front_lidar.ply,0.2,800,0.9,0.16685,0.25153,1,0.13689,0.99742,0.21553
001385_lcam_front_lidar.ply,0.2,800,0.9,0.15225,0.24724,1,0.12278,0.9979,0.20326
001386_lcam_front_lidar.ply,0.2,800,0.9,0.1491,0.22393,1,0.07758,0.9983,0.15664
001387_lcam_front_lidar.ply,0.2,800,0.9,0.1517,0.22534,1,0.07997,0.99817,0.15783
001388_lcam_front_lidar.ply,0.2,800,0.9,0.15941,0.25792,1,0.12674,0.99787,0.18635
001389_lcam_front_lidar.ply,0.2,800,0.9,0.1738,0.21692,1,0.07746,0.99822,0.16667
001390_lcam_front_lidar.ply,0.2,800,0.9,0.16226,0.23415,1,0.09523,0.99833,0.17153
001391_lcam_front_lidar.ply,0.2,800,0.9,0.14709,0.21883,1,0.07711,0.99774,0.17019
001392_lcam_front_lidar.ply,0.2,800,0.9,0.15455,0.24896,1,0.1199,0.99781,0.192
001393_lcam_front_lidar.ply,0.2,800,0.9,0.16824,0.21522,1,0.08037,0.99774,0.17956
001394_lcam_front_lidar.ply,0.2,800,0.9,0.15865,0.22459,1,0.0,0.0,0.0
001395_lcam_front_lidar.ply,0.2,800,0.9,0.16807,0.18515,1,0.06313,0.99653,0.20133
001396_lcam_front_lidar.ply,0.2,800,0.9,0.17853,0.20327,1,0.03687,0.93517,0.10934
001397_lcam_front_lidar.ply,0.2,800,0.9,0.15628,0.20142,1,0.04526,0.93761,0.13494
001398_lcam_front_lidar.ply,0.2,800,0.9,0.17435,0.20441,1,0.06346,0.99818,0.16484
001399_lcam_front_lidar.ply,0.2,800,0.9,0.17543,0.18816,1,0.04921,0.94766,0.1688
001400_lcam_front_lidar.ply,0.2,800,0.9,0.14344,0.21613,1,0.05833,0.93297,0.1392
001401_lcam_front_lidar.ply,0.2,800,0.9,0.17232,0.20722,1,0.04232,0.92522,0.11225
001402_lcam_front_lidar.ply,0.2,800,0.9,0.17818,0.20642,1,0.03873,0.93446,0.11215
001403_lcam_front_lidar.ply,0.2,800,0.9,0.14646,0.20713,1,0.04611,0.9357,0.1307
001404_lcam_front_lidar.ply,0.2,800,0.9,0.17459,0.20889,1,0.04519,0.93121,0.11791
001405_lcam_front_lidar.ply,0.2,800,0.9,0.14429,0.21133,1,0.04472,0.9298,0.11837
001406_lcam_front_lidar.ply,0.2,800,0.9,0.15521,0.20895,1,0.04489,0.9331,0.12501
001407_lcam_front_lidar.ply,0.2,800,0.9,0.14479,0.22045,1,0.0379,0.91849,0.08668
001408_lcam_front_lidar.ply,0.2,800,0.9,0.14568,0.21621,1,0.03892,0.92182,0.09656
001409_lcam_front_lidar.ply,0.2,800,0.9,0.13802,0.22763,1,0.0,0.0,0.0
001410_lcam_front_lidar.ply,0.2,800,0.9,0.15671,0.20418,1,0.04951,0.93327,0.14067
001411_lcam_front_lidar.ply,0.2,800,0.9,0.1685,0.21844,1,0.03845,0.91782,0.08195
001412_lcam_front_lidar.ply,0.2,800,0.9,0.14286,0.21903,1,0.03978,0.92269,0.09141
001413_lcam_front_lidar.ply,0.2,800,0.9,0.15102,0.22134,1,0.0423,0.92109,0.09237
001414_lcam_front_lidar.ply,0.2,800,0.9,0.15501,0.22585,1,0.04172,0.91792,0.08147
001415_lcam_front_lidar.ply,0.2,800,0.9,0.13873,0.21807,1,0.04935,0.91895,0.11372
001416_lcam_front_lidar.ply,0.2,800,0.9,0.13494,0.21823,1,0.04092,0.92097,0.09746
001417_lcam_front_lidar.ply,0.2,800,0.9,0.1284,0.21545,1,0.04522,0.92496,0.10998
001418_lcam_front_lidar.ply,0.2,800,0.9,0.13885,0.22112,1,0.04123,0.91992,0.09092
001419_lcam_front_lidar.ply,0.2,800,0.9,0.14309,0.22151,1,0.0463,0.91985,0.09765
001420_lcam_front_lidar.ply,0.2,800,0.9,0.13099,0.22057,1,0.04419,0.92315,0.0982
001421_lcam_front_lidar.ply,0.2,800,0.9,0.14842,0.21504,1,0.05177,0.92433,0.12107
001422_lcam_front_lidar.ply,0.2,800,0.9,0.13701,0.21259,1,0.05376,0.92616,0.13037
001423_lcam_front_lidar.ply,0.2,800,0.9,0.12744,0.22015,1,0.04551,0.92005,0.1062
001424_lcam_front_lidar.ply,0.2,800,0.9,0.11988,0.22471,1,0.04412,0.91835,0.09257
001425_lcam_front_lidar.ply,0.2,800,0.9,0.13281,0.23169,1,0.1101,0.98696,0.20243
001426_lcam_front_lidar.ply,0.2,800,0.9,0.11208,0.22442,1,0.04678,0.91989,0.09686
001427_lcam_front_lidar.ply,0.2,800,0.9,0.11482,0.22588,1,0.04801,0.92054,0.09867
001428_lcam_front_lidar.ply,0.2,800,0.9,0.11673,0.22657,1,0.04737,0.9183,0.09404
001429_lcam_front_lidar.ply,0.2,800,0.9,0.10762,0.24235,1,0.11014,0.98203,0.19723
001430_lcam_front_lidar.ply,0.2,800,0.9,0.09902,0.23947,1,0.11107,0.98184,0.19988
001431_lcam_front_lidar.ply,0.2,800,0.9,0.12027,0.23589,1,0.10949,0.98134,0.20251
001432_lcam_front_lidar.ply,0.2,800,0.9,0.11264,0.24087,1,0.11219,0.98125,0.1966
001433_lcam_front_lidar.ply,0.2,800,0.9,0.10869,0.233,1,0.05158,0.91696,0.0948
001434_lcam_front_lidar.ply,0.2,800,0.9,0.0911,0.23916,1,0.10743,0.98119,0.19508
001435_lcam_front_lidar.ply,0.2,800,0.9,0.11884,0.23495,1,0.05302,0.91567,0.09509
001436_lcam_front_lidar.ply,0.2,800,0.9,0.11857,0.23188,1,0.05399,0.91947,0.09981
001437_lcam_front_lidar.ply,0.2,800,0.9,0.11124,0.22858,1,0.05566,0.92229,0.10967
001438_lcam_front_lidar.ply,0.2,800,0.9,0.12523,0.23231,1,0.05545,0.91688,0.09607
001439_lcam_front_lidar.ply,0.2,800,0.9,0.12041,0.23244,1,0.05593,0.91965,0.1025
001440_lcam_front_lidar.ply,0.2,800,0.9,0.12127,0.23948,1,0.05459,0.91074,0.08454
001441_lcam_front_lidar.ply,0.2,800,0.9,0.13844,0.23135,1,0.07069,0.91499,0.13221
001442_lcam_front_lidar.ply,0.2,800,0.9,0.15832,0.24427,1,0.05802,0.91126,0.07828
001443_lcam_front_lidar.ply,0.2,800,0.9,0.13879,0.2344,1,0.07464,0.93133,0.1349
001444_lcam_front_lidar.ply,0.2,800,0.9,0.12698,0.24177,1,0.07432,0.9123,0.12116
001445_lcam_front_lidar.ply,0.2,800,0.9,0.17167,0.23706,1,0.08187,0.92832,0.14095
001446_lcam_front_lidar.ply,0.2,800,0.9,0.15473,0.23027,1,0.07922,0.93904,0.15283
001447_lcam_front_lidar.ply,0.2,800,0.9,0.16867,0.22467,1,0.08448,0.95091,0.17291
001448_lcam_front_lidar.ply,0.2,800,0.9,0.15425,0.21829,1,0.1,0.97307,0.21415
001449_lcam_front_lidar.ply,0.2,800,0.9,0.17394,0.22166,1,0.10383,0.97238,0.21447
001450_lcam_front_lidar.ply,0.2,800,0.9,0.1568,0.23067,1,0.09823,0.96474,0.1862
001451_lcam_front_lidar.ply,0.2,800,0.9,0.17526,0.2294,1,0.10091,0.96218,0.19614
001452_lcam_front_lidar.ply,0.2,800,0.9,0.18086,0.23292,1,0.10997,0.9767,0.20571
001453_lcam_front_lidar.ply,0.2,800,0.9,0.17353,0.2411,1,0.09435,0.96958,0.15749
001454_lcam_front_lidar.ply,0.2,800,0.9,0.19329,0.23849,1,0.10306,0.97297,0.17536
001455_lcam_front_lidar.ply,0.2,800,0.9,0.1867,0.24052,1,0.1091,0.97562,0.18565
001456_lcam_front_lidar.ply,0.2,800,0.9,0.1782,0.24458,1,0.11778,0.97637,0.19783
001457_lcam_front_lidar.ply,0.2,800,0.9,0.18474,0.24515,1,0.13174,0.98059,0.2229
001458_lcam_front_lidar.ply,0.2,800,0.9,0.17438,0.248,1,0.11309,0.97453,0.18237
001459_lcam_front_lidar.ply,0.2,800,0.9,0.17484,0.2483,1,0.11775,0.97612,0.18949
001460_lcam_front_lidar.ply,0.2,800,0.9,0.17777,0.25027,1,0.12074,0.97596,0.19091
001461_lcam_front_lidar.ply,0.2,800,0.9,0.15143,0.20541,1,0.09505,0.903,0.23184
001462_lcam_front_lidar.ply,0.2,800,0.9,0.16724,0.25553,1,0.11634,0.9745,0.17556
001463_lcam_front_lidar.ply,0.2,800,0.9,0.17665,0.25425,1,0.1182,0.97255,0.17453
001464_lcam_front_lidar.ply,0.2,800,0.9,0.1594,0.21163,1,0.08619,0.89781,0.20134
001465_lcam_front_lidar.ply,0.2,800,0.9,0.15895,0.21913,1,0.10154,0.90728,0.21533
001466_lcam_front_lidar.ply,0.2,800,0.9,0.14805,0.21969,1,0.09345,0.9047,0.20246
001467_lcam_front_lidar.ply,0.2,800,0.9,0.14498,0.22454,1,0.11,0.91136,0.23117
001468_lcam_front_lidar.ply,0.2,800,0.9,0.16728,0.1987,1,0.0927,0.90763,0.23712
001469_lcam_front_lidar.ply,0.2,800,0.9,0.17214,0.22796,1,0.09943,0.91543,0.19579
001470_lcam_front_lidar.ply,0.2,800,0.9,0.15919,0.24005,1,0.11567,0.92211,0.20407
001471_lcam_front_lidar.ply,0.2,800,0.9,0.14362,0.21899,1,0.09806,0.9077,0.21632
001472_lcam_front_lidar.ply,0.2,800,0.9,0.14619,0.14174,1,0.00867,0.89304,0.19336
001473_lcam_front_lidar.ply,0.2,800,0.9,0.15209,0.28512,1,0.14682,0.93048,0.17753
001474_lcam_front_lidar.ply,0.2,800,0.9,0.1572,0.23916,1,0.11146,0.91672,0.19981
001475_lcam_front_lidar.ply,0.2,800,0.9,0.1498,0.25603,1,0.11358,0.92483,0.17054
001476_lcam_front_lidar.ply,0.2,800,0.9,0.18206,0.21804,1,0.10168,0.90957,0.21371
001477_lcam_front_lidar.ply,0.2,800,0.9,0.12786,0.28294,1,0.14026,0.93169,0.17211
001478_lcam_front_lidar.ply,0.2,800,0.9,0.14317,0.27785,1,0.13862,0.92763,0.1781
001479_lcam_front_lidar.ply,0.2,800,0.9,0.16912,0.27127,1,0.13379,0.9229,0.1761
001480_lcam_front_lidar.ply,0.2,800,0.9,0.15824,0.27999,1,0.14322,0.92576,0.1805
001481_lcam_front_lidar.ply,0.2,800,0.9,0.16712,0.28782,1,0.13932,0.93314,0.1537
001482_lcam_front_lidar.ply,0.2,800,0.9,0.14692,0.28302,1,0.14515,0.9286,0.18136
001483_lcam_front_lidar.ply,0.2,800,0.9,0.14639,0.29312,1,0.1507,0.93525,0.17169
001484_lcam_front_lidar.ply,0.2,800,0.9,0.15296,0.28633,1,0.14018,0.9325,0.1627
001485_lcam_front_lidar.ply,0.2,800,0.9,0.15252,0.28096,1,0.13048,0.92953,0.15502
001486_lcam_front_lidar.ply,0.2,800,0.9,0.14437,0.28391,1,0.14909,0.93042,0.18286
001487_lcam_front_lidar.ply,0.2,800,0.9,0.13884,0.29011,1,0.14141,0.92892,0.16306
001488_lcam_front_lidar.ply,0.2,800,0.9,0.17232,0.2976,1,0.15338,0.93257,0.16164
001489_lcam_front_lidar.ply,0.2,800,0.9,0.16105,0.29242,1,0.14585,0.93519,0.15971
001490_lcam_front_lidar.ply,0.2,800,0.9,0.14647,0.29125,1,0.15657,0.93097,0.18981
001491_lcam_front_lidar.ply,0.2,800,0.9,0.14602,0.29664,1,0.14769,0.93242,0.15978
001492_lcam_front_lidar.ply,0.2,800,0.9,0.13305,0.29855,1,0.15392,0.931,0.17161
001493_lcam_front_lidar.ply,0.2,800,0.9,0.14239,0.29139,1,0.14912,0.93072,0.1725
001494_lcam_front_lidar.ply,0.2,800,0.9,0.15018,0.29105,1,0.15937,0.93653,0.19229
001495_lcam_front_lidar.ply,0.2,800,0.9,0.13835,0.29549,1,0.15209,0.92974,0.1729
001496_lcam_front_lidar.ply,0.2,800,0.9,0.11716,0.3044,1,0.1491,0.93416,0.15095
001497_lcam_front_lidar.ply,0.2,800,0.9,0.16202,0.29965,1,0.15891,0.93572,0.17021
001498_lcam_front_lidar.ply,0.2,800,0.9,0.1419,0.3147,1,0.17056,0.93242,0.16897
001499_lcam_front_lidar.ply,0.2,800,0.9,0.12242,0.31012,1,0.16663,0.93754,0.17205
001500_lcam_front_lidar.ply,0.2,800,0.9,0.12632,0.31073,1,0.16491,0.93392,0.17195
001501_lcam_front_lidar.ply,0.2,800,0.9,0.12586,0.3147,1,0.17135,0.9334,0.17541
001502_lcam_front_lidar.ply,0.2,800,0.9,0.12841,0.30613,1,0.14746,0.94033,0.14714
001503_lcam_front_lidar.ply,0.2,800,0.9,0.12214,0.31508,1,0.16488,0.93665,0.16237
001504_lcam_front_lidar.ply,0.2,800,0.9,0.13669,0.30285,1,0.15982,0.93452,0.1713
001505_lcam_front_lidar.ply,0.2,800,0.9,0.12289,0.31618,1,0.16996,0.936,0.16707
001506_lcam_front_lidar.ply,0.2,800,0.9,0.11911,0.30818,1,0.1625,0.93248,0.16926
001507_lcam_front_lidar.ply,0.2,800,0.9,0.11235,0.31175,1,0.15855,0.93317,0.16008
001508_lcam_front_lidar.ply,0.2,800,0.9,0.11466,0.25509,1,0.11573,0.92168,0.18755
001509_lcam_front_lidar.ply,0.2,800,0.9,0.10869,0.30053,1,0.14639,0.93519,0.15411
001510_lcam_front_lidar.ply,0.2,800,0.9,0.1125,0.29072,1,0.13292,0.9328,0.14712
001511_lcam_front_lidar.ply,0.2,800,0.9,0.12484,0.29832,1,0.14643,0.93199,0.15819
001512_lcam_front_lidar.ply,0.2,800,0.9,0.10943,0.29139,1,0.13424,0.93486,0.15017
001513_lcam_front_lidar.ply,0.2,800,0.9,0.11313,0.21161,1,0.0065,0.86181,0.05164
001514_lcam_front_lidar.ply,0.2,800,0.9,0.10144,0.29698,1,0.13949,0.9344,0.14935
001515_lcam_front_lidar.ply,0.2,800,0.9,0.10128,0.29949,1,0.14098,0.93406,0.14813
001516_lcam_front_lidar.ply,0.2,800,0.9,0.10081,0.24521,1,0.09172,0.91846,0.15648
001517_lcam_front_lidar.ply,0.2,800,0.9,0.11755,0.29381,1,0.14093,0.93555,0.1562
001518_lcam_front_lidar.ply,0.2,800,0.9,0.10255,0.30648,1,0.15124,0.93326,0.15547
001519_lcam_front_lidar.ply,0.2,800,0.9,0.13215,0.29156,1,0.13985,0.9342,0.15548
001520_lcam_front_lidar.ply,0.2,800,0.9,0.08906,0.30187,1,0.14412,0.93889,0.15229
001521_lcam_front_lidar.ply,0.2,800,0.9,0.09691,0.30863,1,0.14957,0.93822,0.14742
001522_lcam_front_lidar.ply,0.2,800,0.9,0.09213,0.30141,1,0.13935,0.93842,0.14265
001523_lcam_front_lidar.ply,0.2,800,0.9,0.10926,0.30385,1,0.14314,0.93914,0.14015
001524_lcam_front_lidar.ply,0.2,800,0.9,0.09504,0.31242,1,0.14449,0.93802,0.13252
001525_lcam_front_lidar.ply,0.2,800,0.9,0.09294,0.31368,1,0.13778,0.9408,0.11546
001526_lcam_front_lidar.ply,0.2,800,0.9,0.10261,0.31654,1,0.14075,0.93978,0.1144
001527_lcam_front_lidar.ply,0.2,800,0.9,0.11859,0.30497,1,0.14226,0.93823,0.13542
001528_lcam_front_lidar.ply,0.2,800,0.9,0.10891,0.30487,1,0.13489,0.9407,0.12136
001529_lcam_front_lidar.ply,0.2,800,0.9,0.08338,0.31586,1,0.15137,0.93882,0.13804
001530_lcam_front_lidar.ply,0.2,800,0.9,0.09512,0.30689,1,0.14184,0.93849,0.13493
001531_lcam_front_lidar.ply,0.2,800,0.9,0.09817,0.30688,1,0.14695,0.94126,0.14568
001532_lcam_front_lidar.ply,0.2,800,0.9,0.09729,0.31309,1,0.15021,0.93782,0.13891
001533_lcam_front_lidar.ply,0.2,800,0.9,0.09436,0.31283,1,0.14313,0.94109,0.12509
001534_lcam_front_lidar.ply,0.2,800,0.9,0.091,0.31609,1,0.15202,0.94282,0.13835
001535_lcam_front_lidar.ply,0.2,800,0.9,0.09471,0.32123,1,0.15587,0.94318,0.13407
001536_lcam_front_lidar.ply,0.2,800,0.9,0.08291,0.32406,1,0.1554,0.94224,0.1338
001537_lcam_front_lidar.ply,0.2,800,0.9,0.09641,0.32613,1,0.15542,0.94301,0.12667
001538_lcam_front_lidar.ply,0.2,800,0.9,0.0988,0.32968,1,0.15373,0.94245,0.11674
001539_lcam_front_lidar.ply,0.2,800,0.9,0.09352,0.32253,1,0.14893,0.94191,0.12117
001540_lcam_front_lidar.ply,0.2,800,0.9,0.09477,0.32593,1,0.15527,0.94456,0.12729
001541_lcam_front_lidar.ply,0.2,800,0.9,0.08155,0.32216,1,0.14764,0.94548,0.12128
001542_lcam_front_lidar.ply,0.2,800,0.9,0.10105,0.32273,1,0.16005,0.94529,0.13688
001543_lcam_front_lidar.ply,0.2,800,0.9,0.10853,0.32292,1,0.15281,0.94415,0.12306
001544_lcam_front_lidar.ply,0.2,800,0.9,0.10313,0.33393,1,0.16823,0.94472,0.13459
001545_lcam_front_lidar.ply,0.2,800,0.9,0.09888,0.33831,1,0.17128,0.94535,0.13443
001546_lcam_front_lidar.ply,0.2,800,0.9,0.09457,0.34034,1,0.17343,0.94479,0.13127
001547_lcam_front_lidar.ply,0.2,800,0.9,0.10103,0.33946,1,0.17502,0.94456,0.13525
001548_lcam_front_lidar.ply,0.2,800,0.9,0.08749,0.3383,1,0.17205,0.94518,0.13227
001549_lcam_front_lidar.ply,0.2,800,0.9,0.09572,0.33773,1,0.16273,0.94719,0.12034
001550_lcam_front_lidar.ply,0.2,800,0.9,0.08025,0.33836,1,0.16975,0.94581,0.13338
001551_lcam_front_lidar.ply,0.2,800,0.9,0.09037,0.33542,1,0.17418,0.94347,0.1437
001552_lcam_front_lidar.ply,0.2,800,0.9,0.09338,0.33991,1,0.16756,0.94284,0.12322
001553_lcam_front_lidar.ply,0.2,800,0.9,0.09369,0.33503,1,0.16884,0.9435,0.13647
001554_lcam_front_lidar.ply,0.2,800,0.9,0.08813,0.3378,1,0.17193,0.94282,0.13752
001555_lcam_front_lidar.ply,0.2,800,0.9,0.09493,0.33719,1,0.173,0.94261,0.14027
001556_lcam_front_lidar.ply,0.2,800,0.9,0.09174,0.33956,1,0.17473,0.94346,0.13977
001557_lcam_front_lidar.ply,0.2,800,0.9,0.08749,0.33684,1,0.17628,0.94435,0.14651
001558_lcam_front_lidar.ply,0.2,800,0.9,0.07308,0.34523,1,0.17063,0.94059,0.12664
001559_lcam_front_lidar.ply,0.25,800,0.9,0.09965,0.34007,1,0.18593,0.94467,0.16071
001560_lcam_front_lidar.ply,0.25,800,0.9,0.08633,0.33588,1,0.1895,0.94885,0.17786
001561_lcam_front_lidar.ply,0.2,800,0.9,0.07109,0.34448,1,0.17473,0.94109,0.13369
001562_lcam_front_lidar.ply,0.2,800,0.9,0.08301,0.33603,1,0.17249,0.94039,0.1404
001563_lcam_front_lidar.ply,0.2,800,0.9,0.08729,0.33733,1,0.16361,0.93615,0.12343
001564_lcam_front_lidar.ply,0.25,800,0.9,0.09499,0.33531,1,0.17339,0.9354,0.14767
001565_lcam_front_lidar.ply,0.25,800,0.9,0.08707,0.33536,1,0.1793,0.94104,0.15884
001566_lcam_front_lidar.ply,0.25,800,0.9,0.08545,0.33376,1,0.17461,0.93626,0.15222
001567_lcam_front_lidar.ply,0.2,800,0.9,0.09512,0.33315,1,0.17115,0.9399,0.13947
001568_lcam_front_lidar.ply,0.25,800,0.9,0.08577,0.33998,1,0.17505,0.9422,0.14166
001569_lcam_front_lidar.ply,0.25,800,0.9,0.08103,0.33513,1,0.17677,0.93945,0.15578
001570_lcam_front_lidar.ply,0.25,800,0.9,0.09881,0.33257,1,0.18175,0.94372,0.16808
001571_lcam_front_lidar.ply,0.2,800,0.9,0.10862,0.32851,1,0.16711,0.94152,0.13793
001572_lcam_front_lidar.ply,0.25,800,0.9,0.09825,0.32781,1,0.18005,0.94225,0.17611
001573_lcam_front_lidar.ply,0.2,800,0.9,0.09037,0.33095,1,0.16749,0.93661,0.14263
001574_lcam_front_lidar.ply,0.2,800,0.9,0.07995,0.32357,1,0.16745,0.94307,0.15526
001575_lcam_front_lidar.ply,0.25,800,0.9,0.09884,0.32628,1,0.19142,0.94896,0.20022
001576_lcam_front_lidar.ply,0.2,800,0.9,0.09318,0.32433,1,0.1658,0.94352,0.14779
001577_lcam_front_lidar.ply,0.25,800,0.9,0.09327,0.31768,1,0.18377,0.95003,0.20471
001578_lcam_front_lidar.ply,0.2,800,0.9,0.09489,0.32612,1,0.15585,0.94009,0.12531
001579_lcam_front_lidar.ply,0.25,800,0.9,0.10289,0.3075,1,0.16525,0.9454,0.18102
001580_lcam_front_lidar.ply,0.25,800,0.9,0.0929,0.32657,1,0.1671,0.93869,0.14788
001581_lcam_front_lidar.ply,0.25,800,0.9,0.0928,0.303,1,0.1677,0.95427,0.19644
001582_lcam_front_lidar.ply,0.25,800,0.9,0.08913,0.31951,1,0.17508,0.93925,0.18271
001583_lcam_front_lidar.ply,0.25,800,0.9,0.09681,0.30866,1,0.16786,0.94211,0.1849
001584_lcam_front_lidar.ply,0.25,800,0.9,0.09913,0.30766,1,0.17829,0.94567,0.205
001585_lcam_front_lidar.ply,0.25,800,0.9,0.10725,0.31258,1,0.17739,0.94651,0.19629
001586_lcam_front_lidar.ply,0.25,800,0.9,0.10869,0.30591,1,0.17172,0.94534,0.19857
001587_lcam_front_lidar.ply,0.25,800,0.9,0.09425,0.30714,1,0.17219,0.94362,0.20051
001588_lcam_front_lidar.ply,0.25,800,0.9,0.09471,0.31095,1,0.18113,0.94731,0.2121
001589_lcam_front_lidar.ply,0.25,800,0.9,0.11288,0.30791,1,0.18266,0.95029,0.21496
001590_lcam_front_lidar.ply,0.25,800,0.9,0.09695,0.32029,1,0.19669,0.96609,0.22149
001591_lcam_front_lidar.ply,0.2,800,0.9,0.08864,0.3027,1,0.15491,0.94928,0.17434
001592_lcam_front_lidar.ply,0.2,800,0.9,0.10041,0.30694,1,0.16196,0.94861,0.17501
001593_lcam_front_lidar.ply,0.2,800,0.9,0.08355,0.31085,1,0.15024,0.95225,0.14983
001594_lcam_front_lidar.ply,0.25,800,0.9,0.09992,0.29261,1,0.15904,0.95314,0.20015
001595_lcam_front_lidar.ply,0.2,800,0.9,0.12382,0.2883,1,0.13749,0.95485,0.15756
001596_lcam_front_lidar.ply,0.2,800,0.9,0.08892,0.29089,1,0.11311,0.93432,0.1109
001597_lcam_front_lidar.ply,0.25,800,0.9,0.10646,0.28456,1,0.16479,0.95911,0.22838
001598_lcam_front_lidar.ply,0.25,800,0.9,0.11118,0.26502,1,0.13059,0.94256,0.19532
001599_lcam_front_lidar.ply,0.2,800,0.9,0.099,0.28964,1,0.10726,0.93892,0.09627
001600_lcam_front_lidar.ply,0.25,800,0.9,0.10311,0.27039,1,0.14877,0.94952,0.21972
001601_lcam_front_lidar.ply,0.25,800,0.9,0.13305,0.26522,1,0.11844,0.94134,0.16138
001602_lcam_front_lidar.ply,0.25,800,0.9,0.11116,0.27485,1,0.11276,0.93784,0.13643
001603_lcam_front_lidar.ply,0.25,800,0.9,0.11354,0.25957,1,0.12185,0.9397,0.18418
001604_lcam_front_lidar.ply,0.25,800,0.9,0.11323,0.25177,1,0.14559,0.95772,0.2458
001605_lcam_front_lidar.ply,0.25,800,0.9,0.11574,0.25735,1,0.11842,0.93902,0.18259
001606_lcam_front_lidar.ply,0.25,800,0.9,0.10501,0.29157,1,0.18208,0.9806,0.24481
001607_lcam_front_lidar.ply,0.25,800,0.9,0.1168,0.25497,1,0.11988,0.93854,0.18582
001608_lcam_front_lidar.ply,0.25,800,0.9,0.1074,0.28793,1,0.17974,0.98046,0.24487
001609_lcam_front_lidar.ply,0.2,800,0.9,0.11665,0.24618,1,0.11483,0.95778,0.19411
001610_lcam_front_lidar.ply,0.2,800,0.9,0.10022,0.2617,1,0.1304,0.98323,0.19647
001611_lcam_front_lidar.ply,0.2,800,0.9,0.11475,0.23936,1,0.09973,0.95067,0.18167
001612_lcam_front_lidar.ply,0.2,800,0.9,0.12533,0.25855,1,0.12977,0.98424,0.19666
001613_lcam_front_lidar.ply,0.25,800,0.9,0.09299,0.2805,1,0.17801,0.98051,0.25501
001614_lcam_front_lidar.ply,0.25,800,0.9,0.11733,0.26898,1,0.1688,0.98044,0.2575
001615_lcam_front_lidar.ply,0.2,800,0.9,0.11388,0.22656,1,0.09426,0.9792,0.19003
001616_lcam_front_lidar.ply,0.25,800,0.9,0.11178,0.22832,1,0.1036,0.96612,0.2022
001617_lcam_front_lidar.ply,0.25,800,0.9,0.12763,0.21822,1,0.10469,0.97745,0.22104
001618_lcam_front_lidar.ply,0.25,800,0.9,0.12337,0.22099,1,0.10297,0.96873,0.2185
001619_lcam_front_lidar.ply,0.25,800,0.9,0.11664,0.1888,1,0.0441,0.85354,0.16176
001620_lcam_front_lidar.ply,0.25,800,0.9,0.12692,0.17765,1,0.04831,0.85707,0.19003
001621_lcam_front_lidar.ply,0.25,800,0.9,0.11452,0.22404,1,0.09527,0.98251,0.19834
001622_lcam_front_lidar.ply,0.25,800,0.9,0.1075,0.21768,1,0.11527,0.9873,0.25302
001623_lcam_front_lidar.ply,0.25,800,0.9,0.1171,0.23522,1,0.11868,0.99473,0.22301
001624_lcam_front_lidar.ply,0.25,800,0.9,0.13435,0.1746,1,0.05058,0.85653,0.19737
001625_lcam_front_lidar.ply,0.25,800,0.9,0.12467,0.19274,1,0.04543,0.86207,0.15137
001626_lcam_front_lidar.ply,0.25,800,0.9,0.13509,0.18845,1,0.04237,0.84722,0.15487
001627_lcam_front_lidar.ply,0.25,800,0.9,0.14076,0.16431,1,0.06285,0.90287,0.24401
001628_lcam_front_lidar.ply,0.25,800,0.9,0.11199,0.1956,1,0.04719,0.84069,0.15822
001629_lcam_front_lidar.ply,0.25,800,0.9,0.14244,0.18958,1,0.04364,0.83805,0.15585
001630_lcam_front_lidar.ply,0.25,800,0.9,0.11743,0.17723,1,0.04356,0.83938,0.18225
001631_lcam_front_lidar.ply,0.25,800,0.9,0.11139,0.1901,1,0.0458,0.8415,0.16552
001632_lcam_front_lidar.ply,0.25,800,0.9,0.12825,0.18831,1,0.04509,0.84718,0.1628
001633_lcam_front_lidar.ply,0.25,800,0.9,0.12178,0.1855,1,0.04443,0.84355,0.17363
001634_lcam_front_lidar.ply,0.2,800,0.9,0.1028,0.20246,1,0.04446,0.85312,0.13818
001635_lcam_front_lidar.ply,0.25,800,0.9,0.09562,0.19324,1,0.04906,0.85421,0.17299
001636_lcam_front_lidar.ply,0.25,800,0.9,0.10295,0.19911,1,0.05045,0.84455,0.16093
001637_lcam_front_lidar.ply,0.25,800,0.9,0.10461,0.20432,1,0.05002,0.85572,0.15265
001638_lcam_front_lidar.ply,0.25,800,0.9,0.1171,0.18119,1,0.05201,0.8932,0.19663
001639_lcam_front_lidar.ply,0.25,800,0.9,0.11125,0.18835,1,0.04813,0.8522,0.17608
001640_lcam_front_lidar.ply,0.25,800,0.9,0.09644,0.18947,1,0.04852,0.85144,0.17693
001641_lcam_front_lidar.ply,0.25,800,0.9,0.10917,0.19988,1,0.04567,0.85237,0.14662
001642_lcam_front_lidar.ply,0.25,800,0.9,0.11315,0.18556,1,0.05357,0.89077,0.19223
001643_lcam_front_lidar.ply,0.25,800,0.9,0.11082,0.19841,1,0.0479,0.85413,0.1567
001644_lcam_front_lidar.ply,0.25,800,0.9,0.11611,0.19839,1,0.04778,0.85566,0.15427
001645_lcam_front_lidar.ply,0.25,800,0.9,0.11536,0.18858,1,0.04805,0.84473,0.17762
001646_lcam_front_lidar.ply,0.2,800,0.9,0.11337,0.2091,1,0.04821,0.86403,0.13421
001647_lcam_front_lidar.ply,0.2,800,0.9,0.10182,0.20555,1,0.04543,0.84816,0.14111
001648_lcam_front_lidar.ply,0.2,800,0.9,0.10498,0.20456,1,0.04705,0.85675,0.14387
001649_lcam_front_lidar.ply,0.2,800,0.9,0.09302,0.21037,1,0.04765,0.85323,0.13636
001650_lcam_front_lidar.ply,0.2,800,0.9,0.09969,0.20959,1,0.04563,0.85908,0.13259
001651_lcam_front_lidar.ply,0.2,800,0.9,0.09814,0.20987,1,0.0466,0.86202,0.13268
001652_lcam_front_lidar.ply,0.2,800,0.9,0.10207,0.2324,1,0.08246,0.97777,0.16002
001653_lcam_front_lidar.ply,0.25,800,0.9,0.09534,0.20729,1,0.05051,0.84649,0.15003
001654_lcam_front_lidar.ply,0.25,800,0.9,0.10202,0.20628,1,0.05029,0.8545,0.14683
001655_lcam_front_lidar.ply,0.2,800,0.9,0.09476,0.20976,1,0.04428,0.85621,0.12644
001656_lcam_front_lidar.ply,0.2,800,0.9,0.09499,0.22047,1,0.08833,0.99604,0.19773
001657_lcam_front_lidar.ply,0.2,800,0.9,0.10314,0.21421,1,0.04472,0.85828,0.12058
001658_lcam_front_lidar.ply,0.2,800,0.9,0.10237,0.21821,1,0.07316,0.97951,0.16641
001659_lcam_front_lidar.ply,0.2,800,0.9,0.10074,0.22178,1,0.06869,0.9795,0.1525
001660_lcam_front_lidar.ply,0.2,800,0.9,0.09882,0.20769,1,0.044,0.85162,0.129
001661_lcam_front_lidar.ply,0.2,800,0.9,0.11084,0.20503,1,0.04622,0.84017,0.138
001662_lcam_front_lidar.ply,0.2,800,0.9,0.08939,0.21644,1,0.04616,0.85809,0.12036
001663_lcam_front_lidar.ply,0.2,800,0.9,0.10745,0.20995,1,0.0464,0.85395,0.12991
001664_lcam_front_lidar.ply,0.2,800,0.9,0.08515,0.21632,1,0.04531,0.86106,0.1235
001665_lcam_front_lidar.ply,0.2,800,0.9,0.09529,0.22757,1,0.07898,0.97964,0.16718
001666_lcam_front_lidar.ply,0.2,800,0.9,0.09352,0.23079,1,0.08489,0.98202,0.17007
001667_lcam_front_lidar.ply,0.2,800,0.9,0.08954,0.21427,1,0.04727,0.86408,0.12947
001668_lcam_front_lidar.ply,0.2,800,0.9,0.07983,0.21506,1,0.0473,0.86185,0.12957
001669_lcam_front_lidar.ply,0.25,800,0.9,0.11075,0.20521,1,0.04659,0.85984,0.14164
001670_lcam_front_lidar.ply,0.25,800,0.9,0.09289,0.21236,1,0.04553,0.8571,0.13057
001671_lcam_front_lidar.ply,0.25,800,0.9,0.08947,0.21934,1,0.09713,0.97512,0.21797
001672_lcam_front_lidar.ply,0.25,800,0.9,0.08754,0.19616,1,0.04627,0.87075,0.1645
001673_lcam_front_lidar.ply,0.25,800,0.9,0.10476,0.20282,1,0.09715,0.96105,0.25035
001674_lcam_front_lidar.ply,0.25,800,0.9,0.09933,0.21133,1,0.10552,0.96741,0.24698
001675_lcam_front_lidar.ply,0.25,800,0.9,0.08778,0.21116,1,0.04059,0.86441,0.12829
001676_lcam_front_lidar.ply,0.25,800,0.9,0.10701,0.20766,1,0.10112,0.96167,0.24756
001677_lcam_front_lidar.ply,0.25,800,0.9,0.09652,0.22368,1,0.1068,0.95143,0.23246
001678_lcam_front_lidar.ply,0.25,800,0.9,0.1126,0.22353,1,0.11021,0.94896,0.2331
001679_lcam_front_lidar.ply,0.25,800,0.9,0.11658,0.22131,1,0.11409,0.95461,0.24171
001680_lcam_front_lidar.ply,0.25,800,0.9,0.10491,0.22237,1,0.1155,0.95757,0.24549
001681_lcam_front_lidar.ply,0.25,800,0.9,0.09854,0.22698,1,0.11508,0.95514,0.23954
001682_lcam_front_lidar.ply,0.25,800,0.9,0.10055,0.22774,1,0.1143,0.96785,0.23541
001683_lcam_front_lidar.ply,0.25,800,0.9,0.10506,0.2291,1,0.11414,0.95625,0.23394
001684_lcam_front_lidar.ply,0.25,800,0.9,0.08967,0.22368,1,0.108,0.96135,0.23541
001685_lcam_front_lidar.ply,0.25,800,0.9,0.08146,0.22773,1,0.11464,0.95928,0.24144
001686_lcam_front_lidar.ply,0.25,800,0.9,0.11045,0.22259,1,0.11357,0.95605,0.24313
001687_lcam_front_lidar.ply,0.25,800,0.9,0.09304,0.21946,1,0.10833,0.95599,0.24223
001688_lcam_front_lidar.ply,0.25,800,0.9,0.09143,0.21449,1,0.11808,0.97385,0.27067
001689_lcam_front_lidar.ply,0.25,800,0.9,0.09308,0.22497,1,0.12241,0.95454,0.25581
001690_lcam_front_lidar.ply,0.25,800,0.9,0.107,0.22492,1,0.13315,0.96196,0.27205
001691_lcam_front_lidar.ply,0.25,800,0.9,0.08442,0.22717,1,0.12631,0.96614,0.26257
001692_lcam_front_lidar.ply,0.25,800,0.9,0.0991,0.22438,1,0.13101,0.95519,0.27529
001693_lcam_front_lidar.ply,0.25,800,0.9,0.09926,0.23287,1,0.1325,0.95456,0.26241
001694_lcam_front_lidar.ply,0.25,800,0.9,0.10901,0.22579,1,0.12996,0.9554,0.26683
001695_lcam_front_lidar.ply,0.25,800,0.9,0.09507,0.23516,1,0.1264,0.95582,0.2444
001696_lcam_front_lidar.ply,0.25,800,0.9,0.10262,0.23702,1,0.13643,0.95382,0.26334
001697_lcam_front_lidar.ply,0.25,800,0.9,0.08756,0.23111,1,0.1318,0.9438,0.26615
001698_lcam_front_lidar.ply,0.25,800,0.9,0.10072,0.2434,1,0.1339,0.9536,0.24441
001699_lcam_front_lidar.ply,0.25,800,0.9,0.10269,0.23429,1,0.13317,0.94887,0.26002
001700_lcam_front_lidar.ply,0.25,800,0.9,0.10685,0.23217,1,0.1325,0.92949,0.2628
001701_lcam_front_lidar.ply,0.25,800,0.9,0.10129,0.23501,1,0.1357,0.92317,0.26318
001702_lcam_front_lidar.ply,0.25,800,0.9,0.12061,0.22318,1,0.13286,0.9323,0.27232
001703_lcam_front_lidar.ply,0.25,800,0.9,0.1012,0.21147,1,0.12772,0.99038,0.29226
001704_lcam_front_lidar.ply,0.25,800,0.9,0.0973,0.23865,1,0.13555,0.92293,0.25286
001705_lcam_front_lidar.ply,0.25,800,0.9,0.11387,0.24574,1,0.13676,0.94418,0.23988
001706_lcam_front_lidar.ply,0.25,800,0.9,0.08509,0.26156,1,0.16005,0.95482,0.2624
001707_lcam_front_lidar.ply,0.25,800,0.9,0.11269,0.23217,1,0.13525,0.94276,0.25992
001708_lcam_front_lidar.ply,0.25,800,0.9,0.1141,0.24528,1,0.15482,0.94993,0.27663
001709_lcam_front_lidar.ply,0.25,800,0.9,0.10677,0.26808,1,0.15196,0.94258,0.2303
001710_lcam_front_lidar.ply,0.25,800,0.9,0.10121,0.25042,1,0.15285,0.93617,0.26526
001711_lcam_front_lidar.ply,0.25,800,0.9,0.11655,0.26144,1,0.14569,0.94287,0.2236
001712_lcam_front_lidar.ply,0.25,800,0.9,0.10534,0.25532,1,0.14284,0.94899,0.23392
001713_lcam_front_lidar.ply,0.25,800,0.9,0.09519,0.24949,1,0.15341,0.93878,0.2649
001714_lcam_front_lidar.ply,0.25,800,0.9,0.11901,0.24162,1,0.15184,0.94144,0.27619
001715_lcam_front_lidar.ply,0.25,800,0.9,0.11143,0.25127,1,0.16028,0.9438,0.27476
001716_lcam_front_lidar.ply,0.25,800,0.9,0.11651,0.24086,1,0.14288,0.96966,0.2604
001717_lcam_front_lidar.ply,0.25,800,0.9,0.1012,0.24563,1,0.15675,0.94038,0.27962
001718_lcam_front_lidar.ply,0.25,800,0.9,0.0965,0.25476,1,0.15334,0.95093,0.25189
001719_lcam_front_lidar.ply,0.25,800,0.9,0.11037,0.26725,1,0.1643,0.94115,0.24986
001720_lcam_front_lidar.ply,0.25,800,0.9,0.12391,0.26076,1,0.16632,0.94244,0.26424
001721_lcam_front_lidar.ply,0.25,800,0.9,0.10542,0.26401,1,0.17128,0.95287,0.27115
001722_lcam_front_lidar.ply,0.25,800,0.9,0.11472,0.26217,1,0.15297,0.94165,0.23337
001723_lcam_front_lidar.ply,0.25,800,0.9,0.1141,0.25184,1,0.15245,0.9382,0.25632
001724_lcam_front_lidar.ply,0.25,800,0.9,0.1111,0.27931,1,0.17629,0.94896,0.24781
001725_lcam_front_lidar.ply,0.25,800,0.9,0.09089,0.27329,1,0.16831,0.94862,0.25226
001726_lcam_front_lidar.ply,0.25,800,0.9,0.09533,0.26961,1,0.16207,0.94138,0.24576
001727_lcam_front_lidar.ply,0.25,800,0.9,0.11628,0.27655,1,0.17953,0.9489,0.25835
001728_lcam_front_lidar.ply,0.25,800,0.9,0.10946,0.27623,1,0.18018,0.94615,0.26453
001729_lcam_front_lidar.ply,0.25,800,0.9,0.08945,0.27761,1,0.16915,0.93881,0.24306
001730_lcam_front_lidar.ply,0.25,800,0.9,0.12094,0.26786,1,0.15432,0.9287,0.2265
001731_lcam_front_lidar.ply,0.25,800,0.9,0.11058,0.27284,1,0.1645,0.93772,0.23661
001732_lcam_front_lidar.ply,0.25,800,0.9,0.10264,0.27946,1,0.17656,0.93982,0.25305
001733_lcam_front_lidar.ply,0.25,800,0.9,0.10941,0.27918,1,0.17142,0.93822,0.24305
001734_lcam_front_lidar.ply,0.25,800,0.9,0.11362,0.28265,1,0.17837,0.93911,0.2512
001735_lcam_front_lidar.ply,0.25,800,0.9,0.10767,0.28494,1,0.17786,0.93754,0.24777
001736_lcam_front_lidar.ply,0.25,800,0.9,0.11162,0.28683,1,0.18272,0.94103,0.24814
001737_lcam_front_lidar.ply,0.25,800,0.9,0.10337,0.29788,1,0.18468,0.94409,0.23188
001738_lcam_front_lidar.ply,0.25,800,0.9,0.11567,0.28893,1,0.17359,0.94451,0.22287
001739_lcam_front_lidar.ply,0.25,800,0.9,0.10439,0.28498,1,0.18401,0.9454,0.2509
001740_lcam_front_lidar.ply,0.25,800,0.9,0.11337,0.28801,1,0.18149,0.94229,0.24599
001741_lcam_front_lidar.ply,0.25,800,0.9,0.1143,0.28995,1,0.19344,0.94562,0.26102
001742_lcam_front_lidar.ply,0.25,800,0.9,0.10082,0.296,1,0.19378,0.94608,0.25254
001743_lcam_front_lidar.ply,0.25,800,0.9,0.12823,0.2974,1,0.19863,0.94398,0.25654
001744_lcam_front_lidar.ply,0.25,800,0.9,0.11373,0.3014,1,0.1872,0.94014,0.22683
001745_lcam_front_lidar.ply,0.25,800,0.9,0.11388,0.30094,1,0.18638,0.94113,0.2264
001746_lcam_front_lidar.ply,0.25,800,0.9,0.10121,0.28743,1,0.1877,0.94567,0.25633
001747_lcam_front_lidar.ply,0.25,800,0.9,0.09362,0.29843,1,0.18556,0.93946,0.23702
001748_lcam_front_lidar.ply,0.25,800,0.9,0.09726,0.29739,1,0.18973,0.94483,0.24383
001749_lcam_front_lidar.ply,0.25,800,0.9,0.11308,0.30153,1,0.17865,0.93585,0.21208
001750_lcam_front_lidar.ply,0.25,800,0.9,0.10877,0.29301,1,0.19241,0.94332,0.25022
001751_lcam_front_lidar.ply,0.25,800,0.9,0.09726,0.2972,1,0.1811,0.94815,0.22583
001752_lcam_front_lidar.ply,0.25,800,0.9,0.11515,0.2896,1,0.17898,0.94429,0.23738
001753_lcam_front_lidar.ply,0.25,800,0.9,0.10855,0.29539,1,0.18703,0.94384,0.24211
001754_lcam_front_lidar.ply,0.25,800,0.9,0.1012,0.29325,1,0.17687,0.94252,0.22861
001755_lcam_front_lidar.ply,0.2,800,0.9,0.10717,0.26862,1,0.12855,0.93715,0.17743
001756_lcam_front_lidar.ply,0.2,800,0.9,0.10477,0.27044,1,0.12955,0.93685,0.17285
001757_lcam_front_lidar.ply,0.2,800,0.9,0.11451,0.26491,1,0.1297,0.9378,0.18324
001758_lcam_front_lidar.ply,0.2,800,0.9,0.0993,0.26367,1,0.12422,0.93631,0.17605
001759_lcam_front_lidar.ply,0.2,800,0.9,0.09845,0.27167,1,0.13459,0.93781,0.17786
001760_lcam_front_lidar.ply,0.2,800,0.9,0.10274,0.27619,1,0.13373,0.9357,0.17323
001761_lcam_front_lidar.ply,0.2,800,0.9,0.1084,0.27563,1,0.13617,0.933,0.17898
001762_lcam_front_lidar.ply,0.2,800,0.9,0.107,0.27527,1,0.12894,0.93828,0.16262
001763_lcam_front_lidar.ply,0.2,800,0.9,0.10239,0.28077,1,0.13304,0.93831,0.16376
001764_lcam_front_lidar.ply,0.2,800,0.9,0.10831,0.28853,1,0.15064,0.93787,0.18098
001765_lcam_front_lidar.ply,0.2,800,0.9,0.11784,0.27261,1,0.13435,0.93449,0.17316
001766_lcam_front_lidar.ply,0.2,800,0.9,0.09133,0.28113,1,0.14002,0.93598,0.17314
001767_lcam_front_lidar.ply,0.2,800,0.9,0.11112,0.27812,1,0.14126,0.93605,0.1787
001768_lcam_front_lidar.ply,0.2,800,0.9,0.10272,0.28623,1,0.13605,0.93671,0.15961
001769_lcam_front_lidar.ply,0.2,800,0.9,0.10543,0.27469,1,0.13277,0.93194,0.17393
001770_lcam_front_lidar.ply,0.2,800,0.9,0.11337,0.28122,1,0.13944,0.93117,0.1734
001771_lcam_front_lidar.ply,0.2,800,0.9,0.10471,0.28212,1,0.14211,0.93309,0.17794
001772_lcam_front_lidar.ply,0.2,800,0.9,0.10962,0.2824,1,0.14603,0.93528,0.18237
001773_lcam_front_lidar.ply,0.2,800,0.9,0.10141,0.28301,1,0.14692,0.93559,0.18563
001774_lcam_front_lidar.ply,0.2,800,0.9,0.10381,0.28382,1,0.14614,0.93694,0.18169
001775_lcam_front_lidar.ply,0.2,800,0.9,0.09663,0.28079,1,0.14186,0.93502,0.17815
001776_lcam_front_lidar.ply,0.2,800,0.9,0.09774,0.28098,1,0.1438,0.93679,0.1838
001777_lcam_front_lidar.ply,0.2,800,0.9,0.11903,0.28132,1,0.14736,0.9373,0.18346
001778_lcam_front_lidar.ply,0.2,800,0.9,0.10888,0.2806,1,0.14117,0.93773,0.17687
001779_lcam_front_lidar.ply,0.2,800,0.9,0.10566,0.29,1,0.15223,0.93994,0.17577
001780_lcam_front_lidar.ply,0.2,800,0.9,0.11294,0.28481,1,0.14788,0.93804,0.17967
001781_lcam_front_lidar.ply,0.2,800,0.9,0.09504,0.29125,1,0.1469,0.94048,0.16731
001782_lcam_front_lidar.ply,0.2,800,0.9,0.10137,0.28691,1,0.14778,0.9402,0.17828
001783_lcam_front_lidar.ply,0.2,800,0.9,0.10106,0.29676,1,0.16119,0.93903,0.18787
001784_lcam_front_lidar.ply,0.2,800,0.9,0.1027,0.29031,1,0.15325,0.94083,0.1762
001785_lcam_front_lidar.ply,0.2,800,0.9,0.10371,0.28846,1,0.15338,0.9407,0.18243
001786_lcam_front_lidar.ply,0.2,800,0.9,0.11458,0.28388,1,0.14389,0.93935,0.17422
001787_lcam_front_lidar.ply,0.2,800,0.9,0.1014,0.28729,1,0.1442,0.93979,0.17113
001788_lcam_front_lidar.ply,0.2,800,0.9,0.11972,0.28802,1,0.14458,0.93887,0.16526
001789_lcam_front_lidar.ply,0.2,800,0.9,0.09962,0.29354,1,0.15356,0.94201,0.18109
001790_lcam_front_lidar.ply,0.2,800,0.9,0.10093,0.29325,1,0.15793,0.94149,0.18235
001791_lcam_front_lidar.ply,0.2,800,0.9,0.10207,0.29507,1,0.16032,0.94295,0.18369
001792_lcam_front_lidar.ply,0.2,800,0.9,0.08955,0.30019,1,0.16528,0.94232,0.18471
001793_lcam_front_lidar.ply,0.2,800,0.9,0.10345,0.29476,1,0.15966,0.94165,0.18321
001794_lcam_front_lidar.ply,0.2,800,0.9,0.09343,0.29453,1,0.15512,0.94347,0.18035
001795_lcam_front_lidar.ply,0.2,800,0.9,0.11493,0.29396,1,0.15455,0.94517,0.17312
001796_lcam_front_lidar.ply,0.2,800,0.9,0.10716,0.28534,1,0.15099,0.94346,0.18563
001797_lcam_front_lidar.ply,0.2,800,0.9,0.11133,0.28684,1,0.14735,0.94309,0.17522
001798_lcam_front_lidar.ply,0.2,800,0.9,0.0993,0.28675,1,0.15032,0.94179,0.18347
001799_lcam_front_lidar.ply,0.2,800,0.9,0.11387,0.28241,1,0.14859,0.94149,0.18589
001800_lcam_front_lidar.ply,0.2,800,0.9,0.11737,0.28408,1,0.146,0.94182,0.17717
001801_lcam_front_lidar.ply,0.2,800,0.9,0.10837,0.29506,1,0.15518,0.94427,0.17861
001802_lcam_front_lidar.ply,0.2,800,0.9,0.10137,0.28771,1,0.14848,0.94389,0.17626
001803_lcam_front_lidar.ply,0.2,800,0.9,0.09296,0.29081,1,0.15161,0.94249,0.17779
001804_lcam_front_lidar.ply,0.2,800,0.9,0.10709,0.29199,1,0.15556,0.94484,0.18115
001805_lcam_front_lidar.ply,0.2,800,0.9,0.09958,0.29652,1,0.15017,0.94305,0.16504
001806_lcam_front_lidar.ply,0.2,800,0.9,0.10062,0.28741,1,0.15068,0.94467,0.1815
001807_lcam_front_lidar.ply,0.2,800,0.9,0.10489,0.28785,1,0.15431,0.94214,0.18412
001808_lcam_front_lidar.ply,0.2,800,0.9,0.10702,0.28329,1,0.15305,0.94573,0.19143
001809_lcam_front_lidar.ply,0.2,800,0.9,0.09053,0.28799,1,0.15239,0.94617,0.18817
001810_lcam_front_lidar.ply,0.2,800,0.9,0.10381,0.27791,1,0.14341,0.94286,0.1853
001811_lcam_front_lidar.ply,0.2,800,0.9,0.10975,0.28144,1,0.15044,0.94711,0.19089
001812_lcam_front_lidar.ply,0.2,800,0.9,0.11076,0.28649,1,0.15268,0.94788,0.18877
001813_lcam_front_lidar.ply,0.2,800,0.9,0.11379,0.28489,1,0.14905,0.94652,0.17749
001814_lcam_front_lidar.ply,0.2,800,0.9,0.09491,0.28667,1,0.15014,0.94699,0.17883
001815_lcam_front_lidar.ply,0.2,800,0.9,0.08671,0.28568,1,0.14896,0.94789,0.17934
001816_lcam_front_lidar.ply,0.2,800,0.9,0.11272,0.28211,1,0.14911,0.94854,0.18486
001817_lcam_front_lidar.ply,0.2,800,0.9,0.13901,0.29079,1,0.16136,0.94426,0.18832
001818_lcam_front_lidar.ply,0.2,800,0.9,0.09911,0.28339,1,0.14927,0.94798,0.18297
001819_lcam_front_lidar.ply,0.2,800,0.9,0.0954,0.28674,1,0.15109,0.9487,0.1825
001820_lcam_front_lidar.ply,0.2,800,0.9,0.1128,0.29847,1,0.16878,0.94491,0.19032
001821_lcam_front_lidar.ply,0.2,800,0.9,0.10107,0.28685,1,0.14753,0.94267,0.16907
001822_lcam_front_lidar.ply,0.2,800,0.9,0.10522,0.29789,1,0.16494,0.94449,0.18413
001823_lcam_front_lidar.ply,0.2,800,0.9,0.11164,0.29946,1,0.17092,0.9447,0.18984
001824_lcam_front_lidar.ply,0.2,800,0.9,0.09957,0.30582,1,0.17222,0.94467,0.18838
001825_lcam_front_lidar.ply,0.2,800,0.9,0.10271,0.29914,1,0.1657,0.94473,0.18894
001826_lcam_front_lidar.ply,0.2,800,0.9,0.10509,0.29851,1,0.16587,0.94535,0.18695
001827_lcam_front_lidar.ply,0.2,800,0.9,0.09552,0.29798,1,0.16973,0.94616,0.19117
001828_lcam_front_lidar.ply,0.2,800,0.9,0.10728,0.29515,1,0.16266,0.94294,0.18866
001829_lcam_front_lidar.ply,0.2,800,0.9,0.08923,0.30509,1,0.16743,0.94489,0.18149
001830_lcam_front_lidar.ply,0.2,800,0.9,0.10507,0.30978,1,0.17621,0.94589,0.18785
001831_lcam_front_lidar.ply,0.2,800,0.9,0.09646,0.31003,1,0.17969,0.94658,0.19506
001832_lcam_front_lidar.ply,0.2,800,0.9,0.10668,0.29544,1,0.16286,0.94968,0.1872
001833_lcam_front_lidar.ply,0.2,800,0.9,0.09904,0.29113,1,0.15515,0.94932,0.18445
001834_lcam_front_lidar.ply,0.2,800,0.9,0.10641,0.29946,1,0.16931,0.94681,0.19238
001835_lcam_front_lidar.ply,0.2,800,0.9,0.10864,0.29612,1,0.16448,0.9482,0.18743
001836_lcam_front_lidar.ply,0.2,800,0.9,0.12148,0.29969,1,0.17036,0.94634,0.19524
001837_lcam_front_lidar.ply,0.2,800,0.9,0.10335,0.28535,1,0.15768,0.95121,0.19344
001838_lcam_front_lidar.ply,0.2,800,0.9,0.1004,0.29735,1,0.16438,0.94905,0.18617
001839_lcam_front_lidar.ply,0.2,800,0.9,0.09531,0.31268,1,0.185,0.9452,0.19972
001840_lcam_front_lidar.ply,0.2,800,0.9,0.10675,0.30828,1,0.18161,0.94692,0.20265
001841_lcam_front_lidar.ply,0.2,800,0.9,0.09474,0.31251,1,0.18497,0.94506,0.20568
001842_lcam_front_lidar.ply,0.2,800,0.9,0.11802,0.30614,1,0.1831,0.9454,0.20439
001843_lcam_front_lidar.ply,0.2,800,0.9,0.11884,0.30639,1,0.18824,0.94571,0.20769
001844_lcam_front_lidar.ply,0.2,800,0.9,0.09949,0.3049,1,0.18447,0.94741,0.21033
001845_lcam_front_lidar.ply,0.2,800,0.9,0.10911,0.30613,1,0.17977,0.94405,0.20304
001846_lcam_front_lidar.ply,0.2,800,0.9,0.09483,0.3017,1,0.17769,0.94856,0.20941
001847_lcam_front_lidar.ply,0.2,800,0.9,0.10992,0.306,1,0.1877,0.94688,0.21608
001848_lcam_front_lidar.ply,0.2,800,0.9,0.11031,0.30124,1,0.17898,0.95092,0.21097
001849_lcam_front_lidar.ply,0.2,800,0.9,0.10349,0.30283,1,0.18271,0.94902,0.20836
001850_lcam_front_lidar.ply,0.2,800,0.9,0.0971,0.31047,1,0.18696,0.94993,0.2074
001851_lcam_front_lidar.ply,0.2,800,0.9,0.12157,0.31612,1,0.19564,0.94514,0.21613
001852_lcam_front_lidar.ply,0.2,800,0.9,0.10736,0.31342,1,0.18978,0.94736,0.2086
001853_lcam_front_lidar.ply,0.2,800,0.9,0.1131,0.31043,1,0.19583,0.94576,0.22334
001854_lcam_front_lidar.ply,0.2,800,0.9,0.11671,0.3089,1,0.19481,0.94312,0.22675
001855_lcam_front_lidar.ply,0.2,800,0.9,0.10114,0.31043,1,0.18987,0.94435,0.21616
001856_lcam_front_lidar.ply,0.2,800,0.9,0.10434,0.31323,1,0.19447,0.9446,0.22087
001857_lcam_front_lidar.ply,0.2,800,0.9,0.11303,0.31325,1,0.19991,0.94628,0.22769
001858_lcam_front_lidar.ply,0.2,800,0.9,0.1107,0.31533,1,0.19516,0.94109,0.21577
001859_lcam_front_lidar.ply,0.2,800,0.9,0.12836,0.31333,1,0.19866,0.9444,0.2203
001860_lcam_front_lidar.ply,0.2,800,0.9,0.11672,0.31931,1,0.20287,0.94414,0.2205
001861_lcam_front_lidar.ply,0.2,800,0.9,0.11833,0.3133,1,0.2016,0.95111,0.22806
001862_lcam_front_lidar.ply,0.2,800,0.9,0.10622,0.31845,1,0.2048,0.94449,0.22736
001863_lcam_front_lidar.ply,0.2,800,0.9,0.10957,0.3143,1,0.19973,0.95022,0.22429
001864_lcam_front_lidar.ply,0.2,800,0.9,0.11097,0.26686,1,0.12031,0.90805,0.16033
001865_lcam_front_lidar.ply,0.2,800,0.9,0.08945,0.31582,1,0.19558,0.9442,0.21483
001866_lcam_front_lidar.ply,0.2,800,0.9,0.10769,0.31957,1,0.19531,0.94466,0.21263
001867_lcam_front_lidar.ply,0.2,800,0.9,0.11,0.32269,1,0.20947,0.94404,0.22858
001868_lcam_front_lidar.ply,0.2,800,0.9,0.11017,0.31364,1,0.19474,0.95265,0.21957
001869_lcam_front_lidar.ply,0.2,800,0.9,0.10665,0.32071,1,0.20398,0.94593,0.22218
001870_lcam_front_lidar.ply,0.2,800,0.9,0.09338,0.3218,1,0.20738,0.94737,0.23083
001871_lcam_front_lidar.ply,0.2,800,0.9,0.11981,0.26995,1,0.12703,0.90997,0.17244
001872_lcam_front_lidar.ply,0.2,800,0.9,0.11102,0.3197,1,0.20414,0.94202,0.22649
001873_lcam_front_lidar.ply,0.2,800,0.9,0.10041,0.32316,1,0.20225,0.94265,0.21955
001874_lcam_front_lidar.ply,0.2,800,0.9,0.1128,0.32048,1,0.20687,0.94452,0.22626
001875_lcam_front_lidar.ply,0.2,800,0.9,0.11243,0.32271,1,0.20761,0.94438,0.22716
001876_lcam_front_lidar.ply,0.2,800,0.9,0.10222,0.27487,1,0.12939,0.91989,0.16552
001877_lcam_front_lidar.ply,0.2,800,0.9,0.11049,0.26231,1,0.13852,0.92571,0.20626
001878_lcam_front_lidar.ply,0.2,800,0.9,0.10059,0.28153,1,0.12843,0.91838,0.15264
001879_lcam_front_lidar.ply,0.2,800,0.9,0.0954,0.32433,1,0.21026,0.94565,0.2284
001880_lcam_front_lidar.ply,0.2,800,0.9,0.0987,0.28445,1,0.13052,0.90972,0.14916
001881_lcam_front_lidar.ply,0.2,800,0.9,0.11231,0.28277,1,0.12953,0.90683,0.14971
001882_lcam_front_lidar.ply,0.2,800,0.9,0.09102,0.31751,1,0.20064,0.94441,0.2246
001883_lcam_front_lidar.ply,0.2,800,0.9,0.09064,0.28411,1,0.12809,0.91775,0.14766
001884_lcam_front_lidar.ply,0.2,800,0.9,0.09478,0.28578,1,0.12928,0.91199,0.13999
001885_lcam_front_lidar.ply,0.2,800,0.9,0.089,0.28617,1,0.13075,0.90655,0.15009
001886_lcam_front_lidar.ply,0.2,800,0.9,0.08723,0.28539,1,0.12875,0.91152,0.14692
001887_lcam_front_lidar.ply,0.2,800,0.9,0.09487,0.28489,1,0.12841,0.91095,0.14714
001888_lcam_front_lidar.ply,0.2,800,0.9,0.09308,0.31457,1,0.20495,0.94863,0.23916
001889_lcam_front_lidar.ply,0.2,800,0.9,0.083,0.28726,1,0.12961,0.91046,0.14883
001890_lcam_front_lidar.ply,0.2,800,0.9,0.09907,0.28629,1,0.12772,0.90919,0.14117
001891_lcam_front_lidar.ply,0.2,800,0.9,0.10523,0.27501,1,0.11956,0.91132,0.14175
001892_lcam_front_lidar.ply,0.2,800,0.9,0.0927,0.27468,1,0.11881,0.91598,0.14909
001893_lcam_front_lidar.ply,0.2,800,0.9,0.08956,0.27239,1,0.11529,0.90859,0.14398
001894_lcam_front_lidar.ply,0.2,800,0.9,0.11058,0.22742,1,0.06309,0.9309,0.12293
001895_lcam_front_lidar.ply,0.2,800,0.9,0.09492,0.30121,1,0.1816,0.94426,0.21549
001896_lcam_front_lidar.ply,0.2,800,0.9,0.09152,0.30456,1,0.18105,0.93888,0.21174
001897_lcam_front_lidar.ply,0.2,800,0.9,0.10012,0.315,1,0.19344,0.94062,0.21277
001898_lcam_front_lidar.ply,0.2,800,0.9,0.09115,0.32034,1,0.18869,0.93699,0.1986
001899_lcam_front_lidar.ply,0.2,800,0.9,0.09708,0.31918,1,0.1967,0.94088,0.21252
001900_lcam_front_lidar.ply,0.2,800,0.9,0.09127,0.32246,1,0.20024,0.94201,0.21313
001901_lcam_front_lidar.ply,0.2,800,0.9,0.09323,0.32359,1,0.20421,0.94322,0.21696
001902_lcam_front_lidar.ply,0.2,800,0.9,0.09313,0.33032,1,0.20281,0.94118,0.20817
001903_lcam_front_lidar.ply,0.2,800,0.9,0.11061,0.33203,1,0.20736,0.94312,0.20802
001904_lcam_front_lidar.ply,0.2,800,0.9,0.09331,0.3266,1,0.207,0.94169,0.21432
001905_lcam_front_lidar.ply,0.2,800,0.9,0.09681,0.32462,1,0.19945,0.94612,0.2084
001906_lcam_front_lidar.ply,0.2,800,0.9,0.07682,0.32514,1,0.19415,0.93739,0.20136
001907_lcam_front_lidar.ply,0.2,800,0.9,0.08957,0.32609,1,0.20063,0.94142,0.20987
001908_lcam_front_lidar.ply,0.2,800,0.9,0.07932,0.33741,1,0.21283,0.94261,0.21485
001909_lcam_front_lidar.ply,0.2,800,0.9,0.08911,0.33392,1,0.21174,0.9414,0.21404
001910_lcam_front_lidar.ply,0.2,800,0.9,0.09298,0.32848,1,0.20206,0.9413,0.20929
001911_lcam_front_lidar.ply,0.2,800,0.9,0.09497,0.3263,1,0.20147,0.9418,0.20744
001912_lcam_front_lidar.ply,0.2,800,0.9,0.10077,0.33501,1,0.21116,0.94154,0.21225
001913_lcam_front_lidar.ply,0.2,800,0.9,0.09088,0.33252,1,0.21113,0.93952,0.21273
001914_lcam_front_lidar.ply,0.2,800,0.9,0.08929,0.33041,1,0.20554,0.93883,0.20958
001915_lcam_front_lidar.ply,0.2,800,0.9,0.08287,0.33462,1,0.21269,0.94031,0.21803
001916_lcam_front_lidar.ply,0.2,800,0.9,0.09705,0.33104,1,0.20485,0.93583,0.20378
001917_lcam_front_lidar.ply,0.2,800,0.9,0.09648,0.32357,1,0.20594,0.94082,0.22001
001918_lcam_front_lidar.ply,0.2,800,0.9,0.09764,0.32955,1,0.20304,0.93811,0.20433
001919_lcam_front_lidar.ply,0.2,800,0.9,0.09959,0.32271,1,0.19848,0.94051,0.20858
001920_lcam_front_lidar.ply,0.2,800,0.9,0.08534,0.32154,1,0.19543,0.93846,0.20532
001921_lcam_front_lidar.ply,0.2,800,0.9,0.08989,0.3253,1,0.19976,0.93583,0.20882
001922_lcam_front_lidar.ply,0.2,800,0.9,0.0992,0.3155,1,0.18864,0.93574,0.20685
001923_lcam_front_lidar.ply,0.2,800,0.9,0.09684,0.30966,1,0.19034,0.93546,0.21544
001924_lcam_front_lidar.ply,0.2,800,0.9,0.09951,0.3098,1,0.18876,0.93315,0.21355
001925_lcam_front_lidar.ply,0.2,800,0.9,0.09373,0.20674,1,0.05515,0.8948,0.15535
001926_lcam_front_lidar.ply,0.2,800,0.9,0.09476,0.26158,1,0.10572,0.89616,0.14659
001927_lcam_front_lidar.ply,0.2,800,0.9,0.09824,0.2111,1,0.07796,0.90822,0.19272
001928_lcam_front_lidar.ply,0.2,800,0.9,0.10242,0.19805,1,0.07273,0.91094,0.20173
001929_lcam_front_lidar.ply,0.2,800,0.9,0.10495,0.26103,1,0.10337,0.8951,0.14139
001930_lcam_front_lidar.ply,0.2,800,0.9,0.09743,0.26389,1,0.10327,0.89471,0.13777
001931_lcam_front_lidar.ply,0.2,800,0.9,0.09532,0.21431,1,0.06864,0.90211,0.16468
001932_lcam_front_lidar.ply,0.2,800,0.9,0.11107,0.26667,1,0.10519,0.89467,0.13765
001933_lcam_front_lidar.ply,0.2,800,0.9,0.08926,0.26553,1,0.10557,0.89483,0.14183
001934_lcam_front_lidar.ply,0.2,800,0.9,0.11327,0.21973,1,0.06409,0.89945,0.14053
001935_lcam_front_lidar.ply,0.2,800,0.9,0.10483,0.2565,1,0.09923,0.89378,0.14122
001936_lcam_front_lidar.ply,0.2,800,0.9,0.09576,0.26052,1,0.1019,0.89329,0.14044
001937_lcam_front_lidar.ply,0.2,800,0.9,0.11061,0.22163,1,0.06178,0.90124,0.1395
001938_lcam_front_lidar.ply,0.2,800,0.9,0.11826,0.26836,1,0.11148,0.89755,0.13567
001939_lcam_front_lidar.ply,0.2,800,0.9,0.11077,0.26425,1,0.10589,0.8987,0.13496
001940_lcam_front_lidar.ply,0.2,800,0.9,0.10891,0.22119,1,0.06067,0.89688,0.13578
001941_lcam_front_lidar.ply,0.2,800,0.9,0.09664,0.26399,1,0.10431,0.89853,0.14102
001942_lcam_front_lidar.ply,0.2,800,0.9,0.10828,0.21145,1,0.05846,0.90187,0.15042
001943_lcam_front_lidar.ply,0.25,800,0.9,0.09105,0.21628,1,0.05872,0.89772,0.14724
001944_lcam_front_lidar.ply,0.25,800,0.9,0.12473,0.211,1,0.05999,0.90058,0.15174
001945_lcam_front_lidar.ply,0.25,800,0.9,0.09875,0.21897,1,0.06059,0.90287,0.13669
001946_lcam_front_lidar.ply,0.25,800,0.9,0.09742,0.21473,1,0.05951,0.9014,0.14867
001947_lcam_front_lidar.ply,0.25,800,0.9,0.10441,0.21629,1,0.05659,0.89835,0.14068
001948_lcam_front_lidar.ply,0.25,800,0.9,0.10229,0.21765,1,0.05701,0.89706,0.13658
001949_lcam_front_lidar.ply,0.25,800,0.9,0.10571,0.21534,1,0.05596,0.89747,0.14062
001950_lcam_front_lidar.ply,0.25,800,0.9,0.11158,0.20841,1,0.05713,0.89869,0.15594
001951_lcam_front_lidar.ply,0.25,800,0.9,0.09653,0.20954,1,0.05881,0.90087,0.15495
001952_lcam_front_lidar.ply,0.25,800,0.9,0.11609,0.21519,1,0.05465,0.9,0.14029
001953_lcam_front_lidar.ply,0.25,800,0.9,0.09388,0.2207,1,0.05502,0.89666,0.13012
001954_lcam_front_lidar.ply,0.25,800,0.9,0.10872,0.21374,1,0.04912,0.89729,0.12621
001955_lcam_front_lidar.ply,0.25,800,0.9,0.09764,0.21354,1,0.05587,0.89657,0.13823
001956_lcam_front_lidar.ply,0.25,800,0.9,0.08428,0.228,1,0.06004,0.89832,0.12899
001957_lcam_front_lidar.ply,0.25,800,0.9,0.08665,0.2148,1,0.05533,0.89755,0.13983
001958_lcam_front_lidar.ply,0.25,800,0.9,0.1015,0.21168,1,0.05051,0.8973,0.13797
001959_lcam_front_lidar.ply,0.25,800,0.9,0.09932,0.22848,1,0.0567,0.89806,0.11725
001960_lcam_front_lidar.ply,0.25,800,0.9,0.11939,0.12812,1,0.03737,0.8388,0.27157
001961_lcam_front_lidar.ply,0.25,800,0.9,0.09505,0.2258,1,0.05614,0.89773,0.12257
001962_lcam_front_lidar.ply,0.25,800,0.9,0.10127,0.22093,1,0.0529,0.89782,0.12203
001963_lcam_front_lidar.ply,0.25,800,0.9,0.09889,0.22057,1,0.05556,0.89633,0.12789
001964_lcam_front_lidar.ply,0.25,800,0.9,0.10522,0.22428,1,0.06046,0.89997,0.13189
001965_lcam_front_lidar.ply,0.25,800,0.9,0.09057,0.22722,1,0.05957,0.89413,0.12585
001966_lcam_front_lidar.ply,0.25,800,0.9,0.08942,0.13555,1,0.07117,0.89686,0.33515
001967_lcam_front_lidar.ply,0.25,800,0.9,0.09462,0.21564,1,0.0575,0.89535,0.13809
001968_lcam_front_lidar.ply,0.25,800,0.9,0.10189,0.22129,1,0.05976,0.89678,0.13208
001969_lcam_front_lidar.ply,0.25,800,0.9,0.08746,0.22531,1,0.05766,0.89709,0.12453
001970_lcam_front_lidar.ply,0.25,800,0.9,0.10324,0.21624,1,0.0568,0.90095,0.13516
001971_lcam_front_lidar.ply,0.25,800,0.9,0.09557,0.21135,1,0.04624,0.9005,0.12695
001972_lcam_front_lidar.ply,0.25,800,0.9,0.0928,0.22229,1,0.05222,0.89932,0.12108
001973_lcam_front_lidar.ply,0.25,800,0.9,0.08884,0.2152,1,0.04885,0.89868,0.12957
001974_lcam_front_lidar.ply,0.25,800,0.9,0.09503,0.21124,1,0.0546,0.90278,0.14878
001975_lcam_front_lidar.ply,0.25,800,0.9,0.10131,0.22406,1,0.0548,0.90072,0.12
001976_lcam_front_lidar.ply,0.25,800,0.9,0.10453,0.22337,1,0.05212,0.90411,0.11845
001977_lcam_front_lidar.ply,0.25,800,0.9,0.11553,0.22545,1,0.05783,0.90174,0.12309
001978_lcam_front_lidar.ply,0.25,800,0.9,0.10723,0.13402,1,0.00785,0.86123,0.20614
001979_lcam_front_lidar.ply,0.25,800,0.9,0.09881,0.22156,1,0.05726,0.89999,0.12994
001980_lcam_front_lidar.ply,0.25,800,0.9,0.16051,0.17518,1,0.00776,0.9285,0.11696
001981_lcam_front_lidar.ply,0.25,800,0.9,0.08564,0.21781,1,0.04738,0.89622,0.12316
001982_lcam_front_lidar.ply,0.25,800,0.9,0.09549,0.22633,1,0.05196,0.89807,0.11284
001983_lcam_front_lidar.ply,0.25,800,0.9,0.09194,0.21651,1,0.04359,0.89949,0.11636
001984_lcam_front_lidar.ply,0.25,800,0.9,0.11008,0.22065,1,0.05065,0.89726,0.11482
001985_lcam_front_lidar.ply,0.25,800,0.9,0.09664,0.22069,1,0.05058,0.8981,0.12383
001986_lcam_front_lidar.ply,0.25,800,0.9,0.09313,0.38146,1,0.27453,0.93939,0.2502
001987_lcam_front_lidar.ply,0.25,800,0.9,0.0995,0.21154,1,0.0431,0.89768,0.1269
001988_lcam_front_lidar.ply,0.25,800,0.9,0.09753,0.20879,1,0.04531,0.89733,0.13427
001989_lcam_front_lidar.ply,0.25,800,0.9,0.10728,0.39149,1,0.28327,0.93831,0.24721
001990_lcam_front_lidar.ply,0.25,800,0.9,0.08262,0.22149,1,0.05131,0.90164,0.1272
001991_lcam_front_lidar.ply,0.25,800,0.9,0.07999,0.39505,1,0.28178,0.93758,0.23909
001992_lcam_front_lidar.ply,0.25,800,0.9,0.0951,0.21472,1,0.04512,0.90305,0.12407
001993_lcam_front_lidar.ply,0.25,800,0.9,0.10108,0.21552,1,0.04516,0.90326,0.11915
001994_lcam_front_lidar.ply,0.25,800,0.9,0.08754,0.21624,1,0.04557,0.9031,0.12391
001995_lcam_front_lidar.ply,0.25,800,0.9,0.07942,0.20535,1,0.03826,0.90258,0.13228
001996_lcam_front_lidar.ply,0.25,800,0.9,0.09831,0.40373,1,0.30201,0.9395,0.25574
001997_lcam_front_lidar.ply,0.25,800,0.9,0.08686,0.20764,1,0.03593,0.90422,0.12342
001998_lcam_front_lidar.ply,0.25,800,0.9,0.08741,0.40042,1,0.29282,0.94058,0.25016
001999_lcam_front_lidar.ply,0.25,800,0.9,0.08515,0.21575,1,0.0458,0.90518,0.12507
002000_lcam_front_lidar.ply,0.25,800,0.9,0.07986,0.20815,1,0.03984,0.9015,0.1292
002001_lcam_front_lidar.ply,0.25,800,0.9,0.09294,0.20638,1,0.04111,0.9087,0.13197
002002_lcam_front_lidar.ply,0.25,800,0.9,0.07445,0.13687,1,0.00362,0.85986,0.20495
002003_lcam_front_lidar.ply,0.25,800,0.9,0.07943,0.40337,1,0.29369,0.93806,0.24524
002004_lcam_front_lidar.ply,0.25,800,0.9,0.09148,0.21421,1,0.04423,0.90369,0.12361
002005_lcam_front_lidar.ply,0.25,800,0.9,0.0735,0.13191,1,0.00483,0.86136,0.21234
002006_lcam_front_lidar.ply,0.25,800,0.9,0.08843,0.41249,1,0.30304,0.93855,0.24781
002007_lcam_front_lidar.ply,0.25,800,0.9,0.09671,0.21364,1,0.04483,0.90418,0.12664
002008_lcam_front_lidar.ply,0.25,800,0.9,0.09504,0.14917,1,0.00271,0.85328,0.16822
002009_lcam_front_lidar.ply,0.25,800,0.9,0.08347,0.1476,1,0.00327,0.86406,0.17685
002010_lcam_front_lidar.ply,0.25,800,0.9,0.08456,0.41768,1,0.30951,0.93989,0.25175
002011_lcam_front_lidar.ply,0.25,800,0.9,0.07504,0.41226,1,0.29598,0.9389,0.23806
002012_lcam_front_lidar.ply,0.25,800,0.9,0.08511,0.21798,1,0.04854,0.90771,0.12963
002013_lcam_front_lidar.ply,0.25,800,0.9,0.08658,0.4103,1,0.30088,0.93889,0.24134
002014_lcam_front_lidar.ply,0.25,800,0.9,0.0929,0.41491,1,0.3057,0.93968,0.24452
002015_lcam_front_lidar.ply,0.25,800,0.9,0.07284,0.21175,1,0.0418,0.90499,0.12868
002016_lcam_front_lidar.ply,0.25,800,0.9,0.09315,0.41217,1,0.29752,0.93862,0.23354
002017_lcam_front_lidar.ply,0.25,800,0.9,0.09862,0.42132,1,0.31143,0.93971,0.24393
002018_lcam_front_lidar.ply,0.25,800,0.9,0.07972,0.41484,1,0.30925,0.94181,0.25619
002019_lcam_front_lidar.ply,0.25,800,0.9,0.08927,0.41379,1,0.29737,0.93873,0.23288
002020_lcam_front_lidar.ply,0.25,800,0.9,0.09508,0.41404,1,0.30746,0.94201,0.25197
002021_lcam_front_lidar.ply,0.25,800,0.9,0.09038,0.20981,1,0.04201,0.90757,0.13122
002022_lcam_front_lidar.ply,0.25,800,0.9,0.07521,0.41836,1,0.30833,0.94134,0.24609
002023_lcam_front_lidar.ply,0.25,800,0.9,0.09774,0.23369,1,0.00327,0.98174,0.00345
002024_lcam_front_lidar.ply,0.25,800,0.9,0.08496,0.23327,1,0.0033,0.98185,0.00332
002025_lcam_front_lidar.ply,0.25,800,0.9,0.08462,0.4229,1,0.30996,0.94031,0.24117
002026_lcam_front_lidar.ply,0.25,800,0.9,0.07966,0.21754,1,0.01978,0.93214,0.0708
002027_lcam_front_lidar.ply,0.25,800,0.9,0.09221,0.42943,1,0.32514,0.94401,0.25603
002028_lcam_front_lidar.ply,0.25,800,0.9,0.08304,0.42478,1,0.31315,0.94,0.24285
002029_lcam_front_lidar.ply,0.25,800,0.9,0.08797,0.23375,1,0.00276,0.98142,0.00201
002030_lcam_front_lidar.ply,0.25,800,0.9,0.0918,0.43546,1,0.33177,0.94446,0.25805
002031_lcam_front_lidar.ply,0.25,800,0.9,0.09492,0.42301,1,0.32223,0.94493,0.26128
002032_lcam_front_lidar.ply,0.25,800,0.9,0.08367,0.43278,1,0.32236,0.94035,0.24531
002033_lcam_front_lidar.ply,0.25,800,0.9,0.10084,0.36874,1,0.255,0.94301,0.23432
002034_lcam_front_lidar.ply,0.25,800,0.9,0.08328,0.21125,1,0.00788,0.94108,0.05924
002035_lcam_front_lidar.ply,0.25,800,0.9,0.08174,0.43508,1,0.32731,0.94097,0.24926
002036_lcam_front_lidar.ply,0.25,800,0.9,0.10904,0.36572,1,0.25587,0.94602,0.2411
002037_lcam_front_lidar.ply,0.25,800,0.9,0.07506,0.43207,1,0.31615,0.93902,0.2372
002038_lcam_front_lidar.ply,0.25,800,0.9,0.10032,0.37051,1,0.25776,0.94516,0.23168
002039_lcam_front_lidar.ply,0.25,800,0.9,0.09186,0.37325,1,0.26364,0.94592,0.24029
002040_lcam_front_lidar.ply,0.25,800,0.9,0.09299,0.37042,1,0.25532,0.94495,0.23032
002041_lcam_front_lidar.ply,0.25,800,0.9,0.0792,0.37346,1,0.2627,0.94627,0.23885
002042_lcam_front_lidar.ply,0.25,800,0.9,0.08089,0.37912,1,0.26523,0.94515,0.23694
002043_lcam_front_lidar.ply,0.25,800,0.9,0.08536,0.3805,1,0.2681,0.94593,0.2403
002044_lcam_front_lidar.ply,0.25,800,0.9,0.09544,0.37693,1,0.26293,0.94542,0.23175
002045_lcam_front_lidar.ply,0.25,800,0.9,0.08911,0.38208,1,0.26801,0.94583,0.23647
002046_lcam_front_lidar.ply,0.25,800,0.9,0.09442,0.38738,1,0.2734,0.94567,0.23516
002047_lcam_front_lidar.ply,0.25,800,0.9,0.07938,0.39514,1,0.27702,0.94471,0.23083
002048_lcam_front_lidar.ply,0.25,800,0.9,0.08805,0.3925,1,0.27717,0.94517,0.23511
002049_lcam_front_lidar.ply,0.25,800,0.9,0.09912,0.39204,1,0.27856,0.9456,0.23492
002050_lcam_front_lidar.ply,0.25,800,0.9,0.09599,0.39988,1,0.29061,0.94657,0.24341
002051_lcam_front_lidar.ply,0.25,800,0.9,0.08888,0.38975,1,0.27212,0.945,0.22822
002052_lcam_front_lidar.ply,0.25,800,0.9,0.09506,0.39171,1,0.27896,0.94599,0.23729
002053_lcam_front_lidar.ply,0.25,800,0.9,0.11034,0.39077,1,0.2748,0.94522,0.22891
002054_lcam_front_lidar.ply,0.25,800,0.9,0.08508,0.39284,1,0.27996,0.94604,0.23655
002055_lcam_front_lidar.ply,0.25,800,0.9,0.06349,0.39548,1,0.29158,0.95034,0.26365
002056_lcam_front_lidar.ply,0.25,800,0.9,0.08314,0.39462,1,0.27976,0.94521,0.23696
002057_lcam_front_lidar.ply,0.25,800,0.9,0.07637,0.39544,1,0.27957,0.94612,0.23473
002058_lcam_front_lidar.ply,0.25,800,0.9,0.08513,0.39097,1,0.27867,0.94523,0.24018
002059_lcam_front_lidar.ply,0.25,800,0.9,0.08885,0.39191,1,0.28881,0.94744,0.25435
002060_lcam_front_lidar.ply,0.25,800,0.9,0.08101,0.39016,1,0.2728,0.94444,0.22817
002061_lcam_front_lidar.ply,0.25,800,0.9,0.07926,0.39167,1,0.27851,0.94424,0.23492
002062_lcam_front_lidar.ply,0.25,800,0.9,0.07937,0.3889,1,0.28418,0.94793,0.2526
002063_lcam_front_lidar.ply,0.25,800,0.9,0.08037,0.39569,1,0.2848,0.94714,0.2465
002064_lcam_front_lidar.ply,0.25,800,0.9,0.0809,0.39501,1,0.28221,0.94735,0.23792
002065_lcam_front_lidar.ply,0.25,800,0.9,0.07913,0.39045,1,0.27488,0.94465,0.23179
002066_lcam_front_lidar.ply,0.25,800,0.9,0.09526,0.39633,1,0.28309,0.94544,0.23652
002067_lcam_front_lidar.ply,0.25,800,0.9,0.07129,0.39653,1,0.27145,0.94242,0.21594
002068_lcam_front_lidar.ply,0.25,800,0.9,0.08919,0.39945,1,0.29222,0.94649,0.2508
002069_lcam_front_lidar.ply,0.25,800,0.9,0.08149,0.4001,1,0.29558,0.94699,0.25505
002070_lcam_front_lidar.ply,0.25,800,0.9,0.09493,0.40812,1,0.29273,0.94013,0.22664
002071_lcam_front_lidar.ply,0.25,800,0.9,0.07491,0.41766,1,0.29155,0.93879,0.21908
002072_lcam_front_lidar.ply,0.25,800,0.9,0.08509,0.41347,1,0.29969,0.93897,0.23434
002073_lcam_front_lidar.ply,0.25,800,0.9,0.05719,0.41869,1,0.30619,0.9397,0.24394
002074_lcam_front_lidar.ply,0.25,800,0.9,0.0893,0.41675,1,0.30255,0.93899,0.23432
002075_lcam_front_lidar.ply,0.25,800,0.9,0.08619,0.40707,1,0.29855,0.9417,0.24652
002076_lcam_front_lidar.ply,0.25,800,0.9,0.07075,0.40963,1,0.28854,0.93734,0.22225
002077_lcam_front_lidar.ply,0.25,800,0.9,0.07947,0.413,1,0.30539,0.94185,0.25013
002078_lcam_front_lidar.ply,0.25,800,0.9,0.09517,0.40403,1,0.29609,0.94136,0.24781
002079_lcam_front_lidar.ply,0.25,800,0.9,0.07245,0.40711,1,0.29863,0.94133,0.24647
002080_lcam_front_lidar.ply,0.25,800,0.9,0.08339,0.40944,1,0.29357,0.93788,0.23534
002081_lcam_front_lidar.ply,0.25,800,0.9,0.09503,0.41695,1,0.30201,0.93585,0.23001
002082_lcam_front_lidar.ply,0.25,800,0.9,0.09698,0.41578,1,0.31664,0.94088,0.26224
002083_lcam_front_lidar.ply,0.25,800,0.9,0.08278,0.42151,1,0.30372,0.93504,0.22845
002084_lcam_front_lidar.ply,0.25,800,0.9,0.08774,0.42631,1,0.30795,0.93248,0.22988
002085_lcam_front_lidar.ply,0.25,800,0.9,0.0731,0.41691,1,0.30668,0.93341,0.24738
002086_lcam_front_lidar.ply,0.25,800,0.9,0.07924,0.42368,1,0.31187,0.93358,0.24031
002087_lcam_front_lidar.ply,0.25,800,0.9,0.07905,0.41373,1,0.30634,0.93292,0.24626
002088_lcam_front_lidar.ply,0.25,800,0.9,0.08467,0.40289,1,0.29025,0.9307,0.23651
002089_lcam_front_lidar.ply,0.25,800,0.9,0.08522,0.4124,1,0.30476,0.93206,0.25002
002090_lcam_front_lidar.ply,0.25,800,0.9,0.0936,0.40145,1,0.2948,0.93186,0.24774
002091_lcam_front_lidar.ply,0.25,800,0.9,0.09515,0.40018,1,0.29773,0.9319,0.2525
002092_lcam_front_lidar.ply,0.25,800,0.9,0.06988,0.40714,1,0.30417,0.93249,0.26014
002093_lcam_front_lidar.ply,0.25,800,0.9,0.07981,0.39134,1,0.28194,0.92561,0.23717
002094_lcam_front_lidar.ply,0.25,800,0.9,0.07916,0.38302,1,0.27581,0.92615,0.24596
002095_lcam_front_lidar.ply,0.25,800,0.9,0.07905,0.39054,1,0.28918,0.93063,0.26012
002096_lcam_front_lidar.ply,0.2,800,0.9,0.08988,0.36652,1,0.25272,0.92204,0.2221
002097_lcam_front_lidar.ply,0.2,800,0.9,0.08231,0.36083,1,0.23871,0.91757,0.21308
002098_lcam_front_lidar.ply,0.2,800,0.9,0.08533,0.36053,1,0.2412,0.92103,0.21853
002099_lcam_front_lidar.ply,0.2,800,0.9,0.0931,0.35835,1,0.24219,0.91978,0.22167
002100_lcam_front_lidar.ply,0.2,800,0.9,0.08728,0.37164,1,0.26129,0.92124,0.23658
002101_lcam_front_lidar.ply,0.2,800,0.9,0.0912,0.36512,1,0.24858,0.92139,0.2278
002102_lcam_front_lidar.ply,0.2,800,0.9,0.07167,0.35938,1,0.23528,0.91452,0.21785
002103_lcam_front_lidar.ply,0.2,800,0.9,0.07928,0.36475,1,0.24838,0.91446,0.22109
002104_lcam_front_lidar.ply,0.2,800,0.9,0.08938,0.35103,1,0.22403,0.91404,0.20428
002105_lcam_front_lidar.ply,0.2,800,0.9,0.08963,0.36918,1,0.2553,0.91765,0.2286
002106_lcam_front_lidar.ply,0.2,800,0.9,0.09135,0.35329,1,0.23631,0.91507,0.22441
002107_lcam_front_lidar.ply,0.2,800,0.9,0.07447,0.35864,1,0.24271,0.9157,0.22668
002108_lcam_front_lidar.ply,0.25,800,0.9,0.07364,0.36813,1,0.264,0.9211,0.25367
002109_lcam_front_lidar.ply,0.25,800,0.9,0.08098,0.36081,1,0.25397,0.91746,0.24279
002110_lcam_front_lidar.ply,0.25,800,0.9,0.07917,0.35884,1,0.25505,0.92058,0.24797
002111_lcam_front_lidar.ply,0.25,800,0.9,0.07814,0.3548,1,0.24172,0.91426,0.23067
002112_lcam_front_lidar.ply,0.25,800,0.9,0.07981,0.35987,1,0.25656,0.92021,0.24768
002113_lcam_front_lidar.ply,0.25,800,0.9,0.07527,0.35513,1,0.24746,0.92078,0.24109
002114_lcam_front_lidar.ply,0.25,800,0.9,0.09313,0.35278,1,0.24436,0.92081,0.23523
002115_lcam_front_lidar.ply,0.2,800,0.9,0.08084,0.34311,1,0.2179,0.91416,0.20089
002116_lcam_front_lidar.ply,0.2,800,0.9,0.09544,0.34333,1,0.21477,0.91248,0.19299
002117_lcam_front_lidar.ply,0.25,800,0.9,0.07903,0.36236,1,0.25256,0.92195,0.23636
002118_lcam_front_lidar.ply,0.25,800,0.9,0.08344,0.35035,1,0.24346,0.92169,0.23925
002119_lcam_front_lidar.ply,0.25,800,0.9,0.09506,0.35274,1,0.24704,0.92069,0.23976
002120_lcam_front_lidar.ply,0.25,800,0.9,0.10263,0.3493,1,0.23545,0.91702,0.22756
002121_lcam_front_lidar.ply,0.2,800,0.9,0.09351,0.35019,1,0.22505,0.91098,0.19841
002122_lcam_front_lidar.ply,0.25,800,0.9,0.07763,0.35267,1,0.24077,0.91548,0.22869
002123_lcam_front_lidar.ply,0.2,800,0.9,0.08477,0.35185,1,0.22636,0.91134,0.20207
002124_lcam_front_lidar.ply,0.25,800,0.9,0.07509,0.36701,1,0.24876,0.91517,0.22191
002125_lcam_front_lidar.ply,0.2,800,0.9,0.07575,0.35565,1,0.2342,0.92447,0.21115
002126_lcam_front_lidar.ply,0.2,800,0.9,0.08335,0.34271,1,0.21296,0.90468,0.18968
002127_lcam_front_lidar.ply,0.25,800,0.9,0.08311,0.35704,1,0.2405,0.9123,0.21783
002128_lcam_front_lidar.ply,0.25,800,0.9,0.07933,0.36338,1,0.24813,0.91156,0.22377
002129_lcam_front_lidar.ply,0.25,800,0.9,0.08315,0.35551,1,0.23143,0.90636,0.20205
002130_lcam_front_lidar.ply,0.25,800,0.9,0.06738,0.37114,1,0.26193,0.91779,0.24021
002131_lcam_front_lidar.ply,0.25,800,0.9,0.08926,0.36665,1,0.24495,0.90813,0.21151
002132_lcam_front_lidar.ply,0.25,800,0.9,0.07877,0.36422,1,0.23901,0.90646,0.20636
002133_lcam_front_lidar.ply,0.25,800,0.9,0.05563,0.36391,1,0.2366,0.9069,0.20783
002134_lcam_front_lidar.ply,0.25,800,0.9,0.06365,0.36714,1,0.24221,0.9045,0.20782
002135_lcam_front_lidar.ply,0.25,800,0.9,0.08109,0.35314,1,0.21743,0.90002,0.18887
002136_lcam_front_lidar.ply,0.25,800,0.9,0.07142,0.36997,1,0.23566,0.90069,0.19285
002137_lcam_front_lidar.ply,0.25,800,0.9,0.07551,0.3817,1,0.2547,0.90501,0.20551
002138_lcam_front_lidar.ply,0.25,800,0.9,0.09564,0.37008,1,0.24546,0.90309,0.21091
002139_lcam_front_lidar.ply,0.2,800,0.9,0.06344,0.35697,1,0.20381,0.89428,0.16121
002140_lcam_front_lidar.ply,0.25,800,0.9,0.08308,0.3466,1,0.2166,0.89643,0.19736
002141_lcam_front_lidar.ply,0.25,800,0.9,0.07735,0.36132,1,0.22945,0.89537,0.19585
002142_lcam_front_lidar.ply,0.25,800,0.9,0.06386,0.36205,1,0.20833,0.89138,0.15317
002143_lcam_front_lidar.ply,0.25,800,0.9,0.07532,0.35535,1,0.22053,0.89132,0.19114
002144_lcam_front_lidar.ply,0.25,800,0.9,0.08288,0.38093,1,0.23303,0.89431,0.16675
002145_lcam_front_lidar.ply,0.25,800,0.9,0.08087,0.35541,1,0.21714,0.89078,0.18264
002146_lcam_front_lidar.ply,0.25,800,0.9,0.07704,0.39159,1,0.26808,0.90036,0.21228
002147_lcam_front_lidar.ply,0.25,800,0.9,0.07455,0.39128,1,0.24429,0.89407,0.16994
002148_lcam_front_lidar.ply,0.25,800,0.9,0.08666,0.36555,1,0.22749,0.89188,0.18075
002149_lcam_front_lidar.ply,0.25,800,0.9,0.07508,0.36683,1,0.22838,0.89081,0.1881
002150_lcam_front_lidar.ply,0.25,800,0.9,0.07117,0.37073,1,0.22013,0.89248,0.15874
002151_lcam_front_lidar.ply,0.25,800,0.9,0.07286,0.36813,1,0.23332,0.89442,0.18996
002152_lcam_front_lidar.ply,0.25,800,0.9,0.06153,0.36087,1,0.21802,0.88987,0.17618
002153_lcam_front_lidar.ply,0.25,800,0.9,0.08042,0.35077,1,0.21615,0.89143,0.19034
002154_lcam_front_lidar.ply,0.25,800,0.9,0.05737,0.34973,1,0.22237,0.89493,0.20745
002155_lcam_front_lidar.ply,0.25,800,0.9,0.08673,0.3459,1,0.2087,0.89337,0.18776
002156_lcam_front_lidar.ply,0.25,800,0.9,0.06959,0.37076,1,0.24061,0.89892,0.19678
002157_lcam_front_lidar.ply,0.25,800,0.9,0.07712,0.33414,1,0.20209,0.89506,0.20032
002158_lcam_front_lidar.ply,0.2,800,0.9,0.07357,0.35698,1,0.21794,0.89758,0.18389
002159_lcam_front_lidar.ply,0.2,800,0.9,0.05567,0.3299,1,0.18308,0.89529,0.17001
002160_lcam_front_lidar.ply,0.2,800,0.9,0.08545,0.31273,1,0.15711,0.9234,0.14965
002161_lcam_front_lidar.ply,0.2,800,0.9,0.07855,0.31191,1,0.16205,0.88994,0.15691
002162_lcam_front_lidar.ply,0.2,800,0.9,0.07319,0.29732,1,0.1474,0.89007,0.1566
002163_lcam_front_lidar.ply,0.2,800,0.9,0.06357,0.28864,1,0.14147,0.89196,0.16918
002164_lcam_front_lidar.ply,0.2,800,0.9,0.07515,0.30246,1,0.15731,0.88984,0.17214
002165_lcam_front_lidar.ply,0.2,800,0.9,0.07711,0.29353,1,0.17528,0.9417,0.22274
002166_lcam_front_lidar.ply,0.2,800,0.9,0.10369,0.29461,1,0.18992,0.9574,0.24703
002167_lcam_front_lidar.ply,0.2,800,0.9,0.12243,0.28655,1,0.15721,0.89482,0.19108
002168_lcam_front_lidar.ply,0.25,800,0.9,0.12429,0.28497,1,0.17787,0.90035,0.23069
002169_lcam_front_lidar.ply,0.25,800,0.9,0.12479,0.29446,1,0.17774,0.90358,0.21529
002170_lcam_front_lidar.ply,0.2,800,0.9,0.10485,0.28974,1,0.15806,0.90169,0.1913
002171_lcam_front_lidar.ply,0.25,800,0.9,0.1121,0.29071,1,0.20018,0.94614,0.2662
002172_lcam_front_lidar.ply,0.25,800,0.9,0.11287,0.30141,1,0.18537,0.90866,0.21908
002173_lcam_front_lidar.ply,0.2,800,0.9,0.10472,0.2808,1,0.14741,0.89157,0.18653
002174_lcam_front_lidar.ply,0.2,800,0.9,0.10828,0.2871,1,0.14628,0.9,0.17278
002175_lcam_front_lidar.ply,0.25,800,0.9,0.10985,0.31312,1,0.2155,0.94819,0.26303
002176_lcam_front_lidar.ply,0.2,800,0.9,0.10351,0.29935,1,0.17739,0.94504,0.2099
002177_lcam_front_lidar.ply,0.2,800,0.9,0.11425,0.27726,1,0.12162,0.87848,0.13795
002178_lcam_front_lidar.ply,0.2,800,0.9,0.10419,0.28887,1,0.15542,0.97022,0.19079
002179_lcam_front_lidar.ply,0.2,800,0.9,0.10648,0.29424,1,0.17109,0.97253,0.2011
002180_lcam_front_lidar.ply,0.2,800,0.9,0.11367,0.27715,1,0.12973,0.89426,0.16246
002181_lcam_front_lidar.ply,0.2,800,0.9,0.09966,0.30251,1,0.17424,0.97122,0.19591
002182_lcam_front_lidar.ply,0.2,800,0.9,0.10507,0.31507,1,0.18403,0.94324,0.19228
002183_lcam_front_lidar.ply,0.2,800,0.9,0.10317,0.32245,1,0.18997,0.9411,0.19032
002184_lcam_front_lidar.ply,0.2,800,0.9,0.07356,0.30458,1,0.17898,0.95831,0.21113
002185_lcam_front_lidar.ply,0.2,800,0.9,0.08688,0.33529,1,0.19413,0.93867,0.18013
002186_lcam_front_lidar.ply,0.2,800,0.9,0.0651,0.33763,1,0.19687,0.93918,0.18728
002187_lcam_front_lidar.ply,0.2,800,0.9,0.0792,0.33588,1,0.19115,0.93714,0.17093
002188_lcam_front_lidar.ply,0.2,800,0.9,0.07469,0.34504,1,0.20153,0.93707,0.17504
002189_lcam_front_lidar.ply,0.2,800,0.9,0.07317,0.3491,1,0.20258,0.93835,0.17177
002190_lcam_front_lidar.ply,0.2,800,0.9,0.06965,0.3487,1,0.20238,0.93841,0.16526
002191_lcam_front_lidar.ply,0.2,800,0.9,0.0752,0.35844,1,0.21467,0.94111,0.17827
002192_lcam_front_lidar.ply,0.2,800,0.9,0.07153,0.35361,1,0.20491,0.94137,0.16433
002193_lcam_front_lidar.ply,0.2,800,0.9,0.08322,0.35405,1,0.21166,0.94137,0.179
002194_lcam_front_lidar.ply,0.2,800,0.9,0.07349,0.35204,1,0.20297,0.94226,0.16643
002195_lcam_front_lidar.ply,0.2,800,0.9,0.06935,0.35165,1,0.20753,0.94271,0.17152
002196_lcam_front_lidar.ply,0.2,800,0.9,0.07753,0.34951,1,0.19999,0.94043,0.16375
002197_lcam_front_lidar.ply,0.2,800,0.9,0.07684,0.34752,1,0.21133,0.94087,0.18237
002198_lcam_front_lidar.ply,0.2,800,0.9,0.07738,0.35211,1,0.2118,0.94199,0.18258
002199_lcam_front_lidar.ply,0.2,800,0.9,0.0629,0.35531,1,0.21257,0.94267,0.1811
002200_lcam_front_lidar.ply,0.2,800,0.9,0.07764,0.34804,1,0.2056,0.94228,0.1745
002201_lcam_front_lidar.ply,0.2,800,0.9,0.08446,0.34967,1,0.20579,0.94226,0.17077
002202_lcam_front_lidar.ply,0.2,800,0.9,0.08275,0.35244,1,0.20863,0.94127,0.17316
002203_lcam_front_lidar.ply,0.2,800,0.9,0.08592,0.35071,1,0.20614,0.94253,0.17145
002204_lcam_front_lidar.ply,0.2,800,0.9,0.16353,0.3348,1,0.2096,0.94338,0.19692
002205_lcam_front_lidar.ply,0.2,800,0.9,0.07557,0.34359,1,0.19428,0.94303,0.16378
002206_lcam_front_lidar.ply,0.2,800,0.9,0.08294,0.34131,1,0.19504,0.94231,0.16397
002207_lcam_front_lidar.ply,0.2,800,0.9,0.10611,0.33831,1,0.21099,0.94416,0.19923
002208_lcam_front_lidar.ply,0.2,800,0.9,0.08437,0.34451,1,0.19723,0.94251,0.16687
002209_lcam_front_lidar.ply,0.2,800,0.9,0.09026,0.33917,1,0.20125,0.94111,0.18112
002210_lcam_front_lidar.ply,0.2,800,0.9,0.09761,0.33851,1,0.20004,0.94148,0.17871
002211_lcam_front_lidar.ply,0.2,800,0.9,0.08959,0.33214,1,0.19042,0.94034,0.1669
002212_lcam_front_lidar.ply,0.2,800,0.9,0.0834,0.33996,1,0.20731,0.9408,0.18835
002213_lcam_front_lidar.ply,0.2,800,0.9,0.0971,0.32833,1,0.19094,0.9404,0.17622
002214_lcam_front_lidar.ply,0.2,800,0.9,0.10643,0.32516,1,0.18698,0.9397,0.17327
002215_lcam_front_lidar.ply,0.2,800,0.9,0.08294,0.33563,1,0.20614,0.93983,0.19381
002216_lcam_front_lidar.ply,0.2,800,0.9,0.09899,0.33177,1,0.19602,0.93965,0.18119
002217_lcam_front_lidar.ply,0.2,800,0.9,0.0795,0.32591,1,0.20921,0.94218,0.22381
002218_lcam_front_lidar.ply,0.2,800,0.9,0.08967,0.32368,1,0.18848,0.93979,0.18065
002219_lcam_front_lidar.ply,0.2,800,0.9,0.10237,0.32885,1,0.20249,0.94059,0.20085
002220_lcam_front_lidar.ply,0.2,800,0.9,0.09136,0.33104,1,0.20662,0.9399,0.20376
002221_lcam_front_lidar.ply,0.2,800,0.9,0.093,0.32541,1,0.20001,0.93976,0.20215
002222_lcam_front_lidar.ply,0.2,800,0.9,0.09277,0.32801,1,0.19786,0.93892,0.19497
002223_lcam_front_lidar.ply,0.2,800,0.9,0.09103,0.32125,1,0.19305,0.939,0.19763
002224_lcam_front_lidar.ply,0.2,800,0.9,0.09398,0.33108,1,0.2181,0.94046,0.22919
002225_lcam_front_lidar.ply,0.2,800,0.9,0.10172,0.3336,1,0.21872,0.94431,0.21693
002226_lcam_front_lidar.ply,0.2,800,0.9,0.09115,0.3378,1,0.22536,0.94106,0.22746
002227_lcam_front_lidar.ply,0.2,800,0.9,0.10015,0.3274,1,0.20869,0.94022,0.21526
002228_lcam_front_lidar.ply,0.2,800,0.9,0.09825,0.32066,1,0.20124,0.9407,0.21365
002229_lcam_front_lidar.ply,0.2,800,0.9,0.08813,0.21062,1,0.05286,0.93591,0.13728
002230_lcam_front_lidar.ply,0.2,800,0.9,0.09447,0.31775,1,0.1876,0.9388,0.19006
002231_lcam_front_lidar.ply,0.2,800,0.9,0.08903,0.32194,1,0.19759,0.93976,0.20158
002232_lcam_front_lidar.ply,0.2,800,0.9,0.09662,0.3168,1,0.1806,0.93792,0.17395
002233_lcam_front_lidar.ply,0.2,800,0.9,0.07279,0.31794,1,0.17194,0.93683,0.16415
002234_lcam_front_lidar.ply,0.2,800,0.9,0.08461,0.32037,1,0.18022,0.93793,0.17194
002235_lcam_front_lidar.ply,0.25,800,0.9,0.09613,0.32042,1,0.20603,0.93884,0.22719
002236_lcam_front_lidar.ply,0.25,800,0.9,0.10011,0.32293,1,0.20274,0.93755,0.21263
002237_lcam_front_lidar.ply,0.25,800,0.9,0.09053,0.32161,1,0.20149,0.93756,0.21609
002238_lcam_front_lidar.ply,0.25,800,0.9,0.08166,0.32301,1,0.20582,0.93745,0.22198
002239_lcam_front_lidar.ply,0.25,800,0.9,0.08378,0.3401,1,0.24775,0.93949,0.27236
002240_lcam_front_lidar.ply,0.25,800,0.9,0.08903,0.31962,1,0.19723,0.93667,0.2084
002241_lcam_front_lidar.ply,0.4,800,0.9,0.08316,0.33691,1,0.25545,0.93498,0.29496
002242_lcam_front_lidar.ply,0.25,800,0.9,0.09482,0.3175,1,0.2045,0.93754,0.22446
002243_lcam_front_lidar.ply,0.25,800,0.9,0.09877,0.33247,1,0.20938,0.93608,0.20416
002244_lcam_front_lidar.ply,0.4,800,0.9,0.10368,0.34879,1,0.27129,0.93584,0.2949
002245_lcam_front_lidar.ply,0.25,800,0.9,0.07147,0.3245,1,0.20939,0.93658,0.22809
002246_lcam_front_lidar.ply,0.25,800,0.9,0.07777,0.32895,1,0.21514,0.93718,0.22685
002247_lcam_front_lidar.ply,0.25,800,0.9,0.09486,0.32742,1,0.20821,0.93707,0.21422
002248_lcam_front_lidar.ply,0.25,800,0.9,0.09543,0.32148,1,0.20346,0.93631,0.21471
002249_lcam_front_lidar.ply,0.4,800,0.9,0.09348,0.33975,1,0.25834,0.93769,0.29342
002250_lcam_front_lidar.ply,0.25,800,0.9,0.10466,0.33031,1,0.24364,0.93876,0.27674
002251_lcam_front_lidar.ply,0.25,800,0.9,0.09188,0.32011,1,0.2188,0.93687,0.25246
002252_lcam_front_lidar.ply,0.4,800,0.9,0.09549,0.32694,1,0.25063,0.93375,0.29995
002253_lcam_front_lidar.ply,0.25,800,0.9,0.08272,0.31106,1,0.18981,0.93573,0.20888
002254_lcam_front_lidar.ply,0.25,800,0.9,0.07967,0.32599,1,0.23217,0.93768,0.26729
002255_lcam_front_lidar.ply,0.25,800,0.9,0.08859,0.31131,1,0.19593,0.93573,0.22056
002256_lcam_front_lidar.ply,0.25,800,0.9,0.09688,0.32519,1,0.23579,0.93815,0.27388
002257_lcam_front_lidar.ply,0.25,800,0.9,0.09911,0.31276,1,0.2032,0.936,0.23106
002258_lcam_front_lidar.ply,0.25,800,0.9,0.09615,0.31122,1,0.19667,0.93599,0.22375
002259_lcam_front_lidar.ply,0.25,800,0.9,0.09109,0.30828,1,0.19336,0.93576,0.22125
002260_lcam_front_lidar.ply,0.25,800,0.9,0.07965,0.30925,1,0.20687,0.93737,0.24201
002261_lcam_front_lidar.ply,0.25,800,0.9,0.09138,0.30374,1,0.19231,0.93648,0.22329
002262_lcam_front_lidar.ply,0.25,800,0.9,0.09375,0.31817,1,0.23361,0.93822,0.27634
002263_lcam_front_lidar.ply,0.25,800,0.9,0.08757,0.32211,1,0.23031,0.94009,0.27315
002264_lcam_front_lidar.ply,0.25,800,0.9,0.09743,0.20323,1,0.05541,0.92936,0.1509
002265_lcam_front_lidar.ply,0.25,800,0.9,0.10335,0.31425,1,0.21217,0.93801,0.24764
002266_lcam_front_lidar.ply,0.25,800,0.9,0.07743,0.31168,1,0.18061,0.93451,0.19316
002267_lcam_front_lidar.ply,0.25,800,0.9,0.08685,0.328,1,0.24175,0.93867,0.27926
002268_lcam_front_lidar.ply,0.25,800,0.9,0.08716,0.32146,1,0.2378,0.93884,0.28137
002269_lcam_front_lidar.ply,0.25,800,0.9,0.08076,0.31203,1,0.18659,0.93492,0.20445
002270_lcam_front_lidar.ply,0.25,800,0.9,0.08904,0.31088,1,0.1807,0.93311,0.19277
002271_lcam_front_lidar.ply,0.25,800,0.9,0.08717,0.30429,1,0.17823,0.9341,0.2018
002272_lcam_front_lidar.ply,0.25,800,0.9,0.08637,0.2151,1,0.06504,0.9285,0.15389
002273_lcam_front_lidar.ply,0.25,800,0.9,0.08873,0.22138,1,0.06981,0.92698,0.14812
002274_lcam_front_lidar.ply,0.25,800,0.9,0.08931,0.30835,1,0.19806,0.93561,0.22556
002275_lcam_front_lidar.ply,0.25,800,0.9,0.07944,0.31901,1,0.22975,0.93897,0.27655
002276_lcam_front_lidar.ply,0.25,800,0.9,0.08913,0.30737,1,0.18811,0.93515,0.20968
002277_lcam_front_lidar.ply,0.25,800,0.9,0.0971,0.31024,1,0.19011,0.93503,0.21033
002278_lcam_front_lidar.ply,0.25,800,0.9,0.08982,0.32317,1,0.23772,0.93968,0.27999
002279_lcam_front_lidar.ply,0.25,800,0.9,0.08312,0.32386,1,0.21962,0.93738,0.24252
002280_lcam_front_lidar.ply,0.25,800,0.9,0.0716,0.30749,1,0.20126,0.92548,0.2458
002281_lcam_front_lidar.ply,0.25,800,0.9,0.07916,0.31524,1,0.19727,0.93547,0.21786
002282_lcam_front_lidar.ply,0.25,800,0.9,0.09252,0.20946,1,0.00395,0.82362,0.03951
002283_lcam_front_lidar.ply,0.25,800,0.9,0.08947,0.31807,1,0.18453,0.9329,0.18853
002284_lcam_front_lidar.ply,0.25,800,0.9,0.0901,0.29686,1,0.18503,0.92383,0.2312
002285_lcam_front_lidar.ply,0.25,800,0.9,0.0771,0.3234,1,0.24391,0.94102,0.28778
002286_lcam_front_lidar.ply,0.25,800,0.9,0.09026,0.3326,1,0.24987,0.94148,0.28814
002287_lcam_front_lidar.ply,0.25,800,0.9,0.08154,0.22001,1,0.00398,0.82239,0.02025
002288_lcam_front_lidar.ply,0.25,800,0.9,0.07518,0.32046,1,0.19685,0.93418,0.2101
002289_lcam_front_lidar.ply,0.25,800,0.9,0.08337,0.32261,1,0.19684,0.93367,0.20286
002290_lcam_front_lidar.ply,0.25,800,0.9,0.08505,0.32441,1,0.20743,0.93501,0.21698
002291_lcam_front_lidar.ply,0.25,800,0.9,0.0869,0.3028,1,0.19928,0.92361,0.24491
002292_lcam_front_lidar.ply,0.25,800,0.9,0.09619,0.31668,1,0.19896,0.93544,0.2167
002293_lcam_front_lidar.ply,0.25,800,0.9,0.09048,0.3271,1,0.20242,0.93459,0.2045
002294_lcam_front_lidar.ply,0.25,800,0.9,0.08268,0.22081,1,0.06278,0.92434,0.13581
002295_lcam_front_lidar.ply,0.25,800,0.9,0.07501,0.33928,1,0.25487,0.94049,0.285
002296_lcam_front_lidar.ply,0.25,800,0.9,0.07933,0.20448,1,0.00457,0.84368,0.05254
002297_lcam_front_lidar.ply,0.25,800,0.9,0.07984,0.33533,1,0.23159,0.93816,0.24484
002298_lcam_front_lidar.ply,0.25,800,0.9,0.07883,0.32513,1,0.19649,0.93323,0.19863
002299_lcam_front_lidar.ply,0.25,800,0.9,0.08857,0.32164,1,0.19517,0.93267,0.19669
002300_lcam_front_lidar.ply,0.25,800,0.9,0.08362,0.32254,1,0.19038,0.9317,0.19059
002301_lcam_front_lidar.ply,0.25,800,0.9,0.08487,0.22852,1,0.06947,0.92196,0.14044
002302_lcam_front_lidar.ply,0.25,800,0.9,0.08634,0.32634,1,0.20675,0.93415,0.2155
002303_lcam_front_lidar.ply,0.25,800,0.9,0.07889,0.30846,1,0.19658,0.91834,0.2274
002304_lcam_front_lidar.ply,0.25,800,0.9,0.0948,0.3283,1,0.23245,0.94001,0.26207
002305_lcam_front_lidar.ply,0.25,800,0.9,0.07904,0.21096,1,0.00408,0.83973,0.0417
002306_lcam_front_lidar.ply,0.25,800,0.9,0.08409,0.20708,1,0.00512,0.92039,0.051
002307_lcam_front_lidar.ply,0.25,800,0.9,0.08138,0.32864,1,0.24621,0.94125,0.28374
002308_lcam_front_lidar.ply,0.25,800,0.9,0.09763,0.24251,1,0.07262,0.92855,0.11333
002309_lcam_front_lidar.ply,0.25,800,0.9,0.07347,0.32864,1,0.2476,0.94226,0.28944
002310_lcam_front_lidar.ply,0.25,800,0.9,0.08263,0.33607,1,0.25189,0.94029,0.28523
002311_lcam_front_lidar.ply,0.25,800,0.9,0.07685,0.31026,1,0.20476,0.92196,0.2408
002312_lcam_front_lidar.ply,0.25,800,0.9,0.09236,0.3211,1,0.20443,0.93737,0.21797
002313_lcam_front_lidar.ply,0.25,800,0.9,0.06845,0.33306,1,0.24371,0.94376,0.27769
002314_lcam_front_lidar.ply,0.25,800,0.9,0.08589,0.19787,1,0.0037,0.81732,0.06409
002315_lcam_front_lidar.ply,0.25,800,0.9,0.0751,0.31509,1,0.18435,0.93429,0.19669
002316_lcam_front_lidar.ply,0.25,800,0.9,0.08249,0.32144,1,0.23887,0.94361,0.29088
002317_lcam_front_lidar.ply,0.25,800,0.9,0.08866,0.31573,1,0.23378,0.94543,0.28955
002318_lcam_front_lidar.ply,0.25,800,0.9,0.07112,0.31368,1,0.1815,0.93426,0.19233
002319_lcam_front_lidar.ply,0.25,800,0.9,0.0925,0.3209,1,0.22732,0.94413,0.26437
002320_lcam_front_lidar.ply,0.25,800,0.9,0.07789,0.30679,1,0.18264,0.93441,0.20218
002321_lcam_front_lidar.ply,0.25,800,0.9,0.10512,0.16894,1,0.00319,0.92688,0.11599
002322_lcam_front_lidar.ply,0.25,800,0.9,0.07805,0.30833,1,0.17442,0.93234,0.18428
002323_lcam_front_lidar.ply,0.25,800,0.9,0.08548,0.21196,1,0.00366,0.83277,0.03436
002324_lcam_front_lidar.ply,0.25,800,0.9,0.0833,0.30222,1,0.17951,0.93361,0.2033
002325_lcam_front_lidar.ply,0.25,800,0.9,0.08175,0.301,1,0.17672,0.93233,0.19607
002326_lcam_front_lidar.ply,0.25,800,0.9,0.07738,0.30655,1,0.1879,0.93625,0.21932
002327_lcam_front_lidar.ply,0.25,800,0.9,0.07084,0.29583,1,0.20876,0.91858,0.27879
002328_lcam_front_lidar.ply,0.25,800,0.9,0.08044,0.30195,1,0.22063,0.94292,0.29042
002329_lcam_front_lidar.ply,0.25,800,0.9,0.09935,0.29522,1,0.19522,0.90363,0.24593
002330_lcam_front_lidar.ply,0.25,800,0.9,0.08368,0.29338,1,0.18884,0.90447,0.24724
002331_lcam_front_lidar.ply,0.25,800,0.9,0.07985,0.2949,1,0.17093,0.93269,0.20517
002332_lcam_front_lidar.ply,0.25,800,0.9,0.08539,0.19138,1,0.00372,0.85676,0.07674
002333_lcam_front_lidar.ply,0.25,800,0.9,0.06841,0.29992,1,0.20092,0.90804,0.25666
002334_lcam_front_lidar.ply,0.25,800,0.9,0.08463,0.29296,1,0.19727,0.90756,0.25771
002335_lcam_front_lidar.ply,0.25,800,0.9,0.08661,0.28528,1,0.17384,0.88728,0.2286
002336_lcam_front_lidar.ply,0.25,800,0.9,0.07334,0.28585,1,0.17281,0.88747,0.2288
002337_lcam_front_lidar.ply,0.25,800,0.9,0.07746,0.28846,1,0.21793,0.93979,0.31207
002338_lcam_front_lidar.ply,0.25,800,0.9,0.07582,0.29472,1,0.215,0.91108,0.29649
002339_lcam_front_lidar.ply,0.25,800,0.9,0.07699,0.27994,1,0.16182,0.92958,0.21619
002340_lcam_front_lidar.ply,0.25,800,0.9,0.09042,0.28943,1,0.17472,0.88403,0.21757
002341_lcam_front_lidar.ply,0.25,800,0.9,0.07357,0.28451,1,0.17352,0.88606,0.22806
002342_lcam_front_lidar.ply,0.25,800,0.9,0.07961,0.28544,1,0.16826,0.88247,0.21859
002343_lcam_front_lidar.ply,0.25,800,0.9,0.06484,0.29685,1,0.17978,0.88506,0.22485
002344_lcam_front_lidar.ply,0.25,800,0.9,0.08353,0.29857,1,0.17921,0.88655,0.21936
002345_lcam_front_lidar.ply,0.25,800,0.9,0.08637,0.26738,1,0.15458,0.92667,0.22219
002346_lcam_front_lidar.ply,0.25,800,0.9,0.06349,0.29963,1,0.19279,0.89778,0.24054
002347_lcam_front_lidar.ply,0.25,800,0.9,0.08158,0.29158,1,0.1874,0.89568,0.24472
002348_lcam_front_lidar.ply,0.25,800,0.9,0.09177,0.28863,1,0.1924,0.89979,0.25817
002349_lcam_front_lidar.ply,0.25,800,0.9,0.07105,0.28743,1,0.18788,0.8942,0.25317
002350_lcam_front_lidar.ply,0.25,800,0.9,0.07536,0.29663,1,0.20355,0.90456,0.26664
002351_lcam_front_lidar.ply,0.25,800,0.9,0.07781,0.29174,1,0.18834,0.8988,0.2436
002352_lcam_front_lidar.ply,0.25,800,0.9,0.09513,0.28141,1,0.17485,0.88207,0.22936
002353_lcam_front_lidar.ply,0.25,800,0.9,0.08201,0.283,1,0.17574,0.88667,0.23807
002354_lcam_front_lidar.ply,0.25,800,0.9,0.07887,0.28261,1,0.18656,0.90411,0.26464
002355_lcam_front_lidar.ply,0.25,800,0.9,0.08115,0.29054,1,0.19205,0.90428,0.26006
002356_lcam_front_lidar.ply,0.25,800,0.9,0.06018,0.29748,1,0.19989,0.90695,0.26171
002357_lcam_front_lidar.ply,0.25,800,0.9,0.08242,0.29041,1,0.19443,0.90726,0.26046
002358_lcam_front_lidar.ply,0.25,800,0.9,0.0751,0.29165,1,0.19712,0.90602,0.26115
002359_lcam_front_lidar.ply,0.25,800,0.9,0.07498,0.29006,1,0.19264,0.90838,0.25656
002360_lcam_front_lidar.ply,0.25,800,0.9,0.08149,0.28493,1,0.20608,0.92826,0.29177
002361_lcam_front_lidar.ply,0.25,800,0.9,0.08059,0.29622,1,0.19314,0.90782,0.24739
002362_lcam_front_lidar.ply,0.25,800,0.9,0.07998,0.28692,1,0.20758,0.92365,0.29498
002363_lcam_front_lidar.ply,0.25,800,0.9,0.09349,0.27815,1,0.18255,0.92989,0.2617
002364_lcam_front_lidar.ply,0.25,800,0.9,0.07554,0.30255,1,0.20496,0.91271,0.26343
002365_lcam_front_lidar.ply,0.25,800,0.9,0.07517,0.29522,1,0.20827,0.92851,0.28311
002366_lcam_front_lidar.ply,0.25,800,0.9,0.07361,0.29806,1,0.19842,0.91121,0.2596
002367_lcam_front_lidar.ply,0.25,800,0.9,0.07525,0.29552,1,0.19854,0.91278,0.26128
002368_lcam_front_lidar.ply,0.25,800,0.9,0.06481,0.29904,1,0.2003,0.91428,0.26125
002369_lcam_front_lidar.ply,0.25,800,0.9,0.0736,0.2977,1,0.20462,0.9188,0.26906
002370_lcam_front_lidar.ply,0.25,800,0.9,0.06509,0.29836,1,0.20192,0.91494,0.26594
002371_lcam_front_lidar.ply,0.25,800,0.9,0.0912,0.30677,1,0.21019,0.91885,0.26399
002372_lcam_front_lidar.ply,0.25,800,0.9,0.07737,0.30992,1,0.21208,0.92077,0.25903
002373_lcam_front_lidar.ply,0.25,800,0.9,0.07519,0.30218,1,0.2029,0.9183,0.26316
002374_lcam_front_lidar.ply,0.25,800,0.9,0.06373,0.30339,1,0.20255,0.91807,0.2585
002375_lcam_front_lidar.ply,0.25,800,0.9,0.06546,0.31019,1,0.2093,0.91715,0.26076
002376_lcam_front_lidar.ply,0.25,800,0.9,0.07647,0.30679,1,0.20552,0.91691,0.25513
002377_lcam_front_lidar.ply,0.25,800,0.9,0.0646,0.31262,1,0.20974,0.91728,0.25658
002378_lcam_front_lidar.ply,0.25,800,0.9,0.06725,0.31473,1,0.21236,0.91951,0.25588
002379_lcam_front_lidar.ply,0.25,800,0.9,0.08722,0.31469,1,0.21465,0.91742,0.25865
002380_lcam_front_lidar.ply,0.25,800,0.9,0.07287,0.31239,1,0.20888,0.91794,0.25607
002381_lcam_front_lidar.ply,0.25,800,0.9,0.08842,0.31023,1,0.21119,0.91788,0.25565
002382_lcam_front_lidar.ply,0.25,800,0.9,0.06719,0.31311,1,0.20613,0.9169,0.2488
002383_lcam_front_lidar.ply,0.25,800,0.9,0.06347,0.31037,1,0.20821,0.91474,0.25644
002384_lcam_front_lidar.ply,0.25,800,0.9,0.06543,0.31393,1,0.20742,0.91478,0.24956
002385_lcam_front_lidar.ply,0.25,800,0.9,0.07587,0.30532,1,0.20349,0.91582,0.25407
002386_lcam_front_lidar.ply,0.25,800,0.9,0.07735,0.31002,1,0.2063,0.91295,0.2508
002387_lcam_front_lidar.ply,0.25,800,0.9,0.07589,0.30738,1,0.19916,0.91457,0.24523
002388_lcam_front_lidar.ply,0.25,800,0.9,0.06564,0.30991,1,0.20374,0.91258,0.24944
002389_lcam_front_lidar.ply,0.25,800,0.9,0.06941,0.29766,1,0.19442,0.91317,0.25559
002390_lcam_front_lidar.ply,0.25,800,0.9,0.07501,0.30009,1,0.19697,0.91322,0.25061
002391_lcam_front_lidar.ply,0.25,800,0.9,0.07679,0.30487,1,0.19761,0.91196,0.24885
002392_lcam_front_lidar.ply,0.25,800,0.9,0.06328,0.30984,1,0.20498,0.90976,0.252
002393_lcam_front_lidar.ply,0.25,800,0.9,0.07897,0.30527,1,0.20242,0.90983,0.25373
002394_lcam_front_lidar.ply,0.25,800,0.9,0.07571,0.29276,1,0.18609,0.90007,0.2485
002395_lcam_front_lidar.ply,0.25,800,0.9,0.08485,0.29993,1,0.19542,0.90702,0.25073
002396_lcam_front_lidar.ply,0.25,800,0.9,0.07306,0.30742,1,0.2041,0.90848,0.25417
002397_lcam_front_lidar.ply,0.25,800,0.9,0.07498,0.30718,1,0.20195,0.90674,0.251
002398_lcam_front_lidar.ply,0.25,800,0.9,0.06119,0.30011,1,0.1947,0.90482,0.25479
002399_lcam_front_lidar.ply,0.2,800,0.9,0.07925,0.3055,1,0.18271,0.90419,0.21473
002400_lcam_front_lidar.ply,0.25,800,0.9,0.07782,0.30658,1,0.20234,0.90737,0.24974
002401_lcam_front_lidar.ply,0.2,800,0.9,0.06292,0.27839,1,0.13608,0.893,0.17854
002402_lcam_front_lidar.ply,0.2,800,0.9,0.07553,0.30068,1,0.17575,0.90082,0.2119
002403_lcam_front_lidar.ply,0.2,800,0.9,0.09695,0.2805,1,0.16854,0.89635,0.22993
002404_lcam_front_lidar.ply,0.2,800,0.9,0.07346,0.29087,1,0.16648,0.90876,0.21351
002405_lcam_front_lidar.ply,0.2,800,0.9,0.08065,0.30219,1,0.18514,0.90374,0.22759
002406_lcam_front_lidar.ply,0.2,800,0.9,0.06122,0.30392,1,0.18356,0.90257,0.2277
002407_lcam_front_lidar.ply,0.2,800,0.9,0.09506,0.28684,1,0.16843,0.90047,0.22171
002408_lcam_front_lidar.ply,0.2,800,0.9,0.07038,0.28351,1,0.16246,0.90184,0.21739
002409_lcam_front_lidar.ply,0.2,800,0.9,0.08092,0.29243,1,0.16948,0.90103,0.21878
002410_lcam_front_lidar.ply,0.2,800,0.9,0.0749,0.29393,1,0.17208,0.89802,0.21968
002411_lcam_front_lidar.ply,0.2,800,0.9,0.07943,0.27377,1,0.14972,0.88862,0.21566
002412_lcam_front_lidar.ply,0.2,800,0.9,0.07147,0.28348,1,0.1598,0.89932,0.21875
002413_lcam_front_lidar.ply,0.2,800,0.9,0.08659,0.28835,1,0.17038,0.90486,0.22067
002414_lcam_front_lidar.ply,0.2,800,0.9,0.09787,0.27323,1,0.14971,0.89228,0.21108
002415_lcam_front_lidar.ply,0.2,800,0.9,0.07872,0.2856,1,0.16512,0.8998,0.22178
002416_lcam_front_lidar.ply,0.2,800,0.9,0.07544,0.27737,1,0.15381,0.89397,0.21791
002417_lcam_front_lidar.ply,0.2,800,0.9,0.09903,0.28169,1,0.15735,0.90561,0.21249
002418_lcam_front_lidar.ply,0.2,800,0.9,0.07184,0.27589,1,0.15104,0.88831,0.21778
002419_lcam_front_lidar.ply,0.2,800,0.9,0.10175,0.28608,1,0.16329,0.90203,0.21719
002420_lcam_front_lidar.ply,0.2,800,0.9,0.08291,0.28795,1,0.15693,0.90152,0.20343
002421_lcam_front_lidar.ply,0.2,800,0.9,0.08973,0.29218,1,0.16426,0.90667,0.21424
002422_lcam_front_lidar.ply,0.2,800,0.9,0.08967,0.29333,1,0.16812,0.9034,0.21216
002423_lcam_front_lidar.ply,0.2,800,0.9,0.09098,0.29132,1,0.16688,0.90316,0.21358
002424_lcam_front_lidar.ply,0.2,800,0.9,0.07752,0.28624,1,0.15646,0.89958,0.20593
002425_lcam_front_lidar.ply,0.2,800,0.9,0.08719,0.28,1,0.15887,0.89328,0.22569
002426_lcam_front_lidar.ply,0.2,800,0.9,0.09335,0.27644,1,0.15442,0.89406,0.21732
002427_lcam_front_lidar.ply,0.2,800,0.9,0.10083,0.27744,1,0.14566,0.88249,0.20311
002428_lcam_front_lidar.ply,0.2,800,0.9,0.09546,0.29367,1,0.16267,0.90373,0.20083
002429_lcam_front_lidar.ply,0.2,800,0.9,0.08932,0.27603,1,0.14544,0.88434,0.20336
002430_lcam_front_lidar.ply,0.2,800,0.9,0.08279,0.29531,1,0.16864,0.90585,0.21259
002431_lcam_front_lidar.ply,0.2,800,0.9,0.10015,0.28547,1,0.16328,0.90676,0.2153
002432_lcam_front_lidar.ply,0.2,800,0.9,0.09761,0.2734,1,0.13861,0.89517,0.19259
002433_lcam_front_lidar.ply,0.2,800,0.9,0.09136,0.28332,1,0.15433,0.91016,0.20684
002434_lcam_front_lidar.ply,0.2,800,0.9,0.09334,0.27896,1,0.14563,0.89369,0.19859
002435_lcam_front_lidar.ply,0.2,800,0.9,0.09561,0.27419,1,0.14996,0.89749,0.21685
002436_lcam_front_lidar.ply,0.2,800,0.9,0.10075,0.27238,1,0.13518,0.88535,0.18831
002437_lcam_front_lidar.ply,0.2,800,0.9,0.16436,0.27732,1,0.15639,0.898,0.20566
002438_lcam_front_lidar.ply,0.15,800,0.9,0.11531,0.27385,1,0.11903,0.89592,0.15188
002439_lcam_front_lidar.ply,0.2,800,0.9,0.09819,0.26981,1,0.14035,0.88171,0.20513
002440_lcam_front_lidar.ply,0.15,800,0.9,0.09838,0.28041,1,0.12413,0.89762,0.1531
002441_lcam_front_lidar.ply,0.2,800,0.9,0.11593,0.28265,1,0.15572,0.90366,0.20518
002442_lcam_front_lidar.ply,0.15,800,0.9,0.10315,0.27059,1,0.11626,0.90167,0.15338
002443_lcam_front_lidar.ply,0.15,800,0.9,0.08894,0.26937,1,0.10892,0.88913,0.14483
002444_lcam_front_lidar.ply,0.15,800,0.9,0.10527,0.27398,1,0.12201,0.90212,0.16144
002445_lcam_front_lidar.ply,0.15,800,0.9,0.08766,0.26113,1,0.10468,0.88902,0.15537
002446_lcam_front_lidar.ply,0.15,800,0.9,0.10239,0.25892,1,0.10651,0.88878,0.15927
002447_lcam_front_lidar.ply,0.15,800,0.9,0.08813,0.26308,1,0.10596,0.89173,0.151
002448_lcam_front_lidar.ply,0.15,800,0.9,0.09901,0.2639,1,0.10212,0.89985,0.14187
002449_lcam_front_lidar.ply,0.15,800,0.9,0.09199,0.26224,1,0.10753,0.89314,0.15779
002450_lcam_front_lidar.ply,0.15,800,0.9,0.09424,0.25366,1,0.10058,0.89168,0.1599
002451_lcam_front_lidar.ply,0.15,800,0.9,0.10253,0.24744,1,0.09474,0.92522,0.15996
002452_lcam_front_lidar.ply,0.15,800,0.9,0.10029,0.23304,1,0.0,0.0,0.0
002453_lcam_front_lidar.ply,0.15,800,0.9,0.11669,0.22838,1,0.07358,0.89113,0.15058
002454_lcam_front_lidar.ply,0.15,800,0.9,0.09155,0.24007,1,0.07764,0.91462,0.14275
002455_lcam_front_lidar.ply,0.15,800,0.9,0.10343,0.24231,1,0.07861,0.91791,0.13683
002456_lcam_front_lidar.ply,0.15,800,0.9,0.1069,0.2355,1,0.07548,0.86978,0.14673
002457_lcam_front_lidar.ply,0.15,800,0.9,0.10285,0.24232,1,0.08002,0.92279,0.13807
002458_lcam_front_lidar.ply,0.15,800,0.9,0.09659,0.24426,1,0.08071,0.9246,0.14019
002459_lcam_front_lidar.ply,0.15,800,0.9,0.09953,0.23785,1,0.08043,0.89157,0.15106
002460_lcam_front_lidar.ply,0.15,800,0.9,0.11367,0.23589,1,0.0779,0.87568,0.14741
002461_lcam_front_lidar.ply,0.15,800,0.9,0.09499,0.24186,1,0.08413,0.8825,0.15037
002462_lcam_front_lidar.ply,0.15,800,0.9,0.0929,0.24149,1,0.08303,0.87381,0.14983
002463_lcam_front_lidar.ply,0.15,800,0.9,0.1045,0.24302,1,0.08489,0.85916,0.14686
002464_lcam_front_lidar.ply,0.15,800,0.9,0.10018,0.24371,1,0.08396,0.86522,0.14398
002465_lcam_front_lidar.ply,0.15,800,0.9,0.09916,0.24288,1,0.09101,0.88666,0.1605
002466_lcam_front_lidar.ply,0.15,800,0.9,0.09665,0.24624,1,0.07902,0.86125,0.12947
002467_lcam_front_lidar.ply,0.15,800,0.9,0.09159,0.24602,1,0.08879,0.85907,0.15263
002468_lcam_front_lidar.ply,0.15,800,0.9,0.10197,0.2468,1,0.09118,0.87899,0.15278
002469_lcam_front_lidar.ply,0.2,800,0.9,0.10364,0.24554,1,0.10338,0.85893,0.17852
002470_lcam_front_lidar.ply,0.15,800,0.9,0.09174,0.25408,1,0.08364,0.91344,0.12534
002471_lcam_front_lidar.ply,0.15,800,0.9,0.10533,0.25535,1,0.10018,0.86133,0.15351
002472_lcam_front_lidar.ply,0.15,800,0.9,0.10089,0.24916,1,0.08636,0.90522,0.14056
002473_lcam_front_lidar.ply,0.15,800,0.9,0.1151,0.25742,1,0.10184,0.86097,0.15196
002474_lcam_front_lidar.ply,0.15,800,0.9,0.09142,0.25406,1,0.09969,0.86916,0.15918
002475_lcam_front_lidar.ply,0.2,800,0.9,0.09604,0.25967,1,0.11081,0.85652,0.16769
002476_lcam_front_lidar.ply,0.15,800,0.9,0.10064,0.26111,1,0.10367,0.85715,0.14711
002477_lcam_front_lidar.ply,0.15,800,0.9,0.09988,0.26425,1,0.10363,0.85982,0.14335
002478_lcam_front_lidar.ply,0.15,800,0.9,0.10992,0.26615,1,0.10662,0.85878,0.14567
002479_lcam_front_lidar.ply,0.15,800,0.9,0.10294,0.26837,1,0.10869,0.85893,0.1451
002480_lcam_front_lidar.ply,0.15,800,0.9,0.09859,0.27039,1,0.11032,0.86088,0.14492
002481_lcam_front_lidar.ply,0.15,800,0.9,0.09748,0.27256,1,0.11564,0.85779,0.15149
002482_lcam_front_lidar.ply,0.15,800,0.9,0.09106,0.26936,1,0.1187,0.89035,0.16472
002483_lcam_front_lidar.ply,0.15,800,0.9,0.10369,0.27561,1,0.11341,0.85915,0.14137
002484_lcam_front_lidar.ply,0.15,800,0.9,0.09521,0.27477,1,0.11198,0.85774,0.13928
002485_lcam_front_lidar.ply,0.15,800,0.9,0.10124,0.27398,1,0.11261,0.8556,0.14122
002486_lcam_front_lidar.ply,0.15,800,0.9,0.10051,0.27532,1,0.11223,0.85713,0.13842
002487_lcam_front_lidar.ply,0.15,800,0.9,0.10262,0.27301,1,0.11208,0.8605,0.13834
002488_lcam_front_lidar.ply,0.15,800,0.9,0.09887,0.27891,1,0.11707,0.85688,0.14217
002489_lcam_front_lidar.ply,0.15,800,0.9,0.1015,0.27762,1,0.11879,0.85473,0.14816
002490_lcam_front_lidar.ply,0.15,800,0.9,0.1032,0.27666,1,0.11601,0.85651,0.14316
002491_lcam_front_lidar.ply,0.15,800,0.9,0.09159,0.28372,1,0.11865,0.85996,0.13828
002492_lcam_front_lidar.ply,0.15,800,0.9,0.10294,0.28703,1,0.12442,0.8558,0.1403
002493_lcam_front_lidar.ply,0.15,800,0.9,0.0918,0.28119,1,0.11723,0.86011,0.13771
002494_lcam_front_lidar.ply,0.15,800,0.9,0.09141,0.28754,1,0.12088,0.86252,0.133
002495_lcam_front_lidar.ply,0.15,800,0.9,0.09524,0.28145,1,0.12284,0.85742,0.14413
002496_lcam_front_lidar.ply,0.15,800,0.9,0.11121,0.28454,1,0.12372,0.86751,0.13966
002497_lcam_front_lidar.ply,0.15,800,0.9,0.10466,0.27558,1,0.11462,0.86279,0.14214
002498_lcam_front_lidar.ply,0.15,800,0.9,0.09248,0.28521,1,0.11939,0.8659,0.13385
002499_lcam_front_lidar.ply,0.15,800,0.9,0.08457,0.28743,1,0.12366,0.87275,0.13682
002500_lcam_front_lidar.ply,0.15,800,0.9,0.0951,0.28183,1,0.11901,0.86867,0.13828
002501_lcam_front_lidar.ply,0.2,800,0.9,0.09972,0.29288,1,0.17726,0.90723,0.22875
002502_lcam_front_lidar.ply,0.2,800,0.9,0.09711,0.28265,1,0.15509,0.89551,0.20474
002503_lcam_front_lidar.ply,0.2,800,0.9,0.10121,0.27918,1,0.1277,0.86643,0.15854
002504_lcam_front_lidar.ply,0.2,800,0.9,0.08744,0.28522,1,0.15533,0.8992,0.20516
002505_lcam_front_lidar.ply,0.2,800,0.9,0.11275,0.27508,1,0.12223,0.86326,0.15442
002506_lcam_front_lidar.ply,0.2,800,0.9,0.11066,0.28537,1,0.17153,0.90795,0.23092
002507_lcam_front_lidar.ply,0.2,800,0.9,0.09555,0.28257,1,0.16644,0.91099,0.22867
002508_lcam_front_lidar.ply,0.2,800,0.9,0.09714,0.27242,1,0.12432,0.867,0.16248
002509_lcam_front_lidar.ply,0.2,800,0.9,0.12039,0.27704,1,0.16102,0.9062,0.22233
002510_lcam_front_lidar.ply,0.2,800,0.9,0.10103,0.26815,1,0.12336,0.87629,0.16844
002511_lcam_front_lidar.ply,0.2,800,0.9,0.10895,0.26797,1,0.11873,0.88024,0.16473
002512_lcam_front_lidar.ply,0.2,800,0.9,0.11394,0.27603,1,0.16502,0.92183,0.23839
002513_lcam_front_lidar.ply,0.2,800,0.9,0.12167,0.26333,1,0.11559,0.89171,0.16444
002514_lcam_front_lidar.ply,0.2,800,0.9,0.09555,0.25996,1,0.15724,0.9231,0.25296
002515_lcam_front_lidar.ply,0.2,800,0.9,0.11098,0.25983,1,0.15284,0.92409,0.24157
002516_lcam_front_lidar.ply,0.2,800,0.9,0.10373,0.25746,1,0.15676,0.9262,0.25309
002517_lcam_front_lidar.ply,0.2,800,0.9,0.10513,0.23006,1,0.08594,0.88104,0.16799
002518_lcam_front_lidar.ply,0.2,800,0.9,0.11374,0.24147,1,0.10283,0.87924,0.17584
002519_lcam_front_lidar.ply,0.2,800,0.9,0.10853,0.23133,1,0.08686,0.89158,0.16473
002520_lcam_front_lidar.ply,0.2,800,0.9,0.10316,0.23279,1,0.08383,0.89797,0.15786
002521_lcam_front_lidar.ply,0.15,800,0.9,0.11702,0.23505,1,0.07871,0.87807,0.13946
002522_lcam_front_lidar.ply,0.15,800,0.9,0.10889,0.23932,1,0.08581,0.88103,0.14411
002523_lcam_front_lidar.ply,0.15,800,0.9,0.10489,0.23336,1,0.07411,0.8756,0.13524
002524_lcam_front_lidar.ply,0.2,800,0.9,0.11242,0.22297,1,0.08041,0.87547,0.16952
002525_lcam_front_lidar.ply,0.2,800,0.9,0.10962,0.22391,1,0.07759,0.87854,0.15757
002526_lcam_front_lidar.ply,0.2,800,0.9,0.11124,0.22244,1,0.07917,0.8705,0.16303
002527_lcam_front_lidar.ply,0.2,800,0.9,0.1168,0.21953,1,0.07584,0.87371,0.1639
002528_lcam_front_lidar.ply,0.2,800,0.9,0.10605,0.21911,1,0.07636,0.87083,0.16411
002529_lcam_front_lidar.ply,0.2,800,0.9,0.10255,0.22718,1,0.07765,0.87127,0.15327
002530_lcam_front_lidar.ply,0.2,800,0.9,0.09905,0.22921,1,0.07753,0.87311,0.15613
002531_lcam_front_lidar.ply,0.2,800,0.9,0.10379,0.21937,1,0.07612,0.87184,0.1704
002532_lcam_front_lidar.ply,0.2,800,0.9,0.12139,0.20539,1,0.06993,0.87416,0.17444
002533_lcam_front_lidar.ply,0.2,800,0.9,0.11666,0.21199,1,0.07274,0.87134,0.17019
002534_lcam_front_lidar.ply,0.2,800,0.9,0.09672,0.27896,1,0.15909,0.91013,0.21727
002535_lcam_front_lidar.ply,0.2,800,0.9,0.10453,0.2157,1,0.07271,0.8729,0.16571
002536_lcam_front_lidar.ply,0.2,800,0.9,0.09657,0.28167,1,0.1583,0.90948,0.21322
002537_lcam_front_lidar.ply,0.2,800,0.9,0.10618,0.21401,1,0.06944,0.86846,0.16512
002538_lcam_front_lidar.ply,0.2,800,0.9,0.09587,0.28396,1,0.16264,0.90933,0.21372
002539_lcam_front_lidar.ply,0.2,800,0.9,0.10485,0.22025,1,0.06839,0.86563,0.14896
002540_lcam_front_lidar.ply,0.2,800,0.9,0.11827,0.28821,1,0.16409,0.91153,0.20623
002541_lcam_front_lidar.ply,0.2,800,0.9,0.10128,0.28557,1,0.15821,0.91606,0.2011
002542_lcam_front_lidar.ply,0.2,800,0.9,0.11886,0.2871,1,0.16305,0.91482,0.20567
002543_lcam_front_lidar.ply,0.2,800,0.9,0.10721,0.21736,1,0.06573,0.8638,0.15018
002544_lcam_front_lidar.ply,0.2,800,0.9,0.10543,0.28435,1,0.16419,0.9191,0.2132
002545_lcam_front_lidar.ply,0.2,800,0.9,0.11121,0.28143,1,0.14234,0.90284,0.17463
002546_lcam_front_lidar.ply,0.2,800,0.9,0.11829,0.28562,1,0.16206,0.91411,0.20747
002547_lcam_front_lidar.ply,0.2,800,0.9,0.10916,0.29221,1,0.16331,0.91189,0.19542
002548_lcam_front_lidar.ply,0.2,800,0.9,0.11425,0.28315,1,0.14706,0.90427,0.18574
002549_lcam_front_lidar.ply,0.2,800,0.9,0.10122,0.28893,1,0.1624,0.91437,0.20062
002550_lcam_front_lidar.ply,0.2,800,0.9,0.10401,0.2907,1,0.16382,0.9157,0.20095
002551_lcam_front_lidar.ply,0.2,800,0.9,0.10795,0.2922,1,0.16209,0.91387,0.19458
002552_lcam_front_lidar.ply,0.2,800,0.9,0.10826,0.29257,1,0.15166,0.91478,0.17543
002553_lcam_front_lidar.ply,0.2,800,0.9,0.11368,0.29282,1,0.15912,0.91439,0.18682
002554_lcam_front_lidar.ply,0.2,800,0.9,0.12083,0.28849,1,0.15525,0.91424,0.18266
002555_lcam_front_lidar.ply,0.2,800,0.9,0.10683,0.28387,1,0.14858,0.91818,0.18308
002556_lcam_front_lidar.ply,0.2,800,0.9,0.12107,0.28659,1,0.15368,0.91333,0.18517
002557_lcam_front_lidar.ply,0.2,800,0.9,0.12035,0.28216,1,0.1462,0.91209,0.17448
002558_lcam_front_lidar.ply,0.2,800,0.9,0.12822,0.28051,1,0.1535,0.91344,0.18454
002559_lcam_front_lidar.ply,0.2,800,0.9,0.10872,0.28651,1,0.14937,0.91042,0.18362
002560_lcam_front_lidar.ply,0.2,800,0.9,0.10511,0.28995,1,0.15238,0.91031,0.18276
002561_lcam_front_lidar.ply,0.2,800,0.9,0.11137,0.23276,1,0.07598,0.8712,0.13637
002562_lcam_front_lidar.ply,0.2,800,0.9,0.11914,0.23339,1,0.07513,0.87237,0.13577
002563_lcam_front_lidar.ply,0.2,800,0.9,0.12322,0.28873,1,0.149,0.90061,0.17367
002564_lcam_front_lidar.ply,0.2,800,0.9,0.117,0.28801,1,0.14909,0.9028,0.17328
002565_lcam_front_lidar.ply,0.2,800,0.9,0.11833,0.28715,1,0.1463,0.89595,0.16787
002566_lcam_front_lidar.ply,0.2,800,0.9,0.13914,0.27765,1,0.14265,0.89528,0.17842
002567_lcam_front_lidar.ply,0.2,800,0.9,0.10713,0.28802,1,0.14393,0.89563,0.16459
002568_lcam_front_lidar.ply,0.2,800,0.9,0.12369,0.29014,1,0.1521,0.89889,0.17465
002569_lcam_front_lidar.ply,0.2,800,0.9,0.09754,0.24789,1,0.08211,0.87264,0.12487
002570_lcam_front_lidar.ply,0.15,800,0.9,0.11122,0.25246,1,0.08146,0.87368,0.11254
002571_lcam_front_lidar.ply,0.2,800,0.9,0.10333,0.2842,1,0.14409,0.89737,0.17253
002572_lcam_front_lidar.ply,0.15,800,0.9,0.12868,0.24293,1,0.07633,0.87246,0.11841
002573_lcam_front_lidar.ply,0.2,800,0.9,0.11013,0.24099,1,0.0785,0.8715,0.12587
002574_lcam_front_lidar.ply,0.2,800,0.9,0.11841,0.28099,1,0.14862,0.90313,0.18532
002575_lcam_front_lidar.ply,0.15,800,0.9,0.12075,0.24526,1,0.07739,0.87272,0.11542
002576_lcam_front_lidar.ply,0.2,800,0.9,0.12756,0.23446,1,0.07725,0.8724,0.13148
002577_lcam_front_lidar.ply,0.15,800,0.9,0.10912,0.23163,1,0.0672,0.87431,0.12696
002578_lcam_front_lidar.ply,0.15,800,0.9,0.11612,0.23238,1,0.06851,0.8754,0.12609
002579_lcam_front_lidar.ply,0.2,800,0.9,0.12706,0.23989,1,0.08069,0.87325,0.13167
002580_lcam_front_lidar.ply,0.15,800,0.9,0.11113,0.23247,1,0.06606,0.87189,0.12157
002581_lcam_front_lidar.ply,0.15,800,0.9,0.11882,0.24265,1,0.07467,0.87225,0.11429
002582_lcam_front_lidar.ply,0.15,800,0.9,0.12482,0.23628,1,0.0708,0.87421,0.11781
002583_lcam_front_lidar.ply,0.15,800,0.9,0.10899,0.27597,1,0.13905,0.92579,0.18092
002584_lcam_front_lidar.ply,0.15,800,0.9,0.11682,0.22399,1,0.05732,0.86879,0.11721
002585_lcam_front_lidar.ply,0.15,800,0.9,0.10721,0.28146,1,0.13916,0.91907,0.16898
002586_lcam_front_lidar.ply,0.15,800,0.9,0.14296,0.22126,1,0.05568,0.86705,0.11688
002587_lcam_front_lidar.ply,0.15,800,0.9,0.12906,0.22366,1,0.06164,0.86585,0.12429
002588_lcam_front_lidar.ply,0.15,800,0.9,0.12643,0.27661,1,0.13758,0.91339,0.17191
002589_lcam_front_lidar.ply,0.15,800,0.9,0.10743,0.28789,1,0.14715,0.91632,0.17407
002590_lcam_front_lidar.ply,0.15,800,0.9,0.14107,0.21895,1,0.05234,0.86797,0.11331
002591_lcam_front_lidar.ply,0.15,800,0.9,0.11852,0.29162,1,0.15045,0.9052,0.16831
002592_lcam_front_lidar.ply,0.15,800,0.9,0.12367,0.28885,1,0.15005,0.90971,0.17125
002593_lcam_front_lidar.ply,0.15,800,0.9,0.10859,0.29867,1,0.15718,0.91349,0.16844
002594_lcam_front_lidar.ply,0.15,800,0.9,0.11514,0.29869,1,0.15624,0.91301,0.16838
002595_lcam_front_lidar.ply,0.15,800,0.9,0.10715,0.29581,1,0.15108,0.90818,0.16589
002596_lcam_front_lidar.ply,0.15,800,0.9,0.12658,0.296,1,0.15503,0.91306,0.16763
002597_lcam_front_lidar.ply,0.15,800,0.9,0.12324,0.29778,1,0.1557,0.91054,0.16837
002598_lcam_front_lidar.ply,0.15,800,0.9,0.11354,0.29884,1,0.16037,0.91599,0.17721
002599_lcam_front_lidar.ply,0.15,800,0.9,0.11559,0.29605,1,0.15804,0.91265,0.17393
002600_lcam_front_lidar.ply,0.15,800,0.9,0.1117,0.30218,1,0.16399,0.90853,0.17687
002601_lcam_front_lidar.ply,0.15,800,0.9,0.10338,0.30379,1,0.16464,0.9085,0.17801
