frame_id,epsilon,min_support,normal_threshold,runtime,reward,steps_used,inlier_ratio,plane_normal,residual
000000_lcam_front_lidar.ply,0.15,800,0.9,0.22654,0.21568,1,0.0,0.0,0.0
000001_lcam_front_lidar.ply,0.15,800,0.9,0.2264,0.20164,1,0.04235,0.99131,0.11459
000002_lcam_front_lidar.ply,0.15,800,0.9,0.22544,0.23101,1,0.06401,0.99343,0.10214
000003_lcam_front_lidar.ply,0.15,800,0.9,0.20827,0.22703,1,0.06747,0.99301,0.11889
000004_lcam_front_lidar.ply,0.15,800,0.9,0.25768,0.21806,1,0.06342,0.99229,0.11607
000005_lcam_front_lidar.ply,0.15,800,0.9,0.20707,0.23483,1,0.0786,0.99246,0.12661
000006_lcam_front_lidar.ply,0.15,800,0.9,0.22856,0.23567,1,0.08099,0.99217,0.1199
000007_lcam_front_lidar.ply,0.15,800,0.9,0.17923,0.246,1,0.07352,0.99141,0.10089
000008_lcam_front_lidar.ply,0.15,800,0.9,0.39728,0.20399,1,0.07135,0.99434,0.13318
000009_lcam_front_lidar.ply,0.15,800,0.9,0.18284,0.21238,1,0.02427,0.98814,0.06747
000010_lcam_front_lidar.ply,0.15,800,0.9,0.19618,0.21299,1,0.02565,0.98649,0.06349
000011_lcam_front_lidar.ply,0.15,800,0.9,0.18707,0.21099,1,0.0242,0.98679,0.06427
000012_lcam_front_lidar.ply,0.15,800,0.9,0.19065,0.23499,1,0.07128,0.99473,0.11182
000013_lcam_front_lidar.ply,0.15,800,0.9,0.18096,0.23593,1,0.07029,0.99401,0.10862
000014_lcam_front_lidar.ply,0.15,800,0.9,0.18957,0.24673,1,0.08019,0.99336,0.10896
000015_lcam_front_lidar.ply,0.15,800,0.9,0.17071,0.23293,1,0.07193,0.99438,0.12097
000016_lcam_front_lidar.ply,0.15,800,0.9,0.18673,0.23575,1,0.0673,0.99304,0.10271
000017_lcam_front_lidar.ply,0.15,800,0.9,0.20128,0.22387,1,0.06217,0.99346,0.11597
000018_lcam_front_lidar.ply,0.15,800,0.9,0.19811,0.24358,1,0.07781,0.99165,0.1044
000019_lcam_front_lidar.ply,0.15,800,0.9,0.16589,0.25099,1,0.08211,0.99309,0.10419
000020_lcam_front_lidar.ply,0.15,800,0.9,0.18443,0.25217,1,0.08118,0.99268,0.09816
000021_lcam_front_lidar.ply,0.15,800,0.9,0.16624,0.24644,1,0.07836,0.99293,0.10709
000022_lcam_front_lidar.ply,0.2,800,0.9,0.17562,0.2497,1,0.09915,0.99176,0.13435
000023_lcam_front_lidar.ply,0.15,800,0.9,0.16674,0.22613,1,0.05559,0.99399,0.10439
000024_lcam_front_lidar.ply,0.15,800,0.9,0.18998,0.23455,1,0.07678,0.99232,0.11989
000025_lcam_front_lidar.ply,0.15,800,0.9,0.19436,0.18363,1,0.05403,0.99843,0.17866
000026_lcam_front_lidar.ply,0.15,800,0.9,0.19033,0.22282,1,0.06739,0.99382,0.12772
000027_lcam_front_lidar.ply,0.15,800,0.9,0.155,0.22732,1,0.05961,0.99114,0.10653
000028_lcam_front_lidar.ply,0.15,800,0.9,0.17799,0.22239,1,0.0576,0.99335,0.11036
000029_lcam_front_lidar.ply,0.2,800,0.9,0.15668,0.19301,1,0.03938,0.99328,0.1381
000030_lcam_front_lidar.ply,0.15,800,0.9,0.18589,0.20695,1,0.02875,0.98792,0.0805
000031_lcam_front_lidar.ply,0.2,800,0.9,0.15527,0.21319,1,0.0333,0.98704,0.08486
000032_lcam_front_lidar.ply,0.2,800,0.9,0.15537,0.21493,1,0.03456,0.97659,0.08436
000033_lcam_front_lidar.ply,0.2,800,0.9,0.5984,0.16782,1,0.04888,0.97464,0.11069
000034_lcam_front_lidar.ply,0.2,800,0.9,0.14329,0.20515,1,0.02943,0.97139,0.10222
000035_lcam_front_lidar.ply,0.2,800,0.9,0.16437,0.26558,1,0.09948,0.98928,0.10845
000036_lcam_front_lidar.ply,0.2,800,0.9,0.13623,0.25657,1,0.08056,0.98895,0.09363
000037_lcam_front_lidar.ply,0.2,800,0.9,0.20898,0.24615,1,0.07701,0.9895,0.09924
000038_lcam_front_lidar.ply,0.15,800,0.9,0.17369,0.25283,1,0.06805,0.98881,0.07927
000039_lcam_front_lidar.ply,0.2,800,0.9,0.21829,0.25586,1,0.08574,0.98821,0.09471
000040_lcam_front_lidar.ply,0.2,800,0.9,0.19392,0.25336,1,0.07196,0.98958,0.07972
000041_lcam_front_lidar.ply,0.15,800,0.9,0.1382,0.24037,1,0.04648,0.99026,0.0603
000042_lcam_front_lidar.ply,0.2,800,0.9,0.16023,0.2436,1,0.07271,0.98809,0.10543
000043_lcam_front_lidar.ply,0.15,800,0.9,0.18285,0.23247,1,0.05579,0.98883,0.08713
000044_lcam_front_lidar.ply,0.15,800,0.9,0.14961,0.22348,1,0.0378,0.98838,0.07905
000045_lcam_front_lidar.ply,0.15,800,0.9,0.17191,0.23117,1,0.0536,0.98877,0.08586
000046_lcam_front_lidar.ply,0.2,800,0.9,0.23659,0.22486,1,0.05818,0.98863,0.10059
000047_lcam_front_lidar.ply,0.2,800,0.9,0.16389,0.22705,1,0.06414,0.98958,0.121
000048_lcam_front_lidar.ply,0.15,800,0.9,0.17336,0.21696,1,0.05042,0.98826,0.10197
000049_lcam_front_lidar.ply,0.15,800,0.9,0.14471,0.22509,1,0.05178,0.98799,0.10371
000050_lcam_front_lidar.ply,0.15,800,0.9,0.14263,0.22114,1,0.04594,0.98787,0.09985
000051_lcam_front_lidar.ply,0.2,800,0.9,0.16763,0.20309,1,0.03338,0.95831,0.10495
000052_lcam_front_lidar.ply,0.2,800,0.9,0.12481,0.24093,1,0.09578,0.98997,0.16267
000053_lcam_front_lidar.ply,0.2,800,0.9,0.15235,0.23368,1,0.1069,0.98886,0.19418
000054_lcam_front_lidar.ply,0.2,800,0.9,0.17522,0.21543,1,0.03713,0.93471,0.08548
000055_lcam_front_lidar.ply,0.2,800,0.9,0.13517,0.22097,1,0.0958,0.98982,0.19778
000056_lcam_front_lidar.ply,0.2,800,0.9,0.14922,0.22723,1,0.10412,0.99015,0.2019
000057_lcam_front_lidar.ply,0.2,800,0.9,0.20459,0.23474,1,0.10978,0.99012,0.18965
000058_lcam_front_lidar.ply,0.2,800,0.9,0.13315,0.25151,1,0.11077,0.98935,0.1741
000059_lcam_front_lidar.ply,0.2,800,0.9,0.18293,0.24721,1,0.11706,0.99,0.18498
000060_lcam_front_lidar.ply,0.2,800,0.9,0.14791,0.24522,1,0.11297,0.98968,0.186
000061_lcam_front_lidar.ply,0.2,800,0.9,0.13568,0.2524,1,0.11443,0.98964,0.1778
000062_lcam_front_lidar.ply,0.2,800,0.9,0.15279,0.25283,1,0.11467,0.98944,0.17176
000063_lcam_front_lidar.ply,0.2,800,0.9,0.1357,0.21622,1,0.08313,0.99004,0.18396
000064_lcam_front_lidar.ply,0.2,800,0.9,0.16662,0.23929,1,0.0884,0.98901,0.14739
000065_lcam_front_lidar.ply,0.2,800,0.9,0.15941,0.2537,1,0.11512,0.98839,0.1696
000066_lcam_front_lidar.ply,0.2,800,0.9,0.14795,0.2519,1,0.10999,0.98818,0.16854
000067_lcam_front_lidar.ply,0.2,800,0.9,0.16187,0.25707,1,0.11188,0.98836,0.15472
000068_lcam_front_lidar.ply,0.2,800,0.9,0.12945,0.25421,1,0.1043,0.98835,0.15165
000069_lcam_front_lidar.ply,0.2,800,0.9,0.15548,0.23695,1,0.10044,0.98795,0.17018
000070_lcam_front_lidar.ply,0.2,800,0.9,0.16364,0.24185,1,0.10308,0.98793,0.16685
000071_lcam_front_lidar.ply,0.2,800,0.9,0.1366,0.24649,1,0.0968,0.98777,0.15138
000072_lcam_front_lidar.ply,0.2,800,0.9,0.16329,0.23931,1,0.08977,0.98708,0.14649
000073_lcam_front_lidar.ply,0.2,800,0.9,0.13601,0.24169,1,0.08232,0.98529,0.1312
000074_lcam_front_lidar.ply,0.2,800,0.9,0.16019,0.26447,1,0.11496,0.98782,0.14697
000075_lcam_front_lidar.ply,0.2,800,0.9,0.1263,0.27424,1,0.12204,0.98673,0.14897
000076_lcam_front_lidar.ply,0.2,800,0.9,0.13654,0.28313,1,0.13115,0.9865,0.14734
000077_lcam_front_lidar.ply,0.2,800,0.9,0.16389,0.29286,1,0.13572,0.98683,0.13382
000078_lcam_front_lidar.ply,0.2,800,0.9,0.13954,0.29194,1,0.14144,0.98577,0.14855
000079_lcam_front_lidar.ply,0.15,800,0.9,0.14883,0.28304,1,0.09949,0.98945,0.08261
000080_lcam_front_lidar.ply,0.2,800,0.9,0.13407,0.29152,1,0.13497,0.98666,0.14017
000081_lcam_front_lidar.ply,0.2,800,0.9,0.13906,0.30417,1,0.14059,0.98732,0.12274
000082_lcam_front_lidar.ply,0.2,800,0.9,0.13817,0.29489,1,0.10917,0.98699,0.07811
000083_lcam_front_lidar.ply,0.2,800,0.9,0.14976,0.32334,1,0.1658,0.98726,0.1308
000084_lcam_front_lidar.ply,0.2,800,0.9,0.14568,0.3256,1,0.17349,0.98676,0.14464
000085_lcam_front_lidar.ply,0.2,800,0.9,0.15299,0.33658,1,0.17986,0.98686,0.13721
000086_lcam_front_lidar.ply,0.2,800,0.9,0.14313,0.33541,1,0.17639,0.98663,0.13489
000087_lcam_front_lidar.ply,0.2,800,0.9,0.16463,0.32372,1,0.16993,0.98596,0.13547
000088_lcam_front_lidar.ply,0.2,800,0.9,0.15439,0.33353,1,0.17909,0.98637,0.14162
000089_lcam_front_lidar.ply,0.2,800,0.9,0.13828,0.33552,1,0.17592,0.98662,0.13021
000090_lcam_front_lidar.ply,0.15,800,0.9,0.19146,0.30345,1,0.13295,0.98657,0.10149
000091_lcam_front_lidar.ply,0.2,800,0.9,0.15109,0.31091,1,0.15932,0.98706,0.14529
000092_lcam_front_lidar.ply,0.2,800,0.9,0.16757,0.30022,1,0.15476,0.98768,0.1512
000093_lcam_front_lidar.ply,0.2,800,0.9,0.19754,0.26721,1,0.11228,0.98542,0.1257
000094_lcam_front_lidar.ply,0.2,800,0.9,0.14862,0.30795,1,0.1468,0.98756,0.12563
000095_lcam_front_lidar.ply,0.2,800,0.9,0.72349,0.25252,1,0.15031,0.98829,0.13162
000096_lcam_front_lidar.ply,0.2,800,0.9,0.17269,0.30968,1,0.165,0.98853,0.15405
000097_lcam_front_lidar.ply,0.2,800,0.9,0.2014,0.31345,1,0.17632,0.98776,0.1645
000098_lcam_front_lidar.ply,0.2,800,0.9,0.12777,0.32478,1,0.17377,0.98839,0.15342
000099_lcam_front_lidar.ply,0.2,800,0.9,0.14651,0.31892,1,0.17917,0.98872,0.17402
000100_lcam_front_lidar.ply,0.2,800,0.9,0.23602,0.30448,1,0.16462,0.98921,0.15429
000101_lcam_front_lidar.ply,0.2,800,0.9,0.27626,0.30373,1,0.18008,0.98897,0.17334
000102_lcam_front_lidar.ply,0.2,800,0.9,0.16161,0.31479,1,0.17799,0.98926,0.17354
000103_lcam_front_lidar.ply,0.15,800,0.9,0.15178,0.28879,1,0.1231,0.98803,0.11695
000104_lcam_front_lidar.ply,0.2,800,0.9,0.17929,0.30772,1,0.17762,0.98836,0.18388
000105_lcam_front_lidar.ply,0.2,800,0.9,0.23081,0.29166,1,0.16788,0.98836,0.18079
000106_lcam_front_lidar.ply,0.2,800,0.9,0.1664,0.29278,1,0.16067,0.98902,0.17892
000107_lcam_front_lidar.ply,0.2,800,0.9,0.17034,0.28644,1,0.15352,0.98866,0.17613
000108_lcam_front_lidar.ply,0.2,800,0.9,0.13696,0.2709,1,0.13472,0.9888,0.17104
000109_lcam_front_lidar.ply,0.2,800,0.9,0.13489,0.27978,1,0.13798,0.99008,0.16345
000110_lcam_front_lidar.ply,0.2,800,0.9,0.16199,0.2641,1,0.13916,0.99005,0.19558
000111_lcam_front_lidar.ply,0.2,800,0.9,0.2001,0.24305,1,0.12277,0.98777,0.19416
000112_lcam_front_lidar.ply,0.2,800,0.9,0.3222,0.23345,1,0.12169,0.9878,0.17995
000113_lcam_front_lidar.ply,0.2,800,0.9,0.22587,0.2555,1,0.13235,0.98974,0.18165
000114_lcam_front_lidar.ply,0.2,800,0.9,0.11851,0.24888,1,0.11661,0.98605,0.18175
000115_lcam_front_lidar.ply,0.2,800,0.9,0.14833,0.2677,1,0.12527,0.98928,0.16171
000116_lcam_front_lidar.ply,0.2,800,0.9,0.12792,0.26518,1,0.12365,0.99053,0.16509
000117_lcam_front_lidar.ply,0.2,800,0.9,0.09397,0.27155,1,0.11847,0.98912,0.14935
000118_lcam_front_lidar.ply,0.2,800,0.9,0.09559,0.25056,1,0.10747,0.99137,0.16643
000119_lcam_front_lidar.ply,0.2,800,0.9,0.08624,0.23966,1,0.12894,0.99408,0.23195
000120_lcam_front_lidar.ply,0.2,800,0.9,0.09482,0.22567,1,0.0,0.0,0.0
000121_lcam_front_lidar.ply,0.2,800,0.9,0.08488,0.22275,1,0.0,0.0,0.0
000122_lcam_front_lidar.ply,0.15,800,0.9,0.07272,0.22724,1,0.0,0.0,0.0
000123_lcam_front_lidar.ply,0.2,800,0.9,0.09933,0.22251,1,0.0,0.0,0.0
000124_lcam_front_lidar.ply,0.2,800,0.9,0.1079,0.22213,1,0.0,0.0,0.0
000125_lcam_front_lidar.ply,0.2,800,0.9,0.13622,0.22026,1,0.0,0.0,0.0
000126_lcam_front_lidar.ply,0.2,800,0.9,0.10324,0.23865,1,0.10028,0.99488,0.1679
000127_lcam_front_lidar.ply,0.2,800,0.9,0.10959,0.20979,1,0.0794,0.993,0.18427
000128_lcam_front_lidar.ply,0.2,800,0.9,0.10067,0.2248,1,0.0,0.0,0.0
000129_lcam_front_lidar.ply,0.2,800,0.9,0.09023,0.22539,1,0.0,0.0,0.0
000130_lcam_front_lidar.ply,0.2,800,0.9,0.11788,0.22551,1,0.0,0.0,0.0
000131_lcam_front_lidar.ply,0.2,800,0.9,0.10723,0.21413,1,0.04509,0.99666,0.10712
000132_lcam_front_lidar.ply,0.2,800,0.9,0.12234,0.23232,1,0.09904,0.99683,0.17305
000133_lcam_front_lidar.ply,0.2,800,0.9,0.13109,0.21249,1,0.0577,0.99445,0.12914
000134_lcam_front_lidar.ply,0.2,800,0.9,0.14565,0.2364,1,0.09905,0.997,0.1636
000135_lcam_front_lidar.ply,0.2,800,0.9,0.1182,0.24426,1,0.09829,0.9956,0.15865
000136_lcam_front_lidar.ply,0.2,800,0.9,0.14839,0.22253,1,0.08898,0.99474,0.17381
000137_lcam_front_lidar.ply,0.2,800,0.9,0.1278,0.22131,1,0.08663,0.99431,0.1762
000138_lcam_front_lidar.ply,0.2,800,0.9,0.184,0.22462,1,0.09347,0.99484,0.17431
000139_lcam_front_lidar.ply,0.2,800,0.9,0.13087,0.22808,1,0.09047,0.9942,0.1714
000140_lcam_front_lidar.ply,0.2,800,0.9,0.15153,0.22335,1,0.11116,0.99502,0.21053
000141_lcam_front_lidar.ply,0.2,800,0.9,0.12947,0.22678,1,0.10422,0.99503,0.19934
000142_lcam_front_lidar.ply,0.2,800,0.9,0.15725,0.22221,1,0.10912,0.99524,0.21176
000143_lcam_front_lidar.ply,0.2,800,0.9,0.13496,0.22396,1,0.11277,0.99573,0.22126
000144_lcam_front_lidar.ply,0.2,800,0.9,0.1587,0.21449,1,0.08127,0.99279,0.17655
000145_lcam_front_lidar.ply,0.2,800,0.9,0.13875,0.21107,1,0.08729,0.9956,0.19302
000146_lcam_front_lidar.ply,0.2,800,0.9,0.13972,0.22011,1,0.10254,0.99499,0.20896
000147_lcam_front_lidar.ply,0.2,800,0.9,0.12183,0.22227,1,0.0,0.0,0.0
000148_lcam_front_lidar.ply,0.2,800,0.9,0.13824,0.22233,1,0.0,0.0,0.0
000149_lcam_front_lidar.ply,0.2,800,0.9,0.10032,0.22585,1,0.0,0.0,0.0
000150_lcam_front_lidar.ply,0.2,800,0.9,0.07496,0.22816,1,0.0,0.0,0.0
000151_lcam_front_lidar.ply,0.2,800,0.9,0.07389,0.22784,1,0.0,0.0,0.0
000152_lcam_front_lidar.ply,0.2,800,0.9,0.06095,0.22789,1,0.0,0.0,0.0
000153_lcam_front_lidar.ply,0.2,800,0.9,0.0751,0.22621,1,0.0,0.0,0.0
000154_lcam_front_lidar.ply,0.2,800,0.9,0.08393,0.22409,1,0.0,0.0,0.0
000155_lcam_front_lidar.ply,0.2,800,0.9,0.08503,0.22334,1,0.0,0.0,0.0
000156_lcam_front_lidar.ply,0.2,800,0.9,0.10314,0.22298,1,0.0,0.0,0.0
000157_lcam_front_lidar.ply,0.2,800,0.9,0.09515,0.22222,1,0.0,0.0,0.0
000158_lcam_front_lidar.ply,0.2,800,0.9,0.09745,0.22299,1,0.0,0.0,0.0
000159_lcam_front_lidar.ply,0.2,800,0.9,0.08114,0.22715,1,0.0,0.0,0.0
000160_lcam_front_lidar.ply,0.2,800,0.9,0.08203,0.22292,1,0.0,0.0,0.0
000161_lcam_front_lidar.ply,0.2,800,0.9,0.10644,0.22243,1,0.0,0.0,0.0
000162_lcam_front_lidar.ply,0.2,800,0.9,0.0765,0.22266,1,0.0,0.0,0.0
000163_lcam_front_lidar.ply,0.2,800,0.9,0.06732,0.22605,1,0.0,0.0,0.0
000164_lcam_front_lidar.ply,0.2,800,0.9,0.07692,0.22527,1,0.0,0.0,0.0
000165_lcam_front_lidar.ply,0.2,800,0.9,0.0692,0.22521,1,0.0,0.0,0.0
000166_lcam_front_lidar.ply,0.2,800,0.9,0.06204,0.22661,1,0.0,0.0,0.0
000167_lcam_front_lidar.ply,0.2,800,0.9,0.0851,0.23843,1,0.09405,0.99677,0.17043
000168_lcam_front_lidar.ply,0.2,800,0.9,0.11062,0.23474,1,0.12318,0.99866,0.22452
000169_lcam_front_lidar.ply,0.2,800,0.9,0.12213,0.2259,1,0.11768,0.99882,0.22581
000170_lcam_front_lidar.ply,0.2,800,0.9,0.11831,0.23867,1,0.12819,0.99867,0.21814
000171_lcam_front_lidar.ply,0.2,800,0.9,0.11818,0.23838,1,0.12917,0.99828,0.22331
000172_lcam_front_lidar.ply,0.2,800,0.9,0.10236,0.24377,1,0.12347,0.99932,0.20315
000173_lcam_front_lidar.ply,0.2,800,0.9,0.11279,0.22403,1,0.11579,0.99799,0.22636
000174_lcam_front_lidar.ply,0.2,800,0.9,0.12385,0.2362,1,0.1163,0.9991,0.20081
000175_lcam_front_lidar.ply,0.2,800,0.9,0.13103,0.22381,1,0.10703,0.99661,0.20687
000176_lcam_front_lidar.ply,0.2,800,0.9,0.11835,0.23682,1,0.10791,0.99858,0.1868
000177_lcam_front_lidar.ply,0.2,800,0.9,0.1205,0.23901,1,0.1119,0.99857,0.18695
000178_lcam_front_lidar.ply,0.2,800,0.9,0.14171,0.23504,1,0.11528,0.99881,0.20193
000179_lcam_front_lidar.ply,0.2,800,0.9,0.13055,0.23889,1,0.11957,0.99888,0.20378
000180_lcam_front_lidar.ply,0.2,800,0.9,0.1255,0.23746,1,0.11933,0.99869,0.20572
000181_lcam_front_lidar.ply,0.2,800,0.9,0.12816,0.24693,1,0.11773,0.99922,0.18264
000182_lcam_front_lidar.ply,0.2,800,0.9,0.16255,0.2297,1,0.12459,0.9971,0.22814
000183_lcam_front_lidar.ply,0.2,800,0.9,0.11956,0.23863,1,0.11799,0.99884,0.20072
000184_lcam_front_lidar.ply,0.2,800,0.9,0.13685,0.23857,1,0.11877,0.99865,0.20525
000185_lcam_front_lidar.ply,0.2,800,0.9,0.12146,0.23875,1,0.12122,0.99864,0.20981
000186_lcam_front_lidar.ply,0.2,800,0.9,0.1478,0.22551,1,0.11388,0.99728,0.21547
000187_lcam_front_lidar.ply,0.2,800,0.9,0.10991,0.23927,1,0.12605,0.99856,0.21982
000188_lcam_front_lidar.ply,0.2,800,0.9,0.12163,0.24701,1,0.12651,0.9991,0.20325
000189_lcam_front_lidar.ply,0.2,800,0.9,0.11517,0.24527,1,0.12224,0.99964,0.20007
000190_lcam_front_lidar.ply,0.2,800,0.9,0.13145,0.24663,1,0.13294,0.99837,0.21798
000191_lcam_front_lidar.ply,0.2,800,0.9,0.11847,0.25354,1,0.12333,0.99934,0.18504
000192_lcam_front_lidar.ply,0.2,800,0.9,0.10273,0.25516,1,0.11932,0.99986,0.17904
000193_lcam_front_lidar.ply,0.2,800,0.9,0.08839,0.25819,1,0.08924,0.99999,0.11912
000194_lcam_front_lidar.ply,0.2,800,0.9,0.11762,0.22059,1,0.08405,0.98283,0.17486
000195_lcam_front_lidar.ply,0.2,800,0.9,0.12471,0.23305,1,0.10673,0.9834,0.18854
000196_lcam_front_lidar.ply,0.2,800,0.9,0.12959,0.23876,1,0.12883,0.99462,0.21845
000197_lcam_front_lidar.ply,0.2,800,0.9,0.11194,0.25278,1,0.12847,0.98758,0.19765
000198_lcam_front_lidar.ply,0.2,800,0.9,0.11427,0.24775,1,0.13245,0.9933,0.21756
000199_lcam_front_lidar.ply,0.2,800,0.9,0.11485,0.24585,1,0.12247,0.9909,0.20035
000200_lcam_front_lidar.ply,0.2,800,0.9,0.12585,0.25453,1,0.13654,0.99281,0.21032
000201_lcam_front_lidar.ply,0.2,800,0.9,0.13093,0.25401,1,0.13701,0.99494,0.20816
000202_lcam_front_lidar.ply,0.2,800,0.9,0.13713,0.2525,1,0.14058,0.994,0.21475
000203_lcam_front_lidar.ply,0.2,800,0.9,0.11764,0.24669,1,0.13195,0.99619,0.21681
000204_lcam_front_lidar.ply,0.2,800,0.9,0.12647,0.25108,1,0.13026,0.99456,0.19666
000205_lcam_front_lidar.ply,0.2,800,0.9,0.12238,0.25248,1,0.13038,0.99568,0.20285
000206_lcam_front_lidar.ply,0.2,800,0.9,0.14522,0.25315,1,0.1385,0.99378,0.217
000207_lcam_front_lidar.ply,0.2,800,0.9,0.13415,0.24394,1,0.13152,0.99611,0.22199
000208_lcam_front_lidar.ply,0.2,800,0.9,0.13598,0.21936,1,0.10189,0.99829,0.20808
000209_lcam_front_lidar.ply,0.2,800,0.9,0.1472,0.20612,1,0.09434,0.99613,0.22117
000210_lcam_front_lidar.ply,0.2,800,0.9,0.14022,0.19328,1,0.06663,0.99943,0.19153
000211_lcam_front_lidar.ply,0.2,800,0.9,0.11106,0.23405,1,0.11287,0.99683,0.20851
000212_lcam_front_lidar.ply,0.2,800,0.9,0.11838,0.20289,1,0.05981,0.99952,0.16031
000213_lcam_front_lidar.ply,0.2,800,0.9,0.10672,0.22227,1,0.0,0.0,0.0
000214_lcam_front_lidar.ply,0.2,800,0.9,0.11926,0.2232,1,0.0,0.0,0.0
000215_lcam_front_lidar.ply,0.2,800,0.9,0.10811,0.22533,1,0.0,0.0,0.0
000216_lcam_front_lidar.ply,0.2,800,0.9,0.09626,0.22722,1,0.0,0.0,0.0
000217_lcam_front_lidar.ply,0.2,800,0.9,0.09244,0.22765,1,0.0,0.0,0.0
000218_lcam_front_lidar.ply,0.2,800,0.9,0.11048,0.19589,1,0.05269,0.99511,0.15658
000219_lcam_front_lidar.ply,0.2,800,0.9,0.1,0.20471,1,0.08027,0.99533,0.20363
000220_lcam_front_lidar.ply,0.2,800,0.9,0.11914,0.22394,1,0.09973,0.99495,0.19098
000221_lcam_front_lidar.ply,0.2,800,0.9,0.12661,0.20613,1,0.07807,0.99449,0.1904
000222_lcam_front_lidar.ply,0.2,800,0.9,0.14802,0.23792,1,0.10399,0.99513,0.17659
000223_lcam_front_lidar.ply,0.2,800,0.9,0.14105,0.22994,1,0.11068,0.99625,0.20784
000224_lcam_front_lidar.ply,0.2,800,0.9,0.13776,0.22696,1,0.10447,0.99547,0.19914
000225_lcam_front_lidar.ply,0.2,800,0.9,0.14845,0.22388,1,0.10631,0.99555,0.21578
000226_lcam_front_lidar.ply,0.2,800,0.9,0.15944,0.18144,1,0.05529,0.993,0.19141
000227_lcam_front_lidar.ply,0.2,800,0.9,0.14767,0.22974,1,0.10637,0.99373,0.19787
000228_lcam_front_lidar.ply,0.2,800,0.9,0.1706,0.20755,1,0.06868,0.98693,0.1588
000229_lcam_front_lidar.ply,0.2,800,0.9,0.16635,0.2134,1,0.07507,0.98768,0.16148
000230_lcam_front_lidar.ply,0.2,800,0.9,0.16305,0.22547,1,0.10932,0.99537,0.2072
000231_lcam_front_lidar.ply,0.2,800,0.9,0.14044,0.22448,1,0.10446,0.99523,0.2062
000232_lcam_front_lidar.ply,0.2,800,0.9,0.14912,0.23414,1,0.10542,0.99008,0.1836
000233_lcam_front_lidar.ply,0.2,800,0.9,0.1727,0.22506,1,0.08379,0.98979,0.16141
000234_lcam_front_lidar.ply,0.2,800,0.9,0.12894,0.24394,1,0.11729,0.993,0.20261
000235_lcam_front_lidar.ply,0.2,800,0.9,0.15541,0.22516,1,0.08954,0.99014,0.17459
000236_lcam_front_lidar.ply,0.2,800,0.9,0.15609,0.23083,1,0.10306,0.99245,0.18743
000237_lcam_front_lidar.ply,0.2,800,0.9,0.23106,0.20505,1,0.07934,0.99524,0.17187
000238_lcam_front_lidar.ply,0.2,800,0.9,0.15535,0.24099,1,0.11602,0.99297,0.18791
000239_lcam_front_lidar.ply,0.2,800,0.9,0.14959,0.24382,1,0.10832,0.99224,0.17774
000240_lcam_front_lidar.ply,0.2,800,0.9,0.1508,0.24116,1,0.10144,0.99201,0.16415
000241_lcam_front_lidar.ply,0.2,800,0.9,0.12066,0.24996,1,0.10783,0.99212,0.16649
000242_lcam_front_lidar.ply,0.2,800,0.9,0.12602,0.25268,1,0.10661,0.99206,0.15879
000243_lcam_front_lidar.ply,0.2,800,0.9,0.12728,0.24922,1,0.11238,0.99323,0.17551
000244_lcam_front_lidar.ply,0.2,800,0.9,0.14726,0.25809,1,0.11272,0.99266,0.15666
000245_lcam_front_lidar.ply,0.2,800,0.9,0.14123,0.26625,1,0.11891,0.99244,0.15437
000246_lcam_front_lidar.ply,0.2,800,0.9,0.14232,0.2684,1,0.12458,0.99294,0.15909
000247_lcam_front_lidar.ply,0.2,800,0.9,0.12624,0.28419,1,0.13779,0.99296,0.15836
000248_lcam_front_lidar.ply,0.2,800,0.9,0.1182,0.28196,1,0.13432,0.9931,0.15857
000249_lcam_front_lidar.ply,0.2,800,0.9,0.12336,0.27959,1,0.13395,0.99322,0.16551
000250_lcam_front_lidar.ply,0.2,800,0.9,0.14965,0.28668,1,0.14387,0.99287,0.16125
000251_lcam_front_lidar.ply,0.2,800,0.9,0.13298,0.28345,1,0.13388,0.99285,0.15441
000252_lcam_front_lidar.ply,0.2,800,0.9,0.14194,0.27815,1,0.14304,0.9934,0.18032
000253_lcam_front_lidar.ply,0.2,800,0.9,0.13147,0.28133,1,0.13869,0.99325,0.173
000254_lcam_front_lidar.ply,0.2,800,0.9,0.12439,0.28782,1,0.14829,0.99365,0.1721
000255_lcam_front_lidar.ply,0.2,800,0.9,0.109,0.299,1,0.1559,0.99346,0.16992
000256_lcam_front_lidar.ply,0.2,800,0.9,0.11399,0.29429,1,0.15459,0.99412,0.17565
000257_lcam_front_lidar.ply,0.2,800,0.9,0.13057,0.29828,1,0.15835,0.99398,0.17198
000258_lcam_front_lidar.ply,0.2,800,0.9,0.13411,0.29564,1,0.15374,0.99376,0.16898
000259_lcam_front_lidar.ply,0.2,800,0.9,0.13327,0.29456,1,0.15254,0.99414,0.16981
000260_lcam_front_lidar.ply,0.2,800,0.9,0.13189,0.29783,1,0.15543,0.99413,0.16385
000261_lcam_front_lidar.ply,0.2,800,0.9,0.12103,0.3042,1,0.16231,0.9943,0.17202
000262_lcam_front_lidar.ply,0.2,800,0.9,0.11912,0.30626,1,0.16533,0.99425,0.17562
000263_lcam_front_lidar.ply,0.2,800,0.9,0.14024,0.29374,1,0.15928,0.99448,0.17976
000264_lcam_front_lidar.ply,0.2,800,0.9,0.13555,0.29994,1,0.16052,0.99456,0.17094
000265_lcam_front_lidar.ply,0.2,800,0.9,0.14278,0.30771,1,0.17082,0.99507,0.1797
000266_lcam_front_lidar.ply,0.2,800,0.9,0.15153,0.29988,1,0.17001,0.9949,0.18417
000267_lcam_front_lidar.ply,0.2,800,0.9,0.20032,0.29925,1,0.16996,0.99539,0.18242
000268_lcam_front_lidar.ply,0.2,800,0.9,0.17456,0.30081,1,0.17059,0.99533,0.1853
000269_lcam_front_lidar.ply,0.2,800,0.9,0.13011,0.3021,1,0.16114,0.99504,0.17362
000270_lcam_front_lidar.ply,0.2,800,0.9,0.17142,0.29146,1,0.16396,0.99532,0.18791
000271_lcam_front_lidar.ply,0.2,800,0.9,0.14542,0.28955,1,0.16047,0.99549,0.18973
000272_lcam_front_lidar.ply,0.2,800,0.9,0.16893,0.29351,1,0.16181,0.99589,0.18421
000273_lcam_front_lidar.ply,0.2,800,0.9,0.13742,0.28955,1,0.15616,0.9957,0.18269
000274_lcam_front_lidar.ply,0.2,800,0.9,0.13228,0.29271,1,0.16315,0.99603,0.187
000275_lcam_front_lidar.ply,0.2,800,0.9,0.11697,0.31081,1,0.1698,0.99572,0.17414
000276_lcam_front_lidar.ply,0.2,800,0.9,0.14401,0.32034,1,0.18215,0.99619,0.17252
000277_lcam_front_lidar.ply,0.2,800,0.9,0.15859,0.3141,1,0.17847,0.99565,0.17388
000278_lcam_front_lidar.ply,0.2,800,0.9,0.14561,0.31158,1,0.17063,0.99672,0.17279
000279_lcam_front_lidar.ply,0.2,800,0.9,0.15406,0.319,1,0.17526,0.99559,0.16391
000280_lcam_front_lidar.ply,0.2,800,0.9,0.12519,0.31995,1,0.1841,0.9966,0.18354
000281_lcam_front_lidar.ply,0.2,800,0.9,0.11936,0.31711,1,0.17612,0.99641,0.17226
000282_lcam_front_lidar.ply,0.2,800,0.9,0.11735,0.32087,1,0.18197,0.99663,0.17985
000283_lcam_front_lidar.ply,0.2,800,0.9,0.13329,0.31476,1,0.17492,0.99612,0.17077
000284_lcam_front_lidar.ply,0.2,800,0.9,0.11901,0.31541,1,0.18657,0.99681,0.19552
000285_lcam_front_lidar.ply,0.2,800,0.9,0.15031,0.30739,1,0.17139,0.99575,0.17781
000286_lcam_front_lidar.ply,0.2,800,0.9,0.14115,0.31487,1,0.17461,0.99597,0.1713
000287_lcam_front_lidar.ply,0.2,800,0.9,0.1457,0.30873,1,0.16704,0.99562,0.17086
000288_lcam_front_lidar.ply,0.2,800,0.9,0.14362,0.30698,1,0.16441,0.99512,0.16639
000289_lcam_front_lidar.ply,0.2,800,0.9,0.16701,0.29935,1,0.16781,0.9954,0.18557
000290_lcam_front_lidar.ply,0.2,800,0.9,0.1359,0.22465,1,0.07069,0.99243,0.14606
000291_lcam_front_lidar.ply,0.2,800,0.9,0.1515,0.22382,1,0.07392,0.98567,0.14524
000292_lcam_front_lidar.ply,0.2,800,0.9,0.12237,0.2183,1,0.06079,0.99092,0.13699
000293_lcam_front_lidar.ply,0.2,800,0.9,0.12137,0.28391,1,0.15778,0.99609,0.19563
000294_lcam_front_lidar.ply,0.2,800,0.9,0.12012,0.29165,1,0.15947,0.99719,0.1909
000295_lcam_front_lidar.ply,0.2,800,0.9,0.13378,0.25619,1,0.11568,0.99955,0.16873
000296_lcam_front_lidar.ply,0.2,800,0.9,0.12379,0.25993,1,0.10695,0.99972,0.14476
000297_lcam_front_lidar.ply,0.2,800,0.9,0.15647,0.25341,1,0.11385,0.99961,0.16936
000298_lcam_front_lidar.ply,0.2,800,0.9,0.15435,0.25206,1,0.11567,0.99962,0.17012
000299_lcam_front_lidar.ply,0.2,800,0.9,0.16887,0.18378,1,0.06609,0.99671,0.19927
000300_lcam_front_lidar.ply,0.2,800,0.9,0.13893,0.19348,1,0.03482,0.93094,0.13203
000301_lcam_front_lidar.ply,0.2,800,0.9,0.13135,0.205,1,0.04897,0.94261,0.13574
000302_lcam_front_lidar.ply,0.2,800,0.9,0.14256,0.20332,1,0.05019,0.94495,0.14505
000303_lcam_front_lidar.ply,0.2,800,0.9,0.15193,0.20797,1,0.05956,0.95012,0.15332
000304_lcam_front_lidar.ply,0.2,800,0.9,0.14966,0.20896,1,0.0562,0.94277,0.13882
000305_lcam_front_lidar.ply,0.2,800,0.9,0.17075,0.20844,1,0.06489,0.9485,0.1557
000306_lcam_front_lidar.ply,0.2,800,0.9,0.15416,0.19974,1,0.06182,0.95094,0.17221
000307_lcam_front_lidar.ply,0.2,800,0.9,0.15434,0.20292,1,0.06003,0.94331,0.15656
000308_lcam_front_lidar.ply,0.2,800,0.9,0.14023,0.2012,1,0.05617,0.93817,0.15758
000309_lcam_front_lidar.ply,0.2,800,0.9,0.15721,0.20602,1,0.04939,0.94086,0.12761
000310_lcam_front_lidar.ply,0.2,800,0.9,0.1448,0.20138,1,0.07523,0.99392,0.1986
000311_lcam_front_lidar.ply,0.2,800,0.9,0.1571,0.18919,1,0.04082,0.93869,0.14338
000312_lcam_front_lidar.ply,0.2,800,0.9,0.14498,0.19028,1,0.05077,0.95397,0.16604
000313_lcam_front_lidar.ply,0.2,800,0.9,0.1276,0.20263,1,0.09006,0.99171,0.2191
000314_lcam_front_lidar.ply,0.2,800,0.9,0.1372,0.19117,1,0.05835,0.96179,0.1794
000315_lcam_front_lidar.ply,0.2,800,0.9,0.16268,0.1814,1,0.06042,0.97885,0.19583
000316_lcam_front_lidar.ply,0.2,800,0.9,0.15756,0.19132,1,0.09015,0.98358,0.23845
000317_lcam_front_lidar.ply,0.2,800,0.9,0.15047,0.2012,1,0.08767,0.98533,0.21307
000318_lcam_front_lidar.ply,0.2,800,0.9,0.14659,0.17731,1,0.06405,0.9722,0.22042
000319_lcam_front_lidar.ply,0.2,800,0.9,0.16459,0.19654,1,0.06151,0.94914,0.16191
000320_lcam_front_lidar.ply,0.2,800,0.9,0.13578,0.19762,1,0.06772,0.94748,0.17919
000321_lcam_front_lidar.ply,0.2,800,0.9,0.13822,0.19052,1,0.05504,0.95465,0.17307
000322_lcam_front_lidar.ply,0.2,800,0.9,0.12936,0.20084,1,0.06234,0.95294,0.16908
000323_lcam_front_lidar.ply,0.2,800,0.9,0.13609,0.20442,1,0.0721,0.95585,0.17896
000324_lcam_front_lidar.ply,0.2,800,0.9,0.12902,0.21074,1,0.07926,0.94979,0.1821
000325_lcam_front_lidar.ply,0.2,800,0.9,0.11057,0.2183,1,0.0701,0.9448,0.15173
000326_lcam_front_lidar.ply,0.2,800,0.9,0.1109,0.22084,1,0.06872,0.94494,0.14432
000327_lcam_front_lidar.ply,0.2,800,0.9,0.14617,0.20286,1,0.06784,0.94975,0.16728
000328_lcam_front_lidar.ply,0.2,800,0.9,0.12132,0.20909,1,0.0673,0.94948,0.16242
000329_lcam_front_lidar.ply,0.2,800,0.9,0.14627,0.21896,1,0.07299,0.9467,0.15045
000330_lcam_front_lidar.ply,0.2,800,0.9,0.13336,0.22252,1,0.08384,0.95317,0.16301
000331_lcam_front_lidar.ply,0.2,800,0.9,0.13728,0.22663,1,0.08074,0.94543,0.14653
000332_lcam_front_lidar.ply,0.2,800,0.9,0.14878,0.20809,1,0.0687,0.94283,0.15445
000333_lcam_front_lidar.ply,0.2,800,0.9,0.1954,0.20495,1,0.08025,0.94805,0.17279
000334_lcam_front_lidar.ply,0.2,800,0.9,0.13339,0.21355,1,0.07097,0.93608,0.14956
000335_lcam_front_lidar.ply,0.2,800,0.9,0.1312,0.20752,1,0.07164,0.93253,0.1605
000336_lcam_front_lidar.ply,0.2,800,0.9,0.1293,0.20987,1,0.07484,0.93374,0.15987
000337_lcam_front_lidar.ply,0.2,800,0.9,0.14317,0.18804,1,0.07,0.94064,0.193
000338_lcam_front_lidar.ply,0.2,800,0.9,0.12783,0.20444,1,0.07491,0.94062,0.18162
000339_lcam_front_lidar.ply,0.2,800,0.9,0.12775,0.21738,1,0.07526,0.9342,0.15312
000340_lcam_front_lidar.ply,0.2,800,0.9,0.10742,0.202,1,0.05624,0.93306,0.16076
000341_lcam_front_lidar.ply,0.2,800,0.9,0.1307,0.21637,1,0.07553,0.9215,0.16299
000342_lcam_front_lidar.ply,0.2,800,0.9,0.11378,0.22928,1,0.07104,0.91748,0.12826
000343_lcam_front_lidar.ply,0.2,800,0.9,0.09982,0.22373,1,0.07322,0.9172,0.15109
000344_lcam_front_lidar.ply,0.2,800,0.9,0.10926,0.25583,1,0.08452,0.91209,0.10624
000345_lcam_front_lidar.ply,0.2,800,0.9,0.14178,0.24903,1,0.08206,0.91464,0.10826
000346_lcam_front_lidar.ply,0.2,800,0.9,0.11609,0.25747,1,0.08969,0.91592,0.10684
000347_lcam_front_lidar.ply,0.2,800,0.9,0.12332,0.25695,1,0.08888,0.915,0.10628
000348_lcam_front_lidar.ply,0.2,800,0.9,0.11073,0.26282,1,0.09377,0.9164,0.10877
000349_lcam_front_lidar.ply,0.2,800,0.9,0.13008,0.29001,1,0.1168,0.90995,0.09722
000350_lcam_front_lidar.ply,0.2,800,0.9,0.12079,0.3063,1,0.12788,0.9055,0.09326
000351_lcam_front_lidar.ply,0.2,800,0.9,0.16054,0.29822,1,0.1262,0.90733,0.09512
000352_lcam_front_lidar.ply,0.2,800,0.9,0.14667,0.31077,1,0.13491,0.905,0.0943
000353_lcam_front_lidar.ply,0.2,800,0.9,0.13198,0.31242,1,0.14384,0.90526,0.10945
000354_lcam_front_lidar.ply,0.2,800,0.9,0.13014,0.32179,1,0.14344,0.90435,0.09005
000355_lcam_front_lidar.ply,0.2,800,0.9,0.14008,0.32327,1,0.14817,0.9043,0.09397
000356_lcam_front_lidar.ply,0.2,800,0.9,0.13486,0.33332,1,0.15602,0.90671,0.09335
000357_lcam_front_lidar.ply,0.2,800,0.9,0.14324,0.33558,1,0.15266,0.90696,0.08274
000358_lcam_front_lidar.ply,0.2,800,0.9,0.12529,0.33457,1,0.14543,0.90131,0.06586
000359_lcam_front_lidar.ply,0.2,800,0.9,0.12935,0.33858,1,0.14689,0.8988,0.06841
000360_lcam_front_lidar.ply,0.2,800,0.9,0.13705,0.34168,1,0.14637,0.89829,0.05877
000361_lcam_front_lidar.ply,0.2,800,0.9,0.09666,0.38032,1,0.18442,0.90036,0.06393
000362_lcam_front_lidar.ply,0.2,800,0.9,0.12499,0.37453,1,0.18545,0.90126,0.07058
000363_lcam_front_lidar.ply,0.2,800,0.9,0.10918,0.36622,1,0.18123,0.89883,0.08264
000364_lcam_front_lidar.ply,0.2,800,0.9,0.13526,0.35858,1,0.16724,0.8982,0.07272
000365_lcam_front_lidar.ply,0.2,800,0.9,0.12243,0.37905,1,0.19721,0.89917,0.09044
000366_lcam_front_lidar.ply,0.2,800,0.9,0.14352,0.35971,1,0.16637,0.89589,0.06375
000367_lcam_front_lidar.ply,0.2,800,0.9,0.10736,0.36117,1,0.17258,0.89827,0.0768
000368_lcam_front_lidar.ply,0.2,800,0.9,0.13568,0.35796,1,0.18121,0.90007,0.09486
000369_lcam_front_lidar.ply,0.2,800,0.9,0.10572,0.35731,1,0.17551,0.90119,0.09129
000370_lcam_front_lidar.ply,0.2,800,0.9,0.1231,0.36232,1,0.18204,0.89576,0.08943
000371_lcam_front_lidar.ply,0.2,800,0.9,0.11864,0.33887,1,0.16341,0.89696,0.108
000372_lcam_front_lidar.ply,0.2,800,0.9,0.11537,0.31483,1,0.14056,0.89347,0.1066
000373_lcam_front_lidar.ply,0.2,800,0.9,0.11564,0.28522,1,0.11673,0.8775,0.11195
000374_lcam_front_lidar.ply,0.2,800,0.9,0.11723,0.28678,1,0.11851,0.88586,0.11596
000375_lcam_front_lidar.ply,0.2,800,0.9,0.12873,0.26273,1,0.10352,0.89383,0.12581
000376_lcam_front_lidar.ply,0.2,800,0.9,0.10169,0.27185,1,0.10045,0.89259,0.11428
000377_lcam_front_lidar.ply,0.2,800,0.9,0.15043,0.28349,1,0.12658,0.89655,0.13191
000378_lcam_front_lidar.ply,0.2,800,0.9,0.11478,0.29506,1,0.1345,0.89803,0.12998
000379_lcam_front_lidar.ply,0.2,800,0.9,0.13418,0.27472,1,0.11353,0.89722,0.12464
000380_lcam_front_lidar.ply,0.2,800,0.9,0.10172,0.29263,1,0.13026,0.89472,0.13127
000381_lcam_front_lidar.ply,0.2,800,0.9,0.12172,0.2861,1,0.12801,0.89692,0.134
000382_lcam_front_lidar.ply,0.2,800,0.9,0.18273,0.27995,1,0.12947,0.89262,0.13965
000383_lcam_front_lidar.ply,0.2,800,0.9,0.18,0.27539,1,0.12368,0.8927,0.1376
000384_lcam_front_lidar.ply,0.2,800,0.9,0.13824,0.26791,1,0.09893,0.89209,0.11092
000385_lcam_front_lidar.ply,0.2,800,0.9,0.13597,0.27617,1,0.11087,0.88475,0.11649
000386_lcam_front_lidar.ply,0.2,800,0.9,0.10835,0.28978,1,0.11958,0.89184,0.11605
000387_lcam_front_lidar.ply,0.2,800,0.9,0.12208,0.29655,1,0.12867,0.89338,0.11272
000388_lcam_front_lidar.ply,0.2,800,0.9,0.12375,0.31872,1,0.14847,0.89983,0.11374
000389_lcam_front_lidar.ply,0.2,800,0.9,0.13768,0.31837,1,0.14899,0.90017,0.11222
000390_lcam_front_lidar.ply,0.2,800,0.9,0.10816,0.3225,1,0.1396,0.89797,0.08642
000391_lcam_front_lidar.ply,0.2,800,0.9,0.13874,0.34338,1,0.1652,0.9027,0.09666
000392_lcam_front_lidar.ply,0.2,800,0.9,0.13795,0.35514,1,0.1696,0.90129,0.08229
000393_lcam_front_lidar.ply,0.2,800,0.9,0.13474,0.34907,1,0.15594,0.89808,0.0676
000394_lcam_front_lidar.ply,0.2,800,0.9,0.10757,0.37524,1,0.18893,0.90441,0.08509
000395_lcam_front_lidar.ply,0.2,800,0.9,0.11692,0.38313,1,0.19463,0.90543,0.08343
000396_lcam_front_lidar.ply,0.2,800,0.9,0.12514,0.37531,1,0.19538,0.90491,0.09303
000397_lcam_front_lidar.ply,0.2,800,0.9,0.12224,0.38533,1,0.19678,0.90389,0.07987
000398_lcam_front_lidar.ply,0.2,800,0.9,0.10593,0.39297,1,0.2058,0.90493,0.08587
000399_lcam_front_lidar.ply,0.2,800,0.9,0.1102,0.3886,1,0.20314,0.90572,0.08638
000400_lcam_front_lidar.ply,0.2,800,0.9,0.14291,0.38987,1,0.21296,0.90668,0.0967
000401_lcam_front_lidar.ply,0.2,800,0.9,0.14753,0.38075,1,0.20382,0.90762,0.09627
000402_lcam_front_lidar.ply,0.2,800,0.9,0.16009,0.38032,1,0.21156,0.91257,0.10893
000403_lcam_front_lidar.ply,0.2,800,0.9,0.12604,0.38485,1,0.21013,0.91236,0.10907
000404_lcam_front_lidar.ply,0.2,800,0.9,0.14887,0.36183,1,0.15768,0.89182,0.04606
000405_lcam_front_lidar.ply,0.2,800,0.9,0.11448,0.36954,1,0.16668,0.89168,0.05081
000406_lcam_front_lidar.ply,0.2,800,0.9,0.11075,0.3712,1,0.17316,0.89389,0.06203
000407_lcam_front_lidar.ply,0.2,800,0.9,0.12695,0.3818,1,0.19467,0.90271,0.08237
000408_lcam_front_lidar.ply,0.2,800,0.9,0.16328,0.37594,1,0.19915,0.90512,0.09082
000409_lcam_front_lidar.ply,0.2,800,0.9,0.12606,0.38841,1,0.21423,0.91165,0.10681
000410_lcam_front_lidar.ply,0.2,800,0.9,0.13894,0.37423,1,0.19844,0.90833,0.10033
000411_lcam_front_lidar.ply,0.25,800,0.9,0.12053,0.38146,1,0.22238,0.9181,0.13858
000412_lcam_front_lidar.ply,0.2,800,0.9,0.12334,0.38448,1,0.21441,0.91432,0.11854
000413_lcam_front_lidar.ply,0.2,800,0.9,0.10849,0.38617,1,0.21617,0.91894,0.11891
000414_lcam_front_lidar.ply,0.2,800,0.9,0.10333,0.37545,1,0.20526,0.91637,0.11969
000415_lcam_front_lidar.ply,0.2,800,0.9,0.11363,0.37407,1,0.21006,0.91971,0.12875
000416_lcam_front_lidar.ply,0.25,800,0.9,0.10358,0.37141,1,0.22393,0.92482,0.16347
000417_lcam_front_lidar.ply,0.25,800,0.9,0.1105,0.38292,1,0.23826,0.92396,0.16733
000418_lcam_front_lidar.ply,0.25,800,0.9,0.09981,0.38257,1,0.23215,0.92375,0.16013
000419_lcam_front_lidar.ply,0.25,800,0.9,0.12157,0.38987,1,0.23885,0.92599,0.15593
000420_lcam_front_lidar.ply,0.25,800,0.9,0.11413,0.39287,1,0.2341,0.92381,0.14186
000421_lcam_front_lidar.ply,0.25,800,0.9,0.13866,0.38952,1,0.23437,0.9247,0.14146
000422_lcam_front_lidar.ply,0.25,800,0.9,0.12352,0.39502,1,0.24049,0.92652,0.14559
000423_lcam_front_lidar.ply,0.25,800,0.9,0.13699,0.40231,1,0.24455,0.92252,0.137
000424_lcam_front_lidar.ply,0.25,800,0.9,0.12557,0.40604,1,0.24682,0.92435,0.13817
000425_lcam_front_lidar.ply,0.25,800,0.9,0.13427,0.39995,1,0.24044,0.91854,0.13408
000426_lcam_front_lidar.ply,0.25,800,0.9,0.17052,0.22371,1,0.00103,0.96627,0.00032
000427_lcam_front_lidar.ply,0.25,800,0.9,0.15891,0.40893,1,0.26049,0.92215,0.15458
000428_lcam_front_lidar.ply,0.2,800,0.9,0.12403,0.22852,1,0.00076,0.97429,0.00035
000429_lcam_front_lidar.ply,0.2,800,0.9,0.13983,0.42444,1,0.26423,0.92317,0.13409
000430_lcam_front_lidar.ply,0.2,800,0.9,0.13633,0.42608,1,0.268,0.91994,0.13653
000431_lcam_front_lidar.ply,0.25,800,0.9,0.13312,0.223,1,0.00173,0.89679,0.01355
000432_lcam_front_lidar.ply,0.2,800,0.9,0.11416,0.43333,1,0.26989,0.92463,0.13244
000433_lcam_front_lidar.ply,0.2,800,0.9,0.12408,0.43383,1,0.27206,0.91912,0.13421
000434_lcam_front_lidar.ply,0.2,800,0.9,0.10814,0.43021,1,0.2657,0.91688,0.12621
000435_lcam_front_lidar.ply,0.2,800,0.9,0.10812,0.43152,1,0.26455,0.91829,0.12623
000436_lcam_front_lidar.ply,0.2,800,0.9,0.12126,0.43152,1,0.26717,0.91778,0.13082
000437_lcam_front_lidar.ply,0.2,800,0.9,0.12508,0.22484,1,0.00144,0.90278,0.01013
000438_lcam_front_lidar.ply,0.2,800,0.9,0.14993,0.22618,1,0.00242,0.96634,0.00447
000439_lcam_front_lidar.ply,0.2,800,0.9,0.1257,0.41869,1,0.2544,0.90879,0.12651
000440_lcam_front_lidar.ply,0.2,800,0.9,0.13309,0.42224,1,0.25601,0.91296,0.12337
000441_lcam_front_lidar.ply,0.25,800,0.9,0.11936,0.22118,1,0.00316,0.88414,0.02205
000442_lcam_front_lidar.ply,0.25,800,0.9,0.1215,0.42026,1,0.27083,0.91704,0.15726
000443_lcam_front_lidar.ply,0.25,800,0.9,0.11007,0.41774,1,0.27329,0.91656,0.16724
000444_lcam_front_lidar.ply,0.2,800,0.9,0.13102,0.22454,1,0.00355,0.92031,0.01602
000445_lcam_front_lidar.ply,0.25,800,0.9,0.11264,0.42488,1,0.27347,0.92001,0.15777
000446_lcam_front_lidar.ply,0.2,800,0.9,0.10789,0.42066,1,0.25538,0.919,0.13156
000447_lcam_front_lidar.ply,0.2,800,0.9,0.10319,0.41866,1,0.25474,0.92311,0.13509
000448_lcam_front_lidar.ply,0.2,800,0.9,0.1017,0.40806,1,0.24957,0.91625,0.14088
000449_lcam_front_lidar.ply,0.2,800,0.9,0.11561,0.42075,1,0.26707,0.91872,0.15292
000450_lcam_front_lidar.ply,0.2,800,0.9,0.12226,0.42446,1,0.27153,0.9184,0.1512
000451_lcam_front_lidar.ply,0.2,800,0.9,0.12505,0.42461,1,0.27039,0.92056,0.14801
000452_lcam_front_lidar.ply,0.2,800,0.9,0.12122,0.41729,1,0.26646,0.92024,0.15288
000453_lcam_front_lidar.ply,0.2,800,0.9,0.11812,0.4156,1,0.26366,0.92196,0.15206
000454_lcam_front_lidar.ply,0.2,800,0.9,0.12484,0.42742,1,0.27754,0.92601,0.15874
000455_lcam_front_lidar.ply,0.2,800,0.9,0.11357,0.41913,1,0.26598,0.91798,0.15091
000456_lcam_front_lidar.ply,0.2,800,0.9,0.11766,0.41486,1,0.26711,0.91474,0.16304
000457_lcam_front_lidar.ply,0.2,800,0.9,0.13602,0.22804,1,0.0024,0.9575,0.00208
000458_lcam_front_lidar.ply,0.2,800,0.9,0.12805,0.40815,1,0.25789,0.9206,0.15274
000459_lcam_front_lidar.ply,0.2,800,0.9,0.1134,0.40774,1,0.25137,0.91472,0.1451
000460_lcam_front_lidar.ply,0.2,800,0.9,0.11277,0.41619,1,0.27381,0.92369,0.17364
000461_lcam_front_lidar.ply,0.2,800,0.9,0.10881,0.41015,1,0.26068,0.9272,0.16037
000462_lcam_front_lidar.ply,0.2,800,0.9,0.12772,0.3883,1,0.23626,0.91263,0.14998
000463_lcam_front_lidar.ply,0.2,800,0.9,0.12611,0.40879,1,0.26676,0.92925,0.17119
000464_lcam_front_lidar.ply,0.2,800,0.9,0.12455,0.40646,1,0.26218,0.93226,0.16292
000465_lcam_front_lidar.ply,0.2,800,0.9,0.14243,0.22224,1,0.00379,0.89188,0.01272
000466_lcam_front_lidar.ply,0.2,800,0.9,0.11841,0.22635,1,0.00261,0.96609,0.00485
000467_lcam_front_lidar.ply,0.2,800,0.9,0.11938,0.39108,1,0.24669,0.93171,0.16693
000468_lcam_front_lidar.ply,0.2,800,0.9,0.10224,0.38268,1,0.23383,0.93472,0.15802
000469_lcam_front_lidar.ply,0.2,800,0.9,0.12275,0.38341,1,0.23171,0.9342,0.1514
000470_lcam_front_lidar.ply,0.2,800,0.9,0.11312,0.36769,1,0.21456,0.91963,0.15355
000471_lcam_front_lidar.ply,0.2,800,0.9,0.1243,0.37404,1,0.23049,0.9282,0.16724
000472_lcam_front_lidar.ply,0.2,800,0.9,0.11345,0.38224,1,0.22928,0.93223,0.15179
000473_lcam_front_lidar.ply,0.2,800,0.9,0.11044,0.37861,1,0.22322,0.93112,0.14316
000474_lcam_front_lidar.ply,0.2,800,0.9,0.13417,0.36479,1,0.21925,0.93208,0.16032
000475_lcam_front_lidar.ply,0.2,800,0.9,0.12173,0.34786,1,0.20159,0.91182,0.15617
000476_lcam_front_lidar.ply,0.2,800,0.9,0.11617,0.35739,1,0.21124,0.91364,0.16702
000477_lcam_front_lidar.ply,0.2,800,0.9,0.10517,0.37108,1,0.22031,0.92965,0.15741
000478_lcam_front_lidar.ply,0.2,800,0.9,0.10407,0.3665,1,0.22095,0.91662,0.16328
000479_lcam_front_lidar.ply,0.2,800,0.9,0.10612,0.37277,1,0.22073,0.92344,0.15462
000480_lcam_front_lidar.ply,0.2,800,0.9,0.09567,0.37971,1,0.22565,0.92911,0.15417
000481_lcam_front_lidar.ply,0.2,800,0.9,0.11048,0.35274,1,0.20396,0.91271,0.16286
000482_lcam_front_lidar.ply,0.2,800,0.9,0.09457,0.37035,1,0.22211,0.92582,0.16431
000483_lcam_front_lidar.ply,0.25,800,0.9,0.11109,0.36268,1,0.23669,0.92075,0.20697
000484_lcam_front_lidar.ply,0.25,800,0.9,0.17104,0.33672,1,0.2192,0.91266,0.21262
000485_lcam_front_lidar.ply,0.2,800,0.9,0.12356,0.21178,1,0.03642,0.88534,0.10238
000486_lcam_front_lidar.ply,0.2,800,0.9,0.0976,0.35288,1,0.2071,0.9147,0.17187
000487_lcam_front_lidar.ply,0.2,800,0.9,0.10924,0.34032,1,0.19767,0.91219,0.171
000488_lcam_front_lidar.ply,0.2,800,0.9,0.10315,0.33888,1,0.18999,0.9134,0.16029
000489_lcam_front_lidar.ply,0.25,800,0.9,0.11591,0.33545,1,0.20139,0.91456,0.18833
000490_lcam_front_lidar.ply,0.2,800,0.9,0.10475,0.33642,1,0.1855,0.91348,0.15036
000491_lcam_front_lidar.ply,0.2,800,0.9,0.11907,0.33594,1,0.16935,0.90587,0.11855
000492_lcam_front_lidar.ply,0.25,800,0.9,0.11642,0.21381,1,0.03232,0.88498,0.09548
000493_lcam_front_lidar.ply,0.25,800,0.9,0.11093,0.34575,1,0.21885,0.9114,0.20181
000494_lcam_front_lidar.ply,0.25,800,0.9,0.12494,0.34269,1,0.19844,0.908,0.16488
000495_lcam_front_lidar.ply,0.25,800,0.9,0.11621,0.21977,1,0.04176,0.88475,0.09955
000496_lcam_front_lidar.ply,0.2,800,0.9,0.11389,0.35311,1,0.20269,0.90825,0.15221
000497_lcam_front_lidar.ply,0.2,800,0.9,0.1098,0.35156,1,0.19906,0.91062,0.14825
000498_lcam_front_lidar.ply,0.2,800,0.9,0.10448,0.3509,1,0.20569,0.91369,0.16409
000499_lcam_front_lidar.ply,0.2,800,0.9,0.11536,0.34812,1,0.20495,0.90953,0.16692
000500_lcam_front_lidar.ply,0.2,800,0.9,0.10707,0.35329,1,0.2106,0.9098,0.17142
000501_lcam_front_lidar.ply,0.25,800,0.9,0.09619,0.35333,1,0.23067,0.91323,0.21164
000502_lcam_front_lidar.ply,0.2,800,0.9,0.10311,0.33711,1,0.18081,0.89431,0.14108
000503_lcam_front_lidar.ply,0.2,800,0.9,0.10097,0.21906,1,0.04061,0.90958,0.09962
000504_lcam_front_lidar.ply,0.2,800,0.9,0.10035,0.21371,1,0.03522,0.91228,0.0979
000505_lcam_front_lidar.ply,0.2,800,0.9,0.11072,0.35746,1,0.22196,0.91514,0.18899
000506_lcam_front_lidar.ply,0.25,800,0.9,0.10229,0.35109,1,0.23552,0.91399,0.22866
000507_lcam_front_lidar.ply,0.25,800,0.9,0.11306,0.21665,1,0.05034,0.91501,0.12167
000508_lcam_front_lidar.ply,0.25,800,0.9,0.1141,0.34916,1,0.24425,0.91426,0.24619
000509_lcam_front_lidar.ply,0.25,800,0.9,0.10857,0.22867,1,0.0479,0.91151,0.09142
000510_lcam_front_lidar.ply,0.2,800,0.9,0.11065,0.22447,1,0.04263,0.91178,0.0896
000511_lcam_front_lidar.ply,0.25,800,0.9,0.11408,0.22784,1,0.05071,0.91274,0.09766
000512_lcam_front_lidar.ply,0.25,800,0.9,0.11684,0.22049,1,0.04296,0.91208,0.09605
000513_lcam_front_lidar.ply,0.25,800,0.9,0.11782,0.23154,1,0.05701,0.91205,0.10242
000514_lcam_front_lidar.ply,0.25,800,0.9,0.10976,0.35875,1,0.25859,0.91154,0.25736
000515_lcam_front_lidar.ply,0.25,800,0.9,0.10465,0.22116,1,0.04574,0.9116,0.10851
000516_lcam_front_lidar.ply,0.25,800,0.9,0.1299,0.18794,1,0.06727,0.89787,0.2062
000517_lcam_front_lidar.ply,0.25,800,0.9,0.13151,0.19604,1,0.00382,0.86893,0.06635
000518_lcam_front_lidar.ply,0.25,800,0.9,0.13849,0.18427,1,0.00838,0.88246,0.09839
000519_lcam_front_lidar.ply,0.25,800,0.9,0.13021,0.2263,1,0.00372,0.98261,0.00546
000520_lcam_front_lidar.ply,0.25,800,0.9,0.11694,0.34939,1,0.22494,0.90878,0.20447
000521_lcam_front_lidar.ply,0.25,800,0.9,0.11573,0.36965,1,0.27453,0.91489,0.26398
000522_lcam_front_lidar.ply,0.25,800,0.9,0.13073,0.37954,1,0.2861,0.91729,0.26231
000523_lcam_front_lidar.ply,0.25,800,0.9,0.1417,0.37762,1,0.28127,0.91436,0.25689
000524_lcam_front_lidar.ply,0.25,800,0.9,0.12842,0.38365,1,0.28913,0.91627,0.25884
000525_lcam_front_lidar.ply,0.25,800,0.9,0.12171,0.38064,1,0.28284,0.91273,0.25528
000526_lcam_front_lidar.ply,0.25,800,0.9,0.12174,0.3787,1,0.27667,0.90993,0.25232
000527_lcam_front_lidar.ply,0.25,800,0.9,0.1447,0.17415,1,0.0041,0.85206,0.10245
000528_lcam_front_lidar.ply,0.25,800,0.9,0.14112,0.3899,1,0.28433,0.9088,0.23864
000529_lcam_front_lidar.ply,0.25,800,0.9,0.12824,0.37803,1,0.26051,0.90398,0.21455
000530_lcam_front_lidar.ply,0.25,800,0.9,0.13033,0.38599,1,0.27653,0.9064,0.22798
000531_lcam_front_lidar.ply,0.25,800,0.9,0.13197,0.38475,1,0.27349,0.90554,0.22292
000532_lcam_front_lidar.ply,0.25,800,0.9,0.1402,0.38895,1,0.29123,0.91189,0.24758
000533_lcam_front_lidar.ply,0.25,800,0.9,0.12693,0.3765,1,0.26061,0.90467,0.22036
000534_lcam_front_lidar.ply,0.25,800,0.9,0.12922,0.3779,1,0.27035,0.90459,0.2312
000535_lcam_front_lidar.ply,0.25,800,0.9,0.14293,0.3666,1,0.25423,0.90697,0.21817
000536_lcam_front_lidar.ply,0.25,800,0.9,0.12517,0.35935,1,0.25175,0.90726,0.23007
000537_lcam_front_lidar.ply,0.25,800,0.9,0.11565,0.3509,1,0.24287,0.90731,0.23538
000538_lcam_front_lidar.ply,0.25,800,0.9,0.11701,0.34404,1,0.23541,0.90649,0.23378
000539_lcam_front_lidar.ply,0.25,800,0.9,0.10965,0.34629,1,0.23518,0.9117,0.22928
000540_lcam_front_lidar.ply,0.25,800,0.9,0.12922,0.33582,1,0.22556,0.90762,0.22419
000541_lcam_front_lidar.ply,0.25,800,0.9,0.12076,0.31712,1,0.21347,0.91547,0.23845
000542_lcam_front_lidar.ply,0.25,800,0.9,0.1225,0.28881,1,0.15875,0.89748,0.18812
000543_lcam_front_lidar.ply,0.25,800,0.9,0.111,0.20036,1,0.0427,0.903,0.13646
000544_lcam_front_lidar.ply,0.25,800,0.9,0.10192,0.18407,1,0.04608,0.90206,0.17744
000545_lcam_front_lidar.ply,0.25,800,0.9,0.1244,0.19246,1,0.04593,0.89911,0.155
000546_lcam_front_lidar.ply,0.25,800,0.9,0.11543,0.20154,1,0.04296,0.90061,0.1318
000547_lcam_front_lidar.ply,0.25,800,0.9,0.14198,0.21029,1,0.04036,0.89915,0.10611
000548_lcam_front_lidar.ply,0.25,800,0.9,0.11491,0.19404,1,0.0471,0.90107,0.15981
000549_lcam_front_lidar.ply,0.25,800,0.9,0.10726,0.30363,1,0.16626,0.90051,0.17971
000550_lcam_front_lidar.ply,0.25,800,0.9,0.10504,0.29224,1,0.1644,0.90596,0.19864
000551_lcam_front_lidar.ply,0.25,800,0.9,0.10581,0.20362,1,0.04392,0.90214,0.13584
000552_lcam_front_lidar.ply,0.25,800,0.9,0.13046,0.18183,1,0.00953,0.88396,0.10139
000553_lcam_front_lidar.ply,0.25,800,0.9,0.17793,0.19426,1,0.05524,0.90251,0.15426
000554_lcam_front_lidar.ply,0.25,800,0.9,0.16448,0.32537,1,0.22903,0.91457,0.24563
000555_lcam_front_lidar.ply,0.25,800,0.9,0.136,0.33787,1,0.23352,0.90943,0.23549
000556_lcam_front_lidar.ply,0.25,800,0.9,0.12818,0.34323,1,0.2411,0.91196,0.23623
000557_lcam_front_lidar.ply,0.25,800,0.9,0.13602,0.34864,1,0.24779,0.90812,0.24258
000558_lcam_front_lidar.ply,0.25,800,0.9,0.11911,0.36033,1,0.25945,0.907,0.24017
000559_lcam_front_lidar.ply,0.25,800,0.9,0.11429,0.13164,1,0.00248,0.88746,0.19244
000560_lcam_front_lidar.ply,0.25,800,0.9,0.11817,0.37285,1,0.26139,0.90517,0.22617
000561_lcam_front_lidar.ply,0.25,800,0.9,0.1212,0.37047,1,0.262,0.9039,0.23371
000562_lcam_front_lidar.ply,0.25,800,0.9,0.13687,0.37968,1,0.27032,0.90545,0.23185
000563_lcam_front_lidar.ply,0.25,800,0.9,0.11848,0.37817,1,0.2635,0.90403,0.2174
000564_lcam_front_lidar.ply,0.25,800,0.9,0.12946,0.38745,1,0.27955,0.90633,0.23209
000565_lcam_front_lidar.ply,0.25,800,0.9,0.13957,0.38422,1,0.2693,0.90365,0.21677
000566_lcam_front_lidar.ply,0.25,800,0.9,0.13639,0.38502,1,0.27818,0.90695,0.23582
000567_lcam_front_lidar.ply,0.25,800,0.9,0.12383,0.39506,1,0.29569,0.9078,0.25365
000568_lcam_front_lidar.ply,0.25,800,0.9,0.11107,0.3879,1,0.27651,0.90768,0.23109
000569_lcam_front_lidar.ply,0.25,800,0.9,0.1219,0.36843,1,0.25396,0.90249,0.22215
000570_lcam_front_lidar.ply,0.25,800,0.9,0.13142,0.40629,1,0.30575,0.91554,0.25318
000571_lcam_front_lidar.ply,0.25,800,0.9,0.15293,0.38333,1,0.28646,0.91161,0.25444
000572_lcam_front_lidar.ply,0.25,800,0.9,0.13297,0.37721,1,0.27483,0.91068,0.24844
000573_lcam_front_lidar.ply,0.25,800,0.9,0.1258,0.18376,1,0.02957,0.89701,0.14181
000574_lcam_front_lidar.ply,0.25,800,0.9,0.13611,0.22726,1,0.00363,0.96789,0.00694
000575_lcam_front_lidar.ply,0.25,800,0.9,0.1258,0.36193,1,0.24833,0.90883,0.22679
000576_lcam_front_lidar.ply,0.25,800,0.9,0.12581,0.20236,1,0.02566,0.87903,0.10005
000577_lcam_front_lidar.ply,0.25,800,0.9,0.11736,0.22146,1,0.07073,0.91266,0.15442
000578_lcam_front_lidar.ply,0.25,800,0.9,0.13017,0.21911,1,0.05796,0.9106,0.13072
000579_lcam_front_lidar.ply,0.25,800,0.9,0.11834,0.22146,1,0.05767,0.9141,0.12662
000580_lcam_front_lidar.ply,0.2,800,0.9,0.14102,0.20131,1,0.00148,0.82819,0.04873
000581_lcam_front_lidar.ply,0.2,800,0.9,0.12476,0.23042,1,0.05205,0.91259,0.09915
000582_lcam_front_lidar.ply,0.2,800,0.9,0.11902,0.23367,1,0.06052,0.91118,0.1008
000583_lcam_front_lidar.ply,0.2,800,0.9,0.11948,0.22954,1,0.05015,0.91185,0.09531
000584_lcam_front_lidar.ply,0.25,800,0.9,0.11034,0.36413,1,0.24405,0.91455,0.22015
000585_lcam_front_lidar.ply,0.25,800,0.9,0.10462,0.21156,1,0.03905,0.91489,0.11208
000586_lcam_front_lidar.ply,0.25,800,0.9,0.10107,0.222,1,0.03693,0.91166,0.08955
000587_lcam_front_lidar.ply,0.2,800,0.9,0.09937,0.35204,1,0.21769,0.91464,0.19162
000588_lcam_front_lidar.ply,0.2,800,0.9,0.12087,0.22008,1,0.03873,0.911,0.08908
000589_lcam_front_lidar.ply,0.2,800,0.9,0.10714,0.35521,1,0.21828,0.91739,0.17956
000590_lcam_front_lidar.ply,0.2,800,0.9,0.09726,0.33945,1,0.20974,0.91661,0.19527
000591_lcam_front_lidar.ply,0.2,800,0.9,0.11032,0.34799,1,0.20822,0.90913,0.17574
000592_lcam_front_lidar.ply,0.2,800,0.9,0.12584,0.35413,1,0.21532,0.91126,0.17543
000593_lcam_front_lidar.ply,0.2,800,0.9,0.10468,0.35893,1,0.21717,0.91143,0.17264
000594_lcam_front_lidar.ply,0.2,800,0.9,0.13098,0.3555,1,0.20028,0.91077,0.14197
000595_lcam_front_lidar.ply,0.2,800,0.9,0.1153,0.358,1,0.20778,0.90538,0.15419
000596_lcam_front_lidar.ply,0.2,800,0.9,0.12168,0.34634,1,0.1944,0.90474,0.14641
000597_lcam_front_lidar.ply,0.2,800,0.9,0.10767,0.33733,1,0.18515,0.90265,0.14482
000598_lcam_front_lidar.ply,0.25,800,0.9,0.11231,0.34861,1,0.21063,0.91481,0.18206
000599_lcam_front_lidar.ply,0.2,800,0.9,0.12061,0.34255,1,0.19591,0.91062,0.15924
000600_lcam_front_lidar.ply,0.25,800,0.9,0.11068,0.33215,1,0.1995,0.91,0.18721
000601_lcam_front_lidar.ply,0.2,800,0.9,0.12596,0.33742,1,0.18817,0.91206,0.14471
000602_lcam_front_lidar.ply,0.2,800,0.9,0.12707,0.33974,1,0.19044,0.91146,0.15189
000603_lcam_front_lidar.ply,0.2,800,0.9,0.10456,0.34108,1,0.1829,0.91235,0.14075
000604_lcam_front_lidar.ply,0.2,800,0.9,0.11546,0.34991,1,0.19493,0.91345,0.1441
000605_lcam_front_lidar.ply,0.2,800,0.9,0.11549,0.34619,1,0.18503,0.9156,0.13222
000606_lcam_front_lidar.ply,0.2,800,0.9,0.12226,0.35248,1,0.18842,0.91936,0.12595
000607_lcam_front_lidar.ply,0.2,800,0.9,0.10174,0.34843,1,0.18778,0.92274,0.13412
000608_lcam_front_lidar.ply,0.2,800,0.9,0.12787,0.34171,1,0.18179,0.92229,0.13196
000609_lcam_front_lidar.ply,0.2,800,0.9,0.12092,0.33904,1,0.18933,0.92823,0.14899
000610_lcam_front_lidar.ply,0.2,800,0.9,0.10902,0.34505,1,0.18854,0.92266,0.14656
000611_lcam_front_lidar.ply,0.2,800,0.9,0.10081,0.34775,1,0.18938,0.92794,0.14297
000612_lcam_front_lidar.ply,0.2,800,0.9,0.11439,0.34873,1,0.196,0.92699,0.14902
000613_lcam_front_lidar.ply,0.2,800,0.9,0.13095,0.34622,1,0.18442,0.92629,0.12844
000614_lcam_front_lidar.ply,0.25,800,0.9,0.13211,0.34803,1,0.20606,0.92828,0.16613
000615_lcam_front_lidar.ply,0.2,800,0.9,0.13329,0.34423,1,0.1912,0.9254,0.14478
000616_lcam_front_lidar.ply,0.2,800,0.9,0.141,0.35439,1,0.20065,0.92816,0.14185
000617_lcam_front_lidar.ply,0.2,800,0.9,0.1475,0.35142,1,0.19082,0.92809,0.12574
000618_lcam_front_lidar.ply,0.2,800,0.9,0.17538,0.35594,1,0.20312,0.92958,0.13604
000619_lcam_front_lidar.ply,0.2,800,0.9,0.11592,0.36639,1,0.20666,0.92929,0.13554
000620_lcam_front_lidar.ply,0.2,800,0.9,0.12351,0.36335,1,0.19478,0.92621,0.11415
000621_lcam_front_lidar.ply,0.2,800,0.9,0.1434,0.35886,1,0.18665,0.92472,0.10548
000622_lcam_front_lidar.ply,0.2,800,0.9,0.12411,0.36005,1,0.20593,0.92668,0.14502
000623_lcam_front_lidar.ply,0.2,800,0.9,0.1214,0.3697,1,0.20298,0.92779,0.119
000624_lcam_front_lidar.ply,0.2,800,0.9,0.11518,0.37078,1,0.20363,0.92627,0.12435
000625_lcam_front_lidar.ply,0.2,800,0.9,0.12295,0.36709,1,0.20475,0.92648,0.12991
000626_lcam_front_lidar.ply,0.2,800,0.9,0.11981,0.35924,1,0.19779,0.92785,0.12938
000627_lcam_front_lidar.ply,0.25,800,0.9,0.13101,0.35588,1,0.20767,0.92865,0.1579
000628_lcam_front_lidar.ply,0.25,800,0.9,0.13544,0.34506,1,0.19403,0.92638,0.14851
000629_lcam_front_lidar.ply,0.25,800,0.9,0.12804,0.33454,1,0.18953,0.92524,0.16044
000630_lcam_front_lidar.ply,0.25,800,0.9,0.12445,0.33347,1,0.18272,0.92736,0.15382
000631_lcam_front_lidar.ply,0.25,800,0.9,0.10711,0.32787,1,0.17412,0.92454,0.14951
000632_lcam_front_lidar.ply,0.25,800,0.9,0.11161,0.32318,1,0.16646,0.92327,0.13664
000633_lcam_front_lidar.ply,0.25,800,0.9,0.10186,0.32742,1,0.17587,0.9235,0.15465
000634_lcam_front_lidar.ply,0.2,800,0.9,0.10577,0.33665,1,0.15678,0.92205,0.09398
000635_lcam_front_lidar.ply,0.2,800,0.9,0.11076,0.33475,1,0.14157,0.92202,0.06706
000636_lcam_front_lidar.ply,0.2,800,0.9,0.13513,0.33609,1,0.1542,0.92465,0.08436
000637_lcam_front_lidar.ply,0.2,800,0.9,0.11396,0.33344,1,0.14954,0.92265,0.0834
000638_lcam_front_lidar.ply,0.2,800,0.9,0.11274,0.33864,1,0.1517,0.92182,0.08077
000639_lcam_front_lidar.ply,0.2,800,0.9,0.12913,0.3507,1,0.16113,0.92272,0.07089
000640_lcam_front_lidar.ply,0.2,800,0.9,0.11186,0.35555,1,0.16488,0.92211,0.06733
000641_lcam_front_lidar.ply,0.2,800,0.9,0.11228,0.35991,1,0.16306,0.91956,0.06209
000642_lcam_front_lidar.ply,0.2,800,0.9,0.11497,0.36376,1,0.15726,0.91816,0.04334
000643_lcam_front_lidar.ply,0.2,800,0.9,0.138,0.35342,1,0.14908,0.91667,0.0441
000644_lcam_front_lidar.ply,0.2,800,0.9,0.13394,0.34367,1,0.13911,0.91707,0.04418
000645_lcam_front_lidar.ply,0.2,800,0.9,0.14231,0.35369,1,0.14893,0.9156,0.04574
000646_lcam_front_lidar.ply,0.2,800,0.9,0.13283,0.35046,1,0.14722,0.91704,0.04722
000647_lcam_front_lidar.ply,0.2,800,0.9,0.11405,0.34631,1,0.14384,0.9184,0.05027
000648_lcam_front_lidar.ply,0.2,800,0.9,0.11511,0.34187,1,0.1367,0.91875,0.04803
000649_lcam_front_lidar.ply,0.2,800,0.9,0.12421,0.32729,1,0.12765,0.91771,0.05126
000650_lcam_front_lidar.ply,0.2,800,0.9,0.09946,0.31441,1,0.12297,0.9252,0.07665
000651_lcam_front_lidar.ply,0.2,800,0.9,0.09629,0.30343,1,0.11728,0.92457,0.09162
000652_lcam_front_lidar.ply,0.2,800,0.9,0.11277,0.29806,1,0.11269,0.92371,0.08844
000653_lcam_front_lidar.ply,0.2,800,0.9,0.11928,0.28302,1,0.10369,0.92207,0.09843
000654_lcam_front_lidar.ply,0.2,800,0.9,0.11316,0.27318,1,0.09185,0.91942,0.09188
000655_lcam_front_lidar.ply,0.2,800,0.9,0.13146,0.26454,1,0.07961,0.92089,0.08507
000656_lcam_front_lidar.ply,0.2,800,0.9,0.12382,0.28168,1,0.08668,0.91835,0.06613
000657_lcam_front_lidar.ply,0.2,800,0.9,0.12275,0.27443,1,0.08201,0.92502,0.07713
000658_lcam_front_lidar.ply,0.2,800,0.9,0.12513,0.33904,1,0.14759,0.91689,0.0712
000659_lcam_front_lidar.ply,0.2,800,0.9,0.12725,0.34337,1,0.19198,0.92279,0.15382
000660_lcam_front_lidar.ply,0.2,800,0.9,0.11611,0.34771,1,0.18872,0.92336,0.13711
000661_lcam_front_lidar.ply,0.2,800,0.9,0.13546,0.3618,1,0.19038,0.92454,0.1122
000662_lcam_front_lidar.ply,0.2,800,0.9,0.11813,0.37646,1,0.2103,0.92096,0.12303
000663_lcam_front_lidar.ply,0.2,800,0.9,0.12874,0.37115,1,0.21079,0.91974,0.13522
000664_lcam_front_lidar.ply,0.2,800,0.9,0.1078,0.3883,1,0.22439,0.92181,0.13474
000665_lcam_front_lidar.ply,0.2,800,0.9,0.10719,0.3977,1,0.22782,0.9234,0.12123
000666_lcam_front_lidar.ply,0.2,800,0.9,0.12018,0.40498,1,0.2339,0.92533,0.11684
000667_lcam_front_lidar.ply,0.2,800,0.9,0.11875,0.401,1,0.22534,0.92194,0.10864
000668_lcam_front_lidar.ply,0.2,800,0.9,0.13946,0.3959,1,0.22522,0.92293,0.11311
000669_lcam_front_lidar.ply,0.2,800,0.9,0.12343,0.39855,1,0.22489,0.9217,0.11023
000670_lcam_front_lidar.ply,0.2,800,0.9,0.13259,0.39756,1,0.22974,0.92388,0.11788
000671_lcam_front_lidar.ply,0.2,800,0.9,0.12734,0.40173,1,0.2404,0.92462,0.13541
000672_lcam_front_lidar.ply,0.2,800,0.9,0.1432,0.3963,1,0.23588,0.92295,0.13361
000673_lcam_front_lidar.ply,0.2,800,0.9,0.13505,0.40336,1,0.24072,0.9223,0.13022
000674_lcam_front_lidar.ply,0.2,800,0.9,0.11331,0.41295,1,0.23695,0.92149,0.1088
000675_lcam_front_lidar.ply,0.2,800,0.9,0.1146,0.41282,1,0.24509,0.92282,0.12509
000676_lcam_front_lidar.ply,0.2,800,0.9,0.11913,0.40719,1,0.24514,0.92052,0.13181
000677_lcam_front_lidar.ply,0.2,800,0.9,0.12854,0.23295,1,0.04276,0.89053,0.07687
000678_lcam_front_lidar.ply,0.2,800,0.9,0.1198,0.41658,1,0.24702,0.91642,0.12027
000679_lcam_front_lidar.ply,0.2,800,0.9,0.13276,0.41913,1,0.25813,0.91432,0.13396
000680_lcam_front_lidar.ply,0.2,800,0.9,0.1024,0.41985,1,0.25515,0.90663,0.13202
000681_lcam_front_lidar.ply,0.15,800,0.9,0.10008,0.42771,1,0.24388,0.90458,0.09593
000682_lcam_front_lidar.ply,0.15,800,0.9,0.09367,0.43825,1,0.25981,0.90496,0.1045
000683_lcam_front_lidar.ply,0.15,800,0.9,0.09406,0.41376,1,0.22581,0.89812,0.08625
000684_lcam_front_lidar.ply,0.15,800,0.9,0.09443,0.36031,1,0.17,0.90704,0.07693
000685_lcam_front_lidar.ply,0.15,800,0.9,0.11526,0.34687,1,0.17116,0.91912,0.10638
000686_lcam_front_lidar.ply,0.2,800,0.9,0.111,0.33689,1,0.1818,0.91714,0.14973
000687_lcam_front_lidar.ply,0.15,800,0.9,0.11552,0.34706,1,0.16852,0.90631,0.09969
000688_lcam_front_lidar.ply,0.2,800,0.9,0.12431,0.34015,1,0.17028,0.90931,0.11551
000689_lcam_front_lidar.ply,0.15,800,0.9,0.13103,0.33388,1,0.15772,0.91118,0.1029
000690_lcam_front_lidar.ply,0.2,800,0.9,0.11223,0.33907,1,0.17944,0.91595,0.13771
000691_lcam_front_lidar.ply,0.15,800,0.9,0.11459,0.3418,1,0.178,0.90564,0.13019
000692_lcam_front_lidar.ply,0.15,800,0.9,0.10503,0.33779,1,0.16073,0.90341,0.10198
000693_lcam_front_lidar.ply,0.15,800,0.9,0.11493,0.31225,1,0.14025,0.91423,0.11175
000694_lcam_front_lidar.ply,0.15,800,0.9,0.12811,0.30726,1,0.13736,0.91243,0.11017
000695_lcam_front_lidar.ply,0.15,800,0.9,0.16124,0.30641,1,0.13914,0.91294,0.11214
000696_lcam_front_lidar.ply,0.15,800,0.9,0.12409,0.31234,1,0.14169,0.90636,0.11137
000697_lcam_front_lidar.ply,0.15,800,0.9,0.13922,0.31248,1,0.14823,0.91204,0.11684
000698_lcam_front_lidar.ply,0.15,800,0.9,0.12803,0.31989,1,0.15409,0.91129,0.12245
000699_lcam_front_lidar.ply,0.15,800,0.9,0.15646,0.31216,1,0.14666,0.91038,0.11588
000700_lcam_front_lidar.ply,0.15,800,0.9,0.12786,0.32282,1,0.16539,0.91772,0.13364
000701_lcam_front_lidar.ply,0.15,800,0.9,0.10911,0.3213,1,0.14474,0.91536,0.10265
000702_lcam_front_lidar.ply,0.15,800,0.9,0.10559,0.3278,1,0.1498,0.91458,0.1028
000703_lcam_front_lidar.ply,0.15,800,0.9,0.08931,0.3534,1,0.18273,0.91215,0.11836
000704_lcam_front_lidar.ply,0.2,800,0.9,0.07999,0.3143,1,0.16565,0.91295,0.16216
000705_lcam_front_lidar.ply,0.2,800,0.9,0.06599,0.28827,1,0.14442,0.94309,0.17495
000706_lcam_front_lidar.ply,0.15,800,0.9,0.07276,0.29959,1,0.11668,0.90982,0.09388
000707_lcam_front_lidar.ply,0.15,800,0.9,0.06629,0.27752,1,0.09825,0.90863,0.10454
000708_lcam_front_lidar.ply,0.15,800,0.9,0.09299,0.23072,1,0.05828,0.87227,0.11663
000709_lcam_front_lidar.ply,0.15,800,0.9,0.11168,0.22622,1,0.05509,0.87215,0.11124
000710_lcam_front_lidar.ply,0.15,800,0.9,0.11262,0.25131,1,0.09624,0.92727,0.13962
000711_lcam_front_lidar.ply,0.2,800,0.9,0.12269,0.26095,1,0.11262,0.92576,0.15029
000712_lcam_front_lidar.ply,0.2,800,0.9,0.12611,0.26445,1,0.11836,0.9303,0.15778
000713_lcam_front_lidar.ply,0.2,800,0.9,0.11776,0.25972,1,0.11318,0.931,0.15588
000714_lcam_front_lidar.ply,0.2,800,0.9,0.12914,0.22265,1,0.0563,0.87625,0.11094
000715_lcam_front_lidar.ply,0.2,800,0.9,0.09789,0.22559,1,0.05597,0.87003,0.10878
000716_lcam_front_lidar.ply,0.2,800,0.9,0.10443,0.26285,1,0.12914,0.93593,0.17632
000717_lcam_front_lidar.ply,0.15,800,0.9,0.11938,0.22725,1,0.05592,0.86771,0.10098
000718_lcam_front_lidar.ply,0.15,800,0.9,0.10887,0.23161,1,0.05566,0.86531,0.09769
000719_lcam_front_lidar.ply,0.2,800,0.9,0.12415,0.26473,1,0.13268,0.93444,0.18144
000720_lcam_front_lidar.ply,0.15,800,0.9,0.10863,0.23137,1,0.05829,0.85614,0.09702
000721_lcam_front_lidar.ply,0.15,800,0.9,0.1176,0.25569,1,0.09423,0.93755,0.11798
000722_lcam_front_lidar.ply,0.15,800,0.9,0.11796,0.23341,1,0.05824,0.84446,0.09057
000723_lcam_front_lidar.ply,0.15,800,0.9,0.12113,0.23731,1,0.05747,0.84825,0.08252
000724_lcam_front_lidar.ply,0.15,800,0.9,0.11117,0.25401,1,0.10768,0.94184,0.14708
000725_lcam_front_lidar.ply,0.15,800,0.9,0.10322,0.26319,1,0.10574,0.93789,0.1347
000726_lcam_front_lidar.ply,0.15,800,0.9,0.10469,0.24133,1,0.05658,0.81156,0.07807
000727_lcam_front_lidar.ply,0.2,800,0.9,0.12221,0.24319,1,0.10423,0.93973,0.1622
000728_lcam_front_lidar.ply,0.2,800,0.9,0.10934,0.24013,1,0.09297,0.94312,0.15606
000729_lcam_front_lidar.ply,0.2,800,0.9,0.10528,0.22744,1,0.09118,0.95598,0.17562
000730_lcam_front_lidar.ply,0.2,800,0.9,0.10556,0.2261,1,0.1007,0.95431,0.19666
000731_lcam_front_lidar.ply,0.2,800,0.9,0.09362,0.2243,1,0.08556,0.9836,0.17138
000732_lcam_front_lidar.ply,0.2,800,0.9,0.10853,0.22268,1,0.09058,0.95187,0.182
000733_lcam_front_lidar.ply,0.2,800,0.9,0.10727,0.21544,1,0.09399,0.95245,0.19935
000734_lcam_front_lidar.ply,0.2,800,0.9,0.12047,0.22415,1,0.08222,0.98205,0.1612
000735_lcam_front_lidar.ply,0.2,800,0.9,0.13736,0.21962,1,0.09131,0.94673,0.18401
000736_lcam_front_lidar.ply,0.2,800,0.9,0.12974,0.22603,1,0.06583,0.9781,0.12291
000737_lcam_front_lidar.ply,0.2,800,0.9,0.11686,0.22202,1,0.08875,0.94186,0.17754
000738_lcam_front_lidar.ply,0.2,800,0.9,0.11451,0.23003,1,0.09812,0.94821,0.18022
000739_lcam_front_lidar.ply,0.2,800,0.9,0.12428,0.22555,1,0.10479,0.94372,0.19836
000740_lcam_front_lidar.ply,0.2,800,0.9,0.13923,0.22308,1,0.094,0.94051,0.18224
000741_lcam_front_lidar.ply,0.2,800,0.9,0.12792,0.23461,1,0.11246,0.94312,0.19955
000742_lcam_front_lidar.ply,0.2,800,0.9,0.12578,0.23891,1,0.10188,0.9459,0.17268
000743_lcam_front_lidar.ply,0.2,800,0.9,0.13626,0.20856,1,0.07145,0.94165,0.16584
000744_lcam_front_lidar.ply,0.2,800,0.9,0.162,0.21195,1,0.08144,0.95311,0.17975
000745_lcam_front_lidar.ply,0.2,800,0.9,0.14479,0.22027,1,0.08637,0.9458,0.17246
000746_lcam_front_lidar.ply,0.2,800,0.9,0.14491,0.20721,1,0.0768,0.94698,0.18207
000747_lcam_front_lidar.ply,0.2,800,0.9,0.14081,0.23084,1,0.10574,0.95707,0.19198
000748_lcam_front_lidar.ply,0.2,800,0.9,0.12733,0.23781,1,0.10647,0.95683,0.18774
000749_lcam_front_lidar.ply,0.2,800,0.9,0.12907,0.22111,1,0.08111,0.95349,0.17011
000750_lcam_front_lidar.ply,0.15,800,0.9,0.13434,0.22117,1,0.07399,0.9552,0.15326
000751_lcam_front_lidar.ply,0.2,800,0.9,0.1181,0.26067,1,0.12761,0.95962,0.18772
000752_lcam_front_lidar.ply,0.2,800,0.9,0.10839,0.24869,1,0.08994,0.98917,0.13126
000753_lcam_front_lidar.ply,0.2,800,0.9,0.08836,0.24767,1,0.09879,0.96097,0.15615
000754_lcam_front_lidar.ply,0.15,800,0.9,0.09765,0.25412,1,0.08323,0.987,0.1036
000755_lcam_front_lidar.ply,0.2,800,0.9,0.0875,0.26076,1,0.12701,0.99543,0.18579
000756_lcam_front_lidar.ply,0.15,800,0.9,0.08801,0.26449,1,0.11362,0.99285,0.14814
000757_lcam_front_lidar.ply,0.2,800,0.9,0.10337,0.26884,1,0.13419,0.9936,0.17752
000758_lcam_front_lidar.ply,0.2,800,0.9,0.11698,0.26044,1,0.1264,0.99424,0.18217
000759_lcam_front_lidar.ply,0.15,800,0.9,0.1339,0.24878,1,0.08901,0.9916,0.12693
000760_lcam_front_lidar.ply,0.2,800,0.9,0.12657,0.25131,1,0.10597,0.99272,0.15797
000761_lcam_front_lidar.ply,0.2,800,0.9,0.14769,0.24126,1,0.1072,0.99453,0.1768
000762_lcam_front_lidar.ply,0.2,800,0.9,0.14199,0.23576,1,0.10227,0.99314,0.17715
000763_lcam_front_lidar.ply,0.2,800,0.9,0.13871,0.23567,1,0.09534,0.99333,0.16187
000764_lcam_front_lidar.ply,0.2,800,0.9,0.14784,0.25292,1,0.12206,0.99366,0.18053
000765_lcam_front_lidar.ply,0.2,800,0.9,0.12839,0.24015,1,0.096,0.99428,0.16157
000766_lcam_front_lidar.ply,0.2,800,0.9,0.11276,0.24406,1,0.08689,0.99433,0.13454
000767_lcam_front_lidar.ply,0.2,800,0.9,0.14559,0.2589,1,0.10361,0.99372,0.13129
000768_lcam_front_lidar.ply,0.2,800,0.9,0.13701,0.26375,1,0.1136,0.99406,0.14603
000769_lcam_front_lidar.ply,0.2,800,0.9,0.14503,0.26364,1,0.102,0.9948,0.12192
000770_lcam_front_lidar.ply,0.2,800,0.9,0.14781,0.2748,1,0.11977,0.99322,0.13652
000771_lcam_front_lidar.ply,0.2,800,0.9,0.14729,0.28244,1,0.12515,0.99385,0.13317
000772_lcam_front_lidar.ply,0.2,800,0.9,0.16496,0.27461,1,0.10984,0.99199,0.11499
000773_lcam_front_lidar.ply,0.2,800,0.9,0.15425,0.29278,1,0.13321,0.99504,0.12693
000774_lcam_front_lidar.ply,0.2,800,0.9,0.14739,0.29421,1,0.12561,0.99491,0.11335
000775_lcam_front_lidar.ply,0.2,800,0.9,0.16856,0.29053,1,0.10845,0.995,0.08462
000776_lcam_front_lidar.ply,0.2,800,0.9,0.13413,0.29815,1,0.11548,0.99515,0.0858
000777_lcam_front_lidar.ply,0.2,800,0.9,0.15075,0.29828,1,0.1322,0.99633,0.11982
000778_lcam_front_lidar.ply,0.2,800,0.9,0.15858,0.28273,1,0.11712,0.99619,0.11554
000779_lcam_front_lidar.ply,0.2,800,0.9,0.1565,0.28367,1,0.10791,0.99558,0.0992
000780_lcam_front_lidar.ply,0.2,800,0.9,0.16773,0.28986,1,0.1248,0.99583,0.11254
000781_lcam_front_lidar.ply,0.2,800,0.9,0.16579,0.28159,1,0.1158,0.99631,0.1142
000782_lcam_front_lidar.ply,0.2,800,0.9,0.16287,0.27807,1,0.11778,0.99624,0.12021
000783_lcam_front_lidar.ply,0.2,800,0.9,0.15365,0.27991,1,0.1208,0.99697,0.12855
000784_lcam_front_lidar.ply,0.2,800,0.9,0.15455,0.28536,1,0.12999,0.99711,0.13911
000785_lcam_front_lidar.ply,0.2,800,0.9,0.16607,0.27718,1,0.12123,0.99726,0.12998
000786_lcam_front_lidar.ply,0.2,800,0.9,0.15016,0.26206,1,0.11463,0.99812,0.15304
000787_lcam_front_lidar.ply,0.2,800,0.9,0.15109,0.25048,1,0.10773,0.99815,0.15973
000788_lcam_front_lidar.ply,0.2,800,0.9,0.1552,0.23709,1,0.1006,0.99966,0.18001
000789_lcam_front_lidar.ply,0.2,800,0.9,0.1373,0.26427,1,0.12306,0.99992,0.16953
000790_lcam_front_lidar.ply,0.2,800,0.9,0.15171,0.26856,1,0.12628,0.99982,0.16424
000791_lcam_front_lidar.ply,0.2,800,0.9,0.15363,0.27747,1,0.1329,0.99969,0.16212
000792_lcam_front_lidar.ply,0.2,800,0.9,0.15782,0.26927,1,0.12805,0.99919,0.16272
000793_lcam_front_lidar.ply,0.2,800,0.9,0.16777,0.27103,1,0.13086,0.99955,0.16584
000794_lcam_front_lidar.ply,0.2,800,0.9,0.14976,0.27268,1,0.12949,0.99975,0.16444
000795_lcam_front_lidar.ply,0.2,800,0.9,0.17117,0.26998,1,0.12848,0.99981,0.16201
000796_lcam_front_lidar.ply,0.2,800,0.9,0.1637,0.28163,1,0.13559,0.99982,0.15614
000797_lcam_front_lidar.ply,0.2,800,0.9,0.14622,0.28581,1,0.13827,0.99987,0.15171
000798_lcam_front_lidar.ply,0.2,800,0.9,0.16217,0.27497,1,0.12862,0.99976,0.14992
000799_lcam_front_lidar.ply,0.2,800,0.9,0.15211,0.28367,1,0.13473,0.99988,0.15095
000800_lcam_front_lidar.ply,0.2,800,0.9,0.16326,0.28313,1,0.13427,0.99982,0.14794
000801_lcam_front_lidar.ply,0.2,800,0.9,0.15347,0.2991,1,0.14655,0.9998,0.14222
000802_lcam_front_lidar.ply,0.2,800,0.9,0.17888,0.30213,1,0.1488,0.99977,0.13604
000803_lcam_front_lidar.ply,0.2,800,0.9,0.18621,0.30585,1,0.15274,0.9998,0.13511
000804_lcam_front_lidar.ply,0.2,800,0.9,0.15719,0.30425,1,0.14747,0.99968,0.13132
000805_lcam_front_lidar.ply,0.2,800,0.9,0.14809,0.31765,1,0.16265,0.9997,0.13766
000806_lcam_front_lidar.ply,0.2,800,0.9,0.13767,0.33536,1,0.16361,0.99951,0.11182
000807_lcam_front_lidar.ply,0.2,800,0.9,0.1702,0.33085,1,0.16647,0.99953,0.11537
000808_lcam_front_lidar.ply,0.2,800,0.9,0.13625,0.33258,1,0.15845,0.99947,0.10638
000809_lcam_front_lidar.ply,0.2,800,0.9,0.1771,0.33309,1,0.16457,0.99954,0.11083
000810_lcam_front_lidar.ply,0.2,800,0.9,0.15826,0.32868,1,0.15355,0.99946,0.09987
000811_lcam_front_lidar.ply,0.2,800,0.9,0.13758,0.33665,1,0.16037,0.99933,0.09567
000812_lcam_front_lidar.ply,0.2,800,0.9,0.1899,0.33125,1,0.15631,0.99944,0.09091
000813_lcam_front_lidar.ply,0.2,800,0.9,0.14544,0.33137,1,0.15844,0.99936,0.09917
000814_lcam_front_lidar.ply,0.2,800,0.9,0.16448,0.34023,1,0.17225,0.99955,0.10996
000815_lcam_front_lidar.ply,0.2,800,0.9,0.15381,0.34764,1,0.16991,0.99933,0.09512
000816_lcam_front_lidar.ply,0.2,800,0.9,0.15385,0.34206,1,0.16576,0.99935,0.09842
000817_lcam_front_lidar.ply,0.2,800,0.9,0.167,0.33712,1,0.16479,0.99933,0.09863
000818_lcam_front_lidar.ply,0.2,800,0.9,0.13517,0.35158,1,0.17249,0.99932,0.09568
000819_lcam_front_lidar.ply,0.2,800,0.9,0.16142,0.35446,1,0.18175,0.99934,0.09889
000820_lcam_front_lidar.ply,0.2,800,0.9,0.14381,0.35964,1,0.18413,0.9993,0.10079
000821_lcam_front_lidar.ply,0.2,800,0.9,0.1353,0.3627,1,0.18608,0.99922,0.10029
000822_lcam_front_lidar.ply,0.2,800,0.9,0.17264,0.35748,1,0.1839,0.99924,0.101
000823_lcam_front_lidar.ply,0.2,800,0.9,0.13722,0.35803,1,0.18596,0.99927,0.10597
000824_lcam_front_lidar.ply,0.2,800,0.9,0.16311,0.36359,1,0.19201,0.99926,0.10539
000825_lcam_front_lidar.ply,0.2,800,0.9,0.13538,0.36667,1,0.19278,0.99923,0.10534
000826_lcam_front_lidar.ply,0.2,800,0.9,0.14502,0.36531,1,0.19421,0.99923,0.10756
000827_lcam_front_lidar.ply,0.2,800,0.9,0.15409,0.35626,1,0.18356,0.99918,0.10447
000828_lcam_front_lidar.ply,0.2,800,0.9,0.1383,0.36968,1,0.19367,0.99909,0.10236
000829_lcam_front_lidar.ply,0.2,800,0.9,0.14992,0.37052,1,0.19719,0.99908,0.10243
000830_lcam_front_lidar.ply,0.2,800,0.9,0.17197,0.3731,1,0.20345,0.99901,0.1062
000831_lcam_front_lidar.ply,0.2,800,0.9,0.16102,0.36934,1,0.19665,0.99904,0.1046
000832_lcam_front_lidar.ply,0.2,800,0.9,0.15608,0.37398,1,0.2015,0.99892,0.10384
000833_lcam_front_lidar.ply,0.2,800,0.9,0.15398,0.37912,1,0.20428,0.99894,0.10041
000834_lcam_front_lidar.ply,0.2,800,0.9,0.14786,0.37462,1,0.20188,0.99899,0.10334
000835_lcam_front_lidar.ply,0.2,800,0.9,0.15832,0.37696,1,0.20393,0.99896,0.10114
000836_lcam_front_lidar.ply,0.2,800,0.9,0.13311,0.37589,1,0.19904,0.99891,0.09999
000837_lcam_front_lidar.ply,0.2,800,0.9,0.16295,0.3779,1,0.20456,0.99888,0.09843
000838_lcam_front_lidar.ply,0.2,800,0.9,0.14723,0.37822,1,0.20229,0.99882,0.09815
000839_lcam_front_lidar.ply,0.2,800,0.9,0.14403,0.38033,1,0.20523,0.99877,0.09841
000840_lcam_front_lidar.ply,0.2,800,0.9,0.14468,0.37557,1,0.1975,0.99872,0.09539
000841_lcam_front_lidar.ply,0.2,800,0.9,0.16589,0.37249,1,0.1991,0.99864,0.09603
000842_lcam_front_lidar.ply,0.2,800,0.9,0.13862,0.37582,1,0.20409,0.99869,0.10564
000843_lcam_front_lidar.ply,0.2,800,0.9,0.16115,0.36958,1,0.19836,0.99861,0.09915
000844_lcam_front_lidar.ply,0.2,800,0.9,0.15081,0.37479,1,0.19826,0.99861,0.09649
000845_lcam_front_lidar.ply,0.2,800,0.9,0.16394,0.3738,1,0.20111,0.99864,0.1025
000846_lcam_front_lidar.ply,0.2,800,0.9,0.15413,0.37488,1,0.20433,0.99859,0.10315
000847_lcam_front_lidar.ply,0.2,800,0.9,0.15089,0.37567,1,0.20406,0.9986,0.10076
000848_lcam_front_lidar.ply,0.2,800,0.9,0.17527,0.38282,1,0.21381,0.99865,0.10557
000849_lcam_front_lidar.ply,0.2,800,0.9,0.1583,0.19969,1,0.04293,0.98352,0.13103
000850_lcam_front_lidar.ply,0.2,800,0.9,0.15594,0.20079,1,0.04489,0.98002,0.13572
000851_lcam_front_lidar.ply,0.2,800,0.9,0.15769,0.38185,1,0.20697,0.99864,0.09516
000852_lcam_front_lidar.ply,0.2,800,0.9,0.2254,0.19397,1,0.0478,0.98426,0.13927
000853_lcam_front_lidar.ply,0.2,800,0.9,0.15266,0.38664,1,0.2128,0.99858,0.09839
000854_lcam_front_lidar.ply,0.2,800,0.9,0.1775,0.20825,1,0.04822,0.97846,0.12135
000855_lcam_front_lidar.ply,0.2,800,0.9,0.15835,0.18836,1,0.00165,0.99335,0.07108
000856_lcam_front_lidar.ply,0.2,800,0.9,0.18,0.2215,1,0.00103,0.99257,0.00068
000857_lcam_front_lidar.ply,0.2,800,0.9,0.15235,0.22232,1,0.00067,0.99985,0.00031
000858_lcam_front_lidar.ply,0.2,800,0.9,0.16296,0.21301,1,0.05427,0.98095,0.12663
000859_lcam_front_lidar.ply,0.2,800,0.9,0.1579,0.21364,1,0.05116,0.97796,0.1192
000860_lcam_front_lidar.ply,0.2,800,0.9,0.15759,0.21667,1,0.05396,0.97523,0.11852
000861_lcam_front_lidar.ply,0.2,800,0.9,0.16301,0.21663,1,0.05775,0.97261,0.12468
000862_lcam_front_lidar.ply,0.2,800,0.9,0.14084,0.21889,1,0.05458,0.97074,0.12041
000863_lcam_front_lidar.ply,0.2,800,0.9,0.18897,0.21888,1,0.05651,0.97043,0.11577
000864_lcam_front_lidar.ply,0.2,800,0.9,0.138,0.22131,1,0.05896,0.96936,0.12324
000865_lcam_front_lidar.ply,0.2,800,0.9,0.16865,0.22077,1,0.06007,0.9672,0.12252
000866_lcam_front_lidar.ply,0.2,800,0.9,0.13647,0.22729,1,0.06457,0.96936,0.12518
000867_lcam_front_lidar.ply,0.2,800,0.9,0.16902,0.22347,1,0.06647,0.96955,0.12747
000868_lcam_front_lidar.ply,0.2,800,0.9,0.15412,0.22689,1,0.06621,0.96985,0.12545
000869_lcam_front_lidar.ply,0.2,800,0.9,0.16722,0.22345,1,0.05946,0.9607,0.1137
000870_lcam_front_lidar.ply,0.2,800,0.9,0.14339,0.38557,1,0.2294,0.99891,0.13303
000871_lcam_front_lidar.ply,0.2,800,0.9,0.16813,0.23027,1,0.06375,0.96431,0.11209
000872_lcam_front_lidar.ply,0.2,800,0.9,0.14406,0.39156,1,0.2336,0.99887,0.13135
000873_lcam_front_lidar.ply,0.2,800,0.9,0.15951,0.23575,1,0.06913,0.9597,0.11115
000874_lcam_front_lidar.ply,0.2,800,0.9,0.14848,0.23182,1,0.06531,0.96302,0.11456
000875_lcam_front_lidar.ply,0.2,800,0.9,0.14472,0.23259,1,0.06133,0.95989,0.10387
000876_lcam_front_lidar.ply,0.2,800,0.9,0.18771,0.23139,1,0.06612,0.95925,0.10804
000877_lcam_front_lidar.ply,0.2,800,0.9,0.13289,0.38273,1,0.22734,0.99893,0.13666
000878_lcam_front_lidar.ply,0.2,800,0.9,0.17604,0.35151,1,0.20417,0.999,0.14682
000879_lcam_front_lidar.ply,0.2,800,0.9,0.14653,0.36498,1,0.21421,0.99866,0.14085
000880_lcam_front_lidar.ply,0.2,800,0.9,0.14216,0.37957,1,0.22477,0.9986,0.13664
000881_lcam_front_lidar.ply,0.2,800,0.9,0.13825,0.3803,1,0.22545,0.9987,0.14278
000882_lcam_front_lidar.ply,0.2,800,0.9,0.15069,0.36698,1,0.22171,0.99859,0.15231
000883_lcam_front_lidar.ply,0.2,800,0.9,0.14605,0.36602,1,0.21434,0.99866,0.14477
000884_lcam_front_lidar.ply,0.2,800,0.9,0.14105,0.37148,1,0.22259,0.99867,0.14805
000885_lcam_front_lidar.ply,0.2,800,0.9,0.1497,0.35804,1,0.2077,0.99854,0.14314
000886_lcam_front_lidar.ply,0.2,800,0.9,0.14669,0.35402,1,0.20706,0.99857,0.15282
000887_lcam_front_lidar.ply,0.2,800,0.9,0.15035,0.33026,1,0.18636,0.99836,0.15649
000888_lcam_front_lidar.ply,0.2,800,0.9,0.13603,0.33185,1,0.196,0.99816,0.1726
000889_lcam_front_lidar.ply,0.15,800,0.9,0.14166,0.30454,1,0.14448,0.99833,0.12889
000890_lcam_front_lidar.ply,0.2,800,0.9,0.13255,0.31589,1,0.17763,0.99842,0.16944
000891_lcam_front_lidar.ply,0.2,800,0.9,0.13259,0.32689,1,0.18145,0.99862,0.15571
000892_lcam_front_lidar.ply,0.2,800,0.9,0.11917,0.32371,1,0.18395,0.99901,0.17326
000893_lcam_front_lidar.ply,0.2,800,0.9,0.10168,0.26374,1,0.10766,0.96825,0.14538
000894_lcam_front_lidar.ply,0.2,800,0.9,0.08116,0.24186,1,0.08715,0.96914,0.14901
000895_lcam_front_lidar.ply,0.2,800,0.9,0.10244,0.28067,1,0.12558,0.96409,0.14763
000896_lcam_front_lidar.ply,0.2,800,0.9,0.09558,0.30907,1,0.16031,0.97344,0.16191
000897_lcam_front_lidar.ply,0.2,800,0.9,0.12592,0.27793,1,0.15801,0.98356,0.21092
000898_lcam_front_lidar.ply,0.2,800,0.9,0.15444,0.29367,1,0.16813,0.99852,0.19414
000899_lcam_front_lidar.ply,0.2,800,0.9,0.13686,0.28661,1,0.165,0.99866,0.19743
000900_lcam_front_lidar.ply,0.2,800,0.9,0.14518,0.29329,1,0.16852,0.99874,0.19209
000901_lcam_front_lidar.ply,0.2,800,0.9,0.14777,0.29914,1,0.17648,0.99866,0.19608
000902_lcam_front_lidar.ply,0.2,800,0.9,0.14763,0.19125,1,0.04649,0.97664,0.15446
000903_lcam_front_lidar.ply,0.2,800,0.9,0.13917,0.27536,1,0.16184,0.99563,0.21941
000904_lcam_front_lidar.ply,0.2,800,0.9,0.14158,0.27807,1,0.16028,0.99708,0.20968
000905_lcam_front_lidar.ply,0.2,800,0.9,0.15187,0.27249,1,0.15934,0.99763,0.21739
000906_lcam_front_lidar.ply,0.2,800,0.9,0.14599,0.28203,1,0.16302,0.99858,0.20153
000907_lcam_front_lidar.ply,0.2,800,0.9,0.14334,0.2796,1,0.16786,0.99567,0.22025
000908_lcam_front_lidar.ply,0.2,800,0.9,0.14786,0.28113,1,0.16663,0.9959,0.20988
000909_lcam_front_lidar.ply,0.2,800,0.9,0.12392,0.2764,1,0.16349,0.99642,0.21458
000910_lcam_front_lidar.ply,0.2,800,0.9,0.1439,0.27546,1,0.16281,0.99615,0.21251
000911_lcam_front_lidar.ply,0.2,800,0.9,0.14611,0.27,1,0.15703,0.9955,0.21649
000912_lcam_front_lidar.ply,0.2,800,0.9,0.12929,0.28167,1,0.16601,0.99734,0.21356
000913_lcam_front_lidar.ply,0.2,800,0.9,0.14704,0.27055,1,0.15332,0.9992,0.20958
000914_lcam_front_lidar.ply,0.2,800,0.9,0.15659,0.27176,1,0.15857,0.99463,0.21376
000915_lcam_front_lidar.ply,0.2,800,0.9,0.14554,0.26554,1,0.14223,0.99841,0.19544
000916_lcam_front_lidar.ply,0.2,800,0.9,0.16699,0.266,1,0.16576,0.99643,0.2376
000917_lcam_front_lidar.ply,0.2,800,0.9,0.1308,0.26234,1,0.15333,0.99441,0.22025
000918_lcam_front_lidar.ply,0.2,800,0.9,0.12969,0.27902,1,0.15943,0.99502,0.20305
000919_lcam_front_lidar.ply,0.2,800,0.9,0.14821,0.28349,1,0.17153,0.99607,0.21754
000920_lcam_front_lidar.ply,0.2,800,0.9,0.13926,0.28126,1,0.16875,0.99545,0.21501
000921_lcam_front_lidar.ply,0.2,800,0.9,0.12511,0.28256,1,0.17366,0.9979,0.22613
000922_lcam_front_lidar.ply,0.2,800,0.9,0.16905,0.27722,1,0.17692,0.99681,0.23391
000923_lcam_front_lidar.ply,0.2,800,0.9,0.15495,0.28783,1,0.16819,0.99823,0.20371
000924_lcam_front_lidar.ply,0.2,800,0.9,0.19093,0.28726,1,0.17755,0.9957,0.21766
000925_lcam_front_lidar.ply,0.2,800,0.9,0.1657,0.29287,1,0.19574,0.99665,0.24439
000926_lcam_front_lidar.ply,0.2,800,0.9,0.13773,0.2869,1,0.18371,0.99723,0.23438
000927_lcam_front_lidar.ply,0.2,800,0.9,0.17039,0.28188,1,0.18173,0.99679,0.24072
000928_lcam_front_lidar.ply,0.2,800,0.9,0.19545,0.28661,1,0.19052,0.99676,0.24092
000929_lcam_front_lidar.ply,0.2,800,0.9,0.18537,0.28368,1,0.17986,0.9967,0.22875
000930_lcam_front_lidar.ply,0.2,800,0.9,0.1251,0.29492,1,0.18602,0.9946,0.23152
000931_lcam_front_lidar.ply,0.2,800,0.9,0.12696,0.29347,1,0.17568,0.99769,0.21529
000932_lcam_front_lidar.ply,0.2,800,0.9,0.16837,0.22672,1,0.09813,0.99923,0.18387
000933_lcam_front_lidar.ply,0.2,800,0.9,0.11923,0.29684,1,0.1807,0.99721,0.21749
000934_lcam_front_lidar.ply,0.2,800,0.9,0.09856,0.31479,1,0.19442,0.99825,0.21332
000935_lcam_front_lidar.ply,0.2,800,0.9,0.0901,0.2481,1,0.11306,0.99512,0.18664
000936_lcam_front_lidar.ply,0.2,800,0.9,0.08226,0.25534,1,0.1189,0.99396,0.18629
000937_lcam_front_lidar.ply,0.2,800,0.9,0.0616,0.23146,1,0.0,0.0,0.0
000938_lcam_front_lidar.ply,0.2,800,0.9,0.06182,0.32186,1,0.17739,0.99242,0.17186
000939_lcam_front_lidar.ply,0.2,800,0.9,0.09687,0.28948,1,0.16223,0.99523,0.20073
000940_lcam_front_lidar.ply,0.2,800,0.9,0.12227,0.28161,1,0.15738,0.9948,0.19891
000941_lcam_front_lidar.ply,0.2,800,0.9,0.11333,0.27771,1,0.14893,0.99432,0.18715
000942_lcam_front_lidar.ply,0.2,800,0.9,0.13266,0.27463,1,0.1536,0.99538,0.20414
000943_lcam_front_lidar.ply,0.2,800,0.9,0.1462,0.2826,1,0.15869,0.99547,0.19927
000944_lcam_front_lidar.ply,0.2,800,0.9,0.15478,0.26917,1,0.14973,0.99556,0.20482
000945_lcam_front_lidar.ply,0.2,800,0.9,0.13184,0.28025,1,0.15,0.99501,0.18826
000946_lcam_front_lidar.ply,0.2,800,0.9,0.14296,0.28643,1,0.15827,0.99523,0.19021
000947_lcam_front_lidar.ply,0.2,800,0.9,0.15832,0.28061,1,0.16028,0.99515,0.20195
000948_lcam_front_lidar.ply,0.2,800,0.9,0.16466,0.28131,1,0.16458,0.99496,0.20476
000949_lcam_front_lidar.ply,0.2,800,0.9,0.14451,0.2803,1,0.15315,0.995,0.1903
000950_lcam_front_lidar.ply,0.2,800,0.9,0.14733,0.28233,1,0.14956,0.99515,0.18048
000951_lcam_front_lidar.ply,0.2,800,0.9,0.1441,0.28575,1,0.16333,0.99537,0.19783
000952_lcam_front_lidar.ply,0.2,800,0.9,0.16831,0.28162,1,0.15214,0.99593,0.17933
000953_lcam_front_lidar.ply,0.2,800,0.9,0.15109,0.28588,1,0.16388,0.99597,0.19842
000954_lcam_front_lidar.ply,0.2,800,0.9,0.14607,0.28583,1,0.16336,0.996,0.20347
000955_lcam_front_lidar.ply,0.2,800,0.9,0.15691,0.28414,1,0.15802,0.99611,0.18916
000956_lcam_front_lidar.ply,0.2,800,0.9,0.15889,0.27239,1,0.16517,0.99664,0.2219
000957_lcam_front_lidar.ply,0.2,800,0.9,0.15822,0.27525,1,0.1574,0.99653,0.20229
000958_lcam_front_lidar.ply,0.2,800,0.9,0.15697,0.2952,1,0.17051,0.9967,0.19621
000959_lcam_front_lidar.ply,0.2,800,0.9,0.162,0.28776,1,0.1562,0.99614,0.17862
000960_lcam_front_lidar.ply,0.2,800,0.9,0.14125,0.29867,1,0.16968,0.99661,0.18662
000961_lcam_front_lidar.ply,0.2,800,0.9,0.14936,0.29157,1,0.16363,0.99646,0.18196
000962_lcam_front_lidar.ply,0.2,800,0.9,0.18169,0.28916,1,0.17316,0.99701,0.19853
000963_lcam_front_lidar.ply,0.2,800,0.9,0.13977,0.29232,1,0.16187,0.99668,0.18337
000964_lcam_front_lidar.ply,0.2,800,0.9,0.14889,0.29161,1,0.16886,0.9971,0.19621
000965_lcam_front_lidar.ply,0.2,800,0.9,0.14876,0.29306,1,0.167,0.99722,0.19399
000966_lcam_front_lidar.ply,0.2,800,0.9,0.18485,0.2817,1,0.16759,0.99749,0.20532
000967_lcam_front_lidar.ply,0.2,800,0.9,0.13495,0.29391,1,0.18459,0.99861,0.2225
000968_lcam_front_lidar.ply,0.2,800,0.9,0.15591,0.2939,1,0.1737,0.99747,0.19915
000969_lcam_front_lidar.ply,0.2,800,0.9,0.1518,0.2906,1,0.17143,0.99777,0.20434
000970_lcam_front_lidar.ply,0.2,800,0.9,0.16308,0.29317,1,0.17448,0.99748,0.20096
000971_lcam_front_lidar.ply,0.2,800,0.9,0.14171,0.29178,1,0.17549,0.99791,0.21636
000972_lcam_front_lidar.ply,0.15,800,0.9,0.14734,0.28761,1,0.14259,0.99513,0.157
000973_lcam_front_lidar.ply,0.15,800,0.9,0.14235,0.28745,1,0.13073,0.99607,0.13237
000974_lcam_front_lidar.ply,0.15,800,0.9,0.14544,0.32148,1,0.18056,0.998,0.16797
000975_lcam_front_lidar.ply,0.15,800,0.9,0.1367,0.26525,1,0.08802,0.99374,0.09607
000976_lcam_front_lidar.ply,0.2,800,0.9,0.14156,0.32365,1,0.22077,0.99852,0.23585
000977_lcam_front_lidar.ply,0.15,800,0.9,0.17916,0.29389,1,0.16077,0.99763,0.16988
000978_lcam_front_lidar.ply,0.15,800,0.9,0.21678,0.29539,1,0.16799,0.99866,0.17466
000979_lcam_front_lidar.ply,0.15,800,0.9,0.23782,0.30574,1,0.18475,0.99923,0.18444
000980_lcam_front_lidar.ply,0.15,800,0.9,0.16225,0.3174,1,0.18614,0.99883,0.1788
000981_lcam_front_lidar.ply,0.15,800,0.9,0.17919,0.3136,1,0.18354,0.99851,0.17699
000982_lcam_front_lidar.ply,0.15,800,0.9,0.16879,0.31161,1,0.17842,0.99929,0.17214
000983_lcam_front_lidar.ply,0.2,800,0.9,0.14382,0.33214,1,0.21657,0.99932,0.21077
000984_lcam_front_lidar.ply,0.15,800,0.9,0.18568,0.32825,1,0.1989,0.99905,0.17967
000985_lcam_front_lidar.ply,0.15,800,0.9,0.17434,0.3216,1,0.18887,0.99896,0.17684
000986_lcam_front_lidar.ply,0.15,800,0.9,0.18718,0.31298,1,0.17197,0.99978,0.15535
000987_lcam_front_lidar.ply,0.15,800,0.9,0.1669,0.22149,1,0.04579,0.99707,0.08842
000988_lcam_front_lidar.ply,0.15,800,0.9,0.17984,0.32561,1,0.18703,0.99972,0.157
000989_lcam_front_lidar.ply,0.15,800,0.9,0.14452,0.33874,1,0.19665,0.99974,0.16695
000990_lcam_front_lidar.ply,0.15,800,0.9,0.15143,0.34135,1,0.1914,0.99977,0.14573
000991_lcam_front_lidar.ply,0.15,800,0.9,0.17354,0.33499,1,0.19086,0.99977,0.14984
000992_lcam_front_lidar.ply,0.15,800,0.9,0.21676,0.34244,1,0.20258,0.99983,0.15546
000993_lcam_front_lidar.ply,0.15,800,0.9,0.15455,0.34639,1,0.20209,0.99982,0.15489
000994_lcam_front_lidar.ply,0.15,800,0.9,0.14473,0.35984,1,0.21149,0.99984,0.15231
000995_lcam_front_lidar.ply,0.15,800,0.9,0.15408,0.3586,1,0.2136,0.99985,0.15378
000996_lcam_front_lidar.ply,0.15,800,0.9,0.12035,0.35868,1,0.20681,0.99985,0.14521
000997_lcam_front_lidar.ply,0.15,800,0.9,0.14,0.35709,1,0.20958,0.9999,0.15076
000998_lcam_front_lidar.ply,0.15,800,0.9,0.15056,0.35287,1,0.20523,0.99989,0.1519
000999_lcam_front_lidar.ply,0.15,800,0.9,0.14109,0.34921,1,0.19843,0.99988,0.14247
001000_lcam_front_lidar.ply,0.15,800,0.9,0.12792,0.34727,1,0.20041,0.99993,0.1505
001001_lcam_front_lidar.ply,0.15,800,0.9,0.14772,0.35299,1,0.20561,0.99992,0.15154
001002_lcam_front_lidar.ply,0.15,800,0.9,0.13734,0.36102,1,0.21012,0.99992,0.14756
001003_lcam_front_lidar.ply,0.15,800,0.9,0.13001,0.35936,1,0.21493,0.99971,0.16317
001004_lcam_front_lidar.ply,0.15,800,0.9,0.13212,0.36351,1,0.21105,0.99992,0.14396
001005_lcam_front_lidar.ply,0.15,800,0.9,0.1516,0.35481,1,0.20277,0.99992,0.14389
001006_lcam_front_lidar.ply,0.15,800,0.9,0.14076,0.35976,1,0.20617,0.99993,0.14036
001007_lcam_front_lidar.ply,0.15,800,0.9,0.14782,0.34821,1,0.19537,0.99994,0.14348
001008_lcam_front_lidar.ply,0.15,800,0.9,0.13451,0.36433,1,0.20899,0.99996,0.14051
001009_lcam_front_lidar.ply,0.15,800,0.9,0.14428,0.35358,1,0.20651,0.99994,0.15086
001010_lcam_front_lidar.ply,0.15,800,0.9,0.15576,0.35006,1,0.20026,0.99995,0.1475
001011_lcam_front_lidar.ply,0.15,800,0.9,0.15513,0.34733,1,0.20114,0.99998,0.15068
001012_lcam_front_lidar.ply,0.15,800,0.9,0.13695,0.34545,1,0.19874,0.99998,0.15488
001013_lcam_front_lidar.ply,0.15,800,0.9,0.15606,0.33827,1,0.19193,0.99997,0.14693
001014_lcam_front_lidar.ply,0.15,800,0.9,0.14197,0.33792,1,0.18737,0.99994,0.1462
001015_lcam_front_lidar.ply,0.15,800,0.9,0.14552,0.34281,1,0.19412,0.99992,0.1491
001016_lcam_front_lidar.ply,0.15,800,0.9,0.14754,0.33884,1,0.18682,0.99996,0.14277
001017_lcam_front_lidar.ply,0.15,800,0.9,0.15801,0.33729,1,0.19274,0.99997,0.15576
001018_lcam_front_lidar.ply,0.15,800,0.9,0.13453,0.33488,1,0.18799,0.99997,0.15505
001019_lcam_front_lidar.ply,0.15,800,0.9,0.17966,0.33146,1,0.18615,0.9998,0.15183
001020_lcam_front_lidar.ply,0.15,800,0.9,0.17256,0.32121,1,0.17725,0.99982,0.1528
001021_lcam_front_lidar.ply,0.15,800,0.9,0.15547,0.30877,1,0.16152,0.99979,0.14682
001022_lcam_front_lidar.ply,0.15,800,0.9,0.14027,0.32259,1,0.17185,0.9997,0.14784
001023_lcam_front_lidar.ply,0.15,800,0.9,0.21963,0.23016,1,0.05915,0.99603,0.09415
001024_lcam_front_lidar.ply,0.15,800,0.9,0.15767,0.22624,1,0.05569,0.99451,0.10564
001025_lcam_front_lidar.ply,0.15,800,0.9,0.18713,0.319,1,0.17264,0.99971,0.14874
001026_lcam_front_lidar.ply,0.15,800,0.9,0.14357,0.22429,1,0.05435,0.99583,0.10848
001027_lcam_front_lidar.ply,0.15,800,0.9,0.17855,0.31421,1,0.16772,0.99967,0.1452
001028_lcam_front_lidar.ply,0.15,800,0.9,0.19253,0.21363,1,0.05881,0.99434,0.12148
001029_lcam_front_lidar.ply,0.15,800,0.9,0.16376,0.29488,1,0.14824,0.99917,0.15134
001030_lcam_front_lidar.ply,0.15,800,0.9,0.21047,0.2942,1,0.14535,0.9991,0.14242
001031_lcam_front_lidar.ply,0.15,800,0.9,0.21838,0.29549,1,0.14809,0.99894,0.13894
001032_lcam_front_lidar.ply,0.15,800,0.9,0.18629,0.20505,1,0.04169,0.99323,0.11627
001033_lcam_front_lidar.ply,0.15,800,0.9,0.17265,0.30912,1,0.1559,0.99847,0.1355
001034_lcam_front_lidar.ply,0.15,800,0.9,0.18738,0.30135,1,0.14901,0.99772,0.13609
001035_lcam_front_lidar.ply,0.15,800,0.9,0.17385,0.2965,1,0.14313,0.99793,0.13287
001036_lcam_front_lidar.ply,0.15,800,0.9,0.17521,0.20416,1,0.04544,0.99437,0.12471
001037_lcam_front_lidar.ply,0.15,800,0.9,0.1921,0.20392,1,0.0481,0.99518,0.12743
001038_lcam_front_lidar.ply,0.15,800,0.9,0.15168,0.28327,1,0.12472,0.99828,0.12907
001039_lcam_front_lidar.ply,0.15,800,0.9,0.1537,0.27511,1,0.12396,0.99878,0.14561
001040_lcam_front_lidar.ply,0.15,800,0.9,0.16095,0.28171,1,0.12884,0.99805,0.14328
001041_lcam_front_lidar.ply,0.15,800,0.9,0.19638,0.27225,1,0.12359,0.99892,0.13999
001042_lcam_front_lidar.ply,0.15,800,0.9,0.1715,0.26668,1,0.1176,0.99937,0.14263
001043_lcam_front_lidar.ply,0.15,800,0.9,0.16674,0.27457,1,0.11992,0.99768,0.13713
001044_lcam_front_lidar.ply,0.15,800,0.9,0.15914,0.2761,1,0.12333,0.99759,0.14152
001045_lcam_front_lidar.ply,0.15,800,0.9,0.19521,0.27794,1,0.12346,0.99685,0.13305
001046_lcam_front_lidar.ply,0.15,800,0.9,0.21091,0.27191,1,0.11909,0.99737,0.13363
001047_lcam_front_lidar.ply,0.15,800,0.9,0.1795,0.28363,1,0.12383,0.99659,0.12901
001048_lcam_front_lidar.ply,0.15,800,0.9,0.15889,0.29582,1,0.14464,0.99571,0.14771
001049_lcam_front_lidar.ply,0.15,800,0.9,0.18675,0.28719,1,0.13369,0.99595,0.13843
001050_lcam_front_lidar.ply,0.15,800,0.9,0.19744,0.29204,1,0.13056,0.9964,0.12234
001051_lcam_front_lidar.ply,0.15,800,0.9,0.16933,0.28455,1,0.13411,0.99673,0.14374
001052_lcam_front_lidar.ply,0.15,800,0.9,0.17196,0.25544,1,0.09602,0.996,0.13049
001053_lcam_front_lidar.ply,0.15,800,0.9,0.163,0.27644,1,0.11638,0.99586,0.12846
001054_lcam_front_lidar.ply,0.15,800,0.9,0.18087,0.26898,1,0.11018,0.99616,0.12468
001055_lcam_front_lidar.ply,0.15,800,0.9,0.17514,0.29868,1,0.14323,0.99606,0.13511
001056_lcam_front_lidar.ply,0.15,800,0.9,0.1815,0.30713,1,0.15599,0.99517,0.14202
001057_lcam_front_lidar.ply,0.15,800,0.9,0.15789,0.30138,1,0.15217,0.99549,0.14926
001058_lcam_front_lidar.ply,0.15,800,0.9,0.16451,0.29217,1,0.13078,0.99563,0.12727
001059_lcam_front_lidar.ply,0.15,800,0.9,0.15157,0.32985,1,0.1691,0.99593,0.13316
001060_lcam_front_lidar.ply,0.15,800,0.9,0.17186,0.31062,1,0.15659,0.99542,0.1381
001061_lcam_front_lidar.ply,0.15,800,0.9,0.17953,0.30229,1,0.14714,0.9953,0.13064
001062_lcam_front_lidar.ply,0.15,800,0.9,0.15907,0.31513,1,0.16537,0.99654,0.14979
001063_lcam_front_lidar.ply,0.15,800,0.9,0.15609,0.32406,1,0.17319,0.99658,0.14932
001064_lcam_front_lidar.ply,0.15,800,0.9,0.17228,0.31374,1,0.16387,0.99624,0.14498
001065_lcam_front_lidar.ply,0.15,800,0.9,0.17343,0.31555,1,0.16344,0.99602,0.14286
001066_lcam_front_lidar.ply,0.15,800,0.9,0.17529,0.31194,1,0.1555,0.99603,0.13339
001067_lcam_front_lidar.ply,0.15,800,0.9,0.15922,0.31965,1,0.16318,0.99544,0.13463
001068_lcam_front_lidar.ply,0.15,800,0.9,0.16811,0.32407,1,0.16827,0.99553,0.13694
001069_lcam_front_lidar.ply,0.15,800,0.9,0.16132,0.31506,1,0.16213,0.99619,0.14018
001070_lcam_front_lidar.ply,0.15,800,0.9,0.19349,0.33389,1,0.18347,0.99607,0.14107
001071_lcam_front_lidar.ply,0.15,800,0.9,0.15485,0.32923,1,0.16783,0.99601,0.12546
001072_lcam_front_lidar.ply,0.15,800,0.9,0.15294,0.3311,1,0.17004,0.99618,0.12855
001073_lcam_front_lidar.ply,0.15,800,0.9,0.15946,0.34869,1,0.18889,0.99596,0.1323
001074_lcam_front_lidar.ply,0.15,800,0.9,0.17316,0.33929,1,0.18004,0.99622,0.1291
001075_lcam_front_lidar.ply,0.15,800,0.9,0.14566,0.35528,1,0.19742,0.99601,0.13576
001076_lcam_front_lidar.ply,0.15,800,0.9,0.16593,0.34331,1,0.18672,0.99628,0.13285
001077_lcam_front_lidar.ply,0.15,800,0.9,0.15463,0.35078,1,0.19255,0.99632,0.13077
001078_lcam_front_lidar.ply,0.15,800,0.9,0.16195,0.34844,1,0.18522,0.9961,0.12252
001079_lcam_front_lidar.ply,0.15,800,0.9,0.1528,0.35601,1,0.18754,0.9965,0.11459
001080_lcam_front_lidar.ply,0.15,800,0.9,0.1761,0.34588,1,0.18583,0.9964,0.12465
001081_lcam_front_lidar.ply,0.15,800,0.9,0.15704,0.33924,1,0.17912,0.99642,0.12547
001082_lcam_front_lidar.ply,0.15,800,0.9,0.16236,0.34652,1,0.18302,0.99647,0.1218
001083_lcam_front_lidar.ply,0.15,800,0.9,0.14502,0.35089,1,0.1844,0.99652,0.1206
001084_lcam_front_lidar.ply,0.15,800,0.9,0.23881,0.34766,1,0.19133,0.9968,0.11874
001085_lcam_front_lidar.ply,0.15,800,0.9,0.23193,0.36065,1,0.2064,0.9969,0.11951
001086_lcam_front_lidar.ply,0.15,800,0.9,0.16261,0.36379,1,0.19764,0.99669,0.11463
001087_lcam_front_lidar.ply,0.15,800,0.9,0.1579,0.35706,1,0.19362,0.99643,0.12018
001088_lcam_front_lidar.ply,0.15,800,0.9,0.16111,0.3636,1,0.19659,0.99651,0.1142
001089_lcam_front_lidar.ply,0.15,800,0.9,0.19317,0.35951,1,0.1922,0.99653,0.10941
001090_lcam_front_lidar.ply,0.15,800,0.9,0.15479,0.36081,1,0.19566,0.9965,0.11801
001091_lcam_front_lidar.ply,0.15,800,0.9,0.1706,0.36459,1,0.19899,0.99654,0.1116
001092_lcam_front_lidar.ply,0.15,800,0.9,0.16064,0.37009,1,0.20509,0.99673,0.1166
001093_lcam_front_lidar.ply,0.15,800,0.9,0.14877,0.37038,1,0.20334,0.99671,0.11339
001094_lcam_front_lidar.ply,0.15,800,0.9,0.16011,0.38825,1,0.21922,0.99687,0.10912
001095_lcam_front_lidar.ply,0.15,800,0.9,0.17985,0.37694,1,0.21164,0.99678,0.11301
001096_lcam_front_lidar.ply,0.15,800,0.9,0.16116,0.37934,1,0.21165,0.9968,0.10919
001097_lcam_front_lidar.ply,0.15,800,0.9,0.15289,0.38049,1,0.2132,0.99693,0.11077
001098_lcam_front_lidar.ply,0.15,800,0.9,0.16755,0.3812,1,0.21356,0.99681,0.10927
001099_lcam_front_lidar.ply,0.15,800,0.9,0.12491,0.37845,1,0.20882,0.99693,0.11377
001100_lcam_front_lidar.ply,0.15,800,0.9,0.14118,0.37598,1,0.21011,0.99699,0.11553
001101_lcam_front_lidar.ply,0.15,800,0.9,0.18579,0.37345,1,0.20901,0.99695,0.11056
001102_lcam_front_lidar.ply,0.15,800,0.9,0.15292,0.37531,1,0.20199,0.99695,0.09914
001103_lcam_front_lidar.ply,0.15,800,0.9,0.16594,0.38558,1,0.21988,0.99713,0.11462
001104_lcam_front_lidar.ply,0.15,800,0.9,0.16012,0.38215,1,0.21342,0.99727,0.11163
001105_lcam_front_lidar.ply,0.15,800,0.9,0.1238,0.39048,1,0.22077,0.99699,0.10953
001106_lcam_front_lidar.ply,0.15,800,0.9,0.14275,0.39234,1,0.22543,0.99719,0.11468
001107_lcam_front_lidar.ply,0.15,800,0.9,0.15866,0.37921,1,0.20939,0.99739,0.10602
001108_lcam_front_lidar.ply,0.15,800,0.9,0.14186,0.37521,1,0.20832,0.99725,0.1108
001109_lcam_front_lidar.ply,0.15,800,0.9,0.14315,0.37636,1,0.21288,0.99739,0.11537
001110_lcam_front_lidar.ply,0.15,800,0.9,0.14565,0.38223,1,0.21799,0.99776,0.11822
001111_lcam_front_lidar.ply,0.15,800,0.9,0.14831,0.38064,1,0.21689,0.99769,0.11996
001112_lcam_front_lidar.ply,0.15,800,0.9,0.17051,0.37545,1,0.20856,0.9978,0.11565
001113_lcam_front_lidar.ply,0.15,800,0.9,0.13109,0.37212,1,0.20565,0.99803,0.1212
001114_lcam_front_lidar.ply,0.15,800,0.9,0.11969,0.3597,1,0.18871,0.99868,0.10827
001115_lcam_front_lidar.ply,0.15,800,0.9,0.17199,0.37059,1,0.20928,0.99843,0.11571
001116_lcam_front_lidar.ply,0.15,800,0.9,0.13173,0.3824,1,0.21577,0.9983,0.11839
001117_lcam_front_lidar.ply,0.15,800,0.9,0.15186,0.37453,1,0.21427,0.99846,0.12291
001118_lcam_front_lidar.ply,0.15,800,0.9,0.15928,0.38844,1,0.22697,0.99826,0.12333
001119_lcam_front_lidar.ply,0.15,800,0.9,0.14987,0.38618,1,0.22634,0.9984,0.1243
001120_lcam_front_lidar.ply,0.15,800,0.9,0.14816,0.38537,1,0.22162,0.99857,0.12232
001121_lcam_front_lidar.ply,0.15,800,0.9,0.1306,0.38861,1,0.22604,0.99854,0.12626
001122_lcam_front_lidar.ply,0.15,800,0.9,0.15056,0.39038,1,0.22861,0.99875,0.12703
001123_lcam_front_lidar.ply,0.15,800,0.9,0.15242,0.38394,1,0.22657,0.99869,0.12562
001124_lcam_front_lidar.ply,0.15,800,0.9,0.13379,0.38431,1,0.22182,0.99888,0.1284
001125_lcam_front_lidar.ply,0.15,800,0.9,0.16122,0.38456,1,0.22795,0.99889,0.13468
001126_lcam_front_lidar.ply,0.15,800,0.9,0.15264,0.37885,1,0.21719,0.99883,0.12285
001127_lcam_front_lidar.ply,0.15,800,0.9,0.1589,0.38136,1,0.2284,0.99914,0.13547
001128_lcam_front_lidar.ply,0.15,800,0.9,0.14231,0.37211,1,0.2131,0.9993,0.12852
001129_lcam_front_lidar.ply,0.15,800,0.9,0.16911,0.37382,1,0.22004,0.99944,0.13433
001130_lcam_front_lidar.ply,0.15,800,0.9,0.14157,0.37952,1,0.21807,0.99933,0.12603
001131_lcam_front_lidar.ply,0.15,800,0.9,0.16081,0.36707,1,0.20842,0.99931,0.12515
001132_lcam_front_lidar.ply,0.15,800,0.9,0.22912,0.36479,1,0.21148,0.99939,0.128
001133_lcam_front_lidar.ply,0.15,800,0.9,0.20939,0.35736,1,0.20162,0.99951,0.1218
001134_lcam_front_lidar.ply,0.15,800,0.9,0.13502,0.36995,1,0.20577,0.99951,0.122
001135_lcam_front_lidar.ply,0.15,800,0.9,0.15147,0.36418,1,0.20331,0.99946,0.12615
001136_lcam_front_lidar.ply,0.15,800,0.9,0.1676,0.36072,1,0.20298,0.99957,0.12529
001137_lcam_front_lidar.ply,0.15,800,0.9,0.14839,0.35086,1,0.19127,0.99955,0.12556
001138_lcam_front_lidar.ply,0.15,800,0.9,0.15003,0.36185,1,0.19997,0.99937,0.12218
001139_lcam_front_lidar.ply,0.15,800,0.9,0.15308,0.35069,1,0.19001,0.99963,0.11905
001140_lcam_front_lidar.ply,0.15,800,0.9,0.136,0.35906,1,0.19801,0.9997,0.12759
001141_lcam_front_lidar.ply,0.15,800,0.9,0.17156,0.35414,1,0.19843,0.99971,0.12987
001142_lcam_front_lidar.ply,0.15,800,0.9,0.14337,0.35674,1,0.19666,0.99972,0.13203
001143_lcam_front_lidar.ply,0.15,800,0.9,0.16982,0.34243,1,0.18401,0.99967,0.12307
001144_lcam_front_lidar.ply,0.15,800,0.9,0.14009,0.34174,1,0.18529,0.99973,0.13482
001145_lcam_front_lidar.ply,0.15,800,0.9,0.17166,0.32931,1,0.17187,0.99969,0.1256
001146_lcam_front_lidar.ply,0.15,800,0.9,0.14946,0.33719,1,0.17687,0.99982,0.12884
001147_lcam_front_lidar.ply,0.2,800,0.9,0.17495,0.34142,1,0.20719,0.99999,0.16914
001148_lcam_front_lidar.ply,0.15,800,0.9,0.1448,0.32606,1,0.16624,0.99985,0.1299
001149_lcam_front_lidar.ply,0.15,800,0.9,0.14624,0.3277,1,0.16767,0.99988,0.12909
001150_lcam_front_lidar.ply,0.15,800,0.9,0.13928,0.32791,1,0.16361,0.99976,0.11895
001151_lcam_front_lidar.ply,0.2,800,0.9,0.14525,0.33067,1,0.17791,0.99984,0.14329
001152_lcam_front_lidar.ply,0.2,800,0.9,0.14349,0.32809,1,0.1829,0.99994,0.15439
001153_lcam_front_lidar.ply,0.15,800,0.9,0.15897,0.30915,1,0.14113,0.9997,0.10702
001154_lcam_front_lidar.ply,0.2,800,0.9,0.14196,0.30634,1,0.16796,0.99988,0.17166
001155_lcam_front_lidar.ply,0.2,800,0.9,0.13517,0.30249,1,0.16664,0.99987,0.17365
001156_lcam_front_lidar.ply,0.2,800,0.9,0.14508,0.29469,1,0.15451,0.99993,0.1621
001157_lcam_front_lidar.ply,0.2,800,0.9,0.16737,0.2952,1,0.16832,0.99867,0.18717
001158_lcam_front_lidar.ply,0.2,800,0.9,0.13341,0.302,1,0.16347,0.99874,0.17496
001159_lcam_front_lidar.ply,0.2,800,0.9,0.17509,0.29284,1,0.15993,0.99945,0.17244
001160_lcam_front_lidar.ply,0.2,800,0.9,0.13242,0.30484,1,0.16615,0.99769,0.17619
001161_lcam_front_lidar.ply,0.2,800,0.9,0.17664,0.29296,1,0.16531,0.99848,0.17864
001162_lcam_front_lidar.ply,0.2,800,0.9,0.13886,0.29645,1,0.16677,0.9979,0.1861
001163_lcam_front_lidar.ply,0.2,800,0.9,0.14812,0.29059,1,0.16791,0.99792,0.19437
001164_lcam_front_lidar.ply,0.2,800,0.9,0.14092,0.29198,1,0.15894,0.99797,0.17963
001165_lcam_front_lidar.ply,0.2,800,0.9,0.16872,0.29256,1,0.1603,0.99751,0.17609
001166_lcam_front_lidar.ply,0.2,800,0.9,0.13309,0.28642,1,0.153,0.997,0.17638
001167_lcam_front_lidar.ply,0.2,800,0.9,0.1426,0.28374,1,0.15009,0.99705,0.17946
001168_lcam_front_lidar.ply,0.2,800,0.9,0.15426,0.28608,1,0.14604,0.99669,0.16468
001169_lcam_front_lidar.ply,0.2,800,0.9,0.14602,0.28289,1,0.14088,0.9963,0.15479
001170_lcam_front_lidar.ply,0.2,800,0.9,0.13972,0.2777,1,0.14566,0.99655,0.18155
001171_lcam_front_lidar.ply,0.2,800,0.9,0.15395,0.287,1,0.15103,0.99629,0.17003
001172_lcam_front_lidar.ply,0.2,800,0.9,0.1363,0.28335,1,0.14724,0.99648,0.17465
001173_lcam_front_lidar.ply,0.2,800,0.9,0.1466,0.28335,1,0.15011,0.99662,0.17849
001174_lcam_front_lidar.ply,0.2,800,0.9,0.14307,0.28062,1,0.14233,0.99452,0.16426
001175_lcam_front_lidar.ply,0.2,800,0.9,0.1455,0.27532,1,0.13958,0.99708,0.16781
001176_lcam_front_lidar.ply,0.2,800,0.9,0.13989,0.26978,1,0.14095,0.99634,0.18297
001177_lcam_front_lidar.ply,0.2,800,0.9,0.16094,0.27917,1,0.13701,0.99493,0.15618
001178_lcam_front_lidar.ply,0.2,800,0.9,0.12433,0.27516,1,0.12989,0.99562,0.15405
001179_lcam_front_lidar.ply,0.2,800,0.9,0.14636,0.28098,1,0.13692,0.995,0.15858
001180_lcam_front_lidar.ply,0.2,800,0.9,0.1431,0.28457,1,0.15015,0.99595,0.17348
001181_lcam_front_lidar.ply,0.2,800,0.9,0.13371,0.28304,1,0.14494,0.99617,0.1677
001182_lcam_front_lidar.ply,0.2,800,0.9,0.13716,0.29488,1,0.15469,0.99584,0.16382
001183_lcam_front_lidar.ply,0.2,800,0.9,0.12883,0.29052,1,0.15289,0.99502,0.16802
001184_lcam_front_lidar.ply,0.2,800,0.9,0.13928,0.28939,1,0.15439,0.99554,0.17649
001185_lcam_front_lidar.ply,0.2,800,0.9,0.20286,0.2797,1,0.15136,0.99549,0.16764
001186_lcam_front_lidar.ply,0.2,800,0.9,0.19378,0.28578,1,0.15537,0.9963,0.17293
001187_lcam_front_lidar.ply,0.2,800,0.9,0.12591,0.29401,1,0.15524,0.99619,0.16521
001188_lcam_front_lidar.ply,0.2,800,0.9,0.14515,0.291,1,0.15544,0.99643,0.16993
001189_lcam_front_lidar.ply,0.2,800,0.9,0.13012,0.29612,1,0.16252,0.99695,0.18234
001190_lcam_front_lidar.ply,0.2,800,0.9,0.1347,0.28887,1,0.15987,0.99604,0.18884
001191_lcam_front_lidar.ply,0.2,800,0.9,0.14428,0.27934,1,0.16051,0.99722,0.20025
001192_lcam_front_lidar.ply,0.2,800,0.9,0.15206,0.29184,1,0.16713,0.99781,0.1895
001193_lcam_front_lidar.ply,0.2,800,0.9,0.13275,0.29572,1,0.15868,0.99783,0.16964
001194_lcam_front_lidar.ply,0.2,800,0.9,0.16416,0.29077,1,0.15499,0.99826,0.17288
001195_lcam_front_lidar.ply,0.2,800,0.9,0.13322,0.29336,1,0.15991,0.99773,0.17801
001196_lcam_front_lidar.ply,0.2,800,0.9,0.19174,0.2955,1,0.16779,0.99829,0.17805
001197_lcam_front_lidar.ply,0.2,800,0.9,0.13523,0.29474,1,0.16023,0.99834,0.17322
001198_lcam_front_lidar.ply,0.2,800,0.9,0.15653,0.31101,1,0.17057,0.99891,0.16276
001199_lcam_front_lidar.ply,0.2,800,0.9,0.13334,0.31372,1,0.17203,0.9987,0.16478
001200_lcam_front_lidar.ply,0.2,800,0.9,0.14445,0.31121,1,0.17137,0.99899,0.16137
001201_lcam_front_lidar.ply,0.2,800,0.9,0.15079,0.31632,1,0.17584,0.9994,0.16263
001202_lcam_front_lidar.ply,0.2,800,0.9,0.15743,0.31785,1,0.1795,0.99949,0.16488
001203_lcam_front_lidar.ply,0.2,800,0.9,0.14069,0.30852,1,0.17211,0.99898,0.1701
001204_lcam_front_lidar.ply,0.2,800,0.9,0.14175,0.31667,1,0.18457,0.99949,0.17826
001205_lcam_front_lidar.ply,0.2,800,0.9,0.13276,0.31896,1,0.18847,0.99917,0.18561
001206_lcam_front_lidar.ply,0.2,800,0.9,0.13726,0.33419,1,0.18905,0.99934,0.15543
001207_lcam_front_lidar.ply,0.2,800,0.9,0.15547,0.33021,1,0.19318,0.99963,0.16454
001208_lcam_front_lidar.ply,0.2,800,0.9,0.14698,0.32917,1,0.186,0.9993,0.15387
001209_lcam_front_lidar.ply,0.2,800,0.9,0.15641,0.33944,1,0.19417,0.9997,0.15341
001210_lcam_front_lidar.ply,0.2,800,0.9,0.14213,0.3533,1,0.2051,0.99966,0.15018
001211_lcam_front_lidar.ply,0.2,800,0.9,0.11261,0.35212,1,0.1993,0.99971,0.15016
001212_lcam_front_lidar.ply,0.2,800,0.9,0.13781,0.37177,1,0.21396,0.99969,0.13621
001213_lcam_front_lidar.ply,0.2,800,0.9,0.1376,0.37743,1,0.22041,0.99971,0.13313
001214_lcam_front_lidar.ply,0.2,800,0.9,0.16372,0.37168,1,0.21478,0.99972,0.13241
001215_lcam_front_lidar.ply,0.2,800,0.9,0.14271,0.37928,1,0.22015,0.99964,0.13114
001216_lcam_front_lidar.ply,0.2,800,0.9,0.16086,0.37879,1,0.21693,0.99965,0.12184
001217_lcam_front_lidar.ply,0.2,800,0.9,0.13851,0.37233,1,0.20137,0.99967,0.11014
001218_lcam_front_lidar.ply,0.2,800,0.9,0.15416,0.38526,1,0.21573,0.99955,0.11129
001219_lcam_front_lidar.ply,0.2,800,0.9,0.1371,0.38522,1,0.21563,0.99958,0.11104
001220_lcam_front_lidar.ply,0.2,800,0.9,0.151,0.38203,1,0.21184,0.99953,0.11076
001221_lcam_front_lidar.ply,0.2,800,0.9,0.13763,0.37721,1,0.20752,0.99952,0.1114
001222_lcam_front_lidar.ply,0.2,800,0.9,0.15347,0.39399,1,0.22844,0.99949,0.11483
001223_lcam_front_lidar.ply,0.2,800,0.9,0.11801,0.3908,1,0.21664,0.99937,0.10866
001224_lcam_front_lidar.ply,0.2,800,0.9,0.1479,0.37922,1,0.20598,0.99929,0.10847
001225_lcam_front_lidar.ply,0.2,800,0.9,0.13793,0.381,1,0.21775,0.9994,0.12625
001226_lcam_front_lidar.ply,0.2,800,0.9,0.17707,0.37556,1,0.21301,0.99924,0.12403
001227_lcam_front_lidar.ply,0.2,800,0.9,0.14695,0.39064,1,0.22846,0.99918,0.12502
001228_lcam_front_lidar.ply,0.2,800,0.9,0.14787,0.38891,1,0.21735,0.99922,0.11171
001229_lcam_front_lidar.ply,0.2,800,0.9,0.14314,0.38086,1,0.21398,0.99918,0.11561
001230_lcam_front_lidar.ply,0.2,800,0.9,0.16274,0.37437,1,0.21494,0.99928,0.12733
001231_lcam_front_lidar.ply,0.2,800,0.9,0.15856,0.3675,1,0.20707,0.99914,0.12237
001232_lcam_front_lidar.ply,0.2,800,0.9,0.16942,0.37088,1,0.21135,0.99925,0.12772
001233_lcam_front_lidar.ply,0.2,800,0.9,0.13076,0.37283,1,0.21557,0.99909,0.13624
001234_lcam_front_lidar.ply,0.2,800,0.9,0.13504,0.36349,1,0.20345,0.99879,0.13234
001235_lcam_front_lidar.ply,0.2,800,0.9,0.13083,0.36474,1,0.20316,0.99889,0.12859
001236_lcam_front_lidar.ply,0.2,800,0.9,0.20087,0.348,1,0.20189,0.99862,0.14392
001237_lcam_front_lidar.ply,0.2,800,0.9,0.15173,0.34441,1,0.17024,0.99889,0.10272
001238_lcam_front_lidar.ply,0.2,800,0.9,0.14914,0.35054,1,0.20167,0.99873,0.15151
001239_lcam_front_lidar.ply,0.2,800,0.9,0.15039,0.3438,1,0.18726,0.99881,0.1372
001240_lcam_front_lidar.ply,0.2,800,0.9,0.13522,0.34698,1,0.19224,0.99871,0.14266
001241_lcam_front_lidar.ply,0.2,800,0.9,0.12919,0.34586,1,0.20217,0.99867,0.17072
001242_lcam_front_lidar.ply,0.2,800,0.9,0.12412,0.3483,1,0.20974,0.99785,0.17876
001243_lcam_front_lidar.ply,0.2,800,0.9,0.134,0.34491,1,0.20075,0.9979,0.16647
001244_lcam_front_lidar.ply,0.2,800,0.9,0.12837,0.35293,1,0.21679,0.99728,0.18473
001245_lcam_front_lidar.ply,0.2,800,0.9,0.13872,0.36538,1,0.22427,0.99692,0.17456
001246_lcam_front_lidar.ply,0.2,800,0.9,0.13092,0.35793,1,0.21936,0.99674,0.1787
001247_lcam_front_lidar.ply,0.2,800,0.9,0.15541,0.35934,1,0.2293,0.99724,0.19056
001248_lcam_front_lidar.ply,0.2,800,0.9,0.13913,0.36456,1,0.23523,0.99642,0.18861
001249_lcam_front_lidar.ply,0.2,800,0.9,0.17505,0.32254,1,0.20572,0.99032,0.21436
001250_lcam_front_lidar.ply,0.2,800,0.9,0.11668,0.37736,1,0.24994,0.99621,0.20413
001251_lcam_front_lidar.ply,0.2,800,0.9,0.1628,0.36085,1,0.23618,0.99647,0.19606
001252_lcam_front_lidar.ply,0.2,800,0.9,0.15181,0.31698,1,0.19654,0.99028,0.21005
001253_lcam_front_lidar.ply,0.2,800,0.9,0.15379,0.27953,1,0.14538,0.984,0.18111
001254_lcam_front_lidar.ply,0.2,800,0.9,0.13992,0.32147,1,0.20377,0.99584,0.22085
001255_lcam_front_lidar.ply,0.2,800,0.9,0.18562,0.24195,1,0.09451,0.9818,0.15412
001256_lcam_front_lidar.ply,0.2,800,0.9,0.17164,0.24225,1,0.09257,0.9749,0.14786
001257_lcam_front_lidar.ply,0.2,800,0.9,0.16422,0.22965,1,0.051,0.97889,0.09314
001258_lcam_front_lidar.ply,0.2,800,0.9,0.15319,0.22872,1,0.05073,0.98253,0.09726
001259_lcam_front_lidar.ply,0.2,800,0.9,0.24025,0.22389,1,0.06337,0.97406,0.1102
001260_lcam_front_lidar.ply,0.2,800,0.9,0.23221,0.25163,1,0.11754,0.98252,0.16703
001261_lcam_front_lidar.ply,0.2,800,0.9,0.16852,0.23118,1,0.06469,0.9684,0.11503
001262_lcam_front_lidar.ply,0.2,800,0.9,0.15761,0.2377,1,0.06695,0.96742,0.10911
001263_lcam_front_lidar.ply,0.2,800,0.9,0.14006,0.24067,1,0.06902,0.96686,0.1082
001264_lcam_front_lidar.ply,0.2,800,0.9,0.14007,0.24005,1,0.06916,0.96647,0.10769
001265_lcam_front_lidar.ply,0.2,800,0.9,0.13267,0.24385,1,0.06834,0.97141,0.10224
001266_lcam_front_lidar.ply,0.2,800,0.9,0.16627,0.24737,1,0.06779,0.97619,0.08945
001267_lcam_front_lidar.ply,0.2,800,0.9,0.16407,0.25803,1,0.13841,0.99632,0.21099
001268_lcam_front_lidar.ply,0.2,800,0.9,0.16771,0.23411,1,0.05277,0.98168,0.08191
001269_lcam_front_lidar.ply,0.2,800,0.9,0.14189,0.2396,1,0.05312,0.97996,0.07792
001270_lcam_front_lidar.ply,0.2,800,0.9,0.14846,0.23619,1,0.05392,0.9837,0.08978
001271_lcam_front_lidar.ply,0.2,800,0.9,0.14162,0.23432,1,0.05408,0.98392,0.09266
001272_lcam_front_lidar.ply,0.2,800,0.9,0.13881,0.23609,1,0.05525,0.98496,0.09179
001273_lcam_front_lidar.ply,0.2,800,0.9,0.13186,0.24062,1,0.06368,0.9838,0.0996
001274_lcam_front_lidar.ply,0.2,800,0.9,0.13499,0.22908,1,0.04934,0.98409,0.09182
001275_lcam_front_lidar.ply,0.2,800,0.9,0.14482,0.23203,1,0.05356,0.98688,0.09418
001276_lcam_front_lidar.ply,0.2,800,0.9,0.11972,0.2272,1,0.05711,0.98863,0.11165
001277_lcam_front_lidar.ply,0.2,800,0.9,0.13395,0.2267,1,0.0533,0.98902,0.10463
001278_lcam_front_lidar.ply,0.2,800,0.9,0.09551,0.27947,1,0.14395,0.99538,0.18627
001279_lcam_front_lidar.ply,0.2,800,0.9,0.09127,0.27993,1,0.11484,0.99249,0.13001
001280_lcam_front_lidar.ply,0.2,800,0.9,0.12747,0.22094,1,0.05113,0.98913,0.114
001281_lcam_front_lidar.ply,0.2,800,0.9,0.12727,0.24701,1,0.09486,0.99339,0.14766
001282_lcam_front_lidar.ply,0.2,800,0.9,0.13598,0.23336,1,0.09299,0.99427,0.17216
001283_lcam_front_lidar.ply,0.2,800,0.9,0.12373,0.20993,1,0.02283,0.99587,0.0799
001284_lcam_front_lidar.ply,0.2,800,0.9,0.13141,0.23228,1,0.08288,0.99333,0.1512
001285_lcam_front_lidar.ply,0.2,800,0.9,0.08295,0.25155,1,0.09399,0.99395,0.14283
001286_lcam_front_lidar.ply,0.2,800,0.9,0.09147,0.22591,1,0.06572,0.99246,0.13739
001287_lcam_front_lidar.ply,0.2,800,0.9,0.12777,0.20981,1,0.06377,0.99154,0.15947
001288_lcam_front_lidar.ply,0.2,800,0.9,0.13925,0.22872,1,0.1049,0.99944,0.20461
001289_lcam_front_lidar.ply,0.2,800,0.9,0.14471,0.2362,1,0.10396,0.99882,0.18065
001290_lcam_front_lidar.ply,0.2,800,0.9,0.11023,0.24467,1,0.10624,0.99895,0.18141
001291_lcam_front_lidar.ply,0.2,800,0.9,0.11393,0.24509,1,0.10337,0.99927,0.17396
001292_lcam_front_lidar.ply,0.2,800,0.9,0.13361,0.23442,1,0.09912,0.99906,0.17995
001293_lcam_front_lidar.ply,0.2,800,0.9,0.14022,0.2258,1,0.09471,0.99928,0.18444
001294_lcam_front_lidar.ply,0.2,800,0.9,0.11622,0.22432,1,0.09749,0.99694,0.1985
001295_lcam_front_lidar.ply,0.2,800,0.9,0.11888,0.22149,1,0.0933,0.99891,0.19031
001296_lcam_front_lidar.ply,0.2,800,0.9,0.12235,0.22123,1,0.09321,0.9987,0.19669
001297_lcam_front_lidar.ply,0.2,800,0.9,0.11493,0.23444,1,0.10195,0.999,0.19059
001298_lcam_front_lidar.ply,0.2,800,0.9,0.11993,0.22995,1,0.10091,0.99899,0.1922
001299_lcam_front_lidar.ply,0.2,800,0.9,0.13757,0.22987,1,0.09735,0.9995,0.18553
001300_lcam_front_lidar.ply,0.2,800,0.9,0.13796,0.23569,1,0.10721,0.99941,0.19618
001301_lcam_front_lidar.ply,0.2,800,0.9,0.12605,0.2239,1,0.09041,0.99931,0.1921
001302_lcam_front_lidar.ply,0.2,800,0.9,0.12162,0.23664,1,0.09993,0.99963,0.18563
001303_lcam_front_lidar.ply,0.2,800,0.9,0.13094,0.23377,1,0.09976,0.99958,0.18551
001304_lcam_front_lidar.ply,0.2,800,0.9,0.15574,0.22605,1,0.09725,0.99925,0.18682
001305_lcam_front_lidar.ply,0.2,800,0.9,0.12308,0.238,1,0.10449,0.9997,0.18608
001306_lcam_front_lidar.ply,0.2,800,0.9,0.10511,0.24836,1,0.11773,0.99937,0.19466
001307_lcam_front_lidar.ply,0.2,800,0.9,0.11802,0.25651,1,0.12671,0.99871,0.19917
001308_lcam_front_lidar.ply,0.2,800,0.9,0.12469,0.25661,1,0.11845,0.99966,0.17655
001309_lcam_front_lidar.ply,0.2,800,0.9,0.14123,0.2503,1,0.11359,0.99973,0.17481
001310_lcam_front_lidar.ply,0.2,800,0.9,0.13478,0.26348,1,0.12926,0.99985,0.181
001311_lcam_front_lidar.ply,0.2,800,0.9,0.14128,0.26798,1,0.13432,0.9999,0.18424
001312_lcam_front_lidar.ply,0.2,800,0.9,0.12797,0.27362,1,0.13667,0.99985,0.18098
001313_lcam_front_lidar.ply,0.2,800,0.9,0.15255,0.28272,1,0.13608,0.99993,0.15326
001314_lcam_front_lidar.ply,0.2,800,0.9,0.14098,0.29023,1,0.14738,0.99986,0.16616
001315_lcam_front_lidar.ply,0.2,800,0.9,0.16187,0.28692,1,0.14034,0.99975,0.15428
001316_lcam_front_lidar.ply,0.2,800,0.9,0.13114,0.30171,1,0.16035,0.99984,0.17071
001317_lcam_front_lidar.ply,0.2,800,0.9,0.16231,0.20725,1,0.04327,0.98503,0.12288
001318_lcam_front_lidar.ply,0.2,800,0.9,0.1294,0.29713,1,0.14308,0.99972,0.14649
001319_lcam_front_lidar.ply,0.2,800,0.9,0.13438,0.22856,1,0.02636,0.92251,0.04652
001320_lcam_front_lidar.ply,0.2,800,0.9,0.12821,0.27894,1,0.12836,0.9994,0.15432
001321_lcam_front_lidar.ply,0.2,800,0.9,0.16809,0.21312,1,0.07789,0.99487,0.17489
001322_lcam_front_lidar.ply,0.2,800,0.9,0.15049,0.27088,1,0.12827,0.9993,0.1659
001323_lcam_front_lidar.ply,0.2,800,0.9,0.15801,0.2689,1,0.12734,0.99901,0.16899
001324_lcam_front_lidar.ply,0.2,800,0.9,0.17351,0.22761,1,0.0911,0.99838,0.17118
001325_lcam_front_lidar.ply,0.2,800,0.9,0.152,0.23857,1,0.07691,0.99595,0.13102
001326_lcam_front_lidar.ply,0.2,800,0.9,0.13432,0.28997,1,0.15159,0.99893,0.18016
001327_lcam_front_lidar.ply,0.2,800,0.9,0.15443,0.28716,1,0.15154,0.99922,0.17905
001328_lcam_front_lidar.ply,0.2,800,0.9,0.1402,0.29133,1,0.14886,0.99984,0.16911
001329_lcam_front_lidar.ply,0.2,800,0.9,0.15567,0.29002,1,0.15776,0.99931,0.18726
001330_lcam_front_lidar.ply,0.2,800,0.9,0.14932,0.28724,1,0.15478,0.9997,0.18397
001331_lcam_front_lidar.ply,0.2,800,0.9,0.15029,0.2776,1,0.14581,0.99988,0.1878
001332_lcam_front_lidar.ply,0.2,800,0.9,0.15285,0.26899,1,0.1261,0.99631,0.16399
001333_lcam_front_lidar.ply,0.2,800,0.9,0.13318,0.27599,1,0.14785,0.99858,0.20169
001334_lcam_front_lidar.ply,0.2,800,0.9,0.20538,0.28106,1,0.16115,0.99975,0.2049
001335_lcam_front_lidar.ply,0.2,800,0.9,0.19923,0.27579,1,0.14997,0.99873,0.19037
001336_lcam_front_lidar.ply,0.2,800,0.9,0.15135,0.28659,1,0.14152,0.99637,0.16308
001337_lcam_front_lidar.ply,0.2,800,0.9,0.15185,0.29858,1,0.15731,0.99599,0.1692
001338_lcam_front_lidar.ply,0.2,800,0.9,0.14074,0.29648,1,0.1577,0.99647,0.17569
001339_lcam_front_lidar.ply,0.2,800,0.9,0.12755,0.21026,1,0.06802,0.99856,0.1709
001340_lcam_front_lidar.ply,0.2,800,0.9,0.16241,0.27672,1,0.1334,0.9902,0.1606
001341_lcam_front_lidar.ply,0.2,800,0.9,0.14208,0.31083,1,0.17867,0.99752,0.18763
001342_lcam_front_lidar.ply,0.2,800,0.9,0.14509,0.30027,1,0.16844,0.99677,0.18847
001343_lcam_front_lidar.ply,0.2,800,0.9,0.1428,0.30827,1,0.17811,0.99656,0.19264
001344_lcam_front_lidar.ply,0.2,800,0.9,0.14771,0.2689,1,0.13744,0.99616,0.18709
001345_lcam_front_lidar.ply,0.2,800,0.9,0.12644,0.30932,1,0.17211,0.99667,0.18319
001346_lcam_front_lidar.ply,0.2,800,0.9,0.12856,0.3257,1,0.18397,0.99673,0.16972
001347_lcam_front_lidar.ply,0.2,800,0.9,0.14741,0.32489,1,0.1859,0.9963,0.17264
001348_lcam_front_lidar.ply,0.2,800,0.9,0.14075,0.32594,1,0.18394,0.99603,0.16531
001349_lcam_front_lidar.ply,0.2,800,0.9,0.15869,0.31956,1,0.17546,0.99601,0.16247
001350_lcam_front_lidar.ply,0.2,800,0.9,0.15054,0.31924,1,0.17837,0.99596,0.16569
001351_lcam_front_lidar.ply,0.2,800,0.9,0.13673,0.32916,1,0.18185,0.9962,0.16081
001352_lcam_front_lidar.ply,0.2,800,0.9,0.1353,0.33724,1,0.19194,0.99547,0.16506
001353_lcam_front_lidar.ply,0.2,800,0.9,0.13443,0.32914,1,0.18621,0.99574,0.16874
001354_lcam_front_lidar.ply,0.2,800,0.9,0.13997,0.33016,1,0.18623,0.99564,0.17167
001355_lcam_front_lidar.ply,0.2,800,0.9,0.13634,0.3249,1,0.18286,0.996,0.17108
001356_lcam_front_lidar.ply,0.2,800,0.9,0.15529,0.31979,1,0.18266,0.99596,0.17542
001357_lcam_front_lidar.ply,0.2,800,0.9,0.1299,0.30379,1,0.16076,0.99648,0.16485
001358_lcam_front_lidar.ply,0.2,800,0.9,0.15108,0.32693,1,0.18532,0.9959,0.16648
001359_lcam_front_lidar.ply,0.2,800,0.9,0.15526,0.31443,1,0.17733,0.99519,0.17436
001360_lcam_front_lidar.ply,0.2,800,0.9,0.14707,0.30609,1,0.16885,0.99551,0.17731
001361_lcam_front_lidar.ply,0.2,800,0.9,0.13184,0.30058,1,0.15918,0.99198,0.17641
001362_lcam_front_lidar.ply,0.2,800,0.9,0.14355,0.30149,1,0.16387,0.99338,0.17888
001363_lcam_front_lidar.ply,0.2,800,0.9,0.13678,0.29748,1,0.16732,0.99319,0.19611
001364_lcam_front_lidar.ply,0.2,800,0.9,0.15385,0.27434,1,0.14017,0.97961,0.18123
001365_lcam_front_lidar.ply,0.2,800,0.9,0.13384,0.27052,1,0.13928,0.98434,0.19426
001366_lcam_front_lidar.ply,0.2,800,0.9,0.16384,0.2668,1,0.13801,0.98053,0.19124
001367_lcam_front_lidar.ply,0.2,800,0.9,0.14803,0.26622,1,0.12724,0.9771,0.17452
001368_lcam_front_lidar.ply,0.2,800,0.9,0.18022,0.26632,1,0.12386,0.97559,0.16303
001369_lcam_front_lidar.ply,0.2,800,0.9,0.16048,0.27421,1,0.13962,0.97823,0.17619
001370_lcam_front_lidar.ply,0.2,800,0.9,0.15171,0.27462,1,0.1309,0.97566,0.15871
001371_lcam_front_lidar.ply,0.2,800,0.9,0.14366,0.27358,1,0.12524,0.97197,0.15293
001372_lcam_front_lidar.ply,0.2,800,0.9,0.1549,0.26528,1,0.13158,0.97861,0.17882
001373_lcam_front_lidar.ply,0.2,800,0.9,0.18854,0.26701,1,0.13471,0.9731,0.1741
001374_lcam_front_lidar.ply,0.2,800,0.9,0.23534,0.27641,1,0.1283,0.97113,0.13861
001375_lcam_front_lidar.ply,0.2,800,0.9,0.14094,0.29282,1,0.14174,0.95215,0.14515
001376_lcam_front_lidar.ply,0.2,800,0.9,0.12944,0.31001,1,0.14679,0.95586,0.12831
001377_lcam_front_lidar.ply,0.2,800,0.9,0.15522,0.30271,1,0.14587,0.94689,0.13656
001378_lcam_front_lidar.ply,0.15,800,0.9,0.14022,0.29666,1,0.11528,0.95951,0.08914
001379_lcam_front_lidar.ply,0.15,800,0.9,0.14264,0.29338,1,0.10709,0.95353,0.07895
001380_lcam_front_lidar.ply,0.15,800,0.9,0.12945,0.30176,1,0.12615,0.9426,0.10231
001381_lcam_front_lidar.ply,0.15,800,0.9,0.12745,0.3052,1,0.12897,0.94617,0.10611
001382_lcam_front_lidar.ply,0.15,800,0.9,0.1259,0.3025,1,0.12926,0.94237,0.10302
001383_lcam_front_lidar.ply,0.15,800,0.9,0.12511,0.29852,1,0.12754,0.9426,0.11043
001384_lcam_front_lidar.ply,0.15,800,0.9,0.14123,0.29789,1,0.12976,0.94461,0.11267
001385_lcam_front_lidar.ply,0.15,800,0.9,0.14222,0.30495,1,0.13961,0.94144,0.1211
001386_lcam_front_lidar.ply,0.15,800,0.9,0.1496,0.31956,1,0.15228,0.93296,0.11264
001387_lcam_front_lidar.ply,0.15,800,0.9,0.14164,0.32059,1,0.15058,0.93265,0.11072
001388_lcam_front_lidar.ply,0.15,800,0.9,0.13862,0.32517,1,0.1502,0.92969,0.10458
001389_lcam_front_lidar.ply,0.15,800,0.9,0.12604,0.3316,1,0.15602,0.93128,0.1045
001390_lcam_front_lidar.ply,0.15,800,0.9,0.12521,0.33686,1,0.16477,0.92985,0.11064
001391_lcam_front_lidar.ply,0.15,800,0.9,0.11974,0.33709,1,0.1639,0.92524,0.10993
001392_lcam_front_lidar.ply,0.15,800,0.9,0.12184,0.32751,1,0.15253,0.92461,0.10375
001393_lcam_front_lidar.ply,0.15,800,0.9,0.11841,0.32924,1,0.15519,0.92363,0.10799
001394_lcam_front_lidar.ply,0.15,800,0.9,0.1364,0.32464,1,0.15233,0.92301,0.10424
001395_lcam_front_lidar.ply,0.15,800,0.9,0.1378,0.32849,1,0.15415,0.92399,0.10127
001396_lcam_front_lidar.ply,0.15,800,0.9,0.12976,0.32699,1,0.15793,0.92446,0.10781
001397_lcam_front_lidar.ply,0.15,800,0.9,0.13051,0.32569,1,0.15696,0.92714,0.11104
001398_lcam_front_lidar.ply,0.15,800,0.9,0.14284,0.31661,1,0.15131,0.92387,0.11235
001399_lcam_front_lidar.ply,0.15,800,0.9,0.14374,0.30853,1,0.14534,0.92531,0.11487
001400_lcam_front_lidar.ply,0.15,800,0.9,0.11903,0.29874,1,0.13608,0.92746,0.1135
001401_lcam_front_lidar.ply,0.15,800,0.9,0.12204,0.30098,1,0.13431,0.93095,0.11173
001402_lcam_front_lidar.ply,0.15,800,0.9,0.12179,0.29363,1,0.12876,0.93375,0.10794
001403_lcam_front_lidar.ply,0.15,800,0.9,0.13027,0.2902,1,0.12716,0.93445,0.11203
001404_lcam_front_lidar.ply,0.15,800,0.9,0.13346,0.28774,1,0.12347,0.93487,0.11082
001405_lcam_front_lidar.ply,0.15,800,0.9,0.15568,0.27709,1,0.11401,0.93974,0.10975
001406_lcam_front_lidar.ply,0.15,800,0.9,0.14324,0.27617,1,0.11285,0.9371,0.11346
001407_lcam_front_lidar.ply,0.2,800,0.9,0.14065,0.26316,1,0.11202,0.93701,0.13175
001408_lcam_front_lidar.ply,0.15,800,0.9,0.14863,0.26308,1,0.10294,0.93403,0.11269
001409_lcam_front_lidar.ply,0.2,800,0.9,0.1926,0.25565,1,0.10661,0.93761,0.1259
001410_lcam_front_lidar.ply,0.2,800,0.9,0.155,0.26249,1,0.11348,0.93482,0.13742
001411_lcam_front_lidar.ply,0.2,800,0.9,0.10796,0.25704,1,0.10578,0.93622,0.14333
001412_lcam_front_lidar.ply,0.2,800,0.9,0.11187,0.25816,1,0.1101,0.93761,0.14374
001413_lcam_front_lidar.ply,0.2,800,0.9,0.12789,0.25628,1,0.10623,0.9376,0.14273
001414_lcam_front_lidar.ply,0.2,800,0.9,0.12162,0.25229,1,0.1024,0.93656,0.14668
001415_lcam_front_lidar.ply,0.2,800,0.9,0.12575,0.24654,1,0.09595,0.93467,0.1419
001416_lcam_front_lidar.ply,0.2,800,0.9,0.10776,0.24693,1,0.093,0.93513,0.13823
001417_lcam_front_lidar.ply,0.2,800,0.9,0.10662,0.2432,1,0.08652,0.93493,0.13096
001418_lcam_front_lidar.ply,0.2,800,0.9,0.10694,0.24558,1,0.08946,0.93748,0.13804
001419_lcam_front_lidar.ply,0.2,800,0.9,0.09864,0.24288,1,0.09305,0.93722,0.15469
001420_lcam_front_lidar.ply,0.2,800,0.9,0.10175,0.22643,1,0.09272,0.93367,0.18088
001421_lcam_front_lidar.ply,0.2,800,0.9,0.08404,0.23296,1,0.0799,0.93412,0.14581
001422_lcam_front_lidar.ply,0.2,800,0.9,0.10348,0.23137,1,0.07713,0.93259,0.14535
001423_lcam_front_lidar.ply,0.2,800,0.9,0.10143,0.22288,1,0.07238,0.93306,0.14645
001424_lcam_front_lidar.ply,0.2,800,0.9,0.09499,0.23676,1,0.07915,0.9339,0.13666
001425_lcam_front_lidar.ply,0.2,800,0.9,0.08326,0.22234,1,0.09184,0.94354,0.1901
001426_lcam_front_lidar.ply,0.2,800,0.9,0.08092,0.2285,1,0.08228,0.9464,0.16352
001427_lcam_front_lidar.ply,0.2,800,0.9,0.08251,0.2655,1,0.11926,0.94703,0.16209
001428_lcam_front_lidar.ply,0.2,800,0.9,0.09615,0.27104,1,0.12576,0.94714,0.15927
001429_lcam_front_lidar.ply,0.2,800,0.9,0.09931,0.28978,1,0.15035,0.95051,0.17207
001430_lcam_front_lidar.ply,0.2,800,0.9,0.09184,0.30039,1,0.16014,0.94758,0.1764
001431_lcam_front_lidar.ply,0.2,800,0.9,0.08105,0.31783,1,0.17829,0.94873,0.18244
001432_lcam_front_lidar.ply,0.2,800,0.9,0.07324,0.30706,1,0.16592,0.94824,0.17293
001433_lcam_front_lidar.ply,0.2,800,0.9,0.0836,0.29542,1,0.15385,0.94985,0.17474
001434_lcam_front_lidar.ply,0.2,800,0.9,0.09707,0.27966,1,0.13529,0.94735,0.1663
001435_lcam_front_lidar.ply,0.2,800,0.9,0.08158,0.26368,1,0.12128,0.94571,0.16904
001436_lcam_front_lidar.ply,0.2,800,0.9,0.08343,0.24173,1,0.08848,0.93834,0.14273
001437_lcam_front_lidar.ply,0.2,800,0.9,0.07762,0.24299,1,0.08181,0.93598,0.1312
001438_lcam_front_lidar.ply,0.2,800,0.9,0.0931,0.23947,1,0.08186,0.9339,0.13244
001439_lcam_front_lidar.ply,0.2,800,0.9,0.10901,0.22348,1,0.07302,0.93695,0.15332
001440_lcam_front_lidar.ply,0.2,800,0.9,0.09562,0.23238,1,0.07786,0.93456,0.14291
001441_lcam_front_lidar.ply,0.2,800,0.9,0.09997,0.23185,1,0.08393,0.93725,0.15667
001442_lcam_front_lidar.ply,0.2,800,0.9,0.09841,0.23001,1,0.0836,0.93475,0.16097
001443_lcam_front_lidar.ply,0.2,800,0.9,0.09555,0.23568,1,0.08758,0.93607,0.15278
001444_lcam_front_lidar.ply,0.2,800,0.9,0.11008,0.24467,1,0.09097,0.93618,0.14138
001445_lcam_front_lidar.ply,0.2,800,0.9,0.094,0.24249,1,0.08585,0.93681,0.13098
001446_lcam_front_lidar.ply,0.2,800,0.9,0.09514,0.25168,1,0.09241,0.93344,0.12773
001447_lcam_front_lidar.ply,0.2,800,0.9,0.11192,0.24793,1,0.09294,0.93488,0.13093
001448_lcam_front_lidar.ply,0.2,800,0.9,0.11064,0.24807,1,0.09252,0.93424,0.13172
001449_lcam_front_lidar.ply,0.2,800,0.9,0.11931,0.24702,1,0.09724,0.93569,0.13998
001450_lcam_front_lidar.ply,0.2,800,0.9,0.12711,0.25467,1,0.10053,0.93466,0.13287
001451_lcam_front_lidar.ply,0.2,800,0.9,0.12523,0.25667,1,0.10572,0.93527,0.13581
001452_lcam_front_lidar.ply,0.2,800,0.9,0.13705,0.25739,1,0.10165,0.93877,0.13464
001453_lcam_front_lidar.ply,0.2,800,0.9,0.13348,0.25951,1,0.10609,0.9353,0.12936
001454_lcam_front_lidar.ply,0.2,800,0.9,0.12661,0.25651,1,0.10367,0.9364,0.13317
001455_lcam_front_lidar.ply,0.2,800,0.9,0.12095,0.26651,1,0.1075,0.93692,0.12528
001456_lcam_front_lidar.ply,0.2,800,0.9,0.14166,0.25961,1,0.10699,0.93583,0.12764
001457_lcam_front_lidar.ply,0.2,800,0.9,0.11764,0.26806,1,0.11205,0.93842,0.12482
001458_lcam_front_lidar.ply,0.2,800,0.9,0.13072,0.2644,1,0.10631,0.93844,0.12174
001459_lcam_front_lidar.ply,0.2,800,0.9,0.1313,0.26821,1,0.10798,0.93892,0.1204
001460_lcam_front_lidar.ply,0.2,800,0.9,0.14182,0.26651,1,0.10884,0.93855,0.11949
001461_lcam_front_lidar.ply,0.2,800,0.9,0.1454,0.26865,1,0.11361,0.93778,0.12452
001462_lcam_front_lidar.ply,0.2,800,0.9,0.13554,0.27566,1,0.12122,0.93315,0.13025
001463_lcam_front_lidar.ply,0.2,800,0.9,0.15841,0.2752,1,0.12664,0.9307,0.13788
001464_lcam_front_lidar.ply,0.2,800,0.9,0.15523,0.27941,1,0.12963,0.92928,0.14114
001465_lcam_front_lidar.ply,0.2,800,0.9,0.13289,0.28088,1,0.12908,0.92972,0.13666
001466_lcam_front_lidar.ply,0.2,800,0.9,0.14372,0.27631,1,0.12922,0.93043,0.14362
001467_lcam_front_lidar.ply,0.2,800,0.9,0.12355,0.28281,1,0.12873,0.93095,0.13723
001468_lcam_front_lidar.ply,0.2,800,0.9,0.1259,0.28094,1,0.12709,0.93049,0.13513
001469_lcam_front_lidar.ply,0.2,800,0.9,0.13969,0.28484,1,0.12618,0.93096,0.12883
001470_lcam_front_lidar.ply,0.2,800,0.9,0.15436,0.27859,1,0.12565,0.9312,0.13156
001471_lcam_front_lidar.ply,0.2,800,0.9,0.13608,0.28969,1,0.13049,0.93129,0.12379
001472_lcam_front_lidar.ply,0.2,800,0.9,0.14525,0.29199,1,0.13262,0.93235,0.12032
001473_lcam_front_lidar.ply,0.2,800,0.9,0.12255,0.29854,1,0.1387,0.93263,0.12734
001474_lcam_front_lidar.ply,0.2,800,0.9,0.13042,0.28206,1,0.1238,0.93412,0.12821
001475_lcam_front_lidar.ply,0.2,800,0.9,0.13212,0.28269,1,0.12412,0.93497,0.13199
001476_lcam_front_lidar.ply,0.2,800,0.9,0.1295,0.28032,1,0.13173,0.93634,0.14873
001477_lcam_front_lidar.ply,0.2,800,0.9,0.12999,0.27372,1,0.1209,0.93735,0.13858
001478_lcam_front_lidar.ply,0.2,800,0.9,0.21775,0.26266,1,0.11625,0.93922,0.13574
001479_lcam_front_lidar.ply,0.2,800,0.9,0.1927,0.25683,1,0.11025,0.94146,0.13931
001480_lcam_front_lidar.ply,0.2,800,0.9,0.15868,0.24251,1,0.10049,0.93859,0.14927
001481_lcam_front_lidar.ply,0.2,800,0.9,0.15335,0.24715,1,0.1037,0.93734,0.15407
001482_lcam_front_lidar.ply,0.2,800,0.9,0.14606,0.23469,1,0.09344,0.93767,0.16012
001483_lcam_front_lidar.ply,0.2,800,0.9,0.14784,0.23006,1,0.08258,0.93948,0.14967
001484_lcam_front_lidar.ply,0.2,800,0.9,0.15859,0.22476,1,0.08931,0.93648,0.16813
001485_lcam_front_lidar.ply,0.2,800,0.9,0.14339,0.21511,1,0.09085,0.94203,0.19124
001486_lcam_front_lidar.ply,0.2,800,0.9,0.15262,0.2262,1,0.08885,0.94498,0.16595
001487_lcam_front_lidar.ply,0.2,800,0.9,0.16957,0.22458,1,0.09038,0.94577,0.17323
001488_lcam_front_lidar.ply,0.2,800,0.9,0.15761,0.21609,1,0.08828,0.94341,0.18688
001489_lcam_front_lidar.ply,0.2,800,0.9,0.20008,0.21324,1,0.08345,0.94453,0.17276
001490_lcam_front_lidar.ply,0.2,800,0.9,0.14361,0.22478,1,0.08721,0.93763,0.16909
001491_lcam_front_lidar.ply,0.2,800,0.9,0.11923,0.2289,1,0.1077,0.93355,0.20571
001492_lcam_front_lidar.ply,0.2,800,0.9,0.13002,0.2506,1,0.11905,0.93897,0.18635
001493_lcam_front_lidar.ply,0.2,800,0.9,0.11913,0.25416,1,0.12798,0.93355,0.19857
001494_lcam_front_lidar.ply,0.2,800,0.9,0.11619,0.26657,1,0.12011,0.93585,0.15714
001495_lcam_front_lidar.ply,0.2,800,0.9,0.13491,0.27358,1,0.13249,0.94225,0.16384
001496_lcam_front_lidar.ply,0.2,800,0.9,0.16532,0.27312,1,0.13455,0.93891,0.1668
001497_lcam_front_lidar.ply,0.2,800,0.9,0.138,0.28603,1,0.14081,0.93643,0.16068
001498_lcam_front_lidar.ply,0.2,800,0.9,0.16001,0.2821,1,0.14154,0.93811,0.16522
001499_lcam_front_lidar.ply,0.2,800,0.9,0.13172,0.2866,1,0.14495,0.938,0.16829
001500_lcam_front_lidar.ply,0.2,800,0.9,0.13981,0.28975,1,0.14887,0.93692,0.17057
001501_lcam_front_lidar.ply,0.2,800,0.9,0.1169,0.28972,1,0.14516,0.93886,0.16635
001502_lcam_front_lidar.ply,0.2,800,0.9,0.12543,0.26805,1,0.1175,0.94352,0.15108
001503_lcam_front_lidar.ply,0.2,800,0.9,0.11273,0.26558,1,0.13137,0.94624,0.1813
001504_lcam_front_lidar.ply,0.2,800,0.9,0.12471,0.27926,1,0.14078,0.94544,0.18114
001505_lcam_front_lidar.ply,0.2,800,0.9,0.1341,0.27643,1,0.14623,0.95158,0.19064
001506_lcam_front_lidar.ply,0.2,800,0.9,0.16381,0.26963,1,0.14769,0.95437,0.20497
001507_lcam_front_lidar.ply,0.2,800,0.9,0.13688,0.26707,1,0.13918,0.95128,0.18941
001508_lcam_front_lidar.ply,0.2,800,0.9,0.1474,0.26619,1,0.14577,0.95688,0.2038
001509_lcam_front_lidar.ply,0.2,800,0.9,0.12881,0.27302,1,0.14661,0.95584,0.19865
001510_lcam_front_lidar.ply,0.2,800,0.9,0.1274,0.27109,1,0.14339,0.95653,0.20138
001511_lcam_front_lidar.ply,0.2,800,0.9,0.1238,0.27891,1,0.14012,0.95525,0.18021
001512_lcam_front_lidar.ply,0.2,800,0.9,0.13394,0.26562,1,0.13587,0.95883,0.18939
001513_lcam_front_lidar.ply,0.2,800,0.9,0.13786,0.27178,1,0.14689,0.95716,0.19912
001514_lcam_front_lidar.ply,0.2,800,0.9,0.16307,0.25299,1,0.12565,0.95953,0.18696
001515_lcam_front_lidar.ply,0.2,800,0.9,0.12743,0.27967,1,0.14599,0.96299,0.18296
001516_lcam_front_lidar.ply,0.2,800,0.9,0.13062,0.26328,1,0.13317,0.97447,0.19188
001517_lcam_front_lidar.ply,0.2,800,0.9,0.10557,0.26878,1,0.13744,0.96239,0.19253
001518_lcam_front_lidar.ply,0.2,800,0.9,0.09982,0.23217,1,0.0779,0.9778,0.14469
001519_lcam_front_lidar.ply,0.2,800,0.9,0.13807,0.1799,1,0.05725,0.95506,0.2053
001520_lcam_front_lidar.ply,0.2,800,0.9,0.13082,0.23917,1,0.10903,0.99243,0.19388
001521_lcam_front_lidar.ply,0.2,800,0.9,0.12787,0.23669,1,0.10925,0.99257,0.19276
001522_lcam_front_lidar.ply,0.2,800,0.9,0.139,0.24639,1,0.11816,0.97252,0.19234
001523_lcam_front_lidar.ply,0.2,800,0.9,0.15392,0.22482,1,0.09398,0.99169,0.18606
001524_lcam_front_lidar.ply,0.2,800,0.9,0.13821,0.26603,1,0.13262,0.97403,0.18561
001525_lcam_front_lidar.ply,0.2,800,0.9,0.06976,0.29917,1,0.15546,0.97265,0.17588
001526_lcam_front_lidar.ply,0.2,800,0.9,0.11961,0.23615,1,0.10392,0.96927,0.19401
001527_lcam_front_lidar.ply,0.2,800,0.9,0.15983,0.18587,1,0.06026,0.94358,0.19202
001528_lcam_front_lidar.ply,0.2,800,0.9,0.12782,0.24193,1,0.1082,0.99617,0.18386
001529_lcam_front_lidar.ply,0.2,800,0.9,0.13656,0.23861,1,0.09685,0.98742,0.16332
001530_lcam_front_lidar.ply,0.2,800,0.9,0.15023,0.25389,1,0.13198,0.99638,0.20282
001531_lcam_front_lidar.ply,0.2,800,0.9,0.15399,0.26508,1,0.1301,0.99917,0.17757
001532_lcam_front_lidar.ply,0.2,800,0.9,0.13059,0.264,1,0.12644,0.99919,0.17283
001533_lcam_front_lidar.ply,0.2,800,0.9,0.14037,0.25913,1,0.11255,0.9876,0.15795
001534_lcam_front_lidar.ply,0.2,800,0.9,0.13998,0.26457,1,0.12443,0.99126,0.17114
001535_lcam_front_lidar.ply,0.2,800,0.9,0.15446,0.26255,1,0.1355,0.99807,0.19035
001536_lcam_front_lidar.ply,0.2,800,0.9,0.14075,0.26831,1,0.12744,0.99168,0.16803
001537_lcam_front_lidar.ply,0.2,800,0.9,0.12761,0.26255,1,0.13008,0.99831,0.18788
001538_lcam_front_lidar.ply,0.2,800,0.9,0.12804,0.24882,1,0.10096,0.99542,0.15531
001539_lcam_front_lidar.ply,0.2,800,0.9,0.15226,0.26656,1,0.12218,0.98885,0.15708
001540_lcam_front_lidar.ply,0.2,800,0.9,0.13389,0.25734,1,0.10226,0.9878,0.14126
001541_lcam_front_lidar.ply,0.2,800,0.9,0.12471,0.24707,1,0.10639,0.9917,0.16791
001542_lcam_front_lidar.ply,0.2,800,0.9,0.12715,0.24238,1,0.10773,0.98929,0.17987
001543_lcam_front_lidar.ply,0.2,800,0.9,0.16071,0.23169,1,0.09576,0.99168,0.17068
001544_lcam_front_lidar.ply,0.2,800,0.9,0.13163,0.22881,1,0.09043,0.99339,0.17428
001545_lcam_front_lidar.ply,0.2,800,0.9,0.15085,0.18824,1,0.03986,0.9883,0.15291
001546_lcam_front_lidar.ply,0.2,800,0.9,0.13452,0.20511,1,0.0485,0.99002,0.14061
001547_lcam_front_lidar.ply,0.2,800,0.9,0.14823,0.26722,1,0.13257,0.99489,0.18021
001548_lcam_front_lidar.ply,0.2,800,0.9,0.15352,0.2109,1,0.06658,0.9835,0.16025
001549_lcam_front_lidar.ply,0.2,800,0.9,0.23399,0.21273,1,0.07043,0.98794,0.14742
001550_lcam_front_lidar.ply,0.2,800,0.9,0.23251,0.19691,1,0.07199,0.9839,0.1822
001551_lcam_front_lidar.ply,0.2,800,0.9,0.15396,0.21084,1,0.07243,0.98101,0.16683
001552_lcam_front_lidar.ply,0.2,800,0.9,0.14838,0.21922,1,0.07125,0.98191,0.14971
001553_lcam_front_lidar.ply,0.2,800,0.9,0.16295,0.22456,1,0.0878,0.97875,0.1715
001554_lcam_front_lidar.ply,0.2,800,0.9,0.1576,0.23029,1,0.09361,0.9771,0.17026
001555_lcam_front_lidar.ply,0.2,800,0.9,0.15251,0.23664,1,0.08732,0.98152,0.15093
001556_lcam_front_lidar.ply,0.2,800,0.9,0.13246,0.23629,1,0.08089,0.98661,0.13644
001557_lcam_front_lidar.ply,0.2,800,0.9,0.12906,0.23834,1,0.10643,0.97456,0.18256
001558_lcam_front_lidar.ply,0.2,800,0.9,0.14948,0.2353,1,0.09996,0.9775,0.17817
001559_lcam_front_lidar.ply,0.2,800,0.9,0.14746,0.23338,1,0.09542,0.97933,0.17261
001560_lcam_front_lidar.ply,0.2,800,0.9,0.1409,0.23851,1,0.10345,0.97762,0.17831
001561_lcam_front_lidar.ply,0.2,800,0.9,0.12814,0.24778,1,0.10315,0.97508,0.16246
001562_lcam_front_lidar.ply,0.2,800,0.9,0.13268,0.25282,1,0.10868,0.97164,0.16177
001563_lcam_front_lidar.ply,0.2,800,0.9,0.14879,0.25682,1,0.11458,0.97175,0.16144
001564_lcam_front_lidar.ply,0.2,800,0.9,0.14602,0.26183,1,0.12292,0.97453,0.17432
001565_lcam_front_lidar.ply,0.2,800,0.9,0.14105,0.26549,1,0.11456,0.97156,0.15207
001566_lcam_front_lidar.ply,0.2,800,0.9,0.15146,0.26589,1,0.12224,0.97524,0.15404
001567_lcam_front_lidar.ply,0.2,800,0.9,0.14801,0.27006,1,0.11952,0.97302,0.14818
001568_lcam_front_lidar.ply,0.2,800,0.9,0.13518,0.27243,1,0.12253,0.97238,0.14814
001569_lcam_front_lidar.ply,0.2,800,0.9,0.13987,0.28015,1,0.13214,0.9723,0.15584
001570_lcam_front_lidar.ply,0.2,800,0.9,0.14,0.27678,1,0.13187,0.97231,0.15891
001571_lcam_front_lidar.ply,0.2,800,0.9,0.13318,0.28373,1,0.13159,0.96972,0.14734
001572_lcam_front_lidar.ply,0.2,800,0.9,0.14212,0.27604,1,0.12182,0.97389,0.14148
001573_lcam_front_lidar.ply,0.2,800,0.9,0.13873,0.28784,1,0.13123,0.97218,0.13936
001574_lcam_front_lidar.ply,0.2,800,0.9,0.15904,0.27779,1,0.14307,0.98442,0.17724
001575_lcam_front_lidar.ply,0.2,800,0.9,0.12248,0.28109,1,0.14207,0.98055,0.17731
001576_lcam_front_lidar.ply,0.2,800,0.9,0.12549,0.30345,1,0.159,0.98032,0.16771
001577_lcam_front_lidar.ply,0.2,800,0.9,0.12317,0.29425,1,0.15133,0.97955,0.16876
001578_lcam_front_lidar.ply,0.2,800,0.9,0.13414,0.29052,1,0.14497,0.9835,0.1603
001579_lcam_front_lidar.ply,0.2,800,0.9,0.12557,0.30307,1,0.1511,0.98078,0.15229
001580_lcam_front_lidar.ply,0.2,800,0.9,0.14998,0.28635,1,0.14074,0.97716,0.15269
001581_lcam_front_lidar.ply,0.2,800,0.9,0.14054,0.28986,1,0.14134,0.97742,0.15144
001582_lcam_front_lidar.ply,0.2,800,0.9,0.12837,0.29658,1,0.14663,0.97923,0.15172
001583_lcam_front_lidar.ply,0.2,800,0.9,0.13252,0.29859,1,0.14519,0.97613,0.14442
001584_lcam_front_lidar.ply,0.2,800,0.9,0.12999,0.29981,1,0.13912,0.97625,0.13021
001585_lcam_front_lidar.ply,0.2,800,0.9,0.14396,0.30136,1,0.14183,0.97737,0.13272
001586_lcam_front_lidar.ply,0.2,800,0.9,0.12973,0.30818,1,0.14536,0.97592,0.12537
001587_lcam_front_lidar.ply,0.2,800,0.9,0.13326,0.30144,1,0.13667,0.97355,0.12292
