frame_id,epsilon,min_support,normal_threshold,runtime,reward,steps_used,inlier_ratio,plane_normal,residual
000000_lcam_front_lidar.ply,0.2,800,0.9,0.16505,0.25106,1,0.07529,0.99057,0.17529
000001_lcam_front_lidar.ply,0.2,800,0.9,0.14295,0.26314,1,0.08185,0.99002,0.16788
000002_lcam_front_lidar.ply,0.2,800,0.9,0.12697,0.28083,1,0.08595,0.99061,0.14405
000003_lcam_front_lidar.ply,0.2,800,0.9,0.14754,0.2788,1,0.08801,0.99036,0.14636
000004_lcam_front_lidar.ply,0.2,800,0.9,0.13724,0.27641,1,0.08296,0.99169,0.14052
000005_lcam_front_lidar.ply,0.2,800,0.9,0.12701,0.28254,1,0.09623,0.99011,0.15913
000006_lcam_front_lidar.ply,0.2,800,0.9,0.13048,0.28467,1,0.10028,0.99062,0.16479
000007_lcam_front_lidar.ply,0.2,800,0.9,0.11123,0.29677,1,0.10193,0.98994,0.14689
000008_lcam_front_lidar.ply,0.2,800,0.9,0.12774,0.25635,1,0.10712,0.99557,0.23567
000009_lcam_front_lidar.ply,0.2,800,0.9,0.13292,0.25532,1,0.02184,0.98986,0.06712
000010_lcam_front_lidar.ply,0.2,800,0.9,0.1276,0.24107,1,0.02593,0.99031,0.10216
000011_lcam_front_lidar.ply,0.2,800,0.9,0.14319,0.2856,1,0.10116,0.99318,0.15835
000012_lcam_front_lidar.ply,0.2,800,0.9,0.14334,0.27671,1,0.10249,0.99245,0.1831
000013_lcam_front_lidar.ply,0.2,800,0.9,0.12719,0.29255,1,0.09825,0.99187,0.14344
000014_lcam_front_lidar.ply,0.2,800,0.9,0.14237,0.28857,1,0.10948,0.994,0.17203
000015_lcam_front_lidar.ply,0.2,800,0.9,0.14352,0.28802,1,0.10287,0.99194,0.15832
000016_lcam_front_lidar.ply,0.2,800,0.9,0.12527,0.28687,1,0.10406,0.99263,0.16327
000017_lcam_front_lidar.ply,0.2,800,0.9,0.13378,0.29414,1,0.09613,0.99047,0.13245
000018_lcam_front_lidar.ply,0.2,800,0.9,0.13717,0.29577,1,0.10081,0.99001,0.13871
000019_lcam_front_lidar.ply,0.2,800,0.9,0.13048,0.29889,1,0.10766,0.99226,0.1484
000020_lcam_front_lidar.ply,0.2,800,0.9,0.12707,0.29839,1,0.1083,0.99202,0.14731
000021_lcam_front_lidar.ply,0.2,800,0.9,0.14281,0.29137,1,0.1143,0.99277,0.17613
000022_lcam_front_lidar.ply,0.2,800,0.9,0.14283,0.28562,1,0.10519,0.99338,0.16802
000023_lcam_front_lidar.ply,0.2,800,0.9,0.12723,0.27689,1,0.09423,0.99391,0.15795
000024_lcam_front_lidar.ply,0.2,800,0.9,0.12746,0.28347,1,0.0924,0.99184,0.14011
000025_lcam_front_lidar.ply,0.2,800,0.9,0.12825,0.27961,1,0.09869,0.99428,0.16807
000026_lcam_front_lidar.ply,0.2,800,0.9,0.11678,0.27033,1,0.09872,0.99548,0.18614
000027_lcam_front_lidar.ply,0.2,800,0.9,0.13102,0.2689,1,0.08839,0.99356,0.16776
000028_lcam_front_lidar.ply,0.2,800,0.9,0.14278,0.26051,1,0.06704,0.99563,0.13795
000029_lcam_front_lidar.ply,0.2,800,0.9,0.13488,0.23582,1,0.0331,0.98944,0.11932
000030_lcam_front_lidar.ply,0.2,800,0.9,0.13315,0.24101,1,0.03725,0.98805,0.12426
000031_lcam_front_lidar.ply,0.2,800,0.9,0.11288,0.25512,1,0.03246,0.98742,0.08528
000032_lcam_front_lidar.ply,0.2,800,0.9,0.11125,0.25962,1,0.03396,0.97311,0.08026
000033_lcam_front_lidar.ply,0.2,800,0.9,0.1111,0.25113,1,0.051,0.9798,0.13529
000034_lcam_front_lidar.ply,0.2,800,0.9,0.12303,0.25754,1,0.03108,0.94905,0.08582
000035_lcam_front_lidar.ply,0.2,800,0.9,0.1429,0.2461,1,0.02794,0.96667,0.0932
000036_lcam_front_lidar.ply,0.2,800,0.9,0.11111,0.29838,1,0.0816,0.98918,0.0968
000037_lcam_front_lidar.ply,0.2,800,0.9,0.12744,0.29193,1,0.07698,0.98951,0.09867
000038_lcam_front_lidar.ply,0.2,800,0.9,0.11752,0.29909,1,0.08408,0.987,0.1034
000039_lcam_front_lidar.ply,0.2,800,0.9,0.11457,0.3084,1,0.08637,0.98835,0.09307
000040_lcam_front_lidar.ply,0.2,800,0.9,0.10115,0.30026,1,0.07262,0.98916,0.08401
000041_lcam_front_lidar.ply,0.2,800,0.9,0.12698,0.2964,1,0.08195,0.9876,0.09968
000042_lcam_front_lidar.ply,0.2,800,0.9,0.11059,0.28508,1,0.06984,0.9887,0.10094
000043_lcam_front_lidar.ply,0.2,800,0.9,0.1005,0.28179,1,0.06669,0.98888,0.10196
000044_lcam_front_lidar.ply,0.2,800,0.9,0.12664,0.2651,1,0.06439,0.99043,0.13285
000045_lcam_front_lidar.ply,0.2,800,0.9,0.11106,0.27439,1,0.05723,0.98827,0.09676
000046_lcam_front_lidar.ply,0.2,800,0.9,0.12077,0.26825,1,0.05308,0.99057,0.09742
000047_lcam_front_lidar.ply,0.2,800,0.9,0.11197,0.26987,1,0.06488,0.98894,0.1213
000048_lcam_front_lidar.ply,0.2,800,0.9,0.11312,0.27584,1,0.07705,0.98865,0.13564
000049_lcam_front_lidar.ply,0.2,800,0.9,0.11118,0.2853,1,0.07217,0.988,0.11226
000050_lcam_front_lidar.ply,0.2,800,0.9,0.12685,0.24421,1,0.03071,0.96693,0.10453
000051_lcam_front_lidar.ply,0.2,800,0.9,0.11097,0.27309,1,0.11771,0.98922,0.22285
000052_lcam_front_lidar.ply,0.2,800,0.9,0.11165,0.2822,1,0.11289,0.98961,0.20029
000053_lcam_front_lidar.ply,0.2,800,0.9,0.10491,0.28059,1,0.10574,0.98866,0.1864
000054_lcam_front_lidar.ply,0.2,800,0.9,0.12757,0.25472,1,0.04121,0.9485,0.10564
000055_lcam_front_lidar.ply,0.2,800,0.9,0.11729,0.26026,1,0.06992,0.98215,0.15427
000056_lcam_front_lidar.ply,0.2,800,0.9,0.09922,0.26467,1,0.10278,0.99054,0.20888
000057_lcam_front_lidar.ply,0.2,800,0.9,0.09337,0.29123,1,0.1166,0.99014,0.19145
000058_lcam_front_lidar.ply,0.2,800,0.9,0.09015,0.2923,1,0.11388,0.98905,0.18201
000059_lcam_front_lidar.ply,0.2,800,0.9,0.10868,0.29636,1,0.11632,0.9902,0.17785
000060_lcam_front_lidar.ply,0.2,800,0.9,0.10491,0.29351,1,0.11836,0.98961,0.18815
000061_lcam_front_lidar.ply,0.2,800,0.9,0.11447,0.29382,1,0.12006,0.98928,0.18511
000062_lcam_front_lidar.ply,0.2,800,0.9,0.10653,0.2875,1,0.11146,0.98922,0.18314
000063_lcam_front_lidar.ply,0.2,800,0.9,0.11482,0.27026,1,0.10003,0.99026,0.19261
000064_lcam_front_lidar.ply,0.2,800,0.9,0.1044,0.28338,1,0.08808,0.99024,0.14567
000065_lcam_front_lidar.ply,0.2,800,0.9,0.09202,0.30139,1,0.11506,0.98838,0.16968
000066_lcam_front_lidar.ply,0.2,800,0.9,0.1146,0.297,1,0.10966,0.98858,0.16185
000067_lcam_front_lidar.ply,0.2,800,0.9,0.11363,0.30079,1,0.11254,0.98842,0.15705
000068_lcam_front_lidar.ply,0.2,800,0.9,0.09547,0.29802,1,0.1049,0.98824,0.15289
000069_lcam_front_lidar.ply,0.2,800,0.9,0.10552,0.27959,1,0.0989,0.9878,0.16934
000070_lcam_front_lidar.ply,0.2,800,0.9,0.10701,0.28554,1,0.10361,0.9881,0.17008
000071_lcam_front_lidar.ply,0.2,800,0.9,0.11075,0.28593,1,0.09973,0.98782,0.16332
000072_lcam_front_lidar.ply,0.2,800,0.9,0.09392,0.28378,1,0.0876,0.98751,0.14745
000073_lcam_front_lidar.ply,0.2,800,0.9,0.11364,0.28001,1,0.08191,0.98516,0.13302
000074_lcam_front_lidar.ply,0.2,800,0.9,0.11061,0.30481,1,0.11516,0.98766,0.14709
000075_lcam_front_lidar.ply,0.2,800,0.9,0.0953,0.31863,1,0.12278,0.98661,0.14708
000076_lcam_front_lidar.ply,0.2,800,0.9,0.0952,0.32997,1,0.12722,0.98692,0.13168
000077_lcam_front_lidar.ply,0.2,800,0.9,0.08894,0.33384,1,0.1322,0.98724,0.13451
000078_lcam_front_lidar.ply,0.2,800,0.9,0.10971,0.33802,1,0.13994,0.98632,0.13996
000079_lcam_front_lidar.ply,0.2,800,0.9,0.09313,0.34636,1,0.14648,0.98681,0.14101
000080_lcam_front_lidar.ply,0.2,800,0.9,0.10086,0.33709,1,0.12881,0.98693,0.12464
000081_lcam_front_lidar.ply,0.2,800,0.9,0.11096,0.34706,1,0.13899,0.98727,0.12273
000082_lcam_front_lidar.ply,0.2,800,0.9,0.10928,0.33686,1,0.1085,0.98665,0.08103
000083_lcam_front_lidar.ply,0.2,800,0.9,0.10575,0.36662,1,0.16536,0.98703,0.13605
000084_lcam_front_lidar.ply,0.2,800,0.9,0.11163,0.37027,1,0.16888,0.9865,0.13687
000085_lcam_front_lidar.ply,0.2,800,0.9,0.10517,0.37584,1,0.18215,0.9872,0.14992
000086_lcam_front_lidar.ply,0.2,800,0.9,0.11122,0.37598,1,0.17777,0.98635,0.14258
000087_lcam_front_lidar.ply,0.2,800,0.9,0.09352,0.37747,1,0.18207,0.98594,0.14951
000088_lcam_front_lidar.ply,0.2,800,0.9,0.11466,0.37932,1,0.17378,0.98685,0.12663
000089_lcam_front_lidar.ply,0.2,800,0.9,0.09534,0.37848,1,0.17143,0.98697,0.12298
000090_lcam_front_lidar.ply,0.2,800,0.9,0.11073,0.3636,1,0.16737,0.98555,0.14648
000091_lcam_front_lidar.ply,0.2,800,0.9,0.11328,0.3393,1,0.14107,0.98558,0.13925
000092_lcam_front_lidar.ply,0.2,800,0.9,0.11109,0.34107,1,0.15248,0.98788,0.15579
000093_lcam_front_lidar.ply,0.2,800,0.9,0.10462,0.32447,1,0.12237,0.98524,0.13165
000094_lcam_front_lidar.ply,0.2,800,0.9,0.09504,0.35455,1,0.15298,0.98751,0.13778
000095_lcam_front_lidar.ply,0.2,800,0.9,0.11917,0.317,1,0.11525,0.98769,0.12921
000096_lcam_front_lidar.ply,0.2,800,0.9,0.10083,0.34584,1,0.14218,0.98674,0.12899
000097_lcam_front_lidar.ply,0.2,800,0.9,0.09696,0.3649,1,0.18308,0.98737,0.16798
000098_lcam_front_lidar.ply,0.2,800,0.9,0.10138,0.36463,1,0.17287,0.9885,0.15491
000099_lcam_front_lidar.ply,0.2,800,0.9,0.10103,0.36386,1,0.17846,0.98906,0.1683
000100_lcam_front_lidar.ply,0.2,800,0.9,0.11507,0.35713,1,0.16556,0.98926,0.1556
000101_lcam_front_lidar.ply,0.2,800,0.9,0.11182,0.34946,1,0.16463,0.98796,0.16394
000102_lcam_front_lidar.ply,0.2,800,0.9,0.11063,0.35921,1,0.17796,0.98928,0.17349
000103_lcam_front_lidar.ply,0.2,800,0.9,0.10672,0.36217,1,0.17999,0.98859,0.17398
000104_lcam_front_lidar.ply,0.2,800,0.9,0.10472,0.35321,1,0.17415,0.98834,0.17783
000105_lcam_front_lidar.ply,0.2,800,0.9,0.11241,0.34595,1,0.17178,0.98903,0.18376
000106_lcam_front_lidar.ply,0.2,800,0.9,0.11078,0.33922,1,0.1506,0.98885,0.15676
000107_lcam_front_lidar.ply,0.2,800,0.9,0.08876,0.33444,1,0.16025,0.98954,0.18538
000108_lcam_front_lidar.ply,0.2,800,0.9,0.10022,0.32163,1,0.14628,0.98981,0.17923
000109_lcam_front_lidar.ply,0.2,800,0.9,0.09305,0.31338,1,0.1199,0.98912,0.15039
000110_lcam_front_lidar.ply,0.2,800,0.9,0.10224,0.31105,1,0.13989,0.98912,0.19385
000111_lcam_front_lidar.ply,0.2,800,0.9,0.11359,0.30457,1,0.12029,0.98744,0.16647
000112_lcam_front_lidar.ply,0.2,800,0.9,0.11839,0.30492,1,0.13655,0.98988,0.18789
000113_lcam_front_lidar.ply,0.2,800,0.9,0.11421,0.31223,1,0.12354,0.98774,0.15872
000114_lcam_front_lidar.ply,0.2,800,0.9,0.11093,0.29808,1,0.112,0.9895,0.16351
000115_lcam_front_lidar.ply,0.2,800,0.9,0.10221,0.30887,1,0.13069,0.99006,0.17434
000116_lcam_front_lidar.ply,0.2,800,0.9,0.08228,0.30543,1,0.12286,0.98984,0.16503
000117_lcam_front_lidar.ply,0.2,800,0.9,0.08085,0.29742,1,0.09971,0.98674,0.13666
000118_lcam_front_lidar.ply,0.2,800,0.9,0.08111,0.28986,1,0.10013,0.99079,0.15525
000119_lcam_front_lidar.ply,0.2,800,0.9,0.08122,0.28811,1,0.11646,0.99215,0.19532
000120_lcam_front_lidar.ply,0.2,800,0.9,0.07611,0.26588,1,0.0,0.0,0.0
000121_lcam_front_lidar.ply,0.2,800,0.9,0.10018,0.26415,1,0.0,0.0,0.0
000122_lcam_front_lidar.ply,0.2,800,0.9,0.06068,0.26916,1,0.0,0.0,0.0
000123_lcam_front_lidar.ply,0.2,800,0.9,0.06863,0.26712,1,0.0,0.0,0.0
000124_lcam_front_lidar.ply,0.2,800,0.9,0.06841,0.26606,1,0.0,0.0,0.0
000125_lcam_front_lidar.ply,0.2,800,0.9,0.08118,0.27268,1,0.11012,0.99364,0.20711
000126_lcam_front_lidar.ply,0.2,800,0.9,0.08846,0.2809,1,0.11169,0.99501,0.19062
000127_lcam_front_lidar.ply,0.2,800,0.9,0.0804,0.25154,1,0.07872,0.99381,0.18543
000128_lcam_front_lidar.ply,0.2,800,0.9,0.07147,0.26919,1,0.0,0.0,0.0
000129_lcam_front_lidar.ply,0.2,800,0.9,0.0593,0.2664,1,0.0,0.0,0.0
000130_lcam_front_lidar.ply,0.2,800,0.9,0.0887,0.25791,1,0.03926,0.99627,0.09166
000131_lcam_front_lidar.ply,0.2,800,0.9,0.08941,0.25481,1,0.04501,0.99555,0.10798
000132_lcam_front_lidar.ply,0.2,800,0.9,0.1028,0.27712,1,0.0974,0.99664,0.16248
000133_lcam_front_lidar.ply,0.2,800,0.9,0.08427,0.25693,1,0.05751,0.99434,0.12872
000134_lcam_front_lidar.ply,0.2,800,0.9,0.08589,0.284,1,0.10048,0.99589,0.1633
000135_lcam_front_lidar.ply,0.2,800,0.9,0.09473,0.28313,1,0.1041,0.99516,0.17436
000136_lcam_front_lidar.ply,0.2,800,0.9,0.09752,0.26721,1,0.0878,0.99462,0.17206
000137_lcam_front_lidar.ply,0.2,800,0.9,0.11497,0.25875,1,0.0859,0.99432,0.17559
000138_lcam_front_lidar.ply,0.2,800,0.9,0.10657,0.27019,1,0.09499,0.99479,0.18183
000139_lcam_front_lidar.ply,0.2,800,0.9,0.11993,0.27405,1,0.11397,0.99588,0.20671
000140_lcam_front_lidar.ply,0.2,800,0.9,0.1201,0.269,1,0.11045,0.99492,0.20868
000141_lcam_front_lidar.ply,0.2,800,0.9,0.11357,0.26478,1,0.10561,0.9955,0.20402
000142_lcam_front_lidar.ply,0.2,800,0.9,0.11326,0.26532,1,0.10723,0.99471,0.21337
000143_lcam_front_lidar.ply,0.2,800,0.9,0.1152,0.26337,1,0.11761,0.99569,0.23417
000144_lcam_front_lidar.ply,0.2,800,0.9,0.10628,0.25869,1,0.0813,0.99275,0.17769
000145_lcam_front_lidar.ply,0.2,800,0.9,0.10453,0.25123,1,0.09121,0.99505,0.20857
000146_lcam_front_lidar.ply,0.2,800,0.9,0.12072,0.26148,1,0.10095,0.9947,0.20288
000147_lcam_front_lidar.ply,0.2,800,0.9,0.1079,0.23765,1,0.08711,0.99534,0.224
000148_lcam_front_lidar.ply,0.2,800,0.9,0.10316,0.23803,1,0.06673,0.99603,0.18545
000149_lcam_front_lidar.ply,0.2,800,0.9,0.07752,0.26811,1,0.0,0.0,0.0
000150_lcam_front_lidar.ply,0.2,800,0.9,0.07822,0.26972,1,0.0,0.0,0.0
000151_lcam_front_lidar.ply,0.2,800,0.9,0.07324,0.26955,1,0.0,0.0,0.0
000152_lcam_front_lidar.ply,0.2,800,0.9,0.07431,0.26726,1,0.0,0.0,0.0
000153_lcam_front_lidar.ply,0.2,800,0.9,0.06822,0.26679,1,0.0,0.0,0.0
000154_lcam_front_lidar.ply,0.2,800,0.9,0.07922,0.26437,1,0.0,0.0,0.0
000155_lcam_front_lidar.ply,0.2,800,0.9,0.0672,0.26848,1,0.0,0.0,0.0
000156_lcam_front_lidar.ply,0.2,800,0.9,0.08331,0.26461,1,0.0,0.0,0.0
000157_lcam_front_lidar.ply,0.2,800,0.9,0.07156,0.26633,1,0.0,0.0,0.0
000158_lcam_front_lidar.ply,0.2,800,0.9,0.06036,0.26762,1,0.0,0.0,0.0
000159_lcam_front_lidar.ply,0.2,800,0.9,0.0789,0.26706,1,0.0,0.0,0.0
000160_lcam_front_lidar.ply,0.2,800,0.9,0.06903,0.26268,1,0.0,0.0,0.0
000161_lcam_front_lidar.ply,0.2,800,0.9,0.06748,0.26196,1,0.0,0.0,0.0
000162_lcam_front_lidar.ply,0.2,800,0.9,0.04513,0.26691,1,0.0,0.0,0.0
000163_lcam_front_lidar.ply,0.2,800,0.9,0.03766,0.26965,1,0.0,0.0,0.0
000164_lcam_front_lidar.ply,0.2,800,0.9,0.04831,0.26875,1,0.0,0.0,0.0
000165_lcam_front_lidar.ply,0.2,800,0.9,0.05457,0.26822,1,0.0,0.0,0.0
000166_lcam_front_lidar.ply,0.2,800,0.9,0.05393,0.26947,1,0.0,0.0,0.0
000167_lcam_front_lidar.ply,0.2,800,0.9,0.06925,0.26891,1,0.10122,0.99725,0.19543
000168_lcam_front_lidar.ply,0.2,800,0.9,0.08665,0.27265,1,0.11389,0.99834,0.21309
000169_lcam_front_lidar.ply,0.2,800,0.9,0.1123,0.27598,1,0.12077,0.99949,0.21768
000170_lcam_front_lidar.ply,0.2,800,0.9,0.08838,0.28362,1,0.1242,0.99865,0.21326
000171_lcam_front_lidar.ply,0.2,800,0.9,0.10273,0.28389,1,0.12935,0.99883,0.21692
000172_lcam_front_lidar.ply,0.2,800,0.9,0.09933,0.28399,1,0.11755,0.99905,0.1938
000173_lcam_front_lidar.ply,0.2,800,0.9,0.09153,0.27474,1,0.1162,0.99915,0.2108
000174_lcam_front_lidar.ply,0.2,800,0.9,0.11642,0.26901,1,0.11967,0.9983,0.22376
000175_lcam_front_lidar.ply,0.2,800,0.9,0.08922,0.27133,1,0.11716,0.99784,0.21964
000176_lcam_front_lidar.ply,0.2,800,0.9,0.10131,0.27265,1,0.11612,0.99763,0.21591
000177_lcam_front_lidar.ply,0.2,800,0.9,0.09926,0.28247,1,0.11064,0.99843,0.186
000178_lcam_front_lidar.ply,0.2,800,0.9,0.1149,0.27522,1,0.11246,0.99887,0.19722
000179_lcam_front_lidar.ply,0.2,800,0.9,0.08989,0.28235,1,0.12294,0.99889,0.21304
000180_lcam_front_lidar.ply,0.2,800,0.9,0.09628,0.28526,1,0.1162,0.9985,0.19024
000181_lcam_front_lidar.ply,0.2,800,0.9,0.1029,0.2851,1,0.11587,0.99845,0.18659
000182_lcam_front_lidar.ply,0.2,800,0.9,0.11518,0.28163,1,0.12316,0.99947,0.2087
000183_lcam_front_lidar.ply,0.2,800,0.9,0.1082,0.27533,1,0.11755,0.99947,0.20902
000184_lcam_front_lidar.ply,0.2,800,0.9,0.10441,0.28658,1,0.12052,0.99873,0.19598
000185_lcam_front_lidar.ply,0.2,800,0.9,0.10692,0.28155,1,0.12603,0.99858,0.21674
000186_lcam_front_lidar.ply,0.2,800,0.9,0.10862,0.27672,1,0.12078,0.99858,0.21295
000187_lcam_front_lidar.ply,0.2,800,0.9,0.09952,0.2941,1,0.12076,0.99918,0.18736
000188_lcam_front_lidar.ply,0.2,800,0.9,0.09473,0.29229,1,0.1218,0.99904,0.19069
000189_lcam_front_lidar.ply,0.2,800,0.9,0.10455,0.28659,1,0.11622,0.99981,0.19071
000190_lcam_front_lidar.ply,0.2,800,0.9,0.09641,0.2943,1,0.11614,0.99948,0.17518
000191_lcam_front_lidar.ply,0.2,800,0.9,0.06606,0.30242,1,0.12979,0.99896,0.19488
000192_lcam_front_lidar.ply,0.2,800,0.9,0.07363,0.29252,1,0.11914,0.99975,0.18496
000193_lcam_front_lidar.ply,0.2,800,0.9,0.08358,0.26908,1,0.0,0.0,0.0
000194_lcam_front_lidar.ply,0.2,800,0.9,0.08641,0.25937,1,0.0826,0.98288,0.17592
000195_lcam_front_lidar.ply,0.2,800,0.9,0.08202,0.27905,1,0.10933,0.99607,0.19442
000196_lcam_front_lidar.ply,0.2,800,0.9,0.08713,0.28837,1,0.12713,0.98988,0.21348
000197_lcam_front_lidar.ply,0.2,800,0.9,0.09313,0.29114,1,0.13022,0.98976,0.20807
000198_lcam_front_lidar.ply,0.2,800,0.9,0.09119,0.28942,1,0.13331,0.9918,0.21772
000199_lcam_front_lidar.ply,0.2,800,0.9,0.11394,0.28463,1,0.12644,0.99372,0.21019
000200_lcam_front_lidar.ply,0.2,800,0.9,0.0827,0.29599,1,0.13495,0.99389,0.20958
000201_lcam_front_lidar.ply,0.2,800,0.9,0.10318,0.30046,1,0.14142,0.99234,0.21316
000202_lcam_front_lidar.ply,0.2,800,0.9,0.102,0.29255,1,0.12764,0.99269,0.1977
000203_lcam_front_lidar.ply,0.2,800,0.9,0.10385,0.28406,1,0.12755,0.99663,0.21374
000204_lcam_front_lidar.ply,0.2,800,0.9,0.11561,0.29379,1,0.126,0.99563,0.18903
000205_lcam_front_lidar.ply,0.2,800,0.9,0.09937,0.29345,1,0.12752,0.99228,0.19579
000206_lcam_front_lidar.ply,0.2,800,0.9,0.10097,0.29331,1,0.14026,0.99667,0.22484
000207_lcam_front_lidar.ply,0.2,800,0.9,0.10785,0.28227,1,0.13126,0.99393,0.22679
000208_lcam_front_lidar.ply,0.2,800,0.9,0.11302,0.25091,1,0.09371,0.997,0.21864
000209_lcam_front_lidar.ply,0.2,800,0.9,0.11749,0.25788,1,0.09594,0.99896,0.20731
000210_lcam_front_lidar.ply,0.2,800,0.9,0.10381,0.26424,1,0.09578,0.9966,0.19304
000211_lcam_front_lidar.ply,0.2,800,0.9,0.10081,0.2652,1,0.1067,0.99655,0.21746
000212_lcam_front_lidar.ply,0.2,800,0.9,0.10124,0.25182,1,0.09418,0.99689,0.21442
000213_lcam_front_lidar.ply,0.2,800,0.9,0.08432,0.26896,1,0.0,0.0,0.0
000214_lcam_front_lidar.ply,0.2,800,0.9,0.07541,0.266,1,0.0,0.0,0.0
000215_lcam_front_lidar.ply,0.2,800,0.9,0.09507,0.26462,1,0.0,0.0,0.0
000216_lcam_front_lidar.ply,0.2,800,0.9,0.08457,0.26468,1,0.0,0.0,0.0
000217_lcam_front_lidar.ply,0.2,800,0.9,0.07033,0.26577,1,0.0,0.0,0.0
000218_lcam_front_lidar.ply,0.2,800,0.9,0.07217,0.24424,1,0.05269,0.99511,0.15658
000219_lcam_front_lidar.ply,0.2,800,0.9,0.10353,0.25291,1,0.07428,0.99585,0.17347
000220_lcam_front_lidar.ply,0.2,800,0.9,0.10723,0.26591,1,0.08574,0.99581,0.17436
000221_lcam_front_lidar.ply,0.2,800,0.9,0.10977,0.25894,1,0.0962,0.996,0.20551
000222_lcam_front_lidar.ply,0.2,800,0.9,0.10567,0.27858,1,0.11223,0.99621,0.19944
000223_lcam_front_lidar.ply,0.2,800,0.9,0.12136,0.26177,1,0.10079,0.99492,0.20374
000224_lcam_front_lidar.ply,0.2,800,0.9,0.11292,0.27287,1,0.10564,0.99527,0.19394
000225_lcam_front_lidar.ply,0.2,800,0.9,0.11333,0.27046,1,0.11402,0.99622,0.21796
000226_lcam_front_lidar.ply,0.2,800,0.9,0.11887,0.26028,1,0.09694,0.99558,0.20167
000227_lcam_front_lidar.ply,0.2,800,0.9,0.1162,0.27166,1,0.11299,0.99357,0.21375
000228_lcam_front_lidar.ply,0.2,800,0.9,0.13902,0.24745,1,0.07133,0.99032,0.17573
000229_lcam_front_lidar.ply,0.2,800,0.9,0.12753,0.25394,1,0.07551,0.98818,0.17033
000230_lcam_front_lidar.ply,0.2,800,0.9,0.11642,0.25705,1,0.11194,0.99444,0.23446
000231_lcam_front_lidar.ply,0.2,800,0.9,0.10242,0.27244,1,0.10487,0.99047,0.19712
000232_lcam_front_lidar.ply,0.2,800,0.9,0.12925,0.27277,1,0.10359,0.99023,0.18758
000233_lcam_front_lidar.ply,0.2,800,0.9,0.1111,0.26659,1,0.09075,0.99469,0.18004
000234_lcam_front_lidar.ply,0.2,800,0.9,0.109,0.27434,1,0.09227,0.99077,0.16972
000235_lcam_front_lidar.ply,0.2,800,0.9,0.12218,0.26736,1,0.1043,0.99524,0.20576
000236_lcam_front_lidar.ply,0.2,800,0.9,0.11379,0.27679,1,0.09785,0.99123,0.17219
000237_lcam_front_lidar.ply,0.2,800,0.9,0.12127,0.27659,1,0.1021,0.99155,0.17637
000238_lcam_front_lidar.ply,0.2,800,0.9,0.11652,0.29006,1,0.11529,0.99301,0.17917
000239_lcam_front_lidar.ply,0.2,800,0.9,0.11724,0.28711,1,0.104,0.99159,0.16656
000240_lcam_front_lidar.ply,0.2,800,0.9,0.10765,0.2846,1,0.09972,0.99154,0.164
000241_lcam_front_lidar.ply,0.2,800,0.9,0.09523,0.29436,1,0.10786,0.99213,0.16715
000242_lcam_front_lidar.ply,0.2,800,0.9,0.10117,0.29764,1,0.10947,0.99243,0.15869
000243_lcam_front_lidar.ply,0.2,800,0.9,0.11089,0.29784,1,0.11184,0.99272,0.16145
000244_lcam_front_lidar.ply,0.2,800,0.9,0.09525,0.30502,1,0.11892,0.99245,0.16526
000245_lcam_front_lidar.ply,0.2,800,0.9,0.11508,0.31051,1,0.12425,0.99269,0.15817
000246_lcam_front_lidar.ply,0.2,800,0.9,0.10515,0.31267,1,0.12434,0.99278,0.15568
000247_lcam_front_lidar.ply,0.2,800,0.9,0.11874,0.32373,1,0.13689,0.99288,0.15814
000248_lcam_front_lidar.ply,0.2,800,0.9,0.1099,0.32339,1,0.13126,0.99282,0.15165
000249_lcam_front_lidar.ply,0.2,800,0.9,0.11748,0.32232,1,0.13677,0.99296,0.16372
000250_lcam_front_lidar.ply,0.2,800,0.9,0.10379,0.33379,1,0.14487,0.99297,0.16149
000251_lcam_front_lidar.ply,0.2,800,0.9,0.09805,0.32707,1,0.13835,0.99287,0.16026
000252_lcam_front_lidar.ply,0.2,800,0.9,0.13745,0.31814,1,0.13611,0.99343,0.16558
000253_lcam_front_lidar.ply,0.2,800,0.9,0.11165,0.32617,1,0.14607,0.99382,0.17628
000254_lcam_front_lidar.ply,0.2,800,0.9,0.10334,0.33171,1,0.14944,0.99367,0.17443
000255_lcam_front_lidar.ply,0.2,800,0.9,0.10978,0.33528,1,0.15519,0.99392,0.17046
000256_lcam_front_lidar.ply,0.2,800,0.9,0.10104,0.33646,1,0.15317,0.99396,0.17302
000257_lcam_front_lidar.ply,0.2,800,0.9,0.10045,0.34356,1,0.15928,0.99399,0.17266
000258_lcam_front_lidar.ply,0.2,800,0.9,0.09845,0.33856,1,0.16162,0.99411,0.18763
000259_lcam_front_lidar.ply,0.2,800,0.9,0.09198,0.33865,1,0.15331,0.99421,0.1718
000260_lcam_front_lidar.ply,0.2,800,0.9,0.09781,0.34223,1,0.16169,0.99402,0.17879
000261_lcam_front_lidar.ply,0.2,800,0.9,0.10334,0.34611,1,0.16209,0.99412,0.17299
000262_lcam_front_lidar.ply,0.2,800,0.9,0.08859,0.34771,1,0.16393,0.99436,0.17541
000263_lcam_front_lidar.ply,0.2,800,0.9,0.11958,0.3371,1,0.16015,0.99459,0.18189
000264_lcam_front_lidar.ply,0.2,800,0.9,0.10188,0.34587,1,0.16348,0.99476,0.17615
000265_lcam_front_lidar.ply,0.2,800,0.9,0.10801,0.35,1,0.16897,0.99543,0.17545
000266_lcam_front_lidar.ply,0.25,800,0.9,0.10401,0.34526,1,0.18167,0.99578,0.21104
000267_lcam_front_lidar.ply,0.2,800,0.9,0.10357,0.34566,1,0.1656,0.99528,0.17723
000268_lcam_front_lidar.ply,0.2,800,0.9,0.11599,0.34685,1,0.17279,0.99539,0.18644
000269_lcam_front_lidar.ply,0.2,800,0.9,0.11169,0.34173,1,0.16716,0.99597,0.18631
000270_lcam_front_lidar.ply,0.25,800,0.9,0.10625,0.34328,1,0.1821,0.99647,0.21872
000271_lcam_front_lidar.ply,0.2,800,0.9,0.10108,0.33691,1,0.15729,0.99563,0.18425
000272_lcam_front_lidar.ply,0.2,800,0.9,0.10986,0.33975,1,0.15893,0.99554,0.17578
000273_lcam_front_lidar.ply,0.25,800,0.9,0.10925,0.33226,1,0.17528,0.99681,0.22293
000274_lcam_front_lidar.ply,0.2,800,0.9,0.1025,0.33968,1,0.17133,0.99645,0.19917
000275_lcam_front_lidar.ply,0.2,800,0.9,0.10022,0.35232,1,0.17026,0.99588,0.17931
000276_lcam_front_lidar.ply,0.2,800,0.9,0.11101,0.36327,1,0.18624,0.99662,0.18232
000277_lcam_front_lidar.ply,0.2,800,0.9,0.10596,0.35948,1,0.17515,0.99531,0.16999
000278_lcam_front_lidar.ply,0.2,800,0.9,0.09538,0.35716,1,0.17014,0.99584,0.16632
000279_lcam_front_lidar.ply,0.2,800,0.9,0.13325,0.35954,1,0.18321,0.99659,0.18149
000280_lcam_front_lidar.ply,0.2,800,0.9,0.09587,0.36243,1,0.17853,0.99589,0.17282
000281_lcam_front_lidar.ply,0.2,800,0.9,0.12499,0.35895,1,0.17896,0.99632,0.17435
000282_lcam_front_lidar.ply,0.2,800,0.9,0.12005,0.36098,1,0.17791,0.99577,0.16813
000283_lcam_front_lidar.ply,0.2,800,0.9,0.11167,0.36093,1,0.1738,0.99533,0.16424
000284_lcam_front_lidar.ply,0.2,800,0.9,0.13782,0.3559,1,0.18083,0.99605,0.18215
000285_lcam_front_lidar.ply,0.2,800,0.9,0.22259,0.34099,1,0.17064,0.99567,0.17467
000286_lcam_front_lidar.ply,0.2,800,0.9,0.15043,0.35351,1,0.17685,0.99583,0.17523
000287_lcam_front_lidar.ply,0.2,800,0.9,0.12834,0.35068,1,0.16497,0.99531,0.16533
000288_lcam_front_lidar.ply,0.2,800,0.9,0.13933,0.34731,1,0.16639,0.99551,0.17185
000289_lcam_front_lidar.ply,0.2,800,0.9,0.14076,0.3338,1,0.16781,0.99786,0.20158
000290_lcam_front_lidar.ply,0.2,800,0.9,0.13694,0.33845,1,0.16324,0.99508,0.17739
000291_lcam_front_lidar.ply,0.2,800,0.9,0.14693,0.33376,1,0.15543,0.99534,0.16989
000292_lcam_front_lidar.ply,0.2,800,0.9,0.14852,0.24735,1,0.06393,0.99117,0.16028
000293_lcam_front_lidar.ply,0.2,800,0.9,0.11078,0.24203,1,0.0586,0.98936,0.16966
000294_lcam_front_lidar.ply,0.2,800,0.9,0.1253,0.33385,1,0.16373,0.99617,0.19532
000295_lcam_front_lidar.ply,0.2,800,0.9,0.12467,0.30474,1,0.10997,0.9998,0.14398
000296_lcam_front_lidar.ply,0.2,800,0.9,0.119,0.3069,1,0.1491,0.99697,0.21323
000297_lcam_front_lidar.ply,0.2,800,0.9,0.11047,0.29652,1,0.11173,0.9997,0.16346
000298_lcam_front_lidar.ply,0.2,800,0.9,0.12521,0.29914,1,0.10993,0.99969,0.15676
000299_lcam_front_lidar.ply,0.2,800,0.9,0.126,0.29698,1,0.14133,0.99678,0.22221
000300_lcam_front_lidar.ply,0.2,800,0.9,0.1401,0.23201,1,0.03457,0.93057,0.13376
000301_lcam_front_lidar.ply,0.2,800,0.9,0.13493,0.24882,1,0.05339,0.94757,0.14403
000302_lcam_front_lidar.ply,0.2,800,0.9,0.12294,0.24189,1,0.04761,0.94362,0.1395
000303_lcam_front_lidar.ply,0.2,800,0.9,0.12443,0.239,1,0.04648,0.94614,0.14609
000304_lcam_front_lidar.ply,0.2,800,0.9,0.11936,0.25021,1,0.05895,0.94644,0.15564
000305_lcam_front_lidar.ply,0.2,800,0.9,0.14286,0.25366,1,0.08711,0.94892,0.18868
000306_lcam_front_lidar.ply,0.2,800,0.9,0.11289,0.24144,1,0.06361,0.95113,0.17737
000307_lcam_front_lidar.ply,0.2,800,0.9,0.13375,0.24421,1,0.06288,0.94039,0.168
000308_lcam_front_lidar.ply,0.2,800,0.9,0.11245,0.24129,1,0.05565,0.94605,0.15882
000309_lcam_front_lidar.ply,0.2,800,0.9,0.12502,0.25083,1,0.05456,0.9446,0.13905
000310_lcam_front_lidar.ply,0.2,800,0.9,0.1114,0.23358,1,0.04453,0.94339,0.15389
000311_lcam_front_lidar.ply,0.2,800,0.9,0.10864,0.269,1,0.10239,0.99533,0.19767
000312_lcam_front_lidar.ply,0.2,800,0.9,0.13378,0.22693,1,0.05209,0.95514,0.17377
000313_lcam_front_lidar.ply,0.2,800,0.9,0.09958,0.26635,1,0.1084,0.99386,0.21043
000314_lcam_front_lidar.ply,0.2,800,0.9,0.11822,0.24406,1,0.0541,0.94981,0.14861
000315_lcam_front_lidar.ply,0.2,800,0.9,0.11422,0.258,1,0.10417,0.99244,0.22099
000316_lcam_front_lidar.ply,0.2,800,0.9,0.1389,0.2433,1,0.09031,0.98645,0.21653
000317_lcam_front_lidar.ply,0.2,800,0.9,0.11659,0.23647,1,0.06579,0.95532,0.18757
000318_lcam_front_lidar.ply,0.2,800,0.9,0.11183,0.23905,1,0.05692,0.95526,0.16904
000319_lcam_front_lidar.ply,0.2,800,0.9,0.10017,0.23323,1,0.05686,0.94917,0.17542
000320_lcam_front_lidar.ply,0.2,800,0.9,0.10116,0.24578,1,0.06964,0.95133,0.17578
000321_lcam_front_lidar.ply,0.2,800,0.9,0.11151,0.23134,1,0.05669,0.95423,0.17926
000322_lcam_front_lidar.ply,0.2,800,0.9,0.09726,0.2391,1,0.06423,0.95385,0.17685
000323_lcam_front_lidar.ply,0.2,800,0.9,0.09637,0.24992,1,0.07087,0.95619,0.17114
000324_lcam_front_lidar.ply,0.2,800,0.9,0.10724,0.25194,1,0.07987,0.95084,0.18456
000325_lcam_front_lidar.ply,0.2,800,0.9,0.07984,0.26126,1,0.06995,0.94606,0.1513
000326_lcam_front_lidar.ply,0.2,800,0.9,0.08529,0.26169,1,0.0694,0.94574,0.14658
000327_lcam_front_lidar.ply,0.2,800,0.9,0.11434,0.25243,1,0.06658,0.94809,0.15632
000328_lcam_front_lidar.ply,0.2,800,0.9,0.08002,0.2534,1,0.06616,0.94851,0.1558
000329_lcam_front_lidar.ply,0.2,800,0.9,0.09809,0.26119,1,0.07343,0.94691,0.1512
000330_lcam_front_lidar.ply,0.2,800,0.9,0.09566,0.26515,1,0.08432,0.954,0.16677
000331_lcam_front_lidar.ply,0.2,800,0.9,0.09765,0.26633,1,0.07978,0.94714,0.15033
000332_lcam_front_lidar.ply,0.2,800,0.9,0.11104,0.25442,1,0.06982,0.94203,0.15327
000333_lcam_front_lidar.ply,0.2,800,0.9,0.11326,0.25416,1,0.07911,0.94888,0.16904
000334_lcam_front_lidar.ply,0.2,800,0.9,0.09567,0.25706,1,0.07171,0.93706,0.15095
000335_lcam_front_lidar.ply,0.2,800,0.9,0.11326,0.2502,1,0.07174,0.93264,0.16127
000336_lcam_front_lidar.ply,0.2,800,0.9,0.11172,0.25172,1,0.07477,0.93358,0.15913
000337_lcam_front_lidar.ply,0.2,800,0.9,0.0987,0.24177,1,0.06455,0.93359,0.16695
000338_lcam_front_lidar.ply,0.2,800,0.9,0.09543,0.24296,1,0.07558,0.95032,0.1922
000339_lcam_front_lidar.ply,0.2,800,0.9,0.10288,0.26025,1,0.07688,0.93604,0.1613
000340_lcam_front_lidar.ply,0.2,800,0.9,0.0934,0.26646,1,0.0,0.0,0.0
000341_lcam_front_lidar.ply,0.2,800,0.9,0.08403,0.25915,1,0.0756,0.92111,0.16451
000342_lcam_front_lidar.ply,0.2,800,0.9,0.07951,0.27782,1,0.0724,0.91765,0.12548
000343_lcam_front_lidar.ply,0.2,800,0.9,0.08124,0.26472,1,0.07357,0.91751,0.15265
000344_lcam_front_lidar.ply,0.2,800,0.9,0.09618,0.29866,1,0.08517,0.912,0.10787
000345_lcam_front_lidar.ply,0.2,800,0.9,0.09347,0.29229,1,0.08451,0.91537,0.11552
000346_lcam_front_lidar.ply,0.2,800,0.9,0.07991,0.29961,1,0.08829,0.91602,0.10658
000347_lcam_front_lidar.ply,0.2,800,0.9,0.09301,0.29886,1,0.08895,0.91471,0.10732
000348_lcam_front_lidar.ply,0.2,800,0.9,0.08113,0.30527,1,0.09518,0.91525,0.11023
000349_lcam_front_lidar.ply,0.2,800,0.9,0.0952,0.33577,1,0.1168,0.90995,0.09722
000350_lcam_front_lidar.ply,0.2,800,0.9,0.11143,0.34803,1,0.12565,0.90505,0.08532
000351_lcam_front_lidar.ply,0.2,800,0.9,0.12706,0.34377,1,0.12617,0.90746,0.09492
000352_lcam_front_lidar.ply,0.2,800,0.9,0.09137,0.35543,1,0.13504,0.90526,0.09373
000353_lcam_front_lidar.ply,0.2,800,0.9,0.09939,0.35584,1,0.14264,0.9051,0.10815
000354_lcam_front_lidar.ply,0.2,800,0.9,0.1119,0.36501,1,0.14716,0.90384,0.09456
000355_lcam_front_lidar.ply,0.2,800,0.9,0.09549,0.37129,1,0.14837,0.90388,0.09297
000356_lcam_front_lidar.ply,0.2,800,0.9,0.08732,0.37789,1,0.15706,0.9075,0.09718
000357_lcam_front_lidar.ply,0.2,800,0.9,0.10298,0.37969,1,0.15161,0.90568,0.0769
000358_lcam_front_lidar.ply,0.2,800,0.9,0.10121,0.37944,1,0.14568,0.90129,0.06596
000359_lcam_front_lidar.ply,0.2,800,0.9,0.10037,0.38209,1,0.14869,0.89964,0.07229
000360_lcam_front_lidar.ply,0.2,800,0.9,0.09768,0.38444,1,0.15613,0.90411,0.07762
000361_lcam_front_lidar.ply,0.2,800,0.9,0.07333,0.42358,1,0.18344,0.90061,0.06578
000362_lcam_front_lidar.ply,0.2,800,0.9,0.09574,0.41493,1,0.17819,0.9004,0.06401
000363_lcam_front_lidar.ply,0.2,800,0.9,0.11133,0.40536,1,0.1833,0.90103,0.09169
000364_lcam_front_lidar.ply,0.2,800,0.9,0.09576,0.38877,1,0.15228,0.89752,0.06296
000365_lcam_front_lidar.ply,0.2,800,0.9,0.10905,0.41686,1,0.18853,0.89656,0.07654
000366_lcam_front_lidar.ply,0.2,800,0.9,0.11159,0.40079,1,0.16559,0.896,0.06368
000367_lcam_front_lidar.ply,0.2,800,0.9,0.09615,0.39271,1,0.1584,0.89346,0.07098
000368_lcam_front_lidar.ply,0.2,800,0.9,0.09511,0.3879,1,0.15788,0.89388,0.08103
000369_lcam_front_lidar.ply,0.2,800,0.9,0.09445,0.38633,1,0.15735,0.89514,0.08033
000370_lcam_front_lidar.ply,0.2,800,0.9,0.08623,0.4117,1,0.1858,0.89669,0.09023
000371_lcam_front_lidar.ply,0.2,800,0.9,0.09614,0.38064,1,0.16486,0.89902,0.11262
000372_lcam_front_lidar.ply,0.2,800,0.9,0.08671,0.35385,1,0.13353,0.88759,0.09896
000373_lcam_front_lidar.ply,0.2,800,0.9,0.09119,0.32758,1,0.11637,0.87848,0.11403
000374_lcam_front_lidar.ply,0.2,800,0.9,0.10339,0.32483,1,0.11378,0.88268,0.1136
000375_lcam_front_lidar.ply,0.2,800,0.9,0.08745,0.30756,1,0.10392,0.89248,0.12752
000376_lcam_front_lidar.ply,0.2,800,0.9,0.0812,0.31344,1,0.10095,0.89354,0.1164
000377_lcam_front_lidar.ply,0.2,800,0.9,0.11138,0.32688,1,0.1265,0.89612,0.13281
000378_lcam_front_lidar.ply,0.2,800,0.9,0.09098,0.33769,1,0.13724,0.89365,0.13878
000379_lcam_front_lidar.ply,0.25,800,0.9,0.09584,0.32299,1,0.13224,0.89276,0.15286
000380_lcam_front_lidar.ply,0.25,800,0.9,0.08251,0.33975,1,0.14193,0.89636,0.14472
000381_lcam_front_lidar.ply,0.25,800,0.9,0.11153,0.32714,1,0.13227,0.89828,0.14639
000382_lcam_front_lidar.ply,0.2,800,0.9,0.07976,0.33756,1,0.13168,0.89763,0.13047
000383_lcam_front_lidar.ply,0.2,800,0.9,0.11096,0.32064,1,0.12319,0.89324,0.13732
000384_lcam_front_lidar.ply,0.2,800,0.9,0.08767,0.31414,1,0.10765,0.89533,0.1274
000385_lcam_front_lidar.ply,0.2,800,0.9,0.08572,0.3227,1,0.10959,0.88581,0.11222
000386_lcam_front_lidar.ply,0.2,800,0.9,0.08519,0.32192,1,0.11326,0.88321,0.11946
000387_lcam_front_lidar.ply,0.2,800,0.9,0.08159,0.34133,1,0.1286,0.89375,0.11404
000388_lcam_front_lidar.ply,0.2,800,0.9,0.09534,0.36223,1,0.14492,0.8988,0.10452
000389_lcam_front_lidar.ply,0.2,800,0.9,0.0979,0.3645,1,0.14291,0.89642,0.09404
000390_lcam_front_lidar.ply,0.2,800,0.9,0.11421,0.38151,1,0.1559,0.89756,0.08547
000391_lcam_front_lidar.ply,0.2,800,0.9,0.09598,0.3917,1,0.17211,0.90475,0.10022
000392_lcam_front_lidar.ply,0.2,800,0.9,0.09547,0.3977,1,0.16886,0.90083,0.08102
000393_lcam_front_lidar.ply,0.2,800,0.9,0.08967,0.40322,1,0.17662,0.90538,0.09307
000394_lcam_front_lidar.ply,0.2,800,0.9,0.10051,0.41686,1,0.18981,0.90462,0.08478
000395_lcam_front_lidar.ply,0.2,800,0.9,0.08356,0.42544,1,0.19817,0.90738,0.09028
000396_lcam_front_lidar.ply,0.2,800,0.9,0.09796,0.42295,1,0.19696,0.90474,0.09219
000397_lcam_front_lidar.ply,0.2,800,0.9,0.09757,0.42102,1,0.19225,0.90525,0.0868
000398_lcam_front_lidar.ply,0.2,800,0.9,0.09329,0.43472,1,0.20816,0.90605,0.08883
000399_lcam_front_lidar.ply,0.2,800,0.9,0.09841,0.4295,1,0.20304,0.90662,0.08827
000400_lcam_front_lidar.ply,0.2,800,0.9,0.09071,0.43051,1,0.20058,0.90331,0.08412
000401_lcam_front_lidar.ply,0.2,800,0.9,0.10737,0.42623,1,0.20454,0.90759,0.09563
000402_lcam_front_lidar.ply,0.2,800,0.9,0.10602,0.42726,1,0.21101,0.91221,0.10762
000403_lcam_front_lidar.ply,0.2,800,0.9,0.10367,0.42516,1,0.2091,0.91176,0.10744
000404_lcam_front_lidar.ply,0.2,800,0.9,0.10966,0.42171,1,0.1937,0.9066,0.08287
000405_lcam_front_lidar.ply,0.2,800,0.9,0.10348,0.41399,1,0.17239,0.8919,0.05452
000406_lcam_front_lidar.ply,0.2,800,0.9,0.09277,0.41166,1,0.17316,0.89389,0.06203
000407_lcam_front_lidar.ply,0.25,800,0.9,0.10914,0.41709,1,0.19319,0.90564,0.09365
000408_lcam_front_lidar.ply,0.2,800,0.9,0.10347,0.42396,1,0.20211,0.90609,0.09456
000409_lcam_front_lidar.ply,0.2,800,0.9,0.09622,0.43128,1,0.2162,0.91334,0.11144
000410_lcam_front_lidar.ply,0.2,800,0.9,0.08708,0.43192,1,0.21807,0.91503,0.11898
000411_lcam_front_lidar.ply,0.25,800,0.9,0.09113,0.42527,1,0.22606,0.91918,0.14524
000412_lcam_front_lidar.ply,0.2,800,0.9,0.09633,0.42569,1,0.22018,0.91725,0.12682
000413_lcam_front_lidar.ply,0.2,800,0.9,0.0831,0.43126,1,0.22167,0.9208,0.12679
000414_lcam_front_lidar.ply,0.2,800,0.9,0.10815,0.4183,1,0.2082,0.91613,0.1204
000415_lcam_front_lidar.ply,0.25,800,0.9,0.11098,0.41541,1,0.22687,0.92345,0.16162
000416_lcam_front_lidar.ply,0.25,800,0.9,0.10076,0.41282,1,0.22039,0.92514,0.15722
000417_lcam_front_lidar.ply,0.25,800,0.9,0.09386,0.42474,1,0.22485,0.9222,0.14184
000418_lcam_front_lidar.ply,0.25,800,0.9,0.10961,0.42224,1,0.22876,0.92189,0.15307
000419_lcam_front_lidar.ply,0.2,800,0.9,0.0946,0.42487,1,0.20455,0.90991,0.09777
000420_lcam_front_lidar.ply,0.25,800,0.9,0.08962,0.43547,1,0.23694,0.92525,0.14816
000421_lcam_front_lidar.ply,0.25,800,0.9,0.10221,0.43716,1,0.23623,0.92276,0.13895
000422_lcam_front_lidar.ply,0.25,800,0.9,0.10769,0.43789,1,0.24186,0.9262,0.14772
000423_lcam_front_lidar.ply,0.25,800,0.9,0.09591,0.44784,1,0.24646,0.92528,0.13992
000424_lcam_front_lidar.ply,0.25,800,0.9,0.09973,0.44873,1,0.24905,0.92548,0.1418
000425_lcam_front_lidar.ply,0.25,800,0.9,0.1106,0.44394,1,0.24257,0.91903,0.13608
000426_lcam_front_lidar.ply,0.25,800,0.9,0.1064,0.26826,1,0.00103,0.96627,0.00032
000427_lcam_front_lidar.ply,0.2,800,0.9,0.09327,0.44928,1,0.23859,0.91712,0.11571
000428_lcam_front_lidar.ply,0.2,800,0.9,0.08133,0.46026,1,0.2516,0.92013,0.12509
000429_lcam_front_lidar.ply,0.2,800,0.9,0.07961,0.47011,1,0.26344,0.92368,0.13385
000430_lcam_front_lidar.ply,0.2,800,0.9,0.10991,0.46484,1,0.26116,0.91585,0.13182
000431_lcam_front_lidar.ply,0.25,800,0.9,0.0895,0.47545,1,0.28543,0.92314,0.1639
000432_lcam_front_lidar.ply,0.2,800,0.9,0.08671,0.27055,1,0.00235,0.96684,0.00343
000433_lcam_front_lidar.ply,0.25,800,0.9,0.08689,0.47635,1,0.28172,0.92003,0.15251
000434_lcam_front_lidar.ply,0.25,800,0.9,0.09509,0.4793,1,0.28713,0.92425,0.15989
000435_lcam_front_lidar.ply,0.25,800,0.9,0.09514,0.46718,1,0.27665,0.91622,0.16179
000436_lcam_front_lidar.ply,0.25,800,0.9,0.09571,0.47786,1,0.27832,0.9206,0.14696
000437_lcam_front_lidar.ply,0.25,800,0.9,0.09496,0.47477,1,0.28497,0.92124,0.16226
000438_lcam_front_lidar.ply,0.2,800,0.9,0.09584,0.46794,1,0.26345,0.92166,0.13362
000439_lcam_front_lidar.ply,0.25,800,0.9,0.09553,0.46404,1,0.2761,0.91373,0.16484
000440_lcam_front_lidar.ply,0.25,800,0.9,0.10948,0.46682,1,0.27514,0.91841,0.15679
000441_lcam_front_lidar.ply,0.25,800,0.9,0.10946,0.46349,1,0.27194,0.91767,0.15591
000442_lcam_front_lidar.ply,0.25,800,0.9,0.08538,0.46529,1,0.26819,0.91479,0.15295
000443_lcam_front_lidar.ply,0.25,800,0.9,0.11175,0.46543,1,0.2752,0.92058,0.15958
000444_lcam_front_lidar.ply,0.25,800,0.9,0.09571,0.47376,1,0.27808,0.91955,0.15492
000445_lcam_front_lidar.ply,0.25,800,0.9,0.11638,0.4639,1,0.26985,0.9174,0.15274
000446_lcam_front_lidar.ply,0.2,800,0.9,0.09481,0.4597,1,0.25651,0.92253,0.1335
000447_lcam_front_lidar.ply,0.25,800,0.9,0.09539,0.46208,1,0.27177,0.91818,0.1637
000448_lcam_front_lidar.ply,0.2,800,0.9,0.09515,0.45548,1,0.25956,0.92256,0.14721
000449_lcam_front_lidar.ply,0.2,800,0.9,0.10068,0.45782,1,0.26086,0.91697,0.14861
000450_lcam_front_lidar.ply,0.2,800,0.9,0.09497,0.47001,1,0.27612,0.92072,0.15425
000451_lcam_front_lidar.ply,0.2,800,0.9,0.10089,0.46828,1,0.27032,0.92556,0.14709
000452_lcam_front_lidar.ply,0.2,800,0.9,0.09789,0.46032,1,0.26467,0.92235,0.15131
000453_lcam_front_lidar.ply,0.2,800,0.9,0.11233,0.45682,1,0.26356,0.92114,0.15274
000454_lcam_front_lidar.ply,0.2,800,0.9,0.09328,0.45743,1,0.26403,0.91554,0.15477
000455_lcam_front_lidar.ply,0.25,800,0.9,0.09053,0.26237,1,0.01084,0.89502,0.04305
000456_lcam_front_lidar.ply,0.25,800,0.9,0.09108,0.45831,1,0.28058,0.91701,0.18733
000457_lcam_front_lidar.ply,0.2,800,0.9,0.11642,0.45681,1,0.27275,0.91645,0.16772
000458_lcam_front_lidar.ply,0.2,800,0.9,0.1015,0.44083,1,0.24499,0.91321,0.14893
000459_lcam_front_lidar.ply,0.2,800,0.9,0.09936,0.46663,1,0.27663,0.92959,0.15984
000460_lcam_front_lidar.ply,0.2,800,0.9,0.09329,0.26698,1,0.02052,0.89209,0.04437
000461_lcam_front_lidar.ply,0.2,800,0.9,0.10046,0.26709,1,0.0025,0.90015,0.01517
000462_lcam_front_lidar.ply,0.2,800,0.9,0.09516,0.44642,1,0.26279,0.92284,0.17442
000463_lcam_front_lidar.ply,0.2,800,0.9,0.09978,0.44952,1,0.25946,0.92792,0.16187
000464_lcam_front_lidar.ply,0.2,800,0.9,0.08859,0.43853,1,0.25202,0.92053,0.17066
000465_lcam_front_lidar.ply,0.2,800,0.9,0.09635,0.43835,1,0.25357,0.92269,0.17496
000466_lcam_front_lidar.ply,0.2,800,0.9,0.10129,0.42617,1,0.24362,0.92032,0.17697
000467_lcam_front_lidar.ply,0.2,800,0.9,0.08905,0.43187,1,0.24269,0.92984,0.16148
000468_lcam_front_lidar.ply,0.2,800,0.9,0.08515,0.40902,1,0.22377,0.9209,0.17342
000469_lcam_front_lidar.ply,0.2,800,0.9,0.10861,0.42448,1,0.2371,0.93273,0.16336
000470_lcam_front_lidar.ply,0.25,800,0.9,0.08895,0.42201,1,0.24808,0.93385,0.1932
000471_lcam_front_lidar.ply,0.2,800,0.9,0.09293,0.4225,1,0.22964,0.93439,0.15537
000472_lcam_front_lidar.ply,0.2,800,0.9,0.0932,0.41709,1,0.22917,0.92779,0.15896
000473_lcam_front_lidar.ply,0.2,800,0.9,0.07906,0.42294,1,0.23007,0.92939,0.15801
000474_lcam_front_lidar.ply,0.2,800,0.9,0.09268,0.39428,1,0.20523,0.9124,0.16367
000475_lcam_front_lidar.ply,0.2,800,0.9,0.087,0.41223,1,0.21722,0.93307,0.15378
000476_lcam_front_lidar.ply,0.2,800,0.9,0.0925,0.4107,1,0.2205,0.93243,0.15898
000477_lcam_front_lidar.ply,0.25,800,0.9,0.08941,0.40947,1,0.23465,0.92445,0.19632
000478_lcam_front_lidar.ply,0.2,800,0.9,0.09836,0.41434,1,0.22216,0.92133,0.15437
000479_lcam_front_lidar.ply,0.25,800,0.9,0.09119,0.41305,1,0.23727,0.91912,0.18734
000480_lcam_front_lidar.ply,0.2,800,0.9,0.09224,0.4153,1,0.22529,0.92807,0.15514
000481_lcam_front_lidar.ply,0.2,800,0.9,0.09299,0.40804,1,0.21862,0.92461,0.15711
000482_lcam_front_lidar.ply,0.25,800,0.9,0.07783,0.41281,1,0.24426,0.92286,0.20647
000483_lcam_front_lidar.ply,0.25,800,0.9,0.09776,0.40028,1,0.23207,0.91904,0.20469
000484_lcam_front_lidar.ply,0.25,800,0.9,0.07807,0.40059,1,0.23513,0.91819,0.21687
000485_lcam_front_lidar.ply,0.2,800,0.9,0.08163,0.38593,1,0.20314,0.91548,0.17751
000486_lcam_front_lidar.ply,0.2,800,0.9,0.08717,0.39321,1,0.19904,0.9129,0.16007
000487_lcam_front_lidar.ply,0.2,800,0.9,0.0818,0.38607,1,0.20014,0.91205,0.17491
000488_lcam_front_lidar.ply,0.2,800,0.9,0.10027,0.38031,1,0.18649,0.91512,0.15076
000489_lcam_front_lidar.ply,0.25,800,0.9,0.07133,0.3837,1,0.19784,0.91731,0.17352
000490_lcam_front_lidar.ply,0.2,800,0.9,0.10303,0.37955,1,0.18494,0.91491,0.14519
000491_lcam_front_lidar.ply,0.2,800,0.9,0.09959,0.37816,1,0.17168,0.89856,0.12925
000492_lcam_front_lidar.ply,0.2,800,0.9,0.09291,0.38229,1,0.1839,0.90525,0.13841
000493_lcam_front_lidar.ply,0.25,800,0.9,0.07932,0.39265,1,0.21375,0.91409,0.18326
000494_lcam_front_lidar.ply,0.25,800,0.9,0.07959,0.37938,1,0.19464,0.90245,0.1728
000495_lcam_front_lidar.ply,0.25,800,0.9,0.09015,0.24844,1,0.03167,0.88626,0.10588
000496_lcam_front_lidar.ply,0.2,800,0.9,0.08388,0.39754,1,0.20317,0.90803,0.15315
000497_lcam_front_lidar.ply,0.2,800,0.9,0.09607,0.39535,1,0.19809,0.91123,0.14224
000498_lcam_front_lidar.ply,0.2,800,0.9,0.07968,0.39451,1,0.20468,0.9126,0.15862
000499_lcam_front_lidar.ply,0.2,800,0.9,0.07733,0.39507,1,0.20944,0.91119,0.17022
000500_lcam_front_lidar.ply,0.2,800,0.9,0.07305,0.40142,1,0.2077,0.91376,0.1601
000501_lcam_front_lidar.ply,0.25,800,0.9,0.10008,0.39461,1,0.22562,0.9127,0.20235
000502_lcam_front_lidar.ply,0.2,800,0.9,0.09044,0.39849,1,0.21172,0.90933,0.16477
000503_lcam_front_lidar.ply,0.2,800,0.9,0.07729,0.40275,1,0.2121,0.91118,0.16184
000504_lcam_front_lidar.ply,0.2,800,0.9,0.08197,0.39203,1,0.21682,0.91465,0.18702
000505_lcam_front_lidar.ply,0.2,800,0.9,0.09464,0.39557,1,0.21848,0.91381,0.18393
000506_lcam_front_lidar.ply,0.25,800,0.9,0.07813,0.25729,1,0.03728,0.9129,0.10381
000507_lcam_front_lidar.ply,0.25,800,0.9,0.09061,0.39763,1,0.23796,0.91497,0.22124
000508_lcam_front_lidar.ply,0.25,800,0.9,0.09493,0.38602,1,0.22298,0.90973,0.20835
000509_lcam_front_lidar.ply,0.25,800,0.9,0.09477,0.2699,1,0.00094,0.99862,0.00027
000510_lcam_front_lidar.ply,0.2,800,0.9,0.07379,0.27573,1,0.04984,0.91042,0.09177
000511_lcam_front_lidar.ply,0.25,800,0.9,0.08495,0.26615,1,0.04523,0.91149,0.09613
000512_lcam_front_lidar.ply,0.25,800,0.9,0.09614,0.2732,1,0.05516,0.91271,0.10141
000513_lcam_front_lidar.ply,0.25,800,0.9,0.09167,0.25341,1,0.04611,0.91382,0.12058
000514_lcam_front_lidar.ply,0.25,800,0.9,0.11125,0.26645,1,0.05424,0.913,0.1084
000515_lcam_front_lidar.ply,0.25,800,0.9,0.08498,0.37696,1,0.21475,0.90735,0.21586
000516_lcam_front_lidar.ply,0.25,800,0.9,0.08915,0.29243,1,0.07531,0.91168,0.10471
000517_lcam_front_lidar.ply,0.25,800,0.9,0.10238,0.25764,1,0.07668,0.90474,0.17359
000518_lcam_front_lidar.ply,0.25,800,0.9,0.11158,0.27072,1,0.06308,0.91182,0.11736
000519_lcam_front_lidar.ply,0.25,800,0.9,0.10463,0.27575,1,0.07038,0.91266,0.12557
000520_lcam_front_lidar.ply,0.25,800,0.9,0.10493,0.37741,1,0.21772,0.91121,0.21876
000521_lcam_front_lidar.ply,0.25,800,0.9,0.10327,0.38378,1,0.22368,0.90889,0.21075
000522_lcam_front_lidar.ply,0.25,800,0.9,0.09689,0.42121,1,0.28048,0.91522,0.25622
000523_lcam_front_lidar.ply,0.25,800,0.9,0.11115,0.41949,1,0.28053,0.91427,0.25636
000524_lcam_front_lidar.ply,0.25,800,0.9,0.10964,0.41603,1,0.27753,0.91356,0.25634
000525_lcam_front_lidar.ply,0.25,800,0.9,0.09776,0.42188,1,0.28307,0.91317,0.2567
000526_lcam_front_lidar.ply,0.25,800,0.9,0.11896,0.414,1,0.25487,0.90583,0.21623
000527_lcam_front_lidar.ply,0.25,800,0.9,0.09001,0.43399,1,0.28806,0.91004,0.24577
000528_lcam_front_lidar.ply,0.25,800,0.9,0.11229,0.42886,1,0.28406,0.90837,0.23996
000529_lcam_front_lidar.ply,0.25,800,0.9,0.08679,0.42862,1,0.2726,0.9062,0.22859
000530_lcam_front_lidar.ply,0.25,800,0.9,0.10464,0.43714,1,0.28418,0.90831,0.23164
000531_lcam_front_lidar.ply,0.25,800,0.9,0.10572,0.43166,1,0.28067,0.9069,0.22993
000532_lcam_front_lidar.ply,0.25,800,0.9,0.10334,0.18319,1,0.00633,0.82567,0.1808
000533_lcam_front_lidar.ply,0.25,800,0.9,0.11194,0.42535,1,0.27481,0.90699,0.2298
000534_lcam_front_lidar.ply,0.25,800,0.9,0.10543,0.42202,1,0.27295,0.90564,0.23392
000535_lcam_front_lidar.ply,0.25,800,0.9,0.10053,0.40933,1,0.25579,0.90571,0.22489
000536_lcam_front_lidar.ply,0.25,800,0.9,0.10508,0.40459,1,0.26184,0.90687,0.24219
000537_lcam_front_lidar.ply,0.25,800,0.9,0.10265,0.3946,1,0.24474,0.90848,0.23215
000538_lcam_front_lidar.ply,0.25,800,0.9,0.10998,0.3831,1,0.23765,0.90674,0.23761
000539_lcam_front_lidar.ply,0.25,800,0.9,0.08777,0.38968,1,0.24749,0.91447,0.24663
000540_lcam_front_lidar.ply,0.25,800,0.9,0.09492,0.38744,1,0.24006,0.91097,0.2362
000541_lcam_front_lidar.ply,0.25,800,0.9,0.09133,0.36075,1,0.21588,0.91421,0.24404
000542_lcam_front_lidar.ply,0.25,800,0.9,0.09345,0.24203,1,0.0517,0.90492,0.1534
000543_lcam_front_lidar.ply,0.25,800,0.9,0.09489,0.24235,1,0.04301,0.90346,0.13514
000544_lcam_front_lidar.ply,0.25,800,0.9,0.07729,0.23247,1,0.04974,0.90293,0.17448
000545_lcam_front_lidar.ply,0.25,800,0.9,0.09501,0.33604,1,0.16561,0.89683,0.1915
000546_lcam_front_lidar.ply,0.25,800,0.9,0.11283,0.24543,1,0.04742,0.89756,0.1388
000547_lcam_front_lidar.ply,0.25,800,0.9,0.07835,0.24898,1,0.04614,0.89959,0.13231
000548_lcam_front_lidar.ply,0.25,800,0.9,0.11098,0.24247,1,0.03975,0.90096,0.12994
000549_lcam_front_lidar.ply,0.25,800,0.9,0.08258,0.23832,1,0.04068,0.89794,0.14534
000550_lcam_front_lidar.ply,0.25,800,0.9,0.08045,0.33464,1,0.16455,0.90578,0.19894
000551_lcam_front_lidar.ply,0.25,800,0.9,0.09112,0.24271,1,0.0401,0.90313,0.13034
000552_lcam_front_lidar.ply,0.25,800,0.9,0.08473,0.35279,1,0.20706,0.91376,0.24414
000553_lcam_front_lidar.ply,0.25,800,0.9,0.07799,0.35659,1,0.21042,0.90933,0.23959
000554_lcam_front_lidar.ply,0.25,800,0.9,0.0931,0.36549,1,0.22279,0.91349,0.24337
000555_lcam_front_lidar.ply,0.25,800,0.9,0.07806,0.38432,1,0.2326,0.91118,0.23419
000556_lcam_front_lidar.ply,0.25,800,0.9,0.09871,0.38667,1,0.23615,0.90866,0.23521
000557_lcam_front_lidar.ply,0.25,800,0.9,0.10045,0.39274,1,0.24645,0.90791,0.23904
000558_lcam_front_lidar.ply,0.25,800,0.9,0.09817,0.40726,1,0.26174,0.90803,0.24008
000559_lcam_front_lidar.ply,0.25,800,0.9,0.08903,0.42052,1,0.26866,0.9097,0.23357
000560_lcam_front_lidar.ply,0.25,800,0.9,0.10501,0.41781,1,0.26535,0.90664,0.22968
000561_lcam_front_lidar.ply,0.25,800,0.9,0.10275,0.41565,1,0.27055,0.90662,0.24108
000562_lcam_front_lidar.ply,0.25,800,0.9,0.10118,0.4184,1,0.26167,0.9038,0.21754
000563_lcam_front_lidar.ply,0.25,800,0.9,0.10298,0.41822,1,0.25917,0.90297,0.21672
000564_lcam_front_lidar.ply,0.25,800,0.9,0.08626,0.4293,1,0.28091,0.90647,0.23988
000565_lcam_front_lidar.ply,0.25,800,0.9,0.09491,0.42785,1,0.27637,0.90538,0.22871
000566_lcam_front_lidar.ply,0.25,800,0.9,0.11066,0.43365,1,0.28831,0.90674,0.24351
000567_lcam_front_lidar.ply,0.25,800,0.9,0.12457,0.43063,1,0.28075,0.90661,0.23373
000568_lcam_front_lidar.ply,0.25,800,0.9,0.10709,0.42418,1,0.26996,0.90602,0.22924
000569_lcam_front_lidar.ply,0.25,800,0.9,0.11031,0.22527,1,0.02826,0.89884,0.14264
000570_lcam_front_lidar.ply,0.25,800,0.9,0.10378,0.434,1,0.28666,0.91035,0.24207
000571_lcam_front_lidar.ply,0.25,800,0.9,0.09801,0.43747,1,0.29491,0.913,0.25627
000572_lcam_front_lidar.ply,0.25,800,0.9,0.09547,0.41194,1,0.26154,0.90879,0.23895
000573_lcam_front_lidar.ply,0.25,800,0.9,0.11199,0.24055,1,0.05382,0.90572,0.16001
000574_lcam_front_lidar.ply,0.25,800,0.9,0.10277,0.26726,1,0.00421,0.96854,0.00955
000575_lcam_front_lidar.ply,0.25,800,0.9,0.10693,0.23252,1,0.04399,0.89894,0.15596
000576_lcam_front_lidar.ply,0.25,800,0.9,0.10131,0.221,1,0.00393,0.8825,0.10531
000577_lcam_front_lidar.ply,0.25,800,0.9,0.10029,0.42314,1,0.28327,0.91428,0.26094
000578_lcam_front_lidar.ply,0.25,800,0.9,0.09076,0.23024,1,0.0526,0.89809,0.1885
000579_lcam_front_lidar.ply,0.25,800,0.9,0.09782,0.25429,1,0.02987,0.89856,0.0933
000580_lcam_front_lidar.ply,0.2,800,0.9,0.09867,0.28751,1,0.08748,0.90809,0.13782
000581_lcam_front_lidar.ply,0.2,800,0.9,0.09932,0.41172,1,0.23804,0.91506,0.1923
000582_lcam_front_lidar.ply,0.2,800,0.9,0.09701,0.27791,1,0.05825,0.91121,0.10173
000583_lcam_front_lidar.ply,0.2,800,0.9,0.09921,0.26889,1,0.04686,0.91205,0.0948
000584_lcam_front_lidar.ply,0.2,800,0.9,0.09764,0.27853,1,0.05898,0.91108,0.09475
000585_lcam_front_lidar.ply,0.25,800,0.9,0.09802,0.40391,1,0.2546,0.9158,0.23797
000586_lcam_front_lidar.ply,0.25,800,0.9,0.09374,0.26842,1,0.04421,0.91171,0.09258
000587_lcam_front_lidar.ply,0.2,800,0.9,0.09609,0.2694,1,0.04763,0.90997,0.09314
000588_lcam_front_lidar.ply,0.2,800,0.9,0.09705,0.38755,1,0.21509,0.91163,0.19002
000589_lcam_front_lidar.ply,0.2,800,0.9,0.09662,0.39553,1,0.21896,0.91718,0.18221
000590_lcam_front_lidar.ply,0.2,800,0.9,0.08537,0.26778,1,0.0414,0.91125,0.09125
000591_lcam_front_lidar.ply,0.2,800,0.9,0.08534,0.38675,1,0.21224,0.91469,0.18832
000592_lcam_front_lidar.ply,0.2,800,0.9,0.11117,0.39519,1,0.21269,0.90985,0.17166
000593_lcam_front_lidar.ply,0.2,800,0.9,0.0919,0.39958,1,0.21845,0.91135,0.17774
000594_lcam_front_lidar.ply,0.2,800,0.9,0.0828,0.39457,1,0.20286,0.91251,0.15073
000595_lcam_front_lidar.ply,0.2,800,0.9,0.08865,0.4018,1,0.20013,0.90674,0.13729
000596_lcam_front_lidar.ply,0.2,800,0.9,0.08722,0.38316,1,0.19203,0.90162,0.15131
000597_lcam_front_lidar.ply,0.25,800,0.9,0.09109,0.37854,1,0.21421,0.91225,0.208
000598_lcam_front_lidar.ply,0.25,800,0.9,0.09132,0.38057,1,0.21791,0.91045,0.20905
000599_lcam_front_lidar.ply,0.2,800,0.9,0.08398,0.38491,1,0.19366,0.91081,0.15424
000600_lcam_front_lidar.ply,0.25,800,0.9,0.0771,0.38303,1,0.20137,0.91155,0.17724
000601_lcam_front_lidar.ply,0.25,800,0.9,0.09287,0.37869,1,0.19849,0.91033,0.17212
000602_lcam_front_lidar.ply,0.2,800,0.9,0.08675,0.39078,1,0.18884,0.91459,0.13685
000603_lcam_front_lidar.ply,0.25,800,0.9,0.09664,0.37386,1,0.19089,0.90936,0.17364
000604_lcam_front_lidar.ply,0.2,800,0.9,0.08478,0.3917,1,0.18877,0.91448,0.12964
000605_lcam_front_lidar.ply,0.2,800,0.9,0.10125,0.39017,1,0.18636,0.91646,0.13291
000606_lcam_front_lidar.ply,0.2,800,0.9,0.09157,0.39777,1,0.19593,0.91814,0.13945
000607_lcam_front_lidar.ply,0.2,800,0.9,0.093,0.38956,1,0.18797,0.92115,0.13646
000608_lcam_front_lidar.ply,0.2,800,0.9,0.08717,0.382,1,0.18923,0.91896,0.15369
000609_lcam_front_lidar.ply,0.2,800,0.9,0.07687,0.38671,1,0.19222,0.92088,0.15726
000610_lcam_front_lidar.ply,0.2,800,0.9,0.09268,0.38407,1,0.18826,0.91999,0.14998
000611_lcam_front_lidar.ply,0.2,800,0.9,0.08947,0.39012,1,0.18844,0.92485,0.13998
000612_lcam_front_lidar.ply,0.2,800,0.9,0.08923,0.39141,1,0.18903,0.92891,0.13428
000613_lcam_front_lidar.ply,0.2,800,0.9,0.10019,0.39181,1,0.19341,0.92739,0.14287
000614_lcam_front_lidar.ply,0.2,800,0.9,0.09058,0.38856,1,0.19265,0.92605,0.14593
000615_lcam_front_lidar.ply,0.2,800,0.9,0.0954,0.39162,1,0.18932,0.92912,0.13223
000616_lcam_front_lidar.ply,0.2,800,0.9,0.11061,0.39733,1,0.19991,0.92736,0.1421
000617_lcam_front_lidar.ply,0.2,800,0.9,0.09519,0.39857,1,0.19235,0.9287,0.12867
000618_lcam_front_lidar.ply,0.2,800,0.9,0.10892,0.40312,1,0.20238,0.92948,0.13434
000619_lcam_front_lidar.ply,0.2,800,0.9,0.09519,0.40594,1,0.20734,0.92969,0.14173
000620_lcam_front_lidar.ply,0.2,800,0.9,0.111,0.40739,1,0.20065,0.92756,0.12756
000621_lcam_front_lidar.ply,0.2,800,0.9,0.09509,0.40086,1,0.19094,0.92411,0.11966
000622_lcam_front_lidar.ply,0.2,800,0.9,0.09273,0.40736,1,0.19921,0.92784,0.12367
000623_lcam_front_lidar.ply,0.2,800,0.9,0.08955,0.41263,1,0.2053,0.92759,0.12548
000624_lcam_front_lidar.ply,0.2,800,0.9,0.09303,0.41034,1,0.20198,0.92581,0.1223
000625_lcam_front_lidar.ply,0.2,800,0.9,0.0891,0.41069,1,0.1966,0.92633,0.11106
000626_lcam_front_lidar.ply,0.2,800,0.9,0.08487,0.40033,1,0.19769,0.92696,0.1309
000627_lcam_front_lidar.ply,0.2,800,0.9,0.11203,0.39645,1,0.19302,0.92791,0.12928
000628_lcam_front_lidar.ply,0.25,800,0.9,0.10047,0.38338,1,0.19831,0.92615,0.16564
000629_lcam_front_lidar.ply,0.25,800,0.9,0.10062,0.37898,1,0.19076,0.92592,0.1633
000630_lcam_front_lidar.ply,0.25,800,0.9,0.08992,0.37226,1,0.188,0.92873,0.17086
000631_lcam_front_lidar.ply,0.25,800,0.9,0.0837,0.37054,1,0.17346,0.92452,0.14992
000632_lcam_front_lidar.ply,0.25,800,0.9,0.09692,0.36471,1,0.16954,0.92378,0.14836
000633_lcam_front_lidar.ply,0.2,800,0.9,0.08719,0.37938,1,0.16031,0.92696,0.1006
000634_lcam_front_lidar.ply,0.2,800,0.9,0.08154,0.38024,1,0.15674,0.9218,0.09132
000635_lcam_front_lidar.ply,0.2,800,0.9,0.08799,0.37707,1,0.14343,0.92171,0.07074
000636_lcam_front_lidar.ply,0.2,800,0.9,0.10374,0.38125,1,0.15544,0.92367,0.08555
000637_lcam_front_lidar.ply,0.2,800,0.9,0.09302,0.37976,1,0.14899,0.92301,0.07714
000638_lcam_front_lidar.ply,0.2,800,0.9,0.094,0.3835,1,0.14828,0.92251,0.07332
000639_lcam_front_lidar.ply,0.2,800,0.9,0.08898,0.39899,1,0.15787,0.9211,0.05962
000640_lcam_front_lidar.ply,0.2,800,0.9,0.10115,0.39949,1,0.16415,0.92121,0.06439
000641_lcam_front_lidar.ply,0.2,800,0.9,0.11014,0.40263,1,0.16268,0.91837,0.05704
000642_lcam_front_lidar.ply,0.2,800,0.9,0.10126,0.4033,1,0.15388,0.9185,0.04179
000643_lcam_front_lidar.ply,0.2,800,0.9,0.08345,0.39863,1,0.14966,0.91661,0.04425
000644_lcam_front_lidar.ply,0.2,800,0.9,0.08553,0.39332,1,0.1415,0.91711,0.04336
000645_lcam_front_lidar.ply,0.2,800,0.9,0.10982,0.39332,1,0.14917,0.91541,0.04654
000646_lcam_front_lidar.ply,0.2,800,0.9,0.09253,0.3945,1,0.14722,0.91704,0.04722
000647_lcam_front_lidar.ply,0.2,800,0.9,0.08884,0.38939,1,0.14216,0.91766,0.04806
000648_lcam_front_lidar.ply,0.2,800,0.9,0.09874,0.38455,1,0.13751,0.91841,0.04875
000649_lcam_front_lidar.ply,0.2,800,0.9,0.10344,0.37194,1,0.12857,0.91704,0.05342
000650_lcam_front_lidar.ply,0.2,800,0.9,0.0993,0.35584,1,0.12327,0.92521,0.07561
000651_lcam_front_lidar.ply,0.2,800,0.9,0.11839,0.34019,1,0.11709,0.9244,0.08962
000652_lcam_front_lidar.ply,0.2,800,0.9,0.09015,0.33935,1,0.1131,0.92352,0.08881
000653_lcam_front_lidar.ply,0.2,800,0.9,0.10242,0.32507,1,0.10358,0.92201,0.09774
000654_lcam_front_lidar.ply,0.2,800,0.9,0.08854,0.31688,1,0.09098,0.91852,0.09088
000655_lcam_front_lidar.ply,0.2,800,0.9,0.10621,0.30935,1,0.07946,0.92058,0.08416
000656_lcam_front_lidar.ply,0.2,800,0.9,0.11045,0.32263,1,0.08506,0.91876,0.06145
000657_lcam_front_lidar.ply,0.2,800,0.9,0.09427,0.31424,1,0.08209,0.92503,0.07714
000658_lcam_front_lidar.ply,0.2,800,0.9,0.09074,0.38372,1,0.15236,0.9153,0.07928
000659_lcam_front_lidar.ply,0.2,800,0.9,0.09272,0.38229,1,0.17224,0.92359,0.12262
000660_lcam_front_lidar.ply,0.2,800,0.9,0.10063,0.39352,1,0.18862,0.92342,0.13211
000661_lcam_front_lidar.ply,0.2,800,0.9,0.10341,0.40713,1,0.18857,0.92467,0.10407
000662_lcam_front_lidar.ply,0.2,800,0.9,0.09924,0.42051,1,0.21013,0.9227,0.12364
000663_lcam_front_lidar.ply,0.2,800,0.9,0.10056,0.41732,1,0.212,0.92364,0.13228
000664_lcam_front_lidar.ply,0.2,800,0.9,0.1014,0.42852,1,0.2248,0.92152,0.13345
000665_lcam_front_lidar.ply,0.2,800,0.9,0.08329,0.44002,1,0.22761,0.92349,0.12047
000666_lcam_front_lidar.ply,0.2,800,0.9,0.09888,0.44717,1,0.23338,0.92469,0.11617
000667_lcam_front_lidar.ply,0.2,800,0.9,0.09385,0.45107,1,0.23695,0.92509,0.11893
000668_lcam_front_lidar.ply,0.2,800,0.9,0.08965,0.44196,1,0.2216,0.92352,0.10729
000669_lcam_front_lidar.ply,0.2,800,0.9,0.10074,0.44168,1,0.22978,0.92415,0.11652
000670_lcam_front_lidar.ply,0.2,800,0.9,0.10876,0.4412,1,0.2301,0.92338,0.11789
000671_lcam_front_lidar.ply,0.2,800,0.9,0.09517,0.44481,1,0.23629,0.92599,0.12441
000672_lcam_front_lidar.ply,0.2,800,0.9,0.097,0.43961,1,0.23269,0.92233,0.12703
000673_lcam_front_lidar.ply,0.2,800,0.9,0.0937,0.45121,1,0.23801,0.92355,0.12041
000674_lcam_front_lidar.ply,0.2,800,0.9,0.10388,0.27504,1,0.03075,0.88965,0.05334
000675_lcam_front_lidar.ply,0.2,800,0.9,0.1009,0.45232,1,0.24732,0.92434,0.12953
000676_lcam_front_lidar.ply,0.2,800,0.9,0.09162,0.44938,1,0.2429,0.91941,0.12869
000677_lcam_front_lidar.ply,0.2,800,0.9,0.10087,0.46094,1,0.26005,0.91831,0.13802
000678_lcam_front_lidar.ply,0.2,800,0.9,0.10064,0.46079,1,0.25894,0.9182,0.1374
000679_lcam_front_lidar.ply,0.2,800,0.9,0.07142,0.46682,1,0.26138,0.91514,0.13747
000680_lcam_front_lidar.ply,0.2,800,0.9,0.08296,0.45305,1,0.24424,0.90077,0.13014
000681_lcam_front_lidar.ply,0.2,800,0.9,0.09518,0.46571,1,0.2547,0.90073,0.11876
000682_lcam_front_lidar.ply,0.2,800,0.9,0.07897,0.47918,1,0.26904,0.90553,0.12358
000683_lcam_front_lidar.ply,0.2,800,0.9,0.07552,0.45428,1,0.23174,0.8953,0.10171
000684_lcam_front_lidar.ply,0.2,800,0.9,0.07516,0.40577,1,0.18129,0.91413,0.09831
000685_lcam_front_lidar.ply,0.2,800,0.9,0.08705,0.38952,1,0.17937,0.92186,0.12399
000686_lcam_front_lidar.ply,0.2,800,0.9,0.09661,0.3779,1,0.18245,0.91852,0.1481
000687_lcam_front_lidar.ply,0.2,800,0.9,0.09725,0.38777,1,0.18516,0.90784,0.13514
000688_lcam_front_lidar.ply,0.2,800,0.9,0.08817,0.38384,1,0.17291,0.90889,0.11607
000689_lcam_front_lidar.ply,0.2,800,0.9,0.09099,0.37571,1,0.16959,0.91599,0.12456
000690_lcam_front_lidar.ply,0.2,800,0.9,0.09553,0.38048,1,0.17681,0.91685,0.13173
000691_lcam_front_lidar.ply,0.2,800,0.9,0.07756,0.38869,1,0.18742,0.91047,0.13985
000692_lcam_front_lidar.ply,0.2,800,0.9,0.07988,0.37908,1,0.17147,0.9066,0.13077
000693_lcam_front_lidar.ply,0.2,800,0.9,0.09355,0.35086,1,0.15017,0.91413,0.13686
000694_lcam_front_lidar.ply,0.2,800,0.9,0.08829,0.35209,1,0.15708,0.9131,0.1464
000695_lcam_front_lidar.ply,0.2,800,0.9,0.09789,0.3547,1,0.15909,0.91247,0.14808
000696_lcam_front_lidar.ply,0.2,800,0.9,0.09566,0.35799,1,0.16866,0.90956,0.15579
000697_lcam_front_lidar.ply,0.2,800,0.9,0.09477,0.35825,1,0.16987,0.91599,0.16427
000698_lcam_front_lidar.ply,0.2,800,0.9,0.09205,0.36091,1,0.17063,0.91274,0.16006
000699_lcam_front_lidar.ply,0.2,800,0.9,0.09527,0.36238,1,0.17175,0.91209,0.15925
000700_lcam_front_lidar.ply,0.2,800,0.9,0.09531,0.36659,1,0.17641,0.91664,0.15981
000701_lcam_front_lidar.ply,0.2,800,0.9,0.09185,0.36332,1,0.16969,0.91958,0.15322
000702_lcam_front_lidar.ply,0.2,800,0.9,0.07679,0.36611,1,0.17994,0.91967,0.16676
000703_lcam_front_lidar.ply,0.2,800,0.9,0.07927,0.39114,1,0.19615,0.91506,0.14897
000704_lcam_front_lidar.ply,0.2,800,0.9,0.06737,0.35375,1,0.17389,0.91697,0.18143
000705_lcam_front_lidar.ply,0.2,800,0.9,0.06344,0.3259,1,0.14554,0.94471,0.1816
000706_lcam_front_lidar.ply,0.2,800,0.9,0.05114,0.33757,1,0.12896,0.90858,0.12862
000707_lcam_front_lidar.ply,0.2,800,0.9,0.06756,0.31508,1,0.10844,0.90812,0.12924
000708_lcam_front_lidar.ply,0.2,800,0.9,0.07135,0.27167,1,0.05931,0.87062,0.1204
000709_lcam_front_lidar.ply,0.2,800,0.9,0.09975,0.26648,1,0.05562,0.87672,0.11268
000710_lcam_front_lidar.ply,0.2,800,0.9,0.09016,0.26562,1,0.05351,0.87271,0.1117
000711_lcam_front_lidar.ply,0.2,800,0.9,0.09567,0.30957,1,0.10808,0.92467,0.1324
000712_lcam_front_lidar.ply,0.2,800,0.9,0.08519,0.30575,1,0.12291,0.93251,0.16622
000713_lcam_front_lidar.ply,0.2,800,0.9,0.09712,0.26494,1,0.05537,0.8636,0.11026
000714_lcam_front_lidar.ply,0.2,800,0.9,0.09673,0.26636,1,0.05645,0.87671,0.11109
000715_lcam_front_lidar.ply,0.2,800,0.9,0.09527,0.26874,1,0.05776,0.86796,0.11091
000716_lcam_front_lidar.ply,0.2,800,0.9,0.08889,0.30109,1,0.12274,0.93495,0.17525
000717_lcam_front_lidar.ply,0.2,800,0.9,0.09533,0.26723,1,0.05637,0.86418,0.10253
000718_lcam_front_lidar.ply,0.2,800,0.9,0.09154,0.27178,1,0.05669,0.86539,0.10167
000719_lcam_front_lidar.ply,0.2,800,0.9,0.08333,0.27029,1,0.05586,0.87679,0.10466
000720_lcam_front_lidar.ply,0.2,800,0.9,0.07888,0.31124,1,0.13505,0.93609,0.18265
000721_lcam_front_lidar.ply,0.2,800,0.9,0.07937,0.26804,1,0.05638,0.87257,0.10169
000722_lcam_front_lidar.ply,0.2,800,0.9,0.08209,0.30288,1,0.12895,0.93411,0.18755
000723_lcam_front_lidar.ply,0.2,800,0.9,0.09553,0.28265,1,0.06415,0.84649,0.09516
000724_lcam_front_lidar.ply,0.2,800,0.9,0.07912,0.29811,1,0.12601,0.93505,0.18693
000725_lcam_front_lidar.ply,0.2,800,0.9,0.09562,0.299,1,0.11874,0.94013,0.16816
000726_lcam_front_lidar.ply,0.2,800,0.9,0.09543,0.30343,1,0.11178,0.9374,0.15147
000727_lcam_front_lidar.ply,0.2,800,0.9,0.09515,0.28951,1,0.09959,0.9378,0.14696
000728_lcam_front_lidar.ply,0.2,800,0.9,0.09579,0.27265,1,0.09091,0.95348,0.17094
000729_lcam_front_lidar.ply,0.2,800,0.9,0.08261,0.27152,1,0.08653,0.95059,0.16828
000730_lcam_front_lidar.ply,0.2,800,0.9,0.09564,0.26958,1,0.10232,0.95641,0.19722
000731_lcam_front_lidar.ply,0.2,800,0.9,0.10473,0.25559,1,0.08469,0.95932,0.18388
000732_lcam_front_lidar.ply,0.2,800,0.9,0.09594,0.26246,1,0.08505,0.95024,0.17528
000733_lcam_front_lidar.ply,0.2,800,0.9,0.08928,0.25222,1,0.08137,0.94295,0.18989
000734_lcam_front_lidar.ply,0.2,800,0.9,0.09527,0.26592,1,0.08061,0.98115,0.15672
000735_lcam_front_lidar.ply,0.2,800,0.9,0.09812,0.26866,1,0.08057,0.97995,0.14995
000736_lcam_front_lidar.ply,0.2,800,0.9,0.11091,0.25496,1,0.09185,0.95255,0.20093
000737_lcam_front_lidar.ply,0.2,800,0.9,0.09112,0.24598,1,0.07633,0.94836,0.1889
000738_lcam_front_lidar.ply,0.2,800,0.9,0.09322,0.26998,1,0.10032,0.9497,0.18753
000739_lcam_front_lidar.ply,0.2,800,0.9,0.10848,0.26807,1,0.10109,0.9519,0.19872
000740_lcam_front_lidar.ply,0.2,800,0.9,0.10681,0.26894,1,0.09621,0.94318,0.18173
000741_lcam_front_lidar.ply,0.2,800,0.9,0.10963,0.27086,1,0.09989,0.93898,0.19016
000742_lcam_front_lidar.ply,0.2,800,0.9,0.1165,0.26816,1,0.13016,0.99861,0.25129
000743_lcam_front_lidar.ply,0.2,800,0.9,0.1157,0.24449,1,0.08124,0.94426,0.19657
000744_lcam_front_lidar.ply,0.2,800,0.9,0.1089,0.265,1,0.10024,0.95468,0.19881
000745_lcam_front_lidar.ply,0.2,800,0.9,0.10385,0.25782,1,0.08227,0.94952,0.18039
000746_lcam_front_lidar.ply,0.2,800,0.9,0.11112,0.27618,1,0.11061,0.96217,0.19693
000747_lcam_front_lidar.ply,0.2,800,0.9,0.11945,0.25685,1,0.08281,0.9461,0.18286
000748_lcam_front_lidar.ply,0.2,800,0.9,0.12656,0.25459,1,0.07984,0.94379,0.1813
000749_lcam_front_lidar.ply,0.2,800,0.9,0.1354,0.24031,1,0.06736,0.95079,0.17804
000750_lcam_front_lidar.ply,0.2,800,0.9,0.11344,0.26356,1,0.09694,0.94306,0.19873
000751_lcam_front_lidar.ply,0.2,800,0.9,0.08528,0.24398,1,0.07699,0.93847,0.20184
000752_lcam_front_lidar.ply,0.2,800,0.9,0.08311,0.27172,1,0.07733,0.95171,0.14389
000753_lcam_front_lidar.ply,0.2,800,0.9,0.07926,0.30675,1,0.11783,0.96277,0.15856
000754_lcam_front_lidar.ply,0.2,800,0.9,0.06115,0.30044,1,0.08878,0.98711,0.1119
000755_lcam_front_lidar.ply,0.2,800,0.9,0.05953,0.29503,1,0.13125,0.99676,0.20742
000756_lcam_front_lidar.ply,0.2,800,0.9,0.06534,0.31196,1,0.13146,0.9926,0.18033
000757_lcam_front_lidar.ply,0.2,800,0.9,0.08459,0.31157,1,0.13171,0.99317,0.16978
000758_lcam_front_lidar.ply,0.2,800,0.9,0.09999,0.30259,1,0.12013,0.99305,0.16305
000759_lcam_front_lidar.ply,0.2,800,0.9,0.11714,0.29384,1,0.11566,0.99405,0.17209
000760_lcam_front_lidar.ply,0.2,800,0.9,0.1108,0.29123,1,0.10622,0.99275,0.15836
000761_lcam_front_lidar.ply,0.2,800,0.9,0.10749,0.28417,1,0.1064,0.99447,0.17507
000762_lcam_front_lidar.ply,0.2,800,0.9,0.11134,0.28021,1,0.10394,0.99343,0.17947
000763_lcam_front_lidar.ply,0.2,800,0.9,0.10845,0.28001,1,0.09742,0.9935,0.16797
000764_lcam_front_lidar.ply,0.2,800,0.9,0.10286,0.2919,1,0.10557,0.9939,0.16124
000765_lcam_front_lidar.ply,0.2,800,0.9,0.11879,0.28076,1,0.09518,0.99388,0.16274
000766_lcam_front_lidar.ply,0.2,800,0.9,0.11328,0.28167,1,0.08573,0.99442,0.13623
000767_lcam_front_lidar.ply,0.2,800,0.9,0.12336,0.31026,1,0.11916,0.99352,0.15152
000768_lcam_front_lidar.ply,0.2,800,0.9,0.11726,0.30574,1,0.11387,0.99396,0.14647
000769_lcam_front_lidar.ply,0.2,800,0.9,0.11118,0.3095,1,0.11635,0.99548,0.15015
000770_lcam_front_lidar.ply,0.2,800,0.9,0.10733,0.31675,1,0.11739,0.99321,0.13672
000771_lcam_front_lidar.ply,0.2,800,0.9,0.12608,0.3105,1,0.12714,0.99792,0.16661
000772_lcam_front_lidar.ply,0.2,800,0.9,0.12042,0.31786,1,0.10939,0.99363,0.11119
000773_lcam_front_lidar.ply,0.2,800,0.9,0.11976,0.33722,1,0.13243,0.99491,0.12456
000774_lcam_front_lidar.ply,0.2,800,0.9,0.11281,0.33848,1,0.12814,0.99446,0.11277
000775_lcam_front_lidar.ply,0.2,800,0.9,0.12723,0.32766,1,0.12372,0.99347,0.12078
000776_lcam_front_lidar.ply,0.2,800,0.9,0.11981,0.34026,1,0.11831,0.99538,0.0892
000777_lcam_front_lidar.ply,0.2,800,0.9,0.10268,0.34208,1,0.13237,0.99636,0.11973
000778_lcam_front_lidar.ply,0.2,800,0.9,0.12832,0.32662,1,0.11695,0.99611,0.11276
000779_lcam_front_lidar.ply,0.2,800,0.9,0.12226,0.32513,1,0.10736,0.99562,0.09821
000780_lcam_front_lidar.ply,0.2,800,0.9,0.11885,0.33709,1,0.12657,0.99576,0.11409
000781_lcam_front_lidar.ply,0.2,800,0.9,0.13437,0.3254,1,0.11572,0.99628,0.11376
000782_lcam_front_lidar.ply,0.2,800,0.9,0.11782,0.32491,1,0.11829,0.99627,0.12077
000783_lcam_front_lidar.ply,0.2,800,0.9,0.10553,0.32484,1,0.12002,0.99694,0.12687
000784_lcam_front_lidar.ply,0.2,800,0.9,0.10971,0.32637,1,0.12168,0.99679,0.12975
000785_lcam_front_lidar.ply,0.2,800,0.9,0.11849,0.32052,1,0.11918,0.99767,0.13458
000786_lcam_front_lidar.ply,0.2,800,0.9,0.11662,0.31657,1,0.11939,0.99759,0.14011
000787_lcam_front_lidar.ply,0.2,800,0.9,0.112,0.29788,1,0.1091,0.99826,0.16095
000788_lcam_front_lidar.ply,0.2,800,0.9,0.11091,0.28155,1,0.09801,0.99986,0.16947
000789_lcam_front_lidar.ply,0.2,800,0.9,0.11847,0.30759,1,0.11212,0.99994,0.14581
000790_lcam_front_lidar.ply,0.2,800,0.9,0.12305,0.31043,1,0.12696,0.9998,0.16969
000791_lcam_front_lidar.ply,0.2,800,0.9,0.11331,0.31994,1,0.13276,0.99948,0.16189
000792_lcam_front_lidar.ply,0.2,800,0.9,0.12701,0.31535,1,0.13377,0.99966,0.17002
000793_lcam_front_lidar.ply,0.2,800,0.9,0.12992,0.31742,1,0.13217,0.99962,0.16196
000794_lcam_front_lidar.ply,0.2,800,0.9,0.11133,0.31547,1,0.12944,0.99948,0.16546
000795_lcam_front_lidar.ply,0.2,800,0.9,0.11472,0.31632,1,0.12729,0.99982,0.15866
000796_lcam_front_lidar.ply,0.2,800,0.9,0.11687,0.32475,1,0.13402,0.99983,0.15476
000797_lcam_front_lidar.ply,0.2,800,0.9,0.14368,0.32088,1,0.13037,0.99984,0.14883
000798_lcam_front_lidar.ply,0.2,800,0.9,0.1248,0.32679,1,0.13591,0.99979,0.15249
000799_lcam_front_lidar.ply,0.2,800,0.9,0.10949,0.32718,1,0.13547,0.99986,0.1514
000800_lcam_front_lidar.ply,0.2,800,0.9,0.12682,0.32877,1,0.13542,0.99985,0.14587
000801_lcam_front_lidar.ply,0.2,800,0.9,0.12931,0.34376,1,0.14867,0.99981,0.1433
000802_lcam_front_lidar.ply,0.2,800,0.9,0.10869,0.35104,1,0.15009,0.9998,0.13412
000803_lcam_front_lidar.ply,0.2,800,0.9,0.13333,0.3456,1,0.14852,0.99979,0.13588
000804_lcam_front_lidar.ply,0.2,800,0.9,0.12076,0.35329,1,0.15085,0.99972,0.13188
000805_lcam_front_lidar.ply,0.2,800,0.9,0.13039,0.3619,1,0.16305,0.9997,0.1375
000806_lcam_front_lidar.ply,0.2,800,0.9,0.1247,0.37348,1,0.16439,0.99954,0.11459
000807_lcam_front_lidar.ply,0.2,800,0.9,0.12394,0.37394,1,0.16531,0.99947,0.11328
000808_lcam_front_lidar.ply,0.2,800,0.9,0.12418,0.37176,1,0.15976,0.99944,0.10893
000809_lcam_front_lidar.ply,0.2,800,0.9,0.12989,0.37525,1,0.16398,0.99954,0.10983
000810_lcam_front_lidar.ply,0.2,800,0.9,0.12254,0.37776,1,0.1631,0.99944,0.10281
000811_lcam_front_lidar.ply,0.2,800,0.9,0.11181,0.38173,1,0.16444,0.99941,0.10304
000812_lcam_front_lidar.ply,0.2,800,0.9,0.12079,0.37827,1,0.16025,0.99945,0.10085
000813_lcam_front_lidar.ply,0.2,800,0.9,0.113,0.37615,1,0.15825,0.99936,0.09916
000814_lcam_front_lidar.ply,0.2,800,0.9,0.13632,0.3813,1,0.16774,0.99952,0.10488
000815_lcam_front_lidar.ply,0.2,800,0.9,0.10676,0.39248,1,0.16929,0.9994,0.09555
000816_lcam_front_lidar.ply,0.2,800,0.9,0.12123,0.38342,1,0.16568,0.99936,0.09832
000817_lcam_front_lidar.ply,0.2,800,0.9,0.12126,0.38292,1,0.16254,0.99938,0.09574
000818_lcam_front_lidar.ply,0.2,800,0.9,0.11693,0.39372,1,0.17732,0.99937,0.10143
000819_lcam_front_lidar.ply,0.2,800,0.9,0.11095,0.39926,1,0.17998,0.99931,0.09613
000820_lcam_front_lidar.ply,0.2,800,0.9,0.11672,0.39957,1,0.18306,0.99935,0.10189
000821_lcam_front_lidar.ply,0.2,800,0.9,0.13279,0.40334,1,0.18512,0.99924,0.0983
000822_lcam_front_lidar.ply,0.2,800,0.9,0.11466,0.40316,1,0.18346,0.99927,0.1001
000823_lcam_front_lidar.ply,0.2,800,0.9,0.11498,0.40298,1,0.18876,0.99928,0.10603
000824_lcam_front_lidar.ply,0.2,800,0.9,0.11552,0.4073,1,0.19113,0.99925,0.10487
000825_lcam_front_lidar.ply,0.2,800,0.9,0.11122,0.40922,1,0.19262,0.99923,0.10572
000826_lcam_front_lidar.ply,0.2,800,0.9,0.10484,0.40454,1,0.19113,0.99922,0.10735
000827_lcam_front_lidar.ply,0.2,800,0.9,0.12488,0.39885,1,0.18255,0.99917,0.10332
000828_lcam_front_lidar.ply,0.2,800,0.9,0.12078,0.40919,1,0.19397,0.99912,0.10393
000829_lcam_front_lidar.ply,0.2,800,0.9,0.12388,0.41313,1,0.19909,0.99904,0.10387
000830_lcam_front_lidar.ply,0.2,800,0.9,0.11421,0.41707,1,0.20493,0.99903,0.10718
000831_lcam_front_lidar.ply,0.2,800,0.9,0.12299,0.4137,1,0.19928,0.99901,0.10464
000832_lcam_front_lidar.ply,0.2,800,0.9,0.10654,0.41768,1,0.20153,0.99897,0.1029
000833_lcam_front_lidar.ply,0.2,800,0.9,0.12792,0.42055,1,0.20336,0.99894,0.09992
000834_lcam_front_lidar.ply,0.2,800,0.9,0.12234,0.42083,1,0.20518,0.99901,0.10423
000835_lcam_front_lidar.ply,0.2,800,0.9,0.1187,0.41785,1,0.20328,0.99896,0.10131
000836_lcam_front_lidar.ply,0.2,800,0.9,0.11688,0.41416,1,0.19773,0.99896,0.09789
000837_lcam_front_lidar.ply,0.2,800,0.9,0.10885,0.42035,1,0.2034,0.99883,0.09832
000838_lcam_front_lidar.ply,0.2,800,0.9,0.13951,0.41723,1,0.2034,0.99883,0.09884
000839_lcam_front_lidar.ply,0.2,800,0.9,0.12103,0.24186,1,0.026,0.9615,0.09802
000840_lcam_front_lidar.ply,0.2,800,0.9,0.1292,0.4157,1,0.19818,0.99872,0.09618
000841_lcam_front_lidar.ply,0.2,800,0.9,0.11111,0.41774,1,0.20238,0.99868,0.10311
000842_lcam_front_lidar.ply,0.2,800,0.9,0.12956,0.42266,1,0.20886,0.99872,0.10658
000843_lcam_front_lidar.ply,0.2,800,0.9,0.12688,0.41428,1,0.1994,0.99861,0.0997
000844_lcam_front_lidar.ply,0.2,800,0.9,0.11134,0.4177,1,0.19538,0.99867,0.09287
000845_lcam_front_lidar.ply,0.2,800,0.9,0.13069,0.4161,1,0.20111,0.99864,0.1025
000846_lcam_front_lidar.ply,0.2,800,0.9,0.11427,0.42243,1,0.2057,0.99861,0.10131
000847_lcam_front_lidar.ply,0.2,800,0.9,0.10925,0.42305,1,0.20603,0.99861,0.10074
000848_lcam_front_lidar.ply,0.2,800,0.9,0.12261,0.42605,1,0.20836,0.99862,0.10067
000849_lcam_front_lidar.ply,0.2,800,0.9,0.1231,0.41767,1,0.19959,0.99857,0.09932
000850_lcam_front_lidar.ply,0.2,800,0.9,0.14541,0.24288,1,0.04405,0.98062,0.13004
000851_lcam_front_lidar.ply,0.2,800,0.9,0.13777,0.42311,1,0.21189,0.99877,0.10837
000852_lcam_front_lidar.ply,0.2,800,0.9,0.14328,0.23374,1,0.00159,0.9985,0.06045
000853_lcam_front_lidar.ply,0.2,800,0.9,0.13209,0.42787,1,0.21253,0.99858,0.09824
000854_lcam_front_lidar.ply,0.2,800,0.9,0.12814,0.25233,1,0.04768,0.97886,0.12059
000855_lcam_front_lidar.ply,0.2,800,0.9,0.12748,0.42852,1,0.20949,0.99867,0.09475
000856_lcam_front_lidar.ply,0.2,800,0.9,0.1269,0.25546,1,0.04931,0.98152,0.1183
000857_lcam_front_lidar.ply,0.2,800,0.9,0.14417,0.13889,1,0.00102,0.81662,0.25273
000858_lcam_front_lidar.ply,0.2,800,0.9,0.11507,0.2573,1,0.05435,0.98095,0.12648
000859_lcam_front_lidar.ply,0.2,800,0.9,0.11965,0.25571,1,0.05132,0.97781,0.11868
000860_lcam_front_lidar.ply,0.2,800,0.9,0.11694,0.25949,1,0.05396,0.97523,0.11852
000861_lcam_front_lidar.ply,0.2,800,0.9,0.13393,0.26045,1,0.05775,0.97261,0.12468
000862_lcam_front_lidar.ply,0.2,800,0.9,0.11199,0.26111,1,0.05469,0.97069,0.12042
000863_lcam_front_lidar.ply,0.2,800,0.9,0.12717,0.263,1,0.05648,0.97045,0.11574
000864_lcam_front_lidar.ply,0.2,800,0.9,0.11101,0.26202,1,0.05893,0.96926,0.12302
000865_lcam_front_lidar.ply,0.2,800,0.9,0.13257,0.26535,1,0.06193,0.96663,0.12098
000866_lcam_front_lidar.ply,0.2,800,0.9,0.11828,0.26524,1,0.06238,0.97032,0.12671
000867_lcam_front_lidar.ply,0.2,800,0.9,0.12121,0.26813,1,0.06647,0.96955,0.12747
000868_lcam_front_lidar.ply,0.2,800,0.9,0.12362,0.26802,1,0.00072,0.99985,7e-05
000869_lcam_front_lidar.ply,0.2,800,0.9,0.11371,0.26936,1,0.05916,0.96243,0.11166
000870_lcam_front_lidar.ply,0.2,800,0.9,0.13316,0.27157,1,0.0599,0.96248,0.10663
000871_lcam_front_lidar.ply,0.2,800,0.9,0.12341,0.41981,1,0.22869,0.99907,0.1477
000872_lcam_front_lidar.ply,0.2,800,0.9,0.11104,0.43602,1,0.23352,0.99883,0.13083
000873_lcam_front_lidar.ply,0.2,800,0.9,0.11551,0.27632,1,0.06913,0.9597,0.11115
000874_lcam_front_lidar.ply,0.2,800,0.9,0.12286,0.27842,1,0.07033,0.96168,0.11505
000875_lcam_front_lidar.ply,0.2,800,0.9,0.1378,0.2756,1,0.06435,0.95888,0.1079
000876_lcam_front_lidar.ply,0.2,800,0.9,0.11282,0.41589,1,0.21955,0.99882,0.13815
000877_lcam_front_lidar.ply,0.2,800,0.9,0.11226,0.42771,1,0.23207,0.99891,0.14374
000878_lcam_front_lidar.ply,0.2,800,0.9,0.12671,0.41161,1,0.2175,0.99885,0.13641
000879_lcam_front_lidar.ply,0.2,800,0.9,0.11304,0.42515,1,0.23016,0.99874,0.14131
000880_lcam_front_lidar.ply,0.2,800,0.9,0.10905,0.42425,1,0.22764,0.99863,0.1392
000881_lcam_front_lidar.ply,0.2,800,0.9,0.12087,0.42437,1,0.22738,0.99869,0.13979
000882_lcam_front_lidar.ply,0.2,800,0.9,0.11947,0.39863,1,0.2086,0.99876,0.14655
000883_lcam_front_lidar.ply,0.2,800,0.9,0.11683,0.41012,1,0.21646,0.99861,0.14735
000884_lcam_front_lidar.ply,0.2,800,0.9,0.10225,0.41395,1,0.21987,0.99867,0.14321
000885_lcam_front_lidar.ply,0.2,800,0.9,0.11111,0.40286,1,0.20918,0.99853,0.14866
000886_lcam_front_lidar.ply,0.2,800,0.9,0.12204,0.39588,1,0.20682,0.99858,0.15246
000887_lcam_front_lidar.ply,0.2,800,0.9,0.11127,0.36563,1,0.17863,0.99852,0.15315
000888_lcam_front_lidar.ply,0.2,800,0.9,0.10651,0.37784,1,0.18969,0.99834,0.15751
000889_lcam_front_lidar.ply,0.2,800,0.9,0.12623,0.37228,1,0.18073,0.99835,0.14638
000890_lcam_front_lidar.ply,0.2,800,0.9,0.09871,0.36035,1,0.17948,0.99836,0.17153
000891_lcam_front_lidar.ply,0.2,800,0.9,0.08114,0.3736,1,0.17485,0.99858,0.13667
000892_lcam_front_lidar.ply,0.2,800,0.9,0.07911,0.37498,1,0.18771,0.99891,0.16889
000893_lcam_front_lidar.ply,0.2,800,0.9,0.06858,0.3049,1,0.10751,0.9685,0.14651
000894_lcam_front_lidar.ply,0.2,800,0.9,0.06375,0.28324,1,0.08854,0.97049,0.15203
000895_lcam_front_lidar.ply,0.2,800,0.9,0.07669,0.33526,1,0.13556,0.96462,0.14469
000896_lcam_front_lidar.ply,0.2,800,0.9,0.07895,0.34757,1,0.16039,0.97354,0.1658
000897_lcam_front_lidar.ply,0.2,800,0.9,0.09461,0.32781,1,0.14842,0.97583,0.17601
000898_lcam_front_lidar.ply,0.2,800,0.9,0.1061,0.33064,1,0.17693,0.99825,0.22171
000899_lcam_front_lidar.ply,0.2,800,0.9,0.14703,0.3228,1,0.16336,0.99832,0.1996
000900_lcam_front_lidar.ply,0.2,800,0.9,0.11843,0.33785,1,0.16836,0.99875,0.19188
000901_lcam_front_lidar.ply,0.2,800,0.9,0.11456,0.34442,1,0.17542,0.99845,0.19152
000902_lcam_front_lidar.ply,0.2,800,0.9,0.13316,0.31886,1,0.16218,0.99676,0.21101
000903_lcam_front_lidar.ply,0.2,800,0.9,0.12921,0.23975,1,0.03571,0.99108,0.11252
000904_lcam_front_lidar.ply,0.2,800,0.9,0.12216,0.22631,1,0.0463,0.97448,0.16627
000905_lcam_front_lidar.ply,0.2,800,0.9,0.1226,0.32219,1,0.16123,0.99871,0.20502
000906_lcam_front_lidar.ply,0.2,800,0.9,0.13052,0.32584,1,0.17176,0.99891,0.21658
000907_lcam_front_lidar.ply,0.2,800,0.9,0.10809,0.32857,1,0.17543,0.99877,0.21953
000908_lcam_front_lidar.ply,0.2,800,0.9,0.12199,0.32249,1,0.16405,0.99559,0.20863
000909_lcam_front_lidar.ply,0.2,800,0.9,0.10611,0.32479,1,0.16843,0.99855,0.22033
000910_lcam_front_lidar.ply,0.2,800,0.9,0.10656,0.32895,1,0.17247,0.99883,0.21511
000911_lcam_front_lidar.ply,0.2,800,0.9,0.11539,0.31614,1,0.16395,0.99851,0.22278
000912_lcam_front_lidar.ply,0.2,800,0.9,0.11143,0.32493,1,0.16403,0.99541,0.20806
000913_lcam_front_lidar.ply,0.2,800,0.9,0.12224,0.31462,1,0.15733,0.99497,0.21158
000914_lcam_front_lidar.ply,0.2,800,0.9,0.11727,0.31442,1,0.15658,0.99446,0.20945
000915_lcam_front_lidar.ply,0.2,800,0.9,0.11128,0.3205,1,0.16165,0.99532,0.21528
000916_lcam_front_lidar.ply,0.2,800,0.9,0.11003,0.31401,1,0.1586,0.99548,0.22002
000917_lcam_front_lidar.ply,0.2,800,0.9,0.11807,0.30709,1,0.14783,0.99424,0.20765
000918_lcam_front_lidar.ply,0.2,800,0.9,0.11975,0.31857,1,0.17195,0.99644,0.22845
000919_lcam_front_lidar.ply,0.2,800,0.9,0.13027,0.32488,1,0.16937,0.99596,0.21367
000920_lcam_front_lidar.ply,0.2,800,0.9,0.11119,0.32076,1,0.16592,0.99857,0.21596
000921_lcam_front_lidar.ply,0.2,800,0.9,0.11812,0.32164,1,0.17501,0.99658,0.23252
000922_lcam_front_lidar.ply,0.2,800,0.9,0.11103,0.32125,1,0.16819,0.99618,0.2155
000923_lcam_front_lidar.ply,0.2,800,0.9,0.13021,0.33092,1,0.16492,0.9983,0.197
000924_lcam_front_lidar.ply,0.2,800,0.9,0.11029,0.336,1,0.17153,0.9949,0.19965
000925_lcam_front_lidar.ply,0.2,800,0.9,0.11485,0.33951,1,0.18502,0.99796,0.22009
000926_lcam_front_lidar.ply,0.2,800,0.9,0.10223,0.32828,1,0.17152,0.99508,0.21602
000927_lcam_front_lidar.ply,0.2,800,0.9,0.12642,0.32314,1,0.17616,0.99726,0.23255
000928_lcam_front_lidar.ply,0.2,800,0.9,0.1315,0.33153,1,0.187,0.99672,0.23466
000929_lcam_front_lidar.ply,0.2,800,0.9,0.13658,0.24217,1,0.0527,0.98847,0.14517
000930_lcam_front_lidar.ply,0.2,800,0.9,0.11388,0.32971,1,0.18188,0.99457,0.23054
000931_lcam_front_lidar.ply,0.2,800,0.9,0.11117,0.31026,1,0.12259,0.99843,0.15406
000932_lcam_front_lidar.ply,0.2,800,0.9,0.0991,0.3181,1,0.16537,0.99454,0.22799
000933_lcam_front_lidar.ply,0.2,800,0.9,0.0942,0.34415,1,0.18597,0.99326,0.22059
000934_lcam_front_lidar.ply,0.2,800,0.9,0.07953,0.35762,1,0.19661,0.99821,0.216
000935_lcam_front_lidar.ply,0.2,800,0.9,0.08616,0.29794,1,0.07613,0.9929,0.09311
000936_lcam_front_lidar.ply,0.2,800,0.9,0.06344,0.26918,1,0.0,0.0,0.0
000937_lcam_front_lidar.ply,0.2,800,0.9,0.05646,0.27388,1,0.0,0.0,0.0
000938_lcam_front_lidar.ply,0.2,800,0.9,0.05364,0.36517,1,0.16978,0.99153,0.15292
000939_lcam_front_lidar.ply,0.2,800,0.9,0.09305,0.32888,1,0.15925,0.9948,0.1988
000940_lcam_front_lidar.ply,0.2,800,0.9,0.078,0.32749,1,0.16066,0.99484,0.20571
000941_lcam_front_lidar.ply,0.2,800,0.9,0.08719,0.32152,1,0.14607,0.99425,0.1819
000942_lcam_front_lidar.ply,0.2,800,0.9,0.10265,0.31693,1,0.15381,0.99557,0.20661
000943_lcam_front_lidar.ply,0.2,800,0.9,0.11103,0.3226,1,0.15985,0.99543,0.2007
000944_lcam_front_lidar.ply,0.2,800,0.9,0.10284,0.31246,1,0.14839,0.99516,0.20043
000945_lcam_front_lidar.ply,0.2,800,0.9,0.12388,0.32078,1,0.1513,0.995,0.19116
000946_lcam_front_lidar.ply,0.2,800,0.9,0.12344,0.32563,1,0.15973,0.99532,0.1932
000947_lcam_front_lidar.ply,0.2,800,0.9,0.11294,0.32509,1,0.15501,0.99481,0.18867
000948_lcam_front_lidar.ply,0.2,800,0.9,0.11005,0.32605,1,0.16728,0.99566,0.21133
000949_lcam_front_lidar.ply,0.2,800,0.9,0.1092,0.31332,1,0.16564,0.99344,0.23185
000950_lcam_front_lidar.ply,0.2,800,0.9,0.10133,0.3226,1,0.15467,0.99534,0.19477
000951_lcam_front_lidar.ply,0.2,800,0.9,0.1112,0.32967,1,0.16538,0.9959,0.20438
000952_lcam_front_lidar.ply,0.2,800,0.9,0.12103,0.33218,1,0.14562,0.99497,0.15898
000953_lcam_front_lidar.ply,0.2,800,0.9,0.11702,0.33131,1,0.16236,0.99566,0.18626
000954_lcam_front_lidar.ply,0.2,800,0.9,0.10712,0.32704,1,0.16019,0.99579,0.19506
000955_lcam_front_lidar.ply,0.2,800,0.9,0.12725,0.32516,1,0.1619,0.99565,0.20041
000956_lcam_front_lidar.ply,0.2,800,0.9,0.11037,0.3171,1,0.15767,0.99595,0.20864
000957_lcam_front_lidar.ply,0.2,800,0.9,0.11643,0.32066,1,0.16019,0.9965,0.20825
000958_lcam_front_lidar.ply,0.2,800,0.9,0.12772,0.34273,1,0.16815,0.99652,0.17997
000959_lcam_front_lidar.ply,0.2,800,0.9,0.12171,0.33278,1,0.15396,0.99585,0.16499
000960_lcam_front_lidar.ply,0.2,800,0.9,0.12808,0.33569,1,0.17556,0.99709,0.20417
000961_lcam_front_lidar.ply,0.2,800,0.9,0.11574,0.33464,1,0.17299,0.99716,0.20341
000962_lcam_front_lidar.ply,0.2,800,0.9,0.1116,0.34222,1,0.18266,0.99714,0.20734
000963_lcam_front_lidar.ply,0.2,800,0.9,0.11126,0.33518,1,0.16965,0.99717,0.19541
000964_lcam_front_lidar.ply,0.2,800,0.9,0.12517,0.33377,1,0.1676,0.99705,0.19318
000965_lcam_front_lidar.ply,0.2,800,0.9,0.12718,0.30935,1,0.15429,0.9998,0.21323
000966_lcam_front_lidar.ply,0.2,800,0.9,0.12692,0.33054,1,0.16759,0.99724,0.20254
000967_lcam_front_lidar.ply,0.2,800,0.9,0.11989,0.33608,1,0.17256,0.99729,0.20167
000968_lcam_front_lidar.ply,0.2,800,0.9,0.11062,0.33198,1,0.18342,0.9984,0.2291
000969_lcam_front_lidar.ply,0.2,800,0.9,0.11069,0.3339,1,0.16957,0.99786,0.20369
000970_lcam_front_lidar.ply,0.2,800,0.9,0.132,0.3377,1,0.1786,0.99784,0.20927
000971_lcam_front_lidar.ply,0.2,800,0.9,0.1429,0.26805,1,0.05395,0.99205,0.09564
000972_lcam_front_lidar.ply,0.2,800,0.9,0.11522,0.34019,1,0.17696,0.99637,0.20539
000973_lcam_front_lidar.ply,0.2,800,0.9,0.12655,0.35861,1,0.18994,0.99734,0.19127
000974_lcam_front_lidar.ply,0.2,800,0.9,0.11169,0.37957,1,0.20756,0.9977,0.19077
000975_lcam_front_lidar.ply,0.2,800,0.9,0.127,0.36713,1,0.20361,0.9981,0.20287
000976_lcam_front_lidar.ply,0.2,800,0.9,0.12703,0.36504,1,0.19738,0.99767,0.19603
000977_lcam_front_lidar.ply,0.2,800,0.9,0.11891,0.36108,1,0.20121,0.99911,0.21006
000978_lcam_front_lidar.ply,0.2,800,0.9,0.11495,0.35517,1,0.19743,0.99966,0.21539
000979_lcam_front_lidar.ply,0.2,800,0.9,0.123,0.36627,1,0.21349,0.99872,0.21927
000980_lcam_front_lidar.ply,0.2,800,0.9,0.10761,0.3758,1,0.22265,0.99879,0.22615
000981_lcam_front_lidar.ply,0.2,800,0.9,0.113,0.37502,1,0.21859,0.99895,0.21722
000982_lcam_front_lidar.ply,0.2,800,0.9,0.12444,0.37268,1,0.222,0.99936,0.22141
000983_lcam_front_lidar.ply,0.2,800,0.9,0.11458,0.38055,1,0.22748,0.99881,0.22571
000984_lcam_front_lidar.ply,0.2,800,0.9,0.10329,0.38195,1,0.21695,0.99937,0.20424
000985_lcam_front_lidar.ply,0.2,800,0.9,0.10497,0.38409,1,0.22021,0.9994,0.2058
000986_lcam_front_lidar.ply,0.2,800,0.9,0.11468,0.38738,1,0.22126,0.99954,0.20257
000987_lcam_front_lidar.ply,0.2,800,0.9,0.1067,0.38225,1,0.21527,0.99956,0.202
000988_lcam_front_lidar.ply,0.2,800,0.9,0.13041,0.38794,1,0.23063,0.99946,0.2135
000989_lcam_front_lidar.ply,0.2,800,0.9,0.1096,0.38279,1,0.21233,0.99974,0.18936
000990_lcam_front_lidar.ply,0.2,800,0.9,0.12448,0.39111,1,0.21548,0.99979,0.17918
000991_lcam_front_lidar.ply,0.2,800,0.9,0.10731,0.38786,1,0.22305,0.99971,0.20119
000992_lcam_front_lidar.ply,0.2,800,0.9,0.11999,0.39913,1,0.23823,0.99969,0.2094
000993_lcam_front_lidar.ply,0.2,800,0.9,0.11102,0.39769,1,0.2244,0.99975,0.18617
000994_lcam_front_lidar.ply,0.2,800,0.9,0.10287,0.40842,1,0.23117,0.99969,0.18014
000995_lcam_front_lidar.ply,0.2,800,0.9,0.10335,0.41289,1,0.24516,0.99977,0.19657
000996_lcam_front_lidar.ply,0.2,800,0.9,0.10485,0.41035,1,0.23446,0.99986,0.18263
000997_lcam_front_lidar.ply,0.2,800,0.9,0.10509,0.40607,1,0.23391,0.99978,0.18821
000998_lcam_front_lidar.ply,0.2,800,0.9,0.1027,0.40289,1,0.23383,0.99976,0.19449
000999_lcam_front_lidar.ply,0.2,800,0.9,0.11063,0.40186,1,0.23354,0.9998,0.19789
001000_lcam_front_lidar.ply,0.2,800,0.9,0.11264,0.39922,1,0.22308,0.99983,0.17856
001001_lcam_front_lidar.ply,0.2,800,0.9,0.10323,0.41,1,0.2392,0.99985,0.18919
001002_lcam_front_lidar.ply,0.2,800,0.9,0.11625,0.4051,1,0.22817,0.99979,0.17844
001003_lcam_front_lidar.ply,0.2,800,0.9,0.10019,0.4163,1,0.23395,0.99984,0.17641
001004_lcam_front_lidar.ply,0.2,800,0.9,0.09538,0.41726,1,0.24494,0.99981,0.19469
001005_lcam_front_lidar.ply,0.2,800,0.9,0.10918,0.39971,1,0.22826,0.9999,0.19051
001006_lcam_front_lidar.ply,0.2,800,0.9,0.10481,0.41503,1,0.23977,0.99983,0.18366
001007_lcam_front_lidar.ply,0.2,800,0.9,0.10143,0.40001,1,0.2226,0.99991,0.17882
001008_lcam_front_lidar.ply,0.2,800,0.9,0.12036,0.41429,1,0.24051,0.99986,0.18195
001009_lcam_front_lidar.ply,0.2,800,0.9,0.10131,0.40968,1,0.234,0.99988,0.18679
001010_lcam_front_lidar.ply,0.2,800,0.9,0.12,0.39636,1,0.22744,0.99984,0.19156
001011_lcam_front_lidar.ply,0.2,800,0.9,0.11701,0.3995,1,0.23133,0.99989,0.20079
001012_lcam_front_lidar.ply,0.2,800,0.9,0.10923,0.39421,1,0.22472,0.99987,0.19629
001013_lcam_front_lidar.ply,0.2,800,0.9,0.10864,0.39856,1,0.2278,0.99987,0.19067
001014_lcam_front_lidar.ply,0.2,800,0.9,0.10979,0.38635,1,0.21762,0.99993,0.19447
001015_lcam_front_lidar.ply,0.2,800,0.9,0.11111,0.39242,1,0.23162,0.99981,0.20672
001016_lcam_front_lidar.ply,0.2,800,0.9,0.12061,0.38741,1,0.21396,0.99983,0.18618
001017_lcam_front_lidar.ply,0.2,800,0.9,0.11249,0.38803,1,0.21762,0.99989,0.19542
001018_lcam_front_lidar.ply,0.2,800,0.9,0.11041,0.38788,1,0.21364,0.99989,0.18713
001019_lcam_front_lidar.ply,0.2,800,0.9,0.11052,0.3875,1,0.21756,0.99983,0.19436
001020_lcam_front_lidar.ply,0.2,800,0.9,0.11147,0.38718,1,0.21911,0.99975,0.1969
001021_lcam_front_lidar.ply,0.2,800,0.9,0.11527,0.38367,1,0.2154,0.99978,0.1977
001022_lcam_front_lidar.ply,0.2,800,0.9,0.11655,0.37659,1,0.21537,0.99966,0.21554
001023_lcam_front_lidar.ply,0.2,800,0.9,0.12039,0.36338,1,0.19585,0.99933,0.19908
001024_lcam_front_lidar.ply,0.2,800,0.9,0.12009,0.36641,1,0.20428,0.99969,0.20941
001025_lcam_front_lidar.ply,0.2,800,0.9,0.12408,0.38327,1,0.21194,0.99963,0.18996
001026_lcam_front_lidar.ply,0.2,800,0.9,0.12748,0.24124,1,0.06384,0.99677,0.17907
001027_lcam_front_lidar.ply,0.2,800,0.9,0.13175,0.38087,1,0.20795,0.9996,0.18929
001028_lcam_front_lidar.ply,0.2,800,0.9,0.13856,0.36296,1,0.1919,0.99914,0.18792
001029_lcam_front_lidar.ply,0.2,800,0.9,0.14891,0.36696,1,0.19712,0.99981,0.18784
001030_lcam_front_lidar.ply,0.2,800,0.9,0.14497,0.35393,1,0.17466,0.99847,0.17271
001031_lcam_front_lidar.ply,0.2,800,0.9,0.15958,0.35738,1,0.18042,0.9986,0.17377
001032_lcam_front_lidar.ply,0.2,800,0.9,0.11915,0.34932,1,0.17444,0.9993,0.18101
001033_lcam_front_lidar.ply,0.2,800,0.9,0.13113,0.23584,1,0.04762,0.99599,0.15688
001034_lcam_front_lidar.ply,0.2,800,0.9,0.12061,0.35368,1,0.16335,0.99795,0.15571
001035_lcam_front_lidar.ply,0.2,800,0.9,0.12,0.35342,1,0.15742,0.99786,0.14502
001036_lcam_front_lidar.ply,0.2,800,0.9,0.13175,0.23426,1,0.05085,0.99341,0.1624
001037_lcam_front_lidar.ply,0.2,800,0.9,0.11483,0.35114,1,0.15769,0.99798,0.15013
001038_lcam_front_lidar.ply,0.2,800,0.9,0.14636,0.22636,1,0.05927,0.92929,0.19083
001039_lcam_front_lidar.ply,0.2,800,0.9,0.12725,0.32549,1,0.15398,0.99881,0.18513
001040_lcam_front_lidar.ply,0.2,800,0.9,0.12985,0.32371,1,0.14927,0.9989,0.18458
001041_lcam_front_lidar.ply,0.2,800,0.9,0.13689,0.23914,1,0.06037,0.91692,0.17622
001042_lcam_front_lidar.ply,0.2,800,0.9,0.12949,0.32342,1,0.14768,0.99861,0.18315
001043_lcam_front_lidar.ply,0.2,800,0.9,0.14844,0.25815,1,0.04534,0.85374,0.10678
001044_lcam_front_lidar.ply,0.2,800,0.9,0.14119,0.31797,1,0.13448,0.99755,0.16453
001045_lcam_front_lidar.ply,0.2,800,0.9,0.13253,0.32581,1,0.15109,0.9969,0.18366
001046_lcam_front_lidar.ply,0.2,800,0.9,0.13714,0.34307,1,0.16551,0.99734,0.18081
001047_lcam_front_lidar.ply,0.2,800,0.9,0.14478,0.34868,1,0.16787,0.997,0.17256
001048_lcam_front_lidar.ply,0.2,800,0.9,0.13876,0.34279,1,0.17203,0.99691,0.19152
001049_lcam_front_lidar.ply,0.2,800,0.9,0.14907,0.33915,1,0.16832,0.99637,0.19123
001050_lcam_front_lidar.ply,0.2,800,0.9,0.14217,0.33643,1,0.16075,0.99647,0.18331
001051_lcam_front_lidar.ply,0.2,800,0.9,0.11454,0.34438,1,0.16959,0.99658,0.19398
001052_lcam_front_lidar.ply,0.2,800,0.9,0.12129,0.29364,1,0.10526,0.99532,0.16262
001053_lcam_front_lidar.ply,0.2,800,0.9,0.12736,0.31767,1,0.13164,0.99596,0.16587
001054_lcam_front_lidar.ply,0.2,800,0.9,0.12262,0.34773,1,0.16594,0.99536,0.17318
001055_lcam_front_lidar.ply,0.2,800,0.9,0.12931,0.34451,1,0.16567,0.99618,0.1748
001056_lcam_front_lidar.ply,0.2,800,0.9,0.12387,0.3601,1,0.18064,0.99635,0.17795
001057_lcam_front_lidar.ply,0.2,800,0.9,0.11257,0.36632,1,0.18831,0.9959,0.1831
001058_lcam_front_lidar.ply,0.2,800,0.9,0.11329,0.37134,1,0.19233,0.99605,0.17817
001059_lcam_front_lidar.ply,0.2,800,0.9,0.11905,0.37748,1,0.19006,0.99608,0.16838
001060_lcam_front_lidar.ply,0.2,800,0.9,0.12899,0.36828,1,0.19094,0.9963,0.18061
001061_lcam_front_lidar.ply,0.2,800,0.9,0.11898,0.37118,1,0.19262,0.99654,0.18019
001062_lcam_front_lidar.ply,0.2,800,0.9,0.13078,0.36576,1,0.19049,0.99641,0.18403
001063_lcam_front_lidar.ply,0.2,800,0.9,0.1168,0.37552,1,0.20016,0.99673,0.18489
001064_lcam_front_lidar.ply,0.2,800,0.9,0.12472,0.37306,1,0.20207,0.99691,0.19138
001065_lcam_front_lidar.ply,0.2,800,0.9,0.14025,0.38089,1,0.21041,0.99681,0.19579
001066_lcam_front_lidar.ply,0.2,800,0.9,0.12693,0.37513,1,0.20515,0.99674,0.19348
001067_lcam_front_lidar.ply,0.2,800,0.9,0.14562,0.3774,1,0.20474,0.99665,0.18311
001068_lcam_front_lidar.ply,0.2,800,0.9,0.12475,0.38511,1,0.2095,0.99667,0.18736
001069_lcam_front_lidar.ply,0.2,800,0.9,0.13438,0.35948,1,0.18603,0.99682,0.18144
001070_lcam_front_lidar.ply,0.2,800,0.9,0.12345,0.39377,1,0.2155,0.99653,0.18236
001071_lcam_front_lidar.ply,0.2,800,0.9,0.131,0.38848,1,0.21375,0.99645,0.18502
001072_lcam_front_lidar.ply,0.2,800,0.9,0.11073,0.39419,1,0.21271,0.9967,0.1703
001073_lcam_front_lidar.ply,0.2,800,0.9,0.1379,0.39379,1,0.21362,0.99609,0.17172
001074_lcam_front_lidar.ply,0.2,800,0.9,0.11904,0.39925,1,0.21765,0.99623,0.17466
001075_lcam_front_lidar.ply,0.2,800,0.9,0.1072,0.40277,1,0.21797,0.99605,0.17039
001076_lcam_front_lidar.ply,0.2,800,0.9,0.1244,0.39518,1,0.21372,0.99654,0.17211
001077_lcam_front_lidar.ply,0.2,800,0.9,0.1149,0.40691,1,0.22359,0.99633,0.17226
001078_lcam_front_lidar.ply,0.2,800,0.9,0.11085,0.4055,1,0.22089,0.99635,0.16861
001079_lcam_front_lidar.ply,0.2,800,0.9,0.10829,0.41423,1,0.22727,0.99653,0.16372
001080_lcam_front_lidar.ply,0.2,800,0.9,0.12463,0.40192,1,0.22078,0.99677,0.1713
001081_lcam_front_lidar.ply,0.2,800,0.9,0.12975,0.38855,1,0.20199,0.99664,0.15929
001082_lcam_front_lidar.ply,0.2,800,0.9,0.12786,0.3939,1,0.20946,0.99699,0.16365
001083_lcam_front_lidar.ply,0.2,800,0.9,0.1207,0.39571,1,0.20885,0.99681,0.1593
001084_lcam_front_lidar.ply,0.2,800,0.9,0.11086,0.41331,1,0.22656,0.99684,0.16467
001085_lcam_front_lidar.ply,0.2,800,0.9,0.12907,0.41601,1,0.22679,0.99702,0.15507
001086_lcam_front_lidar.ply,0.2,800,0.9,0.11855,0.42069,1,0.23398,0.99711,0.15821
001087_lcam_front_lidar.ply,0.2,800,0.9,0.12104,0.417,1,0.22705,0.99706,0.15522
001088_lcam_front_lidar.ply,0.2,800,0.9,0.13074,0.41509,1,0.22563,0.99735,0.15475
001089_lcam_front_lidar.ply,0.2,800,0.9,0.11887,0.4129,1,0.21385,0.99655,0.14228
001090_lcam_front_lidar.ply,0.2,800,0.9,0.13275,0.40832,1,0.21239,0.99652,0.14235
001091_lcam_front_lidar.ply,0.2,800,0.9,0.12254,0.4155,1,0.21592,0.99664,0.13153
001092_lcam_front_lidar.ply,0.2,800,0.9,0.12566,0.42364,1,0.23108,0.99719,0.14812
001093_lcam_front_lidar.ply,0.2,800,0.9,0.12215,0.42989,1,0.23915,0.99735,0.14509
001094_lcam_front_lidar.ply,0.2,800,0.9,0.1081,0.44484,1,0.24443,0.99714,0.13266
001095_lcam_front_lidar.ply,0.2,800,0.9,0.13023,0.43517,1,0.23911,0.99719,0.14284
001096_lcam_front_lidar.ply,0.2,800,0.9,0.12654,0.42641,1,0.22859,0.99713,0.13738
001097_lcam_front_lidar.ply,0.2,800,0.9,0.11191,0.43593,1,0.23622,0.99735,0.14039
001098_lcam_front_lidar.ply,0.2,800,0.9,0.11034,0.43105,1,0.23841,0.99733,0.14558
001099_lcam_front_lidar.ply,0.2,800,0.9,0.10244,0.42837,1,0.23317,0.99742,0.14474
001100_lcam_front_lidar.ply,0.2,800,0.9,0.11711,0.42925,1,0.23171,0.9976,0.13849
001101_lcam_front_lidar.ply,0.2,800,0.9,0.12718,0.43219,1,0.23376,0.99747,0.13583
001102_lcam_front_lidar.ply,0.2,800,0.9,0.12722,0.42787,1,0.22504,0.99714,0.12247
001103_lcam_front_lidar.ply,0.2,800,0.9,0.10473,0.44024,1,0.23779,0.99754,0.13121
001104_lcam_front_lidar.ply,0.2,800,0.9,0.11798,0.4358,1,0.23199,0.99728,0.12471
001105_lcam_front_lidar.ply,0.2,800,0.9,0.10845,0.44112,1,0.23857,0.99739,0.13027
001106_lcam_front_lidar.ply,0.2,800,0.9,0.11316,0.44074,1,0.23622,0.99733,0.12122
001107_lcam_front_lidar.ply,0.2,800,0.9,0.11637,0.4345,1,0.23186,0.99755,0.12686
001108_lcam_front_lidar.ply,0.2,800,0.9,0.13232,0.43259,1,0.22978,0.99768,0.12576
001109_lcam_front_lidar.ply,0.2,800,0.9,0.11674,0.43544,1,0.23297,0.99766,0.12816
001110_lcam_front_lidar.ply,0.2,800,0.9,0.12485,0.44022,1,0.23881,0.99781,0.13268
001111_lcam_front_lidar.ply,0.2,800,0.9,0.1233,0.4384,1,0.23883,0.99789,0.13375
001112_lcam_front_lidar.ply,0.2,800,0.9,0.107,0.43873,1,0.23814,0.99775,0.13623
001113_lcam_front_lidar.ply,0.2,800,0.9,0.10982,0.42907,1,0.23431,0.9978,0.14296
001114_lcam_front_lidar.ply,0.2,800,0.9,0.09529,0.40893,1,0.20391,0.99918,0.12725
001115_lcam_front_lidar.ply,0.2,800,0.9,0.11115,0.42921,1,0.22954,0.99862,0.13151
001116_lcam_front_lidar.ply,0.2,800,0.9,0.1154,0.43541,1,0.24162,0.99824,0.14162
001117_lcam_front_lidar.ply,0.2,800,0.9,0.13383,0.42893,1,0.23542,0.99866,0.14328
001118_lcam_front_lidar.ply,0.2,800,0.9,0.1188,0.44183,1,0.24543,0.99831,0.13983
001119_lcam_front_lidar.ply,0.2,800,0.9,0.1147,0.43485,1,0.2391,0.99858,0.1383
001120_lcam_front_lidar.ply,0.2,800,0.9,0.11478,0.43305,1,0.23558,0.9985,0.13611
001121_lcam_front_lidar.ply,0.2,800,0.9,0.10246,0.43522,1,0.23972,0.99875,0.14446
001122_lcam_front_lidar.ply,0.2,800,0.9,0.11211,0.44314,1,0.25045,0.99846,0.14858
001123_lcam_front_lidar.ply,0.2,800,0.9,0.12865,0.43665,1,0.24419,0.99849,0.14207
001124_lcam_front_lidar.ply,0.2,800,0.9,0.11143,0.43509,1,0.2383,0.99899,0.14376
001125_lcam_front_lidar.ply,0.2,800,0.9,0.09872,0.4359,1,0.24326,0.99895,0.15071
001126_lcam_front_lidar.ply,0.2,800,0.9,0.1219,0.43414,1,0.23756,0.99915,0.14052
001127_lcam_front_lidar.ply,0.2,800,0.9,0.11874,0.43721,1,0.24534,0.99938,0.15067
001128_lcam_front_lidar.ply,0.2,800,0.9,0.10832,0.42769,1,0.23738,0.99944,0.15228
001129_lcam_front_lidar.ply,0.2,800,0.9,0.11128,0.43302,1,0.23993,0.99947,0.15226
001130_lcam_front_lidar.ply,0.2,800,0.9,0.11971,0.43645,1,0.24045,0.99938,0.14299
001131_lcam_front_lidar.ply,0.2,800,0.9,0.11236,0.43242,1,0.24284,0.99947,0.15124
001132_lcam_front_lidar.ply,0.2,800,0.9,0.11145,0.43,1,0.23876,0.99964,0.15258
001133_lcam_front_lidar.ply,0.2,800,0.9,0.12896,0.43315,1,0.23759,0.99959,0.13943
001134_lcam_front_lidar.ply,0.2,800,0.9,0.11629,0.42802,1,0.23181,0.99953,0.14044
001135_lcam_front_lidar.ply,0.2,800,0.9,0.11215,0.42753,1,0.23156,0.99958,0.14316
001136_lcam_front_lidar.ply,0.2,800,0.9,0.1144,0.42579,1,0.23661,0.9997,0.15541
001137_lcam_front_lidar.ply,0.2,800,0.9,0.12708,0.41234,1,0.21983,0.99966,0.14932
001138_lcam_front_lidar.ply,0.2,800,0.9,0.11875,0.4192,1,0.22671,0.99969,0.15082
001139_lcam_front_lidar.ply,0.2,800,0.9,0.11294,0.39941,1,0.20976,0.99972,0.14854
001140_lcam_front_lidar.ply,0.2,800,0.9,0.10771,0.41092,1,0.22295,0.99979,0.1571
001141_lcam_front_lidar.ply,0.2,800,0.9,0.12693,0.40638,1,0.2181,0.99978,0.15509
001142_lcam_front_lidar.ply,0.2,800,0.9,0.10946,0.41484,1,0.2255,0.99988,0.15669
001143_lcam_front_lidar.ply,0.2,800,0.9,0.12738,0.4007,1,0.21715,0.99989,0.16239
001144_lcam_front_lidar.ply,0.2,800,0.9,0.13437,0.39628,1,0.21669,0.99994,0.17015
001145_lcam_front_lidar.ply,0.2,800,0.9,0.1224,0.38729,1,0.1987,0.9998,0.15537
001146_lcam_front_lidar.ply,0.2,800,0.9,0.11926,0.39099,1,0.20953,0.99994,0.16341
001147_lcam_front_lidar.ply,0.2,800,0.9,0.11146,0.38905,1,0.20713,0.99999,0.16959
001148_lcam_front_lidar.ply,0.2,800,0.9,0.12378,0.37247,1,0.1956,1.0,0.17433
001149_lcam_front_lidar.ply,0.2,800,0.9,0.11657,0.37477,1,0.19147,0.99995,0.16276
001150_lcam_front_lidar.ply,0.2,800,0.9,0.11499,0.37959,1,0.19454,0.99995,0.16659
001151_lcam_front_lidar.ply,0.2,800,0.9,0.10609,0.37264,1,0.1802,0.99984,0.14536
001152_lcam_front_lidar.ply,0.2,800,0.9,0.13024,0.36969,1,0.18465,0.99995,0.15883
001153_lcam_front_lidar.ply,0.2,800,0.9,0.12102,0.35345,1,0.16165,0.99979,0.1479
001154_lcam_front_lidar.ply,0.2,800,0.9,0.10716,0.3484,1,0.15831,0.99984,0.14878
001155_lcam_front_lidar.ply,0.2,800,0.9,0.11095,0.34471,1,0.16954,0.99974,0.18039
001156_lcam_front_lidar.ply,0.2,800,0.9,0.12688,0.34085,1,0.16376,0.99979,0.18006
001157_lcam_front_lidar.ply,0.2,800,0.9,0.12717,0.34101,1,0.16039,0.9996,0.17318
001158_lcam_front_lidar.ply,0.2,800,0.9,0.11109,0.34028,1,0.16112,0.99903,0.1739
001159_lcam_front_lidar.ply,0.2,800,0.9,0.11922,0.33397,1,0.16465,0.9985,0.18449
001160_lcam_front_lidar.ply,0.2,800,0.9,0.09514,0.34599,1,0.16959,0.99801,0.18187
001161_lcam_front_lidar.ply,0.2,800,0.9,0.12073,0.34159,1,0.16802,0.99841,0.18377
001162_lcam_front_lidar.ply,0.2,800,0.9,0.12663,0.33682,1,0.15705,0.99905,0.16721
001163_lcam_front_lidar.ply,0.2,800,0.9,0.11768,0.33525,1,0.1597,0.99813,0.18031
001164_lcam_front_lidar.ply,0.2,800,0.9,0.11149,0.33434,1,0.16153,0.99751,0.18489
001165_lcam_front_lidar.ply,0.2,800,0.9,0.11617,0.3381,1,0.16068,0.99716,0.17602
001166_lcam_front_lidar.ply,0.2,800,0.9,0.11184,0.32966,1,0.15668,0.99741,0.18566
001167_lcam_front_lidar.ply,0.2,800,0.9,0.11349,0.32709,1,0.14797,0.99674,0.17287
001168_lcam_front_lidar.ply,0.2,800,0.9,0.12659,0.32094,1,0.14953,0.99752,0.18204
001169_lcam_front_lidar.ply,0.2,800,0.9,0.11114,0.32145,1,0.14679,0.99681,0.17476
001170_lcam_front_lidar.ply,0.2,800,0.9,0.11203,0.31988,1,0.14549,0.99644,0.17951
001171_lcam_front_lidar.ply,0.2,800,0.9,0.10732,0.33247,1,0.15396,0.99628,0.17329
001172_lcam_front_lidar.ply,0.2,800,0.9,0.11305,0.32496,1,0.14553,0.99706,0.17092
001173_lcam_front_lidar.ply,0.2,800,0.9,0.1274,0.32522,1,0.14942,0.99715,0.17693
001174_lcam_front_lidar.ply,0.2,800,0.9,0.11149,0.32503,1,0.14389,0.9946,0.16819
001175_lcam_front_lidar.ply,0.2,800,0.9,0.1105,0.32259,1,0.13411,0.9963,0.15034
001176_lcam_front_lidar.ply,0.2,800,0.9,0.11578,0.31762,1,0.13885,0.99449,0.17237
001177_lcam_front_lidar.ply,0.2,800,0.9,0.12889,0.32533,1,0.13721,0.99404,0.1494
001178_lcam_front_lidar.ply,0.2,800,0.9,0.11912,0.31905,1,0.14043,0.99499,0.17091
001179_lcam_front_lidar.ply,0.2,800,0.9,0.1123,0.32357,1,0.13925,0.99533,0.16176
001180_lcam_front_lidar.ply,0.2,800,0.9,0.10647,0.3298,1,0.14574,0.99539,0.16412
001181_lcam_front_lidar.ply,0.2,800,0.9,0.09689,0.32829,1,0.14794,0.99653,0.17374
001182_lcam_front_lidar.ply,0.2,800,0.9,0.11087,0.33532,1,0.16005,0.99652,0.17571
001183_lcam_front_lidar.ply,0.2,800,0.9,0.1268,0.32956,1,0.15614,0.99593,0.1778
001184_lcam_front_lidar.ply,0.2,800,0.9,0.11143,0.33261,1,0.15606,0.99564,0.17538
001185_lcam_front_lidar.ply,0.2,800,0.9,0.11109,0.32603,1,0.15195,0.99633,0.17842
001186_lcam_front_lidar.ply,0.2,800,0.9,0.10702,0.33364,1,0.15464,0.99636,0.17509
001187_lcam_front_lidar.ply,0.2,800,0.9,0.10571,0.3374,1,0.154,0.99606,0.15915
001188_lcam_front_lidar.ply,0.2,800,0.9,0.0986,0.33562,1,0.15467,0.99667,0.17305
001189_lcam_front_lidar.ply,0.2,800,0.9,0.10544,0.34158,1,0.16846,0.99677,0.19007
001190_lcam_front_lidar.ply,0.2,800,0.9,0.10351,0.33123,1,0.1629,0.9966,0.18963
001191_lcam_front_lidar.ply,0.2,800,0.9,0.10666,0.32628,1,0.15879,0.99754,0.19877
001192_lcam_front_lidar.ply,0.2,800,0.9,0.11701,0.3366,1,0.16643,0.99795,0.19024
001193_lcam_front_lidar.ply,0.2,800,0.9,0.11173,0.33579,1,0.15704,0.99742,0.17275
001194_lcam_front_lidar.ply,0.2,800,0.9,0.10128,0.33586,1,0.15416,0.99867,0.17015
001195_lcam_front_lidar.ply,0.2,800,0.9,0.1095,0.33388,1,0.15769,0.99741,0.18017
001196_lcam_front_lidar.ply,0.2,800,0.9,0.12555,0.3424,1,0.16723,0.9979,0.18249
001197_lcam_front_lidar.ply,0.2,800,0.9,0.11164,0.33794,1,0.15729,0.9986,0.16702
001198_lcam_front_lidar.ply,0.2,800,0.9,0.1256,0.35541,1,0.17477,0.99847,0.16783
001199_lcam_front_lidar.ply,0.2,800,0.9,0.11091,0.35154,1,0.17091,0.99863,0.16422
001200_lcam_front_lidar.ply,0.2,800,0.9,0.12935,0.35098,1,0.17082,0.99878,0.16466
001201_lcam_front_lidar.ply,0.2,800,0.9,0.12708,0.35566,1,0.17918,0.99906,0.16968
001202_lcam_front_lidar.ply,0.2,800,0.9,0.11391,0.36224,1,0.18446,0.99882,0.17282
001203_lcam_front_lidar.ply,0.2,800,0.9,0.09745,0.35273,1,0.17348,0.9995,0.17438
001204_lcam_front_lidar.ply,0.2,800,0.9,0.11281,0.35963,1,0.18365,0.99949,0.17626
001205_lcam_front_lidar.ply,0.2,800,0.9,0.11121,0.36325,1,0.18089,0.99889,0.16949
001206_lcam_front_lidar.ply,0.2,800,0.9,0.11304,0.37599,1,0.18967,0.99934,0.15519
001207_lcam_front_lidar.ply,0.2,800,0.9,0.12143,0.37322,1,0.18569,0.9992,0.15373
001208_lcam_front_lidar.ply,0.2,800,0.9,0.1001,0.37764,1,0.18613,0.9993,0.15379
001209_lcam_front_lidar.ply,0.2,800,0.9,0.09508,0.38749,1,0.19461,0.99969,0.15424
001210_lcam_front_lidar.ply,0.2,800,0.9,0.12044,0.39875,1,0.19842,0.99973,0.13802
001211_lcam_front_lidar.ply,0.2,800,0.9,0.11314,0.39585,1,0.1985,0.99973,0.13865
001212_lcam_front_lidar.ply,0.2,800,0.9,0.10166,0.41345,1,0.21423,0.99969,0.13793
001213_lcam_front_lidar.ply,0.2,800,0.9,0.09549,0.4207,1,0.22025,0.99971,0.1352
001214_lcam_front_lidar.ply,0.2,800,0.9,0.1249,0.41012,1,0.21101,0.99965,0.13229
001215_lcam_front_lidar.ply,0.2,800,0.9,0.12488,0.42231,1,0.22111,0.99964,0.13087
001216_lcam_front_lidar.ply,0.2,800,0.9,0.1041,0.4187,1,0.20986,0.99963,0.1212
001217_lcam_front_lidar.ply,0.2,800,0.9,0.11864,0.41865,1,0.208,0.99961,0.11533
001218_lcam_front_lidar.ply,0.2,800,0.9,0.12682,0.4264,1,0.21533,0.9996,0.11065
001219_lcam_front_lidar.ply,0.2,800,0.9,0.11101,0.42599,1,0.21188,0.99956,0.10824
001220_lcam_front_lidar.ply,0.2,800,0.9,0.11539,0.42749,1,0.21451,0.99946,0.11336
001221_lcam_front_lidar.ply,0.2,800,0.9,0.10866,0.41928,1,0.20752,0.99952,0.11138
001222_lcam_front_lidar.ply,0.2,800,0.9,0.1075,0.43451,1,0.22197,0.99952,0.1133
001223_lcam_front_lidar.ply,0.2,800,0.9,0.11142,0.42581,1,0.21522,0.99944,0.11435
001224_lcam_front_lidar.ply,0.2,800,0.9,0.11417,0.41392,1,0.19614,0.99935,0.10178
001225_lcam_front_lidar.ply,0.2,800,0.9,0.09687,0.42567,1,0.21608,0.99929,0.11973
001226_lcam_front_lidar.ply,0.2,800,0.9,0.12644,0.42693,1,0.22116,0.99935,0.12097
001227_lcam_front_lidar.ply,0.2,800,0.9,0.11839,0.43934,1,0.22787,0.99927,0.11425
001228_lcam_front_lidar.ply,0.2,800,0.9,0.1183,0.43371,1,0.22664,0.99923,0.12472
001229_lcam_front_lidar.ply,0.2,800,0.9,0.12926,0.42222,1,0.21119,0.99922,0.11326
001230_lcam_front_lidar.ply,0.2,800,0.9,0.13075,0.41796,1,0.20839,0.99916,0.11242
001231_lcam_front_lidar.ply,0.2,800,0.9,0.1239,0.416,1,0.20278,0.99917,0.11342
001232_lcam_front_lidar.ply,0.2,800,0.9,0.12742,0.41894,1,0.2097,0.99913,0.11899
001233_lcam_front_lidar.ply,0.2,800,0.9,0.10611,0.41113,1,0.20312,0.99914,0.11758
001234_lcam_front_lidar.ply,0.2,800,0.9,0.11873,0.40301,1,0.20047,0.99891,0.13005
001235_lcam_front_lidar.ply,0.2,800,0.9,0.10674,0.41106,1,0.20581,0.99888,0.13248
001236_lcam_front_lidar.ply,0.2,800,0.9,0.12241,0.39306,1,0.19195,0.99887,0.12787
001237_lcam_front_lidar.ply,0.2,800,0.9,0.10827,0.27102,1,0.10229,0.99005,0.1949
001238_lcam_front_lidar.ply,0.2,800,0.9,0.11239,0.39718,1,0.19509,0.99874,0.12932
001239_lcam_front_lidar.ply,0.2,800,0.9,0.11084,0.38824,1,0.18218,0.99893,0.12605
001240_lcam_front_lidar.ply,0.2,800,0.9,0.10756,0.38652,1,0.19104,0.99866,0.14283
001241_lcam_front_lidar.ply,0.2,800,0.9,0.10725,0.37728,1,0.19339,0.99826,0.17173
001242_lcam_front_lidar.ply,0.2,800,0.9,0.10132,0.25493,1,0.06,0.97477,0.15185
001243_lcam_front_lidar.ply,0.2,800,0.9,0.10594,0.3899,1,0.20824,0.99772,0.17448
001244_lcam_front_lidar.ply,0.2,800,0.9,0.11062,0.39483,1,0.21386,0.99746,0.17751
001245_lcam_front_lidar.ply,0.2,800,0.9,0.10497,0.40698,1,0.22311,0.99696,0.17346
001246_lcam_front_lidar.ply,0.2,800,0.9,0.09881,0.40387,1,0.22176,0.99683,0.17673
001247_lcam_front_lidar.ply,0.2,800,0.9,0.08997,0.40586,1,0.23084,0.99723,0.19169
001248_lcam_front_lidar.ply,0.2,800,0.9,0.11154,0.41131,1,0.2374,0.99644,0.19212
001249_lcam_front_lidar.ply,0.2,800,0.9,0.1162,0.38082,1,0.22028,0.99158,0.2179
001250_lcam_front_lidar.ply,0.2,800,0.9,0.08826,0.42291,1,0.24839,0.99621,0.19635
001251_lcam_front_lidar.ply,0.2,800,0.9,0.08819,0.42129,1,0.25708,0.99596,0.21628
001252_lcam_front_lidar.ply,0.2,800,0.9,0.10887,0.401,1,0.23886,0.99643,0.21406
001253_lcam_front_lidar.ply,0.2,800,0.9,0.11566,0.36664,1,0.20533,0.99211,0.21947
001254_lcam_front_lidar.ply,0.2,800,0.9,0.11568,0.36396,1,0.20695,0.99586,0.22336
001255_lcam_front_lidar.ply,0.2,800,0.9,0.14618,0.2837,1,0.09445,0.97984,0.15305
001256_lcam_front_lidar.ply,0.2,800,0.9,0.14242,0.25847,1,0.03846,0.97885,0.09201
001257_lcam_front_lidar.ply,0.2,800,0.9,0.12675,0.2973,1,0.11607,0.98567,0.17812
001258_lcam_front_lidar.ply,0.2,800,0.9,0.12712,0.27211,1,0.057,0.98064,0.10286
001259_lcam_front_lidar.ply,0.2,800,0.9,0.12641,0.30186,1,0.11132,0.98018,0.15498
001260_lcam_front_lidar.ply,0.2,800,0.9,0.12949,0.30467,1,0.1163,0.98037,0.16
001261_lcam_front_lidar.ply,0.2,800,0.9,0.10844,0.27691,1,0.06632,0.96819,0.11374
001262_lcam_front_lidar.ply,0.2,800,0.9,0.1191,0.28033,1,0.06615,0.96755,0.10957
001263_lcam_front_lidar.ply,0.2,800,0.9,0.10524,0.28374,1,0.0694,0.96708,0.1096
001264_lcam_front_lidar.ply,0.2,800,0.9,0.11613,0.28553,1,0.06913,0.96648,0.10753
001265_lcam_front_lidar.ply,0.2,800,0.9,0.10907,0.29211,1,0.07071,0.97418,0.09881
001266_lcam_front_lidar.ply,0.2,800,0.9,0.11671,0.29277,1,0.06779,0.97619,0.08945
001267_lcam_front_lidar.ply,0.2,800,0.9,0.1158,0.28275,1,0.0671,0.97652,0.10435
001268_lcam_front_lidar.ply,0.2,800,0.9,0.12212,0.26795,1,0.06022,0.97471,0.11875
001269_lcam_front_lidar.ply,0.2,800,0.9,0.11675,0.28443,1,0.05247,0.97996,0.07869
001270_lcam_front_lidar.ply,0.2,800,0.9,0.11475,0.27816,1,0.05428,0.98253,0.08906
001271_lcam_front_lidar.ply,0.2,800,0.9,0.1115,0.27196,1,0.05072,0.98401,0.0918
001272_lcam_front_lidar.ply,0.2,800,0.9,0.11203,0.27992,1,0.05542,0.98495,0.09191
001273_lcam_front_lidar.ply,0.2,800,0.9,0.13076,0.2631,1,0.04376,0.98062,0.09785
001274_lcam_front_lidar.ply,0.2,800,0.9,0.11148,0.27274,1,0.05263,0.9849,0.09703
001275_lcam_front_lidar.ply,0.2,800,0.9,0.11414,0.26763,1,0.04539,0.98778,0.09126
001276_lcam_front_lidar.ply,0.2,800,0.9,0.11147,0.26346,1,0.04576,0.98912,0.09981
001277_lcam_front_lidar.ply,0.2,800,0.9,0.12206,0.25751,1,0.03758,0.9911,0.09453
001278_lcam_front_lidar.ply,0.2,800,0.9,0.06751,0.26882,1,0.05105,0.98955,0.10576
001279_lcam_front_lidar.ply,0.2,800,0.9,0.05632,0.32243,1,0.14567,0.99579,0.19173
001280_lcam_front_lidar.ply,0.2,800,0.9,0.09706,0.2588,1,0.0486,0.99003,0.12025
001281_lcam_front_lidar.ply,0.2,800,0.9,0.11027,0.25252,1,0.04519,0.99047,0.12221
001282_lcam_front_lidar.ply,0.2,800,0.9,0.10718,0.27358,1,0.09447,0.99454,0.17677
001283_lcam_front_lidar.ply,0.2,800,0.9,0.09509,0.25676,1,0.08972,0.99507,0.20376
001284_lcam_front_lidar.ply,0.2,800,0.9,0.10144,0.24903,1,0.02611,0.99374,0.09271
001285_lcam_front_lidar.ply,0.2,800,0.9,0.08139,0.28583,1,0.11509,0.993,0.20074
001286_lcam_front_lidar.ply,0.2,800,0.9,0.06343,0.25784,1,0.07229,0.99297,0.17426
001287_lcam_front_lidar.ply,0.2,800,0.9,0.08364,0.24812,1,0.06647,0.99244,0.17884
001288_lcam_front_lidar.ply,0.2,800,0.9,0.0981,0.25573,1,0.08229,0.99412,0.19519
001289_lcam_front_lidar.ply,0.2,800,0.9,0.10041,0.28522,1,0.10963,0.9991,0.19094
001290_lcam_front_lidar.ply,0.2,800,0.9,0.09383,0.28702,1,0.10548,0.99881,0.17806
001291_lcam_front_lidar.ply,0.2,800,0.9,0.08881,0.28607,1,0.10269,0.99913,0.1745
001292_lcam_front_lidar.ply,0.2,800,0.9,0.11027,0.27841,1,0.09839,0.99916,0.17408
001293_lcam_front_lidar.ply,0.2,800,0.9,0.09135,0.27256,1,0.09233,0.99863,0.17892
001294_lcam_front_lidar.ply,0.2,800,0.9,0.0873,0.27165,1,0.09457,0.99828,0.18257
001295_lcam_front_lidar.ply,0.2,800,0.9,0.10338,0.26716,1,0.09355,0.99885,0.19089
001296_lcam_front_lidar.ply,0.2,800,0.9,0.08827,0.25929,1,0.09441,0.99814,0.20602
001297_lcam_front_lidar.ply,0.2,800,0.9,0.1108,0.27172,1,0.1017,0.999,0.19096
001298_lcam_front_lidar.ply,0.2,800,0.9,0.08893,0.27348,1,0.09914,0.99887,0.19049
001299_lcam_front_lidar.ply,0.2,800,0.9,0.11071,0.27573,1,0.09487,0.99943,0.18085
001300_lcam_front_lidar.ply,0.2,800,0.9,0.10001,0.27778,1,0.1038,0.99932,0.19491
001301_lcam_front_lidar.ply,0.2,800,0.9,0.09498,0.26461,1,0.09405,0.99934,0.19995
001302_lcam_front_lidar.ply,0.2,800,0.9,0.11936,0.27332,1,0.1,0.99969,0.1877
001303_lcam_front_lidar.ply,0.2,800,0.9,0.09877,0.2649,1,0.09662,0.99395,0.20018
001304_lcam_front_lidar.ply,0.2,800,0.9,0.08891,0.27293,1,0.09436,0.99962,0.18168
001305_lcam_front_lidar.ply,0.2,800,0.9,0.11435,0.27988,1,0.0975,0.99959,0.17625
001306_lcam_front_lidar.ply,0.2,800,0.9,0.09897,0.26208,1,0.0812,0.98424,0.17658
001307_lcam_front_lidar.ply,0.2,800,0.9,0.10824,0.28898,1,0.11876,0.99955,0.19765
001308_lcam_front_lidar.ply,0.2,800,0.9,0.10541,0.28784,1,0.11532,0.99966,0.19135
001309_lcam_front_lidar.ply,0.2,800,0.9,0.08863,0.29941,1,0.1152,0.99969,0.17545
001310_lcam_front_lidar.ply,0.2,800,0.9,0.10473,0.3064,1,0.12907,0.99985,0.18394
001311_lcam_front_lidar.ply,0.2,800,0.9,0.10552,0.31454,1,0.1349,0.9999,0.18091
001312_lcam_front_lidar.ply,0.2,800,0.9,0.11702,0.31396,1,0.13754,0.99984,0.18466
001313_lcam_front_lidar.ply,0.2,800,0.9,0.10022,0.32792,1,0.14207,0.99974,0.16833
001314_lcam_front_lidar.ply,0.2,800,0.9,0.09913,0.3344,1,0.15251,0.9999,0.17403
001315_lcam_front_lidar.ply,0.2,800,0.9,0.11325,0.33222,1,0.14037,0.99975,0.15366
001316_lcam_front_lidar.ply,0.2,800,0.9,0.10479,0.34078,1,0.15347,0.99981,0.16449
001317_lcam_front_lidar.ply,0.2,800,0.9,0.10681,0.34667,1,0.14796,0.99987,0.14053
001318_lcam_front_lidar.ply,0.2,800,0.9,0.12601,0.34476,1,0.1491,0.99974,0.14455
001319_lcam_front_lidar.ply,0.2,800,0.9,0.11652,0.34966,1,0.15241,0.99978,0.14252
001320_lcam_front_lidar.ply,0.2,800,0.9,0.1146,0.32289,1,0.12416,0.99956,0.1396
001321_lcam_front_lidar.ply,0.2,800,0.9,0.12055,0.3074,1,0.11781,0.99907,0.15298
001322_lcam_front_lidar.ply,0.2,800,0.9,0.12722,0.30753,1,0.1264,0.99899,0.17591
001323_lcam_front_lidar.ply,0.2,800,0.9,0.11409,0.31076,1,0.12657,0.99898,0.16976
001324_lcam_front_lidar.ply,0.2,800,0.9,0.12312,0.28189,1,0.08589,0.9951,0.14552
001325_lcam_front_lidar.ply,0.2,800,0.9,0.10128,0.32016,1,0.13526,0.9994,0.17528
001326_lcam_front_lidar.ply,0.2,800,0.9,0.12676,0.28379,1,0.0895,0.9952,0.14885
001327_lcam_front_lidar.ply,0.2,800,0.9,0.11459,0.28118,1,0.09453,0.99675,0.16508
001328_lcam_front_lidar.ply,0.2,800,0.9,0.12489,0.32522,1,0.14402,0.99926,0.17655
001329_lcam_front_lidar.ply,0.2,800,0.9,0.11196,0.29214,1,0.10342,0.99803,0.16409
001330_lcam_front_lidar.ply,0.2,800,0.9,0.11983,0.32631,1,0.15582,0.99947,0.19557
001331_lcam_front_lidar.ply,0.2,800,0.9,0.12421,0.30497,1,0.15128,0.99979,0.23039
001332_lcam_front_lidar.ply,0.2,800,0.9,0.11027,0.31997,1,0.14985,0.99826,0.19931
001333_lcam_front_lidar.ply,0.2,800,0.9,0.11672,0.31499,1,0.14797,0.99863,0.20172
001334_lcam_front_lidar.ply,0.2,800,0.9,0.09979,0.33072,1,0.14283,0.99661,0.16746
001335_lcam_front_lidar.ply,0.2,800,0.9,0.10377,0.32457,1,0.15045,0.99856,0.19359
001336_lcam_front_lidar.ply,0.2,800,0.9,0.11015,0.2489,1,0.03435,0.99958,0.10739
001337_lcam_front_lidar.ply,0.2,800,0.9,0.11927,0.34251,1,0.15528,0.99614,0.16314
001338_lcam_front_lidar.ply,0.2,800,0.9,0.11094,0.34593,1,0.16635,0.99855,0.18153
001339_lcam_front_lidar.ply,0.2,800,0.9,0.11033,0.35097,1,0.17893,0.99826,0.19286
001340_lcam_front_lidar.ply,0.2,800,0.9,0.10761,0.35326,1,0.18041,0.99771,0.19594
001341_lcam_front_lidar.ply,0.2,800,0.9,0.09561,0.35606,1,0.17798,0.99672,0.18563
001342_lcam_front_lidar.ply,0.2,800,0.9,0.10293,0.32289,1,0.12748,0.9936,0.15398
001343_lcam_front_lidar.ply,0.2,800,0.9,0.12989,0.25958,1,0.06681,0.99355,0.15223
001344_lcam_front_lidar.ply,0.2,800,0.9,0.11093,0.34594,1,0.17268,0.99721,0.19084
001345_lcam_front_lidar.ply,0.2,800,0.9,0.10585,0.34899,1,0.17408,0.99728,0.19047
001346_lcam_front_lidar.ply,0.2,800,0.9,0.10997,0.37096,1,0.18643,0.99654,0.16797
001347_lcam_front_lidar.ply,0.2,800,0.9,0.11741,0.36491,1,0.18033,0.99629,0.17207
001348_lcam_front_lidar.ply,0.2,800,0.9,0.10971,0.36435,1,0.17838,0.99634,0.1677
001349_lcam_front_lidar.ply,0.2,800,0.9,0.10917,0.36515,1,0.17567,0.9959,0.16054
001350_lcam_front_lidar.ply,0.2,800,0.9,0.10475,0.36996,1,0.18291,0.99582,0.16676
001351_lcam_front_lidar.ply,0.2,800,0.9,0.10894,0.37761,1,0.18807,0.99588,0.16249
001352_lcam_front_lidar.ply,0.2,800,0.9,0.11116,0.38126,1,0.1913,0.99577,0.1594
001353_lcam_front_lidar.ply,0.2,800,0.9,0.11937,0.3728,1,0.18743,0.99562,0.16543
001354_lcam_front_lidar.ply,0.2,800,0.9,0.10112,0.37378,1,0.18727,0.99555,0.16948
001355_lcam_front_lidar.ply,0.2,800,0.9,0.12048,0.37843,1,0.19399,0.99573,0.16889
001356_lcam_front_lidar.ply,0.2,800,0.9,0.1176,0.36302,1,0.18239,0.99574,0.17575
001357_lcam_front_lidar.ply,0.2,800,0.9,0.10926,0.3527,1,0.16607,0.99566,0.16978
001358_lcam_front_lidar.ply,0.2,800,0.9,0.11464,0.37163,1,0.18495,0.9957,0.16891
001359_lcam_front_lidar.ply,0.2,800,0.9,0.09508,0.36467,1,0.17887,0.99533,0.17068
001360_lcam_front_lidar.ply,0.2,800,0.9,0.08728,0.34846,1,0.16925,0.99581,0.18649
001361_lcam_front_lidar.ply,0.2,800,0.9,0.1103,0.34365,1,0.16249,0.99391,0.17936
001362_lcam_front_lidar.ply,0.2,800,0.9,0.10032,0.34191,1,0.16485,0.99252,0.18428
001363_lcam_front_lidar.ply,0.2,800,0.9,0.12334,0.33233,1,0.16219,0.9933,0.19574
001364_lcam_front_lidar.ply,0.2,800,0.9,0.11732,0.33233,1,0.15408,0.99266,0.18476
001365_lcam_front_lidar.ply,0.2,800,0.9,0.11523,0.32138,1,0.16509,0.9904,0.22739
001366_lcam_front_lidar.ply,0.2,800,0.9,0.11101,0.33688,1,0.16177,0.99216,0.18834
001367_lcam_front_lidar.ply,0.2,800,0.9,0.12775,0.29906,1,0.13978,0.98991,0.21471
001368_lcam_front_lidar.ply,0.2,800,0.9,0.13065,0.31117,1,0.13286,0.9786,0.17984
001369_lcam_front_lidar.ply,0.2,800,0.9,0.11107,0.32137,1,0.13056,0.97607,0.1527
001370_lcam_front_lidar.ply,0.2,800,0.9,0.12666,0.31833,1,0.13174,0.97595,0.16128
001371_lcam_front_lidar.ply,0.2,800,0.9,0.09937,0.31634,1,0.13798,0.97575,0.18089
001372_lcam_front_lidar.ply,0.2,800,0.9,0.10516,0.32,1,0.12992,0.96424,0.16003
001373_lcam_front_lidar.ply,0.2,800,0.9,0.10526,0.32937,1,0.11945,0.96547,0.12174
001374_lcam_front_lidar.ply,0.2,800,0.9,0.1063,0.3283,1,0.12854,0.97116,0.13954
001375_lcam_front_lidar.ply,0.2,800,0.9,0.1182,0.33268,1,0.13198,0.96228,0.13384
001376_lcam_front_lidar.ply,0.2,800,0.9,0.1107,0.35099,1,0.15208,0.95201,0.13796
001377_lcam_front_lidar.ply,0.2,800,0.9,0.11655,0.3458,1,0.1398,0.95011,0.12509
001378_lcam_front_lidar.ply,0.2,800,0.9,0.10644,0.34832,1,0.14579,0.9537,0.13496
001379_lcam_front_lidar.ply,0.2,800,0.9,0.10903,0.35387,1,0.15032,0.9487,0.13329
001380_lcam_front_lidar.ply,0.2,800,0.9,0.11195,0.34275,1,0.14505,0.94081,0.14106
001381_lcam_front_lidar.ply,0.2,800,0.9,0.11469,0.35246,1,0.15779,0.94339,0.14888
001382_lcam_front_lidar.ply,0.2,800,0.9,0.10363,0.34331,1,0.1464,0.93993,0.13945
001383_lcam_front_lidar.ply,0.2,800,0.9,0.11656,0.34849,1,0.15749,0.94101,0.15539
001384_lcam_front_lidar.ply,0.2,800,0.9,0.09961,0.33763,1,0.15066,0.94239,0.15904
001385_lcam_front_lidar.ply,0.2,800,0.9,0.1112,0.34763,1,0.15038,0.94004,0.14697
001386_lcam_front_lidar.ply,0.2,800,0.9,0.10323,0.36859,1,0.16255,0.93374,0.12617
001387_lcam_front_lidar.ply,0.2,800,0.9,0.09849,0.36965,1,0.16396,0.9326,0.12455
001388_lcam_front_lidar.ply,0.2,800,0.9,0.08858,0.37139,1,0.16505,0.93236,0.12875
001389_lcam_front_lidar.ply,0.2,800,0.9,0.08956,0.37876,1,0.16874,0.9329,0.12297
001390_lcam_front_lidar.ply,0.2,800,0.9,0.10749,0.38577,1,0.1799,0.93099,0.12667
001391_lcam_front_lidar.ply,0.2,800,0.9,0.09509,0.37836,1,0.1722,0.92574,0.12454
001392_lcam_front_lidar.ply,0.2,800,0.9,0.10136,0.37135,1,0.16498,0.92461,0.12454
001393_lcam_front_lidar.ply,0.2,800,0.9,0.10312,0.37243,1,0.16642,0.92373,0.12225
001394_lcam_front_lidar.ply,0.2,800,0.9,0.09943,0.37027,1,0.16433,0.92267,0.12678
001395_lcam_front_lidar.ply,0.2,800,0.9,0.08966,0.37101,1,0.16331,0.92233,0.12411
001396_lcam_front_lidar.ply,0.2,800,0.9,0.10562,0.37291,1,0.16991,0.9235,0.13012
001397_lcam_front_lidar.ply,0.2,800,0.9,0.11037,0.36963,1,0.16814,0.92721,0.131
001398_lcam_front_lidar.ply,0.2,800,0.9,0.11174,0.36196,1,0.16677,0.92687,0.13913
001399_lcam_front_lidar.ply,0.2,800,0.9,0.0988,0.35455,1,0.15428,0.92753,0.13511
001400_lcam_front_lidar.ply,0.2,800,0.9,0.09077,0.34876,1,0.15012,0.92659,0.13634
001401_lcam_front_lidar.ply,0.2,800,0.9,0.10052,0.34545,1,0.14445,0.92775,0.125
001402_lcam_front_lidar.ply,0.2,800,0.9,0.09161,0.3384,1,0.13604,0.92916,0.12448
001403_lcam_front_lidar.ply,0.2,800,0.9,0.09572,0.33678,1,0.13448,0.93155,0.12336
001404_lcam_front_lidar.ply,0.2,800,0.9,0.10941,0.32835,1,0.1287,0.93395,0.1218
001405_lcam_front_lidar.ply,0.2,800,0.9,0.09715,0.32253,1,0.12205,0.93584,0.12086
001406_lcam_front_lidar.ply,0.2,800,0.9,0.09522,0.31706,1,0.11774,0.93564,0.12263
001407_lcam_front_lidar.ply,0.2,800,0.9,0.08711,0.31111,1,0.11164,0.93704,0.13002
001408_lcam_front_lidar.ply,0.2,800,0.9,0.11079,0.3115,1,0.10963,0.93489,0.12203
001409_lcam_front_lidar.ply,0.2,800,0.9,0.11043,0.30565,1,0.10609,0.93886,0.12579
001410_lcam_front_lidar.ply,0.2,800,0.9,0.09552,0.30628,1,0.11211,0.93473,0.13541
001411_lcam_front_lidar.ply,0.2,800,0.9,0.09541,0.30053,1,0.10595,0.93682,0.1428
001412_lcam_front_lidar.ply,0.2,800,0.9,0.08378,0.30149,1,0.11017,0.93769,0.14415
001413_lcam_front_lidar.ply,0.2,800,0.9,0.08649,0.30042,1,0.10623,0.9376,0.14273
001414_lcam_front_lidar.ply,0.2,800,0.9,0.09416,0.2923,1,0.10215,0.93668,0.14537
001415_lcam_front_lidar.ply,0.2,800,0.9,0.07901,0.28983,1,0.09617,0.93469,0.14177
001416_lcam_front_lidar.ply,0.2,800,0.9,0.07814,0.28886,1,0.09229,0.93523,0.13914
001417_lcam_front_lidar.ply,0.2,800,0.9,0.08327,0.28292,1,0.08652,0.93495,0.13108
001418_lcam_front_lidar.ply,0.2,800,0.9,0.09327,0.28586,1,0.08918,0.93767,0.13744
001419_lcam_front_lidar.ply,0.2,800,0.9,0.07909,0.28513,1,0.09342,0.93728,0.15467
001420_lcam_front_lidar.ply,0.2,800,0.9,0.09437,0.28113,1,0.09121,0.93523,0.14965
001421_lcam_front_lidar.ply,0.2,800,0.9,0.0792,0.27239,1,0.08002,0.93501,0.14762
001422_lcam_front_lidar.ply,0.25,800,0.9,0.07978,0.2711,1,0.07897,0.93271,0.15268
001423_lcam_front_lidar.ply,0.2,800,0.9,0.08283,0.26467,1,0.07286,0.93467,0.15047
001424_lcam_front_lidar.ply,0.2,800,0.9,0.07992,0.27878,1,0.07942,0.93342,0.13511
001425_lcam_front_lidar.ply,0.2,800,0.9,0.08238,0.27925,1,0.0805,0.93683,0.13234
001426_lcam_front_lidar.ply,0.2,800,0.9,0.0789,0.27256,1,0.08574,0.94624,0.16165
001427_lcam_front_lidar.ply,0.2,800,0.9,0.0794,0.3053,1,0.11903,0.94701,0.16254
001428_lcam_front_lidar.ply,0.2,800,0.9,0.08358,0.31086,1,0.12576,0.94714,0.15927
001429_lcam_front_lidar.ply,0.2,800,0.9,0.07889,0.33707,1,0.15072,0.95045,0.17209
001430_lcam_front_lidar.ply,0.2,800,0.9,0.06349,0.34108,1,0.16042,0.94794,0.17948
001431_lcam_front_lidar.ply,0.2,800,0.9,0.07947,0.35643,1,0.17722,0.94898,0.18211
001432_lcam_front_lidar.ply,0.2,800,0.9,0.05348,0.35233,1,0.16653,0.94826,0.17266
001433_lcam_front_lidar.ply,0.2,800,0.9,0.07294,0.33349,1,0.15385,0.94985,0.17474
001434_lcam_front_lidar.ply,0.2,800,0.9,0.07952,0.31959,1,0.13519,0.9474,0.16598
001435_lcam_front_lidar.ply,0.2,800,0.9,0.07888,0.30127,1,0.12213,0.94591,0.17085
001436_lcam_front_lidar.ply,0.2,800,0.9,0.07932,0.27742,1,0.09775,0.94399,0.17448
001437_lcam_front_lidar.ply,0.2,800,0.9,0.07937,0.28254,1,0.08185,0.93597,0.13148
001438_lcam_front_lidar.ply,0.2,800,0.9,0.08055,0.28012,1,0.08227,0.93403,0.134
001439_lcam_front_lidar.ply,0.25,800,0.9,0.07915,0.26422,1,0.07367,0.9367,0.15665
001440_lcam_front_lidar.ply,0.25,800,0.9,0.08052,0.28157,1,0.08595,0.93186,0.14353
001441_lcam_front_lidar.ply,0.25,800,0.9,0.07723,0.27148,1,0.08621,0.93876,0.16603
001442_lcam_front_lidar.ply,0.2,800,0.9,0.075,0.27215,1,0.08249,0.93333,0.15402
001443_lcam_front_lidar.ply,0.2,800,0.9,0.07438,0.27744,1,0.08831,0.93668,0.15428
001444_lcam_front_lidar.ply,0.2,800,0.9,0.08204,0.2846,1,0.08954,0.93667,0.13913
001445_lcam_front_lidar.ply,0.2,800,0.9,0.09985,0.28539,1,0.08608,0.93679,0.13061
001446_lcam_front_lidar.ply,0.2,800,0.9,0.06939,0.29512,1,0.09249,0.93344,0.12766
001447_lcam_front_lidar.ply,0.2,800,0.9,0.08311,0.29235,1,0.0929,0.93489,0.13087
001448_lcam_front_lidar.ply,0.2,800,0.9,0.09082,0.29164,1,0.0934,0.9348,0.13232
001449_lcam_front_lidar.ply,0.2,800,0.9,0.09566,0.28837,1,0.09763,0.93518,0.14058
001450_lcam_front_lidar.ply,0.2,800,0.9,0.0856,0.29864,1,0.1006,0.93465,0.13342
001451_lcam_front_lidar.ply,0.2,800,0.9,0.09024,0.29961,1,0.10477,0.9354,0.13359
001452_lcam_front_lidar.ply,0.2,800,0.9,0.09641,0.30048,1,0.10385,0.93661,0.13554
001453_lcam_front_lidar.ply,0.2,800,0.9,0.09489,0.30731,1,0.10612,0.93532,0.12952
001454_lcam_front_lidar.ply,0.2,800,0.9,0.09497,0.30046,1,0.10357,0.93656,0.13281
001455_lcam_front_lidar.ply,0.2,800,0.9,0.09538,0.30716,1,0.10757,0.93692,0.1253
001456_lcam_front_lidar.ply,0.2,800,0.9,0.09548,0.30892,1,0.10696,0.93579,0.12748
001457_lcam_front_lidar.ply,0.2,800,0.9,0.09871,0.31276,1,0.11141,0.93855,0.12397
001458_lcam_front_lidar.ply,0.2,800,0.9,0.11257,0.30764,1,0.10637,0.93832,0.12213
001459_lcam_front_lidar.ply,0.2,800,0.9,0.10614,0.31178,1,0.10798,0.93889,0.12029
001460_lcam_front_lidar.ply,0.2,800,0.9,0.11025,0.30885,1,0.10871,0.93852,0.11936
001461_lcam_front_lidar.ply,0.2,800,0.9,0.10861,0.31119,1,0.11423,0.93708,0.1265
001462_lcam_front_lidar.ply,0.2,800,0.9,0.09645,0.31796,1,0.1229,0.93239,0.13246
001463_lcam_front_lidar.ply,0.2,800,0.9,0.11267,0.32059,1,0.12655,0.93069,0.13781
001464_lcam_front_lidar.ply,0.2,800,0.9,0.10935,0.32062,1,0.12991,0.92984,0.13981
001465_lcam_front_lidar.ply,0.2,800,0.9,0.10911,0.32377,1,0.12902,0.92949,0.13659
001466_lcam_front_lidar.ply,0.2,800,0.9,0.10546,0.32633,1,0.13298,0.93095,0.14176
001467_lcam_front_lidar.ply,0.2,800,0.9,0.12203,0.32347,1,0.12866,0.93095,0.13711
001468_lcam_front_lidar.ply,0.2,800,0.9,0.09088,0.32285,1,0.12715,0.9303,0.13663
001469_lcam_front_lidar.ply,0.2,800,0.9,0.11099,0.32213,1,0.1227,0.93073,0.12628
001470_lcam_front_lidar.ply,0.2,800,0.9,0.10677,0.32812,1,0.12909,0.93107,0.13263
001471_lcam_front_lidar.ply,0.2,800,0.9,0.11985,0.33223,1,0.12891,0.93075,0.12368
001472_lcam_front_lidar.ply,0.2,800,0.9,0.11491,0.3325,1,0.12982,0.93351,0.12236
001473_lcam_front_lidar.ply,0.2,800,0.9,0.10797,0.34027,1,0.13717,0.93298,0.12693
001474_lcam_front_lidar.ply,0.2,800,0.9,0.11427,0.3241,1,0.1238,0.93412,0.12821
001475_lcam_front_lidar.ply,0.2,800,0.9,0.11093,0.32152,1,0.12322,0.93485,0.13018
001476_lcam_front_lidar.ply,0.2,800,0.9,0.09301,0.32464,1,0.12679,0.93706,0.13978
001477_lcam_front_lidar.ply,0.2,800,0.9,0.11085,0.31573,1,0.11882,0.93823,0.13772
001478_lcam_front_lidar.ply,0.2,800,0.9,0.11137,0.31309,1,0.1174,0.93967,0.13731
001479_lcam_front_lidar.ply,0.2,800,0.9,0.10846,0.30606,1,0.10958,0.94129,0.13851
001480_lcam_front_lidar.ply,0.2,800,0.9,0.10503,0.28882,1,0.09951,0.93869,0.14929
001481_lcam_front_lidar.ply,0.2,800,0.9,0.1111,0.29285,1,0.10116,0.93753,0.14518
001482_lcam_front_lidar.ply,0.2,800,0.9,0.11126,0.27885,1,0.09329,0.93758,0.15705
001483_lcam_front_lidar.ply,0.2,800,0.9,0.09299,0.26998,1,0.07963,0.94146,0.14883
001484_lcam_front_lidar.ply,0.2,800,0.9,0.11117,0.26966,1,0.08843,0.93692,0.16431
001485_lcam_front_lidar.ply,0.2,800,0.9,0.10493,0.27057,1,0.08479,0.94158,0.15576
001486_lcam_front_lidar.ply,0.2,800,0.9,0.11269,0.26891,1,0.08735,0.94492,0.16162
001487_lcam_front_lidar.ply,0.2,800,0.9,0.09496,0.26975,1,0.09187,0.94583,0.17708
001488_lcam_front_lidar.ply,0.2,800,0.9,0.09687,0.2605,1,0.09914,0.94321,0.21006
001489_lcam_front_lidar.ply,0.2,800,0.9,0.11084,0.26323,1,0.0836,0.94348,0.17217
001490_lcam_front_lidar.ply,0.2,800,0.9,0.10076,0.26664,1,0.08863,0.94641,0.17684
001491_lcam_front_lidar.ply,0.2,800,0.9,0.09514,0.26822,1,0.08781,0.93914,0.17307
001492_lcam_front_lidar.ply,0.2,800,0.9,0.10718,0.29457,1,0.11859,0.94081,0.18301
001493_lcam_front_lidar.ply,0.2,800,0.9,0.09544,0.29842,1,0.12092,0.93617,0.17943
001494_lcam_front_lidar.ply,0.2,800,0.9,0.12593,0.3054,1,0.12836,0.93756,0.17714
001495_lcam_front_lidar.ply,0.2,800,0.9,0.11005,0.31618,1,0.13203,0.94195,0.16481
001496_lcam_front_lidar.ply,0.2,800,0.9,0.09509,0.31943,1,0.1347,0.9393,0.16586
001497_lcam_front_lidar.ply,0.2,800,0.9,0.1052,0.32986,1,0.14121,0.93677,0.15911
001498_lcam_front_lidar.ply,0.2,800,0.9,0.11229,0.32805,1,0.14107,0.93811,0.16331
001499_lcam_front_lidar.ply,0.2,800,0.9,0.09923,0.33117,1,0.14202,0.94027,0.1606
001500_lcam_front_lidar.ply,0.2,800,0.9,0.10638,0.33533,1,0.14928,0.93737,0.16982
001501_lcam_front_lidar.ply,0.2,800,0.9,0.09525,0.33001,1,0.14593,0.93821,0.1691
001502_lcam_front_lidar.ply,0.2,800,0.9,0.11409,0.30982,1,0.1175,0.94225,0.15143
001503_lcam_front_lidar.ply,0.2,800,0.9,0.0989,0.30805,1,0.12982,0.94296,0.17999
001504_lcam_front_lidar.ply,0.2,800,0.9,0.10891,0.31641,1,0.13886,0.94675,0.18242
001505_lcam_front_lidar.ply,0.2,800,0.9,0.11277,0.31596,1,0.14386,0.953,0.18811
001506_lcam_front_lidar.ply,0.2,800,0.9,0.09528,0.31814,1,0.14316,0.95024,0.19059
001507_lcam_front_lidar.ply,0.2,800,0.9,0.09289,0.31699,1,0.14023,0.95215,0.19036
001508_lcam_front_lidar.ply,0.2,800,0.9,0.09481,0.31341,1,0.14207,0.95617,0.19893
001509_lcam_front_lidar.ply,0.2,800,0.9,0.11148,0.31904,1,0.1487,0.9553,0.19754
001510_lcam_front_lidar.ply,0.2,800,0.9,0.09726,0.3124,1,0.13887,0.961,0.19114
001511_lcam_front_lidar.ply,0.2,800,0.9,0.10781,0.31729,1,0.13993,0.95588,0.17933
001512_lcam_front_lidar.ply,0.2,800,0.9,0.10923,0.30427,1,0.12711,0.96208,0.1808
001513_lcam_front_lidar.ply,0.2,800,0.9,0.10087,0.30588,1,0.13113,0.95609,0.18916
001514_lcam_front_lidar.ply,0.2,800,0.9,0.1144,0.31768,1,0.13945,0.96161,0.18211
001515_lcam_front_lidar.ply,0.2,800,0.9,0.10762,0.32428,1,0.14647,0.96421,0.18279
001516_lcam_front_lidar.ply,0.2,800,0.9,0.09492,0.31288,1,0.1407,0.96254,0.19525
001517_lcam_front_lidar.ply,0.2,800,0.9,0.07732,0.3142,1,0.13115,0.96596,0.17679
001518_lcam_front_lidar.ply,0.2,800,0.9,0.07684,0.27571,1,0.0779,0.9778,0.14469
001519_lcam_front_lidar.ply,0.2,800,0.9,0.09584,0.26981,1,0.09166,0.97426,0.18059
001520_lcam_front_lidar.ply,0.2,800,0.9,0.11111,0.27936,1,0.10622,0.99232,0.18729
001521_lcam_front_lidar.ply,0.2,800,0.9,0.10918,0.28052,1,0.10702,0.99329,0.18959
001522_lcam_front_lidar.ply,0.2,800,0.9,0.10214,0.29166,1,0.11785,0.9724,0.18599
001523_lcam_front_lidar.ply,0.2,800,0.9,0.08517,0.29426,1,0.12656,0.98159,0.20381
001524_lcam_front_lidar.ply,0.2,800,0.9,0.08724,0.30564,1,0.13943,0.96962,0.20498
001525_lcam_front_lidar.ply,0.2,800,0.9,0.05246,0.34096,1,0.15206,0.97451,0.17138
001526_lcam_front_lidar.ply,0.2,800,0.9,0.09479,0.27802,1,0.09973,0.95743,0.18321
001527_lcam_front_lidar.ply,0.2,800,0.9,0.10486,0.29628,1,0.12086,0.99858,0.18634
001528_lcam_front_lidar.ply,0.2,800,0.9,0.11165,0.29451,1,0.1202,0.99837,0.18829
001529_lcam_front_lidar.ply,0.2,800,0.9,0.09816,0.28191,1,0.11061,0.99861,0.19395
001530_lcam_front_lidar.ply,0.2,800,0.9,0.10339,0.3091,1,0.13126,0.99863,0.17995
001531_lcam_front_lidar.ply,0.2,800,0.9,0.09873,0.30929,1,0.13033,0.9991,0.17704
001532_lcam_front_lidar.ply,0.2,800,0.9,0.11633,0.30819,1,0.12472,0.99925,0.16773
001533_lcam_front_lidar.ply,0.2,800,0.9,0.12111,0.30031,1,0.11299,0.99066,0.15977
001534_lcam_front_lidar.ply,0.2,800,0.9,0.13426,0.23594,1,0.04298,0.99413,0.13899
001535_lcam_front_lidar.ply,0.2,800,0.9,0.10047,0.31153,1,0.12629,0.99017,0.16698
001536_lcam_front_lidar.ply,0.2,800,0.9,0.10733,0.31107,1,0.12673,0.98993,0.16589
001537_lcam_front_lidar.ply,0.2,800,0.9,0.11078,0.30427,1,0.13348,0.99985,0.19626
001538_lcam_front_lidar.ply,0.2,800,0.9,0.09634,0.29017,1,0.10689,0.99586,0.1734
001539_lcam_front_lidar.ply,0.2,800,0.9,0.10536,0.30962,1,0.11851,0.98888,0.15168
001540_lcam_front_lidar.ply,0.2,800,0.9,0.11721,0.30358,1,0.11398,0.98799,0.15614
001541_lcam_front_lidar.ply,0.2,800,0.9,0.10521,0.29078,1,0.10561,0.99174,0.16337
001542_lcam_front_lidar.ply,0.2,800,0.9,0.09597,0.28883,1,0.10351,0.99008,0.17176
001543_lcam_front_lidar.ply,0.2,800,0.9,0.10706,0.27404,1,0.0969,0.99177,0.17564
001544_lcam_front_lidar.ply,0.2,800,0.9,0.1035,0.26944,1,0.0978,0.98898,0.19412
001545_lcam_front_lidar.ply,0.2,800,0.9,0.12508,0.23105,1,0.03772,0.98904,0.1478
001546_lcam_front_lidar.ply,0.2,800,0.9,0.11431,0.25186,1,0.04692,0.99082,0.12613
001547_lcam_front_lidar.ply,0.2,800,0.9,0.12125,0.31048,1,0.13487,0.9953,0.18478
001548_lcam_front_lidar.ply,0.2,800,0.9,0.12732,0.25921,1,0.06433,0.98866,0.14445
001549_lcam_front_lidar.ply,0.2,800,0.9,0.12938,0.2619,1,0.07279,0.98542,0.15435
001550_lcam_front_lidar.ply,0.2,800,0.9,0.12295,0.25145,1,0.07113,0.98604,0.16777
001551_lcam_front_lidar.ply,0.2,800,0.9,0.12914,0.26568,1,0.0742,0.9853,0.15058
001552_lcam_front_lidar.ply,0.2,800,0.9,0.11648,0.21617,1,0.04697,0.99829,0.19658
001553_lcam_front_lidar.ply,0.2,800,0.9,0.12741,0.27795,1,0.08679,0.98198,0.1534
001554_lcam_front_lidar.ply,0.2,800,0.9,0.11667,0.2836,1,0.09111,0.98143,0.15034
001555_lcam_front_lidar.ply,0.2,800,0.9,0.11667,0.27916,1,0.08772,0.9826,0.15254
001556_lcam_front_lidar.ply,0.2,800,0.9,0.11103,0.26931,1,0.09319,0.97593,0.18458
001557_lcam_front_lidar.ply,0.2,800,0.9,0.11087,0.27934,1,0.10021,0.97198,0.17477
001558_lcam_front_lidar.ply,0.2,800,0.9,0.10559,0.28321,1,0.10532,0.97046,0.17724
001559_lcam_front_lidar.ply,0.2,800,0.9,0.11178,0.27945,1,0.10317,0.97576,0.18301
001560_lcam_front_lidar.ply,0.2,800,0.9,0.10844,0.28008,1,0.10354,0.97774,0.18138
001561_lcam_front_lidar.ply,0.2,800,0.9,0.11239,0.28502,1,0.10151,0.97506,0.16712
001562_lcam_front_lidar.ply,0.2,800,0.9,0.10923,0.2937,1,0.11133,0.97317,0.17029
001563_lcam_front_lidar.ply,0.2,800,0.9,0.11271,0.29977,1,0.10887,0.96987,0.15406
001564_lcam_front_lidar.ply,0.2,800,0.9,0.11512,0.30372,1,0.11967,0.97364,0.16842
001565_lcam_front_lidar.ply,0.2,800,0.9,0.08953,0.30654,1,0.11921,0.97561,0.16517
001566_lcam_front_lidar.ply,0.2,800,0.9,0.11176,0.30634,1,0.11689,0.97609,0.15941
001567_lcam_front_lidar.ply,0.2,800,0.9,0.11029,0.31522,1,0.11939,0.97295,0.14787
001568_lcam_front_lidar.ply,0.2,800,0.9,0.105,0.3161,1,0.12287,0.97244,0.14859
001569_lcam_front_lidar.ply,0.2,800,0.9,0.10521,0.31905,1,0.12448,0.97246,0.14844
001570_lcam_front_lidar.ply,0.2,800,0.9,0.11491,0.31764,1,0.12773,0.97045,0.15261
001571_lcam_front_lidar.ply,0.2,800,0.9,0.11065,0.32864,1,0.13867,0.97096,0.15465
001572_lcam_front_lidar.ply,0.2,800,0.9,0.1029,0.31499,1,0.13518,0.98592,0.17463
001573_lcam_front_lidar.ply,0.2,800,0.9,0.11108,0.3207,1,0.14983,0.98288,0.19231
001574_lcam_front_lidar.ply,0.2,800,0.9,0.11244,0.32174,1,0.13817,0.97836,0.1693
001575_lcam_front_lidar.ply,0.2,800,0.9,0.10998,0.32358,1,0.14362,0.98321,0.18045
001576_lcam_front_lidar.ply,0.2,800,0.9,0.11465,0.34651,1,0.16261,0.98082,0.17012
001577_lcam_front_lidar.ply,0.2,800,0.9,0.11126,0.33501,1,0.15104,0.9794,0.16785
001578_lcam_front_lidar.ply,0.2,800,0.9,0.11123,0.33293,1,0.14589,0.98363,0.16119
001579_lcam_front_lidar.ply,0.2,800,0.9,0.10818,0.3493,1,0.16222,0.9815,0.16428
001580_lcam_front_lidar.ply,0.2,800,0.9,0.11094,0.33212,1,0.13751,0.9756,0.14074
001581_lcam_front_lidar.ply,0.2,800,0.9,0.11653,0.33451,1,0.1388,0.97699,0.14565
001582_lcam_front_lidar.ply,0.2,800,0.9,0.09485,0.34111,1,0.14468,0.97803,0.14645
001583_lcam_front_lidar.ply,0.2,800,0.9,0.1033,0.34698,1,0.14488,0.97588,0.13514
001584_lcam_front_lidar.ply,0.2,800,0.9,0.11261,0.34242,1,0.14072,0.97567,0.13056
001585_lcam_front_lidar.ply,0.2,800,0.9,0.09402,0.34751,1,0.14243,0.97543,0.13239
001586_lcam_front_lidar.ply,0.2,800,0.9,0.10462,0.34223,1,0.13414,0.97512,0.12261
001587_lcam_front_lidar.ply,0.2,800,0.9,0.11071,0.34046,1,0.13358,0.97241,0.11887
