frame_id,epsilon,min_support,normal_threshold,runtime,reward,steps_used,inlier_ratio,plane_normal,residual
000000_lcam_front_lidar.ply,0.25,800,0.9,0.0842,0.30684,1,0.1605,0.95869,0.16211
000001_lcam_front_lidar.ply,0.25,800,0.9,0.09326,0.30032,1,0.15894,0.95808,0.17252
000002_lcam_front_lidar.ply,0.25,800,0.9,0.10283,0.28642,1,0.14506,0.95424,0.17111
000003_lcam_front_lidar.ply,0.25,800,0.9,0.11743,0.30105,1,0.15895,0.94569,0.16231
000004_lcam_front_lidar.ply,0.25,800,0.9,0.10277,0.29637,1,0.16538,0.95673,0.1882
000005_lcam_front_lidar.ply,0.25,800,0.9,0.09877,0.30122,1,0.16322,0.94364,0.17327
000006_lcam_front_lidar.ply,0.25,800,0.9,0.09696,0.29952,1,0.16598,0.9501,0.18547
000007_lcam_front_lidar.ply,0.25,800,0.9,0.08973,0.29881,1,0.17464,0.94757,0.2038
000008_lcam_front_lidar.ply,0.25,800,0.9,0.08698,0.29837,1,0.1676,0.93594,0.18807
000009_lcam_front_lidar.ply,0.25,800,0.9,0.09294,0.3084,1,0.19096,0.94631,0.20982
000010_lcam_front_lidar.ply,0.25,800,0.9,0.12026,0.29954,1,0.1889,0.94242,0.21367
000011_lcam_front_lidar.ply,0.25,800,0.9,0.13888,0.29816,1,0.1918,0.94585,0.2278
000012_lcam_front_lidar.ply,0.25,800,0.9,0.13219,0.30241,1,0.19963,0.94014,0.23503
000013_lcam_front_lidar.ply,0.25,800,0.9,0.09406,0.30105,1,0.18292,0.94658,0.20936
000014_lcam_front_lidar.ply,0.25,800,0.9,0.08425,0.3114,1,0.19464,0.94553,0.2222
000015_lcam_front_lidar.ply,0.25,800,0.9,0.10956,0.30702,1,0.19102,0.94638,0.21119
000016_lcam_front_lidar.ply,0.25,800,0.9,0.10287,0.30739,1,0.19367,0.94483,0.21627
000017_lcam_front_lidar.ply,0.2,800,0.9,0.08642,0.30895,1,0.16961,0.94462,0.17088
000018_lcam_front_lidar.ply,0.2,800,0.9,0.08881,0.3015,1,0.16451,0.94381,0.1732
000019_lcam_front_lidar.ply,0.2,800,0.9,0.08373,0.31332,1,0.16039,0.9445,0.14575
000020_lcam_front_lidar.ply,0.2,800,0.9,0.07532,0.30637,1,0.15999,0.94494,0.15347
000021_lcam_front_lidar.ply,0.2,800,0.9,0.10032,0.29627,1,0.14111,0.94524,0.13444
000022_lcam_front_lidar.ply,0.2,800,0.9,0.09609,0.29157,1,0.13711,0.94334,0.13751
000023_lcam_front_lidar.ply,0.2,800,0.9,0.07628,0.20181,1,0.00373,0.90381,0.04874
000024_lcam_front_lidar.ply,0.2,800,0.9,0.08396,0.27548,1,0.13305,0.94805,0.16121
000025_lcam_front_lidar.ply,0.2,800,0.9,0.08836,0.2858,1,0.14667,0.94599,0.16604
000026_lcam_front_lidar.ply,0.2,800,0.9,0.09946,0.26031,1,0.12655,0.93706,0.17735
000027_lcam_front_lidar.ply,0.2,800,0.9,0.0807,0.25617,1,0.1232,0.93767,0.1913
000028_lcam_front_lidar.ply,0.2,800,0.9,0.08213,0.25497,1,0.11747,0.93872,0.16998
000029_lcam_front_lidar.ply,0.2,800,0.9,0.08959,0.24632,1,0.11173,0.94503,0.17672
000030_lcam_front_lidar.ply,0.2,800,0.9,0.08967,0.23593,1,0.09688,0.93651,0.17027
000031_lcam_front_lidar.ply,0.2,800,0.9,0.09828,0.23935,1,0.09236,0.9368,0.15649
000032_lcam_front_lidar.ply,0.2,800,0.9,0.117,0.2287,1,0.09502,0.9397,0.17675
000033_lcam_front_lidar.ply,0.25,800,0.9,0.11488,0.20374,1,0.08211,0.92706,0.20361
000034_lcam_front_lidar.ply,0.25,800,0.9,0.10094,0.23768,1,0.13098,0.94607,0.23477
000035_lcam_front_lidar.ply,0.25,800,0.9,0.10573,0.19628,1,0.04628,0.82877,0.14927
000036_lcam_front_lidar.ply,0.25,800,0.9,0.09677,0.26808,1,0.14871,0.93387,0.21299
000037_lcam_front_lidar.ply,0.25,800,0.9,0.13394,0.27336,1,0.14688,0.93171,0.19325
000038_lcam_front_lidar.ply,0.25,800,0.9,0.14059,0.2944,1,0.15987,0.93072,0.17551
000039_lcam_front_lidar.ply,0.25,800,0.9,0.21183,0.28614,1,0.1522,0.92846,0.16475
000040_lcam_front_lidar.ply,0.2,800,0.9,0.14659,0.32929,1,0.17815,0.94278,0.14311
000041_lcam_front_lidar.ply,0.25,800,0.9,0.14787,0.30449,1,0.17479,0.93705,0.1855
000042_lcam_front_lidar.ply,0.25,800,0.9,0.15765,0.32916,1,0.19333,0.94111,0.16975
000043_lcam_front_lidar.ply,0.25,800,0.9,0.18487,0.34208,1,0.20725,0.93744,0.1653
000044_lcam_front_lidar.ply,0.25,800,0.9,0.20615,0.34783,1,0.21462,0.93897,0.17019
000045_lcam_front_lidar.ply,0.25,800,0.9,0.17016,0.35729,1,0.22544,0.94295,0.17448
000046_lcam_front_lidar.ply,0.25,800,0.9,0.10332,0.36874,1,0.2364,0.9458,0.19335
000047_lcam_front_lidar.ply,0.25,800,0.9,0.09838,0.36795,1,0.22774,0.95036,0.17824
000048_lcam_front_lidar.ply,0.25,800,0.9,0.10136,0.38669,1,0.24765,0.94966,0.17884
000049_lcam_front_lidar.ply,0.25,800,0.9,0.12065,0.3766,1,0.23919,0.95041,0.17886
000050_lcam_front_lidar.ply,0.25,800,0.9,0.13216,0.37696,1,0.24708,0.94758,0.19456
000051_lcam_front_lidar.ply,0.25,800,0.9,0.09503,0.37082,1,0.23789,0.94702,0.19229
000052_lcam_front_lidar.ply,0.25,800,0.9,0.10931,0.37423,1,0.2397,0.94815,0.18435
000053_lcam_front_lidar.ply,0.25,800,0.9,0.10022,0.36235,1,0.2283,0.94561,0.1905
000054_lcam_front_lidar.ply,0.25,800,0.9,0.10719,0.36554,1,0.22552,0.94892,0.17731
000055_lcam_front_lidar.ply,0.25,800,0.9,0.12339,0.36271,1,0.22476,0.95174,0.18096
000056_lcam_front_lidar.ply,0.25,800,0.9,0.1246,0.35862,1,0.21961,0.94667,0.17513
000057_lcam_front_lidar.ply,0.25,800,0.9,0.11305,0.35789,1,0.21875,0.95184,0.17293
000058_lcam_front_lidar.ply,0.25,800,0.9,0.10501,0.34832,1,0.20716,0.95198,0.17207
000059_lcam_front_lidar.ply,0.25,800,0.9,0.11325,0.35229,1,0.21212,0.95371,0.17253
000060_lcam_front_lidar.ply,0.25,800,0.9,0.11082,0.35351,1,0.22215,0.95004,0.19215
000061_lcam_front_lidar.ply,0.25,800,0.9,0.10433,0.34644,1,0.22049,0.94876,0.20283
000062_lcam_front_lidar.ply,0.25,800,0.9,0.09503,0.35955,1,0.22796,0.95369,0.19473
000063_lcam_front_lidar.ply,0.25,800,0.9,0.0912,0.34806,1,0.22264,0.95185,0.20805
000064_lcam_front_lidar.ply,0.25,800,0.9,0.10393,0.34759,1,0.21753,0.95737,0.19353
000065_lcam_front_lidar.ply,0.25,800,0.9,0.09538,0.34476,1,0.21109,0.95673,0.1907
000066_lcam_front_lidar.ply,0.25,800,0.9,0.08054,0.33863,1,0.20762,0.96194,0.19909
000067_lcam_front_lidar.ply,0.25,800,0.9,0.11537,0.33951,1,0.21096,0.96093,0.19688
000068_lcam_front_lidar.ply,0.25,800,0.9,0.08986,0.33746,1,0.2027,0.96067,0.18854
000069_lcam_front_lidar.ply,0.25,800,0.9,0.09936,0.32456,1,0.17505,0.96877,0.15853
000070_lcam_front_lidar.ply,0.25,800,0.9,0.10505,0.32042,1,0.17107,0.96872,0.16178
000071_lcam_front_lidar.ply,0.25,800,0.9,0.1096,0.3159,1,0.17197,0.96359,0.16462
000072_lcam_front_lidar.ply,0.25,800,0.9,0.09571,0.31612,1,0.16041,0.97171,0.14909
000073_lcam_front_lidar.ply,0.25,800,0.9,0.09238,0.31573,1,0.1742,0.96369,0.1751
000074_lcam_front_lidar.ply,0.25,800,0.9,0.09873,0.30136,1,0.16072,0.96691,0.17373
000075_lcam_front_lidar.ply,0.25,800,0.9,0.10703,0.30419,1,0.16443,0.96718,0.17594
000076_lcam_front_lidar.ply,0.25,800,0.9,0.09207,0.30052,1,0.15969,0.96336,0.17199
000077_lcam_front_lidar.ply,0.25,800,0.9,0.10426,0.29911,1,0.16292,0.96522,0.18038
000078_lcam_front_lidar.ply,0.25,800,0.9,0.09439,0.2975,1,0.16069,0.96433,0.18616
000079_lcam_front_lidar.ply,0.25,800,0.9,0.08584,0.29521,1,0.16249,0.96565,0.1889
000080_lcam_front_lidar.ply,0.25,800,0.9,0.14432,0.29116,1,0.15983,0.96353,0.18242
000081_lcam_front_lidar.ply,0.25,800,0.9,0.15381,0.29647,1,0.17279,0.96111,0.19526
000082_lcam_front_lidar.ply,0.25,800,0.9,0.10366,0.29252,1,0.16266,0.95893,0.19447
000083_lcam_front_lidar.ply,0.2,800,0.9,0.10266,0.29604,1,0.14181,0.94669,0.14226
000084_lcam_front_lidar.ply,0.2,800,0.9,0.11753,0.29625,1,0.14355,0.94673,0.1394
000085_lcam_front_lidar.ply,0.2,800,0.9,0.09747,0.29211,1,0.14822,0.9482,0.1635
000086_lcam_front_lidar.ply,0.2,800,0.9,0.08577,0.30311,1,0.14478,0.94312,0.13787
000087_lcam_front_lidar.ply,0.2,800,0.9,0.12001,0.29571,1,0.14454,0.94207,0.14422
000088_lcam_front_lidar.ply,0.2,800,0.9,0.09267,0.30775,1,0.15271,0.94074,0.14715
000089_lcam_front_lidar.ply,0.2,800,0.9,0.093,0.29164,1,0.14334,0.94041,0.15625
000090_lcam_front_lidar.ply,0.2,800,0.9,0.10742,0.30088,1,0.15615,0.9362,0.16255
000091_lcam_front_lidar.ply,0.2,800,0.9,0.09708,0.28575,1,0.14222,0.93511,0.16509
000092_lcam_front_lidar.ply,0.2,800,0.9,0.09871,0.29995,1,0.15808,0.9347,0.16001
000093_lcam_front_lidar.ply,0.2,800,0.9,0.09454,0.30571,1,0.15495,0.93547,0.15291
000094_lcam_front_lidar.ply,0.2,800,0.9,0.10334,0.29227,1,0.14317,0.93021,0.15113
000095_lcam_front_lidar.ply,0.2,800,0.9,0.09562,0.30031,1,0.14107,0.93289,0.13816
000096_lcam_front_lidar.ply,0.2,800,0.9,0.09177,0.30757,1,0.15775,0.93111,0.15131
000097_lcam_front_lidar.ply,0.2,800,0.9,0.0997,0.31224,1,0.16249,0.93223,0.15563
000098_lcam_front_lidar.ply,0.2,800,0.9,0.0881,0.27372,1,0.14022,0.97419,0.18867
000099_lcam_front_lidar.ply,0.2,800,0.9,0.0922,0.30113,1,0.14753,0.9315,0.14665
000100_lcam_front_lidar.ply,0.2,800,0.9,0.08657,0.2977,1,0.13818,0.92609,0.13962
000101_lcam_front_lidar.ply,0.2,800,0.9,0.08423,0.28597,1,0.12579,0.92143,0.13911
000102_lcam_front_lidar.ply,0.2,800,0.9,0.10183,0.27483,1,0.10957,0.92082,0.12915
000103_lcam_front_lidar.ply,0.2,800,0.9,0.07947,0.26505,1,0.11027,0.93419,0.15659
000104_lcam_front_lidar.ply,0.2,800,0.9,0.08238,0.24903,1,0.09326,0.93821,0.14872
000105_lcam_front_lidar.ply,0.2,800,0.9,0.10316,0.23378,1,0.08305,0.92387,0.15349
000106_lcam_front_lidar.ply,0.2,800,0.9,0.08064,0.23139,1,0.07774,0.93037,0.15207
000107_lcam_front_lidar.ply,0.2,800,0.9,0.08774,0.24851,1,0.09216,0.91335,0.14401
000108_lcam_front_lidar.ply,0.2,800,0.9,0.10243,0.24216,1,0.09258,0.9076,0.14837
000109_lcam_front_lidar.ply,0.2,800,0.9,0.08705,0.26966,1,0.09947,0.90456,0.1164
000110_lcam_front_lidar.ply,0.2,800,0.9,0.08223,0.28763,1,0.1179,0.90023,0.10999
000111_lcam_front_lidar.ply,0.2,800,0.9,0.09898,0.28149,1,0.11083,0.90084,0.10798
000112_lcam_front_lidar.ply,0.2,800,0.9,0.07969,0.29828,1,0.12626,0.90132,0.11173
000113_lcam_front_lidar.ply,0.2,800,0.9,0.10296,0.29005,1,0.12849,0.91231,0.13039
000114_lcam_front_lidar.ply,0.2,800,0.9,0.0996,0.30261,1,0.13352,0.9104,0.1131
000115_lcam_front_lidar.ply,0.2,800,0.9,0.08489,0.29801,1,0.13788,0.91187,0.13295
000116_lcam_front_lidar.ply,0.2,800,0.9,0.0947,0.3046,1,0.13352,0.91459,0.11554
000117_lcam_front_lidar.ply,0.2,800,0.9,0.09746,0.29784,1,0.13319,0.91358,0.12592
000118_lcam_front_lidar.ply,0.2,800,0.9,0.0976,0.2954,1,0.13914,0.92,0.13974
000119_lcam_front_lidar.ply,0.2,800,0.9,0.10333,0.28341,1,0.12957,0.91342,0.14125
000120_lcam_front_lidar.ply,0.2,800,0.9,0.09468,0.28849,1,0.12564,0.91231,0.13077
000121_lcam_front_lidar.ply,0.2,800,0.9,0.12018,0.28996,1,0.13962,0.92152,0.14887
000122_lcam_front_lidar.ply,0.2,800,0.9,0.1129,0.2801,1,0.13249,0.92461,0.1526
000123_lcam_front_lidar.ply,0.2,800,0.9,0.10062,0.28222,1,0.13105,0.9263,0.14581
000124_lcam_front_lidar.ply,0.2,800,0.9,0.10476,0.2869,1,0.13561,0.92332,0.14203
000125_lcam_front_lidar.ply,0.2,800,0.9,0.11556,0.27302,1,0.12834,0.92476,0.15703
000126_lcam_front_lidar.ply,0.2,800,0.9,0.11188,0.26977,1,0.12264,0.92569,0.14892
000127_lcam_front_lidar.ply,0.2,800,0.9,0.11739,0.26707,1,0.13785,0.9287,0.18561
000128_lcam_front_lidar.ply,0.2,800,0.9,0.12295,0.2718,1,0.13817,0.93001,0.17546
000129_lcam_front_lidar.ply,0.2,800,0.9,0.1092,0.26039,1,0.1244,0.9287,0.17597
000130_lcam_front_lidar.ply,0.2,800,0.9,0.11369,0.26224,1,0.12929,0.93373,0.18125
000131_lcam_front_lidar.ply,0.2,800,0.9,0.10743,0.26014,1,0.12256,0.93189,0.17151
000132_lcam_front_lidar.ply,0.2,800,0.9,0.12167,0.26853,1,0.14078,0.93435,0.19096
000133_lcam_front_lidar.ply,0.2,800,0.9,0.12778,0.27581,1,0.13822,0.92947,0.16908
000134_lcam_front_lidar.ply,0.2,800,0.9,0.10992,0.17968,1,0.07924,0.91546,0.24788
000135_lcam_front_lidar.ply,0.2,800,0.9,0.10889,0.17915,1,0.06447,0.91418,0.21914
000136_lcam_front_lidar.ply,0.2,800,0.9,0.09796,0.195,1,0.07386,0.9249,0.20706
000137_lcam_front_lidar.ply,0.2,800,0.9,0.11374,0.20028,1,0.07286,0.91478,0.19232
000138_lcam_front_lidar.ply,0.2,800,0.9,0.12887,0.18374,1,0.07334,0.90843,0.22575
000139_lcam_front_lidar.ply,0.2,800,0.9,0.10959,0.18197,1,0.07149,0.91261,0.22759
000140_lcam_front_lidar.ply,0.2,800,0.9,0.10479,0.31976,1,0.19558,0.97933,0.20201
000141_lcam_front_lidar.ply,0.2,800,0.9,0.10461,0.19006,1,0.05736,0.91741,0.18442
000142_lcam_front_lidar.ply,0.2,800,0.9,0.10636,0.29903,1,0.18033,0.97785,0.21291
000143_lcam_front_lidar.ply,0.2,800,0.9,0.12361,0.18909,1,0.06347,0.92582,0.19464
000144_lcam_front_lidar.ply,0.2,800,0.9,0.10825,0.26891,1,0.13601,0.93271,0.1764
000145_lcam_front_lidar.ply,0.2,800,0.9,0.1145,0.19847,1,0.05517,0.91125,0.16015
000146_lcam_front_lidar.ply,0.2,800,0.9,0.09771,0.29706,1,0.18357,0.979,0.22454
000147_lcam_front_lidar.ply,0.2,800,0.9,0.11399,0.2018,1,0.06242,0.91624,0.15997
000148_lcam_front_lidar.ply,0.2,800,0.9,0.12388,0.20401,1,0.07303,0.91639,0.18168
000149_lcam_front_lidar.ply,0.2,800,0.9,0.11925,0.21154,1,0.06642,0.91851,0.15146
000150_lcam_front_lidar.ply,0.2,800,0.9,0.09711,0.20735,1,0.0617,0.91733,0.15153
000151_lcam_front_lidar.ply,0.2,800,0.9,0.09978,0.21585,1,0.06592,0.91815,0.14891
000152_lcam_front_lidar.ply,0.2,800,0.9,0.08922,0.25639,1,0.11132,0.91746,0.15453
000153_lcam_front_lidar.ply,0.2,800,0.9,0.10343,0.22673,1,0.07458,0.91826,0.14208
000154_lcam_front_lidar.ply,0.2,800,0.9,0.13056,0.24772,1,0.11114,0.92378,0.16892
000155_lcam_front_lidar.ply,0.2,800,0.9,0.17574,0.228,1,0.08133,0.91285,0.13583
000156_lcam_front_lidar.ply,0.2,800,0.9,0.12207,0.23231,1,0.08037,0.91476,0.13736
000157_lcam_front_lidar.ply,0.2,800,0.9,0.11005,0.23381,1,0.08398,0.91406,0.142
000158_lcam_front_lidar.ply,0.2,800,0.9,0.11131,0.23413,1,0.07575,0.91221,0.13086
000159_lcam_front_lidar.ply,0.2,800,0.9,0.11233,0.24339,1,0.11036,0.92259,0.17586
000160_lcam_front_lidar.ply,0.2,800,0.9,0.10687,0.24137,1,0.10635,0.9208,0.16864
000161_lcam_front_lidar.ply,0.2,800,0.9,0.11736,0.22444,1,0.07785,0.91654,0.15327
000162_lcam_front_lidar.ply,0.2,800,0.9,0.11455,0.23863,1,0.10636,0.92162,0.17837
000163_lcam_front_lidar.ply,0.2,800,0.9,0.12633,0.2023,1,0.0502,0.9575,0.13866
000164_lcam_front_lidar.ply,0.2,800,0.9,0.11129,0.19749,1,0.04654,0.96094,0.13743
000165_lcam_front_lidar.ply,0.2,800,0.9,0.11817,0.22065,1,0.09301,0.92278,0.18107
000166_lcam_front_lidar.ply,0.2,800,0.9,0.12954,0.21598,1,0.09792,0.99037,0.20818
000167_lcam_front_lidar.ply,0.2,800,0.9,0.1468,0.21802,1,0.08803,0.91532,0.1691
000168_lcam_front_lidar.ply,0.2,800,0.9,0.1284,0.20513,1,0.09165,0.92506,0.20496
000169_lcam_front_lidar.ply,0.2,800,0.9,0.1037,0.21233,1,0.10863,0.99289,0.24005
000170_lcam_front_lidar.ply,0.2,800,0.9,0.12028,0.21227,1,0.10825,0.98679,0.23835
000171_lcam_front_lidar.ply,0.2,800,0.9,0.12593,0.21376,1,0.11587,0.99178,0.24571
000172_lcam_front_lidar.ply,0.2,800,0.9,0.12107,0.21837,1,0.09492,0.92831,0.19557
000173_lcam_front_lidar.ply,0.2,800,0.9,0.12577,0.22015,1,0.0903,0.92368,0.18566
000174_lcam_front_lidar.ply,0.2,800,0.9,0.1257,0.2171,1,0.08656,0.92306,0.17921
000175_lcam_front_lidar.ply,0.2,800,0.9,0.10904,0.23748,1,0.10035,0.92144,0.17319
000176_lcam_front_lidar.ply,0.2,800,0.9,0.12518,0.24034,1,0.09975,0.91876,0.15344
000177_lcam_front_lidar.ply,0.2,800,0.9,0.12871,0.22968,1,0.10527,0.92297,0.18863
000178_lcam_front_lidar.ply,0.2,800,0.9,0.10344,0.24501,1,0.08935,0.91659,0.13491
000179_lcam_front_lidar.ply,0.2,800,0.9,0.11006,0.24752,1,0.09633,0.91687,0.14803
000180_lcam_front_lidar.ply,0.2,800,0.9,0.08988,0.22889,1,0.08441,0.91995,0.16193
000181_lcam_front_lidar.ply,0.2,800,0.9,0.09803,0.23741,1,0.09243,0.91991,0.16058
000182_lcam_front_lidar.ply,0.2,800,0.9,0.06765,0.23196,1,0.0692,0.91723,0.12218
000183_lcam_front_lidar.ply,0.2,800,0.9,0.0671,0.2658,1,0.10809,0.92596,0.13817
000184_lcam_front_lidar.ply,0.2,800,0.9,0.0558,0.23166,1,0.0,0.0,0.0
000185_lcam_front_lidar.ply,0.2,800,0.9,0.09548,0.28762,1,0.10487,0.91874,0.08342
000186_lcam_front_lidar.ply,0.2,800,0.9,0.09022,0.28551,1,0.10497,0.91597,0.08636
000187_lcam_front_lidar.ply,0.2,800,0.9,0.11518,0.30332,1,0.12307,0.91608,0.08775
000188_lcam_front_lidar.ply,0.2,800,0.9,0.10916,0.29642,1,0.1157,0.91318,0.08832
000189_lcam_front_lidar.ply,0.2,800,0.9,0.12727,0.29122,1,0.11992,0.9151,0.09936
000190_lcam_front_lidar.ply,0.2,800,0.9,0.12016,0.29908,1,0.12089,0.91442,0.08409
000191_lcam_front_lidar.ply,0.2,800,0.9,0.11112,0.29489,1,0.1245,0.91954,0.10554
000192_lcam_front_lidar.ply,0.2,800,0.9,0.12111,0.30137,1,0.12459,0.91656,0.08833
000193_lcam_front_lidar.ply,0.2,800,0.9,0.11181,0.31357,1,0.12988,0.92087,0.07717
000194_lcam_front_lidar.ply,0.2,800,0.9,0.08984,0.31722,1,0.13678,0.91422,0.08979
000195_lcam_front_lidar.ply,0.2,800,0.9,0.1024,0.29507,1,0.12058,0.91492,0.09779
000196_lcam_front_lidar.ply,0.2,800,0.9,0.0895,0.295,1,0.12371,0.9236,0.10811
000197_lcam_front_lidar.ply,0.2,800,0.9,0.083,0.26299,1,0.10191,0.93317,0.13396
000198_lcam_front_lidar.ply,0.2,800,0.9,0.08627,0.26439,1,0.09037,0.9312,0.1078
000199_lcam_front_lidar.ply,0.2,800,0.9,0.11226,0.29812,1,0.11339,0.91329,0.07921
000200_lcam_front_lidar.ply,0.2,800,0.9,0.09633,0.31318,1,0.12745,0.91541,0.07624
000201_lcam_front_lidar.ply,0.2,800,0.9,0.12545,0.30416,1,0.13385,0.9162,0.10107
000202_lcam_front_lidar.ply,0.2,800,0.9,0.14745,0.30615,1,0.1396,0.91611,0.10952
000203_lcam_front_lidar.ply,0.25,800,0.9,0.11854,0.31074,1,0.14924,0.91686,0.13169
000204_lcam_front_lidar.ply,0.2,800,0.9,0.12204,0.31631,1,0.1388,0.91596,0.0896
000205_lcam_front_lidar.ply,0.2,800,0.9,0.10728,0.31237,1,0.1373,0.92012,0.09559
000206_lcam_front_lidar.ply,0.2,800,0.9,0.11506,0.32121,1,0.15171,0.92095,0.10773
000207_lcam_front_lidar.ply,0.2,800,0.9,0.10325,0.31599,1,0.14466,0.92151,0.10848
000208_lcam_front_lidar.ply,0.2,800,0.9,0.09604,0.30665,1,0.14451,0.92451,0.12563
000209_lcam_front_lidar.ply,0.2,800,0.9,0.1202,0.3206,1,0.15632,0.91915,0.11719
000210_lcam_front_lidar.ply,0.2,800,0.9,0.1082,0.30947,1,0.14365,0.91641,0.12297
000211_lcam_front_lidar.ply,0.2,800,0.9,0.12576,0.30158,1,0.14396,0.914,0.12678
000212_lcam_front_lidar.ply,0.2,800,0.9,0.1275,0.29239,1,0.13831,0.91617,0.13723
000213_lcam_front_lidar.ply,0.2,800,0.9,0.11371,0.29896,1,0.14278,0.91644,0.13185
000214_lcam_front_lidar.ply,0.2,800,0.9,0.11483,0.29634,1,0.12753,0.90768,0.11307
000215_lcam_front_lidar.ply,0.2,800,0.9,0.10925,0.30229,1,0.13692,0.90816,0.11944
000216_lcam_front_lidar.ply,0.2,800,0.9,0.12755,0.29953,1,0.13067,0.90092,0.10593
000217_lcam_front_lidar.ply,0.2,800,0.9,0.12527,0.3081,1,0.13744,0.90191,0.102
000218_lcam_front_lidar.ply,0.2,800,0.9,0.13548,0.31095,1,0.13362,0.90636,0.08701
000219_lcam_front_lidar.ply,0.2,800,0.9,0.12692,0.31854,1,0.14812,0.90671,0.10231
000220_lcam_front_lidar.ply,0.2,800,0.9,0.14791,0.32931,1,0.15141,0.90585,0.08725
000221_lcam_front_lidar.ply,0.2,800,0.9,0.13744,0.31506,1,0.13665,0.90152,0.08378
000222_lcam_front_lidar.ply,0.2,800,0.9,0.13939,0.32133,1,0.13901,0.90404,0.07791
000223_lcam_front_lidar.ply,0.2,800,0.9,0.11982,0.32286,1,0.14172,0.90426,0.08764
000224_lcam_front_lidar.ply,0.2,800,0.9,0.12809,0.31551,1,0.13634,0.90611,0.08489
000225_lcam_front_lidar.ply,0.2,800,0.9,0.12141,0.32426,1,0.13849,0.90253,0.07502
000226_lcam_front_lidar.ply,0.2,800,0.9,0.15874,0.31917,1,0.14017,0.90268,0.08223
000227_lcam_front_lidar.ply,0.2,800,0.9,0.14306,0.31261,1,0.13773,0.9075,0.08845
000228_lcam_front_lidar.ply,0.2,800,0.9,0.13992,0.31795,1,0.14444,0.90619,0.09724
000229_lcam_front_lidar.ply,0.2,800,0.9,0.12207,0.31798,1,0.14259,0.90621,0.09648
000230_lcam_front_lidar.ply,0.2,800,0.9,0.11882,0.31597,1,0.14366,0.90803,0.10624
000231_lcam_front_lidar.ply,0.2,800,0.9,0.1119,0.31555,1,0.13526,0.91025,0.08855
000232_lcam_front_lidar.ply,0.2,800,0.9,0.11126,0.31007,1,0.14349,0.90889,0.11679
000233_lcam_front_lidar.ply,0.2,800,0.9,0.09227,0.29513,1,0.13459,0.91615,0.136
000234_lcam_front_lidar.ply,0.2,800,0.9,0.10925,0.31025,1,0.1421,0.91057,0.1176
000235_lcam_front_lidar.ply,0.2,800,0.9,0.08662,0.2791,1,0.11716,0.91098,0.13742
000236_lcam_front_lidar.ply,0.2,800,0.9,0.08675,0.29154,1,0.13332,0.90946,0.13491
000237_lcam_front_lidar.ply,0.2,800,0.9,0.10335,0.28962,1,0.13138,0.90696,0.13363
000238_lcam_front_lidar.ply,0.2,800,0.9,0.10274,0.30163,1,0.14176,0.91017,0.12904
000239_lcam_front_lidar.ply,0.2,800,0.9,0.11146,0.29633,1,0.14422,0.907,0.14068
000240_lcam_front_lidar.ply,0.2,800,0.9,0.13813,0.28366,1,0.12474,0.90839,0.12365
000241_lcam_front_lidar.ply,0.2,800,0.9,0.13906,0.2804,1,0.12082,0.90683,0.12423
000242_lcam_front_lidar.ply,0.2,800,0.9,0.12061,0.27466,1,0.12641,0.91269,0.1481
000243_lcam_front_lidar.ply,0.2,800,0.9,0.12584,0.27154,1,0.12381,0.91392,0.15209
000244_lcam_front_lidar.ply,0.2,800,0.9,0.19223,0.26358,1,0.13366,0.92133,0.17354
000245_lcam_front_lidar.ply,0.2,800,0.9,0.16323,0.27058,1,0.13617,0.91808,0.1694
000246_lcam_front_lidar.ply,0.2,800,0.9,0.12149,0.27861,1,0.13726,0.9173,0.16622
000247_lcam_front_lidar.ply,0.2,800,0.9,0.12562,0.27573,1,0.13671,0.91467,0.16887
000248_lcam_front_lidar.ply,0.2,800,0.9,0.12853,0.27324,1,0.13142,0.91498,0.16245
000249_lcam_front_lidar.ply,0.2,800,0.9,0.15088,0.28137,1,0.14857,0.91835,0.1771
000250_lcam_front_lidar.ply,0.2,800,0.9,0.17087,0.28307,1,0.13522,0.90972,0.13951
000251_lcam_front_lidar.ply,0.2,800,0.9,0.15247,0.28678,1,0.14179,0.92045,0.15644
000252_lcam_front_lidar.ply,0.2,800,0.9,0.15285,0.29424,1,0.15558,0.91045,0.1623
000253_lcam_front_lidar.ply,0.2,800,0.9,0.12627,0.29146,1,0.14675,0.9167,0.152
000254_lcam_front_lidar.ply,0.2,800,0.9,0.12134,0.29447,1,0.14588,0.91909,0.14486
000255_lcam_front_lidar.ply,0.2,800,0.9,0.11279,0.30701,1,0.1574,0.91774,0.15259
000256_lcam_front_lidar.ply,0.2,800,0.9,0.09988,0.30193,1,0.15473,0.91997,0.15478
000257_lcam_front_lidar.ply,0.2,800,0.9,0.11448,0.29996,1,0.15134,0.91472,0.15791
000258_lcam_front_lidar.ply,0.15,800,0.9,0.10074,0.30507,1,0.13327,0.92116,0.10755
000259_lcam_front_lidar.ply,0.2,800,0.9,0.10775,0.29689,1,0.14472,0.92135,0.14418
000260_lcam_front_lidar.ply,0.15,800,0.9,0.10542,0.30479,1,0.13216,0.92132,0.10608
000261_lcam_front_lidar.ply,0.15,800,0.9,0.11079,0.30633,1,0.13352,0.91722,0.10456
000262_lcam_front_lidar.ply,0.2,800,0.9,0.11248,0.28973,1,0.1534,0.92174,0.17499
000263_lcam_front_lidar.ply,0.2,800,0.9,0.10859,0.28823,1,0.14517,0.9267,0.16258
000264_lcam_front_lidar.ply,0.15,800,0.9,0.11178,0.29687,1,0.13024,0.92386,0.11863
000265_lcam_front_lidar.ply,0.15,800,0.9,0.11877,0.29673,1,0.13624,0.92538,0.12199
000266_lcam_front_lidar.ply,0.2,800,0.9,0.13213,0.29178,1,0.14817,0.92445,0.16063
000267_lcam_front_lidar.ply,0.2,800,0.9,0.12319,0.29333,1,0.16168,0.91681,0.18433
000268_lcam_front_lidar.ply,0.2,800,0.9,0.13787,0.28128,1,0.1481,0.92649,0.1776
000269_lcam_front_lidar.ply,0.2,800,0.9,0.12652,0.2833,1,0.13709,0.91543,0.15805
000270_lcam_front_lidar.ply,0.15,800,0.9,0.09955,0.3018,1,0.13271,0.92582,0.11692
000271_lcam_front_lidar.ply,0.2,800,0.9,0.08853,0.27712,1,0.15126,0.92461,0.20095
000272_lcam_front_lidar.ply,0.2,800,0.9,0.09027,0.26517,1,0.14167,0.93782,0.20467
000273_lcam_front_lidar.ply,0.15,800,0.9,0.10295,0.27235,1,0.09829,0.92494,0.10794
000274_lcam_front_lidar.ply,0.15,800,0.9,0.09766,0.2514,1,0.07707,0.8347,0.10186
000275_lcam_front_lidar.ply,0.15,800,0.9,0.10507,0.2534,1,0.08099,0.84528,0.10583
000276_lcam_front_lidar.ply,0.15,800,0.9,0.11561,0.25096,1,0.08292,0.84804,0.10713
000277_lcam_front_lidar.ply,0.2,800,0.9,0.12081,0.27851,1,0.14801,0.93256,0.18423
000278_lcam_front_lidar.ply,0.15,800,0.9,0.10331,0.25904,1,0.08182,0.83189,0.0983
000279_lcam_front_lidar.ply,0.2,800,0.9,0.09403,0.27865,1,0.15173,0.93066,0.20049
000280_lcam_front_lidar.ply,0.2,800,0.9,0.10987,0.28844,1,0.1586,0.93189,0.19222
000281_lcam_front_lidar.ply,0.15,800,0.9,0.09121,0.26269,1,0.08629,0.84812,0.10603
000282_lcam_front_lidar.ply,0.2,800,0.9,0.09839,0.29981,1,0.15247,0.92468,0.16008
000283_lcam_front_lidar.ply,0.2,800,0.9,0.09889,0.25453,1,0.08836,0.82517,0.11936
000284_lcam_front_lidar.ply,0.15,800,0.9,0.09949,0.26213,1,0.08601,0.84188,0.10457
000285_lcam_front_lidar.ply,0.2,800,0.9,0.11317,0.25219,1,0.09081,0.83568,0.12651
000286_lcam_front_lidar.ply,0.2,800,0.9,0.12566,0.30433,1,0.15797,0.92706,0.16123
000287_lcam_front_lidar.ply,0.15,800,0.9,0.11032,0.26005,1,0.09074,0.82096,0.11017
000288_lcam_front_lidar.ply,0.2,800,0.9,0.11342,0.30805,1,0.17738,0.93292,0.1878
000289_lcam_front_lidar.ply,0.15,800,0.9,0.10946,0.25624,1,0.08233,0.84759,0.10032
000290_lcam_front_lidar.ply,0.2,800,0.9,0.10126,0.1374,1,0.00514,0.87869,0.19209
000291_lcam_front_lidar.ply,0.15,800,0.9,0.10138,0.25085,1,0.0725,0.84308,0.09402
000292_lcam_front_lidar.ply,0.2,800,0.9,0.12518,0.19822,1,0.06069,0.93147,0.17458
000293_lcam_front_lidar.ply,0.2,800,0.9,0.10516,0.30301,1,0.17178,0.9328,0.18976
000294_lcam_front_lidar.ply,0.2,800,0.9,0.11975,0.14349,1,0.00377,0.91972,0.17381
000295_lcam_front_lidar.ply,0.15,800,0.9,0.10286,0.2539,1,0.07079,0.84138,0.08616
000296_lcam_front_lidar.ply,0.15,800,0.9,0.10999,0.25035,1,0.07093,0.8442,0.08688
000297_lcam_front_lidar.ply,0.15,800,0.9,0.09905,0.25227,1,0.06557,0.849,0.08052
000298_lcam_front_lidar.ply,0.2,800,0.9,0.10266,0.29795,1,0.16888,0.9321,0.1952
000299_lcam_front_lidar.ply,0.15,800,0.9,0.11368,0.24884,1,0.06308,0.85081,0.0775
000300_lcam_front_lidar.ply,0.2,800,0.9,0.10514,0.24858,1,0.06607,0.84578,0.08178
000301_lcam_front_lidar.ply,0.15,800,0.9,0.1017,0.24958,1,0.06485,0.84732,0.08087
000302_lcam_front_lidar.ply,0.15,800,0.9,0.11393,0.2458,1,0.06404,0.84823,0.08262
000303_lcam_front_lidar.ply,0.15,800,0.9,0.10966,0.19454,1,0.0004,0.88777,0.06094
000304_lcam_front_lidar.ply,0.2,800,0.9,0.09244,0.29168,1,0.14997,0.93706,0.16717
000305_lcam_front_lidar.ply,0.2,800,0.9,0.10058,0.2269,1,0.0014,0.99856,0.00043
000306_lcam_front_lidar.ply,0.2,800,0.9,0.09817,0.2922,1,0.15233,0.92939,0.17391
000307_lcam_front_lidar.ply,0.2,800,0.9,0.09041,0.28431,1,0.14841,0.92888,0.17569
000308_lcam_front_lidar.ply,0.2,800,0.9,0.09554,0.28409,1,0.14203,0.93027,0.1703
000309_lcam_front_lidar.ply,0.2,800,0.9,0.09662,0.26221,1,0.11902,0.94765,0.16454
000310_lcam_front_lidar.ply,0.2,800,0.9,0.10617,0.26164,1,0.11204,0.94174,0.15109
000311_lcam_front_lidar.ply,0.2,800,0.9,0.10772,0.24583,1,0.1079,0.93737,0.17409
000312_lcam_front_lidar.ply,0.2,800,0.9,0.11172,0.21805,1,0.0787,0.94055,0.17119
000313_lcam_front_lidar.ply,0.2,800,0.9,0.10647,0.22625,1,0.07584,0.93938,0.14888
000314_lcam_front_lidar.ply,0.2,800,0.9,0.10603,0.21159,1,0.01045,0.9956,0.04773
000315_lcam_front_lidar.ply,0.2,800,0.9,0.11043,0.23466,1,0.10196,0.94093,0.18359
000316_lcam_front_lidar.ply,0.2,800,0.9,0.10446,0.20561,1,0.0711,0.94377,0.18026
000317_lcam_front_lidar.ply,0.2,800,0.9,0.13083,0.21854,1,0.07873,0.94027,0.16892
000318_lcam_front_lidar.ply,0.2,800,0.9,0.13435,0.22301,1,0.09107,0.93103,0.18636
000319_lcam_front_lidar.ply,0.2,800,0.9,0.12706,0.20417,1,0.00785,0.95683,0.05298
000320_lcam_front_lidar.ply,0.2,800,0.9,0.12661,0.22369,1,0.00082,0.98679,0.00039
000321_lcam_front_lidar.ply,0.2,800,0.9,0.13612,0.22291,1,0.0826,0.94212,0.16206
000322_lcam_front_lidar.ply,0.2,800,0.9,0.12827,0.21513,1,0.00465,0.91772,0.02483
000323_lcam_front_lidar.ply,0.2,800,0.9,0.11725,0.22961,1,0.08268,0.941,0.15894
000324_lcam_front_lidar.ply,0.2,800,0.9,0.13825,0.22442,1,0.08437,0.94086,0.16583
000325_lcam_front_lidar.ply,0.2,800,0.9,0.12002,0.22634,1,0.09065,0.94051,0.17725
000326_lcam_front_lidar.ply,0.2,800,0.9,0.15352,0.2242,1,0.08635,0.98895,0.164
000327_lcam_front_lidar.ply,0.2,800,0.9,0.12416,0.22536,1,0.08464,0.94046,0.16514
000328_lcam_front_lidar.ply,0.2,800,0.9,0.13719,0.21884,1,0.07791,0.94601,0.16673
000329_lcam_front_lidar.ply,0.2,800,0.9,0.14437,0.21391,1,0.08357,0.94204,0.18018
000330_lcam_front_lidar.ply,0.2,800,0.9,0.2252,0.21609,1,0.08368,0.94458,0.16484
000331_lcam_front_lidar.ply,0.2,800,0.9,0.17082,0.22978,1,0.07643,0.93769,0.12823
000332_lcam_front_lidar.ply,0.2,800,0.9,0.1202,0.2557,1,0.12275,0.94377,0.18925
000333_lcam_front_lidar.ply,0.2,800,0.9,0.12386,0.23586,1,0.09246,0.9411,0.16122
000334_lcam_front_lidar.ply,0.2,800,0.9,0.13017,0.22033,1,0.08515,0.939,0.1812
000335_lcam_front_lidar.ply,0.2,800,0.9,0.14077,0.21526,1,0.0872,0.93675,0.19049
000336_lcam_front_lidar.ply,0.2,800,0.9,0.16315,0.2202,1,0.06814,0.93947,0.1345
000337_lcam_front_lidar.ply,0.2,800,0.9,0.1369,0.2473,1,0.11751,0.95287,0.18449
000338_lcam_front_lidar.ply,0.2,800,0.9,0.1485,0.22712,1,0.09134,0.93972,0.17701
000339_lcam_front_lidar.ply,0.2,800,0.9,0.14511,0.2259,1,0.08871,0.93565,0.16963
000340_lcam_front_lidar.ply,0.2,800,0.9,0.20467,0.21292,1,0.07734,0.98909,0.16342
000341_lcam_front_lidar.ply,0.2,800,0.9,0.07408,0.3441,1,0.21518,0.99534,0.2062
000342_lcam_front_lidar.ply,0.2,800,0.9,0.08504,0.26599,1,0.132,0.9951,0.19276
000343_lcam_front_lidar.ply,0.2,800,0.9,0.07888,0.3082,1,0.1633,0.99489,0.16899
000344_lcam_front_lidar.ply,0.2,800,0.9,0.07254,0.30518,1,0.16696,0.99411,0.18384
000345_lcam_front_lidar.ply,0.2,800,0.9,0.10108,0.26113,1,0.1256,0.99484,0.18213
000346_lcam_front_lidar.ply,0.2,800,0.9,0.13012,0.24362,1,0.11677,0.99498,0.19544
000347_lcam_front_lidar.ply,0.2,800,0.9,0.15605,0.22767,1,0.06313,0.93796,0.11984
000348_lcam_front_lidar.ply,0.2,800,0.9,0.13398,0.27741,1,0.14258,0.99414,0.17743
000349_lcam_front_lidar.ply,0.2,800,0.9,0.13922,0.2743,1,0.14162,0.9943,0.18252
000350_lcam_front_lidar.ply,0.2,800,0.9,0.15969,0.27584,1,0.14194,0.99361,0.17194
000351_lcam_front_lidar.ply,0.2,800,0.9,0.14497,0.27795,1,0.14462,0.994,0.17994
000352_lcam_front_lidar.ply,0.2,800,0.9,0.1651,0.2651,1,0.13345,0.99396,0.17781
000353_lcam_front_lidar.ply,0.2,800,0.9,0.14011,0.22784,1,0.06923,0.94683,0.13488
000354_lcam_front_lidar.ply,0.2,800,0.9,0.1698,0.2645,1,0.12751,0.99361,0.16799
000355_lcam_front_lidar.ply,0.2,800,0.9,0.12709,0.2156,1,0.07329,0.94588,0.16708
000356_lcam_front_lidar.ply,0.2,800,0.9,0.1859,0.25783,1,0.11875,0.99326,0.15922
000357_lcam_front_lidar.ply,0.2,800,0.9,0.13885,0.20488,1,0.05611,0.9466,0.15015
000358_lcam_front_lidar.ply,0.2,800,0.9,0.16078,0.26112,1,0.11699,0.99229,0.15646
000359_lcam_front_lidar.ply,0.2,800,0.9,0.15188,0.27174,1,0.11691,0.99298,0.13551
000360_lcam_front_lidar.ply,0.2,800,0.9,0.14593,0.2893,1,0.14613,0.99461,0.16132
000361_lcam_front_lidar.ply,0.2,800,0.9,0.1333,0.272,1,0.14164,0.994,0.1859
000362_lcam_front_lidar.ply,0.2,800,0.9,0.16783,0.26336,1,0.11703,0.99304,0.14217
000363_lcam_front_lidar.ply,0.2,800,0.9,0.13337,0.29089,1,0.13477,0.99319,0.13838
000364_lcam_front_lidar.ply,0.2,800,0.9,0.13749,0.28543,1,0.13893,0.99442,0.15765
000365_lcam_front_lidar.ply,0.2,800,0.9,0.1594,0.2942,1,0.13408,0.99291,0.12598
000366_lcam_front_lidar.ply,0.2,800,0.9,0.13232,0.29724,1,0.13739,0.99297,0.12919
000367_lcam_front_lidar.ply,0.2,800,0.9,0.15959,0.2934,1,0.13938,0.99323,0.13978
000368_lcam_front_lidar.ply,0.2,800,0.9,0.15945,0.29421,1,0.13169,0.99449,0.12158
000369_lcam_front_lidar.ply,0.2,800,0.9,0.18653,0.19788,1,0.03094,0.92747,0.1062
000370_lcam_front_lidar.ply,0.2,800,0.9,0.14763,0.29417,1,0.13609,0.99273,0.1319
000371_lcam_front_lidar.ply,0.2,800,0.9,0.1705,0.29945,1,0.13747,0.99377,0.12143
000372_lcam_front_lidar.ply,0.2,800,0.9,0.13336,0.30594,1,0.14623,0.99464,0.1315
000373_lcam_front_lidar.ply,0.2,800,0.9,0.1538,0.30319,1,0.14067,0.99515,0.12645
000374_lcam_front_lidar.ply,0.2,800,0.9,0.17636,0.30247,1,0.14002,0.99318,0.12263
000375_lcam_front_lidar.ply,0.2,800,0.9,0.13832,0.29959,1,0.12541,0.99486,0.09903
000376_lcam_front_lidar.ply,0.2,800,0.9,0.15487,0.29712,1,0.13048,0.99501,0.11602
000377_lcam_front_lidar.ply,0.2,800,0.9,0.13122,0.30056,1,0.13712,0.99446,0.12074
000378_lcam_front_lidar.ply,0.2,800,0.9,0.14657,0.29623,1,0.12057,0.99469,0.09933
000379_lcam_front_lidar.ply,0.2,800,0.9,0.21476,0.29065,1,0.13905,0.99536,0.13428
000380_lcam_front_lidar.ply,0.2,800,0.9,0.16272,0.2959,1,0.12886,0.9952,0.11718
000381_lcam_front_lidar.ply,0.2,800,0.9,0.14234,0.2946,1,0.12333,0.99589,0.11191
000382_lcam_front_lidar.ply,0.2,800,0.9,0.16394,0.29578,1,0.13648,0.99683,0.12445
000383_lcam_front_lidar.ply,0.2,800,0.9,0.15614,0.28784,1,0.12059,0.99622,0.11413
000384_lcam_front_lidar.ply,0.2,800,0.9,0.16042,0.28332,1,0.12301,0.9967,0.12567
000385_lcam_front_lidar.ply,0.2,800,0.9,0.18202,0.28753,1,0.11769,0.99649,0.10496
000386_lcam_front_lidar.ply,0.2,800,0.9,0.1691,0.28603,1,0.1218,0.99638,0.11789
000387_lcam_front_lidar.ply,0.2,800,0.9,0.16982,0.27615,1,0.11312,0.99786,0.12189
000388_lcam_front_lidar.ply,0.2,800,0.9,0.16555,0.27212,1,0.1211,0.99777,0.14221
000389_lcam_front_lidar.ply,0.2,800,0.9,0.16248,0.27639,1,0.121,0.99827,0.13934
000390_lcam_front_lidar.ply,0.2,800,0.9,0.18944,0.27017,1,0.11973,0.99846,0.14434
000391_lcam_front_lidar.ply,0.2,800,0.9,0.15735,0.27421,1,0.11816,0.99774,0.13729
000392_lcam_front_lidar.ply,0.2,800,0.9,0.16776,0.26774,1,0.10753,0.99852,0.12661
000393_lcam_front_lidar.ply,0.2,800,0.9,0.1582,0.25711,1,0.11165,0.99912,0.15608
000394_lcam_front_lidar.ply,0.2,800,0.9,0.15615,0.26459,1,0.11796,0.99872,0.15506
000395_lcam_front_lidar.ply,0.2,800,0.9,0.15929,0.25533,1,0.11385,0.99929,0.16472
000396_lcam_front_lidar.ply,0.2,800,0.9,0.17598,0.20203,1,0.0693,0.99963,0.17642
000397_lcam_front_lidar.ply,0.2,800,0.9,0.157,0.26183,1,0.1208,0.99933,0.16555
000398_lcam_front_lidar.ply,0.2,800,0.9,0.1816,0.24218,1,0.10363,0.99943,0.16459
000399_lcam_front_lidar.ply,0.2,800,0.9,0.17655,0.26167,1,0.12948,0.99971,0.18103
000400_lcam_front_lidar.ply,0.2,800,0.9,0.16659,0.25017,1,0.10098,0.99799,0.14781
000401_lcam_front_lidar.ply,0.2,800,0.9,0.18349,0.25053,1,0.10418,0.99973,0.14789
000402_lcam_front_lidar.ply,0.2,800,0.9,0.15234,0.25744,1,0.12107,0.99973,0.17502
000403_lcam_front_lidar.ply,0.2,800,0.9,0.17819,0.26423,1,0.12149,0.9991,0.15685
000404_lcam_front_lidar.ply,0.2,800,0.9,0.17699,0.26118,1,0.12787,0.99971,0.17722
000405_lcam_front_lidar.ply,0.2,800,0.9,0.24848,0.2842,1,0.15462,0.9998,0.17514
000406_lcam_front_lidar.ply,0.2,800,0.9,0.21353,0.27533,1,0.13957,0.99971,0.16341
000407_lcam_front_lidar.ply,0.2,800,0.9,0.14934,0.30205,1,0.15773,0.9998,0.16158
000408_lcam_front_lidar.ply,0.2,800,0.9,0.14781,0.29423,1,0.15241,0.99968,0.16659
000409_lcam_front_lidar.ply,0.2,800,0.9,0.1874,0.30013,1,0.15337,0.9997,0.15065
000410_lcam_front_lidar.ply,0.2,800,0.9,0.14583,0.28538,1,0.13729,0.99964,0.15313
000411_lcam_front_lidar.ply,0.2,800,0.9,0.18329,0.30233,1,0.15718,0.9997,0.15164
000412_lcam_front_lidar.ply,0.2,800,0.9,0.15423,0.3081,1,0.16069,0.99969,0.14884
000413_lcam_front_lidar.ply,0.2,800,0.9,0.16727,0.32215,1,0.17203,0.99959,0.14456
000414_lcam_front_lidar.ply,0.2,800,0.9,0.16474,0.3176,1,0.16756,0.99965,0.14615
000415_lcam_front_lidar.ply,0.2,800,0.9,0.1609,0.31987,1,0.16779,0.99974,0.14184
000416_lcam_front_lidar.ply,0.2,800,0.9,0.15582,0.31193,1,0.15468,0.99975,0.13645
000417_lcam_front_lidar.ply,0.2,800,0.9,0.1545,0.32127,1,0.1622,0.9997,0.1312
000418_lcam_front_lidar.ply,0.2,800,0.9,0.15097,0.30969,1,0.15795,0.99967,0.14506
000419_lcam_front_lidar.ply,0.2,800,0.9,0.16393,0.32395,1,0.16923,0.99968,0.13355
000420_lcam_front_lidar.ply,0.2,800,0.9,0.14321,0.31226,1,0.15539,0.99961,0.13366
000421_lcam_front_lidar.ply,0.2,800,0.9,0.12701,0.32184,1,0.156,0.99964,0.1269
000422_lcam_front_lidar.ply,0.2,800,0.9,0.14412,0.32456,1,0.16241,0.99945,0.12423
000423_lcam_front_lidar.ply,0.2,800,0.9,0.15085,0.31016,1,0.15551,0.99951,0.14215
000424_lcam_front_lidar.ply,0.2,800,0.9,0.14441,0.32606,1,0.16749,0.99947,0.13507
000425_lcam_front_lidar.ply,0.2,800,0.9,0.16099,0.32215,1,0.16779,0.99942,0.1395
000426_lcam_front_lidar.ply,0.2,800,0.9,0.15507,0.32248,1,0.16852,0.99938,0.13784
000427_lcam_front_lidar.ply,0.2,800,0.9,0.15277,0.31501,1,0.15785,0.99931,0.13458
000428_lcam_front_lidar.ply,0.2,800,0.9,0.15391,0.31981,1,0.16843,0.99941,0.14539
000429_lcam_front_lidar.ply,0.2,800,0.9,0.16218,0.32011,1,0.1684,0.99928,0.14305
000430_lcam_front_lidar.ply,0.2,800,0.9,0.17753,0.246,1,0.0698,0.99967,0.09264
000431_lcam_front_lidar.ply,0.2,800,0.9,0.18984,0.22334,1,0.04676,0.99956,0.0868
000432_lcam_front_lidar.ply,0.2,800,0.9,0.14005,0.322,1,0.1661,0.99933,0.13683
000433_lcam_front_lidar.ply,0.2,800,0.9,0.16934,0.31695,1,0.16144,0.99926,0.13488
000434_lcam_front_lidar.ply,0.2,800,0.9,0.15697,0.33582,1,0.17813,0.99926,0.13206
000435_lcam_front_lidar.ply,0.2,800,0.9,0.16542,0.32607,1,0.16984,0.99915,0.13301
000436_lcam_front_lidar.ply,0.2,800,0.9,0.16885,0.32521,1,0.17082,0.99904,0.13507
000437_lcam_front_lidar.ply,0.2,800,0.9,0.16469,0.32567,1,0.17124,0.9992,0.13683
000438_lcam_front_lidar.ply,0.2,800,0.9,0.16924,0.32663,1,0.17354,0.99919,0.13554
000439_lcam_front_lidar.ply,0.2,800,0.9,0.15297,0.3268,1,0.16708,0.99909,0.12785
000440_lcam_front_lidar.ply,0.2,800,0.9,0.16714,0.34394,1,0.18616,0.99909,0.13152
000441_lcam_front_lidar.ply,0.2,800,0.9,0.15155,0.34267,1,0.18327,0.99902,0.13293
000442_lcam_front_lidar.ply,0.2,800,0.9,0.13645,0.34116,1,0.18375,0.9989,0.13687
000443_lcam_front_lidar.ply,0.2,800,0.9,0.15818,0.34826,1,0.18768,0.99894,0.12798
000444_lcam_front_lidar.ply,0.2,800,0.9,0.14034,0.35182,1,0.19222,0.99887,0.13107
000445_lcam_front_lidar.ply,0.2,800,0.9,0.14997,0.35628,1,0.19558,0.99885,0.13215
000446_lcam_front_lidar.ply,0.2,800,0.9,0.1489,0.35124,1,0.19522,0.9988,0.13428
000447_lcam_front_lidar.ply,0.2,800,0.9,0.13204,0.36175,1,0.20216,0.99879,0.13249
000448_lcam_front_lidar.ply,0.2,800,0.9,0.14635,0.34219,1,0.18214,0.99883,0.12861
000449_lcam_front_lidar.ply,0.2,800,0.9,0.15614,0.34553,1,0.18495,0.99874,0.12777
000450_lcam_front_lidar.ply,0.2,800,0.9,0.13209,0.34585,1,0.18532,0.99885,0.12943
000451_lcam_front_lidar.ply,0.2,800,0.9,0.17913,0.34967,1,0.19428,0.99873,0.12935
000452_lcam_front_lidar.ply,0.2,800,0.9,0.14591,0.33945,1,0.18069,0.99873,0.13156
000453_lcam_front_lidar.ply,0.2,800,0.9,0.13956,0.34448,1,0.18376,0.99855,0.12535
000454_lcam_front_lidar.ply,0.2,800,0.9,0.15177,0.35426,1,0.19817,0.99882,0.13277
000455_lcam_front_lidar.ply,0.2,800,0.9,0.16606,0.35344,1,0.19753,0.99861,0.13273
000456_lcam_front_lidar.ply,0.2,800,0.9,0.13005,0.37297,1,0.21046,0.9987,0.12753
000457_lcam_front_lidar.ply,0.2,800,0.9,0.15911,0.36516,1,0.20635,0.99862,0.13187
000458_lcam_front_lidar.ply,0.2,800,0.9,0.14825,0.36558,1,0.20598,0.99868,0.1275
000459_lcam_front_lidar.ply,0.2,800,0.9,0.14039,0.36866,1,0.21063,0.99865,0.13711
000460_lcam_front_lidar.ply,0.2,800,0.9,0.15673,0.35645,1,0.20166,0.99856,0.13552
000461_lcam_front_lidar.ply,0.2,800,0.9,0.14895,0.3559,1,0.19665,0.99862,0.12863
000462_lcam_front_lidar.ply,0.2,800,0.9,0.15463,0.35324,1,0.19879,0.99849,0.13344
000463_lcam_front_lidar.ply,0.2,800,0.9,0.16879,0.34726,1,0.19283,0.99851,0.13104
000464_lcam_front_lidar.ply,0.2,800,0.9,0.13751,0.35399,1,0.19828,0.99844,0.13897
000465_lcam_front_lidar.ply,0.2,800,0.9,0.14446,0.35002,1,0.19078,0.99846,0.12727
000466_lcam_front_lidar.ply,0.2,800,0.9,0.15886,0.35207,1,0.19846,0.9985,0.13968
000467_lcam_front_lidar.ply,0.2,800,0.9,0.15044,0.34301,1,0.1888,0.99838,0.13951
000468_lcam_front_lidar.ply,0.2,800,0.9,0.17439,0.3483,1,0.19586,0.99838,0.13909
000469_lcam_front_lidar.ply,0.2,800,0.9,0.20734,0.34775,1,0.20401,0.99844,0.14696
000470_lcam_front_lidar.ply,0.2,800,0.9,0.22258,0.34039,1,0.19185,0.99839,0.13593
000471_lcam_front_lidar.ply,0.2,800,0.9,0.1719,0.34285,1,0.196,0.99835,0.14705
000472_lcam_front_lidar.ply,0.2,800,0.9,0.21618,0.33861,1,0.19715,0.99839,0.14574
000473_lcam_front_lidar.ply,0.2,800,0.9,0.14461,0.34792,1,0.19637,0.99845,0.14609
000474_lcam_front_lidar.ply,0.2,800,0.9,0.20148,0.35472,1,0.21089,0.99838,0.14947
000475_lcam_front_lidar.ply,0.2,800,0.9,0.14021,0.34385,1,0.19629,0.99841,0.15315
000476_lcam_front_lidar.ply,0.2,800,0.9,0.19746,0.34629,1,0.1967,0.99845,0.1422
000477_lcam_front_lidar.ply,0.2,800,0.9,0.16056,0.34616,1,0.19613,0.99837,0.14722
000478_lcam_front_lidar.ply,0.2,800,0.9,0.17293,0.33952,1,0.19474,0.9985,0.14729
000479_lcam_front_lidar.ply,0.2,800,0.9,0.1464,0.34928,1,0.19877,0.99829,0.14657
000480_lcam_front_lidar.ply,0.2,800,0.9,0.17376,0.33962,1,0.19087,0.9982,0.14011
000481_lcam_front_lidar.ply,0.2,800,0.9,0.13816,0.34535,1,0.19518,0.99832,0.14265
000482_lcam_front_lidar.ply,0.2,800,0.9,0.15647,0.34059,1,0.19079,0.99851,0.14475
000483_lcam_front_lidar.ply,0.2,800,0.9,0.21128,0.3208,1,0.17734,0.99858,0.14509
000484_lcam_front_lidar.ply,0.2,800,0.9,0.16469,0.32627,1,0.17118,0.99832,0.13265
000485_lcam_front_lidar.ply,0.2,800,0.9,0.14957,0.19862,1,0.03499,0.9549,0.11452
000486_lcam_front_lidar.ply,0.2,800,0.9,0.139,0.32447,1,0.17174,0.99853,0.13964
000487_lcam_front_lidar.ply,0.2,800,0.9,0.13168,0.19956,1,0.03781,0.96412,0.12114
000488_lcam_front_lidar.ply,0.2,800,0.9,0.14682,0.3262,1,0.17008,0.99839,0.13648
000489_lcam_front_lidar.ply,0.2,800,0.9,0.18547,0.31658,1,0.1681,0.9986,0.13801
000490_lcam_front_lidar.ply,0.2,800,0.9,0.13513,0.31933,1,0.16029,0.99861,0.1292
000491_lcam_front_lidar.ply,0.2,800,0.9,0.13631,0.20286,1,0.0449,0.95812,0.13072
000492_lcam_front_lidar.ply,0.2,800,0.9,0.17341,0.20106,1,0.0481,0.96524,0.1375
000493_lcam_front_lidar.ply,0.2,800,0.9,0.15139,0.20546,1,0.04846,0.9498,0.12758
000494_lcam_front_lidar.ply,0.2,800,0.9,0.15346,0.20695,1,0.05749,0.96724,0.14607
000495_lcam_front_lidar.ply,0.2,800,0.9,0.15995,0.33893,1,0.19532,0.99824,0.15565
000496_lcam_front_lidar.ply,0.2,800,0.9,0.13079,0.34162,1,0.19736,0.99843,0.15839
000497_lcam_front_lidar.ply,0.2,800,0.9,0.1723,0.33532,1,0.19612,0.99833,0.16468
000498_lcam_front_lidar.ply,0.2,800,0.9,0.13537,0.33489,1,0.1935,0.99847,0.16309
000499_lcam_front_lidar.ply,0.2,800,0.9,0.15054,0.32558,1,0.18349,0.99806,0.15704
000500_lcam_front_lidar.ply,0.2,800,0.9,0.14033,0.32734,1,0.18713,0.99834,0.16477
000501_lcam_front_lidar.ply,0.2,800,0.9,0.16483,0.31868,1,0.18485,0.99843,0.17103
000502_lcam_front_lidar.ply,0.2,800,0.9,0.12753,0.3288,1,0.19621,0.99851,0.18161
000503_lcam_front_lidar.ply,0.2,800,0.9,0.13469,0.33347,1,0.19973,0.99855,0.17657
000504_lcam_front_lidar.ply,0.2,800,0.9,0.11104,0.3274,1,0.1789,0.99785,0.15535
000505_lcam_front_lidar.ply,0.2,800,0.9,0.09744,0.33492,1,0.19111,0.99821,0.17549
000506_lcam_front_lidar.ply,0.15,800,0.9,0.08688,0.31165,1,0.13579,0.99642,0.10845
000507_lcam_front_lidar.ply,0.2,800,0.9,0.1399,0.34126,1,0.21759,0.99816,0.19381
000508_lcam_front_lidar.ply,0.2,800,0.9,0.14595,0.22474,1,0.0567,0.99827,0.11005
000509_lcam_front_lidar.ply,0.2,800,0.9,0.1417,0.33721,1,0.21009,0.99829,0.19098
000510_lcam_front_lidar.ply,0.2,800,0.9,0.14069,0.33637,1,0.21776,0.99879,0.20561
000511_lcam_front_lidar.ply,0.2,800,0.9,0.14506,0.33803,1,0.21558,0.99872,0.19651
000512_lcam_front_lidar.ply,0.2,800,0.9,0.15047,0.32896,1,0.21247,0.99897,0.20632
000513_lcam_front_lidar.ply,0.2,800,0.9,0.13374,0.32661,1,0.21216,0.99864,0.21101
000514_lcam_front_lidar.ply,0.2,800,0.9,0.16021,0.31574,1,0.19462,0.99899,0.19277
000515_lcam_front_lidar.ply,0.2,800,0.9,0.16714,0.32204,1,0.20858,0.99891,0.20488
000516_lcam_front_lidar.ply,0.2,800,0.9,0.14779,0.31435,1,0.20374,0.99849,0.2166
000517_lcam_front_lidar.ply,0.2,800,0.9,0.14178,0.32122,1,0.20268,0.99903,0.19944
000518_lcam_front_lidar.ply,0.2,800,0.9,0.16613,0.32321,1,0.20708,0.99857,0.20242
000519_lcam_front_lidar.ply,0.2,800,0.9,0.14385,0.31605,1,0.19306,0.99918,0.195
000520_lcam_front_lidar.ply,0.2,800,0.9,0.18083,0.31177,1,0.19744,0.99878,0.19986
000521_lcam_front_lidar.ply,0.2,800,0.9,0.14324,0.32972,1,0.20326,0.99915,0.19028
000522_lcam_front_lidar.ply,0.2,800,0.9,0.143,0.32708,1,0.19485,0.99898,0.1795
000523_lcam_front_lidar.ply,0.2,800,0.9,0.15091,0.33034,1,0.20094,0.99894,0.18334
000524_lcam_front_lidar.ply,0.2,800,0.9,0.14086,0.33264,1,0.20471,0.9989,0.189
000525_lcam_front_lidar.ply,0.2,800,0.9,0.15991,0.31979,1,0.19347,0.99876,0.188
000526_lcam_front_lidar.ply,0.2,800,0.9,0.14403,0.32432,1,0.19537,0.99864,0.1812
000527_lcam_front_lidar.ply,0.2,800,0.9,0.15176,0.3288,1,0.20566,0.99905,0.19311
000528_lcam_front_lidar.ply,0.2,800,0.9,0.19082,0.32386,1,0.20497,0.99883,0.19473
000529_lcam_front_lidar.ply,0.2,800,0.9,0.14058,0.33151,1,0.20313,0.99894,0.18889
000530_lcam_front_lidar.ply,0.2,800,0.9,0.16503,0.32031,1,0.19594,0.99885,0.19301
000531_lcam_front_lidar.ply,0.2,800,0.9,0.12296,0.31799,1,0.18491,0.99858,0.18173
000532_lcam_front_lidar.ply,0.2,800,0.9,0.1433,0.32102,1,0.19445,0.99936,0.19576
000533_lcam_front_lidar.ply,0.2,800,0.9,0.14229,0.31921,1,0.19788,0.99899,0.20627
000534_lcam_front_lidar.ply,0.2,800,0.9,0.14967,0.20579,1,0.05638,0.99258,0.1451
000535_lcam_front_lidar.ply,0.2,800,0.9,0.09233,0.33319,1,0.19996,0.99885,0.19023
000536_lcam_front_lidar.ply,0.2,800,0.9,0.13915,0.27737,1,0.1526,0.99738,0.19846
000537_lcam_front_lidar.ply,0.2,800,0.9,0.1549,0.27478,1,0.13954,0.98986,0.1721
000538_lcam_front_lidar.ply,0.2,800,0.9,0.11414,0.25914,1,0.13633,0.99894,0.21093
000539_lcam_front_lidar.ply,0.2,800,0.9,0.1427,0.25594,1,0.10086,0.98884,0.13852
000540_lcam_front_lidar.ply,0.2,800,0.9,0.12143,0.27227,1,0.14464,0.995,0.19024
000541_lcam_front_lidar.ply,0.2,800,0.9,0.1243,0.22757,1,0.07723,0.99407,0.14586
000542_lcam_front_lidar.ply,0.2,800,0.9,0.13608,0.19178,1,0.06335,0.99692,0.18933
000543_lcam_front_lidar.ply,0.2,800,0.9,0.14186,0.19064,1,0.06648,0.99725,0.19573
000544_lcam_front_lidar.ply,0.2,800,0.9,0.11765,0.2732,1,0.12528,0.99251,0.16012
000545_lcam_front_lidar.ply,0.2,800,0.9,0.14488,0.26095,1,0.10358,0.99044,0.12656
000546_lcam_front_lidar.ply,0.2,800,0.9,0.11945,0.28498,1,0.12018,0.98891,0.12496
000547_lcam_front_lidar.ply,0.2,800,0.9,0.1009,0.247,1,0.08322,0.99282,0.12844
000548_lcam_front_lidar.ply,0.2,800,0.9,0.1457,0.22899,1,0.08915,0.9938,0.16223
000549_lcam_front_lidar.ply,0.2,800,0.9,0.15573,0.22448,1,0.09177,0.99477,0.18091
000550_lcam_front_lidar.ply,0.2,800,0.9,0.15424,0.22983,1,0.11709,0.99968,0.21802
000551_lcam_front_lidar.ply,0.2,800,0.9,0.12293,0.2531,1,0.13675,0.99706,0.21484
000552_lcam_front_lidar.ply,0.2,800,0.9,0.20812,0.24636,1,0.13198,0.9981,0.20592
000553_lcam_front_lidar.ply,0.2,800,0.9,0.21688,0.23806,1,0.13514,0.9973,0.22474
000554_lcam_front_lidar.ply,0.2,800,0.9,0.18155,0.23853,1,0.12359,0.99744,0.20777
000555_lcam_front_lidar.ply,0.2,800,0.9,0.16653,0.25307,1,0.13862,0.99728,0.21528
000556_lcam_front_lidar.ply,0.2,800,0.9,0.17912,0.26202,1,0.153,0.99733,0.2238
000557_lcam_front_lidar.ply,0.2,800,0.9,0.14322,0.26316,1,0.14755,0.99735,0.21452
000558_lcam_front_lidar.ply,0.2,800,0.9,0.16619,0.25677,1,0.14354,0.99713,0.21544
000559_lcam_front_lidar.ply,0.2,800,0.9,0.15613,0.25903,1,0.14582,0.9972,0.21642
000560_lcam_front_lidar.ply,0.2,800,0.9,0.1532,0.27123,1,0.14797,0.99659,0.20379
000561_lcam_front_lidar.ply,0.2,800,0.9,0.14191,0.27417,1,0.14794,0.99608,0.19796
000562_lcam_front_lidar.ply,0.2,800,0.9,0.1503,0.27074,1,0.1328,0.99333,0.17107
000563_lcam_front_lidar.ply,0.2,800,0.9,0.17943,0.26098,1,0.14444,0.9925,0.21079
000564_lcam_front_lidar.ply,0.2,800,0.9,0.14957,0.276,1,0.14781,0.99226,0.18827
000565_lcam_front_lidar.ply,0.2,800,0.9,0.18591,0.272,1,0.15335,0.9922,0.20014
000566_lcam_front_lidar.ply,0.2,800,0.9,0.1596,0.26911,1,0.14555,0.99211,0.19465
000567_lcam_front_lidar.ply,0.2,800,0.9,0.1869,0.27161,1,0.15165,0.99265,0.19956
000568_lcam_front_lidar.ply,0.2,800,0.9,0.15676,0.27671,1,0.14437,0.99253,0.1802
000569_lcam_front_lidar.ply,0.2,800,0.9,0.15228,0.27366,1,0.14916,0.99108,0.19729
000570_lcam_front_lidar.ply,0.2,800,0.9,0.17831,0.26684,1,0.14591,0.98967,0.19999
000571_lcam_front_lidar.ply,0.2,800,0.9,0.17291,0.27968,1,0.15985,0.98971,0.19693
000572_lcam_front_lidar.ply,0.2,800,0.9,0.16952,0.28934,1,0.16659,0.99192,0.19733
000573_lcam_front_lidar.ply,0.2,800,0.9,0.18934,0.27826,1,0.16035,0.99102,0.20348
000574_lcam_front_lidar.ply,0.2,800,0.9,0.20521,0.27939,1,0.16067,0.98908,0.20113
000575_lcam_front_lidar.ply,0.15,800,0.9,0.16475,0.28463,1,0.13334,0.99057,0.14665
000576_lcam_front_lidar.ply,0.15,800,0.9,0.18637,0.27965,1,0.13111,0.98938,0.14463
000577_lcam_front_lidar.ply,0.2,800,0.9,0.1819,0.29575,1,0.18255,0.98916,0.2124
000578_lcam_front_lidar.ply,0.15,800,0.9,0.18912,0.28556,1,0.14613,0.99085,0.16022
000579_lcam_front_lidar.ply,0.15,800,0.9,0.18032,0.29097,1,0.13992,0.98624,0.14029
000580_lcam_front_lidar.ply,0.15,800,0.9,0.17276,0.29573,1,0.15038,0.98777,0.14995
000581_lcam_front_lidar.ply,0.15,800,0.9,0.18482,0.28318,1,0.13676,0.98858,0.14825
000582_lcam_front_lidar.ply,0.15,800,0.9,0.16743,0.27912,1,0.13141,0.9903,0.15008
000583_lcam_front_lidar.ply,0.15,800,0.9,0.20319,0.27518,1,0.14021,0.98936,0.16865
000584_lcam_front_lidar.ply,0.15,800,0.9,0.17059,0.29077,1,0.14392,0.98619,0.15353
000585_lcam_front_lidar.ply,0.15,800,0.9,0.18469,0.28943,1,0.14749,0.98929,0.15902
000586_lcam_front_lidar.ply,0.15,800,0.9,0.1655,0.29261,1,0.14719,0.98975,0.15658
000587_lcam_front_lidar.ply,0.2,800,0.9,0.17821,0.2968,1,0.18125,0.98853,0.20551
000588_lcam_front_lidar.ply,0.15,800,0.9,0.16199,0.29523,1,0.15395,0.99006,0.16157
000589_lcam_front_lidar.ply,0.15,800,0.9,0.18243,0.27849,1,0.14062,0.98867,0.16498
000590_lcam_front_lidar.ply,0.15,800,0.9,0.19843,0.2722,1,0.12844,0.9845,0.14984
000591_lcam_front_lidar.ply,0.15,800,0.9,0.20764,0.27572,1,0.1292,0.98378,0.14425
000592_lcam_front_lidar.ply,0.15,800,0.9,0.19109,0.25672,1,0.11791,0.9845,0.15752
000593_lcam_front_lidar.ply,0.2,800,0.9,0.1702,0.28804,1,0.17424,0.98958,0.21077
000594_lcam_front_lidar.ply,0.15,800,0.9,0.19841,0.2702,1,0.13433,0.98712,0.16315
000595_lcam_front_lidar.ply,0.15,800,0.9,0.1921,0.27618,1,0.14077,0.9877,0.16598
000596_lcam_front_lidar.ply,0.2,800,0.9,0.18568,0.27674,1,0.16476,0.98909,0.21052
000597_lcam_front_lidar.ply,0.2,800,0.9,0.1673,0.28841,1,0.16657,0.98864,0.19717
000598_lcam_front_lidar.ply,0.15,800,0.9,0.19721,0.27021,1,0.12889,0.98983,0.15468
000599_lcam_front_lidar.ply,0.15,800,0.9,0.1587,0.28477,1,0.13784,0.98881,0.15141
000600_lcam_front_lidar.ply,0.2,800,0.9,0.20091,0.2916,1,0.16895,0.9889,0.18528
000601_lcam_front_lidar.ply,0.15,800,0.9,0.18803,0.28652,1,0.14138,0.98939,0.14995
000602_lcam_front_lidar.ply,0.15,800,0.9,0.19549,0.28169,1,0.14408,0.98805,0.16088
000603_lcam_front_lidar.ply,0.15,800,0.9,0.16757,0.28513,1,0.14032,0.98864,0.15411
000604_lcam_front_lidar.ply,0.15,800,0.9,0.15922,0.29338,1,0.14783,0.98884,0.15553
000605_lcam_front_lidar.ply,0.15,800,0.9,0.17195,0.29375,1,0.14979,0.9896,0.15249
000606_lcam_front_lidar.ply,0.15,800,0.9,0.16418,0.29132,1,0.14308,0.9869,0.14957
000607_lcam_front_lidar.ply,0.15,800,0.9,0.14677,0.29386,1,0.1441,0.98749,0.14633
000608_lcam_front_lidar.ply,0.15,800,0.9,0.16895,0.27625,1,0.13609,0.97578,0.15923
000609_lcam_front_lidar.ply,0.2,800,0.9,0.16989,0.29955,1,0.17717,0.98658,0.19201
000610_lcam_front_lidar.ply,0.15,800,0.9,0.1634,0.292,1,0.14854,0.98782,0.15598
000611_lcam_front_lidar.ply,0.15,800,0.9,0.17547,0.27983,1,0.13316,0.98481,0.14799
000612_lcam_front_lidar.ply,0.15,800,0.9,0.16361,0.2801,1,0.13557,0.98447,0.15478
000613_lcam_front_lidar.ply,0.2,800,0.9,0.19934,0.28045,1,0.1737,0.97606,0.21398
000614_lcam_front_lidar.ply,0.2,800,0.9,0.17782,0.29222,1,0.17002,0.98606,0.19215
000615_lcam_front_lidar.ply,0.2,800,0.9,0.17926,0.28147,1,0.16095,0.98312,0.19889
000616_lcam_front_lidar.ply,0.15,800,0.9,0.14289,0.28032,1,0.12857,0.98473,0.14621
000617_lcam_front_lidar.ply,0.15,800,0.9,0.17081,0.28587,1,0.13947,0.9846,0.14681
000618_lcam_front_lidar.ply,0.15,800,0.9,0.15911,0.27805,1,0.12996,0.98437,0.14734
000619_lcam_front_lidar.ply,0.15,800,0.9,0.17008,0.27074,1,0.12625,0.98216,0.14892
000620_lcam_front_lidar.ply,0.15,800,0.9,0.14853,0.27608,1,0.1296,0.97772,0.15293
000621_lcam_front_lidar.ply,0.15,800,0.9,0.17635,0.27192,1,0.1338,0.97481,0.16213
000622_lcam_front_lidar.ply,0.2,800,0.9,0.24351,0.27457,1,0.16366,0.9691,0.19971
000623_lcam_front_lidar.ply,0.15,800,0.9,0.21008,0.27203,1,0.13377,0.96779,0.15528
000624_lcam_front_lidar.ply,0.15,800,0.9,0.1833,0.27479,1,0.13039,0.96233,0.14903
000625_lcam_front_lidar.ply,0.2,800,0.9,0.17834,0.28793,1,0.15503,0.96126,0.17107
000626_lcam_front_lidar.ply,0.2,800,0.9,0.17173,0.29592,1,0.16874,0.96185,0.18312
000627_lcam_front_lidar.ply,0.15,800,0.9,0.15878,0.29004,1,0.13816,0.95832,0.13985
000628_lcam_front_lidar.ply,0.15,800,0.9,0.17276,0.2915,1,0.14229,0.95824,0.14382
000629_lcam_front_lidar.ply,0.2,800,0.9,0.17744,0.29619,1,0.16264,0.95759,0.17162
000630_lcam_front_lidar.ply,0.2,800,0.9,0.15404,0.29911,1,0.15574,0.95735,0.15775
000631_lcam_front_lidar.ply,0.2,800,0.9,0.19215,0.29322,1,0.16195,0.95613,0.17132
000632_lcam_front_lidar.ply,0.2,800,0.9,0.17439,0.29018,1,0.15265,0.95479,0.16101
000633_lcam_front_lidar.ply,0.2,800,0.9,0.19297,0.29374,1,0.15718,0.95412,0.16226
000634_lcam_front_lidar.ply,0.2,800,0.9,0.16755,0.31187,1,0.18199,0.95876,0.17844
000635_lcam_front_lidar.ply,0.2,800,0.9,0.20678,0.3016,1,0.174,0.95843,0.17829
000636_lcam_front_lidar.ply,0.2,800,0.9,0.2311,0.30794,1,0.18455,0.95936,0.18046
000637_lcam_front_lidar.ply,0.15,800,0.9,0.17371,0.30657,1,0.15537,0.95584,0.13996
000638_lcam_front_lidar.ply,0.15,800,0.9,0.20206,0.31068,1,0.16006,0.95489,0.13726
000639_lcam_front_lidar.ply,0.15,800,0.9,0.19882,0.30422,1,0.15438,0.95527,0.14003
000640_lcam_front_lidar.ply,0.15,800,0.9,0.23983,0.3055,1,0.16366,0.95573,0.14516
000641_lcam_front_lidar.ply,0.15,800,0.9,0.23728,0.30138,1,0.1516,0.9542,0.13402
000642_lcam_front_lidar.ply,0.15,800,0.9,0.2398,0.29525,1,0.14379,0.95147,0.12858
000643_lcam_front_lidar.ply,0.2,800,0.9,0.2742,0.30413,1,0.1858,0.95905,0.18039
000644_lcam_front_lidar.ply,0.2,800,0.9,0.17177,0.30425,1,0.17727,0.95995,0.18513
000645_lcam_front_lidar.ply,0.15,800,0.9,0.21938,0.2841,1,0.13542,0.95612,0.13811
000646_lcam_front_lidar.ply,0.2,800,0.9,0.20739,0.30759,1,0.17916,0.95863,0.17686
000647_lcam_front_lidar.ply,0.2,800,0.9,0.21074,0.3018,1,0.17936,0.95906,0.18681
000648_lcam_front_lidar.ply,0.2,800,0.9,0.14162,0.27979,1,0.14376,0.95412,0.17817
000649_lcam_front_lidar.ply,0.15,800,0.9,0.19733,0.26692,1,0.1139,0.94653,0.13095
000650_lcam_front_lidar.ply,0.15,800,0.9,0.18885,0.26264,1,0.11892,0.94998,0.1505
000651_lcam_front_lidar.ply,0.15,800,0.9,0.19124,0.26253,1,0.10662,0.9424,0.12414
000652_lcam_front_lidar.ply,0.15,800,0.9,0.16047,0.25791,1,0.11577,0.95218,0.16166
000653_lcam_front_lidar.ply,0.15,800,0.9,0.16482,0.26679,1,0.1039,0.94274,0.11699
000654_lcam_front_lidar.ply,0.15,800,0.9,0.18856,0.24211,1,0.08312,0.93897,0.11921
000655_lcam_front_lidar.ply,0.15,800,0.9,0.20564,0.23097,1,0.09662,0.95075,0.16378
000656_lcam_front_lidar.ply,0.15,800,0.9,0.21555,0.24428,1,0.09162,0.94301,0.12946
000657_lcam_front_lidar.ply,0.2,800,0.9,0.18231,0.24439,1,0.12951,0.95614,0.20815
000658_lcam_front_lidar.ply,0.15,800,0.9,0.21615,0.24341,1,0.09227,0.9441,0.12943
000659_lcam_front_lidar.ply,0.2,800,0.9,0.19396,0.23434,1,0.09661,0.94755,0.15831
000660_lcam_front_lidar.ply,0.2,800,0.9,0.15136,0.24279,1,0.13182,0.9566,0.22171
000661_lcam_front_lidar.ply,0.2,800,0.9,0.1365,0.17614,1,0.00342,0.95409,0.10414
000662_lcam_front_lidar.ply,0.2,800,0.9,0.1503,0.22744,1,0.12023,0.9556,0.2298
000663_lcam_front_lidar.ply,0.2,800,0.9,0.18221,0.20576,1,0.05303,0.94916,0.13083
000664_lcam_front_lidar.ply,0.2,800,0.9,0.13172,0.22069,1,0.06665,0.95005,0.14058
000665_lcam_front_lidar.ply,0.2,800,0.9,0.16437,0.22068,1,0.06192,0.94673,0.12302
000666_lcam_front_lidar.ply,0.2,800,0.9,0.15095,0.22566,1,0.0786,0.94878,0.15533
000667_lcam_front_lidar.ply,0.15,800,0.9,0.19514,0.27776,1,0.1444,0.99137,0.17184
000668_lcam_front_lidar.ply,0.2,800,0.9,0.14644,0.21865,1,0.06016,0.94697,0.12718
000669_lcam_front_lidar.ply,0.2,800,0.9,0.1585,0.21322,1,0.05778,0.94751,0.13422
000670_lcam_front_lidar.ply,0.2,800,0.9,0.17986,0.29316,1,0.16641,0.99122,0.1894
000671_lcam_front_lidar.ply,0.2,800,0.9,0.14677,0.29775,1,0.18027,0.99141,0.21137
000672_lcam_front_lidar.ply,0.2,800,0.9,0.16215,0.29798,1,0.18329,0.99172,0.21725
000673_lcam_front_lidar.ply,0.2,800,0.9,0.16876,0.29949,1,0.18163,0.99193,0.21048
000674_lcam_front_lidar.ply,0.2,800,0.9,0.14081,0.29107,1,0.18082,0.99195,0.22798
000675_lcam_front_lidar.ply,0.2,800,0.9,0.16781,0.30605,1,0.18495,0.9919,0.20729
000676_lcam_front_lidar.ply,0.2,800,0.9,0.20833,0.21686,1,0.03628,0.94965,0.07818
000677_lcam_front_lidar.ply,0.2,800,0.9,0.11681,0.31156,1,0.18778,0.99188,0.20697
000678_lcam_front_lidar.ply,0.2,800,0.9,0.14206,0.30783,1,0.17814,0.99135,0.19298
000679_lcam_front_lidar.ply,0.2,800,0.9,0.12261,0.28964,1,0.15477,0.99141,0.184
000680_lcam_front_lidar.ply,0.15,800,0.9,0.1321,0.28276,1,0.11998,0.98866,0.13251
000681_lcam_front_lidar.ply,0.15,800,0.9,0.12551,0.29893,1,0.15329,0.99073,0.16582
000682_lcam_front_lidar.ply,0.2,800,0.9,0.09967,0.31072,1,0.16923,0.99092,0.17583
000683_lcam_front_lidar.ply,0.2,800,0.9,0.12531,0.3154,1,0.18677,0.99099,0.19941
000684_lcam_front_lidar.ply,0.15,800,0.9,0.13618,0.29639,1,0.13589,0.98949,0.13643
000685_lcam_front_lidar.ply,0.2,800,0.9,0.12995,0.31647,1,0.1815,0.99093,0.18575
000686_lcam_front_lidar.ply,0.15,800,0.9,0.16466,0.27459,1,0.12243,0.989,0.14531
000687_lcam_front_lidar.ply,0.15,800,0.9,0.13032,0.28956,1,0.14241,0.98991,0.16257
000688_lcam_front_lidar.ply,0.15,800,0.9,0.14133,0.27113,1,0.11497,0.98981,0.13796
000689_lcam_front_lidar.ply,0.15,800,0.9,0.1795,0.22048,1,0.05675,0.94862,0.11966
000690_lcam_front_lidar.ply,0.15,800,0.9,0.14435,0.28825,1,0.14607,0.99066,0.16372
000691_lcam_front_lidar.ply,0.15,800,0.9,0.16315,0.26673,1,0.11628,0.98911,0.14889
000692_lcam_front_lidar.ply,0.15,800,0.9,0.1244,0.29259,1,0.14616,0.9905,0.16318
000693_lcam_front_lidar.ply,0.15,800,0.9,0.11668,0.26951,1,0.1171,0.9885,0.14953
000694_lcam_front_lidar.ply,0.15,800,0.9,0.12849,0.25884,1,0.09825,0.9882,0.13352
000695_lcam_front_lidar.ply,0.15,800,0.9,0.15911,0.27717,1,0.13804,0.99051,0.16795
000696_lcam_front_lidar.ply,0.15,800,0.9,0.15228,0.29124,1,0.14942,0.99104,0.16418
000697_lcam_front_lidar.ply,0.15,800,0.9,0.16586,0.22375,1,0.06194,0.94495,0.12409
000698_lcam_front_lidar.ply,0.15,800,0.9,0.1667,0.22473,1,0.08602,0.95225,0.16616
000699_lcam_front_lidar.ply,0.15,800,0.9,0.14825,0.23951,1,0.07364,0.94142,0.11385
000700_lcam_front_lidar.ply,0.15,800,0.9,0.14613,0.22445,1,0.05813,0.94702,0.11676
000701_lcam_front_lidar.ply,0.15,800,0.9,0.15418,0.23382,1,0.07883,0.94574,0.13584
000702_lcam_front_lidar.ply,0.15,800,0.9,0.16887,0.23767,1,0.07618,0.94188,0.12335
000703_lcam_front_lidar.ply,0.15,800,0.9,0.14144,0.24111,1,0.08817,0.94604,0.14268
000704_lcam_front_lidar.ply,0.15,800,0.9,0.1982,0.23263,1,0.0786,0.94295,0.12902
000705_lcam_front_lidar.ply,0.15,800,0.9,0.17428,0.2362,1,0.09016,0.94621,0.14369
000706_lcam_front_lidar.ply,0.15,800,0.9,0.15369,0.24531,1,0.0902,0.9441,0.13566
000707_lcam_front_lidar.ply,0.15,800,0.9,0.19633,0.25448,1,0.11049,0.98989,0.14911
000708_lcam_front_lidar.ply,0.15,800,0.9,0.15697,0.26198,1,0.09918,0.94168,0.12014
000709_lcam_front_lidar.ply,0.15,800,0.9,0.16262,0.24148,1,0.09446,0.94375,0.14855
000710_lcam_front_lidar.ply,0.15,800,0.9,0.16124,0.26321,1,0.10006,0.93929,0.11689
000711_lcam_front_lidar.ply,0.15,800,0.9,0.16315,0.24887,1,0.09074,0.93765,0.12512
000712_lcam_front_lidar.ply,0.15,800,0.9,0.16445,0.26154,1,0.1,0.93962,0.11906
000713_lcam_front_lidar.ply,0.15,800,0.9,0.19172,0.27003,1,0.11002,0.94262,0.12029
000714_lcam_front_lidar.ply,0.15,800,0.9,0.18939,0.27058,1,0.11012,0.9432,0.1208
000715_lcam_front_lidar.ply,0.15,800,0.9,0.18123,0.26603,1,0.11717,0.94858,0.13876
000716_lcam_front_lidar.ply,0.15,800,0.9,0.1562,0.27254,1,0.11659,0.94748,0.1318
000717_lcam_front_lidar.ply,0.15,800,0.9,0.16555,0.2729,1,0.11079,0.94178,0.12115
000718_lcam_front_lidar.ply,0.15,800,0.9,0.18963,0.28056,1,0.12399,0.94656,0.12301
000719_lcam_front_lidar.ply,0.15,800,0.9,0.1676,0.28102,1,0.12377,0.94556,0.1263
000720_lcam_front_lidar.ply,0.15,800,0.9,0.16308,0.28034,1,0.12162,0.94536,0.12386
000721_lcam_front_lidar.ply,0.15,800,0.9,0.17097,0.28334,1,0.12664,0.94937,0.12724
000722_lcam_front_lidar.ply,0.2,800,0.9,0.15224,0.27845,1,0.14523,0.9552,0.1817
000723_lcam_front_lidar.ply,0.2,800,0.9,0.12859,0.28555,1,0.15149,0.95707,0.17884
000724_lcam_front_lidar.ply,0.2,800,0.9,0.16807,0.28054,1,0.16462,0.96303,0.21009
000725_lcam_front_lidar.ply,0.2,800,0.9,0.15845,0.28303,1,0.16341,0.96182,0.20659
000726_lcam_front_lidar.ply,0.2,800,0.9,0.13622,0.29264,1,0.16374,0.961,0.19304
000727_lcam_front_lidar.ply,0.2,800,0.9,0.1338,0.27782,1,0.14922,0.96005,0.19034
000728_lcam_front_lidar.ply,0.2,800,0.9,0.14606,0.28834,1,0.15935,0.96169,0.18875
000729_lcam_front_lidar.ply,0.2,800,0.9,0.15006,0.27627,1,0.15416,0.96343,0.19797
000730_lcam_front_lidar.ply,0.2,800,0.9,0.17018,0.27761,1,0.15759,0.96371,0.19505
000731_lcam_front_lidar.ply,0.2,800,0.9,0.15541,0.28314,1,0.16009,0.9643,0.19671
000732_lcam_front_lidar.ply,0.2,800,0.9,0.16765,0.27668,1,0.1592,0.96191,0.20368
000733_lcam_front_lidar.ply,0.2,800,0.9,0.16471,0.28528,1,0.15739,0.96127,0.1866
000734_lcam_front_lidar.ply,0.2,800,0.9,0.1639,0.28806,1,0.16567,0.96266,0.19764
000735_lcam_front_lidar.ply,0.2,800,0.9,0.16402,0.28817,1,0.15312,0.95974,0.17412
000736_lcam_front_lidar.ply,0.2,800,0.9,0.16983,0.28647,1,0.15501,0.96151,0.17891
000737_lcam_front_lidar.ply,0.2,800,0.9,0.17011,0.28342,1,0.1551,0.96263,0.18466
000738_lcam_front_lidar.ply,0.2,800,0.9,0.16088,0.27684,1,0.15127,0.9629,0.18702
000739_lcam_front_lidar.ply,0.2,800,0.9,0.16426,0.28526,1,0.15679,0.96401,0.18192
000740_lcam_front_lidar.ply,0.2,800,0.9,0.14526,0.28235,1,0.151,0.96349,0.17981
000741_lcam_front_lidar.ply,0.2,800,0.9,0.12799,0.28272,1,0.15959,0.97033,0.20496
000742_lcam_front_lidar.ply,0.2,800,0.9,0.14597,0.28266,1,0.15952,0.96785,0.19345
000743_lcam_front_lidar.ply,0.2,800,0.9,0.17131,0.26971,1,0.13819,0.96396,0.17774
000744_lcam_front_lidar.ply,0.2,800,0.9,0.1499,0.2758,1,0.14624,0.96912,0.18923
000745_lcam_front_lidar.ply,0.2,800,0.9,0.13308,0.28691,1,0.17373,0.97328,0.21877
000746_lcam_front_lidar.ply,0.2,800,0.9,0.16698,0.272,1,0.14762,0.9698,0.19744
000747_lcam_front_lidar.ply,0.2,800,0.9,0.16329,0.28093,1,0.1616,0.97092,0.20646
000748_lcam_front_lidar.ply,0.2,800,0.9,0.13897,0.27754,1,0.15837,0.97342,0.20994
000749_lcam_front_lidar.ply,0.2,800,0.9,0.15966,0.26547,1,0.1278,0.98112,0.16957
000750_lcam_front_lidar.ply,0.2,800,0.9,0.17246,0.26218,1,0.12556,0.97989,0.17023
000751_lcam_front_lidar.ply,0.2,800,0.9,0.17428,0.26467,1,0.12867,0.98235,0.17151
000752_lcam_front_lidar.ply,0.2,800,0.9,0.13619,0.26682,1,0.13002,0.98119,0.17714
000753_lcam_front_lidar.ply,0.2,800,0.9,0.18175,0.26026,1,0.1284,0.98365,0.17399
000754_lcam_front_lidar.ply,0.2,800,0.9,0.15443,0.25282,1,0.12038,0.98143,0.17827
000755_lcam_front_lidar.ply,0.2,800,0.9,0.15653,0.26299,1,0.12588,0.98309,0.17087
000756_lcam_front_lidar.ply,0.2,800,0.9,0.16483,0.25973,1,0.12177,0.98422,0.16894
000757_lcam_front_lidar.ply,0.2,800,0.9,0.16357,0.26269,1,0.12401,0.9835,0.16803
000758_lcam_front_lidar.ply,0.15,800,0.9,0.14511,0.25129,1,0.09258,0.98754,0.13202
000759_lcam_front_lidar.ply,0.15,800,0.9,0.13897,0.25122,1,0.09276,0.98903,0.13681
000760_lcam_front_lidar.ply,0.15,800,0.9,0.14494,0.25482,1,0.09818,0.98972,0.13801
000761_lcam_front_lidar.ply,0.15,800,0.9,0.16328,0.25146,1,0.10651,0.9928,0.15368
000762_lcam_front_lidar.ply,0.15,800,0.9,0.15199,0.25527,1,0.10328,0.99435,0.14569
000763_lcam_front_lidar.ply,0.15,800,0.9,0.14582,0.26121,1,0.10938,0.9952,0.14934
000764_lcam_front_lidar.ply,0.15,800,0.9,0.17919,0.25418,1,0.10357,0.99322,0.14098
000765_lcam_front_lidar.ply,0.15,800,0.9,0.15739,0.25685,1,0.10049,0.99452,0.1334
000766_lcam_front_lidar.ply,0.15,800,0.9,0.16337,0.25646,1,0.10558,0.99604,0.14523
000767_lcam_front_lidar.ply,0.15,800,0.9,0.15073,0.26564,1,0.11332,0.99668,0.14964
000768_lcam_front_lidar.ply,0.15,800,0.9,0.17409,0.26851,1,0.11525,0.99738,0.14297
000769_lcam_front_lidar.ply,0.15,800,0.9,0.21728,0.26426,1,0.1153,0.99784,0.14314
000770_lcam_front_lidar.ply,0.15,800,0.9,0.14782,0.27322,1,0.11593,0.99811,0.13617
000771_lcam_front_lidar.ply,0.15,800,0.9,0.14395,0.28431,1,0.11736,0.99873,0.12498
000772_lcam_front_lidar.ply,0.15,800,0.9,0.16455,0.27959,1,0.12452,0.99803,0.14301
000773_lcam_front_lidar.ply,0.15,800,0.9,0.16378,0.2783,1,0.12209,0.99793,0.13971
000774_lcam_front_lidar.ply,0.15,800,0.9,0.1555,0.28614,1,0.13331,0.99805,0.14526
000775_lcam_front_lidar.ply,0.15,800,0.9,0.13528,0.28535,1,0.12652,0.99841,0.13997
000776_lcam_front_lidar.ply,0.15,800,0.9,0.13991,0.29469,1,0.13641,0.99854,0.13989
000777_lcam_front_lidar.ply,0.15,800,0.9,0.14202,0.28434,1,0.1229,0.99838,0.13389
000778_lcam_front_lidar.ply,0.15,800,0.9,0.1734,0.28839,1,0.13221,0.9987,0.13912
000779_lcam_front_lidar.ply,0.15,800,0.9,0.15623,0.28604,1,0.12729,0.99926,0.13815
000780_lcam_front_lidar.ply,0.15,800,0.9,0.14989,0.29042,1,0.12762,0.99943,0.12843
000781_lcam_front_lidar.ply,0.15,800,0.9,0.12425,0.30588,1,0.14911,0.99926,0.14707
000782_lcam_front_lidar.ply,0.2,800,0.9,0.13713,0.29986,1,0.15629,0.99949,0.17066
000783_lcam_front_lidar.ply,0.2,800,0.9,0.13327,0.31592,1,0.17534,0.99955,0.17376
000784_lcam_front_lidar.ply,0.15,800,0.9,0.15231,0.30755,1,0.15048,0.99952,0.13944
000785_lcam_front_lidar.ply,0.15,800,0.9,0.17086,0.30273,1,0.15171,0.99957,0.14806
000786_lcam_front_lidar.ply,0.2,800,0.9,0.13161,0.32928,1,0.18199,0.99968,0.16508
000787_lcam_front_lidar.ply,0.2,800,0.9,0.12393,0.32982,1,0.18449,0.99981,0.16767
000788_lcam_front_lidar.ply,0.2,800,0.9,0.12266,0.32903,1,0.18603,0.99982,0.17211
000789_lcam_front_lidar.ply,0.2,800,0.9,0.12238,0.32459,1,0.1856,0.99985,0.17767
000790_lcam_front_lidar.ply,0.2,800,0.9,0.12785,0.3212,1,0.18198,0.99986,0.17679
000791_lcam_front_lidar.ply,0.2,800,0.9,0.14195,0.31619,1,0.17307,0.9998,0.16803
000792_lcam_front_lidar.ply,0.2,800,0.9,0.14618,0.31994,1,0.17028,0.99986,0.15416
000793_lcam_front_lidar.ply,0.2,800,0.9,0.13924,0.31422,1,0.17377,0.99983,0.16909
000794_lcam_front_lidar.ply,0.2,800,0.9,0.16926,0.31726,1,0.1764,0.99985,0.16998
000795_lcam_front_lidar.ply,0.2,800,0.9,0.14599,0.30385,1,0.168,0.99948,0.17912
000796_lcam_front_lidar.ply,0.2,800,0.9,0.15145,0.30766,1,0.15691,0.99995,0.14601
000797_lcam_front_lidar.ply,0.2,800,0.9,0.12201,0.31139,1,0.16919,0.99988,0.16571
000798_lcam_front_lidar.ply,0.2,800,0.9,0.14982,0.30165,1,0.16412,0.99983,0.1742
000799_lcam_front_lidar.ply,0.2,800,0.9,0.1484,0.32983,1,0.1884,0.99543,0.16907
000800_lcam_front_lidar.ply,0.2,800,0.9,0.14998,0.30805,1,0.16972,0.99996,0.17545
000801_lcam_front_lidar.ply,0.2,800,0.9,0.13996,0.31795,1,0.17284,0.99425,0.15931
000802_lcam_front_lidar.ply,0.2,800,0.9,0.13863,0.33114,1,0.18574,0.99414,0.15566
000803_lcam_front_lidar.ply,0.2,800,0.9,0.11838,0.33064,1,0.18319,0.9948,0.15936
000804_lcam_front_lidar.ply,0.2,800,0.9,0.11985,0.33299,1,0.18777,0.99511,0.16366
000805_lcam_front_lidar.ply,0.2,800,0.9,0.11109,0.32966,1,0.17483,0.99374,0.14358
000806_lcam_front_lidar.ply,0.2,800,0.9,0.13504,0.32356,1,0.17315,0.99416,0.14917
000807_lcam_front_lidar.ply,0.2,800,0.9,0.13942,0.34355,1,0.19825,0.9952,0.16053
000808_lcam_front_lidar.ply,0.2,800,0.9,0.16302,0.3436,1,0.19732,0.99488,0.15255
000809_lcam_front_lidar.ply,0.2,800,0.9,0.12792,0.34729,1,0.19417,0.99469,0.15185
000810_lcam_front_lidar.ply,0.2,800,0.9,0.13905,0.34052,1,0.18991,0.99433,0.14815
000811_lcam_front_lidar.ply,0.2,800,0.9,0.10843,0.35252,1,0.20491,0.99457,0.15664
000812_lcam_front_lidar.ply,0.2,800,0.9,0.1363,0.34627,1,0.19868,0.99477,0.15791
000813_lcam_front_lidar.ply,0.2,800,0.9,0.13441,0.34813,1,0.19867,0.99461,0.15276
000814_lcam_front_lidar.ply,0.2,800,0.9,0.11931,0.34944,1,0.19954,0.99432,0.152
000815_lcam_front_lidar.ply,0.2,800,0.9,0.15426,0.35092,1,0.20219,0.99481,0.14888
000816_lcam_front_lidar.ply,0.2,800,0.9,0.15557,0.3527,1,0.20416,0.99448,0.14789
000817_lcam_front_lidar.ply,0.2,800,0.9,0.13346,0.35109,1,0.20519,0.99397,0.15418
000818_lcam_front_lidar.ply,0.2,800,0.9,0.11098,0.34896,1,0.1966,0.99327,0.14376
000819_lcam_front_lidar.ply,0.2,800,0.9,0.14428,0.35626,1,0.21434,0.99421,0.16505
000820_lcam_front_lidar.ply,0.2,800,0.9,0.12554,0.35384,1,0.21326,0.99421,0.16921
000821_lcam_front_lidar.ply,0.2,800,0.9,0.12361,0.34875,1,0.20275,0.99411,0.15648
000822_lcam_front_lidar.ply,0.2,800,0.9,0.13367,0.354,1,0.2141,0.99503,0.17336
000823_lcam_front_lidar.ply,0.2,800,0.9,0.13075,0.35018,1,0.21162,0.99454,0.17212
000824_lcam_front_lidar.ply,0.2,800,0.9,0.13861,0.35193,1,0.21454,0.99495,0.17442
000825_lcam_front_lidar.ply,0.2,800,0.9,0.12796,0.35502,1,0.21271,0.99397,0.16647
000826_lcam_front_lidar.ply,0.2,800,0.9,0.13873,0.34662,1,0.20787,0.99392,0.16973
000827_lcam_front_lidar.ply,0.2,800,0.9,0.12883,0.34421,1,0.21572,0.99467,0.19021
000828_lcam_front_lidar.ply,0.2,800,0.9,0.13468,0.35155,1,0.21968,0.9948,0.18857
000829_lcam_front_lidar.ply,0.2,800,0.9,0.13252,0.33851,1,0.20777,0.99468,0.18826
000830_lcam_front_lidar.ply,0.2,800,0.9,0.12175,0.33464,1,0.20457,0.99464,0.19146
000831_lcam_front_lidar.ply,0.2,800,0.9,0.12201,0.35045,1,0.21657,0.99456,0.18377
000832_lcam_front_lidar.ply,0.2,800,0.9,0.11926,0.33586,1,0.20787,0.99495,0.20048
000833_lcam_front_lidar.ply,0.2,800,0.9,0.11846,0.33445,1,0.20226,0.99463,0.18725
000834_lcam_front_lidar.ply,0.2,800,0.9,0.11249,0.33859,1,0.20612,0.99493,0.19351
000835_lcam_front_lidar.ply,0.2,800,0.9,0.13076,0.32451,1,0.20298,0.99509,0.21178
000836_lcam_front_lidar.ply,0.2,800,0.9,0.13664,0.3214,1,0.19976,0.99508,0.20714
000837_lcam_front_lidar.ply,0.2,800,0.9,0.11749,0.31956,1,0.19852,0.99467,0.2137
000838_lcam_front_lidar.ply,0.2,800,0.9,0.13791,0.31786,1,0.19839,0.99517,0.20728
000839_lcam_front_lidar.ply,0.2,800,0.9,0.11567,0.32259,1,0.19817,0.99503,0.20811
000840_lcam_front_lidar.ply,0.2,800,0.9,0.1316,0.31423,1,0.1935,0.99493,0.2091
000841_lcam_front_lidar.ply,0.2,800,0.9,0.12327,0.31453,1,0.19013,0.99517,0.20888
000842_lcam_front_lidar.ply,0.2,800,0.9,0.12108,0.31381,1,0.17353,0.99508,0.17547
000843_lcam_front_lidar.ply,0.2,800,0.9,0.12655,0.3013,1,0.17379,0.99503,0.19387
000844_lcam_front_lidar.ply,0.2,800,0.9,0.12768,0.30378,1,0.1789,0.99525,0.20134
000845_lcam_front_lidar.ply,0.2,800,0.9,0.12918,0.30392,1,0.18035,0.99506,0.20925
000846_lcam_front_lidar.ply,0.2,800,0.9,0.12127,0.28383,1,0.15983,0.99386,0.20017
000847_lcam_front_lidar.ply,0.2,800,0.9,0.1406,0.28721,1,0.16542,0.99555,0.20315
000848_lcam_front_lidar.ply,0.2,800,0.9,0.12428,0.28212,1,0.1547,0.99565,0.19309
000849_lcam_front_lidar.ply,0.2,800,0.9,0.14608,0.2944,1,0.16736,0.99571,0.19606
000850_lcam_front_lidar.ply,0.2,800,0.9,0.1269,0.28165,1,0.15705,0.99571,0.19976
000851_lcam_front_lidar.ply,0.2,800,0.9,0.14168,0.28687,1,0.15721,0.99406,0.1931
000852_lcam_front_lidar.ply,0.2,800,0.9,0.14348,0.27972,1,0.14834,0.99361,0.18234
000853_lcam_front_lidar.ply,0.2,800,0.9,0.16727,0.27525,1,0.14204,0.99292,0.17885
000854_lcam_front_lidar.ply,0.2,800,0.9,0.19391,0.27937,1,0.14937,0.9928,0.17704
000855_lcam_front_lidar.ply,0.2,800,0.9,0.14682,0.27464,1,0.13797,0.99195,0.17618
000856_lcam_front_lidar.ply,0.2,800,0.9,0.17186,0.27396,1,0.14487,0.99417,0.18721
000857_lcam_front_lidar.ply,0.2,800,0.9,0.14823,0.28065,1,0.14136,0.99173,0.17214
000858_lcam_front_lidar.ply,0.2,800,0.9,0.12001,0.27307,1,0.12296,0.99062,0.15013
000859_lcam_front_lidar.ply,0.2,800,0.9,0.13826,0.27607,1,0.13577,0.9909,0.16714
000860_lcam_front_lidar.ply,0.2,800,0.9,0.13326,0.26919,1,0.11926,0.99052,0.14535
000861_lcam_front_lidar.ply,0.2,800,0.9,0.14029,0.26659,1,0.12368,0.99042,0.15798
000862_lcam_front_lidar.ply,0.2,800,0.9,0.13138,0.27158,1,0.12336,0.98856,0.14751
000863_lcam_front_lidar.ply,0.2,800,0.9,0.12892,0.28265,1,0.12675,0.98828,0.14389
000864_lcam_front_lidar.ply,0.2,800,0.9,0.13213,0.27131,1,0.11606,0.98788,0.13546
000865_lcam_front_lidar.ply,0.2,800,0.9,0.13356,0.27142,1,0.11705,0.98761,0.13602
000866_lcam_front_lidar.ply,0.2,800,0.9,0.12654,0.27726,1,0.1215,0.98728,0.1383
000867_lcam_front_lidar.ply,0.2,800,0.9,0.13541,0.26924,1,0.11723,0.98695,0.13818
000868_lcam_front_lidar.ply,0.2,800,0.9,0.14254,0.27185,1,0.11938,0.98644,0.14196
000869_lcam_front_lidar.ply,0.2,800,0.9,0.12548,0.26955,1,0.11151,0.98486,0.12991
000870_lcam_front_lidar.ply,0.2,800,0.9,0.13736,0.26791,1,0.11645,0.98594,0.14385
000871_lcam_front_lidar.ply,0.2,800,0.9,0.13748,0.27389,1,0.1144,0.98401,0.1313
000872_lcam_front_lidar.ply,0.2,800,0.9,0.14111,0.2758,1,0.11959,0.9824,0.13695
000873_lcam_front_lidar.ply,0.2,800,0.9,0.13432,0.25724,1,0.10247,0.98306,0.13553
000874_lcam_front_lidar.ply,0.2,800,0.9,0.13658,0.26442,1,0.11313,0.9847,0.14403
000875_lcam_front_lidar.ply,0.2,800,0.9,0.13123,0.25664,1,0.10634,0.98039,0.14321
000876_lcam_front_lidar.ply,0.2,800,0.9,0.14006,0.2454,1,0.0999,0.98027,0.15118
000877_lcam_front_lidar.ply,0.2,800,0.9,0.14233,0.25495,1,0.10032,0.97939,0.13881
000878_lcam_front_lidar.ply,0.2,800,0.9,0.13092,0.25952,1,0.10223,0.97963,0.139
000879_lcam_front_lidar.ply,0.2,800,0.9,0.16519,0.24515,1,0.10077,0.97822,0.14969
000880_lcam_front_lidar.ply,0.2,800,0.9,0.16811,0.24755,1,0.10283,0.97803,0.14956
000881_lcam_front_lidar.ply,0.2,800,0.9,0.15359,0.25404,1,0.11826,0.97877,0.17301
000882_lcam_front_lidar.ply,0.2,800,0.9,0.15622,0.2531,1,0.10638,0.97681,0.1551
000883_lcam_front_lidar.ply,0.2,800,0.9,0.14446,0.2494,1,0.10265,0.98282,0.14833
000884_lcam_front_lidar.ply,0.2,800,0.9,0.13826,0.26339,1,0.13122,0.9804,0.18158
000885_lcam_front_lidar.ply,0.2,800,0.9,0.15156,0.24529,1,0.1071,0.97835,0.16774
000886_lcam_front_lidar.ply,0.2,800,0.9,0.14637,0.25364,1,0.12846,0.97893,0.19231
000887_lcam_front_lidar.ply,0.2,800,0.9,0.1656,0.25653,1,0.13671,0.98017,0.19961
000888_lcam_front_lidar.ply,0.2,800,0.9,0.1765,0.23675,1,0.09847,0.97761,0.16299
000889_lcam_front_lidar.ply,0.2,800,0.9,0.14826,0.25847,1,0.1314,0.97798,0.18789
000890_lcam_front_lidar.ply,0.2,800,0.9,0.13378,0.25307,1,0.13699,0.97938,0.2104
000891_lcam_front_lidar.ply,0.2,800,0.9,0.16399,0.25589,1,0.15077,0.98119,0.22508
000892_lcam_front_lidar.ply,0.2,800,0.9,0.13027,0.24895,1,0.12373,0.97587,0.19158
000893_lcam_front_lidar.ply,0.2,800,0.9,0.16262,0.24077,1,0.11793,0.97552,0.19283
000894_lcam_front_lidar.ply,0.2,800,0.9,0.14063,0.23599,1,0.11135,0.97495,0.19307
000895_lcam_front_lidar.ply,0.2,800,0.9,0.14158,0.24116,1,0.1209,0.97452,0.20074
000896_lcam_front_lidar.ply,0.2,800,0.9,0.13044,0.24207,1,0.11069,0.96905,0.18354
000897_lcam_front_lidar.ply,0.2,800,0.9,0.17132,0.22477,1,0.09672,0.96674,0.18144
000898_lcam_front_lidar.ply,0.2,800,0.9,0.1403,0.25021,1,0.13905,0.97903,0.22369
000899_lcam_front_lidar.ply,0.15,800,0.9,0.1419,0.24929,1,0.10024,0.96567,0.14896
000900_lcam_front_lidar.ply,0.2,800,0.9,0.12076,0.2481,1,0.11916,0.97426,0.1894
000901_lcam_front_lidar.ply,0.2,800,0.9,0.12533,0.26779,1,0.16668,0.99215,0.24295
000902_lcam_front_lidar.ply,0.2,800,0.9,0.12454,0.26939,1,0.16099,0.99152,0.22766
000903_lcam_front_lidar.ply,0.15,800,0.9,0.12407,0.24936,1,0.11643,0.99335,0.18272
000904_lcam_front_lidar.ply,0.2,800,0.9,0.13005,0.25359,1,0.14985,0.99034,0.23043
000905_lcam_front_lidar.ply,0.15,800,0.9,0.12314,0.25661,1,0.12354,0.99321,0.17482
000906_lcam_front_lidar.ply,0.2,800,0.9,0.12365,0.24962,1,0.14348,0.98435,0.22743
000907_lcam_front_lidar.ply,0.2,800,0.9,0.13874,0.26084,1,0.15855,0.99123,0.23517
000908_lcam_front_lidar.ply,0.2,800,0.9,0.13737,0.19533,1,0.03806,0.96233,0.12446
000909_lcam_front_lidar.ply,0.2,800,0.9,0.13253,0.19133,1,0.03344,0.9629,0.12923
000910_lcam_front_lidar.ply,0.2,800,0.9,0.12265,0.25032,1,0.11256,0.97297,0.16872
000911_lcam_front_lidar.ply,0.2,800,0.9,0.12983,0.19948,1,0.03433,0.96245,0.11996
000912_lcam_front_lidar.ply,0.2,800,0.9,0.12635,0.19724,1,0.04154,0.98336,0.13529
000913_lcam_front_lidar.ply,0.2,800,0.9,0.12974,0.2072,1,0.04293,0.96212,0.11661
000914_lcam_front_lidar.ply,0.2,800,0.9,0.14117,0.19098,1,0.03509,0.96377,0.12801
000915_lcam_front_lidar.ply,0.15,800,0.9,0.13289,0.26307,1,0.10401,0.9678,0.12645
000916_lcam_front_lidar.ply,0.2,800,0.9,0.12208,0.19153,1,0.0315,0.96374,0.12165
000917_lcam_front_lidar.ply,0.15,800,0.9,0.14707,0.2101,1,0.05929,0.98066,0.14068
000918_lcam_front_lidar.ply,0.15,800,0.9,0.12997,0.25909,1,0.10342,0.96882,0.13764
000919_lcam_front_lidar.ply,0.15,800,0.9,0.13648,0.25775,1,0.09543,0.96457,0.11885
000920_lcam_front_lidar.ply,0.2,800,0.9,0.13202,0.18006,1,0.00063,0.99415,0.08542
000921_lcam_front_lidar.ply,0.2,800,0.9,0.17041,0.19701,1,0.03763,0.9657,0.11941
000922_lcam_front_lidar.ply,0.15,800,0.9,0.1463,0.22468,1,0.05592,0.96225,0.10165
000923_lcam_front_lidar.ply,0.15,800,0.9,0.16471,0.25469,1,0.10042,0.9711,0.12881
000924_lcam_front_lidar.ply,0.15,800,0.9,0.15152,0.28204,1,0.14947,0.99837,0.17652
000925_lcam_front_lidar.ply,0.15,800,0.9,0.14938,0.27729,1,0.14821,0.9996,0.17993
000926_lcam_front_lidar.ply,0.15,800,0.9,0.1504,0.21426,1,0.04564,0.96483,0.10648
000927_lcam_front_lidar.ply,0.15,800,0.9,0.12801,0.24244,1,0.08868,0.97444,0.13527
000928_lcam_front_lidar.ply,0.15,800,0.9,0.12574,0.21854,1,0.06309,0.98489,0.13096
000929_lcam_front_lidar.ply,0.2,800,0.9,0.12035,0.28008,1,0.16338,0.99992,0.21716
000930_lcam_front_lidar.ply,0.15,800,0.9,0.13173,0.2101,1,0.05652,0.98409,0.13144
000931_lcam_front_lidar.ply,0.15,800,0.9,0.12607,0.21614,1,0.0587,0.98974,0.13096
000932_lcam_front_lidar.ply,0.15,800,0.9,0.13383,0.21362,1,0.05527,0.98794,0.13008
000933_lcam_front_lidar.ply,0.15,800,0.9,0.13502,0.21334,1,0.04115,0.993,0.10344
000934_lcam_front_lidar.ply,0.15,800,0.9,0.13088,0.29076,1,0.13879,0.99554,0.14808
000935_lcam_front_lidar.ply,0.15,800,0.9,0.11548,0.27632,1,0.12,0.99404,0.13656
000936_lcam_front_lidar.ply,0.15,800,0.9,0.13289,0.23423,1,0.071,0.9763,0.11705
000937_lcam_front_lidar.ply,0.15,800,0.9,0.15035,0.22141,1,0.06459,0.97806,0.1258
000938_lcam_front_lidar.ply,0.15,800,0.9,0.09272,0.26403,1,0.11901,0.99728,0.15706
000939_lcam_front_lidar.ply,0.2,800,0.9,0.13281,0.22232,1,0.0639,0.97059,0.12975
000940_lcam_front_lidar.ply,0.15,800,0.9,0.12653,0.23311,1,0.0757,0.9956,0.13421
000941_lcam_front_lidar.ply,0.15,800,0.9,0.14967,0.21248,1,0.06063,0.99378,0.14199
000942_lcam_front_lidar.ply,0.2,800,0.9,0.14023,0.24475,1,0.10824,0.99681,0.17033
000943_lcam_front_lidar.ply,0.2,800,0.9,0.14892,0.22449,1,0.07842,0.99551,0.15076
000944_lcam_front_lidar.ply,0.2,800,0.9,0.21464,0.2159,1,0.07722,0.99565,0.15634
000945_lcam_front_lidar.ply,0.2,800,0.9,0.12402,0.22638,1,0.07245,0.99526,0.14145
000946_lcam_front_lidar.ply,0.2,800,0.9,0.12484,0.23101,1,0.07096,0.99627,0.12507
000947_lcam_front_lidar.ply,0.2,800,0.9,0.1362,0.2161,1,0.06747,0.99695,0.14978
000948_lcam_front_lidar.ply,0.2,800,0.9,0.13823,0.22721,1,0.08044,0.99634,0.1475
000949_lcam_front_lidar.ply,0.2,800,0.9,0.13764,0.22349,1,0.06776,0.996,0.13755
000950_lcam_front_lidar.ply,0.15,800,0.9,0.14053,0.23127,1,0.06717,0.9969,0.11813
000951_lcam_front_lidar.ply,0.15,800,0.9,0.13508,0.22036,1,0.0,0.0,0.0
000952_lcam_front_lidar.ply,0.2,800,0.9,0.12484,0.2097,1,0.06237,0.99753,0.14898
000953_lcam_front_lidar.ply,0.15,800,0.9,0.13092,0.26034,1,0.11069,0.99546,0.14673
000954_lcam_front_lidar.ply,0.2,800,0.9,0.12574,0.25066,1,0.12624,0.99554,0.1905
000955_lcam_front_lidar.ply,0.2,800,0.9,0.1288,0.23805,1,0.12042,0.99554,0.2076
000956_lcam_front_lidar.ply,0.2,800,0.9,0.11987,0.25025,1,0.11617,0.99516,0.1814
000957_lcam_front_lidar.ply,0.2,800,0.9,0.12637,0.23455,1,0.09487,0.99579,0.16378
000958_lcam_front_lidar.ply,0.2,800,0.9,0.13528,0.22867,1,0.10114,0.99533,0.18811
000959_lcam_front_lidar.ply,0.2,800,0.9,0.11593,0.25466,1,0.12665,0.9945,0.18595
000960_lcam_front_lidar.ply,0.2,800,0.9,0.12572,0.24873,1,0.12111,0.99492,0.18544
000961_lcam_front_lidar.ply,0.2,800,0.9,0.11676,0.25029,1,0.11817,0.99363,0.18049
000962_lcam_front_lidar.ply,0.2,800,0.9,0.15619,0.24829,1,0.11919,0.99396,0.18128
000963_lcam_front_lidar.ply,0.2,800,0.9,0.12005,0.26309,1,0.12288,0.99506,0.16576
000964_lcam_front_lidar.ply,0.2,800,0.9,0.11481,0.25823,1,0.1186,0.99405,0.16651
000965_lcam_front_lidar.ply,0.2,800,0.9,0.14477,0.2581,1,0.11858,0.99471,0.16565
000966_lcam_front_lidar.ply,0.2,800,0.9,0.15585,0.25051,1,0.11667,0.99435,0.17234
000967_lcam_front_lidar.ply,0.2,800,0.9,0.15891,0.25353,1,0.1192,0.99375,0.17184
000968_lcam_front_lidar.ply,0.2,800,0.9,0.18601,0.25272,1,0.12231,0.99445,0.17153
000969_lcam_front_lidar.ply,0.2,800,0.9,0.14256,0.24623,1,0.10827,0.99439,0.16769
000970_lcam_front_lidar.ply,0.2,800,0.9,0.13234,0.26485,1,0.12382,0.99427,0.16238
000971_lcam_front_lidar.ply,0.2,800,0.9,0.13292,0.25811,1,0.12069,0.99443,0.16969
000972_lcam_front_lidar.ply,0.15,800,0.9,0.12904,0.26754,1,0.10718,0.99471,0.12844
000973_lcam_front_lidar.ply,0.2,800,0.9,0.13502,0.27723,1,0.13505,0.99405,0.16337
000974_lcam_front_lidar.ply,0.2,800,0.9,0.13714,0.26057,1,0.12322,0.99285,0.16885
000975_lcam_front_lidar.ply,0.15,800,0.9,0.11476,0.2766,1,0.12127,0.99396,0.14073
000976_lcam_front_lidar.ply,0.2,800,0.9,0.11499,0.27276,1,0.12428,0.99385,0.15371
000977_lcam_front_lidar.ply,0.15,800,0.9,0.12021,0.26151,1,0.10831,0.99326,0.14014
000978_lcam_front_lidar.ply,0.15,800,0.9,0.13042,0.26843,1,0.1056,0.99492,0.11523
000979_lcam_front_lidar.ply,0.15,800,0.9,0.11736,0.27263,1,0.11689,0.99422,0.13486
000980_lcam_front_lidar.ply,0.15,800,0.9,0.17741,0.24324,1,0.09163,0.99298,0.13431
000981_lcam_front_lidar.ply,0.15,800,0.9,0.16499,0.22237,1,0.06182,0.98492,0.11664
000982_lcam_front_lidar.ply,0.15,800,0.9,0.17659,0.23295,1,0.07821,0.99419,0.12454
000983_lcam_front_lidar.ply,0.15,800,0.9,0.15779,0.23781,1,0.08018,0.99427,0.12434
000984_lcam_front_lidar.ply,0.15,800,0.9,0.18057,0.23398,1,0.06981,0.98269,0.10577
000985_lcam_front_lidar.ply,0.15,800,0.9,0.1518,0.24321,1,0.07409,0.9809,0.10429
000986_lcam_front_lidar.ply,0.15,800,0.9,0.15103,0.24588,1,0.08969,0.99345,0.1278
000987_lcam_front_lidar.ply,0.15,800,0.9,0.14421,0.25088,1,0.073,0.9805,0.09243
000988_lcam_front_lidar.ply,0.15,800,0.9,0.15406,0.23652,1,0.0683,0.98234,0.09788
000989_lcam_front_lidar.ply,0.15,800,0.9,0.2048,0.23523,1,0.09424,0.99227,0.14354
000990_lcam_front_lidar.ply,0.15,800,0.9,0.14847,0.25047,1,0.07857,0.98309,0.09681
000991_lcam_front_lidar.ply,0.2,800,0.9,0.12354,0.24848,1,0.11275,0.99145,0.17379
000992_lcam_front_lidar.ply,0.2,800,0.9,0.13295,0.24255,1,0.10906,0.99068,0.17655
000993_lcam_front_lidar.ply,0.15,800,0.9,0.11932,0.22802,1,0.06086,0.98681,0.10721
000994_lcam_front_lidar.ply,0.15,800,0.9,0.13071,0.22709,1,0.0495,0.98355,0.09159
000995_lcam_front_lidar.ply,0.2,800,0.9,0.13385,0.22677,1,0.06264,0.98732,0.11838
000996_lcam_front_lidar.ply,0.2,800,0.9,0.12529,0.22136,1,0.05037,0.98513,0.10186
000997_lcam_front_lidar.ply,0.2,800,0.9,0.11015,0.22456,1,0.0,0.0,0.0
000998_lcam_front_lidar.ply,0.2,800,0.9,0.09072,0.27083,1,0.0946,0.98591,0.09987
000999_lcam_front_lidar.ply,0.15,800,0.9,0.09947,0.25941,1,0.06186,0.98255,0.0658
001000_lcam_front_lidar.ply,0.2,800,0.9,0.1209,0.26251,1,0.08718,0.98573,0.09775
001001_lcam_front_lidar.ply,0.15,800,0.9,0.15025,0.24138,1,0.06319,0.9851,0.08492
001002_lcam_front_lidar.ply,0.15,800,0.9,0.13324,0.25415,1,0.07172,0.98563,0.07965
001003_lcam_front_lidar.ply,0.2,800,0.9,0.16404,0.26735,1,0.10602,0.9869,0.11517
001004_lcam_front_lidar.ply,0.2,800,0.9,0.16324,0.25038,1,0.08315,0.98844,0.10736
001005_lcam_front_lidar.ply,0.2,800,0.9,0.13285,0.27601,1,0.10531,0.98625,0.10418
001006_lcam_front_lidar.ply,0.2,800,0.9,0.13801,0.27529,1,0.10429,0.9874,0.10575
001007_lcam_front_lidar.ply,0.2,800,0.9,0.15112,0.28945,1,0.12078,0.98661,0.10689
001008_lcam_front_lidar.ply,0.2,800,0.9,0.12985,0.30295,1,0.13813,0.98707,0.11843
001009_lcam_front_lidar.ply,0.2,800,0.9,0.13604,0.29873,1,0.12317,0.98599,0.10021
001010_lcam_front_lidar.ply,0.2,800,0.9,0.12814,0.30849,1,0.14417,0.98699,0.12155
001011_lcam_front_lidar.ply,0.2,800,0.9,0.11694,0.30656,1,0.13064,0.9864,0.0993
001012_lcam_front_lidar.ply,0.15,800,0.9,0.12438,0.27824,1,0.08537,0.98543,0.06588
001013_lcam_front_lidar.ply,0.2,800,0.9,0.11721,0.31544,1,0.14532,0.98803,0.11405
001014_lcam_front_lidar.ply,0.2,800,0.9,0.12724,0.32609,1,0.1598,0.98719,0.1166
001015_lcam_front_lidar.ply,0.15,800,0.9,0.12883,0.2943,1,0.10713,0.98634,0.07902
001016_lcam_front_lidar.ply,0.15,800,0.9,0.12841,0.30145,1,0.10769,0.98674,0.06396
001017_lcam_front_lidar.ply,0.15,800,0.9,0.12107,0.29139,1,0.09242,0.98779,0.05903
001018_lcam_front_lidar.ply,0.15,800,0.9,0.14001,0.28736,1,0.0988,0.98721,0.06783
001019_lcam_front_lidar.ply,0.15,800,0.9,0.1183,0.29907,1,0.10298,0.98784,0.06046
001020_lcam_front_lidar.ply,0.15,800,0.9,0.12397,0.29831,1,0.10763,0.987,0.06971
001021_lcam_front_lidar.ply,0.15,800,0.9,0.10477,0.31285,1,0.1233,0.98728,0.07378
001022_lcam_front_lidar.ply,0.2,800,0.9,0.10735,0.3246,1,0.14053,0.98665,0.0876
001023_lcam_front_lidar.ply,0.15,800,0.9,0.13362,0.31806,1,0.12606,0.98768,0.07206
001024_lcam_front_lidar.ply,0.15,800,0.9,0.12219,0.32054,1,0.13215,0.98784,0.07799
001025_lcam_front_lidar.ply,0.15,800,0.9,0.12602,0.31735,1,0.12873,0.98765,0.07374
001026_lcam_front_lidar.ply,0.2,800,0.9,0.11868,0.33005,1,0.16384,0.98679,0.12001
001027_lcam_front_lidar.ply,0.2,800,0.9,0.13497,0.3252,1,0.15414,0.98668,0.10786
001028_lcam_front_lidar.ply,0.2,800,0.9,0.13775,0.32434,1,0.15798,0.9864,0.11281
001029_lcam_front_lidar.ply,0.15,800,0.9,0.2188,0.30381,1,0.12521,0.98733,0.07473
001030_lcam_front_lidar.ply,0.15,800,0.9,0.13224,0.28333,1,0.08977,0.98733,0.06135
001031_lcam_front_lidar.ply,0.15,800,0.9,0.12036,0.28875,1,0.09848,0.98802,0.06486
001032_lcam_front_lidar.ply,0.15,800,0.9,0.129,0.31158,1,0.11967,0.98853,0.0628
001033_lcam_front_lidar.ply,0.15,800,0.9,0.1325,0.2904,1,0.09669,0.98865,0.06113
001034_lcam_front_lidar.ply,0.15,800,0.9,0.12602,0.28224,1,0.10538,0.98636,0.09553
001035_lcam_front_lidar.ply,0.15,800,0.9,0.13741,0.26069,1,0.07602,0.98825,0.07845
001036_lcam_front_lidar.ply,0.15,800,0.9,0.13245,0.27334,1,0.08962,0.9894,0.08549
001037_lcam_front_lidar.ply,0.15,800,0.9,0.12153,0.27839,1,0.0934,0.98949,0.0826
001038_lcam_front_lidar.ply,0.15,800,0.9,0.12433,0.27133,1,0.09016,0.98978,0.08942
001039_lcam_front_lidar.ply,0.15,800,0.9,0.13124,0.28006,1,0.10148,0.99073,0.0924
001040_lcam_front_lidar.ply,0.15,800,0.9,0.1131,0.28772,1,0.10609,0.99085,0.09203
001041_lcam_front_lidar.ply,0.15,800,0.9,0.11992,0.30052,1,0.12815,0.99039,0.10578
001042_lcam_front_lidar.ply,0.15,800,0.9,0.10693,0.30977,1,0.13017,0.99034,0.0986
001043_lcam_front_lidar.ply,0.15,800,0.9,0.12484,0.30615,1,0.12609,0.98993,0.09359
001044_lcam_front_lidar.ply,0.15,800,0.9,0.1116,0.31044,1,0.13466,0.98921,0.10415
001045_lcam_front_lidar.ply,0.15,800,0.9,0.1163,0.31149,1,0.13302,0.98925,0.1007
001046_lcam_front_lidar.ply,0.15,800,0.9,0.11687,0.29867,1,0.12677,0.98946,0.10475
001047_lcam_front_lidar.ply,0.15,800,0.9,0.11667,0.29661,1,0.12152,0.98885,0.10073
001048_lcam_front_lidar.ply,0.15,800,0.9,0.1152,0.30599,1,0.13145,0.98922,0.10551
001049_lcam_front_lidar.ply,0.15,800,0.9,0.12143,0.29327,1,0.11798,0.98797,0.10338
001050_lcam_front_lidar.ply,0.15,800,0.9,0.12991,0.28303,1,0.11259,0.98916,0.10733
001051_lcam_front_lidar.ply,0.15,800,0.9,0.11405,0.28958,1,0.10695,0.98957,0.09022
001052_lcam_front_lidar.ply,0.15,800,0.9,0.13804,0.21619,1,0.03851,0.98084,0.09473
001053_lcam_front_lidar.ply,0.15,800,0.9,0.14432,0.21123,1,0.04254,0.98145,0.11343
001054_lcam_front_lidar.ply,0.15,800,0.9,0.13474,0.21623,1,0.04906,0.98168,0.11713
001055_lcam_front_lidar.ply,0.15,800,0.9,0.13505,0.2483,1,0.06268,0.98784,0.07966
001056_lcam_front_lidar.ply,0.15,800,0.9,0.13376,0.21222,1,0.02683,0.98082,0.08101
001057_lcam_front_lidar.ply,0.15,800,0.9,0.13639,0.20611,1,0.02771,0.98164,0.09544
001058_lcam_front_lidar.ply,0.15,800,0.9,0.13942,0.20733,1,0.04205,0.98176,0.11726
001059_lcam_front_lidar.ply,0.15,800,0.9,0.15118,0.20515,1,0.03252,0.98397,0.09796
001060_lcam_front_lidar.ply,0.15,800,0.9,0.12361,0.2155,1,0.04802,0.98215,0.11465
001061_lcam_front_lidar.ply,0.15,800,0.9,0.13022,0.22135,1,0.05174,0.9817,0.11394
001062_lcam_front_lidar.ply,0.15,800,0.9,0.13104,0.22807,1,0.05087,0.98604,0.09605
001063_lcam_front_lidar.ply,0.15,800,0.9,0.1249,0.22877,1,0.05975,0.9838,0.11272
001064_lcam_front_lidar.ply,0.15,800,0.9,0.13282,0.23234,1,0.07192,0.98692,0.12916
001065_lcam_front_lidar.ply,0.15,800,0.9,0.13012,0.23654,1,0.06163,0.9855,0.09845
001066_lcam_front_lidar.ply,0.15,800,0.9,0.13535,0.2391,1,0.07468,0.98486,0.1236
001067_lcam_front_lidar.ply,0.15,800,0.9,0.14716,0.24346,1,0.07878,0.98443,0.11602
001068_lcam_front_lidar.ply,0.15,800,0.9,0.11861,0.2503,1,0.08317,0.98622,0.11614
001069_lcam_front_lidar.ply,0.15,800,0.9,0.13433,0.25454,1,0.08742,0.98512,0.11676
001070_lcam_front_lidar.ply,0.15,800,0.9,0.13078,0.24918,1,0.0876,0.98471,0.12597
001071_lcam_front_lidar.ply,0.15,800,0.9,0.1413,0.22618,1,0.0797,0.99013,0.15307
001072_lcam_front_lidar.ply,0.15,800,0.9,0.11879,0.24353,1,0.0782,0.98354,0.11785
001073_lcam_front_lidar.ply,0.15,800,0.9,0.13176,0.2423,1,0.07732,0.98341,0.11971
001074_lcam_front_lidar.ply,0.15,800,0.9,0.14705,0.24003,1,0.07497,0.9866,0.11307
001075_lcam_front_lidar.ply,0.15,800,0.9,0.15166,0.23665,1,0.07783,0.98691,0.12935
001076_lcam_front_lidar.ply,0.15,800,0.9,0.13942,0.23661,1,0.08458,0.98779,0.14547
001077_lcam_front_lidar.ply,0.15,800,0.9,0.12873,0.24559,1,0.0775,0.98867,0.11557
001078_lcam_front_lidar.ply,0.15,800,0.9,0.12688,0.24059,1,0.08138,0.98763,0.13103
001079_lcam_front_lidar.ply,0.15,800,0.9,0.14563,0.25045,1,0.08941,0.98748,0.12321
001080_lcam_front_lidar.ply,0.15,800,0.9,0.14014,0.24494,1,0.08395,0.98668,0.12717
001081_lcam_front_lidar.ply,0.15,800,0.9,0.12116,0.25796,1,0.09678,0.98746,0.12754
001082_lcam_front_lidar.ply,0.15,800,0.9,0.1254,0.27254,1,0.10463,0.98729,0.11819
001083_lcam_front_lidar.ply,0.15,800,0.9,0.20567,0.27117,1,0.10452,0.98674,0.10393
001084_lcam_front_lidar.ply,0.15,800,0.9,0.16243,0.25514,1,0.09202,0.98823,0.12092
001085_lcam_front_lidar.ply,0.15,800,0.9,0.15365,0.25989,1,0.0983,0.98784,0.12369
001086_lcam_front_lidar.ply,0.15,800,0.9,0.12624,0.27988,1,0.10747,0.98639,0.10793
001087_lcam_front_lidar.ply,0.15,800,0.9,0.13349,0.28928,1,0.11575,0.98718,0.1014
001088_lcam_front_lidar.ply,0.15,800,0.9,0.11537,0.27143,1,0.10233,0.98835,0.11487
001089_lcam_front_lidar.ply,0.15,800,0.9,0.1198,0.2878,1,0.11382,0.98828,0.1068
001090_lcam_front_lidar.ply,0.15,800,0.9,0.10796,0.28849,1,0.11464,0.98834,0.10921
001091_lcam_front_lidar.ply,0.15,800,0.9,0.13436,0.2735,1,0.10468,0.98854,0.10976
001092_lcam_front_lidar.ply,0.2,800,0.9,0.11766,0.19187,1,0.03527,0.91677,0.14127
001093_lcam_front_lidar.ply,0.15,800,0.9,0.12252,0.28114,1,0.10999,0.98778,0.11017
001094_lcam_front_lidar.ply,0.15,800,0.9,0.11477,0.28195,1,0.11372,0.98825,0.11443
001095_lcam_front_lidar.ply,0.15,800,0.9,0.11705,0.28259,1,0.11398,0.98804,0.11642
001096_lcam_front_lidar.ply,0.15,800,0.9,0.12361,0.28392,1,0.11253,0.98778,0.10747
001097_lcam_front_lidar.ply,0.15,800,0.9,0.12439,0.2764,1,0.10872,0.98862,0.11398
001098_lcam_front_lidar.ply,0.15,800,0.9,0.12486,0.28148,1,0.11216,0.98827,0.11383
001099_lcam_front_lidar.ply,0.15,800,0.9,0.12771,0.26564,1,0.09511,0.98901,0.11098
001100_lcam_front_lidar.ply,0.15,800,0.9,0.13085,0.26533,1,0.09885,0.98849,0.11761
001101_lcam_front_lidar.ply,0.15,800,0.9,0.12474,0.2689,1,0.09783,0.9878,0.10916
001102_lcam_front_lidar.ply,0.15,800,0.9,0.13179,0.25461,1,0.08808,0.98871,0.11138
001103_lcam_front_lidar.ply,0.15,800,0.9,0.11518,0.27734,1,0.11235,0.98962,0.12555
001104_lcam_front_lidar.ply,0.15,800,0.9,0.13083,0.27486,1,0.10771,0.98936,0.11195
001105_lcam_front_lidar.ply,0.15,800,0.9,0.12026,0.27289,1,0.10828,0.98985,0.12442
001106_lcam_front_lidar.ply,0.15,800,0.9,0.11206,0.26707,1,0.10893,0.98916,0.13664
001107_lcam_front_lidar.ply,0.15,800,0.9,0.1241,0.25687,1,0.09979,0.99043,0.13453
001108_lcam_front_lidar.ply,0.15,800,0.9,0.11977,0.26905,1,0.12178,0.98995,0.15591
001109_lcam_front_lidar.ply,0.15,800,0.9,0.1129,0.25785,1,0.09318,0.9903,0.12679
001110_lcam_front_lidar.ply,0.15,800,0.9,0.12417,0.24594,1,0.09122,0.98836,0.14411
001111_lcam_front_lidar.ply,0.15,800,0.9,0.1386,0.24688,1,0.08774,0.9806,0.12979
001112_lcam_front_lidar.ply,0.15,800,0.9,0.12324,0.25713,1,0.10286,0.98487,0.13979
001113_lcam_front_lidar.ply,0.15,800,0.9,0.11709,0.25411,1,0.09657,0.98152,0.13895
001114_lcam_front_lidar.ply,0.15,800,0.9,0.12438,0.24302,1,0.09747,0.98327,0.15455
001115_lcam_front_lidar.ply,0.15,800,0.9,0.12246,0.25196,1,0.0949,0.9819,0.13644
001116_lcam_front_lidar.ply,0.15,800,0.9,0.13552,0.25475,1,0.10197,0.98322,0.14549
001117_lcam_front_lidar.ply,0.15,800,0.9,0.12728,0.26259,1,0.10026,0.97935,0.12741
001118_lcam_front_lidar.ply,0.15,800,0.9,0.11421,0.26228,1,0.09756,0.97967,0.12613
001119_lcam_front_lidar.ply,0.15,800,0.9,0.1072,0.25333,1,0.09526,0.97997,0.1366
001120_lcam_front_lidar.ply,0.15,800,0.9,0.104,0.25657,1,0.09742,0.98211,0.13153
001121_lcam_front_lidar.ply,0.15,800,0.9,0.12688,0.26513,1,0.12099,0.9891,0.16115
001122_lcam_front_lidar.ply,0.15,800,0.9,0.12743,0.25362,1,0.09471,0.98001,0.1319
001123_lcam_front_lidar.ply,0.15,800,0.9,0.13077,0.25543,1,0.09759,0.97718,0.13516
001124_lcam_front_lidar.ply,0.15,800,0.9,0.11786,0.20831,1,0.0585,0.90883,0.14802
001125_lcam_front_lidar.ply,0.15,800,0.9,0.11778,0.20903,1,0.05543,0.89322,0.14618
001126_lcam_front_lidar.ply,0.15,800,0.9,0.11612,0.20881,1,0.0466,0.88619,0.1233
001127_lcam_front_lidar.ply,0.15,800,0.9,0.11427,0.24237,1,0.09311,0.94515,0.15285
001128_lcam_front_lidar.ply,0.15,800,0.9,0.12394,0.24066,1,0.08599,0.96395,0.14072
001129_lcam_front_lidar.ply,0.15,800,0.9,0.11049,0.21814,1,0.05156,0.88568,0.12123
001130_lcam_front_lidar.ply,0.15,800,0.9,0.12093,0.25203,1,0.10197,0.93863,0.15313
001131_lcam_front_lidar.ply,0.15,800,0.9,0.09896,0.21576,1,0.04846,0.88716,0.11761
001132_lcam_front_lidar.ply,0.15,800,0.9,0.14249,0.21024,1,0.04761,0.88583,0.11965
001133_lcam_front_lidar.ply,0.15,800,0.9,0.11632,0.20874,1,0.04491,0.88772,0.12331
001134_lcam_front_lidar.ply,0.15,800,0.9,0.099,0.22631,1,0.04979,0.8874,0.10769
001135_lcam_front_lidar.ply,0.15,800,0.9,0.11279,0.2504,1,0.09746,0.90172,0.14521
001136_lcam_front_lidar.ply,0.15,800,0.9,0.11435,0.25227,1,0.07521,0.88626,0.09982
001137_lcam_front_lidar.ply,0.15,800,0.9,0.12009,0.24388,1,0.08893,0.95526,0.14383
001138_lcam_front_lidar.ply,0.15,800,0.9,0.11789,0.24638,1,0.08792,0.92792,0.13522
001139_lcam_front_lidar.ply,0.15,800,0.9,0.13337,0.20802,1,0.05032,0.89282,0.133
001140_lcam_front_lidar.ply,0.15,800,0.9,0.11822,0.20878,1,0.04395,0.8878,0.12294
001141_lcam_front_lidar.ply,0.15,800,0.9,0.10561,0.22201,1,0.04753,0.88634,0.10381
001142_lcam_front_lidar.ply,0.15,800,0.9,0.11659,0.2074,1,0.05914,0.89688,0.15488
001143_lcam_front_lidar.ply,0.15,800,0.9,0.11042,0.21109,1,0.03774,0.89123,0.10232
001144_lcam_front_lidar.ply,0.15,800,0.9,0.10676,0.27624,1,0.13201,0.98533,0.16525
001145_lcam_front_lidar.ply,0.15,800,0.9,0.09718,0.27577,1,0.12431,0.98773,0.15059
001146_lcam_front_lidar.ply,0.15,800,0.9,0.11079,0.21756,1,0.06806,0.94728,0.15751
001147_lcam_front_lidar.ply,0.15,800,0.9,0.10856,0.28453,1,0.13941,0.98631,0.16722
001148_lcam_front_lidar.ply,0.15,800,0.9,0.13499,0.29297,1,0.1476,0.98708,0.16109
001149_lcam_front_lidar.ply,0.15,800,0.9,0.12087,0.21827,1,0.05452,0.91615,0.12545
001150_lcam_front_lidar.ply,0.15,800,0.9,0.11304,0.27539,1,0.11994,0.98685,0.14594
001151_lcam_front_lidar.ply,0.15,800,0.9,0.12078,0.29415,1,0.12402,0.98589,0.11361
001152_lcam_front_lidar.ply,0.15,800,0.9,0.10693,0.29918,1,0.13942,0.99035,0.13772
001153_lcam_front_lidar.ply,0.15,800,0.9,0.11878,0.29959,1,0.14997,0.99149,0.15406
001154_lcam_front_lidar.ply,0.15,800,0.9,0.11611,0.27717,1,0.11316,0.98434,0.12785
001155_lcam_front_lidar.ply,0.15,800,0.9,0.10887,0.23169,1,0.06749,0.94997,0.13037
001156_lcam_front_lidar.ply,0.15,800,0.9,0.11875,0.30441,1,0.14912,0.99083,0.14193
001157_lcam_front_lidar.ply,0.15,800,0.9,0.11324,0.29783,1,0.14851,0.99085,0.15611
001158_lcam_front_lidar.ply,0.15,800,0.9,0.13254,0.20632,1,0.05688,0.94565,0.14954
001159_lcam_front_lidar.ply,0.15,800,0.9,0.1256,0.20392,1,0.03686,0.92808,0.11699
001160_lcam_front_lidar.ply,0.15,800,0.9,0.12161,0.20423,1,0.04738,0.93478,0.13991
001161_lcam_front_lidar.ply,0.15,800,0.9,0.11518,0.21423,1,0.04743,0.9449,0.11774
001162_lcam_front_lidar.ply,0.15,800,0.9,0.1149,0.20666,1,0.03246,0.9472,0.10486
001163_lcam_front_lidar.ply,0.15,800,0.9,0.12501,0.20464,1,0.03176,0.94687,0.10474
001164_lcam_front_lidar.ply,0.15,800,0.9,0.11692,0.27642,1,0.11273,0.98962,0.12626
001165_lcam_front_lidar.ply,0.15,800,0.9,0.11486,0.29353,1,0.12371,0.991,0.11375
001166_lcam_front_lidar.ply,0.15,800,0.9,0.12309,0.20015,1,0.02919,0.93404,0.10503
001167_lcam_front_lidar.ply,0.15,800,0.9,0.13416,0.28369,1,0.11024,0.99028,0.10443
001168_lcam_front_lidar.ply,0.15,800,0.9,0.11984,0.28766,1,0.1113,0.98864,0.10014
001169_lcam_front_lidar.ply,0.15,800,0.9,0.13127,0.22722,1,0.05878,0.94689,0.111
001170_lcam_front_lidar.ply,0.15,800,0.9,0.11525,0.27913,1,0.11944,0.99242,0.13303
001171_lcam_front_lidar.ply,0.2,800,0.9,0.12737,0.20268,1,0.05995,0.92734,0.16499
001172_lcam_front_lidar.ply,0.15,800,0.9,0.12913,0.22575,1,0.04068,0.94122,0.07359
001173_lcam_front_lidar.ply,0.15,800,0.9,0.12331,0.28448,1,0.11824,0.99237,0.12261
001174_lcam_front_lidar.ply,0.15,800,0.9,0.11976,0.28383,1,0.11034,0.99017,0.10906
001175_lcam_front_lidar.ply,0.15,800,0.9,0.12294,0.28216,1,0.10481,0.99031,0.10105
001176_lcam_front_lidar.ply,0.15,800,0.9,0.16135,0.20164,1,0.05517,0.94723,0.14982
001177_lcam_front_lidar.ply,0.15,800,0.9,0.12717,0.21294,1,0.04491,0.93773,0.11286
001178_lcam_front_lidar.ply,0.15,800,0.9,0.13195,0.20271,1,0.04235,0.93145,0.12573
001179_lcam_front_lidar.ply,0.15,800,0.9,0.12922,0.21517,1,0.04717,0.92694,0.1127
001180_lcam_front_lidar.ply,0.15,800,0.9,0.14702,0.21099,1,0.04652,0.91609,0.11636
001181_lcam_front_lidar.ply,0.15,800,0.9,0.12914,0.27572,1,0.10887,0.98991,0.11709
001182_lcam_front_lidar.ply,0.15,800,0.9,0.14292,0.20373,1,0.04594,0.90535,0.13587
001183_lcam_front_lidar.ply,0.15,800,0.9,0.12435,0.27126,1,0.11074,0.99284,0.13027
001184_lcam_front_lidar.ply,0.15,800,0.9,0.13498,0.20916,1,0.05394,0.94556,0.139
001185_lcam_front_lidar.ply,0.15,800,0.9,0.12231,0.26871,1,0.10928,0.99314,0.13397
001186_lcam_front_lidar.ply,0.15,800,0.9,0.13448,0.2695,1,0.1098,0.99235,0.13282
001187_lcam_front_lidar.ply,0.15,800,0.9,0.13275,0.17137,1,0.02592,0.92615,0.15886
001188_lcam_front_lidar.ply,0.15,800,0.9,0.12397,0.26529,1,0.09051,0.99098,0.10628
001189_lcam_front_lidar.ply,0.15,800,0.9,0.11848,0.26604,1,0.09402,0.99193,0.11095
001190_lcam_front_lidar.ply,0.15,800,0.9,0.12232,0.27057,1,0.10522,0.99135,0.1199
001191_lcam_front_lidar.ply,0.15,800,0.9,0.13618,0.26438,1,0.09679,0.99211,0.11664
001192_lcam_front_lidar.ply,0.15,800,0.9,0.13097,0.27198,1,0.102,0.99073,0.11286
001193_lcam_front_lidar.ply,0.15,800,0.9,0.14127,0.27502,1,0.10481,0.99017,0.11276
001194_lcam_front_lidar.ply,0.15,800,0.9,0.12684,0.27469,1,0.10077,0.99157,0.1089
001195_lcam_front_lidar.ply,0.15,800,0.9,0.21592,0.26044,1,0.09444,0.99013,0.10397
001196_lcam_front_lidar.ply,0.15,800,0.9,0.13419,0.27125,1,0.09999,0.98977,0.11132
001197_lcam_front_lidar.ply,0.15,800,0.9,0.12909,0.26568,1,0.09262,0.9903,0.10987
001198_lcam_front_lidar.ply,0.15,800,0.9,0.13608,0.26247,1,0.08865,0.99124,0.10199
001199_lcam_front_lidar.ply,0.15,800,0.9,0.13439,0.2608,1,0.0928,0.98961,0.11924
001200_lcam_front_lidar.ply,0.15,800,0.9,0.1332,0.2591,1,0.08886,0.98669,0.11246
001201_lcam_front_lidar.ply,0.15,800,0.9,0.13044,0.26196,1,0.08758,0.99133,0.10607
001202_lcam_front_lidar.ply,0.15,800,0.9,0.13901,0.26477,1,0.08919,0.98938,0.1006
001203_lcam_front_lidar.ply,0.15,800,0.9,0.12694,0.26504,1,0.09829,0.98824,0.11914
001204_lcam_front_lidar.ply,0.15,800,0.9,0.13746,0.2613,1,0.09162,0.9885,0.10868
001205_lcam_front_lidar.ply,0.15,800,0.9,0.12103,0.26026,1,0.09156,0.98685,0.11668
001206_lcam_front_lidar.ply,0.15,800,0.9,0.13282,0.25749,1,0.08566,0.98998,0.10911
001207_lcam_front_lidar.ply,0.15,800,0.9,0.11747,0.25654,1,0.08074,0.98977,0.1011
001208_lcam_front_lidar.ply,0.15,800,0.9,0.12847,0.25242,1,0.08221,0.99059,0.10912
001209_lcam_front_lidar.ply,0.15,800,0.9,0.12204,0.24275,1,0.07276,0.98952,0.1138
001210_lcam_front_lidar.ply,0.15,800,0.9,0.12592,0.24869,1,0.07805,0.98826,0.10939
001211_lcam_front_lidar.ply,0.15,800,0.9,0.12916,0.25841,1,0.07636,0.98675,0.08941
001212_lcam_front_lidar.ply,0.15,800,0.9,0.12843,0.2647,1,0.08883,0.98633,0.09978
001213_lcam_front_lidar.ply,0.15,800,0.9,0.14869,0.25071,1,0.07514,0.98769,0.10092
001214_lcam_front_lidar.ply,0.2,800,0.9,0.13091,0.17012,1,0.0605,0.93778,0.23205
001215_lcam_front_lidar.ply,0.2,800,0.9,0.14567,0.16305,1,0.06336,0.93311,0.25259
001216_lcam_front_lidar.ply,0.2,800,0.9,0.12829,0.17804,1,0.05421,0.93504,0.20643
001217_lcam_front_lidar.ply,0.15,800,0.9,0.14629,0.25552,1,0.08702,0.98559,0.11003
001218_lcam_front_lidar.ply,0.2,800,0.9,0.13413,0.19679,1,0.04346,0.84063,0.1417
001219_lcam_front_lidar.ply,0.15,800,0.9,0.12108,0.25711,1,0.08507,0.98366,0.10925
001220_lcam_front_lidar.ply,0.15,800,0.9,0.12609,0.27047,1,0.09429,0.98426,0.09611
001221_lcam_front_lidar.ply,0.15,800,0.9,0.11513,0.26681,1,0.08872,0.9823,0.09796
001222_lcam_front_lidar.ply,0.15,800,0.9,0.11817,0.27212,1,0.09161,0.98341,0.09616
001223_lcam_front_lidar.ply,0.15,800,0.9,0.1171,0.27893,1,0.1012,0.98808,0.10027
001224_lcam_front_lidar.ply,0.2,800,0.9,0.12888,0.18691,1,0.05397,0.8546,0.1879
001225_lcam_front_lidar.ply,0.2,800,0.9,0.12072,0.18866,1,0.05763,0.89486,0.18989
001226_lcam_front_lidar.ply,0.2,800,0.9,0.12776,0.17683,1,0.05637,0.8429,0.2136
001227_lcam_front_lidar.ply,0.2,800,0.9,0.12989,0.17783,1,0.06184,0.85458,0.22054
001228_lcam_front_lidar.ply,0.2,800,0.9,0.13616,0.18287,1,0.05729,0.83511,0.19178
001229_lcam_front_lidar.ply,0.2,800,0.9,0.12332,0.18901,1,0.06316,0.84552,0.20118
001230_lcam_front_lidar.ply,0.2,800,0.9,0.13135,0.19497,1,0.0576,0.8531,0.17763
001231_lcam_front_lidar.ply,0.15,800,0.9,0.12143,0.28929,1,0.1199,0.98685,0.11745
001232_lcam_front_lidar.ply,0.15,800,0.9,0.12224,0.28224,1,0.1104,0.98431,0.11024
001233_lcam_front_lidar.ply,0.2,800,0.9,0.16011,0.18286,1,0.05013,0.8458,0.17452
001234_lcam_front_lidar.ply,0.2,800,0.9,0.14439,0.17983,1,0.04681,0.84041,0.1834
001235_lcam_front_lidar.ply,0.15,800,0.9,0.13709,0.29525,1,0.13529,0.98842,0.13133
001236_lcam_front_lidar.ply,0.15,800,0.9,0.12887,0.27705,1,0.10428,0.98457,0.10883
001237_lcam_front_lidar.ply,0.2,800,0.9,0.15133,0.18703,1,0.03802,0.84462,0.14813
001238_lcam_front_lidar.ply,0.15,800,0.9,0.12411,0.28593,1,0.11689,0.98785,0.11354
001239_lcam_front_lidar.ply,0.2,800,0.9,0.13867,0.31028,1,0.17101,0.98921,0.16968
001240_lcam_front_lidar.ply,0.2,800,0.9,0.11817,0.31352,1,0.17477,0.98912,0.17444
001241_lcam_front_lidar.ply,0.2,800,0.9,0.12945,0.1884,1,0.04535,0.8679,0.16571
001242_lcam_front_lidar.ply,0.2,800,0.9,0.11986,0.18874,1,0.04282,0.88266,0.16268
001243_lcam_front_lidar.ply,0.2,800,0.9,0.11974,0.18638,1,0.0452,0.88205,0.16931
001244_lcam_front_lidar.ply,0.2,800,0.9,0.1174,0.18553,1,0.04338,0.87234,0.16728
001245_lcam_front_lidar.ply,0.2,800,0.9,0.12089,0.18524,1,0.04891,0.87849,0.17142
001246_lcam_front_lidar.ply,0.2,800,0.9,0.13283,0.18829,1,0.04765,0.86725,0.16457
001247_lcam_front_lidar.ply,0.2,800,0.9,0.11746,0.18735,1,0.05858,0.85739,0.19475
001248_lcam_front_lidar.ply,0.2,800,0.9,0.13473,0.18687,1,0.04935,0.87215,0.17141
001249_lcam_front_lidar.ply,0.2,800,0.9,0.13069,0.18769,1,0.05641,0.88776,0.18594
001250_lcam_front_lidar.ply,0.2,800,0.9,0.13402,0.19008,1,0.05806,0.85699,0.18348
001251_lcam_front_lidar.ply,0.2,800,0.9,0.13423,0.18069,1,0.05388,0.85062,0.19434
001252_lcam_front_lidar.ply,0.2,800,0.9,0.13466,0.18189,1,0.05612,0.85709,0.19959
001253_lcam_front_lidar.ply,0.2,800,0.9,0.12449,0.17936,1,0.05396,0.87237,0.20037
001254_lcam_front_lidar.ply,0.15,800,0.9,0.1317,0.2989,1,0.14922,0.98934,0.1499
001255_lcam_front_lidar.ply,0.2,800,0.9,0.11147,0.18181,1,0.05388,0.85437,0.19401
001256_lcam_front_lidar.ply,0.15,800,0.9,0.12275,0.28411,1,0.13949,0.98926,0.16069
001257_lcam_front_lidar.ply,0.15,800,0.9,0.12473,0.2723,1,0.12331,0.988,0.15298
001258_lcam_front_lidar.ply,0.15,800,0.9,0.12596,0.27374,1,0.13511,0.98728,0.16794
001259_lcam_front_lidar.ply,0.15,800,0.9,0.13012,0.27888,1,0.1347,0.9887,0.16015
001260_lcam_front_lidar.ply,0.2,800,0.9,0.11333,0.17214,1,0.05717,0.85385,0.21794
001261_lcam_front_lidar.ply,0.2,800,0.9,0.11097,0.30285,1,0.18248,0.9894,0.21166
001262_lcam_front_lidar.ply,0.2,800,0.9,0.11905,0.17546,1,0.05592,0.85489,0.21381
001263_lcam_front_lidar.ply,0.2,800,0.9,0.10557,0.29972,1,0.17729,0.98953,0.20989
001264_lcam_front_lidar.ply,0.2,800,0.9,0.11471,0.29037,1,0.16708,0.98948,0.20464
001265_lcam_front_lidar.ply,0.2,800,0.9,0.11374,0.29035,1,0.16687,0.98892,0.20725
001266_lcam_front_lidar.ply,0.2,800,0.9,0.1637,0.28958,1,0.17514,0.9896,0.212
001267_lcam_front_lidar.ply,0.2,800,0.9,0.12343,0.2874,1,0.16936,0.99057,0.21286
001268_lcam_front_lidar.ply,0.2,800,0.9,0.11777,0.27369,1,0.15126,0.99232,0.19401
001269_lcam_front_lidar.ply,0.2,800,0.9,0.10265,0.27617,1,0.14691,0.99111,0.19795
001270_lcam_front_lidar.ply,0.2,800,0.9,0.10573,0.28076,1,0.16236,0.99079,0.21067
001271_lcam_front_lidar.ply,0.2,800,0.9,0.11337,0.26943,1,0.15923,0.98963,0.22507
001272_lcam_front_lidar.ply,0.2,800,0.9,0.12783,0.27055,1,0.15192,0.9914,0.20965
001273_lcam_front_lidar.ply,0.2,800,0.9,0.12389,0.26922,1,0.16028,0.98974,0.22798
001274_lcam_front_lidar.ply,0.2,800,0.9,0.11319,0.24678,1,0.13794,0.98878,0.22894
001275_lcam_front_lidar.ply,0.2,800,0.9,0.11159,0.23962,1,0.12993,0.98863,0.23001
001276_lcam_front_lidar.ply,0.2,800,0.9,0.11042,0.24771,1,0.12795,0.98926,0.2108
001277_lcam_front_lidar.ply,0.2,800,0.9,0.11187,0.24934,1,0.13056,0.98824,0.21483
001278_lcam_front_lidar.ply,0.2,800,0.9,0.10886,0.26667,1,0.14445,0.99024,0.20819
001279_lcam_front_lidar.ply,0.2,800,0.9,0.11966,0.26175,1,0.14736,0.99063,0.21264
001280_lcam_front_lidar.ply,0.2,800,0.9,0.11717,0.26771,1,0.15169,0.99049,0.21843
001281_lcam_front_lidar.ply,0.2,800,0.9,0.1131,0.25443,1,0.12902,0.99054,0.19565
001282_lcam_front_lidar.ply,0.2,800,0.9,0.10864,0.27243,1,0.15144,0.99015,0.21212
001283_lcam_front_lidar.ply,0.2,800,0.9,0.12503,0.25028,1,0.1234,0.98933,0.19127
001284_lcam_front_lidar.ply,0.2,800,0.9,0.10316,0.25941,1,0.14559,0.98906,0.21984
001285_lcam_front_lidar.ply,0.2,800,0.9,0.11061,0.25112,1,0.1279,0.9878,0.20286
001286_lcam_front_lidar.ply,0.2,800,0.9,0.09727,0.26047,1,0.13255,0.9876,0.19575
001287_lcam_front_lidar.ply,0.2,800,0.9,0.15747,0.25021,1,0.13077,0.98999,0.20296
001288_lcam_front_lidar.ply,0.2,800,0.9,0.16971,0.24568,1,0.13376,0.99115,0.21533
001289_lcam_front_lidar.ply,0.2,800,0.9,0.10334,0.25185,1,0.12367,0.9895,0.19164
001290_lcam_front_lidar.ply,0.2,800,0.9,0.10277,0.24424,1,0.10713,0.98957,0.17645
001291_lcam_front_lidar.ply,0.2,800,0.9,0.09229,0.25126,1,0.10684,0.98994,0.16112
001292_lcam_front_lidar.ply,0.2,800,0.9,0.10296,0.24963,1,0.11012,0.99044,0.16986
001293_lcam_front_lidar.ply,0.2,800,0.9,0.1063,0.25125,1,0.1133,0.99066,0.17804
001294_lcam_front_lidar.ply,0.2,800,0.9,0.10928,0.24937,1,0.11356,0.99024,0.17302
001295_lcam_front_lidar.ply,0.2,800,0.9,0.10046,0.25665,1,0.1209,0.98983,0.17818
001296_lcam_front_lidar.ply,0.2,800,0.9,0.10288,0.25946,1,0.11862,0.99187,0.17274
001297_lcam_front_lidar.ply,0.2,800,0.9,0.11508,0.24975,1,0.1134,0.99013,0.1781
001298_lcam_front_lidar.ply,0.2,800,0.9,0.10928,0.25346,1,0.11769,0.99239,0.17443
001299_lcam_front_lidar.ply,0.2,800,0.9,0.12058,0.24565,1,0.11456,0.99233,0.18498
001300_lcam_front_lidar.ply,0.2,800,0.9,0.1121,0.24859,1,0.11224,0.9925,0.17488
001301_lcam_front_lidar.ply,0.2,800,0.9,0.12917,0.24349,1,0.11259,0.99215,0.18059
001302_lcam_front_lidar.ply,0.2,800,0.9,0.11499,0.24705,1,0.11387,0.99286,0.18353
001303_lcam_front_lidar.ply,0.2,800,0.9,0.10501,0.24849,1,0.12277,0.99142,0.2004
001304_lcam_front_lidar.ply,0.2,800,0.9,0.10288,0.24403,1,0.11203,0.98977,0.18499
001305_lcam_front_lidar.ply,0.2,800,0.9,0.11041,0.245,1,0.11495,0.99285,0.18442
001306_lcam_front_lidar.ply,0.2,800,0.9,0.11696,0.24282,1,0.11872,0.99384,0.19564
001307_lcam_front_lidar.ply,0.2,800,0.9,0.10822,0.25042,1,0.12336,0.99401,0.19204
001308_lcam_front_lidar.ply,0.2,800,0.9,0.12269,0.24015,1,0.11273,0.99033,0.19463
001309_lcam_front_lidar.ply,0.2,800,0.9,0.11967,0.24502,1,0.12263,0.99383,0.19668
001310_lcam_front_lidar.ply,0.2,800,0.9,0.11063,0.24277,1,0.11669,0.99058,0.19647
001311_lcam_front_lidar.ply,0.2,800,0.9,0.1159,0.24815,1,0.10832,0.98865,0.16853
001312_lcam_front_lidar.ply,0.2,800,0.9,0.11258,0.25549,1,0.13076,0.99397,0.19817
001313_lcam_front_lidar.ply,0.2,800,0.9,0.12085,0.24749,1,0.12012,0.99405,0.19104
001314_lcam_front_lidar.ply,0.2,800,0.9,0.10999,0.24781,1,0.12206,0.99393,0.2008
001315_lcam_front_lidar.ply,0.2,800,0.9,0.1304,0.24599,1,0.11846,0.99378,0.1945
001316_lcam_front_lidar.ply,0.2,800,0.9,0.15922,0.2301,1,0.10919,0.9941,0.19142
001317_lcam_front_lidar.ply,0.2,800,0.9,0.12515,0.23587,1,0.10848,0.99512,0.19299
001318_lcam_front_lidar.ply,0.2,800,0.9,0.1189,0.23895,1,0.0947,0.99054,0.16164
001319_lcam_front_lidar.ply,0.2,800,0.9,0.12469,0.23653,1,0.11893,0.99396,0.21311
001320_lcam_front_lidar.ply,0.2,800,0.9,0.11576,0.24229,1,0.11797,0.99441,0.20322
001321_lcam_front_lidar.ply,0.2,800,0.9,0.12313,0.23797,1,0.10863,0.99558,0.1861
001322_lcam_front_lidar.ply,0.2,800,0.9,0.12211,0.22847,1,0.09339,0.98603,0.17266
001323_lcam_front_lidar.ply,0.2,800,0.9,0.11181,0.23897,1,0.1055,0.99555,0.1814
001324_lcam_front_lidar.ply,0.2,800,0.9,0.11925,0.23509,1,0.10716,0.9946,0.1932
001325_lcam_front_lidar.ply,0.2,800,0.9,0.1188,0.23512,1,0.07891,0.98927,0.13423
001326_lcam_front_lidar.ply,0.2,800,0.9,0.1199,0.23036,1,0.1036,0.99541,0.19314
001327_lcam_front_lidar.ply,0.2,800,0.9,0.12844,0.22896,1,0.10373,0.99503,0.19552
001328_lcam_front_lidar.ply,0.2,800,0.9,0.1163,0.21533,1,0.07446,0.99124,0.16663
001329_lcam_front_lidar.ply,0.2,800,0.9,0.12281,0.21872,1,0.07038,0.98962,0.14672
001330_lcam_front_lidar.ply,0.2,800,0.9,0.11098,0.21685,1,0.06645,0.98937,0.15019
001331_lcam_front_lidar.ply,0.2,800,0.9,0.11516,0.22348,1,0.07846,0.99087,0.15885
001332_lcam_front_lidar.ply,0.2,800,0.9,0.1187,0.22528,1,0.05909,0.98842,0.11903
001333_lcam_front_lidar.ply,0.2,800,0.9,0.1187,0.22339,1,0.0686,0.98862,0.13335
001334_lcam_front_lidar.ply,0.2,800,0.9,0.12115,0.22166,1,0.06794,0.99022,0.14398
001335_lcam_front_lidar.ply,0.2,800,0.9,0.11845,0.21399,1,0.08315,0.99568,0.18505
001336_lcam_front_lidar.ply,0.2,800,0.9,0.12448,0.23495,1,0.07628,0.98945,0.13153
001337_lcam_front_lidar.ply,0.2,800,0.9,0.10956,0.23817,1,0.07753,0.98916,0.12528
001338_lcam_front_lidar.ply,0.2,800,0.9,0.10967,0.22568,1,0.0721,0.99007,0.14099
001339_lcam_front_lidar.ply,0.2,800,0.9,0.19203,0.22037,1,0.08157,0.9911,0.15435
001340_lcam_front_lidar.ply,0.2,800,0.9,0.15621,0.22225,1,0.10302,0.99555,0.20401
001341_lcam_front_lidar.ply,0.2,800,0.9,0.11651,0.22298,1,0.07379,0.99156,0.14969
001342_lcam_front_lidar.ply,0.2,800,0.9,0.10936,0.21108,1,0.05981,0.99105,0.14511
001343_lcam_front_lidar.ply,0.2,800,0.9,0.10469,0.21332,1,0.05468,0.98958,0.13164
001344_lcam_front_lidar.ply,0.2,800,0.9,0.11369,0.22167,1,0.05733,0.98846,0.11963
001345_lcam_front_lidar.ply,0.2,800,0.9,0.12311,0.23076,1,0.07265,0.99022,0.12907
001346_lcam_front_lidar.ply,0.2,800,0.9,0.11518,0.20502,1,0.09308,0.99406,0.21896
001347_lcam_front_lidar.ply,0.2,800,0.9,0.10707,0.2133,1,0.0675,0.9919,0.15407
001348_lcam_front_lidar.ply,0.2,800,0.9,0.10376,0.21799,1,0.06489,0.99157,0.14703
001349_lcam_front_lidar.ply,0.2,800,0.9,0.1028,0.23732,1,0.11863,0.99636,0.20519
001350_lcam_front_lidar.ply,0.2,800,0.9,0.12678,0.22252,1,0.1058,0.99619,0.2127
001351_lcam_front_lidar.ply,0.2,800,0.9,0.10246,0.22551,1,0.11168,0.99639,0.21922
001352_lcam_front_lidar.ply,0.2,800,0.9,0.11407,0.2224,1,0.09555,0.996,0.19094
001353_lcam_front_lidar.ply,0.2,800,0.9,0.10501,0.22622,1,0.10109,0.99499,0.197
001354_lcam_front_lidar.ply,0.2,800,0.9,0.10574,0.21941,1,0.07265,0.99545,0.15382
001355_lcam_front_lidar.ply,0.2,800,0.9,0.1025,0.22455,1,0.09307,0.9964,0.18407
001356_lcam_front_lidar.ply,0.2,800,0.9,0.09888,0.22569,1,0.0,0.0,0.0
001357_lcam_front_lidar.ply,0.2,800,0.9,0.23692,0.21208,1,0.0,0.0,0.0
001358_lcam_front_lidar.ply,0.2,800,0.9,0.10275,0.22502,1,0.0,0.0,0.0
001359_lcam_front_lidar.ply,0.2,800,0.9,0.11111,0.22636,1,0.0,0.0,0.0
001360_lcam_front_lidar.ply,0.2,800,0.9,0.09888,0.22462,1,0.0,0.0,0.0
001361_lcam_front_lidar.ply,0.2,800,0.9,0.1116,0.22364,1,0.0,0.0,0.0
001362_lcam_front_lidar.ply,0.2,800,0.9,0.09087,0.22592,1,0.0,0.0,0.0
001363_lcam_front_lidar.ply,0.2,800,0.9,0.08699,0.22531,1,0.0,0.0,0.0
001364_lcam_front_lidar.ply,0.2,800,0.9,0.08846,0.22624,1,0.0,0.0,0.0
001365_lcam_front_lidar.ply,0.2,800,0.9,0.08812,0.22657,1,0.0,0.0,0.0
001366_lcam_front_lidar.ply,0.2,800,0.9,0.08051,0.22628,1,0.0,0.0,0.0
001367_lcam_front_lidar.ply,0.2,800,0.9,0.07068,0.22694,1,0.0,0.0,0.0
001368_lcam_front_lidar.ply,0.2,800,0.9,0.0614,0.22964,1,0.0,0.0,0.0
001369_lcam_front_lidar.ply,0.2,800,0.9,0.09464,0.22527,1,0.0,0.0,0.0
001370_lcam_front_lidar.ply,0.2,800,0.9,0.04052,0.23527,1,0.0,0.0,0.0
001371_lcam_front_lidar.ply,0.2,800,0.9,0.06035,0.22984,1,0.0,0.0,0.0
001372_lcam_front_lidar.ply,0.2,800,0.9,0.06564,0.22691,1,0.0,0.0,0.0
001373_lcam_front_lidar.ply,0.2,800,0.9,0.06596,0.22847,1,0.0,0.0,0.0
001374_lcam_front_lidar.ply,0.2,800,0.9,0.06435,0.23003,1,0.0,0.0,0.0
001375_lcam_front_lidar.ply,0.2,800,0.9,0.08501,0.22374,1,0.0,0.0,0.0
001376_lcam_front_lidar.ply,0.2,800,0.9,0.06436,0.22502,1,0.0,0.0,0.0
001377_lcam_front_lidar.ply,0.2,800,0.9,0.07838,0.22457,1,0.0,0.0,0.0
001378_lcam_front_lidar.ply,0.2,800,0.9,0.09581,0.21949,1,0.0,0.0,0.0
001379_lcam_front_lidar.ply,0.2,800,0.9,0.07685,0.22558,1,0.0,0.0,0.0
001380_lcam_front_lidar.ply,0.2,800,0.9,0.08239,0.22341,1,0.0,0.0,0.0
001381_lcam_front_lidar.ply,0.2,800,0.9,0.09084,0.22551,1,0.0,0.0,0.0
001382_lcam_front_lidar.ply,0.2,800,0.9,0.08735,0.22603,1,0.0,0.0,0.0
001383_lcam_front_lidar.ply,0.2,800,0.9,0.13646,0.21874,1,0.0,0.0,0.0
001384_lcam_front_lidar.ply,0.2,800,0.9,0.08987,0.22462,1,0.0,0.0,0.0
001385_lcam_front_lidar.ply,0.2,800,0.9,0.0908,0.2235,1,0.0,0.0,0.0
001386_lcam_front_lidar.ply,0.2,800,0.9,0.08324,0.22321,1,0.0,0.0,0.0
001387_lcam_front_lidar.ply,0.2,800,0.9,0.0826,0.22854,1,0.0,0.0,0.0
001388_lcam_front_lidar.ply,0.2,800,0.9,0.08838,0.22708,1,0.0,0.0,0.0
001389_lcam_front_lidar.ply,0.2,800,0.9,0.08482,0.22281,1,0.0,0.0,0.0
001390_lcam_front_lidar.ply,0.2,800,0.9,0.08751,0.22255,1,0.0,0.0,0.0
001391_lcam_front_lidar.ply,0.2,800,0.9,0.09201,0.22469,1,0.0,0.0,0.0
001392_lcam_front_lidar.ply,0.2,800,0.9,0.08256,0.22509,1,0.0,0.0,0.0
001393_lcam_front_lidar.ply,0.2,800,0.9,0.09467,0.22651,1,0.0,0.0,0.0
001394_lcam_front_lidar.ply,0.2,800,0.9,0.08487,0.22477,1,0.0,0.0,0.0
001395_lcam_front_lidar.ply,0.2,800,0.9,0.0856,0.22408,1,0.0,0.0,0.0
001396_lcam_front_lidar.ply,0.2,800,0.9,0.09992,0.22603,1,0.0,0.0,0.0
001397_lcam_front_lidar.ply,0.2,800,0.9,0.09638,0.22044,1,0.0,0.0,0.0
001398_lcam_front_lidar.ply,0.2,800,0.9,0.0846,0.22701,1,0.0,0.0,0.0
001399_lcam_front_lidar.ply,0.2,800,0.9,0.08632,0.2228,1,0.0,0.0,0.0
001400_lcam_front_lidar.ply,0.2,800,0.9,0.08165,0.2222,1,0.0,0.0,0.0
001401_lcam_front_lidar.ply,0.2,800,0.9,0.07626,0.2244,1,0.0,0.0,0.0
001402_lcam_front_lidar.ply,0.2,800,0.9,0.0762,0.22561,1,0.0,0.0,0.0
001403_lcam_front_lidar.ply,0.2,800,0.9,0.07206,0.22529,1,0.0,0.0,0.0
001404_lcam_front_lidar.ply,0.2,800,0.9,0.08912,0.202,1,0.06032,0.98039,0.16275
001405_lcam_front_lidar.ply,0.2,800,0.9,0.15992,0.21756,1,0.0,0.0,0.0
001406_lcam_front_lidar.ply,0.2,800,0.9,0.07958,0.22321,1,0.0,0.0,0.0
001407_lcam_front_lidar.ply,0.2,800,0.9,0.05753,0.22648,1,0.0,0.0,0.0
001408_lcam_front_lidar.ply,0.2,800,0.9,0.08094,0.22493,1,0.0,0.0,0.0
001409_lcam_front_lidar.ply,0.2,800,0.9,0.05499,0.22911,1,0.0,0.0,0.0
001410_lcam_front_lidar.ply,0.2,800,0.9,0.06407,0.2256,1,0.0,0.0,0.0
001411_lcam_front_lidar.ply,0.2,800,0.9,0.06246,0.22332,1,0.0,0.0,0.0
001412_lcam_front_lidar.ply,0.2,800,0.9,0.06373,0.227,1,0.0,0.0,0.0
001413_lcam_front_lidar.ply,0.2,800,0.9,0.06958,0.22176,1,0.08754,0.99697,0.18477
001414_lcam_front_lidar.ply,0.2,800,0.9,0.08716,0.22784,1,0.08909,0.99678,0.17748
001415_lcam_front_lidar.ply,0.2,800,0.9,0.12144,0.24241,1,0.10564,0.99833,0.16697
001416_lcam_front_lidar.ply,0.2,800,0.9,0.08157,0.24273,1,0.11478,0.99836,0.19756
001417_lcam_front_lidar.ply,0.2,800,0.9,0.17737,0.23528,1,0.1307,0.99872,0.22374
001418_lcam_front_lidar.ply,0.2,800,0.9,0.09851,0.24822,1,0.13704,0.99956,0.22401
001419_lcam_front_lidar.ply,0.2,800,0.9,0.11733,0.23214,1,0.1159,0.99917,0.21523
001420_lcam_front_lidar.ply,0.2,800,0.9,0.12402,0.24037,1,0.11673,0.99892,0.19737
001421_lcam_front_lidar.ply,0.2,800,0.9,0.12657,0.22328,1,0.10317,0.99849,0.19798
001422_lcam_front_lidar.ply,0.2,800,0.9,0.14637,0.23016,1,0.12105,0.99861,0.21904
001423_lcam_front_lidar.ply,0.2,800,0.9,0.09927,0.2323,1,0.1192,0.99968,0.21861
001424_lcam_front_lidar.ply,0.2,800,0.9,0.10318,0.22714,1,0.12096,0.99951,0.22793
001425_lcam_front_lidar.ply,0.2,800,0.9,0.12131,0.22998,1,0.11588,0.99916,0.21208
001426_lcam_front_lidar.ply,0.2,800,0.9,0.12019,0.21859,1,0.09631,0.99907,0.20098
001427_lcam_front_lidar.ply,0.2,800,0.9,0.1008,0.23676,1,0.11972,0.99938,0.20999
001428_lcam_front_lidar.ply,0.2,800,0.9,0.10272,0.2166,1,0.102,0.99832,0.21942
001429_lcam_front_lidar.ply,0.2,800,0.9,0.11196,0.22471,1,0.10644,0.99837,0.20683
001430_lcam_front_lidar.ply,0.2,800,0.9,0.10393,0.2251,1,0.10417,0.99976,0.20286
001431_lcam_front_lidar.ply,0.2,800,0.9,0.11202,0.21862,1,0.10387,0.99855,0.21268
001432_lcam_front_lidar.ply,0.2,800,0.9,0.10713,0.22581,1,0.10865,0.99895,0.21033
001433_lcam_front_lidar.ply,0.2,800,0.9,0.10457,0.21862,1,0.10958,0.99905,0.22599
001434_lcam_front_lidar.ply,0.2,800,0.9,0.12558,0.21208,1,0.09979,0.99829,0.21678
001435_lcam_front_lidar.ply,0.2,800,0.9,0.10865,0.22344,1,0.1028,0.99923,0.20332
001436_lcam_front_lidar.ply,0.2,800,0.9,0.13092,0.22258,1,0.10875,0.99877,0.21034
001437_lcam_front_lidar.ply,0.2,800,0.9,0.12387,0.21394,1,0.09347,0.99963,0.19857
001438_lcam_front_lidar.ply,0.2,800,0.9,0.12686,0.2156,1,0.11612,0.9971,0.24067
001439_lcam_front_lidar.ply,0.2,800,0.9,0.11901,0.2361,1,0.11947,0.99887,0.21172
001440_lcam_front_lidar.ply,0.2,800,0.9,0.10505,0.24062,1,0.12141,0.99958,0.2111
001441_lcam_front_lidar.ply,0.2,800,0.9,0.10327,0.24358,1,0.12102,0.99897,0.20354
001442_lcam_front_lidar.ply,0.2,800,0.9,0.1155,0.2223,1,0.1161,0.9965,0.228
001443_lcam_front_lidar.ply,0.2,800,0.9,0.12294,0.23892,1,0.12316,0.99866,0.20263
001444_lcam_front_lidar.ply,0.2,800,0.9,0.12118,0.23562,1,0.10647,0.99912,0.1832
001445_lcam_front_lidar.ply,0.2,800,0.9,0.11759,0.23918,1,0.11809,0.99875,0.19943
001446_lcam_front_lidar.ply,0.2,800,0.9,0.12065,0.23555,1,0.11179,0.99834,0.19727
001447_lcam_front_lidar.ply,0.2,800,0.9,0.10469,0.24567,1,0.12279,0.99959,0.20512
001448_lcam_front_lidar.ply,0.2,800,0.9,0.10531,0.25213,1,0.11426,0.99909,0.17311
001449_lcam_front_lidar.ply,0.2,800,0.9,0.10656,0.24731,1,0.12374,0.99897,0.19814
001450_lcam_front_lidar.ply,0.2,800,0.9,0.12916,0.23099,1,0.11593,0.99857,0.21077
001451_lcam_front_lidar.ply,0.2,800,0.9,0.12164,0.23071,1,0.11191,0.99839,0.19911
001452_lcam_front_lidar.ply,0.2,800,0.9,0.12326,0.22309,1,0.11315,0.99623,0.22084
001453_lcam_front_lidar.ply,0.2,800,0.9,0.11032,0.23322,1,0.11013,0.99931,0.1991
001454_lcam_front_lidar.ply,0.2,800,0.9,0.11151,0.24306,1,0.12473,0.99856,0.20845
001455_lcam_front_lidar.ply,0.2,800,0.9,0.11624,0.2462,1,0.1163,0.99793,0.1875
001456_lcam_front_lidar.ply,0.2,800,0.9,0.10771,0.23596,1,0.10957,0.99843,0.19731
001457_lcam_front_lidar.ply,0.2,800,0.9,0.12507,0.22986,1,0.10581,0.99776,0.19382
001458_lcam_front_lidar.ply,0.2,800,0.9,0.11361,0.23309,1,0.11278,0.99777,0.20634
001459_lcam_front_lidar.ply,0.2,800,0.9,0.12401,0.21889,1,0.11573,0.99616,0.23542
001460_lcam_front_lidar.ply,0.2,800,0.9,0.12009,0.23359,1,0.10281,0.99917,0.17826
001461_lcam_front_lidar.ply,0.2,800,0.9,0.12701,0.23506,1,0.11741,0.99797,0.20649
001462_lcam_front_lidar.ply,0.2,800,0.9,0.11419,0.24539,1,0.12382,0.99787,0.20573
001463_lcam_front_lidar.ply,0.2,800,0.9,0.10317,0.23736,1,0.12297,0.99797,0.21269
001464_lcam_front_lidar.ply,0.2,800,0.9,0.12196,0.24084,1,0.12347,0.99839,0.20794
001465_lcam_front_lidar.ply,0.2,800,0.9,0.11422,0.23854,1,0.1175,0.99825,0.1997
001466_lcam_front_lidar.ply,0.2,800,0.9,0.10821,0.22484,1,0.11838,0.99551,0.23554
001467_lcam_front_lidar.ply,0.2,800,0.9,0.10457,0.24251,1,0.12472,0.99775,0.21187
001468_lcam_front_lidar.ply,0.2,800,0.9,0.106,0.2395,1,0.12516,0.99773,0.21278
001469_lcam_front_lidar.ply,0.2,800,0.9,0.11552,0.24714,1,0.11975,0.99866,0.18786
001470_lcam_front_lidar.ply,0.2,800,0.9,0.11404,0.24313,1,0.12003,0.99778,0.19731
001471_lcam_front_lidar.ply,0.2,800,0.9,0.12341,0.24396,1,0.13033,0.99931,0.21795
001472_lcam_front_lidar.ply,0.2,800,0.9,0.1191,0.24698,1,0.12615,0.99855,0.20507
001473_lcam_front_lidar.ply,0.2,800,0.9,0.12346,0.24913,1,0.11927,0.99886,0.19025
001474_lcam_front_lidar.ply,0.2,800,0.9,0.11558,0.24777,1,0.12407,0.99894,0.19783
001475_lcam_front_lidar.ply,0.2,800,0.9,0.11595,0.24059,1,0.12516,0.9989,0.20953
001476_lcam_front_lidar.ply,0.2,800,0.9,0.11669,0.25438,1,0.12544,0.99905,0.19181
001477_lcam_front_lidar.ply,0.2,800,0.9,0.11605,0.2424,1,0.12607,0.99925,0.20997
001478_lcam_front_lidar.ply,0.2,800,0.9,0.12076,0.24647,1,0.12643,0.9991,0.20443
001479_lcam_front_lidar.ply,0.2,800,0.9,0.26222,0.23039,1,0.1209,0.99878,0.20024
001480_lcam_front_lidar.ply,0.2,800,0.9,0.11527,0.243,1,0.11882,0.99907,0.20029
001481_lcam_front_lidar.ply,0.2,800,0.9,0.11276,0.25315,1,0.12706,0.99914,0.20009
001482_lcam_front_lidar.ply,0.2,800,0.9,0.12175,0.22378,1,0.10639,0.99819,0.20757
001483_lcam_front_lidar.ply,0.2,800,0.9,0.11608,0.22415,1,0.10295,0.99829,0.20475
001484_lcam_front_lidar.ply,0.2,800,0.9,0.12309,0.22449,1,0.11422,0.99859,0.22437
001485_lcam_front_lidar.ply,0.2,800,0.9,0.11252,0.23113,1,0.11464,0.99771,0.20989
001486_lcam_front_lidar.ply,0.2,800,0.9,0.15728,0.23842,1,0.11992,0.99833,0.20112
001487_lcam_front_lidar.ply,0.2,800,0.9,0.14296,0.24333,1,0.11693,0.99839,0.19433
001488_lcam_front_lidar.ply,0.2,800,0.9,0.09908,0.24974,1,0.12428,0.9986,0.20165
001489_lcam_front_lidar.ply,0.2,800,0.9,0.12031,0.24883,1,0.12875,0.99824,0.2064
001490_lcam_front_lidar.ply,0.2,800,0.9,0.12357,0.24173,1,0.12985,0.99808,0.21749
001491_lcam_front_lidar.ply,0.2,800,0.9,0.10035,0.24508,1,0.12765,0.99835,0.21341
001492_lcam_front_lidar.ply,0.2,800,0.9,0.10479,0.25474,1,0.13231,0.99812,0.20177
001493_lcam_front_lidar.ply,0.2,800,0.9,0.09491,0.24709,1,0.12278,0.99736,0.20271
001494_lcam_front_lidar.ply,0.2,800,0.9,0.10867,0.22586,1,0.10867,0.99162,0.21512
001495_lcam_front_lidar.ply,0.2,800,0.9,0.09876,0.249,1,0.13793,0.99794,0.22641
001496_lcam_front_lidar.ply,0.2,800,0.9,0.10241,0.24321,1,0.1224,0.99826,0.20658
001497_lcam_front_lidar.ply,0.2,800,0.9,0.10097,0.23006,1,0.13145,0.99454,0.24677
001498_lcam_front_lidar.ply,0.2,800,0.9,0.10003,0.24955,1,0.12604,0.99783,0.20264
001499_lcam_front_lidar.ply,0.2,800,0.9,0.10063,0.23632,1,0.12611,0.99235,0.23374
001500_lcam_front_lidar.ply,0.2,800,0.9,0.11113,0.23064,1,0.12567,0.99297,0.23721
001501_lcam_front_lidar.ply,0.2,800,0.9,0.10096,0.22646,1,0.11005,0.99682,0.21215
001502_lcam_front_lidar.ply,0.2,800,0.9,0.0996,0.2322,1,0.11402,0.99589,0.21183
001503_lcam_front_lidar.ply,0.2,800,0.9,0.09672,0.23971,1,0.12347,0.98949,0.21515
001504_lcam_front_lidar.ply,0.2,800,0.9,0.11572,0.22781,1,0.125,0.99654,0.23449
001505_lcam_front_lidar.ply,0.2,800,0.9,0.12258,0.23656,1,0.12538,0.99079,0.2213
001506_lcam_front_lidar.ply,0.2,800,0.9,0.12793,0.2417,1,0.12799,0.99483,0.21552
001507_lcam_front_lidar.ply,0.2,800,0.9,0.11404,0.23732,1,0.12721,0.98973,0.21977
001508_lcam_front_lidar.ply,0.2,800,0.9,0.14188,0.23133,1,0.13282,0.99486,0.24414
001509_lcam_front_lidar.ply,0.2,800,0.9,0.13676,0.22724,1,0.11317,0.99579,0.21565
001510_lcam_front_lidar.ply,0.2,800,0.9,0.17947,0.21958,1,0.10436,0.99634,0.20617
001511_lcam_front_lidar.ply,0.2,800,0.9,0.1487,0.23841,1,0.12384,0.99105,0.21472
001512_lcam_front_lidar.ply,0.2,800,0.9,0.16384,0.23347,1,0.12036,0.99146,0.21526
001513_lcam_front_lidar.ply,0.2,800,0.9,0.14822,0.23327,1,0.12018,0.99038,0.21418
001514_lcam_front_lidar.ply,0.2,800,0.9,0.13877,0.22959,1,0.11743,0.99087,0.21408
001515_lcam_front_lidar.ply,0.2,800,0.9,0.1094,0.23408,1,0.12896,0.9957,0.22982
001516_lcam_front_lidar.ply,0.2,800,0.9,0.13226,0.23217,1,0.12252,0.99274,0.22212
001517_lcam_front_lidar.ply,0.2,800,0.9,0.10802,0.24065,1,0.12724,0.99234,0.22317
001518_lcam_front_lidar.ply,0.2,800,0.9,0.10775,0.23557,1,0.1227,0.99505,0.22131
001519_lcam_front_lidar.ply,0.2,800,0.9,0.1195,0.23881,1,0.12685,0.99495,0.21957
001520_lcam_front_lidar.ply,0.2,800,0.9,0.13244,0.23962,1,0.12839,0.99547,0.21957
001521_lcam_front_lidar.ply,0.2,800,0.9,0.1208,0.23839,1,0.12848,0.99616,0.22104
001522_lcam_front_lidar.ply,0.2,800,0.9,0.11117,0.2352,1,0.12598,0.99397,0.22807
001523_lcam_front_lidar.ply,0.2,800,0.9,0.11881,0.22094,1,0.11154,0.99769,0.22488
001524_lcam_front_lidar.ply,0.2,800,0.9,0.11056,0.23052,1,0.10619,0.99539,0.20078
001525_lcam_front_lidar.ply,0.2,800,0.9,0.14348,0.23979,1,0.1286,0.9958,0.21693
001526_lcam_front_lidar.ply,0.2,800,0.9,0.11107,0.25125,1,0.1358,0.99435,0.22069
001527_lcam_front_lidar.ply,0.2,800,0.9,0.11691,0.23401,1,0.11251,0.99706,0.20165
001528_lcam_front_lidar.ply,0.2,800,0.9,0.1191,0.24121,1,0.13325,0.99516,0.22856
001529_lcam_front_lidar.ply,0.2,800,0.9,0.10752,0.23797,1,0.10951,0.99755,0.18907
001530_lcam_front_lidar.ply,0.2,800,0.9,0.111,0.24229,1,0.12568,0.99363,0.2139
001531_lcam_front_lidar.ply,0.2,800,0.9,0.11084,0.24413,1,0.12993,0.9951,0.21507
001532_lcam_front_lidar.ply,0.2,800,0.9,0.10827,0.2344,1,0.12851,0.99498,0.23303
001533_lcam_front_lidar.ply,0.2,800,0.9,0.12773,0.23764,1,0.12836,0.99584,0.22431
001534_lcam_front_lidar.ply,0.2,800,0.9,0.10308,0.21971,1,0.10459,0.99773,0.22557
001535_lcam_front_lidar.ply,0.2,800,0.9,0.12927,0.24813,1,0.13519,0.996,0.22192
001536_lcam_front_lidar.ply,0.2,800,0.9,0.11275,0.23426,1,0.11927,0.99577,0.21688
001537_lcam_front_lidar.ply,0.2,800,0.9,0.14268,0.22137,1,0.11617,0.9955,0.23181
001538_lcam_front_lidar.ply,0.2,800,0.9,0.1186,0.21758,1,0.10697,0.99724,0.22897
001539_lcam_front_lidar.ply,0.2,800,0.9,0.12209,0.20298,1,0.08773,0.99492,0.21608
001540_lcam_front_lidar.ply,0.2,800,0.9,0.12032,0.22184,1,0.11019,0.99463,0.22595
001541_lcam_front_lidar.ply,0.2,800,0.9,0.11913,0.20188,1,0.07267,0.99899,0.1909
001542_lcam_front_lidar.ply,0.2,800,0.9,0.1232,0.21053,1,0.09513,0.99769,0.21835
001543_lcam_front_lidar.ply,0.2,800,0.9,0.12291,0.22003,1,0.09968,0.996,0.20289
001544_lcam_front_lidar.ply,0.2,800,0.9,0.13294,0.21286,1,0.09567,0.99677,0.20474
001545_lcam_front_lidar.ply,0.2,800,0.9,0.11331,0.22006,1,0.09724,0.99697,0.20023
001546_lcam_front_lidar.ply,0.2,800,0.9,0.13103,0.19629,1,0.07226,0.99891,0.19752
001547_lcam_front_lidar.ply,0.2,800,0.9,0.11583,0.1943,1,0.07208,0.99864,0.20668
001548_lcam_front_lidar.ply,0.2,800,0.9,0.11322,0.18425,1,0.04879,0.99789,0.17905
001549_lcam_front_lidar.ply,0.2,800,0.9,0.12699,0.18923,1,0.05521,0.99843,0.17468
001550_lcam_front_lidar.ply,0.2,800,0.9,0.1027,0.22517,1,0.0,0.0,0.0
001551_lcam_front_lidar.ply,0.2,800,0.9,0.10416,0.22388,1,0.0,0.0,0.0
001552_lcam_front_lidar.ply,0.2,800,0.9,0.1105,0.20695,1,0.07354,0.99603,0.17948
001553_lcam_front_lidar.ply,0.2,800,0.9,0.10779,0.2229,1,0.0,0.0,0.0
001554_lcam_front_lidar.ply,0.2,800,0.9,0.11067,0.22726,1,0.0,0.0,0.0
001555_lcam_front_lidar.ply,0.2,800,0.9,0.08825,0.22386,1,0.0,0.0,0.0
001556_lcam_front_lidar.ply,0.2,800,0.9,0.07737,0.22806,1,0.0,0.0,0.0
001557_lcam_front_lidar.ply,0.2,800,0.9,0.11505,0.18157,1,0.06472,0.99561,0.21054
001558_lcam_front_lidar.ply,0.2,800,0.9,0.19245,0.21638,1,0.0,0.0,0.0
001559_lcam_front_lidar.ply,0.2,800,0.9,0.09061,0.22553,1,0.0,0.0,0.0
001560_lcam_front_lidar.ply,0.2,800,0.9,0.09773,0.22545,1,0.0,0.0,0.0
001561_lcam_front_lidar.ply,0.2,800,0.9,0.09705,0.2257,1,0.0,0.0,0.0
001562_lcam_front_lidar.ply,0.2,800,0.9,0.10342,0.21912,1,0.08226,0.99496,0.17762
001563_lcam_front_lidar.ply,0.2,800,0.9,0.09751,0.20686,1,0.07908,0.99483,0.19305
001564_lcam_front_lidar.ply,0.2,800,0.9,0.2549,0.2094,1,0.0,0.0,0.0
001565_lcam_front_lidar.ply,0.2,800,0.9,0.147,0.20389,1,0.08839,0.99616,0.21353
001566_lcam_front_lidar.ply,0.2,800,0.9,0.13998,0.19518,1,0.06114,0.99459,0.17559
001567_lcam_front_lidar.ply,0.2,800,0.9,0.11757,0.19682,1,0.0637,0.99483,0.17731
001568_lcam_front_lidar.ply,0.2,800,0.9,0.16117,0.1972,1,0.06371,0.99463,0.17426
001569_lcam_front_lidar.ply,0.2,800,0.9,0.1186,0.20606,1,0.07276,0.99512,0.17656
001570_lcam_front_lidar.ply,0.2,800,0.9,0.11298,0.20473,1,0.07616,0.99604,0.18853
001571_lcam_front_lidar.ply,0.2,800,0.9,0.12409,0.20819,1,0.06622,0.9946,0.16597
001572_lcam_front_lidar.ply,0.2,800,0.9,0.1463,0.19671,1,0.07398,0.99557,0.19779
001573_lcam_front_lidar.ply,0.2,800,0.9,0.1238,0.20496,1,0.07132,0.99509,0.17877
001574_lcam_front_lidar.ply,0.2,800,0.9,0.16013,0.20078,1,0.08447,0.99592,0.21019
001575_lcam_front_lidar.ply,0.2,800,0.9,0.1302,0.21071,1,0.08199,0.99512,0.19305
001576_lcam_front_lidar.ply,0.2,800,0.9,0.12405,0.20385,1,0.07115,0.99539,0.18074
001577_lcam_front_lidar.ply,0.2,800,0.9,0.1298,0.21474,1,0.09373,0.99535,0.20052
001578_lcam_front_lidar.ply,0.2,800,0.9,0.12012,0.22571,1,0.10227,0.99539,0.20361
001579_lcam_front_lidar.ply,0.2,800,0.9,0.12911,0.21034,1,0.07582,0.99559,0.17752
001580_lcam_front_lidar.ply,0.2,800,0.9,0.1266,0.21238,1,0.07906,0.99552,0.18156
001581_lcam_front_lidar.ply,0.2,800,0.9,0.1378,0.19971,1,0.07401,0.99557,0.19491
001582_lcam_front_lidar.ply,0.2,800,0.9,0.13495,0.20621,1,0.07618,0.99561,0.18476
001583_lcam_front_lidar.ply,0.2,800,0.9,0.16218,0.2093,1,0.09929,0.99586,0.21232
001584_lcam_front_lidar.ply,0.2,800,0.9,0.20714,0.21143,1,0.10517,0.99646,0.21898
001585_lcam_front_lidar.ply,0.2,800,0.9,0.13933,0.2259,1,0.10644,0.99536,0.20579
001586_lcam_front_lidar.ply,0.2,800,0.9,0.12944,0.22219,1,0.1003,0.99563,0.20414
001587_lcam_front_lidar.ply,0.2,800,0.9,0.15469,0.20289,1,0.08479,0.99575,0.20625
001588_lcam_front_lidar.ply,0.2,800,0.9,0.1448,0.19808,1,0.08468,0.99553,0.21656
001589_lcam_front_lidar.ply,0.2,800,0.9,0.12888,0.22801,1,0.11236,0.9955,0.2107
001590_lcam_front_lidar.ply,0.2,800,0.9,0.21537,0.21437,1,0.10865,0.99553,0.21653
001591_lcam_front_lidar.ply,0.2,800,0.9,0.15793,0.22189,1,0.1068,0.99571,0.21228
001592_lcam_front_lidar.ply,0.2,800,0.9,0.16673,0.22325,1,0.1052,0.99561,0.20218
001593_lcam_front_lidar.ply,0.2,800,0.9,0.1711,0.21007,1,0.10922,0.9963,0.24156
001594_lcam_front_lidar.ply,0.2,800,0.9,0.15494,0.18676,1,0.0638,0.99509,0.19457
001595_lcam_front_lidar.ply,0.2,800,0.9,0.13649,0.18487,1,0.0714,0.99586,0.22017
001596_lcam_front_lidar.ply,0.2,800,0.9,0.14964,0.20403,1,0.08354,0.99537,0.20197
001597_lcam_front_lidar.ply,0.2,800,0.9,0.14649,0.16061,1,0.04414,0.99206,0.21084
001598_lcam_front_lidar.ply,0.2,800,0.9,0.13684,0.1961,1,0.08595,0.99508,0.22566
001599_lcam_front_lidar.ply,0.2,800,0.9,0.12806,0.20041,1,0.07072,0.99471,0.18489
001600_lcam_front_lidar.ply,0.2,800,0.9,0.14472,0.22688,1,0.11215,0.99561,0.21619
001601_lcam_front_lidar.ply,0.2,800,0.9,0.13367,0.1802,1,0.04659,0.99492,0.17669
001602_lcam_front_lidar.ply,0.2,800,0.9,0.14927,0.18269,1,0.06201,0.99517,0.2039
001603_lcam_front_lidar.ply,0.2,800,0.9,0.1874,0.17539,1,0.0551,0.98525,0.1948
001604_lcam_front_lidar.ply,0.2,800,0.9,0.26309,0.17138,1,0.04298,0.99783,0.15849
001605_lcam_front_lidar.ply,0.2,800,0.9,0.21938,0.1789,1,0.06017,0.98386,0.18582
001606_lcam_front_lidar.ply,0.2,800,0.9,0.19091,0.16271,1,0.05021,0.98743,0.20815
001607_lcam_front_lidar.ply,0.2,800,0.9,0.21676,0.18464,1,0.06058,0.98472,0.17901
001608_lcam_front_lidar.ply,0.2,800,0.9,0.14583,0.18011,1,0.05689,0.98767,0.19778
001609_lcam_front_lidar.ply,0.2,800,0.9,0.19037,0.1785,1,0.06064,0.9811,0.19669
001610_lcam_front_lidar.ply,0.2,800,0.9,0.15991,0.19539,1,0.08142,0.9941,0.21213
001611_lcam_front_lidar.ply,0.2,800,0.9,0.16221,0.18408,1,0.05623,0.98258,0.18453
001612_lcam_front_lidar.ply,0.2,800,0.9,0.15364,0.19617,1,0.05633,0.98721,0.15882
001613_lcam_front_lidar.ply,0.2,800,0.9,0.31318,0.1671,1,0.05517,0.98714,0.19187
001614_lcam_front_lidar.ply,0.2,800,0.9,0.24034,0.15954,1,0.04843,0.992,0.19933
001615_lcam_front_lidar.ply,0.2,800,0.9,0.16272,0.17027,1,0.04773,0.98616,0.19434
001616_lcam_front_lidar.ply,0.2,800,0.9,0.21422,0.1673,1,0.05247,0.98786,0.2025
001617_lcam_front_lidar.ply,0.2,800,0.9,0.15086,0.20219,1,0.06507,0.98443,0.16874
001618_lcam_front_lidar.ply,0.2,800,0.9,0.16343,0.20653,1,0.06635,0.98454,0.16455
001619_lcam_front_lidar.ply,0.2,800,0.9,0.1762,0.19412,1,0.06076,0.98452,0.17185
001620_lcam_front_lidar.ply,0.2,800,0.9,0.15408,0.20353,1,0.06392,0.98409,0.1651
001621_lcam_front_lidar.ply,0.2,800,0.9,0.14899,0.20712,1,0.06578,0.98456,0.16175
001622_lcam_front_lidar.ply,0.2,800,0.9,0.16129,0.20836,1,0.0639,0.98341,0.15257
001623_lcam_front_lidar.ply,0.2,800,0.9,0.14443,0.20819,1,0.0826,0.98744,0.18708
001624_lcam_front_lidar.ply,0.2,800,0.9,0.16619,0.20613,1,0.06465,0.98443,0.16127
001625_lcam_front_lidar.ply,0.2,800,0.9,0.15955,0.21472,1,0.08763,0.9898,0.18556
001626_lcam_front_lidar.ply,0.2,800,0.9,0.15407,0.2139,1,0.07673,0.98646,0.16964
001627_lcam_front_lidar.ply,0.2,800,0.9,0.15537,0.21551,1,0.07567,0.98636,0.16523
001628_lcam_front_lidar.ply,0.2,800,0.9,0.15864,0.21222,1,0.0718,0.98651,0.16204
001629_lcam_front_lidar.ply,0.2,800,0.9,0.13945,0.20927,1,0.08556,0.9928,0.19951
001630_lcam_front_lidar.ply,0.2,800,0.9,0.1333,0.22499,1,0.09737,0.98959,0.19508
001631_lcam_front_lidar.ply,0.2,800,0.9,0.16065,0.21479,1,0.07777,0.98806,0.16632
001632_lcam_front_lidar.ply,0.2,800,0.9,0.12786,0.21622,1,0.09075,0.99051,0.19693
001633_lcam_front_lidar.ply,0.2,800,0.9,0.1709,0.20947,1,0.09314,0.99553,0.20212
001634_lcam_front_lidar.ply,0.2,800,0.9,0.14144,0.23037,1,0.10244,0.99101,0.18662
001635_lcam_front_lidar.ply,0.2,800,0.9,0.14922,0.22529,1,0.08598,0.99017,0.16382
001636_lcam_front_lidar.ply,0.2,800,0.9,0.13423,0.22632,1,0.08622,0.98853,0.16723
001637_lcam_front_lidar.ply,0.2,800,0.9,0.1516,0.23158,1,0.0988,0.99012,0.17616
001638_lcam_front_lidar.ply,0.2,800,0.9,0.13859,0.22043,1,0.08951,0.99136,0.17796
001639_lcam_front_lidar.ply,0.2,800,0.9,0.15527,0.22216,1,0.07967,0.98999,0.15834
001640_lcam_front_lidar.ply,0.2,800,0.9,0.13067,0.21615,1,0.08227,0.99182,0.18066
001641_lcam_front_lidar.ply,0.2,800,0.9,0.16539,0.2083,1,0.05646,0.99112,0.13995
001642_lcam_front_lidar.ply,0.2,800,0.9,0.13502,0.20373,1,0.07293,0.99633,0.18775
001643_lcam_front_lidar.ply,0.2,800,0.9,0.13936,0.20495,1,0.0687,0.99612,0.17541
001644_lcam_front_lidar.ply,0.2,800,0.9,0.13788,0.19101,1,0.06527,0.99568,0.19309
001645_lcam_front_lidar.ply,0.2,800,0.9,0.12584,0.1967,1,0.06481,0.99508,0.18314
001646_lcam_front_lidar.ply,0.2,800,0.9,0.14864,0.19521,1,0.06703,0.99559,0.18732
001647_lcam_front_lidar.ply,0.2,800,0.9,0.29192,0.18112,1,0.06497,0.99562,0.18287
001648_lcam_front_lidar.ply,0.2,800,0.9,0.14488,0.19243,1,0.0671,0.9953,0.19447
001649_lcam_front_lidar.ply,0.2,800,0.9,0.15284,0.19003,1,0.06109,0.995,0.19073
001650_lcam_front_lidar.ply,0.2,800,0.9,0.14817,0.19538,1,0.05935,0.9946,0.17158
001651_lcam_front_lidar.ply,0.2,800,0.9,0.1445,0.19603,1,0.0603,0.99403,0.16898
001652_lcam_front_lidar.ply,0.2,800,0.9,0.21126,0.19246,1,0.06158,0.99482,0.17019
001653_lcam_front_lidar.ply,0.2,800,0.9,0.12881,0.19647,1,0.05963,0.99435,0.17624
001654_lcam_front_lidar.ply,0.2,800,0.9,0.13981,0.19672,1,0.06056,0.995,0.16815
001655_lcam_front_lidar.ply,0.2,800,0.9,0.14094,0.19414,1,0.05867,0.99476,0.1726
001656_lcam_front_lidar.ply,0.2,800,0.9,0.12993,0.19431,1,0.06174,0.99478,0.18207
001657_lcam_front_lidar.ply,0.2,800,0.9,0.13083,0.19393,1,0.06273,0.99539,0.18501
001658_lcam_front_lidar.ply,0.2,800,0.9,0.15651,0.19703,1,0.06323,0.99478,0.17943
001659_lcam_front_lidar.ply,0.2,800,0.9,0.13263,0.1955,1,0.06254,0.99476,0.17723
001660_lcam_front_lidar.ply,0.2,800,0.9,0.14503,0.19804,1,0.06642,0.99502,0.18094
001661_lcam_front_lidar.ply,0.2,800,0.9,0.12616,0.24794,1,0.11004,0.99263,0.17503
001662_lcam_front_lidar.ply,0.2,800,0.9,0.15062,0.24424,1,0.09623,0.99215,0.14899
001663_lcam_front_lidar.ply,0.2,800,0.9,0.12168,0.24601,1,0.10529,0.99326,0.17157
001664_lcam_front_lidar.ply,0.2,800,0.9,0.16104,0.25774,1,0.11001,0.99252,0.14577
001665_lcam_front_lidar.ply,0.2,800,0.9,0.13111,0.25973,1,0.11375,0.99291,0.1566
001666_lcam_front_lidar.ply,0.2,800,0.9,0.11507,0.25576,1,0.10893,0.99241,0.15498
001667_lcam_front_lidar.ply,0.2,800,0.9,0.11644,0.26052,1,0.10539,0.99277,0.14806
001668_lcam_front_lidar.ply,0.2,800,0.9,0.12099,0.21194,1,0.05949,0.99305,0.14694
001669_lcam_front_lidar.ply,0.2,800,0.9,0.12495,0.2642,1,0.11946,0.99306,0.16349
001670_lcam_front_lidar.ply,0.2,800,0.9,0.12129,0.21724,1,0.06776,0.99327,0.14931
001671_lcam_front_lidar.ply,0.2,800,0.9,0.13295,0.20984,1,0.06505,0.99441,0.15458
001672_lcam_front_lidar.ply,0.2,800,0.9,0.12435,0.21341,1,0.06091,0.99282,0.1439
001673_lcam_front_lidar.ply,0.2,800,0.9,0.11641,0.21639,1,0.06153,0.99202,0.14116
001674_lcam_front_lidar.ply,0.2,800,0.9,0.1172,0.26881,1,0.11757,0.99292,0.14853
001675_lcam_front_lidar.ply,0.2,800,0.9,0.10968,0.27281,1,0.11632,0.99306,0.14137
001676_lcam_front_lidar.ply,0.2,800,0.9,0.13606,0.21997,1,0.06201,0.99208,0.13485
001677_lcam_front_lidar.ply,0.2,800,0.9,0.13771,0.21382,1,0.05865,0.99198,0.13671
001678_lcam_front_lidar.ply,0.2,800,0.9,0.13206,0.22305,1,0.06253,0.99208,0.12871
001679_lcam_front_lidar.ply,0.2,800,0.9,0.13174,0.22086,1,0.0621,0.99253,0.13202
001680_lcam_front_lidar.ply,0.2,800,0.9,0.12468,0.22812,1,0.06936,0.99207,0.13833
001681_lcam_front_lidar.ply,0.2,800,0.9,0.12612,0.22507,1,0.06588,0.99229,0.13458
001682_lcam_front_lidar.ply,0.2,800,0.9,0.12947,0.23065,1,0.06586,0.99078,0.12138
001683_lcam_front_lidar.ply,0.2,800,0.9,0.13597,0.22851,1,0.06955,0.99217,0.12991
001684_lcam_front_lidar.ply,0.2,800,0.9,0.14428,0.22764,1,0.07051,0.992,0.13597
001685_lcam_front_lidar.ply,0.2,800,0.9,0.14262,0.23101,1,0.06872,0.99021,0.1256
001686_lcam_front_lidar.ply,0.2,800,0.9,0.12441,0.26849,1,0.10207,0.99428,0.11704
001687_lcam_front_lidar.ply,0.2,800,0.9,0.14316,0.22684,1,0.06588,0.99086,0.12754
001688_lcam_front_lidar.ply,0.2,800,0.9,0.12798,0.22866,1,0.06565,0.98934,0.12606
001689_lcam_front_lidar.ply,0.2,800,0.9,0.12661,0.22648,1,0.0652,0.99137,0.13014
001690_lcam_front_lidar.ply,0.2,800,0.9,0.1163,0.2312,1,0.06373,0.99104,0.12014
001691_lcam_front_lidar.ply,0.2,800,0.9,0.12751,0.22617,1,0.06588,0.99011,0.13153
001692_lcam_front_lidar.ply,0.2,800,0.9,0.11959,0.22897,1,0.0668,0.99131,0.13199
001693_lcam_front_lidar.ply,0.2,800,0.9,0.13119,0.22544,1,0.0623,0.99053,0.12748
001694_lcam_front_lidar.ply,0.2,800,0.9,0.10941,0.22259,1,0.0629,0.99055,0.13401
001695_lcam_front_lidar.ply,0.2,800,0.9,0.11441,0.29507,1,0.14399,0.99347,0.1564
001696_lcam_front_lidar.ply,0.2,800,0.9,0.12389,0.21597,1,0.05854,0.9893,0.13319
001697_lcam_front_lidar.ply,0.2,800,0.9,0.10737,0.28933,1,0.14716,0.99395,0.1708
001698_lcam_front_lidar.ply,0.2,800,0.9,0.12512,0.29146,1,0.14576,0.99314,0.16116
001699_lcam_front_lidar.ply,0.2,800,0.9,0.11616,0.29538,1,0.14287,0.99275,0.15001
001700_lcam_front_lidar.ply,0.2,800,0.9,0.12264,0.29472,1,0.15256,0.99352,0.16573
001701_lcam_front_lidar.ply,0.2,800,0.9,0.1137,0.29594,1,0.15705,0.99386,0.17486
001702_lcam_front_lidar.ply,0.2,800,0.9,0.12334,0.29315,1,0.15138,0.99338,0.171
001703_lcam_front_lidar.ply,0.2,800,0.9,0.11741,0.29814,1,0.14226,0.99248,0.13981
001704_lcam_front_lidar.ply,0.2,800,0.9,0.12543,0.21943,1,0.06121,0.98996,0.13488
001705_lcam_front_lidar.ply,0.2,800,0.9,0.11075,0.29023,1,0.14844,0.99409,0.17113
001706_lcam_front_lidar.ply,0.2,800,0.9,0.12179,0.21667,1,0.06059,0.99018,0.1414
001707_lcam_front_lidar.ply,0.2,800,0.9,0.1099,0.29832,1,0.14694,0.99272,0.15273
001708_lcam_front_lidar.ply,0.2,800,0.9,0.12412,0.28797,1,0.12723,0.9922,0.13323
001709_lcam_front_lidar.ply,0.2,800,0.9,0.12771,0.295,1,0.14449,0.99317,0.15319
001710_lcam_front_lidar.ply,0.2,800,0.9,0.12068,0.22338,1,0.07628,0.99408,0.16158
001711_lcam_front_lidar.ply,0.2,800,0.9,0.1175,0.23038,1,0.0631,0.99435,0.11975
001712_lcam_front_lidar.ply,0.2,800,0.9,0.11798,0.2194,1,0.07646,0.99331,0.1696
001713_lcam_front_lidar.ply,0.2,800,0.9,0.12889,0.21749,1,0.07338,0.99333,0.16311
001714_lcam_front_lidar.ply,0.2,800,0.9,0.1172,0.22336,1,0.06808,0.99339,0.14316
001715_lcam_front_lidar.ply,0.2,800,0.9,0.10989,0.21329,1,0.06191,0.99274,0.15522
001716_lcam_front_lidar.ply,0.2,800,0.9,0.12442,0.21304,1,0.05857,0.99149,0.14645
001717_lcam_front_lidar.ply,0.2,800,0.9,0.11036,0.21329,1,0.05923,0.99082,0.14679
001718_lcam_front_lidar.ply,0.2,800,0.9,0.1088,0.21154,1,0.04886,0.98772,0.13277
001719_lcam_front_lidar.ply,0.25,800,0.9,0.11032,0.21566,1,0.06228,0.99156,0.15526
001720_lcam_front_lidar.ply,0.2,800,0.9,0.11898,0.21203,1,0.05313,0.99064,0.13593
001721_lcam_front_lidar.ply,0.2,800,0.9,0.12108,0.21135,1,0.05477,0.99,0.14123
001722_lcam_front_lidar.ply,0.2,800,0.9,0.11379,0.21996,1,0.05694,0.98839,0.13215
001723_lcam_front_lidar.ply,0.2,800,0.9,0.12035,0.214,1,0.0541,0.98742,0.13438
001724_lcam_front_lidar.ply,0.2,800,0.9,0.10837,0.22458,1,0.0579,0.98899,0.12845
001725_lcam_front_lidar.ply,0.2,800,0.9,0.10691,0.21934,1,0.05718,0.98841,0.138
001726_lcam_front_lidar.ply,0.2,800,0.9,0.11686,0.21427,1,0.05483,0.98885,0.13786
001727_lcam_front_lidar.ply,0.2,800,0.9,0.11268,0.21726,1,0.05421,0.98858,0.12871
001728_lcam_front_lidar.ply,0.2,800,0.9,0.11444,0.21714,1,0.05351,0.98895,0.12564
001729_lcam_front_lidar.ply,0.2,800,0.9,0.11129,0.21772,1,0.05303,0.98867,0.12576
001730_lcam_front_lidar.ply,0.2,800,0.9,0.1142,0.21714,1,0.05045,0.98832,0.12449
001731_lcam_front_lidar.ply,0.2,800,0.9,0.10956,0.21486,1,0.04624,0.98928,0.11959
001732_lcam_front_lidar.ply,0.2,800,0.9,0.10776,0.29719,1,0.1437,0.99337,0.15113
001733_lcam_front_lidar.ply,0.2,800,0.9,0.12152,0.2965,1,0.16001,0.99482,0.18268
001734_lcam_front_lidar.ply,0.2,800,0.9,0.10944,0.21394,1,0.04258,0.98872,0.11581
001735_lcam_front_lidar.ply,0.2,800,0.9,0.13846,0.21021,1,0.04238,0.98794,0.11775
001736_lcam_front_lidar.ply,0.2,800,0.9,0.11571,0.30418,1,0.16164,0.99412,0.1716
001737_lcam_front_lidar.ply,0.2,800,0.9,0.11121,0.27779,1,0.11097,0.99299,0.12708
001738_lcam_front_lidar.ply,0.2,800,0.9,0.18451,0.30138,1,0.15397,0.9936,0.149
001739_lcam_front_lidar.ply,0.2,800,0.9,0.17859,0.29697,1,0.15112,0.99346,0.14773
001740_lcam_front_lidar.ply,0.2,800,0.9,0.10341,0.31069,1,0.16017,0.99396,0.15995
001741_lcam_front_lidar.ply,0.2,800,0.9,0.10588,0.30558,1,0.16116,0.99442,0.1678
001742_lcam_front_lidar.ply,0.2,800,0.9,0.11021,0.31568,1,0.16055,0.99348,0.14586
001743_lcam_front_lidar.ply,0.2,800,0.9,0.11004,0.31127,1,0.16077,0.99386,0.15348
001744_lcam_front_lidar.ply,0.2,800,0.9,0.14592,0.31138,1,0.17268,0.99449,0.16953
001745_lcam_front_lidar.ply,0.2,800,0.9,0.12324,0.30826,1,0.1672,0.99437,0.17115
001746_lcam_front_lidar.ply,0.2,800,0.9,0.11606,0.30811,1,0.16601,0.99478,0.17231
001747_lcam_front_lidar.ply,0.2,800,0.9,0.10456,0.31321,1,0.17057,0.99465,0.17236
001748_lcam_front_lidar.ply,0.2,800,0.9,0.10431,0.31139,1,0.16775,0.99464,0.16839
001749_lcam_front_lidar.ply,0.2,800,0.9,0.12399,0.32181,1,0.18209,0.99506,0.17795
001750_lcam_front_lidar.ply,0.2,800,0.9,0.10993,0.32142,1,0.17793,0.99478,0.16578
001751_lcam_front_lidar.ply,0.2,800,0.9,0.10582,0.31274,1,0.17566,0.99506,0.17888
001752_lcam_front_lidar.ply,0.2,800,0.9,0.11342,0.32131,1,0.17208,0.99403,0.15532
001753_lcam_front_lidar.ply,0.2,800,0.9,0.11855,0.31623,1,0.17583,0.99509,0.17169
001754_lcam_front_lidar.ply,0.2,800,0.9,0.11808,0.30887,1,0.16818,0.99499,0.17455
001755_lcam_front_lidar.ply,0.2,800,0.9,0.11167,0.31457,1,0.17673,0.99534,0.18029
001756_lcam_front_lidar.ply,0.2,800,0.9,0.13125,0.31136,1,0.1738,0.99563,0.17703
001757_lcam_front_lidar.ply,0.2,800,0.9,0.14061,0.30764,1,0.16762,0.99518,0.16673
001758_lcam_front_lidar.ply,0.2,800,0.9,0.15995,0.31144,1,0.17991,0.99588,0.18469
001759_lcam_front_lidar.ply,0.2,800,0.9,0.13239,0.30739,1,0.17651,0.99617,0.18899
001760_lcam_front_lidar.ply,0.2,800,0.9,0.14478,0.30918,1,0.17676,0.99623,0.186
001761_lcam_front_lidar.ply,0.2,800,0.9,0.12865,0.31076,1,0.16995,0.99591,0.1744
001762_lcam_front_lidar.ply,0.2,800,0.9,0.15136,0.30545,1,0.16984,0.99594,0.17343
001763_lcam_front_lidar.ply,0.2,800,0.9,0.12796,0.31231,1,0.17794,0.99642,0.18592
001764_lcam_front_lidar.ply,0.2,800,0.9,0.13116,0.31114,1,0.17792,0.99625,0.18353
001765_lcam_front_lidar.ply,0.2,800,0.9,0.13165,0.31236,1,0.18155,0.99636,0.18747
001766_lcam_front_lidar.ply,0.2,800,0.9,0.13413,0.31192,1,0.18307,0.99624,0.19387
001767_lcam_front_lidar.ply,0.2,800,0.9,0.10966,0.31755,1,0.19513,0.99729,0.20693
001768_lcam_front_lidar.ply,0.2,800,0.9,0.13598,0.31688,1,0.18502,0.99617,0.18525
001769_lcam_front_lidar.ply,0.2,800,0.9,0.11249,0.3228,1,0.18626,0.99654,0.18296
001770_lcam_front_lidar.ply,0.2,800,0.9,0.11294,0.32307,1,0.1837,0.99639,0.17843
001771_lcam_front_lidar.ply,0.2,800,0.9,0.12389,0.31549,1,0.1788,0.9964,0.18057
001772_lcam_front_lidar.ply,0.2,800,0.9,0.12078,0.31873,1,0.1863,0.99599,0.18313
001773_lcam_front_lidar.ply,0.2,800,0.9,0.12234,0.32548,1,0.19259,0.99628,0.18588
001774_lcam_front_lidar.ply,0.2,800,0.9,0.11296,0.32856,1,0.19639,0.99695,0.19071
001775_lcam_front_lidar.ply,0.2,800,0.9,0.12359,0.33173,1,0.19891,0.99652,0.18623
001776_lcam_front_lidar.ply,0.2,800,0.9,0.11666,0.32157,1,0.18789,0.99669,0.18526
001777_lcam_front_lidar.ply,0.2,800,0.9,0.12285,0.3279,1,0.19483,0.99675,0.18841
001778_lcam_front_lidar.ply,0.2,800,0.9,0.11375,0.33581,1,0.21123,0.99746,0.19986
001779_lcam_front_lidar.ply,0.2,800,0.9,0.1257,0.33239,1,0.19126,0.99622,0.17157
001780_lcam_front_lidar.ply,0.2,800,0.9,0.11618,0.33885,1,0.20491,0.99708,0.18764
001781_lcam_front_lidar.ply,0.2,800,0.9,0.1149,0.32842,1,0.19561,0.99682,0.18692
001782_lcam_front_lidar.ply,0.2,800,0.9,0.11481,0.33821,1,0.20943,0.99817,0.19511
001783_lcam_front_lidar.ply,0.2,800,0.9,0.11405,0.34368,1,0.21625,0.99838,0.20115
001784_lcam_front_lidar.ply,0.2,800,0.9,0.12223,0.3345,1,0.20353,0.9971,0.18816
001785_lcam_front_lidar.ply,0.2,800,0.9,0.12081,0.34419,1,0.21248,0.99792,0.19254
001786_lcam_front_lidar.ply,0.2,800,0.9,0.11037,0.34709,1,0.21925,0.99755,0.20045
001787_lcam_front_lidar.ply,0.2,800,0.9,0.11081,0.34807,1,0.21857,0.99827,0.19281
001788_lcam_front_lidar.ply,0.2,800,0.9,0.12208,0.34743,1,0.21965,0.99793,0.20049
001789_lcam_front_lidar.ply,0.2,800,0.9,0.12328,0.34959,1,0.2218,0.99842,0.19681
001790_lcam_front_lidar.ply,0.2,800,0.9,0.11555,0.34885,1,0.21021,0.99929,0.17959
001791_lcam_front_lidar.ply,0.2,800,0.9,0.11807,0.3447,1,0.21629,0.99885,0.19424
001792_lcam_front_lidar.ply,0.2,800,0.9,0.12128,0.35054,1,0.2229,0.99899,0.19808
001793_lcam_front_lidar.ply,0.2,800,0.9,0.12822,0.34564,1,0.20739,0.99934,0.17679
001794_lcam_front_lidar.ply,0.2,800,0.9,0.11357,0.34206,1,0.20931,0.99932,0.18847
001795_lcam_front_lidar.ply,0.2,800,0.9,0.12774,0.33093,1,0.19702,0.9976,0.18807
001796_lcam_front_lidar.ply,0.2,800,0.9,0.12183,0.3393,1,0.20964,0.99919,0.19631
001797_lcam_front_lidar.ply,0.2,800,0.9,0.12536,0.3402,1,0.21479,0.99922,0.19984
001798_lcam_front_lidar.ply,0.2,800,0.9,0.13049,0.34452,1,0.20664,0.99953,0.17463
001799_lcam_front_lidar.ply,0.2,800,0.9,0.12248,0.35155,1,0.20797,0.99955,0.17053
001800_lcam_front_lidar.ply,0.2,800,0.9,0.1182,0.36095,1,0.21692,0.99947,0.16891
001801_lcam_front_lidar.ply,0.2,800,0.9,0.11703,0.34376,1,0.21308,0.9993,0.19319
001802_lcam_front_lidar.ply,0.2,800,0.9,0.11854,0.35172,1,0.21123,0.99956,0.17357
001803_lcam_front_lidar.ply,0.2,800,0.9,0.11628,0.34672,1,0.20798,0.99956,0.17331
001804_lcam_front_lidar.ply,0.2,800,0.9,0.11135,0.358,1,0.21924,0.99945,0.17765
001805_lcam_front_lidar.ply,0.2,800,0.9,0.1011,0.34925,1,0.20629,0.99959,0.17349
001806_lcam_front_lidar.ply,0.2,800,0.9,0.16086,0.34553,1,0.20702,0.99965,0.16971
001807_lcam_front_lidar.ply,0.2,800,0.9,0.10778,0.35511,1,0.21099,0.9997,0.17001
001808_lcam_front_lidar.ply,0.2,800,0.9,0.10272,0.34861,1,0.19472,0.99977,0.15081
001809_lcam_front_lidar.ply,0.2,800,0.9,0.11149,0.35674,1,0.21269,0.99969,0.16726
001810_lcam_front_lidar.ply,0.2,800,0.9,0.11887,0.35464,1,0.21804,0.99975,0.17966
001811_lcam_front_lidar.ply,0.2,800,0.9,0.12656,0.35101,1,0.20181,0.99988,0.15368
001812_lcam_front_lidar.ply,0.2,800,0.9,0.10691,0.36064,1,0.20955,0.99991,0.15866
001813_lcam_front_lidar.ply,0.2,800,0.9,0.11597,0.35323,1,0.21171,0.99981,0.1731
001814_lcam_front_lidar.ply,0.2,800,0.9,0.11288,0.35666,1,0.21792,0.99976,0.17662
001815_lcam_front_lidar.ply,0.2,800,0.9,0.11307,0.35377,1,0.20275,0.99985,0.15431
001816_lcam_front_lidar.ply,0.2,800,0.9,0.11602,0.35789,1,0.22131,0.99986,0.18428
001817_lcam_front_lidar.ply,0.2,800,0.9,0.11102,0.35319,1,0.20244,0.99994,0.15673
001818_lcam_front_lidar.ply,0.2,800,0.9,0.11339,0.35131,1,0.19822,0.99984,0.14994
001819_lcam_front_lidar.ply,0.2,800,0.9,0.11376,0.34543,1,0.20885,0.99978,0.17536
001820_lcam_front_lidar.ply,0.2,800,0.9,0.12632,0.36014,1,0.20846,0.99988,0.14972
001821_lcam_front_lidar.ply,0.2,800,0.9,0.12717,0.35612,1,0.20823,0.99989,0.15197
001822_lcam_front_lidar.ply,0.2,800,0.9,0.11851,0.34063,1,0.20759,0.99965,0.18617
001823_lcam_front_lidar.ply,0.2,800,0.9,0.11875,0.34541,1,0.20068,0.99983,0.16427
001824_lcam_front_lidar.ply,0.2,800,0.9,0.12017,0.3284,1,0.17317,0.99984,0.14394
001825_lcam_front_lidar.ply,0.2,800,0.9,0.1139,0.34362,1,0.1906,0.99991,0.14798
001826_lcam_front_lidar.ply,0.2,800,0.9,0.12161,0.33753,1,0.19033,0.99989,0.15783
001827_lcam_front_lidar.ply,0.2,800,0.9,0.12388,0.33377,1,0.18326,0.99989,0.14958
001828_lcam_front_lidar.ply,0.2,800,0.9,0.14791,0.3336,1,0.19212,0.99982,0.16497
001829_lcam_front_lidar.ply,0.2,800,0.9,0.14112,0.32951,1,0.18345,0.99988,0.15825
001830_lcam_front_lidar.ply,0.2,800,0.9,0.12851,0.32901,1,0.18799,0.99983,0.16922
001831_lcam_front_lidar.ply,0.2,800,0.9,0.13025,0.32382,1,0.18118,0.99988,0.16565
001832_lcam_front_lidar.ply,0.2,800,0.9,0.12632,0.32623,1,0.18778,0.99985,0.1737
001833_lcam_front_lidar.ply,0.2,800,0.9,0.13756,0.30834,1,0.16257,0.99982,0.16054
001834_lcam_front_lidar.ply,0.2,800,0.9,0.12989,0.30532,1,0.1657,0.99971,0.17532
001835_lcam_front_lidar.ply,0.2,800,0.9,0.13601,0.30794,1,0.16556,0.99981,0.16868
001836_lcam_front_lidar.ply,0.2,800,0.9,0.14263,0.16575,1,0.04606,0.97352,0.21201
001837_lcam_front_lidar.ply,0.2,800,0.9,0.14328,0.1846,1,0.05018,0.98216,0.17637
001838_lcam_front_lidar.ply,0.2,800,0.9,0.14209,0.2949,1,0.15861,0.99979,0.17804
001839_lcam_front_lidar.ply,0.2,800,0.9,0.13007,0.28982,1,0.1567,0.99976,0.18491
001840_lcam_front_lidar.ply,0.2,800,0.9,0.12879,0.28434,1,0.15707,0.99972,0.19371
001841_lcam_front_lidar.ply,0.2,800,0.9,0.13958,0.3034,1,0.15015,0.99986,0.14528
001842_lcam_front_lidar.ply,0.2,800,0.9,0.13896,0.28323,1,0.15241,0.99976,0.18473
001843_lcam_front_lidar.ply,0.2,800,0.9,0.12653,0.29472,1,0.15597,0.9998,0.17858
001844_lcam_front_lidar.ply,0.2,800,0.9,0.14342,0.29214,1,0.1516,0.99983,0.17043
001845_lcam_front_lidar.ply,0.2,800,0.9,0.13046,0.29697,1,0.15792,0.99981,0.16785
001846_lcam_front_lidar.ply,0.2,800,0.9,0.13618,0.29534,1,0.14985,0.99982,0.16246
001847_lcam_front_lidar.ply,0.2,800,0.9,0.13221,0.30778,1,0.16379,0.9999,0.16378
001848_lcam_front_lidar.ply,0.2,800,0.9,0.13592,0.30643,1,0.15758,0.99984,0.14902
001849_lcam_front_lidar.ply,0.2,800,0.9,0.1255,0.18657,1,0.04705,0.95424,0.17025
001850_lcam_front_lidar.ply,0.2,800,0.9,0.12225,0.33669,1,0.18047,0.99985,0.14171
001851_lcam_front_lidar.ply,0.2,800,0.9,0.13617,0.33405,1,0.17913,0.99983,0.13869
001852_lcam_front_lidar.ply,0.2,800,0.9,0.12279,0.33617,1,0.18379,0.99985,0.1516
001853_lcam_front_lidar.ply,0.2,800,0.9,0.1271,0.33621,1,0.17845,0.99984,0.13861
001854_lcam_front_lidar.ply,0.2,800,0.9,0.11532,0.34217,1,0.18329,0.99985,0.13747
001855_lcam_front_lidar.ply,0.2,800,0.9,0.12479,0.33562,1,0.17268,0.99981,0.12622
001856_lcam_front_lidar.ply,0.2,800,0.9,0.11349,0.33142,1,0.17708,0.99987,0.14652
001857_lcam_front_lidar.ply,0.2,800,0.9,0.13186,0.32945,1,0.17145,0.99978,0.13507
001858_lcam_front_lidar.ply,0.2,800,0.9,0.12181,0.33586,1,0.17779,0.99984,0.1346
001859_lcam_front_lidar.ply,0.2,800,0.9,0.11938,0.34542,1,0.18372,0.99983,0.13294
001860_lcam_front_lidar.ply,0.2,800,0.9,0.1516,0.33304,1,0.17032,0.99981,0.12404
001861_lcam_front_lidar.ply,0.2,800,0.9,0.15277,0.31391,1,0.1567,0.99984,0.13452
001862_lcam_front_lidar.ply,0.2,800,0.9,0.13872,0.32742,1,0.16603,0.99987,0.12424
001863_lcam_front_lidar.ply,0.2,800,0.9,0.15829,0.30878,1,0.15453,0.99988,0.1358
001864_lcam_front_lidar.ply,0.2,800,0.9,0.14386,0.31799,1,0.15187,0.99981,0.11829
001865_lcam_front_lidar.ply,0.2,800,0.9,0.16251,0.31948,1,0.16041,0.9998,0.12754
001866_lcam_front_lidar.ply,0.2,800,0.9,0.15332,0.31425,1,0.14925,0.99978,0.11905
001867_lcam_front_lidar.ply,0.2,800,0.9,0.13213,0.31007,1,0.15348,0.99984,0.13876
001868_lcam_front_lidar.ply,0.2,800,0.9,0.12644,0.32688,1,0.16259,0.99972,0.12622
001869_lcam_front_lidar.ply,0.2,800,0.9,0.13088,0.31704,1,0.14917,0.99976,0.11394
001870_lcam_front_lidar.ply,0.2,800,0.9,0.11531,0.32292,1,0.15533,0.99984,0.12008
001871_lcam_front_lidar.ply,0.2,800,0.9,0.11805,0.32896,1,0.1593,0.99973,0.11618
001872_lcam_front_lidar.ply,0.2,800,0.9,0.15773,0.32609,1,0.16177,0.99975,0.11607
001873_lcam_front_lidar.ply,0.2,800,0.9,0.14469,0.32672,1,0.16619,0.99978,0.12502
001874_lcam_front_lidar.ply,0.2,800,0.9,0.16228,0.31211,1,0.14819,0.99975,0.11746
001875_lcam_front_lidar.ply,0.2,800,0.9,0.15175,0.31648,1,0.15131,0.99973,0.11854
001876_lcam_front_lidar.ply,0.2,800,0.9,0.15599,0.30621,1,0.14497,0.99979,0.12489
001877_lcam_front_lidar.ply,0.2,800,0.9,0.19497,0.30204,1,0.13438,0.99958,0.10134
001878_lcam_front_lidar.ply,0.2,800,0.9,0.16981,0.31214,1,0.14383,0.99957,0.10745
001879_lcam_front_lidar.ply,0.2,800,0.9,0.15647,0.31747,1,0.14658,0.9996,0.10507
001880_lcam_front_lidar.ply,0.2,800,0.9,0.13287,0.31565,1,0.13699,0.99946,0.093
001881_lcam_front_lidar.ply,0.2,800,0.9,0.1363,0.32333,1,0.14632,0.99948,0.09362
001882_lcam_front_lidar.ply,0.2,800,0.9,0.15258,0.3183,1,0.14023,0.99946,0.09026
001883_lcam_front_lidar.ply,0.2,800,0.9,0.25882,0.30425,1,0.14033,0.9995,0.09902
001884_lcam_front_lidar.ply,0.2,800,0.9,0.19934,0.32032,1,0.15018,0.99945,0.09533
001885_lcam_front_lidar.ply,0.2,800,0.9,0.14284,0.31109,1,0.13759,0.99944,0.09625
001886_lcam_front_lidar.ply,0.2,800,0.9,0.14786,0.32147,1,0.14217,0.99941,0.08733
001887_lcam_front_lidar.ply,0.2,800,0.9,0.13514,0.33158,1,0.14893,0.99945,0.0883
001888_lcam_front_lidar.ply,0.2,800,0.9,0.14841,0.33604,1,0.15164,0.99926,0.07809
001889_lcam_front_lidar.ply,0.2,800,0.9,0.13375,0.338,1,0.15259,0.99923,0.07896
001890_lcam_front_lidar.ply,0.2,800,0.9,0.14469,0.32503,1,0.14766,0.99941,0.09658
001891_lcam_front_lidar.ply,0.2,800,0.9,0.13246,0.3309,1,0.15027,0.99927,0.09269
001892_lcam_front_lidar.ply,0.2,800,0.9,0.15904,0.32465,1,0.13676,0.99913,0.075
001893_lcam_front_lidar.ply,0.2,800,0.9,0.14486,0.31747,1,0.14114,0.99945,0.09446
001894_lcam_front_lidar.ply,0.2,800,0.9,0.14917,0.3193,1,0.13547,0.99918,0.08395
001895_lcam_front_lidar.ply,0.2,800,0.9,0.14339,0.32193,1,0.13795,0.99915,0.08079
001896_lcam_front_lidar.ply,0.2,800,0.9,0.13839,0.32187,1,0.13799,0.99917,0.08488
001897_lcam_front_lidar.ply,0.2,800,0.9,0.1547,0.31725,1,0.13246,0.99925,0.07658
001898_lcam_front_lidar.ply,0.2,800,0.9,0.17997,0.30969,1,0.1297,0.99916,0.08089
001899_lcam_front_lidar.ply,0.2,800,0.9,0.14422,0.31713,1,0.13341,0.99923,0.08288
001900_lcam_front_lidar.ply,0.2,800,0.9,0.1621,0.31614,1,0.13225,0.99916,0.07758
001901_lcam_front_lidar.ply,0.2,800,0.9,0.14501,0.32422,1,0.14556,0.99931,0.08811
001902_lcam_front_lidar.ply,0.2,800,0.9,0.14906,0.32193,1,0.13885,0.99934,0.08639
001903_lcam_front_lidar.ply,0.2,800,0.9,0.18073,0.31019,1,0.13732,0.99927,0.09787
001904_lcam_front_lidar.ply,0.2,800,0.9,0.14902,0.32162,1,0.14864,0.9993,0.10099
001905_lcam_front_lidar.ply,0.2,800,0.9,0.13918,0.32569,1,0.15216,0.9993,0.09879
001906_lcam_front_lidar.ply,0.2,800,0.9,0.14452,0.32659,1,0.14971,0.99922,0.09219
001907_lcam_front_lidar.ply,0.2,800,0.9,0.15539,0.32283,1,0.14335,0.99925,0.09175
001908_lcam_front_lidar.ply,0.2,800,0.9,0.12668,0.32174,1,0.13744,0.99908,0.08353
001909_lcam_front_lidar.ply,0.2,800,0.9,0.14216,0.32566,1,0.144,0.9992,0.09045
001910_lcam_front_lidar.ply,0.2,800,0.9,0.16211,0.32539,1,0.14195,0.99906,0.08024
001911_lcam_front_lidar.ply,0.2,800,0.9,0.14484,0.32487,1,0.14334,0.99921,0.08716
001912_lcam_front_lidar.ply,0.2,800,0.9,0.17004,0.313,1,0.13493,0.99925,0.08818
001913_lcam_front_lidar.ply,0.2,800,0.9,0.15896,0.31685,1,0.13971,0.99924,0.09064
001914_lcam_front_lidar.ply,0.2,800,0.9,0.17238,0.30934,1,0.13411,0.99922,0.09519
001915_lcam_front_lidar.ply,0.2,800,0.9,0.1469,0.32045,1,0.14454,0.99927,0.09434
001916_lcam_front_lidar.ply,0.2,800,0.9,0.14557,0.31661,1,0.14245,0.99913,0.10564
001917_lcam_front_lidar.ply,0.2,800,0.9,0.14906,0.33125,1,0.15372,0.99924,0.09807
001918_lcam_front_lidar.ply,0.2,800,0.9,0.15547,0.31627,1,0.14589,0.99932,0.10538
001919_lcam_front_lidar.ply,0.2,800,0.9,0.16007,0.23077,1,0.0784,0.99872,0.14304
001920_lcam_front_lidar.ply,0.2,800,0.9,0.16099,0.31025,1,0.14354,0.99922,0.11189
001921_lcam_front_lidar.ply,0.2,800,0.9,0.15594,0.31448,1,0.15159,0.99945,0.12504
001922_lcam_front_lidar.ply,0.2,800,0.9,0.16253,0.31592,1,0.15382,0.9995,0.12463
001923_lcam_front_lidar.ply,0.2,800,0.9,0.14904,0.31224,1,0.14314,0.99946,0.11113
001924_lcam_front_lidar.ply,0.2,800,0.9,0.14447,0.29316,1,0.132,0.99919,0.12392
001925_lcam_front_lidar.ply,0.2,800,0.9,0.17574,0.23947,1,0.08064,0.99917,0.12433
001926_lcam_front_lidar.ply,0.2,800,0.9,0.17903,0.22911,1,0.07962,0.99917,0.14518
001927_lcam_front_lidar.ply,0.2,800,0.9,0.20905,0.21459,1,0.06555,0.99889,0.13465
001928_lcam_front_lidar.ply,0.2,800,0.9,0.16212,0.29792,1,0.14099,0.99916,0.13208
001929_lcam_front_lidar.ply,0.2,800,0.9,0.14834,0.30982,1,0.1465,0.99919,0.12419
001930_lcam_front_lidar.ply,0.2,800,0.9,0.14839,0.30859,1,0.14646,0.99917,0.12561
001931_lcam_front_lidar.ply,0.2,800,0.9,0.15704,0.29957,1,0.12429,0.99894,0.09822
001932_lcam_front_lidar.ply,0.2,800,0.9,0.14103,0.30417,1,0.14581,0.99939,0.13522
001933_lcam_front_lidar.ply,0.2,800,0.9,0.16391,0.28164,1,0.1261,0.9992,0.13466
001934_lcam_front_lidar.ply,0.2,800,0.9,0.13752,0.30375,1,0.15008,0.99945,0.14524
001935_lcam_front_lidar.ply,0.2,800,0.9,0.15199,0.28095,1,0.13481,0.99966,0.15763
001936_lcam_front_lidar.ply,0.2,800,0.9,0.14603,0.28852,1,0.13603,0.99945,0.14816
001937_lcam_front_lidar.ply,0.2,800,0.9,0.15024,0.2948,1,0.14326,0.9993,0.14545
001938_lcam_front_lidar.ply,0.2,800,0.9,0.14024,0.29209,1,0.14067,0.99955,0.14864
001939_lcam_front_lidar.ply,0.2,800,0.9,0.16597,0.29824,1,0.14258,0.99932,0.13399
001940_lcam_front_lidar.ply,0.2,800,0.9,0.1596,0.29637,1,0.14791,0.99969,0.15482
001941_lcam_front_lidar.ply,0.2,800,0.9,0.147,0.28743,1,0.12808,0.99913,0.13018
001942_lcam_front_lidar.ply,0.2,800,0.9,0.14279,0.28497,1,0.13977,0.99961,0.15749
001943_lcam_front_lidar.ply,0.2,800,0.9,0.14976,0.28506,1,0.14301,0.99968,0.16431
001944_lcam_front_lidar.ply,0.2,800,0.9,0.15494,0.27483,1,0.13292,0.99963,0.16678
001945_lcam_front_lidar.ply,0.2,800,0.9,0.16989,0.28138,1,0.14647,0.99966,0.17192
001946_lcam_front_lidar.ply,0.2,800,0.9,0.16036,0.28357,1,0.14515,0.99973,0.17066
001947_lcam_front_lidar.ply,0.2,800,0.9,0.14711,0.29241,1,0.15052,0.99973,0.17064
001948_lcam_front_lidar.ply,0.2,800,0.9,0.14796,0.29215,1,0.1455,0.99959,0.16181
001949_lcam_front_lidar.ply,0.2,800,0.9,0.14582,0.30551,1,0.16346,0.99973,0.16621
001950_lcam_front_lidar.ply,0.2,800,0.9,0.14822,0.29905,1,0.15595,0.99972,0.15944
001951_lcam_front_lidar.ply,0.2,800,0.9,0.15731,0.28832,1,0.15238,0.99969,0.17388
001952_lcam_front_lidar.ply,0.2,800,0.9,0.17165,0.28736,1,0.15011,0.99973,0.17573
001953_lcam_front_lidar.ply,0.2,800,0.9,0.15475,0.28364,1,0.14583,0.9997,0.17225
001954_lcam_front_lidar.ply,0.2,800,0.9,0.14477,0.29113,1,0.15261,0.99979,0.17206
001955_lcam_front_lidar.ply,0.2,800,0.9,0.14642,0.28395,1,0.14627,0.99973,0.17486
001956_lcam_front_lidar.ply,0.2,800,0.9,0.13207,0.28529,1,0.14104,0.99966,0.16108
001957_lcam_front_lidar.ply,0.2,800,0.9,0.15366,0.29521,1,0.15241,0.99977,0.1618
001958_lcam_front_lidar.ply,0.2,800,0.9,0.14453,0.29676,1,0.14778,0.99972,0.15651
001959_lcam_front_lidar.ply,0.2,800,0.9,0.14985,0.29248,1,0.14357,0.99969,0.15542
001960_lcam_front_lidar.ply,0.2,800,0.9,0.14082,0.29167,1,0.14916,0.99973,0.16182
001961_lcam_front_lidar.ply,0.2,800,0.9,0.15602,0.28629,1,0.14378,0.99965,0.16125
001962_lcam_front_lidar.ply,0.2,800,0.9,0.14374,0.29335,1,0.15094,0.99968,0.16468
001963_lcam_front_lidar.ply,0.2,800,0.9,0.22995,0.28971,1,0.15071,0.99966,0.16004
001964_lcam_front_lidar.ply,0.2,800,0.9,0.2285,0.2881,1,0.15568,0.99963,0.17098
001965_lcam_front_lidar.ply,0.2,800,0.9,0.15197,0.29322,1,0.15271,0.99966,0.16804
001966_lcam_front_lidar.ply,0.2,800,0.9,0.15541,0.29218,1,0.15081,0.99973,0.16373
001967_lcam_front_lidar.ply,0.2,800,0.9,0.14432,0.2952,1,0.15152,0.99971,0.16384
001968_lcam_front_lidar.ply,0.2,800,0.9,0.14498,0.30315,1,0.16,0.99968,0.16417
001969_lcam_front_lidar.ply,0.2,800,0.9,0.15987,0.29589,1,0.15191,0.99977,0.16047
001970_lcam_front_lidar.ply,0.2,800,0.9,0.15494,0.29958,1,0.15217,0.99973,0.15602
001971_lcam_front_lidar.ply,0.2,800,0.9,0.15305,0.29051,1,0.14769,0.99976,0.15999
001972_lcam_front_lidar.ply,0.2,800,0.9,0.14988,0.29328,1,0.14791,0.99971,0.1566
001973_lcam_front_lidar.ply,0.2,800,0.9,0.15187,0.29131,1,0.14217,0.99972,0.15034
001974_lcam_front_lidar.ply,0.2,800,0.9,0.16921,0.28776,1,0.14661,0.99975,0.1596
001975_lcam_front_lidar.ply,0.2,800,0.9,0.15644,0.3037,1,0.15838,0.99973,0.15661
001976_lcam_front_lidar.ply,0.2,800,0.9,0.15361,0.27543,1,0.12648,0.99964,0.15071
001977_lcam_front_lidar.ply,0.2,800,0.9,0.1497,0.2798,1,0.13561,0.99963,0.16108
001978_lcam_front_lidar.ply,0.2,800,0.9,0.16339,0.2841,1,0.14093,0.99966,0.15561
001979_lcam_front_lidar.ply,0.2,800,0.9,0.14728,0.29809,1,0.15454,0.99975,0.1606
001980_lcam_front_lidar.ply,0.2,800,0.9,0.16657,0.25837,1,0.11452,0.99959,0.15648
001981_lcam_front_lidar.ply,0.2,800,0.9,0.14934,0.26793,1,0.11237,0.99927,0.13546
001982_lcam_front_lidar.ply,0.2,800,0.9,0.14714,0.27963,1,0.13171,0.99948,0.15394
001983_lcam_front_lidar.ply,0.2,800,0.9,0.14412,0.27272,1,0.12994,0.99964,0.15513
001984_lcam_front_lidar.ply,0.2,800,0.9,0.1506,0.28233,1,0.13346,0.99951,0.1546
001985_lcam_front_lidar.ply,0.2,800,0.9,0.13925,0.30131,1,0.14926,0.99963,0.14762
001986_lcam_front_lidar.ply,0.2,800,0.9,0.16287,0.28437,1,0.13508,0.99959,0.14722
001987_lcam_front_lidar.ply,0.2,800,0.9,0.15312,0.30618,1,0.1549,0.9996,0.15238
001988_lcam_front_lidar.ply,0.2,800,0.9,0.15685,0.29233,1,0.142,0.99953,0.14454
001989_lcam_front_lidar.ply,0.2,800,0.9,0.17687,0.30803,1,0.15934,0.99967,0.14964
001990_lcam_front_lidar.ply,0.2,800,0.9,0.15756,0.30567,1,0.15531,0.99968,0.14841
001991_lcam_front_lidar.ply,0.2,800,0.9,0.14608,0.30485,1,0.15603,0.99959,0.14874
001992_lcam_front_lidar.ply,0.2,800,0.9,0.15679,0.30311,1,0.15227,0.9996,0.14686
001993_lcam_front_lidar.ply,0.2,800,0.9,0.16085,0.30326,1,0.15089,0.99962,0.14259
001994_lcam_front_lidar.ply,0.2,800,0.9,0.1572,0.3007,1,0.14789,0.9997,0.1451
001995_lcam_front_lidar.ply,0.2,800,0.9,0.15579,0.30881,1,0.1569,0.99974,0.14252
001996_lcam_front_lidar.ply,0.2,800,0.9,0.13478,0.31737,1,0.16055,0.9997,0.13909
001997_lcam_front_lidar.ply,0.2,800,0.9,0.13796,0.30864,1,0.15088,0.9998,0.13791
001998_lcam_front_lidar.ply,0.2,800,0.9,0.14896,0.31405,1,0.15627,0.99966,0.13132
001999_lcam_front_lidar.ply,0.2,800,0.9,0.13726,0.31534,1,0.15842,0.99983,0.13446
002000_lcam_front_lidar.ply,0.2,800,0.9,0.15085,0.32373,1,0.16109,0.99985,0.12766
002001_lcam_front_lidar.ply,0.2,800,0.9,0.13361,0.31992,1,0.16194,0.99973,0.1377
002002_lcam_front_lidar.ply,0.2,800,0.9,0.15403,0.31029,1,0.14985,0.99984,0.12962
002003_lcam_front_lidar.ply,0.2,800,0.9,0.13816,0.31769,1,0.15268,0.99982,0.12041
002004_lcam_front_lidar.ply,0.2,800,0.9,0.14186,0.3148,1,0.14747,0.99982,0.11789
002005_lcam_front_lidar.ply,0.2,800,0.9,0.13722,0.32829,1,0.16678,0.99982,0.128
002006_lcam_front_lidar.ply,0.2,800,0.9,0.14794,0.32468,1,0.1639,0.99977,0.12681
002007_lcam_front_lidar.ply,0.2,800,0.9,0.13524,0.32572,1,0.16007,0.99972,0.12105
002008_lcam_front_lidar.ply,0.2,800,0.9,0.15929,0.32659,1,0.16572,0.99969,0.12421
002009_lcam_front_lidar.ply,0.2,800,0.9,0.13015,0.33396,1,0.17081,0.99979,0.1254
002010_lcam_front_lidar.ply,0.2,800,0.9,0.15067,0.32202,1,0.15806,0.9997,0.12338
002011_lcam_front_lidar.ply,0.2,800,0.9,0.12829,0.33377,1,0.16744,0.99967,0.12449
002012_lcam_front_lidar.ply,0.2,800,0.9,0.14918,0.33427,1,0.17029,0.99985,0.12276
002013_lcam_front_lidar.ply,0.2,800,0.9,0.15494,0.32086,1,0.16053,0.99974,0.12709
002014_lcam_front_lidar.ply,0.2,800,0.9,0.14908,0.32454,1,0.16399,0.99981,0.12941
002015_lcam_front_lidar.ply,0.2,800,0.9,0.15039,0.32392,1,0.16496,0.99981,0.1317
002016_lcam_front_lidar.ply,0.2,800,0.9,0.1665,0.31422,1,0.1558,0.99975,0.12833
002017_lcam_front_lidar.ply,0.2,800,0.9,0.17791,0.31191,1,0.15329,0.99974,0.12709
002018_lcam_front_lidar.ply,0.2,800,0.9,0.15677,0.31784,1,0.15956,0.99976,0.12822
002019_lcam_front_lidar.ply,0.2,800,0.9,0.1718,0.31991,1,0.16093,0.9998,0.12648
002020_lcam_front_lidar.ply,0.2,800,0.9,0.17897,0.31637,1,0.16386,0.9998,0.13769
002021_lcam_front_lidar.ply,0.2,800,0.9,0.16988,0.31367,1,0.15517,0.99986,0.12948
002022_lcam_front_lidar.ply,0.2,800,0.9,0.1559,0.30496,1,0.14641,0.9998,0.12859
002023_lcam_front_lidar.ply,0.2,800,0.9,0.14489,0.3139,1,0.15851,0.99974,0.13418
002024_lcam_front_lidar.ply,0.2,800,0.9,0.24779,0.30459,1,0.15999,0.99975,0.1351
002025_lcam_front_lidar.ply,0.2,800,0.9,0.15312,0.32237,1,0.16491,0.99979,0.1315
002026_lcam_front_lidar.ply,0.2,800,0.9,0.26844,0.30923,1,0.16932,0.99974,0.14079
002027_lcam_front_lidar.ply,0.2,800,0.9,0.13554,0.32028,1,0.16223,0.99979,0.13386
002028_lcam_front_lidar.ply,0.2,800,0.9,0.129,0.32285,1,0.16336,0.99984,0.13265
002029_lcam_front_lidar.ply,0.2,800,0.9,0.12637,0.32698,1,0.16711,0.99981,0.13218
002030_lcam_front_lidar.ply,0.2,800,0.9,0.13554,0.31636,1,0.15397,0.99985,0.12585
002031_lcam_front_lidar.ply,0.2,800,0.9,0.12545,0.32721,1,0.1614,0.99988,0.12264
002032_lcam_front_lidar.ply,0.2,800,0.9,0.14622,0.31836,1,0.15712,0.99985,0.12983
002033_lcam_front_lidar.ply,0.2,800,0.9,0.16012,0.32373,1,0.16783,0.99985,0.13765
002034_lcam_front_lidar.ply,0.2,800,0.9,0.15709,0.32764,1,0.16858,0.99987,0.12913
002035_lcam_front_lidar.ply,0.2,800,0.9,0.14756,0.32111,1,0.16192,0.99986,0.12978
002036_lcam_front_lidar.ply,0.2,800,0.9,0.13391,0.32666,1,0.16905,0.99987,0.13075
002037_lcam_front_lidar.ply,0.2,800,0.9,0.13694,0.32184,1,0.1592,0.99988,0.12728
002038_lcam_front_lidar.ply,0.2,800,0.9,0.166,0.33187,1,0.1751,0.9999,0.13116
002039_lcam_front_lidar.ply,0.2,800,0.9,0.12897,0.33032,1,0.17131,0.99989,0.13369
002040_lcam_front_lidar.ply,0.2,800,0.9,0.13336,0.32786,1,0.16826,0.99989,0.13347
002041_lcam_front_lidar.ply,0.2,800,0.9,0.13229,0.32068,1,0.1641,0.9999,0.13949
002042_lcam_front_lidar.ply,0.2,800,0.9,0.20422,0.31739,1,0.16773,0.99991,0.1368
002043_lcam_front_lidar.ply,0.2,800,0.9,0.12834,0.32735,1,0.1677,0.99992,0.13417
002044_lcam_front_lidar.ply,0.2,800,0.9,0.1601,0.32159,1,0.16455,0.99994,0.13573
002045_lcam_front_lidar.ply,0.2,800,0.9,0.13414,0.32364,1,0.16504,0.99995,0.13213
002046_lcam_front_lidar.ply,0.2,800,0.9,0.1481,0.32611,1,0.16736,0.99994,0.13176
002047_lcam_front_lidar.ply,0.2,800,0.9,0.1362,0.32118,1,0.16354,0.99995,0.13446
002048_lcam_front_lidar.ply,0.2,800,0.9,0.1417,0.32315,1,0.16654,0.99996,0.13425
002049_lcam_front_lidar.ply,0.2,800,0.9,0.1346,0.32219,1,0.15957,0.99997,0.13003
002050_lcam_front_lidar.ply,0.2,800,0.9,0.13918,0.31762,1,0.15961,0.99996,0.1301
002051_lcam_front_lidar.ply,0.2,800,0.9,0.12827,0.31245,1,0.1552,0.99995,0.13948
002052_lcam_front_lidar.ply,0.2,800,0.9,0.14735,0.31853,1,0.16325,0.99997,0.13776
002053_lcam_front_lidar.ply,0.2,800,0.9,0.12436,0.32324,1,0.16469,0.99997,0.13476
002054_lcam_front_lidar.ply,0.2,800,0.9,0.13202,0.324,1,0.16625,0.99998,0.13303
002055_lcam_front_lidar.ply,0.2,800,0.9,0.12885,0.32005,1,0.16474,0.99998,0.13631
002056_lcam_front_lidar.ply,0.2,800,0.9,0.12635,0.31986,1,0.1632,0.99997,0.13396
002057_lcam_front_lidar.ply,0.2,800,0.9,0.12116,0.32719,1,0.16664,0.99997,0.13104
002058_lcam_front_lidar.ply,0.2,800,0.9,0.12285,0.32807,1,0.16862,0.99999,0.13188
002059_lcam_front_lidar.ply,0.2,800,0.9,0.12023,0.32973,1,0.16489,0.99997,0.12458
002060_lcam_front_lidar.ply,0.2,800,0.9,0.12523,0.32947,1,0.16626,0.99998,0.12779
002061_lcam_front_lidar.ply,0.2,800,0.9,0.13188,0.3353,1,0.17269,0.99997,0.11812
002062_lcam_front_lidar.ply,0.2,800,0.9,0.13176,0.32489,1,0.16183,0.99998,0.12461
002063_lcam_front_lidar.ply,0.2,800,0.9,0.13422,0.33475,1,0.17647,0.99997,0.13054
002064_lcam_front_lidar.ply,0.2,800,0.9,0.13176,0.33668,1,0.17085,0.99997,0.12031
002065_lcam_front_lidar.ply,0.2,800,0.9,0.15532,0.32913,1,0.16604,0.99996,0.1198
002066_lcam_front_lidar.ply,0.2,800,0.9,0.118,0.33335,1,0.16563,0.99996,0.11575
002067_lcam_front_lidar.ply,0.2,800,0.9,0.12328,0.34386,1,0.17658,0.99997,0.1211
002068_lcam_front_lidar.ply,0.2,800,0.9,0.11803,0.34244,1,0.17152,0.99996,0.11452
002069_lcam_front_lidar.ply,0.2,800,0.9,0.12126,0.33944,1,0.16969,0.99997,0.11739
002070_lcam_front_lidar.ply,0.2,800,0.9,0.12762,0.3318,1,0.16344,0.99996,0.1127
002071_lcam_front_lidar.ply,0.2,800,0.9,0.13183,0.33264,1,0.16647,0.99997,0.11619
002072_lcam_front_lidar.ply,0.2,800,0.9,0.12477,0.34878,1,0.18178,0.99995,0.12028
002073_lcam_front_lidar.ply,0.2,800,0.9,0.12047,0.33799,1,0.17118,0.99996,0.11674
002074_lcam_front_lidar.ply,0.2,800,0.9,0.11868,0.33409,1,0.16637,0.99996,0.11982
002075_lcam_front_lidar.ply,0.2,800,0.9,0.11527,0.33643,1,0.16979,0.99998,0.12422
002076_lcam_front_lidar.ply,0.2,800,0.9,0.12192,0.33496,1,0.16838,0.99996,0.1209
002077_lcam_front_lidar.ply,0.2,800,0.9,0.11705,0.34448,1,0.17457,0.99991,0.11114
002078_lcam_front_lidar.ply,0.2,800,0.9,0.18132,0.3306,1,0.16941,0.99994,0.11762
002079_lcam_front_lidar.ply,0.2,800,0.9,0.12667,0.34364,1,0.18019,0.99993,0.11966
002080_lcam_front_lidar.ply,0.2,800,0.9,0.1166,0.33558,1,0.16286,0.99986,0.10372
002081_lcam_front_lidar.ply,0.2,800,0.9,0.12683,0.33908,1,0.17005,0.99985,0.11287
002082_lcam_front_lidar.ply,0.2,800,0.9,0.12331,0.33051,1,0.1603,0.99986,0.11014
002083_lcam_front_lidar.ply,0.2,800,0.9,0.1302,0.3226,1,0.15598,0.99991,0.12086
002084_lcam_front_lidar.ply,0.2,800,0.9,0.12414,0.31822,1,0.15076,0.99982,0.11575
002085_lcam_front_lidar.ply,0.2,800,0.9,0.12403,0.33111,1,0.16414,0.99984,0.11483
002086_lcam_front_lidar.ply,0.2,800,0.9,0.12445,0.3182,1,0.15656,0.99991,0.13059
002087_lcam_front_lidar.ply,0.2,800,0.9,0.12968,0.31374,1,0.1508,0.99989,0.12459
002088_lcam_front_lidar.ply,0.2,800,0.9,0.11893,0.31701,1,0.15563,0.99988,0.12706
002089_lcam_front_lidar.ply,0.2,800,0.9,0.12426,0.20161,1,0.03678,0.96353,0.1268
002090_lcam_front_lidar.ply,0.2,800,0.9,0.13064,0.20707,1,0.03421,0.96358,0.10871
002091_lcam_front_lidar.ply,0.2,800,0.9,0.13053,0.30398,1,0.13773,0.99982,0.11843
002092_lcam_front_lidar.ply,0.2,800,0.9,0.13349,0.20441,1,0.04459,0.96777,0.13021
002093_lcam_front_lidar.ply,0.2,800,0.9,0.12615,0.20977,1,0.05368,0.97361,0.13788
002094_lcam_front_lidar.ply,0.2,800,0.9,0.1303,0.2949,1,0.13436,0.99995,0.13065
002095_lcam_front_lidar.ply,0.2,800,0.9,0.12172,0.21719,1,0.05723,0.97304,0.13328
002096_lcam_front_lidar.ply,0.2,800,0.9,0.12114,0.2838,1,0.11954,0.99987,0.12172
002097_lcam_front_lidar.ply,0.2,800,0.9,0.12232,0.28608,1,0.11518,0.9998,0.11264
002098_lcam_front_lidar.ply,0.2,800,0.9,0.12611,0.21477,1,0.05791,0.97627,0.13662
002099_lcam_front_lidar.ply,0.2,800,0.9,0.13177,0.279,1,0.11291,0.99987,0.11878
002100_lcam_front_lidar.ply,0.2,800,0.9,0.11952,0.21236,1,0.0577,0.98441,0.14868
002101_lcam_front_lidar.ply,0.2,800,0.9,0.13124,0.21233,1,0.06009,0.97888,0.14867
002102_lcam_front_lidar.ply,0.2,800,0.9,0.11628,0.21665,1,0.05799,0.97915,0.13837
002103_lcam_front_lidar.ply,0.2,800,0.9,0.12595,0.20385,1,0.05895,0.98305,0.15757
002104_lcam_front_lidar.ply,0.2,800,0.9,0.11278,0.19719,1,0.05273,0.9771,0.16554
002105_lcam_front_lidar.ply,0.2,800,0.9,0.12844,0.22884,1,0.10973,0.99972,0.21032
002106_lcam_front_lidar.ply,0.2,800,0.9,0.1163,0.23442,1,0.11197,0.99952,0.20334
002107_lcam_front_lidar.ply,0.2,800,0.9,0.1242,0.23588,1,0.12187,0.99886,0.21875
002108_lcam_front_lidar.ply,0.2,800,0.9,0.12713,0.24227,1,0.10817,0.99662,0.17905
002109_lcam_front_lidar.ply,0.2,800,0.9,0.11967,0.24316,1,0.1034,0.9954,0.17146
002110_lcam_front_lidar.ply,0.2,800,0.9,0.13177,0.22713,1,0.10817,0.99938,0.21107
002111_lcam_front_lidar.ply,0.2,800,0.9,0.12544,0.24927,1,0.10479,0.99411,0.15972
002112_lcam_front_lidar.ply,0.2,800,0.9,0.1196,0.24062,1,0.10648,0.99632,0.18384
002113_lcam_front_lidar.ply,0.2,800,0.9,0.11348,0.26161,1,0.11352,0.99483,0.15867
002114_lcam_front_lidar.ply,0.2,800,0.9,0.10189,0.2525,1,0.10463,0.99553,0.15523
002115_lcam_front_lidar.ply,0.2,800,0.9,0.12158,0.24881,1,0.1034,0.9956,0.15783
002116_lcam_front_lidar.ply,0.2,800,0.9,0.10752,0.25406,1,0.1027,0.99529,0.1534
002117_lcam_front_lidar.ply,0.2,800,0.9,0.10511,0.24058,1,0.10017,0.99601,0.16682
002118_lcam_front_lidar.ply,0.2,800,0.9,0.11103,0.24947,1,0.1005,0.99512,0.15361
002119_lcam_front_lidar.ply,0.2,800,0.9,0.10438,0.24171,1,0.09673,0.99549,0.16324
002120_lcam_front_lidar.ply,0.2,800,0.9,0.11057,0.25035,1,0.10403,0.99488,0.15374
002121_lcam_front_lidar.ply,0.2,800,0.9,0.10658,0.23328,1,0.09032,0.99622,0.16789
002122_lcam_front_lidar.ply,0.2,800,0.9,0.08984,0.2456,1,0.0962,0.99581,0.15532
002123_lcam_front_lidar.ply,0.2,800,0.9,0.11046,0.24192,1,0.09832,0.99603,0.16611
002124_lcam_front_lidar.ply,0.2,800,0.9,0.13278,0.23369,1,0.09269,0.99703,0.16547
002125_lcam_front_lidar.ply,0.2,800,0.9,0.12207,0.22522,1,0.08628,0.99678,0.17467
002126_lcam_front_lidar.ply,0.2,800,0.9,0.10884,0.22529,1,0.08776,0.99691,0.17613
002127_lcam_front_lidar.ply,0.2,800,0.9,0.11666,0.2304,1,0.08765,0.99635,0.16518
002128_lcam_front_lidar.ply,0.2,800,0.9,0.12217,0.22423,1,0.08784,0.9967,0.18166
002129_lcam_front_lidar.ply,0.2,800,0.9,0.11682,0.23682,1,0.08671,0.99499,0.15501
002130_lcam_front_lidar.ply,0.2,800,0.9,0.1205,0.22285,1,0.08957,0.99711,0.18074
002131_lcam_front_lidar.ply,0.2,800,0.9,0.10769,0.22679,1,0.08861,0.99757,0.17866
002132_lcam_front_lidar.ply,0.2,800,0.9,0.11907,0.23008,1,0.09321,0.99652,0.17577
002133_lcam_front_lidar.ply,0.2,800,0.9,0.11872,0.23595,1,0.08994,0.99673,0.16187
002134_lcam_front_lidar.ply,0.2,800,0.9,0.13194,0.23121,1,0.08392,0.99612,0.15269
002135_lcam_front_lidar.ply,0.2,800,0.9,0.12295,0.2417,1,0.08919,0.99629,0.14552
002136_lcam_front_lidar.ply,0.2,800,0.9,0.12174,0.22785,1,0.09065,0.99799,0.17696
002137_lcam_front_lidar.ply,0.2,800,0.9,0.133,0.21722,1,0.07488,0.99661,0.1664
002138_lcam_front_lidar.ply,0.2,800,0.9,0.13291,0.22073,1,0.07985,0.99745,0.16726
002139_lcam_front_lidar.ply,0.2,800,0.9,0.12913,0.22246,1,0.08046,0.99746,0.1655
002140_lcam_front_lidar.ply,0.2,800,0.9,0.13091,0.21855,1,0.07499,0.99577,0.16181
002141_lcam_front_lidar.ply,0.2,800,0.9,0.13317,0.21689,1,0.07755,0.99681,0.17154
002142_lcam_front_lidar.ply,0.2,800,0.9,0.1279,0.22238,1,0.07833,0.99645,0.1632
002143_lcam_front_lidar.ply,0.2,800,0.9,0.14452,0.20544,1,0.04644,0.99577,0.12987
002144_lcam_front_lidar.ply,0.2,800,0.9,0.11858,0.22069,1,0.05517,0.99627,0.121
002145_lcam_front_lidar.ply,0.2,800,0.9,0.1318,0.21145,1,0.05118,0.99524,0.12748
002146_lcam_front_lidar.ply,0.2,800,0.9,0.12709,0.2186,1,0.05192,0.99578,0.11549
002147_lcam_front_lidar.ply,0.2,800,0.9,0.12539,0.22441,1,0.10254,0.99436,0.20599
002148_lcam_front_lidar.ply,0.2,800,0.9,0.12548,0.21826,1,0.05321,0.99543,0.11784
002149_lcam_front_lidar.ply,0.2,800,0.9,0.14531,0.22302,1,0.0626,0.99699,0.12745
002150_lcam_front_lidar.ply,0.2,800,0.9,0.13389,0.21334,1,0.05323,0.99562,0.12724
002151_lcam_front_lidar.ply,0.2,800,0.9,0.14382,0.19846,1,0.06421,0.9915,0.17578
002152_lcam_front_lidar.ply,0.2,800,0.9,0.13033,0.22179,1,0.05463,0.99598,0.11665
002153_lcam_front_lidar.ply,0.2,800,0.9,0.14271,0.21692,1,0.05588,0.99685,0.12768
002154_lcam_front_lidar.ply,0.2,800,0.9,0.1441,0.22034,1,0.05956,0.9968,0.12594
002155_lcam_front_lidar.ply,0.2,800,0.9,0.1423,0.21971,1,0.0603,0.99721,0.12443
002156_lcam_front_lidar.ply,0.2,800,0.9,0.14598,0.22058,1,0.05733,0.99774,0.12218
002157_lcam_front_lidar.ply,0.2,800,0.9,0.14642,0.23147,1,0.06541,0.99913,0.11425
002158_lcam_front_lidar.ply,0.2,800,0.9,0.16012,0.23377,1,0.06305,0.99936,0.10298
002159_lcam_front_lidar.ply,0.2,800,0.9,0.14159,0.23169,1,0.0565,0.99869,0.10139
002160_lcam_front_lidar.ply,0.2,800,0.9,0.15273,0.2212,1,0.05441,0.99774,0.11124
002161_lcam_front_lidar.ply,0.2,800,0.9,0.13969,0.22958,1,0.06445,0.99805,0.11609
002162_lcam_front_lidar.ply,0.2,800,0.9,0.1501,0.23067,1,0.06382,0.99822,0.11651
002163_lcam_front_lidar.ply,0.2,800,0.9,0.13804,0.22681,1,0.06211,0.9979,0.11933
002164_lcam_front_lidar.ply,0.2,800,0.9,0.15324,0.22847,1,0.07143,0.99835,0.12911
002165_lcam_front_lidar.ply,0.2,800,0.9,0.12944,0.24343,1,0.07769,0.99843,0.12119
002166_lcam_front_lidar.ply,0.2,800,0.9,0.13896,0.22848,1,0.06867,0.99834,0.12679
002167_lcam_front_lidar.ply,0.2,800,0.9,0.13438,0.24372,1,0.07795,0.99773,0.11841
002168_lcam_front_lidar.ply,0.2,800,0.9,0.13053,0.22481,1,0.0,0.0,0.0
002169_lcam_front_lidar.ply,0.2,800,0.9,0.12424,0.24336,1,0.07886,0.99804,0.12622
002170_lcam_front_lidar.ply,0.2,800,0.9,0.12094,0.23891,1,0.07412,0.99783,0.12407
002171_lcam_front_lidar.ply,0.2,800,0.9,0.11696,0.24036,1,0.06928,0.99775,0.11644
002172_lcam_front_lidar.ply,0.2,800,0.9,0.11838,0.23519,1,0.07276,0.99757,0.12818
002173_lcam_front_lidar.ply,0.2,800,0.9,0.13145,0.24027,1,0.07502,0.99786,0.12149
002174_lcam_front_lidar.ply,0.2,800,0.9,0.12721,0.23417,1,0.07488,0.99722,0.1334
002175_lcam_front_lidar.ply,0.2,800,0.9,0.14395,0.23193,1,0.06845,0.99763,0.1256
002176_lcam_front_lidar.ply,0.2,800,0.9,0.12755,0.23678,1,0.07088,0.99789,0.12455
002177_lcam_front_lidar.ply,0.2,800,0.9,0.13853,0.22835,1,0.07142,0.99813,0.13367
002178_lcam_front_lidar.ply,0.2,800,0.9,0.13059,0.22962,1,0.06993,0.99741,0.13078
002179_lcam_front_lidar.ply,0.2,800,0.9,0.13683,0.22911,1,0.07138,0.99584,0.13557
002180_lcam_front_lidar.ply,0.2,800,0.9,0.13573,0.22522,1,0.06373,0.99809,0.12468
002181_lcam_front_lidar.ply,0.2,800,0.9,0.16296,0.22551,1,0.0786,0.99659,0.15174
002182_lcam_front_lidar.ply,0.2,800,0.9,0.12954,0.22777,1,0.07788,0.99773,0.15277
002183_lcam_front_lidar.ply,0.2,800,0.9,0.12854,0.22441,1,0.07097,0.99894,0.14595
002184_lcam_front_lidar.ply,0.2,800,0.9,0.13711,0.23257,1,0.07914,0.99731,0.14219
002185_lcam_front_lidar.ply,0.2,800,0.9,0.12848,0.22707,1,0.07687,0.99579,0.15318
002186_lcam_front_lidar.ply,0.2,800,0.9,0.13174,0.22731,1,0.07469,0.9965,0.14658
002187_lcam_front_lidar.ply,0.2,800,0.9,0.13649,0.22889,1,0.07307,0.99641,0.13577
002188_lcam_front_lidar.ply,0.2,800,0.9,0.14079,0.23292,1,0.07598,0.99667,0.13513
002189_lcam_front_lidar.ply,0.2,800,0.9,0.13137,0.23214,1,0.07701,0.99617,0.14317
002190_lcam_front_lidar.ply,0.2,800,0.9,0.13082,0.23469,1,0.08277,0.99551,0.14279
002191_lcam_front_lidar.ply,0.2,800,0.9,0.12382,0.22865,1,0.07761,0.99537,0.14895
002192_lcam_front_lidar.ply,0.2,800,0.9,0.14069,0.22943,1,0.07516,0.99605,0.14071
002193_lcam_front_lidar.ply,0.2,800,0.9,0.12554,0.23294,1,0.07862,0.99566,0.14521
002194_lcam_front_lidar.ply,0.2,800,0.9,0.14201,0.23417,1,0.08878,0.99514,0.1535
002195_lcam_front_lidar.ply,0.2,800,0.9,0.12446,0.23502,1,0.08157,0.9957,0.14557
002196_lcam_front_lidar.ply,0.2,800,0.9,0.14055,0.23971,1,0.08532,0.99517,0.13766
002197_lcam_front_lidar.ply,0.2,800,0.9,0.1313,0.22231,1,0.07062,0.99514,0.14448
002198_lcam_front_lidar.ply,0.2,800,0.9,0.13394,0.24354,1,0.0926,0.99598,0.14805
002199_lcam_front_lidar.ply,0.2,800,0.9,0.1277,0.23068,1,0.07589,0.99617,0.13948
002200_lcam_front_lidar.ply,0.2,800,0.9,0.13817,0.25223,1,0.10065,0.9965,0.14636
002201_lcam_front_lidar.ply,0.2,800,0.9,0.13576,0.24191,1,0.08737,0.9959,0.1363
002202_lcam_front_lidar.ply,0.2,800,0.9,0.13218,0.24058,1,0.09019,0.99578,0.14931
002203_lcam_front_lidar.ply,0.2,800,0.9,0.12883,0.24426,1,0.09688,0.99482,0.14885
002204_lcam_front_lidar.ply,0.2,800,0.9,0.13363,0.25066,1,0.09302,0.99573,0.13627
002205_lcam_front_lidar.ply,0.2,800,0.9,0.13186,0.24245,1,0.08608,0.99528,0.13829
002206_lcam_front_lidar.ply,0.2,800,0.9,0.14968,0.24595,1,0.09257,0.99571,0.13907
002207_lcam_front_lidar.ply,0.2,800,0.9,0.12815,0.25322,1,0.09572,0.9958,0.1314
002208_lcam_front_lidar.ply,0.2,800,0.9,0.12622,0.25301,1,0.10413,0.99574,0.15203
002209_lcam_front_lidar.ply,0.2,800,0.9,0.14248,0.24811,1,0.09678,0.99543,0.14612
002210_lcam_front_lidar.ply,0.2,800,0.9,0.12579,0.24812,1,0.09751,0.9952,0.15204
002211_lcam_front_lidar.ply,0.2,800,0.9,0.12484,0.24472,1,0.09291,0.99467,0.14953
002212_lcam_front_lidar.ply,0.2,800,0.9,0.12424,0.24277,1,0.09707,0.99572,0.15747
002213_lcam_front_lidar.ply,0.2,800,0.9,0.13558,0.24431,1,0.09864,0.99615,0.15864
002214_lcam_front_lidar.ply,0.2,800,0.9,0.12812,0.23886,1,0.09347,0.99545,0.15991
002215_lcam_front_lidar.ply,0.2,800,0.9,0.13774,0.22632,1,0.08566,0.99488,0.16236
002216_lcam_front_lidar.ply,0.2,800,0.9,0.14307,0.23102,1,0.09276,0.99492,0.17067
002217_lcam_front_lidar.ply,0.2,800,0.9,0.12662,0.23262,1,0.08473,0.99501,0.16205
002218_lcam_front_lidar.ply,0.2,800,0.9,0.13931,0.22615,1,0.10304,0.99088,0.20137
002219_lcam_front_lidar.ply,0.2,800,0.9,0.13143,0.22851,1,0.09649,0.98949,0.18555
002220_lcam_front_lidar.ply,0.2,800,0.9,0.12852,0.2283,1,0.07913,0.99247,0.1515
002221_lcam_front_lidar.ply,0.2,800,0.9,0.14037,0.232,1,0.09712,0.98987,0.18553
002222_lcam_front_lidar.ply,0.2,800,0.9,0.11982,0.24938,1,0.1161,0.98688,0.1821
002223_lcam_front_lidar.ply,0.2,800,0.9,0.13299,0.24573,1,0.11173,0.98648,0.18201
002224_lcam_front_lidar.ply,0.2,800,0.9,0.12474,0.25363,1,0.11485,0.98699,0.17384
002225_lcam_front_lidar.ply,0.2,800,0.9,0.12464,0.2514,1,0.11935,0.98406,0.1839
002226_lcam_front_lidar.ply,0.2,800,0.9,0.12266,0.26818,1,0.13355,0.98312,0.1838
002227_lcam_front_lidar.ply,0.2,800,0.9,0.12464,0.27756,1,0.13964,0.98331,0.17744
002228_lcam_front_lidar.ply,0.2,800,0.9,0.1197,0.26903,1,0.12974,0.98159,0.17876
002229_lcam_front_lidar.ply,0.2,800,0.9,0.11854,0.27292,1,0.13275,0.98277,0.17111
002230_lcam_front_lidar.ply,0.2,800,0.9,0.13566,0.28717,1,0.14806,0.98264,0.17091
002231_lcam_front_lidar.ply,0.2,800,0.9,0.11937,0.29384,1,0.15135,0.98222,0.17025
002232_lcam_front_lidar.ply,0.2,800,0.9,0.13497,0.28582,1,0.14513,0.98105,0.16762
002233_lcam_front_lidar.ply,0.2,800,0.9,0.12744,0.21021,1,0.03536,0.95653,0.10729
002234_lcam_front_lidar.ply,0.2,800,0.9,0.131,0.21176,1,0.03378,0.95166,0.09472
002235_lcam_front_lidar.ply,0.2,800,0.9,0.10996,0.2174,1,0.03916,0.9526,0.09914
002236_lcam_front_lidar.ply,0.2,800,0.9,0.11407,0.21602,1,0.04224,0.95642,0.1075
002237_lcam_front_lidar.ply,0.2,800,0.9,0.12865,0.21616,1,0.04503,0.95698,0.11308
002238_lcam_front_lidar.ply,0.2,800,0.9,0.12559,0.21462,1,0.04507,0.95186,0.11219
002239_lcam_front_lidar.ply,0.2,800,0.9,0.12185,0.22538,1,0.04956,0.95394,0.10085
002240_lcam_front_lidar.ply,0.2,800,0.9,0.11846,0.21906,1,0.05008,0.95782,0.11878
002241_lcam_front_lidar.ply,0.2,800,0.9,0.12574,0.21504,1,0.05004,0.95526,0.12036
002242_lcam_front_lidar.ply,0.2,800,0.9,0.12573,0.21668,1,0.04699,0.95093,0.11578
002243_lcam_front_lidar.ply,0.2,800,0.9,0.14107,0.21349,1,0.04706,0.94968,0.11711
002244_lcam_front_lidar.ply,0.2,800,0.9,0.12497,0.19412,1,0.04946,0.96618,0.16204
002245_lcam_front_lidar.ply,0.2,800,0.9,0.12968,0.20063,1,0.05257,0.97086,0.15594
002246_lcam_front_lidar.ply,0.2,800,0.9,0.13674,0.20003,1,0.05288,0.97621,0.15764
002247_lcam_front_lidar.ply,0.2,800,0.9,0.15257,0.21024,1,0.05072,0.96163,0.12892
002248_lcam_front_lidar.ply,0.2,800,0.9,0.14111,0.2111,1,0.05028,0.97778,0.13175
002249_lcam_front_lidar.ply,0.2,800,0.9,0.14757,0.21395,1,0.05335,0.97317,0.1284
002250_lcam_front_lidar.ply,0.2,800,0.9,0.1512,0.21785,1,0.04957,0.96508,0.11345
002251_lcam_front_lidar.ply,0.2,800,0.9,0.1529,0.21869,1,0.05081,0.97256,0.11688
002252_lcam_front_lidar.ply,0.2,800,0.9,0.14181,0.21407,1,0.05125,0.97445,0.12514
002253_lcam_front_lidar.ply,0.2,800,0.9,0.162,0.20453,1,0.0432,0.97829,0.11833
002254_lcam_front_lidar.ply,0.2,800,0.9,0.15655,0.21678,1,0.04777,0.97781,0.10956
002255_lcam_front_lidar.ply,0.2,800,0.9,0.16517,0.21884,1,0.0495,0.97655,0.10438
002256_lcam_front_lidar.ply,0.2,800,0.9,0.14603,0.22629,1,0.05232,0.97381,0.10288
002257_lcam_front_lidar.ply,0.2,800,0.9,0.16622,0.22472,1,0.05195,0.9742,0.10333
002258_lcam_front_lidar.ply,0.2,800,0.9,0.15853,0.23037,1,0.05635,0.97452,0.10279
002259_lcam_front_lidar.ply,0.2,800,0.9,0.16335,0.21755,1,0.05525,0.97354,0.12089
002260_lcam_front_lidar.ply,0.2,800,0.9,0.16762,0.21695,1,0.05857,0.96946,0.12943
002261_lcam_front_lidar.ply,0.2,800,0.9,0.1823,0.21899,1,0.06258,0.96723,0.13344
002262_lcam_front_lidar.ply,0.2,800,0.9,0.16863,0.21869,1,0.0634,0.96641,0.13584
002263_lcam_front_lidar.ply,0.2,800,0.9,0.17661,0.21858,1,0.06641,0.96508,0.14274
002264_lcam_front_lidar.ply,0.2,800,0.9,0.14858,0.21599,1,0.06918,0.96284,0.15784
002265_lcam_front_lidar.ply,0.2,800,0.9,0.16369,0.2159,1,0.06936,0.96683,0.15734
002266_lcam_front_lidar.ply,0.2,800,0.9,0.15913,0.2078,1,0.07342,0.962,0.17786
002267_lcam_front_lidar.ply,0.2,800,0.9,0.16383,0.21199,1,0.07711,0.95896,0.18077
002268_lcam_front_lidar.ply,0.2,800,0.9,0.15787,0.22395,1,0.08253,0.98015,0.16861
002269_lcam_front_lidar.ply,0.2,800,0.9,0.15617,0.22676,1,0.0727,0.98016,0.14543
002270_lcam_front_lidar.ply,0.2,800,0.9,0.14506,0.23025,1,0.1068,0.95809,0.19992
002271_lcam_front_lidar.ply,0.2,800,0.9,0.15962,0.23085,1,0.07746,0.96816,0.14467
002272_lcam_front_lidar.ply,0.2,800,0.9,0.15083,0.22202,1,0.08787,0.9691,0.18314
002273_lcam_front_lidar.ply,0.2,800,0.9,0.14279,0.25515,1,0.09875,0.93579,0.14014
002274_lcam_front_lidar.ply,0.2,800,0.9,0.15832,0.23246,1,0.09554,0.96219,0.17796
002275_lcam_front_lidar.ply,0.2,800,0.9,0.13975,0.23058,1,0.09957,0.95685,0.18706
002276_lcam_front_lidar.ply,0.2,800,0.9,0.12775,0.24354,1,0.09853,0.94779,0.16939
002277_lcam_front_lidar.ply,0.2,800,0.9,0.13517,0.24279,1,0.1028,0.95062,0.17313
002278_lcam_front_lidar.ply,0.2,800,0.9,0.1325,0.24374,1,0.0913,0.942,0.14989
002279_lcam_front_lidar.ply,0.2,800,0.9,0.1295,0.24923,1,0.09476,0.93936,0.14658
002280_lcam_front_lidar.ply,0.2,800,0.9,0.12888,0.21664,1,0.05273,0.93099,0.12493
002281_lcam_front_lidar.ply,0.2,800,0.9,0.12899,0.21909,1,0.05001,0.92529,0.1156
002282_lcam_front_lidar.ply,0.2,800,0.9,0.1322,0.21098,1,0.04691,0.93125,0.12527
002283_lcam_front_lidar.ply,0.2,800,0.9,0.13761,0.22602,1,0.06298,0.9309,0.12867
002284_lcam_front_lidar.ply,0.2,800,0.9,0.14374,0.20859,1,0.05162,0.93796,0.1372
002285_lcam_front_lidar.ply,0.15,800,0.9,0.15751,0.2067,1,0.04412,0.92688,0.12155
002286_lcam_front_lidar.ply,0.2,800,0.9,0.14132,0.23992,1,0.09866,0.99847,0.16828
002287_lcam_front_lidar.ply,0.15,800,0.9,0.14586,0.23616,1,0.088,0.99818,0.15471
002288_lcam_front_lidar.ply,0.2,800,0.9,0.13253,0.26748,1,0.14219,0.99886,0.20896
002289_lcam_front_lidar.ply,0.15,800,0.9,0.14561,0.26333,1,0.10327,0.99818,0.13223
002290_lcam_front_lidar.ply,0.2,800,0.9,0.13884,0.26589,1,0.13978,0.99846,0.19718
002291_lcam_front_lidar.ply,0.15,800,0.9,0.15763,0.26734,1,0.11594,0.99871,0.14716
002292_lcam_front_lidar.ply,0.15,800,0.9,0.14434,0.26516,1,0.10566,0.9989,0.13038
002293_lcam_front_lidar.ply,0.15,800,0.9,0.14272,0.26507,1,0.11121,0.99777,0.14342
002294_lcam_front_lidar.ply,0.15,800,0.9,0.12189,0.2763,1,0.11405,0.99822,0.1321
002295_lcam_front_lidar.ply,0.15,800,0.9,0.13578,0.26812,1,0.1063,0.99815,0.13179
002296_lcam_front_lidar.ply,0.15,800,0.9,0.13424,0.25963,1,0.09926,0.99791,0.13178
002297_lcam_front_lidar.ply,0.15,800,0.9,0.1491,0.26457,1,0.1045,0.99921,0.13056
002298_lcam_front_lidar.ply,0.15,800,0.9,0.13638,0.26736,1,0.10633,0.99946,0.12698
002299_lcam_front_lidar.ply,0.15,800,0.9,0.1377,0.25743,1,0.10845,0.99898,0.15236
002300_lcam_front_lidar.ply,0.15,800,0.9,0.14116,0.26052,1,0.10895,0.99867,0.15116
002301_lcam_front_lidar.ply,0.15,800,0.9,0.15961,0.24943,1,0.09469,0.99861,0.13448
002302_lcam_front_lidar.ply,0.15,800,0.9,0.15599,0.24736,1,0.10442,0.99954,0.16434
002303_lcam_front_lidar.ply,0.15,800,0.9,0.16798,0.2521,1,0.10558,0.99863,0.15333
002304_lcam_front_lidar.ply,0.15,800,0.9,0.15323,0.24505,1,0.10236,0.9995,0.16178
002305_lcam_front_lidar.ply,0.15,800,0.9,0.16047,0.25609,1,0.10497,0.99907,0.15083
002306_lcam_front_lidar.ply,0.15,800,0.9,0.16045,0.24856,1,0.09631,0.99939,0.14754
002307_lcam_front_lidar.ply,0.15,800,0.9,0.16953,0.23755,1,0.09342,0.99914,0.15372
002308_lcam_front_lidar.ply,0.15,800,0.9,0.14923,0.25336,1,0.09619,0.99858,0.13601
002309_lcam_front_lidar.ply,0.15,800,0.9,0.17568,0.24039,1,0.0787,0.99877,0.12711
002310_lcam_front_lidar.ply,0.15,800,0.9,0.1467,0.24365,1,0.09321,0.99863,0.1507
002311_lcam_front_lidar.ply,0.15,800,0.9,0.15705,0.25026,1,0.10092,0.99819,0.15079
002312_lcam_front_lidar.ply,0.15,800,0.9,0.1423,0.25184,1,0.09827,0.99766,0.14378
002313_lcam_front_lidar.ply,0.15,800,0.9,0.15431,0.24378,1,0.09462,0.99798,0.14777
002314_lcam_front_lidar.ply,0.15,800,0.9,0.14069,0.24547,1,0.09303,0.99798,0.14538
002315_lcam_front_lidar.ply,0.15,800,0.9,0.1603,0.23957,1,0.09187,0.99661,0.15146
002316_lcam_front_lidar.ply,0.15,800,0.9,0.14685,0.23778,1,0.08977,0.99691,0.15358
002317_lcam_front_lidar.ply,0.15,800,0.9,0.16167,0.23009,1,0.08711,0.99623,0.15808
002318_lcam_front_lidar.ply,0.15,800,0.9,0.14373,0.23455,1,0.09786,0.99835,0.17347
002319_lcam_front_lidar.ply,0.15,800,0.9,0.15392,0.22578,1,0.08776,0.98441,0.16859
002320_lcam_front_lidar.ply,0.15,800,0.9,0.14897,0.22614,1,0.06947,0.95364,0.13247
002321_lcam_front_lidar.ply,0.15,800,0.9,0.17278,0.21969,1,0.06795,0.96019,0.14104
002322_lcam_front_lidar.ply,0.15,800,0.9,0.14954,0.21904,1,0.06864,0.94233,0.14447
002323_lcam_front_lidar.ply,0.15,800,0.9,0.13202,0.22362,1,0.06984,0.94374,0.14108
002324_lcam_front_lidar.ply,0.15,800,0.9,0.12938,0.23128,1,0.07754,0.92351,0.1375
002325_lcam_front_lidar.ply,0.15,800,0.9,0.14103,0.24045,1,0.08049,0.93182,0.12659
002326_lcam_front_lidar.ply,0.15,800,0.9,0.12683,0.23489,1,0.08114,0.93553,0.13911
002327_lcam_front_lidar.ply,0.15,800,0.9,0.12355,0.24314,1,0.08376,0.92489,0.12948
002328_lcam_front_lidar.ply,0.15,800,0.9,0.11349,0.26865,1,0.10823,0.92129,0.13046
002329_lcam_front_lidar.ply,0.15,800,0.9,0.12238,0.27515,1,0.10733,0.92091,0.11815
002330_lcam_front_lidar.ply,0.15,800,0.9,0.11293,0.27871,1,0.11208,0.92046,0.12228
002331_lcam_front_lidar.ply,0.15,800,0.9,0.12515,0.27759,1,0.11352,0.9225,0.12162
002332_lcam_front_lidar.ply,0.15,800,0.9,0.12791,0.28956,1,0.1196,0.91775,0.11367
002333_lcam_front_lidar.ply,0.15,800,0.9,0.11872,0.30118,1,0.12442,0.91866,0.09716
002334_lcam_front_lidar.ply,0.15,800,0.9,0.12434,0.3033,1,0.13069,0.91728,0.10704
002335_lcam_front_lidar.ply,0.15,800,0.9,0.13738,0.3071,1,0.13866,0.91495,0.10851
002336_lcam_front_lidar.ply,0.15,800,0.9,0.16033,0.3093,1,0.13895,0.90512,0.10358
002337_lcam_front_lidar.ply,0.15,800,0.9,0.13127,0.3142,1,0.14016,0.90555,0.10381
002338_lcam_front_lidar.ply,0.15,800,0.9,0.11536,0.31524,1,0.13701,0.90357,0.10026
002339_lcam_front_lidar.ply,0.15,800,0.9,0.12456,0.30948,1,0.13182,0.89886,0.09868
002340_lcam_front_lidar.ply,0.15,800,0.9,0.10432,0.312,1,0.12906,0.89508,0.08964
002341_lcam_front_lidar.ply,0.15,800,0.9,0.11728,0.30118,1,0.11981,0.89589,0.09141
002342_lcam_front_lidar.ply,0.15,800,0.9,0.135,0.32374,1,0.1514,0.89734,0.10354
002343_lcam_front_lidar.ply,0.15,800,0.9,0.12584,0.29648,1,0.11087,0.88156,0.07814
002344_lcam_front_lidar.ply,0.15,800,0.9,0.12514,0.29693,1,0.11425,0.88159,0.08063
002345_lcam_front_lidar.ply,0.15,800,0.9,0.13203,0.29545,1,0.10907,0.88093,0.07641
002346_lcam_front_lidar.ply,0.15,800,0.9,0.11989,0.28829,1,0.10516,0.88776,0.08656
002347_lcam_front_lidar.ply,0.15,800,0.9,0.12088,0.28153,1,0.10771,0.889,0.09495
002348_lcam_front_lidar.ply,0.15,800,0.9,0.12609,0.28045,1,0.10232,0.88878,0.08998
002349_lcam_front_lidar.ply,0.15,800,0.9,0.11396,0.28653,1,0.09627,0.8801,0.06893
002350_lcam_front_lidar.ply,0.15,800,0.9,0.10934,0.27563,1,0.0798,0.88542,0.06217
002351_lcam_front_lidar.ply,0.15,800,0.9,0.12526,0.25594,1,0.09312,0.91178,0.11993
002352_lcam_front_lidar.ply,0.15,800,0.9,0.1049,0.2819,1,0.09177,0.89541,0.07448
002353_lcam_front_lidar.ply,0.15,800,0.9,0.10865,0.27145,1,0.08129,0.89053,0.07195
002354_lcam_front_lidar.ply,0.15,800,0.9,0.12865,0.2851,1,0.09834,0.8911,0.06893
002355_lcam_front_lidar.ply,0.15,800,0.9,0.12712,0.27677,1,0.09265,0.89331,0.0801
002356_lcam_front_lidar.ply,0.15,800,0.9,0.1024,0.28709,1,0.108,0.90618,0.09517
002357_lcam_front_lidar.ply,0.2,800,0.9,0.13041,0.27815,1,0.11217,0.90974,0.11506
002358_lcam_front_lidar.ply,0.2,800,0.9,0.12152,0.269,1,0.10957,0.91347,0.12635
002359_lcam_front_lidar.ply,0.2,800,0.9,0.11418,0.27505,1,0.11732,0.91619,0.13894
002360_lcam_front_lidar.ply,0.2,800,0.9,0.11443,0.28346,1,0.10391,0.89705,0.09241
002361_lcam_front_lidar.ply,0.2,800,0.9,0.12116,0.28861,1,0.11673,0.9054,0.10704
002362_lcam_front_lidar.ply,0.2,800,0.9,0.11571,0.28944,1,0.11945,0.90433,0.10744
002363_lcam_front_lidar.ply,0.2,800,0.9,0.10726,0.2905,1,0.12149,0.90163,0.11394
002364_lcam_front_lidar.ply,0.2,800,0.9,0.13436,0.28145,1,0.13379,0.92478,0.15177
002365_lcam_front_lidar.ply,0.2,800,0.9,0.12697,0.28166,1,0.1215,0.91655,0.12385
002366_lcam_front_lidar.ply,0.2,800,0.9,0.1159,0.28009,1,0.12682,0.92689,0.14436
