dataset,frame_id,epsilon_strict,min_support_strict,inlier_ratio_strict,residual_strict,epsilon_standard,min_support_standard,inlier_ratio_standard,residual_standard,epsilon_loose,min_support_loose,inlier_ratio_loose,residual_loose,epsilon_rl,min_support_rl,inlier_ratio_rl,residual_rl,winner
Sewerage,000000_lcam_front_lidar.ply,0.10002,799,0.17554,0.06276,0.15001,500,0.08609,0.21568,0.25,200,0.01802,0.23673,0.1,800,0.23425,0.02839,rl
Sewerage,000001_lcam_front_lidar.ply,0.10002,799,0.05023,0.13411,0.15001,500,0.03384,0.20115,0.25,200,0.01852,0.24108,0.1,800,0.23378,0.03136,rl
Sewerage,000002_lcam_front_lidar.ply,0.10002,799,0.03687,0.14653,0.15001,500,0.01257,0.15786,0.25,200,0.05306,0.25365,0.1,800,0.23858,0.0302,rl
Sewerage,000003_lcam_front_lidar.ply,0.10002,799,0.04837,0.14598,0.15001,500,0.03368,0.20321,0.25,200,0.01847,0.2293,0.1,800,0.23658,0.02983,rl
Sewerage,000004_lcam_front_lidar.ply,0.10002,799,0.00599,0.06162,0.15001,500,0.0109,0.12081,0.25,200,0.01875,0.22971,0.1,800,0.27867,0.02829,rl
Sewerage,000005_lcam_front_lidar.ply,0.10002,799,0.04408,0.14573,0.15001,500,0.0058,0.19246,0.25,200,0.01828,0.22746,0.1,800,0.24537,0.02944,rl
Sewerage,000006_lcam_front_lidar.ply,0.10002,799,0.04387,0.15162,0.15001,500,0.00248,0.00589,0.25,200,0.01667,0.19757,0.1,800,0.24571,0.03087,rl
Sewerage,000007_lcam_front_lidar.ply,0.10002,799,0.16321,0.03931,0.15001,500,0.03542,0.16358,0.25,200,0.00281,0.08137,0.1,800,0.24528,0.0302,rl
Sewerage,000008_lcam_front_lidar.ply,0.10002,799,0.03097,0.12074,0.15001,500,0.04073,0.16704,0.25,200,0.0175,0.21035,0.1,800,0.25136,0.0309,rl
Sewerage,000009_lcam_front_lidar.ply,0.10002,799,0.01635,0.13865,0.15001,500,0.05245,0.20534,0.25,200,0.00104,0.0007,0.1,800,0.2553,0.0321,rl
Sewerage,000010_lcam_front_lidar.ply,0.10002,799,0.02844,0.1231,0.15001,500,0.00146,0.00151,0.25,200,0.01439,0.23284,0.1,800,0.31036,0.03159,rl
Sewerage,000011_lcam_front_lidar.ply,0.10002,799,0.00266,0.07707,0.15001,500,0.04009,0.19502,0.25,200,0.04771,0.11269,0.1,800,0.0,0.0,loose
Sewerage,000012_lcam_front_lidar.ply,0.10002,799,0.01123,0.07718,0.15001,500,0.00193,0.00125,0.25,200,0.00234,0.00256,0.1,800,0.31719,0.03191,rl
Sewerage,000013_lcam_front_lidar.ply,0.10002,799,0.02972,0.0552,0.15001,500,0.00898,0.18171,0.25,200,0.21559,0.06851,0.1,800,0.31972,0.03137,rl
Sewerage,000014_lcam_front_lidar.ply,0.10002,799,0.03227,0.05661,0.15001,500,0.00686,0.04663,0.25,200,0.01196,0.23806,0.1,800,0.32192,0.03188,rl
Sewerage,000015_lcam_front_lidar.ply,0.10002,799,0.00156,0.00152,0.15001,500,0.02278,0.10824,0.25,200,0.01467,0.26705,0.1,800,0.32616,0.03206,rl
Sewerage,000016_lcam_front_lidar.ply,0.10002,799,0.00106,0.00069,0.15001,500,0.04702,0.09657,0.25,200,0.01563,0.28998,0.1,800,0.32602,0.03116,rl
Sewerage,000017_lcam_front_lidar.ply,0.10002,799,0.02095,0.09962,0.15001,500,0.05413,0.08768,0.25,200,0.00153,0.07526,0.25,800,0.32543,0.03307,rl
Sewerage,000018_lcam_front_lidar.ply,0.10002,799,0.04352,0.04963,0.15001,500,0.0303,0.08419,0.25,200,0.01283,0.23382,0.25,800,0.32726,0.03372,rl
Sewerage,000019_lcam_front_lidar.ply,0.10002,799,0.02505,0.02222,0.15001,500,0.00104,8e-05,0.25,200,0.01665,0.29274,0.25,800,0.32807,0.0334,rl
Sewerage,000020_lcam_front_lidar.ply,0.10002,799,0.02705,0.12429,0.15001,500,0.02689,0.08176,0.25,200,0.24109,0.06502,0.25,800,0.3269,0.03374,rl
Sewerage,000021_lcam_front_lidar.ply,0.10002,799,0.05149,0.05785,0.15001,500,0.03583,0.12546,0.25,200,0.0657,0.12734,0.25,800,0.32861,0.03327,rl
Sewerage,000022_lcam_front_lidar.ply,0.10002,799,0.04635,0.05926,0.15001,500,0.01901,0.10299,0.25,200,0.00259,0.00562,0.25,800,0.32505,0.03382,rl
Sewerage,000023_lcam_front_lidar.ply,0.10002,799,0.01406,0.09431,0.15001,500,0.02689,0.22057,0.25,200,0.00175,0.08955,0.25,800,0.32677,0.0331,rl
Sewerage,000024_lcam_front_lidar.ply,0.10002,799,0.03247,0.12923,0.15001,500,0.06944,0.12556,0.25,200,0.01748,0.28034,0.25,800,0.3183,0.03392,rl
Sewerage,000025_lcam_front_lidar.ply,0.10002,799,0.05457,0.08563,0.15001,500,0.02514,0.1103,0.25,200,0.01405,0.14112,0.25,800,0.32325,0.03416,rl
Sewerage,000026_lcam_front_lidar.ply,0.10002,799,0.0137,0.09525,0.15001,500,0.02925,0.15509,0.25,200,0.00101,0.00055,0.25,800,0.31366,0.03379,rl
Sewerage,000027_lcam_front_lidar.ply,0.10002,799,0.05073,0.06602,0.15001,500,0.00248,0.00894,0.25,200,0.01427,0.25533,0.25,800,0.31922,0.0337,rl
Sewerage,000028_lcam_front_lidar.ply,0.10002,799,0.01983,0.10237,0.15001,500,0.0246,0.11131,0.25,200,0.01208,0.24219,0.25,800,0.31431,0.03532,rl
Sewerage,000029_lcam_front_lidar.ply,0.10002,799,0.02479,0.14556,0.15001,500,0.02495,0.1517,0.25,200,0.00424,0.13236,0.25,800,0.3129,0.03496,rl
Sewerage,000030_lcam_front_lidar.ply,0.10002,799,0.04995,0.08552,0.15001,500,0.01637,0.16403,0.25,200,0.01462,0.30874,0.25,800,0.30903,0.03616,rl
Sewerage,000031_lcam_front_lidar.ply,0.10002,799,0.0484,0.14234,0.15001,500,0.02542,0.14883,0.25,200,0.00101,0.00058,0.25,800,0.3092,0.03753,rl
Sewerage,000032_lcam_front_lidar.ply,0.10002,799,0.05703,0.09307,0.15001,500,0.00115,0.00069,0.25,200,0.0058,0.1114,0.25,800,0.3092,0.03684,rl
Sewerage,000033_lcam_front_lidar.ply,0.10002,799,0.04405,0.06253,0.15001,500,0.04669,0.18088,0.25,200,0.01505,0.28955,0.25,800,0.30782,0.03662,rl
Sewerage,000034_lcam_front_lidar.ply,0.10002,799,0.01903,0.1056,0.15001,500,0.02464,0.14872,0.25,200,0.24825,0.0736,0.25,800,0.3083,0.03749,rl
Sewerage,000035_lcam_front_lidar.ply,0.10002,799,0.03844,0.13659,0.15001,500,0.01634,0.10151,0.25,200,0.24541,0.07394,0.25,800,0.30956,0.03881,rl
Sewerage,000036_lcam_front_lidar.ply,0.10002,799,0.00095,6e-05,0.15001,500,0.02011,0.11124,0.25,200,0.2958,0.10029,0.25,800,0.30644,0.04055,rl
Sewerage,000037_lcam_front_lidar.ply,0.10002,799,0.00115,0.00081,0.15001,500,0.01715,0.09762,0.25,200,0.00488,0.11815,0.25,800,0.30657,0.03989,rl
Sewerage,000038_lcam_front_lidar.ply,0.10002,799,0.018,0.10522,0.15001,500,0.01908,0.2165,0.25,200,0.00571,0.11116,0.25,800,0.30248,0.03922,rl
Sewerage,000039_lcam_front_lidar.ply,0.10002,799,0.00894,0.1197,0.15001,500,0.01894,0.21687,0.25,200,0.00668,0.14474,0.25,800,0.30223,0.04143,rl
Sewerage,000040_lcam_front_lidar.ply,0.10002,799,0.02052,0.12593,0.15001,500,0.02297,0.15416,0.25,200,0.00583,0.10994,0.25,800,0.30599,0.03921,rl
Sewerage,000041_lcam_front_lidar.ply,0.10002,799,0.00118,0.0001,0.15001,500,0.00207,0.11049,0.25,200,0.10172,0.24168,0.25,800,0.30422,0.03985,rl
Sewerage,000042_lcam_front_lidar.ply,0.10002,799,0.01832,0.10614,0.15001,500,0.00253,0.05365,0.25,200,0.00493,0.08914,0.25,800,0.3024,0.04069,rl
Sewerage,000043_lcam_front_lidar.ply,0.10002,799,0.04113,0.11369,0.15001,500,0.02141,0.14035,0.25,200,0.57504,0.18525,0.25,800,0.30412,0.0394,loose
Sewerage,000044_lcam_front_lidar.ply,0.10002,799,0.01222,0.00563,0.15001,500,0.00201,0.07519,0.25,200,0.00771,0.20875,0.25,800,0.30309,0.03944,rl
Sewerage,000045_lcam_front_lidar.ply,0.10002,799,0.01993,0.10529,0.15001,500,0.02011,0.13586,0.25,200,0.24128,0.0754,0.25,800,0.30212,0.04057,rl
Sewerage,000046_lcam_front_lidar.ply,0.10002,799,0.02083,0.13932,0.15001,500,0.04853,0.18095,0.25,200,0.24117,0.06655,0.25,800,0.30249,0.04047,rl
Sewerage,000047_lcam_front_lidar.ply,0.10002,799,0.05547,0.11087,0.15001,500,0.0013,0.00026,0.25,200,0.00359,0.10136,0.25,800,0.30165,0.03975,rl
Sewerage,000048_lcam_front_lidar.ply,0.10002,799,0.0462,0.06615,0.15001,500,0.02116,0.1408,0.25,200,0.00123,0.00096,0.25,800,0.29873,0.0401,rl
Sewerage,000049_lcam_front_lidar.ply,0.10002,799,0.01328,0.14113,0.15001,500,0.02193,0.15219,0.25,200,0.00226,0.0748,0.25,800,0.29906,0.04046,rl
Sewerage,000050_lcam_front_lidar.ply,0.10002,799,0.04821,0.08293,0.15001,500,0.01781,0.10474,0.25,200,0.00297,0.012,0.25,800,0.29932,0.03997,rl
Sewerage,000051_lcam_front_lidar.ply,0.10002,799,0.0037,0.00256,0.15001,500,0.06691,0.16632,0.25,200,0.01063,0.21488,0.25,800,0.30016,0.03945,rl
Sewerage,000052_lcam_front_lidar.ply,0.10002,799,0.01609,0.03551,0.15001,500,0.03938,0.20853,0.25,200,0.00821,0.17602,0.25,800,0.29471,0.0386,rl
Sewerage,000053_lcam_front_lidar.ply,0.10002,799,0.22259,0.0196,0.15001,500,0.00123,0.00016,0.25,200,0.00958,0.17827,0.25,800,0.29637,0.04075,rl
Sewerage,000054_lcam_front_lidar.ply,0.10002,799,0.02755,0.14873,0.15001,500,0.00205,0.14154,0.25,200,0.00486,0.08555,0.25,800,0.29372,0.03963,rl
Sewerage,000055_lcam_front_lidar.ply,0.10002,799,0.01868,0.07511,0.15001,500,0.01634,0.16887,0.25,200,0.00299,0.01276,0.25,800,0.29158,0.0389,rl
Sewerage,000056_lcam_front_lidar.ply,0.10002,799,0.22741,0.01951,0.15001,500,0.01825,0.12287,0.25,200,0.24313,0.06367,0.25,800,0.29271,0.03928,rl
Sewerage,000057_lcam_front_lidar.ply,0.10002,799,0.03158,0.15114,0.15001,500,0.0022,0.05742,0.25,200,0.00964,0.20383,0.25,800,0.29303,0.03954,rl
Sewerage,000058_lcam_front_lidar.ply,0.10002,799,0.2237,0.01858,0.15001,500,0.0191,0.16091,0.25,200,0.23719,0.06197,0.25,800,0.2891,0.03895,rl
Sewerage,000059_lcam_front_lidar.ply,0.10002,799,0.02141,0.14242,0.15001,500,0.0176,0.13732,0.25,200,0.00151,0.05118,0.25,800,0.29024,0.04075,rl
Sewerage,000060_lcam_front_lidar.ply,0.10002,799,0.02359,0.16146,0.15001,500,0.01972,0.17363,0.25,200,0.00194,0.07242,0.25,800,0.28899,0.04266,rl
Sewerage,000061_lcam_front_lidar.ply,0.10002,799,0.01578,0.10617,0.15001,500,0.01484,0.03403,0.25,200,0.00113,0.00076,0.25,800,0.28725,0.04024,rl
Sewerage,000062_lcam_front_lidar.ply,0.10002,799,0.02872,0.07493,0.15001,500,0.00108,0.00079,0.25,200,0.23696,0.06248,0.25,800,0.29217,0.04171,rl
Sewerage,000063_lcam_front_lidar.ply,0.10002,799,0.22792,0.01887,0.15001,500,0.00125,0.00011,0.25,200,0.00149,0.00228,0.25,800,0.29465,0.04185,rl
Sewerage,000064_lcam_front_lidar.ply,0.10002,799,0.01998,0.14161,0.15001,500,0.01891,0.14703,0.25,200,0.00142,0.0535,0.25,800,0.29021,0.04143,rl
Sewerage,000065_lcam_front_lidar.ply,0.10002,799,0.01181,0.03588,0.15001,500,0.02507,0.17714,0.25,200,0.24252,0.06296,0.25,800,0.28979,0.0423,rl
Sewerage,000066_lcam_front_lidar.ply,0.10002,799,0.22493,0.01886,0.15001,500,0.01325,0.09605,0.25,200,0.00424,0.12366,0.25,800,0.28834,0.04473,rl
Sewerage,000067_lcam_front_lidar.ply,0.10002,799,0.03939,0.11013,0.15001,500,0.05205,0.14045,0.25,200,0.0013,0.00104,0.25,800,0.28627,0.04178,rl
Sewerage,000068_lcam_front_lidar.ply,0.10002,799,0.0084,0.14493,0.15001,500,0.01665,0.20086,0.25,200,0.23375,0.06193,0.25,800,0.28699,0.04286,rl
Sewerage,000069_lcam_front_lidar.ply,0.10002,799,0.00533,0.019,0.15001,500,0.0463,0.19024,0.25,200,0.00646,0.14429,0.25,800,0.28401,0.04306,rl
Sewerage,000070_lcam_front_lidar.ply,0.10002,799,0.01764,0.14303,0.15001,500,0.00045,0.00014,0.25,200,0.00436,0.12057,0.25,800,0.28292,0.04183,rl
Sewerage,000071_lcam_front_lidar.ply,0.10002,799,0.00792,0.0428,0.15001,500,0.00127,9e-05,0.25,200,0.24184,0.0607,0.25,800,0.28043,0.04023,rl
Sewerage,000072_lcam_front_lidar.ply,0.10002,799,0.01036,0.03238,0.15001,500,0.01915,0.14312,0.25,200,0.00453,0.1217,0.25,800,0.27972,0.04005,rl
Sewerage,000073_lcam_front_lidar.ply,0.10002,799,0.00813,0.13966,0.15001,500,0.00108,0.00061,0.25,200,0.00667,0.15566,0.25,800,0.27365,0.04067,rl
Sewerage,000074_lcam_front_lidar.ply,0.10002,799,0.01002,0.02903,0.15001,500,0.01812,0.13127,0.25,200,0.00681,0.15841,0.25,800,0.27529,0.03907,rl
Sewerage,000075_lcam_front_lidar.ply,0.10002,799,0.01488,0.13519,0.15001,500,0.00389,0.12724,0.25,200,0.00901,0.14813,0.25,800,0.2743,0.04301,rl
Sewerage,000076_lcam_front_lidar.ply,0.10002,799,0.00995,0.0371,0.15001,500,0.02089,0.20059,0.25,200,0.00906,0.21606,0.25,800,0.27226,0.04459,rl
Sewerage,000077_lcam_front_lidar.ply,0.10002,799,0.01431,0.07908,0.15001,500,0.03585,0.19584,0.25,200,0.00486,0.12066,0.25,800,0.27042,0.04466,rl
Sewerage,000078_lcam_front_lidar.ply,0.10002,799,0.01486,0.14722,0.15001,500,0.00118,0.00072,0.25,200,0.00118,0.00072,0.25,800,0.26743,0.04527,rl
Sewerage,000079_lcam_front_lidar.ply,0.10002,799,0.00774,0.0467,0.15001,500,0.00708,0.12341,0.25,200,0.00175,0.00451,0.25,800,0.26819,0.0459,rl
Sewerage,000080_lcam_front_lidar.ply,0.10002,799,0.01382,0.14673,0.15001,500,0.01979,0.2054,0.25,200,0.23925,0.05863,0.25,800,0.2646,0.0449,rl
Sewerage,000081_lcam_front_lidar.ply,0.10002,799,0.00134,0.00102,0.15001,500,0.03991,0.15941,0.25,200,0.01403,0.2597,0.25,800,0.26259,0.04473,rl
Sewerage,000082_lcam_front_lidar.ply,0.10002,799,0.00905,0.14522,0.15001,500,0.00148,0.00287,0.25,200,0.01547,0.25306,0.25,800,0.26023,0.04402,rl
Sewerage,000083_lcam_front_lidar.ply,0.10002,799,0.22932,0.01701,0.15001,500,0.0042,0.11627,0.25,200,0.01297,0.1896,0.25,800,0.26155,0.04558,rl
Sewerage,000084_lcam_front_lidar.ply,0.10002,799,0.00363,0.09919,0.15001,500,0.00266,0.00139,0.25,200,0.00714,0.1582,0.25,800,0.25586,0.04487,rl
Sewerage,000085_lcam_front_lidar.ply,0.10002,799,0.00653,0.11159,0.15001,500,0.01715,0.12092,0.25,200,0.00111,0.00342,0.25,800,0.26162,0.04399,rl
Sewerage,000086_lcam_front_lidar.ply,0.10002,799,0.00898,0.10791,0.15001,500,0.07698,0.14074,0.25,200,0.007,0.09917,0.25,800,0.24988,0.04366,rl
Sewerage,000087_lcam_front_lidar.ply,0.10002,799,0.00497,0.13336,0.15001,500,0.0049,0.06181,0.25,200,0.00144,0.01108,0.25,800,0.24928,0.04662,rl
Sewerage,000088_lcam_front_lidar.ply,0.10002,799,0.0004,0.0,0.15001,500,0.01007,0.02308,0.25,200,0.00771,0.13364,0.25,800,0.24762,0.04624,rl
Sewerage,000089_lcam_front_lidar.ply,0.10002,799,0.00941,0.1498,0.15001,500,0.01842,0.12714,0.25,200,0.0076,0.1089,0.25,800,0.24819,0.04853,rl
Sewerage,000090_lcam_front_lidar.ply,0.10002,799,0.00431,0.10683,0.15001,500,0.00536,0.00699,0.25,200,0.01467,0.12622,0.25,800,0.24897,0.04622,rl
Sewerage,000091_lcam_front_lidar.ply,0.10002,799,0.0049,0.07378,0.15001,500,0.00144,0.00132,0.25,200,0.01295,0.12725,0.25,800,0.23974,0.04701,rl
Sewerage,000092_lcam_front_lidar.ply,0.10002,799,0.00677,0.017,0.15001,500,0.01004,0.1564,0.25,200,0.00667,0.11122,0.25,800,0.22878,0.0452,rl
Sewerage,000093_lcam_front_lidar.ply,0.10002,799,0.00931,0.05779,0.15001,500,0.01823,0.10576,0.25,200,0.00714,0.11503,0.25,800,0.22469,0.04501,rl
Sewerage,000094_lcam_front_lidar.ply,0.10002,799,0.00809,0.15865,0.15001,500,0.01099,0.21875,0.25,200,0.00559,0.10826,0.25,800,0.2167,0.04549,rl
Sewerage,000095_lcam_front_lidar.ply,0.10002,799,0.00819,0.10505,0.15001,500,0.00814,0.17482,0.25,200,0.00688,0.10798,0.25,800,0.21191,0.0457,rl
Sewerage,000096_lcam_front_lidar.ply,0.10002,799,0.00038,8e-05,0.15001,500,0.00538,0.04836,0.25,200,0.20976,0.05394,0.1,800,0.19573,0.04241,loose
Sewerage,000097_lcam_front_lidar.ply,0.10002,799,0.00519,0.00109,0.15001,500,0.00698,0.00391,0.25,200,0.01217,0.12402,0.1,800,0.18879,0.04326,rl
Sewerage,000098_lcam_front_lidar.ply,0.10002,799,0.00648,0.14017,0.15001,500,0.00564,0.06521,0.25,200,0.01175,0.11639,0.1,800,0.18375,0.04364,rl
Sewerage,000099_lcam_front_lidar.ply,0.10002,799,0.00826,0.02211,0.15001,500,0.00236,0.16538,0.25,200,0.00769,0.12043,0.1,800,0.18157,0.04306,rl
Sewerage,000100_lcam_front_lidar.ply,0.10002,799,0.03465,0.05564,0.15001,500,0.03569,0.06094,0.25,200,0.00753,0.11676,0.1,800,0.17882,0.04428,rl
Sewerage,000101_lcam_front_lidar.ply,0.10002,799,0.02253,0.08538,0.15001,500,0.01509,0.10911,0.25,200,0.01115,0.16931,0.1,800,0.17418,0.04199,rl
Sewerage,000102_lcam_front_lidar.ply,0.10002,799,0.0021,0.00181,0.15001,500,0.00965,0.20402,0.25,200,0.00418,0.17381,0.1,800,0.18784,0.04351,rl
Sewerage,000103_lcam_front_lidar.ply,0.10002,799,0.02172,0.07678,0.15001,500,0.00068,2e-05,0.25,200,0.22314,0.04786,0.1,800,0.18524,0.04453,loose
Sewerage,000104_lcam_front_lidar.ply,0.10002,799,0.21217,0.01612,0.15001,500,0.0034,0.03846,0.25,200,0.00458,0.00911,0.1,800,0.1802,0.0427,strict
Sewerage,000105_lcam_front_lidar.ply,0.10002,799,0.00208,0.02102,0.15001,500,0.01144,0.13986,0.25,200,0.00519,0.13506,0.1,800,0.17789,0.04415,rl
Sewerage,000106_lcam_front_lidar.ply,0.10002,799,0.00399,0.00457,0.15001,500,0.01073,0.13859,0.25,200,0.01576,0.21232,0.1,800,0.17723,0.04412,rl
Sewerage,000107_lcam_front_lidar.ply,0.10002,799,0.00068,0.00021,0.15001,500,0.00148,0.00042,0.25,200,0.0042,0.06613,0.1,800,0.17619,0.0459,rl
Sewerage,000108_lcam_front_lidar.ply,0.10002,799,0.00311,0.0018,0.15001,500,0.01231,0.11161,0.25,200,0.00972,0.14196,0.1,800,0.16762,0.04477,rl
Sewerage,000109_lcam_front_lidar.ply,0.10002,799,0.00122,0.00028,0.15001,500,0.002,0.00338,0.25,200,0.0112,0.19182,0.1,800,0.0,0.0,loose
Sewerage,000110_lcam_front_lidar.ply,0.10002,799,0.00427,0.01951,0.15001,500,0.00389,0.00426,0.25,200,0.01252,0.18902,0.1,800,0.0,0.0,loose
Sewerage,000111_lcam_front_lidar.ply,0.10002,799,0.18812,0.02048,0.15001,500,0.00833,0.04315,0.25,200,0.0154,0.14348,0.1,800,0.0,0.0,strict
Sewerage,000112_lcam_front_lidar.ply,0.10002,799,0.17773,0.05304,0.15001,500,0.01533,0.06302,0.25,200,0.01696,0.11079,0.1,800,0.0,0.0,strict
Sewerage,000113_lcam_front_lidar.ply,0.10002,799,0.00278,0.00077,0.15001,500,0.00387,0.00428,0.25,200,0.03351,0.15771,0.1,800,0.0,0.0,loose
Sewerage,000114_lcam_front_lidar.ply,0.10002,799,0.00385,0.00419,0.15001,500,0.0221,0.08801,0.25,200,0.02451,0.21527,0.1,800,0.0,0.0,loose
Sewerage,000115_lcam_front_lidar.ply,0.10002,799,0.00253,0.00437,0.15001,500,0.0105,0.08038,0.25,200,0.0512,0.21062,0.1,800,0.0,0.0,loose
Sewerage,000116_lcam_front_lidar.ply,0.10002,799,0.00476,0.00734,0.15001,500,0.01035,0.07139,0.25,200,0.01495,0.28254,0.1,800,0.0,0.0,loose
Sewerage,000117_lcam_front_lidar.ply,0.10002,799,0.00472,0.01794,0.15001,500,0.01068,0.08162,0.25,200,0.01786,0.15975,0.1,800,0.0,0.0,loose
Sewerage,000118_lcam_front_lidar.ply,0.10002,799,0.01905,0.07786,0.15001,500,0.00146,0.00186,0.25,200,0.05634,0.20272,0.1,800,0.0,0.0,loose
Sewerage,000119_lcam_front_lidar.ply,0.10002,799,0.00368,0.00294,0.15001,500,0.00979,0.0561,0.25,200,0.00318,0.04225,0.1,800,0.0,0.0,standard
Sewerage,000120_lcam_front_lidar.ply,0.10002,799,0.00411,0.00389,0.15001,500,0.00313,0.0037,0.25,200,0.00283,0.05483,0.1,800,0.0,0.0,strict
Sewerage,000121_lcam_front_lidar.ply,0.10002,799,0.00323,0.00352,0.15001,500,0.00441,0.01755,0.25,200,0.00179,0.05135,0.1,800,0.08016,0.04225,rl
Sewerage,000122_lcam_front_lidar.ply,0.10002,799,0.01835,0.08288,0.15001,500,0.00899,0.04591,0.25,200,0.00181,0.00282,0.2,800,0.07409,0.05406,rl
Sewerage,000123_lcam_front_lidar.ply,0.10002,799,0.01575,0.06829,0.15001,500,0.02929,0.2159,0.25,200,0.01528,0.13941,0.1,800,0.06778,0.04461,rl
Sewerage,000124_lcam_front_lidar.ply,0.10002,799,0.00828,0.13016,0.15001,500,0.00854,0.04822,0.25,200,0.00467,0.0476,0.1,800,0.06316,0.0433,rl
Sewerage,000125_lcam_front_lidar.ply,0.10002,799,0.01396,0.07271,0.15001,500,0.0,0.0,0.25,200,0.01092,0.11708,0.1,800,0.05881,0.04256,rl
Sewerage,000126_lcam_front_lidar.ply,0.10002,799,0.0,0.0,0.15001,500,0.0,0.0,0.25,200,0.0154,0.14879,0.2,800,0.05365,0.05081,rl
Sewerage,000127_lcam_front_lidar.ply,0.10002,799,0.02236,0.00939,0.15001,500,0.04759,0.05395,0.25,200,0.06771,0.21531,0.1,800,0.03577,0.04458,loose
Sewerage,000128_lcam_front_lidar.ply,0.10002,799,0.0,0.0,0.15001,500,0.0,0.0,0.25,200,0.07178,0.23662,0.1,800,0.03932,0.04575,loose
Sewerage,000129_lcam_front_lidar.ply,0.10002,799,0.02936,0.03061,0.15001,500,0.0,0.0,0.25,200,0.01587,0.13974,0.1,800,0.03937,0.06812,rl
Sewerage,000130_lcam_front_lidar.ply,0.10002,799,0.0,0.0,0.15001,500,0.0,0.0,0.25,200,0.00224,0.09208,0.2,800,0.0475,0.0696,rl
Sewerage,000131_lcam_front_lidar.ply,0.10002,799,0.00514,0.07362,0.15001,500,0.00424,0.14217,0.25,200,0.01641,0.13657,0.2,800,0.05241,0.0694,rl
Sewerage,000132_lcam_front_lidar.ply,0.10002,799,0.00842,0.12158,0.15001,500,0.00837,0.07775,0.25,200,0.02076,0.10241,0.2,800,0.05672,0.06931,rl
Sewerage,000133_lcam_front_lidar.ply,0.10002,799,0.00953,0.04972,0.15001,500,0.00505,0.00763,0.25,200,0.07783,0.27033,0.2,800,0.06004,0.07037,loose
Sewerage,000134_lcam_front_lidar.ply,0.10002,799,0.00854,0.11627,0.15001,500,0.03722,0.14551,0.25,200,0.01637,0.13843,0.2,800,0.06325,0.06997,rl
Sewerage,000135_lcam_front_lidar.ply,0.10002,799,0.00879,0.14793,0.15001,500,0.00474,0.01924,0.25,200,0.01655,0.1401,0.2,800,0.06595,0.07118,rl
Sewerage,000136_lcam_front_lidar.ply,0.10002,799,0.0,0.0,0.15001,500,0.01707,0.10916,0.25,200,0.01601,0.14262,0.2,800,0.07288,0.09317,rl
Sewerage,000137_lcam_front_lidar.ply,0.10002,799,0.0,0.0,0.15001,500,0.00503,0.0079,0.25,200,0.01627,0.15474,0.2,800,0.07024,0.07024,rl
Sewerage,000138_lcam_front_lidar.ply,0.10002,799,0.01398,0.08285,0.15001,500,0.00425,0.00512,0.25,200,0.01597,0.16309,0.1,800,0.06921,0.05417,rl
Sewerage,000139_lcam_front_lidar.ply,0.10002,799,0.0046,0.08737,0.15001,500,0.0116,0.07001,0.25,200,0.01533,0.16715,0.2,800,0.07452,0.07499,rl
Sewerage,000140_lcam_front_lidar.ply,0.10002,799,0.00198,0.00119,0.15001,500,0.03318,0.16795,0.25,200,0.01549,0.17959,0.2,800,0.07942,0.08882,rl
Sewerage,000141_lcam_front_lidar.ply,0.10002,799,0.00229,0.10036,0.15001,500,0.04609,0.19335,0.25,200,0.06575,0.21254,0.2,800,0.07831,0.05164,rl
Sewerage,000142_lcam_front_lidar.ply,0.10002,799,0.00455,0.12496,0.15001,500,0.0024,0.05036,0.25,200,0.00957,0.12982,0.2,800,0.08288,0.08595,rl
Sewerage,000143_lcam_front_lidar.ply,0.10002,799,0.00458,0.11929,0.15001,500,0.00795,0.04199,0.25,200,0.01411,0.20566,0.1,800,0.08684,0.05265,rl
Sewerage,000144_lcam_front_lidar.ply,0.10002,799,0.00766,0.11161,0.15001,500,0.00281,0.07019,0.25,200,0.01104,0.16723,0.1,800,0.08875,0.05257,rl
Sewerage,000145_lcam_front_lidar.ply,0.10002,799,0.00538,0.12012,0.15001,500,0.03601,0.15314,0.25,200,0.00069,0.00038,0.1,800,0.09089,0.05403,rl
Sewerage,000146_lcam_front_lidar.ply,0.10002,799,0.00519,0.10016,0.15001,500,0.01424,0.06588,0.25,200,0.06082,0.20745,0.1,800,0.09509,0.05469,rl
Sewerage,000147_lcam_front_lidar.ply,0.10002,799,0.0584,0.0913,0.15001,500,0.03354,0.13458,0.25,200,0.01448,0.13039,0.1,800,0.09783,0.05357,rl
Sewerage,000148_lcam_front_lidar.ply,0.10002,799,0.00398,0.12618,0.15001,500,0.03452,0.1713,0.25,200,0.00977,0.1516,0.1,800,0.09857,0.05382,rl
Sewerage,000149_lcam_front_lidar.ply,0.10002,799,0.00483,0.11514,0.15001,500,0.04268,0.16381,0.25,200,0.00217,0.11265,0.1,800,0.10283,0.0546,rl
Sewerage,000150_lcam_front_lidar.ply,0.10002,799,0.02749,0.0522,0.15001,500,0.03724,0.14965,0.25,200,0.00221,0.10886,0.1,800,0.10308,0.05428,rl
Sewerage,000151_lcam_front_lidar.ply,0.10002,799,0.00248,0.08876,0.15001,500,0.03775,0.15199,0.25,200,0.00139,0.15825,0.1,800,0.10377,0.05402,rl
Sewerage,000152_lcam_front_lidar.ply,0.10002,799,0.00432,0.11158,0.15001,500,0.03339,0.12409,0.25,200,0.00122,0.00096,0.1,800,0.10539,0.05499,rl
Sewerage,000153_lcam_front_lidar.ply,0.10002,799,0.06601,0.10261,0.15001,500,0.01333,0.0578,0.25,200,0.06177,0.25023,0.1,800,0.1074,0.05535,rl
Sewerage,000154_lcam_front_lidar.ply,0.10002,799,0.03622,0.07803,0.15001,500,0.02762,0.11623,0.25,200,0.00127,0.15613,0.1,800,0.10923,0.05551,rl
Sewerage,000155_lcam_front_lidar.ply,0.10002,799,0.00295,0.13403,0.15001,500,0.01245,0.10704,0.25,200,0.05783,0.23813,0.1,800,0.11106,0.05475,rl
Sewerage,000156_lcam_front_lidar.ply,0.10002,799,0.00471,0.07622,0.15001,500,0.02641,0.1255,0.25,200,0.00149,0.16644,0.1,800,0.11124,0.05592,rl
Sewerage,000157_lcam_front_lidar.ply,0.10002,799,0.00974,0.13533,0.15001,500,0.00196,0.00084,0.25,200,0.00139,0.15428,0.1,800,0.11202,0.05486,rl
Sewerage,000158_lcam_front_lidar.ply,0.10002,799,0.04966,0.07864,0.15001,500,0.02196,0.10423,0.25,200,0.05068,0.17509,0.1,800,0.10967,0.05521,rl
Sewerage,000159_lcam_front_lidar.ply,0.10002,799,0.15089,0.13545,0.15001,500,0.02531,0.1182,0.25,200,0.00146,0.16456,0.1,800,0.11044,0.0547,strict
Sewerage,000160_lcam_front_lidar.ply,0.10002,799,0.02471,0.04919,0.15001,500,0.00273,0.01641,0.25,200,0.00384,0.06445,0.1,800,0.10922,0.05444,rl
Sewerage,000161_lcam_front_lidar.ply,0.10002,799,0.04235,0.05289,0.15001,500,0.0054,0.16727,0.25,200,0.00156,0.00313,0.1,800,0.10973,0.05447,rl
Sewerage,000162_lcam_front_lidar.ply,0.10002,799,0.08273,0.08424,0.15001,500,0.02887,0.12202,0.25,200,0.04719,0.22884,0.1,800,0.10803,0.05402,rl
Sewerage,000163_lcam_front_lidar.ply,0.10002,799,0.09828,0.13632,0.15001,500,0.028,0.11811,0.25,200,0.042,0.2087,0.1,800,0.10662,0.05387,rl
Sewerage,000164_lcam_front_lidar.ply,0.10002,799,0.06724,0.13172,0.15001,500,0.08705,0.17056,0.25,200,0.00411,0.06906,0.1,800,0.10548,0.05415,rl
Sewerage,000165_lcam_front_lidar.ply,0.10002,799,0.09259,0.12691,0.15001,500,0.00582,0.16489,0.25,200,0.00394,0.05473,0.1,800,0.12759,0.07908,rl
Sewerage,000166_lcam_front_lidar.ply,0.10002,799,0.06261,0.10818,0.15001,500,0.02651,0.12376,0.25,200,0.00134,0.00108,0.1,800,0.10621,0.05423,rl
Sewerage,000167_lcam_front_lidar.ply,0.10002,799,0.08219,0.08083,0.15001,500,0.00804,0.17016,0.25,200,0.00571,0.18151,0.1,800,0.10429,0.05281,rl
Sewerage,000168_lcam_front_lidar.ply,0.10002,799,0.11648,0.10888,0.15001,500,0.00608,0.2155,0.25,200,0.0012,0.00059,0.1,800,0.10534,0.05356,strict
Sewerage,000169_lcam_front_lidar.ply,0.10002,799,0.05941,0.06515,0.15001,500,0.01602,0.2202,0.25,200,0.04478,0.24759,0.1,800,0.10432,0.0537,rl
Sewerage,000170_lcam_front_lidar.ply,0.10002,799,0.11693,0.10556,0.15001,500,0.02785,0.13726,0.25,200,0.04299,0.22744,0.1,800,0.10537,0.05278,strict
Sewerage,000171_lcam_front_lidar.ply,0.10002,799,0.05216,0.07663,0.15001,500,0.0034,0.08948,0.25,200,0.04238,0.22675,0.1,800,0.10268,0.05314,rl
Sewerage,000172_lcam_front_lidar.ply,0.10002,799,0.00351,0.11787,0.15001,500,0.01721,0.17253,0.25,200,0.00618,0.19101,0.1,800,0.10237,0.05316,rl
Sewerage,000173_lcam_front_lidar.ply,0.10002,799,0.08904,0.08336,0.15001,500,0.01663,0.10018,0.25,200,0.04131,0.22355,0.1,800,0.1033,0.05359,rl
Sewerage,000174_lcam_front_lidar.ply,0.10002,799,0.08339,0.07777,0.15001,500,0.01997,0.11468,0.25,200,0.00127,0.02452,0.1,800,0.10268,0.05333,rl
Sewerage,000175_lcam_front_lidar.ply,0.10002,799,0.11708,0.10468,0.15001,500,0.01474,0.18944,0.25,200,0.02162,0.1316,0.1,800,0.10272,0.05289,strict
Sewerage,000176_lcam_front_lidar.ply,0.10002,799,0.0387,0.06039,0.15001,500,0.12371,0.13405,0.25,200,0.00604,0.18146,0.1,800,0.10298,0.05362,standard
Sewerage,000177_lcam_front_lidar.ply,0.10002,799,0.12466,0.11692,0.15001,500,0.00288,0.075,0.25,200,0.03172,0.14237,0.1,800,0.1025,0.05345,strict
Sewerage,000178_lcam_front_lidar.ply,0.10002,799,0.07754,0.09141,0.15001,500,0.01293,0.22648,0.25,200,0.00793,0.19266,0.1,800,0.10201,0.05353,rl
Sewerage,000179_lcam_front_lidar.ply,0.10002,799,0.00436,0.00909,0.15001,500,0.04889,0.11244,0.25,200,0.00677,0.17467,0.1,800,0.14012,0.07205,rl
Sewerage,000180_lcam_front_lidar.ply,0.10002,799,0.09183,0.08342,0.15001,500,0.0149,0.10138,0.25,200,0.00741,0.17185,0.1,800,0.13781,0.06389,rl
Sewerage,000181_lcam_front_lidar.ply,0.10002,799,0.00271,0.00404,0.15001,500,0.01471,0.10092,0.25,200,0.02858,0.14385,0.1,800,0.14127,0.07061,rl
Sewerage,000182_lcam_front_lidar.ply,0.10002,799,0.00596,0.14979,0.15001,500,0.00215,0.09467,0.25,200,0.00733,0.15755,0.1,800,0.14194,0.07225,rl
Sewerage,000183_lcam_front_lidar.ply,0.10002,799,0.10518,0.09854,0.15001,500,0.0457,0.12648,0.25,200,0.00797,0.1503,0.1,800,0.14401,0.06966,rl
Sewerage,000184_lcam_front_lidar.ply,0.10002,799,0.13331,0.12325,0.15001,500,0.00297,0.07566,0.25,200,0.03382,0.20612,0.1,800,0.14498,0.07008,rl
Sewerage,000185_lcam_front_lidar.ply,0.10002,799,0.00356,0.01062,0.15001,500,0.01359,0.10098,0.25,200,0.0342,0.2143,0.1,800,0.14472,0.06662,rl
Sewerage,000186_lcam_front_lidar.ply,0.10002,799,0.00639,0.1209,0.15001,500,0.0087,0.15009,0.25,200,0.00472,0.15944,0.1,800,0.14689,0.06545,rl
Sewerage,000187_lcam_front_lidar.ply,0.10002,799,0.1062,0.11183,0.15001,500,0.01023,0.19994,0.25,200,0.02349,0.14379,0.1,800,0.09039,0.05345,strict
Sewerage,000188_lcam_front_lidar.ply,0.10002,799,0.1391,0.12385,0.15001,500,0.01273,0.10095,0.25,200,0.03242,0.21423,0.1,800,0.0883,0.05355,strict
Sewerage,000189_lcam_front_lidar.ply,0.10002,799,0.00432,0.00938,0.15001,500,0.0125,0.10049,0.25,200,0.03177,0.21368,0.1,800,0.0868,0.05368,rl
Sewerage,000190_lcam_front_lidar.ply,0.10002,799,0.0034,0.02118,0.15001,500,0.0092,0.21091,0.25,200,0.03125,0.21455,0.1,800,0.08692,0.06844,rl
Sewerage,000191_lcam_front_lidar.ply,0.10002,799,0.00403,0.00485,0.15001,500,0.00332,0.00089,0.25,200,0.00358,0.03894,0.1,800,0.08045,0.05307,rl
Sewerage,000192_lcam_front_lidar.ply,0.10002,799,0.05976,0.08495,0.15001,500,0.00964,0.15945,0.25,200,0.00368,0.03996,0.1,800,0.1543,0.05151,rl
Sewerage,000193_lcam_front_lidar.ply,0.10002,799,0.0527,0.07963,0.15001,500,0.00875,0.21847,0.25,200,0.0037,0.04085,0.1,800,0.15598,0.05556,rl
Sewerage,000194_lcam_front_lidar.ply,0.10002,799,0.03066,0.06675,0.15001,500,0.00964,0.152,0.25,200,0.02938,0.21248,0.1,800,0.16241,0.06295,rl
Sewerage,000195_lcam_front_lidar.ply,0.10002,799,0.06374,0.0998,0.15001,500,0.03834,0.10714,0.25,200,0.02584,0.20544,0.1,800,0.16208,0.06169,rl
Sewerage,000196_lcam_front_lidar.ply,0.10002,799,0.05243,0.08936,0.15001,500,0.00252,0.10945,0.25,200,0.02743,0.2037,0.1,800,0.16377,0.06031,rl
Sewerage,000197_lcam_front_lidar.ply,0.10002,799,0.05131,0.08226,0.15001,500,0.00696,0.20888,0.25,200,0.01554,0.1156,0.1,800,0.16608,0.06118,rl
Sewerage,000198_lcam_front_lidar.ply,0.10002,799,0.02717,0.09063,0.15001,500,0.00892,0.1197,0.25,200,0.02571,0.21921,0.1,800,0.16633,0.0569,rl
Sewerage,000199_lcam_front_lidar.ply,0.10002,799,0.04315,0.10341,0.15001,500,0.00394,0.0015,0.25,200,0.02542,0.22167,0.1,800,0.16802,0.05941,rl
Sewerage,000200_lcam_front_lidar.ply,0.10002,799,0.03247,0.09649,0.15001,500,0.00382,0.21119,0.25,200,0.02493,0.21795,0.1,800,0.17027,0.05673,rl
Sewerage,000201_lcam_front_lidar.ply,0.10002,799,0.02691,0.09709,0.15001,500,0.00672,0.07629,0.25,200,0.02472,0.2174,0.1,800,0.17241,0.05848,rl
Sewerage,000202_lcam_front_lidar.ply,0.10002,799,0.02509,0.07206,0.15001,500,0.00853,0.22166,0.25,200,0.02448,0.21695,0.1,800,0.17337,0.05851,rl
Sewerage,000203_lcam_front_lidar.ply,0.10002,799,0.02585,0.07521,0.15001,500,0.0095,0.12626,0.25,200,0.00417,0.04323,0.1,800,0.17254,0.05358,rl
Sewerage,000204_lcam_front_lidar.ply,0.10002,799,0.0038,0.00444,0.15001,500,0.00576,0.03803,0.25,200,0.02005,0.20964,0.1,800,0.17562,0.05598,rl
Sewerage,000205_lcam_front_lidar.ply,0.10002,799,0.02877,0.06443,0.15001,500,0.03979,0.11864,0.25,200,0.00108,0.07444,0.1,800,0.17546,0.0563,rl
Sewerage,000206_lcam_front_lidar.ply,0.10002,799,0.11424,0.10259,0.15001,500,0.00927,0.20307,0.25,200,0.00108,0.09365,0.1,800,0.17533,0.05247,rl
Sewerage,000207_lcam_front_lidar.ply,0.10002,799,0.03254,0.06867,0.15001,500,0.01872,0.08896,0.25,200,0.01255,0.10425,0.1,800,0.17891,0.05701,rl
Sewerage,000208_lcam_front_lidar.ply,0.10002,799,0.02566,0.07601,0.15001,500,0.00646,0.16262,0.25,200,0.02316,0.22054,0.1,800,0.18041,0.05751,rl
Sewerage,000209_lcam_front_lidar.ply,0.10002,799,0.02545,0.07452,0.15001,500,0.00488,0.17221,0.25,200,0.00622,0.09387,0.1,800,0.18207,0.05488,rl
Sewerage,000210_lcam_front_lidar.ply,0.10002,799,0.00149,0.00199,0.15001,500,0.04153,0.12613,0.25,200,0.0254,0.29475,0.1,800,0.18243,0.05456,rl
Sewerage,000211_lcam_front_lidar.ply,0.10002,799,0.03387,0.06946,0.15001,500,0.01288,0.13401,0.25,200,0.00182,0.0565,0.1,800,0.18328,0.05354,rl
Sewerage,000212_lcam_front_lidar.ply,0.10002,799,0.03547,0.0684,0.15001,500,0.01281,0.1332,0.25,200,0.00396,0.03707,0.1,800,0.18567,0.05764,rl
Sewerage,000213_lcam_front_lidar.ply,0.10002,799,0.09051,0.09399,0.15001,500,0.00326,0.22233,0.25,200,0.00418,0.03827,0.1,800,0.18679,0.05625,rl
Sewerage,000214_lcam_front_lidar.ply,0.10002,799,0.03453,0.07682,0.15001,500,0.00274,0.07037,0.25,200,0.01212,0.15749,0.1,800,0.1866,0.05306,rl
Sewerage,000215_lcam_front_lidar.ply,0.10002,799,0.12744,0.09793,0.15001,500,0.0129,0.13619,0.25,200,0.01609,0.11788,0.1,800,0.18627,0.05354,rl
Sewerage,000216_lcam_front_lidar.ply,0.10002,799,0.07716,0.08435,0.15001,500,0.00342,0.19518,0.25,200,0.01302,0.18633,0.1,800,0.18774,0.05344,rl
Sewerage,000217_lcam_front_lidar.ply,0.10002,799,0.15327,0.10966,0.15001,500,0.0075,0.08564,0.25,200,0.02066,0.1984,0.1,800,0.18809,0.051,rl
Sewerage,000218_lcam_front_lidar.ply,0.10002,799,0.16499,0.10854,0.15001,500,0.02228,0.15081,0.25,200,0.01266,0.11339,0.1,800,0.18853,0.05141,rl
Sewerage,000219_lcam_front_lidar.ply,0.10002,799,0.15981,0.1151,0.15001,500,0.00306,0.18777,0.25,200,0.02102,0.27337,0.1,800,0.1913,0.05278,rl
Sewerage,000220_lcam_front_lidar.ply,0.10002,799,0.15006,0.10386,0.15001,500,0.00292,0.05502,0.25,200,0.00767,0.09854,0.1,800,0.18959,0.05127,rl
Sewerage,000221_lcam_front_lidar.ply,0.10002,799,0.03988,0.07044,0.15001,500,0.00304,0.05441,0.25,200,0.01177,0.16141,0.1,800,0.18931,0.0521,rl
Sewerage,000222_lcam_front_lidar.ply,0.10002,799,0.17255,0.11019,0.15001,500,0.00253,0.17395,0.25,200,0.00108,0.10663,0.1,800,0.19261,0.05155,rl
Sewerage,000223_lcam_front_lidar.ply,0.10002,799,0.02794,0.06711,0.15001,500,0.01398,0.1518,0.25,200,0.01328,0.1315,0.1,800,0.19224,0.05165,rl
Sewerage,000224_lcam_front_lidar.ply,0.10002,799,0.0321,0.07103,0.15001,500,0.04858,0.10748,0.25,200,0.01745,0.28683,0.1,800,0.19311,0.05104,rl
Sewerage,000225_lcam_front_lidar.ply,0.10002,799,0.02495,0.03786,0.15001,500,0.01387,0.1506,0.25,200,0.01722,0.15039,0.1,800,0.19148,0.04828,rl
Sewerage,000226_lcam_front_lidar.ply,0.10002,799,0.00215,0.00173,0.15001,500,0.00069,0.00043,0.25,200,0.00573,0.05708,0.1,800,0.19366,0.05152,rl
Sewerage,000227_lcam_front_lidar.ply,0.10002,799,0.12299,0.0841,0.15001,500,0.04988,0.10996,0.25,200,0.00158,0.15825,0.1,800,0.19448,0.05164,rl
Sewerage,000228_lcam_front_lidar.ply,0.10002,799,0.09213,0.07952,0.15001,500,0.01361,0.14384,0.25,200,0.0166,0.20821,0.1,800,0.19544,0.05081,rl
Sewerage,000229_lcam_front_lidar.ply,0.10002,799,0.15203,0.10132,0.15001,500,0.00247,0.00199,0.25,200,0.00346,0.32305,0.1,800,0.19519,0.04681,rl
Sewerage,000230_lcam_front_lidar.ply,0.10002,799,0.03648,0.06235,0.15001,500,0.00637,0.14215,0.25,200,0.01209,0.13031,0.1,800,0.19752,0.05051,rl
Sewerage,000231_lcam_front_lidar.ply,0.10002,799,0.09794,0.07287,0.15001,500,0.01503,0.17177,0.25,200,0.01243,0.1457,0.1,800,0.19698,0.0489,rl
Sewerage,000232_lcam_front_lidar.ply,0.10002,799,0.04137,0.06915,0.15001,500,0.01354,0.14418,0.25,200,0.01679,0.20331,0.1,800,0.19763,0.04824,rl
Sewerage,000233_lcam_front_lidar.ply,0.10002,799,0.12066,0.07903,0.15001,500,0.0116,0.12083,0.25,200,0.01793,0.22854,0.1,800,0.19473,0.04959,rl
Sewerage,000234_lcam_front_lidar.ply,0.10002,799,0.09691,0.06505,0.15001,500,0.00179,0.0002,0.25,200,0.01582,0.18613,0.1,800,0.19579,0.04446,rl
Sewerage,000235_lcam_front_lidar.ply,0.10002,799,0.0021,0.0013,0.15001,500,0.01812,0.10167,0.25,200,0.00227,0.00165,0.1,800,0.19647,0.05196,rl
Sewerage,000236_lcam_front_lidar.ply,0.10002,799,0.14694,0.09507,0.15001,500,0.00977,0.08219,0.25,200,0.01748,0.22985,0.1,800,0.19736,0.05302,rl
Sewerage,000237_lcam_front_lidar.ply,0.10002,799,0.06775,0.06562,0.15001,500,0.00832,0.11576,0.25,200,0.01099,0.13246,0.1,800,0.1907,0.04168,rl
Sewerage,000238_lcam_front_lidar.ply,0.10002,799,0.06459,0.06879,0.15001,500,0.00972,0.15211,0.25,200,0.01356,0.27608,0.1,800,0.19386,0.04765,rl
Sewerage,000239_lcam_front_lidar.ply,0.10002,799,0.17152,0.10501,0.15001,500,0.00384,0.0128,0.25,200,0.01333,0.18084,0.1,800,0.19787,0.04771,rl
Sewerage,000240_lcam_front_lidar.ply,0.10002,799,0.17463,0.10635,0.15001,500,0.00257,0.00442,0.25,200,0.01004,0.25882,0.1,800,0.19754,0.04838,rl
Sewerage,000241_lcam_front_lidar.ply,0.10002,799,0.08596,0.07006,0.15001,500,0.00134,0.00119,0.25,200,0.01504,0.18504,0.1,800,0.1939,0.04597,rl
Sewerage,000242_lcam_front_lidar.ply,0.10002,799,0.12156,0.0735,0.15001,500,0.01024,0.15864,0.25,200,0.00168,0.00128,0.1,800,0.19629,0.04938,rl
Sewerage,000243_lcam_front_lidar.ply,0.10002,799,0.18161,0.10613,0.15001,500,0.00958,0.12536,0.25,200,0.0062,0.08434,0.1,800,0.19466,0.05189,rl
Sewerage,000244_lcam_front_lidar.ply,0.10002,799,0.00052,3e-05,0.15001,500,0.005,0.18357,0.25,200,0.00135,0.00122,0.1,800,0.18978,0.04307,rl
Sewerage,000245_lcam_front_lidar.ply,0.10002,799,0.00187,0.00022,0.15001,500,0.00974,0.12761,0.25,200,0.01312,0.15259,0.1,800,0.14456,0.05032,rl
Sewerage,000246_lcam_front_lidar.ply,0.10002,799,0.04398,0.05788,0.15001,500,0.00941,0.10751,0.25,200,0.01168,0.11443,0.1,800,0.14842,0.05584,rl
Sewerage,000247_lcam_front_lidar.ply,0.10002,799,0.07614,0.0723,0.15001,500,0.0029,0.00744,0.25,200,0.00658,0.07924,0.1,800,0.14419,0.0459,rl
Sewerage,000248_lcam_front_lidar.ply,0.10002,799,0.00146,0.00024,0.15001,500,0.01019,0.14722,0.25,200,0.00774,0.14096,0.1,800,0.19407,0.0486,rl
Sewerage,000249_lcam_front_lidar.ply,0.10002,799,0.08245,0.09533,0.15001,500,0.01009,0.13144,0.25,200,0.00616,0.06916,0.1,800,0.14965,0.05955,rl
Sewerage,000250_lcam_front_lidar.ply,0.10002,799,0.09519,0.07254,0.15001,500,0.0029,0.00104,0.25,200,0.00946,0.1042,0.1,800,0.14868,0.05249,rl
Sewerage,000251_lcam_front_lidar.ply,0.10002,799,0.15652,0.09991,0.15001,500,0.01813,0.06112,0.25,200,0.00378,0.01355,0.1,800,0.14759,0.05053,strict
Sewerage,000252_lcam_front_lidar.ply,0.10002,799,0.13696,0.09303,0.15001,500,0.00443,0.24257,0.25,200,0.00847,0.06554,0.1,800,0.15141,0.05874,rl
Sewerage,000253_lcam_front_lidar.ply,0.10002,799,0.00118,0.00084,0.15001,500,0.00146,0.00133,0.25,200,0.00813,0.05817,0.1,800,0.14817,0.05129,rl
Sewerage,000254_lcam_front_lidar.ply,0.10002,799,0.04023,0.04493,0.15001,500,0.00309,0.00145,0.25,200,0.00774,0.10141,0.1,800,0.14655,0.04265,rl
Sewerage,000255_lcam_front_lidar.ply,0.10002,799,0.0053,0.03672,0.15001,500,0.00903,0.14263,0.25,200,0.00778,0.05654,0.1,800,0.14603,0.04346,rl
Sewerage,000256_lcam_front_lidar.ply,0.10002,799,0.04384,0.04361,0.15001,500,0.00759,0.02762,0.25,200,0.00755,0.05767,0.1,800,0.14811,0.04213,rl
Sewerage,000257_lcam_front_lidar.ply,0.10002,799,0.00224,0.13298,0.15001,500,0.00651,0.10731,0.25,200,0.00722,0.05942,0.1,800,0.1472,0.04672,rl
Sewerage,000258_lcam_front_lidar.ply,0.10002,799,0.01773,0.06088,0.15001,500,0.00278,0.00103,0.25,200,0.01478,0.18484,0.1,800,0.14846,0.0439,rl
Sewerage,000259_lcam_front_lidar.ply,0.10002,799,0.22987,0.08676,0.15001,500,0.00375,0.06259,0.25,200,0.00656,0.0643,0.1,800,0.14845,0.04874,strict
Sewerage,000260_lcam_front_lidar.ply,0.10002,799,0.04172,0.0458,0.15001,500,0.00307,0.05579,0.25,200,0.00639,0.06393,0.1,800,0.14599,0.03832,rl
Sewerage,000261_lcam_front_lidar.ply,0.10002,799,0.00281,0.00116,0.15001,500,0.01632,0.06715,0.25,200,0.01398,0.15609,0.1,800,0.14697,0.03758,rl
Sewerage,000262_lcam_front_lidar.ply,0.10002,799,0.00427,0.00111,0.15001,500,0.00929,0.15044,0.25,200,0.00467,0.03885,0.1,800,0.1533,0.05671,rl
Sewerage,000263_lcam_front_lidar.ply,0.10002,799,0.00271,0.00337,0.15001,500,0.00934,0.16942,0.25,200,0.00564,0.07533,0.1,800,0.15315,0.05129,rl
Sewerage,000264_lcam_front_lidar.ply,0.10002,799,0.00238,0.0018,0.15001,500,0.00288,0.18416,0.25,200,0.01537,0.18964,0.1,800,0.15213,0.04762,rl
Sewerage,000265_lcam_front_lidar.ply,0.10002,799,0.02726,0.07705,0.15001,500,0.00566,0.1156,0.25,200,0.00398,0.04482,0.1,800,0.15179,0.04354,rl
Sewerage,000266_lcam_front_lidar.ply,0.10002,799,0.01042,0.08806,0.15001,500,0.00342,0.1031,0.25,200,0.01436,0.15367,0.1,800,0.15747,0.04845,rl
Sewerage,000267_lcam_front_lidar.ply,0.10002,799,0.0587,0.02168,0.15001,500,0.00991,0.02526,0.25,200,0.01035,0.19748,0.1,800,0.161,0.05926,rl
Sewerage,000268_lcam_front_lidar.ply,0.10002,799,0.05853,0.02175,0.15001,500,0.00335,0.08207,0.25,200,0.01528,0.17897,0.1,800,0.19254,0.05957,rl
Sewerage,000269_lcam_front_lidar.ply,0.10002,799,0.23354,0.07535,0.15001,500,0.00163,0.10825,0.25,200,0.00231,0.03079,0.1,800,0.16964,0.06896,strict
Sewerage,000270_lcam_front_lidar.ply,0.10002,799,0.02328,0.07376,0.15001,500,0.01012,0.17345,0.25,200,0.01606,0.19765,0.1,800,0.1609,0.04051,rl
Sewerage,000271_lcam_front_lidar.ply,0.10002,799,0.21456,0.06565,0.15001,500,0.00915,0.12577,0.25,200,0.00561,0.04302,0.1,800,0.17138,0.06036,strict
Sewerage,000272_lcam_front_lidar.ply,0.10002,799,0.02447,0.08008,0.15001,500,0.00102,0.00069,0.25,200,0.01641,0.2015,0.1,800,0.17404,0.06378,rl
Sewerage,000273_lcam_front_lidar.ply,0.10002,799,0.00221,0.0023,0.15001,500,0.00179,0.00022,0.25,200,0.00161,0.02001,0.1,800,0.17648,0.06464,rl
Sewerage,000274_lcam_front_lidar.ply,0.10002,799,0.02377,0.07386,0.15001,500,0.0101,0.15307,0.25,200,0.01634,0.17475,0.1,800,0.17783,0.06052,rl
Sewerage,000275_lcam_front_lidar.ply,0.10002,799,0.02427,0.0569,0.15001,500,0.00918,0.11801,0.25,200,0.00257,0.00711,0.1,800,0.17712,0.05906,rl
Sewerage,000276_lcam_front_lidar.ply,0.10002,799,0.02438,0.08087,0.15001,500,0.00997,0.15073,0.25,200,0.01026,0.16688,0.1,800,0.16965,0.03708,rl
Sewerage,000277_lcam_front_lidar.ply,0.10002,799,0.02367,0.07393,0.15001,500,0.00891,0.10944,0.25,200,0.00379,0.08087,0.1,800,0.176,0.04886,rl
Sewerage,000278_lcam_front_lidar.ply,0.10002,799,0.02389,0.07492,0.15001,500,0.04844,0.09461,0.25,200,0.02057,0.22283,0.1,800,0.18455,0.06462,rl
Sewerage,000279_lcam_front_lidar.ply,0.10002,799,0.00125,0.00122,0.15001,500,0.00686,0.0227,0.25,200,0.01686,0.1909,0.1,800,0.18518,0.05907,rl
Sewerage,000280_lcam_front_lidar.ply,0.10002,799,0.00168,0.00029,0.15001,500,0.04941,0.09616,0.25,200,0.0041,0.27066,0.1,800,0.18232,0.04494,rl
Sewerage,000281_lcam_front_lidar.ply,0.10002,799,0.03214,0.06917,0.15001,500,0.00939,0.11612,0.25,200,0.00349,0.0781,0.1,800,0.18286,0.04401,rl
Sewerage,000282_lcam_front_lidar.ply,0.10002,799,0.02385,0.07553,0.15001,500,0.00247,0.00093,0.25,200,0.00344,0.07961,0.1,800,0.18813,0.04965,rl
Sewerage,000283_lcam_front_lidar.ply,0.10002,799,0.02346,0.07511,0.15001,500,0.00792,0.01509,0.25,200,0.00337,0.07841,0.1,800,0.19619,0.05734,rl
Sewerage,000284_lcam_front_lidar.ply,0.10002,799,0.02335,0.07439,0.15001,500,0.00295,0.17482,0.25,200,0.00146,0.03706,0.1,800,0.19201,0.03911,rl
Sewerage,000285_lcam_front_lidar.ply,0.10002,799,0.01953,0.02762,0.15001,500,0.00255,0.00094,0.25,200,0.00153,0.03893,0.1,800,0.1932,0.0352,rl
Sewerage,000286_lcam_front_lidar.ply,0.10002,799,0.02302,0.07417,0.15001,500,0.0053,0.01439,0.25,200,0.00252,0.00093,0.1,800,0.19902,0.0454,rl
Sewerage,000287_lcam_front_lidar.ply,0.10002,799,0.02309,0.07391,0.15001,500,0.00248,0.00083,0.25,200,0.01573,0.21184,0.1,800,0.19275,0.03047,rl
Sewerage,000288_lcam_front_lidar.ply,0.10002,799,0.02333,0.07458,0.15001,500,0.04886,0.11406,0.25,200,0.00172,0.03941,0.1,800,0.20598,0.05028,rl
Sewerage,000289_lcam_front_lidar.ply,0.10002,799,0.02307,0.07459,0.15001,500,0.01004,0.16416,0.25,200,0.00323,0.10575,0.1,800,0.20447,0.04361,rl
Sewerage,000290_lcam_front_lidar.ply,0.10002,799,0.00102,0.00087,0.15001,500,0.0041,0.15171,0.25,200,0.00189,0.03437,0.1,800,0.20986,0.0508,rl
Sewerage,000291_lcam_front_lidar.ply,0.10002,799,0.02285,0.07459,0.15001,500,0.04794,0.11819,0.25,200,0.00196,0.06729,0.1,800,0.20627,0.0418,rl
Sewerage,000292_lcam_front_lidar.ply,0.10002,799,0.03603,0.06541,0.15001,500,0.04707,0.11364,0.25,200,0.0157,0.21049,0.1,800,0.20585,0.03445,rl
Sewerage,000293_lcam_front_lidar.ply,0.10002,799,0.02273,0.07065,0.15001,500,0.00993,0.16963,0.25,200,0.00361,0.10365,0.1,800,0.21248,0.05018,rl
Sewerage,000294_lcam_front_lidar.ply,0.10002,799,0.0228,0.07488,0.15001,500,0.00142,0.00186,0.25,200,0.01531,0.19709,0.1,800,0.20882,0.03434,rl
Sewerage,000295_lcam_front_lidar.ply,0.10002,799,0.00635,0.009,0.15001,500,0.24102,0.19122,0.25,200,0.01582,0.21371,0.1,800,0.21699,0.04691,standard
Sewerage,000296_lcam_front_lidar.ply,0.10002,799,0.00205,0.00022,0.15001,500,0.2484,0.19604,0.25,200,0.00196,0.09902,0.1,800,0.21987,0.05197,standard
Sewerage,000297_lcam_front_lidar.ply,0.10002,799,0.03337,0.06914,0.15001,500,0.01403,0.15788,0.25,200,0.002,0.10595,0.1,800,0.22807,0.06364,rl
Sewerage,000298_lcam_front_lidar.ply,0.10002,799,0.00828,0.03685,0.15001,500,0.00102,0.0788,0.25,200,0.01537,0.19849,0.1,800,0.21145,0.0298,rl
Sewerage,000299_lcam_front_lidar.ply,0.10002,799,0.02484,0.07343,0.15001,500,0.0091,0.16792,0.25,200,0.00201,0.09908,0.1,800,0.21828,0.03846,rl
Sewerage,000300_lcam_front_lidar.ply,0.10002,799,0.04174,0.09535,0.15001,500,0.00165,0.00175,0.25,200,0.00528,0.04626,0.1,800,0.22399,0.04696,rl
Sewerage,000301_lcam_front_lidar.ply,0.10002,799,0.03047,0.05922,0.15001,500,0.00201,0.10221,0.25,200,0.01539,0.20522,0.1,800,0.23117,0.06127,rl
Sewerage,000302_lcam_front_lidar.ply,0.10002,799,0.17143,0.14377,0.15001,500,0.01268,0.1375,0.25,200,0.00248,0.00196,0.1,800,0.21798,0.03217,rl
Sewerage,000303_lcam_front_lidar.ply,0.10002,799,0.16609,0.14186,0.15001,500,0.01273,0.13891,0.25,200,0.00358,0.1029,0.1,800,0.22181,0.03788,rl
Sewerage,000304_lcam_front_lidar.ply,0.10002,799,0.16692,0.14567,0.15001,500,0.00874,0.17896,0.25,200,0.00351,0.10625,0.1,800,0.22439,0.03682,rl
Sewerage,000305_lcam_front_lidar.ply,0.10002,799,0.0037,0.13268,0.15001,500,0.00203,0.10566,0.25,200,0.00387,0.26329,0.1,800,0.22936,0.04728,rl
Sewerage,000306_lcam_front_lidar.ply,0.10002,799,0.0054,0.01323,0.15001,500,0.01293,0.1448,0.25,200,0.01595,0.22375,0.1,800,0.22893,0.0456,rl
Sewerage,000307_lcam_front_lidar.ply,0.10002,799,0.0044,0.11258,0.15001,500,0.2262,0.21147,0.25,200,0.01913,0.2332,0.1,800,0.22494,0.03332,standard
Sewerage,000308_lcam_front_lidar.ply,0.10002,799,0.15302,0.14385,0.15001,500,0.00313,0.04854,0.25,200,0.00502,0.29533,0.1,800,0.23101,0.04582,rl
Sewerage,000309_lcam_front_lidar.ply,0.10002,799,0.14882,0.14142,0.15001,500,0.01456,0.17808,0.25,200,0.00189,0.00117,0.1,800,0.23222,0.04354,rl
Sewerage,000310_lcam_front_lidar.ply,0.10002,799,0.14631,0.14237,0.15001,500,0.00198,0.03374,0.25,200,0.00403,0.29113,0.1,800,0.2304,0.03606,rl
Sewerage,000311_lcam_front_lidar.ply,0.10002,799,0.14254,0.14096,0.15001,500,0.00205,0.11905,0.25,200,0.00215,0.21963,0.1,800,0.23603,0.04385,rl
Sewerage,000312_lcam_front_lidar.ply,0.10002,799,0.14421,0.14343,0.15001,500,0.00113,0.00071,0.25,200,0.00075,0.00025,0.1,800,0.23448,0.0391,rl
Sewerage,000313_lcam_front_lidar.ply,0.10002,799,0.14313,0.14509,0.15001,500,0.20518,0.21059,0.25,200,0.00368,0.1051,0.1,800,0.24293,0.05108,rl
Sewerage,000314_lcam_front_lidar.ply,0.10002,799,0.13863,0.14462,0.15001,500,0.01228,0.1385,0.25,200,0.00233,0.14288,0.1,800,0.22954,0.03119,rl
Sewerage,000315_lcam_front_lidar.ply,0.10002,799,0.01011,0.13548,0.15001,500,0.00212,0.03804,0.25,200,0.00462,0.26854,0.1,800,0.24587,0.05788,rl
Sewerage,000316_lcam_front_lidar.ply,0.10002,799,0.13545,0.14587,0.15001,500,0.01685,0.13634,0.25,200,0.00549,0.28722,0.1,800,0.23569,0.03385,rl
Sewerage,000317_lcam_front_lidar.ply,0.10002,799,0.12973,0.14229,0.15001,500,0.06039,0.17538,0.25,200,0.00492,0.30513,0.1,800,0.24216,0.04529,rl
Sewerage,000318_lcam_front_lidar.ply,0.10002,799,0.13645,0.13966,0.15001,500,0.21613,0.21036,0.25,200,0.0021,0.00059,0.1,800,0.24419,0.05367,rl
Sewerage,000319_lcam_front_lidar.ply,0.10002,799,0.03975,0.06055,0.15001,500,0.21389,0.21406,0.25,200,0.0009,0.00067,0.1,800,0.23946,0.0367,rl
Sewerage,000320_lcam_front_lidar.ply,0.10002,799,0.12683,0.14285,0.15001,500,0.04433,0.1707,0.25,200,0.06129,0.25109,0.1,800,0.24114,0.03755,rl
Sewerage,000321_lcam_front_lidar.ply,0.10002,799,0.10378,0.13896,0.15001,500,0.00596,0.07029,0.25,200,0.00227,0.06966,0.1,800,0.23471,0.03079,rl
Sewerage,000322_lcam_front_lidar.ply,0.10002,799,0.11039,0.13545,0.15001,500,0.03424,0.15155,0.25,200,0.00182,0.06889,0.1,800,0.23779,0.03068,rl
Sewerage,000323_lcam_front_lidar.ply,0.10002,799,0.12103,0.13924,0.15001,500,0.00198,0.19948,0.25,200,0.01261,0.25944,0.1,800,0.24759,0.04354,rl
Sewerage,000324_lcam_front_lidar.ply,0.10002,799,0.04014,0.12476,0.15001,500,0.11677,0.16923,0.25,200,0.00167,0.00097,0.1,800,0.24909,0.04524,rl
Sewerage,000325_lcam_front_lidar.ply,0.10002,799,0.13007,0.14451,0.15001,500,0.00438,0.01234,0.25,200,0.0016,0.00097,0.1,800,0.25066,0.04555,rl
Sewerage,000326_lcam_front_lidar.ply,0.10002,799,0.09167,0.12324,0.15001,500,0.20391,0.2204,0.25,200,0.0016,0.06631,0.1,800,0.25651,0.05792,rl
Sewerage,000327_lcam_front_lidar.ply,0.10002,799,0.09799,0.13097,0.15001,500,0.19138,0.21096,0.25,200,0.00153,0.0009,0.1,800,0.25062,0.04365,rl
Sewerage,000328_lcam_front_lidar.ply,0.10002,799,0.10011,0.13793,0.15001,500,0.18895,0.21031,0.25,200,0.30232,0.34637,0.1,800,0.24927,0.03961,loose
Sewerage,000329_lcam_front_lidar.ply,0.10002,799,0.00191,0.00051,0.15001,500,0.18724,0.21116,0.25,200,0.00221,0.06536,0.1,800,0.2484,0.03551,rl
Sewerage,000330_lcam_front_lidar.ply,0.10002,799,0.09661,0.12653,0.15001,500,0.18239,0.20819,0.25,200,0.00979,0.12147,0.1,800,0.27686,0.0465,rl
Sewerage,000331_lcam_front_lidar.ply,0.10002,799,0.09687,0.13898,0.15001,500,0.00125,0.00074,0.25,200,0.06436,0.24613,0.1,800,0.25332,0.03865,rl
Sewerage,000332_lcam_front_lidar.ply,0.10002,799,0.11747,0.15011,0.15001,500,0.02217,0.13163,0.25,200,0.06738,0.24395,0.1,800,0.25366,0.03976,rl
Sewerage,000333_lcam_front_lidar.ply,0.10002,799,0.11901,0.14549,0.15001,500,0.11549,0.16836,0.25,200,0.00109,0.00042,0.1,800,0.25793,0.044,rl
Sewerage,000334_lcam_front_lidar.ply,0.10002,799,0.06521,0.11087,0.15001,500,0.00564,0.06847,0.25,200,0.02867,0.25515,0.1,800,0.24917,0.03144,rl
Sewerage,000335_lcam_front_lidar.ply,0.10002,799,0.09051,0.13705,0.15001,500,0.1753,0.21537,0.25,200,0.01054,0.16031,0.1,800,0.26327,0.04403,rl
Sewerage,000336_lcam_front_lidar.ply,0.10002,799,0.09253,0.13113,0.15001,500,0.00635,0.16623,0.25,200,0.0092,0.11688,0.1,800,0.26285,0.04621,rl
Sewerage,000337_lcam_front_lidar.ply,0.10002,799,0.11471,0.14215,0.15001,500,0.16739,0.21355,0.25,200,0.00566,0.08098,0.1,800,0.26572,0.04555,rl
Sewerage,000338_lcam_front_lidar.ply,0.10002,799,0.10124,0.14331,0.15001,500,0.16745,0.21503,0.25,200,0.00754,0.07511,0.1,800,0.26692,0.04448,rl
Sewerage,000339_lcam_front_lidar.ply,0.10002,799,0.09106,0.14284,0.15001,500,0.16254,0.21246,0.25,200,0.00715,0.06608,0.1,800,0.26666,0.04631,rl
Sewerage,000340_lcam_front_lidar.ply,0.10002,799,0.11179,0.14457,0.15001,500,0.13792,0.20935,0.25,200,0.01512,0.25159,0.1,800,0.26536,0.04116,rl
Sewerage,000341_lcam_front_lidar.ply,0.10002,799,0.11004,0.14509,0.15001,500,0.15487,0.21054,0.25,200,0.01809,0.23605,0.1,800,0.26775,0.04196,rl
Sewerage,000342_lcam_front_lidar.ply,0.10002,799,0.09621,0.13806,0.15001,500,0.11347,0.18331,0.25,200,0.0037,0.04552,0.1,800,0.29788,0.05353,rl
Sewerage,000343_lcam_front_lidar.ply,0.10002,799,0.08598,0.13884,0.15001,500,0.0024,0.00083,0.25,200,0.07337,0.2641,0.1,800,0.29453,0.04838,rl
Sewerage,000344_lcam_front_lidar.ply,0.10002,799,0.07971,0.13544,0.15001,500,0.15271,0.2151,0.25,200,0.01481,0.20503,0.1,800,0.27391,0.04736,rl
Sewerage,000345_lcam_front_lidar.ply,0.10002,799,0.08791,0.14686,0.15001,500,0.15596,0.2207,0.25,200,0.00194,0.00117,0.1,800,0.00068,0.0001,standard
Sewerage,000346_lcam_front_lidar.ply,0.10002,799,0.08694,0.14771,0.15001,500,0.13562,0.21139,0.25,200,0.03111,0.18619,0.1,800,0.27439,0.04468,rl
Sewerage,000347_lcam_front_lidar.ply,0.10002,799,0.09051,0.14196,0.15001,500,0.05011,0.15978,0.25,200,0.06606,0.24912,0.1,800,0.27911,0.04398,rl
Sewerage,000348_lcam_front_lidar.ply,0.10002,799,0.00469,0.10404,0.15001,500,0.0138,0.14183,0.25,200,0.02762,0.23197,0.1,800,0.28512,0.04413,rl
Sewerage,000349_lcam_front_lidar.ply,0.10002,799,0.08013,0.14195,0.15001,500,0.14149,0.21509,0.25,200,0.04363,0.30104,0.1,800,0.28976,0.04595,rl
Sewerage,000350_lcam_front_lidar.ply,0.10002,799,0.04529,0.1294,0.15001,500,0.12176,0.20218,0.25,200,0.00106,0.00359,0.1,800,0.29402,0.04506,rl
Sewerage,000351_lcam_front_lidar.ply,0.10002,799,0.08155,0.13584,0.15001,500,0.12074,0.19373,0.25,200,0.02879,0.23009,0.1,800,0.29439,0.04437,rl
Sewerage,000352_lcam_front_lidar.ply,0.10002,799,0.07577,0.13685,0.15001,500,0.1302,0.20904,0.25,200,0.06806,0.23472,0.1,800,0.2954,0.04538,rl
Sewerage,000353_lcam_front_lidar.ply,0.10002,799,0.07706,0.14175,0.15001,500,0.14073,0.21909,0.25,200,0.13753,0.33612,0.1,800,0.2981,0.04564,rl
Sewerage,000354_lcam_front_lidar.ply,0.10002,799,0.01679,0.0358,0.15001,500,0.12729,0.21155,0.25,200,0.0777,0.30817,0.1,800,0.29573,0.04384,rl
Sewerage,000355_lcam_front_lidar.ply,0.10002,799,0.06212,0.14918,0.15001,500,0.05306,0.17028,0.25,200,0.03287,0.20797,0.1,800,0.29889,0.04469,rl
Sewerage,000356_lcam_front_lidar.ply,0.10002,799,0.05268,0.12017,0.15001,500,0.13488,0.21794,0.25,200,0.00222,0.00869,0.1,800,0.30004,0.04554,rl
Sewerage,000357_lcam_front_lidar.ply,0.10002,799,0.08759,0.14878,0.15001,500,0.03726,0.17812,0.25,200,0.03427,0.27085,0.1,800,0.29986,0.04343,rl
Sewerage,000358_lcam_front_lidar.ply,0.10002,799,0.08,0.14096,0.15001,500,0.03854,0.17202,0.25,200,0.00229,0.07067,0.1,800,0.30309,0.05781,rl
Sewerage,000359_lcam_front_lidar.ply,0.10002,799,0.0638,0.13813,0.15001,500,0.12292,0.21416,0.25,200,0.00547,0.24695,0.1,800,0.00108,0.00027,standard
Sewerage,000360_lcam_front_lidar.ply,0.10002,799,0.07565,0.14611,0.15001,500,0.03728,0.17167,0.25,200,0.03789,0.27686,0.1,800,0.3045,0.04359,rl
Sewerage,000361_lcam_front_lidar.ply,0.10002,799,0.0736,0.14451,0.15001,500,0.08787,0.15616,0.25,200,0.09658,0.29671,0.1,800,0.00054,8e-05,loose
Sewerage,000362_lcam_front_lidar.ply,0.10002,799,0.07982,0.145,0.15001,500,0.11032,0.18933,0.25,200,0.00153,0.00084,0.1,800,0.31118,0.04618,rl
Sewerage,000363_lcam_front_lidar.ply,0.10002,799,0.08153,0.14139,0.15001,500,0.09323,0.18283,0.25,200,0.00151,0.00084,0.1,800,0.31273,0.04596,rl
Sewerage,000364_lcam_front_lidar.ply,0.10002,799,0.07158,0.14769,0.15001,500,0.03783,0.12643,0.25,200,0.01731,0.10502,0.1,800,0.00111,0.00029,strict
Sewerage,000365_lcam_front_lidar.ply,0.10002,799,0.02417,0.09871,0.15001,500,0.04526,0.17517,0.25,200,0.00155,0.00098,0.1,800,0.31335,0.04486,rl
Sewerage,000366_lcam_front_lidar.ply,0.10002,799,0.05769,0.10943,0.15001,500,0.00325,0.00066,0.25,200,0.06569,0.15816,0.1,800,0.31814,0.04597,rl
Sewerage,000367_lcam_front_lidar.ply,0.10002,799,0.0708,0.13935,0.15001,500,0.04165,0.13772,0.25,200,0.0013,0.00034,0.1,800,0.32009,0.0455,rl
Sewerage,000368_lcam_front_lidar.ply,0.10002,799,0.06331,0.14023,0.15001,500,0.11297,0.20172,0.25,200,0.00186,0.14807,0.1,800,0.00045,0.00013,standard
Sewerage,000369_lcam_front_lidar.ply,0.10002,799,0.07402,0.14126,0.15001,500,0.01299,0.03723,0.25,200,0.01443,0.10384,0.1,800,0.32313,0.04532,rl
Sewerage,000370_lcam_front_lidar.ply,0.10002,799,0.07165,0.14532,0.15001,500,0.02603,0.11644,0.25,200,0.10496,0.31291,0.1,800,0.32492,0.04496,rl
Sewerage,000371_lcam_front_lidar.ply,0.10002,799,0.07141,0.13836,0.15001,500,0.10675,0.18426,0.25,200,0.0258,0.16956,0.1,800,0.32209,0.04316,rl
Sewerage,000372_lcam_front_lidar.ply,0.10002,799,0.06597,0.12096,0.15001,500,0.0445,0.1647,0.25,200,0.00198,0.0016,0.1,800,0.32876,0.04578,rl
Sewerage,000373_lcam_front_lidar.ply,0.10002,799,0.06078,0.14202,0.15001,500,0.0371,0.16143,0.25,200,0.00222,0.00108,0.1,800,0.00083,0.00014,strict
Sewerage,000374_lcam_front_lidar.ply,0.10002,799,0.07601,0.13835,0.15001,500,0.02617,0.14373,0.25,200,0.02761,0.22781,0.1,800,0.00062,9e-05,strict
Sewerage,000375_lcam_front_lidar.ply,0.10002,799,0.03985,0.11934,0.15001,500,0.00401,0.08995,0.25,200,0.0016,0.00192,0.1,800,0.33363,0.04545,rl
Sewerage,000376_lcam_front_lidar.ply,0.10002,799,0.08167,0.15002,0.15001,500,0.03767,0.16981,0.25,200,0.00245,0.00119,0.1,800,0.00059,5e-05,strict
Sewerage,000377_lcam_front_lidar.ply,0.10002,799,0.06464,0.13346,0.15001,500,0.07155,0.16028,0.25,200,0.05766,0.23647,0.1,800,0.00059,0.00018,standard
Sewerage,000378_lcam_front_lidar.ply,0.10002,799,0.03403,0.10775,0.15001,500,0.10286,0.21908,0.25,200,0.00179,0.00132,0.1,800,0.3443,0.04517,rl
Sewerage,000379_lcam_front_lidar.ply,0.10002,799,0.07825,0.14135,0.15001,500,0.00257,0.00114,0.25,200,0.03552,0.26344,0.1,800,0.00103,0.00019,strict
Sewerage,000380_lcam_front_lidar.ply,0.10002,799,0.07162,0.13355,0.15001,500,0.12145,0.20556,0.25,200,0.01615,0.12886,0.1,800,0.34595,0.04346,rl
Sewerage,000381_lcam_front_lidar.ply,0.10002,799,0.07843,0.13874,0.15001,500,0.01797,0.1548,0.25,200,0.00259,0.00122,0.1,800,0.00043,5e-05,strict
Sewerage,000382_lcam_front_lidar.ply,0.10002,799,0.04429,0.12935,0.15001,500,0.0361,0.16124,0.25,200,0.02078,0.26901,0.1,800,0.34974,0.0441,rl
Sewerage,000383_lcam_front_lidar.ply,0.10002,799,0.02417,0.11679,0.15001,500,0.00418,0.17243,0.25,200,0.00201,0.00141,0.1,800,0.00082,0.00012,strict
Sewerage,000384_lcam_front_lidar.ply,0.10002,799,0.07719,0.14054,0.15001,500,0.03321,0.09919,0.25,200,0.00293,0.05477,0.1,800,0.34734,0.04181,rl
Sewerage,000385_lcam_front_lidar.ply,0.10002,799,0.08611,0.14403,0.15001,500,0.03663,0.17797,0.25,200,0.00247,0.00079,0.1,800,0.34797,0.04331,rl
Sewerage,000386_lcam_front_lidar.ply,0.10002,799,0.02589,0.11396,0.15001,500,0.14635,0.21743,0.25,200,0.00882,0.22655,0.1,800,0.34528,0.04179,rl
Sewerage,000387_lcam_front_lidar.ply,0.10002,799,0.09266,0.14097,0.15001,500,0.12846,0.20205,0.25,200,0.00227,0.26321,0.1,800,0.34141,0.04163,rl
Sewerage,000388_lcam_front_lidar.ply,0.10002,799,0.07756,0.13952,0.15001,500,0.15242,0.21986,0.25,200,0.03728,0.25371,0.1,800,0.34132,0.04168,rl
Sewerage,000389_lcam_front_lidar.ply,0.10002,799,0.04884,0.14051,0.15001,500,0.0105,0.10962,0.25,200,0.00226,0.00121,0.1,800,0.34152,0.04297,rl
Sewerage,000390_lcam_front_lidar.ply,0.10002,799,0.05813,0.12301,0.15001,500,0.01179,0.12206,0.25,200,0.01274,0.15954,0.1,800,0.00107,0.00021,strict
Sewerage,000391_lcam_front_lidar.ply,0.10002,799,0.07376,0.12658,0.15001,500,0.04368,0.16955,0.25,200,0.00205,0.00195,0.1,800,0.33724,0.04247,rl
Sewerage,000392_lcam_front_lidar.ply,0.10002,799,0.08677,0.14069,0.15001,500,0.01484,0.14787,0.25,200,0.03089,0.26638,0.1,800,0.00077,0.00013,strict
Sewerage,000393_lcam_front_lidar.ply,0.10002,799,0.03299,0.12385,0.15001,500,0.00205,0.00204,0.25,200,0.00243,0.01806,0.1,800,0.33315,0.04013,rl
Sewerage,000394_lcam_front_lidar.ply,0.10002,799,0.0867,0.13954,0.15001,500,0.04848,0.18242,0.25,200,0.00248,0.00256,0.1,800,0.33005,0.04057,rl
Sewerage,000395_lcam_front_lidar.ply,0.10002,799,0.08628,0.1369,0.15001,500,0.08975,0.20032,0.25,200,0.08461,0.33377,0.1,800,0.32711,0.03981,rl
Sewerage,000396_lcam_front_lidar.ply,0.10002,799,0.04544,0.13427,0.15001,500,0.16917,0.21907,0.25,200,0.00221,0.00154,0.1,800,0.3292,0.04208,rl
Sewerage,000397_lcam_front_lidar.ply,0.10002,799,0.0403,0.13557,0.15001,500,0.05421,0.16664,0.25,200,0.00207,0.00045,0.1,800,0.32718,0.04141,rl
Sewerage,000398_lcam_front_lidar.ply,0.10002,799,0.01478,0.10754,0.15001,500,0.03506,0.17511,0.25,200,0.00497,0.23708,0.1,800,0.32505,0.0402,rl
Sewerage,000399_lcam_front_lidar.ply,0.10002,799,0.09245,0.14374,0.15001,500,0.17002,0.21238,0.25,200,0.00219,0.00159,0.1,800,0.32098,0.03869,rl
Sewerage,000400_lcam_front_lidar.ply,0.10002,799,0.08374,0.1406,0.15001,500,0.08858,0.19393,0.25,200,0.00325,0.09895,0.1,800,0.3228,0.04147,rl
Sewerage,000401_lcam_front_lidar.ply,0.10002,799,0.04739,0.14103,0.15001,500,0.07881,0.18575,0.25,200,0.01104,0.07315,0.1,800,0.00051,1e-05,standard
Sewerage,000402_lcam_front_lidar.ply,0.10002,799,0.09741,0.14426,0.15001,500,0.05023,0.18219,0.25,200,0.00026,8e-05,0.1,800,0.3235,0.04139,rl
Sewerage,000403_lcam_front_lidar.ply,0.10002,799,0.10805,0.15044,0.15001,500,0.03537,0.16665,0.25,200,0.00542,0.22167,0.1,800,0.3218,0.04131,rl
Sewerage,000404_lcam_front_lidar.ply,0.10002,799,0.10521,0.14301,0.15001,500,0.19369,0.22252,0.25,200,0.0055,0.24365,0.1,800,0.32053,0.03894,rl
Sewerage,000405_lcam_front_lidar.ply,0.10002,799,0.10481,0.14239,0.15001,500,0.03365,0.17396,0.25,200,0.06248,0.21454,0.1,800,0.32115,0.0407,rl
Sewerage,000406_lcam_front_lidar.ply,0.10002,799,0.09403,0.14419,0.15001,500,0.02705,0.12254,0.25,200,0.03339,0.26172,0.1,800,0.32143,0.04044,rl
Sewerage,000407_lcam_front_lidar.ply,0.10002,799,0.10615,0.14248,0.15001,500,0.18807,0.216,0.25,200,0.04842,0.19922,0.1,800,0.31903,0.03928,rl
Sewerage,000408_lcam_front_lidar.ply,0.10002,799,0.08697,0.14162,0.15001,500,0.04616,0.16351,0.25,200,0.04694,0.32483,0.1,800,0.31853,0.0402,rl
Sewerage,000409_lcam_front_lidar.ply,0.10002,799,0.10703,0.14757,0.15001,500,0.02466,0.16518,0.25,200,0.00406,0.02425,0.1,800,0.31829,0.04072,rl
Sewerage,000410_lcam_front_lidar.ply,0.10002,799,0.04176,0.13216,0.15001,500,0.00236,0.0013,0.25,200,0.04063,0.30724,0.1,800,0.31735,0.03967,rl
Sewerage,000411_lcam_front_lidar.ply,0.10002,799,0.1195,0.14145,0.15001,500,0.03263,0.17059,0.25,200,0.00429,0.16534,0.1,800,0.31696,0.03947,rl
Sewerage,000412_lcam_front_lidar.ply,0.10002,799,0.07481,0.13034,0.15001,500,0.0977,0.21136,0.25,200,0.00675,0.20856,0.1,800,0.3176,0.04077,rl
Sewerage,000413_lcam_front_lidar.ply,0.10002,799,0.03999,0.12811,0.15001,500,0.03388,0.16946,0.25,200,0.03181,0.29297,0.1,800,0.31749,0.03966,rl
Sewerage,000414_lcam_front_lidar.ply,0.10002,799,0.08849,0.13871,0.15001,500,0.08917,0.19873,0.25,200,0.33318,0.3526,0.1,800,0.31643,0.03956,loose
Sewerage,000415_lcam_front_lidar.ply,0.10002,799,0.04436,0.1304,0.15001,500,0.02679,0.16574,0.25,200,0.02045,0.28234,0.1,800,0.31665,0.03853,rl
Sewerage,000416_lcam_front_lidar.ply,0.10002,799,0.03842,0.12548,0.15001,500,0.0565,0.18225,0.25,200,0.00736,0.11193,0.1,800,0.31689,0.03993,rl
Sewerage,000417_lcam_front_lidar.ply,0.10002,799,0.03374,0.12247,0.15001,500,0.04585,0.19166,0.25,200,0.24955,0.32938,0.1,800,0.31797,0.04042,rl
Sewerage,000418_lcam_front_lidar.ply,0.10002,799,0.10294,0.14212,0.15001,500,0.02186,0.17884,0.25,200,0.02354,0.30169,0.1,800,0.31678,0.03919,rl
Sewerage,000419_lcam_front_lidar.ply,0.10002,799,0.02922,0.10155,0.15001,500,0.17406,0.21414,0.25,200,0.01891,0.25246,0.1,800,0.31774,0.03977,rl
Sewerage,000420_lcam_front_lidar.ply,0.10002,799,0.08468,0.14158,0.15001,500,0.02175,0.16577,0.25,200,0.06589,0.26291,0.1,800,0.31799,0.04043,rl
Sewerage,000421_lcam_front_lidar.ply,0.10002,799,0.0994,0.14325,0.15001,500,0.02301,0.16206,0.25,200,0.01068,0.04978,0.1,800,0.31661,0.0395,rl
Sewerage,000422_lcam_front_lidar.ply,0.10002,799,0.03169,0.10394,0.15001,500,0.00207,0.00275,0.25,200,0.01941,0.31492,0.1,800,0.3172,0.03946,rl
Sewerage,000423_lcam_front_lidar.ply,0.10002,799,0.07112,0.11882,0.15001,500,0.03115,0.17722,0.25,200,0.00476,0.10176,0.1,800,0.31857,0.03985,rl
Sewerage,000424_lcam_front_lidar.ply,0.10002,799,0.0349,0.12518,0.15001,500,0.03789,0.17168,0.25,200,0.01858,0.33301,0.1,800,0.31678,0.03886,rl
Sewerage,000425_lcam_front_lidar.ply,0.10002,799,0.0332,0.12334,0.15001,500,0.1651,0.20652,0.25,200,0.00778,0.05407,0.1,800,0.31802,0.03952,rl
Sewerage,000426_lcam_front_lidar.ply,0.10002,799,0.03346,0.12259,0.15001,500,0.02189,0.15827,0.25,200,0.08439,0.2717,0.1,800,0.31935,0.04007,rl
Sewerage,000427_lcam_front_lidar.ply,0.10002,799,0.04007,0.13026,0.15001,500,0.03526,0.1766,0.25,200,0.01304,0.36388,0.1,800,0.31928,0.04065,rl
Sewerage,000428_lcam_front_lidar.ply,0.10002,799,0.00207,0.00257,0.15001,500,0.03484,0.184,0.25,200,0.01292,0.25347,0.1,800,0.31856,0.0402,rl
Sewerage,000429_lcam_front_lidar.ply,0.10002,799,0.0417,0.13056,0.15001,500,0.07361,0.19764,0.25,200,0.00205,0.00296,0.1,800,0.3179,0.03985,rl
Sewerage,000430_lcam_front_lidar.ply,0.10002,799,0.02986,0.12404,0.15001,500,0.02689,0.1566,0.25,200,0.01198,0.26626,0.1,800,0.31904,0.04042,rl
Sewerage,000431_lcam_front_lidar.ply,0.10002,799,0.09488,0.14631,0.15001,500,0.01938,0.17242,0.25,200,0.002,0.00275,0.1,800,0.31864,0.04083,rl
Sewerage,000432_lcam_front_lidar.ply,0.10002,799,0.08601,0.12419,0.15001,500,0.02175,0.15782,0.25,200,0.01049,0.23291,0.1,800,0.32026,0.04078,rl
Sewerage,000433_lcam_front_lidar.ply,0.10002,799,0.03912,0.12549,0.15001,500,0.02389,0.14866,0.25,200,0.01167,0.20716,0.1,800,0.32186,0.04084,rl
Sewerage,000434_lcam_front_lidar.ply,0.10002,799,0.0901,0.13985,0.15001,500,0.0404,0.1685,0.25,200,0.0548,0.19287,0.1,800,0.31948,0.03921,rl
Sewerage,000435_lcam_front_lidar.ply,0.10002,799,0.0425,0.13235,0.15001,500,0.17196,0.2152,0.25,200,0.05337,0.19742,0.1,800,0.3199,0.0408,rl
Sewerage,000436_lcam_front_lidar.ply,0.10002,799,0.06155,0.11012,0.15001,500,0.02936,0.15669,0.25,200,0.00179,0.00182,0.1,800,0.0005,4e-05,strict
Sewerage,000437_lcam_front_lidar.ply,0.10002,799,0.03342,0.12073,0.15001,500,0.0022,0.00143,0.25,200,0.0009,0.00064,0.1,800,0.32051,0.03915,rl
Sewerage,000438_lcam_front_lidar.ply,0.10002,799,0.09578,0.145,0.15001,500,0.01929,0.15639,0.25,200,0.05313,0.25535,0.1,800,0.32048,0.04051,rl
Sewerage,000439_lcam_front_lidar.ply,0.10002,799,0.09028,0.13833,0.15001,500,0.03028,0.1707,0.25,200,0.00188,0.00154,0.1,800,0.32074,0.04082,rl
Sewerage,000440_lcam_front_lidar.ply,0.10002,799,0.03936,0.12672,0.15001,500,0.09424,0.20497,0.25,200,0.00172,0.00163,0.1,800,0.32205,0.03944,rl
Sewerage,000441_lcam_front_lidar.ply,0.10002,799,0.06041,0.13483,0.15001,500,0.06632,0.18547,0.25,200,0.00151,0.02524,0.1,800,0.321,0.03971,rl
Sewerage,000442_lcam_front_lidar.ply,0.10002,799,0.04869,0.14504,0.15001,500,0.02528,0.18874,0.25,200,0.00063,0.00015,0.1,800,0.32087,0.03893,rl
Sewerage,000443_lcam_front_lidar.ply,0.10002,799,0.03514,0.12954,0.15001,500,0.02325,0.16072,0.25,200,0.07025,0.28104,0.1,800,0.32132,0.04049,rl
Sewerage,000444_lcam_front_lidar.ply,0.10002,799,0.04144,0.13252,0.15001,500,0.01002,0.15116,0.25,200,0.00203,0.07596,0.1,800,0.32066,0.04043,rl
Sewerage,000445_lcam_front_lidar.ply,0.10002,799,0.09357,0.1336,0.15001,500,0.03212,0.17072,0.25,200,0.00191,0.02074,0.1,800,0.32058,0.04015,rl
Sewerage,000446_lcam_front_lidar.ply,0.10002,799,0.10574,0.13729,0.15001,500,0.08801,0.19459,0.25,200,0.14802,0.32372,0.1,800,0.32108,0.0395,rl
Sewerage,000447_lcam_front_lidar.ply,0.10002,799,0.09089,0.13868,0.15001,500,0.03719,0.17462,0.25,200,0.00767,0.24687,0.1,800,0.32208,0.03993,rl
Sewerage,000448_lcam_front_lidar.ply,0.10002,799,0.09016,0.13676,0.15001,500,0.00325,0.16674,0.25,200,0.02278,0.20636,0.1,800,0.32158,0.03984,rl
Sewerage,000449_lcam_front_lidar.ply,0.10002,799,0.07665,0.1232,0.15001,500,0.002,0.0004,0.25,200,0.02103,0.20518,0.1,800,0.32175,0.04094,rl
Sewerage,000450_lcam_front_lidar.ply,0.10002,799,0.03572,0.1062,0.15001,500,0.16703,0.21285,0.25,200,0.25267,0.33733,0.1,800,0.32143,0.04142,rl
Sewerage,000451_lcam_front_lidar.ply,0.10002,799,0.08791,0.13766,0.15001,500,0.17062,0.21746,0.25,200,0.00863,0.15538,0.1,800,0.31959,0.03999,rl
Sewerage,000452_lcam_front_lidar.ply,0.10002,799,0.10807,0.14966,0.15001,500,0.00219,0.0038,0.25,200,0.02276,0.21,0.1,800,0.32136,0.04103,rl
Sewerage,000453_lcam_front_lidar.ply,0.10002,799,0.09112,0.14003,0.15001,500,0.00191,0.00038,0.25,200,0.01106,0.21337,0.1,800,0.31805,0.0403,rl
Sewerage,000454_lcam_front_lidar.ply,0.10002,799,0.08334,0.13723,0.15001,500,0.06757,0.19106,0.25,200,0.01137,0.19328,0.1,800,0.31804,0.03987,rl
Sewerage,000455_lcam_front_lidar.ply,0.10002,799,0.049,0.05704,0.15001,500,0.06596,0.1984,0.25,200,0.01228,0.20489,0.1,800,0.31788,0.04011,rl
Sewerage,000456_lcam_front_lidar.ply,0.10002,799,0.04758,0.13775,0.15001,500,0.02467,0.15145,0.25,200,0.01301,0.1972,0.1,800,0.31878,0.0387,rl
Sewerage,000457_lcam_front_lidar.ply,0.10002,799,0.05291,0.1226,0.15001,500,0.0593,0.19595,0.25,200,0.00203,0.00048,0.1,800,0.00056,3e-05,standard
Sewerage,000458_lcam_front_lidar.ply,0.10002,799,0.05787,0.11695,0.15001,500,0.06039,0.19144,0.25,200,0.01271,0.17394,0.1,800,0.31524,0.03923,rl
Sewerage,000459_lcam_front_lidar.ply,0.10002,799,0.032,0.12524,0.15001,500,0.04631,0.18963,0.25,200,0.00148,0.00079,0.1,800,0.00051,2e-05,standard
Sewerage,000460_lcam_front_lidar.ply,0.10002,799,0.08248,0.14176,0.15001,500,0.08465,0.19725,0.25,200,0.01653,0.19381,0.1,800,0.31479,0.03894,rl
Sewerage,000461_lcam_front_lidar.ply,0.10002,799,0.03475,0.13291,0.15001,500,0.03167,0.15738,0.25,200,0.00774,0.10554,0.1,800,0.31454,0.03944,rl
Sewerage,000462_lcam_front_lidar.ply,0.10002,799,0.03567,0.12485,0.15001,500,0.01335,0.1479,0.25,200,0.33942,0.34413,0.1,800,0.31516,0.04061,loose
Sewerage,000463_lcam_front_lidar.ply,0.10002,799,0.02882,0.12147,0.15001,500,0.01443,0.22088,0.25,200,0.01184,0.14126,0.1,800,0.31292,0.04048,rl
Sewerage,000464_lcam_front_lidar.ply,0.10002,799,0.03987,0.1265,0.15001,500,0.03549,0.17208,0.25,200,0.35173,0.34446,0.1,800,0.31299,0.03988,loose
Sewerage,000465_lcam_front_lidar.ply,0.10002,799,0.04089,0.13514,0.15001,500,0.01448,0.00923,0.25,200,0.06131,0.289,0.1,800,0.31157,0.04073,rl
Sewerage,000466_lcam_front_lidar.ply,0.10002,799,0.12405,0.14254,0.15001,500,0.03144,0.16244,0.25,200,0.35121,0.34965,0.1,800,0.3126,0.03984,loose
Sewerage,000467_lcam_front_lidar.ply,0.10002,799,0.0541,0.12899,0.15001,500,0.00569,0.19237,0.25,200,0.00825,0.19797,0.1,800,0.31072,0.04082,rl
Sewerage,000468_lcam_front_lidar.ply,0.10002,799,0.00547,0.09125,0.15001,500,0.09598,0.20712,0.25,200,0.07343,0.29677,0.1,800,0.30984,0.03989,rl
Sewerage,000469_lcam_front_lidar.ply,0.10002,799,0.09473,0.14471,0.15001,500,0.03683,0.16657,0.25,200,0.0067,0.2032,0.1,800,0.30971,0.03947,rl
Sewerage,000470_lcam_front_lidar.ply,0.10002,799,0.0151,0.12951,0.15001,500,0.03941,0.16619,0.25,200,0.00168,0.0003,0.1,800,0.30868,0.03836,rl
Sewerage,000471_lcam_front_lidar.ply,0.10002,799,0.08635,0.13188,0.15001,500,0.02763,0.15249,0.25,200,0.00368,0.07154,0.1,800,0.30819,0.03996,rl
Sewerage,000472_lcam_front_lidar.ply,0.10002,799,0.08675,0.13244,0.15001,500,0.08701,0.19419,0.25,200,0.01865,0.18229,0.1,800,0.30857,0.03904,rl
Sewerage,000473_lcam_front_lidar.ply,0.10002,799,0.02051,0.12249,0.15001,500,0.0939,0.20657,0.25,200,0.00946,0.20834,0.1,800,0.30848,0.03859,rl
Sewerage,000474_lcam_front_lidar.ply,0.10002,799,0.037,0.12499,0.15001,500,0.08914,0.20129,0.25,200,0.31443,0.34473,0.1,800,0.30892,0.04001,loose
Sewerage,000475_lcam_front_lidar.ply,0.10002,799,0.09307,0.14275,0.15001,500,0.20726,0.22121,0.25,200,0.07912,0.28189,0.1,800,0.30981,0.04064,rl
Sewerage,000476_lcam_front_lidar.ply,0.10002,799,0.10082,0.14221,0.15001,500,0.0016,0.0002,0.25,200,0.03952,0.2263,0.1,800,0.31027,0.04089,rl
Sewerage,000477_lcam_front_lidar.ply,0.10002,799,0.09518,0.14717,0.15001,500,0.08725,0.18756,0.25,200,0.00398,0.04893,0.1,800,0.30704,0.03857,rl
Sewerage,000478_lcam_front_lidar.ply,0.10002,799,0.09128,0.13014,0.15001,500,0.01801,0.17373,0.25,200,0.03103,0.2428,0.1,800,0.30874,0.04072,rl
Sewerage,000479_lcam_front_lidar.ply,0.10002,799,0.04377,0.13163,0.15001,500,0.19059,0.21553,0.25,200,0.00153,0.00016,0.1,800,0.30933,0.04039,rl
Sewerage,000480_lcam_front_lidar.ply,0.10002,799,0.09823,0.14009,0.15001,500,0.0013,0.00105,0.25,200,0.02629,0.18721,0.1,800,0.31091,0.04061,rl
Sewerage,000481_lcam_front_lidar.ply,0.10002,799,0.04471,0.13195,0.15001,500,0.04151,0.15362,0.25,200,0.00186,0.00215,0.1,800,0.30907,0.03914,rl
Sewerage,000482_lcam_front_lidar.ply,0.10002,799,0.11109,0.14367,0.15001,500,0.08053,0.16728,0.25,200,0.02615,0.24682,0.1,800,0.31049,0.04033,rl
Sewerage,000483_lcam_front_lidar.ply,0.10002,799,0.09179,0.13885,0.15001,500,0.01971,0.05613,0.25,200,0.0309,0.23205,0.1,800,0.00055,4e-05,strict
Sewerage,000484_lcam_front_lidar.ply,0.10002,799,0.02203,0.06884,0.15001,500,0.16668,0.19999,0.25,200,0.00698,0.17561,0.1,800,0.31222,0.04052,rl
Sewerage,000485_lcam_front_lidar.ply,0.10002,799,0.0946,0.14752,0.15001,500,0.02938,0.16003,0.25,200,0.00099,0.00055,0.1,800,0.31252,0.03999,rl
Sewerage,000486_lcam_front_lidar.ply,0.10002,799,0.02915,0.12193,0.15001,500,0.08949,0.20334,0.25,200,0.01958,0.20803,0.1,800,0.31219,0.03953,rl
Sewerage,000487_lcam_front_lidar.ply,0.10002,799,0.03273,0.1154,0.15001,500,0.02674,0.17298,0.25,200,0.01891,0.2311,0.1,800,0.31229,0.04012,rl
Sewerage,000488_lcam_front_lidar.ply,0.10002,799,0.09153,0.14115,0.15001,500,0.17605,0.21541,0.25,200,0.00858,0.21934,0.1,800,0.31314,0.03967,rl
Sewerage,000489_lcam_front_lidar.ply,0.10002,799,0.03514,0.12491,0.15001,500,0.17648,0.21539,0.25,200,0.00153,0.00164,0.1,800,0.3137,0.03982,rl
Sewerage,000490_lcam_front_lidar.ply,0.10002,799,0.08862,0.14339,0.15001,500,0.00125,0.01169,0.25,200,0.00408,0.00634,0.1,800,0.3134,0.04011,rl
Sewerage,000491_lcam_front_lidar.ply,0.10002,799,0.01429,0.05374,0.15001,500,0.00163,0.00047,0.25,200,0.00198,0.0016,0.1,800,0.31473,0.04035,rl
Sewerage,000492_lcam_front_lidar.ply,0.10002,799,0.08034,0.13369,0.15001,500,0.03851,0.16854,0.25,200,0.01514,0.26097,0.1,800,0.00046,2e-05,strict
Sewerage,000493_lcam_front_lidar.ply,0.10002,799,0.09208,0.14292,0.15001,500,0.16869,0.21193,0.25,200,0.01441,0.27078,0.1,800,0.31457,0.03832,rl
Sewerage,000494_lcam_front_lidar.ply,0.10002,799,0.01919,0.12645,0.15001,500,0.03688,0.1737,0.25,200,0.00153,0.00145,0.1,800,0.31644,0.03962,rl
Sewerage,000495_lcam_front_lidar.ply,0.10002,799,0.08395,0.13127,0.15001,500,0.02764,0.18557,0.25,200,0.00161,0.00045,0.1,800,0.31654,0.03997,rl
Sewerage,000496_lcam_front_lidar.ply,0.10002,799,0.04131,0.13313,0.15001,500,0.00068,6e-05,0.25,200,0.00215,0.00837,0.1,800,0.31635,0.03825,rl
Sewerage,000497_lcam_front_lidar.ply,0.10002,799,0.04066,0.13074,0.15001,500,0.0255,0.17741,0.25,200,0.0108,0.2491,0.1,800,0.31719,0.03897,rl
Sewerage,000498_lcam_front_lidar.ply,0.10002,799,0.03123,0.1124,0.15001,500,0.02396,0.16631,0.25,200,0.00167,0.00099,0.1,800,0.31835,0.03964,rl
Sewerage,000499_lcam_front_lidar.ply,0.10002,799,0.09297,0.14542,0.15001,500,0.00181,0.06692,0.25,200,0.00068,0.00034,0.1,800,0.31676,0.03749,rl
Sewerage,000500_lcam_front_lidar.ply,0.10002,799,0.11138,0.14038,0.15001,500,0.0083,0.21057,0.25,200,0.00892,0.23834,0.1,800,0.31742,0.03867,rl
Sewerage,000501_lcam_front_lidar.ply,0.10002,799,0.09091,0.14078,0.15001,500,0.02521,0.17517,0.25,200,0.02509,0.23873,0.1,800,0.3183,0.03911,rl
Sewerage,000502_lcam_front_lidar.ply,0.10002,799,0.03207,0.12055,0.15001,500,0.08426,0.18875,0.25,200,0.00759,0.23344,0.1,800,0.31939,0.0397,rl
Sewerage,000503_lcam_front_lidar.ply,0.10002,799,0.09349,0.14545,0.15001,500,0.02578,0.16551,0.25,200,0.00184,0.00058,0.1,800,0.32049,0.0399,rl
Sewerage,000504_lcam_front_lidar.ply,0.10002,799,0.04133,0.13096,0.15001,500,0.00623,0.18329,0.25,200,0.01842,0.29786,0.1,800,0.31968,0.03896,rl
Sewerage,000505_lcam_front_lidar.ply,0.10002,799,0.08971,0.14163,0.15001,500,0.00161,0.00039,0.25,200,0.02344,0.24035,0.1,800,0.32169,0.0393,rl
Sewerage,000506_lcam_front_lidar.ply,0.10002,799,0.11364,0.14909,0.15001,500,0.00804,0.19095,0.25,200,0.00148,0.00029,0.1,800,0.32115,0.03943,rl
Sewerage,000507_lcam_front_lidar.ply,0.10002,799,0.08005,0.12672,0.15001,500,0.15815,0.2121,0.25,200,0.00227,0.11577,0.1,800,0.32265,0.03871,rl
Sewerage,000508_lcam_front_lidar.ply,0.10002,799,0.03438,0.12319,0.15001,500,0.02344,0.15509,0.25,200,0.00118,0.00102,0.1,800,0.32324,0.039,rl
Sewerage,000509_lcam_front_lidar.ply,0.10002,799,0.04978,0.13725,0.15001,500,0.02697,0.16033,0.25,200,0.00497,0.18356,0.1,800,0.32215,0.03865,rl
Sewerage,000510_lcam_front_lidar.ply,0.10002,799,0.0752,0.12098,0.15001,500,0.0437,0.18026,0.25,200,0.00127,0.0222,0.1,800,0.32343,0.03887,rl
Sewerage,000511_lcam_front_lidar.ply,0.10002,799,0.04127,0.13199,0.15001,500,0.02965,0.17634,0.25,200,0.03169,0.25077,0.1,800,0.32377,0.03876,rl
Sewerage,000512_lcam_front_lidar.ply,0.10002,799,0.03249,0.1173,0.15001,500,0.1617,0.21375,0.25,200,0.01542,0.26157,0.1,800,0.32397,0.03959,rl
Sewerage,000513_lcam_front_lidar.ply,0.10002,799,0.09393,0.14599,0.15001,500,0.06092,0.18676,0.25,200,0.01448,0.21733,0.1,800,0.32359,0.03904,rl
Sewerage,000514_lcam_front_lidar.ply,0.10002,799,0.03094,0.12714,0.15001,500,0.04462,0.18325,0.25,200,0.00248,0.00102,0.1,800,0.32413,0.04017,rl
Sewerage,000515_lcam_front_lidar.ply,0.10002,799,0.11062,0.14401,0.15001,500,0.12509,0.18568,0.25,200,0.00102,0.00011,0.1,800,0.32393,0.03998,rl
Sewerage,000516_lcam_front_lidar.ply,0.10002,799,0.04571,0.1329,0.15001,500,0.0021,0.10001,0.25,200,0.00118,0.05901,0.1,800,0.32576,0.03972,rl
Sewerage,000517_lcam_front_lidar.ply,0.10002,799,0.0321,0.12456,0.15001,500,0.03157,0.17534,0.25,200,0.0017,0.00037,0.1,800,0.32419,0.03824,rl
Sewerage,000518_lcam_front_lidar.ply,0.10002,799,0.11584,0.1527,0.15001,500,0.07896,0.17829,0.25,200,0.00111,0.00082,0.1,800,0.32087,0.03911,rl
Sewerage,000519_lcam_front_lidar.ply,0.10002,799,0.08084,0.12956,0.15001,500,0.15795,0.21282,0.25,200,0.00111,0.00061,0.1,800,0.32422,0.03927,rl
Sewerage,000520_lcam_front_lidar.ply,0.10002,799,0.11307,0.14806,0.15001,500,0.0088,0.22431,0.25,200,0.07044,0.28681,0.1,800,0.32302,0.03899,rl
Sewerage,000521_lcam_front_lidar.ply,0.10002,799,0.11088,0.14397,0.15001,500,0.03207,0.16569,0.25,200,0.00031,9e-05,0.1,800,0.32517,0.03932,rl
Sewerage,000522_lcam_front_lidar.ply,0.10002,799,0.0924,0.14476,0.15001,500,0.0341,0.17924,0.25,200,0.00056,8e-05,0.1,800,0.32318,0.03796,rl
Sewerage,000523_lcam_front_lidar.ply,0.10002,799,0.07487,0.12037,0.15001,500,0.02151,0.16597,0.25,200,0.03268,0.24093,0.1,800,0.32492,0.03904,rl
Sewerage,000524_lcam_front_lidar.ply,0.10002,799,0.09607,0.1406,0.15001,500,0.00189,0.00139,0.25,200,0.00189,0.00139,0.1,800,0.32393,0.03812,rl
Sewerage,000525_lcam_front_lidar.ply,0.10002,799,0.0511,0.13979,0.15001,500,0.02606,0.17225,0.25,200,0.00668,0.1625,0.1,800,0.32342,0.03943,rl
Sewerage,000526_lcam_front_lidar.ply,0.10002,799,0.09328,0.14939,0.15001,500,0.00189,0.0014,0.25,200,0.00193,0.02756,0.1,800,0.32315,0.03906,rl
Sewerage,000527_lcam_front_lidar.ply,0.10002,799,0.03231,0.12086,0.15001,500,0.02655,0.19625,0.25,200,0.02757,0.22355,0.1,800,0.32452,0.03862,rl
Sewerage,000528_lcam_front_lidar.ply,0.10002,799,0.09137,0.14507,0.15001,500,0.0137,0.21972,0.25,200,0.00063,9e-05,0.1,800,0.32447,0.04026,rl
Sewerage,000529_lcam_front_lidar.ply,0.10002,799,0.03578,0.13628,0.15001,500,0.05898,0.18968,0.25,200,0.00118,0.00092,0.1,800,0.32242,0.03841,rl
Sewerage,000530_lcam_front_lidar.ply,0.10002,799,0.09186,0.14685,0.15001,500,0.00535,0.13662,0.25,200,0.00571,0.01141,0.1,800,0.32233,0.03784,rl
Sewerage,000531_lcam_front_lidar.ply,0.10002,799,0.08637,0.14028,0.15001,500,0.02571,0.19762,0.25,200,0.0003,8e-05,0.1,800,0.32319,0.0398,rl
Sewerage,000532_lcam_front_lidar.ply,0.10002,799,0.04064,0.12553,0.15001,500,0.00476,0.11706,0.25,200,0.00089,0.00029,0.1,800,0.32556,0.03985,rl
Sewerage,000533_lcam_front_lidar.ply,0.10002,799,0.09521,0.13359,0.15001,500,0.01123,0.2121,0.25,200,0.00901,0.14727,0.1,800,0.32243,0.03771,rl
Sewerage,000534_lcam_front_lidar.ply,0.10002,799,0.00701,0.15051,0.15001,500,0.08935,0.20393,0.25,200,0.02641,0.20823,0.1,800,0.32355,0.03913,rl
Sewerage,000535_lcam_front_lidar.ply,0.10002,799,0.03382,0.12405,0.15001,500,0.03399,0.18899,0.25,200,0.00142,0.00022,0.1,800,0.32299,0.03733,rl
Sewerage,000536_lcam_front_lidar.ply,0.10002,799,0.09144,0.13844,0.15001,500,0.00182,0.00131,0.25,200,0.00132,0.00016,0.1,800,0.3241,0.03855,rl
Sewerage,000537_lcam_front_lidar.ply,0.10002,799,0.09035,0.13613,0.15001,500,0.02632,0.19963,0.25,200,0.04577,0.19628,0.1,800,0.32246,0.03911,rl
Sewerage,000538_lcam_front_lidar.ply,0.10002,799,0.07535,0.12539,0.15001,500,0.02026,0.1962,0.25,200,0.00696,0.0383,0.1,800,0.32158,0.03805,rl
Sewerage,000539_lcam_front_lidar.ply,0.10002,799,0.09084,0.14674,0.15001,500,0.00708,0.21789,0.25,200,0.0008,0.0003,0.1,800,0.32015,0.03813,rl
Sewerage,000540_lcam_front_lidar.ply,0.10002,799,0.03,0.13572,0.15001,500,0.03528,0.17669,0.25,200,0.00151,0.00026,0.1,800,0.31914,0.0379,rl
Sewerage,000541_lcam_front_lidar.ply,0.10002,799,0.08844,0.14577,0.15001,500,0.11983,0.21282,0.25,200,0.05421,0.28586,0.1,800,0.32019,0.03814,rl
Sewerage,000542_lcam_front_lidar.ply,0.10002,799,0.09323,0.14036,0.15001,500,0.03669,0.10864,0.25,200,0.00144,0.00025,0.1,800,0.31958,0.03978,rl
Sewerage,000543_lcam_front_lidar.ply,0.10002,799,0.04164,0.10067,0.15001,500,0.0616,0.18919,0.25,200,0.01235,0.06376,0.1,800,0.31878,0.03914,rl
Sewerage,000544_lcam_front_lidar.ply,0.10002,799,0.03967,0.09929,0.15001,500,0.08815,0.20724,0.25,200,0.00385,0.16837,0.1,800,0.31662,0.03784,rl
Sewerage,000545_lcam_front_lidar.ply,0.10002,799,0.03319,0.11328,0.15001,500,0.03727,0.18821,0.25,200,0.00141,0.00025,0.1,800,0.31738,0.03907,rl
Sewerage,000546_lcam_front_lidar.ply,0.10002,799,0.04184,0.12944,0.15001,500,0.09191,0.20572,0.25,200,0.00972,0.09525,0.1,800,0.31799,0.03988,rl
Sewerage,000547_lcam_front_lidar.ply,0.10002,799,0.03368,0.12414,0.15001,500,0.02545,0.06692,0.25,200,0.00137,0.00023,0.1,800,0.31797,0.03898,rl
Sewerage,000548_lcam_front_lidar.ply,0.10002,799,0.03759,0.10543,0.15001,500,0.00387,0.09472,0.25,200,0.06396,0.24456,0.1,800,0.31563,0.03942,rl
Sewerage,000549_lcam_front_lidar.ply,0.10002,799,0.08589,0.13054,0.15001,500,0.13082,0.18861,0.25,200,0.00106,0.00082,0.1,800,0.31581,0.03948,rl
Sewerage,000550_lcam_front_lidar.ply,0.10002,799,0.04375,0.13203,0.15001,500,0.01497,0.20026,0.25,200,0.00122,0.00019,0.1,800,0.3139,0.0376,rl
Sewerage,000551_lcam_front_lidar.ply,0.10002,799,0.04375,0.13518,0.15001,500,0.01337,0.16795,0.25,200,0.0191,0.19546,0.1,800,0.31324,0.03916,rl
Sewerage,000552_lcam_front_lidar.ply,0.10002,799,0.01392,0.12847,0.15001,500,0.0429,0.11132,0.25,200,0.03219,0.277,0.1,800,0.30897,0.03865,rl
Sewerage,000553_lcam_front_lidar.ply,0.10002,799,0.00392,0.07086,0.15001,500,0.06333,0.179,0.25,200,0.00125,0.00018,0.1,800,0.31272,0.03947,rl
Sewerage,000554_lcam_front_lidar.ply,0.10002,799,0.10369,0.14089,0.15001,500,0.02882,0.19472,0.25,200,0.01505,0.03783,0.1,800,0.31443,0.03796,rl
Sewerage,000555_lcam_front_lidar.ply,0.10002,799,0.04238,0.13299,0.15001,500,0.02346,0.10295,0.25,200,0.00144,0.00018,0.1,800,0.31752,0.03745,rl
Sewerage,000556_lcam_front_lidar.ply,0.10002,799,0.04021,0.12117,0.15001,500,0.01675,0.12507,0.25,200,0.00144,0.00017,0.1,800,0.3184,0.03749,rl
Sewerage,000557_lcam_front_lidar.ply,0.10002,799,0.03669,0.12712,0.15001,500,0.02887,0.12958,0.25,200,0.01816,0.25225,0.1,800,0.31962,0.03901,rl
Sewerage,000558_lcam_front_lidar.ply,0.10002,799,0.02424,0.12574,0.15001,500,0.04016,0.17106,0.25,200,0.00788,0.08909,0.1,800,0.3163,0.03536,rl
Sewerage,000559_lcam_front_lidar.ply,0.10002,799,0.03455,0.12437,0.15001,500,0.0167,0.17853,0.25,200,0.05023,0.25345,0.1,800,0.32105,0.03767,rl
Sewerage,000560_lcam_front_lidar.ply,0.10002,799,0.05316,0.13367,0.15001,500,0.03129,0.17786,0.25,200,0.00128,0.00022,0.1,800,0.00051,1e-05,strict
Sewerage,000561_lcam_front_lidar.ply,0.10002,799,0.08829,0.14445,0.15001,500,0.05601,0.19181,0.25,200,0.00123,0.00015,0.1,800,0.32687,0.03958,rl
Sewerage,000562_lcam_front_lidar.ply,0.10002,799,0.03898,0.13419,0.15001,500,0.02422,0.18772,0.25,200,0.0012,0.00017,0.1,800,0.33205,0.04005,rl
Sewerage,000563_lcam_front_lidar.ply,0.10002,799,0.07839,0.13604,0.15001,500,0.00924,0.14853,0.25,200,0.00109,8e-05,0.1,800,0.33575,0.03953,rl
Sewerage,000564_lcam_front_lidar.ply,0.10002,799,0.04436,0.13732,0.15001,500,0.0096,0.11802,0.25,200,0.00118,0.00023,0.1,800,0.33951,0.04094,rl
Sewerage,000565_lcam_front_lidar.ply,0.10002,799,0.04984,0.13509,0.15001,500,0.03215,0.17957,0.25,200,0.00743,0.09962,0.1,800,0.34294,0.03962,rl
Sewerage,000566_lcam_front_lidar.ply,0.10002,799,0.04728,0.13418,0.15001,500,0.03601,0.16945,0.25,200,0.00238,0.00118,0.1,800,0.34759,0.0411,rl
Sewerage,000567_lcam_front_lidar.ply,0.10002,799,0.05617,0.14582,0.15001,500,0.05502,0.16193,0.25,200,0.00111,0.00023,0.2,800,0.351,0.04331,rl
Sewerage,000568_lcam_front_lidar.ply,0.10002,799,0.06096,0.13717,0.15001,500,0.00217,0.00145,0.25,200,0.00431,0.00387,0.25,800,0.35001,0.04354,rl
Sewerage,000569_lcam_front_lidar.ply,0.10002,799,0.06535,0.14445,0.15001,500,0.04697,0.17315,0.25,200,0.00142,0.03183,0.25,800,0.35,0.04364,rl
Sewerage,000570_lcam_front_lidar.ply,0.10002,799,0.05741,0.13553,0.15001,500,0.09488,0.19543,0.25,200,0.00127,0.00066,0.25,800,0.34409,0.04346,rl
Sewerage,000571_lcam_front_lidar.ply,0.10002,799,0.07457,0.1394,0.15001,500,0.01561,0.13341,0.25,200,0.00361,0.0456,0.25,800,0.00108,0.00036,strict
Sewerage,000572_lcam_front_lidar.ply,0.10002,799,0.08094,0.13764,0.15001,500,0.02444,0.17559,0.25,200,0.02958,0.25049,0.25,800,0.33644,0.04351,rl
Sewerage,000573_lcam_front_lidar.ply,0.10002,799,0.05995,0.1275,0.15001,500,0.10386,0.20077,0.25,200,0.03073,0.12385,0.25,800,0.33373,0.04398,rl
Sewerage,000574_lcam_front_lidar.ply,0.10002,799,0.0603,0.12363,0.15001,500,0.0034,0.06233,0.25,200,0.00847,0.10887,0.25,800,0.00083,0.00028,strict
Sewerage,000575_lcam_front_lidar.ply,0.10002,799,0.07806,0.13759,0.15001,500,0.0125,0.15015,0.25,200,0.00045,9e-05,0.25,800,0.32818,0.04249,rl
Sewerage,000576_lcam_front_lidar.ply,0.10002,799,0.02542,0.112,0.15001,500,0.04276,0.17684,0.25,200,0.00083,0.00058,0.25,800,0.32609,0.0429,rl
Sewerage,000577_lcam_front_lidar.ply,0.10002,799,0.07165,0.14094,0.15001,500,0.03262,0.18071,0.25,200,0.00063,9e-05,0.2,800,0.0005,2e-05,strict
Sewerage,000578_lcam_front_lidar.ply,0.10002,799,0.04299,0.08852,0.15001,500,0.03955,0.16214,0.25,200,0.00903,0.12361,0.25,800,0.32394,0.04464,rl
Sewerage,000579_lcam_front_lidar.ply,0.10002,799,0.04571,0.11466,0.15001,500,0.02153,0.17389,0.25,200,0.00582,0.09589,0.2,800,0.32413,0.04491,rl
Sewerage,000580_lcam_front_lidar.ply,0.10002,799,0.0663,0.13297,0.15001,500,0.01561,0.0992,0.25,200,0.04507,0.24088,0.2,800,0.32315,0.04557,rl
Sewerage,000581_lcam_front_lidar.ply,0.10002,799,0.02505,0.12609,0.15001,500,0.03096,0.15859,0.25,200,0.00186,0.05619,0.2,800,0.32065,0.04822,rl
Sewerage,000582_lcam_front_lidar.ply,0.10002,799,0.06241,0.12323,0.15001,500,0.02557,0.17418,0.25,200,0.00104,0.00111,0.2,800,0.31918,0.04698,rl
Sewerage,000583_lcam_front_lidar.ply,0.10002,799,0.06944,0.13963,0.15001,500,0.12071,0.19592,0.25,200,0.03019,0.19243,0.2,800,0.31882,0.0478,rl
Sewerage,000584_lcam_front_lidar.ply,0.10002,799,0.06804,0.14332,0.15001,500,0.09473,0.18777,0.25,200,0.00912,0.11118,0.2,800,0.31821,0.04701,rl
Sewerage,000585_lcam_front_lidar.ply,0.10002,799,0.07042,0.14212,0.15001,500,0.0417,0.17331,0.25,200,0.0691,0.30342,0.2,800,0.31799,0.04714,rl
Sewerage,000586_lcam_front_lidar.ply,0.10002,799,0.00832,0.06663,0.15001,500,0.0407,0.16251,0.25,200,0.04247,0.27895,0.25,800,0.3211,0.04759,rl
Sewerage,000587_lcam_front_lidar.ply,0.10002,799,0.03568,0.14297,0.15001,500,0.04986,0.16716,0.25,200,0.0025,0.02964,0.2,800,0.31932,0.04702,rl
Sewerage,000588_lcam_front_lidar.ply,0.10002,799,0.04207,0.10548,0.15001,500,0.03462,0.17272,0.25,200,0.00049,0.00074,0.2,800,0.31824,0.04601,rl
Sewerage,000589_lcam_front_lidar.ply,0.10002,799,0.0688,0.14063,0.15001,500,0.0601,0.18029,0.25,200,0.00219,0.03811,0.2,800,0.31814,0.04594,rl
Sewerage,000590_lcam_front_lidar.ply,0.10002,799,0.05679,0.11247,0.15001,500,0.0509,0.18856,0.25,200,0.01106,0.11724,0.1,800,0.31697,0.04188,rl
Sewerage,000591_lcam_front_lidar.ply,0.10002,799,0.07585,0.13825,0.15001,500,0.0329,0.14528,0.25,200,0.00229,0.03015,0.1,800,0.31487,0.03958,rl
Sewerage,000592_lcam_front_lidar.ply,0.10002,799,0.05388,0.11871,0.15001,500,0.02742,0.15751,0.25,200,0.00203,0.02826,0.1,800,0.00109,0.00024,strict
Sewerage,000593_lcam_front_lidar.ply,0.10002,799,0.0512,0.11349,0.15001,500,0.03092,0.18021,0.25,200,0.02698,0.29277,0.25,800,0.3181,0.04366,rl
Sewerage,000594_lcam_front_lidar.ply,0.10002,799,0.04863,0.13478,0.15001,500,0.00234,0.00042,0.25,200,0.00575,0.07642,0.1,800,0.31464,0.03938,rl
Sewerage,000595_lcam_front_lidar.ply,0.10002,799,0.06327,0.14614,0.15001,500,0.03523,0.17899,0.25,200,0.00193,0.00088,0.1,800,0.31266,0.03838,rl
Sewerage,000596_lcam_front_lidar.ply,0.10002,799,0.06184,0.14436,0.15001,500,0.00743,0.02659,0.25,200,0.00045,0.00012,0.1,800,0.31411,0.03778,rl
Sewerage,000597_lcam_front_lidar.ply,0.10002,799,0.05965,0.13616,0.15001,500,0.03344,0.16567,0.25,200,0.01967,0.18233,0.1,800,0.31449,0.03871,rl
Sewerage,000598_lcam_front_lidar.ply,0.10002,799,0.03855,0.13307,0.15001,500,0.02877,0.14698,0.25,200,0.00134,0.07003,0.1,800,0.31188,0.03805,rl
Sewerage,000599_lcam_front_lidar.ply,0.10002,799,0.05592,0.12927,0.15001,500,0.04544,0.17815,0.25,200,0.0004,0.00012,0.1,800,0.31299,0.03615,rl
Sewerage,000600_lcam_front_lidar.ply,0.10002,799,0.05701,0.13349,0.15001,500,0.04658,0.17725,0.25,200,0.00677,0.00783,0.1,800,0.31582,0.03768,rl
Sewerage,000601_lcam_front_lidar.ply,0.10002,799,0.04418,0.10087,0.15001,500,0.02759,0.15983,0.25,200,0.00049,9e-05,0.1,800,0.3116,0.03747,rl
Sewerage,000602_lcam_front_lidar.ply,0.10002,799,0.05033,0.12597,0.15001,500,0.0457,0.17422,0.25,200,0.00061,0.00013,0.1,800,0.31172,0.03782,rl
Sewerage,000603_lcam_front_lidar.ply,0.10002,799,0.05052,0.12191,0.15001,500,0.05215,0.17585,0.25,200,0.0224,0.21612,0.1,800,0.00092,4e-05,standard
Sewerage,000604_lcam_front_lidar.ply,0.10002,799,0.04835,0.12319,0.15001,500,0.02835,0.15971,0.25,200,0.00064,0.00016,0.1,800,0.00087,4e-05,strict
Sewerage,000605_lcam_front_lidar.ply,0.10002,799,0.04592,0.10862,0.15001,500,0.027,0.15207,0.25,200,0.00036,0.03533,0.1,800,0.31299,0.03702,rl
Sewerage,000606_lcam_front_lidar.ply,0.10002,799,0.05014,0.12289,0.15001,500,0.0387,0.17693,0.25,200,0.02,0.2113,0.1,800,0.31403,0.03541,rl
Sewerage,000607_lcam_front_lidar.ply,0.10002,799,0.03478,0.09489,0.15001,500,0.02901,0.1608,0.25,200,0.00184,0.05283,0.1,800,0.31074,0.03513,rl
Sewerage,000608_lcam_front_lidar.ply,0.10002,799,0.03002,0.07733,0.15001,500,0.02635,0.15772,0.25,200,0.0233,0.22987,0.1,800,0.00222,0.00025,strict
Sewerage,000609_lcam_front_lidar.ply,0.10002,799,0.03554,0.12931,0.15001,500,0.05363,0.18374,0.25,200,0.00101,0.04069,0.1,800,0.3077,0.03384,rl
Sewerage,000610_lcam_front_lidar.ply,0.10002,799,0.03703,0.1232,0.15001,500,0.02545,0.16081,0.25,200,0.00102,0.00034,0.1,800,0.31806,0.03376,rl
Sewerage,000611_lcam_front_lidar.ply,0.10002,799,0.10699,0.15131,0.15001,500,0.02997,0.15776,0.25,200,0.02564,0.21657,0.1,800,0.31601,0.03318,rl
Sewerage,000612_lcam_front_lidar.ply,0.10002,799,0.03691,0.12533,0.15001,500,0.03509,0.17257,0.25,200,0.01696,0.10316,0.1,800,0.30858,0.03407,rl
Sewerage,000613_lcam_front_lidar.ply,0.10002,799,0.0299,0.11495,0.15001,500,0.0296,0.16251,0.25,200,0.00177,0.05944,0.1,800,0.30986,0.03396,rl
Sewerage,000614_lcam_front_lidar.ply,0.10002,799,0.06752,0.11585,0.15001,500,0.02452,0.17934,0.25,200,0.00141,0.02379,0.1,800,0.31081,0.03241,rl
Sewerage,000615_lcam_front_lidar.ply,0.10002,799,0.10877,0.13565,0.15001,500,0.03471,0.16452,0.25,200,0.02139,0.20383,0.1,800,0.31511,0.03304,rl
Sewerage,000616_lcam_front_lidar.ply,0.10002,799,0.11978,0.1534,0.15001,500,0.0283,0.13905,0.25,200,0.00238,0.06923,0.1,800,0.31081,0.03164,rl
Sewerage,000617_lcam_front_lidar.ply,0.10002,799,0.05571,0.14421,0.15001,500,0.04083,0.17333,0.25,200,0.01944,0.16817,0.1,800,0.31118,0.03223,rl
Sewerage,000618_lcam_front_lidar.ply,0.10002,799,0.1157,0.14503,0.15001,500,0.16813,0.21286,0.25,200,0.00155,0.02638,0.1,800,0.30909,0.03076,rl
Sewerage,000619_lcam_front_lidar.ply,0.10002,799,0.03627,0.13046,0.15001,500,0.02903,0.15982,0.25,200,0.00247,0.05469,0.1,800,0.30915,0.0305,rl
Sewerage,000620_lcam_front_lidar.ply,0.10002,799,0.08623,0.12951,0.15001,500,0.01852,0.08969,0.25,200,0.00168,0.01377,0.1,800,0.3095,0.03118,rl
Sewerage,000621_lcam_front_lidar.ply,0.10002,799,0.12937,0.13952,0.15001,500,0.02332,0.14356,0.25,200,0.00262,0.07918,0.1,800,0.00052,2e-05,strict
Sewerage,000622_lcam_front_lidar.ply,0.10002,799,0.03076,0.11615,0.15001,500,0.04103,0.16978,0.25,200,0.01691,0.19803,0.1,800,0.30678,0.03012,rl
Sewerage,000623_lcam_front_lidar.ply,0.10002,799,0.0384,0.12102,0.15001,500,0.03092,0.17474,0.25,200,0.06545,0.22778,0.1,800,0.30627,0.02928,rl
Sewerage,000624_lcam_front_lidar.ply,0.10002,799,0.03292,0.11501,0.15001,500,0.01469,0.18973,0.25,200,0.00071,0.00036,0.1,800,0.3064,0.02812,rl
Sewerage,000625_lcam_front_lidar.ply,0.10002,799,0.07124,0.13531,0.15001,500,0.0154,0.19417,0.25,200,0.00554,0.10991,0.1,800,0.30372,0.02791,rl
Sewerage,000626_lcam_front_lidar.ply,0.10002,799,0.1585,0.14477,0.15001,500,0.00276,0.00196,0.25,200,0.00188,0.00156,0.1,800,0.30237,0.02701,rl
Sewerage,000627_lcam_front_lidar.ply,0.10002,799,0.07254,0.12672,0.15001,500,0.00908,0.16499,0.25,200,0.00191,0.1207,0.1,800,0.00057,1e-05,strict
Sewerage,000628_lcam_front_lidar.ply,0.10002,799,0.00172,0.00174,0.15001,500,0.02109,0.14429,0.25,200,0.02196,0.25196,0.1,800,0.29908,0.02672,rl
Sewerage,000629_lcam_front_lidar.ply,0.10002,799,0.15073,0.1442,0.15001,500,0.01358,0.16243,0.25,200,0.00071,0.00019,0.1,800,0.29922,0.02726,rl
Sewerage,000630_lcam_front_lidar.ply,0.10002,799,0.08792,0.13728,0.15001,500,0.0028,0.07599,0.25,200,0.00238,0.19428,0.1,800,0.29554,0.02522,rl
Sewerage,000631_lcam_front_lidar.ply,0.10002,799,0.17462,0.14359,0.15001,500,0.01201,0.13754,0.25,200,0.01731,0.25693,0.1,800,0.29404,0.02429,rl
Sewerage,000632_lcam_front_lidar.ply,0.10002,799,0.02708,0.12632,0.15001,500,0.03087,0.13769,0.25,200,0.0062,0.13636,0.1,800,0.29119,0.02407,rl
Sewerage,000633_lcam_front_lidar.ply,0.10002,799,0.03733,0.13983,0.15001,500,0.00243,0.20021,0.25,200,0.01663,0.23787,0.1,800,0.29097,0.02417,rl
Sewerage,000634_lcam_front_lidar.ply,0.10002,799,0.03986,0.15007,0.15001,500,0.01335,0.15218,0.25,200,0.0017,0.00191,0.1,800,0.28983,0.02202,rl
Sewerage,000635_lcam_front_lidar.ply,0.10002,799,0.16684,0.14457,0.15001,500,0.04363,0.16692,0.25,200,0.00559,0.12767,0.1,800,0.28815,0.02309,rl
Sewerage,000636_lcam_front_lidar.ply,0.10002,799,0.17129,0.14407,0.15001,500,0.01408,0.16426,0.25,200,0.0059,0.13834,0.1,800,0.28471,0.02144,rl
Sewerage,000637_lcam_front_lidar.ply,0.10002,799,0.17701,0.14453,0.15001,500,0.01431,0.17069,0.25,200,0.00198,0.072,0.1,800,0.28383,0.02051,rl
Sewerage,000638_lcam_front_lidar.ply,0.10002,799,0.16593,0.13905,0.15001,500,0.01377,0.15715,0.25,200,0.00356,0.06936,0.2,800,0.28879,0.02373,rl
Sewerage,000639_lcam_front_lidar.ply,0.10002,799,0.16447,0.13663,0.15001,500,0.01252,0.1366,0.25,200,0.00616,0.15166,0.25,800,0.28963,0.03047,rl
Sewerage,000640_lcam_front_lidar.ply,0.10002,799,0.1861,0.14128,0.15001,500,0.28761,0.20601,0.25,200,0.00589,0.15243,0.25,800,0.28708,0.02845,standard
Sewerage,000641_lcam_front_lidar.ply,0.10002,799,0.04682,0.13346,0.15001,500,0.29477,0.20562,0.25,200,0.00095,0.00043,0.2,800,0.28531,0.0234,standard
Sewerage,000642_lcam_front_lidar.ply,0.10002,799,0.01467,0.15136,0.15001,500,0.03375,0.17929,0.25,200,0.00071,0.00021,0.1,800,0.27714,0.01963,rl
Sewerage,000643_lcam_front_lidar.ply,0.10002,799,0.04719,0.13081,0.15001,500,0.02724,0.21636,0.25,200,0.00222,0.16752,0.1,800,0.00054,3e-05,strict
Sewerage,000644_lcam_front_lidar.ply,0.10002,799,0.00913,0.09113,0.15001,500,0.05476,0.19328,0.25,200,0.01675,0.22883,0.1,800,0.27575,0.01863,rl
Sewerage,000645_lcam_front_lidar.ply,0.10002,799,0.01347,0.15148,0.15001,500,0.03502,0.13785,0.25,200,0.00156,0.00207,0.1,800,0.27779,0.01833,rl
Sewerage,000646_lcam_front_lidar.ply,0.10002,799,0.02392,0.12952,0.15001,500,0.00356,0.06859,0.25,200,0.007,0.16981,0.1,800,0.27363,0.0184,rl
Sewerage,000647_lcam_front_lidar.ply,0.10002,799,0.03089,0.14315,0.15001,500,0.01339,0.14188,0.25,200,0.01694,0.23142,0.1,800,0.27498,0.01867,rl
Sewerage,000648_lcam_front_lidar.ply,0.10002,799,0.02755,0.14175,0.15001,500,0.02108,0.18153,0.25,200,0.00285,0.16619,0.1,800,0.27371,0.01808,rl
Sewerage,000649_lcam_front_lidar.ply,0.10002,799,0.03873,0.0633,0.15001,500,0.01401,0.15132,0.25,200,0.00061,0.00028,0.1,800,0.27461,0.01814,rl
Sewerage,000650_lcam_front_lidar.ply,0.10002,799,0.0237,0.13964,0.15001,500,0.05332,0.21832,0.25,200,0.00175,0.00218,0.1,800,0.27317,0.01821,rl
Sewerage,000651_lcam_front_lidar.ply,0.10002,799,0.003,0.00658,0.15001,500,0.05304,0.20717,0.25,200,0.00165,0.00213,0.1,800,0.27055,0.01863,rl
Sewerage,000652_lcam_front_lidar.ply,0.10002,799,0.01865,0.12317,0.15001,500,0.01505,0.173,0.25,200,0.00295,0.20726,0.1,800,0.27275,0.01823,rl
Sewerage,000653_lcam_front_lidar.ply,0.10002,799,0.0254,0.14006,0.15001,500,0.04316,0.19437,0.25,200,0.00266,0.02936,0.1,800,0.27339,0.01815,rl
Sewerage,000654_lcam_front_lidar.ply,0.10002,799,0.01898,0.1,0.15001,500,0.02884,0.17295,0.25,200,0.01707,0.23089,0.1,800,0.27096,0.01829,rl
Sewerage,000655_lcam_front_lidar.ply,0.10002,799,0.02191,0.06255,0.15001,500,0.0279,0.21427,0.25,200,0.01698,0.2326,0.1,800,0.26978,0.01862,rl
Sewerage,000656_lcam_front_lidar.ply,0.10002,799,0.02485,0.13663,0.15001,500,0.00064,0.10607,0.25,200,0.00288,0.15034,0.1,800,0.27087,0.01876,rl
Sewerage,000657_lcam_front_lidar.ply,0.10002,799,0.02549,0.14019,0.15001,500,0.00868,0.11581,0.25,200,0.01028,0.15479,0.1,800,0.26948,0.01917,rl
Sewerage,000658_lcam_front_lidar.ply,0.10002,799,0.02686,0.07622,0.15001,500,0.00819,0.10375,0.25,200,0.01648,0.21411,0.1,800,0.26713,0.01923,rl
Sewerage,000659_lcam_front_lidar.ply,0.10002,799,0.02613,0.07539,0.15001,500,0.04549,0.22673,0.25,200,0.00509,0.05951,0.1,800,0.26801,0.01905,rl
Sewerage,000660_lcam_front_lidar.ply,0.10002,799,0.02017,0.13465,0.15001,500,0.00896,0.11865,0.25,200,0.0171,0.2335,0.1,800,0.27127,0.01925,rl
Sewerage,000661_lcam_front_lidar.ply,0.10002,799,0.0262,0.07493,0.15001,500,0.00405,0.08457,0.25,200,0.00234,0.134,0.1,800,0.27057,0.01849,rl
Sewerage,000662_lcam_front_lidar.ply,0.10002,799,0.02066,0.13531,0.15001,500,0.03967,0.20715,0.25,200,0.00266,0.08146,0.2,800,0.27761,0.02052,rl
Sewerage,000663_lcam_front_lidar.ply,0.10002,799,0.03259,0.11423,0.15001,500,0.00929,0.12308,0.25,200,0.01691,0.22332,0.1,800,0.27502,0.01852,rl
Sewerage,000664_lcam_front_lidar.ply,0.10002,799,0.0047,0.09977,0.15001,500,0.00943,0.12338,0.25,200,0.01061,0.17474,0.1,800,0.27567,0.01824,rl
Sewerage,000665_lcam_front_lidar.ply,0.10002,799,0.01985,0.14398,0.15001,500,0.00936,0.12156,0.25,200,0.01304,0.17471,0.1,800,0.27787,0.01819,rl
Sewerage,000666_lcam_front_lidar.ply,0.10002,799,0.01932,0.13817,0.15001,500,0.00167,0.00263,0.25,200,0.01205,0.14378,0.1,800,0.27855,0.01784,rl
Sewerage,000667_lcam_front_lidar.ply,0.10002,799,0.01778,0.12661,0.15001,500,0.00231,0.13011,0.25,200,0.0122,0.14532,0.1,800,0.27805,0.01812,rl
Sewerage,000668_lcam_front_lidar.ply,0.10002,799,0.02186,0.13044,0.15001,500,0.00979,0.12976,0.25,200,0.00474,0.06811,0.1,800,0.27907,0.0181,rl
Sewerage,000669_lcam_front_lidar.ply,0.10002,799,0.02153,0.12617,0.15001,500,0.00991,0.12866,0.25,200,0.01186,0.12312,0.1,800,0.27885,0.01847,rl
Sewerage,000670_lcam_front_lidar.ply,0.10002,799,0.02403,0.1483,0.15001,500,0.00948,0.10263,0.25,200,0.01109,0.17982,0.1,800,0.28,0.01826,rl
Sewerage,000671_lcam_front_lidar.ply,0.10002,799,0.0445,0.04519,0.15001,500,0.0438,0.08835,0.25,200,0.00351,0.1021,0.1,800,0.27841,0.01814,rl
Sewerage,000672_lcam_front_lidar.ply,0.10002,799,0.0221,0.14023,0.15001,500,0.02993,0.19012,0.25,200,0.01382,0.18554,0.1,800,0.2826,0.01824,rl
Sewerage,000673_lcam_front_lidar.ply,0.10002,799,0.00986,0.12314,0.15001,500,0.02948,0.21869,0.25,200,0.01391,0.18532,0.1,800,0.27963,0.01831,rl
Sewerage,000674_lcam_front_lidar.ply,0.10002,799,0.00564,0.05529,0.15001,500,0.00625,0.03586,0.25,200,0.01304,0.15756,0.1,800,0.28154,0.01907,rl
Sewerage,000675_lcam_front_lidar.ply,0.10002,799,0.02795,0.10922,0.15001,500,0.02445,0.165,0.25,200,0.00502,0.07212,0.1,800,0.28208,0.01937,rl
Sewerage,000676_lcam_front_lidar.ply,0.10002,799,0.01599,0.13616,0.15001,500,0.00885,0.13596,0.25,200,0.01392,0.18258,0.1,800,0.28316,0.01992,rl
Sewerage,000677_lcam_front_lidar.ply,0.10002,799,0.02333,0.15007,0.15001,500,0.03044,0.19972,0.25,200,0.0141,0.18689,0.1,800,0.28308,0.01979,rl
Sewerage,000678_lcam_front_lidar.ply,0.10002,799,0.01899,0.13016,0.15001,500,0.00955,0.09281,0.25,200,0.01472,0.21648,0.1,800,0.28351,0.01996,rl
Sewerage,000679_lcam_front_lidar.ply,0.10002,799,0.01995,0.13453,0.15001,500,0.00703,0.09633,0.25,200,0.01408,0.18775,0.1,800,0.28264,0.01963,rl
Sewerage,000680_lcam_front_lidar.ply,0.10002,799,0.02679,0.11755,0.15001,500,0.02073,0.15089,0.25,200,0.01238,0.13425,0.1,800,0.28281,0.02007,rl
Sewerage,000681_lcam_front_lidar.ply,0.10002,799,0.01172,0.14407,0.15001,500,0.00542,0.02896,0.25,200,0.00156,0.0864,0.1,800,0.28245,0.01939,rl
Sewerage,000682_lcam_front_lidar.ply,0.10002,799,0.00832,0.07591,0.15001,500,0.00729,0.09916,0.25,200,0.01028,0.19446,0.1,800,0.2812,0.01955,rl
Sewerage,000683_lcam_front_lidar.ply,0.10002,799,0.00203,0.03356,0.15001,500,0.0288,0.15768,0.25,200,0.01403,0.17884,0.1,800,0.28265,0.0195,rl
Sewerage,000684_lcam_front_lidar.ply,0.10002,799,0.01542,0.14644,0.15001,500,0.01347,0.1035,0.25,200,0.01512,0.20184,0.1,800,0.28096,0.01973,rl
Sewerage,000685_lcam_front_lidar.ply,0.10002,799,0.00786,0.07296,0.15001,500,0.01255,0.0813,0.25,200,0.00479,0.20489,0.1,800,0.28101,0.02002,rl
Sewerage,000686_lcam_front_lidar.ply,0.10002,799,0.01537,0.14434,0.15001,500,0.02479,0.1928,0.25,200,0.012,0.225,0.1,800,0.28328,0.02087,rl
Sewerage,000687_lcam_front_lidar.ply,0.10002,799,0.01505,0.13806,0.15001,500,0.00922,0.16614,0.25,200,0.00267,0.10209,0.1,800,0.28012,0.0208,rl
Sewerage,000688_lcam_front_lidar.ply,0.10002,799,0.01302,0.10578,0.15001,500,0.01863,0.14856,0.25,200,0.00471,0.05089,0.1,800,0.2811,0.0211,rl
Sewerage,000689_lcam_front_lidar.ply,0.10002,799,0.03755,0.05024,0.15001,500,0.01754,0.21447,0.25,200,0.01538,0.20783,0.1,800,0.28021,0.02116,rl
Sewerage,000690_lcam_front_lidar.ply,0.10002,799,0.0149,0.13651,0.15001,500,0.01958,0.17886,0.25,200,0.01137,0.13683,0.1,800,0.27925,0.02149,rl
Sewerage,000691_lcam_front_lidar.ply,0.10002,799,0.02116,0.14315,0.15001,500,0.03524,0.16184,0.25,200,0.01462,0.18078,0.1,800,0.27622,0.0224,rl
Sewerage,000692_lcam_front_lidar.ply,0.10002,799,0.02818,0.11764,0.15001,500,0.02531,0.20096,0.25,200,0.00974,0.15862,0.1,800,0.2762,0.02208,rl
Sewerage,000693_lcam_front_lidar.ply,0.10002,799,0.01196,0.14582,0.15001,500,0.03445,0.17303,0.25,200,0.01373,0.15711,0.1,800,0.27727,0.02303,rl
Sewerage,000694_lcam_front_lidar.ply,0.10002,799,0.01951,0.04024,0.15001,500,0.02813,0.19323,0.25,200,0.015,0.18642,0.1,800,0.27685,0.0226,rl
Sewerage,000695_lcam_front_lidar.ply,0.10002,799,0.03837,0.05046,0.15001,500,0.03696,0.1792,0.25,200,0.01616,0.21931,0.1,800,0.27656,0.02269,rl
Sewerage,000696_lcam_front_lidar.ply,0.10002,799,0.01592,0.14081,0.15001,500,0.01379,0.05419,0.25,200,0.01802,0.21899,0.1,800,0.27681,0.02278,rl
Sewerage,000697_lcam_front_lidar.ply,0.10002,799,0.02974,0.12211,0.15001,500,0.02061,0.17816,0.25,200,0.01543,0.19808,0.1,800,0.27637,0.02282,rl
Sewerage,000698_lcam_front_lidar.ply,0.10002,799,0.01623,0.13639,0.15001,500,0.01387,0.05275,0.25,200,0.00332,0.00491,0.1,800,0.27821,0.02363,rl
Sewerage,000699_lcam_front_lidar.ply,0.10002,799,0.02273,0.10071,0.15001,500,0.02068,0.14865,0.25,200,0.01729,0.22087,0.1,800,0.27691,0.02307,rl
Sewerage,000700_lcam_front_lidar.ply,0.10002,799,0.01363,0.14585,0.15001,500,0.02889,0.20443,0.25,200,0.00167,0.16015,0.1,800,0.27748,0.02289,rl
Sewerage,000701_lcam_front_lidar.ply,0.10002,799,0.00672,0.10868,0.15001,500,0.0517,0.10605,0.25,200,0.00188,0.03365,0.1,800,0.27731,0.0239,rl
Sewerage,000702_lcam_front_lidar.ply,0.10002,799,0.0204,0.1404,0.15001,500,0.05207,0.10964,0.25,200,0.00099,0.0006,0.1,800,0.27724,0.02389,rl
Sewerage,000703_lcam_front_lidar.ply,0.10002,799,0.00924,0.12771,0.15001,500,0.02257,0.21008,0.25,200,0.01662,0.22186,0.1,800,0.27802,0.02387,rl
Sewerage,000704_lcam_front_lidar.ply,0.10002,799,0.02728,0.09441,0.15001,500,0.03491,0.1619,0.25,200,0.01839,0.23107,0.1,800,0.27826,0.02371,rl
Sewerage,000705_lcam_front_lidar.ply,0.10002,799,0.01451,0.16266,0.15001,500,0.05014,0.10344,0.25,200,0.00252,0.04848,0.1,800,0.27808,0.02399,rl
Sewerage,000706_lcam_front_lidar.ply,0.10002,799,0.00573,0.10655,0.15001,500,0.02135,0.21064,0.25,200,0.01873,0.23354,0.1,800,0.27784,0.02362,rl
Sewerage,000707_lcam_front_lidar.ply,0.10002,799,0.01314,0.14721,0.15001,500,0.0184,0.13879,0.25,200,0.00314,0.10896,0.1,800,0.27754,0.02395,rl
Sewerage,000708_lcam_front_lidar.ply,0.10002,799,0.01339,0.16074,0.15001,500,0.03616,0.15406,0.25,200,0.0184,0.23255,0.1,800,0.27951,0.02334,rl
Sewerage,000709_lcam_front_lidar.ply,0.10002,799,0.00925,0.00436,0.15001,500,0.03651,0.17889,0.25,200,0.01573,0.2114,0.1,800,0.27737,0.0237,rl
Sewerage,000710_lcam_front_lidar.ply,0.10002,799,0.01674,0.14539,0.15001,500,0.04668,0.11554,0.25,200,0.09066,0.3201,0.1,800,0.27808,0.02419,rl
Sewerage,000711_lcam_front_lidar.ply,0.10002,799,0.00576,0.00198,0.15001,500,0.0399,0.12682,0.25,200,0.00175,0.00226,0.1,800,0.27949,0.02412,rl
Sewerage,000712_lcam_front_lidar.ply,0.10002,799,0.01146,0.14533,0.15001,500,0.01938,0.18989,0.25,200,0.00035,0.0001,0.1,800,0.27745,0.02394,rl
Sewerage,000713_lcam_front_lidar.ply,0.10002,799,0.00502,0.14545,0.15001,500,0.03918,0.11631,0.25,200,0.00203,0.19407,0.1,800,0.28042,0.02441,rl
Sewerage,000714_lcam_front_lidar.ply,0.10002,799,0.00585,0.11367,0.15001,500,0.0429,0.1179,0.25,200,0.00035,0.00011,0.1,800,0.28028,0.0242,rl
Sewerage,000715_lcam_front_lidar.ply,0.10002,799,0.02797,0.10868,0.15001,500,0.0167,0.21388,0.25,200,0.01583,0.2184,0.1,800,0.27993,0.02372,rl
Sewerage,000716_lcam_front_lidar.ply,0.10002,799,0.01009,0.13052,0.15001,500,0.04214,0.10643,0.25,200,0.01964,0.25755,0.1,800,0.28127,0.02475,rl
Sewerage,000717_lcam_front_lidar.ply,0.10002,799,0.012,0.15939,0.15001,500,0.0728,0.12706,0.25,200,0.01879,0.23493,0.1,800,0.2788,0.02464,rl
Sewerage,000718_lcam_front_lidar.ply,0.10002,799,0.00653,0.04832,0.15001,500,0.0226,0.21279,0.25,200,0.01889,0.21718,0.1,800,0.28052,0.02486,rl
Sewerage,000719_lcam_front_lidar.ply,0.10002,799,0.02984,0.09878,0.15001,500,0.00099,0.0631,0.25,200,0.01616,0.22943,0.1,800,0.28036,0.02449,rl
Sewerage,000720_lcam_front_lidar.ply,0.10002,799,0.02595,0.12842,0.15001,500,0.04615,0.11193,0.25,200,0.00052,0.00011,0.1,800,0.28102,0.0251,rl
Sewerage,000721_lcam_front_lidar.ply,0.10002,799,0.00851,0.14325,0.15001,500,0.04528,0.09776,0.25,200,0.00094,0.00092,0.1,800,0.27985,0.0251,rl
Sewerage,000722_lcam_front_lidar.ply,0.10002,799,0.02818,0.0843,0.15001,500,0.00319,0.05946,0.25,200,0.017,0.23715,0.1,800,0.28058,0.02484,rl
Sewerage,000723_lcam_front_lidar.ply,0.10002,799,0.00983,0.14614,0.15001,500,0.01556,0.19565,0.25,200,0.00259,0.30299,0.1,800,0.27929,0.02522,rl
Sewerage,000724_lcam_front_lidar.ply,0.10002,799,0.03092,0.1027,0.15001,500,0.00549,0.11019,0.25,200,0.0174,0.25737,0.1,800,0.27756,0.02438,rl
Sewerage,000725_lcam_front_lidar.ply,0.10002,799,0.00234,0.09376,0.15001,500,0.00352,0.04812,0.25,200,0.00512,0.03269,0.1,800,0.27938,0.02536,rl
Sewerage,000726_lcam_front_lidar.ply,0.10002,799,0.00731,0.08528,0.15001,500,0.01184,0.14023,0.25,200,0.00097,0.0008,0.1,800,0.2798,0.02478,rl
Sewerage,000727_lcam_front_lidar.ply,0.10002,799,0.01054,0.1064,0.15001,500,0.00174,0.15477,0.25,200,0.01708,0.24846,0.1,800,0.27542,0.02463,rl
Sewerage,000728_lcam_front_lidar.ply,0.10002,799,0.00816,0.14432,0.15001,500,0.01075,0.19324,0.25,200,0.01646,0.23324,0.1,800,0.2792,0.02486,rl
Sewerage,000729_lcam_front_lidar.ply,0.10002,799,0.00299,0.14243,0.15001,500,0.05379,0.09758,0.25,200,0.01005,0.16862,0.1,800,0.27907,0.02497,rl
Sewerage,000730_lcam_front_lidar.ply,0.10002,799,0.00948,0.1475,0.15001,500,0.0063,0.18953,0.25,200,0.00446,0.06324,0.1,800,0.28043,0.02527,rl
Sewerage,000731_lcam_front_lidar.ply,0.10002,799,0.00465,0.13114,0.15001,500,0.00773,0.05444,0.25,200,0.00564,0.10363,0.1,800,0.27887,0.0256,rl
Sewerage,000732_lcam_front_lidar.ply,0.10002,799,0.02875,0.08104,0.15001,500,0.00872,0.18698,0.25,200,0.01524,0.20711,0.1,800,0.28057,0.02568,rl
Sewerage,000733_lcam_front_lidar.ply,0.10002,799,0.0074,0.14381,0.15001,500,0.00592,0.10855,0.25,200,0.01292,0.23409,0.1,800,0.27885,0.02586,rl
Sewerage,000734_lcam_front_lidar.ply,0.10002,799,0.00613,0.12157,0.15001,500,0.05476,0.09497,0.25,200,0.01793,0.24545,0.1,800,0.27953,0.02542,rl
Sewerage,000735_lcam_front_lidar.ply,0.10002,799,0.00604,0.12154,0.15001,500,0.01427,0.15569,0.25,200,0.01078,0.16697,0.1,800,0.28011,0.02634,rl
Sewerage,000736_lcam_front_lidar.ply,0.10002,799,0.00653,0.13566,0.15001,500,0.01077,0.12734,0.25,200,0.00688,0.07627,0.1,800,0.28003,0.02591,rl
Sewerage,000737_lcam_front_lidar.ply,0.10002,799,0.00618,0.13809,0.15001,500,0.00962,0.172,0.25,200,0.01493,0.23799,0.1,800,0.28053,0.02769,rl
Sewerage,000738_lcam_front_lidar.ply,0.10002,799,0.00727,0.1558,0.15001,500,0.0021,0.06757,0.25,200,0.00821,0.0925,0.1,800,0.28279,0.02732,rl
Sewerage,000739_lcam_front_lidar.ply,0.10002,799,0.00321,0.10403,0.15001,500,0.01203,0.18489,0.25,200,0.01514,0.24255,0.1,800,0.28229,0.02753,rl
Sewerage,000740_lcam_front_lidar.ply,0.10002,799,0.00559,0.05453,0.15001,500,0.0112,0.1048,0.25,200,0.01557,0.19762,0.1,800,0.28408,0.02739,rl
Sewerage,000741_lcam_front_lidar.ply,0.10002,799,0.00587,0.14609,0.15001,500,0.00915,0.17425,0.25,200,0.01531,0.26299,0.1,800,0.28363,0.02722,rl
Sewerage,000742_lcam_front_lidar.ply,0.10002,799,0.00668,0.14295,0.15001,500,0.01283,0.18096,0.25,200,0.01667,0.26891,0.1,800,0.28437,0.02771,rl
Sewerage,000743_lcam_front_lidar.ply,0.10002,799,0.00568,0.01235,0.15001,500,0.01359,0.18405,0.25,200,0.00743,0.06887,0.1,800,0.28269,0.02668,rl
Sewerage,000744_lcam_front_lidar.ply,0.10002,799,0.00434,0.04846,0.15001,500,0.02867,0.09362,0.25,200,0.00964,0.12926,0.1,800,0.28293,0.02751,rl
Sewerage,000745_lcam_front_lidar.ply,0.10002,799,0.00561,0.14973,0.15001,500,0.16023,0.16021,0.25,200,0.00637,0.07661,0.1,800,0.28335,0.0265,rl
Sewerage,000746_lcam_front_lidar.ply,0.10002,799,0.04721,0.05241,0.15001,500,0.0079,0.15018,0.25,200,0.01622,0.26185,0.1,800,0.28589,0.02718,rl
Sewerage,000747_lcam_front_lidar.ply,0.10002,799,0.04282,0.04454,0.15001,500,0.01398,0.07523,0.25,200,0.01728,0.26853,0.1,800,0.28669,0.02645,rl
Sewerage,000748_lcam_front_lidar.ply,0.10002,799,0.00847,0.06806,0.15001,500,0.00439,0.10046,0.25,200,0.01653,0.25944,0.1,800,0.00056,6e-05,loose
Sewerage,000749_lcam_front_lidar.ply,0.10002,799,0.00509,0.14099,0.15001,500,0.0041,0.0909,0.25,200,0.00649,0.11939,0.1,800,0.28933,0.02649,rl
Sewerage,000750_lcam_front_lidar.ply,0.10002,799,0.00253,0.10665,0.15001,500,0.01026,0.14874,0.25,200,0.00132,0.06494,0.1,800,0.28805,0.02637,rl
Sewerage,000751_lcam_front_lidar.ply,0.10002,799,0.00747,0.01651,0.15001,500,0.22128,0.18361,0.25,200,0.01745,0.26753,0.1,800,0.2878,0.02667,rl
Sewerage,000752_lcam_front_lidar.ply,0.10002,799,0.03889,0.09223,0.15001,500,0.01228,0.18704,0.25,200,0.00771,0.0553,0.1,800,0.28963,0.0264,rl
Sewerage,000753_lcam_front_lidar.ply,0.10002,799,0.07246,0.11621,0.15001,500,0.01292,0.22153,0.25,200,0.00144,0.0598,0.1,800,0.2901,0.02781,rl
Sewerage,000754_lcam_front_lidar.ply,0.10002,799,0.02587,0.08152,0.15001,500,0.01021,0.174,0.25,200,0.01668,0.26221,0.1,800,0.29068,0.02692,rl
Sewerage,000755_lcam_front_lidar.ply,0.10002,799,0.00502,0.11358,0.15001,500,0.26057,0.21212,0.25,200,0.0178,0.27469,0.1,800,0.29143,0.02751,rl
Sewerage,000756_lcam_front_lidar.ply,0.10002,799,0.00488,0.1434,0.15001,500,0.01007,0.15145,0.25,200,0.01795,0.27421,0.1,800,0.29046,0.0269,rl
Sewerage,000757_lcam_front_lidar.ply,0.10002,799,0.13899,0.12415,0.15001,500,0.23601,0.19741,0.25,200,0.00372,0.0509,0.1,800,0.29313,0.02786,rl
Sewerage,000758_lcam_front_lidar.ply,0.10002,799,0.00429,0.13774,0.15001,500,0.0062,0.17168,0.25,200,0.01156,0.20982,0.1,800,0.29392,0.02802,rl
Sewerage,000759_lcam_front_lidar.ply,0.10002,799,0.04056,0.10912,0.15001,500,0.2524,0.21291,0.25,200,0.02209,0.26974,0.1,800,0.29398,0.02825,rl
Sewerage,000760_lcam_front_lidar.ply,0.10002,799,0.00469,0.11849,0.15001,500,0.01483,0.1819,0.25,200,0.01951,0.28374,0.1,800,0.29389,0.02857,rl
Sewerage,000761_lcam_front_lidar.ply,0.10002,799,0.15977,0.14367,0.15001,500,0.00497,0.12905,0.25,200,0.00165,0.0405,0.1,800,0.29501,0.02902,rl
Sewerage,000762_lcam_front_lidar.ply,0.10002,799,0.00448,0.12865,0.15001,500,0.0104,0.12914,0.25,200,0.00524,0.24226,0.1,800,0.29429,0.02791,rl
Sewerage,000763_lcam_front_lidar.ply,0.10002,799,0.16551,0.14383,0.15001,500,0.01474,0.18037,0.25,200,0.00102,0.00053,0.1,800,0.29538,0.02874,rl
Sewerage,000764_lcam_front_lidar.ply,0.10002,799,0.16441,0.14297,0.15001,500,0.01502,0.18498,0.25,200,0.00186,0.0437,0.1,800,0.29679,0.02926,rl
Sewerage,000765_lcam_front_lidar.ply,0.10002,799,0.16477,0.14443,0.15001,500,0.00609,0.21272,0.25,200,0.00085,0.02146,0.1,800,0.29606,0.02982,rl
Sewerage,000766_lcam_front_lidar.ply,0.10002,799,0.16237,0.1432,0.15001,500,0.00455,0.07923,0.25,200,0.0025,0.10991,0.1,800,0.29893,0.03028,rl
Sewerage,000767_lcam_front_lidar.ply,0.10002,799,0.15374,0.13744,0.15001,500,0.01271,0.14465,0.25,200,0.02087,0.25807,0.1,800,0.29689,0.03098,rl
Sewerage,000768_lcam_front_lidar.ply,0.10002,799,0.00469,0.15336,0.15001,500,0.00906,0.20888,0.25,200,0.00054,0.00013,0.1,800,0.29714,0.03048,rl
Sewerage,000769_lcam_front_lidar.ply,0.10002,799,0.15612,0.1422,0.15001,500,0.22693,0.20979,0.25,200,0.02208,0.27599,0.1,800,0.29601,0.02973,rl
Sewerage,000770_lcam_front_lidar.ply,0.10002,799,0.15479,0.1428,0.15001,500,0.22323,0.20926,0.25,200,0.00118,0.01039,0.1,800,0.29733,0.03029,rl
Sewerage,000771_lcam_front_lidar.ply,0.10002,799,0.15199,0.14158,0.15001,500,0.22045,0.21092,0.25,200,0.00278,0.10341,0.1,800,0.29685,0.03172,rl
Sewerage,000772_lcam_front_lidar.ply,0.10002,799,0.14974,0.14168,0.15001,500,0.00608,0.20552,0.25,200,0.00161,0.02544,0.1,800,0.29754,0.03271,rl
Sewerage,000773_lcam_front_lidar.ply,0.10002,799,0.1496,0.14283,0.15001,500,0.01238,0.13651,0.25,200,0.00368,0.11333,0.1,800,0.29706,0.03301,rl
Sewerage,000774_lcam_front_lidar.ply,0.10002,799,0.00382,0.12694,0.15001,500,0.01047,0.13759,0.25,200,0.01993,0.28647,0.1,800,0.29523,0.03278,rl
Sewerage,000775_lcam_front_lidar.ply,0.10002,799,0.00285,0.14177,0.15001,500,0.21592,0.21254,0.25,200,0.01988,0.28332,0.1,800,0.29619,0.03367,rl
Sewerage,000776_lcam_front_lidar.ply,0.10002,799,0.14595,0.142,0.15001,500,0.01221,0.13154,0.25,200,0.02064,0.28608,0.1,800,0.29608,0.03408,rl
Sewerage,000777_lcam_front_lidar.ply,0.10002,799,0.14658,0.14574,0.15001,500,0.20993,0.21043,0.25,200,0.00078,0.04975,0.1,800,0.29517,0.03453,rl
Sewerage,000778_lcam_front_lidar.ply,0.10002,799,0.00389,0.13246,0.15001,500,0.21031,0.21055,0.25,200,0.00526,0.1335,0.1,800,0.29621,0.03441,rl
Sewerage,000779_lcam_front_lidar.ply,0.10002,799,0.14587,0.1461,0.15001,500,0.01182,0.12919,0.25,200,0.012,0.201,0.1,800,0.29629,0.03446,rl
Sewerage,000780_lcam_front_lidar.ply,0.10002,799,0.00495,0.08908,0.15001,500,0.01043,0.10866,0.25,200,0.01922,0.2695,0.1,800,0.29548,0.03404,rl
Sewerage,000781_lcam_front_lidar.ply,0.10002,799,0.14365,0.14481,0.15001,500,0.01162,0.12954,0.25,200,0.00184,0.24589,0.1,800,0.29696,0.03586,rl
Sewerage,000782_lcam_front_lidar.ply,0.10002,799,0.14367,0.14535,0.15001,500,0.00925,0.1272,0.25,200,0.01931,0.27574,0.1,800,0.29616,0.03566,rl
Sewerage,000783_lcam_front_lidar.ply,0.10002,799,0.14003,0.14096,0.15001,500,0.00346,0.11686,0.25,200,0.00668,0.07561,0.1,800,0.29604,0.03709,rl
Sewerage,000784_lcam_front_lidar.ply,0.10002,799,0.13849,0.14188,0.15001,500,0.00797,0.19842,0.25,200,0.01656,0.23639,0.1,800,0.29489,0.03598,rl
Sewerage,000785_lcam_front_lidar.ply,0.10002,799,0.14195,0.14459,0.15001,500,0.00912,0.12999,0.25,200,0.00712,0.14652,0.1,800,0.29459,0.03528,rl
Sewerage,000786_lcam_front_lidar.ply,0.10002,799,0.14192,0.14548,0.15001,500,0.00339,0.16745,0.25,200,0.01828,0.26007,0.1,800,0.29486,0.03538,rl
Sewerage,000787_lcam_front_lidar.ply,0.10002,799,0.13725,0.14158,0.15001,500,0.00611,0.17787,0.25,200,0.00844,0.1564,0.1,800,0.29145,0.03356,rl
Sewerage,000788_lcam_front_lidar.ply,0.10002,799,0.00733,0.12859,0.15001,500,0.00946,0.19961,0.25,200,0.00623,0.09813,0.1,800,0.29372,0.03613,rl
Sewerage,000789_lcam_front_lidar.ply,0.10002,799,0.14057,0.14467,0.15001,500,0.1908,0.20096,0.25,200,0.00906,0.17714,0.1,800,0.29246,0.03499,rl
Sewerage,000790_lcam_front_lidar.ply,0.10002,799,0.00285,0.13241,0.15001,500,0.01476,0.18249,0.25,200,0.01929,0.28073,0.1,800,0.29323,0.03613,rl
Sewerage,000791_lcam_front_lidar.ply,0.10002,799,0.13823,0.14409,0.15001,500,0.00929,0.17821,0.25,200,0.0016,0.00186,0.1,800,0.29259,0.03585,rl
Sewerage,000792_lcam_front_lidar.ply,0.10002,799,0.13914,0.14471,0.15001,500,0.21406,0.21869,0.25,200,0.01728,0.24961,0.1,800,0.29116,0.03589,rl
Sewerage,000793_lcam_front_lidar.ply,0.10002,799,0.00491,0.07164,0.15001,500,0.01351,0.17126,0.25,200,0.00418,0.04411,0.1,800,0.29135,0.03763,rl
Sewerage,000794_lcam_front_lidar.ply,0.10002,799,0.13322,0.13832,0.15001,500,0.01014,0.12431,0.25,200,0.0166,0.26324,0.1,800,0.29118,0.03712,rl
Sewerage,000795_lcam_front_lidar.ply,0.10002,799,0.13537,0.143,0.15001,500,0.01019,0.1291,0.25,200,0.01667,0.26919,0.1,800,0.28905,0.03623,rl
Sewerage,000796_lcam_front_lidar.ply,0.10002,799,0.00474,0.07937,0.15001,500,0.20625,0.21228,0.25,200,0.01238,0.22874,0.1,800,0.29079,0.0373,rl
Sewerage,000797_lcam_front_lidar.ply,0.10002,799,0.13784,0.14456,0.15001,500,0.01099,0.16581,0.25,200,0.01261,0.19508,0.1,800,0.28717,0.03635,rl
Sewerage,000798_lcam_front_lidar.ply,0.10002,799,0.13951,0.14617,0.15001,500,0.01099,0.16322,0.25,200,0.01217,0.21226,0.1,800,0.28509,0.03488,rl
Sewerage,000799_lcam_front_lidar.ply,0.10002,799,0.13305,0.13995,0.15001,500,0.01129,0.11284,0.25,200,0.01366,0.23922,0.1,800,0.28425,0.03535,rl
Sewerage,000800_lcam_front_lidar.ply,0.10002,799,0.13917,0.14621,0.15001,500,0.00948,0.12508,0.25,200,0.01045,0.20633,0.1,800,0.28437,0.03644,rl
Sewerage,000801_lcam_front_lidar.ply,0.10002,799,0.13597,0.14328,0.15001,500,0.00573,0.11628,0.25,200,0.05244,0.25012,0.1,800,0.28245,0.03506,rl
Sewerage,000802_lcam_front_lidar.ply,0.10002,799,0.13447,0.14399,0.15001,500,0.00943,0.16812,0.25,200,0.00865,0.18136,0.1,800,0.28338,0.03628,rl
Sewerage,000803_lcam_front_lidar.ply,0.10002,799,0.13678,0.14494,0.15001,500,0.00448,0.1276,0.25,200,0.00828,0.20707,0.1,800,0.28434,0.03888,rl
Sewerage,000804_lcam_front_lidar.ply,0.10002,799,0.13344,0.14245,0.15001,500,0.0026,0.11338,0.25,200,0.00448,0.06735,0.1,800,0.27983,0.03727,rl
Sewerage,000805_lcam_front_lidar.ply,0.10002,799,0.00472,0.02872,0.15001,500,0.00623,0.12328,0.25,200,0.05947,0.25134,0.1,800,0.28053,0.03717,rl
Sewerage,000806_lcam_front_lidar.ply,0.10002,799,0.13226,0.14218,0.15001,500,0.00899,0.12493,0.25,200,0.00689,0.20959,0.1,800,0.28195,0.03864,rl
Sewerage,000807_lcam_front_lidar.ply,0.10002,799,0.12686,0.13705,0.15001,500,0.00292,0.07928,0.25,200,0.00594,0.17845,0.1,800,0.28074,0.03918,rl
Sewerage,000808_lcam_front_lidar.ply,0.10002,799,0.13754,0.14442,0.15001,500,0.00389,0.16309,0.25,200,0.01719,0.30339,0.1,800,0.27814,0.03811,rl
Sewerage,000809_lcam_front_lidar.ply,0.10002,799,0.13571,0.14482,0.15001,500,0.01445,0.17502,0.25,200,0.00323,0.24466,0.1,800,0.27706,0.03579,rl
Sewerage,000810_lcam_front_lidar.ply,0.10002,799,0.13715,0.14489,0.15001,500,0.19591,0.20903,0.25,200,0.05282,0.24598,0.1,800,0.27418,0.03577,rl
Sewerage,000811_lcam_front_lidar.ply,0.10002,799,0.13694,0.14324,0.15001,500,0.01441,0.1794,0.25,200,0.00366,0.00195,0.1,800,0.27505,0.03635,rl
Sewerage,000812_lcam_front_lidar.ply,0.10002,799,0.13548,0.1436,0.15001,500,0.00363,0.1364,0.25,200,0.00146,0.00073,0.1,800,0.27536,0.0382,rl
Sewerage,000813_lcam_front_lidar.ply,0.10002,799,0.0225,0.07544,0.15001,500,0.20267,0.20957,0.25,200,0.05155,0.2437,0.1,800,0.27508,0.03948,rl
Sewerage,000814_lcam_front_lidar.ply,0.10002,799,0.06012,0.12658,0.15001,500,0.00236,0.11937,0.25,200,0.00573,0.18844,0.1,800,0.27478,0.03645,rl
Sewerage,000815_lcam_front_lidar.ply,0.10002,799,0.12795,0.13825,0.15001,500,0.00207,0.00058,0.25,200,0.05853,0.23596,0.1,800,0.27262,0.03753,rl
Sewerage,000816_lcam_front_lidar.ply,0.10002,799,0.14363,0.14086,0.15001,500,0.2027,0.20915,0.25,200,0.00059,0.00018,0.1,800,0.26943,0.03479,rl
Sewerage,000817_lcam_front_lidar.ply,0.10002,799,0.13732,0.13592,0.15001,500,0.01288,0.03948,0.25,200,0.01474,0.19128,0.1,800,0.26623,0.03112,rl
Sewerage,000818_lcam_front_lidar.ply,0.10002,799,0.09039,0.11147,0.15001,500,0.00519,0.03706,0.25,200,0.00094,0.00055,0.1,800,0.26843,0.03758,rl
Sewerage,000819_lcam_front_lidar.ply,0.10002,799,0.0864,0.13892,0.15001,500,0.0016,0.07797,0.25,200,0.0578,0.25565,0.1,800,0.26872,0.04061,rl
Sewerage,000820_lcam_front_lidar.ply,0.10002,799,0.14458,0.14849,0.15001,500,0.19908,0.20518,0.25,200,0.00158,0.00065,0.1,800,0.2682,0.04036,rl
Sewerage,000821_lcam_front_lidar.ply,0.10002,799,0.13832,0.14053,0.15001,500,0.00484,0.05154,0.25,200,0.00403,0.04612,0.1,800,0.26497,0.03742,rl
Sewerage,000822_lcam_front_lidar.ply,0.10002,799,0.05734,0.13059,0.15001,500,0.20897,0.21344,0.25,200,0.00137,0.04038,0.1,800,0.26177,0.03649,rl
Sewerage,000823_lcam_front_lidar.ply,0.10002,799,0.03839,0.11744,0.15001,500,0.00361,0.0844,0.25,200,0.01658,0.20279,0.1,800,0.26024,0.03573,rl
Sewerage,000824_lcam_front_lidar.ply,0.10002,799,0.13476,0.14688,0.15001,500,0.01,0.1105,0.25,200,0.01901,0.25471,0.1,800,0.25983,0.0366,rl
Sewerage,000825_lcam_front_lidar.ply,0.10002,799,0.13113,0.14481,0.15001,500,0.00236,0.00024,0.25,200,0.00394,0.06763,0.1,800,0.25963,0.03828,rl
Sewerage,000826_lcam_front_lidar.ply,0.10002,799,0.10846,0.1349,0.15001,500,0.19204,0.20674,0.25,200,0.00165,0.00141,0.1,800,0.25816,0.03849,rl
Sewerage,000827_lcam_front_lidar.ply,0.10002,799,0.03448,0.11351,0.15001,500,0.19313,0.20835,0.25,200,0.05761,0.26604,0.1,800,0.26142,0.04802,rl
Sewerage,000828_lcam_front_lidar.ply,0.10002,799,0.13141,0.1391,0.15001,500,0.00436,0.12283,0.25,200,0.01535,0.22735,0.1,800,0.25525,0.03953,rl
Sewerage,000829_lcam_front_lidar.ply,0.10002,799,0.12846,0.1412,0.15001,500,0.19792,0.21782,0.25,200,0.01245,0.16042,0.1,800,0.25651,0.04764,rl
Sewerage,000830_lcam_front_lidar.ply,0.10002,799,0.13499,0.13996,0.15001,500,0.00181,0.00051,0.25,200,0.01564,0.25957,0.1,800,0.25289,0.04572,rl
Sewerage,000831_lcam_front_lidar.ply,0.10002,799,0.1065,0.1364,0.15001,500,0.00738,0.10499,0.25,200,0.01429,0.22675,0.1,800,0.24937,0.0429,rl
Sewerage,000832_lcam_front_lidar.ply,0.10002,799,0.03904,0.12216,0.15001,500,0.00254,0.00092,0.25,200,0.01099,0.14438,0.1,800,0.24442,0.03829,rl
Sewerage,000833_lcam_front_lidar.ply,0.10002,799,0.12349,0.13895,0.15001,500,0.0305,0.164,0.25,200,0.06193,0.23293,0.1,800,0.24311,0.04048,rl
Sewerage,000834_lcam_front_lidar.ply,0.10002,799,0.12401,0.14055,0.15001,500,0.00155,0.00064,0.25,200,0.00887,0.1154,0.1,800,0.24099,0.04181,rl
Sewerage,000835_lcam_front_lidar.ply,0.10002,799,0.13774,0.14722,0.15001,500,0.19445,0.20758,0.25,200,0.00488,0.09787,0.1,800,0.23983,0.04596,rl
Sewerage,000836_lcam_front_lidar.ply,0.10002,799,0.12765,0.14568,0.15001,500,0.00163,0.00088,0.25,200,0.00366,0.19655,0.1,800,0.23972,0.04979,rl
Sewerage,000837_lcam_front_lidar.ply,0.10002,799,0.03735,0.10963,0.15001,500,0.00172,0.00103,0.25,200,0.0084,0.18739,0.1,800,0.23117,0.03838,rl
Sewerage,000838_lcam_front_lidar.ply,0.10002,799,0.00347,0.00362,0.15001,500,0.20335,0.20952,0.25,200,0.01636,0.21392,0.1,800,0.2308,0.04594,rl
Sewerage,000839_lcam_front_lidar.ply,0.10002,799,0.1329,0.14228,0.15001,500,0.00254,0.05756,0.25,200,0.00245,0.17537,0.1,800,0.23008,0.05142,rl
Sewerage,000840_lcam_front_lidar.ply,0.10002,799,0.0148,0.10543,0.15001,500,0.00627,0.07019,0.25,200,0.00269,0.13435,0.1,800,0.22354,0.04596,rl
Sewerage,000841_lcam_front_lidar.ply,0.10002,799,0.09958,0.12291,0.15001,500,0.11769,0.15912,0.25,200,0.06361,0.26029,0.1,800,0.22812,0.05978,rl
Sewerage,000842_lcam_front_lidar.ply,0.10002,799,0.1277,0.14555,0.15001,500,0.02157,0.19877,0.25,200,0.00167,0.00153,0.1,800,0.22127,0.05101,rl
Sewerage,000843_lcam_front_lidar.ply,0.10002,799,0.10258,0.14048,0.15001,500,0.0162,0.20015,0.25,200,0.32956,0.33763,0.1,800,0.26143,0.06329,loose
Sewerage,000844_lcam_front_lidar.ply,0.10002,799,0.11415,0.14464,0.15001,500,0.05925,0.18726,0.25,200,0.00434,0.28795,0.1,800,0.25088,0.0502,rl
Sewerage,000845_lcam_front_lidar.ply,0.10002,799,0.03464,0.12549,0.15001,500,0.17578,0.20735,0.25,200,0.00481,0.27305,0.1,800,0.2509,0.05141,rl
Sewerage,000846_lcam_front_lidar.ply,0.10002,799,0.09038,0.13183,0.15001,500,0.05104,0.15751,0.25,200,0.28351,0.3419,0.1,800,0.25425,0.06108,loose
Sewerage,000847_lcam_front_lidar.ply,0.10002,799,0.11881,0.1426,0.15001,500,0.00288,0.19159,0.25,200,0.01413,0.23275,0.1,800,0.24801,0.0529,rl
Sewerage,000848_lcam_front_lidar.ply,0.10002,799,0.11523,0.14629,0.15001,500,0.01196,0.07675,0.25,200,0.03061,0.19202,0.1,800,0.24878,0.0521,rl
Sewerage,000849_lcam_front_lidar.ply,0.10002,799,0.0834,0.12706,0.15001,500,0.00229,0.0016,0.25,200,0.01405,0.16363,0.1,800,0.2487,0.05294,rl
Sewerage,000850_lcam_front_lidar.ply,0.10002,799,0.09142,0.14575,0.15001,500,0.0063,0.06711,0.25,200,0.00149,0.00117,0.1,800,0.2456,0.04901,rl
Sewerage,000851_lcam_front_lidar.ply,0.10002,799,0.05428,0.09823,0.15001,500,0.00328,0.11026,0.25,200,0.00274,0.00468,0.1,800,0.24415,0.04724,rl
Sewerage,000852_lcam_front_lidar.ply,0.10002,799,0.03122,0.11205,0.15001,500,0.0037,0.05664,0.25,200,0.0028,0.00147,0.1,800,0.24492,0.04966,rl
Sewerage,000853_lcam_front_lidar.ply,0.10002,799,0.06545,0.1134,0.15001,500,0.16829,0.21296,0.25,200,0.00849,0.12129,0.1,800,0.24927,0.05431,rl
Sewerage,000854_lcam_front_lidar.ply,0.10002,799,0.02818,0.09901,0.15001,500,0.02901,0.15785,0.25,200,0.00408,0.11977,0.1,800,0.24427,0.05027,rl
Sewerage,000855_lcam_front_lidar.ply,0.10002,799,0.04412,0.11964,0.15001,500,0.16377,0.2136,0.25,200,0.00509,0.10078,0.1,800,0.24273,0.04933,rl
Sewerage,000856_lcam_front_lidar.ply,0.10002,799,0.03023,0.12057,0.15001,500,0.07318,0.14789,0.25,200,0.02254,0.16549,0.1,800,0.24523,0.05745,rl
Sewerage,000857_lcam_front_lidar.ply,0.10002,799,0.0411,0.11418,0.15001,500,0.01952,0.15609,0.25,200,0.14555,0.33829,0.1,800,0.2383,0.05138,rl
Sewerage,000858_lcam_front_lidar.ply,0.10002,799,0.0858,0.13624,0.15001,500,0.04226,0.16949,0.25,200,0.00811,0.05731,0.1,800,0.241,0.06011,rl
Sewerage,000859_lcam_front_lidar.ply,0.10002,799,0.10838,0.14341,0.15001,500,0.00236,0.00288,0.25,200,0.01821,0.1814,0.1,800,0.23937,0.06345,rl
Sewerage,000860_lcam_front_lidar.ply,0.10002,799,0.08139,0.13029,0.15001,500,0.15534,0.21367,0.25,200,0.01168,0.21269,0.1,800,0.00168,6e-05,standard
Sewerage,000861_lcam_front_lidar.ply,0.10002,799,0.00276,0.00475,0.15001,500,0.00498,0.16036,0.25,200,0.02222,0.2468,0.1,800,0.22322,0.04901,rl
Sewerage,000862_lcam_front_lidar.ply,0.10002,799,0.03366,0.12974,0.15001,500,0.15007,0.21306,0.25,200,0.01227,0.23308,0.1,800,0.22657,0.05975,rl
Sewerage,000863_lcam_front_lidar.ply,0.10002,799,0.09575,0.13693,0.15001,500,0.02681,0.18308,0.25,200,0.00448,0.05415,0.1,800,0.21874,0.06116,rl
Sewerage,000864_lcam_front_lidar.ply,0.10002,799,0.06587,0.13191,0.15001,500,0.02636,0.15238,0.25,200,0.00498,0.0521,0.1,800,0.21862,0.06566,rl
Sewerage,000865_lcam_front_lidar.ply,0.10002,799,0.0178,0.12168,0.15001,500,0.02993,0.1671,0.25,200,0.01507,0.16329,0.1,800,0.21524,0.06203,rl
Sewerage,000866_lcam_front_lidar.ply,0.10002,799,0.00434,0.00236,0.15001,500,0.00561,0.21867,0.25,200,0.01169,0.11921,0.1,800,0.21509,0.06859,rl
Sewerage,000867_lcam_front_lidar.ply,0.10002,799,0.07127,0.13039,0.15001,500,0.00563,0.20984,0.25,200,0.01594,0.1758,0.1,800,0.21361,0.07209,rl
Sewerage,000868_lcam_front_lidar.ply,0.10002,799,0.0608,0.132,0.15001,500,0.00517,0.19524,0.25,200,0.02182,0.14066,0.1,800,0.20859,0.06421,rl
Sewerage,000869_lcam_front_lidar.ply,0.10002,799,0.06566,0.14344,0.15001,500,0.00069,0.02004,0.25,200,0.0171,0.20338,0.1,800,0.20989,0.06222,rl
Sewerage,000870_lcam_front_lidar.ply,0.10002,799,0.06,0.1333,0.15001,500,0.002,0.0011,0.25,200,0.0197,0.13437,0.1,800,0.21826,0.06582,rl
Sewerage,000871_lcam_front_lidar.ply,0.10002,799,0.0571,0.14486,0.15001,500,0.01285,0.07025,0.25,200,0.00663,0.14,0.1,800,0.21082,0.06124,rl
Sewerage,000872_lcam_front_lidar.ply,0.10002,799,0.05023,0.12554,0.15001,500,0.01363,0.07756,0.25,200,0.01368,0.33472,0.1,800,0.19922,0.06641,rl
Sewerage,000873_lcam_front_lidar.ply,0.10002,799,0.05462,0.14746,0.15001,500,0.01417,0.08666,0.25,200,0.03774,0.20141,0.1,800,0.19553,0.0354,rl
Sewerage,000874_lcam_front_lidar.ply,0.10002,799,0.05408,0.14771,0.15001,500,0.00925,0.21282,0.25,200,0.04061,0.20729,0.1,800,0.21204,0.03467,rl
Sewerage,000875_lcam_front_lidar.ply,0.10002,799,0.03901,0.12137,0.15001,500,0.00526,0.16453,0.25,200,0.038,0.17202,0.1,800,0.21509,0.03549,rl
Sewerage,000876_lcam_front_lidar.ply,0.10002,799,0.00545,0.01566,0.15001,500,0.0155,0.10408,0.25,200,0.04226,0.19512,0.1,800,0.21261,0.03625,rl
Sewerage,000877_lcam_front_lidar.ply,0.10002,799,0.04747,0.12665,0.15001,500,0.01516,0.09729,0.25,200,0.03328,0.14269,0.1,800,0.20609,0.03653,rl
Sewerage,000878_lcam_front_lidar.ply,0.10002,799,0.04116,0.11431,0.15001,500,0.00535,0.16774,0.25,200,0.03854,0.18985,0.1,800,0.19622,0.03677,rl
Sewerage,000879_lcam_front_lidar.ply,0.10002,799,0.04382,0.10068,0.15001,500,0.00502,0.21395,0.25,200,0.01436,0.18288,0.1,800,0.18841,0.03778,rl
Sewerage,000880_lcam_front_lidar.ply,0.10002,799,0.04309,0.12383,0.15001,500,0.00175,0.03979,0.25,200,0.0249,0.21421,0.1,800,0.18066,0.03921,rl
Sewerage,000881_lcam_front_lidar.ply,0.10002,799,0.04052,0.0903,0.15001,500,0.00872,0.03376,0.25,200,0.02195,0.19849,0.1,800,0.17715,0.03847,rl
Sewerage,000882_lcam_front_lidar.ply,0.10002,799,0.0319,0.09635,0.15001,500,0.00128,0.0224,0.25,200,0.02785,0.16828,0.1,800,0.17293,0.04031,rl
Sewerage,000883_lcam_front_lidar.ply,0.10002,799,0.03393,0.0968,0.15001,500,0.01899,0.15197,0.25,200,0.02327,0.19246,0.1,800,0.16111,0.03988,rl
Sewerage,000884_lcam_front_lidar.ply,0.10002,799,0.03417,0.06404,0.15001,500,0.00622,0.03999,0.25,200,0.00342,0.02901,0.1,800,0.15608,0.04074,rl
Sewerage,000885_lcam_front_lidar.ply,0.10002,799,0.00705,0.10827,0.15001,500,0.01957,0.18796,0.25,200,0.00712,0.08239,0.1,800,0.15687,0.04406,rl
Sewerage,000886_lcam_front_lidar.ply,0.10002,799,0.06313,0.15002,0.15001,500,0.01047,0.21672,0.25,200,0.00387,0.0295,0.1,800,0.15885,0.04477,rl
Sewerage,000887_lcam_front_lidar.ply,0.10002,799,0.05945,0.1365,0.15001,500,0.00292,0.06349,0.25,200,0.04129,0.25847,0.1,800,0.1572,0.0467,rl
Sewerage,000888_lcam_front_lidar.ply,0.10002,799,0.0084,0.14947,0.15001,500,0.02578,0.13112,0.25,200,0.04549,0.24862,0.1,800,0.14935,0.04467,rl
Sewerage,000889_lcam_front_lidar.ply,0.10002,799,0.00483,0.01205,0.15001,500,0.01741,0.20483,0.25,200,0.00792,0.16659,0.1,800,0.14611,0.04506,rl
Sewerage,000890_lcam_front_lidar.ply,0.10002,799,0.00891,0.1454,0.15001,500,0.00479,0.04522,0.25,200,0.00092,0.00079,0.1,800,0.13452,0.04528,rl
Sewerage,000891_lcam_front_lidar.ply,0.10002,799,0.00939,0.12367,0.15001,500,0.00231,0.01125,0.25,200,0.00068,0.00036,0.1,800,0.11362,0.048,rl
Sewerage,000892_lcam_front_lidar.ply,0.10002,799,0.00903,0.12393,0.15001,500,0.0429,0.16264,0.25,200,0.01182,0.07062,0.1,800,0.09411,0.0518,rl
Sewerage,000893_lcam_front_lidar.ply,0.10002,799,0.00675,0.13147,0.15001,500,0.00648,0.03754,0.25,200,0.07518,0.21387,0.1,800,0.07575,0.05243,rl
Sewerage,000894_lcam_front_lidar.ply,0.10002,799,0.049,0.12312,0.15001,500,0.00436,0.0387,0.25,200,0.01257,0.04812,0.2,800,0.12037,0.158,rl
Sewerage,000895_lcam_front_lidar.ply,0.10002,799,0.04446,0.1217,0.15001,500,0.01328,0.11628,0.25,200,0.01234,0.0602,0.2,800,0.11052,0.15034,rl
Sewerage,000896_lcam_front_lidar.ply,0.10002,799,0.03285,0.03743,0.15001,500,0.01448,0.20827,0.25,200,0.0112,0.06455,0.1,800,0.0,0.0,strict
Sewerage,000897_lcam_front_lidar.ply,0.10002,799,0.04061,0.13911,0.15001,500,0.02649,0.20659,0.25,200,0.01104,0.08413,0.2,800,0.10697,0.14772,rl
Sewerage,000898_lcam_front_lidar.ply,0.10002,799,0.05849,0.05345,0.15001,500,0.01952,0.10381,0.25,200,0.01066,0.09217,0.1,800,0.05585,0.04017,strict
Sewerage,000899_lcam_front_lidar.ply,0.10002,799,0.0,0.0,0.15001,500,0.02202,0.2204,0.25,200,0.00915,0.10648,0.2,800,0.10904,0.14117,rl
Sewerage,000900_lcam_front_lidar.ply,0.10002,799,0.0,0.0,0.15001,500,0.00493,0.00418,0.25,200,0.02025,0.11599,0.1,800,0.0,0.0,loose
Sewerage,000901_lcam_front_lidar.ply,0.10002,799,0.08531,0.06041,0.15001,500,0.01901,0.09008,0.25,200,0.00608,0.12922,0.1,800,0.07995,0.0445,strict
Sewerage,000902_lcam_front_lidar.ply,0.10002,799,0.10198,0.06875,0.15001,500,0.01995,0.09912,0.25,200,0.00661,0.12534,0.1,800,0.0,0.0,strict
Sewerage,000903_lcam_front_lidar.ply,0.10002,799,0.12985,0.05741,0.15001,500,0.01599,0.15898,0.25,200,0.02419,0.13982,0.1,800,0.0,0.0,strict
Sewerage,000904_lcam_front_lidar.ply,0.10002,799,0.01418,0.14112,0.15001,500,0.00467,0.05105,0.25,200,0.01738,0.07673,0.1,800,0.09515,0.05244,rl
Sewerage,000905_lcam_front_lidar.ply,0.10002,799,0.12897,0.05197,0.15001,500,0.02172,0.12252,0.25,200,0.06513,0.30938,0.1,800,0.0,0.0,strict
Sewerage,000906_lcam_front_lidar.ply,0.10002,799,0.01547,0.12722,0.15001,500,0.01962,0.13022,0.25,200,0.00922,0.06274,0.1,800,0.09347,0.05263,rl
Sewerage,000907_lcam_front_lidar.ply,0.10002,799,0.00365,0.11518,0.15001,500,0.02111,0.12281,0.25,200,0.00524,0.12739,0.1,800,0.0,0.0,standard
Sewerage,000908_lcam_front_lidar.ply,0.10002,799,0.00316,0.0039,0.15001,500,0.017,0.12628,0.25,200,0.00984,0.09552,0.1,800,0.09813,0.0536,rl
Sewerage,000909_lcam_front_lidar.ply,0.10002,799,0.00892,0.12347,0.15001,500,0.01477,0.08054,0.25,200,0.01109,0.12303,0.1,800,0.097,0.05575,rl
Sewerage,000910_lcam_front_lidar.ply,0.10002,799,0.01233,0.14032,0.15001,500,0.00901,0.11076,0.25,200,0.01059,0.14623,0.1,800,0.09586,0.05452,rl
Sewerage,000911_lcam_front_lidar.ply,0.10002,799,0.0213,0.10852,0.15001,500,0.01938,0.09947,0.25,200,0.00491,0.10486,0.1,800,0.09744,0.05527,rl
Sewerage,000912_lcam_front_lidar.ply,0.10002,799,0.01396,0.15597,0.15001,500,0.01945,0.10416,0.25,200,0.00398,0.02052,0.1,800,0.0,0.0,standard
Sewerage,000913_lcam_front_lidar.ply,0.10002,799,0.00764,0.10504,0.15001,500,0.01236,0.05771,0.25,200,0.00658,0.10301,0.1,800,0.10056,0.05667,rl
Sewerage,000914_lcam_front_lidar.ply,0.10002,799,0.14776,0.02255,0.15001,500,0.01807,0.09087,0.25,200,0.00333,0.01489,0.1,800,0.09995,0.05708,strict
Sewerage,000915_lcam_front_lidar.ply,0.10002,799,0.00309,0.00186,0.15001,500,0.02,0.10179,0.25,200,0.01628,0.12306,0.1,800,0.09923,0.05657,rl
Sewerage,000916_lcam_front_lidar.ply,0.10002,799,0.15668,0.02586,0.15001,500,0.01701,0.10405,0.25,200,0.02745,0.14366,0.1,800,0.09786,0.05574,strict
Sewerage,000917_lcam_front_lidar.ply,0.10002,799,0.00582,0.00759,0.15001,500,0.05835,0.19616,0.25,200,0.00799,0.10715,0.1,800,0.09611,0.05581,rl
Sewerage,000918_lcam_front_lidar.ply,0.10002,799,0.00944,0.13442,0.15001,500,0.04639,0.18332,0.25,200,0.00743,0.08513,0.1,800,0.09424,0.05491,rl
Sewerage,000919_lcam_front_lidar.ply,0.10002,799,0.003,0.00458,0.15001,500,0.00346,0.03521,0.25,200,0.00217,0.00361,0.1,800,0.09473,0.05393,rl
Sewerage,000920_lcam_front_lidar.ply,0.10002,799,0.02885,0.10619,0.15001,500,0.02248,0.14045,0.25,200,0.00969,0.07596,0.1,800,0.09304,0.05339,rl
Sewerage,000921_lcam_front_lidar.ply,0.10002,799,0.00313,0.00741,0.15001,500,0.00545,0.0873,0.25,200,0.00898,0.08529,0.1,800,0.09125,0.05572,rl
Sewerage,000922_lcam_front_lidar.ply,0.10002,799,0.00533,0.00416,0.15001,500,0.00286,0.05039,0.25,200,0.01049,0.11961,0.1,800,0.08684,0.05502,rl
Sewerage,000923_lcam_front_lidar.ply,0.10002,799,0.01681,0.10812,0.15001,500,0.01906,0.099,0.25,200,0.01177,0.10272,0.1,800,0.08714,0.05316,rl
Sewerage,000924_lcam_front_lidar.ply,0.10002,799,0.01566,0.1023,0.15001,500,0.02234,0.11328,0.25,200,0.02503,0.15992,0.1,800,0.08465,0.04957,rl
Sewerage,000925_lcam_front_lidar.ply,0.10002,799,0.00307,0.01947,0.15001,500,0.01082,0.06636,0.25,200,0.01408,0.08683,0.1,800,0.08282,0.04838,rl
Sewerage,000926_lcam_front_lidar.ply,0.10002,799,0.00391,0.08691,0.15001,500,0.02135,0.0748,0.25,200,0.01458,0.08779,0.1,800,0.0769,0.04777,rl
Sewerage,000927_lcam_front_lidar.ply,0.10002,799,0.00333,0.1186,0.15001,500,0.01446,0.04958,0.25,200,0.08181,0.23879,0.1,800,0.07046,0.04541,loose
Sewerage,000928_lcam_front_lidar.ply,0.10002,799,0.05354,0.0219,0.15001,500,0.0,0.0,0.25,200,0.01762,0.08002,0.1,800,0.06436,0.04326,rl
Sewerage,000929_lcam_front_lidar.ply,0.10002,799,0.03384,0.07378,0.15001,500,0.04085,0.09856,0.25,200,0.0204,0.08212,0.1,800,0.06309,0.04298,rl
Sewerage,000930_lcam_front_lidar.ply,0.10002,799,0.0342,0.06824,0.15001,500,0.04632,0.12617,0.25,200,0.02149,0.07246,0.1,800,0.05652,0.04284,rl
Sewerage,000931_lcam_front_lidar.ply,0.10002,799,0.0358,0.06947,0.15001,500,0.04563,0.10761,0.25,200,0.02335,0.07829,0.1,800,0.05327,0.0315,rl
Sewerage,000932_lcam_front_lidar.ply,0.10002,799,0.02275,0.02992,0.15001,500,0.04721,0.10406,0.25,200,0.02235,0.07687,0.1,800,0.06851,0.02867,rl
Sewerage,000933_lcam_front_lidar.ply,0.10002,799,0.00175,0.02794,0.15001,500,0.02125,0.15824,0.25,200,0.03368,0.16898,0.1,800,0.07978,0.02723,rl
Sewerage,000934_lcam_front_lidar.ply,0.10002,799,0.00318,0.00191,0.15001,500,0.07418,0.18619,0.25,200,0.03495,0.16959,0.2,800,0.09469,0.03427,rl
Sewerage,000935_lcam_front_lidar.ply,0.10002,799,0.03849,0.12464,0.15001,500,0.01852,0.05952,0.25,200,0.03552,0.17266,0.1,800,0.10233,0.02726,rl
Sewerage,000936_lcam_front_lidar.ply,0.10002,799,0.08253,0.13448,0.15001,500,0.01792,0.07261,0.25,200,0.03492,0.17177,0.1,800,0.11111,0.02772,rl
Sewerage,000937_lcam_front_lidar.ply,0.10002,799,0.0717,0.1126,0.15001,500,0.01759,0.06878,0.25,200,0.03519,0.18309,0.1,800,0.12011,0.02829,rl
Sewerage,000938_lcam_front_lidar.ply,0.10002,799,0.00771,0.07928,0.15001,500,0.01394,0.05792,0.25,200,0.0336,0.18574,0.1,800,0.12907,0.02904,rl
Sewerage,000939_lcam_front_lidar.ply,0.10002,799,0.04744,0.10957,0.15001,500,0.01703,0.14298,0.25,200,0.03987,0.24524,0.1,800,0.13828,0.0306,rl
Sewerage,000940_lcam_front_lidar.ply,0.10002,799,0.00424,0.13604,0.15001,500,0.01545,0.12828,0.25,200,0.04276,0.21727,0.1,800,0.14435,0.03016,rl
Sewerage,000941_lcam_front_lidar.ply,0.10002,799,0.00278,0.15163,0.15001,500,0.01186,0.09804,0.25,200,0.02618,0.20628,0.1,800,0.15562,0.03248,rl
Sewerage,000942_lcam_front_lidar.ply,0.10002,799,0.00172,0.08567,0.15001,500,0.00102,0.00107,0.25,200,0.02163,0.20276,0.1,800,0.1647,0.03408,rl
Sewerage,000943_lcam_front_lidar.ply,0.10002,799,0.03748,0.11814,0.15001,500,0.00965,0.09532,0.25,200,0.02049,0.16935,0.1,800,0.1752,0.03083,rl
Sewerage,000944_lcam_front_lidar.ply,0.10002,799,0.0334,0.12332,0.15001,500,0.00988,0.13417,0.25,200,0.00783,0.05554,0.1,800,0.18417,0.03372,rl
Sewerage,000945_lcam_front_lidar.ply,0.10002,799,0.0798,0.13718,0.15001,500,0.01464,0.09387,0.25,200,0.03269,0.22429,0.1,800,0.18941,0.03227,rl
Sewerage,000946_lcam_front_lidar.ply,0.10002,799,0.00266,0.00146,0.15001,500,0.0166,0.12556,0.25,200,0.00401,0.01278,0.1,800,0.19701,0.03441,rl
Sewerage,000947_lcam_front_lidar.ply,0.10002,799,0.00255,0.13426,0.15001,500,0.01632,0.12642,0.25,200,0.00549,0.02131,0.1,800,0.20227,0.03429,rl
Sewerage,000948_lcam_front_lidar.ply,0.10002,799,0.07521,0.13468,0.15001,500,0.00465,0.01963,0.25,200,0.00736,0.03189,0.1,800,0.20838,0.03386,rl
Sewerage,000949_lcam_front_lidar.ply,0.10002,799,0.04042,0.11944,0.15001,500,0.0058,0.00793,0.25,200,0.00861,0.04491,0.1,800,0.2138,0.03526,rl
Sewerage,000950_lcam_front_lidar.ply,0.10002,799,0.00325,0.00228,0.15001,500,0.00352,0.21468,0.25,200,0.01087,0.06944,0.1,800,0.21841,0.03519,rl
Sewerage,000951_lcam_front_lidar.ply,0.10002,799,0.00253,0.14356,0.15001,500,0.00694,0.04646,0.25,200,0.01233,0.07024,0.1,800,0.22189,0.03593,rl
Sewerage,000952_lcam_front_lidar.ply,0.10002,799,0.03285,0.11848,0.15001,500,0.00596,0.02093,0.25,200,0.01406,0.14667,0.1,800,0.22351,0.03676,rl
Sewerage,000953_lcam_front_lidar.ply,0.10002,799,0.07417,0.1451,0.15001,500,0.01007,0.06217,0.25,200,0.0153,0.14845,0.1,800,0.22714,0.03696,rl
Sewerage,000954_lcam_front_lidar.ply,0.10002,799,0.06891,0.14137,0.15001,500,0.00601,0.03247,0.25,200,0.01769,0.15457,0.1,800,0.22763,0.0357,rl
Sewerage,000955_lcam_front_lidar.ply,0.10002,799,0.07596,0.15106,0.15001,500,0.00285,0.02366,0.25,200,0.01872,0.15082,0.1,800,0.23125,0.03844,rl
Sewerage,000956_lcam_front_lidar.ply,0.10002,799,0.0387,0.09717,0.15001,500,0.10844,0.20469,0.25,200,0.01349,0.14126,0.1,800,0.23188,0.03617,rl
Sewerage,000957_lcam_front_lidar.ply,0.10002,799,0.06113,0.13944,0.15001,500,0.00596,0.02816,0.25,200,0.01606,0.13686,0.1,800,0.23411,0.03796,rl
Sewerage,000958_lcam_front_lidar.ply,0.10002,799,0.05025,0.11274,0.15001,500,0.00392,0.02174,0.25,200,0.01587,0.13623,0.1,800,0.23438,0.03929,rl
Sewerage,000959_lcam_front_lidar.ply,0.10002,799,0.04443,0.10657,0.15001,500,0.0038,0.00475,0.25,200,0.01467,0.13021,0.1,800,0.2048,0.03706,rl
Sewerage,000960_lcam_front_lidar.ply,0.10002,799,0.07226,0.12112,0.15001,500,0.00153,0.00116,0.25,200,0.01528,0.13347,0.1,800,0.17527,0.03519,rl
Sewerage,000961_lcam_front_lidar.ply,0.10002,799,0.08539,0.1282,0.15001,500,0.09792,0.18331,0.25,200,0.02361,0.17103,0.1,800,0.17549,0.04294,rl
Sewerage,000962_lcam_front_lidar.ply,0.10002,799,0.07446,0.11711,0.15001,500,0.00425,0.02669,0.25,200,0.02543,0.17345,0.1,800,0.17332,0.04015,rl
Sewerage,000963_lcam_front_lidar.ply,0.10002,799,0.05436,0.10144,0.15001,500,0.01712,0.15933,0.25,200,0.0254,0.17478,0.1,800,0.17414,0.03912,rl
Sewerage,000964_lcam_front_lidar.ply,0.10002,799,0.00729,0.14784,0.15001,500,0.00686,0.07828,0.25,200,0.00795,0.07286,0.1,800,0.17737,0.03808,rl
Sewerage,000965_lcam_front_lidar.ply,0.10002,799,0.01847,0.13274,0.15001,500,0.02342,0.1122,0.25,200,0.00604,0.06725,0.1,800,0.18098,0.03561,rl
Sewerage,000966_lcam_front_lidar.ply,0.10002,799,0.00281,0.00106,0.15001,500,0.00602,0.10722,0.25,200,0.00667,0.12539,0.1,800,0.18361,0.03568,rl
Sewerage,000967_lcam_front_lidar.ply,0.10002,799,0.04278,0.10861,0.15001,500,0.07856,0.15146,0.25,200,0.00571,0.0659,0.1,800,0.18726,0.03499,rl
Sewerage,000968_lcam_front_lidar.ply,0.10002,799,0.06781,0.11697,0.15001,500,0.0083,0.04678,0.25,200,0.02162,0.16297,0.1,800,0.18855,0.0339,rl
Sewerage,000969_lcam_front_lidar.ply,0.10002,799,0.07971,0.13732,0.15001,500,0.00986,0.16272,0.25,200,0.0053,0.06311,0.1,800,0.1926,0.03375,rl
Sewerage,000970_lcam_front_lidar.ply,0.10002,799,0.06855,0.11483,0.15001,500,0.08476,0.14227,0.25,200,0.00693,0.09253,0.1,800,0.19793,0.02985,rl
Sewerage,000971_lcam_front_lidar.ply,0.10002,799,0.05882,0.11103,0.15001,500,0.00415,0.09036,0.25,200,0.01306,0.10634,0.1,800,0.2026,0.03181,rl
Sewerage,000972_lcam_front_lidar.ply,0.10002,799,0.08977,0.13526,0.15001,500,0.09438,0.1515,0.25,200,0.00488,0.06119,0.1,800,0.20637,0.03099,rl
Sewerage,000973_lcam_front_lidar.ply,0.10002,799,0.12083,0.14388,0.15001,500,0.0097,0.17252,0.25,200,0.01007,0.11607,0.1,800,0.20759,0.02885,rl
Sewerage,000974_lcam_front_lidar.ply,0.10002,799,0.00668,0.18294,0.15001,500,0.03129,0.10942,0.25,200,0.00451,0.05635,0.1,800,0.21368,0.02863,rl
Sewerage,000975_lcam_front_lidar.ply,0.10002,799,0.02755,0.07749,0.15001,500,0.00238,0.0024,0.25,200,0.00929,0.10847,0.1,800,0.21858,0.0286,rl
Sewerage,000976_lcam_front_lidar.ply,0.10002,799,0.06608,0.09596,0.15001,500,0.00271,0.00502,0.25,200,0.00446,0.058,0.1,800,0.21976,0.02754,rl
Sewerage,000977_lcam_front_lidar.ply,0.10002,799,0.0479,0.10658,0.15001,500,0.00813,0.2194,0.25,200,0.00431,0.05734,0.1,800,0.22253,0.02719,rl
Sewerage,000978_lcam_front_lidar.ply,0.10002,799,0.0051,0.1236,0.15001,500,0.0099,0.20531,0.25,200,0.00422,0.05529,0.1,800,0.22659,0.02611,rl
Sewerage,000979_lcam_front_lidar.ply,0.10002,799,0.05992,0.09427,0.15001,500,0.11052,0.14818,0.25,200,0.01073,0.10794,0.1,800,0.2298,0.02583,rl
Sewerage,000980_lcam_front_lidar.ply,0.10002,799,0.00495,0.13344,0.15001,500,0.00825,0.22212,0.25,200,0.01054,0.1072,0.1,800,0.23316,0.02489,rl
Sewerage,000981_lcam_front_lidar.ply,0.10002,799,0.08247,0.12543,0.15001,500,0.01352,0.19758,0.25,200,0.01769,0.18015,0.1,800,0.23652,0.02506,rl
Sewerage,000982_lcam_front_lidar.ply,0.10002,799,0.04255,0.12636,0.15001,500,0.00476,0.07969,0.25,200,0.00997,0.10663,0.1,800,0.23729,0.02345,rl
Sewerage,000983_lcam_front_lidar.ply,0.10002,799,0.00656,0.16505,0.15001,500,0.00583,0.19024,0.25,200,0.00882,0.08411,0.1,800,0.24046,0.02417,rl
Sewerage,000984_lcam_front_lidar.ply,0.10002,799,0.00628,0.14656,0.15001,500,0.00807,0.16573,0.25,200,0.00924,0.10242,0.1,800,0.2422,0.02327,rl
Sewerage,000985_lcam_front_lidar.ply,0.10002,799,0.10573,0.11442,0.15001,500,0.09311,0.16173,0.25,200,0.00891,0.10067,0.1,800,0.24608,0.02253,rl
Sewerage,000986_lcam_front_lidar.ply,0.10002,799,0.00755,0.16687,0.15001,500,0.0124,0.18405,0.25,200,0.00866,0.09805,0.1,800,0.24463,0.02176,rl
Sewerage,000987_lcam_front_lidar.ply,0.10002,799,0.0455,0.11515,0.15001,500,0.00156,0.0913,0.25,200,0.00832,0.09381,0.1,800,0.24692,0.0211,rl
Sewerage,000988_lcam_front_lidar.ply,0.10002,799,0.00747,0.13513,0.15001,500,0.05528,0.1286,0.25,200,0.01346,0.12676,0.1,800,0.25031,0.02091,rl
Sewerage,000989_lcam_front_lidar.ply,0.10002,799,0.00729,0.13625,0.15001,500,0.00252,0.00059,0.25,200,0.00764,0.08565,0.1,800,0.24987,0.01945,rl
Sewerage,000990_lcam_front_lidar.ply,0.10002,799,0.00497,0.08858,0.15001,500,0.09012,0.11068,0.25,200,0.0072,0.07986,0.1,800,0.25468,0.01908,rl
Sewerage,000991_lcam_front_lidar.ply,0.10002,799,0.05299,0.10615,0.15001,500,0.01873,0.13264,0.25,200,0.00679,0.07628,0.1,800,0.25462,0.01811,rl
Sewerage,000992_lcam_front_lidar.ply,0.10002,799,0.1566,0.14435,0.15001,500,0.01321,0.21565,0.25,200,0.00625,0.07057,0.1,800,0.25777,0.01871,rl
Sewerage,000993_lcam_front_lidar.ply,0.10002,799,0.1658,0.14613,0.15001,500,0.25818,0.20924,0.25,200,0.00488,0.0709,0.1,800,0.25813,0.017,standard
Sewerage,000994_lcam_front_lidar.ply,0.10002,799,0.16522,0.14189,0.15001,500,0.01271,0.19214,0.25,200,0.01307,0.15374,0.1,800,0.25949,0.01664,rl
Sewerage,000995_lcam_front_lidar.ply,0.10002,799,0.00858,0.13758,0.15001,500,0.01488,0.18508,0.25,200,0.00472,0.07504,0.1,800,0.26431,0.0165,rl
Sewerage,000996_lcam_front_lidar.ply,0.10002,799,0.01392,0.1351,0.15001,500,0.26301,0.20702,0.25,200,0.00632,0.06467,0.1,800,0.26387,0.01586,rl
Sewerage,000997_lcam_front_lidar.ply,0.10002,799,0.17327,0.14505,0.15001,500,0.01604,0.21454,0.25,200,0.00245,0.00111,0.1,800,0.26571,0.01614,rl
Sewerage,000998_lcam_front_lidar.ply,0.10002,799,0.0121,0.17881,0.15001,500,0.25141,0.20444,0.25,200,0.01346,0.22619,0.1,800,0.26759,0.01642,rl
Sewerage,000999_lcam_front_lidar.ply,0.10002,799,0.01736,0.15332,0.15001,500,0.01769,0.18485,0.25,200,0.00092,0.02375,0.1,800,0.26856,0.0168,rl
Sewerage,001000_lcam_front_lidar.ply,0.10002,799,0.01172,0.15639,0.15001,500,0.01507,0.11508,0.25,200,0.00146,0.00036,0.1,800,0.26761,0.01712,rl
Sewerage,001001_lcam_front_lidar.ply,0.10002,799,0.15724,0.13863,0.15001,500,0.0017,0.14994,0.25,200,0.00241,0.00043,0.1,800,0.26443,0.01739,rl
Sewerage,001002_lcam_front_lidar.ply,0.10002,799,0.15771,0.14096,0.15001,500,0.23087,0.2082,0.25,200,0.00446,0.08655,0.1,800,0.26351,0.01754,rl
Sewerage,001003_lcam_front_lidar.ply,0.10002,799,0.0125,0.15275,0.15001,500,0.0199,0.2097,0.25,200,0.00241,0.0004,0.1,800,0.25843,0.01747,rl
Sewerage,001004_lcam_front_lidar.ply,0.10002,799,0.01085,0.14818,0.15001,500,0.01674,0.11416,0.25,200,0.00507,0.31419,0.1,800,0.25932,0.01752,rl
Sewerage,001005_lcam_front_lidar.ply,0.10002,799,0.12276,0.12997,0.15001,500,0.0209,0.20597,0.25,200,0.00236,0.00039,0.1,800,0.26266,0.01771,rl
Sewerage,001006_lcam_front_lidar.ply,0.10002,799,0.00911,0.10331,0.15001,500,0.02111,0.209,0.25,200,0.00503,0.33077,0.1,800,0.26284,0.01756,rl
Sewerage,001007_lcam_front_lidar.ply,0.10002,799,0.13434,0.14402,0.15001,500,0.01991,0.22148,0.25,200,0.00177,0.00022,0.1,800,0.26399,0.01717,rl
Sewerage,001008_lcam_front_lidar.ply,0.10002,799,0.01378,0.15221,0.15001,500,0.0188,0.19896,0.25,200,0.00967,0.10656,0.1,800,0.26444,0.01777,rl
Sewerage,001009_lcam_front_lidar.ply,0.10002,799,0.00642,0.13551,0.15001,500,0.02139,0.2054,0.25,200,0.00292,0.03537,0.1,800,0.2668,0.01741,rl
Sewerage,001010_lcam_front_lidar.ply,0.10002,799,0.00738,0.10315,0.15001,500,0.02205,0.21578,0.25,200,0.00156,0.00266,0.1,800,0.26892,0.01743,rl
Sewerage,001011_lcam_front_lidar.ply,0.10002,799,0.01399,0.15097,0.15001,500,0.0134,0.1732,0.25,200,0.00148,0.00025,0.1,800,0.00058,0.00012,strict
Sewerage,001012_lcam_front_lidar.ply,0.10002,799,0.0138,0.16219,0.15001,500,0.00247,0.20413,0.25,200,0.0022,0.12807,0.1,800,0.27195,0.01832,rl
Sewerage,001013_lcam_front_lidar.ply,0.10002,799,0.01205,0.11779,0.15001,500,0.00896,0.14114,0.25,200,0.00227,0.00112,0.1,800,0.27188,0.01798,rl
Sewerage,001014_lcam_front_lidar.ply,0.10002,799,0.01543,0.14732,0.15001,500,0.20422,0.21859,0.25,200,0.00207,0.00037,0.1,800,0.27371,0.0189,rl
Sewerage,001015_lcam_front_lidar.ply,0.10002,799,0.1317,0.14621,0.15001,500,0.03049,0.16955,0.25,200,0.00208,0.11281,0.1,800,0.27224,0.01922,rl
Sewerage,001016_lcam_front_lidar.ply,0.10002,799,0.12105,0.1416,0.15001,500,0.00745,0.11919,0.25,200,0.0053,0.11063,0.1,800,0.27398,0.0196,rl
Sewerage,001017_lcam_front_lidar.ply,0.10002,799,0.12092,0.14352,0.15001,500,0.19816,0.20708,0.25,200,0.00115,0.00041,0.1,800,0.27373,0.01939,rl
Sewerage,001018_lcam_front_lidar.ply,0.10002,799,0.01556,0.14803,0.15001,500,0.03906,0.18694,0.25,200,0.00128,0.00035,0.1,800,0.27683,0.02059,rl
Sewerage,001019_lcam_front_lidar.ply,0.10002,799,0.00569,0.15816,0.15001,500,0.03267,0.17561,0.25,200,0.01953,0.24942,0.1,800,0.27758,0.02073,rl
Sewerage,001020_lcam_front_lidar.ply,0.10002,799,0.12359,0.15187,0.15001,500,0.19656,0.21529,0.25,200,0.01016,0.17483,0.1,800,0.27705,0.02157,rl
Sewerage,001021_lcam_front_lidar.ply,0.10002,799,0.01465,0.14405,0.15001,500,0.01741,0.04509,0.25,200,0.03812,0.25383,0.1,800,0.2779,0.02252,rl
Sewerage,001022_lcam_front_lidar.ply,0.10002,799,0.11636,0.14675,0.15001,500,0.02563,0.08579,0.25,200,0.00436,0.22853,0.1,800,0.27842,0.023,rl
Sewerage,001023_lcam_front_lidar.ply,0.10002,799,0.03441,0.11491,0.15001,500,0.02433,0.20081,0.25,200,0.00431,0.21919,0.1,800,0.27786,0.02343,rl
Sewerage,001024_lcam_front_lidar.ply,0.10002,799,0.10914,0.15684,0.15001,500,0.15181,0.21728,0.25,200,0.00115,0.00104,0.1,800,0.27655,0.0232,rl
Sewerage,001025_lcam_front_lidar.ply,0.10002,799,0.01906,0.04974,0.15001,500,0.03243,0.10739,0.25,200,0.00431,0.17014,0.1,800,0.27823,0.02436,rl
Sewerage,001026_lcam_front_lidar.ply,0.10002,799,0.02538,0.11097,0.15001,500,0.02528,0.12621,0.25,200,0.0116,0.20852,0.1,800,0.27771,0.02496,rl
Sewerage,001027_lcam_front_lidar.ply,0.10002,799,0.04524,0.10513,0.15001,500,0.00969,0.14661,0.25,200,0.00205,0.0031,0.1,800,0.2784,0.02533,rl
Sewerage,001028_lcam_front_lidar.ply,0.10002,799,0.04701,0.11908,0.15001,500,0.11394,0.18305,0.25,200,0.01061,0.24221,0.1,800,0.27877,0.02537,rl
Sewerage,001029_lcam_front_lidar.ply,0.10002,799,0.03234,0.09591,0.15001,500,0.02599,0.15047,0.25,200,0.01215,0.24131,0.1,800,0.27749,0.02545,rl
Sewerage,001030_lcam_front_lidar.ply,0.10002,799,0.09405,0.14216,0.15001,500,0.04773,0.10147,0.25,200,0.01182,0.24373,0.1,800,0.27753,0.02685,rl
Sewerage,001031_lcam_front_lidar.ply,0.10002,799,0.03498,0.11008,0.15001,500,0.03448,0.16063,0.25,200,0.01241,0.312,0.25,800,0.27925,0.0283,rl
Sewerage,001032_lcam_front_lidar.ply,0.10002,799,0.04922,0.11135,0.15001,500,0.09921,0.1639,0.25,200,0.00108,0.00023,0.25,800,0.27667,0.02854,rl
Sewerage,001033_lcam_front_lidar.ply,0.10002,799,0.04122,0.0876,0.15001,500,0.01377,0.08123,0.25,200,0.00111,9e-05,0.25,800,0.27839,0.02868,rl
Sewerage,001034_lcam_front_lidar.ply,0.10002,799,0.05132,0.1141,0.15001,500,0.03227,0.16428,0.25,200,0.00059,0.00012,0.1,800,0.27477,0.02854,rl
Sewerage,001035_lcam_front_lidar.ply,0.10002,799,0.02658,0.11057,0.15001,500,0.02743,0.17092,0.25,200,0.01253,0.28194,0.1,800,0.27747,0.02875,rl
Sewerage,001036_lcam_front_lidar.ply,0.10002,799,0.0534,0.12054,0.15001,500,0.02785,0.15148,0.25,200,0.04531,0.14015,0.1,800,0.2751,0.02943,rl
Sewerage,001037_lcam_front_lidar.ply,0.10002,799,0.06052,0.14215,0.15001,500,0.00486,0.08934,0.25,200,0.00101,0.00097,0.25,800,0.27656,0.03121,rl
Sewerage,001038_lcam_front_lidar.ply,0.10002,799,0.06004,0.12789,0.15001,500,0.01096,0.17466,0.25,200,0.0146,0.09524,0.1,800,0.27367,0.03205,rl
Sewerage,001039_lcam_front_lidar.ply,0.10002,799,0.06559,0.14359,0.15001,500,0.00146,0.00127,0.25,200,0.03238,0.21331,0.25,800,0.27563,0.04921,rl
Sewerage,001040_lcam_front_lidar.ply,0.10002,799,0.05163,0.11977,0.15001,500,0.03023,0.16995,0.25,200,0.02125,0.20795,0.2,800,0.27417,0.0432,rl
Sewerage,001041_lcam_front_lidar.ply,0.10002,799,0.05118,0.11308,0.15001,500,0.00168,0.00222,0.25,200,0.01264,0.2087,0.2,800,0.27525,0.04188,rl
Sewerage,001042_lcam_front_lidar.ply,0.10002,799,0.05485,0.12227,0.15001,500,0.03965,0.1692,0.25,200,0.00085,0.00036,0.2,800,0.28098,0.04257,rl
Sewerage,001043_lcam_front_lidar.ply,0.10002,799,0.06615,0.12665,0.15001,500,0.0016,0.08759,0.25,200,0.04455,0.19426,0.2,800,0.28152,0.04087,rl
Sewerage,001044_lcam_front_lidar.ply,0.10002,799,0.03259,0.13198,0.15001,500,0.02861,0.11089,0.25,200,0.00083,9e-05,0.1,800,0.28349,0.04035,rl
