frame_id,epsilon,min_support,normal_threshold,runtime,reward,steps_used,inlier_ratio,plane_normal,residual
000000_lcam_front_lidar.ply/000000_lcam_front_lidar.ply,0.25,200,0.8,0.45674,0.99,1,0.0,0.0,0.0
000001_lcam_front_lidar.ply/000001_lcam_front_lidar.ply,0.25,200,0.8,0.38647,0.99,2,0.0,0.0,0.0
000002_lcam_front_lidar.ply/000002_lcam_front_lidar.ply,0.25,200,0.8,0.43464,0.99,3,0.0,0.0,0.0
000003_lcam_front_lidar.ply/000003_lcam_front_lidar.ply,0.25,200,0.8,0.38099,0.99,4,0.0,0.0,0.0
000004_lcam_front_lidar.ply/000004_lcam_front_lidar.ply,0.25,200,0.8,0.41732,0.99,5,0.0,0.0,0.0
000005_lcam_front_lidar.ply/000005_lcam_front_lidar.ply,0.25,200,0.8,0.41044,0.99,6,0.0,0.0,0.0
000006_lcam_front_lidar.ply/000006_lcam_front_lidar.ply,0.25,200,0.8,0.37604,0.99,7,0.0,0.0,0.0
000007_lcam_front_lidar.ply/000007_lcam_front_lidar.ply,0.25,200,0.8,0.44334,0.99,8,0.0,0.0,0.0
000008_lcam_front_lidar.ply/000008_lcam_front_lidar.ply,0.25,200,0.8,0.48001,0.99,9,0.0,0.0,0.0
000009_lcam_front_lidar.ply/000009_lcam_front_lidar.ply,0.25,200,0.8,0.63676,0.99,10,0.0,0.0,0.0
000010_lcam_front_lidar.ply/000010_lcam_front_lidar.ply,0.25,200,0.8,0.40471,0.99,11,0.0,0.0,0.0
000011_lcam_front_lidar.ply/000011_lcam_front_lidar.ply,0.25,200,0.8,0.42974,0.99,12,0.0,0.0,0.0
000012_lcam_front_lidar.ply/000012_lcam_front_lidar.ply,0.25,200,0.8,0.44506,0.99,13,0.0,0.0,0.0
000013_lcam_front_lidar.ply/000013_lcam_front_lidar.ply,0.25,200,0.8,0.42541,0.99,14,0.0,0.0,0.0
000014_lcam_front_lidar.ply/000014_lcam_front_lidar.ply,0.25,200,0.8,0.40462,0.99,15,0.0,0.0,0.0
000015_lcam_front_lidar.ply/000015_lcam_front_lidar.ply,0.25,200,0.8,0.36336,0.99,16,0.0,0.0,0.0
000016_lcam_front_lidar.ply/000016_lcam_front_lidar.ply,0.25,200,0.8,0.40448,0.99,17,0.0,0.0,0.0
000017_lcam_front_lidar.ply/000017_lcam_front_lidar.ply,0.25,200,0.8,0.31656,0.99,18,0.0,0.0,0.0
000018_lcam_front_lidar.ply/000018_lcam_front_lidar.ply,0.25,200,0.8,0.42355,0.99,19,0.0,0.0,0.0
000019_lcam_front_lidar.ply/000019_lcam_front_lidar.ply,0.25,200,0.8,0.41852,0.99,20,0.0,0.0,0.0
000020_lcam_front_lidar.ply/000020_lcam_front_lidar.ply,0.25,200,0.8,0.48296,0.99,21,0.0,0.0,0.0
000021_lcam_front_lidar.ply/000021_lcam_front_lidar.ply,0.25,200,0.8,0.40958,0.99,22,0.0,0.0,0.0
000022_lcam_front_lidar.ply/000022_lcam_front_lidar.ply,0.25,200,0.8,0.45943,0.99,23,0.0,0.0,0.0
000023_lcam_front_lidar.ply/000023_lcam_front_lidar.ply,0.25,200,0.8,0.40671,0.99,24,0.0,0.0,0.0
000024_lcam_front_lidar.ply/000024_lcam_front_lidar.ply,0.25,200,0.8,0.47638,0.99,25,0.0,0.0,0.0
000025_lcam_front_lidar.ply/000025_lcam_front_lidar.ply,0.25,200,0.8,0.46632,0.99,26,0.0,0.0,0.0
000026_lcam_front_lidar.ply/000026_lcam_front_lidar.ply,0.25,200,0.8,0.50493,0.99,27,0.0,0.0,0.0
000027_lcam_front_lidar.ply/000027_lcam_front_lidar.ply,0.25,200,0.8,0.36135,0.99,28,0.0,0.0,0.0
000028_lcam_front_lidar.ply/000028_lcam_front_lidar.ply,0.25,200,0.8,0.4179,0.99,29,0.0,0.0,0.0
000029_lcam_front_lidar.ply/000029_lcam_front_lidar.ply,0.25,200,0.8,0.42478,0.99,30,0.0,0.0,0.0
000030_lcam_front_lidar.ply/000030_lcam_front_lidar.ply,0.25,200,0.8,0.3453,0.99,31,0.0,0.0,0.0
000031_lcam_front_lidar.ply/000031_lcam_front_lidar.ply,0.25,200,0.8,0.34057,0.99,32,0.0,0.0,0.0
000032_lcam_front_lidar.ply/000032_lcam_front_lidar.ply,0.25,200,0.8,0.45014,0.99,33,0.0,0.0,0.0
000033_lcam_front_lidar.ply/000033_lcam_front_lidar.ply,0.25,200,0.8,0.42063,0.99,34,0.0,0.0,0.0
000034_lcam_front_lidar.ply/000034_lcam_front_lidar.ply,0.25,200,0.8,0.38273,0.99,35,0.0,0.0,0.0
000035_lcam_front_lidar.ply/000035_lcam_front_lidar.ply,0.25,200,0.8,0.50611,0.99,36,0.0,0.0,0.0
000036_lcam_front_lidar.ply/000036_lcam_front_lidar.ply,0.25,200,0.8,0.38969,0.99,37,0.0,0.0,0.0
000037_lcam_front_lidar.ply/000037_lcam_front_lidar.ply,0.25,200,0.8,0.51009,0.99,38,0.0,0.0,0.0
000038_lcam_front_lidar.ply/000038_lcam_front_lidar.ply,0.25,200,0.8,0.3153,0.99,39,0.0,0.0,0.0
000039_lcam_front_lidar.ply/000039_lcam_front_lidar.ply,0.25,200,0.8,0.39253,0.99,40,0.0,0.0,0.0
000040_lcam_front_lidar.ply/000040_lcam_front_lidar.ply,0.25,200,0.8,0.34899,0.99,41,0.0,0.0,0.0
000041_lcam_front_lidar.ply/000041_lcam_front_lidar.ply,0.25,200,0.8,0.39032,0.99,42,0.0,0.0,0.0
000042_lcam_front_lidar.ply/000042_lcam_front_lidar.ply,0.25,200,0.8,0.4157,0.99,43,0.0,0.0,0.0
000043_lcam_front_lidar.ply/000043_lcam_front_lidar.ply,0.25,200,0.8,0.381,0.99,44,0.0,0.0,0.0
000044_lcam_front_lidar.ply/000044_lcam_front_lidar.ply,0.25,200,0.8,0.27044,0.99,45,0.0,0.0,0.0
000045_lcam_front_lidar.ply/000045_lcam_front_lidar.ply,0.25,200,0.8,0.3454,0.99,46,0.0,0.0,0.0
000046_lcam_front_lidar.ply/000046_lcam_front_lidar.ply,0.25,200,0.8,0.42455,0.99,47,0.0,0.0,0.0
000047_lcam_front_lidar.ply/000047_lcam_front_lidar.ply,0.25,200,0.8,0.36009,0.99,48,0.0,0.0,0.0
000048_lcam_front_lidar.ply/000048_lcam_front_lidar.ply,0.25,200,0.8,0.38159,0.99,49,0.0,0.0,0.0
000049_lcam_front_lidar.ply/000049_lcam_front_lidar.ply,0.25,200,0.8,0.32436,0.99,50,0.0,0.0,0.0
000050_lcam_front_lidar.ply/000050_lcam_front_lidar.ply,0.25,200,0.8,0.38999,0.99,51,0.0,0.0,0.0
000051_lcam_front_lidar.ply/000051_lcam_front_lidar.ply,0.25,200,0.8,0.42784,0.99,52,0.0,0.0,0.0
000052_lcam_front_lidar.ply/000052_lcam_front_lidar.ply,0.25,200,0.8,0.43625,0.99,53,0.0,0.0,0.0
000053_lcam_front_lidar.ply/000053_lcam_front_lidar.ply,0.25,200,0.8,0.41347,0.99,54,0.0,0.0,0.0
000054_lcam_front_lidar.ply/000054_lcam_front_lidar.ply,0.25,200,0.8,0.37112,0.99,55,0.0,0.0,0.0
000055_lcam_front_lidar.ply/000055_lcam_front_lidar.ply,0.25,200,0.8,0.35374,0.99,56,0.0,0.0,0.0
000056_lcam_front_lidar.ply/000056_lcam_front_lidar.ply,0.25,200,0.8,0.42758,0.99,57,0.0,0.0,0.0
000057_lcam_front_lidar.ply/000057_lcam_front_lidar.ply,0.25,200,0.8,0.38637,0.99,58,0.0,0.0,0.0
000058_lcam_front_lidar.ply/000058_lcam_front_lidar.ply,0.25,200,0.8,0.42766,0.99,59,0.0,0.0,0.0
000059_lcam_front_lidar.ply/000059_lcam_front_lidar.ply,0.25,200,0.8,0.39934,0.99,60,0.0,0.0,0.0
000060_lcam_front_lidar.ply/000060_lcam_front_lidar.ply,0.25,200,0.8,0.37449,0.99,61,0.0,0.0,0.0
000061_lcam_front_lidar.ply/000061_lcam_front_lidar.ply,0.25,200,0.8,0.39688,0.99,62,0.0,0.0,0.0
000062_lcam_front_lidar.ply/000062_lcam_front_lidar.ply,0.25,200,0.8,0.40531,0.99,63,0.0,0.0,0.0
000063_lcam_front_lidar.ply/000063_lcam_front_lidar.ply,0.25,200,0.8,0.38735,0.99,64,0.0,0.0,0.0
000064_lcam_front_lidar.ply/000064_lcam_front_lidar.ply,0.25,200,0.8,0.37658,0.99,65,0.0,0.0,0.0
000065_lcam_front_lidar.ply/000065_lcam_front_lidar.ply,0.25,200,0.8,0.38474,-0.01,66,0.0,0.0,0.0
000066_lcam_front_lidar.ply/000066_lcam_front_lidar.ply,0.25,200,0.8,0.42869,0.99,67,0.0,0.0,0.0
000067_lcam_front_lidar.ply/000067_lcam_front_lidar.ply,0.25,200,0.8,0.40774,-0.01,68,0.0,0.0,0.0
000068_lcam_front_lidar.ply/000068_lcam_front_lidar.ply,0.25,200,0.8,0.39679,-0.01,69,0.0,0.0,0.0
000069_lcam_front_lidar.ply/000069_lcam_front_lidar.ply,0.25,200,0.8,0.37413,-0.01,70,0.0,0.0,0.0
000070_lcam_front_lidar.ply/000070_lcam_front_lidar.ply,0.25,200,0.8,0.43235,-0.01,71,0.0,0.0,0.0
000071_lcam_front_lidar.ply/000071_lcam_front_lidar.ply,0.25,200,0.8,0.36416,0.99,72,0.0,0.0,0.0
000072_lcam_front_lidar.ply/000072_lcam_front_lidar.ply,0.25,200,0.8,0.31752,0.99,73,0.0,0.0,0.0
000073_lcam_front_lidar.ply/000073_lcam_front_lidar.ply,0.25,200,0.8,0.30861,0.99,74,0.0,0.0,0.0
000074_lcam_front_lidar.ply/000074_lcam_front_lidar.ply,0.25,200,0.8,0.35898,-0.01,75,0.0,0.0,0.0
000075_lcam_front_lidar.ply/000075_lcam_front_lidar.ply,0.25,200,0.8,0.34665,-0.01,76,0.0,0.0,0.0
000076_lcam_front_lidar.ply/000076_lcam_front_lidar.ply,0.25,200,0.8,0.35492,-0.01,77,0.0,0.0,0.0
000077_lcam_front_lidar.ply/000077_lcam_front_lidar.ply,0.25,200,0.8,0.31713,-0.01,78,0.0,0.0,0.0
000078_lcam_front_lidar.ply/000078_lcam_front_lidar.ply,0.25,200,0.8,0.35132,-0.01,79,0.0,0.0,0.0
000079_lcam_front_lidar.ply/000079_lcam_front_lidar.ply,0.25,200,0.8,0.31817,0.99,80,0.0,0.0,0.0
000080_lcam_front_lidar.ply/000080_lcam_front_lidar.ply,0.25,200,0.8,0.26965,-0.01,81,0.0,0.0,0.0
000081_lcam_front_lidar.ply/000081_lcam_front_lidar.ply,0.25,200,0.8,0.31721,-0.01,82,0.0,0.0,0.0
000082_lcam_front_lidar.ply/000082_lcam_front_lidar.ply,0.25,200,0.8,0.31742,-0.01,83,0.0,0.0,0.0
000083_lcam_front_lidar.ply/000083_lcam_front_lidar.ply,0.25,200,0.8,0.29674,-0.01,84,0.0,0.0,0.0
000084_lcam_front_lidar.ply/000084_lcam_front_lidar.ply,0.25,200,0.8,0.33744,-0.01,85,0.0,0.0,0.0
000085_lcam_front_lidar.ply/000085_lcam_front_lidar.ply,0.25,200,0.8,0.28446,-0.01,86,0.0,0.0,0.0
000086_lcam_front_lidar.ply/000086_lcam_front_lidar.ply,0.25,200,0.8,0.3468,-0.01,87,0.0,0.0,0.0
000087_lcam_front_lidar.ply/000087_lcam_front_lidar.ply,0.25,200,0.8,0.24831,-0.01,88,0.0,0.0,0.0
000088_lcam_front_lidar.ply/000088_lcam_front_lidar.ply,0.25,200,0.8,0.29333,-0.01,89,0.0,0.0,0.0
000089_lcam_front_lidar.ply/000089_lcam_front_lidar.ply,0.25,200,0.8,0.23879,-0.01,90,0.0,0.0,0.0
000090_lcam_front_lidar.ply/000090_lcam_front_lidar.ply,0.25,200,0.8,0.27364,-0.01,91,0.0,0.0,0.0
000091_lcam_front_lidar.ply/000091_lcam_front_lidar.ply,0.25,200,0.8,0.31586,-0.01,92,0.0,0.0,0.0
000092_lcam_front_lidar.ply/000092_lcam_front_lidar.ply,0.25,200,0.8,0.29,-0.01,93,0.0,0.0,0.0
000093_lcam_front_lidar.ply/000093_lcam_front_lidar.ply,0.25,200,0.8,0.32077,-0.01,94,0.0,0.0,0.0
000094_lcam_front_lidar.ply/000094_lcam_front_lidar.ply,0.25,200,0.8,0.31529,-0.01,95,0.0,0.0,0.0
000095_lcam_front_lidar.ply/000095_lcam_front_lidar.ply,0.25,200,0.8,0.3601,-0.01,96,0.0,0.0,0.0
000096_lcam_front_lidar.ply/000096_lcam_front_lidar.ply,0.25,200,0.8,0.31115,-0.01,97,0.0,0.0,0.0
000097_lcam_front_lidar.ply/000097_lcam_front_lidar.ply,0.25,200,0.8,0.3299,-0.01,98,0.0,0.0,0.0
000098_lcam_front_lidar.ply/000098_lcam_front_lidar.ply,0.25,200,0.8,0.29715,-0.01,99,0.0,0.0,0.0
000099_lcam_front_lidar.ply/000099_lcam_front_lidar.ply,0.25,200,0.8,0.36089,-0.01,100,0.0,0.0,0.0
000100_lcam_front_lidar.ply/000100_lcam_front_lidar.ply,0.25,200,0.8,0.30143,-0.01,101,0.0,0.0,0.0
000101_lcam_front_lidar.ply/000101_lcam_front_lidar.ply,0.25,200,0.8,0.28584,-0.01,102,0.0,0.0,0.0
000102_lcam_front_lidar.ply/000102_lcam_front_lidar.ply,0.25,200,0.8,0.30219,-0.01,103,0.0,0.0,0.0
000103_lcam_front_lidar.ply/000103_lcam_front_lidar.ply,0.25,200,0.8,0.2885,0.99,104,0.0,0.0,0.0
000104_lcam_front_lidar.ply/000104_lcam_front_lidar.ply,0.25,200,0.8,0.27033,-0.01,105,0.0,0.0,0.0
000105_lcam_front_lidar.ply/000105_lcam_front_lidar.ply,0.25,200,0.8,0.27084,-0.01,106,0.0,0.0,0.0
000106_lcam_front_lidar.ply/000106_lcam_front_lidar.ply,0.25,200,0.8,0.25751,-0.01,107,0.0,0.0,0.0
000107_lcam_front_lidar.ply/000107_lcam_front_lidar.ply,0.25,200,0.8,0.24698,-0.01,108,0.0,0.0,0.0
000108_lcam_front_lidar.ply/000108_lcam_front_lidar.ply,0.25,200,0.8,0.24881,-0.01,109,0.0,0.0,0.0
000109_lcam_front_lidar.ply/000109_lcam_front_lidar.ply,0.25,200,0.8,0.31756,-0.01,110,0.0,0.0,0.0
000110_lcam_front_lidar.ply/000110_lcam_front_lidar.ply,0.25,200,0.8,0.26719,-0.01,111,0.0,0.0,0.0
000111_lcam_front_lidar.ply/000111_lcam_front_lidar.ply,0.25,200,0.8,0.26916,-0.01,112,0.0,0.0,0.0
000112_lcam_front_lidar.ply/000112_lcam_front_lidar.ply,0.25,200,0.8,0.2703,-0.01,113,0.0,0.0,0.0
000113_lcam_front_lidar.ply/000113_lcam_front_lidar.ply,0.25,200,0.8,0.28624,-0.01,114,0.0,0.0,0.0
000114_lcam_front_lidar.ply/000114_lcam_front_lidar.ply,0.25,200,0.8,0.26898,0.99,115,0.0,0.0,0.0
000115_lcam_front_lidar.ply/000115_lcam_front_lidar.ply,0.25,200,0.8,0.27735,0.99,116,0.0,0.0,0.0
000116_lcam_front_lidar.ply/000116_lcam_front_lidar.ply,0.25,200,0.8,0.20639,0.99,117,0.0,0.0,0.0
000117_lcam_front_lidar.ply/000117_lcam_front_lidar.ply,0.25,200,0.8,0.26058,0.99,118,0.0,0.0,0.0
000118_lcam_front_lidar.ply/000118_lcam_front_lidar.ply,0.25,200,0.8,0.18405,-0.01,119,0.0,0.0,0.0
000119_lcam_front_lidar.ply/000119_lcam_front_lidar.ply,0.25,200,0.8,0.25371,-0.01,120,0.0,0.0,0.0
000120_lcam_front_lidar.ply/000120_lcam_front_lidar.ply,0.25,200,0.8,0.24645,-0.01,121,0.0,0.0,0.0
000121_lcam_front_lidar.ply/000121_lcam_front_lidar.ply,0.25,200,0.8,0.21772,-0.01,122,0.0,0.0,0.0
000122_lcam_front_lidar.ply/000122_lcam_front_lidar.ply,0.25,200,0.8,0.27039,-0.01,123,0.0,0.0,0.0
000123_lcam_front_lidar.ply/000123_lcam_front_lidar.ply,0.25,200,0.8,0.25342,-0.01,124,0.0,0.0,0.0
000124_lcam_front_lidar.ply/000124_lcam_front_lidar.ply,0.25,200,0.8,0.20588,-0.01,125,0.0,0.0,0.0
000125_lcam_front_lidar.ply/000125_lcam_front_lidar.ply,0.25,200,0.8,0.26314,-0.01,126,0.0,0.0,0.0
000126_lcam_front_lidar.ply/000126_lcam_front_lidar.ply,0.25,200,0.8,0.28485,-0.01,127,0.0,0.0,0.0
000127_lcam_front_lidar.ply/000127_lcam_front_lidar.ply,0.25,200,0.8,0.27531,-0.01,128,0.0,0.0,0.0
000128_lcam_front_lidar.ply/000128_lcam_front_lidar.ply,0.25,200,0.8,0.22348,0.99,129,0.0,0.0,0.0
000129_lcam_front_lidar.ply/000129_lcam_front_lidar.ply,0.25,200,0.8,0.25402,0.99,130,0.0,0.0,0.0
000130_lcam_front_lidar.ply/000130_lcam_front_lidar.ply,0.25,200,0.8,0.27525,0.99,131,0.0,0.0,0.0
000131_lcam_front_lidar.ply/000131_lcam_front_lidar.ply,0.25,200,0.8,0.25433,0.99,132,0.0,0.0,0.0
000132_lcam_front_lidar.ply/000132_lcam_front_lidar.ply,0.25,200,0.8,0.30122,0.99,133,0.0,0.0,0.0
000133_lcam_front_lidar.ply/000133_lcam_front_lidar.ply,0.25,200,0.8,0.25347,0.99,134,0.0,0.0,0.0
000134_lcam_front_lidar.ply/000134_lcam_front_lidar.ply,0.25,200,0.8,0.21362,0.99,135,0.0,0.0,0.0
000135_lcam_front_lidar.ply/000135_lcam_front_lidar.ply,0.25,200,0.8,0.24233,0.99,136,0.0,0.0,0.0
000136_lcam_front_lidar.ply/000136_lcam_front_lidar.ply,0.25,200,0.8,0.25488,0.99,137,0.0,0.0,0.0
000137_lcam_front_lidar.ply/000137_lcam_front_lidar.ply,0.25,200,0.8,0.24214,0.99,138,0.0,0.0,0.0
000138_lcam_front_lidar.ply/000138_lcam_front_lidar.ply,0.25,200,0.8,0.22991,0.99,139,0.0,0.0,0.0
000139_lcam_front_lidar.ply/000139_lcam_front_lidar.ply,0.25,200,0.8,0.22909,0.99,140,0.0,0.0,0.0
000140_lcam_front_lidar.ply/000140_lcam_front_lidar.ply,0.25,200,0.8,0.23172,0.99,141,0.0,0.0,0.0
000141_lcam_front_lidar.ply/000141_lcam_front_lidar.ply,0.25,200,0.8,0.21803,0.99,142,0.0,0.0,0.0
000142_lcam_front_lidar.ply/000142_lcam_front_lidar.ply,0.25,200,0.8,0.25349,0.99,143,0.0,0.0,0.0
000143_lcam_front_lidar.ply/000143_lcam_front_lidar.ply,0.25,200,0.8,0.20689,0.99,144,0.0,0.0,0.0
000144_lcam_front_lidar.ply/000144_lcam_front_lidar.ply,0.25,200,0.8,0.24785,0.99,145,0.0,0.0,0.0
000145_lcam_front_lidar.ply/000145_lcam_front_lidar.ply,0.25,200,0.8,0.22345,0.99,146,0.0,0.0,0.0
000146_lcam_front_lidar.ply/000146_lcam_front_lidar.ply,0.25,200,0.8,0.20444,0.99,147,0.0,0.0,0.0
000147_lcam_front_lidar.ply/000147_lcam_front_lidar.ply,0.25,200,0.8,0.2387,-0.01,148,0.0,0.0,0.0
000148_lcam_front_lidar.ply/000148_lcam_front_lidar.ply,0.25,200,0.8,0.21362,-0.01,149,0.0,0.0,0.0
000149_lcam_front_lidar.ply/000149_lcam_front_lidar.ply,0.25,200,0.8,0.19226,-0.01,150,0.0,0.0,0.0
000150_lcam_front_lidar.ply/000150_lcam_front_lidar.ply,0.25,200,0.8,0.23213,-0.01,151,0.0,0.0,0.0
000151_lcam_front_lidar.ply/000151_lcam_front_lidar.ply,0.25,200,0.8,0.24894,-0.01,152,0.0,0.0,0.0
000152_lcam_front_lidar.ply/000152_lcam_front_lidar.ply,0.25,200,0.8,0.25251,-0.01,153,0.0,0.0,0.0
000153_lcam_front_lidar.ply/000153_lcam_front_lidar.ply,0.25,200,0.8,0.20883,-0.01,154,0.0,0.0,0.0
000154_lcam_front_lidar.ply/000154_lcam_front_lidar.ply,0.25,200,0.8,0.28563,-0.01,155,0.0,0.0,0.0
000155_lcam_front_lidar.ply/000155_lcam_front_lidar.ply,0.25,200,0.8,0.29515,-0.01,156,0.0,0.0,0.0
000156_lcam_front_lidar.ply/000156_lcam_front_lidar.ply,0.25,200,0.8,0.25538,-0.01,157,0.0,0.0,0.0
000157_lcam_front_lidar.ply/000157_lcam_front_lidar.ply,0.25,200,0.8,0.23761,-0.01,158,0.0,0.0,0.0
000158_lcam_front_lidar.ply/000158_lcam_front_lidar.ply,0.25,200,0.8,0.27388,-0.01,159,0.0,0.0,0.0
000159_lcam_front_lidar.ply/000159_lcam_front_lidar.ply,0.25,200,0.8,0.28047,-0.01,160,0.0,0.0,0.0
000160_lcam_front_lidar.ply/000160_lcam_front_lidar.ply,0.25,200,0.8,0.25786,-0.01,161,0.0,0.0,0.0
000161_lcam_front_lidar.ply/000161_lcam_front_lidar.ply,0.25,200,0.8,0.24202,0.99,162,0.0,0.0,0.0
000162_lcam_front_lidar.ply/000162_lcam_front_lidar.ply,0.25,200,0.8,0.25154,0.99,163,0.0,0.0,0.0
000163_lcam_front_lidar.ply/000163_lcam_front_lidar.ply,0.25,200,0.8,0.23813,-0.01,164,0.0,0.0,0.0
000164_lcam_front_lidar.ply/000164_lcam_front_lidar.ply,0.25,200,0.8,0.24742,-0.01,165,0.0,0.0,0.0
000165_lcam_front_lidar.ply/000165_lcam_front_lidar.ply,0.25,200,0.8,0.29329,-0.01,166,0.0,0.0,0.0
000166_lcam_front_lidar.ply/000166_lcam_front_lidar.ply,0.25,200,0.8,0.20592,-0.01,167,0.0,0.0,0.0
000167_lcam_front_lidar.ply/000167_lcam_front_lidar.ply,0.25,200,0.8,0.31519,0.99,168,0.0,0.0,0.0
000168_lcam_front_lidar.ply/000168_lcam_front_lidar.ply,0.25,200,0.8,0.37975,0.99,169,0.0,0.0,0.0
000169_lcam_front_lidar.ply/000169_lcam_front_lidar.ply,0.25,200,0.8,0.34232,0.99,170,0.0,0.0,0.0
000170_lcam_front_lidar.ply/000170_lcam_front_lidar.ply,0.25,200,0.8,0.34171,0.99,171,0.0,0.0,0.0
000171_lcam_front_lidar.ply/000171_lcam_front_lidar.ply,0.25,200,0.8,0.32506,0.99,172,0.0,0.0,0.0
000172_lcam_front_lidar.ply/000172_lcam_front_lidar.ply,0.25,200,0.8,0.3076,0.99,173,0.0,0.0,0.0
000173_lcam_front_lidar.ply/000173_lcam_front_lidar.ply,0.25,200,0.8,0.34073,0.99,174,0.0,0.0,0.0
000174_lcam_front_lidar.ply/000174_lcam_front_lidar.ply,0.25,200,0.8,0.33308,0.99,175,0.0,0.0,0.0
000175_lcam_front_lidar.ply/000175_lcam_front_lidar.ply,0.25,200,0.8,0.30372,0.99,176,0.0,0.0,0.0
000176_lcam_front_lidar.ply/000176_lcam_front_lidar.ply,0.25,200,0.8,0.31599,0.99,177,0.0,0.0,0.0
000177_lcam_front_lidar.ply/000177_lcam_front_lidar.ply,0.25,200,0.8,0.35433,0.99,178,0.0,0.0,0.0
000178_lcam_front_lidar.ply/000178_lcam_front_lidar.ply,0.25,200,0.8,0.31907,0.99,179,0.0,0.0,0.0
000179_lcam_front_lidar.ply/000179_lcam_front_lidar.ply,0.25,200,0.8,0.37442,0.99,180,0.0,0.0,0.0
000180_lcam_front_lidar.ply/000180_lcam_front_lidar.ply,0.25,200,0.8,0.29705,0.99,181,0.0,0.0,0.0
000181_lcam_front_lidar.ply/000181_lcam_front_lidar.ply,0.25,200,0.8,0.35913,0.99,182,0.0,0.0,0.0
000182_lcam_front_lidar.ply/000182_lcam_front_lidar.ply,0.25,200,0.8,0.33456,0.99,183,0.0,0.0,0.0
000183_lcam_front_lidar.ply/000183_lcam_front_lidar.ply,0.25,200,0.8,0.37262,0.99,184,0.0,0.0,0.0
000184_lcam_front_lidar.ply/000184_lcam_front_lidar.ply,0.25,200,0.8,0.3703,0.99,185,0.0,0.0,0.0
000185_lcam_front_lidar.ply/000185_lcam_front_lidar.ply,0.25,200,0.8,0.38939,0.99,186,0.0,0.0,0.0
000186_lcam_front_lidar.ply/000186_lcam_front_lidar.ply,0.25,200,0.8,0.4468,0.99,187,0.0,0.0,0.0
000187_lcam_front_lidar.ply/000187_lcam_front_lidar.ply,0.25,200,0.8,0.40863,0.99,188,0.0,0.0,0.0
000188_lcam_front_lidar.ply/000188_lcam_front_lidar.ply,0.25,200,0.8,0.41051,0.99,189,0.0,0.0,0.0
000189_lcam_front_lidar.ply/000189_lcam_front_lidar.ply,0.25,200,0.8,0.4516,0.99,190,0.0,0.0,0.0
000190_lcam_front_lidar.ply/000190_lcam_front_lidar.ply,0.25,200,0.8,0.32214,0.99,191,0.0,0.0,0.0
000191_lcam_front_lidar.ply/000191_lcam_front_lidar.ply,0.25,200,0.8,0.34802,0.99,192,0.0,0.0,0.0
000192_lcam_front_lidar.ply/000192_lcam_front_lidar.ply,0.25,200,0.8,0.38117,0.99,193,0.0,0.0,0.0
000193_lcam_front_lidar.ply/000193_lcam_front_lidar.ply,0.25,200,0.8,0.38269,0.99,194,0.0,0.0,0.0
000194_lcam_front_lidar.ply/000194_lcam_front_lidar.ply,0.25,200,0.8,0.33379,0.99,195,0.0,0.0,0.0
000195_lcam_front_lidar.ply/000195_lcam_front_lidar.ply,0.25,200,0.8,0.36174,0.99,196,0.0,0.0,0.0
000196_lcam_front_lidar.ply/000196_lcam_front_lidar.ply,0.25,200,0.8,0.33381,0.99,197,0.0,0.0,0.0
000197_lcam_front_lidar.ply/000197_lcam_front_lidar.ply,0.25,200,0.8,0.35985,0.99,198,0.0,0.0,0.0
000198_lcam_front_lidar.ply/000198_lcam_front_lidar.ply,0.25,200,0.8,0.36753,0.99,199,0.0,0.0,0.0
000199_lcam_front_lidar.ply/000199_lcam_front_lidar.ply,0.25,200,0.8,0.34851,0.99,200,0.0,0.0,0.0
000200_lcam_front_lidar.ply/000200_lcam_front_lidar.ply,0.25,200,0.8,0.35019,0.99,201,0.0,0.0,0.0
000201_lcam_front_lidar.ply/000201_lcam_front_lidar.ply,0.25,200,0.8,0.34539,0.99,202,0.0,0.0,0.0
000202_lcam_front_lidar.ply/000202_lcam_front_lidar.ply,0.25,200,0.8,0.33389,0.99,203,0.0,0.0,0.0
000203_lcam_front_lidar.ply/000203_lcam_front_lidar.ply,0.25,200,0.8,0.38972,0.99,204,0.0,0.0,0.0
000204_lcam_front_lidar.ply/000204_lcam_front_lidar.ply,0.25,200,0.8,0.30157,0.99,205,0.0,0.0,0.0
000205_lcam_front_lidar.ply/000205_lcam_front_lidar.ply,0.25,200,0.8,0.3058,0.99,206,0.0,0.0,0.0
000206_lcam_front_lidar.ply/000206_lcam_front_lidar.ply,0.25,200,0.8,0.31726,0.99,207,0.0,0.0,0.0
000207_lcam_front_lidar.ply/000207_lcam_front_lidar.ply,0.25,200,0.8,0.35018,0.99,208,0.0,0.0,0.0
000208_lcam_front_lidar.ply/000208_lcam_front_lidar.ply,0.25,200,0.8,0.30183,0.99,209,0.0,0.0,0.0
000209_lcam_front_lidar.ply/000209_lcam_front_lidar.ply,0.25,200,0.8,0.29612,0.99,210,0.0,0.0,0.0
000210_lcam_front_lidar.ply/000210_lcam_front_lidar.ply,0.25,200,0.8,0.33288,0.99,211,0.0,0.0,0.0
000211_lcam_front_lidar.ply/000211_lcam_front_lidar.ply,0.25,200,0.8,0.32941,0.99,212,0.0,0.0,0.0
000212_lcam_front_lidar.ply/000212_lcam_front_lidar.ply,0.25,200,0.8,0.3337,0.99,213,0.0,0.0,0.0
000213_lcam_front_lidar.ply/000213_lcam_front_lidar.ply,0.25,200,0.8,0.34907,0.99,214,0.0,0.0,0.0
000214_lcam_front_lidar.ply/000214_lcam_front_lidar.ply,0.25,200,0.8,0.30864,0.99,215,0.0,0.0,0.0
000215_lcam_front_lidar.ply/000215_lcam_front_lidar.ply,0.25,200,0.8,0.35202,0.99,216,0.0,0.0,0.0
000216_lcam_front_lidar.ply/000216_lcam_front_lidar.ply,0.25,200,0.8,0.28986,0.99,217,0.0,0.0,0.0
000217_lcam_front_lidar.ply/000217_lcam_front_lidar.ply,0.25,200,0.8,0.3296,0.99,218,0.0,0.0,0.0
000218_lcam_front_lidar.ply/000218_lcam_front_lidar.ply,0.25,200,0.8,0.38983,0.99,219,0.0,0.0,0.0
000219_lcam_front_lidar.ply/000219_lcam_front_lidar.ply,0.25,200,0.8,0.35885,0.99,220,0.0,0.0,0.0
000220_lcam_front_lidar.ply/000220_lcam_front_lidar.ply,0.25,200,0.8,0.31736,0.99,221,0.0,0.0,0.0
000221_lcam_front_lidar.ply/000221_lcam_front_lidar.ply,0.25,200,0.8,0.34928,0.99,222,0.0,0.0,0.0
000222_lcam_front_lidar.ply/000222_lcam_front_lidar.ply,0.25,200,0.8,0.35701,0.99,223,0.0,0.0,0.0
000223_lcam_front_lidar.ply/000223_lcam_front_lidar.ply,0.25,200,0.8,0.34962,0.99,224,0.0,0.0,0.0
000224_lcam_front_lidar.ply/000224_lcam_front_lidar.ply,0.25,200,0.8,0.32933,0.99,225,0.0,0.0,0.0
000225_lcam_front_lidar.ply/000225_lcam_front_lidar.ply,0.25,200,0.8,0.33296,0.99,226,0.0,0.0,0.0
000226_lcam_front_lidar.ply/000226_lcam_front_lidar.ply,0.25,200,0.8,0.30139,0.99,227,0.0,0.0,0.0
000227_lcam_front_lidar.ply/000227_lcam_front_lidar.ply,0.25,200,0.8,0.31583,0.99,228,0.0,0.0,0.0
000228_lcam_front_lidar.ply/000228_lcam_front_lidar.ply,0.25,200,0.8,0.30496,0.99,229,0.0,0.0,0.0
000229_lcam_front_lidar.ply/000229_lcam_front_lidar.ply,0.25,200,0.8,0.35921,0.99,230,0.0,0.0,0.0
000230_lcam_front_lidar.ply/000230_lcam_front_lidar.ply,0.25,200,0.8,0.34968,0.99,231,0.0,0.0,0.0
000231_lcam_front_lidar.ply/000231_lcam_front_lidar.ply,0.25,200,0.8,0.34533,0.99,232,0.0,0.0,0.0
000232_lcam_front_lidar.ply/000232_lcam_front_lidar.ply,0.25,200,0.8,0.30767,0.99,233,0.0,0.0,0.0
000233_lcam_front_lidar.ply/000233_lcam_front_lidar.ply,0.25,200,0.8,0.31936,0.99,234,0.0,0.0,0.0
000234_lcam_front_lidar.ply/000234_lcam_front_lidar.ply,0.25,200,0.8,0.37727,0.99,235,0.0,0.0,0.0
000235_lcam_front_lidar.ply/000235_lcam_front_lidar.ply,0.25,200,0.8,0.33428,0.99,236,0.0,0.0,0.0
000236_lcam_front_lidar.ply/000236_lcam_front_lidar.ply,0.25,200,0.8,0.32151,0.99,237,0.0,0.0,0.0
000237_lcam_front_lidar.ply/000237_lcam_front_lidar.ply,0.25,200,0.8,0.33493,0.99,238,0.0,0.0,0.0
000238_lcam_front_lidar.ply/000238_lcam_front_lidar.ply,0.25,200,0.8,0.29292,0.99,239,0.0,0.0,0.0
000239_lcam_front_lidar.ply/000239_lcam_front_lidar.ply,0.25,200,0.8,0.37349,0.99,240,0.0,0.0,0.0
000240_lcam_front_lidar.ply/000240_lcam_front_lidar.ply,0.25,200,0.8,0.29986,0.99,241,0.0,0.0,0.0
000241_lcam_front_lidar.ply/000241_lcam_front_lidar.ply,0.25,200,0.8,0.26825,0.99,242,0.0,0.0,0.0
000242_lcam_front_lidar.ply/000242_lcam_front_lidar.ply,0.25,200,0.8,0.28591,0.99,243,0.0,0.0,0.0
000243_lcam_front_lidar.ply/000243_lcam_front_lidar.ply,0.25,200,0.8,0.27717,0.99,244,0.0,0.0,0.0
000244_lcam_front_lidar.ply/000244_lcam_front_lidar.ply,0.25,200,0.8,0.29044,0.99,245,0.0,0.0,0.0
000245_lcam_front_lidar.ply/000245_lcam_front_lidar.ply,0.25,200,0.8,0.31347,0.99,246,0.0,0.0,0.0
000246_lcam_front_lidar.ply/000246_lcam_front_lidar.ply,0.25,200,0.8,0.36501,0.99,247,0.0,0.0,0.0
000247_lcam_front_lidar.ply/000247_lcam_front_lidar.ply,0.25,200,0.8,0.32464,0.99,248,0.0,0.0,0.0
000248_lcam_front_lidar.ply/000248_lcam_front_lidar.ply,0.25,200,0.8,0.38125,0.99,249,0.0,0.0,0.0
000249_lcam_front_lidar.ply/000249_lcam_front_lidar.ply,0.25,200,0.8,0.44666,0.99,250,0.0,0.0,0.0
000250_lcam_front_lidar.ply/000250_lcam_front_lidar.ply,0.25,200,0.8,0.39738,0.99,251,0.0,0.0,0.0
000251_lcam_front_lidar.ply/000251_lcam_front_lidar.ply,0.25,200,0.8,0.37697,0.99,252,0.0,0.0,0.0
000252_lcam_front_lidar.ply/000252_lcam_front_lidar.ply,0.25,200,0.8,0.38144,0.99,253,0.0,0.0,0.0
000253_lcam_front_lidar.ply/000253_lcam_front_lidar.ply,0.25,200,0.8,0.44547,0.99,254,0.0,0.0,0.0
000254_lcam_front_lidar.ply/000254_lcam_front_lidar.ply,0.25,200,0.8,0.40363,0.99,255,0.0,0.0,0.0
000255_lcam_front_lidar.ply/000255_lcam_front_lidar.ply,0.25,200,0.8,0.46247,0.99,256,0.0,0.0,0.0
000256_lcam_front_lidar.ply/000256_lcam_front_lidar.ply,0.25,200,0.8,0.4762,0.99,257,0.0,0.0,0.0
000257_lcam_front_lidar.ply/000257_lcam_front_lidar.ply,0.25,200,0.8,0.49606,0.99,258,0.0,0.0,0.0
000258_lcam_front_lidar.ply/000258_lcam_front_lidar.ply,0.25,200,0.8,0.47838,0.99,259,0.0,0.0,0.0
000259_lcam_front_lidar.ply/000259_lcam_front_lidar.ply,0.25,200,0.8,0.49109,0.99,260,0.0,0.0,0.0
000260_lcam_front_lidar.ply/000260_lcam_front_lidar.ply,0.25,200,0.8,0.46739,0.99,261,0.0,0.0,0.0
000261_lcam_front_lidar.ply/000261_lcam_front_lidar.ply,0.25,200,0.8,0.47202,0.99,262,0.0,0.0,0.0
000262_lcam_front_lidar.ply/000262_lcam_front_lidar.ply,0.25,200,0.8,0.46801,0.99,263,0.0,0.0,0.0
000263_lcam_front_lidar.ply/000263_lcam_front_lidar.ply,0.25,200,0.8,0.50791,0.99,264,0.0,0.0,0.0
000264_lcam_front_lidar.ply/000264_lcam_front_lidar.ply,0.25,200,0.8,0.56803,0.99,265,0.0,0.0,0.0
000265_lcam_front_lidar.ply/000265_lcam_front_lidar.ply,0.25,200,0.8,0.47458,0.99,266,0.0,0.0,0.0
000266_lcam_front_lidar.ply/000266_lcam_front_lidar.ply,0.25,200,0.8,0.43857,0.99,267,0.0,0.0,0.0
000267_lcam_front_lidar.ply/000267_lcam_front_lidar.ply,0.25,200,0.8,0.47715,0.99,268,0.0,0.0,0.0
000268_lcam_front_lidar.ply/000268_lcam_front_lidar.ply,0.25,200,0.8,0.49333,0.99,269,0.0,0.0,0.0
000269_lcam_front_lidar.ply/000269_lcam_front_lidar.ply,0.25,200,0.8,0.41993,0.99,270,0.0,0.0,0.0
000270_lcam_front_lidar.ply/000270_lcam_front_lidar.ply,0.25,200,0.8,0.52934,0.99,271,0.0,0.0,0.0
000271_lcam_front_lidar.ply/000271_lcam_front_lidar.ply,0.25,200,0.8,0.53751,0.99,272,0.0,0.0,0.0
000272_lcam_front_lidar.ply/000272_lcam_front_lidar.ply,0.25,200,0.8,0.60331,0.99,273,0.0,0.0,0.0
000273_lcam_front_lidar.ply/000273_lcam_front_lidar.ply,0.25,200,0.8,0.48783,0.99,274,0.0,0.0,0.0
000274_lcam_front_lidar.ply/000274_lcam_front_lidar.ply,0.25,200,0.8,0.50801,0.99,275,0.0,0.0,0.0
000275_lcam_front_lidar.ply/000275_lcam_front_lidar.ply,0.25,200,0.8,0.45141,0.99,276,0.0,0.0,0.0
000276_lcam_front_lidar.ply/000276_lcam_front_lidar.ply,0.25,200,0.8,0.46679,0.99,277,0.0,0.0,0.0
000277_lcam_front_lidar.ply/000277_lcam_front_lidar.ply,0.25,200,0.8,0.47083,0.99,278,0.0,0.0,0.0
000278_lcam_front_lidar.ply/000278_lcam_front_lidar.ply,0.25,200,0.8,0.45033,0.99,279,0.0,0.0,0.0
000279_lcam_front_lidar.ply/000279_lcam_front_lidar.ply,0.25,200,0.8,0.50262,0.99,280,0.0,0.0,0.0
000280_lcam_front_lidar.ply/000280_lcam_front_lidar.ply,0.25,200,0.8,0.48349,0.99,281,0.0,0.0,0.0
000281_lcam_front_lidar.ply/000281_lcam_front_lidar.ply,0.25,200,0.8,0.42221,0.99,282,0.0,0.0,0.0
000282_lcam_front_lidar.ply/000282_lcam_front_lidar.ply,0.25,200,0.8,0.45164,0.99,283,0.0,0.0,0.0
000283_lcam_front_lidar.ply/000283_lcam_front_lidar.ply,0.25,200,0.8,0.545,0.99,284,0.0,0.0,0.0
000284_lcam_front_lidar.ply/000284_lcam_front_lidar.ply,0.25,200,0.8,0.51083,0.99,285,0.0,0.0,0.0
000285_lcam_front_lidar.ply/000285_lcam_front_lidar.ply,0.25,200,0.8,0.44684,0.99,286,0.0,0.0,0.0
000286_lcam_front_lidar.ply/000286_lcam_front_lidar.ply,0.25,200,0.8,0.5108,0.99,287,0.0,0.0,0.0
000287_lcam_front_lidar.ply/000287_lcam_front_lidar.ply,0.25,200,0.8,0.47209,0.99,288,0.0,0.0,0.0
000288_lcam_front_lidar.ply/000288_lcam_front_lidar.ply,0.25,200,0.8,0.47447,0.99,289,0.0,0.0,0.0
000289_lcam_front_lidar.ply/000289_lcam_front_lidar.ply,0.25,200,0.8,0.4745,0.99,290,0.0,0.0,0.0
000290_lcam_front_lidar.ply/000290_lcam_front_lidar.ply,0.25,200,0.8,0.40097,0.99,291,0.0,0.0,0.0
000291_lcam_front_lidar.ply/000291_lcam_front_lidar.ply,0.25,200,0.8,0.43804,0.99,292,0.0,0.0,0.0
000292_lcam_front_lidar.ply/000292_lcam_front_lidar.ply,0.25,200,0.8,0.39076,0.99,293,0.0,0.0,0.0
000293_lcam_front_lidar.ply/000293_lcam_front_lidar.ply,0.25,200,0.8,0.40252,0.99,294,0.0,0.0,0.0
000294_lcam_front_lidar.ply/000294_lcam_front_lidar.ply,0.25,200,0.8,0.38676,0.99,295,0.0,0.0,0.0
000295_lcam_front_lidar.ply/000295_lcam_front_lidar.ply,0.25,200,0.8,0.38276,0.99,296,0.0,0.0,0.0
000296_lcam_front_lidar.ply/000296_lcam_front_lidar.ply,0.25,200,0.8,0.41395,0.99,297,0.0,0.0,0.0
000297_lcam_front_lidar.ply/000297_lcam_front_lidar.ply,0.25,200,0.8,0.44497,0.99,298,0.0,0.0,0.0
000298_lcam_front_lidar.ply/000298_lcam_front_lidar.ply,0.25,200,0.8,0.38891,0.99,299,0.0,0.0,0.0
000299_lcam_front_lidar.ply/000299_lcam_front_lidar.ply,0.25,200,0.8,0.37255,0.99,300,0.0,0.0,0.0
000300_lcam_front_lidar.ply/000300_lcam_front_lidar.ply,0.25,200,0.8,0.44806,0.99,301,0.0,0.0,0.0
000301_lcam_front_lidar.ply/000301_lcam_front_lidar.ply,0.25,200,0.8,0.4875,0.99,302,0.0,0.0,0.0
000302_lcam_front_lidar.ply/000302_lcam_front_lidar.ply,0.25,200,0.8,0.49445,0.99,303,0.0,0.0,0.0
000303_lcam_front_lidar.ply/000303_lcam_front_lidar.ply,0.25,200,0.8,0.5212,0.99,304,0.0,0.0,0.0
000304_lcam_front_lidar.ply/000304_lcam_front_lidar.ply,0.25,200,0.8,0.42059,0.99,305,0.0,0.0,0.0
000305_lcam_front_lidar.ply/000305_lcam_front_lidar.ply,0.25,200,0.8,0.46117,0.99,306,0.0,0.0,0.0
000306_lcam_front_lidar.ply/000306_lcam_front_lidar.ply,0.25,200,0.8,0.44146,0.99,307,0.0,0.0,0.0
000307_lcam_front_lidar.ply/000307_lcam_front_lidar.ply,0.25,200,0.8,0.41301,0.99,308,0.0,0.0,0.0
000308_lcam_front_lidar.ply/000308_lcam_front_lidar.ply,0.25,200,0.8,0.39662,0.99,309,0.0,0.0,0.0
000309_lcam_front_lidar.ply/000309_lcam_front_lidar.ply,0.25,200,0.8,0.42994,0.99,310,0.0,0.0,0.0
000310_lcam_front_lidar.ply/000310_lcam_front_lidar.ply,0.25,200,0.8,0.40317,0.99,311,0.0,0.0,0.0
000311_lcam_front_lidar.ply/000311_lcam_front_lidar.ply,0.25,200,0.8,0.39675,0.99,312,0.0,0.0,0.0
000312_lcam_front_lidar.ply/000312_lcam_front_lidar.ply,0.25,200,0.8,0.41419,0.99,313,0.0,0.0,0.0
000313_lcam_front_lidar.ply/000313_lcam_front_lidar.ply,0.25,200,0.8,0.43119,0.99,314,0.0,0.0,0.0
000314_lcam_front_lidar.ply/000314_lcam_front_lidar.ply,0.25,200,0.8,0.33737,0.99,315,0.0,0.0,0.0
000315_lcam_front_lidar.ply/000315_lcam_front_lidar.ply,0.25,200,0.8,0.44351,0.99,316,0.0,0.0,0.0
000316_lcam_front_lidar.ply/000316_lcam_front_lidar.ply,0.25,200,0.8,0.41464,0.99,317,0.0,0.0,0.0
000317_lcam_front_lidar.ply/000317_lcam_front_lidar.ply,0.25,200,0.8,0.46176,0.99,318,0.0,0.0,0.0
000318_lcam_front_lidar.ply/000318_lcam_front_lidar.ply,0.25,200,0.8,0.40747,0.99,319,0.0,0.0,0.0
000319_lcam_front_lidar.ply/000319_lcam_front_lidar.ply,0.25,200,0.8,0.45544,0.99,320,0.0,0.0,0.0
000320_lcam_front_lidar.ply/000320_lcam_front_lidar.ply,0.25,200,0.8,0.4937,0.99,321,0.0,0.0,0.0
000321_lcam_front_lidar.ply/000321_lcam_front_lidar.ply,0.25,200,0.8,0.46278,0.99,322,0.0,0.0,0.0
000322_lcam_front_lidar.ply/000322_lcam_front_lidar.ply,0.25,200,0.8,0.4267,0.99,323,0.0,0.0,0.0
000323_lcam_front_lidar.ply/000323_lcam_front_lidar.ply,0.25,200,0.8,0.39914,0.99,324,0.0,0.0,0.0
000324_lcam_front_lidar.ply/000324_lcam_front_lidar.ply,0.25,200,0.8,0.36605,0.99,325,0.0,0.0,0.0
000325_lcam_front_lidar.ply/000325_lcam_front_lidar.ply,0.25,200,0.8,0.37963,0.99,326,0.0,0.0,0.0
000326_lcam_front_lidar.ply/000326_lcam_front_lidar.ply,0.25,200,0.8,0.45185,0.99,327,0.0,0.0,0.0
000327_lcam_front_lidar.ply/000327_lcam_front_lidar.ply,0.25,200,0.8,0.43316,0.99,328,0.0,0.0,0.0
000328_lcam_front_lidar.ply/000328_lcam_front_lidar.ply,0.25,200,0.8,0.5105,0.99,329,0.0,0.0,0.0
000329_lcam_front_lidar.ply/000329_lcam_front_lidar.ply,0.25,200,0.8,0.4474,0.99,330,0.0,0.0,0.0
000330_lcam_front_lidar.ply/000330_lcam_front_lidar.ply,0.25,200,0.8,0.48797,0.99,331,0.0,0.0,0.0
000331_lcam_front_lidar.ply/000331_lcam_front_lidar.ply,0.25,200,0.8,0.5417,0.99,332,0.0,0.0,0.0
000332_lcam_front_lidar.ply/000332_lcam_front_lidar.ply,0.25,200,0.8,0.51006,0.99,333,0.0,0.0,0.0
000333_lcam_front_lidar.ply/000333_lcam_front_lidar.ply,0.25,200,0.8,0.33874,0.99,334,0.0,0.0,0.0
000334_lcam_front_lidar.ply/000334_lcam_front_lidar.ply,0.25,200,0.8,0.49088,0.99,335,0.0,0.0,0.0
000335_lcam_front_lidar.ply/000335_lcam_front_lidar.ply,0.25,200,0.8,0.45877,0.99,336,0.0,0.0,0.0
000336_lcam_front_lidar.ply/000336_lcam_front_lidar.ply,0.25,200,0.8,0.48268,0.99,337,0.0,0.0,0.0
000337_lcam_front_lidar.ply/000337_lcam_front_lidar.ply,0.25,200,0.8,0.51799,0.99,338,0.0,0.0,0.0
000338_lcam_front_lidar.ply/000338_lcam_front_lidar.ply,0.25,200,0.8,0.48058,0.99,339,0.0,0.0,0.0
000339_lcam_front_lidar.ply/000339_lcam_front_lidar.ply,0.25,200,0.8,0.52553,0.99,340,0.0,0.0,0.0
000340_lcam_front_lidar.ply/000340_lcam_front_lidar.ply,0.25,200,0.8,0.57318,0.99,341,0.0,0.0,0.0
000341_lcam_front_lidar.ply/000341_lcam_front_lidar.ply,0.25,200,0.8,0.48471,0.99,342,0.0,0.0,0.0
000342_lcam_front_lidar.ply/000342_lcam_front_lidar.ply,0.25,200,0.8,0.46285,0.99,343,0.0,0.0,0.0
000343_lcam_front_lidar.ply/000343_lcam_front_lidar.ply,0.25,200,0.8,0.42024,0.99,344,0.0,0.0,0.0
000344_lcam_front_lidar.ply/000344_lcam_front_lidar.ply,0.25,200,0.8,0.42425,0.99,345,0.0,0.0,0.0
000345_lcam_front_lidar.ply/000345_lcam_front_lidar.ply,0.25,200,0.8,0.49207,0.99,346,0.0,0.0,0.0
000346_lcam_front_lidar.ply/000346_lcam_front_lidar.ply,0.25,200,0.8,0.50374,0.99,347,0.0,0.0,0.0
000347_lcam_front_lidar.ply/000347_lcam_front_lidar.ply,0.25,200,0.8,0.38645,0.99,348,0.0,0.0,0.0
000348_lcam_front_lidar.ply/000348_lcam_front_lidar.ply,0.25,200,0.8,0.3898,0.99,349,0.0,0.0,0.0
000349_lcam_front_lidar.ply/000349_lcam_front_lidar.ply,0.25,200,0.8,0.46066,0.99,350,0.0,0.0,0.0
000350_lcam_front_lidar.ply/000350_lcam_front_lidar.ply,0.25,200,0.8,0.44523,0.99,351,0.0,0.0,0.0
000351_lcam_front_lidar.ply/000351_lcam_front_lidar.ply,0.25,200,0.8,0.36492,0.99,352,0.0,0.0,0.0
000352_lcam_front_lidar.ply/000352_lcam_front_lidar.ply,0.25,200,0.8,0.45143,0.99,353,0.0,0.0,0.0
000353_lcam_front_lidar.ply/000353_lcam_front_lidar.ply,0.25,200,0.8,0.35097,0.99,354,0.0,0.0,0.0
000354_lcam_front_lidar.ply/000354_lcam_front_lidar.ply,0.25,200,0.8,0.37678,0.99,355,0.0,0.0,0.0
000355_lcam_front_lidar.ply/000355_lcam_front_lidar.ply,0.25,200,0.8,0.37077,0.99,356,0.0,0.0,0.0
000356_lcam_front_lidar.ply/000356_lcam_front_lidar.ply,0.25,200,0.8,0.36693,0.99,357,0.0,0.0,0.0
000357_lcam_front_lidar.ply/000357_lcam_front_lidar.ply,0.25,200,0.8,0.41458,0.99,358,0.0,0.0,0.0
000358_lcam_front_lidar.ply/000358_lcam_front_lidar.ply,0.25,200,0.8,0.41489,0.99,359,0.0,0.0,0.0
000359_lcam_front_lidar.ply/000359_lcam_front_lidar.ply,0.25,200,0.8,0.31929,0.99,360,0.0,0.0,0.0
000360_lcam_front_lidar.ply/000360_lcam_front_lidar.ply,0.25,200,0.8,0.37053,0.99,361,0.0,0.0,0.0
000361_lcam_front_lidar.ply/000361_lcam_front_lidar.ply,0.25,200,0.8,0.33498,0.99,362,0.0,0.0,0.0
000362_lcam_front_lidar.ply/000362_lcam_front_lidar.ply,0.25,200,0.8,0.37307,0.99,363,0.0,0.0,0.0
000363_lcam_front_lidar.ply/000363_lcam_front_lidar.ply,0.25,200,0.8,0.41501,0.99,364,0.0,0.0,0.0
000364_lcam_front_lidar.ply/000364_lcam_front_lidar.ply,0.25,200,0.8,0.39793,-0.01,365,0.0,0.0,0.0
000365_lcam_front_lidar.ply/000365_lcam_front_lidar.ply,0.25,200,0.8,0.38203,0.99,366,0.0,0.0,0.0
000366_lcam_front_lidar.ply/000366_lcam_front_lidar.ply,0.25,200,0.8,0.38276,-0.01,367,0.0,0.0,0.0
000367_lcam_front_lidar.ply/000367_lcam_front_lidar.ply,0.25,200,0.8,0.43949,0.99,368,0.0,0.0,0.0
000368_lcam_front_lidar.ply/000368_lcam_front_lidar.ply,0.25,200,0.8,0.45393,0.99,369,0.0,0.0,0.0
000369_lcam_front_lidar.ply/000369_lcam_front_lidar.ply,0.25,200,0.8,0.39984,-0.01,370,0.0,0.0,0.0
000370_lcam_front_lidar.ply/000370_lcam_front_lidar.ply,0.25,200,0.8,0.41126,0.99,371,0.0,0.0,0.0
000371_lcam_front_lidar.ply/000371_lcam_front_lidar.ply,0.25,200,0.8,0.43023,-0.01,372,0.0,0.0,0.0
000372_lcam_front_lidar.ply/000372_lcam_front_lidar.ply,0.25,200,0.8,0.40008,-0.01,373,0.0,0.0,0.0
000373_lcam_front_lidar.ply/000373_lcam_front_lidar.ply,0.25,200,0.8,0.38917,-0.01,374,0.0,0.0,0.0
000374_lcam_front_lidar.ply/000374_lcam_front_lidar.ply,0.25,200,0.8,0.44474,-0.01,375,0.0,0.0,0.0
000375_lcam_front_lidar.ply/000375_lcam_front_lidar.ply,0.25,200,0.8,0.36075,-0.01,376,0.0,0.0,0.0
000376_lcam_front_lidar.ply/000376_lcam_front_lidar.ply,0.25,200,0.8,0.48607,-0.01,377,0.0,0.0,0.0
000377_lcam_front_lidar.ply/000377_lcam_front_lidar.ply,0.25,200,0.8,0.41501,-0.01,378,0.0,0.0,0.0
000378_lcam_front_lidar.ply/000378_lcam_front_lidar.ply,0.25,200,0.8,0.49089,0.99,379,0.0,0.0,0.0
000379_lcam_front_lidar.ply/000379_lcam_front_lidar.ply,0.25,200,0.8,0.42714,-0.01,380,0.0,0.0,0.0
000380_lcam_front_lidar.ply/000380_lcam_front_lidar.ply,0.25,200,0.8,0.44732,-0.01,381,0.0,0.0,0.0
000381_lcam_front_lidar.ply/000381_lcam_front_lidar.ply,0.25,200,0.8,0.45501,0.99,382,0.0,0.0,0.0
000382_lcam_front_lidar.ply/000382_lcam_front_lidar.ply,0.25,200,0.8,0.47233,-0.01,383,0.0,0.0,0.0
000383_lcam_front_lidar.ply/000383_lcam_front_lidar.ply,0.25,200,0.8,0.47986,-0.01,384,0.0,0.0,0.0
000384_lcam_front_lidar.ply/000384_lcam_front_lidar.ply,0.25,200,0.8,0.3777,-0.01,385,0.0,0.0,0.0
000385_lcam_front_lidar.ply/000385_lcam_front_lidar.ply,0.25,200,0.8,0.43192,-0.01,386,0.0,0.0,0.0
000386_lcam_front_lidar.ply/000386_lcam_front_lidar.ply,0.25,200,0.8,0.47738,0.99,387,0.0,0.0,0.0
000387_lcam_front_lidar.ply/000387_lcam_front_lidar.ply,0.25,200,0.8,0.39939,-0.01,388,0.0,0.0,0.0
000388_lcam_front_lidar.ply/000388_lcam_front_lidar.ply,0.25,200,0.8,0.44707,-0.01,389,0.0,0.0,0.0
000389_lcam_front_lidar.ply/000389_lcam_front_lidar.ply,0.25,200,0.8,0.44692,-0.01,390,0.0,0.0,0.0
000390_lcam_front_lidar.ply/000390_lcam_front_lidar.ply,0.25,200,0.8,0.44238,0.99,391,0.0,0.0,0.0
000391_lcam_front_lidar.ply/000391_lcam_front_lidar.ply,0.25,200,0.8,0.42708,0.99,392,0.0,0.0,0.0
000392_lcam_front_lidar.ply/000392_lcam_front_lidar.ply,0.25,200,0.8,0.4946,0.99,393,0.0,0.0,0.0
000393_lcam_front_lidar.ply/000393_lcam_front_lidar.ply,0.25,200,0.8,0.50174,-0.01,394,0.0,0.0,0.0
000394_lcam_front_lidar.ply/000394_lcam_front_lidar.ply,0.25,200,0.8,0.37825,0.99,395,0.0,0.0,0.0
000395_lcam_front_lidar.ply/000395_lcam_front_lidar.ply,0.25,200,0.8,0.39998,0.99,396,0.0,0.0,0.0
000396_lcam_front_lidar.ply/000396_lcam_front_lidar.ply,0.25,200,0.8,0.38255,-0.01,397,0.0,0.0,0.0
000397_lcam_front_lidar.ply/000397_lcam_front_lidar.ply,0.25,200,0.8,0.38458,-0.01,398,0.0,0.0,0.0
000398_lcam_front_lidar.ply/000398_lcam_front_lidar.ply,0.25,200,0.8,0.36177,0.99,399,0.0,0.0,0.0
000399_lcam_front_lidar.ply/000399_lcam_front_lidar.ply,0.25,200,0.8,0.38553,0.99,400,0.0,0.0,0.0
000400_lcam_front_lidar.ply/000400_lcam_front_lidar.ply,0.25,200,0.8,0.41205,0.99,401,0.0,0.0,0.0
000401_lcam_front_lidar.ply/000401_lcam_front_lidar.ply,0.25,200,0.8,0.47468,0.99,402,0.0,0.0,0.0
000402_lcam_front_lidar.ply/000402_lcam_front_lidar.ply,0.25,200,0.8,0.44874,0.99,403,0.0,0.0,0.0
000403_lcam_front_lidar.ply/000403_lcam_front_lidar.ply,0.25,200,0.8,0.39626,0.99,404,0.0,0.0,0.0
000404_lcam_front_lidar.ply/000404_lcam_front_lidar.ply,0.25,200,0.8,0.37146,0.99,405,0.0,0.0,0.0
000405_lcam_front_lidar.ply/000405_lcam_front_lidar.ply,0.25,200,0.8,0.35828,0.99,406,0.0,0.0,0.0
000406_lcam_front_lidar.ply/000406_lcam_front_lidar.ply,0.25,200,0.8,0.42252,0.99,407,0.0,0.0,0.0
000407_lcam_front_lidar.ply/000407_lcam_front_lidar.ply,0.25,200,0.8,0.42222,0.99,408,0.0,0.0,0.0
000408_lcam_front_lidar.ply/000408_lcam_front_lidar.ply,0.25,200,0.8,0.42953,0.99,409,0.0,0.0,0.0
000409_lcam_front_lidar.ply/000409_lcam_front_lidar.ply,0.25,200,0.8,0.39865,0.99,410,0.0,0.0,0.0
000410_lcam_front_lidar.ply/000410_lcam_front_lidar.ply,0.25,200,0.8,0.41947,0.99,411,0.0,0.0,0.0
000411_lcam_front_lidar.ply/000411_lcam_front_lidar.ply,0.25,200,0.8,0.36829,0.99,412,0.0,0.0,0.0
000412_lcam_front_lidar.ply/000412_lcam_front_lidar.ply,0.25,200,0.8,0.41462,0.99,413,0.0,0.0,0.0
000413_lcam_front_lidar.ply/000413_lcam_front_lidar.ply,0.25,200,0.8,0.33523,0.99,414,0.0,0.0,0.0
000414_lcam_front_lidar.ply/000414_lcam_front_lidar.ply,0.25,200,0.8,0.42548,0.99,415,0.0,0.0,0.0
000415_lcam_front_lidar.ply/000415_lcam_front_lidar.ply,0.25,200,0.8,0.47836,0.99,416,0.0,0.0,0.0
000416_lcam_front_lidar.ply/000416_lcam_front_lidar.ply,0.25,200,0.8,0.43352,0.99,417,0.0,0.0,0.0
000417_lcam_front_lidar.ply/000417_lcam_front_lidar.ply,0.25,200,0.8,0.44628,0.99,418,0.0,0.0,0.0
000418_lcam_front_lidar.ply/000418_lcam_front_lidar.ply,0.25,200,0.8,0.41731,0.99,419,0.0,0.0,0.0
000419_lcam_front_lidar.ply/000419_lcam_front_lidar.ply,0.25,200,0.8,0.44436,0.99,420,0.0,0.0,0.0
000420_lcam_front_lidar.ply/000420_lcam_front_lidar.ply,0.25,200,0.8,0.44892,0.99,421,0.0,0.0,0.0
000421_lcam_front_lidar.ply/000421_lcam_front_lidar.ply,0.25,200,0.8,0.46486,0.99,422,0.0,0.0,0.0
000422_lcam_front_lidar.ply/000422_lcam_front_lidar.ply,0.25,200,0.8,0.47365,0.99,423,0.0,0.0,0.0
000423_lcam_front_lidar.ply/000423_lcam_front_lidar.ply,0.25,200,0.8,0.47731,0.99,424,0.0,0.0,0.0
000424_lcam_front_lidar.ply/000424_lcam_front_lidar.ply,0.25,200,0.8,0.43123,0.99,425,0.0,0.0,0.0
000425_lcam_front_lidar.ply/000425_lcam_front_lidar.ply,0.25,200,0.8,0.44778,0.99,426,0.0,0.0,0.0
000426_lcam_front_lidar.ply/000426_lcam_front_lidar.ply,0.25,200,0.8,0.43568,0.99,427,0.0,0.0,0.0
000427_lcam_front_lidar.ply/000427_lcam_front_lidar.ply,0.25,200,0.8,0.50044,0.99,428,0.0,0.0,0.0
000428_lcam_front_lidar.ply/000428_lcam_front_lidar.ply,0.25,200,0.8,0.50977,0.99,429,0.0,0.0,0.0
000429_lcam_front_lidar.ply/000429_lcam_front_lidar.ply,0.25,200,0.8,0.48141,0.99,430,0.0,0.0,0.0
000430_lcam_front_lidar.ply/000430_lcam_front_lidar.ply,0.25,200,0.8,0.51698,0.99,431,0.0,0.0,0.0
000431_lcam_front_lidar.ply/000431_lcam_front_lidar.ply,0.25,200,0.8,0.50007,0.99,432,0.0,0.0,0.0
000432_lcam_front_lidar.ply/000432_lcam_front_lidar.ply,0.25,200,0.8,0.49186,0.99,433,0.0,0.0,0.0
000433_lcam_front_lidar.ply/000433_lcam_front_lidar.ply,0.25,200,0.8,0.46218,0.99,434,0.0,0.0,0.0
000434_lcam_front_lidar.ply/000434_lcam_front_lidar.ply,0.25,200,0.8,0.40806,0.99,435,0.0,0.0,0.0
000435_lcam_front_lidar.ply/000435_lcam_front_lidar.ply,0.25,200,0.8,0.51814,0.99,436,0.0,0.0,0.0
000436_lcam_front_lidar.ply/000436_lcam_front_lidar.ply,0.25,200,0.8,0.47882,0.99,437,0.0,0.0,0.0
000437_lcam_front_lidar.ply/000437_lcam_front_lidar.ply,0.25,200,0.8,0.48963,0.99,438,0.0,0.0,0.0
000438_lcam_front_lidar.ply/000438_lcam_front_lidar.ply,0.25,200,0.8,0.47505,0.99,439,0.0,0.0,0.0
000439_lcam_front_lidar.ply/000439_lcam_front_lidar.ply,0.25,200,0.8,0.44133,0.99,440,0.0,0.0,0.0
000440_lcam_front_lidar.ply/000440_lcam_front_lidar.ply,0.25,200,0.8,0.55812,0.99,441,0.0,0.0,0.0
000441_lcam_front_lidar.ply/000441_lcam_front_lidar.ply,0.25,200,0.8,0.46047,0.99,442,0.0,0.0,0.0
000442_lcam_front_lidar.ply/000442_lcam_front_lidar.ply,0.25,200,0.8,0.53076,0.99,443,0.0,0.0,0.0
000443_lcam_front_lidar.ply/000443_lcam_front_lidar.ply,0.25,200,0.8,0.40047,0.99,444,0.0,0.0,0.0
000444_lcam_front_lidar.ply/000444_lcam_front_lidar.ply,0.25,200,0.8,0.44476,0.99,445,0.0,0.0,0.0
000445_lcam_front_lidar.ply/000445_lcam_front_lidar.ply,0.25,200,0.8,0.44533,0.99,446,0.0,0.0,0.0
000446_lcam_front_lidar.ply/000446_lcam_front_lidar.ply,0.25,200,0.8,0.48573,0.99,447,0.0,0.0,0.0
000447_lcam_front_lidar.ply/000447_lcam_front_lidar.ply,0.25,200,0.8,0.41101,0.99,448,0.0,0.0,0.0
000448_lcam_front_lidar.ply/000448_lcam_front_lidar.ply,0.25,200,0.8,0.4228,0.99,449,0.0,0.0,0.0
000449_lcam_front_lidar.ply/000449_lcam_front_lidar.ply,0.25,200,0.8,0.42415,0.99,450,0.0,0.0,0.0
000450_lcam_front_lidar.ply/000450_lcam_front_lidar.ply,0.25,200,0.8,0.47091,0.99,451,0.0,0.0,0.0
000451_lcam_front_lidar.ply/000451_lcam_front_lidar.ply,0.25,200,0.8,0.43908,0.99,452,0.0,0.0,0.0
000452_lcam_front_lidar.ply/000452_lcam_front_lidar.ply,0.25,200,0.8,0.39541,0.99,453,0.0,0.0,0.0
000453_lcam_front_lidar.ply/000453_lcam_front_lidar.ply,0.25,200,0.8,0.45738,0.99,454,0.0,0.0,0.0
000454_lcam_front_lidar.ply/000454_lcam_front_lidar.ply,0.25,200,0.8,0.43006,0.99,455,0.0,0.0,0.0
000455_lcam_front_lidar.ply/000455_lcam_front_lidar.ply,0.25,200,0.8,0.4236,0.99,456,0.0,0.0,0.0
000456_lcam_front_lidar.ply/000456_lcam_front_lidar.ply,0.25,200,0.8,0.44097,0.99,457,0.0,0.0,0.0
000457_lcam_front_lidar.ply/000457_lcam_front_lidar.ply,0.25,200,0.8,0.41073,0.99,458,0.0,0.0,0.0
000458_lcam_front_lidar.ply/000458_lcam_front_lidar.ply,0.25,200,0.8,0.43525,0.99,459,0.0,0.0,0.0
000459_lcam_front_lidar.ply/000459_lcam_front_lidar.ply,0.25,200,0.8,0.34589,0.99,460,0.0,0.0,0.0
000460_lcam_front_lidar.ply/000460_lcam_front_lidar.ply,0.25,200,0.8,0.39232,0.99,461,0.0,0.0,0.0
000461_lcam_front_lidar.ply/000461_lcam_front_lidar.ply,0.25,200,0.8,0.36994,0.99,462,0.0,0.0,0.0
000462_lcam_front_lidar.ply/000462_lcam_front_lidar.ply,0.25,200,0.8,0.43847,0.99,463,0.0,0.0,0.0
000463_lcam_front_lidar.ply/000463_lcam_front_lidar.ply,0.25,200,0.8,0.3672,0.99,464,0.0,0.0,0.0
000464_lcam_front_lidar.ply/000464_lcam_front_lidar.ply,0.25,200,0.8,0.37064,0.99,465,0.0,0.0,0.0
000465_lcam_front_lidar.ply/000465_lcam_front_lidar.ply,0.25,200,0.8,0.35212,0.99,466,0.0,0.0,0.0
000466_lcam_front_lidar.ply/000466_lcam_front_lidar.ply,0.25,200,0.8,0.43547,0.99,467,0.0,0.0,0.0
000467_lcam_front_lidar.ply/000467_lcam_front_lidar.ply,0.25,200,0.8,0.47207,0.99,468,0.0,0.0,0.0
000468_lcam_front_lidar.ply/000468_lcam_front_lidar.ply,0.25,200,0.8,0.38295,0.99,469,0.0,0.0,0.0
000469_lcam_front_lidar.ply/000469_lcam_front_lidar.ply,0.25,200,0.8,0.46537,0.99,470,0.0,0.0,0.0
000470_lcam_front_lidar.ply/000470_lcam_front_lidar.ply,0.25,200,0.8,0.37687,0.99,471,0.0,0.0,0.0
000471_lcam_front_lidar.ply/000471_lcam_front_lidar.ply,0.25,200,0.8,0.36536,0.99,472,0.0,0.0,0.0
000472_lcam_front_lidar.ply/000472_lcam_front_lidar.ply,0.25,200,0.8,0.38869,0.99,473,0.0,0.0,0.0
000473_lcam_front_lidar.ply/000473_lcam_front_lidar.ply,0.25,200,0.8,0.34784,0.99,474,0.0,0.0,0.0
000474_lcam_front_lidar.ply/000474_lcam_front_lidar.ply,0.25,200,0.8,0.37593,0.99,475,0.0,0.0,0.0
000475_lcam_front_lidar.ply/000475_lcam_front_lidar.ply,0.25,200,0.8,0.36231,0.99,476,0.0,0.0,0.0
000476_lcam_front_lidar.ply/000476_lcam_front_lidar.ply,0.25,200,0.8,0.3204,0.99,477,0.0,0.0,0.0
000477_lcam_front_lidar.ply/000477_lcam_front_lidar.ply,0.25,200,0.8,0.37225,0.99,478,0.0,0.0,0.0
000478_lcam_front_lidar.ply/000478_lcam_front_lidar.ply,0.25,200,0.8,0.40631,0.99,479,0.0,0.0,0.0
000479_lcam_front_lidar.ply/000479_lcam_front_lidar.ply,0.25,200,0.8,0.28787,0.99,480,0.0,0.0,0.0
000480_lcam_front_lidar.ply/000480_lcam_front_lidar.ply,0.25,200,0.8,0.35345,0.99,481,0.0,0.0,0.0
000481_lcam_front_lidar.ply/000481_lcam_front_lidar.ply,0.25,200,0.8,0.36615,0.99,482,0.0,0.0,0.0
000482_lcam_front_lidar.ply/000482_lcam_front_lidar.ply,0.25,200,0.8,0.35415,0.99,483,0.0,0.0,0.0
000483_lcam_front_lidar.ply/000483_lcam_front_lidar.ply,0.25,200,0.8,0.34753,0.99,484,0.0,0.0,0.0
000484_lcam_front_lidar.ply/000484_lcam_front_lidar.ply,0.25,200,0.8,0.35698,0.99,485,0.0,0.0,0.0
000485_lcam_front_lidar.ply/000485_lcam_front_lidar.ply,0.25,200,0.8,0.35934,0.99,486,0.0,0.0,0.0
000486_lcam_front_lidar.ply/000486_lcam_front_lidar.ply,0.25,200,0.8,0.33825,0.99,487,0.0,0.0,0.0
000487_lcam_front_lidar.ply/000487_lcam_front_lidar.ply,0.25,200,0.8,0.35961,0.99,488,0.0,0.0,0.0
000488_lcam_front_lidar.ply/000488_lcam_front_lidar.ply,0.25,200,0.8,0.39832,0.99,489,0.0,0.0,0.0
000489_lcam_front_lidar.ply/000489_lcam_front_lidar.ply,0.25,200,0.8,0.31038,0.99,490,0.0,0.0,0.0
000490_lcam_front_lidar.ply/000490_lcam_front_lidar.ply,0.25,200,0.8,0.39875,0.99,491,0.0,0.0,0.0
000491_lcam_front_lidar.ply/000491_lcam_front_lidar.ply,0.25,200,0.8,0.30347,0.99,492,0.0,0.0,0.0
000492_lcam_front_lidar.ply/000492_lcam_front_lidar.ply,0.25,200,0.8,0.37831,0.99,493,0.0,0.0,0.0
000493_lcam_front_lidar.ply/000493_lcam_front_lidar.ply,0.25,200,0.8,0.27892,0.99,494,0.0,0.0,0.0
000494_lcam_front_lidar.ply/000494_lcam_front_lidar.ply,0.25,200,0.8,0.32503,0.99,495,0.0,0.0,0.0
000495_lcam_front_lidar.ply/000495_lcam_front_lidar.ply,0.25,200,0.8,0.31213,0.99,496,0.0,0.0,0.0
000496_lcam_front_lidar.ply/000496_lcam_front_lidar.ply,0.25,200,0.8,0.27105,0.99,497,0.0,0.0,0.0
000497_lcam_front_lidar.ply/000497_lcam_front_lidar.ply,0.25,200,0.8,0.37524,0.99,498,0.0,0.0,0.0
000498_lcam_front_lidar.ply/000498_lcam_front_lidar.ply,0.25,200,0.8,0.43889,0.99,499,0.0,0.0,0.0
000499_lcam_front_lidar.ply/000499_lcam_front_lidar.ply,0.25,200,0.8,0.29899,0.99,500,0.0,0.0,0.0
000500_lcam_front_lidar.ply/000500_lcam_front_lidar.ply,0.25,200,0.8,0.32154,0.99,501,0.0,0.0,0.0
000501_lcam_front_lidar.ply/000501_lcam_front_lidar.ply,0.25,200,0.8,0.28056,0.99,502,0.0,0.0,0.0
000502_lcam_front_lidar.ply/000502_lcam_front_lidar.ply,0.25,200,0.8,0.32562,0.99,503,0.0,0.0,0.0
000503_lcam_front_lidar.ply/000503_lcam_front_lidar.ply,0.25,200,0.8,0.32698,0.99,504,0.0,0.0,0.0
000504_lcam_front_lidar.ply/000504_lcam_front_lidar.ply,0.25,200,0.8,0.37561,0.99,505,0.0,0.0,0.0
000505_lcam_front_lidar.ply/000505_lcam_front_lidar.ply,0.25,200,0.8,0.32424,0.99,506,0.0,0.0,0.0
000506_lcam_front_lidar.ply/000506_lcam_front_lidar.ply,0.25,200,0.8,0.32574,0.99,507,0.0,0.0,0.0
000507_lcam_front_lidar.ply/000507_lcam_front_lidar.ply,0.25,200,0.8,0.2947,0.99,508,0.0,0.0,0.0
000508_lcam_front_lidar.ply/000508_lcam_front_lidar.ply,0.25,200,0.8,0.29252,0.99,509,0.0,0.0,0.0
000509_lcam_front_lidar.ply/000509_lcam_front_lidar.ply,0.25,200,0.8,0.37995,0.99,510,0.0,0.0,0.0
000510_lcam_front_lidar.ply/000510_lcam_front_lidar.ply,0.25,200,0.8,0.28649,0.99,511,0.0,0.0,0.0
000511_lcam_front_lidar.ply/000511_lcam_front_lidar.ply,0.25,200,0.8,0.39411,0.99,512,0.0,0.0,0.0
000512_lcam_front_lidar.ply/000512_lcam_front_lidar.ply,0.25,200,0.8,0.26099,0.99,513,0.0,0.0,0.0
000513_lcam_front_lidar.ply/000513_lcam_front_lidar.ply,0.25,200,0.8,0.32997,0.99,514,0.0,0.0,0.0
000514_lcam_front_lidar.ply/000514_lcam_front_lidar.ply,0.25,200,0.8,0.31125,0.99,515,0.0,0.0,0.0
000515_lcam_front_lidar.ply/000515_lcam_front_lidar.ply,0.25,200,0.8,0.26057,0.99,516,0.0,0.0,0.0
000516_lcam_front_lidar.ply/000516_lcam_front_lidar.ply,0.25,200,0.8,0.2979,0.99,517,0.0,0.0,0.0
000517_lcam_front_lidar.ply/000517_lcam_front_lidar.ply,0.25,200,0.8,0.24933,0.99,518,0.0,0.0,0.0
000518_lcam_front_lidar.ply/000518_lcam_front_lidar.ply,0.25,200,0.8,0.24422,0.99,519,0.0,0.0,0.0
000519_lcam_front_lidar.ply/000519_lcam_front_lidar.ply,0.25,200,0.8,0.26604,0.99,520,0.0,0.0,0.0
000520_lcam_front_lidar.ply/000520_lcam_front_lidar.ply,0.25,200,0.8,0.28287,0.99,521,0.0,0.0,0.0
000521_lcam_front_lidar.ply/000521_lcam_front_lidar.ply,0.25,200,0.8,0.29832,0.99,522,0.0,0.0,0.0
000522_lcam_front_lidar.ply/000522_lcam_front_lidar.ply,0.25,200,0.8,0.28092,0.99,523,0.0,0.0,0.0
000523_lcam_front_lidar.ply/000523_lcam_front_lidar.ply,0.25,200,0.8,0.3061,0.99,524,0.0,0.0,0.0
000524_lcam_front_lidar.ply/000524_lcam_front_lidar.ply,0.25,200,0.8,0.32709,0.99,525,0.0,0.0,0.0
000525_lcam_front_lidar.ply/000525_lcam_front_lidar.ply,0.25,200,0.8,0.23105,0.99,526,0.0,0.0,0.0
000526_lcam_front_lidar.ply/000526_lcam_front_lidar.ply,0.25,200,0.8,0.34168,0.99,527,0.0,0.0,0.0
000527_lcam_front_lidar.ply/000527_lcam_front_lidar.ply,0.25,200,0.8,0.32538,0.99,528,0.0,0.0,0.0
000528_lcam_front_lidar.ply/000528_lcam_front_lidar.ply,0.25,200,0.8,0.29712,0.99,529,0.0,0.0,0.0
000529_lcam_front_lidar.ply/000529_lcam_front_lidar.ply,0.25,200,0.8,0.26771,0.99,530,0.0,0.0,0.0
000530_lcam_front_lidar.ply/000530_lcam_front_lidar.ply,0.25,200,0.8,0.28531,0.99,531,0.0,0.0,0.0
000531_lcam_front_lidar.ply/000531_lcam_front_lidar.ply,0.25,200,0.8,0.29638,0.99,532,0.0,0.0,0.0
000532_lcam_front_lidar.ply/000532_lcam_front_lidar.ply,0.25,200,0.8,0.3355,0.99,533,0.0,0.0,0.0
000533_lcam_front_lidar.ply/000533_lcam_front_lidar.ply,0.25,200,0.8,0.25624,0.99,534,0.0,0.0,0.0
000534_lcam_front_lidar.ply/000534_lcam_front_lidar.ply,0.25,200,0.8,0.27197,0.99,535,0.0,0.0,0.0
000535_lcam_front_lidar.ply/000535_lcam_front_lidar.ply,0.25,200,0.8,0.29068,0.99,536,0.0,0.0,0.0
000536_lcam_front_lidar.ply/000536_lcam_front_lidar.ply,0.25,200,0.8,0.28152,0.99,537,0.0,0.0,0.0
000537_lcam_front_lidar.ply/000537_lcam_front_lidar.ply,0.25,200,0.8,0.33823,0.99,538,0.0,0.0,0.0
000538_lcam_front_lidar.ply/000538_lcam_front_lidar.ply,0.25,200,0.8,0.32206,0.99,539,0.0,0.0,0.0
000539_lcam_front_lidar.ply/000539_lcam_front_lidar.ply,0.25,200,0.8,0.27866,0.99,540,0.0,0.0,0.0
000540_lcam_front_lidar.ply/000540_lcam_front_lidar.ply,0.25,200,0.8,0.32308,0.99,541,0.0,0.0,0.0
000541_lcam_front_lidar.ply/000541_lcam_front_lidar.ply,0.25,200,0.8,0.2661,0.99,542,0.0,0.0,0.0
000542_lcam_front_lidar.ply/000542_lcam_front_lidar.ply,0.25,200,0.8,0.32015,0.99,543,0.0,0.0,0.0
000543_lcam_front_lidar.ply/000543_lcam_front_lidar.ply,0.25,200,0.8,0.31145,0.99,544,0.0,0.0,0.0
000544_lcam_front_lidar.ply/000544_lcam_front_lidar.ply,0.25,200,0.8,0.32114,0.99,545,0.0,0.0,0.0
000545_lcam_front_lidar.ply/000545_lcam_front_lidar.ply,0.25,200,0.8,0.28224,0.99,546,0.0,0.0,0.0
000546_lcam_front_lidar.ply/000546_lcam_front_lidar.ply,0.25,200,0.8,0.2591,0.99,547,0.0,0.0,0.0
000547_lcam_front_lidar.ply/000547_lcam_front_lidar.ply,0.25,200,0.8,0.28938,0.99,548,0.0,0.0,0.0
000548_lcam_front_lidar.ply/000548_lcam_front_lidar.ply,0.25,200,0.8,0.28986,0.99,549,0.0,0.0,0.0
000549_lcam_front_lidar.ply/000549_lcam_front_lidar.ply,0.25,200,0.8,0.25677,0.99,550,0.0,0.0,0.0
000550_lcam_front_lidar.ply/000550_lcam_front_lidar.ply,0.25,200,0.8,0.32867,0.99,551,0.0,0.0,0.0
000551_lcam_front_lidar.ply/000551_lcam_front_lidar.ply,0.25,200,0.8,0.28698,0.99,552,0.0,0.0,0.0
000552_lcam_front_lidar.ply/000552_lcam_front_lidar.ply,0.25,200,0.8,0.35192,0.99,553,0.0,0.0,0.0
000553_lcam_front_lidar.ply/000553_lcam_front_lidar.ply,0.25,200,0.8,0.22361,0.99,554,0.0,0.0,0.0
000554_lcam_front_lidar.ply/000554_lcam_front_lidar.ply,0.25,200,0.8,0.31698,0.99,555,0.0,0.0,0.0
000555_lcam_front_lidar.ply/000555_lcam_front_lidar.ply,0.25,200,0.8,0.224,0.99,556,0.0,0.0,0.0
000556_lcam_front_lidar.ply/000556_lcam_front_lidar.ply,0.25,200,0.8,0.27133,0.99,557,0.0,0.0,0.0
000557_lcam_front_lidar.ply/000557_lcam_front_lidar.ply,0.25,200,0.8,0.25819,0.99,558,0.0,0.0,0.0
000558_lcam_front_lidar.ply/000558_lcam_front_lidar.ply,0.25,200,0.8,0.22589,0.99,559,0.0,0.0,0.0
000559_lcam_front_lidar.ply/000559_lcam_front_lidar.ply,0.25,200,0.8,0.2786,0.99,560,0.0,0.0,0.0
000560_lcam_front_lidar.ply/000560_lcam_front_lidar.ply,0.25,200,0.8,0.28855,0.99,561,0.0,0.0,0.0
000561_lcam_front_lidar.ply/000561_lcam_front_lidar.ply,0.25,200,0.8,0.23051,0.99,562,0.0,0.0,0.0
000562_lcam_front_lidar.ply/000562_lcam_front_lidar.ply,0.25,200,0.8,0.24071,0.99,563,0.0,0.0,0.0
000563_lcam_front_lidar.ply/000563_lcam_front_lidar.ply,0.25,200,0.8,0.30373,0.99,564,0.0,0.0,0.0
000564_lcam_front_lidar.ply/000564_lcam_front_lidar.ply,0.25,200,0.8,0.2588,0.99,565,0.0,0.0,0.0
000565_lcam_front_lidar.ply/000565_lcam_front_lidar.ply,0.25,200,0.8,0.19053,0.99,566,0.0,0.0,0.0
000566_lcam_front_lidar.ply/000566_lcam_front_lidar.ply,0.25,200,0.8,0.21387,0.99,567,0.0,0.0,0.0
000567_lcam_front_lidar.ply/000567_lcam_front_lidar.ply,0.25,200,0.8,0.24752,0.99,568,0.0,0.0,0.0
000568_lcam_front_lidar.ply/000568_lcam_front_lidar.ply,0.25,200,0.8,0.20468,0.99,569,0.0,0.0,0.0
000569_lcam_front_lidar.ply/000569_lcam_front_lidar.ply,0.25,200,0.8,0.2402,0.99,570,0.0,0.0,0.0
000570_lcam_front_lidar.ply/000570_lcam_front_lidar.ply,0.25,200,0.8,0.21026,0.99,571,0.0,0.0,0.0
000571_lcam_front_lidar.ply/000571_lcam_front_lidar.ply,0.25,200,0.8,0.19733,0.99,572,0.0,0.0,0.0
000572_lcam_front_lidar.ply/000572_lcam_front_lidar.ply,0.25,200,0.8,0.23374,0.99,573,0.0,0.0,0.0
000573_lcam_front_lidar.ply/000573_lcam_front_lidar.ply,0.25,200,0.8,0.21453,0.99,574,0.0,0.0,0.0
000574_lcam_front_lidar.ply/000574_lcam_front_lidar.ply,0.25,200,0.8,0.17564,0.99,575,0.0,0.0,0.0
000575_lcam_front_lidar.ply/000575_lcam_front_lidar.ply,0.25,200,0.8,0.20645,0.99,576,0.0,0.0,0.0
000576_lcam_front_lidar.ply/000576_lcam_front_lidar.ply,0.25,200,0.8,0.21178,0.99,577,0.0,0.0,0.0
000577_lcam_front_lidar.ply/000577_lcam_front_lidar.ply,0.25,200,0.8,0.19286,0.99,578,0.0,0.0,0.0
000578_lcam_front_lidar.ply/000578_lcam_front_lidar.ply,0.25,200,0.8,0.21397,0.99,579,0.0,0.0,0.0
000579_lcam_front_lidar.ply/000579_lcam_front_lidar.ply,0.25,200,0.8,0.24139,0.99,580,0.0,0.0,0.0
000580_lcam_front_lidar.ply/000580_lcam_front_lidar.ply,0.25,200,0.8,0.23916,0.99,581,0.0,0.0,0.0
000581_lcam_front_lidar.ply/000581_lcam_front_lidar.ply,0.25,200,0.8,0.18978,0.99,582,0.0,0.0,0.0
000582_lcam_front_lidar.ply/000582_lcam_front_lidar.ply,0.25,200,0.8,0.3132,0.99,583,0.0,0.0,0.0
000583_lcam_front_lidar.ply/000583_lcam_front_lidar.ply,0.25,200,0.8,0.20361,0.99,584,0.0,0.0,0.0
000584_lcam_front_lidar.ply/000584_lcam_front_lidar.ply,0.25,200,0.8,0.17349,0.99,585,0.0,0.0,0.0
000585_lcam_front_lidar.ply/000585_lcam_front_lidar.ply,0.25,200,0.8,0.20583,0.99,586,0.0,0.0,0.0
000586_lcam_front_lidar.ply/000586_lcam_front_lidar.ply,0.25,200,0.8,0.21732,0.99,587,0.0,0.0,0.0
000587_lcam_front_lidar.ply/000587_lcam_front_lidar.ply,0.25,200,0.8,0.15934,0.99,588,0.0,0.0,0.0
000588_lcam_front_lidar.ply/000588_lcam_front_lidar.ply,0.25,200,0.8,0.24589,0.99,589,0.0,0.0,0.0
000589_lcam_front_lidar.ply/000589_lcam_front_lidar.ply,0.25,200,0.8,0.16275,0.99,590,0.0,0.0,0.0
000590_lcam_front_lidar.ply/000590_lcam_front_lidar.ply,0.25,200,0.8,0.15613,0.99,591,0.0,0.0,0.0
000591_lcam_front_lidar.ply/000591_lcam_front_lidar.ply,0.25,200,0.8,0.25682,0.99,592,0.0,0.0,0.0
000592_lcam_front_lidar.ply/000592_lcam_front_lidar.ply,0.25,200,0.8,0.2019,0.99,593,0.0,0.0,0.0
000593_lcam_front_lidar.ply/000593_lcam_front_lidar.ply,0.25,200,0.8,0.15383,0.99,594,0.0,0.0,0.0
000594_lcam_front_lidar.ply/000594_lcam_front_lidar.ply,0.25,200,0.8,0.14632,0.99,595,0.0,0.0,0.0
000595_lcam_front_lidar.ply/000595_lcam_front_lidar.ply,0.25,200,0.8,0.19137,0.99,596,0.0,0.0,0.0
000596_lcam_front_lidar.ply/000596_lcam_front_lidar.ply,0.25,200,0.8,0.22345,0.99,597,0.0,0.0,0.0
000597_lcam_front_lidar.ply/000597_lcam_front_lidar.ply,0.25,200,0.8,0.17904,0.99,598,0.0,0.0,0.0
000598_lcam_front_lidar.ply/000598_lcam_front_lidar.ply,0.25,200,0.8,0.21949,0.99,599,0.0,0.0,0.0
000599_lcam_front_lidar.ply/000599_lcam_front_lidar.ply,0.25,200,0.8,0.21303,0.99,600,0.0,0.0,0.0
000600_lcam_front_lidar.ply/000600_lcam_front_lidar.ply,0.25,200,0.8,0.22744,0.99,601,0.0,0.0,0.0
000601_lcam_front_lidar.ply/000601_lcam_front_lidar.ply,0.25,200,0.8,0.19155,0.99,602,0.0,0.0,0.0
000602_lcam_front_lidar.ply/000602_lcam_front_lidar.ply,0.25,200,0.8,0.20742,0.99,603,0.0,0.0,0.0
000603_lcam_front_lidar.ply/000603_lcam_front_lidar.ply,0.25,200,0.8,0.16339,0.99,604,0.0,0.0,0.0
000604_lcam_front_lidar.ply/000604_lcam_front_lidar.ply,0.25,200,0.8,0.24277,0.99,605,0.0,0.0,0.0
000605_lcam_front_lidar.ply/000605_lcam_front_lidar.ply,0.25,200,0.8,0.20375,0.99,606,0.0,0.0,0.0
000606_lcam_front_lidar.ply/000606_lcam_front_lidar.ply,0.25,200,0.8,0.22329,0.99,607,0.0,0.0,0.0
000607_lcam_front_lidar.ply/000607_lcam_front_lidar.ply,0.25,200,0.8,0.21193,0.99,608,0.0,0.0,0.0
000608_lcam_front_lidar.ply/000608_lcam_front_lidar.ply,0.25,200,0.8,0.19426,0.99,609,0.0,0.0,0.0
000609_lcam_front_lidar.ply/000609_lcam_front_lidar.ply,0.25,200,0.8,0.24969,0.99,610,0.0,0.0,0.0
000610_lcam_front_lidar.ply/000610_lcam_front_lidar.ply,0.25,200,0.8,0.22658,0.99,611,0.0,0.0,0.0
000611_lcam_front_lidar.ply/000611_lcam_front_lidar.ply,0.25,200,0.8,0.25826,0.99,612,0.0,0.0,0.0
000612_lcam_front_lidar.ply/000612_lcam_front_lidar.ply,0.25,200,0.8,0.19182,0.99,613,0.0,0.0,0.0
000613_lcam_front_lidar.ply/000613_lcam_front_lidar.ply,0.25,200,0.8,0.19503,0.99,614,0.0,0.0,0.0
000614_lcam_front_lidar.ply/000614_lcam_front_lidar.ply,0.25,200,0.8,0.2438,0.99,615,0.0,0.0,0.0
000615_lcam_front_lidar.ply/000615_lcam_front_lidar.ply,0.25,200,0.8,0.18496,0.99,616,0.0,0.0,0.0
000616_lcam_front_lidar.ply/000616_lcam_front_lidar.ply,0.25,200,0.8,0.19296,0.99,617,0.0,0.0,0.0
000617_lcam_front_lidar.ply/000617_lcam_front_lidar.ply,0.25,200,0.8,0.1976,0.99,618,0.0,0.0,0.0
000618_lcam_front_lidar.ply/000618_lcam_front_lidar.ply,0.25,200,0.8,0.19089,0.99,619,0.0,0.0,0.0
000619_lcam_front_lidar.ply/000619_lcam_front_lidar.ply,0.25,200,0.8,0.1624,0.99,620,0.0,0.0,0.0
000620_lcam_front_lidar.ply/000620_lcam_front_lidar.ply,0.25,200,0.8,0.20303,0.99,621,0.0,0.0,0.0
000621_lcam_front_lidar.ply/000621_lcam_front_lidar.ply,0.25,200,0.8,0.23114,0.99,622,0.0,0.0,0.0
000622_lcam_front_lidar.ply/000622_lcam_front_lidar.ply,0.25,200,0.8,0.2372,0.99,623,0.0,0.0,0.0
000623_lcam_front_lidar.ply/000623_lcam_front_lidar.ply,0.25,200,0.8,0.20798,0.99,624,0.0,0.0,0.0
000624_lcam_front_lidar.ply/000624_lcam_front_lidar.ply,0.25,200,0.8,0.19309,0.99,625,0.0,0.0,0.0
000625_lcam_front_lidar.ply/000625_lcam_front_lidar.ply,0.25,200,0.8,0.19188,0.99,626,0.0,0.0,0.0
000626_lcam_front_lidar.ply/000626_lcam_front_lidar.ply,0.25,200,0.8,0.20633,0.99,627,0.0,0.0,0.0
000627_lcam_front_lidar.ply/000627_lcam_front_lidar.ply,0.25,200,0.8,0.16666,0.99,628,0.0,0.0,0.0
000628_lcam_front_lidar.ply/000628_lcam_front_lidar.ply,0.25,200,0.8,0.21168,0.99,629,0.0,0.0,0.0
000629_lcam_front_lidar.ply/000629_lcam_front_lidar.ply,0.25,200,0.8,0.20648,0.99,630,0.0,0.0,0.0
000630_lcam_front_lidar.ply/000630_lcam_front_lidar.ply,0.25,200,0.8,0.18982,0.99,631,0.0,0.0,0.0
000631_lcam_front_lidar.ply/000631_lcam_front_lidar.ply,0.25,200,0.8,0.15181,0.99,632,0.0,0.0,0.0
000632_lcam_front_lidar.ply/000632_lcam_front_lidar.ply,0.25,200,0.8,0.13573,0.99,633,0.0,0.0,0.0
000633_lcam_front_lidar.ply/000633_lcam_front_lidar.ply,0.25,200,0.8,0.14649,0.99,634,0.0,0.0,0.0
000634_lcam_front_lidar.ply/000634_lcam_front_lidar.ply,0.25,200,0.8,0.16488,0.99,635,0.0,0.0,0.0
000635_lcam_front_lidar.ply/000635_lcam_front_lidar.ply,0.25,200,0.8,0.162,0.99,636,0.0,0.0,0.0
000636_lcam_front_lidar.ply/000636_lcam_front_lidar.ply,0.25,200,0.8,0.16255,0.99,637,0.0,0.0,0.0
000637_lcam_front_lidar.ply/000637_lcam_front_lidar.ply,0.25,200,0.8,0.16413,0.99,638,0.0,0.0,0.0
000638_lcam_front_lidar.ply/000638_lcam_front_lidar.ply,0.25,200,0.8,0.15462,0.99,639,0.0,0.0,0.0
000639_lcam_front_lidar.ply/000639_lcam_front_lidar.ply,0.25,200,0.8,0.14072,0.99,640,0.0,0.0,0.0
000640_lcam_front_lidar.ply/000640_lcam_front_lidar.ply,0.25,200,0.8,0.17966,0.99,641,0.0,0.0,0.0
000641_lcam_front_lidar.ply/000641_lcam_front_lidar.ply,0.25,200,0.8,0.14314,0.99,642,0.0,0.0,0.0
000642_lcam_front_lidar.ply/000642_lcam_front_lidar.ply,0.25,200,0.8,0.159,0.99,643,0.0,0.0,0.0
000643_lcam_front_lidar.ply/000643_lcam_front_lidar.ply,0.25,200,0.8,0.20981,0.99,644,0.0,0.0,0.0
000644_lcam_front_lidar.ply/000644_lcam_front_lidar.ply,0.25,200,0.8,0.2067,0.99,645,0.0,0.0,0.0
000645_lcam_front_lidar.ply/000645_lcam_front_lidar.ply,0.25,200,0.8,0.16042,0.99,646,0.0,0.0,0.0
000646_lcam_front_lidar.ply/000646_lcam_front_lidar.ply,0.25,200,0.8,0.18545,0.99,647,0.0,0.0,0.0
000647_lcam_front_lidar.ply/000647_lcam_front_lidar.ply,0.25,200,0.8,0.21921,0.99,648,0.0,0.0,0.0
000648_lcam_front_lidar.ply/000648_lcam_front_lidar.ply,0.25,200,0.8,0.1928,0.99,649,0.0,0.0,0.0
000649_lcam_front_lidar.ply/000649_lcam_front_lidar.ply,0.25,200,0.8,0.14093,0.99,650,0.0,0.0,0.0
000650_lcam_front_lidar.ply/000650_lcam_front_lidar.ply,0.25,200,0.8,0.1414,0.99,651,0.0,0.0,0.0
000651_lcam_front_lidar.ply/000651_lcam_front_lidar.ply,0.25,200,0.8,0.16744,0.99,652,0.0,0.0,0.0
000652_lcam_front_lidar.ply/000652_lcam_front_lidar.ply,0.25,200,0.8,0.19957,0.99,653,0.0,0.0,0.0
000653_lcam_front_lidar.ply/000653_lcam_front_lidar.ply,0.25,200,0.8,0.14907,0.99,654,0.0,0.0,0.0
000654_lcam_front_lidar.ply/000654_lcam_front_lidar.ply,0.25,200,0.8,0.18085,0.99,655,0.0,0.0,0.0
000655_lcam_front_lidar.ply/000655_lcam_front_lidar.ply,0.25,200,0.8,0.1691,0.99,656,0.0,0.0,0.0
000656_lcam_front_lidar.ply/000656_lcam_front_lidar.ply,0.25,200,0.8,0.16909,0.99,657,0.0,0.0,0.0
000657_lcam_front_lidar.ply/000657_lcam_front_lidar.ply,0.25,200,0.8,0.16757,0.99,658,0.0,0.0,0.0
000658_lcam_front_lidar.ply/000658_lcam_front_lidar.ply,0.25,200,0.8,0.18754,0.99,659,0.0,0.0,0.0
000659_lcam_front_lidar.ply/000659_lcam_front_lidar.ply,0.25,200,0.8,0.14367,0.99,660,0.0,0.0,0.0
000660_lcam_front_lidar.ply/000660_lcam_front_lidar.ply,0.25,200,0.8,0.14511,0.99,661,0.0,0.0,0.0
000661_lcam_front_lidar.ply/000661_lcam_front_lidar.ply,0.25,200,0.8,0.15923,0.99,662,0.0,0.0,0.0
000662_lcam_front_lidar.ply/000662_lcam_front_lidar.ply,0.25,200,0.8,0.12769,0.99,663,0.0,0.0,0.0
000663_lcam_front_lidar.ply/000663_lcam_front_lidar.ply,0.25,200,0.8,0.1319,0.99,664,0.0,0.0,0.0
000664_lcam_front_lidar.ply/000664_lcam_front_lidar.ply,0.25,200,0.8,0.15964,0.99,665,0.0,0.0,0.0
000665_lcam_front_lidar.ply/000665_lcam_front_lidar.ply,0.25,200,0.8,0.15087,0.99,666,0.0,0.0,0.0
000666_lcam_front_lidar.ply/000666_lcam_front_lidar.ply,0.25,200,0.8,0.13694,0.99,667,0.0,0.0,0.0
000667_lcam_front_lidar.ply/000667_lcam_front_lidar.ply,0.25,200,0.8,0.1299,0.99,668,0.0,0.0,0.0
000668_lcam_front_lidar.ply/000668_lcam_front_lidar.ply,0.25,200,0.8,0.1397,0.99,669,0.0,0.0,0.0
000669_lcam_front_lidar.ply/000669_lcam_front_lidar.ply,0.25,200,0.8,0.1445,0.99,670,0.0,0.0,0.0
000670_lcam_front_lidar.ply/000670_lcam_front_lidar.ply,0.25,200,0.8,0.15861,0.99,671,0.0,0.0,0.0
000671_lcam_front_lidar.ply/000671_lcam_front_lidar.ply,0.25,200,0.8,0.13551,0.99,672,0.0,0.0,0.0
000672_lcam_front_lidar.ply/000672_lcam_front_lidar.ply,0.25,200,0.8,0.13282,0.99,673,0.0,0.0,0.0
000673_lcam_front_lidar.ply/000673_lcam_front_lidar.ply,0.25,200,0.8,0.13317,0.99,674,0.0,0.0,0.0
000674_lcam_front_lidar.ply/000674_lcam_front_lidar.ply,0.25,200,0.8,0.12496,0.99,675,0.0,0.0,0.0
000675_lcam_front_lidar.ply/000675_lcam_front_lidar.ply,0.25,200,0.8,0.16107,0.99,676,0.0,0.0,0.0
000676_lcam_front_lidar.ply/000676_lcam_front_lidar.ply,0.25,200,0.8,0.14377,0.99,677,0.0,0.0,0.0
000677_lcam_front_lidar.ply/000677_lcam_front_lidar.ply,0.25,200,0.8,0.15958,0.99,678,0.0,0.0,0.0
000678_lcam_front_lidar.ply/000678_lcam_front_lidar.ply,0.25,200,0.8,0.14722,0.99,679,0.0,0.0,0.0
000679_lcam_front_lidar.ply/000679_lcam_front_lidar.ply,0.25,200,0.8,0.12772,0.99,680,0.0,0.0,0.0
000680_lcam_front_lidar.ply/000680_lcam_front_lidar.ply,0.25,200,0.8,0.14699,0.99,681,0.0,0.0,0.0
000681_lcam_front_lidar.ply/000681_lcam_front_lidar.ply,0.25,200,0.8,0.12823,0.99,682,0.0,0.0,0.0
000682_lcam_front_lidar.ply/000682_lcam_front_lidar.ply,0.25,200,0.8,0.14346,0.99,683,0.0,0.0,0.0
000683_lcam_front_lidar.ply/000683_lcam_front_lidar.ply,0.25,200,0.8,0.14645,0.99,684,0.0,0.0,0.0
000684_lcam_front_lidar.ply/000684_lcam_front_lidar.ply,0.25,200,0.8,0.14394,0.99,685,0.0,0.0,0.0
000685_lcam_front_lidar.ply/000685_lcam_front_lidar.ply,0.25,200,0.8,0.13,0.99,686,0.0,0.0,0.0
000686_lcam_front_lidar.ply/000686_lcam_front_lidar.ply,0.25,200,0.8,0.13331,0.99,687,0.0,0.0,0.0
000687_lcam_front_lidar.ply/000687_lcam_front_lidar.ply,0.25,200,0.8,0.16103,0.99,688,0.0,0.0,0.0
000688_lcam_front_lidar.ply/000688_lcam_front_lidar.ply,0.25,200,0.8,0.14862,0.99,689,0.0,0.0,0.0
000689_lcam_front_lidar.ply/000689_lcam_front_lidar.ply,0.25,200,0.8,0.14283,0.99,690,0.0,0.0,0.0
000690_lcam_front_lidar.ply/000690_lcam_front_lidar.ply,0.25,200,0.8,0.14296,0.99,691,0.0,0.0,0.0
000691_lcam_front_lidar.ply/000691_lcam_front_lidar.ply,0.25,200,0.8,0.14653,0.99,692,0.0,0.0,0.0
000692_lcam_front_lidar.ply/000692_lcam_front_lidar.ply,0.25,200,0.8,0.15187,0.99,693,0.0,0.0,0.0
000693_lcam_front_lidar.ply/000693_lcam_front_lidar.ply,0.25,200,0.8,0.12704,0.99,694,0.0,0.0,0.0
000694_lcam_front_lidar.ply/000694_lcam_front_lidar.ply,0.25,200,0.8,0.11936,0.99,695,0.0,0.0,0.0
000695_lcam_front_lidar.ply/000695_lcam_front_lidar.ply,0.25,200,0.8,0.13535,0.99,696,0.0,0.0,0.0
000696_lcam_front_lidar.ply/000696_lcam_front_lidar.ply,0.25,200,0.8,0.14376,0.99,697,0.0,0.0,0.0
000697_lcam_front_lidar.ply/000697_lcam_front_lidar.ply,0.25,200,0.8,0.12554,0.99,698,0.0,0.0,0.0
000698_lcam_front_lidar.ply/000698_lcam_front_lidar.ply,0.25,200,0.8,0.12671,0.99,699,0.0,0.0,0.0
000699_lcam_front_lidar.ply/000699_lcam_front_lidar.ply,0.25,200,0.8,0.1527,0.99,700,0.0,0.0,0.0
000700_lcam_front_lidar.ply/000700_lcam_front_lidar.ply,0.25,200,0.8,0.13199,0.99,701,0.0,0.0,0.0
000701_lcam_front_lidar.ply/000701_lcam_front_lidar.ply,0.25,200,0.8,0.13532,0.99,702,0.0,0.0,0.0
000702_lcam_front_lidar.ply/000702_lcam_front_lidar.ply,0.25,200,0.8,0.11992,0.99,703,0.0,0.0,0.0
000703_lcam_front_lidar.ply/000703_lcam_front_lidar.ply,0.25,200,0.8,0.1415,0.99,704,0.0,0.0,0.0
000704_lcam_front_lidar.ply/000704_lcam_front_lidar.ply,0.25,200,0.8,0.12809,0.99,705,0.0,0.0,0.0
000705_lcam_front_lidar.ply/000705_lcam_front_lidar.ply,0.25,200,0.8,0.13789,0.99,706,0.0,0.0,0.0
000706_lcam_front_lidar.ply/000706_lcam_front_lidar.ply,0.25,200,0.8,0.12634,0.99,707,0.0,0.0,0.0
000707_lcam_front_lidar.ply/000707_lcam_front_lidar.ply,0.25,200,0.8,0.13475,0.99,708,0.0,0.0,0.0
000708_lcam_front_lidar.ply/000708_lcam_front_lidar.ply,0.25,200,0.8,0.1349,0.99,709,0.0,0.0,0.0
000709_lcam_front_lidar.ply/000709_lcam_front_lidar.ply,0.25,200,0.8,0.14377,0.99,710,0.0,0.0,0.0
000710_lcam_front_lidar.ply/000710_lcam_front_lidar.ply,0.25,200,0.8,0.12682,0.99,711,0.0,0.0,0.0
000711_lcam_front_lidar.ply/000711_lcam_front_lidar.ply,0.25,200,0.8,0.12456,0.99,712,0.0,0.0,0.0
000712_lcam_front_lidar.ply/000712_lcam_front_lidar.ply,0.25,200,0.8,0.12601,0.99,713,0.0,0.0,0.0
000713_lcam_front_lidar.ply/000713_lcam_front_lidar.ply,0.25,200,0.8,0.10487,0.99,714,0.0,0.0,0.0
000714_lcam_front_lidar.ply/000714_lcam_front_lidar.ply,0.25,200,0.8,0.14657,0.99,715,0.0,0.0,0.0
000715_lcam_front_lidar.ply/000715_lcam_front_lidar.ply,0.25,200,0.8,0.1428,0.99,716,0.0,0.0,0.0
000716_lcam_front_lidar.ply/000716_lcam_front_lidar.ply,0.25,200,0.8,0.12493,0.99,717,0.0,0.0,0.0
000717_lcam_front_lidar.ply/000717_lcam_front_lidar.ply,0.25,200,0.8,0.12279,0.99,718,0.0,0.0,0.0
000718_lcam_front_lidar.ply/000718_lcam_front_lidar.ply,0.25,200,0.8,0.12154,0.99,719,0.0,0.0,0.0
000719_lcam_front_lidar.ply/000719_lcam_front_lidar.ply,0.25,200,0.8,0.11931,0.99,720,0.0,0.0,0.0
000720_lcam_front_lidar.ply/000720_lcam_front_lidar.ply,0.25,200,0.8,0.13235,0.99,721,0.0,0.0,0.0
000721_lcam_front_lidar.ply/000721_lcam_front_lidar.ply,0.25,200,0.8,0.10528,0.99,722,0.0,0.0,0.0
000722_lcam_front_lidar.ply/000722_lcam_front_lidar.ply,0.25,200,0.8,0.12058,0.99,723,0.0,0.0,0.0
000723_lcam_front_lidar.ply/000723_lcam_front_lidar.ply,0.25,200,0.8,0.1261,0.99,724,0.0,0.0,0.0
000724_lcam_front_lidar.ply/000724_lcam_front_lidar.ply,0.25,200,0.8,0.11703,0.99,725,0.0,0.0,0.0
000725_lcam_front_lidar.ply/000725_lcam_front_lidar.ply,0.25,200,0.8,0.17186,0.99,726,0.0,0.0,0.0
000726_lcam_front_lidar.ply/000726_lcam_front_lidar.ply,0.25,200,0.8,0.13429,0.99,727,0.0,0.0,0.0
000727_lcam_front_lidar.ply/000727_lcam_front_lidar.ply,0.25,200,0.8,0.11819,0.99,728,0.0,0.0,0.0
000728_lcam_front_lidar.ply/000728_lcam_front_lidar.ply,0.25,200,0.8,0.12022,0.99,729,0.0,0.0,0.0
000729_lcam_front_lidar.ply/000729_lcam_front_lidar.ply,0.25,200,0.8,0.13751,0.99,730,0.0,0.0,0.0
000730_lcam_front_lidar.ply/000730_lcam_front_lidar.ply,0.25,200,0.8,0.12741,0.99,731,0.0,0.0,0.0
000731_lcam_front_lidar.ply/000731_lcam_front_lidar.ply,0.25,200,0.8,0.12101,0.99,732,0.0,0.0,0.0
000732_lcam_front_lidar.ply/000732_lcam_front_lidar.ply,0.25,200,0.8,0.11008,0.99,733,0.0,0.0,0.0
000733_lcam_front_lidar.ply/000733_lcam_front_lidar.ply,0.25,200,0.8,0.12312,0.99,734,0.0,0.0,0.0
000734_lcam_front_lidar.ply/000734_lcam_front_lidar.ply,0.25,200,0.8,0.11427,0.99,735,0.0,0.0,0.0
000735_lcam_front_lidar.ply/000735_lcam_front_lidar.ply,0.25,200,0.8,0.13944,0.99,736,0.0,0.0,0.0
000736_lcam_front_lidar.ply/000736_lcam_front_lidar.ply,0.25,200,0.8,0.12623,0.99,737,0.0,0.0,0.0
000737_lcam_front_lidar.ply/000737_lcam_front_lidar.ply,0.25,200,0.8,0.12349,0.99,738,0.0,0.0,0.0
000738_lcam_front_lidar.ply/000738_lcam_front_lidar.ply,0.25,200,0.8,0.11794,0.99,739,0.0,0.0,0.0
000739_lcam_front_lidar.ply/000739_lcam_front_lidar.ply,0.25,200,0.8,0.14333,0.99,740,0.0,0.0,0.0
000740_lcam_front_lidar.ply/000740_lcam_front_lidar.ply,0.25,200,0.8,0.12747,0.99,741,0.0,0.0,0.0
000741_lcam_front_lidar.ply/000741_lcam_front_lidar.ply,0.25,200,0.8,0.1304,0.99,742,0.0,0.0,0.0
000742_lcam_front_lidar.ply/000742_lcam_front_lidar.ply,0.25,200,0.8,0.14146,0.99,743,0.0,0.0,0.0
000743_lcam_front_lidar.ply/000743_lcam_front_lidar.ply,0.25,200,0.8,0.10203,0.99,744,0.0,0.0,0.0
000744_lcam_front_lidar.ply/000744_lcam_front_lidar.ply,0.25,200,0.8,0.12229,0.99,745,0.0,0.0,0.0
000745_lcam_front_lidar.ply/000745_lcam_front_lidar.ply,0.25,200,0.8,0.1261,0.99,746,0.0,0.0,0.0
000746_lcam_front_lidar.ply/000746_lcam_front_lidar.ply,0.25,200,0.8,0.14061,0.99,747,0.0,0.0,0.0
000747_lcam_front_lidar.ply/000747_lcam_front_lidar.ply,0.25,200,0.8,0.11079,0.99,748,0.0,0.0,0.0
000748_lcam_front_lidar.ply/000748_lcam_front_lidar.ply,0.25,200,0.8,0.1142,0.99,749,0.0,0.0,0.0
000749_lcam_front_lidar.ply/000749_lcam_front_lidar.ply,0.25,200,0.8,0.10967,0.99,750,0.0,0.0,0.0
000750_lcam_front_lidar.ply/000750_lcam_front_lidar.ply,0.25,200,0.8,0.14792,0.99,751,0.0,0.0,0.0
000751_lcam_front_lidar.ply/000751_lcam_front_lidar.ply,0.25,200,0.8,0.11517,0.99,752,0.0,0.0,0.0
000752_lcam_front_lidar.ply/000752_lcam_front_lidar.ply,0.25,200,0.8,0.14669,0.99,753,0.0,0.0,0.0
000753_lcam_front_lidar.ply/000753_lcam_front_lidar.ply,0.25,200,0.8,0.10548,0.99,754,0.0,0.0,0.0
000754_lcam_front_lidar.ply/000754_lcam_front_lidar.ply,0.25,200,0.8,0.11114,0.99,755,0.0,0.0,0.0
000755_lcam_front_lidar.ply/000755_lcam_front_lidar.ply,0.25,200,0.8,0.13047,0.99,756,0.0,0.0,0.0
000756_lcam_front_lidar.ply/000756_lcam_front_lidar.ply,0.25,200,0.8,0.12674,0.99,757,0.0,0.0,0.0
000757_lcam_front_lidar.ply/000757_lcam_front_lidar.ply,0.25,200,0.8,0.13193,0.99,758,0.0,0.0,0.0
000758_lcam_front_lidar.ply/000758_lcam_front_lidar.ply,0.25,200,0.8,0.1139,0.99,759,0.0,0.0,0.0
000759_lcam_front_lidar.ply/000759_lcam_front_lidar.ply,0.25,200,0.8,0.11714,0.99,760,0.0,0.0,0.0
000760_lcam_front_lidar.ply/000760_lcam_front_lidar.ply,0.25,200,0.8,0.12421,0.99,761,0.0,0.0,0.0
000761_lcam_front_lidar.ply/000761_lcam_front_lidar.ply,0.25,200,0.8,0.13528,0.99,762,0.0,0.0,0.0
000762_lcam_front_lidar.ply/000762_lcam_front_lidar.ply,0.25,200,0.8,0.15934,0.99,763,0.0,0.0,0.0
000763_lcam_front_lidar.ply/000763_lcam_front_lidar.ply,0.25,200,0.8,0.13794,0.99,764,0.0,0.0,0.0
000764_lcam_front_lidar.ply/000764_lcam_front_lidar.ply,0.25,200,0.8,0.11531,0.99,765,0.0,0.0,0.0
000765_lcam_front_lidar.ply/000765_lcam_front_lidar.ply,0.25,200,0.8,0.12338,0.99,766,0.0,0.0,0.0
000766_lcam_front_lidar.ply/000766_lcam_front_lidar.ply,0.25,200,0.8,0.13604,0.99,767,0.0,0.0,0.0
000767_lcam_front_lidar.ply/000767_lcam_front_lidar.ply,0.25,200,0.8,0.13349,0.99,768,0.0,0.0,0.0
000768_lcam_front_lidar.ply/000768_lcam_front_lidar.ply,0.25,200,0.8,0.12486,0.99,769,0.0,0.0,0.0
000769_lcam_front_lidar.ply/000769_lcam_front_lidar.ply,0.25,200,0.8,0.1386,0.99,770,0.0,0.0,0.0
000770_lcam_front_lidar.ply/000770_lcam_front_lidar.ply,0.25,200,0.8,0.13854,0.99,771,0.0,0.0,0.0
000771_lcam_front_lidar.ply/000771_lcam_front_lidar.ply,0.25,200,0.8,0.13987,0.99,772,0.0,0.0,0.0
000772_lcam_front_lidar.ply/000772_lcam_front_lidar.ply,0.25,200,0.8,0.13656,0.99,773,0.0,0.0,0.0
000773_lcam_front_lidar.ply/000773_lcam_front_lidar.ply,0.25,200,0.8,0.12858,0.99,774,0.0,0.0,0.0
000774_lcam_front_lidar.ply/000774_lcam_front_lidar.ply,0.25,200,0.8,0.10612,0.99,775,0.0,0.0,0.0
000775_lcam_front_lidar.ply/000775_lcam_front_lidar.ply,0.25,200,0.8,0.124,0.99,776,0.0,0.0,0.0
000776_lcam_front_lidar.ply/000776_lcam_front_lidar.ply,0.25,200,0.8,0.12746,0.99,777,0.0,0.0,0.0
000777_lcam_front_lidar.ply/000777_lcam_front_lidar.ply,0.25,200,0.8,0.14318,0.99,778,0.0,0.0,0.0
000778_lcam_front_lidar.ply/000778_lcam_front_lidar.ply,0.25,200,0.8,0.12091,0.99,779,0.0,0.0,0.0
000779_lcam_front_lidar.ply/000779_lcam_front_lidar.ply,0.25,200,0.8,0.10729,0.99,780,0.0,0.0,0.0
000780_lcam_front_lidar.ply/000780_lcam_front_lidar.ply,0.25,200,0.8,0.16891,0.99,781,0.0,0.0,0.0
000781_lcam_front_lidar.ply/000781_lcam_front_lidar.ply,0.25,200,0.8,0.10038,0.99,782,0.0,0.0,0.0
000782_lcam_front_lidar.ply/000782_lcam_front_lidar.ply,0.25,200,0.8,0.10118,0.99,783,0.0,0.0,0.0
000783_lcam_front_lidar.ply/000783_lcam_front_lidar.ply,0.25,200,0.8,0.13552,0.99,784,0.0,0.0,0.0
000784_lcam_front_lidar.ply/000784_lcam_front_lidar.ply,0.25,200,0.8,0.14144,0.99,785,0.0,0.0,0.0
000785_lcam_front_lidar.ply/000785_lcam_front_lidar.ply,0.25,200,0.8,0.14093,0.99,786,0.0,0.0,0.0
000786_lcam_front_lidar.ply/000786_lcam_front_lidar.ply,0.25,200,0.8,0.1373,0.99,787,0.0,0.0,0.0
000787_lcam_front_lidar.ply/000787_lcam_front_lidar.ply,0.25,200,0.8,0.12302,0.99,788,0.0,0.0,0.0
000788_lcam_front_lidar.ply/000788_lcam_front_lidar.ply,0.25,200,0.8,0.12226,0.99,789,0.0,0.0,0.0
000789_lcam_front_lidar.ply/000789_lcam_front_lidar.ply,0.25,200,0.8,0.14382,0.99,790,0.0,0.0,0.0
000790_lcam_front_lidar.ply/000790_lcam_front_lidar.ply,0.25,200,0.8,0.14292,0.99,791,0.0,0.0,0.0
000791_lcam_front_lidar.ply/000791_lcam_front_lidar.ply,0.25,200,0.8,0.11826,0.99,792,0.0,0.0,0.0
000792_lcam_front_lidar.ply/000792_lcam_front_lidar.ply,0.25,200,0.8,0.15986,0.99,793,0.0,0.0,0.0
000793_lcam_front_lidar.ply/000793_lcam_front_lidar.ply,0.25,200,0.8,0.12707,0.99,794,0.0,0.0,0.0
000794_lcam_front_lidar.ply/000794_lcam_front_lidar.ply,0.25,200,0.8,0.16145,0.99,795,0.0,0.0,0.0
000795_lcam_front_lidar.ply/000795_lcam_front_lidar.ply,0.25,200,0.8,0.14367,0.99,796,0.0,0.0,0.0
000796_lcam_front_lidar.ply/000796_lcam_front_lidar.ply,0.25,200,0.8,0.15696,0.99,797,0.0,0.0,0.0
000797_lcam_front_lidar.ply/000797_lcam_front_lidar.ply,0.25,200,0.8,0.15228,0.99,798,0.0,0.0,0.0
000798_lcam_front_lidar.ply/000798_lcam_front_lidar.ply,0.25,200,0.8,0.17844,0.99,799,0.0,0.0,0.0
000799_lcam_front_lidar.ply/000799_lcam_front_lidar.ply,0.25,200,0.8,0.15369,0.99,800,0.0,0.0,0.0
000800_lcam_front_lidar.ply/000800_lcam_front_lidar.ply,0.25,200,0.8,0.14744,0.99,801,0.0,0.0,0.0
000801_lcam_front_lidar.ply/000801_lcam_front_lidar.ply,0.25,200,0.8,0.206,0.99,802,0.0,0.0,0.0
000802_lcam_front_lidar.ply/000802_lcam_front_lidar.ply,0.25,200,0.8,0.12288,0.99,803,0.0,0.0,0.0
000803_lcam_front_lidar.ply/000803_lcam_front_lidar.ply,0.25,200,0.8,0.14627,0.99,804,0.0,0.0,0.0
000804_lcam_front_lidar.ply/000804_lcam_front_lidar.ply,0.25,200,0.8,0.11873,0.99,805,0.0,0.0,0.0
000805_lcam_front_lidar.ply/000805_lcam_front_lidar.ply,0.25,200,0.8,0.13575,0.99,806,0.0,0.0,0.0
000806_lcam_front_lidar.ply/000806_lcam_front_lidar.ply,0.25,200,0.8,0.12449,0.99,807,0.0,0.0,0.0
000807_lcam_front_lidar.ply/000807_lcam_front_lidar.ply,0.25,200,0.8,0.14392,0.99,808,0.0,0.0,0.0
000808_lcam_front_lidar.ply/000808_lcam_front_lidar.ply,0.25,200,0.8,0.12392,0.99,809,0.0,0.0,0.0
000809_lcam_front_lidar.ply/000809_lcam_front_lidar.ply,0.25,200,0.8,0.12831,0.99,810,0.0,0.0,0.0
000810_lcam_front_lidar.ply/000810_lcam_front_lidar.ply,0.25,200,0.8,0.12722,0.99,811,0.0,0.0,0.0
000811_lcam_front_lidar.ply/000811_lcam_front_lidar.ply,0.25,200,0.8,0.14981,0.99,812,0.0,0.0,0.0
000812_lcam_front_lidar.ply/000812_lcam_front_lidar.ply,0.25,200,0.8,0.1318,0.99,813,0.0,0.0,0.0
000813_lcam_front_lidar.ply/000813_lcam_front_lidar.ply,0.25,200,0.8,0.12524,0.99,814,0.0,0.0,0.0
000814_lcam_front_lidar.ply/000814_lcam_front_lidar.ply,0.25,200,0.8,0.1017,0.99,815,0.0,0.0,0.0
000815_lcam_front_lidar.ply/000815_lcam_front_lidar.ply,0.25,200,0.8,0.14227,0.99,816,0.0,0.0,0.0
000816_lcam_front_lidar.ply/000816_lcam_front_lidar.ply,0.25,200,0.8,0.13594,0.99,817,0.0,0.0,0.0
000817_lcam_front_lidar.ply/000817_lcam_front_lidar.ply,0.25,200,0.8,0.14295,0.99,818,0.0,0.0,0.0
000818_lcam_front_lidar.ply/000818_lcam_front_lidar.ply,0.25,200,0.8,0.12701,0.99,819,0.0,0.0,0.0
000819_lcam_front_lidar.ply/000819_lcam_front_lidar.ply,0.25,200,0.8,0.18701,0.99,820,0.0,0.0,0.0
000820_lcam_front_lidar.ply/000820_lcam_front_lidar.ply,0.25,200,0.8,0.12713,0.99,821,0.0,0.0,0.0
000821_lcam_front_lidar.ply/000821_lcam_front_lidar.ply,0.25,200,0.8,0.13091,0.99,822,0.0,0.0,0.0
000822_lcam_front_lidar.ply/000822_lcam_front_lidar.ply,0.25,200,0.8,0.13082,0.99,823,0.0,0.0,0.0
000823_lcam_front_lidar.ply/000823_lcam_front_lidar.ply,0.25,200,0.8,0.12707,0.99,824,0.0,0.0,0.0
000824_lcam_front_lidar.ply/000824_lcam_front_lidar.ply,0.25,200,0.8,0.13101,0.99,825,0.0,0.0,0.0
000825_lcam_front_lidar.ply/000825_lcam_front_lidar.ply,0.25,200,0.8,0.20507,0.99,826,0.0,0.0,0.0
000826_lcam_front_lidar.ply/000826_lcam_front_lidar.ply,0.25,200,0.8,0.13436,0.99,827,0.0,0.0,0.0
000827_lcam_front_lidar.ply/000827_lcam_front_lidar.ply,0.25,200,0.8,0.12855,0.99,828,0.0,0.0,0.0
000828_lcam_front_lidar.ply/000828_lcam_front_lidar.ply,0.25,200,0.8,0.163,0.99,829,0.0,0.0,0.0
000829_lcam_front_lidar.ply/000829_lcam_front_lidar.ply,0.25,200,0.8,0.12818,0.99,830,0.0,0.0,0.0
000830_lcam_front_lidar.ply/000830_lcam_front_lidar.ply,0.25,200,0.8,0.13339,0.99,831,0.0,0.0,0.0
000831_lcam_front_lidar.ply/000831_lcam_front_lidar.ply,0.25,200,0.8,0.12499,0.99,832,0.0,0.0,0.0
000832_lcam_front_lidar.ply/000832_lcam_front_lidar.ply,0.25,200,0.8,0.13286,0.99,833,0.0,0.0,0.0
000833_lcam_front_lidar.ply/000833_lcam_front_lidar.ply,0.25,200,0.8,0.12847,0.99,834,0.0,0.0,0.0
000834_lcam_front_lidar.ply/000834_lcam_front_lidar.ply,0.25,200,0.8,0.12677,0.99,835,0.0,0.0,0.0
000835_lcam_front_lidar.ply/000835_lcam_front_lidar.ply,0.25,200,0.8,0.13908,0.99,836,0.0,0.0,0.0
000836_lcam_front_lidar.ply/000836_lcam_front_lidar.ply,0.25,200,0.8,0.12502,0.99,837,0.0,0.0,0.0
000837_lcam_front_lidar.ply/000837_lcam_front_lidar.ply,0.25,200,0.8,0.12702,0.99,838,0.0,0.0,0.0
000838_lcam_front_lidar.ply/000838_lcam_front_lidar.ply,0.25,200,0.8,0.12779,0.99,839,0.0,0.0,0.0
000839_lcam_front_lidar.ply/000839_lcam_front_lidar.ply,0.25,200,0.8,0.12608,0.99,840,0.0,0.0,0.0
000840_lcam_front_lidar.ply/000840_lcam_front_lidar.ply,0.25,200,0.8,0.16531,0.99,841,0.0,0.0,0.0
000841_lcam_front_lidar.ply/000841_lcam_front_lidar.ply,0.25,200,0.8,0.1293,0.99,842,0.0,0.0,0.0
000842_lcam_front_lidar.ply/000842_lcam_front_lidar.ply,0.25,200,0.8,0.12503,0.99,843,0.0,0.0,0.0
000843_lcam_front_lidar.ply/000843_lcam_front_lidar.ply,0.25,200,0.8,0.11406,0.99,844,0.0,0.0,0.0
000844_lcam_front_lidar.ply/000844_lcam_front_lidar.ply,0.25,200,0.8,0.12775,0.99,845,0.0,0.0,0.0
000845_lcam_front_lidar.ply/000845_lcam_front_lidar.ply,0.25,200,0.8,0.14175,0.99,846,0.0,0.0,0.0
000846_lcam_front_lidar.ply/000846_lcam_front_lidar.ply,0.25,200,0.8,0.12642,0.99,847,0.0,0.0,0.0
000847_lcam_front_lidar.ply/000847_lcam_front_lidar.ply,0.25,200,0.8,0.10974,0.99,848,0.0,0.0,0.0
000848_lcam_front_lidar.ply/000848_lcam_front_lidar.ply,0.25,200,0.8,0.15115,0.99,849,0.0,0.0,0.0
000849_lcam_front_lidar.ply/000849_lcam_front_lidar.ply,0.25,200,0.8,0.12955,0.99,850,0.0,0.0,0.0
000850_lcam_front_lidar.ply/000850_lcam_front_lidar.ply,0.25,200,0.8,0.11794,0.99,851,0.0,0.0,0.0
000851_lcam_front_lidar.ply/000851_lcam_front_lidar.ply,0.25,200,0.8,0.12922,0.99,852,0.0,0.0,0.0
000852_lcam_front_lidar.ply/000852_lcam_front_lidar.ply,0.25,200,0.8,0.14539,0.99,853,0.0,0.0,0.0
000853_lcam_front_lidar.ply/000853_lcam_front_lidar.ply,0.25,200,0.8,0.14912,0.99,854,0.0,0.0,0.0
000854_lcam_front_lidar.ply/000854_lcam_front_lidar.ply,0.25,200,0.8,0.12039,0.99,855,0.0,0.0,0.0
000855_lcam_front_lidar.ply/000855_lcam_front_lidar.ply,0.25,200,0.8,0.12743,0.99,856,0.0,0.0,0.0
000856_lcam_front_lidar.ply/000856_lcam_front_lidar.ply,0.25,200,0.8,0.11744,0.99,857,0.0,0.0,0.0
000857_lcam_front_lidar.ply/000857_lcam_front_lidar.ply,0.25,200,0.8,0.13317,0.99,858,0.0,0.0,0.0
000858_lcam_front_lidar.ply/000858_lcam_front_lidar.ply,0.25,200,0.8,0.11632,0.99,859,0.0,0.0,0.0
000859_lcam_front_lidar.ply/000859_lcam_front_lidar.ply,0.25,200,0.8,0.10731,0.99,860,0.0,0.0,0.0
000860_lcam_front_lidar.ply/000860_lcam_front_lidar.ply,0.25,200,0.8,0.12009,0.99,861,0.0,0.0,0.0
000861_lcam_front_lidar.ply/000861_lcam_front_lidar.ply,0.25,200,0.8,0.11779,0.99,862,0.0,0.0,0.0
000862_lcam_front_lidar.ply/000862_lcam_front_lidar.ply,0.25,200,0.8,0.12798,0.99,863,0.0,0.0,0.0
000863_lcam_front_lidar.ply/000863_lcam_front_lidar.ply,0.25,200,0.8,0.10632,0.99,864,0.0,0.0,0.0
000864_lcam_front_lidar.ply/000864_lcam_front_lidar.ply,0.25,200,0.8,0.12711,0.99,865,0.0,0.0,0.0
000865_lcam_front_lidar.ply/000865_lcam_front_lidar.ply,0.25,200,0.8,0.12786,0.99,866,0.0,0.0,0.0
000866_lcam_front_lidar.ply/000866_lcam_front_lidar.ply,0.25,200,0.8,0.10057,0.99,867,0.0,0.0,0.0
000867_lcam_front_lidar.ply/000867_lcam_front_lidar.ply,0.25,200,0.8,0.10862,0.99,868,0.0,0.0,0.0
000868_lcam_front_lidar.ply/000868_lcam_front_lidar.ply,0.25,200,0.8,0.10867,0.99,869,0.0,0.0,0.0
000869_lcam_front_lidar.ply/000869_lcam_front_lidar.ply,0.25,200,0.8,0.11443,0.99,870,0.0,0.0,0.0
000870_lcam_front_lidar.ply/000870_lcam_front_lidar.ply,0.25,200,0.8,0.10479,0.99,871,0.0,0.0,0.0
000871_lcam_front_lidar.ply/000871_lcam_front_lidar.ply,0.25,200,0.8,0.10811,0.99,872,0.0,0.0,0.0
000872_lcam_front_lidar.ply/000872_lcam_front_lidar.ply,0.25,200,0.8,0.1074,0.99,873,0.0,0.0,0.0
000873_lcam_front_lidar.ply/000873_lcam_front_lidar.ply,0.25,200,0.8,0.23001,0.99,874,0.0,0.0,0.0
000874_lcam_front_lidar.ply/000874_lcam_front_lidar.ply,0.25,200,0.8,0.10753,0.99,875,0.0,0.0,0.0
000875_lcam_front_lidar.ply/000875_lcam_front_lidar.ply,0.25,200,0.8,0.11763,0.99,876,0.0,0.0,0.0
000876_lcam_front_lidar.ply/000876_lcam_front_lidar.ply,0.25,200,0.8,0.10811,0.99,877,0.0,0.0,0.0
000877_lcam_front_lidar.ply/000877_lcam_front_lidar.ply,0.25,200,0.8,0.12402,0.99,878,0.0,0.0,0.0
000878_lcam_front_lidar.ply/000878_lcam_front_lidar.ply,0.25,200,0.8,0.10136,0.99,879,0.0,0.0,0.0
000879_lcam_front_lidar.ply/000879_lcam_front_lidar.ply,0.25,200,0.8,0.11603,0.99,880,0.0,0.0,0.0
000880_lcam_front_lidar.ply/000880_lcam_front_lidar.ply,0.25,200,0.8,0.09563,0.99,881,0.0,0.0,0.0
000881_lcam_front_lidar.ply/000881_lcam_front_lidar.ply,0.25,200,0.8,0.10958,0.99,882,0.0,0.0,0.0
000882_lcam_front_lidar.ply/000882_lcam_front_lidar.ply,0.25,200,0.8,0.12193,0.99,883,0.0,0.0,0.0
000883_lcam_front_lidar.ply/000883_lcam_front_lidar.ply,0.25,200,0.8,0.10543,0.99,884,0.0,0.0,0.0
000884_lcam_front_lidar.ply/000884_lcam_front_lidar.ply,0.25,200,0.8,0.12213,0.99,885,0.0,0.0,0.0
000885_lcam_front_lidar.ply/000885_lcam_front_lidar.ply,0.25,200,0.8,0.11585,0.99,886,0.0,0.0,0.0
000886_lcam_front_lidar.ply/000886_lcam_front_lidar.ply,0.25,200,0.8,0.15521,0.99,887,0.0,0.0,0.0
000887_lcam_front_lidar.ply/000887_lcam_front_lidar.ply,0.25,200,0.8,0.0953,0.99,888,0.0,0.0,0.0
000888_lcam_front_lidar.ply/000888_lcam_front_lidar.ply,0.25,200,0.8,0.12769,0.99,889,0.0,0.0,0.0
000889_lcam_front_lidar.ply/000889_lcam_front_lidar.ply,0.25,200,0.8,0.11192,0.99,890,0.0,0.0,0.0
000890_lcam_front_lidar.ply/000890_lcam_front_lidar.ply,0.25,200,0.8,0.12064,0.99,891,0.0,0.0,0.0
000891_lcam_front_lidar.ply/000891_lcam_front_lidar.ply,0.25,200,0.8,0.09355,0.99,892,0.0,0.0,0.0
000892_lcam_front_lidar.ply/000892_lcam_front_lidar.ply,0.25,200,0.8,0.12151,0.99,893,0.0,0.0,0.0
000893_lcam_front_lidar.ply/000893_lcam_front_lidar.ply,0.25,200,0.8,0.10609,0.99,894,0.0,0.0,0.0
000894_lcam_front_lidar.ply/000894_lcam_front_lidar.ply,0.25,200,0.8,0.12959,0.99,895,0.0,0.0,0.0
000895_lcam_front_lidar.ply/000895_lcam_front_lidar.ply,0.25,200,0.8,0.13234,0.99,896,0.0,0.0,0.0
000896_lcam_front_lidar.ply/000896_lcam_front_lidar.ply,0.25,200,0.8,0.13455,0.99,897,0.0,0.0,0.0
000897_lcam_front_lidar.ply/000897_lcam_front_lidar.ply,0.25,200,0.8,0.13419,0.99,898,0.0,0.0,0.0
000898_lcam_front_lidar.ply/000898_lcam_front_lidar.ply,0.25,200,0.8,0.11632,0.99,899,0.0,0.0,0.0
000899_lcam_front_lidar.ply/000899_lcam_front_lidar.ply,0.25,200,0.8,0.13628,0.99,900,0.0,0.0,0.0
000900_lcam_front_lidar.ply/000900_lcam_front_lidar.ply,0.25,200,0.8,0.13315,0.99,901,0.0,0.0,0.0
000901_lcam_front_lidar.ply/000901_lcam_front_lidar.ply,0.25,200,0.8,0.13522,0.99,902,0.0,0.0,0.0
000902_lcam_front_lidar.ply/000902_lcam_front_lidar.ply,0.25,200,0.8,0.12596,0.99,903,0.0,0.0,0.0
000903_lcam_front_lidar.ply/000903_lcam_front_lidar.ply,0.25,200,0.8,0.12227,0.99,904,0.0,0.0,0.0
000904_lcam_front_lidar.ply/000904_lcam_front_lidar.ply,0.25,200,0.8,0.14033,0.99,905,0.0,0.0,0.0
000905_lcam_front_lidar.ply/000905_lcam_front_lidar.ply,0.25,200,0.8,0.11487,0.99,906,0.0,0.0,0.0
000906_lcam_front_lidar.ply/000906_lcam_front_lidar.ply,0.25,200,0.8,0.17676,0.99,907,0.0,0.0,0.0
000907_lcam_front_lidar.ply/000907_lcam_front_lidar.ply,0.25,200,0.8,0.15059,0.99,908,0.0,0.0,0.0
000908_lcam_front_lidar.ply/000908_lcam_front_lidar.ply,0.25,200,0.8,0.14853,0.99,909,0.0,0.0,0.0
000909_lcam_front_lidar.ply/000909_lcam_front_lidar.ply,0.25,200,0.8,0.17752,0.99,910,0.0,0.0,0.0
000910_lcam_front_lidar.ply/000910_lcam_front_lidar.ply,0.25,200,0.8,0.13274,0.99,911,0.0,0.0,0.0
000911_lcam_front_lidar.ply/000911_lcam_front_lidar.ply,0.25,200,0.8,0.20614,0.99,912,0.0,0.0,0.0
000912_lcam_front_lidar.ply/000912_lcam_front_lidar.ply,0.25,200,0.8,0.13623,0.99,913,0.0,0.0,0.0
000913_lcam_front_lidar.ply/000913_lcam_front_lidar.ply,0.25,200,0.8,0.12701,0.99,914,0.0,0.0,0.0
000914_lcam_front_lidar.ply/000914_lcam_front_lidar.ply,0.25,200,0.8,0.14139,0.99,915,0.0,0.0,0.0
000915_lcam_front_lidar.ply/000915_lcam_front_lidar.ply,0.25,200,0.8,0.14091,0.99,916,0.0,0.0,0.0
000916_lcam_front_lidar.ply/000916_lcam_front_lidar.ply,0.25,200,0.8,0.14167,0.99,917,0.0,0.0,0.0
000917_lcam_front_lidar.ply/000917_lcam_front_lidar.ply,0.25,200,0.8,0.14124,0.99,918,0.0,0.0,0.0
000918_lcam_front_lidar.ply/000918_lcam_front_lidar.ply,0.25,200,0.8,0.12832,0.99,919,0.0,0.0,0.0
000919_lcam_front_lidar.ply/000919_lcam_front_lidar.ply,0.25,200,0.8,0.16475,0.99,920,0.0,0.0,0.0
000920_lcam_front_lidar.ply/000920_lcam_front_lidar.ply,0.25,200,0.8,0.15837,0.99,921,0.0,0.0,0.0
000921_lcam_front_lidar.ply/000921_lcam_front_lidar.ply,0.25,200,0.8,0.16637,0.99,922,0.0,0.0,0.0
000922_lcam_front_lidar.ply/000922_lcam_front_lidar.ply,0.25,200,0.8,0.19933,0.99,923,0.0,0.0,0.0
000923_lcam_front_lidar.ply/000923_lcam_front_lidar.ply,0.25,200,0.8,0.15113,0.99,924,0.0,0.0,0.0
000924_lcam_front_lidar.ply/000924_lcam_front_lidar.ply,0.25,200,0.8,0.2147,0.99,925,0.0,0.0,0.0
000925_lcam_front_lidar.ply/000925_lcam_front_lidar.ply,0.25,200,0.8,0.16755,0.99,926,0.0,0.0,0.0
000926_lcam_front_lidar.ply/000926_lcam_front_lidar.ply,0.25,200,0.8,0.22291,0.99,927,0.0,0.0,0.0
000927_lcam_front_lidar.ply/000927_lcam_front_lidar.ply,0.25,200,0.8,0.25245,0.99,928,0.0,0.0,0.0
000928_lcam_front_lidar.ply/000928_lcam_front_lidar.ply,0.25,200,0.8,0.18253,0.99,929,0.0,0.0,0.0
000929_lcam_front_lidar.ply/000929_lcam_front_lidar.ply,0.25,200,0.8,0.1498,0.99,930,0.0,0.0,0.0
000930_lcam_front_lidar.ply/000930_lcam_front_lidar.ply,0.25,200,0.8,0.17155,0.99,931,0.0,0.0,0.0
000931_lcam_front_lidar.ply/000931_lcam_front_lidar.ply,0.25,200,0.8,0.15971,0.99,932,0.0,0.0,0.0
000932_lcam_front_lidar.ply/000932_lcam_front_lidar.ply,0.25,200,0.8,0.15957,0.99,933,0.0,0.0,0.0
000933_lcam_front_lidar.ply/000933_lcam_front_lidar.ply,0.25,200,0.8,0.16608,0.99,934,0.0,0.0,0.0
000934_lcam_front_lidar.ply/000934_lcam_front_lidar.ply,0.25,200,0.8,0.1714,0.99,935,0.0,0.0,0.0
000935_lcam_front_lidar.ply/000935_lcam_front_lidar.ply,0.25,200,0.8,0.13976,0.99,936,0.0,0.0,0.0
000936_lcam_front_lidar.ply/000936_lcam_front_lidar.ply,0.25,200,0.8,0.17809,0.99,937,0.0,0.0,0.0
000937_lcam_front_lidar.ply/000937_lcam_front_lidar.ply,0.25,200,0.8,0.16814,0.99,938,0.0,0.0,0.0
000938_lcam_front_lidar.ply/000938_lcam_front_lidar.ply,0.25,200,0.8,0.17147,0.99,939,0.0,0.0,0.0
000939_lcam_front_lidar.ply/000939_lcam_front_lidar.ply,0.25,200,0.8,0.17611,0.99,940,0.0,0.0,0.0
000940_lcam_front_lidar.ply/000940_lcam_front_lidar.ply,0.25,200,0.8,0.2064,0.99,941,0.0,0.0,0.0
000941_lcam_front_lidar.ply/000941_lcam_front_lidar.ply,0.25,200,0.8,0.1707,0.99,942,0.0,0.0,0.0
000942_lcam_front_lidar.ply/000942_lcam_front_lidar.ply,0.25,200,0.8,0.1747,0.99,943,0.0,0.0,0.0
000943_lcam_front_lidar.ply/000943_lcam_front_lidar.ply,0.25,200,0.8,0.17253,0.99,944,0.0,0.0,0.0
000944_lcam_front_lidar.ply/000944_lcam_front_lidar.ply,0.25,200,0.8,0.1657,0.99,945,0.0,0.0,0.0
000945_lcam_front_lidar.ply/000945_lcam_front_lidar.ply,0.25,200,0.8,0.19051,0.99,946,0.0,0.0,0.0
000946_lcam_front_lidar.ply/000946_lcam_front_lidar.ply,0.25,200,0.8,0.13487,0.99,947,0.0,0.0,0.0
000947_lcam_front_lidar.ply/000947_lcam_front_lidar.ply,0.25,200,0.8,0.16263,0.99,948,0.0,0.0,0.0
000948_lcam_front_lidar.ply/000948_lcam_front_lidar.ply,0.25,200,0.8,0.16922,0.99,949,0.0,0.0,0.0
000949_lcam_front_lidar.ply/000949_lcam_front_lidar.ply,0.25,200,0.8,0.14751,0.99,950,0.0,0.0,0.0
000950_lcam_front_lidar.ply/000950_lcam_front_lidar.ply,0.25,200,0.8,0.18424,0.99,951,0.0,0.0,0.0
000951_lcam_front_lidar.ply/000951_lcam_front_lidar.ply,0.25,200,0.8,0.18679,0.99,952,0.0,0.0,0.0
000952_lcam_front_lidar.ply/000952_lcam_front_lidar.ply,0.25,200,0.8,0.21253,0.99,953,0.0,0.0,0.0
000953_lcam_front_lidar.ply/000953_lcam_front_lidar.ply,0.25,200,0.8,0.17349,0.99,954,0.0,0.0,0.0
000954_lcam_front_lidar.ply/000954_lcam_front_lidar.ply,0.25,200,0.8,0.20248,0.99,955,0.0,0.0,0.0
000955_lcam_front_lidar.ply/000955_lcam_front_lidar.ply,0.25,200,0.8,0.19504,0.99,956,0.0,0.0,0.0
000956_lcam_front_lidar.ply/000956_lcam_front_lidar.ply,0.25,200,0.8,0.24917,0.99,957,0.0,0.0,0.0
000957_lcam_front_lidar.ply/000957_lcam_front_lidar.ply,0.25,200,0.8,0.65113,0.99,958,0.0,0.0,0.0
000958_lcam_front_lidar.ply/000958_lcam_front_lidar.ply,0.25,200,0.8,0.79045,0.99,959,0.0,0.0,0.0
000959_lcam_front_lidar.ply/000959_lcam_front_lidar.ply,0.25,200,0.8,0.66774,0.99,960,0.0,0.0,0.0
000960_lcam_front_lidar.ply/000960_lcam_front_lidar.ply,0.25,200,0.8,0.2141,0.99,961,0.0,0.0,0.0
000961_lcam_front_lidar.ply/000961_lcam_front_lidar.ply,0.25,200,0.8,0.23177,0.99,962,0.0,0.0,0.0
000962_lcam_front_lidar.ply/000962_lcam_front_lidar.ply,0.25,200,0.8,0.16365,0.99,963,0.0,0.0,0.0
000963_lcam_front_lidar.ply/000963_lcam_front_lidar.ply,0.25,200,0.8,0.19421,0.99,964,0.0,0.0,0.0
000964_lcam_front_lidar.ply/000964_lcam_front_lidar.ply,0.25,200,0.8,0.19936,0.99,965,0.0,0.0,0.0
000965_lcam_front_lidar.ply/000965_lcam_front_lidar.ply,0.25,200,0.8,0.20033,0.99,966,0.0,0.0,0.0
000966_lcam_front_lidar.ply/000966_lcam_front_lidar.ply,0.25,200,0.8,0.20008,0.99,967,0.0,0.0,0.0
000967_lcam_front_lidar.ply/000967_lcam_front_lidar.ply,0.25,200,0.8,0.20055,0.99,968,0.0,0.0,0.0
000968_lcam_front_lidar.ply/000968_lcam_front_lidar.ply,0.25,200,0.8,0.2216,0.99,969,0.0,0.0,0.0
000969_lcam_front_lidar.ply/000969_lcam_front_lidar.ply,0.25,200,0.8,0.25671,0.99,970,0.0,0.0,0.0
000970_lcam_front_lidar.ply/000970_lcam_front_lidar.ply,0.25,200,0.8,0.24154,0.99,971,0.0,0.0,0.0
000971_lcam_front_lidar.ply/000971_lcam_front_lidar.ply,0.25,200,0.8,0.21682,0.99,972,0.0,0.0,0.0
000972_lcam_front_lidar.ply/000972_lcam_front_lidar.ply,0.25,200,0.8,0.23861,0.99,973,0.0,0.0,0.0
000973_lcam_front_lidar.ply/000973_lcam_front_lidar.ply,0.25,200,0.8,0.21926,0.99,974,0.0,0.0,0.0
000974_lcam_front_lidar.ply/000974_lcam_front_lidar.ply,0.25,200,0.8,0.19849,0.99,975,0.0,0.0,0.0
000975_lcam_front_lidar.ply/000975_lcam_front_lidar.ply,0.25,200,0.8,0.26248,0.99,976,0.0,0.0,0.0
000976_lcam_front_lidar.ply/000976_lcam_front_lidar.ply,0.25,200,0.8,0.20091,0.99,977,0.0,0.0,0.0
000977_lcam_front_lidar.ply/000977_lcam_front_lidar.ply,0.25,200,0.8,0.18661,0.99,978,0.0,0.0,0.0
000978_lcam_front_lidar.ply/000978_lcam_front_lidar.ply,0.25,200,0.8,0.2883,0.99,979,0.0,0.0,0.0
000979_lcam_front_lidar.ply/000979_lcam_front_lidar.ply,0.25,200,0.8,0.32837,0.99,980,0.0,0.0,0.0
000980_lcam_front_lidar.ply/000980_lcam_front_lidar.ply,0.25,200,0.8,0.37577,0.99,981,0.0,0.0,0.0
000981_lcam_front_lidar.ply/000981_lcam_front_lidar.ply,0.25,200,0.8,0.25842,0.99,982,0.0,0.0,0.0
000982_lcam_front_lidar.ply/000982_lcam_front_lidar.ply,0.25,200,0.8,0.23588,0.99,983,0.0,0.0,0.0
000983_lcam_front_lidar.ply/000983_lcam_front_lidar.ply,0.25,200,0.8,0.23716,0.99,984,0.0,0.0,0.0
000984_lcam_front_lidar.ply/000984_lcam_front_lidar.ply,0.25,200,0.8,0.20655,0.99,985,0.0,0.0,0.0
000985_lcam_front_lidar.ply/000985_lcam_front_lidar.ply,0.25,200,0.8,0.23057,0.99,986,0.0,0.0,0.0
000986_lcam_front_lidar.ply/000986_lcam_front_lidar.ply,0.25,200,0.8,0.20902,0.99,987,0.0,0.0,0.0
000987_lcam_front_lidar.ply/000987_lcam_front_lidar.ply,0.25,200,0.8,0.19515,0.99,988,0.0,0.0,0.0
000988_lcam_front_lidar.ply/000988_lcam_front_lidar.ply,0.25,200,0.8,0.25941,0.99,989,0.0,0.0,0.0
000989_lcam_front_lidar.ply/000989_lcam_front_lidar.ply,0.25,200,0.8,0.2418,0.99,990,0.0,0.0,0.0
000990_lcam_front_lidar.ply/000990_lcam_front_lidar.ply,0.25,200,0.8,0.2013,0.99,991,0.0,0.0,0.0
000991_lcam_front_lidar.ply/000991_lcam_front_lidar.ply,0.25,200,0.8,0.25242,0.99,992,0.0,0.0,0.0
000992_lcam_front_lidar.ply/000992_lcam_front_lidar.ply,0.25,200,0.8,0.24005,0.99,993,0.0,0.0,0.0
000993_lcam_front_lidar.ply/000993_lcam_front_lidar.ply,0.25,200,0.8,0.31659,0.99,994,0.0,0.0,0.0
000994_lcam_front_lidar.ply/000994_lcam_front_lidar.ply,0.25,200,0.8,0.24132,0.99,995,0.0,0.0,0.0
000995_lcam_front_lidar.ply/000995_lcam_front_lidar.ply,0.25,200,0.8,0.22277,0.99,996,0.0,0.0,0.0
000996_lcam_front_lidar.ply/000996_lcam_front_lidar.ply,0.25,200,0.8,0.25168,0.99,997,0.0,0.0,0.0
000997_lcam_front_lidar.ply/000997_lcam_front_lidar.ply,0.25,200,0.8,0.29627,0.99,998,0.0,0.0,0.0
000998_lcam_front_lidar.ply/000998_lcam_front_lidar.ply,0.25,200,0.8,0.2538,0.99,999,0.0,0.0,0.0
000999_lcam_front_lidar.ply/000999_lcam_front_lidar.ply,0.25,200,0.8,0.22865,0.99,1000,0.0,0.0,0.0
001000_lcam_front_lidar.ply/001000_lcam_front_lidar.ply,0.25,200,0.8,0.19293,0.99,1001,0.0,0.0,0.0
001001_lcam_front_lidar.ply/001001_lcam_front_lidar.ply,0.25,200,0.8,0.28538,0.99,1002,0.0,0.0,0.0
001002_lcam_front_lidar.ply/001002_lcam_front_lidar.ply,0.25,200,0.8,0.26081,0.99,1003,0.0,0.0,0.0
001003_lcam_front_lidar.ply/001003_lcam_front_lidar.ply,0.25,200,0.8,0.24002,0.99,1004,0.0,0.0,0.0
001004_lcam_front_lidar.ply/001004_lcam_front_lidar.ply,0.25,200,0.8,0.23044,0.99,1005,0.0,0.0,0.0
001005_lcam_front_lidar.ply/001005_lcam_front_lidar.ply,0.25,200,0.8,0.27559,0.99,1006,0.0,0.0,0.0
001006_lcam_front_lidar.ply/001006_lcam_front_lidar.ply,0.25,200,0.8,0.25139,0.99,1007,0.0,0.0,0.0
001007_lcam_front_lidar.ply/001007_lcam_front_lidar.ply,0.25,200,0.8,0.25511,0.99,1008,0.0,0.0,0.0
001008_lcam_front_lidar.ply/001008_lcam_front_lidar.ply,0.25,200,0.8,0.25156,0.99,1009,0.0,0.0,0.0
001009_lcam_front_lidar.ply/001009_lcam_front_lidar.ply,0.25,200,0.8,0.26145,0.99,1010,0.0,0.0,0.0
001010_lcam_front_lidar.ply/001010_lcam_front_lidar.ply,0.25,200,0.8,0.26305,0.99,1011,0.0,0.0,0.0
001011_lcam_front_lidar.ply/001011_lcam_front_lidar.ply,0.25,200,0.8,0.30364,0.99,1012,0.0,0.0,0.0
001012_lcam_front_lidar.ply/001012_lcam_front_lidar.ply,0.25,200,0.8,0.26111,0.99,1013,0.0,0.0,0.0
001013_lcam_front_lidar.ply/001013_lcam_front_lidar.ply,0.25,200,0.8,0.28825,0.99,1014,0.0,0.0,0.0
001014_lcam_front_lidar.ply/001014_lcam_front_lidar.ply,0.25,200,0.8,0.26766,0.99,1015,0.0,0.0,0.0
001015_lcam_front_lidar.ply/001015_lcam_front_lidar.ply,0.25,200,0.8,0.26562,0.99,1016,0.0,0.0,0.0
001016_lcam_front_lidar.ply/001016_lcam_front_lidar.ply,0.25,200,0.8,0.2852,0.99,1017,0.0,0.0,0.0
001017_lcam_front_lidar.ply/001017_lcam_front_lidar.ply,0.25,200,0.8,0.3778,0.99,1018,0.0,0.0,0.0
001018_lcam_front_lidar.ply/001018_lcam_front_lidar.ply,0.25,200,0.8,0.27022,0.99,1019,0.0,0.0,0.0
001019_lcam_front_lidar.ply/001019_lcam_front_lidar.ply,0.25,200,0.8,0.34978,0.99,1020,0.0,0.0,0.0
001020_lcam_front_lidar.ply/001020_lcam_front_lidar.ply,0.25,200,0.8,0.30575,0.99,1021,0.0,0.0,0.0
001021_lcam_front_lidar.ply/001021_lcam_front_lidar.ply,0.25,200,0.8,0.25056,0.99,1022,0.0,0.0,0.0
001022_lcam_front_lidar.ply/001022_lcam_front_lidar.ply,0.25,200,0.8,0.37086,0.99,1023,0.0,0.0,0.0
001023_lcam_front_lidar.ply/001023_lcam_front_lidar.ply,0.25,200,0.8,0.31768,0.99,1024,0.0,0.0,0.0
001024_lcam_front_lidar.ply/001024_lcam_front_lidar.ply,0.25,200,0.8,0.29416,0.99,1025,0.0,0.0,0.0
001025_lcam_front_lidar.ply/001025_lcam_front_lidar.ply,0.25,200,0.8,0.26006,0.99,1026,0.0,0.0,0.0
001026_lcam_front_lidar.ply/001026_lcam_front_lidar.ply,0.25,200,0.8,0.2827,0.99,1027,0.0,0.0,0.0
001027_lcam_front_lidar.ply/001027_lcam_front_lidar.ply,0.25,200,0.8,0.28078,0.99,1028,0.0,0.0,0.0
001028_lcam_front_lidar.ply/001028_lcam_front_lidar.ply,0.25,200,0.8,0.3123,0.99,1029,0.0,0.0,0.0
001029_lcam_front_lidar.ply/001029_lcam_front_lidar.ply,0.25,200,0.8,0.4224,0.99,1030,0.0,0.0,0.0
001030_lcam_front_lidar.ply/001030_lcam_front_lidar.ply,0.25,200,0.8,0.3349,0.99,1031,0.0,0.0,0.0
001031_lcam_front_lidar.ply/001031_lcam_front_lidar.ply,0.25,200,0.8,0.38701,0.99,1032,0.0,0.0,0.0
001032_lcam_front_lidar.ply/001032_lcam_front_lidar.ply,0.25,200,0.8,0.28291,0.99,1033,0.0,0.0,0.0
001033_lcam_front_lidar.ply/001033_lcam_front_lidar.ply,0.25,200,0.8,0.30683,0.99,1034,0.0,0.0,0.0
001034_lcam_front_lidar.ply/001034_lcam_front_lidar.ply,0.25,200,0.8,0.38699,0.99,1035,0.0,0.0,0.0
001035_lcam_front_lidar.ply/001035_lcam_front_lidar.ply,0.25,200,0.8,0.34269,0.99,1036,0.0,0.0,0.0
001036_lcam_front_lidar.ply/001036_lcam_front_lidar.ply,0.25,200,0.8,0.45566,0.99,1037,0.0,0.0,0.0
001037_lcam_front_lidar.ply/001037_lcam_front_lidar.ply,0.25,200,0.8,0.33558,0.99,1038,0.0,0.0,0.0
001038_lcam_front_lidar.ply/001038_lcam_front_lidar.ply,0.25,200,0.8,0.36373,0.99,1039,0.0,0.0,0.0
001039_lcam_front_lidar.ply/001039_lcam_front_lidar.ply,0.25,200,0.8,0.35021,0.99,1040,0.0,0.0,0.0
001040_lcam_front_lidar.ply/001040_lcam_front_lidar.ply,0.25,200,0.8,0.3687,0.99,1041,0.0,0.0,0.0
001041_lcam_front_lidar.ply/001041_lcam_front_lidar.ply,0.25,200,0.8,0.32873,0.99,1042,0.0,0.0,0.0
001042_lcam_front_lidar.ply/001042_lcam_front_lidar.ply,0.25,200,0.8,0.35352,0.99,1043,0.0,0.0,0.0
001043_lcam_front_lidar.ply/001043_lcam_front_lidar.ply,0.25,200,0.8,0.3321,0.99,1044,0.0,0.0,0.0
001044_lcam_front_lidar.ply/001044_lcam_front_lidar.ply,0.25,200,0.8,0.30177,0.99,1045,0.0,0.0,0.0
001045_lcam_front_lidar.ply/001045_lcam_front_lidar.ply,0.25,200,0.8,0.4598,0.99,1046,0.0,0.0,0.0
001046_lcam_front_lidar.ply/001046_lcam_front_lidar.ply,0.25,200,0.8,0.45115,0.99,1047,0.0,0.0,0.0
001047_lcam_front_lidar.ply/001047_lcam_front_lidar.ply,0.25,200,0.8,0.34168,0.99,1048,0.0,0.0,0.0
001048_lcam_front_lidar.ply/001048_lcam_front_lidar.ply,0.25,200,0.8,0.36579,0.99,1049,0.0,0.0,0.0
001049_lcam_front_lidar.ply/001049_lcam_front_lidar.ply,0.25,200,0.8,0.35075,0.99,1050,0.0,0.0,0.0
001050_lcam_front_lidar.ply/001050_lcam_front_lidar.ply,0.25,200,0.8,0.34766,0.99,1051,0.0,0.0,0.0
001051_lcam_front_lidar.ply/001051_lcam_front_lidar.ply,0.25,200,0.8,0.29882,0.99,1052,0.0,0.0,0.0
001052_lcam_front_lidar.ply/001052_lcam_front_lidar.ply,0.25,200,0.8,0.39928,0.99,1053,0.0,0.0,0.0
001053_lcam_front_lidar.ply/001053_lcam_front_lidar.ply,0.25,200,0.8,0.34185,0.99,1054,0.0,0.0,0.0
001054_lcam_front_lidar.ply/001054_lcam_front_lidar.ply,0.25,200,0.8,0.31202,0.99,1055,0.0,0.0,0.0
001055_lcam_front_lidar.ply/001055_lcam_front_lidar.ply,0.25,200,0.8,0.34419,0.99,1056,0.0,0.0,0.0
001056_lcam_front_lidar.ply/001056_lcam_front_lidar.ply,0.25,200,0.8,0.27644,0.99,1057,0.0,0.0,0.0
001057_lcam_front_lidar.ply/001057_lcam_front_lidar.ply,0.25,200,0.8,0.33026,0.99,1058,0.0,0.0,0.0
001058_lcam_front_lidar.ply/001058_lcam_front_lidar.ply,0.25,200,0.8,0.3468,0.99,1059,0.0,0.0,0.0
001059_lcam_front_lidar.ply/001059_lcam_front_lidar.ply,0.25,200,0.8,0.29353,0.99,1060,0.0,0.0,0.0
001060_lcam_front_lidar.ply/001060_lcam_front_lidar.ply,0.25,200,0.8,0.36417,0.99,1061,0.0,0.0,0.0
001061_lcam_front_lidar.ply/001061_lcam_front_lidar.ply,0.25,200,0.8,0.37552,0.99,1062,0.0,0.0,0.0
001062_lcam_front_lidar.ply/001062_lcam_front_lidar.ply,0.25,200,0.8,0.54089,0.99,1063,0.0,0.0,0.0
001063_lcam_front_lidar.ply/001063_lcam_front_lidar.ply,0.25,200,0.8,0.37483,0.99,1064,0.0,0.0,0.0
001064_lcam_front_lidar.ply/001064_lcam_front_lidar.ply,0.25,200,0.8,0.3894,0.99,1065,0.0,0.0,0.0
001065_lcam_front_lidar.ply/001065_lcam_front_lidar.ply,0.25,200,0.8,0.4276,0.99,1066,0.0,0.0,0.0
001066_lcam_front_lidar.ply/001066_lcam_front_lidar.ply,0.25,200,0.8,0.37675,0.99,1067,0.0,0.0,0.0
001067_lcam_front_lidar.ply/001067_lcam_front_lidar.ply,0.25,200,0.8,0.30537,0.99,1068,0.0,0.0,0.0
001068_lcam_front_lidar.ply/001068_lcam_front_lidar.ply,0.25,200,0.8,0.30473,0.99,1069,0.0,0.0,0.0
001069_lcam_front_lidar.ply/001069_lcam_front_lidar.ply,0.25,200,0.8,0.37793,0.99,1070,0.0,0.0,0.0
001070_lcam_front_lidar.ply/001070_lcam_front_lidar.ply,0.25,200,0.8,0.47159,0.99,1071,0.0,0.0,0.0
001071_lcam_front_lidar.ply/001071_lcam_front_lidar.ply,0.25,200,0.8,0.34573,0.99,1072,0.0,0.0,0.0
001072_lcam_front_lidar.ply/001072_lcam_front_lidar.ply,0.25,200,0.8,0.32739,0.99,1073,0.0,0.0,0.0
001073_lcam_front_lidar.ply/001073_lcam_front_lidar.ply,0.25,200,0.8,0.44479,0.99,1074,0.0,0.0,0.0
001074_lcam_front_lidar.ply/001074_lcam_front_lidar.ply,0.25,200,0.8,0.3153,0.99,1075,0.0,0.0,0.0
001075_lcam_front_lidar.ply/001075_lcam_front_lidar.ply,0.25,200,0.8,0.51075,0.99,1076,0.0,0.0,0.0
001076_lcam_front_lidar.ply/001076_lcam_front_lidar.ply,0.25,200,0.8,0.3341,0.99,1077,0.0,0.0,0.0
001077_lcam_front_lidar.ply/001077_lcam_front_lidar.ply,0.25,200,0.8,0.46511,0.99,1078,0.0,0.0,0.0
001078_lcam_front_lidar.ply/001078_lcam_front_lidar.ply,0.25,200,0.8,0.46073,0.99,1079,0.0,0.0,0.0
001079_lcam_front_lidar.ply/001079_lcam_front_lidar.ply,0.25,200,0.8,0.44087,0.99,1080,0.0,0.0,0.0
001080_lcam_front_lidar.ply/001080_lcam_front_lidar.ply,0.25,200,0.8,0.32764,0.99,1081,0.0,0.0,0.0
001081_lcam_front_lidar.ply/001081_lcam_front_lidar.ply,0.25,200,0.8,0.42517,0.99,1082,0.0,0.0,0.0
001082_lcam_front_lidar.ply/001082_lcam_front_lidar.ply,0.25,200,0.8,0.34563,0.99,1083,0.0,0.0,0.0
001083_lcam_front_lidar.ply/001083_lcam_front_lidar.ply,0.25,200,0.8,0.43029,0.99,1084,0.0,0.0,0.0
001084_lcam_front_lidar.ply/001084_lcam_front_lidar.ply,0.25,200,0.8,0.42527,0.99,1085,0.0,0.0,0.0
001085_lcam_front_lidar.ply/001085_lcam_front_lidar.ply,0.25,200,0.8,0.35145,0.99,1086,0.0,0.0,0.0
001086_lcam_front_lidar.ply/001086_lcam_front_lidar.ply,0.25,200,0.8,0.35204,0.99,1087,0.0,0.0,0.0
001087_lcam_front_lidar.ply/001087_lcam_front_lidar.ply,0.25,200,0.8,0.41589,0.99,1088,0.0,0.0,0.0
001088_lcam_front_lidar.ply/001088_lcam_front_lidar.ply,0.25,200,0.8,0.40443,0.99,1089,0.0,0.0,0.0
001089_lcam_front_lidar.ply/001089_lcam_front_lidar.ply,0.25,200,0.8,0.44431,0.99,1090,0.0,0.0,0.0
001090_lcam_front_lidar.ply/001090_lcam_front_lidar.ply,0.25,200,0.8,0.39444,0.99,1091,0.0,0.0,0.0
001091_lcam_front_lidar.ply/001091_lcam_front_lidar.ply,0.25,200,0.8,0.43698,0.99,1092,0.0,0.0,0.0
001092_lcam_front_lidar.ply/001092_lcam_front_lidar.ply,0.25,200,0.8,0.3486,0.99,1093,0.0,0.0,0.0
001093_lcam_front_lidar.ply/001093_lcam_front_lidar.ply,0.25,200,0.8,0.38356,0.99,1094,0.0,0.0,0.0
001094_lcam_front_lidar.ply/001094_lcam_front_lidar.ply,0.25,200,0.8,0.35788,0.99,1095,0.0,0.0,0.0
001095_lcam_front_lidar.ply/001095_lcam_front_lidar.ply,0.25,200,0.8,0.38008,0.99,1096,0.0,0.0,0.0
001096_lcam_front_lidar.ply/001096_lcam_front_lidar.ply,0.25,200,0.8,0.38965,0.99,1097,0.0,0.0,0.0
001097_lcam_front_lidar.ply/001097_lcam_front_lidar.ply,0.25,200,0.8,0.34962,0.99,1098,0.0,0.0,0.0
001098_lcam_front_lidar.ply/001098_lcam_front_lidar.ply,0.25,200,0.8,0.43323,0.99,1099,0.0,0.0,0.0
001099_lcam_front_lidar.ply/001099_lcam_front_lidar.ply,0.25,200,0.8,0.37169,0.99,1100,0.0,0.0,0.0
001100_lcam_front_lidar.ply/001100_lcam_front_lidar.ply,0.25,200,0.8,0.38967,0.99,1101,0.0,0.0,0.0
001101_lcam_front_lidar.ply/001101_lcam_front_lidar.ply,0.25,200,0.8,0.4196,0.99,1102,0.0,0.0,0.0
001102_lcam_front_lidar.ply/001102_lcam_front_lidar.ply,0.25,200,0.8,0.4245,0.99,1103,0.0,0.0,0.0
001103_lcam_front_lidar.ply/001103_lcam_front_lidar.ply,0.25,200,0.8,0.39577,0.99,1104,0.0,0.0,0.0
001104_lcam_front_lidar.ply/001104_lcam_front_lidar.ply,0.25,200,0.8,0.41863,0.99,1105,0.0,0.0,0.0
001105_lcam_front_lidar.ply/001105_lcam_front_lidar.ply,0.25,200,0.8,0.43716,0.99,1106,0.0,0.0,0.0
001106_lcam_front_lidar.ply/001106_lcam_front_lidar.ply,0.25,200,0.8,0.49864,0.99,1107,0.0,0.0,0.0
001107_lcam_front_lidar.ply/001107_lcam_front_lidar.ply,0.25,200,0.8,0.68449,0.99,1108,0.0,0.0,0.0
001108_lcam_front_lidar.ply/001108_lcam_front_lidar.ply,0.25,200,0.8,0.43892,0.99,1109,0.0,0.0,0.0
001109_lcam_front_lidar.ply/001109_lcam_front_lidar.ply,0.25,200,0.8,0.51743,0.99,1110,0.0,0.0,0.0
001110_lcam_front_lidar.ply/001110_lcam_front_lidar.ply,0.25,200,0.8,0.54506,0.99,1111,0.0,0.0,0.0
001111_lcam_front_lidar.ply/001111_lcam_front_lidar.ply,0.25,200,0.8,0.46143,0.99,1112,0.0,0.0,0.0
001112_lcam_front_lidar.ply/001112_lcam_front_lidar.ply,0.25,200,0.8,0.61838,0.99,1113,0.0,0.0,0.0
001113_lcam_front_lidar.ply/001113_lcam_front_lidar.ply,0.25,200,0.8,0.56568,0.99,1114,0.0,0.0,0.0
001114_lcam_front_lidar.ply/001114_lcam_front_lidar.ply,0.25,200,0.8,0.54718,0.99,1115,0.0,0.0,0.0
001115_lcam_front_lidar.ply/001115_lcam_front_lidar.ply,0.25,200,0.8,0.67602,0.99,1116,0.0,0.0,0.0
001116_lcam_front_lidar.ply/001116_lcam_front_lidar.ply,0.25,200,0.8,0.6291,0.99,1117,0.0,0.0,0.0
001117_lcam_front_lidar.ply/001117_lcam_front_lidar.ply,0.25,200,0.8,0.55048,0.99,1118,0.0,0.0,0.0
001118_lcam_front_lidar.ply/001118_lcam_front_lidar.ply,0.25,200,0.8,0.53936,0.99,1119,0.0,0.0,0.0
001119_lcam_front_lidar.ply/001119_lcam_front_lidar.ply,0.25,200,0.8,0.65171,0.99,1120,0.0,0.0,0.0
001120_lcam_front_lidar.ply/001120_lcam_front_lidar.ply,0.25,200,0.8,0.57043,0.99,1121,0.0,0.0,0.0
001121_lcam_front_lidar.ply/001121_lcam_front_lidar.ply,0.25,200,0.8,0.53859,0.99,1122,0.0,0.0,0.0
001122_lcam_front_lidar.ply/001122_lcam_front_lidar.ply,0.25,200,0.8,0.55667,0.99,1123,0.0,0.0,0.0
001123_lcam_front_lidar.ply/001123_lcam_front_lidar.ply,0.25,200,0.8,0.50872,0.99,1124,0.0,0.0,0.0
001124_lcam_front_lidar.ply/001124_lcam_front_lidar.ply,0.25,200,0.8,0.45838,0.99,1125,0.0,0.0,0.0
001125_lcam_front_lidar.ply/001125_lcam_front_lidar.ply,0.25,200,0.8,0.46232,0.99,1126,0.0,0.0,0.0
001126_lcam_front_lidar.ply/001126_lcam_front_lidar.ply,0.25,200,0.8,0.57134,0.99,1127,0.0,0.0,0.0
001127_lcam_front_lidar.ply/001127_lcam_front_lidar.ply,0.25,200,0.8,0.48722,0.99,1128,0.0,0.0,0.0
001128_lcam_front_lidar.ply/001128_lcam_front_lidar.ply,0.25,200,0.8,0.63093,0.99,1129,0.0,0.0,0.0
001129_lcam_front_lidar.ply/001129_lcam_front_lidar.ply,0.25,200,0.8,0.44792,0.99,1130,0.0,0.0,0.0
001130_lcam_front_lidar.ply/001130_lcam_front_lidar.ply,0.25,200,0.8,0.52729,0.99,1131,0.0,0.0,0.0
001131_lcam_front_lidar.ply/001131_lcam_front_lidar.ply,0.25,200,0.8,0.42492,0.99,1132,0.0,0.0,0.0
001132_lcam_front_lidar.ply/001132_lcam_front_lidar.ply,0.25,200,0.8,0.45363,0.99,1133,0.0,0.0,0.0
001133_lcam_front_lidar.ply/001133_lcam_front_lidar.ply,0.25,200,0.8,0.48648,0.99,1134,0.0,0.0,0.0
001134_lcam_front_lidar.ply/001134_lcam_front_lidar.ply,0.25,200,0.8,0.52529,0.99,1135,0.0,0.0,0.0
001135_lcam_front_lidar.ply/001135_lcam_front_lidar.ply,0.25,200,0.8,0.47175,0.99,1136,0.0,0.0,0.0
001136_lcam_front_lidar.ply/001136_lcam_front_lidar.ply,0.25,200,0.8,0.51369,0.99,1137,0.0,0.0,0.0
001137_lcam_front_lidar.ply/001137_lcam_front_lidar.ply,0.25,200,0.8,0.47862,0.99,1138,0.0,0.0,0.0
001138_lcam_front_lidar.ply/001138_lcam_front_lidar.ply,0.25,200,0.8,0.40997,0.99,1139,0.0,0.0,0.0
001139_lcam_front_lidar.ply/001139_lcam_front_lidar.ply,0.25,200,0.8,0.4394,0.99,1140,0.0,0.0,0.0
001140_lcam_front_lidar.ply/001140_lcam_front_lidar.ply,0.25,200,0.8,0.58832,0.99,1141,0.0,0.0,0.0
001141_lcam_front_lidar.ply/001141_lcam_front_lidar.ply,0.25,200,0.8,0.49123,0.99,1142,0.0,0.0,0.0
001142_lcam_front_lidar.ply/001142_lcam_front_lidar.ply,0.25,200,0.8,0.54377,0.99,1143,0.0,0.0,0.0
001143_lcam_front_lidar.ply/001143_lcam_front_lidar.ply,0.25,200,0.8,0.52206,0.99,1144,0.0,0.0,0.0
001144_lcam_front_lidar.ply/001144_lcam_front_lidar.ply,0.25,200,0.8,0.46013,0.99,1145,0.0,0.0,0.0
001145_lcam_front_lidar.ply/001145_lcam_front_lidar.ply,0.25,200,0.8,0.49319,0.99,1146,0.0,0.0,0.0
001146_lcam_front_lidar.ply/001146_lcam_front_lidar.ply,0.25,200,0.8,0.36143,0.99,1147,0.0,0.0,0.0
001147_lcam_front_lidar.ply/001147_lcam_front_lidar.ply,0.25,200,0.8,0.49396,0.99,1148,0.0,0.0,0.0
001148_lcam_front_lidar.ply/001148_lcam_front_lidar.ply,0.25,200,0.8,0.69645,0.99,1149,0.0,0.0,0.0
001149_lcam_front_lidar.ply/001149_lcam_front_lidar.ply,0.25,200,0.8,0.42416,0.99,1150,0.0,0.0,0.0
001150_lcam_front_lidar.ply/001150_lcam_front_lidar.ply,0.25,200,0.8,0.4574,0.99,1151,0.0,0.0,0.0
001151_lcam_front_lidar.ply/001151_lcam_front_lidar.ply,0.25,200,0.8,0.50752,0.99,1152,0.0,0.0,0.0
001152_lcam_front_lidar.ply/001152_lcam_front_lidar.ply,0.25,200,0.8,0.4633,0.99,1153,0.0,0.0,0.0
001153_lcam_front_lidar.ply/001153_lcam_front_lidar.ply,0.25,200,0.8,0.47126,0.99,1154,0.0,0.0,0.0
001154_lcam_front_lidar.ply/001154_lcam_front_lidar.ply,0.25,200,0.8,0.45939,0.99,1155,0.0,0.0,0.0
001155_lcam_front_lidar.ply/001155_lcam_front_lidar.ply,0.25,200,0.8,0.50009,0.99,1156,0.0,0.0,0.0
001156_lcam_front_lidar.ply/001156_lcam_front_lidar.ply,0.25,200,0.8,0.46049,0.99,1157,0.0,0.0,0.0
001157_lcam_front_lidar.ply/001157_lcam_front_lidar.ply,0.25,200,0.8,0.45321,0.99,1158,0.0,0.0,0.0
001158_lcam_front_lidar.ply/001158_lcam_front_lidar.ply,0.25,200,0.8,0.54869,0.99,1159,0.0,0.0,0.0
001159_lcam_front_lidar.ply/001159_lcam_front_lidar.ply,0.25,200,0.8,0.47225,0.99,1160,0.0,0.0,0.0
001160_lcam_front_lidar.ply/001160_lcam_front_lidar.ply,0.25,200,0.8,0.47603,0.99,1161,0.0,0.0,0.0
001161_lcam_front_lidar.ply/001161_lcam_front_lidar.ply,0.25,200,0.8,0.50812,0.99,1162,0.0,0.0,0.0
001162_lcam_front_lidar.ply/001162_lcam_front_lidar.ply,0.25,200,0.8,0.46623,0.99,1163,0.0,0.0,0.0
001163_lcam_front_lidar.ply/001163_lcam_front_lidar.ply,0.25,200,0.8,0.45351,0.99,1164,0.0,0.0,0.0
001164_lcam_front_lidar.ply/001164_lcam_front_lidar.ply,0.25,200,0.8,0.47172,0.99,1165,0.0,0.0,0.0
001165_lcam_front_lidar.ply/001165_lcam_front_lidar.ply,0.25,200,0.8,0.5726,0.99,1166,0.0,0.0,0.0
001166_lcam_front_lidar.ply/001166_lcam_front_lidar.ply,0.25,200,0.8,0.4654,0.99,1167,0.0,0.0,0.0
001167_lcam_front_lidar.ply/001167_lcam_front_lidar.ply,0.25,200,0.8,0.5278,0.99,1168,0.0,0.0,0.0
001168_lcam_front_lidar.ply/001168_lcam_front_lidar.ply,0.25,200,0.8,0.48556,0.99,1169,0.0,0.0,0.0
001169_lcam_front_lidar.ply/001169_lcam_front_lidar.ply,0.25,200,0.8,0.46536,0.99,1170,0.0,0.0,0.0
001170_lcam_front_lidar.ply/001170_lcam_front_lidar.ply,0.25,200,0.8,0.49995,0.99,1171,0.0,0.0,0.0
001171_lcam_front_lidar.ply/001171_lcam_front_lidar.ply,0.25,200,0.8,0.4742,0.99,1172,0.0,0.0,0.0
001172_lcam_front_lidar.ply/001172_lcam_front_lidar.ply,0.25,200,0.8,0.53143,0.99,1173,0.0,0.0,0.0
001173_lcam_front_lidar.ply/001173_lcam_front_lidar.ply,0.25,200,0.8,0.485,0.99,1174,0.0,0.0,0.0
001174_lcam_front_lidar.ply/001174_lcam_front_lidar.ply,0.25,200,0.8,0.54866,0.99,1175,0.0,0.0,0.0
001175_lcam_front_lidar.ply/001175_lcam_front_lidar.ply,0.25,200,0.8,0.54176,0.99,1176,0.0,0.0,0.0
001176_lcam_front_lidar.ply/001176_lcam_front_lidar.ply,0.25,200,0.8,0.44199,0.99,1177,0.0,0.0,0.0
001177_lcam_front_lidar.ply/001177_lcam_front_lidar.ply,0.25,200,0.8,0.46904,0.99,1178,0.0,0.0,0.0
001178_lcam_front_lidar.ply/001178_lcam_front_lidar.ply,0.25,200,0.8,0.49035,0.99,1179,0.0,0.0,0.0
001179_lcam_front_lidar.ply/001179_lcam_front_lidar.ply,0.25,200,0.8,0.43663,0.99,1180,0.0,0.0,0.0
001180_lcam_front_lidar.ply/001180_lcam_front_lidar.ply,0.25,200,0.8,0.57207,0.99,1181,0.0,0.0,0.0
001181_lcam_front_lidar.ply/001181_lcam_front_lidar.ply,0.25,200,0.8,0.61431,0.99,1182,0.0,0.0,0.0
001182_lcam_front_lidar.ply/001182_lcam_front_lidar.ply,0.25,200,0.8,0.42915,0.99,1183,0.0,0.0,0.0
001183_lcam_front_lidar.ply/001183_lcam_front_lidar.ply,0.25,200,0.8,0.4231,0.99,1184,0.0,0.0,0.0
001184_lcam_front_lidar.ply/001184_lcam_front_lidar.ply,0.25,200,0.8,0.46994,0.99,1185,0.0,0.0,0.0
001185_lcam_front_lidar.ply/001185_lcam_front_lidar.ply,0.25,200,0.8,0.52386,0.99,1186,0.0,0.0,0.0
001186_lcam_front_lidar.ply/001186_lcam_front_lidar.ply,0.25,200,0.8,0.45377,0.99,1187,0.0,0.0,0.0
001187_lcam_front_lidar.ply/001187_lcam_front_lidar.ply,0.25,200,0.8,0.45413,0.99,1188,0.0,0.0,0.0
001188_lcam_front_lidar.ply/001188_lcam_front_lidar.ply,0.25,200,0.8,0.39662,0.99,1189,0.0,0.0,0.0
001189_lcam_front_lidar.ply/001189_lcam_front_lidar.ply,0.25,200,0.8,0.39574,0.99,1190,0.0,0.0,0.0
001190_lcam_front_lidar.ply/001190_lcam_front_lidar.ply,0.25,200,0.8,0.43167,0.99,1191,0.0,0.0,0.0
001191_lcam_front_lidar.ply/001191_lcam_front_lidar.ply,0.25,200,0.8,0.49115,0.99,1192,0.0,0.0,0.0
001192_lcam_front_lidar.ply/001192_lcam_front_lidar.ply,0.25,200,0.8,0.47678,0.99,1193,0.0,0.0,0.0
001193_lcam_front_lidar.ply/001193_lcam_front_lidar.ply,0.25,200,0.8,0.6252,0.99,1194,0.0,0.0,0.0
001194_lcam_front_lidar.ply/001194_lcam_front_lidar.ply,0.25,200,0.8,0.44859,0.99,1195,0.0,0.0,0.0
001195_lcam_front_lidar.ply/001195_lcam_front_lidar.ply,0.25,200,0.8,0.43439,0.99,1196,0.0,0.0,0.0
001196_lcam_front_lidar.ply/001196_lcam_front_lidar.ply,0.25,200,0.8,0.52107,0.99,1197,0.0,0.0,0.0
001197_lcam_front_lidar.ply/001197_lcam_front_lidar.ply,0.25,200,0.8,0.49627,0.99,1198,0.0,0.0,0.0
001198_lcam_front_lidar.ply/001198_lcam_front_lidar.ply,0.25,200,0.8,0.48415,0.99,1199,0.0,0.0,0.0
001199_lcam_front_lidar.ply/001199_lcam_front_lidar.ply,0.25,200,0.8,0.51325,0.99,1200,0.0,0.0,0.0
001200_lcam_front_lidar.ply/001200_lcam_front_lidar.ply,0.25,200,0.8,0.45198,0.99,1201,0.0,0.0,0.0
001201_lcam_front_lidar.ply/001201_lcam_front_lidar.ply,0.25,200,0.8,0.42,0.99,1202,0.0,0.0,0.0
001202_lcam_front_lidar.ply/001202_lcam_front_lidar.ply,0.25,200,0.8,0.39211,0.99,1203,0.0,0.0,0.0
001203_lcam_front_lidar.ply/001203_lcam_front_lidar.ply,0.25,200,0.8,0.37561,0.99,1204,0.0,0.0,0.0
001204_lcam_front_lidar.ply/001204_lcam_front_lidar.ply,0.25,200,0.8,0.46118,0.99,1205,0.0,0.0,0.0
001205_lcam_front_lidar.ply/001205_lcam_front_lidar.ply,0.25,200,0.8,0.48087,0.99,1206,0.0,0.0,0.0
001206_lcam_front_lidar.ply/001206_lcam_front_lidar.ply,0.25,200,0.8,0.64809,0.99,1207,0.0,0.0,0.0
001207_lcam_front_lidar.ply/001207_lcam_front_lidar.ply,0.25,200,0.8,0.59036,0.99,1208,0.0,0.0,0.0
001208_lcam_front_lidar.ply/001208_lcam_front_lidar.ply,0.25,200,0.8,0.48216,0.99,1209,0.0,0.0,0.0
001209_lcam_front_lidar.ply/001209_lcam_front_lidar.ply,0.25,200,0.8,0.46623,0.99,1210,0.0,0.0,0.0
001210_lcam_front_lidar.ply/001210_lcam_front_lidar.ply,0.25,200,0.8,0.42236,0.99,1211,0.0,0.0,0.0
001211_lcam_front_lidar.ply/001211_lcam_front_lidar.ply,0.25,200,0.8,0.52567,0.99,1212,0.0,0.0,0.0
001212_lcam_front_lidar.ply/001212_lcam_front_lidar.ply,0.25,200,0.8,0.42055,0.99,1213,0.0,0.0,0.0
001213_lcam_front_lidar.ply/001213_lcam_front_lidar.ply,0.25,200,0.8,0.39644,0.99,1214,0.0,0.0,0.0
001214_lcam_front_lidar.ply/001214_lcam_front_lidar.ply,0.25,200,0.8,0.65976,0.99,1215,0.0,0.0,0.0
001215_lcam_front_lidar.ply/001215_lcam_front_lidar.ply,0.25,200,0.8,0.60125,0.99,1216,0.0,0.0,0.0
001216_lcam_front_lidar.ply/001216_lcam_front_lidar.ply,0.25,200,0.8,0.73276,0.99,1217,0.0,0.0,0.0
001217_lcam_front_lidar.ply/001217_lcam_front_lidar.ply,0.25,200,0.8,0.77925,0.99,1218,0.0,0.0,0.0
001218_lcam_front_lidar.ply/001218_lcam_front_lidar.ply,0.25,200,0.8,0.84662,0.99,1219,0.0,0.0,0.0
001219_lcam_front_lidar.ply/001219_lcam_front_lidar.ply,0.25,200,0.8,0.65942,0.99,1220,0.0,0.0,0.0
001220_lcam_front_lidar.ply/001220_lcam_front_lidar.ply,0.25,200,0.8,0.48496,0.99,1221,0.0,0.0,0.0
001221_lcam_front_lidar.ply/001221_lcam_front_lidar.ply,0.25,200,0.8,0.42405,0.99,1222,0.0,0.0,0.0
001222_lcam_front_lidar.ply/001222_lcam_front_lidar.ply,0.25,200,0.8,0.43061,0.99,1223,0.0,0.0,0.0
001223_lcam_front_lidar.ply/001223_lcam_front_lidar.ply,0.25,200,0.8,0.5436,0.99,1224,0.0,0.0,0.0
001224_lcam_front_lidar.ply/001224_lcam_front_lidar.ply,0.25,200,0.8,0.56751,0.99,1225,0.0,0.0,0.0
001225_lcam_front_lidar.ply/001225_lcam_front_lidar.ply,0.25,200,0.8,0.44785,0.99,1226,0.0,0.0,0.0
001226_lcam_front_lidar.ply/001226_lcam_front_lidar.ply,0.25,200,0.8,0.51334,0.99,1227,0.0,0.0,0.0
001227_lcam_front_lidar.ply/001227_lcam_front_lidar.ply,0.25,200,0.8,0.54015,0.99,1228,0.0,0.0,0.0
001228_lcam_front_lidar.ply/001228_lcam_front_lidar.ply,0.25,200,0.8,0.53181,0.99,1229,0.0,0.0,0.0
001229_lcam_front_lidar.ply/001229_lcam_front_lidar.ply,0.25,200,0.8,0.5556,0.99,1230,0.0,0.0,0.0
001230_lcam_front_lidar.ply/001230_lcam_front_lidar.ply,0.25,200,0.8,0.45194,0.99,1231,0.0,0.0,0.0
001231_lcam_front_lidar.ply/001231_lcam_front_lidar.ply,0.25,200,0.8,0.64789,0.99,1232,0.0,0.0,0.0
001232_lcam_front_lidar.ply/001232_lcam_front_lidar.ply,0.25,200,0.8,0.57929,0.99,1233,0.0,0.0,0.0
001233_lcam_front_lidar.ply/001233_lcam_front_lidar.ply,0.25,200,0.8,0.54108,0.99,1234,0.0,0.0,0.0
001234_lcam_front_lidar.ply/001234_lcam_front_lidar.ply,0.25,200,0.8,0.51906,0.99,1235,0.0,0.0,0.0
001235_lcam_front_lidar.ply/001235_lcam_front_lidar.ply,0.25,200,0.8,0.56146,0.99,1236,0.0,0.0,0.0
001236_lcam_front_lidar.ply/001236_lcam_front_lidar.ply,0.25,200,0.8,0.46594,0.99,1237,0.0,0.0,0.0
001237_lcam_front_lidar.ply/001237_lcam_front_lidar.ply,0.25,200,0.8,0.39095,0.99,1238,0.0,0.0,0.0
001238_lcam_front_lidar.ply/001238_lcam_front_lidar.ply,0.25,200,0.8,0.50218,0.99,1239,0.0,0.0,0.0
001239_lcam_front_lidar.ply/001239_lcam_front_lidar.ply,0.25,200,0.8,0.44232,0.99,1240,0.0,0.0,0.0
001240_lcam_front_lidar.ply/001240_lcam_front_lidar.ply,0.25,200,0.8,0.44055,0.99,1241,0.0,0.0,0.0
001241_lcam_front_lidar.ply/001241_lcam_front_lidar.ply,0.25,200,0.8,0.41886,0.99,1242,0.0,0.0,0.0
001242_lcam_front_lidar.ply/001242_lcam_front_lidar.ply,0.25,200,0.8,0.50389,0.99,1243,0.0,0.0,0.0
001243_lcam_front_lidar.ply/001243_lcam_front_lidar.ply,0.25,200,0.8,0.44348,0.99,1244,0.0,0.0,0.0
001244_lcam_front_lidar.ply/001244_lcam_front_lidar.ply,0.25,200,0.8,0.41317,0.99,1245,0.0,0.0,0.0
001245_lcam_front_lidar.ply/001245_lcam_front_lidar.ply,0.25,200,0.8,0.40963,0.99,1246,0.0,0.0,0.0
001246_lcam_front_lidar.ply/001246_lcam_front_lidar.ply,0.25,200,0.8,0.36399,0.99,1247,0.0,0.0,0.0
001247_lcam_front_lidar.ply/001247_lcam_front_lidar.ply,0.25,200,0.8,0.42721,0.99,1248,0.0,0.0,0.0
001248_lcam_front_lidar.ply/001248_lcam_front_lidar.ply,0.25,200,0.8,0.403,0.99,1249,0.0,0.0,0.0
001249_lcam_front_lidar.ply/001249_lcam_front_lidar.ply,0.25,200,0.8,0.49362,0.99,1250,0.0,0.0,0.0
001250_lcam_front_lidar.ply/001250_lcam_front_lidar.ply,0.25,200,0.8,0.41074,0.99,1251,0.0,0.0,0.0
001251_lcam_front_lidar.ply/001251_lcam_front_lidar.ply,0.25,200,0.8,0.50141,0.99,1252,0.0,0.0,0.0
001252_lcam_front_lidar.ply/001252_lcam_front_lidar.ply,0.25,200,0.8,0.55746,0.99,1253,0.0,0.0,0.0
001253_lcam_front_lidar.ply/001253_lcam_front_lidar.ply,0.25,200,0.8,0.50753,0.99,1254,0.0,0.0,0.0
001254_lcam_front_lidar.ply/001254_lcam_front_lidar.ply,0.25,200,0.8,0.47867,0.99,1255,0.0,0.0,0.0
001255_lcam_front_lidar.ply/001255_lcam_front_lidar.ply,0.25,200,0.8,0.5962,0.99,1256,0.0,0.0,0.0
001256_lcam_front_lidar.ply/001256_lcam_front_lidar.ply,0.25,200,0.8,0.47736,0.99,1257,0.0,0.0,0.0
001257_lcam_front_lidar.ply/001257_lcam_front_lidar.ply,0.25,200,0.8,0.49625,0.99,1258,0.0,0.0,0.0
001258_lcam_front_lidar.ply/001258_lcam_front_lidar.ply,0.25,200,0.8,0.42607,0.99,1259,0.0,0.0,0.0
001259_lcam_front_lidar.ply/001259_lcam_front_lidar.ply,0.25,200,0.8,0.48022,0.99,1260,0.0,0.0,0.0
001260_lcam_front_lidar.ply/001260_lcam_front_lidar.ply,0.25,200,0.8,0.51659,0.99,1261,0.0,0.0,0.0
001261_lcam_front_lidar.ply/001261_lcam_front_lidar.ply,0.25,200,0.8,0.49702,0.99,1262,0.0,0.0,0.0
001262_lcam_front_lidar.ply/001262_lcam_front_lidar.ply,0.25,200,0.8,0.49121,0.99,1263,0.0,0.0,0.0
001263_lcam_front_lidar.ply/001263_lcam_front_lidar.ply,0.25,200,0.8,0.55202,0.99,1264,0.0,0.0,0.0
001264_lcam_front_lidar.ply/001264_lcam_front_lidar.ply,0.25,200,0.8,0.56403,0.99,1265,0.0,0.0,0.0
001265_lcam_front_lidar.ply/001265_lcam_front_lidar.ply,0.25,200,0.8,0.50042,0.99,1266,0.0,0.0,0.0
001266_lcam_front_lidar.ply/001266_lcam_front_lidar.ply,0.25,200,0.8,0.51887,0.99,1267,0.0,0.0,0.0
001267_lcam_front_lidar.ply/001267_lcam_front_lidar.ply,0.25,200,0.8,0.57278,0.99,1268,0.0,0.0,0.0
001268_lcam_front_lidar.ply/001268_lcam_front_lidar.ply,0.25,200,0.8,0.64641,0.99,1269,0.0,0.0,0.0
001269_lcam_front_lidar.ply/001269_lcam_front_lidar.ply,0.25,200,0.8,0.59514,0.99,1270,0.0,0.0,0.0
001270_lcam_front_lidar.ply/001270_lcam_front_lidar.ply,0.25,200,0.8,0.57428,0.99,1271,0.0,0.0,0.0
001271_lcam_front_lidar.ply/001271_lcam_front_lidar.ply,0.25,200,0.8,0.54679,0.99,1272,0.0,0.0,0.0
001272_lcam_front_lidar.ply/001272_lcam_front_lidar.ply,0.25,200,0.8,0.58445,0.99,1273,0.0,0.0,0.0
001273_lcam_front_lidar.ply/001273_lcam_front_lidar.ply,0.25,200,0.8,0.52021,0.99,1274,0.0,0.0,0.0
001274_lcam_front_lidar.ply/001274_lcam_front_lidar.ply,0.25,200,0.8,0.52182,0.99,1275,0.0,0.0,0.0
001275_lcam_front_lidar.ply/001275_lcam_front_lidar.ply,0.25,200,0.8,0.49327,0.99,1276,0.0,0.0,0.0
001276_lcam_front_lidar.ply/001276_lcam_front_lidar.ply,0.25,200,0.8,0.47766,0.99,1277,0.0,0.0,0.0
001277_lcam_front_lidar.ply/001277_lcam_front_lidar.ply,0.25,200,0.8,0.43353,0.99,1278,0.0,0.0,0.0
001278_lcam_front_lidar.ply/001278_lcam_front_lidar.ply,0.25,200,0.8,0.50283,0.99,1279,0.0,0.0,0.0
001279_lcam_front_lidar.ply/001279_lcam_front_lidar.ply,0.25,200,0.8,0.48174,0.99,1280,0.0,0.0,0.0
001280_lcam_front_lidar.ply/001280_lcam_front_lidar.ply,0.25,200,0.8,0.45181,0.99,1281,0.0,0.0,0.0
001281_lcam_front_lidar.ply/001281_lcam_front_lidar.ply,0.25,200,0.8,0.46964,0.99,1282,0.0,0.0,0.0
001282_lcam_front_lidar.ply/001282_lcam_front_lidar.ply,0.25,200,0.8,0.48399,0.99,1283,0.0,0.0,0.0
001283_lcam_front_lidar.ply/001283_lcam_front_lidar.ply,0.25,200,0.8,0.52199,0.99,1284,0.0,0.0,0.0
001284_lcam_front_lidar.ply/001284_lcam_front_lidar.ply,0.25,200,0.8,0.50122,0.99,1285,0.0,0.0,0.0
001285_lcam_front_lidar.ply/001285_lcam_front_lidar.ply,0.25,200,0.8,0.60735,0.99,1286,0.0,0.0,0.0
001286_lcam_front_lidar.ply/001286_lcam_front_lidar.ply,0.25,200,0.8,0.4761,0.99,1287,0.0,0.0,0.0
001287_lcam_front_lidar.ply/001287_lcam_front_lidar.ply,0.25,200,0.8,0.57332,0.99,1288,0.0,0.0,0.0
001288_lcam_front_lidar.ply/001288_lcam_front_lidar.ply,0.25,200,0.8,0.49411,0.99,1289,0.0,0.0,0.0
001289_lcam_front_lidar.ply/001289_lcam_front_lidar.ply,0.25,200,0.8,0.59341,0.99,1290,0.0,0.0,0.0
001290_lcam_front_lidar.ply/001290_lcam_front_lidar.ply,0.25,200,0.8,0.45257,0.99,1291,0.0,0.0,0.0
001291_lcam_front_lidar.ply/001291_lcam_front_lidar.ply,0.25,200,0.8,0.40786,0.99,1292,0.0,0.0,0.0
001292_lcam_front_lidar.ply/001292_lcam_front_lidar.ply,0.25,200,0.8,0.34227,0.99,1293,0.0,0.0,0.0
001293_lcam_front_lidar.ply/001293_lcam_front_lidar.ply,0.25,200,0.8,0.3443,0.99,1294,0.0,0.0,0.0
001294_lcam_front_lidar.ply/001294_lcam_front_lidar.ply,0.25,200,0.8,0.38541,0.99,1295,0.0,0.0,0.0
001295_lcam_front_lidar.ply/001295_lcam_front_lidar.ply,0.25,200,0.8,0.31375,0.99,1296,0.0,0.0,0.0
001296_lcam_front_lidar.ply/001296_lcam_front_lidar.ply,0.25,200,0.8,0.34878,0.99,1297,0.0,0.0,0.0
001297_lcam_front_lidar.ply/001297_lcam_front_lidar.ply,0.25,200,0.8,0.42037,0.99,1298,0.0,0.0,0.0
001298_lcam_front_lidar.ply/001298_lcam_front_lidar.ply,0.25,200,0.8,0.39478,0.99,1299,0.0,0.0,0.0
001299_lcam_front_lidar.ply/001299_lcam_front_lidar.ply,0.25,200,0.8,0.47394,0.99,1300,0.0,0.0,0.0
001300_lcam_front_lidar.ply/001300_lcam_front_lidar.ply,0.25,200,0.8,0.42106,0.99,1301,0.0,0.0,0.0
001301_lcam_front_lidar.ply/001301_lcam_front_lidar.ply,0.25,200,0.8,0.45019,0.99,1302,0.0,0.0,0.0
001302_lcam_front_lidar.ply/001302_lcam_front_lidar.ply,0.25,200,0.8,0.48331,0.99,1303,0.0,0.0,0.0
001303_lcam_front_lidar.ply/001303_lcam_front_lidar.ply,0.25,200,0.8,0.43074,0.99,1304,0.0,0.0,0.0
001304_lcam_front_lidar.ply/001304_lcam_front_lidar.ply,0.25,200,0.8,0.56983,0.99,1305,0.0,0.0,0.0
001305_lcam_front_lidar.ply/001305_lcam_front_lidar.ply,0.25,200,0.8,0.5067,0.99,1306,0.0,0.0,0.0
001306_lcam_front_lidar.ply/001306_lcam_front_lidar.ply,0.25,200,0.8,0.40798,0.99,1307,0.0,0.0,0.0
001307_lcam_front_lidar.ply/001307_lcam_front_lidar.ply,0.25,200,0.8,0.60789,0.99,1308,0.0,0.0,0.0
001308_lcam_front_lidar.ply/001308_lcam_front_lidar.ply,0.25,200,0.8,0.48554,0.99,1309,0.0,0.0,0.0
001309_lcam_front_lidar.ply/001309_lcam_front_lidar.ply,0.25,200,0.8,0.56975,0.99,1310,0.0,0.0,0.0
001310_lcam_front_lidar.ply/001310_lcam_front_lidar.ply,0.25,200,0.8,0.65645,0.99,1311,0.0,0.0,0.0
001311_lcam_front_lidar.ply/001311_lcam_front_lidar.ply,0.25,200,0.8,0.53932,0.99,1312,0.0,0.0,0.0
001312_lcam_front_lidar.ply/001312_lcam_front_lidar.ply,0.25,200,0.8,0.60951,0.99,1313,0.0,0.0,0.0
001313_lcam_front_lidar.ply/001313_lcam_front_lidar.ply,0.25,200,0.8,0.72245,0.99,1314,0.0,0.0,0.0
001314_lcam_front_lidar.ply/001314_lcam_front_lidar.ply,0.25,200,0.8,0.81265,0.99,1315,0.0,0.0,0.0
001315_lcam_front_lidar.ply/001315_lcam_front_lidar.ply,0.25,200,0.8,0.68309,0.99,1316,0.0,0.0,0.0
001316_lcam_front_lidar.ply/001316_lcam_front_lidar.ply,0.25,200,0.8,0.63691,0.99,1317,0.0,0.0,0.0
001317_lcam_front_lidar.ply/001317_lcam_front_lidar.ply,0.25,200,0.8,0.69485,0.99,1318,0.0,0.0,0.0
001318_lcam_front_lidar.ply/001318_lcam_front_lidar.ply,0.25,200,0.8,0.74099,0.99,1319,0.0,0.0,0.0
001319_lcam_front_lidar.ply/001319_lcam_front_lidar.ply,0.25,200,0.8,0.83342,0.99,1320,0.0,0.0,0.0
001320_lcam_front_lidar.ply/001320_lcam_front_lidar.ply,0.25,200,0.8,0.72301,0.99,1321,0.0,0.0,0.0
001321_lcam_front_lidar.ply/001321_lcam_front_lidar.ply,0.25,200,0.8,0.76413,0.99,1322,0.0,0.0,0.0
001322_lcam_front_lidar.ply/001322_lcam_front_lidar.ply,0.25,200,0.8,0.86857,0.99,1323,0.0,0.0,0.0
001323_lcam_front_lidar.ply/001323_lcam_front_lidar.ply,0.25,200,0.8,0.73026,0.99,1324,0.0,0.0,0.0
001324_lcam_front_lidar.ply/001324_lcam_front_lidar.ply,0.25,200,0.8,0.75457,0.99,1325,0.0,0.0,0.0
001325_lcam_front_lidar.ply/001325_lcam_front_lidar.ply,0.25,200,0.8,1.20874,0.99,1326,0.0,0.0,0.0
001326_lcam_front_lidar.ply/001326_lcam_front_lidar.ply,0.25,200,0.8,0.86624,0.99,1327,0.0,0.0,0.0
001327_lcam_front_lidar.ply/001327_lcam_front_lidar.ply,0.25,200,0.8,0.88717,0.99,1328,0.0,0.0,0.0
001328_lcam_front_lidar.ply/001328_lcam_front_lidar.ply,0.25,200,0.8,0.72471,0.99,1329,0.0,0.0,0.0
001329_lcam_front_lidar.ply/001329_lcam_front_lidar.ply,0.25,200,0.8,0.85046,0.99,1330,0.0,0.0,0.0
001330_lcam_front_lidar.ply/001330_lcam_front_lidar.ply,0.25,200,0.8,0.98169,0.99,1331,0.0,0.0,0.0
