frame_id,epsilon,min_support,normal_threshold,runtime,reward,steps_used,inlier_ratio,plane_normal,residual
Data_omni/000000_lcam_front_lidar.ply,0.15,800,0.8,0.1481,0.99,1,0.0,0.0,0.0
Data_omni/000001_lcam_front_lidar.ply,0.15,800,0.8,0.19545,0.99,1,0.0,0.0,0.0
Data_omni/000002_lcam_front_lidar.ply,0.25,800,0.8,0.14879,0.99,1,0.0,0.0,0.0
Data_omni/000003_lcam_front_lidar.ply,0.25,800,0.8,0.16279,0.99,1,0.0,0.0,0.0
Data_omni/000004_lcam_front_lidar.ply,0.25,800,0.88,0.16785,0.99,1,0.0,0.0,0.0
Data_omni/000005_lcam_front_lidar.ply,0.25,800,0.8,0.18192,0.99,1,0.0,0.0,0.0
Data_omni/000006_lcam_front_lidar.ply,0.25,800,0.88,0.17901,0.99,1,0.0,0.0,0.0
Data_omni/000007_lcam_front_lidar.ply,0.25,800,0.8,0.17503,0.99,1,0.0,0.0,0.0
Data_omni/000008_lcam_front_lidar.ply,0.25,800,0.88,0.16275,0.99,1,0.0,0.0,0.0
Data_omni/000009_lcam_front_lidar.ply,0.25,800,0.8,0.16814,0.99,1,0.0,0.0,0.0
Data_omni/000010_lcam_front_lidar.ply,0.25,800,0.88,0.15509,0.99,1,0.0,0.0,0.0
Data_omni/000011_lcam_front_lidar.ply,0.25,800,0.8,0.14266,0.99,1,0.0,0.0,0.0
Data_omni/000012_lcam_front_lidar.ply,0.25,800,0.8,0.1447,0.99,1,0.0,0.0,0.0
Data_omni/000013_lcam_front_lidar.ply,0.25,800,0.8,0.15707,0.99,1,0.0,0.0,0.0
Data_omni/000014_lcam_front_lidar.ply,0.25,800,0.8,0.13733,0.99,1,0.0,0.0,0.0
Data_omni/000015_lcam_front_lidar.ply,0.25,800,0.8,0.17134,0.99,1,0.0,0.0,0.0
Data_omni/000016_lcam_front_lidar.ply,0.25,800,0.8,0.13971,0.99,1,0.0,0.0,0.0
Data_omni/000017_lcam_front_lidar.ply,0.25,800,0.8,0.14269,0.99,1,0.0,0.0,0.0
Data_omni/000018_lcam_front_lidar.ply,0.25,800,0.8,0.16408,0.99,1,0.0,0.0,0.0
Data_omni/000019_lcam_front_lidar.ply,0.25,800,0.8,0.14376,0.99,1,0.0,0.0,0.0
Data_omni/000020_lcam_front_lidar.ply,0.25,800,0.8,0.16236,0.99,1,0.0,0.0,0.0
Data_omni/000021_lcam_front_lidar.ply,0.25,800,0.8,0.13653,0.99,1,0.0,0.0,0.0
Data_omni/000022_lcam_front_lidar.ply,0.25,800,0.8,0.13316,0.99,1,0.0,0.0,0.0
Data_omni/000023_lcam_front_lidar.ply,0.25,800,0.8,0.1523,0.99,1,0.0,0.0,0.0
Data_omni/000024_lcam_front_lidar.ply,0.25,800,0.8,0.14677,0.99,1,0.0,0.0,0.0
Data_omni/000025_lcam_front_lidar.ply,0.25,800,0.8,0.16135,0.99,1,0.0,0.0,0.0
Data_omni/000026_lcam_front_lidar.ply,0.25,800,0.8,0.16723,0.99,1,0.0,0.0,0.0
Data_omni/000027_lcam_front_lidar.ply,0.25,800,0.8,0.12832,0.99,1,0.0,0.0,0.0
Data_omni/000028_lcam_front_lidar.ply,0.25,800,0.8,0.14026,0.99,1,0.0,0.0,0.0
Data_omni/000029_lcam_front_lidar.ply,0.25,800,0.8,0.15791,0.99,1,0.0,0.0,0.0
Data_omni/000030_lcam_front_lidar.ply,0.25,800,0.8,0.1686,0.99,1,0.0,0.0,0.0
Data_omni/000031_lcam_front_lidar.ply,0.25,800,0.8,0.15429,0.99,1,0.0,0.0,0.0
Data_omni/000032_lcam_front_lidar.ply,0.25,800,0.8,0.13402,0.99,1,0.0,0.0,0.0
Data_omni/000033_lcam_front_lidar.ply,0.25,800,0.8,0.15049,0.99,1,0.0,0.0,0.0
Data_omni/000034_lcam_front_lidar.ply,0.25,800,0.8,0.12735,0.99,1,0.0,0.0,0.0
Data_omni/000035_lcam_front_lidar.ply,0.25,800,0.8,0.13459,0.99,1,0.0,0.0,0.0
Data_omni/000036_lcam_front_lidar.ply,0.25,800,0.8,0.15087,0.99,1,0.0,0.0,0.0
Data_omni/000037_lcam_front_lidar.ply,0.25,800,0.8,0.14615,0.99,1,0.0,0.0,0.0
Data_omni/000038_lcam_front_lidar.ply,0.25,800,0.8,0.13418,0.99,1,0.0,0.0,0.0
Data_omni/000039_lcam_front_lidar.ply,0.25,800,0.8,0.1282,0.99,1,0.0,0.0,0.0
Data_omni/000040_lcam_front_lidar.ply,0.25,800,0.8,0.12717,0.99,1,0.0,0.0,0.0
Data_omni/000041_lcam_front_lidar.ply,0.25,800,0.8,0.13577,0.99,1,0.0,0.0,0.0
Data_omni/000042_lcam_front_lidar.ply,0.25,800,0.8,0.11879,0.99,1,0.0,0.0,0.0
Data_omni/000043_lcam_front_lidar.ply,0.25,800,0.8,0.12931,0.99,1,0.0,0.0,0.0
Data_omni/000044_lcam_front_lidar.ply,0.25,800,0.8,0.12571,0.99,1,0.0,0.0,0.0
Data_omni/000045_lcam_front_lidar.ply,0.25,800,0.8,0.13045,0.99,1,0.0,0.0,0.0
Data_omni/000046_lcam_front_lidar.ply,0.25,800,0.8,0.111,0.99,1,0.0,0.0,0.0
Data_omni/000047_lcam_front_lidar.ply,0.25,800,0.8,0.12376,0.99,1,0.0,0.0,0.0
Data_omni/000048_lcam_front_lidar.ply,0.25,800,0.8,0.11594,0.99,1,0.0,0.0,0.0
Data_omni/000049_lcam_front_lidar.ply,0.25,800,0.8,0.10531,0.99,1,0.0,0.0,0.0
Data_omni/000050_lcam_front_lidar.ply,0.25,800,0.8,0.11111,0.99,1,0.0,0.0,0.0
Data_omni/000051_lcam_front_lidar.ply,0.25,800,0.8,0.12257,0.99,1,0.0,0.0,0.0
Data_omni/000052_lcam_front_lidar.ply,0.25,800,0.8,0.12538,0.99,1,0.0,0.0,0.0
Data_omni/000053_lcam_front_lidar.ply,0.25,800,0.8,0.10949,0.99,1,0.0,0.0,0.0
Data_omni/000054_lcam_front_lidar.ply,0.25,800,0.8,0.12312,0.99,1,0.0,0.0,0.0
Data_omni/000055_lcam_front_lidar.ply,0.25,800,0.8,0.12142,0.99,1,0.0,0.0,0.0
Data_omni/000056_lcam_front_lidar.ply,0.25,800,0.8,0.11573,0.99,1,0.0,0.0,0.0
Data_omni/000057_lcam_front_lidar.ply,0.25,800,0.8,0.11137,0.99,1,0.0,0.0,0.0
Data_omni/000058_lcam_front_lidar.ply,0.25,800,0.8,0.12459,0.99,1,0.0,0.0,0.0
Data_omni/000059_lcam_front_lidar.ply,0.25,800,0.8,0.14461,0.99,1,0.0,0.0,0.0
Data_omni/000060_lcam_front_lidar.ply,0.25,800,0.8,0.12091,0.99,1,0.0,0.0,0.0
Data_omni/000061_lcam_front_lidar.ply,0.25,800,0.8,0.12071,0.99,1,0.0,0.0,0.0
Data_omni/000062_lcam_front_lidar.ply,0.25,800,0.8,0.12444,0.99,1,0.0,0.0,0.0
Data_omni/000063_lcam_front_lidar.ply,0.25,800,0.8,0.1111,0.99,1,0.0,0.0,0.0
Data_omni/000064_lcam_front_lidar.ply,0.25,800,0.8,0.12255,0.99,1,0.0,0.0,0.0
Data_omni/000065_lcam_front_lidar.ply,0.25,800,0.8,0.14288,-0.01,1,0.0,0.0,0.0
Data_omni/000066_lcam_front_lidar.ply,0.25,800,0.8,0.10501,0.99,1,0.0,0.0,0.0
Data_omni/000067_lcam_front_lidar.ply,0.25,800,0.8,0.10745,-0.01,1,0.0,0.0,0.0
Data_omni/000068_lcam_front_lidar.ply,0.25,800,0.8,0.12109,-0.01,1,0.0,0.0,0.0
Data_omni/000069_lcam_front_lidar.ply,0.25,800,0.8,0.09979,-0.01,1,0.0,0.0,0.0
Data_omni/000070_lcam_front_lidar.ply,0.2,800,0.8,0.11404,-0.01,1,0.0,0.0,0.0
Data_omni/000071_lcam_front_lidar.ply,0.25,800,0.8,0.11516,0.99,1,0.0,0.0,0.0
Data_omni/000072_lcam_front_lidar.ply,0.25,800,0.8,0.18066,0.99,1,0.0,0.0,0.0
Data_omni/000073_lcam_front_lidar.ply,0.25,800,0.8,0.11794,0.99,1,0.0,0.0,0.0
Data_omni/000074_lcam_front_lidar.ply,0.25,800,0.8,0.11212,-0.01,1,0.0,0.0,0.0
Data_omni/000075_lcam_front_lidar.ply,0.25,800,0.8,0.11234,-0.01,1,0.0,0.0,0.0
Data_omni/000076_lcam_front_lidar.ply,0.25,800,0.8,0.10519,-0.01,1,0.0,0.0,0.0
Data_omni/000077_lcam_front_lidar.ply,0.25,800,0.8,0.09971,-0.01,1,0.0,0.0,0.0
Data_omni/000078_lcam_front_lidar.ply,0.25,800,0.8,0.10807,-0.01,1,0.0,0.0,0.0
Data_omni/000079_lcam_front_lidar.ply,0.25,800,0.8,0.10025,0.99,1,0.0,0.0,0.0
Data_omni/000080_lcam_front_lidar.ply,0.25,800,0.8,0.09701,-0.01,1,0.0,0.0,0.0
Data_omni/000081_lcam_front_lidar.ply,0.25,800,0.8,0.09254,-0.01,1,0.0,0.0,0.0
Data_omni/000082_lcam_front_lidar.ply,0.25,800,0.8,0.10125,-0.01,1,0.0,0.0,0.0
Data_omni/000083_lcam_front_lidar.ply,0.25,800,0.8,0.10105,-0.01,1,0.0,0.0,0.0
Data_omni/000084_lcam_front_lidar.ply,0.25,800,0.8,0.09491,-0.01,1,0.0,0.0,0.0
Data_omni/000085_lcam_front_lidar.ply,0.25,800,0.8,0.09878,-0.01,1,0.0,0.0,0.0
Data_omni/000086_lcam_front_lidar.ply,0.25,800,0.8,0.10807,-0.01,1,0.0,0.0,0.0
Data_omni/000087_lcam_front_lidar.ply,0.25,800,0.8,0.11023,-0.01,1,0.0,0.0,0.0
Data_omni/000088_lcam_front_lidar.ply,0.25,800,0.8,0.10128,-0.01,1,0.0,0.0,0.0
Data_omni/000089_lcam_front_lidar.ply,0.25,800,0.8,0.10044,-0.01,1,0.0,0.0,0.0
Data_omni/000090_lcam_front_lidar.ply,0.25,800,0.8,0.10913,-0.01,1,0.0,0.0,0.0
Data_omni/000091_lcam_front_lidar.ply,0.25,800,0.8,0.11636,-0.01,1,0.0,0.0,0.0
Data_omni/000092_lcam_front_lidar.ply,0.25,800,0.8,0.10124,-0.01,1,0.0,0.0,0.0
Data_omni/000093_lcam_front_lidar.ply,0.25,800,0.8,0.10069,-0.01,1,0.0,0.0,0.0
Data_omni/000094_lcam_front_lidar.ply,0.25,800,0.8,0.10842,-0.01,1,0.0,0.0,0.0
Data_omni/000095_lcam_front_lidar.ply,0.25,800,0.8,0.11242,-0.01,1,0.0,0.0,0.0
Data_omni/000096_lcam_front_lidar.ply,0.25,800,0.8,0.11104,-0.01,1,0.0,0.0,0.0
Data_omni/000097_lcam_front_lidar.ply,0.25,800,0.8,0.10708,-0.01,1,0.0,0.0,0.0
Data_omni/000098_lcam_front_lidar.ply,0.25,800,0.8,0.09667,-0.01,1,0.0,0.0,0.0
Data_omni/000099_lcam_front_lidar.ply,0.25,800,0.8,0.0892,-0.01,1,0.0,0.0,0.0
Data_omni/000100_lcam_front_lidar.ply,0.25,800,0.8,0.11331,-0.01,1,0.0,0.0,0.0
Data_omni/000101_lcam_front_lidar.ply,0.25,800,0.8,0.10188,-0.01,1,0.0,0.0,0.0
Data_omni/000102_lcam_front_lidar.ply,0.25,800,0.8,0.10642,-0.01,1,0.0,0.0,0.0
Data_omni/000103_lcam_front_lidar.ply,0.25,800,0.8,0.10302,0.99,1,0.0,0.0,0.0
Data_omni/000104_lcam_front_lidar.ply,0.25,800,0.8,0.11271,-0.01,1,0.0,0.0,0.0
Data_omni/000105_lcam_front_lidar.ply,0.25,800,0.8,0.111,-0.01,1,0.0,0.0,0.0
Data_omni/000106_lcam_front_lidar.ply,0.2,800,0.8,0.09441,-0.01,1,0.0,0.0,0.0
Data_omni/000107_lcam_front_lidar.ply,0.2,800,0.8,0.10369,-0.01,1,0.0,0.0,0.0
Data_omni/000108_lcam_front_lidar.ply,0.2,800,0.8,0.10307,-0.01,1,0.0,0.0,0.0
Data_omni/000109_lcam_front_lidar.ply,0.25,800,0.8,0.12649,-0.01,1,0.0,0.0,0.0
Data_omni/000110_lcam_front_lidar.ply,0.25,800,0.8,0.10915,-0.01,1,0.0,0.0,0.0
Data_omni/000111_lcam_front_lidar.ply,0.25,800,0.8,0.09304,-0.01,1,0.0,0.0,0.0
Data_omni/000112_lcam_front_lidar.ply,0.25,800,0.8,0.10888,-0.01,1,0.0,0.0,0.0
Data_omni/000113_lcam_front_lidar.ply,0.25,800,0.8,0.12634,-0.01,1,0.0,0.0,0.0
Data_omni/000114_lcam_front_lidar.ply,0.25,800,0.8,0.10315,0.99,1,0.0,0.0,0.0
Data_omni/000115_lcam_front_lidar.ply,0.25,800,0.8,0.11451,0.99,1,0.0,0.0,0.0
Data_omni/000116_lcam_front_lidar.ply,0.25,800,0.8,0.09707,0.99,1,0.0,0.0,0.0
Data_omni/000117_lcam_front_lidar.ply,0.25,800,0.8,0.11277,0.99,1,0.0,0.0,0.0
Data_omni/000118_lcam_front_lidar.ply,0.25,800,0.8,0.11453,-0.01,1,0.0,0.0,0.0
Data_omni/000119_lcam_front_lidar.ply,0.25,800,0.8,0.10987,-0.01,1,0.0,0.0,0.0
Data_omni/000120_lcam_front_lidar.ply,0.25,800,0.8,0.10668,-0.01,1,0.0,0.0,0.0
Data_omni/000121_lcam_front_lidar.ply,0.25,800,0.8,0.12744,-0.01,1,0.0,0.0,0.0
Data_omni/000122_lcam_front_lidar.ply,0.25,800,0.8,0.10452,-0.01,1,0.0,0.0,0.0
Data_omni/000123_lcam_front_lidar.ply,0.2,800,0.8,0.11712,-0.01,1,0.0,0.0,0.0
Data_omni/000124_lcam_front_lidar.ply,0.25,800,0.8,0.11939,-0.01,1,0.0,0.0,0.0
Data_omni/000125_lcam_front_lidar.ply,0.2,800,0.8,0.10635,-0.01,1,0.0,0.0,0.0
Data_omni/000126_lcam_front_lidar.ply,0.25,800,0.8,0.1208,-0.01,1,0.0,0.0,0.0
Data_omni/000127_lcam_front_lidar.ply,0.25,800,0.8,0.10621,-0.01,1,0.0,0.0,0.0
Data_omni/000128_lcam_front_lidar.ply,0.25,800,0.8,0.11995,0.99,1,0.0,0.0,0.0
Data_omni/000129_lcam_front_lidar.ply,0.25,800,0.8,0.1442,0.99,1,0.0,0.0,0.0
Data_omni/000130_lcam_front_lidar.ply,0.3,800,0.8,0.1225,0.99,1,0.0,0.0,0.0
Data_omni/000131_lcam_front_lidar.ply,0.3,800,0.8,0.1477,0.99,1,0.0,0.0,0.0
Data_omni/000132_lcam_front_lidar.ply,0.25,800,0.8,0.16741,0.99,1,0.0,0.0,0.0
Data_omni/000133_lcam_front_lidar.ply,0.25,800,0.8,0.13666,0.99,1,0.0,0.0,0.0
Data_omni/000134_lcam_front_lidar.ply,0.25,800,0.8,0.12373,0.99,1,0.0,0.0,0.0
Data_omni/000135_lcam_front_lidar.ply,0.25,800,0.8,0.13129,0.99,1,0.0,0.0,0.0
Data_omni/000136_lcam_front_lidar.ply,0.3,800,0.8,0.11082,0.99,1,0.0,0.0,0.0
Data_omni/000137_lcam_front_lidar.ply,0.25,800,0.8,0.1511,0.99,1,0.0,0.0,0.0
Data_omni/000138_lcam_front_lidar.ply,0.25,800,0.8,0.13051,0.99,1,0.0,0.0,0.0
Data_omni/000139_lcam_front_lidar.ply,0.25,800,0.8,0.11148,0.99,1,0.0,0.0,0.0
Data_omni/000140_lcam_front_lidar.ply,0.25,800,0.8,0.12005,0.99,1,0.0,0.0,0.0
Data_omni/000141_lcam_front_lidar.ply,0.25,800,0.8,0.11696,0.99,1,0.0,0.0,0.0
Data_omni/000142_lcam_front_lidar.ply,0.25,800,0.8,0.10548,0.99,1,0.0,0.0,0.0
Data_omni/000143_lcam_front_lidar.ply,0.25,800,0.8,0.1149,0.99,1,0.0,0.0,0.0
Data_omni/000144_lcam_front_lidar.ply,0.25,800,0.8,0.11082,0.99,1,0.0,0.0,0.0
Data_omni/000145_lcam_front_lidar.ply,0.3,800,0.8,0.11711,0.99,1,0.0,0.0,0.0
Data_omni/000146_lcam_front_lidar.ply,0.3,800,0.8,0.10103,0.99,1,0.0,0.0,0.0
Data_omni/000147_lcam_front_lidar.ply,0.3,800,0.8,0.11057,-0.01,1,0.0,0.0,0.0
Data_omni/000148_lcam_front_lidar.ply,0.25,800,0.8,0.11117,-0.01,1,0.0,0.0,0.0
Data_omni/000149_lcam_front_lidar.ply,0.25,800,0.8,0.09672,-0.01,1,0.0,0.0,0.0
Data_omni/000150_lcam_front_lidar.ply,0.3,800,0.8,0.10039,-0.01,1,0.0,0.0,0.0
Data_omni/000151_lcam_front_lidar.ply,0.25,800,0.8,0.09718,-0.01,1,0.0,0.0,0.0
Data_omni/000152_lcam_front_lidar.ply,0.25,800,0.8,0.09668,-0.01,1,0.0,0.0,0.0
Data_omni/000153_lcam_front_lidar.ply,0.25,800,0.8,0.09286,-0.01,1,0.0,0.0,0.0
Data_omni/000154_lcam_front_lidar.ply,0.25,800,0.8,0.1028,-0.01,1,0.0,0.0,0.0
Data_omni/000155_lcam_front_lidar.ply,0.25,800,0.8,0.10662,-0.01,1,0.0,0.0,0.0
Data_omni/000156_lcam_front_lidar.ply,0.25,800,0.8,0.09858,-0.01,1,0.0,0.0,0.0
Data_omni/000157_lcam_front_lidar.ply,0.25,800,0.8,0.0951,-0.01,1,0.0,0.0,0.0
Data_omni/000158_lcam_front_lidar.ply,0.25,800,0.8,0.09623,-0.01,1,0.0,0.0,0.0
Data_omni/000159_lcam_front_lidar.ply,0.25,800,0.8,0.10429,-0.01,1,0.0,0.0,0.0
Data_omni/000160_lcam_front_lidar.ply,0.2,800,0.8,0.09474,-0.01,1,0.0,0.0,0.0
Data_omni/000161_lcam_front_lidar.ply,0.3,800,0.8,0.09565,0.99,1,0.0,0.0,0.0
Data_omni/000162_lcam_front_lidar.ply,0.3,800,0.8,0.09888,0.99,1,0.0,0.0,0.0
Data_omni/000163_lcam_front_lidar.ply,0.3,800,0.8,0.10946,-0.01,1,0.0,0.0,0.0
Data_omni/000164_lcam_front_lidar.ply,0.3,800,0.8,0.09639,-0.01,1,0.0,0.0,0.0
Data_omni/000165_lcam_front_lidar.ply,0.25,800,0.8,0.10538,-0.01,1,0.0,0.0,0.0
Data_omni/000166_lcam_front_lidar.ply,0.25,800,0.8,0.10662,-0.01,1,0.0,0.0,0.0
Data_omni/000167_lcam_front_lidar.ply,0.3,800,0.8,0.10876,0.99,1,0.0,0.0,0.0
Data_omni/000168_lcam_front_lidar.ply,0.25,800,0.8,0.11357,0.99,1,0.0,0.0,0.0
Data_omni/000169_lcam_front_lidar.ply,0.25,800,0.8,0.11579,0.99,1,0.0,0.0,0.0
Data_omni/000170_lcam_front_lidar.ply,0.25,800,0.8,0.13241,0.99,1,0.0,0.0,0.0
Data_omni/000171_lcam_front_lidar.ply,0.25,800,0.8,0.12722,0.99,1,0.0,0.0,0.0
Data_omni/000172_lcam_front_lidar.ply,0.25,800,0.8,0.13601,0.99,1,0.0,0.0,0.0
Data_omni/000173_lcam_front_lidar.ply,0.25,800,0.8,0.11893,0.99,1,0.0,0.0,0.0
Data_omni/000174_lcam_front_lidar.ply,0.25,800,0.8,0.13088,0.99,1,0.0,0.0,0.0
Data_omni/000175_lcam_front_lidar.ply,0.25,800,0.8,0.12321,0.99,1,0.0,0.0,0.0
Data_omni/000176_lcam_front_lidar.ply,0.25,800,0.8,0.13286,0.99,1,0.0,0.0,0.0
Data_omni/000177_lcam_front_lidar.ply,0.2,800,0.8,0.12708,0.99,1,0.0,0.0,0.0
Data_omni/000178_lcam_front_lidar.ply,0.25,800,0.8,0.12809,0.99,1,0.0,0.0,0.0
Data_omni/000179_lcam_front_lidar.ply,0.25,800,0.8,0.10976,0.99,1,0.0,0.0,0.0
Data_omni/000180_lcam_front_lidar.ply,0.25,800,0.8,0.12222,0.99,1,0.0,0.0,0.0
Data_omni/000181_lcam_front_lidar.ply,0.25,800,0.8,0.12096,0.99,1,0.0,0.0,0.0
Data_omni/000182_lcam_front_lidar.ply,0.3,800,0.85,0.14866,0.99,1,0.0,0.0,0.0
Data_omni/000183_lcam_front_lidar.ply,0.3,800,0.8,0.12659,0.99,1,0.0,0.0,0.0
Data_omni/000184_lcam_front_lidar.ply,0.3,800,0.85,0.13898,0.99,1,0.0,0.0,0.0
Data_omni/000185_lcam_front_lidar.ply,0.25,800,0.8,0.17035,0.99,1,0.0,0.0,0.0
Data_omni/000186_lcam_front_lidar.ply,0.25,800,0.8,0.12879,0.99,1,0.0,0.0,0.0
Data_omni/000187_lcam_front_lidar.ply,0.3,800,0.85,0.12278,0.99,1,0.0,0.0,0.0
Data_omni/000188_lcam_front_lidar.ply,0.3,800,0.8,0.12152,0.99,1,0.0,0.0,0.0
Data_omni/000189_lcam_front_lidar.ply,0.3,800,0.8,0.12315,0.99,1,0.0,0.0,0.0
Data_omni/000190_lcam_front_lidar.ply,0.25,800,0.8,0.12716,0.99,1,0.0,0.0,0.0
Data_omni/000191_lcam_front_lidar.ply,0.25,800,0.8,0.11862,0.99,1,0.0,0.0,0.0
Data_omni/000192_lcam_front_lidar.ply,0.25,800,0.8,0.1388,0.99,1,0.0,0.0,0.0
Data_omni/000193_lcam_front_lidar.ply,0.25,800,0.8,0.13032,0.99,1,0.0,0.0,0.0
Data_omni/000194_lcam_front_lidar.ply,0.25,800,0.8,0.1283,0.99,1,0.0,0.0,0.0
Data_omni/000195_lcam_front_lidar.ply,0.25,800,0.8,0.12154,0.99,1,0.0,0.0,0.0
Data_omni/000196_lcam_front_lidar.ply,0.15,800,0.8,0.12141,0.99,1,0.0,0.0,0.0
Data_omni/000197_lcam_front_lidar.ply,0.2,800,0.8,0.13326,0.99,1,0.0,0.0,0.0
Data_omni/000198_lcam_front_lidar.ply,0.2,800,0.8,0.13278,0.99,1,0.0,0.0,0.0
Data_omni/000199_lcam_front_lidar.ply,0.25,800,0.8,0.12769,0.99,1,0.0,0.0,0.0
Data_omni/000200_lcam_front_lidar.ply,0.2,800,0.8,0.1212,0.99,1,0.0,0.0,0.0
Data_omni/000201_lcam_front_lidar.ply,0.25,800,0.8,0.12724,0.99,1,0.0,0.0,0.0
Data_omni/000202_lcam_front_lidar.ply,0.2,800,0.8,0.12917,0.99,1,0.0,0.0,0.0
Data_omni/000203_lcam_front_lidar.ply,0.2,800,0.8,0.12131,0.99,1,0.0,0.0,0.0
Data_omni/000204_lcam_front_lidar.ply,0.15,800,0.8,0.12515,0.99,1,0.0,0.0,0.0
Data_omni/000205_lcam_front_lidar.ply,0.2,800,0.8,0.11908,0.99,1,0.0,0.0,0.0
Data_omni/000206_lcam_front_lidar.ply,0.2,800,0.8,0.12673,0.99,1,0.0,0.0,0.0
Data_omni/000207_lcam_front_lidar.ply,0.2,800,0.8,0.10657,0.99,1,0.0,0.0,0.0
Data_omni/000208_lcam_front_lidar.ply,0.15,800,0.8,0.1272,0.99,1,0.0,0.0,0.0
Data_omni/000209_lcam_front_lidar.ply,0.15,800,0.8,0.11615,0.99,1,0.0,0.0,0.0
Data_omni/000210_lcam_front_lidar.ply,0.2,800,0.8,0.10842,0.99,1,0.0,0.0,0.0
Data_omni/000211_lcam_front_lidar.ply,0.2,800,0.8,0.11409,0.99,1,0.0,0.0,0.0
Data_omni/000212_lcam_front_lidar.ply,0.2,800,0.8,0.10866,0.99,1,0.0,0.0,0.0
Data_omni/000213_lcam_front_lidar.ply,0.15,800,0.8,0.12387,0.99,1,0.0,0.0,0.0
Data_omni/000214_lcam_front_lidar.ply,0.15,800,0.8,0.13008,0.99,1,0.0,0.0,0.0
Data_omni/000215_lcam_front_lidar.ply,0.15,800,0.8,0.11745,0.99,1,0.0,0.0,0.0
Data_omni/000216_lcam_front_lidar.ply,0.15,800,0.8,0.12473,0.99,1,0.0,0.0,0.0
Data_omni/000217_lcam_front_lidar.ply,0.15,800,0.8,0.11192,0.99,1,0.0,0.0,0.0
Data_omni/000218_lcam_front_lidar.ply,0.15,800,0.8,0.12754,0.99,1,0.0,0.0,0.0
Data_omni/000219_lcam_front_lidar.ply,0.2,800,0.8,0.11677,0.99,1,0.0,0.0,0.0
Data_omni/000220_lcam_front_lidar.ply,0.25,800,0.8,0.13018,0.99,1,0.0,0.0,0.0
Data_omni/000221_lcam_front_lidar.ply,0.2,800,0.8,0.10929,0.99,1,0.0,0.0,0.0
Data_omni/000222_lcam_front_lidar.ply,0.2,800,0.8,0.11924,0.99,1,0.0,0.0,0.0
Data_omni/000223_lcam_front_lidar.ply,0.25,800,0.8,0.16552,0.99,1,0.0,0.0,0.0
Data_omni/000224_lcam_front_lidar.ply,0.15,800,0.8,0.14786,0.99,1,0.0,0.0,0.0
Data_omni/000225_lcam_front_lidar.ply,0.15,800,0.8,0.14099,0.99,1,0.0,0.0,0.0
Data_omni/000226_lcam_front_lidar.ply,0.15,800,0.8,0.14501,0.99,1,0.0,0.0,0.0
Data_omni/000227_lcam_front_lidar.ply,0.15,800,0.8,0.13056,0.99,1,0.0,0.0,0.0
Data_omni/000228_lcam_front_lidar.ply,0.15,800,0.8,0.12493,0.99,1,0.0,0.0,0.0
Data_omni/000229_lcam_front_lidar.ply,0.15,800,0.8,0.11073,0.99,1,0.0,0.0,0.0
Data_omni/000230_lcam_front_lidar.ply,0.15,800,0.8,0.1102,0.99,1,0.0,0.0,0.0
Data_omni/000231_lcam_front_lidar.ply,0.15,800,0.8,0.11838,0.99,1,0.0,0.0,0.0
Data_omni/000232_lcam_front_lidar.ply,0.15,800,0.8,0.12643,0.99,1,0.0,0.0,0.0
Data_omni/000233_lcam_front_lidar.ply,0.15,800,0.8,0.13052,0.99,1,0.0,0.0,0.0
Data_omni/000234_lcam_front_lidar.ply,0.15,800,0.8,0.10952,0.99,1,0.0,0.0,0.0
Data_omni/000235_lcam_front_lidar.ply,0.15,800,0.8,0.11116,0.99,1,0.0,0.0,0.0
Data_omni/000236_lcam_front_lidar.ply,0.15,800,0.8,0.10667,0.99,1,0.0,0.0,0.0
Data_omni/000237_lcam_front_lidar.ply,0.15,800,0.8,0.10909,0.99,1,0.0,0.0,0.0
Data_omni/000238_lcam_front_lidar.ply,0.15,800,0.8,0.12532,0.99,1,0.0,0.0,0.0
Data_omni/000239_lcam_front_lidar.ply,0.15,800,0.8,0.12013,0.99,1,0.0,0.0,0.0
Data_omni/000240_lcam_front_lidar.ply,0.15,800,0.8,0.11462,0.99,1,0.0,0.0,0.0
Data_omni/000241_lcam_front_lidar.ply,0.15,800,0.8,0.11084,0.99,1,0.0,0.0,0.0
Data_omni/000242_lcam_front_lidar.ply,0.15,800,0.8,0.12245,0.99,1,0.0,0.0,0.0
Data_omni/000243_lcam_front_lidar.ply,0.15,800,0.8,0.13237,0.99,1,0.0,0.0,0.0
Data_omni/000244_lcam_front_lidar.ply,0.15,800,0.8,0.10846,0.99,1,0.0,0.0,0.0
Data_omni/000245_lcam_front_lidar.ply,0.15,800,0.8,0.12615,0.99,1,0.0,0.0,0.0
Data_omni/000246_lcam_front_lidar.ply,0.15,800,0.8,0.11751,0.99,1,0.0,0.0,0.0
Data_omni/000247_lcam_front_lidar.ply,0.15,800,0.8,0.14172,0.99,1,0.0,0.0,0.0
Data_omni/000248_lcam_front_lidar.ply,0.15,800,0.8,0.14614,0.99,1,0.0,0.0,0.0
Data_omni/000249_lcam_front_lidar.ply,0.15,800,0.8,0.15725,0.99,1,0.0,0.0,0.0
Data_omni/000250_lcam_front_lidar.ply,0.15,800,0.8,0.21174,0.99,1,0.0,0.0,0.0
Data_omni/000251_lcam_front_lidar.ply,0.15,800,0.8,0.16324,0.99,1,0.0,0.0,0.0
Data_omni/000252_lcam_front_lidar.ply,0.25,800,0.8,0.12572,0.99,1,0.0,0.0,0.0
Data_omni/000253_lcam_front_lidar.ply,0.25,800,0.8,0.15889,0.99,1,0.0,0.0,0.0
Data_omni/000254_lcam_front_lidar.ply,0.2,800,0.8,0.16958,0.99,1,0.0,0.0,0.0
Data_omni/000255_lcam_front_lidar.ply,0.2,800,0.8,0.1509,0.99,1,0.0,0.0,0.0
Data_omni/000256_lcam_front_lidar.ply,0.2,800,0.8,0.15823,0.99,1,0.0,0.0,0.0
Data_omni/000257_lcam_front_lidar.ply,0.25,800,0.8,0.16602,0.99,1,0.0,0.0,0.0
Data_omni/000258_lcam_front_lidar.ply,0.25,800,0.8,0.15111,0.99,1,0.0,0.0,0.0
Data_omni/000259_lcam_front_lidar.ply,0.25,800,0.8,0.17978,0.99,1,0.0,0.0,0.0
Data_omni/000260_lcam_front_lidar.ply,0.15,800,0.8,0.18868,0.99,1,0.0,0.0,0.0
Data_omni/000261_lcam_front_lidar.ply,0.25,800,0.8,0.171,0.99,1,0.0,0.0,0.0
Data_omni/000262_lcam_front_lidar.ply,0.25,800,0.8,0.18232,0.99,1,0.0,0.0,0.0
Data_omni/000263_lcam_front_lidar.ply,0.25,800,0.8,0.20041,0.99,1,0.0,0.0,0.0
Data_omni/000264_lcam_front_lidar.ply,0.25,800,0.8,0.16273,0.99,1,0.0,0.0,0.0
Data_omni/000265_lcam_front_lidar.ply,0.2,800,0.8,0.15842,0.99,1,0.0,0.0,0.0
Data_omni/000266_lcam_front_lidar.ply,0.25,800,0.8,0.15657,0.99,1,0.0,0.0,0.0
Data_omni/000267_lcam_front_lidar.ply,0.25,800,0.8,0.16044,0.99,1,0.0,0.0,0.0
Data_omni/000268_lcam_front_lidar.ply,0.2,800,0.8,0.15839,0.99,1,0.0,0.0,0.0
Data_omni/000269_lcam_front_lidar.ply,0.15,800,0.8,0.14496,0.99,1,0.0,0.0,0.0
Data_omni/000270_lcam_front_lidar.ply,0.25,800,0.8,0.1682,0.99,1,0.0,0.0,0.0
Data_omni/000271_lcam_front_lidar.ply,0.25,800,0.8,0.15086,0.99,1,0.0,0.0,0.0
Data_omni/000272_lcam_front_lidar.ply,0.25,800,0.8,0.16178,0.99,1,0.0,0.0,0.0
Data_omni/000273_lcam_front_lidar.ply,0.25,800,0.8,0.174,0.99,1,0.0,0.0,0.0
Data_omni/000274_lcam_front_lidar.ply,0.25,800,0.8,0.14882,0.99,1,0.0,0.0,0.0
Data_omni/000275_lcam_front_lidar.ply,0.25,800,0.8,0.15418,0.99,1,0.0,0.0,0.0
Data_omni/000276_lcam_front_lidar.ply,0.25,800,0.8,0.17009,0.99,1,0.0,0.0,0.0
Data_omni/000277_lcam_front_lidar.ply,0.25,800,0.8,0.16591,0.99,1,0.0,0.0,0.0
Data_omni/000278_lcam_front_lidar.ply,0.25,800,0.8,0.17238,0.99,1,0.0,0.0,0.0
Data_omni/000279_lcam_front_lidar.ply,0.2,800,0.8,0.1627,0.99,1,0.0,0.0,0.0
Data_omni/000280_lcam_front_lidar.ply,0.25,800,0.8,0.15619,0.99,1,0.0,0.0,0.0
Data_omni/000281_lcam_front_lidar.ply,0.2,800,0.8,0.16619,0.99,1,0.0,0.0,0.0
Data_omni/000282_lcam_front_lidar.ply,0.2,800,0.8,0.14256,0.99,1,0.0,0.0,0.0
Data_omni/000283_lcam_front_lidar.ply,0.15,800,0.8,0.15604,0.99,1,0.0,0.0,0.0
Data_omni/000284_lcam_front_lidar.ply,0.15,800,0.8,0.17382,0.99,1,0.0,0.0,0.0
Data_omni/000285_lcam_front_lidar.ply,0.15,800,0.8,0.1685,0.99,1,0.0,0.0,0.0
Data_omni/000286_lcam_front_lidar.ply,0.15,800,0.8,0.15978,0.99,1,0.0,0.0,0.0
Data_omni/000287_lcam_front_lidar.ply,0.15,800,0.8,0.15947,0.99,1,0.0,0.0,0.0
Data_omni/000288_lcam_front_lidar.ply,0.25,800,0.8,0.19973,0.99,1,0.0,0.0,0.0
Data_omni/000289_lcam_front_lidar.ply,0.25,800,0.8,0.16781,0.99,1,0.0,0.0,0.0
Data_omni/000290_lcam_front_lidar.ply,0.25,800,0.8,0.17843,0.99,1,0.0,0.0,0.0
Data_omni/000291_lcam_front_lidar.ply,0.25,800,0.8,0.14977,0.99,1,0.0,0.0,0.0
Data_omni/000292_lcam_front_lidar.ply,0.2,800,0.8,0.16807,0.99,1,0.0,0.0,0.0
Data_omni/000293_lcam_front_lidar.ply,0.25,800,0.8,0.16078,0.99,1,0.0,0.0,0.0
Data_omni/000294_lcam_front_lidar.ply,0.25,800,0.8,0.18635,0.99,1,0.0,0.0,0.0
Data_omni/000295_lcam_front_lidar.ply,0.25,800,0.8,0.17052,0.99,1,0.0,0.0,0.0
Data_omni/000296_lcam_front_lidar.ply,0.2,800,0.8,0.15813,0.99,1,0.0,0.0,0.0
Data_omni/000297_lcam_front_lidar.ply,0.25,800,0.8,0.1642,0.99,1,0.0,0.0,0.0
Data_omni/000298_lcam_front_lidar.ply,0.2,800,0.8,0.16184,0.99,1,0.0,0.0,0.0
Data_omni/000299_lcam_front_lidar.ply,0.2,800,0.8,0.17073,0.99,1,0.0,0.0,0.0
Data_omni/000300_lcam_front_lidar.ply,0.2,800,0.8,0.18816,0.99,1,0.0,0.0,0.0
Data_omni/000301_lcam_front_lidar.ply,0.15,800,0.8,0.21979,0.99,1,0.0,0.0,0.0
Data_omni/000302_lcam_front_lidar.ply,0.2,800,0.8,0.18511,0.99,1,0.0,0.0,0.0
Data_omni/000303_lcam_front_lidar.ply,0.2,800,0.8,0.18538,0.99,1,0.0,0.0,0.0
Data_omni/000304_lcam_front_lidar.ply,0.2,800,0.8,0.21216,0.99,1,0.0,0.0,0.0
Data_omni/000305_lcam_front_lidar.ply,0.2,800,0.8,0.18028,0.99,1,0.0,0.0,0.0
Data_omni/000306_lcam_front_lidar.ply,0.2,800,0.8,0.19312,0.99,1,0.0,0.0,0.0
Data_omni/000307_lcam_front_lidar.ply,0.2,800,0.8,0.17366,0.99,1,0.0,0.0,0.0
Data_omni/000308_lcam_front_lidar.ply,0.2,800,0.8,0.16965,0.99,1,0.0,0.0,0.0
Data_omni/000309_lcam_front_lidar.ply,0.2,800,0.8,0.18414,0.99,1,0.0,0.0,0.0
Data_omni/000310_lcam_front_lidar.ply,0.25,800,0.8,0.16477,0.99,1,0.0,0.0,0.0
Data_omni/000311_lcam_front_lidar.ply,0.2,800,0.8,0.16234,0.99,1,0.0,0.0,0.0
Data_omni/000312_lcam_front_lidar.ply,0.2,800,0.8,0.17028,0.99,1,0.0,0.0,0.0
Data_omni/000313_lcam_front_lidar.ply,0.15,800,0.8,0.17479,0.99,1,0.0,0.0,0.0
Data_omni/000314_lcam_front_lidar.ply,0.25,800,0.8,0.15793,0.99,1,0.0,0.0,0.0
Data_omni/000315_lcam_front_lidar.ply,0.25,800,0.8,0.19793,0.99,1,0.0,0.0,0.0
Data_omni/000316_lcam_front_lidar.ply,0.25,800,0.8,0.22593,0.99,1,0.0,0.0,0.0
Data_omni/000317_lcam_front_lidar.ply,0.25,800,0.8,0.16417,0.99,1,0.0,0.0,0.0
Data_omni/000318_lcam_front_lidar.ply,0.25,800,0.8,0.17736,0.99,1,0.0,0.0,0.0
Data_omni/000319_lcam_front_lidar.ply,0.25,800,0.8,0.19833,0.99,1,0.0,0.0,0.0
Data_omni/000320_lcam_front_lidar.ply,0.25,800,0.8,0.17755,0.99,1,0.0,0.0,0.0
Data_omni/000321_lcam_front_lidar.ply,0.25,800,0.8,0.17503,0.99,1,0.0,0.0,0.0
Data_omni/000322_lcam_front_lidar.ply,0.25,800,0.8,0.18745,0.99,1,0.0,0.0,0.0
Data_omni/000323_lcam_front_lidar.ply,0.25,800,0.8,0.18555,0.99,1,0.0,0.0,0.0
Data_omni/000324_lcam_front_lidar.ply,0.25,800,0.8,0.15683,0.99,1,0.0,0.0,0.0
Data_omni/000325_lcam_front_lidar.ply,0.25,800,0.8,0.1724,0.99,1,0.0,0.0,0.0
Data_omni/000326_lcam_front_lidar.ply,0.25,800,0.8,0.13645,0.99,1,0.0,0.0,0.0
Data_omni/000327_lcam_front_lidar.ply,0.25,800,0.8,0.1728,0.99,1,0.0,0.0,0.0
Data_omni/000328_lcam_front_lidar.ply,0.25,800,0.8,0.15215,0.99,1,0.0,0.0,0.0
Data_omni/000329_lcam_front_lidar.ply,0.25,800,0.8,0.15002,0.99,1,0.0,0.0,0.0
Data_omni/000330_lcam_front_lidar.ply,0.25,800,0.8,0.16681,0.99,1,0.0,0.0,0.0
Data_omni/000331_lcam_front_lidar.ply,0.25,800,0.8,0.14855,0.99,1,0.0,0.0,0.0
Data_omni/000332_lcam_front_lidar.ply,0.25,800,0.8,0.15769,0.99,1,0.0,0.0,0.0
Data_omni/000333_lcam_front_lidar.ply,0.25,800,0.8,0.15307,0.99,1,0.0,0.0,0.0
Data_omni/000334_lcam_front_lidar.ply,0.25,800,0.8,0.19069,0.99,1,0.0,0.0,0.0
Data_omni/000335_lcam_front_lidar.ply,0.25,800,0.8,0.13285,0.99,1,0.0,0.0,0.0
Data_omni/000336_lcam_front_lidar.ply,0.25,800,0.8,0.14497,0.99,1,0.0,0.0,0.0
Data_omni/000337_lcam_front_lidar.ply,0.25,800,0.8,0.13492,0.99,1,0.0,0.0,0.0
Data_omni/000338_lcam_front_lidar.ply,0.2,800,0.8,0.13928,0.99,1,0.0,0.0,0.0
Data_omni/000339_lcam_front_lidar.ply,0.2,800,0.8,0.1532,0.99,1,0.0,0.0,0.0
Data_omni/000340_lcam_front_lidar.ply,0.25,800,0.8,0.13084,0.99,1,0.0,0.0,0.0
Data_omni/000341_lcam_front_lidar.ply,0.2,800,0.8,0.13721,0.99,1,0.0,0.0,0.0
Data_omni/000342_lcam_front_lidar.ply,0.25,800,0.8,0.14709,0.99,1,0.0,0.0,0.0
Data_omni/000343_lcam_front_lidar.ply,0.2,800,0.8,0.14431,0.99,1,0.0,0.0,0.0
Data_omni/000344_lcam_front_lidar.ply,0.25,800,0.8,0.13447,0.99,1,0.0,0.0,0.0
Data_omni/000345_lcam_front_lidar.ply,0.25,800,0.8,0.14903,0.99,1,0.0,0.0,0.0
Data_omni/000346_lcam_front_lidar.ply,0.25,800,0.8,0.11719,0.99,1,0.0,0.0,0.0
Data_omni/000347_lcam_front_lidar.ply,0.25,800,0.8,0.13101,0.99,1,0.0,0.0,0.0
Data_omni/000348_lcam_front_lidar.ply,0.25,800,0.8,0.15683,0.99,1,0.0,0.0,0.0
Data_omni/000349_lcam_front_lidar.ply,0.25,800,0.8,0.14609,0.99,1,0.0,0.0,0.0
Data_omni/000350_lcam_front_lidar.ply,0.25,800,0.8,0.17177,0.99,1,0.0,0.0,0.0
Data_omni/000351_lcam_front_lidar.ply,0.25,800,0.8,0.13399,0.99,1,0.0,0.0,0.0
Data_omni/000352_lcam_front_lidar.ply,0.25,800,0.8,0.13035,0.99,1,0.0,0.0,0.0
Data_omni/000353_lcam_front_lidar.ply,0.25,800,0.8,0.14272,0.99,1,0.0,0.0,0.0
Data_omni/000354_lcam_front_lidar.ply,0.25,800,0.8,0.15072,0.99,1,0.0,0.0,0.0
Data_omni/000355_lcam_front_lidar.ply,0.25,800,0.8,0.13015,0.99,1,0.0,0.0,0.0
Data_omni/000356_lcam_front_lidar.ply,0.25,800,0.8,0.14486,0.99,1,0.0,0.0,0.0
Data_omni/000357_lcam_front_lidar.ply,0.25,800,0.8,0.14088,0.99,1,0.0,0.0,0.0
Data_omni/000358_lcam_front_lidar.ply,0.25,800,0.8,0.15708,0.99,1,0.0,0.0,0.0
Data_omni/000359_lcam_front_lidar.ply,0.25,800,0.8,0.14971,0.99,1,0.0,0.0,0.0
Data_omni/000360_lcam_front_lidar.ply,0.25,800,0.8,0.14528,0.99,1,0.0,0.0,0.0
Data_omni/000361_lcam_front_lidar.ply,0.25,800,0.8,0.13749,0.99,1,0.0,0.0,0.0
Data_omni/000362_lcam_front_lidar.ply,0.25,800,0.8,0.13902,0.99,1,0.0,0.0,0.0
Data_omni/000363_lcam_front_lidar.ply,0.25,800,0.8,0.14476,0.99,1,0.0,0.0,0.0
Data_omni/000364_lcam_front_lidar.ply,0.25,800,0.8,0.147,-0.01,1,0.0,0.0,0.0
Data_omni/000365_lcam_front_lidar.ply,0.25,800,0.8,0.13635,0.99,1,0.0,0.0,0.0
Data_omni/000366_lcam_front_lidar.ply,0.25,800,0.8,0.15135,-0.01,1,0.0,0.0,0.0
Data_omni/000367_lcam_front_lidar.ply,0.25,800,0.8,0.14871,0.99,1,0.0,0.0,0.0
Data_omni/000368_lcam_front_lidar.ply,0.25,800,0.8,0.16541,0.99,1,0.0,0.0,0.0
Data_omni/000369_lcam_front_lidar.ply,0.25,800,0.8,0.14531,-0.01,1,0.0,0.0,0.0
Data_omni/000370_lcam_front_lidar.ply,0.25,800,0.8,0.13182,0.99,1,0.0,0.0,0.0
Data_omni/000371_lcam_front_lidar.ply,0.25,800,0.8,0.15007,-0.01,1,0.0,0.0,0.0
Data_omni/000372_lcam_front_lidar.ply,0.25,800,0.8,0.12484,-0.01,1,0.0,0.0,0.0
Data_omni/000373_lcam_front_lidar.ply,0.25,800,0.8,0.17256,-0.01,1,0.0,0.0,0.0
Data_omni/000374_lcam_front_lidar.ply,0.25,800,0.8,0.14551,-0.01,1,0.0,0.0,0.0
Data_omni/000375_lcam_front_lidar.ply,0.25,800,0.8,0.14983,-0.01,1,0.0,0.0,0.0
Data_omni/000376_lcam_front_lidar.ply,0.25,800,0.8,0.13446,-0.01,1,0.0,0.0,0.0
Data_omni/000377_lcam_front_lidar.ply,0.25,800,0.93,0.14461,-0.01,1,0.0,0.0,0.0
Data_omni/000378_lcam_front_lidar.ply,0.25,800,0.8,0.14153,0.99,1,0.0,0.0,0.0
Data_omni/000379_lcam_front_lidar.ply,0.25,800,0.93,0.1324,-0.01,1,0.0,0.0,0.0
Data_omni/000380_lcam_front_lidar.ply,0.25,800,0.8,0.13179,-0.01,1,0.0,0.0,0.0
Data_omni/000381_lcam_front_lidar.ply,0.25,800,0.93,0.13715,0.99,1,0.0,0.0,0.0
Data_omni/000382_lcam_front_lidar.ply,0.25,800,0.8,0.14273,-0.01,1,0.0,0.0,0.0
Data_omni/000383_lcam_front_lidar.ply,0.25,800,0.8,0.14199,-0.01,1,0.0,0.0,0.0
Data_omni/000384_lcam_front_lidar.ply,0.25,800,0.8,0.11332,-0.01,1,0.0,0.0,0.0
Data_omni/000385_lcam_front_lidar.ply,0.25,800,0.8,0.1529,-0.01,1,0.0,0.0,0.0
Data_omni/000386_lcam_front_lidar.ply,0.25,800,0.8,0.12704,0.99,1,0.0,0.0,0.0
Data_omni/000387_lcam_front_lidar.ply,0.25,800,0.8,0.1237,-0.01,1,0.0,0.0,0.0
Data_omni/000388_lcam_front_lidar.ply,0.25,800,0.8,0.14069,-0.01,1,0.0,0.0,0.0
Data_omni/000389_lcam_front_lidar.ply,0.25,800,0.8,0.13244,-0.01,1,0.0,0.0,0.0
Data_omni/000390_lcam_front_lidar.ply,0.25,800,0.8,0.12905,0.99,1,0.0,0.0,0.0
Data_omni/000391_lcam_front_lidar.ply,0.25,800,0.8,0.13689,0.99,1,0.0,0.0,0.0
Data_omni/000392_lcam_front_lidar.ply,0.25,800,0.8,0.13855,0.99,1,0.0,0.0,0.0
Data_omni/000393_lcam_front_lidar.ply,0.25,800,0.8,0.14069,-0.01,1,0.0,0.0,0.0
Data_omni/000394_lcam_front_lidar.ply,0.25,800,0.8,0.12662,0.99,1,0.0,0.0,0.0
Data_omni/000395_lcam_front_lidar.ply,0.25,800,0.8,0.13725,0.99,1,0.0,0.0,0.0
Data_omni/000396_lcam_front_lidar.ply,0.25,800,0.8,0.14278,-0.01,1,0.0,0.0,0.0
Data_omni/000397_lcam_front_lidar.ply,0.15,800,0.8,0.13959,-0.01,1,0.0,0.0,0.0
Data_omni/000398_lcam_front_lidar.ply,0.25,800,0.8,0.13651,0.99,1,0.0,0.0,0.0
Data_omni/000399_lcam_front_lidar.ply,0.25,800,0.8,0.1486,0.99,1,0.0,0.0,0.0
Data_omni/000400_lcam_front_lidar.ply,0.25,800,0.8,0.17317,0.99,1,0.0,0.0,0.0
Data_omni/000401_lcam_front_lidar.ply,0.25,800,0.8,0.16909,0.99,1,0.0,0.0,0.0
Data_omni/000402_lcam_front_lidar.ply,0.25,800,0.8,0.12761,0.99,1,0.0,0.0,0.0
Data_omni/000403_lcam_front_lidar.ply,0.25,800,0.8,0.13905,0.99,1,0.0,0.0,0.0
Data_omni/000404_lcam_front_lidar.ply,0.25,800,0.8,0.15391,0.99,1,0.0,0.0,0.0
Data_omni/000405_lcam_front_lidar.ply,0.15,800,0.8,0.16062,0.99,1,0.0,0.0,0.0
Data_omni/000406_lcam_front_lidar.ply,0.25,800,0.8,0.16146,0.99,1,0.0,0.0,0.0
Data_omni/000407_lcam_front_lidar.ply,0.25,800,0.8,0.17422,0.99,1,0.0,0.0,0.0
Data_omni/000408_lcam_front_lidar.ply,0.15,800,0.8,0.15778,0.99,1,0.0,0.0,0.0
Data_omni/000409_lcam_front_lidar.ply,0.25,800,0.8,0.15546,0.99,1,0.0,0.0,0.0
Data_omni/000410_lcam_front_lidar.ply,0.25,800,0.8,0.19379,0.99,1,0.0,0.0,0.0
Data_omni/000411_lcam_front_lidar.ply,0.25,800,0.8,0.15459,0.99,1,0.0,0.0,0.0
Data_omni/000412_lcam_front_lidar.ply,0.15,800,0.8,0.183,0.99,1,0.0,0.0,0.0
Data_omni/000413_lcam_front_lidar.ply,0.25,800,0.8,0.13845,0.99,1,0.0,0.0,0.0
Data_omni/000414_lcam_front_lidar.ply,0.25,800,0.8,0.14093,0.99,1,0.0,0.0,0.0
Data_omni/000415_lcam_front_lidar.ply,0.25,800,0.8,0.16048,0.99,1,0.0,0.0,0.0
Data_omni/000416_lcam_front_lidar.ply,0.25,800,0.8,0.15808,0.99,1,0.0,0.0,0.0
Data_omni/000417_lcam_front_lidar.ply,0.25,800,0.8,0.14915,0.99,1,0.0,0.0,0.0
Data_omni/000418_lcam_front_lidar.ply,0.25,800,0.8,0.12638,0.99,1,0.0,0.0,0.0
Data_omni/000419_lcam_front_lidar.ply,0.25,800,0.8,0.12297,0.99,1,0.0,0.0,0.0
Data_omni/000420_lcam_front_lidar.ply,0.25,800,0.8,0.12676,0.99,1,0.0,0.0,0.0
Data_omni/000421_lcam_front_lidar.ply,0.25,800,0.85,0.16385,0.99,1,0.0,0.0,0.0
Data_omni/000422_lcam_front_lidar.ply,0.25,800,0.8,0.13532,0.99,1,0.0,0.0,0.0
Data_omni/000423_lcam_front_lidar.ply,0.25,800,0.8,0.14066,0.99,1,0.0,0.0,0.0
Data_omni/000424_lcam_front_lidar.ply,0.25,800,0.8,0.16011,0.99,1,0.0,0.0,0.0
Data_omni/000425_lcam_front_lidar.ply,0.15,800,0.8,0.14079,0.99,1,0.0,0.0,0.0
Data_omni/000426_lcam_front_lidar.ply,0.25,800,0.8,0.15796,0.99,1,0.0,0.0,0.0
Data_omni/000427_lcam_front_lidar.ply,0.25,800,0.8,0.1776,0.99,1,0.0,0.0,0.0
Data_omni/000428_lcam_front_lidar.ply,0.25,800,0.8,0.14678,0.99,1,0.0,0.0,0.0
Data_omni/000429_lcam_front_lidar.ply,0.25,800,0.8,0.17386,0.99,1,0.0,0.0,0.0
Data_omni/000430_lcam_front_lidar.ply,0.25,800,0.8,0.13245,0.99,1,0.0,0.0,0.0
Data_omni/000431_lcam_front_lidar.ply,0.25,800,0.8,0.16436,0.99,1,0.0,0.0,0.0
Data_omni/000432_lcam_front_lidar.ply,0.25,800,0.8,0.17975,0.99,1,0.0,0.0,0.0
Data_omni/000433_lcam_front_lidar.ply,0.25,800,0.8,0.13843,0.99,1,0.0,0.0,0.0
Data_omni/000434_lcam_front_lidar.ply,0.25,800,0.8,0.15352,0.99,1,0.0,0.0,0.0
Data_omni/000435_lcam_front_lidar.ply,0.25,800,0.8,0.15633,0.99,1,0.0,0.0,0.0
Data_omni/000436_lcam_front_lidar.ply,0.25,800,0.8,0.15667,0.99,1,0.0,0.0,0.0
Data_omni/000437_lcam_front_lidar.ply,0.25,800,0.8,0.13865,0.99,1,0.0,0.0,0.0
Data_omni/000438_lcam_front_lidar.ply,0.25,800,0.8,0.15279,0.99,1,0.0,0.0,0.0
Data_omni/000439_lcam_front_lidar.ply,0.25,800,0.8,0.15165,0.99,1,0.0,0.0,0.0
Data_omni/000440_lcam_front_lidar.ply,0.25,800,0.8,0.1494,0.99,1,0.0,0.0,0.0
Data_omni/000441_lcam_front_lidar.ply,0.25,800,0.8,0.14449,0.99,1,0.0,0.0,0.0
Data_omni/000442_lcam_front_lidar.ply,0.25,800,0.8,0.16041,0.99,1,0.0,0.0,0.0
Data_omni/000443_lcam_front_lidar.ply,0.25,800,0.8,0.15059,0.99,1,0.0,0.0,0.0
Data_omni/000444_lcam_front_lidar.ply,0.15,800,0.8,0.13448,0.99,1,0.0,0.0,0.0
Data_omni/000445_lcam_front_lidar.ply,0.25,800,0.8,0.16372,0.99,1,0.0,0.0,0.0
Data_omni/000446_lcam_front_lidar.ply,0.25,800,0.8,0.20284,0.99,1,0.0,0.0,0.0
Data_omni/000447_lcam_front_lidar.ply,0.25,800,0.8,0.14053,0.99,1,0.0,0.0,0.0
Data_omni/000448_lcam_front_lidar.ply,0.25,800,0.8,0.1752,0.99,1,0.0,0.0,0.0
Data_omni/000449_lcam_front_lidar.ply,0.25,800,0.8,0.16388,0.99,1,0.0,0.0,0.0
Data_omni/000450_lcam_front_lidar.ply,0.25,800,0.8,0.15501,0.99,1,0.0,0.0,0.0
Data_omni/000451_lcam_front_lidar.ply,0.25,800,0.8,0.1631,0.99,1,0.0,0.0,0.0
Data_omni/000452_lcam_front_lidar.ply,0.25,800,0.8,0.16523,0.99,1,0.0,0.0,0.0
Data_omni/000453_lcam_front_lidar.ply,0.25,800,0.8,0.15397,0.99,1,0.0,0.0,0.0
Data_omni/000454_lcam_front_lidar.ply,0.25,800,0.8,0.1489,0.99,1,0.0,0.0,0.0
Data_omni/000455_lcam_front_lidar.ply,0.25,800,0.8,0.13254,0.99,1,0.0,0.0,0.0
Data_omni/000456_lcam_front_lidar.ply,0.25,800,0.8,0.14111,0.99,1,0.0,0.0,0.0
Data_omni/000457_lcam_front_lidar.ply,0.15,800,0.8,0.13632,0.99,1,0.0,0.0,0.0
Data_omni/000458_lcam_front_lidar.ply,0.25,800,0.8,0.1527,0.99,1,0.0,0.0,0.0
Data_omni/000459_lcam_front_lidar.ply,0.25,800,0.8,0.1489,0.99,1,0.0,0.0,0.0
Data_omni/000460_lcam_front_lidar.ply,0.15,800,0.8,0.13498,0.99,1,0.0,0.0,0.0
Data_omni/000461_lcam_front_lidar.ply,0.15,800,0.8,0.14252,0.99,1,0.0,0.0,0.0
Data_omni/000462_lcam_front_lidar.ply,0.15,800,0.8,0.16348,0.99,1,0.0,0.0,0.0
Data_omni/000463_lcam_front_lidar.ply,0.15,800,0.8,0.13426,0.99,1,0.0,0.0,0.0
Data_omni/000464_lcam_front_lidar.ply,0.25,800,0.8,0.13662,0.99,1,0.0,0.0,0.0
Data_omni/000465_lcam_front_lidar.ply,0.15,800,0.8,0.13654,0.99,1,0.0,0.0,0.0
Data_omni/000466_lcam_front_lidar.ply,0.25,800,0.8,0.13513,0.99,1,0.0,0.0,0.0
Data_omni/000467_lcam_front_lidar.ply,0.15,800,0.8,0.13855,0.99,1,0.0,0.0,0.0
Data_omni/000468_lcam_front_lidar.ply,0.25,800,0.8,0.16583,0.99,1,0.0,0.0,0.0
Data_omni/000469_lcam_front_lidar.ply,0.25,800,0.8,0.14072,0.99,1,0.0,0.0,0.0
Data_omni/000470_lcam_front_lidar.ply,0.15,800,0.8,0.14261,0.99,1,0.0,0.0,0.0
Data_omni/000471_lcam_front_lidar.ply,0.15,800,0.8,0.15481,0.99,1,0.0,0.0,0.0
Data_omni/000472_lcam_front_lidar.ply,0.15,800,0.8,0.14562,0.99,1,0.0,0.0,0.0
Data_omni/000473_lcam_front_lidar.ply,0.15,800,0.8,0.15519,0.99,1,0.0,0.0,0.0
Data_omni/000474_lcam_front_lidar.ply,0.15,800,0.8,0.13916,0.99,1,0.0,0.0,0.0
Data_omni/000475_lcam_front_lidar.ply,0.15,800,0.8,0.15049,0.99,1,0.0,0.0,0.0
Data_omni/000476_lcam_front_lidar.ply,0.15,800,0.8,0.16131,0.99,1,0.0,0.0,0.0
Data_omni/000477_lcam_front_lidar.ply,0.15,800,0.8,0.12893,0.99,1,0.0,0.0,0.0
Data_omni/000478_lcam_front_lidar.ply,0.15,800,0.8,0.15896,0.99,1,0.0,0.0,0.0
Data_omni/000479_lcam_front_lidar.ply,0.15,800,0.8,0.13929,0.99,1,0.0,0.0,0.0
Data_omni/000480_lcam_front_lidar.ply,0.15,800,0.8,0.15073,0.99,1,0.0,0.0,0.0
Data_omni/000481_lcam_front_lidar.ply,0.15,800,0.8,0.1563,0.99,1,0.0,0.0,0.0
Data_omni/000482_lcam_front_lidar.ply,0.15,800,0.8,0.15364,0.99,1,0.0,0.0,0.0
Data_omni/000483_lcam_front_lidar.ply,0.15,800,0.8,0.17531,0.99,1,0.0,0.0,0.0
Data_omni/000484_lcam_front_lidar.ply,0.15,800,0.8,0.15138,0.99,1,0.0,0.0,0.0
Data_omni/000485_lcam_front_lidar.ply,0.25,800,0.8,0.16055,0.99,1,0.0,0.0,0.0
Data_omni/000486_lcam_front_lidar.ply,0.25,800,0.8,0.16018,0.99,1,0.0,0.0,0.0
Data_omni/000487_lcam_front_lidar.ply,0.15,800,0.8,0.13167,0.99,1,0.0,0.0,0.0
Data_omni/000488_lcam_front_lidar.ply,0.15,800,0.8,0.18392,0.99,1,0.0,0.0,0.0
Data_omni/000489_lcam_front_lidar.ply,0.15,800,0.8,0.12887,0.99,1,0.0,0.0,0.0
Data_omni/000490_lcam_front_lidar.ply,0.15,800,0.8,0.15405,0.99,1,0.0,0.0,0.0
Data_omni/000491_lcam_front_lidar.ply,0.15,800,0.8,0.13766,0.99,1,0.0,0.0,0.0
Data_omni/000492_lcam_front_lidar.ply,0.15,800,0.8,0.13496,0.99,1,0.0,0.0,0.0
Data_omni/000493_lcam_front_lidar.ply,0.15,800,0.8,0.14344,0.99,1,0.0,0.0,0.0
Data_omni/000494_lcam_front_lidar.ply,0.15,800,0.8,0.13725,0.99,1,0.0,0.0,0.0
Data_omni/000495_lcam_front_lidar.ply,0.15,800,0.8,0.14711,0.99,1,0.0,0.0,0.0
Data_omni/000496_lcam_front_lidar.ply,0.15,800,0.8,0.16181,0.99,1,0.0,0.0,0.0
Data_omni/000497_lcam_front_lidar.ply,0.15,800,0.8,0.1393,0.99,1,0.0,0.0,0.0
Data_omni/000498_lcam_front_lidar.ply,0.25,800,0.8,0.13584,0.99,1,0.0,0.0,0.0
Data_omni/000499_lcam_front_lidar.ply,0.15,800,0.8,0.13317,0.99,1,0.0,0.0,0.0
Data_omni/000500_lcam_front_lidar.ply,0.15,800,0.8,0.13524,0.99,1,0.0,0.0,0.0
Data_omni/000501_lcam_front_lidar.ply,0.15,800,0.8,0.14429,0.99,1,0.0,0.0,0.0
Data_omni/000502_lcam_front_lidar.ply,0.15,800,0.8,0.14951,0.99,1,0.0,0.0,0.0
Data_omni/000503_lcam_front_lidar.ply,0.15,800,0.8,0.13889,0.99,1,0.0,0.0,0.0
Data_omni/000504_lcam_front_lidar.ply,0.15,800,0.8,0.15776,0.99,1,0.0,0.0,0.0
Data_omni/000505_lcam_front_lidar.ply,0.15,800,0.8,0.15108,0.99,1,0.0,0.0,0.0
Data_omni/000506_lcam_front_lidar.ply,0.15,800,0.8,0.13914,0.99,1,0.0,0.0,0.0
Data_omni/000507_lcam_front_lidar.ply,0.15,800,0.8,0.1642,0.99,1,0.0,0.0,0.0
Data_omni/000508_lcam_front_lidar.ply,0.15,800,0.8,0.13678,0.99,1,0.0,0.0,0.0
Data_omni/000509_lcam_front_lidar.ply,0.15,800,0.8,0.14239,0.99,1,0.0,0.0,0.0
Data_omni/000510_lcam_front_lidar.ply,0.15,800,0.8,0.16388,0.99,1,0.0,0.0,0.0
Data_omni/000511_lcam_front_lidar.ply,0.15,800,0.8,0.14571,0.99,1,0.0,0.0,0.0
Data_omni/000512_lcam_front_lidar.ply,0.15,800,0.8,0.17012,0.99,1,0.0,0.0,0.0
Data_omni/000513_lcam_front_lidar.ply,0.15,800,0.8,0.15259,0.99,1,0.0,0.0,0.0
Data_omni/000514_lcam_front_lidar.ply,0.15,800,0.8,0.14023,0.99,1,0.0,0.0,0.0
Data_omni/000515_lcam_front_lidar.ply,0.15,800,0.8,0.15541,0.99,1,0.0,0.0,0.0
Data_omni/000516_lcam_front_lidar.ply,0.15,800,0.8,0.15751,0.99,1,0.0,0.0,0.0
Data_omni/000517_lcam_front_lidar.ply,0.15,800,0.8,0.15367,0.99,1,0.0,0.0,0.0
Data_omni/000518_lcam_front_lidar.ply,0.15,800,0.8,0.14486,0.99,1,0.0,0.0,0.0
Data_omni/000519_lcam_front_lidar.ply,0.15,800,0.8,0.17626,0.99,1,0.0,0.0,0.0
Data_omni/000520_lcam_front_lidar.ply,0.15,800,0.8,0.14325,0.99,1,0.0,0.0,0.0
Data_omni/000521_lcam_front_lidar.ply,0.15,800,0.8,0.14178,0.99,1,0.0,0.0,0.0
Data_omni/000522_lcam_front_lidar.ply,0.15,800,0.8,0.15081,0.99,1,0.0,0.0,0.0
Data_omni/000523_lcam_front_lidar.ply,0.15,800,0.8,0.15666,0.99,1,0.0,0.0,0.0
Data_omni/000524_lcam_front_lidar.ply,0.15,800,0.8,0.17766,0.99,1,0.0,0.0,0.0
Data_omni/000525_lcam_front_lidar.ply,0.15,800,0.8,0.15464,0.99,1,0.0,0.0,0.0
Data_omni/000526_lcam_front_lidar.ply,0.15,800,0.8,0.13616,0.99,1,0.0,0.0,0.0
Data_omni/000527_lcam_front_lidar.ply,0.15,800,0.8,0.19223,0.99,1,0.0,0.0,0.0
Data_omni/000528_lcam_front_lidar.ply,0.15,800,0.8,0.15431,0.99,1,0.0,0.0,0.0
Data_omni/000529_lcam_front_lidar.ply,0.15,800,0.8,0.18763,0.99,1,0.0,0.0,0.0
Data_omni/000530_lcam_front_lidar.ply,0.15,800,0.88,0.19135,0.99,1,0.0,0.0,0.0
Data_omni/000531_lcam_front_lidar.ply,0.15,800,0.8,0.23941,0.99,1,0.0,0.0,0.0
Data_omni/000532_lcam_front_lidar.ply,0.15,800,0.8,0.20277,0.99,1,0.0,0.0,0.0
Data_omni/000533_lcam_front_lidar.ply,0.15,800,0.88,0.13937,0.99,1,0.0,0.0,0.0
Data_omni/000534_lcam_front_lidar.ply,0.15,800,0.8,0.21746,0.99,1,0.0,0.0,0.0
Data_omni/000535_lcam_front_lidar.ply,0.15,800,0.88,0.16114,0.99,1,0.0,0.0,0.0
Data_omni/000536_lcam_front_lidar.ply,0.15,800,0.8,0.17514,0.99,1,0.0,0.0,0.0
Data_omni/000537_lcam_front_lidar.ply,0.15,800,0.8,0.1565,0.99,1,0.0,0.0,0.0
Data_omni/000538_lcam_front_lidar.ply,0.15,800,0.88,0.16414,0.99,1,0.0,0.0,0.0
Data_omni/000539_lcam_front_lidar.ply,0.15,800,0.88,0.14706,0.99,1,0.0,0.0,0.0
Data_omni/000540_lcam_front_lidar.ply,0.15,800,0.8,0.1914,0.99,1,0.0,0.0,0.0
Data_omni/000541_lcam_front_lidar.ply,0.15,800,0.88,0.1949,0.99,1,0.0,0.0,0.0
Data_omni/000542_lcam_front_lidar.ply,0.15,800,0.88,0.18589,0.99,1,0.0,0.0,0.0
Data_omni/000543_lcam_front_lidar.ply,0.15,800,0.88,0.18441,0.99,1,0.0,0.0,0.0
Data_omni/000544_lcam_front_lidar.ply,0.15,800,0.88,0.1652,0.99,1,0.0,0.0,0.0
Data_omni/000545_lcam_front_lidar.ply,0.15,800,0.88,0.17671,0.99,1,0.0,0.0,0.0
Data_omni/000546_lcam_front_lidar.ply,0.15,800,0.8,0.14804,0.99,1,0.0,0.0,0.0
Data_omni/000547_lcam_front_lidar.ply,0.15,800,0.8,0.16588,0.99,1,0.0,0.0,0.0
Data_omni/000548_lcam_front_lidar.ply,0.15,800,0.88,0.15822,0.99,1,0.0,0.0,0.0
Data_omni/000549_lcam_front_lidar.ply,0.15,800,0.8,0.17442,0.99,1,0.0,0.0,0.0
Data_omni/000550_lcam_front_lidar.ply,0.15,800,0.88,0.15871,0.99,1,0.0,0.0,0.0
Data_omni/000551_lcam_front_lidar.ply,0.15,800,0.88,0.14864,0.99,1,0.0,0.0,0.0
Data_omni/000552_lcam_front_lidar.ply,0.15,800,0.88,0.15307,0.99,1,0.0,0.0,0.0
Data_omni/000553_lcam_front_lidar.ply,0.15,800,0.88,0.15386,0.99,1,0.0,0.0,0.0
Data_omni/000554_lcam_front_lidar.ply,0.15,800,0.88,0.14136,0.99,1,0.0,0.0,0.0
Data_omni/000555_lcam_front_lidar.ply,0.15,800,0.88,0.1524,0.99,1,0.0,0.0,0.0
Data_omni/000556_lcam_front_lidar.ply,0.15,800,0.88,0.14425,0.99,1,0.0,0.0,0.0
Data_omni/000557_lcam_front_lidar.ply,0.15,800,0.88,0.15441,0.99,1,0.0,0.0,0.0
Data_omni/000558_lcam_front_lidar.ply,0.15,800,0.8,0.14925,0.99,1,0.0,0.0,0.0
Data_omni/000559_lcam_front_lidar.ply,0.15,800,0.8,0.14814,0.99,1,0.0,0.0,0.0
Data_omni/000560_lcam_front_lidar.ply,0.15,800,0.8,0.15871,0.99,1,0.0,0.0,0.0
Data_omni/000561_lcam_front_lidar.ply,0.15,800,0.8,0.15032,0.99,1,0.0,0.0,0.0
Data_omni/000562_lcam_front_lidar.ply,0.15,800,0.8,0.15448,0.99,1,0.0,0.0,0.0
Data_omni/000563_lcam_front_lidar.ply,0.15,800,0.8,0.13716,0.99,1,0.0,0.0,0.0
Data_omni/000564_lcam_front_lidar.ply,0.15,800,0.8,0.15655,0.99,1,0.0,0.0,0.0
Data_omni/000565_lcam_front_lidar.ply,0.15,800,0.8,0.13702,0.99,1,0.0,0.0,0.0
Data_omni/000566_lcam_front_lidar.ply,0.15,800,0.8,0.13553,0.99,1,0.0,0.0,0.0
Data_omni/000567_lcam_front_lidar.ply,0.15,800,0.8,0.1646,0.99,1,0.0,0.0,0.0
Data_omni/000568_lcam_front_lidar.ply,0.15,800,0.8,0.15087,0.99,1,0.0,0.0,0.0
Data_omni/000569_lcam_front_lidar.ply,0.15,800,0.8,0.14731,0.99,1,0.0,0.0,0.0
Data_omni/000570_lcam_front_lidar.ply,0.15,800,0.8,0.17435,0.99,1,0.0,0.0,0.0
Data_omni/000571_lcam_front_lidar.ply,0.15,800,0.8,0.15037,0.99,1,0.0,0.0,0.0
Data_omni/000572_lcam_front_lidar.ply,0.15,800,0.8,0.17395,0.99,1,0.0,0.0,0.0
Data_omni/000573_lcam_front_lidar.ply,0.15,800,0.8,0.16721,0.99,1,0.0,0.0,0.0
Data_omni/000574_lcam_front_lidar.ply,0.15,800,0.8,0.14085,0.99,1,0.0,0.0,0.0
Data_omni/000575_lcam_front_lidar.ply,0.15,800,0.8,0.15789,0.99,1,0.0,0.0,0.0
Data_omni/000576_lcam_front_lidar.ply,0.15,800,0.8,0.16008,0.99,1,0.0,0.0,0.0
Data_omni/000577_lcam_front_lidar.ply,0.15,800,0.8,0.15053,0.99,1,0.0,0.0,0.0
Data_omni/000578_lcam_front_lidar.ply,0.15,800,0.8,0.1444,0.99,1,0.0,0.0,0.0
Data_omni/000579_lcam_front_lidar.ply,0.15,800,0.8,0.15449,0.99,1,0.0,0.0,0.0
Data_omni/000580_lcam_front_lidar.ply,0.15,800,0.88,0.15458,0.99,1,0.0,0.0,0.0
Data_omni/000581_lcam_front_lidar.ply,0.15,800,0.8,0.18078,0.99,1,0.0,0.0,0.0
Data_omni/000582_lcam_front_lidar.ply,0.15,800,0.88,0.14302,0.99,1,0.0,0.0,0.0
Data_omni/000583_lcam_front_lidar.ply,0.15,800,0.88,0.1142,0.99,1,0.0,0.0,0.0
Data_omni/000584_lcam_front_lidar.ply,0.15,800,0.8,0.13736,0.99,1,0.0,0.0,0.0
Data_omni/000585_lcam_front_lidar.ply,0.15,800,0.8,0.14403,0.99,1,0.0,0.0,0.0
Data_omni/000586_lcam_front_lidar.ply,0.15,800,0.8,0.15304,0.99,1,0.0,0.0,0.0
Data_omni/000587_lcam_front_lidar.ply,0.15,800,0.8,0.13471,0.99,1,0.0,0.0,0.0
Data_omni/000588_lcam_front_lidar.ply,0.15,800,0.8,0.1291,0.99,1,0.0,0.0,0.0
Data_omni/000589_lcam_front_lidar.ply,0.15,800,0.8,0.12964,0.99,1,0.0,0.0,0.0
Data_omni/000590_lcam_front_lidar.ply,0.15,800,0.8,0.12282,0.99,1,0.0,0.0,0.0
Data_omni/000591_lcam_front_lidar.ply,0.15,800,0.8,0.13794,0.99,1,0.0,0.0,0.0
Data_omni/000592_lcam_front_lidar.ply,0.15,800,0.8,0.1495,0.99,1,0.0,0.0,0.0
Data_omni/000593_lcam_front_lidar.ply,0.15,800,0.8,0.12335,0.99,1,0.0,0.0,0.0
Data_omni/000594_lcam_front_lidar.ply,0.15,800,0.8,0.1514,0.99,1,0.0,0.0,0.0
Data_omni/000595_lcam_front_lidar.ply,0.15,800,0.8,0.14603,0.99,1,0.0,0.0,0.0
Data_omni/000596_lcam_front_lidar.ply,0.15,800,0.8,0.11223,0.99,1,0.0,0.0,0.0
Data_omni/000597_lcam_front_lidar.ply,0.15,800,0.8,0.14213,0.99,1,0.0,0.0,0.0
Data_omni/000598_lcam_front_lidar.ply,0.15,800,0.88,0.13008,0.99,1,0.0,0.0,0.0
Data_omni/000599_lcam_front_lidar.ply,0.15,800,0.93,0.13081,0.99,1,0.0,0.0,0.0
Data_omni/000600_lcam_front_lidar.ply,0.15,800,0.88,0.12138,0.99,1,0.0,0.0,0.0
Data_omni/000601_lcam_front_lidar.ply,0.15,800,0.88,0.13488,0.99,1,0.0,0.0,0.0
Data_omni/000602_lcam_front_lidar.ply,0.15,800,0.88,0.14121,0.99,1,0.0,0.0,0.0
Data_omni/000603_lcam_front_lidar.ply,0.15,800,0.93,0.13255,0.99,1,0.0,0.0,0.0
Data_omni/000604_lcam_front_lidar.ply,0.15,800,0.88,0.15795,0.99,1,0.0,0.0,0.0
Data_omni/000605_lcam_front_lidar.ply,0.15,800,0.88,0.12676,0.99,1,0.0,0.0,0.0
Data_omni/000606_lcam_front_lidar.ply,0.15,800,0.88,0.13694,0.99,1,0.0,0.0,0.0
Data_omni/000607_lcam_front_lidar.ply,0.15,800,0.88,0.13461,0.99,1,0.0,0.0,0.0
Data_omni/000608_lcam_front_lidar.ply,0.15,800,0.88,0.13288,0.99,1,0.0,0.0,0.0
Data_omni/000609_lcam_front_lidar.ply,0.15,800,0.88,0.13347,0.99,1,0.0,0.0,0.0
Data_omni/000610_lcam_front_lidar.ply,0.15,800,0.88,0.13563,0.99,1,0.0,0.0,0.0
Data_omni/000611_lcam_front_lidar.ply,0.15,800,0.88,0.14635,0.99,1,0.0,0.0,0.0
Data_omni/000612_lcam_front_lidar.ply,0.15,800,0.88,0.13155,0.99,1,0.0,0.0,0.0
Data_omni/000613_lcam_front_lidar.ply,0.15,800,0.88,0.148,0.99,1,0.0,0.0,0.0
Data_omni/000614_lcam_front_lidar.ply,0.15,800,0.88,0.16629,0.99,1,0.0,0.0,0.0
Data_omni/000615_lcam_front_lidar.ply,0.15,800,0.88,0.14574,0.99,1,0.0,0.0,0.0
Data_omni/000616_lcam_front_lidar.ply,0.15,800,0.88,0.14926,0.99,1,0.0,0.0,0.0
Data_omni/000617_lcam_front_lidar.ply,0.15,800,0.88,0.12276,0.99,1,0.0,0.0,0.0
Data_omni/000618_lcam_front_lidar.ply,0.15,800,0.88,0.1322,0.99,1,0.0,0.0,0.0
Data_omni/000619_lcam_front_lidar.ply,0.15,800,0.88,0.13262,0.99,1,0.0,0.0,0.0
Data_omni/000620_lcam_front_lidar.ply,0.15,800,0.88,0.15898,0.99,1,0.0,0.0,0.0
Data_omni/000621_lcam_front_lidar.ply,0.15,800,0.88,0.15375,0.99,1,0.0,0.0,0.0
Data_omni/000622_lcam_front_lidar.ply,0.15,800,0.88,0.13623,0.99,1,0.0,0.0,0.0
Data_omni/000623_lcam_front_lidar.ply,0.15,800,0.88,0.13252,0.99,1,0.0,0.0,0.0
Data_omni/000624_lcam_front_lidar.ply,0.15,800,0.88,0.12834,0.99,1,0.0,0.0,0.0
Data_omni/000625_lcam_front_lidar.ply,0.15,800,0.8,0.11305,0.99,1,0.0,0.0,0.0
Data_omni/000626_lcam_front_lidar.ply,0.15,800,0.88,0.13812,0.99,1,0.0,0.0,0.0
Data_omni/000627_lcam_front_lidar.ply,0.15,800,0.88,0.12495,0.99,1,0.0,0.0,0.0
Data_omni/000628_lcam_front_lidar.ply,0.15,800,0.88,0.1188,0.99,1,0.0,0.0,0.0
Data_omni/000629_lcam_front_lidar.ply,0.15,800,0.88,0.11561,0.99,1,0.0,0.0,0.0
Data_omni/000630_lcam_front_lidar.ply,0.15,800,0.88,0.12722,0.99,1,0.0,0.0,0.0
Data_omni/000631_lcam_front_lidar.ply,0.15,800,0.88,0.1211,0.99,1,0.0,0.0,0.0
Data_omni/000632_lcam_front_lidar.ply,0.15,800,0.88,0.11381,0.99,1,0.0,0.0,0.0
Data_omni/000633_lcam_front_lidar.ply,0.15,800,0.88,0.12092,0.99,1,0.0,0.0,0.0
Data_omni/000634_lcam_front_lidar.ply,0.15,800,0.88,0.12078,0.99,1,0.0,0.0,0.0
Data_omni/000635_lcam_front_lidar.ply,0.15,800,0.88,0.13038,0.99,1,0.0,0.0,0.0
Data_omni/000636_lcam_front_lidar.ply,0.15,800,0.88,0.11932,0.99,1,0.0,0.0,0.0
Data_omni/000637_lcam_front_lidar.ply,0.15,800,0.88,0.12299,0.99,1,0.0,0.0,0.0
Data_omni/000638_lcam_front_lidar.ply,0.15,800,0.88,0.12231,0.99,1,0.0,0.0,0.0
Data_omni/000639_lcam_front_lidar.ply,0.15,800,0.88,0.10564,0.99,1,0.0,0.0,0.0
Data_omni/000640_lcam_front_lidar.ply,0.15,800,0.88,0.12686,0.99,1,0.0,0.0,0.0
Data_omni/000641_lcam_front_lidar.ply,0.15,800,0.88,0.12251,0.99,1,0.0,0.0,0.0
Data_omni/000642_lcam_front_lidar.ply,0.15,800,0.8,0.13273,0.99,1,0.0,0.0,0.0
Data_omni/000643_lcam_front_lidar.ply,0.15,800,0.88,0.12753,0.99,1,0.0,0.0,0.0
Data_omni/000644_lcam_front_lidar.ply,0.15,800,0.88,0.13528,0.99,1,0.0,0.0,0.0
Data_omni/000645_lcam_front_lidar.ply,0.15,800,0.88,0.12732,0.99,1,0.0,0.0,0.0
Data_omni/000646_lcam_front_lidar.ply,0.15,800,0.88,0.12731,0.99,1,0.0,0.0,0.0
Data_omni/000647_lcam_front_lidar.ply,0.15,800,0.88,0.12711,0.99,1,0.0,0.0,0.0
Data_omni/000648_lcam_front_lidar.ply,0.15,800,0.88,0.11614,0.99,1,0.0,0.0,0.0
Data_omni/000649_lcam_front_lidar.ply,0.15,800,0.88,0.12652,0.99,1,0.0,0.0,0.0
Data_omni/000650_lcam_front_lidar.ply,0.15,800,0.8,0.13106,0.99,1,0.0,0.0,0.0
Data_omni/000651_lcam_front_lidar.ply,0.15,800,0.88,0.13311,0.99,1,0.0,0.0,0.0
Data_omni/000652_lcam_front_lidar.ply,0.15,800,0.88,0.13115,0.99,1,0.0,0.0,0.0
Data_omni/000653_lcam_front_lidar.ply,0.15,800,0.88,0.11713,0.99,1,0.0,0.0,0.0
Data_omni/000654_lcam_front_lidar.ply,0.15,800,0.88,0.13179,0.99,1,0.0,0.0,0.0
Data_omni/000655_lcam_front_lidar.ply,0.15,800,0.88,0.12494,0.99,1,0.0,0.0,0.0
Data_omni/000656_lcam_front_lidar.ply,0.15,800,0.88,0.13019,0.99,1,0.0,0.0,0.0
Data_omni/000657_lcam_front_lidar.ply,0.15,800,0.8,0.1332,0.99,1,0.0,0.0,0.0
Data_omni/000658_lcam_front_lidar.ply,0.15,800,0.88,0.1387,0.99,1,0.0,0.0,0.0
Data_omni/000659_lcam_front_lidar.ply,0.15,800,0.8,0.15947,0.99,1,0.0,0.0,0.0
Data_omni/000660_lcam_front_lidar.ply,0.15,800,0.88,0.13084,0.99,1,0.0,0.0,0.0
Data_omni/000661_lcam_front_lidar.ply,0.15,800,0.8,0.12699,0.99,1,0.0,0.0,0.0
Data_omni/000662_lcam_front_lidar.ply,0.15,800,0.88,0.12184,0.99,1,0.0,0.0,0.0
Data_omni/000663_lcam_front_lidar.ply,0.15,800,0.8,0.12787,0.99,1,0.0,0.0,0.0
Data_omni/000664_lcam_front_lidar.ply,0.15,800,0.8,0.11739,0.99,1,0.0,0.0,0.0
Data_omni/000665_lcam_front_lidar.ply,0.15,800,0.8,0.1212,0.99,1,0.0,0.0,0.0
Data_omni/000666_lcam_front_lidar.ply,0.15,800,0.8,0.14078,0.99,1,0.0,0.0,0.0
Data_omni/000667_lcam_front_lidar.ply,0.15,800,0.88,0.12911,0.99,1,0.0,0.0,0.0
Data_omni/000668_lcam_front_lidar.ply,0.15,800,0.8,0.12956,0.99,1,0.0,0.0,0.0
Data_omni/000669_lcam_front_lidar.ply,0.15,800,0.8,0.11834,0.99,1,0.0,0.0,0.0
Data_omni/000670_lcam_front_lidar.ply,0.15,800,0.8,0.13308,0.99,1,0.0,0.0,0.0
Data_omni/000671_lcam_front_lidar.ply,0.15,800,0.88,0.12708,0.99,1,0.0,0.0,0.0
Data_omni/000672_lcam_front_lidar.ply,0.15,800,0.88,0.12612,0.99,1,0.0,0.0,0.0
Data_omni/000673_lcam_front_lidar.ply,0.15,800,0.88,0.14483,0.99,1,0.0,0.0,0.0
Data_omni/000674_lcam_front_lidar.ply,0.15,800,0.88,0.13316,0.99,1,0.0,0.0,0.0
Data_omni/000675_lcam_front_lidar.ply,0.15,800,0.88,0.12794,0.99,1,0.0,0.0,0.0
Data_omni/000676_lcam_front_lidar.ply,0.15,800,0.88,0.10722,0.99,1,0.0,0.0,0.0
Data_omni/000677_lcam_front_lidar.ply,0.15,800,0.88,0.13748,0.99,1,0.0,0.0,0.0
Data_omni/000678_lcam_front_lidar.ply,0.15,800,0.88,0.13455,0.99,1,0.0,0.0,0.0
Data_omni/000679_lcam_front_lidar.ply,0.15,800,0.88,0.12593,0.99,1,0.0,0.0,0.0
Data_omni/000680_lcam_front_lidar.ply,0.15,800,0.88,0.13569,0.99,1,0.0,0.0,0.0
Data_omni/000681_lcam_front_lidar.ply,0.15,800,0.88,0.13302,0.99,1,0.0,0.0,0.0
Data_omni/000682_lcam_front_lidar.ply,0.15,800,0.88,0.12249,0.99,1,0.0,0.0,0.0
Data_omni/000683_lcam_front_lidar.ply,0.15,800,0.8,0.12904,0.99,1,0.0,0.0,0.0
Data_omni/000684_lcam_front_lidar.ply,0.15,800,0.88,0.11254,0.99,1,0.0,0.0,0.0
Data_omni/000685_lcam_front_lidar.ply,0.15,800,0.88,0.12503,0.99,1,0.0,0.0,0.0
Data_omni/000686_lcam_front_lidar.ply,0.15,800,0.88,0.12066,0.99,1,0.0,0.0,0.0
Data_omni/000687_lcam_front_lidar.ply,0.15,800,0.8,0.13462,0.99,1,0.0,0.0,0.0
Data_omni/000688_lcam_front_lidar.ply,0.15,800,0.88,0.12703,0.99,1,0.0,0.0,0.0
Data_omni/000689_lcam_front_lidar.ply,0.15,800,0.8,0.12416,0.99,1,0.0,0.0,0.0
Data_omni/000690_lcam_front_lidar.ply,0.15,800,0.8,0.14271,0.99,1,0.0,0.0,0.0
Data_omni/000691_lcam_front_lidar.ply,0.15,800,0.8,0.11259,0.99,1,0.0,0.0,0.0
Data_omni/000692_lcam_front_lidar.ply,0.15,800,0.8,0.12822,0.99,1,0.0,0.0,0.0
Data_omni/000693_lcam_front_lidar.ply,0.15,800,0.8,0.12295,0.99,1,0.0,0.0,0.0
Data_omni/000694_lcam_front_lidar.ply,0.15,800,0.8,0.12195,0.99,1,0.0,0.0,0.0
Data_omni/000695_lcam_front_lidar.ply,0.15,800,0.8,0.11464,0.99,1,0.0,0.0,0.0
Data_omni/000696_lcam_front_lidar.ply,0.15,800,0.8,0.11671,0.99,1,0.0,0.0,0.0
Data_omni/000697_lcam_front_lidar.ply,0.15,800,0.8,0.1275,0.99,1,0.0,0.0,0.0
Data_omni/000698_lcam_front_lidar.ply,0.15,800,0.8,0.12431,0.99,1,0.0,0.0,0.0
Data_omni/000699_lcam_front_lidar.ply,0.15,800,0.8,0.09537,0.99,1,0.0,0.0,0.0
Data_omni/000700_lcam_front_lidar.ply,0.15,800,0.8,0.12026,0.99,1,0.0,0.0,0.0
Data_omni/000701_lcam_front_lidar.ply,0.15,800,0.8,0.12098,0.99,1,0.0,0.0,0.0
Data_omni/000702_lcam_front_lidar.ply,0.15,800,0.8,0.11168,0.99,1,0.0,0.0,0.0
Data_omni/000703_lcam_front_lidar.ply,0.15,800,0.8,0.11646,0.99,1,0.0,0.0,0.0
Data_omni/000704_lcam_front_lidar.ply,0.15,800,0.8,0.10721,0.99,1,0.0,0.0,0.0
Data_omni/000705_lcam_front_lidar.ply,0.15,800,0.8,0.09127,0.99,1,0.0,0.0,0.0
Data_omni/000706_lcam_front_lidar.ply,0.15,800,0.8,0.10261,0.99,1,0.0,0.0,0.0
Data_omni/000707_lcam_front_lidar.ply,0.15,800,0.8,0.10523,0.99,1,0.0,0.0,0.0
Data_omni/000708_lcam_front_lidar.ply,0.15,800,0.8,0.11314,0.99,1,0.0,0.0,0.0
Data_omni/000709_lcam_front_lidar.ply,0.15,800,0.8,0.10873,0.99,1,0.0,0.0,0.0
Data_omni/000710_lcam_front_lidar.ply,0.15,800,0.8,0.11341,0.99,1,0.0,0.0,0.0
Data_omni/000711_lcam_front_lidar.ply,0.15,800,0.8,0.10871,0.99,1,0.0,0.0,0.0
Data_omni/000712_lcam_front_lidar.ply,0.15,800,0.8,0.11891,0.99,1,0.0,0.0,0.0
Data_omni/000713_lcam_front_lidar.ply,0.15,800,0.8,0.10489,0.99,1,0.0,0.0,0.0
Data_omni/000714_lcam_front_lidar.ply,0.15,800,0.8,0.10958,0.99,1,0.0,0.0,0.0
Data_omni/000715_lcam_front_lidar.ply,0.15,800,0.8,0.1122,0.99,1,0.0,0.0,0.0
Data_omni/000716_lcam_front_lidar.ply,0.15,800,0.8,0.11428,0.99,1,0.0,0.0,0.0
Data_omni/000717_lcam_front_lidar.ply,0.15,800,0.8,0.098,0.99,1,0.0,0.0,0.0
Data_omni/000718_lcam_front_lidar.ply,0.15,800,0.8,0.09833,0.99,1,0.0,0.0,0.0
Data_omni/000719_lcam_front_lidar.ply,0.15,800,0.8,0.1159,0.99,1,0.0,0.0,0.0
Data_omni/000720_lcam_front_lidar.ply,0.15,800,0.8,0.10317,0.99,1,0.0,0.0,0.0
Data_omni/000721_lcam_front_lidar.ply,0.15,800,0.8,0.12507,0.99,1,0.0,0.0,0.0
Data_omni/000722_lcam_front_lidar.ply,0.15,800,0.8,0.10017,0.99,1,0.0,0.0,0.0
Data_omni/000723_lcam_front_lidar.ply,0.15,800,0.8,0.10251,0.99,1,0.0,0.0,0.0
Data_omni/000724_lcam_front_lidar.ply,0.15,800,0.8,0.12051,0.99,1,0.0,0.0,0.0
Data_omni/000725_lcam_front_lidar.ply,0.15,800,0.8,0.08521,0.99,1,0.0,0.0,0.0
Data_omni/000726_lcam_front_lidar.ply,0.15,800,0.8,0.1082,0.99,1,0.0,0.0,0.0
Data_omni/000727_lcam_front_lidar.ply,0.15,800,0.8,0.11828,0.99,1,0.0,0.0,0.0
Data_omni/000728_lcam_front_lidar.ply,0.15,800,0.8,0.10895,0.99,1,0.0,0.0,0.0
Data_omni/000729_lcam_front_lidar.ply,0.15,800,0.8,0.10871,0.99,1,0.0,0.0,0.0
Data_omni/000730_lcam_front_lidar.ply,0.15,800,0.8,0.10944,0.99,1,0.0,0.0,0.0
Data_omni/000731_lcam_front_lidar.ply,0.15,800,0.8,0.11185,0.99,1,0.0,0.0,0.0
Data_omni/000732_lcam_front_lidar.ply,0.15,800,0.8,0.10956,0.99,1,0.0,0.0,0.0
Data_omni/000733_lcam_front_lidar.ply,0.15,800,0.8,0.11464,0.99,1,0.0,0.0,0.0
Data_omni/000734_lcam_front_lidar.ply,0.15,800,0.8,0.11687,0.99,1,0.0,0.0,0.0
Data_omni/000735_lcam_front_lidar.ply,0.15,800,0.8,0.10921,0.99,1,0.0,0.0,0.0
Data_omni/000736_lcam_front_lidar.ply,0.15,800,0.8,0.12014,0.99,1,0.0,0.0,0.0
Data_omni/000737_lcam_front_lidar.ply,0.15,800,0.8,0.09883,0.99,1,0.0,0.0,0.0
Data_omni/000738_lcam_front_lidar.ply,0.15,800,0.8,0.12286,0.99,1,0.0,0.0,0.0
Data_omni/000739_lcam_front_lidar.ply,0.15,800,0.8,0.1018,0.99,1,0.0,0.0,0.0
Data_omni/000740_lcam_front_lidar.ply,0.15,800,0.8,0.11693,0.99,1,0.0,0.0,0.0
Data_omni/000741_lcam_front_lidar.ply,0.15,800,0.8,0.11008,0.99,1,0.0,0.0,0.0
Data_omni/000742_lcam_front_lidar.ply,0.15,800,0.8,0.10064,0.99,1,0.0,0.0,0.0
Data_omni/000743_lcam_front_lidar.ply,0.15,800,0.8,0.11395,0.99,1,0.0,0.0,0.0
Data_omni/000744_lcam_front_lidar.ply,0.15,800,0.8,0.09477,0.99,1,0.0,0.0,0.0
Data_omni/000745_lcam_front_lidar.ply,0.15,800,0.8,0.10379,0.99,1,0.0,0.0,0.0
Data_omni/000746_lcam_front_lidar.ply,0.15,800,0.8,0.10711,0.99,1,0.0,0.0,0.0
Data_omni/000747_lcam_front_lidar.ply,0.15,800,0.8,0.21447,0.99,1,0.0,0.0,0.0
Data_omni/000748_lcam_front_lidar.ply,0.15,800,0.8,0.12012,0.99,1,0.0,0.0,0.0
Data_omni/000749_lcam_front_lidar.ply,0.15,800,0.8,0.11052,0.99,1,0.0,0.0,0.0
Data_omni/000750_lcam_front_lidar.ply,0.15,800,0.8,0.12677,0.99,1,0.0,0.0,0.0
Data_omni/000751_lcam_front_lidar.ply,0.15,800,0.8,0.10714,0.99,1,0.0,0.0,0.0
Data_omni/000752_lcam_front_lidar.ply,0.15,800,0.8,0.1079,0.99,1,0.0,0.0,0.0
Data_omni/000753_lcam_front_lidar.ply,0.15,800,0.8,0.11511,0.99,1,0.0,0.0,0.0
Data_omni/000754_lcam_front_lidar.ply,0.15,800,0.8,0.11235,0.99,1,0.0,0.0,0.0
Data_omni/000755_lcam_front_lidar.ply,0.15,800,0.8,0.11833,0.99,1,0.0,0.0,0.0
Data_omni/000756_lcam_front_lidar.ply,0.15,800,0.8,0.11986,0.99,1,0.0,0.0,0.0
Data_omni/000757_lcam_front_lidar.ply,0.15,800,0.8,0.11473,0.99,1,0.0,0.0,0.0
Data_omni/000758_lcam_front_lidar.ply,0.15,800,0.8,0.12305,0.99,1,0.0,0.0,0.0
Data_omni/000759_lcam_front_lidar.ply,0.15,800,0.8,0.11623,0.99,1,0.0,0.0,0.0
Data_omni/000760_lcam_front_lidar.ply,0.15,800,0.8,0.12001,0.99,1,0.0,0.0,0.0
Data_omni/000761_lcam_front_lidar.ply,0.15,800,0.8,0.10502,0.99,1,0.0,0.0,0.0
Data_omni/000762_lcam_front_lidar.ply,0.15,800,0.8,0.10957,0.99,1,0.0,0.0,0.0
Data_omni/000763_lcam_front_lidar.ply,0.15,800,0.8,0.08718,0.99,1,0.0,0.0,0.0
Data_omni/000764_lcam_front_lidar.ply,0.15,800,0.8,0.1103,0.99,1,0.0,0.0,0.0
Data_omni/000765_lcam_front_lidar.ply,0.15,800,0.8,0.11981,0.99,1,0.0,0.0,0.0
Data_omni/000766_lcam_front_lidar.ply,0.15,800,0.8,0.10221,0.99,1,0.0,0.0,0.0
Data_omni/000767_lcam_front_lidar.ply,0.15,800,0.8,0.10603,0.99,1,0.0,0.0,0.0
Data_omni/000768_lcam_front_lidar.ply,0.15,800,0.8,0.14147,0.99,1,0.0,0.0,0.0
Data_omni/000769_lcam_front_lidar.ply,0.15,800,0.8,0.11264,0.99,1,0.0,0.0,0.0
Data_omni/000770_lcam_front_lidar.ply,0.15,800,0.8,0.11437,0.99,1,0.0,0.0,0.0
Data_omni/000771_lcam_front_lidar.ply,0.15,800,0.8,0.11625,0.99,1,0.0,0.0,0.0
Data_omni/000772_lcam_front_lidar.ply,0.15,800,0.8,0.1077,0.99,1,0.0,0.0,0.0
Data_omni/000773_lcam_front_lidar.ply,0.15,800,0.8,0.09256,0.99,1,0.0,0.0,0.0
Data_omni/000774_lcam_front_lidar.ply,0.15,800,0.8,0.0988,0.99,1,0.0,0.0,0.0
Data_omni/000775_lcam_front_lidar.ply,0.15,800,0.8,0.10641,0.99,1,0.0,0.0,0.0
Data_omni/000776_lcam_front_lidar.ply,0.15,800,0.8,0.09555,0.99,1,0.0,0.0,0.0
Data_omni/000777_lcam_front_lidar.ply,0.15,800,0.8,0.09752,0.99,1,0.0,0.0,0.0
Data_omni/000778_lcam_front_lidar.ply,0.15,800,0.8,0.10163,0.99,1,0.0,0.0,0.0
Data_omni/000779_lcam_front_lidar.ply,0.15,800,0.8,0.08961,0.99,1,0.0,0.0,0.0
Data_omni/000780_lcam_front_lidar.ply,0.15,800,0.8,0.11141,0.99,1,0.0,0.0,0.0
Data_omni/000781_lcam_front_lidar.ply,0.15,800,0.8,0.10484,0.99,1,0.0,0.0,0.0
Data_omni/000782_lcam_front_lidar.ply,0.15,800,0.8,0.10405,0.99,1,0.0,0.0,0.0
Data_omni/000783_lcam_front_lidar.ply,0.15,800,0.8,0.10652,0.99,1,0.0,0.0,0.0
Data_omni/000784_lcam_front_lidar.ply,0.15,800,0.8,0.1112,0.99,1,0.0,0.0,0.0
Data_omni/000785_lcam_front_lidar.ply,0.15,800,0.8,0.08359,0.99,1,0.0,0.0,0.0
Data_omni/000786_lcam_front_lidar.ply,0.15,800,0.8,0.08937,0.99,1,0.0,0.0,0.0
Data_omni/000787_lcam_front_lidar.ply,0.15,800,0.88,0.10112,0.99,1,0.0,0.0,0.0
Data_omni/000788_lcam_front_lidar.ply,0.15,800,0.8,0.10681,0.99,1,0.0,0.0,0.0
Data_omni/000789_lcam_front_lidar.ply,0.15,800,0.88,0.11695,0.99,1,0.0,0.0,0.0
Data_omni/000790_lcam_front_lidar.ply,0.15,800,0.88,0.10229,0.99,1,0.0,0.0,0.0
Data_omni/000791_lcam_front_lidar.ply,0.15,800,0.88,0.1029,0.99,1,0.0,0.0,0.0
Data_omni/000792_lcam_front_lidar.ply,0.15,800,0.88,0.09771,0.99,1,0.0,0.0,0.0
Data_omni/000793_lcam_front_lidar.ply,0.15,800,0.8,0.08857,0.99,1,0.0,0.0,0.0
Data_omni/000794_lcam_front_lidar.ply,0.15,800,0.8,0.10989,0.99,1,0.0,0.0,0.0
Data_omni/000795_lcam_front_lidar.ply,0.15,800,0.88,0.1098,0.99,1,0.0,0.0,0.0
Data_omni/000796_lcam_front_lidar.ply,0.15,800,0.8,0.09389,0.99,1,0.0,0.0,0.0
Data_omni/000797_lcam_front_lidar.ply,0.15,800,0.8,0.10933,0.99,1,0.0,0.0,0.0
Data_omni/000798_lcam_front_lidar.ply,0.15,800,0.8,0.09553,0.99,1,0.0,0.0,0.0
Data_omni/000799_lcam_front_lidar.ply,0.15,800,0.8,0.10071,0.99,1,0.0,0.0,0.0
Data_omni/000800_lcam_front_lidar.ply,0.15,800,0.8,0.11004,0.99,1,0.0,0.0,0.0
Data_omni/000801_lcam_front_lidar.ply,0.15,800,0.8,0.09307,0.99,1,0.0,0.0,0.0
Data_omni/000802_lcam_front_lidar.ply,0.15,800,0.8,0.11065,0.99,1,0.0,0.0,0.0
Data_omni/000803_lcam_front_lidar.ply,0.15,800,0.8,0.1144,0.99,1,0.0,0.0,0.0
Data_omni/000804_lcam_front_lidar.ply,0.15,800,0.8,0.10232,0.99,1,0.0,0.0,0.0
Data_omni/000805_lcam_front_lidar.ply,0.15,800,0.8,0.10741,0.99,1,0.0,0.0,0.0
Data_omni/000806_lcam_front_lidar.ply,0.15,800,0.8,0.10682,0.99,1,0.0,0.0,0.0
Data_omni/000807_lcam_front_lidar.ply,0.15,800,0.8,0.07986,0.99,1,0.0,0.0,0.0
Data_omni/000808_lcam_front_lidar.ply,0.15,800,0.8,0.09681,0.99,1,0.0,0.0,0.0
Data_omni/000809_lcam_front_lidar.ply,0.15,800,0.8,0.08173,0.99,1,0.0,0.0,0.0
Data_omni/000810_lcam_front_lidar.ply,0.15,800,0.8,0.09012,0.99,1,0.0,0.0,0.0
Data_omni/000811_lcam_front_lidar.ply,0.15,800,0.8,0.08327,0.99,1,0.0,0.0,0.0
Data_omni/000812_lcam_front_lidar.ply,0.15,800,0.8,0.1035,0.99,1,0.0,0.0,0.0
Data_omni/000813_lcam_front_lidar.ply,0.15,800,0.8,0.08396,0.99,1,0.0,0.0,0.0
Data_omni/000814_lcam_front_lidar.ply,0.15,800,0.8,0.10983,0.99,1,0.0,0.0,0.0
Data_omni/000815_lcam_front_lidar.ply,0.15,800,0.8,0.10444,0.99,1,0.0,0.0,0.0
Data_omni/000816_lcam_front_lidar.ply,0.15,800,0.8,0.10956,0.99,1,0.0,0.0,0.0
Data_omni/000817_lcam_front_lidar.ply,0.15,800,0.8,0.099,0.99,1,0.0,0.0,0.0
Data_omni/000818_lcam_front_lidar.ply,0.15,800,0.8,0.10261,0.99,1,0.0,0.0,0.0
Data_omni/000819_lcam_front_lidar.ply,0.15,800,0.8,0.09514,0.99,1,0.0,0.0,0.0
Data_omni/000820_lcam_front_lidar.ply,0.15,800,0.8,0.09988,0.99,1,0.0,0.0,0.0
Data_omni/000821_lcam_front_lidar.ply,0.15,800,0.8,0.09328,0.99,1,0.0,0.0,0.0
Data_omni/000822_lcam_front_lidar.ply,0.15,800,0.8,0.10286,0.99,1,0.0,0.0,0.0
Data_omni/000823_lcam_front_lidar.ply,0.15,800,0.8,0.10781,0.99,1,0.0,0.0,0.0
Data_omni/000824_lcam_front_lidar.ply,0.15,800,0.8,0.08335,0.99,1,0.0,0.0,0.0
Data_omni/000825_lcam_front_lidar.ply,0.15,800,0.8,0.10431,0.99,1,0.0,0.0,0.0
Data_omni/000826_lcam_front_lidar.ply,0.15,800,0.8,0.11091,0.99,1,0.0,0.0,0.0
Data_omni/000827_lcam_front_lidar.ply,0.15,800,0.8,0.10253,0.99,1,0.0,0.0,0.0
Data_omni/000828_lcam_front_lidar.ply,0.15,800,0.8,0.11158,0.99,1,0.0,0.0,0.0
Data_omni/000829_lcam_front_lidar.ply,0.15,800,0.8,0.10298,0.99,1,0.0,0.0,0.0
Data_omni/000830_lcam_front_lidar.ply,0.15,800,0.8,0.11265,0.99,1,0.0,0.0,0.0
Data_omni/000831_lcam_front_lidar.ply,0.15,800,0.8,0.12255,0.99,1,0.0,0.0,0.0
Data_omni/000832_lcam_front_lidar.ply,0.15,800,0.8,0.10476,0.99,1,0.0,0.0,0.0
Data_omni/000833_lcam_front_lidar.ply,0.15,800,0.8,0.123,0.99,1,0.0,0.0,0.0
Data_omni/000834_lcam_front_lidar.ply,0.15,800,0.8,0.10707,0.99,1,0.0,0.0,0.0
Data_omni/000835_lcam_front_lidar.ply,0.15,800,0.8,0.10499,0.99,1,0.0,0.0,0.0
Data_omni/000836_lcam_front_lidar.ply,0.15,800,0.8,0.11749,0.99,1,0.0,0.0,0.0
Data_omni/000837_lcam_front_lidar.ply,0.15,800,0.8,0.10093,0.99,1,0.0,0.0,0.0
Data_omni/000838_lcam_front_lidar.ply,0.15,800,0.8,0.08759,0.99,1,0.0,0.0,0.0
Data_omni/000839_lcam_front_lidar.ply,0.15,800,0.8,0.11392,0.99,1,0.0,0.0,0.0
Data_omni/000840_lcam_front_lidar.ply,0.15,800,0.8,0.10979,0.99,1,0.0,0.0,0.0
Data_omni/000841_lcam_front_lidar.ply,0.15,800,0.8,0.09348,0.99,1,0.0,0.0,0.0
Data_omni/000842_lcam_front_lidar.ply,0.15,800,0.8,0.09872,0.99,1,0.0,0.0,0.0
Data_omni/000843_lcam_front_lidar.ply,0.15,800,0.8,0.10799,0.99,1,0.0,0.0,0.0
Data_omni/000844_lcam_front_lidar.ply,0.15,800,0.8,0.10327,0.99,1,0.0,0.0,0.0
Data_omni/000845_lcam_front_lidar.ply,0.15,800,0.8,0.09701,0.99,1,0.0,0.0,0.0
Data_omni/000846_lcam_front_lidar.ply,0.15,800,0.8,0.10781,0.99,1,0.0,0.0,0.0
Data_omni/000847_lcam_front_lidar.ply,0.15,800,0.8,0.10207,0.99,1,0.0,0.0,0.0
Data_omni/000848_lcam_front_lidar.ply,0.15,800,0.8,0.11458,0.99,1,0.0,0.0,0.0
Data_omni/000849_lcam_front_lidar.ply,0.15,800,0.8,0.09625,0.99,1,0.0,0.0,0.0
Data_omni/000850_lcam_front_lidar.ply,0.15,800,0.8,0.08276,0.99,1,0.0,0.0,0.0
Data_omni/000851_lcam_front_lidar.ply,0.15,800,0.8,0.09277,0.99,1,0.0,0.0,0.0
Data_omni/000852_lcam_front_lidar.ply,0.15,800,0.8,0.10334,0.99,1,0.0,0.0,0.0
Data_omni/000853_lcam_front_lidar.ply,0.15,800,0.8,0.09733,0.99,1,0.0,0.0,0.0
Data_omni/000854_lcam_front_lidar.ply,0.15,800,0.8,0.09505,0.99,1,0.0,0.0,0.0
Data_omni/000855_lcam_front_lidar.ply,0.15,800,0.8,0.10452,0.99,1,0.0,0.0,0.0
Data_omni/000856_lcam_front_lidar.ply,0.15,800,0.8,0.09146,0.99,1,0.0,0.0,0.0
Data_omni/000857_lcam_front_lidar.ply,0.15,800,0.8,0.08885,0.99,1,0.0,0.0,0.0
Data_omni/000858_lcam_front_lidar.ply,0.15,800,0.8,0.10178,0.99,1,0.0,0.0,0.0
Data_omni/000859_lcam_front_lidar.ply,0.15,800,0.8,0.08913,0.99,1,0.0,0.0,0.0
Data_omni/000860_lcam_front_lidar.ply,0.15,800,0.8,0.11116,0.99,1,0.0,0.0,0.0
Data_omni/000861_lcam_front_lidar.ply,0.15,800,0.8,0.09911,0.99,1,0.0,0.0,0.0
Data_omni/000862_lcam_front_lidar.ply,0.15,800,0.8,0.09054,0.99,1,0.0,0.0,0.0
Data_omni/000863_lcam_front_lidar.ply,0.15,800,0.8,0.08753,0.99,1,0.0,0.0,0.0
Data_omni/000864_lcam_front_lidar.ply,0.15,800,0.8,0.08717,0.99,1,0.0,0.0,0.0
Data_omni/000865_lcam_front_lidar.ply,0.15,800,0.8,0.09596,0.99,1,0.0,0.0,0.0
Data_omni/000866_lcam_front_lidar.ply,0.15,800,0.8,0.1017,0.99,1,0.0,0.0,0.0
Data_omni/000867_lcam_front_lidar.ply,0.15,800,0.8,0.0914,0.99,1,0.0,0.0,0.0
Data_omni/000868_lcam_front_lidar.ply,0.15,800,0.8,0.10743,0.99,1,0.0,0.0,0.0
Data_omni/000869_lcam_front_lidar.ply,0.15,800,0.8,0.12061,0.99,1,0.0,0.0,0.0
Data_omni/000870_lcam_front_lidar.ply,0.15,800,0.8,0.07947,0.99,1,0.0,0.0,0.0
Data_omni/000871_lcam_front_lidar.ply,0.15,800,0.8,0.09305,0.99,1,0.0,0.0,0.0
Data_omni/000872_lcam_front_lidar.ply,0.15,800,0.8,0.09151,0.99,1,0.0,0.0,0.0
Data_omni/000873_lcam_front_lidar.ply,0.15,800,0.8,0.09154,0.99,1,0.0,0.0,0.0
Data_omni/000874_lcam_front_lidar.ply,0.15,800,0.8,0.08745,0.99,1,0.0,0.0,0.0
Data_omni/000875_lcam_front_lidar.ply,0.15,800,0.8,0.09468,0.99,1,0.0,0.0,0.0
Data_omni/000876_lcam_front_lidar.ply,0.15,800,0.8,0.09996,0.99,1,0.0,0.0,0.0
Data_omni/000877_lcam_front_lidar.ply,0.15,800,0.8,0.11161,0.99,1,0.0,0.0,0.0
Data_omni/000878_lcam_front_lidar.ply,0.15,800,0.8,0.10128,0.99,1,0.0,0.0,0.0
Data_omni/000879_lcam_front_lidar.ply,0.15,800,0.8,0.10723,0.99,1,0.0,0.0,0.0
Data_omni/000880_lcam_front_lidar.ply,0.15,800,0.8,0.07523,0.99,1,0.0,0.0,0.0
Data_omni/000881_lcam_front_lidar.ply,0.15,800,0.8,0.08712,0.99,1,0.0,0.0,0.0
Data_omni/000882_lcam_front_lidar.ply,0.15,800,0.8,0.09558,0.99,1,0.0,0.0,0.0
Data_omni/000883_lcam_front_lidar.ply,0.15,800,0.8,0.09142,0.99,1,0.0,0.0,0.0
Data_omni/000884_lcam_front_lidar.ply,0.15,800,0.8,0.09125,0.99,1,0.0,0.0,0.0
Data_omni/000885_lcam_front_lidar.ply,0.15,800,0.8,0.10549,0.99,1,0.0,0.0,0.0
Data_omni/000886_lcam_front_lidar.ply,0.15,800,0.8,0.09329,0.99,1,0.0,0.0,0.0
Data_omni/000887_lcam_front_lidar.ply,0.15,800,0.8,0.08172,0.99,1,0.0,0.0,0.0
Data_omni/000888_lcam_front_lidar.ply,0.15,800,0.8,0.10898,0.99,1,0.0,0.0,0.0
Data_omni/000889_lcam_front_lidar.ply,0.15,800,0.8,0.10735,0.99,1,0.0,0.0,0.0
Data_omni/000890_lcam_front_lidar.ply,0.15,800,0.8,0.08721,0.99,1,0.0,0.0,0.0
Data_omni/000891_lcam_front_lidar.ply,0.15,800,0.8,0.09737,0.99,1,0.0,0.0,0.0
Data_omni/000892_lcam_front_lidar.ply,0.15,800,0.8,0.09905,0.99,1,0.0,0.0,0.0
Data_omni/000893_lcam_front_lidar.ply,0.15,800,0.8,0.10708,0.99,1,0.0,0.0,0.0
Data_omni/000894_lcam_front_lidar.ply,0.15,800,0.8,0.10856,0.99,1,0.0,0.0,0.0
Data_omni/000895_lcam_front_lidar.ply,0.15,800,0.8,0.10667,0.99,1,0.0,0.0,0.0
Data_omni/000896_lcam_front_lidar.ply,0.15,800,0.8,0.10113,0.99,1,0.0,0.0,0.0
Data_omni/000897_lcam_front_lidar.ply,0.15,800,0.8,0.08752,0.99,1,0.0,0.0,0.0
Data_omni/000898_lcam_front_lidar.ply,0.15,800,0.8,0.10288,0.99,1,0.0,0.0,0.0
Data_omni/000899_lcam_front_lidar.ply,0.15,800,0.8,0.10007,0.99,1,0.0,0.0,0.0
Data_omni/000900_lcam_front_lidar.ply,0.15,800,0.8,0.09242,0.99,1,0.0,0.0,0.0
Data_omni/000901_lcam_front_lidar.ply,0.15,800,0.8,0.10759,0.99,1,0.0,0.0,0.0
Data_omni/000902_lcam_front_lidar.ply,0.15,800,0.8,0.09743,0.99,1,0.0,0.0,0.0
Data_omni/000903_lcam_front_lidar.ply,0.15,800,0.8,0.09696,0.99,1,0.0,0.0,0.0
Data_omni/000904_lcam_front_lidar.ply,0.15,800,0.8,0.10635,0.99,1,0.0,0.0,0.0
Data_omni/000905_lcam_front_lidar.ply,0.15,800,0.8,0.10486,0.99,1,0.0,0.0,0.0
Data_omni/000906_lcam_front_lidar.ply,0.15,800,0.8,0.10122,0.99,1,0.0,0.0,0.0
Data_omni/000907_lcam_front_lidar.ply,0.15,800,0.8,0.10865,0.99,1,0.0,0.0,0.0
Data_omni/000908_lcam_front_lidar.ply,0.15,800,0.8,0.09112,0.99,1,0.0,0.0,0.0
Data_omni/000909_lcam_front_lidar.ply,0.15,800,0.8,0.11534,0.99,1,0.0,0.0,0.0
Data_omni/000910_lcam_front_lidar.ply,0.15,800,0.8,0.10721,0.99,1,0.0,0.0,0.0
Data_omni/000911_lcam_front_lidar.ply,0.15,800,0.8,0.10739,0.99,1,0.0,0.0,0.0
Data_omni/000912_lcam_front_lidar.ply,0.15,800,0.8,0.10724,0.99,1,0.0,0.0,0.0
Data_omni/000913_lcam_front_lidar.ply,0.15,800,0.8,0.11477,0.99,1,0.0,0.0,0.0
Data_omni/000914_lcam_front_lidar.ply,0.15,800,0.8,0.10983,0.99,1,0.0,0.0,0.0
Data_omni/000915_lcam_front_lidar.ply,0.15,800,0.8,0.11701,0.99,1,0.0,0.0,0.0
Data_omni/000916_lcam_front_lidar.ply,0.15,800,0.8,0.11695,0.99,1,0.0,0.0,0.0
Data_omni/000917_lcam_front_lidar.ply,0.15,800,0.8,0.08658,0.99,1,0.0,0.0,0.0
Data_omni/000918_lcam_front_lidar.ply,0.15,800,0.8,0.12872,0.99,1,0.0,0.0,0.0
Data_omni/000919_lcam_front_lidar.ply,0.15,800,0.8,0.12056,0.99,1,0.0,0.0,0.0
Data_omni/000920_lcam_front_lidar.ply,0.15,800,0.8,0.11828,0.99,1,0.0,0.0,0.0
Data_omni/000921_lcam_front_lidar.ply,0.15,800,0.8,0.11684,0.99,1,0.0,0.0,0.0
Data_omni/000922_lcam_front_lidar.ply,0.15,800,0.8,0.11557,0.99,1,0.0,0.0,0.0
Data_omni/000923_lcam_front_lidar.ply,0.15,800,0.8,0.12457,0.99,1,0.0,0.0,0.0
Data_omni/000924_lcam_front_lidar.ply,0.15,800,0.8,0.09416,0.99,1,0.0,0.0,0.0
Data_omni/000925_lcam_front_lidar.ply,0.15,800,0.8,0.12797,0.99,1,0.0,0.0,0.0
Data_omni/000926_lcam_front_lidar.ply,0.15,800,0.8,0.12868,0.99,1,0.0,0.0,0.0
Data_omni/000927_lcam_front_lidar.ply,0.15,800,0.8,0.10474,0.99,1,0.0,0.0,0.0
Data_omni/000928_lcam_front_lidar.ply,0.15,800,0.8,0.11382,0.99,1,0.0,0.0,0.0
Data_omni/000929_lcam_front_lidar.ply,0.15,800,0.8,0.10908,0.99,1,0.0,0.0,0.0
Data_omni/000930_lcam_front_lidar.ply,0.15,800,0.8,0.12819,0.99,1,0.0,0.0,0.0
Data_omni/000931_lcam_front_lidar.ply,0.15,800,0.8,0.12673,0.99,1,0.0,0.0,0.0
Data_omni/000932_lcam_front_lidar.ply,0.15,800,0.8,0.12877,0.99,1,0.0,0.0,0.0
Data_omni/000933_lcam_front_lidar.ply,0.15,800,0.8,0.11742,0.99,1,0.0,0.0,0.0
Data_omni/000934_lcam_front_lidar.ply,0.15,800,0.8,0.1074,0.99,1,0.0,0.0,0.0
Data_omni/000935_lcam_front_lidar.ply,0.15,800,0.8,0.11351,0.99,1,0.0,0.0,0.0
Data_omni/000936_lcam_front_lidar.ply,0.15,800,0.8,0.11301,0.99,1,0.0,0.0,0.0
Data_omni/000937_lcam_front_lidar.ply,0.15,800,0.8,0.13228,0.99,1,0.0,0.0,0.0
Data_omni/000938_lcam_front_lidar.ply,0.15,800,0.8,0.12811,0.99,1,0.0,0.0,0.0
Data_omni/000939_lcam_front_lidar.ply,0.15,800,0.8,0.10704,0.99,1,0.0,0.0,0.0
Data_omni/000940_lcam_front_lidar.ply,0.15,800,0.8,0.14039,0.99,1,0.0,0.0,0.0
Data_omni/000941_lcam_front_lidar.ply,0.15,800,0.8,0.1346,0.99,1,0.0,0.0,0.0
Data_omni/000942_lcam_front_lidar.ply,0.15,800,0.8,0.12028,0.99,1,0.0,0.0,0.0
Data_omni/000943_lcam_front_lidar.ply,0.15,800,0.8,0.12801,0.99,1,0.0,0.0,0.0
Data_omni/000944_lcam_front_lidar.ply,0.15,800,0.8,0.11255,0.99,1,0.0,0.0,0.0
Data_omni/000945_lcam_front_lidar.ply,0.15,800,0.8,0.11214,0.99,1,0.0,0.0,0.0
Data_omni/000946_lcam_front_lidar.ply,0.15,800,0.8,0.13179,0.99,1,0.0,0.0,0.0
Data_omni/000947_lcam_front_lidar.ply,0.15,800,0.8,0.11715,0.99,1,0.0,0.0,0.0
Data_omni/000948_lcam_front_lidar.ply,0.15,800,0.8,0.14406,0.99,1,0.0,0.0,0.0
Data_omni/000949_lcam_front_lidar.ply,0.15,800,0.8,0.12006,0.99,1,0.0,0.0,0.0
Data_omni/000950_lcam_front_lidar.ply,0.15,800,0.8,0.16445,0.99,1,0.0,0.0,0.0
Data_omni/000951_lcam_front_lidar.ply,0.15,800,0.8,0.14213,0.99,1,0.0,0.0,0.0
Data_omni/000952_lcam_front_lidar.ply,0.15,800,0.8,0.12986,0.99,1,0.0,0.0,0.0
Data_omni/000953_lcam_front_lidar.ply,0.15,800,0.8,0.13519,0.99,1,0.0,0.0,0.0
Data_omni/000954_lcam_front_lidar.ply,0.15,800,0.8,0.13965,0.99,1,0.0,0.0,0.0
Data_omni/000955_lcam_front_lidar.ply,0.15,800,0.8,0.12879,0.99,1,0.0,0.0,0.0
Data_omni/000956_lcam_front_lidar.ply,0.15,800,0.8,0.14181,0.99,1,0.0,0.0,0.0
Data_omni/000957_lcam_front_lidar.ply,0.15,800,0.8,0.13994,0.99,1,0.0,0.0,0.0
Data_omni/000958_lcam_front_lidar.ply,0.15,800,0.8,0.13243,0.99,1,0.0,0.0,0.0
Data_omni/000959_lcam_front_lidar.ply,0.15,800,0.88,0.16579,0.99,1,0.0,0.0,0.0
Data_omni/000960_lcam_front_lidar.ply,0.15,800,0.8,0.12634,0.99,1,0.0,0.0,0.0
Data_omni/000961_lcam_front_lidar.ply,0.15,800,0.88,0.1493,0.99,1,0.0,0.0,0.0
Data_omni/000962_lcam_front_lidar.ply,0.15,800,0.8,0.16427,0.99,1,0.0,0.0,0.0
Data_omni/000963_lcam_front_lidar.ply,0.15,800,0.88,0.13087,0.99,1,0.0,0.0,0.0
Data_omni/000964_lcam_front_lidar.ply,0.15,800,0.88,0.16026,0.99,1,0.0,0.0,0.0
Data_omni/000965_lcam_front_lidar.ply,0.15,800,0.88,0.15801,0.99,1,0.0,0.0,0.0
Data_omni/000966_lcam_front_lidar.ply,0.25,800,0.88,0.10689,0.99,1,0.0,0.0,0.0
Data_omni/000967_lcam_front_lidar.ply,0.25,800,0.88,0.10725,0.99,1,0.0,0.0,0.0
Data_omni/000968_lcam_front_lidar.ply,0.25,800,0.88,0.10196,0.99,1,0.0,0.0,0.0
Data_omni/000969_lcam_front_lidar.ply,0.25,800,0.88,0.12404,0.99,1,0.0,0.0,0.0
Data_omni/000970_lcam_front_lidar.ply,0.25,800,0.88,0.10753,0.99,1,0.0,0.0,0.0
Data_omni/000971_lcam_front_lidar.ply,0.25,800,0.88,0.12736,0.99,1,0.0,0.0,0.0
Data_omni/000972_lcam_front_lidar.ply,0.25,800,0.88,0.11687,0.99,1,0.0,0.0,0.0
Data_omni/000973_lcam_front_lidar.ply,0.25,800,0.88,0.13466,0.99,1,0.0,0.0,0.0
Data_omni/000974_lcam_front_lidar.ply,0.25,800,0.88,0.1251,0.99,1,0.0,0.0,0.0
Data_omni/000975_lcam_front_lidar.ply,0.25,800,0.88,0.15216,0.99,1,0.0,0.0,0.0
Data_omni/000976_lcam_front_lidar.ply,0.25,800,0.88,0.11272,0.99,1,0.0,0.0,0.0
Data_omni/000977_lcam_front_lidar.ply,0.25,800,0.88,0.11812,0.99,1,0.0,0.0,0.0
Data_omni/000978_lcam_front_lidar.ply,0.25,800,0.88,0.12315,0.99,1,0.0,0.0,0.0
Data_omni/000979_lcam_front_lidar.ply,0.25,800,0.88,0.11102,0.99,1,0.0,0.0,0.0
Data_omni/000980_lcam_front_lidar.ply,0.25,800,0.88,0.11657,0.99,1,0.0,0.0,0.0
Data_omni/000981_lcam_front_lidar.ply,0.15,800,0.88,0.13112,0.99,1,0.0,0.0,0.0
Data_omni/000982_lcam_front_lidar.ply,0.25,800,0.88,0.15036,0.99,1,0.0,0.0,0.0
Data_omni/000983_lcam_front_lidar.ply,0.25,800,0.88,0.12926,0.99,1,0.0,0.0,0.0
Data_omni/000984_lcam_front_lidar.ply,0.25,800,0.88,0.14652,0.99,1,0.0,0.0,0.0
Data_omni/000985_lcam_front_lidar.ply,0.25,800,0.88,0.12921,0.99,1,0.0,0.0,0.0
Data_omni/000986_lcam_front_lidar.ply,0.25,800,0.88,0.13547,0.99,1,0.0,0.0,0.0
Data_omni/000987_lcam_front_lidar.ply,0.25,800,0.8,0.12711,0.99,1,0.0,0.0,0.0
Data_omni/000988_lcam_front_lidar.ply,0.25,800,0.88,0.14249,0.99,1,0.0,0.0,0.0
Data_omni/000989_lcam_front_lidar.ply,0.15,800,0.8,0.15943,0.99,1,0.0,0.0,0.0
Data_omni/000990_lcam_front_lidar.ply,0.25,800,0.88,0.14252,0.99,1,0.0,0.0,0.0
Data_omni/000991_lcam_front_lidar.ply,0.15,800,0.88,0.12703,0.99,1,0.0,0.0,0.0
Data_omni/000992_lcam_front_lidar.ply,0.15,800,0.8,0.1776,0.99,1,0.0,0.0,0.0
Data_omni/000993_lcam_front_lidar.ply,0.15,800,0.8,0.16126,0.99,1,0.0,0.0,0.0
Data_omni/000994_lcam_front_lidar.ply,0.15,800,0.8,0.16833,0.99,1,0.0,0.0,0.0
Data_omni/000995_lcam_front_lidar.ply,0.15,800,0.8,0.15353,0.99,1,0.0,0.0,0.0
Data_omni/000996_lcam_front_lidar.ply,0.15,800,0.8,0.28665,0.99,1,0.0,0.0,0.0
Data_omni/000997_lcam_front_lidar.ply,0.15,800,0.8,0.16236,0.99,1,0.0,0.0,0.0
Data_omni/000998_lcam_front_lidar.ply,0.15,800,0.8,0.14369,0.99,1,0.0,0.0,0.0
Data_omni/000999_lcam_front_lidar.ply,0.15,800,0.8,0.18598,0.99,1,0.0,0.0,0.0
Data_omni/001000_lcam_front_lidar.ply,0.15,800,0.8,0.17391,0.99,1,0.0,0.0,0.0
Data_omni/001001_lcam_front_lidar.ply,0.15,800,0.8,0.15429,0.99,1,0.0,0.0,0.0
Data_omni/001002_lcam_front_lidar.ply,0.15,800,0.8,0.17038,0.99,1,0.0,0.0,0.0
Data_omni/001003_lcam_front_lidar.ply,0.15,800,0.8,0.13825,0.99,1,0.0,0.0,0.0
Data_omni/001004_lcam_front_lidar.ply,0.25,800,0.8,0.11491,0.99,1,0.0,0.0,0.0
Data_omni/001005_lcam_front_lidar.ply,0.25,800,0.8,0.14373,0.99,1,0.0,0.0,0.0
Data_omni/001006_lcam_front_lidar.ply,0.25,800,0.8,0.13684,0.99,1,0.0,0.0,0.0
Data_omni/001007_lcam_front_lidar.ply,0.15,800,0.8,0.15101,0.99,1,0.0,0.0,0.0
Data_omni/001008_lcam_front_lidar.ply,0.15,800,0.8,0.16218,0.99,1,0.0,0.0,0.0
Data_omni/001009_lcam_front_lidar.ply,0.25,800,0.8,0.1472,0.99,1,0.0,0.0,0.0
Data_omni/001010_lcam_front_lidar.ply,0.25,800,0.8,0.14253,0.99,1,0.0,0.0,0.0
Data_omni/001011_lcam_front_lidar.ply,0.15,800,0.8,0.17492,0.99,1,0.0,0.0,0.0
Data_omni/001012_lcam_front_lidar.ply,0.15,800,0.8,0.20366,0.99,1,0.0,0.0,0.0
Data_omni/001013_lcam_front_lidar.ply,0.15,800,0.8,0.16973,0.99,1,0.0,0.0,0.0
Data_omni/001014_lcam_front_lidar.ply,0.15,800,0.8,0.15864,0.99,1,0.0,0.0,0.0
Data_omni/001015_lcam_front_lidar.ply,0.15,800,0.8,0.15043,0.99,1,0.0,0.0,0.0
Data_omni/001016_lcam_front_lidar.ply,0.15,800,0.8,0.14794,0.99,1,0.0,0.0,0.0
Data_omni/001017_lcam_front_lidar.ply,0.25,800,0.8,0.14639,0.99,1,0.0,0.0,0.0
Data_omni/001018_lcam_front_lidar.ply,0.15,800,0.8,0.17143,0.99,1,0.0,0.0,0.0
Data_omni/001019_lcam_front_lidar.ply,0.15,800,0.8,0.15061,0.99,1,0.0,0.0,0.0
Data_omni/001020_lcam_front_lidar.ply,0.15,800,0.8,0.17373,0.99,1,0.0,0.0,0.0
Data_omni/001021_lcam_front_lidar.ply,0.15,800,0.8,0.18578,0.99,1,0.0,0.0,0.0
Data_omni/001022_lcam_front_lidar.ply,0.15,800,0.8,0.17399,0.99,1,0.0,0.0,0.0
Data_omni/001023_lcam_front_lidar.ply,0.15,800,0.8,0.17842,0.99,1,0.0,0.0,0.0
Data_omni/001024_lcam_front_lidar.ply,0.15,800,0.8,0.15122,0.99,1,0.0,0.0,0.0
Data_omni/001025_lcam_front_lidar.ply,0.15,800,0.8,0.165,0.99,1,0.0,0.0,0.0
Data_omni/001026_lcam_front_lidar.ply,0.15,800,0.8,0.16257,0.99,1,0.0,0.0,0.0
Data_omni/001027_lcam_front_lidar.ply,0.15,800,0.8,0.14907,0.99,1,0.0,0.0,0.0
Data_omni/001028_lcam_front_lidar.ply,0.15,800,0.8,0.18048,0.99,1,0.0,0.0,0.0
Data_omni/001029_lcam_front_lidar.ply,0.15,800,0.8,0.20806,0.99,1,0.0,0.0,0.0
Data_omni/001030_lcam_front_lidar.ply,0.15,800,0.8,0.19779,0.99,1,0.0,0.0,0.0
Data_omni/001031_lcam_front_lidar.ply,0.15,800,0.8,0.17076,0.99,1,0.0,0.0,0.0
Data_omni/001032_lcam_front_lidar.ply,0.15,800,0.8,0.18798,0.99,1,0.0,0.0,0.0
Data_omni/001033_lcam_front_lidar.ply,0.15,800,0.8,0.20363,0.99,1,0.0,0.0,0.0
Data_omni/001034_lcam_front_lidar.ply,0.15,800,0.8,0.17835,0.99,1,0.0,0.0,0.0
Data_omni/001035_lcam_front_lidar.ply,0.15,800,0.8,0.15989,0.99,1,0.0,0.0,0.0
Data_omni/001036_lcam_front_lidar.ply,0.15,800,0.8,0.16104,0.99,1,0.0,0.0,0.0
Data_omni/001037_lcam_front_lidar.ply,0.15,800,0.8,0.1643,0.99,1,0.0,0.0,0.0
Data_omni/001038_lcam_front_lidar.ply,0.15,800,0.8,0.15079,0.99,1,0.0,0.0,0.0
Data_omni/001039_lcam_front_lidar.ply,0.15,800,0.8,0.15897,0.99,1,0.0,0.0,0.0
Data_omni/001040_lcam_front_lidar.ply,0.15,800,0.8,0.18875,0.99,1,0.0,0.0,0.0
Data_omni/001041_lcam_front_lidar.ply,0.15,800,0.8,0.18287,0.99,1,0.0,0.0,0.0
Data_omni/001042_lcam_front_lidar.ply,0.15,800,0.8,0.14291,0.99,1,0.0,0.0,0.0
Data_omni/001043_lcam_front_lidar.ply,0.15,800,0.8,0.15956,0.99,1,0.0,0.0,0.0
Data_omni/001044_lcam_front_lidar.ply,0.15,800,0.8,0.16794,0.99,1,0.0,0.0,0.0
Data_omni/001045_lcam_front_lidar.ply,0.15,800,0.8,0.17362,0.99,1,0.0,0.0,0.0
Data_omni/001046_lcam_front_lidar.ply,0.15,800,0.8,0.15891,0.99,1,0.0,0.0,0.0
Data_omni/001047_lcam_front_lidar.ply,0.15,800,0.8,0.16827,0.99,1,0.0,0.0,0.0
Data_omni/001048_lcam_front_lidar.ply,0.15,800,0.8,0.19075,0.99,1,0.0,0.0,0.0
Data_omni/001049_lcam_front_lidar.ply,0.15,800,0.8,0.183,0.99,1,0.0,0.0,0.0
Data_omni/001050_lcam_front_lidar.ply,0.15,800,0.8,0.1871,0.99,1,0.0,0.0,0.0
Data_omni/001051_lcam_front_lidar.ply,0.15,800,0.8,0.18195,0.99,1,0.0,0.0,0.0
Data_omni/001052_lcam_front_lidar.ply,0.15,800,0.8,0.20329,0.99,1,0.0,0.0,0.0
Data_omni/001053_lcam_front_lidar.ply,0.15,800,0.8,0.16669,0.99,1,0.0,0.0,0.0
Data_omni/001054_lcam_front_lidar.ply,0.15,800,0.8,0.19753,0.99,1,0.0,0.0,0.0
Data_omni/001055_lcam_front_lidar.ply,0.15,800,0.8,0.17447,0.99,1,0.0,0.0,0.0
Data_omni/001056_lcam_front_lidar.ply,0.15,800,0.8,0.1755,0.99,1,0.0,0.0,0.0
Data_omni/001057_lcam_front_lidar.ply,0.15,800,0.8,0.16585,0.99,1,0.0,0.0,0.0
Data_omni/001058_lcam_front_lidar.ply,0.15,800,0.8,0.17779,0.99,1,0.0,0.0,0.0
Data_omni/001059_lcam_front_lidar.ply,0.15,800,0.8,0.15718,0.99,1,0.0,0.0,0.0
Data_omni/001060_lcam_front_lidar.ply,0.15,800,0.8,0.1735,0.99,1,0.0,0.0,0.0
Data_omni/001061_lcam_front_lidar.ply,0.15,800,0.8,0.18247,0.99,1,0.0,0.0,0.0
Data_omni/001062_lcam_front_lidar.ply,0.15,800,0.8,0.15878,0.99,1,0.0,0.0,0.0
Data_omni/001063_lcam_front_lidar.ply,0.15,800,0.8,0.15925,0.99,1,0.0,0.0,0.0
Data_omni/001064_lcam_front_lidar.ply,0.15,800,0.8,0.15287,0.99,1,0.0,0.0,0.0
Data_omni/001065_lcam_front_lidar.ply,0.15,800,0.8,0.17355,0.99,1,0.0,0.0,0.0
Data_omni/001066_lcam_front_lidar.ply,0.15,800,0.8,0.1764,0.99,1,0.0,0.0,0.0
Data_omni/001067_lcam_front_lidar.ply,0.15,800,0.8,0.17597,0.99,1,0.0,0.0,0.0
Data_omni/001068_lcam_front_lidar.ply,0.15,800,0.8,0.18111,0.99,1,0.0,0.0,0.0
Data_omni/001069_lcam_front_lidar.ply,0.15,800,0.8,0.19482,0.99,1,0.0,0.0,0.0
Data_omni/001070_lcam_front_lidar.ply,0.15,800,0.8,0.18491,0.99,1,0.0,0.0,0.0
Data_omni/001071_lcam_front_lidar.ply,0.15,800,0.8,0.16863,0.99,1,0.0,0.0,0.0
Data_omni/001072_lcam_front_lidar.ply,0.15,800,0.8,0.17009,0.99,1,0.0,0.0,0.0
Data_omni/001073_lcam_front_lidar.ply,0.15,800,0.8,0.16413,0.99,1,0.0,0.0,0.0
Data_omni/001074_lcam_front_lidar.ply,0.15,800,0.8,0.16915,0.99,1,0.0,0.0,0.0
Data_omni/001075_lcam_front_lidar.ply,0.15,800,0.8,0.16969,0.99,1,0.0,0.0,0.0
Data_omni/001076_lcam_front_lidar.ply,0.15,800,0.8,0.18297,0.99,1,0.0,0.0,0.0
Data_omni/001077_lcam_front_lidar.ply,0.15,800,0.8,0.1549,0.99,1,0.0,0.0,0.0
Data_omni/001078_lcam_front_lidar.ply,0.15,800,0.8,0.19305,0.99,1,0.0,0.0,0.0
Data_omni/001079_lcam_front_lidar.ply,0.15,800,0.8,0.21028,0.99,1,0.0,0.0,0.0
Data_omni/001080_lcam_front_lidar.ply,0.15,800,0.8,0.24062,0.99,1,0.0,0.0,0.0
Data_omni/001081_lcam_front_lidar.ply,0.15,800,0.8,0.1855,0.99,1,0.0,0.0,0.0
Data_omni/001082_lcam_front_lidar.ply,0.15,800,0.8,0.14428,0.99,1,0.0,0.0,0.0
Data_omni/001083_lcam_front_lidar.ply,0.15,800,0.8,0.16131,0.99,1,0.0,0.0,0.0
Data_omni/001084_lcam_front_lidar.ply,0.15,800,0.8,0.16069,0.99,1,0.0,0.0,0.0
Data_omni/001085_lcam_front_lidar.ply,0.15,800,0.8,0.14122,0.99,1,0.0,0.0,0.0
Data_omni/001086_lcam_front_lidar.ply,0.15,800,0.8,0.16856,0.99,1,0.0,0.0,0.0
Data_omni/001087_lcam_front_lidar.ply,0.15,800,0.8,0.15959,0.99,1,0.0,0.0,0.0
Data_omni/001088_lcam_front_lidar.ply,0.15,800,0.8,0.19284,0.99,1,0.0,0.0,0.0
Data_omni/001089_lcam_front_lidar.ply,0.15,800,0.8,0.16736,0.99,1,0.0,0.0,0.0
Data_omni/001090_lcam_front_lidar.ply,0.15,800,0.8,0.17766,0.99,1,0.0,0.0,0.0
Data_omni/001091_lcam_front_lidar.ply,0.15,800,0.8,0.191,0.99,1,0.0,0.0,0.0
Data_omni/001092_lcam_front_lidar.ply,0.15,800,0.8,0.17503,0.99,1,0.0,0.0,0.0
Data_omni/001093_lcam_front_lidar.ply,0.15,800,0.8,0.17543,0.99,1,0.0,0.0,0.0
Data_omni/001094_lcam_front_lidar.ply,0.15,800,0.8,0.17535,0.99,1,0.0,0.0,0.0
Data_omni/001095_lcam_front_lidar.ply,0.15,800,0.8,0.16839,0.99,1,0.0,0.0,0.0
Data_omni/001096_lcam_front_lidar.ply,0.15,800,0.8,0.17063,0.99,1,0.0,0.0,0.0
Data_omni/001097_lcam_front_lidar.ply,0.15,800,0.8,0.19176,0.99,1,0.0,0.0,0.0
Data_omni/001098_lcam_front_lidar.ply,0.15,800,0.8,0.15673,0.99,1,0.0,0.0,0.0
Data_omni/001099_lcam_front_lidar.ply,0.15,800,0.8,0.15778,0.99,1,0.0,0.0,0.0
Data_omni/001100_lcam_front_lidar.ply,0.15,800,0.8,0.1768,0.99,1,0.0,0.0,0.0
Data_omni/001101_lcam_front_lidar.ply,0.15,800,0.8,0.15961,0.99,1,0.0,0.0,0.0
Data_omni/001102_lcam_front_lidar.ply,0.15,800,0.8,0.16622,0.99,1,0.0,0.0,0.0
Data_omni/001103_lcam_front_lidar.ply,0.15,800,0.8,0.14173,0.99,1,0.0,0.0,0.0
Data_omni/001104_lcam_front_lidar.ply,0.15,800,0.8,0.1685,0.99,1,0.0,0.0,0.0
Data_omni/001105_lcam_front_lidar.ply,0.15,800,0.8,0.16198,0.99,1,0.0,0.0,0.0
Data_omni/001106_lcam_front_lidar.ply,0.15,800,0.8,0.17363,0.99,1,0.0,0.0,0.0
Data_omni/001107_lcam_front_lidar.ply,0.15,800,0.8,0.15641,0.99,1,0.0,0.0,0.0
Data_omni/001108_lcam_front_lidar.ply,0.15,800,0.8,0.17914,0.99,1,0.0,0.0,0.0
Data_omni/001109_lcam_front_lidar.ply,0.15,800,0.8,0.16756,0.99,1,0.0,0.0,0.0
Data_omni/001110_lcam_front_lidar.ply,0.15,800,0.8,0.1544,0.99,1,0.0,0.0,0.0
Data_omni/001111_lcam_front_lidar.ply,0.15,800,0.8,0.1643,0.99,1,0.0,0.0,0.0
Data_omni/001112_lcam_front_lidar.ply,0.15,800,0.8,0.15742,0.99,1,0.0,0.0,0.0
Data_omni/001113_lcam_front_lidar.ply,0.15,800,0.8,0.14283,0.99,1,0.0,0.0,0.0
Data_omni/001114_lcam_front_lidar.ply,0.15,800,0.8,0.16465,0.99,1,0.0,0.0,0.0
Data_omni/001115_lcam_front_lidar.ply,0.15,800,0.8,0.16583,0.99,1,0.0,0.0,0.0
Data_omni/001116_lcam_front_lidar.ply,0.15,800,0.8,0.16406,0.99,1,0.0,0.0,0.0
Data_omni/001117_lcam_front_lidar.ply,0.15,800,0.8,0.18743,0.99,1,0.0,0.0,0.0
Data_omni/001118_lcam_front_lidar.ply,0.15,800,0.8,0.17417,0.99,1,0.0,0.0,0.0
Data_omni/001119_lcam_front_lidar.ply,0.15,800,0.8,0.14523,0.99,1,0.0,0.0,0.0
Data_omni/001120_lcam_front_lidar.ply,0.15,800,0.8,0.17535,0.99,1,0.0,0.0,0.0
Data_omni/001121_lcam_front_lidar.ply,0.15,800,0.8,0.15468,0.99,1,0.0,0.0,0.0
Data_omni/001122_lcam_front_lidar.ply,0.15,800,0.8,0.15062,0.99,1,0.0,0.0,0.0
Data_omni/001123_lcam_front_lidar.ply,0.15,800,0.8,0.18282,0.99,1,0.0,0.0,0.0
Data_omni/001124_lcam_front_lidar.ply,0.15,800,0.8,0.16601,0.99,1,0.0,0.0,0.0
Data_omni/001125_lcam_front_lidar.ply,0.15,800,0.8,0.15481,0.99,1,0.0,0.0,0.0
Data_omni/001126_lcam_front_lidar.ply,0.15,800,0.8,0.15567,0.99,1,0.0,0.0,0.0
Data_omni/001127_lcam_front_lidar.ply,0.15,800,0.8,0.13294,0.99,1,0.0,0.0,0.0
Data_omni/001128_lcam_front_lidar.ply,0.15,800,0.8,0.14947,0.99,1,0.0,0.0,0.0
Data_omni/001129_lcam_front_lidar.ply,0.15,800,0.8,0.15,0.99,1,0.0,0.0,0.0
Data_omni/001130_lcam_front_lidar.ply,0.15,800,0.8,0.16382,0.99,1,0.0,0.0,0.0
Data_omni/001131_lcam_front_lidar.ply,0.15,800,0.8,0.15985,0.99,1,0.0,0.0,0.0
Data_omni/001132_lcam_front_lidar.ply,0.15,800,0.8,0.15488,0.99,1,0.0,0.0,0.0
Data_omni/001133_lcam_front_lidar.ply,0.15,800,0.8,0.15497,0.99,1,0.0,0.0,0.0
Data_omni/001134_lcam_front_lidar.ply,0.15,800,0.8,0.15568,0.99,1,0.0,0.0,0.0
Data_omni/001135_lcam_front_lidar.ply,0.15,800,0.8,0.14588,0.99,1,0.0,0.0,0.0
Data_omni/001136_lcam_front_lidar.ply,0.15,800,0.8,0.15892,0.99,1,0.0,0.0,0.0
Data_omni/001137_lcam_front_lidar.ply,0.15,800,0.8,0.15766,0.99,1,0.0,0.0,0.0
Data_omni/001138_lcam_front_lidar.ply,0.15,800,0.8,0.16244,0.99,1,0.0,0.0,0.0
Data_omni/001139_lcam_front_lidar.ply,0.15,800,0.8,0.16084,0.99,1,0.0,0.0,0.0
Data_omni/001140_lcam_front_lidar.ply,0.15,800,0.8,0.17376,0.99,1,0.0,0.0,0.0
Data_omni/001141_lcam_front_lidar.ply,0.15,800,0.8,0.15264,0.99,1,0.0,0.0,0.0
Data_omni/001142_lcam_front_lidar.ply,0.15,800,0.8,0.17289,0.99,1,0.0,0.0,0.0
Data_omni/001143_lcam_front_lidar.ply,0.15,800,0.8,0.1624,0.99,1,0.0,0.0,0.0
Data_omni/001144_lcam_front_lidar.ply,0.15,800,0.8,0.19632,0.99,1,0.0,0.0,0.0
Data_omni/001145_lcam_front_lidar.ply,0.15,800,0.8,0.16244,0.99,1,0.0,0.0,0.0
Data_omni/001146_lcam_front_lidar.ply,0.15,800,0.8,0.15546,0.99,1,0.0,0.0,0.0
Data_omni/001147_lcam_front_lidar.ply,0.15,800,0.8,0.17603,0.99,1,0.0,0.0,0.0
Data_omni/001148_lcam_front_lidar.ply,0.15,800,0.8,0.15337,0.99,1,0.0,0.0,0.0
Data_omni/001149_lcam_front_lidar.ply,0.15,800,0.8,0.14572,0.99,1,0.0,0.0,0.0
Data_omni/001150_lcam_front_lidar.ply,0.15,800,0.8,0.14284,0.99,1,0.0,0.0,0.0
Data_omni/001151_lcam_front_lidar.ply,0.15,800,0.8,0.14464,0.99,1,0.0,0.0,0.0
Data_omni/001152_lcam_front_lidar.ply,0.15,800,0.8,0.18597,0.99,1,0.0,0.0,0.0
Data_omni/001153_lcam_front_lidar.ply,0.15,800,0.8,0.14477,0.99,1,0.0,0.0,0.0
Data_omni/001154_lcam_front_lidar.ply,0.15,800,0.8,0.18165,0.99,1,0.0,0.0,0.0
Data_omni/001155_lcam_front_lidar.ply,0.15,800,0.8,0.15667,0.99,1,0.0,0.0,0.0
Data_omni/001156_lcam_front_lidar.ply,0.15,800,0.8,0.17236,0.99,1,0.0,0.0,0.0
Data_omni/001157_lcam_front_lidar.ply,0.15,800,0.8,0.14731,0.99,1,0.0,0.0,0.0
Data_omni/001158_lcam_front_lidar.ply,0.15,800,0.8,0.17193,0.99,1,0.0,0.0,0.0
Data_omni/001159_lcam_front_lidar.ply,0.15,800,0.8,0.17477,0.99,1,0.0,0.0,0.0
Data_omni/001160_lcam_front_lidar.ply,0.15,800,0.8,0.15709,0.99,1,0.0,0.0,0.0
Data_omni/001161_lcam_front_lidar.ply,0.15,800,0.8,0.17551,0.99,1,0.0,0.0,0.0
Data_omni/001162_lcam_front_lidar.ply,0.15,800,0.8,0.14833,0.99,1,0.0,0.0,0.0
Data_omni/001163_lcam_front_lidar.ply,0.15,800,0.8,0.1687,0.99,1,0.0,0.0,0.0
Data_omni/001164_lcam_front_lidar.ply,0.15,800,0.8,0.13981,0.99,1,0.0,0.0,0.0
Data_omni/001165_lcam_front_lidar.ply,0.15,800,0.8,0.14086,0.99,1,0.0,0.0,0.0
Data_omni/001166_lcam_front_lidar.ply,0.15,800,0.8,0.14677,0.99,1,0.0,0.0,0.0
Data_omni/001167_lcam_front_lidar.ply,0.15,800,0.8,0.15921,0.99,1,0.0,0.0,0.0
Data_omni/001168_lcam_front_lidar.ply,0.15,800,0.8,0.14219,0.99,1,0.0,0.0,0.0
Data_omni/001169_lcam_front_lidar.ply,0.15,800,0.8,0.14859,0.99,1,0.0,0.0,0.0
Data_omni/001170_lcam_front_lidar.ply,0.15,800,0.8,0.19047,0.99,1,0.0,0.0,0.0
Data_omni/001171_lcam_front_lidar.ply,0.15,800,0.8,0.15655,0.99,1,0.0,0.0,0.0
Data_omni/001172_lcam_front_lidar.ply,0.15,800,0.8,0.1861,0.99,1,0.0,0.0,0.0
Data_omni/001173_lcam_front_lidar.ply,0.15,800,0.8,0.16099,0.99,1,0.0,0.0,0.0
Data_omni/001174_lcam_front_lidar.ply,0.15,800,0.8,0.18221,0.99,1,0.0,0.0,0.0
Data_omni/001175_lcam_front_lidar.ply,0.15,800,0.8,0.15552,0.99,1,0.0,0.0,0.0
Data_omni/001176_lcam_front_lidar.ply,0.15,800,0.8,0.19563,0.99,1,0.0,0.0,0.0
Data_omni/001177_lcam_front_lidar.ply,0.15,800,0.8,0.15936,0.99,1,0.0,0.0,0.0
Data_omni/001178_lcam_front_lidar.ply,0.15,800,0.8,0.17967,0.99,1,0.0,0.0,0.0
Data_omni/001179_lcam_front_lidar.ply,0.15,800,0.8,0.14193,0.99,1,0.0,0.0,0.0
Data_omni/001180_lcam_front_lidar.ply,0.15,800,0.8,0.18027,0.99,1,0.0,0.0,0.0
Data_omni/001181_lcam_front_lidar.ply,0.15,800,0.8,0.15661,0.99,1,0.0,0.0,0.0
Data_omni/001182_lcam_front_lidar.ply,0.15,800,0.8,0.17119,0.99,1,0.0,0.0,0.0
Data_omni/001183_lcam_front_lidar.ply,0.15,800,0.8,0.17379,0.99,1,0.0,0.0,0.0
Data_omni/001184_lcam_front_lidar.ply,0.15,800,0.8,0.14398,0.99,1,0.0,0.0,0.0
Data_omni/001185_lcam_front_lidar.ply,0.15,800,0.8,0.14946,0.99,1,0.0,0.0,0.0
Data_omni/001186_lcam_front_lidar.ply,0.15,800,0.8,0.16117,0.99,1,0.0,0.0,0.0
Data_omni/001187_lcam_front_lidar.ply,0.15,800,0.8,0.14106,0.99,1,0.0,0.0,0.0
Data_omni/001188_lcam_front_lidar.ply,0.15,800,0.8,0.17455,0.99,1,0.0,0.0,0.0
Data_omni/001189_lcam_front_lidar.ply,0.15,800,0.8,0.16396,0.99,1,0.0,0.0,0.0
Data_omni/001190_lcam_front_lidar.ply,0.15,800,0.8,0.14833,0.99,1,0.0,0.0,0.0
Data_omni/001191_lcam_front_lidar.ply,0.15,800,0.8,0.17598,0.99,1,0.0,0.0,0.0
Data_omni/001192_lcam_front_lidar.ply,0.15,800,0.8,0.15576,0.99,1,0.0,0.0,0.0
Data_omni/001193_lcam_front_lidar.ply,0.15,800,0.8,0.19608,0.99,1,0.0,0.0,0.0
Data_omni/001194_lcam_front_lidar.ply,0.15,800,0.8,0.16037,0.99,1,0.0,0.0,0.0
Data_omni/001195_lcam_front_lidar.ply,0.15,800,0.8,0.1532,0.99,1,0.0,0.0,0.0
Data_omni/001196_lcam_front_lidar.ply,0.15,800,0.8,0.17269,0.99,1,0.0,0.0,0.0
Data_omni/001197_lcam_front_lidar.ply,0.15,800,0.8,0.16516,0.99,1,0.0,0.0,0.0
Data_omni/001198_lcam_front_lidar.ply,0.15,800,0.8,0.16643,0.99,1,0.0,0.0,0.0
Data_omni/001199_lcam_front_lidar.ply,0.15,800,0.8,0.16443,0.99,1,0.0,0.0,0.0
Data_omni/001200_lcam_front_lidar.ply,0.15,800,0.8,0.1853,0.99,1,0.0,0.0,0.0
Data_omni/001201_lcam_front_lidar.ply,0.15,800,0.8,0.13925,0.99,1,0.0,0.0,0.0
Data_omni/001202_lcam_front_lidar.ply,0.15,800,0.8,0.17357,0.99,1,0.0,0.0,0.0
Data_omni/001203_lcam_front_lidar.ply,0.15,800,0.8,0.15867,0.99,1,0.0,0.0,0.0
Data_omni/001204_lcam_front_lidar.ply,0.15,800,0.8,0.15286,0.99,1,0.0,0.0,0.0
Data_omni/001205_lcam_front_lidar.ply,0.15,800,0.8,0.16667,0.99,1,0.0,0.0,0.0
Data_omni/001206_lcam_front_lidar.ply,0.15,800,0.8,0.14544,0.99,1,0.0,0.0,0.0
Data_omni/001207_lcam_front_lidar.ply,0.15,800,0.8,0.17627,0.99,1,0.0,0.0,0.0
Data_omni/001208_lcam_front_lidar.ply,0.15,800,0.8,0.14499,0.99,1,0.0,0.0,0.0
Data_omni/001209_lcam_front_lidar.ply,0.15,800,0.8,0.15263,0.99,1,0.0,0.0,0.0
Data_omni/001210_lcam_front_lidar.ply,0.15,800,0.8,0.15035,0.99,1,0.0,0.0,0.0
Data_omni/001211_lcam_front_lidar.ply,0.15,800,0.8,0.15027,0.99,1,0.0,0.0,0.0
Data_omni/001212_lcam_front_lidar.ply,0.15,800,0.8,0.17946,0.99,1,0.0,0.0,0.0
Data_omni/001213_lcam_front_lidar.ply,0.15,800,0.8,0.14237,0.99,1,0.0,0.0,0.0
Data_omni/001214_lcam_front_lidar.ply,0.15,800,0.8,0.14561,0.99,1,0.0,0.0,0.0
Data_omni/001215_lcam_front_lidar.ply,0.15,800,0.8,0.1722,0.99,1,0.0,0.0,0.0
Data_omni/001216_lcam_front_lidar.ply,0.15,800,0.8,0.13992,0.99,1,0.0,0.0,0.0
Data_omni/001217_lcam_front_lidar.ply,0.15,800,0.8,0.13725,0.99,1,0.0,0.0,0.0
Data_omni/001218_lcam_front_lidar.ply,0.15,800,0.8,0.14606,0.99,1,0.0,0.0,0.0
Data_omni/001219_lcam_front_lidar.ply,0.15,800,0.8,0.1471,0.99,1,0.0,0.0,0.0
Data_omni/001220_lcam_front_lidar.ply,0.15,800,0.8,0.15184,0.99,1,0.0,0.0,0.0
Data_omni/001221_lcam_front_lidar.ply,0.15,800,0.8,0.11769,0.99,1,0.0,0.0,0.0
Data_omni/001222_lcam_front_lidar.ply,0.15,800,0.8,0.12422,0.99,1,0.0,0.0,0.0
Data_omni/001223_lcam_front_lidar.ply,0.15,800,0.8,0.13615,0.99,1,0.0,0.0,0.0
Data_omni/001224_lcam_front_lidar.ply,0.15,800,0.8,0.13706,0.99,1,0.0,0.0,0.0
Data_omni/001225_lcam_front_lidar.ply,0.15,800,0.8,0.15347,0.99,1,0.0,0.0,0.0
Data_omni/001226_lcam_front_lidar.ply,0.15,800,0.8,0.13483,0.99,1,0.0,0.0,0.0
Data_omni/001227_lcam_front_lidar.ply,0.15,800,0.8,0.12687,0.99,1,0.0,0.0,0.0
Data_omni/001228_lcam_front_lidar.ply,0.15,800,0.8,0.14233,0.99,1,0.0,0.0,0.0
Data_omni/001229_lcam_front_lidar.ply,0.15,800,0.8,0.12927,0.99,1,0.0,0.0,0.0
Data_omni/001230_lcam_front_lidar.ply,0.15,800,0.8,0.14078,0.99,1,0.0,0.0,0.0
Data_omni/001231_lcam_front_lidar.ply,0.15,800,0.8,0.11778,0.99,1,0.0,0.0,0.0
Data_omni/001232_lcam_front_lidar.ply,0.15,800,0.8,0.13124,0.99,1,0.0,0.0,0.0
Data_omni/001233_lcam_front_lidar.ply,0.15,800,0.8,0.15286,0.99,1,0.0,0.0,0.0
Data_omni/001234_lcam_front_lidar.ply,0.15,800,0.8,0.14179,0.99,1,0.0,0.0,0.0
Data_omni/001235_lcam_front_lidar.ply,0.15,800,0.8,0.12002,0.99,1,0.0,0.0,0.0
Data_omni/001236_lcam_front_lidar.ply,0.15,800,0.8,0.14854,0.99,1,0.0,0.0,0.0
Data_omni/001237_lcam_front_lidar.ply,0.15,800,0.8,0.12439,0.99,1,0.0,0.0,0.0
Data_omni/001238_lcam_front_lidar.ply,0.15,800,0.8,0.10119,0.99,1,0.0,0.0,0.0
Data_omni/001239_lcam_front_lidar.ply,0.15,800,0.8,0.12352,0.99,1,0.0,0.0,0.0
Data_omni/001240_lcam_front_lidar.ply,0.15,800,0.8,0.12713,0.99,1,0.0,0.0,0.0
Data_omni/001241_lcam_front_lidar.ply,0.15,800,0.8,0.15016,0.99,1,0.0,0.0,0.0
Data_omni/001242_lcam_front_lidar.ply,0.15,800,0.8,0.12607,0.99,1,0.0,0.0,0.0
Data_omni/001243_lcam_front_lidar.ply,0.15,800,0.8,0.10903,0.99,1,0.0,0.0,0.0
Data_omni/001244_lcam_front_lidar.ply,0.15,800,0.8,0.13212,0.99,1,0.0,0.0,0.0
Data_omni/001245_lcam_front_lidar.ply,0.15,800,0.8,0.12082,0.99,1,0.0,0.0,0.0
Data_omni/001246_lcam_front_lidar.ply,0.15,800,0.8,0.13838,0.99,1,0.0,0.0,0.0
Data_omni/001247_lcam_front_lidar.ply,0.15,800,0.8,0.16188,0.99,1,0.0,0.0,0.0
Data_omni/001248_lcam_front_lidar.ply,0.15,800,0.8,0.1394,0.99,1,0.0,0.0,0.0
Data_omni/001249_lcam_front_lidar.ply,0.15,800,0.8,0.13437,0.99,1,0.0,0.0,0.0
Data_omni/001250_lcam_front_lidar.ply,0.15,800,0.8,0.12208,0.99,1,0.0,0.0,0.0
Data_omni/001251_lcam_front_lidar.ply,0.15,800,0.8,0.13201,0.99,1,0.0,0.0,0.0
Data_omni/001252_lcam_front_lidar.ply,0.15,800,0.8,0.244,0.99,1,0.0,0.0,0.0
Data_omni/001253_lcam_front_lidar.ply,0.15,800,0.8,0.13695,0.99,1,0.0,0.0,0.0
Data_omni/001254_lcam_front_lidar.ply,0.15,800,0.8,0.12274,0.99,1,0.0,0.0,0.0
Data_omni/001255_lcam_front_lidar.ply,0.15,800,0.8,0.13014,0.99,1,0.0,0.0,0.0
Data_omni/001256_lcam_front_lidar.ply,0.15,800,0.8,0.12338,0.99,1,0.0,0.0,0.0
Data_omni/001257_lcam_front_lidar.ply,0.15,800,0.8,0.1186,0.99,1,0.0,0.0,0.0
Data_omni/001258_lcam_front_lidar.ply,0.15,800,0.8,0.1436,0.99,1,0.0,0.0,0.0
Data_omni/001259_lcam_front_lidar.ply,0.15,800,0.8,0.11582,0.99,1,0.0,0.0,0.0
Data_omni/001260_lcam_front_lidar.ply,0.15,800,0.8,0.12708,0.99,1,0.0,0.0,0.0
Data_omni/001261_lcam_front_lidar.ply,0.15,800,0.8,0.11952,0.99,1,0.0,0.0,0.0
Data_omni/001262_lcam_front_lidar.ply,0.15,800,0.8,0.13858,0.99,1,0.0,0.0,0.0
Data_omni/001263_lcam_front_lidar.ply,0.15,800,0.8,0.12095,0.99,1,0.0,0.0,0.0
Data_omni/001264_lcam_front_lidar.ply,0.15,800,0.8,0.14138,0.99,1,0.0,0.0,0.0
Data_omni/001265_lcam_front_lidar.ply,0.15,800,0.8,0.13767,0.99,1,0.0,0.0,0.0
Data_omni/001266_lcam_front_lidar.ply,0.15,800,0.8,0.1225,0.99,1,0.0,0.0,0.0
Data_omni/001267_lcam_front_lidar.ply,0.15,800,0.8,0.13936,0.99,1,0.0,0.0,0.0
Data_omni/001268_lcam_front_lidar.ply,0.15,800,0.8,0.14123,0.99,1,0.0,0.0,0.0
Data_omni/001269_lcam_front_lidar.ply,0.15,800,0.8,0.14333,0.99,1,0.0,0.0,0.0
Data_omni/001270_lcam_front_lidar.ply,0.15,800,0.8,0.12739,0.99,1,0.0,0.0,0.0
Data_omni/001271_lcam_front_lidar.ply,0.15,800,0.8,0.12765,0.99,1,0.0,0.0,0.0
Data_omni/001272_lcam_front_lidar.ply,0.15,800,0.8,0.13427,0.99,1,0.0,0.0,0.0
Data_omni/001273_lcam_front_lidar.ply,0.15,800,0.8,0.14199,0.99,1,0.0,0.0,0.0
Data_omni/001274_lcam_front_lidar.ply,0.15,800,0.8,0.14308,0.99,1,0.0,0.0,0.0
Data_omni/001275_lcam_front_lidar.ply,0.15,800,0.8,0.16786,0.99,1,0.0,0.0,0.0
Data_omni/001276_lcam_front_lidar.ply,0.15,800,0.8,0.14295,0.99,1,0.0,0.0,0.0
Data_omni/001277_lcam_front_lidar.ply,0.15,800,0.8,0.134,0.99,1,0.0,0.0,0.0
Data_omni/001278_lcam_front_lidar.ply,0.15,800,0.8,0.12552,0.99,1,0.0,0.0,0.0
Data_omni/001279_lcam_front_lidar.ply,0.15,800,0.8,0.15902,0.99,1,0.0,0.0,0.0
Data_omni/001280_lcam_front_lidar.ply,0.15,800,0.8,0.16184,0.99,1,0.0,0.0,0.0
Data_omni/001281_lcam_front_lidar.ply,0.15,800,0.8,0.14366,0.99,1,0.0,0.0,0.0
Data_omni/001282_lcam_front_lidar.ply,0.15,800,0.8,0.13181,0.99,1,0.0,0.0,0.0
Data_omni/001283_lcam_front_lidar.ply,0.15,800,0.8,0.14687,0.99,1,0.0,0.0,0.0
Data_omni/001284_lcam_front_lidar.ply,0.15,800,0.8,0.14574,0.99,1,0.0,0.0,0.0
Data_omni/001285_lcam_front_lidar.ply,0.15,800,0.8,0.14317,0.99,1,0.0,0.0,0.0
Data_omni/001286_lcam_front_lidar.ply,0.15,800,0.8,0.15556,0.99,1,0.0,0.0,0.0
Data_omni/001287_lcam_front_lidar.ply,0.15,800,0.8,0.1626,0.99,1,0.0,0.0,0.0
Data_omni/001288_lcam_front_lidar.ply,0.15,800,0.8,0.19022,0.99,1,0.0,0.0,0.0
Data_omni/001289_lcam_front_lidar.ply,0.15,800,0.8,0.15261,0.99,1,0.0,0.0,0.0
Data_omni/001290_lcam_front_lidar.ply,0.15,800,0.8,0.12971,0.99,1,0.0,0.0,0.0
Data_omni/001291_lcam_front_lidar.ply,0.15,800,0.8,0.11486,0.99,1,0.0,0.0,0.0
Data_omni/001292_lcam_front_lidar.ply,0.15,800,0.8,0.12864,0.99,1,0.0,0.0,0.0
Data_omni/001293_lcam_front_lidar.ply,0.15,800,0.8,0.12044,0.99,1,0.0,0.0,0.0
Data_omni/001294_lcam_front_lidar.ply,0.15,800,0.8,0.12974,0.99,1,0.0,0.0,0.0
Data_omni/001295_lcam_front_lidar.ply,0.15,800,0.8,0.16002,0.99,1,0.0,0.0,0.0
Data_omni/001296_lcam_front_lidar.ply,0.15,800,0.8,0.16403,0.99,1,0.0,0.0,0.0
Data_omni/001297_lcam_front_lidar.ply,0.15,800,0.8,0.14899,0.99,1,0.0,0.0,0.0
Data_omni/001298_lcam_front_lidar.ply,0.15,800,0.8,0.13832,0.99,1,0.0,0.0,0.0
Data_omni/001299_lcam_front_lidar.ply,0.15,800,0.8,0.16006,0.99,1,0.0,0.0,0.0
Data_omni/001300_lcam_front_lidar.ply,0.15,800,0.8,0.12516,0.99,1,0.0,0.0,0.0
Data_omni/001301_lcam_front_lidar.ply,0.15,800,0.8,0.14924,0.99,1,0.0,0.0,0.0
Data_omni/001302_lcam_front_lidar.ply,0.15,800,0.8,0.14322,0.99,1,0.0,0.0,0.0
Data_omni/001303_lcam_front_lidar.ply,0.15,800,0.8,0.15431,0.99,1,0.0,0.0,0.0
Data_omni/001304_lcam_front_lidar.ply,0.15,800,0.8,0.14938,0.99,1,0.0,0.0,0.0
Data_omni/001305_lcam_front_lidar.ply,0.15,800,0.8,0.14367,0.99,1,0.0,0.0,0.0
Data_omni/001306_lcam_front_lidar.ply,0.15,800,0.8,0.12697,0.99,1,0.0,0.0,0.0
Data_omni/001307_lcam_front_lidar.ply,0.15,800,0.8,0.13792,0.99,1,0.0,0.0,0.0
Data_omni/001308_lcam_front_lidar.ply,0.15,800,0.8,0.26563,0.99,1,0.0,0.0,0.0
Data_omni/001309_lcam_front_lidar.ply,0.15,800,0.8,0.18184,0.99,1,0.0,0.0,0.0
Data_omni/001310_lcam_front_lidar.ply,0.15,800,0.8,0.15269,0.99,1,0.0,0.0,0.0
Data_omni/001311_lcam_front_lidar.ply,0.15,800,0.8,0.13789,0.99,1,0.0,0.0,0.0
Data_omni/001312_lcam_front_lidar.ply,0.15,800,0.8,0.14681,0.99,1,0.0,0.0,0.0
Data_omni/001313_lcam_front_lidar.ply,0.15,800,0.8,0.14965,0.99,1,0.0,0.0,0.0
Data_omni/001314_lcam_front_lidar.ply,0.15,800,0.8,0.1502,0.99,1,0.0,0.0,0.0
Data_omni/001315_lcam_front_lidar.ply,0.15,800,0.8,0.12148,0.99,1,0.0,0.0,0.0
Data_omni/001316_lcam_front_lidar.ply,0.15,800,0.8,0.14196,0.99,1,0.0,0.0,0.0
Data_omni/001317_lcam_front_lidar.ply,0.15,800,0.8,0.1474,0.99,1,0.0,0.0,0.0
Data_omni/001318_lcam_front_lidar.ply,0.15,800,0.8,0.13765,0.99,1,0.0,0.0,0.0
Data_omni/001319_lcam_front_lidar.ply,0.15,800,0.8,0.12734,0.99,1,0.0,0.0,0.0
Data_omni/001320_lcam_front_lidar.ply,0.15,800,0.8,0.14257,0.99,1,0.0,0.0,0.0
Data_omni/001321_lcam_front_lidar.ply,0.15,800,0.8,0.12948,0.99,1,0.0,0.0,0.0
Data_omni/001322_lcam_front_lidar.ply,0.15,800,0.8,0.13629,0.99,1,0.0,0.0,0.0
Data_omni/001323_lcam_front_lidar.ply,0.15,800,0.8,0.14876,0.99,1,0.0,0.0,0.0
Data_omni/001324_lcam_front_lidar.ply,0.15,800,0.8,0.14562,0.99,1,0.0,0.0,0.0
Data_omni/001325_lcam_front_lidar.ply,0.15,800,0.8,0.13855,0.99,1,0.0,0.0,0.0
Data_omni/001326_lcam_front_lidar.ply,0.15,800,0.8,0.13036,0.99,1,0.0,0.0,0.0
Data_omni/001327_lcam_front_lidar.ply,0.15,800,0.8,0.1488,0.99,1,0.0,0.0,0.0
Data_omni/001328_lcam_front_lidar.ply,0.15,800,0.8,0.12097,0.99,1,0.0,0.0,0.0
Data_omni/001329_lcam_front_lidar.ply,0.15,800,0.8,0.13326,0.99,1,0.0,0.0,0.0
Data_omni/001330_lcam_front_lidar.ply,0.15,800,0.8,0.13276,0.99,1,0.0,0.0,0.0
