frame_id,epsilon,min_support,normal_threshold,runtime,reward,steps_used,inlier_ratio,plane_normal,residual
000000_lcam_front_lidar.ply,0.2,800,0.9,0.08269,0.30745,1,0.15289,0.95293,0.14512
000001_lcam_front_lidar.ply,0.2,800,0.9,0.08553,0.29994,1,0.14584,0.9479,0.14152
000002_lcam_front_lidar.ply,0.2,800,0.9,0.08343,0.29315,1,0.13777,0.94661,0.14624
000003_lcam_front_lidar.ply,0.2,800,0.9,0.0769,0.30958,1,0.15108,0.9442,0.14074
000004_lcam_front_lidar.ply,0.2,800,0.9,0.09064,0.30965,1,0.15479,0.94383,0.14358
000005_lcam_front_lidar.ply,0.2,800,0.9,0.0837,0.30927,1,0.1541,0.94116,0.14952
000006_lcam_front_lidar.ply,0.2,800,0.9,0.06243,0.30112,1,0.16077,0.93664,0.17336
000007_lcam_front_lidar.ply,0.2,800,0.9,0.0717,0.30495,1,0.1592,0.94221,0.16047
000008_lcam_front_lidar.ply,0.2,800,0.9,0.08325,0.30805,1,0.1613,0.93899,0.16203
000009_lcam_front_lidar.ply,0.2,800,0.9,0.07772,0.3041,1,0.16871,0.93421,0.17982
000010_lcam_front_lidar.ply,0.2,800,0.9,0.08657,0.31043,1,0.1771,0.94169,0.18598
000011_lcam_front_lidar.ply,0.2,800,0.9,0.07785,0.3047,1,0.17685,0.94347,0.19252
000012_lcam_front_lidar.ply,0.2,800,0.9,0.08341,0.31127,1,0.17902,0.94685,0.1836
000013_lcam_front_lidar.ply,0.2,800,0.9,0.08231,0.29476,1,0.15853,0.9542,0.18029
000014_lcam_front_lidar.ply,0.2,800,0.9,0.0807,0.31087,1,0.1748,0.9525,0.17701
000015_lcam_front_lidar.ply,0.2,800,0.9,0.08135,0.31034,1,0.18206,0.94771,0.19119
000016_lcam_front_lidar.ply,0.2,800,0.9,0.07236,0.31505,1,0.18062,0.94553,0.18487
000017_lcam_front_lidar.ply,0.2,800,0.9,0.10128,0.30389,1,0.17187,0.94501,0.17865
000018_lcam_front_lidar.ply,0.2,800,0.9,0.07573,0.30838,1,0.16199,0.94923,0.15871
000019_lcam_front_lidar.ply,0.2,800,0.9,0.0804,0.30882,1,0.16316,0.94464,0.15428
000020_lcam_front_lidar.ply,0.2,800,0.9,0.07943,0.30828,1,0.1586,0.94505,0.14979
000021_lcam_front_lidar.ply,0.2,800,0.9,0.08575,0.2934,1,0.14255,0.94502,0.14203
000022_lcam_front_lidar.ply,0.2,800,0.9,0.06132,0.29866,1,0.13494,0.94369,0.12838
000023_lcam_front_lidar.ply,0.2,800,0.9,0.05943,0.29664,1,0.1356,0.948,0.13256
000024_lcam_front_lidar.ply,0.2,800,0.9,0.07052,0.27479,1,0.13265,0.94779,0.16211
000025_lcam_front_lidar.ply,0.2,800,0.9,0.05979,0.28721,1,0.1405,0.94463,0.15878
000026_lcam_front_lidar.ply,0.2,800,0.9,0.06281,0.26029,1,0.12178,0.93428,0.17067
000027_lcam_front_lidar.ply,0.2,800,0.9,0.05674,0.25318,1,0.11707,0.93487,0.18224
000028_lcam_front_lidar.ply,0.2,800,0.9,0.08012,0.25965,1,0.11693,0.93755,0.17071
000029_lcam_front_lidar.ply,0.2,800,0.9,0.08503,0.2483,1,0.10714,0.94352,0.16808
000030_lcam_front_lidar.ply,0.2,800,0.9,0.08341,0.23851,1,0.09521,0.93505,0.16416
000031_lcam_front_lidar.ply,0.2,800,0.9,0.08796,0.23847,1,0.09295,0.93627,0.15974
000032_lcam_front_lidar.ply,0.2,800,0.9,0.08512,0.23453,1,0.09188,0.93683,0.16452
000033_lcam_front_lidar.ply,0.2,800,0.9,0.08337,0.21291,1,0.07805,0.92919,0.17873
000034_lcam_front_lidar.ply,0.2,800,0.9,0.08983,0.24324,1,0.11145,0.94538,0.18786
000035_lcam_front_lidar.ply,0.2,800,0.9,0.0984,0.2663,1,0.12746,0.9303,0.17454
000036_lcam_front_lidar.ply,0.2,800,0.9,0.10671,0.27675,1,0.13503,0.93103,0.16879
000037_lcam_front_lidar.ply,0.2,800,0.9,0.09536,0.28251,1,0.13805,0.9363,0.15843
000038_lcam_front_lidar.ply,0.2,800,0.9,0.09276,0.30122,1,0.14924,0.92854,0.14746
000039_lcam_front_lidar.ply,0.2,800,0.9,0.08719,0.29556,1,0.13782,0.92618,0.14181
000040_lcam_front_lidar.ply,0.2,800,0.9,0.07681,0.33348,1,0.18032,0.93545,0.15099
000041_lcam_front_lidar.ply,0.2,800,0.9,0.07463,0.3212,1,0.16939,0.93664,0.15826
000042_lcam_front_lidar.ply,0.2,800,0.9,0.0797,0.33761,1,0.18599,0.94247,0.15407
000043_lcam_front_lidar.ply,0.2,800,0.9,0.08639,0.35172,1,0.19473,0.93874,0.14125
000044_lcam_front_lidar.ply,0.2,800,0.9,0.07954,0.36504,1,0.20558,0.93993,0.14049
000045_lcam_front_lidar.ply,0.2,800,0.9,0.08132,0.37032,1,0.21558,0.94391,0.15107
000046_lcam_front_lidar.ply,0.2,800,0.9,0.08728,0.36366,1,0.20806,0.94585,0.14725
000047_lcam_front_lidar.ply,0.2,800,0.9,0.09581,0.36981,1,0.21527,0.95175,0.14917
000048_lcam_front_lidar.ply,0.2,800,0.9,0.09509,0.38117,1,0.22828,0.95049,0.14896
000049_lcam_front_lidar.ply,0.2,800,0.9,0.09321,0.37337,1,0.22392,0.94875,0.15263
000050_lcam_front_lidar.ply,0.2,800,0.9,0.09454,0.37626,1,0.22698,0.94857,0.15872
000051_lcam_front_lidar.ply,0.2,800,0.9,0.10289,0.36686,1,0.20377,0.95311,0.13275
000052_lcam_front_lidar.ply,0.2,800,0.9,0.08887,0.37773,1,0.21928,0.95228,0.14575
000053_lcam_front_lidar.ply,0.2,800,0.9,0.08131,0.36822,1,0.20525,0.95055,0.13837
000054_lcam_front_lidar.ply,0.2,800,0.9,0.08129,0.36981,1,0.20592,0.95066,0.13701
000055_lcam_front_lidar.ply,0.2,800,0.9,0.09053,0.36683,1,0.20778,0.95042,0.1383
000056_lcam_front_lidar.ply,0.2,800,0.9,0.09181,0.36517,1,0.20442,0.94997,0.13904
000057_lcam_front_lidar.ply,0.2,800,0.9,0.09516,0.35659,1,0.19239,0.95104,0.12565
000058_lcam_front_lidar.ply,0.2,800,0.9,0.08785,0.34099,1,0.16831,0.952,0.10948
000059_lcam_front_lidar.ply,0.2,800,0.9,0.09283,0.35371,1,0.19221,0.95297,0.13381
000060_lcam_front_lidar.ply,0.2,800,0.9,0.10329,0.35205,1,0.19936,0.95479,0.14644
000061_lcam_front_lidar.ply,0.2,800,0.9,0.0794,0.34864,1,0.1954,0.95635,0.15358
000062_lcam_front_lidar.ply,0.2,800,0.9,0.07929,0.35738,1,0.18902,0.95889,0.12794
000063_lcam_front_lidar.ply,0.2,800,0.9,0.07941,0.35505,1,0.1984,0.95651,0.149
000064_lcam_front_lidar.ply,0.2,800,0.9,0.09555,0.35234,1,0.19499,0.95968,0.14501
000065_lcam_front_lidar.ply,0.2,800,0.9,0.06344,0.34816,1,0.19471,0.95791,0.15344
000066_lcam_front_lidar.ply,0.2,800,0.9,0.08664,0.34299,1,0.18648,0.95986,0.14571
000067_lcam_front_lidar.ply,0.2,800,0.9,0.08682,0.34304,1,0.1914,0.96324,0.15605
000068_lcam_front_lidar.ply,0.2,800,0.9,0.09382,0.33125,1,0.1746,0.96605,0.14179
000069_lcam_front_lidar.ply,0.2,800,0.9,0.10146,0.32191,1,0.16983,0.96816,0.15154
000070_lcam_front_lidar.ply,0.2,800,0.9,0.08339,0.32215,1,0.15645,0.96555,0.12928
000071_lcam_front_lidar.ply,0.2,800,0.9,0.08468,0.31661,1,0.16794,0.96315,0.15907
000072_lcam_front_lidar.ply,0.2,800,0.9,0.08045,0.31447,1,0.15101,0.971,0.13733
000073_lcam_front_lidar.ply,0.2,800,0.9,0.08635,0.30459,1,0.14613,0.96809,0.14293
000074_lcam_front_lidar.ply,0.2,800,0.9,0.09326,0.29782,1,0.14505,0.97086,0.15337
000075_lcam_front_lidar.ply,0.2,800,0.9,0.08504,0.30251,1,0.15456,0.96808,0.16059
000076_lcam_front_lidar.ply,0.2,800,0.9,0.08964,0.28967,1,0.14044,0.96635,0.16094
000077_lcam_front_lidar.ply,0.2,800,0.9,0.08545,0.2926,1,0.1485,0.96512,0.16723
000078_lcam_front_lidar.ply,0.2,800,0.9,0.07989,0.28821,1,0.1401,0.95948,0.16147
000079_lcam_front_lidar.ply,0.2,800,0.9,0.0789,0.28976,1,0.14364,0.96271,0.16412
000080_lcam_front_lidar.ply,0.2,800,0.9,0.08532,0.2914,1,0.14369,0.96266,0.16321
000081_lcam_front_lidar.ply,0.2,800,0.9,0.07908,0.29922,1,0.15511,0.95903,0.16355
000082_lcam_front_lidar.ply,0.2,800,0.9,0.08313,0.30357,1,0.15259,0.95322,0.15559
000083_lcam_front_lidar.ply,0.2,800,0.9,0.08844,0.28905,1,0.14436,0.94885,0.16123
000084_lcam_front_lidar.ply,0.2,800,0.9,0.08844,0.29599,1,0.14667,0.9489,0.15427
000085_lcam_front_lidar.ply,0.2,800,0.9,0.09117,0.29443,1,0.14632,0.94848,0.15911
000086_lcam_front_lidar.ply,0.2,800,0.9,0.09545,0.30213,1,0.14486,0.94338,0.13917
000087_lcam_front_lidar.ply,0.2,800,0.9,0.08881,0.29883,1,0.14516,0.94257,0.14695
000088_lcam_front_lidar.ply,0.2,800,0.9,0.08467,0.3075,1,0.15509,0.94195,0.15092
000089_lcam_front_lidar.ply,0.2,800,0.9,0.06702,0.2931,1,0.14219,0.94034,0.15261
000090_lcam_front_lidar.ply,0.2,800,0.9,0.08007,0.30272,1,0.15686,0.93749,0.16177
000091_lcam_front_lidar.ply,0.2,800,0.9,0.08416,0.28457,1,0.14126,0.93467,0.16467
000092_lcam_front_lidar.ply,0.2,800,0.9,0.08246,0.30851,1,0.15603,0.93606,0.1465
000093_lcam_front_lidar.ply,0.2,800,0.9,0.09457,0.30549,1,0.15507,0.93596,0.15671
000094_lcam_front_lidar.ply,0.2,800,0.9,0.08133,0.29776,1,0.14413,0.93217,0.14515
000095_lcam_front_lidar.ply,0.2,800,0.9,0.07965,0.29529,1,0.14647,0.93218,0.15703
000096_lcam_front_lidar.ply,0.2,800,0.9,0.08188,0.3112,1,0.16002,0.93214,0.15594
000097_lcam_front_lidar.ply,0.2,800,0.9,0.09512,0.31314,1,0.15816,0.93236,0.14162
000098_lcam_front_lidar.ply,0.2,800,0.9,0.08843,0.29984,1,0.15444,0.93323,0.16537
000099_lcam_front_lidar.ply,0.2,800,0.9,0.08736,0.3039,1,0.14791,0.93065,0.14787
000100_lcam_front_lidar.ply,0.2,800,0.9,0.07261,0.29362,1,0.13222,0.92313,0.14081
000101_lcam_front_lidar.ply,0.2,800,0.9,0.06672,0.26344,1,0.12407,0.94382,0.18355
000102_lcam_front_lidar.ply,0.2,800,0.9,0.07717,0.27675,1,0.10912,0.9208,0.12792
000103_lcam_front_lidar.ply,0.2,800,0.9,0.06875,0.27359,1,0.10725,0.92677,0.13255
000104_lcam_front_lidar.ply,0.2,800,0.9,0.08274,0.25895,1,0.09348,0.92035,0.13357
000105_lcam_front_lidar.ply,0.2,800,0.9,0.08182,0.25574,1,0.10034,0.91644,0.14849
000106_lcam_front_lidar.ply,0.2,800,0.9,0.07978,0.24419,1,0.09187,0.91502,0.15099
000107_lcam_front_lidar.ply,0.2,800,0.9,0.07781,0.25058,1,0.09286,0.91269,0.14212
000108_lcam_front_lidar.ply,0.2,800,0.9,0.06836,0.24885,1,0.0909,0.90728,0.1412
000109_lcam_front_lidar.ply,0.2,800,0.9,0.07926,0.26879,1,0.09951,0.90455,0.11641
000110_lcam_front_lidar.ply,0.2,800,0.9,0.07522,0.29186,1,0.1182,0.90051,0.11083
000111_lcam_front_lidar.ply,0.2,800,0.9,0.07927,0.28579,1,0.11091,0.90083,0.10752
000112_lcam_front_lidar.ply,0.2,800,0.9,0.07929,0.29884,1,0.12934,0.91068,0.11762
000113_lcam_front_lidar.ply,0.2,800,0.9,0.07906,0.29283,1,0.12713,0.91142,0.12899
000114_lcam_front_lidar.ply,0.2,800,0.9,0.07974,0.30241,1,0.13239,0.9134,0.11717
000115_lcam_front_lidar.ply,0.2,800,0.9,0.09554,0.30039,1,0.13867,0.91218,0.12862
000116_lcam_front_lidar.ply,0.2,800,0.9,0.07918,0.30341,1,0.13364,0.9138,0.12005
000117_lcam_front_lidar.ply,0.2,800,0.9,0.07942,0.2985,1,0.13476,0.9123,0.12936
000118_lcam_front_lidar.ply,0.2,800,0.9,0.0879,0.29916,1,0.1371,0.91715,0.13474
000119_lcam_front_lidar.ply,0.2,800,0.9,0.07868,0.28482,1,0.12969,0.91229,0.14198
000120_lcam_front_lidar.ply,0.2,800,0.9,0.07943,0.29078,1,0.12548,0.90981,0.12901
000121_lcam_front_lidar.ply,0.2,800,0.9,0.08338,0.29244,1,0.14065,0.9237,0.15349
000122_lcam_front_lidar.ply,0.2,800,0.9,0.09258,0.28304,1,0.13127,0.92558,0.15062
000123_lcam_front_lidar.ply,0.2,800,0.9,0.0846,0.28362,1,0.13281,0.92749,0.15049
000124_lcam_front_lidar.ply,0.2,800,0.9,0.09539,0.28986,1,0.13882,0.92486,0.15085
000125_lcam_front_lidar.ply,0.2,800,0.9,0.08027,0.2801,1,0.12502,0.92272,0.14694
000126_lcam_front_lidar.ply,0.2,800,0.9,0.0802,0.26539,1,0.12945,0.93808,0.18202
000127_lcam_front_lidar.ply,0.2,800,0.9,0.10678,0.27374,1,0.12635,0.92155,0.15495
000128_lcam_front_lidar.ply,0.2,800,0.9,0.1073,0.27289,1,0.13384,0.92334,0.16804
000129_lcam_front_lidar.ply,0.2,800,0.9,0.10607,0.25954,1,0.13022,0.93067,0.19327
000130_lcam_front_lidar.ply,0.2,800,0.9,0.09346,0.26558,1,0.13074,0.93157,0.18047
000131_lcam_front_lidar.ply,0.2,800,0.9,0.07558,0.25649,1,0.12717,0.9543,0.19118
000132_lcam_front_lidar.ply,0.2,800,0.9,0.10297,0.27083,1,0.14178,0.93253,0.18976
000133_lcam_front_lidar.ply,0.2,800,0.9,0.08624,0.27687,1,0.15148,0.94088,0.20354
000134_lcam_front_lidar.ply,0.2,800,0.9,0.08891,0.27982,1,0.1508,0.93398,0.19135
000135_lcam_front_lidar.ply,0.2,800,0.9,0.10873,0.27841,1,0.14237,0.93131,0.17762
000136_lcam_front_lidar.ply,0.2,800,0.9,0.07358,0.20935,1,0.07463,0.91536,0.18601
000137_lcam_front_lidar.ply,0.2,800,0.9,0.08096,0.32013,1,0.18432,0.97896,0.18345
000138_lcam_front_lidar.ply,0.2,800,0.9,0.09492,0.19274,1,0.06679,0.91188,0.20034
000139_lcam_front_lidar.ply,0.2,800,0.9,0.08622,0.31482,1,0.18686,0.97951,0.19491
000140_lcam_front_lidar.ply,0.2,800,0.9,0.09186,0.19247,1,0.06217,0.91742,0.19076
000141_lcam_front_lidar.ply,0.2,800,0.9,0.0936,0.30328,1,0.18128,0.97925,0.20228
000142_lcam_front_lidar.ply,0.2,800,0.9,0.08945,0.29555,1,0.16285,0.97448,0.18801
000143_lcam_front_lidar.ply,0.2,800,0.9,0.08866,0.27286,1,0.11872,0.92263,0.14703
000144_lcam_front_lidar.ply,0.2,800,0.9,0.09254,0.2067,1,0.07294,0.916,0.18293
000145_lcam_front_lidar.ply,0.2,800,0.9,0.09059,0.26614,1,0.12521,0.93238,0.1682
000146_lcam_front_lidar.ply,0.2,800,0.9,0.09609,0.28858,1,0.17293,0.97715,0.21938
000147_lcam_front_lidar.ply,0.2,800,0.9,0.08959,0.20649,1,0.06428,0.91624,0.1663
000148_lcam_front_lidar.ply,0.2,800,0.9,0.1116,0.20621,1,0.07322,0.91609,0.18256
000149_lcam_front_lidar.ply,0.2,800,0.9,0.11682,0.21173,1,0.06415,0.91881,0.15354
000150_lcam_front_lidar.ply,0.2,800,0.9,0.09334,0.20422,1,0.06978,0.92086,0.17678
000151_lcam_front_lidar.ply,0.2,800,0.9,0.10198,0.21571,1,0.06557,0.9175,0.14333
000152_lcam_front_lidar.ply,0.2,800,0.9,0.09321,0.25767,1,0.11028,0.92005,0.15563
000153_lcam_front_lidar.ply,0.2,800,0.9,0.08903,0.24071,1,0.1178,0.93504,0.20541
000154_lcam_front_lidar.ply,0.2,800,0.9,0.11104,0.24452,1,0.08534,0.914,0.12203
000155_lcam_front_lidar.ply,0.2,800,0.9,0.11246,0.24957,1,0.10739,0.9198,0.16237
000156_lcam_front_lidar.ply,0.2,800,0.9,0.10562,0.24363,1,0.10599,0.9209,0.16653
000157_lcam_front_lidar.ply,0.2,800,0.9,0.09824,0.23548,1,0.08579,0.914,0.14331
000158_lcam_front_lidar.ply,0.2,800,0.9,0.12023,0.23173,1,0.07761,0.91178,0.13308
000159_lcam_front_lidar.ply,0.2,800,0.9,0.10007,0.23614,1,0.0819,0.91423,0.13422
000160_lcam_front_lidar.ply,0.2,800,0.9,0.07971,0.24345,1,0.11239,0.92403,0.18679
000161_lcam_front_lidar.ply,0.2,800,0.9,0.09798,0.23731,1,0.10648,0.92327,0.18904
000162_lcam_front_lidar.ply,0.2,800,0.9,0.09266,0.24139,1,0.10462,0.92216,0.1738
000163_lcam_front_lidar.ply,0.2,800,0.9,0.09678,0.22416,1,0.08209,0.92214,0.16688
000164_lcam_front_lidar.ply,0.2,800,0.9,0.09456,0.20488,1,0.05072,0.95993,0.13369
000165_lcam_front_lidar.ply,0.2,800,0.9,0.10487,0.215,1,0.10151,0.92922,0.2095
000166_lcam_front_lidar.ply,0.2,800,0.9,0.1024,0.19492,1,0.0471,0.95917,0.14799
000167_lcam_front_lidar.ply,0.2,800,0.9,0.10724,0.22374,1,0.09049,0.91726,0.17778
000168_lcam_front_lidar.ply,0.2,800,0.9,0.09966,0.21711,1,0.08556,0.91802,0.18122
000169_lcam_front_lidar.ply,0.2,800,0.9,0.07904,0.21145,1,0.1111,0.99228,0.24887
000170_lcam_front_lidar.ply,0.2,800,0.9,0.09105,0.21613,1,0.10165,0.93256,0.21765
000171_lcam_front_lidar.ply,0.2,800,0.9,0.09891,0.22353,1,0.10081,0.92652,0.19806
000172_lcam_front_lidar.ply,0.2,800,0.9,0.08979,0.21935,1,0.09522,0.92986,0.20084
000173_lcam_front_lidar.ply,0.2,800,0.9,0.09338,0.21672,1,0.09888,0.93213,0.21444
000174_lcam_front_lidar.ply,0.2,800,0.9,0.10976,0.20956,1,0.10003,0.9337,0.225
000175_lcam_front_lidar.ply,0.2,800,0.9,0.1096,0.23732,1,0.10537,0.92319,0.18257
000176_lcam_front_lidar.ply,0.2,800,0.9,0.09719,0.24624,1,0.09744,0.91739,0.14817
000177_lcam_front_lidar.ply,0.2,800,0.9,0.10496,0.23885,1,0.10244,0.92203,0.17586
000178_lcam_front_lidar.ply,0.2,800,0.9,0.10146,0.24468,1,0.08935,0.91652,0.13402
000179_lcam_front_lidar.ply,0.2,800,0.9,0.08063,0.25359,1,0.10205,0.91711,0.14768
000180_lcam_front_lidar.ply,0.2,800,0.9,0.08045,0.23495,1,0.08739,0.91987,0.16093
000181_lcam_front_lidar.ply,0.2,800,0.9,0.07668,0.23914,1,0.08746,0.9158,0.14867
000182_lcam_front_lidar.ply,0.2,800,0.9,0.07143,0.23605,1,0.06899,0.91739,0.12057
000183_lcam_front_lidar.ply,0.2,800,0.9,0.06709,0.27324,1,0.10245,0.91896,0.11661
000184_lcam_front_lidar.ply,0.2,800,0.9,0.05326,0.23029,1,0.0,0.0,0.0
000185_lcam_front_lidar.ply,0.2,800,0.9,0.06426,0.29132,1,0.10532,0.9186,0.084
000186_lcam_front_lidar.ply,0.2,800,0.9,0.06609,0.29035,1,0.10515,0.91598,0.08629
000187_lcam_front_lidar.ply,0.2,800,0.9,0.07732,0.30668,1,0.12273,0.91616,0.08782
000188_lcam_front_lidar.ply,0.2,800,0.9,0.09836,0.29601,1,0.11642,0.91386,0.09086
000189_lcam_front_lidar.ply,0.2,800,0.9,0.07821,0.29798,1,0.12,0.91507,0.09948
000190_lcam_front_lidar.ply,0.2,800,0.9,0.0914,0.30171,1,0.12089,0.91442,0.08409
000191_lcam_front_lidar.ply,0.2,800,0.9,0.09324,0.2969,1,0.12413,0.91931,0.10442
000192_lcam_front_lidar.ply,0.2,800,0.9,0.08937,0.30457,1,0.1244,0.91664,0.08741
000193_lcam_front_lidar.ply,0.2,800,0.9,0.09726,0.31607,1,0.12988,0.92086,0.07727
000194_lcam_front_lidar.ply,0.2,800,0.9,0.06124,0.31616,1,0.13915,0.91822,0.10186
000195_lcam_front_lidar.ply,0.2,800,0.9,0.09109,0.29629,1,0.12054,0.91451,0.0967
000196_lcam_front_lidar.ply,0.2,800,0.9,0.07774,0.29246,1,0.12354,0.92429,0.1105
000197_lcam_front_lidar.ply,0.2,800,0.9,0.06664,0.26226,1,0.10827,0.93826,0.14832
000198_lcam_front_lidar.ply,0.2,800,0.9,0.06285,0.26495,1,0.09008,0.93202,0.10872
000199_lcam_front_lidar.ply,0.2,800,0.9,0.07954,0.3025,1,0.11528,0.91357,0.0793
000200_lcam_front_lidar.ply,0.2,800,0.9,0.07942,0.31363,1,0.1329,0.91949,0.09517
000201_lcam_front_lidar.ply,0.2,800,0.9,0.12111,0.30829,1,0.13112,0.91517,0.09479
000202_lcam_front_lidar.ply,0.2,800,0.9,0.11832,0.30993,1,0.13998,0.91639,0.11102
000203_lcam_front_lidar.ply,0.2,800,0.9,0.11355,0.30785,1,0.14262,0.91795,0.11513
000204_lcam_front_lidar.ply,0.2,800,0.9,0.10294,0.31076,1,0.14378,0.9209,0.11169
000205_lcam_front_lidar.ply,0.2,800,0.9,0.0998,0.31424,1,0.13719,0.92033,0.09897
000206_lcam_front_lidar.ply,0.2,800,0.9,0.10717,0.32528,1,0.15291,0.91913,0.10875
000207_lcam_front_lidar.ply,0.2,800,0.9,0.07929,0.31861,1,0.14326,0.92109,0.10317
000208_lcam_front_lidar.ply,0.2,800,0.9,0.07999,0.31041,1,0.14498,0.92545,0.12333
000209_lcam_front_lidar.ply,0.2,800,0.9,0.09421,0.32206,1,0.15992,0.91972,0.12883
000210_lcam_front_lidar.ply,0.2,800,0.9,0.09833,0.31161,1,0.1447,0.91883,0.11532
000211_lcam_front_lidar.ply,0.2,800,0.9,0.10142,0.30449,1,0.14238,0.91445,0.12719
000212_lcam_front_lidar.ply,0.2,800,0.9,0.08286,0.29509,1,0.13851,0.91508,0.13871
000213_lcam_front_lidar.ply,0.2,800,0.9,0.09301,0.30491,1,0.14395,0.91871,0.13413
000214_lcam_front_lidar.ply,0.2,800,0.9,0.10021,0.29833,1,0.12924,0.90839,0.11375
000215_lcam_front_lidar.ply,0.2,800,0.9,0.09428,0.30183,1,0.13901,0.91069,0.12634
000216_lcam_front_lidar.ply,0.2,800,0.9,0.11026,0.30515,1,0.13217,0.89956,0.10492
000217_lcam_front_lidar.ply,0.2,800,0.9,0.10029,0.31162,1,0.13773,0.90179,0.10253
000218_lcam_front_lidar.ply,0.2,800,0.9,0.0954,0.31406,1,0.13326,0.90744,0.08773
000219_lcam_front_lidar.ply,0.2,800,0.9,0.09972,0.32495,1,0.14913,0.90809,0.1063
000220_lcam_front_lidar.ply,0.2,800,0.9,0.10124,0.33552,1,0.15277,0.90647,0.08843
000221_lcam_front_lidar.ply,0.2,800,0.9,0.09468,0.32193,1,0.13648,0.90242,0.08135
000222_lcam_front_lidar.ply,0.2,800,0.9,0.11418,0.32225,1,0.13577,0.90443,0.07455
000223_lcam_front_lidar.ply,0.2,800,0.9,0.11245,0.31968,1,0.13764,0.90317,0.08071
000224_lcam_front_lidar.ply,0.2,800,0.9,0.09199,0.3206,1,0.13634,0.90612,0.0849
000225_lcam_front_lidar.ply,0.2,800,0.9,0.10565,0.32662,1,0.13843,0.90227,0.07464
000226_lcam_front_lidar.ply,0.2,800,0.9,0.11206,0.31992,1,0.13631,0.90329,0.08367
000227_lcam_front_lidar.ply,0.2,800,0.9,0.12976,0.32143,1,0.14023,0.90613,0.09023
000228_lcam_front_lidar.ply,0.2,800,0.9,0.12709,0.31761,1,0.1437,0.90441,0.0957
000229_lcam_front_lidar.ply,0.2,800,0.9,0.11119,0.32022,1,0.1429,0.90627,0.09443
000230_lcam_front_lidar.ply,0.2,800,0.9,0.1104,0.3148,1,0.14224,0.90795,0.10493
000231_lcam_front_lidar.ply,0.2,800,0.9,0.0864,0.31502,1,0.13709,0.91066,0.09527
000232_lcam_front_lidar.ply,0.2,800,0.9,0.10595,0.31061,1,0.14336,0.90939,0.11573
000233_lcam_front_lidar.ply,0.2,800,0.9,0.06695,0.29715,1,0.13478,0.9163,0.13656
000234_lcam_front_lidar.ply,0.2,800,0.9,0.09674,0.30789,1,0.13869,0.91036,0.11631
000235_lcam_front_lidar.ply,0.2,800,0.9,0.09522,0.28004,1,0.11988,0.91103,0.13623
000236_lcam_front_lidar.ply,0.2,800,0.9,0.08569,0.29378,1,0.13625,0.90998,0.14174
000237_lcam_front_lidar.ply,0.2,800,0.9,0.08964,0.29473,1,0.13044,0.90773,0.12636
000238_lcam_front_lidar.ply,0.2,800,0.9,0.06325,0.30651,1,0.14201,0.91117,0.12897
000239_lcam_front_lidar.ply,0.2,800,0.9,0.09516,0.30005,1,0.14222,0.90809,0.13914
000240_lcam_front_lidar.ply,0.2,800,0.9,0.11188,0.29175,1,0.12282,0.90679,0.11415
000241_lcam_front_lidar.ply,0.2,800,0.9,0.09569,0.28579,1,0.12065,0.90874,0.12041
000242_lcam_front_lidar.ply,0.2,800,0.9,0.09584,0.2796,1,0.12867,0.91521,0.14643
000243_lcam_front_lidar.ply,0.2,800,0.9,0.11084,0.27288,1,0.12407,0.9139,0.15102
000244_lcam_front_lidar.ply,0.2,800,0.9,0.09395,0.27066,1,0.13487,0.92074,0.17997
000245_lcam_front_lidar.ply,0.2,800,0.9,0.09308,0.275,1,0.12416,0.90788,0.1506
000246_lcam_front_lidar.ply,0.2,800,0.9,0.10647,0.27616,1,0.13775,0.91711,0.16953
000247_lcam_front_lidar.ply,0.2,800,0.9,0.10598,0.28137,1,0.13812,0.91507,0.16288
000248_lcam_front_lidar.ply,0.2,800,0.9,0.10193,0.27781,1,0.13656,0.92217,0.16738
000249_lcam_front_lidar.ply,0.2,800,0.9,0.11061,0.2821,1,0.13046,0.90246,0.14752
000250_lcam_front_lidar.ply,0.2,800,0.9,0.10584,0.28104,1,0.13281,0.90194,0.14844
000251_lcam_front_lidar.ply,0.2,800,0.9,0.08868,0.28876,1,0.14136,0.92069,0.16056
000252_lcam_front_lidar.ply,0.2,800,0.9,0.10135,0.30309,1,0.14677,0.90824,0.13587
000253_lcam_front_lidar.ply,0.2,800,0.9,0.09083,0.29881,1,0.14804,0.91089,0.15115
000254_lcam_front_lidar.ply,0.2,800,0.9,0.09332,0.29654,1,0.14643,0.91632,0.14764
000255_lcam_front_lidar.ply,0.2,800,0.9,0.08358,0.31183,1,0.15555,0.91725,0.14542
000256_lcam_front_lidar.ply,0.2,800,0.9,0.08279,0.30599,1,0.1451,0.91603,0.13159
000257_lcam_front_lidar.ply,0.2,800,0.9,0.083,0.29918,1,0.15159,0.91318,0.15793
000258_lcam_front_lidar.ply,0.2,800,0.9,0.08601,0.29778,1,0.14683,0.92316,0.15083
000259_lcam_front_lidar.ply,0.2,800,0.9,0.07696,0.29576,1,0.15343,0.92067,0.1681
000260_lcam_front_lidar.ply,0.2,800,0.9,0.1112,0.2962,1,0.15187,0.91968,0.16041
000261_lcam_front_lidar.ply,0.2,800,0.9,0.09886,0.2996,1,0.15754,0.92386,0.16662
000262_lcam_front_lidar.ply,0.2,800,0.9,0.10237,0.29429,1,0.14264,0.92195,0.14605
000263_lcam_front_lidar.ply,0.2,800,0.9,0.11021,0.29589,1,0.13734,0.92049,0.13661
000264_lcam_front_lidar.ply,0.2,800,0.9,0.0856,0.29075,1,0.14479,0.92419,0.15673
000265_lcam_front_lidar.ply,0.2,800,0.9,0.09606,0.30238,1,0.14962,0.9208,0.1505
000266_lcam_front_lidar.ply,0.2,800,0.9,0.08111,0.29694,1,0.14413,0.92279,0.1536
000267_lcam_front_lidar.ply,0.2,800,0.9,0.10747,0.29497,1,0.15909,0.92893,0.17935
000268_lcam_front_lidar.ply,0.2,800,0.9,0.07553,0.29006,1,0.14074,0.92676,0.1621
000269_lcam_front_lidar.ply,0.2,800,0.9,0.09143,0.28412,1,0.13937,0.92006,0.16693
000270_lcam_front_lidar.ply,0.2,800,0.9,0.0846,0.29783,1,0.15541,0.92364,0.16862
000271_lcam_front_lidar.ply,0.2,800,0.9,0.07949,0.28637,1,0.14383,0.92499,0.17307
000272_lcam_front_lidar.ply,0.2,800,0.9,0.07849,0.26884,1,0.13362,0.93614,0.18536
000273_lcam_front_lidar.ply,0.2,800,0.9,0.08512,0.26649,1,0.12213,0.93352,0.16797
000274_lcam_front_lidar.ply,0.2,800,0.9,0.07547,0.25329,1,0.07916,0.83315,0.10632
000275_lcam_front_lidar.ply,0.2,800,0.9,0.08863,0.25481,1,0.0835,0.85965,0.11535
000276_lcam_front_lidar.ply,0.2,800,0.9,0.07958,0.29582,1,0.14901,0.92692,0.16333
000277_lcam_front_lidar.ply,0.2,800,0.9,0.07947,0.28243,1,0.14915,0.92949,0.18881
000278_lcam_front_lidar.ply,0.2,800,0.9,0.0796,0.28604,1,0.13978,0.92798,0.16196
000279_lcam_front_lidar.ply,0.2,800,0.9,0.07489,0.26079,1,0.08581,0.85608,0.11015
000280_lcam_front_lidar.ply,0.2,800,0.9,0.08488,0.28317,1,0.15456,0.92532,0.19892
000281_lcam_front_lidar.ply,0.2,800,0.9,0.07923,0.30057,1,0.15469,0.92545,0.16632
000282_lcam_front_lidar.ply,0.2,800,0.9,0.07853,0.25709,1,0.08236,0.86125,0.10866
000283_lcam_front_lidar.ply,0.2,800,0.9,0.07794,0.29799,1,0.15858,0.9306,0.17846
000284_lcam_front_lidar.ply,0.2,800,0.9,0.09529,0.30748,1,0.16602,0.92397,0.17101
000285_lcam_front_lidar.ply,0.2,800,0.9,0.0774,0.30184,1,0.16049,0.93112,0.17388
000286_lcam_front_lidar.ply,0.2,800,0.9,0.08875,0.29946,1,0.15317,0.92196,0.16301
000287_lcam_front_lidar.ply,0.2,800,0.9,0.08562,0.2621,1,0.08291,0.84607,0.09591
000288_lcam_front_lidar.ply,0.2,800,0.9,0.08913,0.25857,1,0.0875,0.84586,0.10584
000289_lcam_front_lidar.ply,0.2,800,0.9,0.0791,0.26164,1,0.08423,0.84697,0.10049
000290_lcam_front_lidar.ply,0.2,800,0.9,0.07933,0.30129,1,0.15184,0.92763,0.1626
000291_lcam_front_lidar.ply,0.2,800,0.9,0.08571,0.25392,1,0.07374,0.84162,0.09572
000292_lcam_front_lidar.ply,0.2,800,0.9,0.08706,0.25834,1,0.07686,0.84288,0.0939
000293_lcam_front_lidar.ply,0.2,800,0.9,0.08555,0.30372,1,0.16388,0.92898,0.17825
000294_lcam_front_lidar.ply,0.2,800,0.9,0.10107,0.29075,1,0.16727,0.93478,0.19988
000295_lcam_front_lidar.ply,0.2,800,0.9,0.08323,0.25485,1,0.07123,0.84071,0.0868
000296_lcam_front_lidar.ply,0.2,800,0.9,0.09135,0.29462,1,0.14481,0.9263,0.16125
000297_lcam_front_lidar.ply,0.2,800,0.9,0.07959,0.29586,1,0.14212,0.93422,0.14829
000298_lcam_front_lidar.ply,0.2,800,0.9,0.07917,0.2519,1,0.06864,0.85549,0.08561
000299_lcam_front_lidar.ply,0.2,800,0.9,0.09543,0.25265,1,0.06851,0.84658,0.08299
000300_lcam_front_lidar.ply,0.2,800,0.9,0.10463,0.24654,1,0.06283,0.84612,0.08103
000301_lcam_front_lidar.ply,0.2,800,0.9,0.08043,0.25077,1,0.06469,0.8548,0.08247
000302_lcam_front_lidar.ply,0.2,800,0.9,0.09138,0.30014,1,0.16694,0.93536,0.18887
000303_lcam_front_lidar.ply,0.2,800,0.9,0.07753,0.29742,1,0.16101,0.93469,0.18323
000304_lcam_front_lidar.ply,0.2,800,0.9,0.08515,0.22675,1,0.00202,0.99985,0.00047
000305_lcam_front_lidar.ply,0.2,800,0.9,0.08857,0.29229,1,0.1462,0.93956,0.16339
000306_lcam_front_lidar.ply,0.2,800,0.9,0.09062,0.29298,1,0.13583,0.93699,0.14352
000307_lcam_front_lidar.ply,0.2,800,0.9,0.08327,0.24635,1,0.05838,0.80285,0.0831
000308_lcam_front_lidar.ply,0.2,800,0.9,0.08482,0.23026,1,0.00369,0.99866,0.00171
000309_lcam_front_lidar.ply,0.2,800,0.9,0.08975,0.26746,1,0.12887,0.93999,0.17394
000310_lcam_front_lidar.ply,0.2,800,0.9,0.09545,0.26174,1,0.1145,0.94208,0.15817
000311_lcam_front_lidar.ply,0.2,800,0.9,0.09574,0.24654,1,0.11079,0.93475,0.17702
000312_lcam_front_lidar.ply,0.2,800,0.9,0.09889,0.24643,1,0.10916,0.93553,0.18033
000313_lcam_front_lidar.ply,0.2,800,0.9,0.09939,0.23879,1,0.09895,0.94909,0.17299
000314_lcam_front_lidar.ply,0.2,800,0.9,0.09387,0.19954,1,0.05984,0.94377,0.17381
000315_lcam_front_lidar.ply,0.2,800,0.9,0.10235,0.22492,1,0.07701,0.92666,0.15722
000316_lcam_front_lidar.ply,0.2,800,0.9,0.09497,0.20805,1,0.07129,0.94343,0.17635
000317_lcam_front_lidar.ply,0.2,800,0.9,0.09149,0.21947,1,0.0884,0.93393,0.19194
000318_lcam_front_lidar.ply,0.2,800,0.9,0.112,0.22562,1,0.0832,0.94053,0.16605
000319_lcam_front_lidar.ply,0.2,800,0.9,0.10646,0.23619,1,0.08221,0.93792,0.14681
000320_lcam_front_lidar.ply,0.2,800,0.9,0.11776,0.22558,1,0.08896,0.938,0.17312
000321_lcam_front_lidar.ply,0.2,800,0.9,0.11382,0.23462,1,0.08651,0.94128,0.15206
000322_lcam_front_lidar.ply,0.2,800,0.9,0.10049,0.24187,1,0.08713,0.92594,0.14653
000323_lcam_front_lidar.ply,0.2,800,0.9,0.10697,0.22516,1,0.08842,0.93511,0.17301
000324_lcam_front_lidar.ply,0.2,800,0.9,0.12223,0.21866,1,0.07754,0.94114,0.16635
000325_lcam_front_lidar.ply,0.2,800,0.9,0.11339,0.2247,1,0.09341,0.94051,0.18828
000326_lcam_front_lidar.ply,0.2,800,0.9,0.11008,0.22717,1,0.08597,0.93992,0.16604
000327_lcam_front_lidar.ply,0.2,800,0.9,0.11409,0.25622,1,0.12309,0.95461,0.1867
000328_lcam_front_lidar.ply,0.2,800,0.9,0.11989,0.22575,1,0.00242,0.97536,0.00525
000329_lcam_front_lidar.ply,0.2,800,0.9,0.12003,0.22134,1,0.08952,0.94113,0.18573
000330_lcam_front_lidar.ply,0.2,800,0.9,0.12616,0.23184,1,0.0878,0.9414,0.16272
000331_lcam_front_lidar.ply,0.2,800,0.9,0.12834,0.23022,1,0.07681,0.93665,0.14182
000332_lcam_front_lidar.ply,0.2,800,0.9,0.12711,0.23152,1,0.08566,0.93889,0.15359
000333_lcam_front_lidar.ply,0.2,800,0.9,0.12561,0.25376,1,0.12971,0.95056,0.20131
000334_lcam_front_lidar.ply,0.2,800,0.9,0.13411,0.21579,1,0.09212,0.94442,0.19978
000335_lcam_front_lidar.ply,0.2,800,0.9,0.11984,0.23174,1,0.07374,0.9378,0.13468
000336_lcam_front_lidar.ply,0.2,800,0.9,0.13876,0.22074,1,0.06992,0.93694,0.14028
000337_lcam_front_lidar.ply,0.2,800,0.9,0.13791,0.22038,1,0.09103,0.94477,0.18795
000338_lcam_front_lidar.ply,0.2,800,0.9,0.149,0.22428,1,0.09196,0.93892,0.17936
000339_lcam_front_lidar.ply,0.2,800,0.9,0.11608,0.25563,1,0.12487,0.95432,0.18951
000340_lcam_front_lidar.ply,0.2,800,0.9,0.12787,0.22473,1,0.08196,0.94248,0.1652
000341_lcam_front_lidar.ply,0.2,800,0.9,0.06501,0.34775,1,0.22325,0.99582,0.21744
000342_lcam_front_lidar.ply,0.2,800,0.9,0.06132,0.26796,1,0.13815,0.99421,0.20184
000343_lcam_front_lidar.ply,0.2,800,0.9,0.06418,0.31006,1,0.16511,0.99472,0.17325
000344_lcam_front_lidar.ply,0.2,800,0.9,0.04758,0.30839,1,0.16821,0.99409,0.18575
000345_lcam_front_lidar.ply,0.2,800,0.9,0.1023,0.25957,1,0.12931,0.99518,0.19231
000346_lcam_front_lidar.ply,0.2,800,0.9,0.13075,0.24339,1,0.11517,0.99454,0.19116
000347_lcam_front_lidar.ply,0.2,800,0.9,0.12273,0.22798,1,0.06124,0.93909,0.12224
000348_lcam_front_lidar.ply,0.2,800,0.9,0.12339,0.20361,1,0.06764,0.94531,0.17288
000349_lcam_front_lidar.ply,0.2,800,0.9,0.11132,0.27826,1,0.13727,0.99386,0.17171
000350_lcam_front_lidar.ply,0.2,800,0.9,0.10493,0.27789,1,0.14639,0.99422,0.18914
000351_lcam_front_lidar.ply,0.2,800,0.9,0.13096,0.28022,1,0.14538,0.9937,0.17625
000352_lcam_front_lidar.ply,0.2,800,0.9,0.14627,0.26867,1,0.13684,0.9945,0.18595
000353_lcam_front_lidar.ply,0.2,800,0.9,0.11703,0.20608,1,0.0674,0.94772,0.17
000354_lcam_front_lidar.ply,0.2,800,0.9,0.12833,0.26867,1,0.12831,0.99372,0.16986
000355_lcam_front_lidar.ply,0.2,800,0.9,0.12039,0.26924,1,0.12256,0.99347,0.15892
000356_lcam_front_lidar.ply,0.2,800,0.9,0.11768,0.20568,1,0.06557,0.94486,0.1669
000357_lcam_front_lidar.ply,0.2,800,0.9,0.11756,0.20633,1,0.05589,0.94655,0.15124
000358_lcam_front_lidar.ply,0.2,800,0.9,0.12922,0.27514,1,0.12935,0.99253,0.15997
000359_lcam_front_lidar.ply,0.2,800,0.9,0.12229,0.20451,1,0.04938,0.95082,0.14008
000360_lcam_front_lidar.ply,0.2,800,0.9,0.13531,0.29166,1,0.14982,0.99476,0.16351
000361_lcam_front_lidar.ply,0.2,800,0.9,0.11809,0.27678,1,0.14108,0.994,0.18448
000362_lcam_front_lidar.ply,0.2,800,0.9,0.13021,0.27211,1,0.11636,0.99283,0.13692
000363_lcam_front_lidar.ply,0.2,800,0.9,0.12752,0.28696,1,0.13574,0.99351,0.14502
000364_lcam_front_lidar.ply,0.2,800,0.9,0.11181,0.28923,1,0.13317,0.99389,0.14259
000365_lcam_front_lidar.ply,0.2,800,0.9,0.12657,0.29815,1,0.1328,0.99295,0.124
000366_lcam_front_lidar.ply,0.2,800,0.9,0.1189,0.29742,1,0.14442,0.99383,0.14994
000367_lcam_front_lidar.ply,0.2,800,0.9,0.13108,0.2962,1,0.13641,0.99256,0.12715
000368_lcam_front_lidar.ply,0.2,800,0.9,0.12935,0.2962,1,0.13155,0.99442,0.12113
000369_lcam_front_lidar.ply,0.2,800,0.9,0.12438,0.30589,1,0.13818,0.99266,0.12069
000370_lcam_front_lidar.ply,0.2,800,0.9,0.11526,0.30183,1,0.13722,0.99243,0.12384
000371_lcam_front_lidar.ply,0.2,800,0.9,0.11686,0.30521,1,0.14165,0.99398,0.12823
000372_lcam_front_lidar.ply,0.2,800,0.9,0.13064,0.30874,1,0.14487,0.99344,0.12732
000373_lcam_front_lidar.ply,0.2,800,0.9,0.12698,0.30343,1,0.14064,0.99515,0.12635
000374_lcam_front_lidar.ply,0.2,800,0.9,0.14018,0.30438,1,0.13772,0.99279,0.11646
000375_lcam_front_lidar.ply,0.2,800,0.9,0.12993,0.3016,1,0.12564,0.99484,0.09931
000376_lcam_front_lidar.ply,0.2,800,0.9,0.10082,0.30405,1,0.14119,0.99419,0.13334
000377_lcam_front_lidar.ply,0.2,800,0.9,0.11864,0.302,1,0.13278,0.99527,0.11554
000378_lcam_front_lidar.ply,0.2,800,0.9,0.13413,0.29986,1,0.13077,0.99408,0.11386
000379_lcam_front_lidar.ply,0.2,800,0.9,0.14051,0.29752,1,0.1385,0.9963,0.13063
000380_lcam_front_lidar.ply,0.2,800,0.9,0.1275,0.29554,1,0.12889,0.99528,0.11889
000381_lcam_front_lidar.ply,0.2,800,0.9,0.14772,0.28819,1,0.12319,0.99559,0.11674
000382_lcam_front_lidar.ply,0.2,800,0.9,0.11721,0.3025,1,0.13637,0.99683,0.12429
000383_lcam_front_lidar.ply,0.2,800,0.9,0.13717,0.28401,1,0.12132,0.99478,0.12759
000384_lcam_front_lidar.ply,0.2,800,0.9,0.14139,0.286,1,0.12117,0.99607,0.12274
000385_lcam_front_lidar.ply,0.2,800,0.9,0.12097,0.2919,1,0.12131,0.99676,0.11512
000386_lcam_front_lidar.ply,0.2,800,0.9,0.12623,0.28904,1,0.1231,0.99671,0.12379
000387_lcam_front_lidar.ply,0.2,800,0.9,0.15277,0.27607,1,0.1132,0.99783,0.12163
000388_lcam_front_lidar.ply,0.2,800,0.9,0.14368,0.27718,1,0.12048,0.99769,0.1397
000389_lcam_front_lidar.ply,0.2,800,0.9,0.22888,0.2664,1,0.12158,0.99819,0.14175
000390_lcam_front_lidar.ply,0.2,800,0.9,0.14086,0.27506,1,0.11384,0.99893,0.1304
000391_lcam_front_lidar.ply,0.2,800,0.9,0.13378,0.27718,1,0.11895,0.99783,0.13709
000392_lcam_front_lidar.ply,0.2,800,0.9,0.1213,0.27932,1,0.1206,0.99851,0.13406
000393_lcam_front_lidar.ply,0.2,800,0.9,0.14248,0.26291,1,0.11263,0.99869,0.14984
000394_lcam_front_lidar.ply,0.2,800,0.9,0.12478,0.26833,1,0.11722,0.99937,0.14854
000395_lcam_front_lidar.ply,0.2,800,0.9,0.13352,0.2574,1,0.11574,0.99941,0.16555
000396_lcam_front_lidar.ply,0.2,800,0.9,0.16221,0.20605,1,0.06976,0.99941,0.17697
000397_lcam_front_lidar.ply,0.2,800,0.9,0.15126,0.26885,1,0.12149,0.99912,0.15478
000398_lcam_front_lidar.ply,0.2,800,0.9,0.13504,0.26355,1,0.12125,0.99941,0.16579
000399_lcam_front_lidar.ply,0.2,800,0.9,0.16836,0.21786,1,0.03909,0.99932,0.0895
000400_lcam_front_lidar.ply,0.2,800,0.9,0.14051,0.26143,1,0.12105,0.99964,0.17209
000401_lcam_front_lidar.ply,0.2,800,0.9,0.13492,0.25543,1,0.11317,0.99973,0.16821
000402_lcam_front_lidar.ply,0.2,800,0.9,0.15115,0.25089,1,0.12007,0.99971,0.18477
000403_lcam_front_lidar.ply,0.2,800,0.9,0.17217,0.27317,1,0.14157,0.99967,0.18043
000404_lcam_front_lidar.ply,0.2,800,0.9,0.17283,0.26547,1,0.12737,0.99971,0.17224
000405_lcam_front_lidar.ply,0.2,800,0.9,0.15071,0.28523,1,0.14484,0.99973,0.16682
000406_lcam_front_lidar.ply,0.2,800,0.9,0.14852,0.28456,1,0.14394,0.99977,0.16683
000407_lcam_front_lidar.ply,0.2,800,0.9,0.13975,0.29812,1,0.15116,0.99978,0.15782
000408_lcam_front_lidar.ply,0.2,800,0.9,0.12212,0.29242,1,0.14404,0.99971,0.1603
000409_lcam_front_lidar.ply,0.2,800,0.9,0.18644,0.29327,1,0.14649,0.99971,0.14976
000410_lcam_front_lidar.ply,0.2,800,0.9,0.19042,0.28692,1,0.14463,0.99971,0.156
000411_lcam_front_lidar.ply,0.2,800,0.9,0.12066,0.30593,1,0.15222,0.99973,0.14792
000412_lcam_front_lidar.ply,0.2,800,0.9,0.19822,0.3054,1,0.16143,0.99967,0.15011
000413_lcam_front_lidar.ply,0.2,800,0.9,0.16961,0.31296,1,0.15985,0.99973,0.13592
000414_lcam_front_lidar.ply,0.2,800,0.9,0.17336,0.31211,1,0.16234,0.99971,0.14466
000415_lcam_front_lidar.ply,0.2,800,0.9,0.18657,0.31044,1,0.15826,0.9997,0.14078
000416_lcam_front_lidar.ply,0.2,800,0.9,0.15992,0.31539,1,0.16099,0.99972,0.13946
000417_lcam_front_lidar.ply,0.2,800,0.9,0.14431,0.31868,1,0.16276,0.9997,0.13205
000418_lcam_front_lidar.ply,0.2,800,0.9,0.13754,0.31769,1,0.1625,0.99966,0.14353
000419_lcam_front_lidar.ply,0.2,800,0.9,0.10321,0.32431,1,0.1602,0.99967,0.13083
000420_lcam_front_lidar.ply,0.2,800,0.9,0.13632,0.32038,1,0.15799,0.99966,0.12768
000421_lcam_front_lidar.ply,0.2,800,0.9,0.10774,0.32463,1,0.15718,0.99961,0.12646
000422_lcam_front_lidar.ply,0.2,800,0.9,0.11898,0.32812,1,0.16262,0.99944,0.12397
000423_lcam_front_lidar.ply,0.2,800,0.9,0.12526,0.31373,1,0.15654,0.99944,0.13938
000424_lcam_front_lidar.ply,0.2,800,0.9,0.1384,0.32951,1,0.16987,0.99936,0.13389
000425_lcam_front_lidar.ply,0.2,800,0.9,0.12802,0.32288,1,0.16491,0.99948,0.1367
000426_lcam_front_lidar.ply,0.2,800,0.9,0.11439,0.33443,1,0.1747,0.99941,0.13984
000427_lcam_front_lidar.ply,0.2,800,0.9,0.12925,0.31506,1,0.15834,0.9993,0.13543
000428_lcam_front_lidar.ply,0.2,800,0.9,0.11999,0.32158,1,0.16474,0.99945,0.14089
000429_lcam_front_lidar.ply,0.2,800,0.9,0.15075,0.32225,1,0.16966,0.99929,0.14328
000430_lcam_front_lidar.ply,0.2,800,0.9,0.15301,0.24927,1,0.07019,0.99968,0.09324
000431_lcam_front_lidar.ply,0.2,800,0.9,0.13995,0.30929,1,0.15753,0.99906,0.14588
000432_lcam_front_lidar.ply,0.2,800,0.9,0.14199,0.3237,1,0.16695,0.99934,0.13668
000433_lcam_front_lidar.ply,0.2,800,0.9,0.13209,0.32136,1,0.16261,0.99923,0.13665
000434_lcam_front_lidar.ply,0.2,800,0.9,0.12639,0.3445,1,0.18379,0.99928,0.13243
000435_lcam_front_lidar.ply,0.2,800,0.9,0.12605,0.33324,1,0.17159,0.99917,0.13448
000436_lcam_front_lidar.ply,0.2,800,0.9,0.12955,0.32439,1,0.16436,0.99902,0.13419
000437_lcam_front_lidar.ply,0.2,800,0.9,0.11127,0.32914,1,0.17116,0.9992,0.13668
000438_lcam_front_lidar.ply,0.2,800,0.9,0.12619,0.333,1,0.17173,0.9992,0.13355
000439_lcam_front_lidar.ply,0.2,800,0.9,0.12565,0.33436,1,0.16981,0.9991,0.12405
000440_lcam_front_lidar.ply,0.2,800,0.9,0.13524,0.34424,1,0.18596,0.99906,0.13369
000441_lcam_front_lidar.ply,0.2,800,0.9,0.12106,0.34514,1,0.18184,0.99904,0.13201
000442_lcam_front_lidar.ply,0.2,800,0.9,0.14979,0.33595,1,0.17853,0.99888,0.13406
000443_lcam_front_lidar.ply,0.2,800,0.9,0.12616,0.34995,1,0.18676,0.99891,0.12682
000444_lcam_front_lidar.ply,0.2,800,0.9,0.12522,0.35188,1,0.18979,0.99888,0.12899
000445_lcam_front_lidar.ply,0.2,800,0.9,0.11982,0.35541,1,0.19558,0.99885,0.13215
000446_lcam_front_lidar.ply,0.2,800,0.9,0.11498,0.35714,1,0.19621,0.9988,0.13496
000447_lcam_front_lidar.ply,0.2,800,0.9,0.10114,0.36561,1,0.20216,0.99879,0.1325
000448_lcam_front_lidar.ply,0.2,800,0.9,0.12659,0.34607,1,0.18578,0.99885,0.12889
000449_lcam_front_lidar.ply,0.2,800,0.9,0.13214,0.35057,1,0.19055,0.99872,0.13204
000450_lcam_front_lidar.ply,0.2,800,0.9,0.12293,0.35218,1,0.18823,0.99888,0.12695
000451_lcam_front_lidar.ply,0.2,800,0.9,0.13267,0.35777,1,0.19464,0.99873,0.12921
000452_lcam_front_lidar.ply,0.2,800,0.9,0.12463,0.33942,1,0.17308,0.9988,0.12123
000453_lcam_front_lidar.ply,0.2,800,0.9,0.12586,0.34823,1,0.18381,0.99856,0.1255
000454_lcam_front_lidar.ply,0.2,800,0.9,0.12637,0.35549,1,0.19495,0.99872,0.13121
000455_lcam_front_lidar.ply,0.2,800,0.9,0.12911,0.35358,1,0.19301,0.99861,0.12839
000456_lcam_front_lidar.ply,0.2,800,0.9,0.13391,0.37149,1,0.2086,0.99875,0.12904
000457_lcam_front_lidar.ply,0.2,800,0.9,0.12601,0.36874,1,0.20713,0.99869,0.13246
000458_lcam_front_lidar.ply,0.2,800,0.9,0.15338,0.36386,1,0.20582,0.99866,0.13217
000459_lcam_front_lidar.ply,0.2,800,0.9,0.1314,0.36952,1,0.2115,0.99865,0.13673
000460_lcam_front_lidar.ply,0.2,800,0.9,0.12935,0.35769,1,0.19817,0.99852,0.13384
000461_lcam_front_lidar.ply,0.2,800,0.9,0.12098,0.35827,1,0.19782,0.99863,0.12855
000462_lcam_front_lidar.ply,0.2,800,0.9,0.11953,0.3603,1,0.20216,0.99854,0.13735
000463_lcam_front_lidar.ply,0.2,800,0.9,0.15227,0.3512,1,0.19283,0.99851,0.13104
000464_lcam_front_lidar.ply,0.2,800,0.9,0.13577,0.35344,1,0.19269,0.99854,0.13062
000465_lcam_front_lidar.ply,0.2,800,0.9,0.13315,0.35119,1,0.19056,0.99846,0.12692
000466_lcam_front_lidar.ply,0.2,800,0.9,0.11923,0.35353,1,0.19648,0.9984,0.13956
000467_lcam_front_lidar.ply,0.2,800,0.9,0.13885,0.34766,1,0.19269,0.9984,0.13932
000468_lcam_front_lidar.ply,0.2,800,0.9,0.12983,0.3532,1,0.19592,0.99838,0.13913
000469_lcam_front_lidar.ply,0.2,800,0.9,0.12704,0.35807,1,0.20418,0.99839,0.14439
000470_lcam_front_lidar.ply,0.2,800,0.9,0.11907,0.34482,1,0.19291,0.99841,0.14696
000471_lcam_front_lidar.ply,0.2,800,0.9,0.1363,0.34355,1,0.19323,0.99835,0.14251
000472_lcam_front_lidar.ply,0.2,800,0.9,0.12338,0.35054,1,0.19727,0.99839,0.14581
000473_lcam_front_lidar.ply,0.2,800,0.9,0.11211,0.34814,1,0.19718,0.99847,0.14725
000474_lcam_front_lidar.ply,0.2,800,0.9,0.14468,0.3612,1,0.21145,0.99839,0.14947
000475_lcam_front_lidar.ply,0.2,800,0.9,0.12017,0.34499,1,0.19643,0.99841,0.15319
000476_lcam_front_lidar.ply,0.2,800,0.9,0.12735,0.35396,1,0.20024,0.99837,0.14381
000477_lcam_front_lidar.ply,0.2,800,0.9,0.14286,0.34401,1,0.19381,0.99838,0.14802
000478_lcam_front_lidar.ply,0.2,800,0.9,0.20774,0.33861,1,0.19606,0.99844,0.14597
000479_lcam_front_lidar.ply,0.2,800,0.9,0.13273,0.35129,1,0.19851,0.99827,0.14535
000480_lcam_front_lidar.ply,0.2,800,0.9,0.1808,0.34071,1,0.19498,0.99823,0.14807
000481_lcam_front_lidar.ply,0.2,800,0.9,0.11545,0.34959,1,0.19459,0.99834,0.13997
000482_lcam_front_lidar.ply,0.2,800,0.9,0.12055,0.3505,1,0.19689,0.99859,0.14343
000483_lcam_front_lidar.ply,0.2,800,0.9,0.11171,0.3328,1,0.17801,0.99827,0.14157
000484_lcam_front_lidar.ply,0.2,800,0.9,0.13504,0.2008,1,0.03707,0.95401,0.12005
000485_lcam_front_lidar.ply,0.2,800,0.9,0.12238,0.337,1,0.17823,0.99843,0.13193
000486_lcam_front_lidar.ply,0.2,800,0.9,0.11164,0.32434,1,0.16776,0.99845,0.13746
000487_lcam_front_lidar.ply,0.2,800,0.9,0.11583,0.32045,1,0.16645,0.99844,0.13892
000488_lcam_front_lidar.ply,0.2,800,0.9,0.1264,0.32696,1,0.17248,0.99849,0.14053
000489_lcam_front_lidar.ply,0.2,800,0.9,0.12278,0.19517,1,0.03356,0.94865,0.12501
000490_lcam_front_lidar.ply,0.2,800,0.9,0.11716,0.20441,1,0.04161,0.95473,0.13174
000491_lcam_front_lidar.ply,0.2,800,0.9,0.12734,0.20567,1,0.04577,0.95696,0.12632
000492_lcam_front_lidar.ply,0.2,800,0.9,0.1276,0.20309,1,0.04559,0.95817,0.13053
000493_lcam_front_lidar.ply,0.2,800,0.9,0.11671,0.35271,1,0.20633,0.9985,0.15535
000494_lcam_front_lidar.ply,0.2,800,0.9,0.10672,0.21042,1,0.05475,0.96739,0.14184
000495_lcam_front_lidar.ply,0.2,800,0.9,0.12663,0.3491,1,0.20345,0.99832,0.15911
000496_lcam_front_lidar.ply,0.2,800,0.9,0.10693,0.34689,1,0.19916,0.99836,0.1591
000497_lcam_front_lidar.ply,0.2,800,0.9,0.12669,0.34509,1,0.20228,0.9983,0.16786
000498_lcam_front_lidar.ply,0.2,800,0.9,0.1025,0.3389,1,0.19307,0.99841,0.16264
000499_lcam_front_lidar.ply,0.2,800,0.9,0.13312,0.32456,1,0.18028,0.99824,0.1555
000500_lcam_front_lidar.ply,0.2,800,0.9,0.10586,0.32989,1,0.18582,0.99832,0.1644
000501_lcam_front_lidar.ply,0.2,800,0.9,0.10325,0.33103,1,0.18581,0.99848,0.16654
000502_lcam_front_lidar.ply,0.2,800,0.9,0.09496,0.34738,1,0.19201,0.99827,0.14664
000503_lcam_front_lidar.ply,0.2,800,0.9,0.10915,0.34037,1,0.20067,0.99828,0.17151
000504_lcam_front_lidar.ply,0.2,800,0.9,0.08839,0.33596,1,0.19123,0.9982,0.16675
000505_lcam_front_lidar.ply,0.2,800,0.9,0.08085,0.33392,1,0.1804,0.99822,0.15519
000506_lcam_front_lidar.ply,0.2,800,0.9,0.05732,0.31609,1,0.16259,0.99598,0.15919
000507_lcam_front_lidar.ply,0.2,800,0.9,0.11175,0.34285,1,0.2068,0.99819,0.18266
000508_lcam_front_lidar.ply,0.2,800,0.9,0.12084,0.32879,1,0.19837,0.99861,0.19125
000509_lcam_front_lidar.ply,0.2,800,0.9,0.1306,0.33744,1,0.20874,0.99831,0.1906
000510_lcam_front_lidar.ply,0.2,800,0.9,0.11218,0.33791,1,0.21252,0.99844,0.19793
000511_lcam_front_lidar.ply,0.2,800,0.9,0.11699,0.33704,1,0.21002,0.99867,0.19559
000512_lcam_front_lidar.ply,0.2,800,0.9,0.12538,0.33576,1,0.20979,0.99868,0.19858
000513_lcam_front_lidar.ply,0.2,800,0.9,0.11639,0.33018,1,0.20913,0.99869,0.2057
000514_lcam_front_lidar.ply,0.2,800,0.9,0.11567,0.32154,1,0.20367,0.99874,0.21501
000515_lcam_front_lidar.ply,0.2,800,0.9,0.12755,0.3319,1,0.21438,0.9988,0.2068
000516_lcam_front_lidar.ply,0.2,800,0.9,0.11575,0.32211,1,0.19931,0.9988,0.2023
000517_lcam_front_lidar.ply,0.2,800,0.9,0.12769,0.3218,1,0.20046,0.99903,0.19774
000518_lcam_front_lidar.ply,0.2,800,0.9,0.12999,0.33155,1,0.20406,0.99914,0.19236
000519_lcam_front_lidar.ply,0.2,800,0.9,0.1092,0.31946,1,0.19008,0.99865,0.19294
000520_lcam_front_lidar.ply,0.2,800,0.9,0.12723,0.32507,1,0.19981,0.99888,0.19893
000521_lcam_front_lidar.ply,0.2,800,0.9,0.1448,0.33249,1,0.20505,0.99917,0.18766
000522_lcam_front_lidar.ply,0.2,800,0.9,0.10407,0.32478,1,0.1931,0.9989,0.18233
000523_lcam_front_lidar.ply,0.2,800,0.9,0.13648,0.3307,1,0.20439,0.99874,0.19238
000524_lcam_front_lidar.ply,0.2,800,0.9,0.15988,0.32817,1,0.2018,0.99873,0.18495
000525_lcam_front_lidar.ply,0.2,800,0.9,0.14978,0.32407,1,0.18947,0.99892,0.17527
000526_lcam_front_lidar.ply,0.2,800,0.9,0.14462,0.32871,1,0.20005,0.99882,0.18352
000527_lcam_front_lidar.ply,0.2,800,0.9,0.19797,0.32431,1,0.20304,0.99888,0.18944
000528_lcam_front_lidar.ply,0.2,800,0.9,0.13853,0.3282,1,0.20747,0.99932,0.2
000529_lcam_front_lidar.ply,0.2,800,0.9,0.13371,0.33169,1,0.19892,0.999,0.1844
000530_lcam_front_lidar.ply,0.2,800,0.9,0.1398,0.32898,1,0.20105,0.99921,0.1967
000531_lcam_front_lidar.ply,0.2,800,0.9,0.10512,0.32199,1,0.18296,0.99868,0.17763
000532_lcam_front_lidar.ply,0.2,800,0.9,0.13302,0.3226,1,0.19922,0.99882,0.20088
000533_lcam_front_lidar.ply,0.2,800,0.9,0.10927,0.32362,1,0.203,0.99934,0.20997
000534_lcam_front_lidar.ply,0.2,800,0.9,0.11286,0.30026,1,0.16906,0.99362,0.19031
000535_lcam_front_lidar.ply,0.2,800,0.9,0.10582,0.31831,1,0.18657,0.99737,0.18641
000536_lcam_front_lidar.ply,0.2,800,0.9,0.11349,0.28216,1,0.15831,0.9977,0.20708
000537_lcam_front_lidar.ply,0.2,800,0.9,0.15805,0.22171,1,0.07703,0.99211,0.15827
000538_lcam_front_lidar.ply,0.2,800,0.9,0.19472,0.24677,1,0.12549,0.99814,0.18676
000539_lcam_front_lidar.ply,0.2,800,0.9,0.13661,0.28229,1,0.15238,0.99981,0.1879
000540_lcam_front_lidar.ply,0.2,800,0.9,0.13744,0.28349,1,0.12736,0.99089,0.13274
000541_lcam_front_lidar.ply,0.2,800,0.9,0.13308,0.28208,1,0.1453,0.99412,0.16981
000542_lcam_front_lidar.ply,0.2,800,0.9,0.17277,0.27777,1,0.11761,0.99035,0.11996
000543_lcam_front_lidar.ply,0.2,800,0.9,0.15044,0.26655,1,0.1287,0.99264,0.17058
000544_lcam_front_lidar.ply,0.2,800,0.9,0.15426,0.27211,1,0.11538,0.99044,0.12979
000545_lcam_front_lidar.ply,0.2,800,0.9,0.12796,0.23337,1,0.07871,0.99445,0.13915
000546_lcam_front_lidar.ply,0.2,800,0.9,0.13006,0.28602,1,0.12392,0.98969,0.12821
000547_lcam_front_lidar.ply,0.2,800,0.9,0.12964,0.2543,1,0.13328,0.9993,0.20664
000548_lcam_front_lidar.ply,0.2,800,0.9,0.13994,0.21882,1,0.07971,0.99423,0.16579
000549_lcam_front_lidar.ply,0.2,800,0.9,0.14514,0.22385,1,0.09321,0.99476,0.17995
000550_lcam_front_lidar.ply,0.2,800,0.9,0.1369,0.22993,1,0.09799,0.99389,0.18495
000551_lcam_front_lidar.ply,0.2,800,0.9,0.12514,0.25254,1,0.13039,0.99788,0.20757
000552_lcam_front_lidar.ply,0.2,800,0.9,0.148,0.2509,1,0.13491,0.99803,0.20965
000553_lcam_front_lidar.ply,0.2,800,0.9,0.13141,0.25391,1,0.13691,0.99789,0.2175
000554_lcam_front_lidar.ply,0.2,800,0.9,0.14544,0.24633,1,0.12947,0.99769,0.21063
000555_lcam_front_lidar.ply,0.2,800,0.9,0.19079,0.24817,1,0.1392,0.99761,0.21909
000556_lcam_front_lidar.ply,0.2,800,0.9,0.17231,0.26223,1,0.15127,0.99733,0.22158
000557_lcam_front_lidar.ply,0.2,800,0.9,0.17066,0.26236,1,0.1446,0.99741,0.21328
000558_lcam_front_lidar.ply,0.2,800,0.9,0.18969,0.2537,1,0.1447,0.99742,0.22391
000559_lcam_front_lidar.ply,0.2,800,0.9,0.21324,0.2549,1,0.14272,0.99733,0.2122
000560_lcam_front_lidar.ply,0.2,800,0.9,0.1876,0.19557,1,0.04358,0.99094,0.13609
000561_lcam_front_lidar.ply,0.2,800,0.9,0.12721,0.27872,1,0.16015,0.997,0.21434
000562_lcam_front_lidar.ply,0.2,800,0.9,0.17339,0.26833,1,0.14113,0.99244,0.1888
000563_lcam_front_lidar.ply,0.2,800,0.9,0.15508,0.27421,1,0.15235,0.99479,0.20547
000564_lcam_front_lidar.ply,0.2,800,0.9,0.13856,0.28367,1,0.14979,0.99377,0.181
000565_lcam_front_lidar.ply,0.2,800,0.9,0.16542,0.27767,1,0.15587,0.99256,0.20135
000566_lcam_front_lidar.ply,0.2,800,0.9,0.16648,0.27265,1,0.14778,0.9916,0.19257
000567_lcam_front_lidar.ply,0.2,800,0.9,0.23482,0.26756,1,0.15283,0.99278,0.20213
000568_lcam_front_lidar.ply,0.2,800,0.9,0.17093,0.274,1,0.15259,0.99156,0.19628
000569_lcam_front_lidar.ply,0.2,800,0.9,0.13947,0.27626,1,0.14805,0.99146,0.18572
000570_lcam_front_lidar.ply,0.2,800,0.9,0.13617,0.2832,1,0.16138,0.99312,0.202
000571_lcam_front_lidar.ply,0.2,800,0.9,0.14555,0.28428,1,0.15608,0.99082,0.18787
000572_lcam_front_lidar.ply,0.2,800,0.9,0.1519,0.29039,1,0.16867,0.99183,0.20279
000573_lcam_front_lidar.ply,0.2,800,0.9,0.14637,0.29083,1,0.16162,0.99158,0.19311
000574_lcam_front_lidar.ply,0.2,800,0.9,0.16069,0.28637,1,0.16662,0.98982,0.2053
000575_lcam_front_lidar.ply,0.2,800,0.9,0.16219,0.29231,1,0.16808,0.98897,0.19825
000576_lcam_front_lidar.ply,0.2,800,0.9,0.16655,0.30339,1,0.18435,0.99164,0.2073
000577_lcam_front_lidar.ply,0.2,800,0.9,0.16303,0.29911,1,0.17296,0.98811,0.19017
000578_lcam_front_lidar.ply,0.2,800,0.9,0.14442,0.30406,1,0.17996,0.99239,0.20271
000579_lcam_front_lidar.ply,0.2,800,0.9,0.15227,0.29671,1,0.17069,0.98843,0.19405
000580_lcam_front_lidar.ply,0.2,800,0.9,0.14662,0.30817,1,0.18314,0.98856,0.19857
000581_lcam_front_lidar.ply,0.2,800,0.9,0.14139,0.29167,1,0.16626,0.98907,0.19545
000582_lcam_front_lidar.ply,0.2,800,0.9,0.18501,0.29364,1,0.1614,0.98638,0.17606
000583_lcam_front_lidar.ply,0.2,800,0.9,0.14771,0.29843,1,0.17035,0.98768,0.19495
000584_lcam_front_lidar.ply,0.2,800,0.9,0.13897,0.29703,1,0.17725,0.98867,0.2122
000585_lcam_front_lidar.ply,0.2,800,0.9,0.14121,0.30807,1,0.18084,0.98816,0.19852
000586_lcam_front_lidar.ply,0.2,800,0.9,0.13125,0.30747,1,0.1847,0.98957,0.20569
000587_lcam_front_lidar.ply,0.2,800,0.9,0.13829,0.29856,1,0.17308,0.98764,0.19644
000588_lcam_front_lidar.ply,0.2,800,0.9,0.13616,0.30919,1,0.18301,0.98835,0.1983
000589_lcam_front_lidar.ply,0.2,800,0.9,0.15917,0.29644,1,0.18215,0.98871,0.21414
000590_lcam_front_lidar.ply,0.2,800,0.9,0.13106,0.28955,1,0.17096,0.98942,0.21163
000591_lcam_front_lidar.ply,0.2,800,0.9,0.17152,0.28985,1,0.17342,0.98796,0.21135
000592_lcam_front_lidar.ply,0.2,800,0.9,0.15376,0.29133,1,0.17197,0.98783,0.21081
000593_lcam_front_lidar.ply,0.2,800,0.9,0.13971,0.29106,1,0.17399,0.98812,0.2112
000594_lcam_front_lidar.ply,0.2,800,0.9,0.17019,0.28767,1,0.16752,0.98985,0.20236
000595_lcam_front_lidar.ply,0.2,800,0.9,0.14934,0.29492,1,0.17232,0.98814,0.19909
000596_lcam_front_lidar.ply,0.2,800,0.9,0.15271,0.28623,1,0.16362,0.98873,0.19905
000597_lcam_front_lidar.ply,0.2,800,0.9,0.16167,0.29087,1,0.16886,0.98872,0.20128
000598_lcam_front_lidar.ply,0.2,800,0.9,0.14119,0.29312,1,0.16509,0.98821,0.19383
000599_lcam_front_lidar.ply,0.2,800,0.9,0.13875,0.28455,1,0.16522,0.98561,0.21074
000600_lcam_front_lidar.ply,0.2,800,0.9,0.1371,0.29782,1,0.17312,0.9877,0.1989
000601_lcam_front_lidar.ply,0.2,800,0.9,0.14489,0.30123,1,0.1807,0.98748,0.20501
000602_lcam_front_lidar.ply,0.2,800,0.9,0.12627,0.29718,1,0.17003,0.98714,0.19596
000603_lcam_front_lidar.ply,0.2,800,0.9,0.13542,0.30086,1,0.17907,0.98704,0.2061
000604_lcam_front_lidar.ply,0.2,800,0.9,0.14129,0.3028,1,0.17406,0.98754,0.19502
000605_lcam_front_lidar.ply,0.2,800,0.9,0.12504,0.31037,1,0.18323,0.98839,0.19961
000606_lcam_front_lidar.ply,0.2,800,0.9,0.12888,0.30755,1,0.1802,0.98781,0.19631
000607_lcam_front_lidar.ply,0.2,800,0.9,0.1467,0.29176,1,0.17151,0.9764,0.20526
000608_lcam_front_lidar.ply,0.2,800,0.9,0.12439,0.29909,1,0.17252,0.98695,0.19591
000609_lcam_front_lidar.ply,0.2,800,0.9,0.12171,0.30774,1,0.18514,0.98683,0.20493
000610_lcam_front_lidar.ply,0.2,800,0.9,0.14596,0.30002,1,0.17497,0.98656,0.19494
000611_lcam_front_lidar.ply,0.2,800,0.9,0.13051,0.29829,1,0.18035,0.98518,0.21389
000612_lcam_front_lidar.ply,0.2,800,0.9,0.11987,0.29317,1,0.17507,0.98215,0.21502
000613_lcam_front_lidar.ply,0.2,800,0.9,0.1548,0.29468,1,0.17393,0.9705,0.20581
000614_lcam_front_lidar.ply,0.2,800,0.9,0.13643,0.29131,1,0.16027,0.96882,0.18727
000615_lcam_front_lidar.ply,0.2,800,0.9,0.1386,0.28959,1,0.17158,0.97964,0.21457
000616_lcam_front_lidar.ply,0.2,800,0.9,0.11181,0.29293,1,0.15406,0.96364,0.17515
000617_lcam_front_lidar.ply,0.2,800,0.9,0.13556,0.30129,1,0.17189,0.96732,0.19288
000618_lcam_front_lidar.ply,0.2,800,0.9,0.14343,0.28764,1,0.16683,0.96839,0.20477
000619_lcam_front_lidar.ply,0.2,800,0.9,0.12878,0.29398,1,0.17278,0.97938,0.20153
000620_lcam_front_lidar.ply,0.2,800,0.9,0.12625,0.27876,1,0.15559,0.97328,0.2018
000621_lcam_front_lidar.ply,0.2,800,0.9,0.14524,0.28451,1,0.16284,0.97086,0.20211
000622_lcam_front_lidar.ply,0.2,800,0.9,0.12675,0.28559,1,0.1624,0.96893,0.19796
000623_lcam_front_lidar.ply,0.2,800,0.9,0.13857,0.28569,1,0.16185,0.96834,0.19994
000624_lcam_front_lidar.ply,0.2,800,0.9,0.15413,0.29038,1,0.16103,0.96457,0.18494
000625_lcam_front_lidar.ply,0.2,800,0.9,0.1145,0.29588,1,0.1551,0.96122,0.17116
000626_lcam_front_lidar.ply,0.2,800,0.9,0.14454,0.29888,1,0.16517,0.96131,0.17942
000627_lcam_front_lidar.ply,0.2,800,0.9,0.14277,0.30169,1,0.1609,0.95884,0.16648
000628_lcam_front_lidar.ply,0.2,800,0.9,0.13684,0.30551,1,0.16532,0.95891,0.16861
000629_lcam_front_lidar.ply,0.2,800,0.9,0.11129,0.30269,1,0.16264,0.9577,0.17038
000630_lcam_front_lidar.ply,0.2,800,0.9,0.13597,0.30202,1,0.1575,0.9574,0.16059
000631_lcam_front_lidar.ply,0.2,800,0.9,0.11923,0.30328,1,0.15429,0.95504,0.15468
000632_lcam_front_lidar.ply,0.2,800,0.9,0.1116,0.29868,1,0.15424,0.95564,0.16608
000633_lcam_front_lidar.ply,0.2,800,0.9,0.12215,0.30203,1,0.15755,0.95414,0.16337
000634_lcam_front_lidar.ply,0.2,800,0.9,0.16355,0.31431,1,0.18239,0.95892,0.17909
000635_lcam_front_lidar.ply,0.2,800,0.9,0.14259,0.30894,1,0.17397,0.95874,0.17929
000636_lcam_front_lidar.ply,0.2,800,0.9,0.15486,0.31859,1,0.18318,0.95922,0.17772
000637_lcam_front_lidar.ply,0.2,800,0.9,0.15924,0.32508,1,0.19276,0.96067,0.18394
000638_lcam_front_lidar.ply,0.2,800,0.9,0.14116,0.33223,1,0.19417,0.95909,0.17362
000639_lcam_front_lidar.ply,0.2,800,0.9,0.15909,0.33354,1,0.19679,0.9599,0.17863
000640_lcam_front_lidar.ply,0.2,800,0.9,0.17798,0.33975,1,0.20776,0.96066,0.1799
000641_lcam_front_lidar.ply,0.2,800,0.9,0.15949,0.32513,1,0.19826,0.96242,0.19289
000642_lcam_front_lidar.ply,0.2,800,0.9,0.15559,0.31854,1,0.1914,0.95901,0.18721
000643_lcam_front_lidar.ply,0.2,800,0.9,0.13146,0.31812,1,0.1835,0.95889,0.17811
000644_lcam_front_lidar.ply,0.2,800,0.9,0.13346,0.30886,1,0.17464,0.95942,0.182
000645_lcam_front_lidar.ply,0.2,800,0.9,0.12457,0.32008,1,0.19204,0.96147,0.19856
000646_lcam_front_lidar.ply,0.2,800,0.9,0.1343,0.31712,1,0.18659,0.96032,0.19113
000647_lcam_front_lidar.ply,0.2,800,0.9,0.14297,0.30828,1,0.17356,0.95828,0.18055
000648_lcam_front_lidar.ply,0.2,800,0.9,0.11243,0.28252,1,0.1371,0.95147,0.16044
000649_lcam_front_lidar.ply,0.2,800,0.9,0.12674,0.27411,1,0.15151,0.95683,0.20768
000650_lcam_front_lidar.ply,0.2,800,0.9,0.10304,0.27452,1,0.15011,0.95514,0.20526
000651_lcam_front_lidar.ply,0.2,800,0.9,0.13099,0.27702,1,0.15044,0.95531,0.19754
000652_lcam_front_lidar.ply,0.2,800,0.9,0.11915,0.23,1,0.00505,0.99984,0.00198
000653_lcam_front_lidar.ply,0.2,800,0.9,0.12511,0.2842,1,0.14988,0.95574,0.18559
000654_lcam_front_lidar.ply,0.2,800,0.9,0.10025,0.25267,1,0.11956,0.95254,0.18503
000655_lcam_front_lidar.ply,0.2,800,0.9,0.12735,0.24982,1,0.12407,0.95377,0.19776
000656_lcam_front_lidar.ply,0.2,800,0.9,0.11118,0.26043,1,0.1283,0.95395,0.191
000657_lcam_front_lidar.ply,0.2,800,0.9,0.11235,0.24718,1,0.11596,0.95288,0.19335
000658_lcam_front_lidar.ply,0.2,800,0.9,0.101,0.25917,1,0.10563,0.94764,0.14885
000659_lcam_front_lidar.ply,0.2,800,0.9,0.11881,0.24401,1,0.09582,0.94697,0.15505
000660_lcam_front_lidar.ply,0.2,800,0.9,0.1088,0.25048,1,0.13324,0.95625,0.21793
000661_lcam_front_lidar.ply,0.2,800,0.9,0.10668,0.24215,1,0.13123,0.95942,0.22746
000662_lcam_front_lidar.ply,0.2,800,0.9,0.10495,0.23131,1,0.11049,0.95394,0.21349
000663_lcam_front_lidar.ply,0.2,800,0.9,0.09129,0.20547,1,0.06169,0.95527,0.16663
000664_lcam_front_lidar.ply,0.2,800,0.9,0.11123,0.21128,1,0.06873,0.95527,0.16934
000665_lcam_front_lidar.ply,0.2,800,0.9,0.1103,0.22608,1,0.05838,0.94626,0.12019
000666_lcam_front_lidar.ply,0.2,800,0.9,0.13815,0.20973,1,0.09115,0.95565,0.20857
000667_lcam_front_lidar.ply,0.2,800,0.9,0.11112,0.23368,1,0.06655,0.94592,0.12171
000668_lcam_front_lidar.ply,0.2,800,0.9,0.09869,0.30049,1,0.18582,0.99182,0.22527
000669_lcam_front_lidar.ply,0.2,800,0.9,0.10159,0.21019,1,0.06298,0.95063,0.16088
000670_lcam_front_lidar.ply,0.2,800,0.9,0.1039,0.30621,1,0.17723,0.99158,0.20174
000671_lcam_front_lidar.ply,0.2,800,0.9,0.09918,0.21761,1,0.03832,0.94285,0.09898
000672_lcam_front_lidar.ply,0.2,800,0.9,0.10073,0.30617,1,0.17947,0.9915,0.20648
000673_lcam_front_lidar.ply,0.2,800,0.9,0.10311,0.30573,1,0.18444,0.99224,0.2162
000674_lcam_front_lidar.ply,0.2,800,0.9,0.09698,0.29551,1,0.17409,0.9915,0.21186
000675_lcam_front_lidar.ply,0.2,800,0.9,0.10554,0.30973,1,0.19423,0.99276,0.22485
000676_lcam_front_lidar.ply,0.2,800,0.9,0.10293,0.31291,1,0.18275,0.99179,0.19964
000677_lcam_front_lidar.ply,0.2,800,0.9,0.09805,0.31191,1,0.17438,0.9913,0.18618
000678_lcam_front_lidar.ply,0.2,800,0.9,0.09299,0.31511,1,0.1811,0.99142,0.19295
000679_lcam_front_lidar.ply,0.2,800,0.9,0.09426,0.29327,1,0.1523,0.99164,0.17886
000680_lcam_front_lidar.ply,0.2,800,0.9,0.09484,0.31838,1,0.17822,0.9911,0.18856
000681_lcam_front_lidar.ply,0.2,800,0.9,0.10464,0.31681,1,0.19193,0.99224,0.21581
000682_lcam_front_lidar.ply,0.2,800,0.9,0.09522,0.31152,1,0.18752,0.99246,0.21797
000683_lcam_front_lidar.ply,0.2,800,0.9,0.09461,0.32036,1,0.18847,0.99119,0.19931
000684_lcam_front_lidar.ply,0.2,800,0.9,0.08458,0.31334,1,0.18317,0.99148,0.20497
000685_lcam_front_lidar.ply,0.2,800,0.9,0.0823,0.32217,1,0.18126,0.99097,0.18559
000686_lcam_front_lidar.ply,0.2,800,0.9,0.09497,0.30911,1,0.17767,0.99145,0.20096
000687_lcam_front_lidar.ply,0.2,800,0.9,0.08534,0.31115,1,0.17499,0.99144,0.194
000688_lcam_front_lidar.ply,0.2,800,0.9,0.10777,0.3124,1,0.18395,0.99181,0.20601
000689_lcam_front_lidar.ply,0.2,800,0.9,0.12126,0.22524,1,0.06822,0.95149,0.14509
000690_lcam_front_lidar.ply,0.2,800,0.9,0.09092,0.30599,1,0.17571,0.99158,0.20161
000691_lcam_front_lidar.ply,0.2,800,0.9,0.09418,0.30341,1,0.16521,0.99085,0.18576
000692_lcam_front_lidar.ply,0.2,800,0.9,0.10147,0.28451,1,0.15313,0.99129,0.20041
000693_lcam_front_lidar.ply,0.2,800,0.9,0.09497,0.29124,1,0.16074,0.99035,0.19686
000694_lcam_front_lidar.ply,0.2,800,0.9,0.10643,0.2954,1,0.16604,0.99153,0.19749
000695_lcam_front_lidar.ply,0.2,800,0.9,0.10514,0.30879,1,0.18979,0.99242,0.21874
000696_lcam_front_lidar.ply,0.2,800,0.9,0.10696,0.22929,1,0.06192,0.94276,0.12204
000697_lcam_front_lidar.ply,0.2,800,0.9,0.10949,0.22903,1,0.07783,0.94829,0.15723
000698_lcam_front_lidar.ply,0.2,800,0.9,0.0923,0.29968,1,0.18023,0.99027,0.2174
000699_lcam_front_lidar.ply,0.2,800,0.9,0.12901,0.23488,1,0.08494,0.94797,0.15039
000700_lcam_front_lidar.ply,0.2,800,0.9,0.11279,0.21739,1,0.05799,0.95188,0.13521
000701_lcam_front_lidar.ply,0.2,800,0.9,0.12798,0.23894,1,0.13939,0.96395,0.25178
000702_lcam_front_lidar.ply,0.2,800,0.9,0.11451,0.23042,1,0.089,0.94954,0.16943
000703_lcam_front_lidar.ply,0.2,800,0.9,0.11885,0.24006,1,0.10041,0.95045,0.17234
000704_lcam_front_lidar.ply,0.2,800,0.9,0.11082,0.23451,1,0.09316,0.94979,0.16745
000705_lcam_front_lidar.ply,0.2,800,0.9,0.1099,0.24548,1,0.12097,0.95727,0.2105
000706_lcam_front_lidar.ply,0.2,800,0.9,0.11108,0.24925,1,0.13813,0.95956,0.22385
000707_lcam_front_lidar.ply,0.2,800,0.9,0.12132,0.25342,1,0.10808,0.94813,0.1604
000708_lcam_front_lidar.ply,0.2,800,0.9,0.13126,0.25744,1,0.11989,0.9517,0.17401
000709_lcam_front_lidar.ply,0.2,800,0.9,0.10861,0.23096,1,0.00752,0.99987,0.00285
000710_lcam_front_lidar.ply,0.2,800,0.9,0.11277,0.266,1,0.13356,0.95378,0.18508
000711_lcam_front_lidar.ply,0.2,800,0.9,0.10867,0.25248,1,0.10653,0.94553,0.1629
000712_lcam_front_lidar.ply,0.2,800,0.9,0.11135,0.26595,1,0.10951,0.94392,0.1428
000713_lcam_front_lidar.ply,0.2,800,0.9,0.12707,0.27363,1,0.12169,0.94751,0.14465
000714_lcam_front_lidar.ply,0.2,800,0.9,0.12655,0.27657,1,0.11849,0.94711,0.1395
000715_lcam_front_lidar.ply,0.2,800,0.9,0.12606,0.26803,1,0.14618,0.9588,0.20998
000716_lcam_front_lidar.ply,0.2,800,0.9,0.11068,0.27547,1,0.15663,0.96114,0.21408
000717_lcam_front_lidar.ply,0.2,800,0.9,0.09916,0.27491,1,0.13784,0.95415,0.1838
000718_lcam_front_lidar.ply,0.2,800,0.9,0.10876,0.28322,1,0.15123,0.95719,0.19052
000719_lcam_front_lidar.ply,0.2,800,0.9,0.12856,0.28726,1,0.13302,0.94726,0.1411
000720_lcam_front_lidar.ply,0.2,800,0.9,0.11821,0.28264,1,0.13677,0.95154,0.16053
000721_lcam_front_lidar.ply,0.2,800,0.9,0.1281,0.29087,1,0.14152,0.95381,0.15503
000722_lcam_front_lidar.ply,0.2,800,0.9,0.11849,0.28365,1,0.13951,0.95235,0.16284
000723_lcam_front_lidar.ply,0.2,800,0.9,0.11634,0.2899,1,0.14599,0.9549,0.16481
000724_lcam_front_lidar.ply,0.2,800,0.9,0.11295,0.28524,1,0.16462,0.96486,0.2131
000725_lcam_front_lidar.ply,0.2,800,0.9,0.1172,0.28706,1,0.14734,0.95672,0.1729
000726_lcam_front_lidar.ply,0.2,800,0.9,0.13217,0.28909,1,0.16173,0.96053,0.19124
000727_lcam_front_lidar.ply,0.2,800,0.9,0.11549,0.28195,1,0.13763,0.95624,0.1649
000728_lcam_front_lidar.ply,0.2,800,0.9,0.10777,0.28714,1,0.15634,0.96165,0.18822
000729_lcam_front_lidar.ply,0.2,800,0.9,0.11103,0.28079,1,0.15973,0.96678,0.20982
000730_lcam_front_lidar.ply,0.2,800,0.9,0.11975,0.28218,1,0.15715,0.96401,0.19451
000731_lcam_front_lidar.ply,0.2,800,0.9,0.09769,0.28688,1,0.16181,0.96539,0.20262
000732_lcam_front_lidar.ply,0.2,800,0.9,0.11168,0.28064,1,0.14461,0.95738,0.1767
000733_lcam_front_lidar.ply,0.2,800,0.9,0.1336,0.29227,1,0.14918,0.95764,0.16522
000734_lcam_front_lidar.ply,0.2,800,0.9,0.13383,0.28879,1,0.16254,0.96266,0.19537
000735_lcam_front_lidar.ply,0.2,800,0.9,0.12153,0.28863,1,0.16082,0.96234,0.19101
000736_lcam_front_lidar.ply,0.2,800,0.9,0.14416,0.28681,1,0.15819,0.96286,0.18621
000737_lcam_front_lidar.ply,0.2,800,0.9,0.14441,0.28394,1,0.15113,0.96118,0.1771
000738_lcam_front_lidar.ply,0.2,800,0.9,0.13334,0.28013,1,0.1466,0.96126,0.17572
000739_lcam_front_lidar.ply,0.2,800,0.9,0.13155,0.29232,1,0.15651,0.96238,0.17713
000740_lcam_front_lidar.ply,0.2,800,0.9,0.13406,0.28598,1,0.15551,0.96572,0.19033
000741_lcam_front_lidar.ply,0.2,800,0.9,0.13014,0.28174,1,0.16095,0.97033,0.20679
000742_lcam_front_lidar.ply,0.2,800,0.9,0.11945,0.28578,1,0.15836,0.96777,0.19521
000743_lcam_front_lidar.ply,0.2,800,0.9,0.1238,0.27526,1,0.14736,0.96802,0.19404
000744_lcam_front_lidar.ply,0.2,800,0.9,0.13395,0.27419,1,0.13855,0.96662,0.18085
000745_lcam_front_lidar.ply,0.2,800,0.9,0.13166,0.2731,1,0.15453,0.97246,0.20931
000746_lcam_front_lidar.ply,0.2,800,0.9,0.11918,0.27244,1,0.14533,0.9689,0.19238
000747_lcam_front_lidar.ply,0.2,800,0.9,0.11789,0.28666,1,0.16412,0.97153,0.20743
000748_lcam_front_lidar.ply,0.2,800,0.9,0.1231,0.27758,1,0.15009,0.97032,0.19552
000749_lcam_front_lidar.ply,0.2,800,0.9,0.12106,0.27091,1,0.14747,0.97093,0.20515
000750_lcam_front_lidar.ply,0.2,800,0.9,0.12291,0.27804,1,0.15307,0.97218,0.20211
000751_lcam_front_lidar.ply,0.2,800,0.9,0.12236,0.27423,1,0.12932,0.98274,0.17217
000752_lcam_front_lidar.ply,0.2,800,0.9,0.12586,0.26778,1,0.1298,0.98178,0.17598
000753_lcam_front_lidar.ply,0.2,800,0.9,0.12249,0.26897,1,0.12862,0.98377,0.17274
000754_lcam_front_lidar.ply,0.2,800,0.9,0.11947,0.2555,1,0.12075,0.98153,0.17918
000755_lcam_front_lidar.ply,0.2,800,0.9,0.11579,0.26642,1,0.12599,0.98327,0.17194
000756_lcam_front_lidar.ply,0.2,800,0.9,0.14173,0.26722,1,0.12616,0.98455,0.17036
000757_lcam_front_lidar.ply,0.2,800,0.9,0.12735,0.26727,1,0.12448,0.98335,0.16932
000758_lcam_front_lidar.ply,0.2,800,0.9,0.10413,0.27193,1,0.12818,0.98464,0.17088
000759_lcam_front_lidar.ply,0.2,800,0.9,0.13701,0.26328,1,0.12551,0.98507,0.17551
000760_lcam_front_lidar.ply,0.2,800,0.9,0.10782,0.27653,1,0.14089,0.9865,0.18422
000761_lcam_front_lidar.ply,0.2,800,0.9,0.1171,0.27835,1,0.14706,0.98814,0.19911
000762_lcam_front_lidar.ply,0.2,800,0.9,0.1194,0.27565,1,0.13919,0.99416,0.17951
000763_lcam_front_lidar.ply,0.2,800,0.9,0.13295,0.2794,1,0.14101,0.99456,0.17861
000764_lcam_front_lidar.ply,0.2,800,0.9,0.13055,0.26289,1,0.12024,0.9928,0.16667
000765_lcam_front_lidar.ply,0.2,800,0.9,0.12127,0.25945,1,0.12548,0.9878,0.1868
000766_lcam_front_lidar.ply,0.2,800,0.9,0.16508,0.26126,1,0.12676,0.99575,0.177
000767_lcam_front_lidar.ply,0.2,800,0.9,0.14056,0.27343,1,0.14569,0.99113,0.19886
000768_lcam_front_lidar.ply,0.2,800,0.9,0.1602,0.27013,1,0.13469,0.99674,0.17886
000769_lcam_front_lidar.ply,0.2,800,0.9,0.13018,0.27504,1,0.13464,0.99701,0.17481
000770_lcam_front_lidar.ply,0.2,800,0.9,0.15343,0.28979,1,0.14466,0.9986,0.16091
000771_lcam_front_lidar.ply,0.2,800,0.9,0.24598,0.27455,1,0.13577,0.99802,0.15886
000772_lcam_front_lidar.ply,0.2,800,0.9,0.13715,0.29518,1,0.15139,0.99862,0.16897
000773_lcam_front_lidar.ply,0.2,800,0.9,0.15942,0.29005,1,0.14047,0.99802,0.1539
000774_lcam_front_lidar.ply,0.2,800,0.9,0.17037,0.2868,1,0.14217,0.99826,0.16157
000775_lcam_front_lidar.ply,0.2,800,0.9,0.1571,0.2862,1,0.1391,0.99862,0.15899
000776_lcam_front_lidar.ply,0.2,800,0.9,0.20605,0.31132,1,0.16946,0.99909,0.16067
000777_lcam_front_lidar.ply,0.2,800,0.9,0.14763,0.30014,1,0.15596,0.99898,0.16846
000778_lcam_front_lidar.ply,0.2,800,0.9,0.14611,0.29657,1,0.15354,0.9989,0.16978
000779_lcam_front_lidar.ply,0.2,800,0.9,0.14481,0.30116,1,0.1587,0.99923,0.17214
000780_lcam_front_lidar.ply,0.2,800,0.9,0.14596,0.30623,1,0.15867,0.99935,0.16249
000781_lcam_front_lidar.ply,0.2,800,0.9,0.12131,0.31465,1,0.17092,0.99938,0.1734
000782_lcam_front_lidar.ply,0.2,800,0.9,0.11199,0.30201,1,0.15647,0.99947,0.17075
000783_lcam_front_lidar.ply,0.2,800,0.9,0.11402,0.31796,1,0.17598,0.99954,0.17623
000784_lcam_front_lidar.ply,0.2,800,0.9,0.12241,0.32,1,0.18294,0.99974,0.18582
000785_lcam_front_lidar.ply,0.2,800,0.9,0.11692,0.32828,1,0.18314,0.99962,0.17237
000786_lcam_front_lidar.ply,0.2,800,0.9,0.12316,0.3279,1,0.18597,0.99978,0.17542
000787_lcam_front_lidar.ply,0.2,800,0.9,0.11001,0.33115,1,0.18047,0.99976,0.15937
000788_lcam_front_lidar.ply,0.2,800,0.9,0.11456,0.32882,1,0.18397,0.99977,0.16657
000789_lcam_front_lidar.ply,0.2,800,0.9,0.11594,0.32778,1,0.18182,0.99978,0.16922
000790_lcam_front_lidar.ply,0.2,800,0.9,0.09982,0.32671,1,0.18027,0.9998,0.1675
000791_lcam_front_lidar.ply,0.2,800,0.9,0.09473,0.325,1,0.16977,0.99983,0.15131
000792_lcam_front_lidar.ply,0.2,800,0.9,0.10378,0.32321,1,0.17336,0.99981,0.16061
000793_lcam_front_lidar.ply,0.2,800,0.9,0.09298,0.32035,1,0.17615,0.99974,0.18021
000794_lcam_front_lidar.ply,0.2,800,0.9,0.10189,0.32788,1,0.17089,0.99986,0.14594
000795_lcam_front_lidar.ply,0.2,800,0.9,0.10344,0.31062,1,0.1751,0.99946,0.18815
000796_lcam_front_lidar.ply,0.2,800,0.9,0.12445,0.31653,1,0.17513,0.99536,0.1724
000797_lcam_front_lidar.ply,0.2,800,0.9,0.10847,0.31929,1,0.17799,0.99558,0.17614
000798_lcam_front_lidar.ply,0.2,800,0.9,0.11349,0.32692,1,0.18697,0.99444,0.17375
000799_lcam_front_lidar.ply,0.2,800,0.9,0.12382,0.32117,1,0.18822,0.99573,0.18549
000800_lcam_front_lidar.ply,0.2,800,0.9,0.12016,0.31075,1,0.16743,0.99937,0.1737
000801_lcam_front_lidar.ply,0.2,800,0.9,0.0959,0.32121,1,0.17467,0.9941,0.15705
000802_lcam_front_lidar.ply,0.2,800,0.9,0.11407,0.33616,1,0.1857,0.99412,0.15509
000803_lcam_front_lidar.ply,0.2,800,0.9,0.12258,0.3271,1,0.17662,0.99439,0.1534
000804_lcam_front_lidar.ply,0.2,800,0.9,0.10245,0.33646,1,0.18727,0.99496,0.16076
000805_lcam_front_lidar.ply,0.2,800,0.9,0.16938,0.33423,1,0.18647,0.99431,0.15223
000806_lcam_front_lidar.ply,0.2,800,0.9,0.11044,0.33269,1,0.18183,0.9947,0.15507
000807_lcam_front_lidar.ply,0.2,800,0.9,0.1149,0.34602,1,0.19767,0.99529,0.16047
000808_lcam_front_lidar.ply,0.2,800,0.9,0.1011,0.35211,1,0.19973,0.995,0.15499
000809_lcam_front_lidar.ply,0.2,800,0.9,0.12789,0.34482,1,0.19497,0.99482,0.15323
000810_lcam_front_lidar.ply,0.2,800,0.9,0.10602,0.34319,1,0.19146,0.99402,0.1524
000811_lcam_front_lidar.ply,0.2,800,0.9,0.13032,0.353,1,0.2047,0.99454,0.15627
000812_lcam_front_lidar.ply,0.2,800,0.9,0.12298,0.34713,1,0.1977,0.99468,0.15578
000813_lcam_front_lidar.ply,0.2,800,0.9,0.10762,0.35263,1,0.19759,0.99423,0.14915
000814_lcam_front_lidar.ply,0.2,800,0.9,0.11676,0.35082,1,0.19992,0.99436,0.15284
000815_lcam_front_lidar.ply,0.2,800,0.9,0.11148,0.35371,1,0.20311,0.99433,0.15608
000816_lcam_front_lidar.ply,0.2,800,0.9,0.10236,0.3604,1,0.20317,0.99465,0.14558
000817_lcam_front_lidar.ply,0.2,800,0.9,0.11446,0.35352,1,0.20454,0.99405,0.15274
000818_lcam_front_lidar.ply,0.2,800,0.9,0.11857,0.35055,1,0.19695,0.99327,0.14389
000819_lcam_front_lidar.ply,0.2,800,0.9,0.10909,0.35729,1,0.21275,0.99448,0.162
000820_lcam_front_lidar.ply,0.2,800,0.9,0.09366,0.35586,1,0.21138,0.99448,0.16701
000821_lcam_front_lidar.ply,0.2,800,0.9,0.09284,0.3552,1,0.20305,0.99405,0.15749
000822_lcam_front_lidar.ply,0.2,800,0.9,0.11538,0.35186,1,0.21276,0.99474,0.17563
000823_lcam_front_lidar.ply,0.2,800,0.9,0.10934,0.35352,1,0.21228,0.99457,0.17324
000824_lcam_front_lidar.ply,0.2,800,0.9,0.12926,0.35194,1,0.21421,0.99474,0.17403
000825_lcam_front_lidar.ply,0.2,800,0.9,0.12655,0.35401,1,0.21638,0.99422,0.17345
000826_lcam_front_lidar.ply,0.2,800,0.9,0.12039,0.35071,1,0.20876,0.99394,0.17001
000827_lcam_front_lidar.ply,0.2,800,0.9,0.11058,0.34879,1,0.21604,0.99464,0.18975
000828_lcam_front_lidar.ply,0.2,800,0.9,0.10319,0.35552,1,0.21984,0.99471,0.1866
000829_lcam_front_lidar.ply,0.2,800,0.9,0.16886,0.33664,1,0.20885,0.99479,0.19036
000830_lcam_front_lidar.ply,0.2,800,0.9,0.12129,0.33736,1,0.20027,0.99417,0.18272
000831_lcam_front_lidar.ply,0.2,800,0.9,0.12418,0.3501,1,0.21702,0.99473,0.18498
000832_lcam_front_lidar.ply,0.2,800,0.9,0.12512,0.33444,1,0.20834,0.99497,0.20075
000833_lcam_front_lidar.ply,0.2,800,0.9,0.11622,0.34023,1,0.20954,0.99477,0.19457
000834_lcam_front_lidar.ply,0.2,800,0.9,0.12737,0.33315,1,0.20425,0.99483,0.19062
000835_lcam_front_lidar.ply,0.2,800,0.9,0.11075,0.32171,1,0.19893,0.9948,0.20935
000836_lcam_front_lidar.ply,0.2,800,0.9,0.12108,0.32408,1,0.19714,0.99504,0.2003
000837_lcam_front_lidar.ply,0.2,800,0.9,0.11797,0.31839,1,0.18478,0.99434,0.1878
000838_lcam_front_lidar.ply,0.2,800,0.9,0.11522,0.32149,1,0.20099,0.99519,0.21104
000839_lcam_front_lidar.ply,0.2,800,0.9,0.102,0.32486,1,0.20403,0.99502,0.21733
000840_lcam_front_lidar.ply,0.2,800,0.9,0.12249,0.317,1,0.19494,0.99513,0.21034
000841_lcam_front_lidar.ply,0.2,800,0.9,0.13846,0.31163,1,0.18229,0.9949,0.19528
000842_lcam_front_lidar.ply,0.2,800,0.9,0.11517,0.31661,1,0.17973,0.99538,0.18466
000843_lcam_front_lidar.ply,0.2,800,0.9,0.11721,0.30277,1,0.17233,0.99484,0.19046
000844_lcam_front_lidar.ply,0.2,800,0.9,0.12741,0.30207,1,0.1716,0.99521,0.19394
000845_lcam_front_lidar.ply,0.2,800,0.9,0.11517,0.304,1,0.17692,0.99568,0.20205
000846_lcam_front_lidar.ply,0.2,800,0.9,0.12293,0.29175,1,0.16702,0.99568,0.20296
000847_lcam_front_lidar.ply,0.2,800,0.9,0.11232,0.29808,1,0.17345,0.99551,0.20979
000848_lcam_front_lidar.ply,0.2,800,0.9,0.12613,0.27732,1,0.15376,0.99568,0.19899
000849_lcam_front_lidar.ply,0.2,800,0.9,0.13682,0.29086,1,0.16237,0.99396,0.19187
000850_lcam_front_lidar.ply,0.2,800,0.9,0.11719,0.28686,1,0.1482,0.99325,0.17652
000851_lcam_front_lidar.ply,0.2,800,0.9,0.10509,0.28906,1,0.15271,0.99274,0.18256
000852_lcam_front_lidar.ply,0.2,800,0.9,0.13273,0.28443,1,0.156,0.99459,0.19024
000853_lcam_front_lidar.ply,0.2,800,0.9,0.13493,0.28093,1,0.14552,0.99504,0.18385
000854_lcam_front_lidar.ply,0.2,800,0.9,0.14249,0.28497,1,0.14675,0.99264,0.17274
000855_lcam_front_lidar.ply,0.2,800,0.9,0.10258,0.28067,1,0.14242,0.99191,0.17781
000856_lcam_front_lidar.ply,0.2,800,0.9,0.11684,0.28777,1,0.15012,0.99238,0.17957
000857_lcam_front_lidar.ply,0.2,800,0.9,0.12559,0.27366,1,0.13692,0.99469,0.17864
000858_lcam_front_lidar.ply,0.2,800,0.9,0.11077,0.27721,1,0.12882,0.99093,0.15665
000859_lcam_front_lidar.ply,0.2,800,0.9,0.12105,0.27258,1,0.12759,0.9911,0.16343
000860_lcam_front_lidar.ply,0.2,800,0.9,0.12247,0.27172,1,0.11921,0.99051,0.14516
000861_lcam_front_lidar.ply,0.2,800,0.9,0.1118,0.27411,1,0.12167,0.98917,0.15104
000862_lcam_front_lidar.ply,0.2,800,0.9,0.12267,0.27421,1,0.12281,0.98843,0.14571
000863_lcam_front_lidar.ply,0.2,800,0.9,0.10947,0.27476,1,0.11881,0.98793,0.13805
000864_lcam_front_lidar.ply,0.2,800,0.9,0.12681,0.27276,1,0.12023,0.98853,0.14543
000865_lcam_front_lidar.ply,0.2,800,0.9,0.11075,0.26948,1,0.11524,0.98773,0.13718
000866_lcam_front_lidar.ply,0.2,800,0.9,0.11667,0.27821,1,0.12075,0.98701,0.13677
000867_lcam_front_lidar.ply,0.2,800,0.9,0.12218,0.27145,1,0.11521,0.98597,0.13576
000868_lcam_front_lidar.ply,0.2,800,0.9,0.12298,0.2768,1,0.1209,0.98651,0.14252
000869_lcam_front_lidar.ply,0.2,800,0.9,0.10753,0.27195,1,0.11122,0.98484,0.12915
000870_lcam_front_lidar.ply,0.2,800,0.9,0.12091,0.27109,1,0.11929,0.9856,0.14411
000871_lcam_front_lidar.ply,0.2,800,0.9,0.14286,0.27179,1,0.11474,0.9835,0.13309
000872_lcam_front_lidar.ply,0.2,800,0.9,0.12472,0.27584,1,0.11992,0.98359,0.13662
000873_lcam_front_lidar.ply,0.2,800,0.9,0.14081,0.25739,1,0.10208,0.98287,0.13386
000874_lcam_front_lidar.ply,0.2,800,0.9,0.13124,0.26229,1,0.10996,0.98205,0.1386
000875_lcam_front_lidar.ply,0.2,800,0.9,0.12976,0.26163,1,0.10891,0.98122,0.14454
000876_lcam_front_lidar.ply,0.2,800,0.9,0.13159,0.24793,1,0.09923,0.98014,0.1468
000877_lcam_front_lidar.ply,0.2,800,0.9,0.14323,0.25303,1,0.09826,0.98005,0.13338
000878_lcam_front_lidar.ply,0.2,800,0.9,0.1427,0.26766,1,0.12601,0.97891,0.16033
000879_lcam_front_lidar.ply,0.2,800,0.9,0.13866,0.24967,1,0.10126,0.97935,0.14635
000880_lcam_front_lidar.ply,0.2,800,0.9,0.13524,0.25599,1,0.10709,0.9777,0.15022
000881_lcam_front_lidar.ply,0.2,800,0.9,0.13772,0.25582,1,0.11675,0.97847,0.17008
000882_lcam_front_lidar.ply,0.2,800,0.9,0.13741,0.25142,1,0.10246,0.98049,0.14759
000883_lcam_front_lidar.ply,0.2,800,0.9,0.13104,0.24992,1,0.1034,0.98228,0.15496
000884_lcam_front_lidar.ply,0.2,800,0.9,0.14796,0.24895,1,0.10205,0.9823,0.15115
000885_lcam_front_lidar.ply,0.2,800,0.9,0.12606,0.27444,1,0.14293,0.98316,0.18656
000886_lcam_front_lidar.ply,0.2,800,0.9,0.13318,0.23826,1,0.10055,0.97729,0.16575
000887_lcam_front_lidar.ply,0.2,800,0.9,0.14834,0.24241,1,0.09559,0.98062,0.15198
000888_lcam_front_lidar.ply,0.2,800,0.9,0.14283,0.25281,1,0.12715,0.979,0.18746
000889_lcam_front_lidar.ply,0.2,800,0.9,0.13824,0.23509,1,0.10284,0.97796,0.17853
000890_lcam_front_lidar.ply,0.2,800,0.9,0.14296,0.25331,1,0.13849,0.98031,0.21397
000891_lcam_front_lidar.ply,0.2,800,0.9,0.1273,0.25709,1,0.14055,0.97794,0.21631
000892_lcam_front_lidar.ply,0.2,800,0.9,0.13839,0.2521,1,0.12625,0.97932,0.1925
000893_lcam_front_lidar.ply,0.2,800,0.9,0.13147,0.2428,1,0.11716,0.97486,0.19095
000894_lcam_front_lidar.ply,0.2,800,0.9,0.14785,0.24154,1,0.12068,0.97782,0.2022
000895_lcam_front_lidar.ply,0.2,800,0.9,0.14501,0.2372,1,0.12427,0.97743,0.21185
000896_lcam_front_lidar.ply,0.2,800,0.9,0.13497,0.23906,1,0.10858,0.96911,0.18164
000897_lcam_front_lidar.ply,0.2,800,0.9,0.11522,0.23545,1,0.09408,0.96301,0.16412
000898_lcam_front_lidar.ply,0.2,800,0.9,0.1444,0.24729,1,0.13505,0.97756,0.21892
000899_lcam_front_lidar.ply,0.2,800,0.9,0.12367,0.26699,1,0.16559,0.99157,0.24663
000900_lcam_front_lidar.ply,0.2,800,0.9,0.10294,0.26866,1,0.15664,0.98443,0.22976
000901_lcam_front_lidar.ply,0.2,800,0.9,0.10937,0.2731,1,0.16975,0.9911,0.23947
000902_lcam_front_lidar.ply,0.2,800,0.9,0.13985,0.25141,1,0.13416,0.98049,0.21185
000903_lcam_front_lidar.ply,0.2,800,0.9,0.13342,0.25317,1,0.15177,0.99478,0.24062
000904_lcam_front_lidar.ply,0.2,800,0.9,0.12728,0.2548,1,0.14689,0.98911,0.22521
000905_lcam_front_lidar.ply,0.2,800,0.9,0.13957,0.26092,1,0.1539,0.99197,0.22569
000906_lcam_front_lidar.ply,0.2,800,0.9,0.12743,0.25468,1,0.1485,0.99178,0.22696
000907_lcam_front_lidar.ply,0.2,800,0.9,0.12713,0.26586,1,0.15771,0.99228,0.22857
000908_lcam_front_lidar.ply,0.2,800,0.9,0.10894,0.20448,1,0.04053,0.96328,0.12311
000909_lcam_front_lidar.ply,0.2,800,0.9,0.12895,0.18842,1,0.03389,0.96607,0.13586
000910_lcam_front_lidar.ply,0.2,800,0.9,0.14293,0.2497,1,0.12486,0.97697,0.19216
000911_lcam_front_lidar.ply,0.2,800,0.9,0.12262,0.20709,1,0.03994,0.9599,0.10921
000912_lcam_front_lidar.ply,0.2,800,0.9,0.11478,0.25055,1,0.11737,0.97414,0.1774
000913_lcam_front_lidar.ply,0.2,800,0.9,0.12707,0.20341,1,0.04216,0.96467,0.12388
000914_lcam_front_lidar.ply,0.2,800,0.9,0.12701,0.20066,1,0.03506,0.96131,0.11482
000915_lcam_front_lidar.ply,0.2,800,0.9,0.1265,0.20951,1,0.04719,0.96418,0.12141
000916_lcam_front_lidar.ply,0.2,800,0.9,0.11448,0.21672,1,0.04886,0.95995,0.11224
000917_lcam_front_lidar.ply,0.2,800,0.9,0.10533,0.22263,1,0.0589,0.96162,0.11918
000918_lcam_front_lidar.ply,0.2,800,0.9,0.14086,0.20237,1,0.04061,0.96364,0.11723
000919_lcam_front_lidar.ply,0.2,800,0.9,0.09882,0.26103,1,0.1344,0.98023,0.20094
000920_lcam_front_lidar.ply,0.2,800,0.9,0.12946,0.20571,1,0.03821,0.96216,0.10359
000921_lcam_front_lidar.ply,0.2,800,0.9,0.14323,0.21554,1,0.00328,0.99193,0.01574
000922_lcam_front_lidar.ply,0.2,800,0.9,0.12643,0.28782,1,0.1748,0.99686,0.22075
000923_lcam_front_lidar.ply,0.2,800,0.9,0.12704,0.20315,1,0.04002,0.96954,0.11714
000924_lcam_front_lidar.ply,0.2,800,0.9,0.12741,0.20573,1,0.03905,0.96323,0.11309
000925_lcam_front_lidar.ply,0.2,800,0.9,0.12678,0.20716,1,0.04416,0.96562,0.1209
000926_lcam_front_lidar.ply,0.2,800,0.9,0.14797,0.19985,1,0.03968,0.96438,0.11534
000927_lcam_front_lidar.ply,0.2,800,0.9,0.11061,0.21554,1,0.06777,0.98445,0.15394
000928_lcam_front_lidar.ply,0.2,800,0.9,0.15732,0.20262,1,0.04971,0.96804,0.13728
000929_lcam_front_lidar.ply,0.2,800,0.9,0.12669,0.19904,1,0.05478,0.98819,0.1598
000930_lcam_front_lidar.ply,0.2,800,0.9,0.12714,0.2073,1,0.06451,0.9889,0.16087
000931_lcam_front_lidar.ply,0.2,800,0.9,0.12443,0.21342,1,0.06526,0.9909,0.15204
000932_lcam_front_lidar.ply,0.2,800,0.9,0.1107,0.2028,1,0.05408,0.99207,0.14857
000933_lcam_front_lidar.ply,0.2,800,0.9,0.11575,0.21539,1,0.05201,0.96753,0.12334
000934_lcam_front_lidar.ply,0.2,800,0.9,0.11044,0.29984,1,0.17092,0.99269,0.19243
000935_lcam_front_lidar.ply,0.2,800,0.9,0.10465,0.22762,1,0.05566,0.99391,0.1106
000936_lcam_front_lidar.ply,0.2,800,0.9,0.11121,0.22591,1,0.06647,0.99335,0.13036
000937_lcam_front_lidar.ply,0.2,800,0.9,0.12429,0.23736,1,0.12779,0.99844,0.23002
000938_lcam_front_lidar.ply,0.2,800,0.9,0.10515,0.21821,1,0.0509,0.96764,0.11077
000939_lcam_front_lidar.ply,0.2,800,0.9,0.12419,0.21274,1,0.05653,0.97001,0.13028
000940_lcam_front_lidar.ply,0.2,800,0.9,0.12647,0.2115,1,0.07306,0.99355,0.17481
000941_lcam_front_lidar.ply,0.2,800,0.9,0.125,0.21165,1,0.07384,0.98929,0.17676
000942_lcam_front_lidar.ply,0.2,800,0.9,0.13247,0.24003,1,0.11346,0.99724,0.1878
000943_lcam_front_lidar.ply,0.2,800,0.9,0.12948,0.26943,1,0.15491,0.99739,0.21586
000944_lcam_front_lidar.ply,0.2,800,0.9,0.10923,0.22552,1,0.07847,0.99537,0.15256
000945_lcam_front_lidar.ply,0.2,800,0.9,0.12327,0.22503,1,0.07331,0.9953,0.14016
000946_lcam_front_lidar.ply,0.2,800,0.9,0.11166,0.23389,1,0.07143,0.99612,0.12373
000947_lcam_front_lidar.ply,0.2,800,0.9,0.12393,0.22124,1,0.07041,0.99647,0.14714
000948_lcam_front_lidar.ply,0.2,800,0.9,0.12405,0.22835,1,0.07917,0.99632,0.14786
000949_lcam_front_lidar.ply,0.2,800,0.9,0.13295,0.22235,1,0.06652,0.99643,0.13902
000950_lcam_front_lidar.ply,0.2,800,0.9,0.12743,0.22332,1,0.07523,0.99744,0.14637
000951_lcam_front_lidar.ply,0.2,800,0.9,0.11272,0.27463,1,0.14749,0.99197,0.19681
000952_lcam_front_lidar.ply,0.2,800,0.9,0.12753,0.21393,1,0.06434,0.997,0.14956
000953_lcam_front_lidar.ply,0.2,800,0.9,0.11677,0.21727,1,0.04972,0.97539,0.11213
000954_lcam_front_lidar.ply,0.2,800,0.9,0.10752,0.25312,1,0.12321,0.99587,0.18925
000955_lcam_front_lidar.ply,0.2,800,0.9,0.12751,0.23966,1,0.12026,0.99539,0.20803
000956_lcam_front_lidar.ply,0.2,800,0.9,0.1223,0.23621,1,0.11028,0.99596,0.18886
000957_lcam_front_lidar.ply,0.2,800,0.9,0.12083,0.24035,1,0.10975,0.99583,0.18265
000958_lcam_front_lidar.ply,0.2,800,0.9,0.12285,0.23352,1,0.09686,0.99546,0.17189
000959_lcam_front_lidar.ply,0.2,800,0.9,0.12625,0.25443,1,0.12448,0.9946,0.1845
000960_lcam_front_lidar.ply,0.2,800,0.9,0.11293,0.25187,1,0.11687,0.9941,0.17739
000961_lcam_front_lidar.ply,0.2,800,0.9,0.11879,0.25323,1,0.11604,0.9952,0.17404
000962_lcam_front_lidar.ply,0.2,800,0.9,0.11702,0.25087,1,0.11866,0.99465,0.17856
000963_lcam_front_lidar.ply,0.2,800,0.9,0.12637,0.26317,1,0.12393,0.99503,0.16944
000964_lcam_front_lidar.ply,0.2,800,0.9,0.10517,0.26842,1,0.12889,0.99408,0.1702
000965_lcam_front_lidar.ply,0.2,800,0.9,0.10397,0.25619,1,0.11696,0.99473,0.16642
000966_lcam_front_lidar.ply,0.2,800,0.9,0.14041,0.25292,1,0.11664,0.99443,0.17186
000967_lcam_front_lidar.ply,0.2,800,0.9,0.11072,0.2584,1,0.12313,0.99426,0.17785
000968_lcam_front_lidar.ply,0.2,800,0.9,0.13091,0.25196,1,0.10997,0.99464,0.15852
000969_lcam_front_lidar.ply,0.2,800,0.9,0.12719,0.25666,1,0.11654,0.99381,0.17227
000970_lcam_front_lidar.ply,0.2,800,0.9,0.11665,0.26409,1,0.12329,0.99432,0.16376
000971_lcam_front_lidar.ply,0.2,800,0.9,0.13534,0.26133,1,0.11974,0.99463,0.16598
000972_lcam_front_lidar.ply,0.2,800,0.9,0.12691,0.26652,1,0.12786,0.99399,0.16842
000973_lcam_front_lidar.ply,0.2,800,0.9,0.09941,0.27549,1,0.13783,0.99363,0.17331
000974_lcam_front_lidar.ply,0.2,800,0.9,0.10491,0.25867,1,0.11671,0.99388,0.16596
000975_lcam_front_lidar.ply,0.2,800,0.9,0.1104,0.27339,1,0.13054,0.99375,0.1628
000976_lcam_front_lidar.ply,0.2,800,0.9,0.11647,0.26937,1,0.1251,0.99369,0.1583
000977_lcam_front_lidar.ply,0.2,800,0.9,0.09582,0.2698,1,0.13098,0.99329,0.16817
000978_lcam_front_lidar.ply,0.2,800,0.9,0.09509,0.2685,1,0.12126,0.99415,0.1594
000979_lcam_front_lidar.ply,0.2,800,0.9,0.08482,0.27426,1,0.1291,0.99397,0.16271
000980_lcam_front_lidar.ply,0.2,800,0.9,0.11711,0.25771,1,0.11901,0.99336,0.16665
000981_lcam_front_lidar.ply,0.2,800,0.9,0.10128,0.25726,1,0.12004,0.99288,0.17518
000982_lcam_front_lidar.ply,0.2,800,0.9,0.09519,0.26985,1,0.12037,0.99346,0.15214
000983_lcam_front_lidar.ply,0.2,800,0.9,0.10703,0.26675,1,0.11983,0.99325,0.15899
000984_lcam_front_lidar.ply,0.2,800,0.9,0.11043,0.26562,1,0.12263,0.99282,0.15927
000985_lcam_front_lidar.ply,0.2,800,0.9,0.11062,0.26398,1,0.12258,0.99251,0.16289
000986_lcam_front_lidar.ply,0.2,800,0.9,0.09154,0.2632,1,0.11988,0.99227,0.16151
000987_lcam_front_lidar.ply,0.2,800,0.9,0.11139,0.26335,1,0.12506,0.99147,0.17007
000988_lcam_front_lidar.ply,0.2,800,0.9,0.09685,0.2586,1,0.1148,0.99219,0.16794
000989_lcam_front_lidar.ply,0.2,800,0.9,0.1257,0.2523,1,0.10837,0.99232,0.15925
000990_lcam_front_lidar.ply,0.2,800,0.9,0.09688,0.27248,1,0.12983,0.99179,0.16659
000991_lcam_front_lidar.ply,0.2,800,0.9,0.10672,0.24987,1,0.11519,0.99127,0.17691
000992_lcam_front_lidar.ply,0.2,800,0.9,0.09401,0.24926,1,0.11081,0.99115,0.17464
000993_lcam_front_lidar.ply,0.2,800,0.9,0.09483,0.24039,1,0.09722,0.99131,0.16383
000994_lcam_front_lidar.ply,0.2,800,0.9,0.10671,0.22544,1,0.05469,0.98408,0.10724
000995_lcam_front_lidar.ply,0.2,800,0.9,0.09864,0.22938,1,0.05728,0.98543,0.10949
000996_lcam_front_lidar.ply,0.2,800,0.9,0.06689,0.23189,1,0.05098,0.98628,0.09928
000997_lcam_front_lidar.ply,0.2,800,0.9,0.07391,0.2293,1,0.0,0.0,0.0
000998_lcam_front_lidar.ply,0.2,800,0.9,0.05944,0.27774,1,0.09479,0.98574,0.0973
000999_lcam_front_lidar.ply,0.2,800,0.9,0.09091,0.2549,1,0.07285,0.98533,0.08923
001000_lcam_front_lidar.ply,0.2,800,0.9,0.08285,0.2636,1,0.08814,0.98571,0.09865
001001_lcam_front_lidar.ply,0.2,800,0.9,0.10974,0.25383,1,0.08453,0.98552,0.10836
001002_lcam_front_lidar.ply,0.2,800,0.9,0.09773,0.26668,1,0.10197,0.98534,0.1248
001003_lcam_front_lidar.ply,0.2,800,0.9,0.09513,0.27465,1,0.10586,0.9861,0.11785
001004_lcam_front_lidar.ply,0.2,800,0.9,0.10851,0.25883,1,0.07984,0.98642,0.0958
001005_lcam_front_lidar.ply,0.2,800,0.9,0.11325,0.27796,1,0.10603,0.9862,0.11126
001006_lcam_front_lidar.ply,0.2,800,0.9,0.10487,0.28179,1,0.11067,0.98669,0.11086
001007_lcam_front_lidar.ply,0.2,800,0.9,0.10476,0.29532,1,0.11939,0.9866,0.10373
001008_lcam_front_lidar.ply,0.2,800,0.9,0.10383,0.30358,1,0.13271,0.98679,0.11271
001009_lcam_front_lidar.ply,0.2,800,0.9,0.1031,0.29935,1,0.12557,0.98692,0.10731
001010_lcam_front_lidar.ply,0.2,800,0.9,0.11216,0.30522,1,0.13592,0.9863,0.11592
001011_lcam_front_lidar.ply,0.2,800,0.9,0.10925,0.30585,1,0.12863,0.98646,0.09959
001012_lcam_front_lidar.ply,0.2,800,0.9,0.12617,0.29258,1,0.11684,0.9879,0.10401
001013_lcam_front_lidar.ply,0.2,800,0.9,0.11402,0.31509,1,0.14477,0.9871,0.11734
001014_lcam_front_lidar.ply,0.2,800,0.9,0.11743,0.3254,1,0.15738,0.98712,0.11688
001015_lcam_front_lidar.ply,0.2,800,0.9,0.10509,0.31552,1,0.14672,0.9864,0.11728
001016_lcam_front_lidar.ply,0.2,800,0.9,0.11986,0.31424,1,0.13889,0.98776,0.10221
001017_lcam_front_lidar.ply,0.2,800,0.9,0.10712,0.31766,1,0.14103,0.9884,0.09859
001018_lcam_front_lidar.ply,0.2,800,0.9,0.10112,0.29287,1,0.11336,0.98633,0.09942
001019_lcam_front_lidar.ply,0.2,800,0.9,0.11133,0.3244,1,0.15146,0.98667,0.10954
001020_lcam_front_lidar.ply,0.2,800,0.9,0.11719,0.30802,1,0.12618,0.98706,0.09205
001021_lcam_front_lidar.ply,0.2,800,0.9,0.10696,0.31673,1,0.14003,0.98624,0.10641
001022_lcam_front_lidar.ply,0.2,800,0.9,0.10086,0.32772,1,0.1411,0.98675,0.08677
001023_lcam_front_lidar.ply,0.2,800,0.9,0.12261,0.31807,1,0.13701,0.98714,0.09253
001024_lcam_front_lidar.ply,0.2,800,0.9,0.12243,0.33022,1,0.1536,0.98699,0.10118
001025_lcam_front_lidar.ply,0.2,800,0.9,0.12295,0.32984,1,0.15971,0.98725,0.11386
001026_lcam_front_lidar.ply,0.2,800,0.9,0.11185,0.33118,1,0.15847,0.98698,0.10742
001027_lcam_front_lidar.ply,0.2,800,0.9,0.11144,0.32804,1,0.15463,0.98661,0.11022
001028_lcam_front_lidar.ply,0.2,800,0.9,0.09656,0.33439,1,0.15615,0.98678,0.10494
001029_lcam_front_lidar.ply,0.2,800,0.9,0.11416,0.32437,1,0.15831,0.9863,0.12235
001030_lcam_front_lidar.ply,0.2,800,0.9,0.12231,0.31957,1,0.15566,0.98713,0.12198
001031_lcam_front_lidar.ply,0.2,800,0.9,0.11516,0.31299,1,0.15157,0.98692,0.1288
001032_lcam_front_lidar.ply,0.2,800,0.9,0.11685,0.32364,1,0.15681,0.98744,0.11925
001033_lcam_front_lidar.ply,0.2,800,0.9,0.11064,0.31851,1,0.14906,0.98813,0.12048
001034_lcam_front_lidar.ply,0.2,800,0.9,0.10639,0.3127,1,0.15262,0.98788,0.13107
001035_lcam_front_lidar.ply,0.2,800,0.9,0.11408,0.30964,1,0.15061,0.98803,0.13546
001036_lcam_front_lidar.ply,0.2,800,0.9,0.1308,0.30912,1,0.14828,0.98892,0.13126
001037_lcam_front_lidar.ply,0.2,800,0.9,0.10525,0.31109,1,0.15644,0.98813,0.14018
001038_lcam_front_lidar.ply,0.2,800,0.9,0.11406,0.30622,1,0.14092,0.98784,0.1243
001039_lcam_front_lidar.ply,0.2,800,0.9,0.13033,0.2888,1,0.12137,0.98953,0.10952
001040_lcam_front_lidar.ply,0.2,800,0.9,0.10585,0.29727,1,0.1232,0.98955,0.10873
001041_lcam_front_lidar.ply,0.2,800,0.9,0.11337,0.30133,1,0.1383,0.99011,0.1241
001042_lcam_front_lidar.ply,0.2,800,0.9,0.12451,0.31214,1,0.14854,0.98973,0.11999
001043_lcam_front_lidar.ply,0.2,800,0.9,0.1165,0.31882,1,0.15756,0.98959,0.13459
001044_lcam_front_lidar.ply,0.2,800,0.9,0.11165,0.32626,1,0.17123,0.98848,0.14392
001045_lcam_front_lidar.ply,0.2,800,0.9,0.10481,0.32822,1,0.15982,0.98956,0.1203
001046_lcam_front_lidar.ply,0.2,800,0.9,0.09563,0.31899,1,0.15876,0.98803,0.13694
001047_lcam_front_lidar.ply,0.2,800,0.9,0.11099,0.30428,1,0.14729,0.99007,0.13726
001048_lcam_front_lidar.ply,0.2,800,0.9,0.10946,0.31354,1,0.16013,0.98809,0.14748
001049_lcam_front_lidar.ply,0.2,800,0.9,0.11433,0.30572,1,0.15019,0.98706,0.14459
001050_lcam_front_lidar.ply,0.2,800,0.9,0.11708,0.30454,1,0.14846,0.98819,0.14066
001051_lcam_front_lidar.ply,0.2,800,0.9,0.11112,0.29807,1,0.14296,0.98786,0.14315
001052_lcam_front_lidar.ply,0.2,800,0.9,0.11591,0.26674,1,0.10495,0.98649,0.13086
001053_lcam_front_lidar.ply,0.2,800,0.9,0.12649,0.2862,1,0.11963,0.98747,0.12027
001054_lcam_front_lidar.ply,0.2,800,0.9,0.1371,0.28306,1,0.13734,0.98634,0.15697
001055_lcam_front_lidar.ply,0.2,800,0.9,0.13467,0.24325,1,0.06814,0.98682,0.09652
001056_lcam_front_lidar.ply,0.2,800,0.9,0.13885,0.25098,1,0.06954,0.98798,0.09075
001057_lcam_front_lidar.ply,0.2,800,0.9,0.11105,0.25572,1,0.07441,0.98844,0.09051
001058_lcam_front_lidar.ply,0.2,800,0.9,0.12249,0.21014,1,0.07597,0.98633,0.1835
001059_lcam_front_lidar.ply,0.2,800,0.9,0.11831,0.2065,1,0.05352,0.98289,0.14883
001060_lcam_front_lidar.ply,0.2,800,0.9,0.14346,0.20978,1,0.05374,0.98382,0.1315
001061_lcam_front_lidar.ply,0.2,800,0.9,0.14009,0.21116,1,0.05739,0.97902,0.14301
001062_lcam_front_lidar.ply,0.2,800,0.9,0.11541,0.21705,1,0.0749,0.98467,0.16969
001063_lcam_front_lidar.ply,0.2,800,0.9,0.13824,0.22301,1,0.06552,0.98321,0.13381
001064_lcam_front_lidar.ply,0.2,800,0.9,0.12422,0.2266,1,0.09287,0.98583,0.18252
001065_lcam_front_lidar.ply,0.2,800,0.9,0.11401,0.23317,1,0.0939,0.98545,0.17801
001066_lcam_front_lidar.ply,0.2,800,0.9,0.11949,0.22116,1,0.09855,0.98593,0.20622
001067_lcam_front_lidar.ply,0.2,800,0.9,0.12719,0.23888,1,0.10904,0.9872,0.19559
001068_lcam_front_lidar.ply,0.2,800,0.9,0.11582,0.23595,1,0.11953,0.98645,0.21834
001069_lcam_front_lidar.ply,0.2,800,0.9,0.12813,0.24585,1,0.1022,0.98725,0.16642
001070_lcam_front_lidar.ply,0.2,800,0.9,0.12219,0.24275,1,0.11009,0.98769,0.18571
001071_lcam_front_lidar.ply,0.2,800,0.9,0.12737,0.24786,1,0.1082,0.98512,0.17261
001072_lcam_front_lidar.ply,0.2,800,0.9,0.1325,0.24654,1,0.10717,0.98708,0.16593
001073_lcam_front_lidar.ply,0.2,800,0.9,0.1255,0.23452,1,0.12154,0.98919,0.2205
001074_lcam_front_lidar.ply,0.2,800,0.9,0.11285,0.23133,1,0.09646,0.98663,0.18186
001075_lcam_front_lidar.ply,0.2,800,0.9,0.11843,0.24965,1,0.11808,0.98735,0.1896
001076_lcam_front_lidar.ply,0.2,800,0.9,0.12457,0.24225,1,0.097,0.98755,0.15999
001077_lcam_front_lidar.ply,0.2,800,0.9,0.13639,0.23092,1,0.09733,0.98451,0.17995
001078_lcam_front_lidar.ply,0.2,800,0.9,0.11645,0.22775,1,0.09405,0.98694,0.18278
001079_lcam_front_lidar.ply,0.2,800,0.9,0.12758,0.25177,1,0.11777,0.98766,0.17905
001080_lcam_front_lidar.ply,0.2,800,0.9,0.12128,0.25146,1,0.12612,0.98811,0.20069
001081_lcam_front_lidar.ply,0.2,800,0.9,0.13212,0.2564,1,0.11476,0.98772,0.16424
001082_lcam_front_lidar.ply,0.2,800,0.9,0.12868,0.26687,1,0.12317,0.98706,0.16696
001083_lcam_front_lidar.ply,0.2,800,0.9,0.11744,0.27211,1,0.12658,0.98762,0.15809
001084_lcam_front_lidar.ply,0.2,800,0.9,0.10812,0.26808,1,0.12396,0.98773,0.16647
001085_lcam_front_lidar.ply,0.2,800,0.9,0.12631,0.2599,1,0.13133,0.9881,0.19386
001086_lcam_front_lidar.ply,0.2,800,0.9,0.13096,0.27103,1,0.11685,0.98568,0.1451
001087_lcam_front_lidar.ply,0.2,800,0.9,0.10998,0.29364,1,0.14214,0.98779,0.15501
001088_lcam_front_lidar.ply,0.2,800,0.9,0.11775,0.27454,1,0.1284,0.98844,0.15999
001089_lcam_front_lidar.ply,0.2,800,0.9,0.11295,0.19998,1,0.05389,0.94032,0.16245
001090_lcam_front_lidar.ply,0.2,800,0.9,0.11121,0.284,1,0.14255,0.9889,0.17329
001091_lcam_front_lidar.ply,0.2,800,0.9,0.12086,0.27019,1,0.13031,0.99142,0.17116
001092_lcam_front_lidar.ply,0.2,800,0.9,0.11547,0.27487,1,0.1299,0.98983,0.1649
001093_lcam_front_lidar.ply,0.2,800,0.9,0.12699,0.19273,1,0.0482,0.91773,0.16304
001094_lcam_front_lidar.ply,0.2,800,0.9,0.11735,0.20057,1,0.04348,0.8938,0.14042
001095_lcam_front_lidar.ply,0.2,800,0.9,0.1126,0.27667,1,0.13672,0.98706,0.17341
001096_lcam_front_lidar.ply,0.2,800,0.9,0.1112,0.17986,1,0.05139,0.93629,0.19595
001097_lcam_front_lidar.ply,0.2,800,0.9,0.12086,0.27811,1,0.14437,0.98814,0.18535
001098_lcam_front_lidar.ply,0.2,800,0.9,0.11129,0.28275,1,0.13831,0.9883,0.16795
001099_lcam_front_lidar.ply,0.2,800,0.9,0.1233,0.27533,1,0.15018,0.98841,0.20345
001100_lcam_front_lidar.ply,0.2,800,0.9,0.11802,0.27046,1,0.13178,0.98812,0.17593
001101_lcam_front_lidar.ply,0.2,800,0.9,0.12144,0.28296,1,0.14392,0.9878,0.17286
001102_lcam_front_lidar.ply,0.2,800,0.9,0.14271,0.27097,1,0.13313,0.98776,0.17055
001103_lcam_front_lidar.ply,0.2,800,0.9,0.1157,0.26664,1,0.12953,0.98986,0.17863
001104_lcam_front_lidar.ply,0.2,800,0.9,0.10999,0.26084,1,0.13223,0.98771,0.19403
001105_lcam_front_lidar.ply,0.2,800,0.9,0.11092,0.19707,1,0.03602,0.91133,0.1325
001106_lcam_front_lidar.ply,0.2,800,0.9,0.10835,0.20284,1,0.04864,0.92108,0.14447
001107_lcam_front_lidar.ply,0.2,800,0.9,0.11867,0.26728,1,0.14366,0.99154,0.2026
001108_lcam_front_lidar.ply,0.2,800,0.9,0.11239,0.27097,1,0.14586,0.99052,0.20398
001109_lcam_front_lidar.ply,0.2,800,0.9,0.12122,0.24855,1,0.12644,0.98937,0.20751
001110_lcam_front_lidar.ply,0.2,800,0.9,0.1161,0.2688,1,0.12614,0.98714,0.16955
001111_lcam_front_lidar.ply,0.2,800,0.9,0.10494,0.27753,1,0.15014,0.98799,0.19925
001112_lcam_front_lidar.ply,0.2,800,0.9,0.12472,0.28641,1,0.16579,0.98763,0.21346
001113_lcam_front_lidar.ply,0.2,800,0.9,0.10356,0.26723,1,0.13239,0.98266,0.17907
001114_lcam_front_lidar.ply,0.2,800,0.9,0.11352,0.26802,1,0.14309,0.98877,0.20858
001115_lcam_front_lidar.ply,0.2,800,0.9,0.12676,0.19526,1,0.04467,0.93654,0.15276
001116_lcam_front_lidar.ply,0.2,800,0.9,0.10935,0.27279,1,0.14462,0.98392,0.19978
001117_lcam_front_lidar.ply,0.2,800,0.9,0.10229,0.27589,1,0.14873,0.98501,0.20143
001118_lcam_front_lidar.ply,0.2,800,0.9,0.10832,0.26299,1,0.13549,0.98471,0.19173
001119_lcam_front_lidar.ply,0.2,800,0.9,0.11516,0.27337,1,0.1398,0.98136,0.18531
001120_lcam_front_lidar.ply,0.2,800,0.9,0.09526,0.27254,1,0.14007,0.98783,0.1863
001121_lcam_front_lidar.ply,0.2,800,0.9,0.11209,0.26352,1,0.12794,0.98132,0.18408
001122_lcam_front_lidar.ply,0.2,800,0.9,0.11305,0.18405,1,0.04079,0.88906,0.169
001123_lcam_front_lidar.ply,0.2,800,0.9,0.12866,0.25709,1,0.12274,0.98022,0.18658
001124_lcam_front_lidar.ply,0.2,800,0.9,0.11481,0.28107,1,0.15269,0.98553,0.19791
001125_lcam_front_lidar.ply,0.2,800,0.9,0.09987,0.2888,1,0.16454,0.98444,0.20596
001126_lcam_front_lidar.ply,0.2,800,0.9,0.11889,0.18744,1,0.05031,0.89289,0.17727
001127_lcam_front_lidar.ply,0.2,800,0.9,0.11672,0.23953,1,0.11009,0.93097,0.1905
001128_lcam_front_lidar.ply,0.2,800,0.9,0.12118,0.24378,1,0.12795,0.96437,0.21956
001129_lcam_front_lidar.ply,0.2,800,0.9,0.11168,0.20227,1,0.03748,0.8892,0.12256
001130_lcam_front_lidar.ply,0.2,800,0.9,0.09826,0.25325,1,0.12655,0.94703,0.20748
001131_lcam_front_lidar.ply,0.2,800,0.9,0.10032,0.21064,1,0.05126,0.88293,0.14164
001132_lcam_front_lidar.ply,0.2,800,0.9,0.10094,0.21066,1,0.04876,0.89208,0.12999
001133_lcam_front_lidar.ply,0.2,800,0.9,0.11849,0.22937,1,0.07727,0.89691,0.15144
001134_lcam_front_lidar.ply,0.2,800,0.9,0.10577,0.23314,1,0.07409,0.89426,0.13636
001135_lcam_front_lidar.ply,0.2,800,0.9,0.11213,0.24392,1,0.09893,0.90904,0.16395
001136_lcam_front_lidar.ply,0.2,800,0.9,0.10623,0.22233,1,0.05901,0.89188,0.12966
001137_lcam_front_lidar.ply,0.2,800,0.9,0.10696,0.21111,1,0.0613,0.89824,0.15647
001138_lcam_front_lidar.ply,0.2,800,0.9,0.10516,0.2046,1,0.04675,0.8928,0.14181
001139_lcam_front_lidar.ply,0.2,800,0.9,0.10083,0.20158,1,0.05226,0.89926,0.15036
001140_lcam_front_lidar.ply,0.2,800,0.9,0.10308,0.20047,1,0.04319,0.89579,0.14023
001141_lcam_front_lidar.ply,0.2,800,0.9,0.1042,0.21076,1,0.05935,0.90027,0.15028
001142_lcam_front_lidar.ply,0.2,800,0.9,0.11342,0.2724,1,0.1517,0.98645,0.2088
001143_lcam_front_lidar.ply,0.2,800,0.9,0.10436,0.30831,1,0.1866,0.98422,0.20968
001144_lcam_front_lidar.ply,0.2,800,0.9,0.08728,0.28784,1,0.16391,0.98496,0.20803
001145_lcam_front_lidar.ply,0.2,800,0.9,0.09433,0.28369,1,0.16168,0.98611,0.20665
001146_lcam_front_lidar.ply,0.2,800,0.9,0.11807,0.26469,1,0.14577,0.98727,0.21625
001147_lcam_front_lidar.ply,0.2,800,0.9,0.11739,0.19307,1,0.03944,0.89463,0.14574
001148_lcam_front_lidar.ply,0.2,800,0.9,0.1059,0.30102,1,0.17147,0.98688,0.19873
001149_lcam_front_lidar.ply,0.2,800,0.9,0.1042,0.19675,1,0.05459,0.90257,0.17066
001150_lcam_front_lidar.ply,0.2,800,0.9,0.10027,0.18568,1,0.04295,0.90229,0.16906
001151_lcam_front_lidar.ply,0.2,800,0.9,0.11625,0.30928,1,0.17311,0.9878,0.18067
001152_lcam_front_lidar.ply,0.2,800,0.9,0.09572,0.19097,1,0.03362,0.89617,0.14556
001153_lcam_front_lidar.ply,0.2,800,0.9,0.09952,0.31358,1,0.17867,0.99057,0.18992
001154_lcam_front_lidar.ply,0.2,800,0.9,0.11197,0.30113,1,0.16904,0.99088,0.18884
001155_lcam_front_lidar.ply,0.2,800,0.9,0.10031,0.30947,1,0.17399,0.99064,0.18819
001156_lcam_front_lidar.ply,0.2,800,0.9,0.1043,0.31051,1,0.18213,0.99079,0.196
001157_lcam_front_lidar.ply,0.2,800,0.9,0.09863,0.31058,1,0.17256,0.99062,0.18631
001158_lcam_front_lidar.ply,0.2,800,0.9,0.11576,0.30473,1,0.1736,0.99121,0.18998
001159_lcam_front_lidar.ply,0.2,800,0.9,0.10883,0.31242,1,0.17519,0.99033,0.18163
001160_lcam_front_lidar.ply,0.2,800,0.9,0.11377,0.31016,1,0.18847,0.99052,0.20925
001161_lcam_front_lidar.ply,0.2,800,0.9,0.11046,0.30014,1,0.16095,0.98962,0.17764
001162_lcam_front_lidar.ply,0.2,800,0.9,0.12427,0.28747,1,0.15068,0.98849,0.18071
001163_lcam_front_lidar.ply,0.2,800,0.9,0.1361,0.28421,1,0.14105,0.98818,0.16058
001164_lcam_front_lidar.ply,0.2,800,0.9,0.12374,0.20209,1,0.0668,0.94607,0.17776
001165_lcam_front_lidar.ply,0.2,800,0.9,0.11116,0.28961,1,0.13987,0.98641,0.15315
001166_lcam_front_lidar.ply,0.2,800,0.9,0.11455,0.29659,1,0.16815,0.99171,0.19724
001167_lcam_front_lidar.ply,0.2,800,0.9,0.10052,0.19708,1,0.0747,0.95124,0.20511
001168_lcam_front_lidar.ply,0.2,800,0.9,0.12828,0.19177,1,0.03817,0.91809,0.14624
001169_lcam_front_lidar.ply,0.2,800,0.9,0.11161,0.29042,1,0.16394,0.9921,0.20177
001170_lcam_front_lidar.ply,0.2,800,0.9,0.12545,0.28797,1,0.15988,0.99371,0.19301
001171_lcam_front_lidar.ply,0.2,800,0.9,0.10794,0.19572,1,0.06599,0.92826,0.19511
001172_lcam_front_lidar.ply,0.2,800,0.9,0.10871,0.21016,1,0.04276,0.90911,0.11496
001173_lcam_front_lidar.ply,0.2,800,0.9,0.12412,0.28498,1,0.14523,0.99131,0.17107
001174_lcam_front_lidar.ply,0.2,800,0.9,0.12793,0.27597,1,0.12879,0.99,0.15674
001175_lcam_front_lidar.ply,0.2,800,0.9,0.15001,0.18343,1,0.03832,0.93423,0.15559
001176_lcam_front_lidar.ply,0.2,800,0.9,0.11956,0.19074,1,0.05249,0.92932,0.17482
001177_lcam_front_lidar.ply,0.2,800,0.9,0.11755,0.18194,1,0.04877,0.9474,0.18595
001178_lcam_front_lidar.ply,0.2,800,0.9,0.11124,0.28215,1,0.1532,0.99219,0.19727
001179_lcam_front_lidar.ply,0.2,800,0.9,0.11529,0.18279,1,0.06068,0.93106,0.20963
001180_lcam_front_lidar.ply,0.2,800,0.9,0.11999,0.18541,1,0.05467,0.91033,0.18901
001181_lcam_front_lidar.ply,0.2,800,0.9,0.12334,0.20373,1,0.05292,0.90066,0.14651
001182_lcam_front_lidar.ply,0.2,800,0.9,0.11521,0.19546,1,0.0549,0.90439,0.17426
001183_lcam_front_lidar.ply,0.2,800,0.9,0.11674,0.1807,1,0.04492,0.90023,0.18287
001184_lcam_front_lidar.ply,0.2,800,0.9,0.13075,0.1874,1,0.06508,0.94237,0.20651
001185_lcam_front_lidar.ply,0.2,800,0.9,0.11113,0.18781,1,0.04293,0.91929,0.162
001186_lcam_front_lidar.ply,0.2,800,0.9,0.10485,0.1847,1,0.06403,0.92271,0.21189
001187_lcam_front_lidar.ply,0.2,800,0.9,0.13147,0.26346,1,0.13708,0.99209,0.20146
001188_lcam_front_lidar.ply,0.2,800,0.9,0.11724,0.27785,1,0.12459,0.99076,0.14855
001189_lcam_front_lidar.ply,0.2,800,0.9,0.12739,0.26553,1,0.11898,0.99238,0.1556
001190_lcam_front_lidar.ply,0.2,800,0.9,0.13888,0.16727,1,0.03795,0.93621,0.19493
001191_lcam_front_lidar.ply,0.2,800,0.9,0.13421,0.16926,1,0.06831,0.94257,0.25207
001192_lcam_front_lidar.ply,0.2,800,0.9,0.11984,0.26029,1,0.12695,0.99226,0.18299
001193_lcam_front_lidar.ply,0.2,800,0.9,0.12936,0.17466,1,0.05809,0.93367,0.21986
001194_lcam_front_lidar.ply,0.2,800,0.9,0.1294,0.18242,1,0.0498,0.87721,0.1878
001195_lcam_front_lidar.ply,0.2,800,0.9,0.12705,0.17349,1,0.06409,0.94132,0.23232
001196_lcam_front_lidar.ply,0.2,800,0.9,0.12479,0.16857,1,0.06904,0.93921,0.2535
001197_lcam_front_lidar.ply,0.2,800,0.9,0.13212,0.1775,1,0.06394,0.94526,0.22451
001198_lcam_front_lidar.ply,0.2,800,0.9,0.14204,0.18353,1,0.05391,0.92959,0.19272
001199_lcam_front_lidar.ply,0.2,800,0.9,0.1377,0.18279,1,0.05446,0.89031,0.19879
001200_lcam_front_lidar.ply,0.2,800,0.9,0.12178,0.25989,1,0.11018,0.98879,0.14922
001201_lcam_front_lidar.ply,0.2,800,0.9,0.12326,0.18688,1,0.05241,0.85935,0.18127
001202_lcam_front_lidar.ply,0.2,800,0.9,0.12853,0.19199,1,0.04898,0.87806,0.16274
001203_lcam_front_lidar.ply,0.2,800,0.9,0.1431,0.14021,1,0.02601,0.90133,0.22179
001204_lcam_front_lidar.ply,0.2,800,0.9,0.11351,0.17683,1,0.05325,0.94367,0.20778
001205_lcam_front_lidar.ply,0.2,800,0.9,0.12681,0.27531,1,0.12507,0.98494,0.15471
001206_lcam_front_lidar.ply,0.2,800,0.9,0.13088,0.27002,1,0.12575,0.98564,0.16248
001207_lcam_front_lidar.ply,0.2,800,0.9,0.12668,0.18818,1,0.07498,0.94476,0.22509
001208_lcam_front_lidar.ply,0.2,800,0.9,0.12087,0.27188,1,0.13188,0.98562,0.17168
001209_lcam_front_lidar.ply,0.2,800,0.9,0.14006,0.25032,1,0.0957,0.98684,0.13997
001210_lcam_front_lidar.ply,0.2,800,0.9,0.12894,0.16537,1,0.04835,0.91017,0.21985
001211_lcam_front_lidar.ply,0.2,800,0.9,0.14223,0.25266,1,0.09569,0.98661,0.13522
001212_lcam_front_lidar.ply,0.2,800,0.9,0.11379,0.27684,1,0.11961,0.98358,0.14455
001213_lcam_front_lidar.ply,0.2,800,0.9,0.13441,0.17092,1,0.0713,0.92886,0.25115
001214_lcam_front_lidar.ply,0.2,800,0.9,0.1156,0.26331,1,0.10985,0.98381,0.14796
001215_lcam_front_lidar.ply,0.2,800,0.9,0.11853,0.25468,1,0.1003,0.98515,0.15096
001216_lcam_front_lidar.ply,0.2,800,0.9,0.13182,0.17201,1,0.06015,0.93171,0.22637
001217_lcam_front_lidar.ply,0.2,800,0.9,0.12332,0.18653,1,0.05146,0.86027,0.18404
001218_lcam_front_lidar.ply,0.2,800,0.9,0.11951,0.19816,1,0.04585,0.83682,0.151
001219_lcam_front_lidar.ply,0.2,800,0.9,0.13042,0.19504,1,0.04038,0.84253,0.14259
001220_lcam_front_lidar.ply,0.2,800,0.9,0.11139,0.27844,1,0.11496,0.98453,0.13151
001221_lcam_front_lidar.ply,0.2,800,0.9,0.1235,0.25937,1,0.1035,0.9831,0.14107
001222_lcam_front_lidar.ply,0.2,800,0.9,0.11107,0.30364,1,0.146,0.98644,0.1412
001223_lcam_front_lidar.ply,0.2,800,0.9,0.09584,0.31496,1,0.17169,0.98778,0.17164
001224_lcam_front_lidar.ply,0.2,800,0.9,0.12039,0.18339,1,0.0637,0.92224,0.2149
001225_lcam_front_lidar.ply,0.2,800,0.9,0.11298,0.19135,1,0.04846,0.83539,0.17113
001226_lcam_front_lidar.ply,0.2,800,0.9,0.1167,0.1821,1,0.0614,0.84641,0.21236
001227_lcam_front_lidar.ply,0.2,800,0.9,0.09916,0.18303,1,0.05772,0.84181,0.2058
001228_lcam_front_lidar.ply,0.2,800,0.9,0.12665,0.19298,1,0.0566,0.88538,0.18043
001229_lcam_front_lidar.ply,0.2,800,0.9,0.14035,0.18165,1,0.05792,0.85135,0.20165
001230_lcam_front_lidar.ply,0.2,800,0.9,0.11425,0.19336,1,0.05499,0.83632,0.17919
001231_lcam_front_lidar.ply,0.2,800,0.9,0.11237,0.19111,1,0.05529,0.85384,0.17943
001232_lcam_front_lidar.ply,0.2,800,0.9,0.12675,0.18306,1,0.05405,0.83577,0.19327
001233_lcam_front_lidar.ply,0.2,800,0.9,0.11071,0.19521,1,0.05058,0.84386,0.16958
001234_lcam_front_lidar.ply,0.2,800,0.9,0.11706,0.18643,1,0.05922,0.8588,0.20205
001235_lcam_front_lidar.ply,0.2,800,0.9,0.11549,0.18942,1,0.04838,0.8322,0.17248
001236_lcam_front_lidar.ply,0.2,800,0.9,0.12693,0.19118,1,0.04667,0.84214,0.16627
001237_lcam_front_lidar.ply,0.2,800,0.9,0.12911,0.18459,1,0.04307,0.85947,0.16983
001238_lcam_front_lidar.ply,0.2,800,0.9,0.11826,0.30822,1,0.17136,0.98832,0.17555
001239_lcam_front_lidar.ply,0.2,800,0.9,0.12571,0.31562,1,0.18278,0.98919,0.18299
001240_lcam_front_lidar.ply,0.2,800,0.9,0.12733,0.31557,1,0.17672,0.9889,0.1739
001241_lcam_front_lidar.ply,0.2,800,0.9,0.12705,0.18517,1,0.05094,0.88881,0.18195
001242_lcam_front_lidar.ply,0.2,800,0.9,0.13424,0.17892,1,0.04282,0.88917,0.17314
001243_lcam_front_lidar.ply,0.2,800,0.9,0.12515,0.18269,1,0.04536,0.89085,0.17414
001244_lcam_front_lidar.ply,0.2,800,0.9,0.12672,0.18908,1,0.04689,0.88295,0.16933
001245_lcam_front_lidar.ply,0.2,800,0.9,0.1332,0.18892,1,0.04786,0.8697,0.1679
001246_lcam_front_lidar.ply,0.2,800,0.9,0.11609,0.32245,1,0.18588,0.9892,0.18082
001247_lcam_front_lidar.ply,0.2,800,0.9,0.11126,0.19206,1,0.05899,0.86111,0.18942
001248_lcam_front_lidar.ply,0.2,800,0.9,0.12015,0.18813,1,0.05412,0.85823,0.18225
001249_lcam_front_lidar.ply,0.2,800,0.9,0.13638,0.19,1,0.05611,0.85815,0.18084
001250_lcam_front_lidar.ply,0.2,800,0.9,0.10926,0.18609,1,0.0561,0.88291,0.19503
001251_lcam_front_lidar.ply,0.2,800,0.9,0.13847,0.18833,1,0.05493,0.87315,0.18021
001252_lcam_front_lidar.ply,0.2,800,0.9,0.13567,0.17798,1,0.05876,0.85812,0.20653
001253_lcam_front_lidar.ply,0.2,800,0.9,0.11372,0.31636,1,0.18484,0.98964,0.18627
001254_lcam_front_lidar.ply,0.2,800,0.9,0.11112,0.17684,1,0.05856,0.85069,0.21362
001255_lcam_front_lidar.ply,0.2,800,0.9,0.1099,0.30339,1,0.17966,0.98843,0.20621
001256_lcam_front_lidar.ply,0.2,800,0.9,0.09636,0.29949,1,0.17446,0.98828,0.20497
001257_lcam_front_lidar.ply,0.2,800,0.9,0.10948,0.17607,1,0.0481,0.84738,0.19287
001258_lcam_front_lidar.ply,0.2,800,0.9,0.11415,0.18139,1,0.05683,0.87015,0.20173
001259_lcam_front_lidar.ply,0.2,800,0.9,0.10367,0.17878,1,0.05601,0.8522,0.21145
001260_lcam_front_lidar.ply,0.2,800,0.9,0.08935,0.2928,1,0.16158,0.98838,0.19454
001261_lcam_front_lidar.ply,0.2,800,0.9,0.09969,0.30436,1,0.18767,0.98918,0.2196
001262_lcam_front_lidar.ply,0.2,800,0.9,0.10903,0.29831,1,0.17889,0.99033,0.2121
001263_lcam_front_lidar.ply,0.2,800,0.9,0.10815,0.30051,1,0.17518,0.98984,0.20522
001264_lcam_front_lidar.ply,0.2,800,0.9,0.11903,0.28742,1,0.16885,0.98848,0.21507
001265_lcam_front_lidar.ply,0.2,800,0.9,0.11187,0.29242,1,0.17214,0.98934,0.2127
001266_lcam_front_lidar.ply,0.2,800,0.9,0.12102,0.29306,1,0.17526,0.9895,0.21237
001267_lcam_front_lidar.ply,0.2,800,0.9,0.10992,0.29154,1,0.17048,0.9903,0.21021
001268_lcam_front_lidar.ply,0.2,800,0.9,0.08721,0.28805,1,0.17173,0.99049,0.21724
001269_lcam_front_lidar.ply,0.2,800,0.9,0.09274,0.27182,1,0.15543,0.99018,0.22404
001270_lcam_front_lidar.ply,0.2,800,0.9,0.09678,0.28354,1,0.16269,0.99062,0.21024
001271_lcam_front_lidar.ply,0.2,800,0.9,0.1028,0.27294,1,0.14948,0.99028,0.20586
001272_lcam_front_lidar.ply,0.2,800,0.9,0.11603,0.26263,1,0.14901,0.98911,0.22318
001273_lcam_front_lidar.ply,0.2,800,0.9,0.08833,0.2727,1,0.16003,0.9895,0.22758
001274_lcam_front_lidar.ply,0.2,800,0.9,0.10638,0.24903,1,0.13517,0.99051,0.22012
001275_lcam_front_lidar.ply,0.2,800,0.9,0.10763,0.24615,1,0.12532,0.98979,0.21031
001276_lcam_front_lidar.ply,0.2,800,0.9,0.10517,0.2575,1,0.12974,0.98988,0.19563
001277_lcam_front_lidar.ply,0.2,800,0.9,0.09549,0.25138,1,0.12802,0.98917,0.20517
001278_lcam_front_lidar.ply,0.2,800,0.9,0.11151,0.26084,1,0.13513,0.99064,0.19563
001279_lcam_front_lidar.ply,0.2,800,0.9,0.11113,0.26706,1,0.14452,0.99138,0.20625
001280_lcam_front_lidar.ply,0.2,800,0.9,0.10037,0.26357,1,0.14331,0.99057,0.20433
001281_lcam_front_lidar.ply,0.2,800,0.9,0.09501,0.25306,1,0.14004,0.99101,0.22011
001282_lcam_front_lidar.ply,0.2,800,0.9,0.11529,0.26668,1,0.15221,0.99001,0.21325
001283_lcam_front_lidar.ply,0.2,800,0.9,0.10045,0.26556,1,0.14283,0.99114,0.20471
001284_lcam_front_lidar.ply,0.2,800,0.9,0.09542,0.26595,1,0.13863,0.99112,0.19795
001285_lcam_front_lidar.ply,0.2,800,0.9,0.10053,0.25985,1,0.14135,0.99088,0.21523
001286_lcam_front_lidar.ply,0.2,800,0.9,0.10431,0.27018,1,0.15331,0.98978,0.21628
001287_lcam_front_lidar.ply,0.2,800,0.9,0.08012,0.24498,1,0.13482,0.98811,0.23011
001288_lcam_front_lidar.ply,0.2,800,0.9,0.09109,0.25427,1,0.13255,0.99148,0.20705
001289_lcam_front_lidar.ply,0.2,800,0.9,0.08687,0.25369,1,0.12499,0.99002,0.19587
001290_lcam_front_lidar.ply,0.2,800,0.9,0.09873,0.24142,1,0.10298,0.99097,0.17368
001291_lcam_front_lidar.ply,0.2,800,0.9,0.10265,0.25094,1,0.11066,0.99085,0.16717
001292_lcam_front_lidar.ply,0.2,800,0.9,0.09507,0.25018,1,0.10785,0.99087,0.16478
001293_lcam_front_lidar.ply,0.2,800,0.9,0.10401,0.24933,1,0.11453,0.98988,0.17692
001294_lcam_front_lidar.ply,0.2,800,0.9,0.08644,0.25145,1,0.11482,0.9902,0.17746
001295_lcam_front_lidar.ply,0.2,800,0.9,0.09567,0.25636,1,0.1237,0.98975,0.181
001296_lcam_front_lidar.ply,0.2,800,0.9,0.09542,0.24245,1,0.10618,0.98514,0.18008
001297_lcam_front_lidar.ply,0.2,800,0.9,0.11503,0.23896,1,0.10994,0.98524,0.18891
001298_lcam_front_lidar.ply,0.2,800,0.9,0.10422,0.25548,1,0.11436,0.99272,0.16527
001299_lcam_front_lidar.ply,0.2,800,0.9,0.10279,0.24636,1,0.115,0.99204,0.18572
001300_lcam_front_lidar.ply,0.2,800,0.9,0.10312,0.24815,1,0.11012,0.99282,0.17023
001301_lcam_front_lidar.ply,0.2,800,0.9,0.11601,0.24434,1,0.11545,0.99254,0.18944
001302_lcam_front_lidar.ply,0.2,800,0.9,0.11204,0.24569,1,0.11715,0.99082,0.19368
001303_lcam_front_lidar.ply,0.2,800,0.9,0.10929,0.24907,1,0.11549,0.99281,0.17753
001304_lcam_front_lidar.ply,0.2,800,0.9,0.11117,0.24695,1,0.11878,0.99317,0.19106
001305_lcam_front_lidar.ply,0.2,800,0.9,0.09268,0.24031,1,0.10807,0.98751,0.18598
001306_lcam_front_lidar.ply,0.2,800,0.9,0.09516,0.24245,1,0.10536,0.98662,0.17964
001307_lcam_front_lidar.ply,0.2,800,0.9,0.09755,0.24213,1,0.11217,0.9873,0.18928
001308_lcam_front_lidar.ply,0.2,800,0.9,0.1265,0.24454,1,0.11951,0.99369,0.19281
001309_lcam_front_lidar.ply,0.2,800,0.9,0.11117,0.2484,1,0.11862,0.99394,0.18768
001310_lcam_front_lidar.ply,0.2,800,0.9,0.1111,0.25368,1,0.12359,0.99377,0.188
001311_lcam_front_lidar.ply,0.2,800,0.9,0.10466,0.24668,1,0.12127,0.99358,0.19879
001312_lcam_front_lidar.ply,0.2,800,0.9,0.12544,0.25493,1,0.12879,0.99413,0.1927
001313_lcam_front_lidar.ply,0.2,800,0.9,0.1224,0.24522,1,0.12297,0.99395,0.197
001314_lcam_front_lidar.ply,0.2,800,0.9,0.0951,0.23559,1,0.10851,0.99073,0.19724
001315_lcam_front_lidar.ply,0.2,800,0.9,0.11494,0.24464,1,0.11703,0.99423,0.18834
001316_lcam_front_lidar.ply,0.2,800,0.9,0.11913,0.23385,1,0.11606,0.99411,0.20982
001317_lcam_front_lidar.ply,0.2,800,0.9,0.11593,0.23255,1,0.10795,0.99245,0.19654
001318_lcam_front_lidar.ply,0.2,800,0.9,0.11805,0.23295,1,0.09814,0.98952,0.1744
001319_lcam_front_lidar.ply,0.2,800,0.9,0.09588,0.23641,1,0.11752,0.99396,0.21288
001320_lcam_front_lidar.ply,0.2,800,0.9,0.11127,0.23653,1,0.11355,0.99454,0.19807
001321_lcam_front_lidar.ply,0.2,800,0.9,0.09928,0.23877,1,0.11548,0.99482,0.20664
001322_lcam_front_lidar.ply,0.2,800,0.9,0.1248,0.23047,1,0.11164,0.99373,0.20779
001323_lcam_front_lidar.ply,0.2,800,0.9,0.11156,0.23553,1,0.11977,0.99392,0.21055
001324_lcam_front_lidar.ply,0.2,800,0.9,0.11572,0.23588,1,0.11016,0.99528,0.19894
001325_lcam_front_lidar.ply,0.2,800,0.9,0.11668,0.23688,1,0.10791,0.99533,0.19145
001326_lcam_front_lidar.ply,0.2,800,0.9,0.11131,0.22747,1,0.07476,0.99025,0.14857
001327_lcam_front_lidar.ply,0.2,800,0.9,0.11997,0.23543,1,0.1095,0.99476,0.19639
001328_lcam_front_lidar.ply,0.2,800,0.9,0.11005,0.22384,1,0.07101,0.98943,0.14816
001329_lcam_front_lidar.ply,0.2,800,0.9,0.11434,0.22077,1,0.0706,0.9896,0.14896
001330_lcam_front_lidar.ply,0.2,800,0.9,0.10894,0.21778,1,0.06553,0.98944,0.14426
001331_lcam_front_lidar.ply,0.2,800,0.9,0.11376,0.21874,1,0.06802,0.98946,0.14894
001332_lcam_front_lidar.ply,0.2,800,0.9,0.11767,0.21932,1,0.06287,0.98913,0.133
001333_lcam_front_lidar.ply,0.2,800,0.9,0.1106,0.22901,1,0.0694,0.98863,0.13374
001334_lcam_front_lidar.ply,0.2,800,0.9,0.10489,0.22617,1,0.06251,0.98954,0.12501
001335_lcam_front_lidar.ply,0.2,800,0.9,0.10497,0.22708,1,0.06509,0.98845,0.12516
001336_lcam_front_lidar.ply,0.2,800,0.9,0.09941,0.23187,1,0.0684,0.9893,0.12244
001337_lcam_front_lidar.ply,0.2,800,0.9,0.0971,0.23466,1,0.07463,0.9896,0.13476
001338_lcam_front_lidar.ply,0.2,800,0.9,0.11151,0.22506,1,0.07093,0.99074,0.14267
001339_lcam_front_lidar.ply,0.2,800,0.9,0.09501,0.2317,1,0.11255,0.99492,0.21338
001340_lcam_front_lidar.ply,0.2,800,0.9,0.11165,0.2321,1,0.0745,0.99002,0.13133
001341_lcam_front_lidar.ply,0.2,800,0.9,0.10838,0.21373,1,0.08036,0.99305,0.18085
001342_lcam_front_lidar.ply,0.2,800,0.9,0.11863,0.20643,1,0.05589,0.99055,0.14784
001343_lcam_front_lidar.ply,0.2,800,0.9,0.11665,0.20965,1,0.05485,0.98966,0.13434
001344_lcam_front_lidar.ply,0.2,800,0.9,0.11467,0.21877,1,0.05322,0.98834,0.11739
001345_lcam_front_lidar.ply,0.2,800,0.9,0.11285,0.23229,1,0.07363,0.98987,0.12373
001346_lcam_front_lidar.ply,0.2,800,0.9,0.09731,0.22031,1,0.0836,0.99218,0.18013
001347_lcam_front_lidar.ply,0.2,800,0.9,0.09612,0.21434,1,0.0675,0.9919,0.15407
001348_lcam_front_lidar.ply,0.2,800,0.9,0.09447,0.21593,1,0.0636,0.99133,0.14727
001349_lcam_front_lidar.ply,0.2,800,0.9,0.1129,0.23381,1,0.11686,0.99625,0.20745
001350_lcam_front_lidar.ply,0.2,800,0.9,0.10525,0.22742,1,0.09908,0.99623,0.19309
001351_lcam_front_lidar.ply,0.2,800,0.9,0.10642,0.2285,1,0.10487,0.99566,0.19874
001352_lcam_front_lidar.ply,0.2,800,0.9,0.0949,0.22194,1,0.09476,0.99449,0.19826
001353_lcam_front_lidar.ply,0.2,800,0.9,0.09513,0.22549,1,0.0,0.0,0.0
001354_lcam_front_lidar.ply,0.2,800,0.9,0.10844,0.20439,1,0.06693,0.99429,0.17283
001355_lcam_front_lidar.ply,0.2,800,0.9,0.09892,0.23196,1,0.10751,0.9959,0.20399
001356_lcam_front_lidar.ply,0.2,800,0.9,0.08761,0.22707,1,0.0,0.0,0.0
001357_lcam_front_lidar.ply,0.2,800,0.9,0.07956,0.21484,1,0.08312,0.99537,0.19657
001358_lcam_front_lidar.ply,0.2,800,0.9,0.10205,0.22157,1,0.0,0.0,0.0
001359_lcam_front_lidar.ply,0.2,800,0.9,0.08684,0.2275,1,0.0,0.0,0.0
001360_lcam_front_lidar.ply,0.2,800,0.9,0.09373,0.22476,1,0.0,0.0,0.0
001361_lcam_front_lidar.ply,0.2,800,0.9,0.08894,0.22391,1,0.0,0.0,0.0
001362_lcam_front_lidar.ply,0.2,800,0.9,0.07785,0.22696,1,0.0,0.0,0.0
001363_lcam_front_lidar.ply,0.2,800,0.9,0.0774,0.22719,1,0.0,0.0,0.0
001364_lcam_front_lidar.ply,0.2,800,0.9,0.10091,0.22285,1,0.0,0.0,0.0
001365_lcam_front_lidar.ply,0.2,800,0.9,0.07412,0.22666,1,0.0,0.0,0.0
001366_lcam_front_lidar.ply,0.2,800,0.9,0.08012,0.22847,1,0.0,0.0,0.0
001367_lcam_front_lidar.ply,0.2,800,0.9,0.06703,0.22779,1,0.0,0.0,0.0
001368_lcam_front_lidar.ply,0.2,800,0.9,0.04563,0.23177,1,0.0,0.0,0.0
001369_lcam_front_lidar.ply,0.2,800,0.9,0.05097,0.23045,1,0.0,0.0,0.0
001370_lcam_front_lidar.ply,0.2,800,0.9,0.03146,0.2372,1,0.0,0.0,0.0
001371_lcam_front_lidar.ply,0.2,800,0.9,0.05575,0.22986,1,0.0,0.0,0.0
001372_lcam_front_lidar.ply,0.2,800,0.9,0.04144,0.22823,1,0.0,0.0,0.0
001373_lcam_front_lidar.ply,0.2,800,0.9,0.05311,0.23054,1,0.0,0.0,0.0
001374_lcam_front_lidar.ply,0.2,800,0.9,0.0671,0.22717,1,0.0,0.0,0.0
001375_lcam_front_lidar.ply,0.2,800,0.9,0.06584,0.22578,1,0.0,0.0,0.0
001376_lcam_front_lidar.ply,0.2,800,0.9,0.07428,0.22464,1,0.0,0.0,0.0
001377_lcam_front_lidar.ply,0.2,800,0.9,0.06484,0.2258,1,0.0,0.0,0.0
001378_lcam_front_lidar.ply,0.2,800,0.9,0.07115,0.2243,1,0.0,0.0,0.0
001379_lcam_front_lidar.ply,0.2,800,0.9,0.07959,0.22489,1,0.0,0.0,0.0
001380_lcam_front_lidar.ply,0.2,800,0.9,0.08503,0.22373,1,0.0,0.0,0.0
001381_lcam_front_lidar.ply,0.2,800,0.9,0.09556,0.22235,1,0.0,0.0,0.0
001382_lcam_front_lidar.ply,0.2,800,0.9,0.08546,0.2264,1,0.0,0.0,0.0
001383_lcam_front_lidar.ply,0.2,800,0.9,0.08503,0.22531,1,0.0,0.0,0.0
001384_lcam_front_lidar.ply,0.2,800,0.9,0.07828,0.22691,1,0.0,0.0,0.0
001385_lcam_front_lidar.ply,0.2,800,0.9,0.08884,0.22573,1,0.0,0.0,0.0
001386_lcam_front_lidar.ply,0.2,800,0.9,0.07896,0.22432,1,0.0,0.0,0.0
001387_lcam_front_lidar.ply,0.2,800,0.9,0.08123,0.22641,1,0.0,0.0,0.0
001388_lcam_front_lidar.ply,0.2,800,0.9,0.08292,0.22536,1,0.0,0.0,0.0
001389_lcam_front_lidar.ply,0.2,800,0.9,0.07973,0.22537,1,0.0,0.0,0.0
001390_lcam_front_lidar.ply,0.2,800,0.9,0.07941,0.22469,1,0.0,0.0,0.0
001391_lcam_front_lidar.ply,0.2,800,0.9,0.07901,0.22579,1,0.0,0.0,0.0
001392_lcam_front_lidar.ply,0.2,800,0.9,0.07969,0.2242,1,0.0,0.0,0.0
001393_lcam_front_lidar.ply,0.2,800,0.9,0.07951,0.22529,1,0.0,0.0,0.0
001394_lcam_front_lidar.ply,0.2,800,0.9,0.08718,0.22159,1,0.0,0.0,0.0
001395_lcam_front_lidar.ply,0.2,800,0.9,0.07501,0.22466,1,0.0,0.0,0.0
001396_lcam_front_lidar.ply,0.2,800,0.9,0.09906,0.20365,1,0.0669,0.99841,0.17193
001397_lcam_front_lidar.ply,0.2,800,0.9,0.06739,0.22579,1,0.0,0.0,0.0
001398_lcam_front_lidar.ply,0.2,800,0.9,0.08323,0.22598,1,0.0,0.0,0.0
001399_lcam_front_lidar.ply,0.2,800,0.9,0.07941,0.22422,1,0.0,0.0,0.0
001400_lcam_front_lidar.ply,0.2,800,0.9,0.09528,0.2209,1,0.0,0.0,0.0
001401_lcam_front_lidar.ply,0.2,800,0.9,0.06157,0.22452,1,0.0,0.0,0.0
001402_lcam_front_lidar.ply,0.2,800,0.9,0.07758,0.22439,1,0.0,0.0,0.0
001403_lcam_front_lidar.ply,0.2,800,0.9,0.07946,0.22361,1,0.0,0.0,0.0
001404_lcam_front_lidar.ply,0.2,800,0.9,0.06358,0.22616,1,0.0,0.0,0.0
001405_lcam_front_lidar.ply,0.2,800,0.9,0.07888,0.22463,1,0.0,0.0,0.0
001406_lcam_front_lidar.ply,0.2,800,0.9,0.06111,0.2279,1,0.0,0.0,0.0
001407_lcam_front_lidar.ply,0.2,800,0.9,0.07348,0.22672,1,0.0,0.0,0.0
001408_lcam_front_lidar.ply,0.2,800,0.9,0.06465,0.22713,1,0.0,0.0,0.0
001409_lcam_front_lidar.ply,0.2,800,0.9,0.04568,0.2293,1,0.0,0.0,0.0
001410_lcam_front_lidar.ply,0.2,800,0.9,0.05394,0.22639,1,0.0,0.0,0.0
001411_lcam_front_lidar.ply,0.2,800,0.9,0.06064,0.22671,1,0.0,0.0,0.0
001412_lcam_front_lidar.ply,0.2,800,0.9,0.05756,0.22634,1,0.0,0.0,0.0
001413_lcam_front_lidar.ply,0.2,800,0.9,0.06321,0.22425,1,0.0,0.0,0.0
001414_lcam_front_lidar.ply,0.2,800,0.9,0.06859,0.22965,1,0.09834,0.99892,0.19456
001415_lcam_front_lidar.ply,0.2,800,0.9,0.06266,0.24008,1,0.09006,0.99725,0.15034
001416_lcam_front_lidar.ply,0.2,800,0.9,0.07805,0.24461,1,0.11891,0.99812,0.2029
001417_lcam_front_lidar.ply,0.2,800,0.9,0.07085,0.23996,1,0.1304,0.99949,0.23202
001418_lcam_front_lidar.ply,0.2,800,0.9,0.09748,0.24454,1,0.13353,0.99879,0.22487
001419_lcam_front_lidar.ply,0.2,800,0.9,0.08034,0.23505,1,0.11196,0.99885,0.20669
001420_lcam_front_lidar.ply,0.2,800,0.9,0.08482,0.23493,1,0.11973,0.9994,0.21445
001421_lcam_front_lidar.ply,0.2,800,0.9,0.09926,0.22841,1,0.10815,0.99929,0.20608
001422_lcam_front_lidar.ply,0.2,800,0.9,0.08939,0.23592,1,0.12268,0.99874,0.21967
001423_lcam_front_lidar.ply,0.2,800,0.9,0.0971,0.23065,1,0.11832,0.99871,0.22121
001424_lcam_front_lidar.ply,0.2,800,0.9,0.09517,0.23056,1,0.11959,0.99957,0.22185
001425_lcam_front_lidar.ply,0.2,800,0.9,0.08283,0.23095,1,0.11853,0.99889,0.22412
001426_lcam_front_lidar.ply,0.2,800,0.9,0.09704,0.21567,1,0.09655,0.99861,0.20934
001427_lcam_front_lidar.ply,0.2,800,0.9,0.09518,0.23072,1,0.11562,0.99889,0.21231
001428_lcam_front_lidar.ply,0.2,800,0.9,0.10767,0.2226,1,0.107,0.99894,0.21532
001429_lcam_front_lidar.ply,0.2,800,0.9,0.08908,0.2319,1,0.11041,0.99856,0.20616
001430_lcam_front_lidar.ply,0.2,800,0.9,0.09522,0.22818,1,0.10397,0.99915,0.19948
001431_lcam_front_lidar.ply,0.2,800,0.9,0.10996,0.23331,1,0.11561,0.99958,0.20785
001432_lcam_front_lidar.ply,0.2,800,0.9,0.10114,0.21897,1,0.10556,0.99869,0.21222
001433_lcam_front_lidar.ply,0.2,800,0.9,0.08649,0.22505,1,0.10854,0.99957,0.2163
001434_lcam_front_lidar.ply,0.2,800,0.9,0.1032,0.2199,1,0.09625,0.99965,0.19948
001435_lcam_front_lidar.ply,0.2,800,0.9,0.11196,0.22145,1,0.1076,0.99899,0.21595
001436_lcam_front_lidar.ply,0.2,800,0.9,0.10608,0.22092,1,0.09848,0.99839,0.20442
001437_lcam_front_lidar.ply,0.2,800,0.9,0.10543,0.21396,1,0.09081,0.9986,0.2047
001438_lcam_front_lidar.ply,0.2,800,0.9,0.09213,0.23221,1,0.1154,0.99885,0.21296
001439_lcam_front_lidar.ply,0.2,800,0.9,0.08955,0.23507,1,0.12008,0.99886,0.21686
001440_lcam_front_lidar.ply,0.2,800,0.9,0.10941,0.21768,1,0.10846,0.99579,0.22137
001441_lcam_front_lidar.ply,0.2,800,0.9,0.09731,0.239,1,0.11332,0.99878,0.19885
001442_lcam_front_lidar.ply,0.2,800,0.9,0.09529,0.23169,1,0.11479,0.99932,0.21128
001443_lcam_front_lidar.ply,0.2,800,0.9,0.10905,0.23642,1,0.11721,0.99855,0.20581
001444_lcam_front_lidar.ply,0.2,800,0.9,0.10971,0.24092,1,0.11703,0.99882,0.19424
001445_lcam_front_lidar.ply,0.2,800,0.9,0.10743,0.24235,1,0.12175,0.99892,0.20001
001446_lcam_front_lidar.ply,0.2,800,0.9,0.10216,0.24074,1,0.1098,0.99934,0.19232
001447_lcam_front_lidar.ply,0.2,800,0.9,0.10968,0.23835,1,0.11477,0.99805,0.20006
001448_lcam_front_lidar.ply,0.2,800,0.9,0.10687,0.23485,1,0.11924,0.99764,0.2142
001449_lcam_front_lidar.ply,0.2,800,0.9,0.08746,0.23868,1,0.11153,0.99869,0.19405
001450_lcam_front_lidar.ply,0.2,800,0.9,0.11175,0.23648,1,0.11409,0.99831,0.20062
001451_lcam_front_lidar.ply,0.2,800,0.9,0.11145,0.23126,1,0.11226,0.9984,0.19972
001452_lcam_front_lidar.ply,0.2,800,0.9,0.11099,0.23214,1,0.12097,0.99728,0.22803
001453_lcam_front_lidar.ply,0.2,800,0.9,0.09926,0.23722,1,0.10942,0.99831,0.19167
001454_lcam_front_lidar.ply,0.2,800,0.9,0.11267,0.23687,1,0.11111,0.99925,0.19276
001455_lcam_front_lidar.ply,0.2,800,0.9,0.09577,0.24264,1,0.11488,0.99833,0.19355
001456_lcam_front_lidar.ply,0.2,800,0.9,0.10475,0.23927,1,0.1138,0.99929,0.19466
001457_lcam_front_lidar.ply,0.2,800,0.9,0.11806,0.22897,1,0.10236,0.99803,0.19009
001458_lcam_front_lidar.ply,0.2,800,0.9,0.11109,0.2341,1,0.11383,0.99813,0.20672
001459_lcam_front_lidar.ply,0.2,800,0.9,0.09591,0.23003,1,0.11192,0.99792,0.20572
001460_lcam_front_lidar.ply,0.2,800,0.9,0.08926,0.23645,1,0.11612,0.998,0.20697
001461_lcam_front_lidar.ply,0.2,800,0.9,0.10913,0.2413,1,0.11529,0.99842,0.19381
001462_lcam_front_lidar.ply,0.2,800,0.9,0.10949,0.2456,1,0.11945,0.99862,0.19254
001463_lcam_front_lidar.ply,0.2,800,0.9,0.10987,0.24279,1,0.11609,0.99769,0.19346
001464_lcam_front_lidar.ply,0.2,800,0.9,0.11419,0.2386,1,0.12316,0.99787,0.2134
001465_lcam_front_lidar.ply,0.2,800,0.9,0.11467,0.23674,1,0.12178,0.9981,0.21403
001466_lcam_front_lidar.ply,0.2,800,0.9,0.09929,0.23748,1,0.11726,0.99831,0.21187
001467_lcam_front_lidar.ply,0.2,800,0.9,0.10351,0.24464,1,0.11797,0.99868,0.19306
001468_lcam_front_lidar.ply,0.2,800,0.9,0.11316,0.2387,1,0.12647,0.99793,0.21838
001469_lcam_front_lidar.ply,0.2,800,0.9,0.11016,0.24715,1,0.1174,0.99869,0.18947
001470_lcam_front_lidar.ply,0.2,800,0.9,0.09833,0.25561,1,0.11997,0.99918,0.18197
001471_lcam_front_lidar.ply,0.2,800,0.9,0.11641,0.24211,1,0.12349,0.99793,0.20088
001472_lcam_front_lidar.ply,0.2,800,0.9,0.09917,0.24928,1,0.12316,0.99893,0.19282
001473_lcam_front_lidar.ply,0.2,800,0.9,0.11158,0.24343,1,0.11784,0.99846,0.19135
001474_lcam_front_lidar.ply,0.2,800,0.9,0.08735,0.25033,1,0.12243,0.99898,0.19501
001475_lcam_front_lidar.ply,0.2,800,0.9,0.10125,0.24873,1,0.12102,0.99903,0.19659
001476_lcam_front_lidar.ply,0.2,800,0.9,0.10225,0.24519,1,0.12389,0.9986,0.20574
001477_lcam_front_lidar.ply,0.2,800,0.9,0.09794,0.25235,1,0.12417,0.99902,0.19226
001478_lcam_front_lidar.ply,0.2,800,0.9,0.11886,0.24833,1,0.1238,0.99907,0.20019
001479_lcam_front_lidar.ply,0.2,800,0.9,0.09919,0.24153,1,0.12639,0.99867,0.21047
001480_lcam_front_lidar.ply,0.2,800,0.9,0.10705,0.241,1,0.12295,0.99899,0.20846
001481_lcam_front_lidar.ply,0.2,800,0.9,0.0877,0.25007,1,0.12841,0.99921,0.20587
001482_lcam_front_lidar.ply,0.2,800,0.9,0.10854,0.23276,1,0.11249,0.99836,0.20479
001483_lcam_front_lidar.ply,0.2,800,0.9,0.09533,0.23616,1,0.11207,0.99868,0.20149
001484_lcam_front_lidar.ply,0.2,800,0.9,0.10675,0.2274,1,0.11085,0.99891,0.21149
001485_lcam_front_lidar.ply,0.2,800,0.9,0.09338,0.24097,1,0.11994,0.99763,0.20883
001486_lcam_front_lidar.ply,0.2,800,0.9,0.09885,0.22386,1,0.11258,0.99239,0.22839
001487_lcam_front_lidar.ply,0.2,800,0.9,0.08522,0.24652,1,0.1217,0.99894,0.20281
001488_lcam_front_lidar.ply,0.2,800,0.9,0.09864,0.24745,1,0.12462,0.99849,0.20071
001489_lcam_front_lidar.ply,0.2,800,0.9,0.1022,0.25389,1,0.12317,0.99803,0.18928
001490_lcam_front_lidar.ply,0.2,800,0.9,0.07539,0.25075,1,0.12953,0.99734,0.2135
001491_lcam_front_lidar.ply,0.2,800,0.9,0.0904,0.22075,1,0.09619,0.99133,0.20044
001492_lcam_front_lidar.ply,0.2,800,0.9,0.08322,0.25619,1,0.13064,0.99796,0.20297
001493_lcam_front_lidar.ply,0.2,800,0.9,0.07992,0.24836,1,0.12185,0.99759,0.19665
001494_lcam_front_lidar.ply,0.2,800,0.9,0.08292,0.25047,1,0.12472,0.9977,0.1986
001495_lcam_front_lidar.ply,0.2,800,0.9,0.08353,0.2523,1,0.13745,0.99733,0.22569
001496_lcam_front_lidar.ply,0.2,800,0.9,0.09424,0.24547,1,0.1273,0.99787,0.21591
001497_lcam_front_lidar.ply,0.2,800,0.9,0.09264,0.23247,1,0.10488,0.98659,0.19653
001498_lcam_front_lidar.ply,0.2,800,0.9,0.09509,0.24249,1,0.133,0.99715,0.22812
001499_lcam_front_lidar.ply,0.2,800,0.9,0.09538,0.23604,1,0.12247,0.99042,0.22477
001500_lcam_front_lidar.ply,0.2,800,0.9,0.09932,0.23218,1,0.12069,0.99263,0.22626
001501_lcam_front_lidar.ply,0.2,800,0.9,0.08829,0.22391,1,0.10652,0.98781,0.21035
001502_lcam_front_lidar.ply,0.2,800,0.9,0.10898,0.23703,1,0.12755,0.9936,0.23066
001503_lcam_front_lidar.ply,0.2,800,0.9,0.09709,0.23658,1,0.12929,0.99224,0.22422
001504_lcam_front_lidar.ply,0.2,800,0.9,0.0894,0.2348,1,0.12,0.99009,0.22075
001505_lcam_front_lidar.ply,0.2,800,0.9,0.08526,0.23672,1,0.12711,0.99507,0.23446
001506_lcam_front_lidar.ply,0.2,800,0.9,0.0889,0.2466,1,0.12871,0.99423,0.21682
001507_lcam_front_lidar.ply,0.2,800,0.9,0.09184,0.24162,1,0.12619,0.99017,0.21738
001508_lcam_front_lidar.ply,0.2,800,0.9,0.10657,0.23889,1,0.12738,0.99071,0.2254
001509_lcam_front_lidar.ply,0.2,800,0.9,0.09302,0.24142,1,0.12542,0.98941,0.2181
001510_lcam_front_lidar.ply,0.2,800,0.9,0.09528,0.22887,1,0.10491,0.9978,0.2021
001511_lcam_front_lidar.ply,0.2,800,0.9,0.09955,0.24024,1,0.12959,0.99625,0.23109
001512_lcam_front_lidar.ply,0.2,800,0.9,0.10714,0.23348,1,0.12241,0.99466,0.22563
001513_lcam_front_lidar.ply,0.2,800,0.9,0.09546,0.22349,1,0.096,0.99756,0.19622
001514_lcam_front_lidar.ply,0.2,800,0.9,0.12263,0.22662,1,0.10974,0.99221,0.20966
001515_lcam_front_lidar.ply,0.2,800,0.9,0.10884,0.23488,1,0.12394,0.99641,0.21821
001516_lcam_front_lidar.ply,0.2,800,0.9,0.11646,0.22687,1,0.09303,0.99621,0.17893
001517_lcam_front_lidar.ply,0.2,800,0.9,0.0953,0.23017,1,0.10771,0.99788,0.20735
001518_lcam_front_lidar.ply,0.2,800,0.9,0.10284,0.23903,1,0.12384,0.99369,0.21773
001519_lcam_front_lidar.ply,0.2,800,0.9,0.11122,0.2438,1,0.1283,0.99325,0.21916
001520_lcam_front_lidar.ply,0.2,800,0.9,0.08757,0.24323,1,0.12313,0.99642,0.20865
001521_lcam_front_lidar.ply,0.2,800,0.9,0.1108,0.23826,1,0.1342,0.99554,0.23585
001522_lcam_front_lidar.ply,0.2,800,0.9,0.12248,0.23256,1,0.12379,0.99299,0.22485
001523_lcam_front_lidar.ply,0.2,800,0.9,0.09495,0.23661,1,0.12583,0.99591,0.22343
001524_lcam_front_lidar.ply,0.2,800,0.9,0.10138,0.22304,1,0.09656,0.99803,0.19545
001525_lcam_front_lidar.ply,0.2,800,0.9,0.0944,0.24312,1,0.12627,0.99574,0.2152
001526_lcam_front_lidar.ply,0.2,800,0.9,0.12688,0.24571,1,0.13312,0.99596,0.21801
001527_lcam_front_lidar.ply,0.2,800,0.9,0.111,0.24089,1,0.12948,0.99358,0.22228
001528_lcam_front_lidar.ply,0.2,800,0.9,0.10543,0.24663,1,0.1289,0.99479,0.21639
001529_lcam_front_lidar.ply,0.2,800,0.9,0.11085,0.24363,1,0.12997,0.99599,0.22262
001530_lcam_front_lidar.ply,0.2,800,0.9,0.09524,0.2476,1,0.1333,0.99681,0.2227
001531_lcam_front_lidar.ply,0.2,800,0.9,0.09515,0.25153,1,0.13608,0.99528,0.22334
001532_lcam_front_lidar.ply,0.2,800,0.9,0.11124,0.23375,1,0.11484,0.99678,0.20921
001533_lcam_front_lidar.ply,0.2,800,0.9,0.1109,0.24283,1,0.1261,0.99649,0.21505
001534_lcam_front_lidar.ply,0.2,800,0.9,0.11132,0.21784,1,0.10489,0.99837,0.22127
001535_lcam_front_lidar.ply,0.2,800,0.9,0.1112,0.21128,1,0.07545,0.98946,0.18044
001536_lcam_front_lidar.ply,0.2,800,0.9,0.11099,0.24042,1,0.12032,0.9962,0.20823
001537_lcam_front_lidar.ply,0.2,800,0.9,0.12708,0.19753,1,0.08295,0.99489,0.21632
001538_lcam_front_lidar.ply,0.2,800,0.9,0.11097,0.2252,1,0.11487,0.99484,0.22719
001539_lcam_front_lidar.ply,0.2,800,0.9,0.10001,0.22657,1,0.1175,0.99545,0.2299
001540_lcam_front_lidar.ply,0.2,800,0.9,0.11927,0.19817,1,0.08718,0.99451,0.22655
001541_lcam_front_lidar.ply,0.2,800,0.9,0.11118,0.21205,1,0.10314,0.9952,0.23166
001542_lcam_front_lidar.ply,0.2,800,0.9,0.12,0.22302,1,0.10046,0.99615,0.20475
001543_lcam_front_lidar.ply,0.2,800,0.9,0.1274,0.20288,1,0.08151,0.99403,0.19966
001544_lcam_front_lidar.ply,0.2,800,0.9,0.11134,0.22046,1,0.099,0.99674,0.20628
001545_lcam_front_lidar.ply,0.2,800,0.9,0.11087,0.2225,1,0.09743,0.99741,0.20187
001546_lcam_front_lidar.ply,0.2,800,0.9,0.11111,0.19809,1,0.06995,0.99908,0.19253
001547_lcam_front_lidar.ply,0.2,800,0.9,0.10889,0.19698,1,0.06797,0.99897,0.18841
001548_lcam_front_lidar.ply,0.2,800,0.9,0.11111,0.22038,1,0.0,0.0,0.0
001549_lcam_front_lidar.ply,0.2,800,0.9,0.09538,0.19536,1,0.05111,0.99898,0.16181
001550_lcam_front_lidar.ply,0.2,800,0.9,0.09525,0.22464,1,0.0,0.0,0.0
001551_lcam_front_lidar.ply,0.2,800,0.9,0.1025,0.22561,1,0.0,0.0,0.0
001552_lcam_front_lidar.ply,0.2,800,0.9,0.09527,0.22832,1,0.0,0.0,0.0
001553_lcam_front_lidar.ply,0.2,800,0.9,0.09306,0.22408,1,0.0,0.0,0.0
001554_lcam_front_lidar.ply,0.2,800,0.9,0.0896,0.20161,1,0.06636,0.99555,0.18116
001555_lcam_front_lidar.ply,0.2,800,0.9,0.08527,0.22753,1,0.0,0.0,0.0
001556_lcam_front_lidar.ply,0.2,800,0.9,0.07729,0.22675,1,0.0,0.0,0.0
001557_lcam_front_lidar.ply,0.2,800,0.9,0.07907,0.22647,1,0.0,0.0,0.0
001558_lcam_front_lidar.ply,0.2,800,0.9,0.0799,0.22976,1,0.0,0.0,0.0
001559_lcam_front_lidar.ply,0.2,800,0.9,0.09531,0.2264,1,0.0,0.0,0.0
001560_lcam_front_lidar.ply,0.2,800,0.9,0.08976,0.20405,1,0.05739,0.99369,0.16201
001561_lcam_front_lidar.ply,0.2,800,0.9,0.07737,0.22988,1,0.0,0.0,0.0
001562_lcam_front_lidar.ply,0.2,800,0.9,0.10097,0.20197,1,0.06849,0.99457,0.18564
001563_lcam_front_lidar.ply,0.2,800,0.9,0.09486,0.21411,1,0.07725,0.99487,0.1774
001564_lcam_front_lidar.ply,0.2,800,0.9,0.09309,0.22561,1,0.0,0.0,0.0
001565_lcam_front_lidar.ply,0.2,800,0.9,0.08752,0.22541,1,0.0,0.0,0.0
001566_lcam_front_lidar.ply,0.2,800,0.9,0.11439,0.20818,1,0.09023,0.99517,0.20882
001567_lcam_front_lidar.ply,0.2,800,0.9,0.09249,0.22041,1,0.09139,0.99492,0.18788
001568_lcam_front_lidar.ply,0.2,800,0.9,0.11318,0.2001,1,0.06402,0.99465,0.17364
001569_lcam_front_lidar.ply,0.2,800,0.9,0.1114,0.2244,1,0.08614,0.99411,0.17477
001570_lcam_front_lidar.ply,0.2,800,0.9,0.11174,0.20796,1,0.07171,0.99542,0.17333
001571_lcam_front_lidar.ply,0.2,800,0.9,0.11139,0.20837,1,0.06748,0.99446,0.16798
001572_lcam_front_lidar.ply,0.2,800,0.9,0.10481,0.20669,1,0.0694,0.99488,0.17763
001573_lcam_front_lidar.ply,0.2,800,0.9,0.12796,0.20164,1,0.07374,0.99589,0.19123
001574_lcam_front_lidar.ply,0.2,800,0.9,0.09526,0.20953,1,0.08318,0.99537,0.19985
001575_lcam_front_lidar.ply,0.2,800,0.9,0.11151,0.21146,1,0.08326,0.99508,0.19502
001576_lcam_front_lidar.ply,0.2,800,0.9,0.11074,0.20543,1,0.07982,0.99457,0.19698
001577_lcam_front_lidar.ply,0.2,800,0.9,0.10753,0.21811,1,0.09172,0.99525,0.19583
001578_lcam_front_lidar.ply,0.2,800,0.9,0.11705,0.21706,1,0.0967,0.99577,0.20829
001579_lcam_front_lidar.ply,0.2,800,0.9,0.11226,0.21323,1,0.07563,0.99559,0.17676
001580_lcam_front_lidar.ply,0.2,800,0.9,0.11697,0.21364,1,0.07926,0.99553,0.18187
001581_lcam_front_lidar.ply,0.2,800,0.9,0.12267,0.20486,1,0.07267,0.99558,0.18096
001582_lcam_front_lidar.ply,0.2,800,0.9,0.1142,0.22405,1,0.0,0.0,0.0
001583_lcam_front_lidar.ply,0.2,800,0.9,0.11949,0.21542,1,0.09567,0.99609,0.21118
001584_lcam_front_lidar.ply,0.2,800,0.9,0.11079,0.21006,1,0.09134,0.99577,0.21191
001585_lcam_front_lidar.ply,0.2,800,0.9,0.11815,0.22058,1,0.10979,0.99647,0.22477
001586_lcam_front_lidar.ply,0.2,800,0.9,0.11258,0.22079,1,0.10019,0.99561,0.2041
001587_lcam_front_lidar.ply,0.2,800,0.9,0.12649,0.22211,1,0.10863,0.99564,0.21561
001588_lcam_front_lidar.ply,0.2,800,0.9,0.1046,0.22303,1,0.1061,0.99574,0.21507
001589_lcam_front_lidar.ply,0.2,800,0.9,0.10916,0.23218,1,0.11121,0.99551,0.20554
001590_lcam_front_lidar.ply,0.2,800,0.9,0.12686,0.22223,1,0.10912,0.99553,0.21846
001591_lcam_front_lidar.ply,0.2,800,0.9,0.11906,0.20257,1,0.09045,0.99581,0.22233
001592_lcam_front_lidar.ply,0.2,800,0.9,0.11095,0.22171,1,0.10839,0.9963,0.22442
001593_lcam_front_lidar.ply,0.2,800,0.9,0.12356,0.22121,1,0.10622,0.99555,0.21598
001594_lcam_front_lidar.ply,0.2,800,0.9,0.12698,0.17564,1,0.04625,0.98629,0.19107
001595_lcam_front_lidar.ply,0.2,800,0.9,0.14313,0.19455,1,0.07023,0.99497,0.19484
001596_lcam_front_lidar.ply,0.2,800,0.9,0.12518,0.21632,1,0.10437,0.9957,0.22425
001597_lcam_front_lidar.ply,0.2,800,0.9,0.12691,0.22004,1,0.1048,0.99552,0.22035
001598_lcam_front_lidar.ply,0.2,800,0.9,0.12705,0.19564,1,0.08562,0.99564,0.22516
001599_lcam_front_lidar.ply,0.2,800,0.9,0.1425,0.17792,1,0.04819,0.99984,0.18331
001600_lcam_front_lidar.ply,0.2,800,0.9,0.11637,0.22328,1,0.1082,0.99559,0.21982
001601_lcam_front_lidar.ply,0.2,800,0.9,0.12707,0.19004,1,0.03879,0.99571,0.14217
001602_lcam_front_lidar.ply,0.2,800,0.9,0.13337,0.1823,1,0.05403,0.998,0.18614
001603_lcam_front_lidar.ply,0.2,800,0.9,0.12853,0.1859,1,0.0508,0.99769,0.17654
001604_lcam_front_lidar.ply,0.2,800,0.9,0.12705,0.22504,1,0.0,0.0,0.0
001605_lcam_front_lidar.ply,0.2,800,0.9,0.13046,0.19199,1,0.05979,0.98382,0.17968
001606_lcam_front_lidar.ply,0.2,800,0.9,0.12746,0.19574,1,0.05926,0.98244,0.17514
001607_lcam_front_lidar.ply,0.2,800,0.9,0.12707,0.18289,1,0.05612,0.98307,0.19393
001608_lcam_front_lidar.ply,0.2,800,0.9,0.12444,0.188,1,0.05611,0.98198,0.1836
001609_lcam_front_lidar.ply,0.2,800,0.9,0.14174,0.19336,1,0.05917,0.98893,0.17943
001610_lcam_front_lidar.ply,0.2,800,0.9,0.1429,0.19128,1,0.06071,0.98307,0.18163
001611_lcam_front_lidar.ply,0.2,800,0.9,0.14343,0.17995,1,0.05656,0.98289,0.19657
001612_lcam_front_lidar.ply,0.2,800,0.9,0.14212,0.18747,1,0.05704,0.98259,0.17899
001613_lcam_front_lidar.ply,0.2,800,0.9,0.12695,0.18606,1,0.05703,0.98576,0.18804
001614_lcam_front_lidar.ply,0.2,800,0.9,0.12743,0.17295,1,0.05146,0.98703,0.20846
001615_lcam_front_lidar.ply,0.2,800,0.9,0.1344,0.16981,1,0.04522,0.98494,0.19233
001616_lcam_front_lidar.ply,0.2,800,0.9,0.12508,0.20445,1,0.0638,0.9834,0.16385
001617_lcam_front_lidar.ply,0.2,800,0.9,0.14302,0.20079,1,0.06515,0.98549,0.17306
001618_lcam_front_lidar.ply,0.2,800,0.9,0.1272,0.20327,1,0.06665,0.98358,0.17638
001619_lcam_front_lidar.ply,0.2,800,0.9,0.12429,0.20071,1,0.06125,0.9855,0.1678
001620_lcam_front_lidar.ply,0.2,800,0.9,0.12656,0.20717,1,0.06371,0.9842,0.16515
001621_lcam_front_lidar.ply,0.2,800,0.9,0.14196,0.20704,1,0.06715,0.98452,0.16298
001622_lcam_front_lidar.ply,0.2,800,0.9,0.11505,0.21463,1,0.06771,0.98433,0.16136
001623_lcam_front_lidar.ply,0.2,800,0.9,0.13102,0.21597,1,0.08118,0.98655,0.17494
001624_lcam_front_lidar.ply,0.2,800,0.9,0.13547,0.20533,1,0.06481,0.98436,0.16326
001625_lcam_front_lidar.ply,0.2,800,0.9,0.12254,0.2078,1,0.09136,0.99151,0.21377
001626_lcam_front_lidar.ply,0.2,800,0.9,0.14295,0.21256,1,0.07745,0.9866,0.17409
001627_lcam_front_lidar.ply,0.2,800,0.9,0.12707,0.2155,1,0.07972,0.9862,0.17888
001628_lcam_front_lidar.ply,0.2,800,0.9,0.14258,0.20619,1,0.08055,0.9909,0.19397
001629_lcam_front_lidar.ply,0.2,800,0.9,0.10918,0.21053,1,0.09098,0.99342,0.21123
001630_lcam_front_lidar.ply,0.2,800,0.9,0.15494,0.21937,1,0.10226,0.99129,0.20995
001631_lcam_front_lidar.ply,0.2,800,0.9,0.1326,0.20873,1,0.08925,0.99302,0.2041
001632_lcam_front_lidar.ply,0.2,800,0.9,0.13044,0.22228,1,0.09823,0.99098,0.19938
001633_lcam_front_lidar.ply,0.2,800,0.9,0.12698,0.22273,1,0.07391,0.98751,0.15216
001634_lcam_front_lidar.ply,0.2,800,0.9,0.11778,0.23814,1,0.10488,0.99126,0.1879
001635_lcam_front_lidar.ply,0.2,800,0.9,0.12537,0.21978,1,0.09251,0.99288,0.1971
001636_lcam_front_lidar.ply,0.2,800,0.9,0.11326,0.2167,1,0.1031,0.9942,0.22376
001637_lcam_front_lidar.ply,0.2,800,0.9,0.14761,0.21359,1,0.08805,0.99263,0.19336
001638_lcam_front_lidar.ply,0.2,800,0.9,0.12415,0.22554,1,0.08908,0.99109,0.17544
001639_lcam_front_lidar.ply,0.2,800,0.9,0.12458,0.21397,1,0.08798,0.9928,0.20224
001640_lcam_front_lidar.ply,0.2,800,0.9,0.10315,0.21717,1,0.09599,0.99354,0.21349
001641_lcam_front_lidar.ply,0.2,800,0.9,0.12253,0.20496,1,0.07117,0.9958,0.18849
001642_lcam_front_lidar.ply,0.2,800,0.9,0.13384,0.20211,1,0.07208,0.99626,0.18639
001643_lcam_front_lidar.ply,0.2,800,0.9,0.12416,0.20318,1,0.0698,0.99611,0.1806
001644_lcam_front_lidar.ply,0.2,800,0.9,0.12828,0.19351,1,0.06463,0.99569,0.19054
001645_lcam_front_lidar.ply,0.2,800,0.9,0.12672,0.19664,1,0.06622,0.99552,0.18653
001646_lcam_front_lidar.ply,0.2,800,0.9,0.12678,0.22435,1,0.07639,0.98959,0.14922
001647_lcam_front_lidar.ply,0.2,800,0.9,0.13068,0.19623,1,0.06528,0.99561,0.18354
001648_lcam_front_lidar.ply,0.2,800,0.9,0.10332,0.19734,1,0.06623,0.99522,0.19106
001649_lcam_front_lidar.ply,0.2,800,0.9,0.13441,0.1913,1,0.06151,0.9949,0.18543
001650_lcam_front_lidar.ply,0.2,800,0.9,0.0996,0.2111,1,0.07875,0.99397,0.1903
001651_lcam_front_lidar.ply,0.2,800,0.9,0.11964,0.20111,1,0.06004,0.99408,0.16633
001652_lcam_front_lidar.ply,0.2,800,0.9,0.10633,0.20038,1,0.06118,0.99486,0.1714
001653_lcam_front_lidar.ply,0.2,800,0.9,0.09922,0.19978,1,0.06021,0.99459,0.17775
001654_lcam_front_lidar.ply,0.2,800,0.9,0.11997,0.20282,1,0.06013,0.99481,0.16689
001655_lcam_front_lidar.ply,0.2,800,0.9,0.09699,0.19473,1,0.05711,0.99455,0.17431
001656_lcam_front_lidar.ply,0.2,800,0.9,0.11859,0.19696,1,0.06111,0.99499,0.17762
001657_lcam_front_lidar.ply,0.2,800,0.9,0.13104,0.19334,1,0.06166,0.99519,0.18413
001658_lcam_front_lidar.ply,0.2,800,0.9,0.11528,0.19953,1,0.06177,0.99479,0.17539
001659_lcam_front_lidar.ply,0.2,800,0.9,0.11514,0.1994,1,0.06222,0.99489,0.17662
001660_lcam_front_lidar.ply,0.2,800,0.9,0.1235,0.19948,1,0.06542,0.99505,0.17919
001661_lcam_front_lidar.ply,0.2,800,0.9,0.11862,0.24126,1,0.10086,0.99269,0.16863
001662_lcam_front_lidar.ply,0.2,800,0.9,0.11628,0.25182,1,0.10198,0.99233,0.15152
001663_lcam_front_lidar.ply,0.2,800,0.9,0.17142,0.23893,1,0.10183,0.99266,0.16043
001664_lcam_front_lidar.ply,0.2,800,0.9,0.11915,0.26245,1,0.10962,0.99248,0.14518
001665_lcam_front_lidar.ply,0.2,800,0.9,0.11328,0.26317,1,0.11517,0.99317,0.15703
001666_lcam_front_lidar.ply,0.2,800,0.9,0.1257,0.25233,1,0.10814,0.99304,0.1558
001667_lcam_front_lidar.ply,0.2,800,0.9,0.11616,0.25688,1,0.10505,0.99276,0.14474
001668_lcam_front_lidar.ply,0.2,800,0.9,0.11815,0.21268,1,0.063,0.9927,0.14859
001669_lcam_front_lidar.ply,0.2,800,0.9,0.11131,0.26011,1,0.11176,0.99298,0.15489
001670_lcam_front_lidar.ply,0.2,800,0.9,0.13497,0.25842,1,0.10711,0.99237,0.14409
001671_lcam_front_lidar.ply,0.2,800,0.9,0.12781,0.21941,1,0.06407,0.99356,0.14262
001672_lcam_front_lidar.ply,0.2,800,0.9,0.10776,0.21631,1,0.06107,0.99301,0.14115
001673_lcam_front_lidar.ply,0.2,800,0.9,0.11627,0.21424,1,0.05996,0.99211,0.13887
001674_lcam_front_lidar.ply,0.2,800,0.9,0.11227,0.27028,1,0.11717,0.99287,0.14738
001675_lcam_front_lidar.ply,0.2,800,0.9,0.16401,0.21681,1,0.06702,0.99282,0.14148
001676_lcam_front_lidar.ply,0.2,800,0.9,0.14779,0.26424,1,0.11508,0.99312,0.14684
001677_lcam_front_lidar.ply,0.2,800,0.9,0.14252,0.21962,1,0.06071,0.99197,0.13171
001678_lcam_front_lidar.ply,0.2,800,0.9,0.14033,0.22285,1,0.06574,0.99203,0.13565
001679_lcam_front_lidar.ply,0.2,800,0.9,0.1296,0.22044,1,0.06284,0.99266,0.13053
001680_lcam_front_lidar.ply,0.2,800,0.9,0.12168,0.28209,1,0.13156,0.99331,0.15178
001681_lcam_front_lidar.ply,0.2,800,0.9,0.14992,0.22045,1,0.0639,0.99195,0.13397
001682_lcam_front_lidar.ply,0.2,800,0.9,0.14649,0.22999,1,0.06473,0.99124,0.11973
001683_lcam_front_lidar.ply,0.2,800,0.9,0.14543,0.22648,1,0.06783,0.99197,0.12766
001684_lcam_front_lidar.ply,0.2,800,0.9,0.17746,0.22387,1,0.0708,0.99205,0.13522
001685_lcam_front_lidar.ply,0.2,800,0.9,0.16305,0.22623,1,0.0686,0.99111,0.12509
001686_lcam_front_lidar.ply,0.2,800,0.9,0.14573,0.21181,1,0.03147,0.98003,0.08982
001687_lcam_front_lidar.ply,0.2,800,0.9,0.25243,0.20076,1,0.04166,0.98306,0.10948
001688_lcam_front_lidar.ply,0.2,800,0.9,0.13468,0.22847,1,0.06536,0.98936,0.12573
001689_lcam_front_lidar.ply,0.2,800,0.9,0.1533,0.28385,1,0.1292,0.9927,0.13659
001690_lcam_front_lidar.ply,0.2,800,0.9,0.12709,0.23062,1,0.0637,0.99099,0.12023
001691_lcam_front_lidar.ply,0.2,800,0.9,0.12054,0.22764,1,0.06588,0.99011,0.13153
001692_lcam_front_lidar.ply,0.2,800,0.9,0.11083,0.22545,1,0.06721,0.99136,0.13591
001693_lcam_front_lidar.ply,0.2,800,0.9,0.11181,0.22594,1,0.06287,0.99063,0.12978
001694_lcam_front_lidar.ply,0.2,800,0.9,0.12351,0.22121,1,0.06114,0.98997,0.12976
001695_lcam_front_lidar.ply,0.2,800,0.9,0.12085,0.29361,1,0.14663,0.99334,0.15786
001696_lcam_front_lidar.ply,0.2,800,0.9,0.11893,0.29201,1,0.13458,0.99259,0.14134
001697_lcam_front_lidar.ply,0.2,800,0.9,0.12033,0.29191,1,0.14333,0.99334,0.15587
001698_lcam_front_lidar.ply,0.2,800,0.9,0.11259,0.29213,1,0.14284,0.9929,0.15314
001699_lcam_front_lidar.ply,0.2,800,0.9,0.11286,0.29452,1,0.13888,0.9926,0.14811
001700_lcam_front_lidar.ply,0.2,800,0.9,0.10783,0.29607,1,0.15053,0.99352,0.16643
001701_lcam_front_lidar.ply,0.2,800,0.9,0.10067,0.29466,1,0.13712,0.99225,0.14283
001702_lcam_front_lidar.ply,0.2,800,0.9,0.11764,0.29304,1,0.15039,0.99335,0.16522
001703_lcam_front_lidar.ply,0.2,800,0.9,0.12556,0.29557,1,0.13773,0.99198,0.13852
001704_lcam_front_lidar.ply,0.2,800,0.9,0.11913,0.21728,1,0.06009,0.98971,0.13614
001705_lcam_front_lidar.ply,0.2,800,0.9,0.10879,0.2928,1,0.14329,0.99325,0.15265
001706_lcam_front_lidar.ply,0.2,800,0.9,0.11901,0.232,1,0.07917,0.9937,0.14849
001707_lcam_front_lidar.ply,0.2,800,0.9,0.10117,0.30286,1,0.14726,0.99296,0.14901
001708_lcam_front_lidar.ply,0.2,800,0.9,0.1228,0.22777,1,0.07744,0.99355,0.15527
001709_lcam_front_lidar.ply,0.2,800,0.9,0.11123,0.29877,1,0.14578,0.99253,0.14877
001710_lcam_front_lidar.ply,0.2,800,0.9,0.09708,0.22613,1,0.07806,0.99436,0.16205
001711_lcam_front_lidar.ply,0.2,800,0.9,0.10975,0.21247,1,0.05718,0.98898,0.14114
001712_lcam_front_lidar.ply,0.2,800,0.9,0.10303,0.21958,1,0.07579,0.99415,0.17114
001713_lcam_front_lidar.ply,0.2,800,0.9,0.12267,0.21999,1,0.07635,0.99345,0.16356
001714_lcam_front_lidar.ply,0.2,800,0.9,0.09177,0.22354,1,0.06886,0.9931,0.15122
001715_lcam_front_lidar.ply,0.2,800,0.9,0.1012,0.21259,1,0.06278,0.99304,0.15956
001716_lcam_front_lidar.ply,0.2,800,0.9,0.10725,0.21361,1,0.05896,0.99131,0.14799
001717_lcam_front_lidar.ply,0.2,800,0.9,0.09878,0.21412,1,0.0592,0.99088,0.14651
001718_lcam_front_lidar.ply,0.2,800,0.9,0.10915,0.212,1,0.04945,0.98777,0.13462
001719_lcam_front_lidar.ply,0.2,800,0.9,0.09055,0.21801,1,0.05893,0.9911,0.14633
001720_lcam_front_lidar.ply,0.2,800,0.9,0.11417,0.21101,1,0.055,0.99163,0.14479
001721_lcam_front_lidar.ply,0.2,800,0.9,0.11885,0.21466,1,0.0556,0.99128,0.13459
001722_lcam_front_lidar.ply,0.2,800,0.9,0.09495,0.21832,1,0.0589,0.98973,0.13642
001723_lcam_front_lidar.ply,0.2,800,0.9,0.11134,0.21348,1,0.0537,0.98727,0.13392
001724_lcam_front_lidar.ply,0.2,800,0.9,0.12131,0.21901,1,0.05859,0.98943,0.13342
001725_lcam_front_lidar.ply,0.2,800,0.9,0.11895,0.2164,1,0.05636,0.98817,0.13485
001726_lcam_front_lidar.ply,0.2,800,0.9,0.11613,0.21249,1,0.05397,0.9889,0.1394
001727_lcam_front_lidar.ply,0.2,800,0.9,0.11122,0.21934,1,0.05431,0.98859,0.12835
001728_lcam_front_lidar.ply,0.2,800,0.9,0.1131,0.21979,1,0.05348,0.98899,0.12537
001729_lcam_front_lidar.ply,0.2,800,0.9,0.11677,0.21872,1,0.0536,0.98876,0.12517
001730_lcam_front_lidar.ply,0.2,800,0.9,0.10021,0.21688,1,0.05107,0.98883,0.12582
001731_lcam_front_lidar.ply,0.2,800,0.9,0.10701,0.21411,1,0.04637,0.98935,0.12002
001732_lcam_front_lidar.ply,0.2,800,0.9,0.12503,0.21105,1,0.04564,0.98891,0.12222
001733_lcam_front_lidar.ply,0.2,800,0.9,0.11972,0.21758,1,0.04437,0.9891,0.11196
001734_lcam_front_lidar.ply,0.2,800,0.9,0.09814,0.3027,1,0.15973,0.99455,0.1739
001735_lcam_front_lidar.ply,0.2,800,0.9,0.09417,0.30359,1,0.16231,0.99456,0.17865
001736_lcam_front_lidar.ply,0.2,800,0.9,0.09531,0.28479,1,0.12029,0.9933,0.1337
001737_lcam_front_lidar.ply,0.2,800,0.9,0.10712,0.21087,1,0.04017,0.98811,0.1129
001738_lcam_front_lidar.ply,0.2,800,0.9,0.11413,0.30331,1,0.16472,0.99458,0.17517
001739_lcam_front_lidar.ply,0.2,800,0.9,0.09327,0.3036,1,0.15825,0.99418,0.16768
001740_lcam_front_lidar.ply,0.2,800,0.9,0.0954,0.30836,1,0.16131,0.99422,0.16643
001741_lcam_front_lidar.ply,0.2,800,0.9,0.09946,0.30941,1,0.15615,0.99381,0.15275
001742_lcam_front_lidar.ply,0.2,800,0.9,0.11135,0.31292,1,0.15622,0.99347,0.14219
001743_lcam_front_lidar.ply,0.2,800,0.9,0.1111,0.30992,1,0.15895,0.99391,0.14988
001744_lcam_front_lidar.ply,0.2,800,0.9,0.0953,0.31753,1,0.17317,0.9945,0.16973
001745_lcam_front_lidar.ply,0.2,800,0.9,0.09528,0.31144,1,0.16759,0.99425,0.17184
001746_lcam_front_lidar.ply,0.2,800,0.9,0.11078,0.30508,1,0.16383,0.99475,0.17042
001747_lcam_front_lidar.ply,0.2,800,0.9,0.0968,0.30874,1,0.16537,0.99473,0.1732
001748_lcam_front_lidar.ply,0.2,800,0.9,0.11298,0.31306,1,0.16677,0.99457,0.16599
001749_lcam_front_lidar.ply,0.2,800,0.9,0.11269,0.32215,1,0.18076,0.99478,0.17367
001750_lcam_front_lidar.ply,0.2,800,0.9,0.10544,0.32159,1,0.17628,0.99499,0.16792
001751_lcam_front_lidar.ply,0.2,800,0.9,0.11068,0.31626,1,0.1749,0.99488,0.17685
001752_lcam_front_lidar.ply,0.2,800,0.9,0.11857,0.32007,1,0.18193,0.99493,0.17649
001753_lcam_front_lidar.ply,0.2,800,0.9,0.11139,0.31229,1,0.17081,0.99501,0.17176
001754_lcam_front_lidar.ply,0.2,800,0.9,0.10622,0.3087,1,0.16808,0.99499,0.17416
001755_lcam_front_lidar.ply,0.2,800,0.9,0.10101,0.31481,1,0.17438,0.99542,0.17802
001756_lcam_front_lidar.ply,0.2,800,0.9,0.11484,0.31408,1,0.17526,0.99575,0.17885
001757_lcam_front_lidar.ply,0.2,800,0.9,0.10316,0.31338,1,0.17298,0.99588,0.17749
001758_lcam_front_lidar.ply,0.2,800,0.9,0.11118,0.31764,1,0.18024,0.99593,0.18526
001759_lcam_front_lidar.ply,0.2,800,0.9,0.10403,0.30409,1,0.16898,0.99607,0.18785
001760_lcam_front_lidar.ply,0.2,800,0.9,0.09526,0.31641,1,0.16847,0.99538,0.1679
001761_lcam_front_lidar.ply,0.2,800,0.9,0.1112,0.31129,1,0.17561,0.99625,0.18512
001762_lcam_front_lidar.ply,0.2,800,0.9,0.10815,0.31143,1,0.17453,0.99625,0.1812
001763_lcam_front_lidar.ply,0.2,800,0.9,0.09967,0.30849,1,0.16927,0.99631,0.18254
001764_lcam_front_lidar.ply,0.2,800,0.9,0.11088,0.31193,1,0.17047,0.99556,0.17398
001765_lcam_front_lidar.ply,0.2,800,0.9,0.11128,0.31365,1,0.18234,0.99646,0.18973
001766_lcam_front_lidar.ply,0.2,800,0.9,0.11552,0.31416,1,0.18039,0.99627,0.18956
001767_lcam_front_lidar.ply,0.2,800,0.9,0.11062,0.31779,1,0.18518,0.99645,0.19213
001768_lcam_front_lidar.ply,0.2,800,0.9,0.09522,0.32307,1,0.18732,0.99629,0.18717
001769_lcam_front_lidar.ply,0.2,800,0.9,0.10705,0.32034,1,0.18345,0.99635,0.18353
001770_lcam_front_lidar.ply,0.2,800,0.9,0.12519,0.32068,1,0.18578,0.99626,0.18291
001771_lcam_front_lidar.ply,0.2,800,0.9,0.10711,0.31705,1,0.1747,0.99648,0.17222
001772_lcam_front_lidar.ply,0.2,800,0.9,0.11108,0.32175,1,0.18496,0.99612,0.18194
001773_lcam_front_lidar.ply,0.2,800,0.9,0.11017,0.32865,1,0.19602,0.99659,0.19228
001774_lcam_front_lidar.ply,0.2,800,0.9,0.11129,0.32412,1,0.19501,0.99711,0.19364
001775_lcam_front_lidar.ply,0.2,800,0.9,0.11068,0.3304,1,0.19033,0.99598,0.17438
001776_lcam_front_lidar.ply,0.2,800,0.9,0.10659,0.32292,1,0.18918,0.99668,0.18799
001777_lcam_front_lidar.ply,0.2,800,0.9,0.10998,0.32771,1,0.19567,0.99686,0.18998
001778_lcam_front_lidar.ply,0.2,800,0.9,0.10809,0.33865,1,0.20633,0.99764,0.19449
001779_lcam_front_lidar.ply,0.2,800,0.9,0.10529,0.33801,1,0.20322,0.99694,0.18924
001780_lcam_front_lidar.ply,0.2,800,0.9,0.18586,0.33006,1,0.20069,0.99727,0.18295
001781_lcam_front_lidar.ply,0.2,800,0.9,0.10505,0.33,1,0.20057,0.99782,0.19527
001782_lcam_front_lidar.ply,0.2,800,0.9,0.11313,0.33919,1,0.20473,0.99683,0.18853
001783_lcam_front_lidar.ply,0.2,800,0.9,0.09235,0.3468,1,0.21482,0.99816,0.1964
001784_lcam_front_lidar.ply,0.2,800,0.9,0.11057,0.34165,1,0.21177,0.99814,0.19683
001785_lcam_front_lidar.ply,0.2,800,0.9,0.10581,0.35034,1,0.2181,0.99772,0.19818
001786_lcam_front_lidar.ply,0.2,800,0.9,0.09471,0.34747,1,0.2174,0.99781,0.19682
001787_lcam_front_lidar.ply,0.2,800,0.9,0.10509,0.35232,1,0.2189,0.99851,0.19439
001788_lcam_front_lidar.ply,0.2,800,0.9,0.09851,0.35266,1,0.21365,0.99846,0.17986
001789_lcam_front_lidar.ply,0.2,800,0.9,0.10171,0.35441,1,0.22342,0.99891,0.2009
001790_lcam_front_lidar.ply,0.2,800,0.9,0.0962,0.34835,1,0.20957,0.99929,0.17867
001791_lcam_front_lidar.ply,0.2,800,0.9,0.10546,0.34864,1,0.2071,0.9992,0.17582
001792_lcam_front_lidar.ply,0.2,800,0.9,0.11415,0.35256,1,0.22157,0.99906,0.19083
001793_lcam_front_lidar.ply,0.2,800,0.9,0.11628,0.34876,1,0.20951,0.99934,0.17635
001794_lcam_front_lidar.ply,0.2,800,0.9,0.11758,0.33634,1,0.20698,0.99873,0.19586
001795_lcam_front_lidar.ply,0.2,800,0.9,0.09711,0.34335,1,0.20652,0.9996,0.18341
001796_lcam_front_lidar.ply,0.2,800,0.9,0.09522,0.34168,1,0.20858,0.99918,0.19439
001797_lcam_front_lidar.ply,0.2,800,0.9,0.10817,0.34416,1,0.207,0.99947,0.18283
001798_lcam_front_lidar.ply,0.2,800,0.9,0.10887,0.33657,1,0.20801,0.99845,0.19867
001799_lcam_front_lidar.ply,0.2,800,0.9,0.10132,0.35217,1,0.21453,0.99978,0.18489
001800_lcam_front_lidar.ply,0.2,800,0.9,0.10114,0.36336,1,0.21612,0.99953,0.16651
001801_lcam_front_lidar.ply,0.2,800,0.9,0.10339,0.35013,1,0.21107,0.99947,0.17801
001802_lcam_front_lidar.ply,0.2,800,0.9,0.1088,0.35222,1,0.20759,0.99959,0.16929
001803_lcam_front_lidar.ply,0.2,800,0.9,0.10714,0.3487,1,0.20646,0.99961,0.16847
001804_lcam_front_lidar.ply,0.2,800,0.9,0.09422,0.35996,1,0.21822,0.9995,0.17407
001805_lcam_front_lidar.ply,0.2,800,0.9,0.10095,0.34885,1,0.20571,0.99978,0.17388
001806_lcam_front_lidar.ply,0.2,800,0.9,0.09757,0.35239,1,0.21136,0.99962,0.17661
001807_lcam_front_lidar.ply,0.2,800,0.9,0.11053,0.35232,1,0.21266,0.99957,0.17935
001808_lcam_front_lidar.ply,0.2,800,0.9,0.0994,0.3495,1,0.20382,0.9997,0.16618
001809_lcam_front_lidar.ply,0.2,800,0.9,0.09299,0.35717,1,0.20062,0.99979,0.14832
001810_lcam_front_lidar.ply,0.2,800,0.9,0.10889,0.35563,1,0.21762,0.99976,0.17915
001811_lcam_front_lidar.ply,0.2,800,0.9,0.11061,0.35568,1,0.21259,0.99973,0.16896
001812_lcam_front_lidar.ply,0.2,800,0.9,0.10704,0.35719,1,0.21102,0.99989,0.16435
001813_lcam_front_lidar.ply,0.2,800,0.9,0.1031,0.35667,1,0.20909,0.99991,0.16517
001814_lcam_front_lidar.ply,0.2,800,0.9,0.10649,0.35418,1,0.20421,0.99979,0.15216
001815_lcam_front_lidar.ply,0.2,800,0.9,0.0951,0.35449,1,0.21165,0.99975,0.17148
001816_lcam_front_lidar.ply,0.2,800,0.9,0.10867,0.35808,1,0.2133,0.99989,0.16782
001817_lcam_front_lidar.ply,0.2,800,0.9,0.10122,0.35042,1,0.21055,0.99979,0.17809
001818_lcam_front_lidar.ply,0.2,800,0.9,0.12363,0.35024,1,0.20634,0.99989,0.1656
001819_lcam_front_lidar.ply,0.2,800,0.9,0.10208,0.36052,1,0.20811,0.99987,0.15074
001820_lcam_front_lidar.ply,0.2,800,0.9,0.11031,0.36,1,0.20343,0.9999,0.13874
001821_lcam_front_lidar.ply,0.2,800,0.9,0.11267,0.35756,1,0.20687,0.99985,0.1545
001822_lcam_front_lidar.ply,0.2,800,0.9,0.11135,0.34141,1,0.18978,0.9998,0.15735
001823_lcam_front_lidar.ply,0.2,800,0.9,0.10101,0.34607,1,0.19375,0.99986,0.1529
001824_lcam_front_lidar.ply,0.2,800,0.9,0.12045,0.33559,1,0.17601,0.99991,0.13371
001825_lcam_front_lidar.ply,0.2,800,0.9,0.1152,0.34467,1,0.19188,0.99986,0.15407
001826_lcam_front_lidar.ply,0.2,800,0.9,0.12383,0.34007,1,0.18753,0.9999,0.15192
001827_lcam_front_lidar.ply,0.2,800,0.9,0.11312,0.3351,1,0.18414,0.99988,0.152
001828_lcam_front_lidar.ply,0.2,800,0.9,0.12833,0.33604,1,0.18815,0.99986,0.15491
001829_lcam_front_lidar.ply,0.2,800,0.9,0.11817,0.33664,1,0.19265,0.99986,0.16769
001830_lcam_front_lidar.ply,0.2,800,0.9,0.13644,0.33066,1,0.18391,0.99986,0.16062
001831_lcam_front_lidar.ply,0.2,800,0.9,0.12235,0.33156,1,0.19877,0.99986,0.18813
001832_lcam_front_lidar.ply,0.2,800,0.9,0.11221,0.33113,1,0.18509,0.99988,0.16755
001833_lcam_front_lidar.ply,0.2,800,0.9,0.12242,0.30758,1,0.16506,0.99979,0.16677
001834_lcam_front_lidar.ply,0.2,800,0.9,0.14357,0.3045,1,0.15194,0.99987,0.14293
001835_lcam_front_lidar.ply,0.2,800,0.9,0.12678,0.30468,1,0.16414,0.99981,0.16948
001836_lcam_front_lidar.ply,0.2,800,0.9,0.1522,0.19908,1,0.04854,0.98023,0.14954
001837_lcam_front_lidar.ply,0.2,800,0.9,0.13988,0.29443,1,0.15055,0.99986,0.16042
001838_lcam_front_lidar.ply,0.2,800,0.9,0.13206,0.29526,1,0.16081,0.99977,0.18283
001839_lcam_front_lidar.ply,0.2,800,0.9,0.12614,0.28924,1,0.15611,0.99976,0.18347
001840_lcam_front_lidar.ply,0.2,800,0.9,0.127,0.28274,1,0.142,0.99981,0.16841
001841_lcam_front_lidar.ply,0.2,800,0.9,0.12116,0.29828,1,0.15602,0.99978,0.17114
001842_lcam_front_lidar.ply,0.2,800,0.9,0.13673,0.286,1,0.14568,0.99983,0.16844
001843_lcam_front_lidar.ply,0.2,800,0.9,0.13155,0.19871,1,0.05462,0.98065,0.16147
001844_lcam_front_lidar.ply,0.2,800,0.9,0.13951,0.28903,1,0.1386,0.99985,0.15107
001845_lcam_front_lidar.ply,0.2,800,0.9,0.12291,0.3032,1,0.15326,0.99985,0.15282
001846_lcam_front_lidar.ply,0.2,800,0.9,0.1228,0.2986,1,0.14911,0.99982,0.15216
001847_lcam_front_lidar.ply,0.2,800,0.9,0.11307,0.3075,1,0.15504,0.99987,0.15206
001848_lcam_front_lidar.ply,0.2,800,0.9,0.13908,0.30752,1,0.15752,0.99984,0.14563
001849_lcam_front_lidar.ply,0.2,800,0.9,0.12707,0.33022,1,0.17729,0.99983,0.14549
001850_lcam_front_lidar.ply,0.2,800,0.9,0.12544,0.33382,1,0.18084,0.99984,0.14477
001851_lcam_front_lidar.ply,0.2,800,0.9,0.11123,0.32872,1,0.17013,0.99979,0.13779
001852_lcam_front_lidar.ply,0.2,800,0.9,0.11067,0.33591,1,0.17772,0.99983,0.13477
001853_lcam_front_lidar.ply,0.2,800,0.9,0.11094,0.33967,1,0.1853,0.99985,0.14675
001854_lcam_front_lidar.ply,0.2,800,0.9,0.11421,0.33617,1,0.18066,0.99983,0.14176
001855_lcam_front_lidar.ply,0.2,800,0.9,0.10676,0.33323,1,0.17823,0.99986,0.14323
001856_lcam_front_lidar.ply,0.2,800,0.9,0.117,0.33361,1,0.17392,0.99985,0.13807
001857_lcam_front_lidar.ply,0.2,800,0.9,0.12592,0.32432,1,0.16491,0.99982,0.13299
001858_lcam_front_lidar.ply,0.2,800,0.9,0.11039,0.33623,1,0.17314,0.9998,0.12815
001859_lcam_front_lidar.ply,0.2,800,0.9,0.10899,0.34612,1,0.18012,0.99982,0.12833
001860_lcam_front_lidar.ply,0.2,800,0.9,0.12671,0.3366,1,0.16992,0.99981,0.12264
001861_lcam_front_lidar.ply,0.2,800,0.9,0.11921,0.32362,1,0.15207,0.99976,0.11167
001862_lcam_front_lidar.ply,0.2,800,0.9,0.11972,0.33331,1,0.1679,0.99986,0.12476
001863_lcam_front_lidar.ply,0.2,800,0.9,0.1124,0.31676,1,0.15335,0.99987,0.1289
001864_lcam_front_lidar.ply,0.2,800,0.9,0.10818,0.32679,1,0.1601,0.99981,0.12402
001865_lcam_front_lidar.ply,0.2,800,0.9,0.12732,0.31668,1,0.15625,0.99982,0.12907
001866_lcam_front_lidar.ply,0.2,800,0.9,0.12595,0.31238,1,0.14764,0.99982,0.1202
001867_lcam_front_lidar.ply,0.2,800,0.9,0.11126,0.31074,1,0.1496,0.99983,0.13658
001868_lcam_front_lidar.ply,0.2,800,0.9,0.11796,0.32636,1,0.1615,0.99973,0.12332
001869_lcam_front_lidar.ply,0.2,800,0.9,0.09892,0.3194,1,0.15249,0.99977,0.11865
001870_lcam_front_lidar.ply,0.2,800,0.9,0.10874,0.32727,1,0.15548,0.99973,0.11319
001871_lcam_front_lidar.ply,0.2,800,0.9,0.11187,0.32403,1,0.15956,0.99977,0.12288
001872_lcam_front_lidar.ply,0.2,800,0.9,0.11604,0.33133,1,0.16499,0.99977,0.12205
001873_lcam_front_lidar.ply,0.2,800,0.9,0.1023,0.33113,1,0.16104,0.99973,0.11729
001874_lcam_front_lidar.ply,0.2,800,0.9,0.11049,0.32845,1,0.16023,0.99975,0.11899
001875_lcam_front_lidar.ply,0.2,800,0.9,0.12858,0.31929,1,0.15551,0.99975,0.12265
001876_lcam_front_lidar.ply,0.2,800,0.9,0.12103,0.31891,1,0.15228,0.99974,0.11561
001877_lcam_front_lidar.ply,0.2,800,0.9,0.11114,0.3129,1,0.13724,0.99957,0.10258
001878_lcam_front_lidar.ply,0.2,800,0.9,0.12716,0.31571,1,0.14427,0.99958,0.10896
001879_lcam_front_lidar.ply,0.2,800,0.9,0.10701,0.3189,1,0.13938,0.99953,0.09517
001880_lcam_front_lidar.ply,0.2,800,0.9,0.12445,0.31732,1,0.13844,0.99949,0.09562
001881_lcam_front_lidar.ply,0.2,800,0.9,0.11478,0.32568,1,0.14494,0.99942,0.09161
001882_lcam_front_lidar.ply,0.2,800,0.9,0.12693,0.3236,1,0.14767,0.9996,0.10252
001883_lcam_front_lidar.ply,0.2,800,0.9,0.12416,0.31865,1,0.14148,0.99949,0.09825
001884_lcam_front_lidar.ply,0.2,800,0.9,0.11868,0.33298,1,0.1501,0.99944,0.09437
001885_lcam_front_lidar.ply,0.2,800,0.9,0.12462,0.32566,1,0.14575,0.9995,0.09807
001886_lcam_front_lidar.ply,0.2,800,0.9,0.11876,0.3213,1,0.13848,0.99939,0.08823
001887_lcam_front_lidar.ply,0.2,800,0.9,0.1194,0.32027,1,0.13882,0.99947,0.08963
001888_lcam_front_lidar.ply,0.2,800,0.9,0.12202,0.33577,1,0.1493,0.99927,0.07832
001889_lcam_front_lidar.ply,0.2,800,0.9,0.10524,0.3423,1,0.15452,0.99925,0.07981
001890_lcam_front_lidar.ply,0.2,800,0.9,0.11817,0.32632,1,0.14902,0.99939,0.09775
001891_lcam_front_lidar.ply,0.2,800,0.9,0.12665,0.32961,1,0.1485,0.99922,0.09101
001892_lcam_front_lidar.ply,0.2,800,0.9,0.12805,0.33182,1,0.14711,0.99921,0.08306
001893_lcam_front_lidar.ply,0.2,800,0.9,0.12557,0.31499,1,0.13515,0.99944,0.09292
001894_lcam_front_lidar.ply,0.2,800,0.9,0.11389,0.32065,1,0.14021,0.99941,0.09825
001895_lcam_front_lidar.ply,0.2,800,0.9,0.11857,0.32262,1,0.13875,0.99926,0.0835
001896_lcam_front_lidar.ply,0.2,800,0.9,0.12696,0.32947,1,0.14308,0.99912,0.08183
001897_lcam_front_lidar.ply,0.2,800,0.9,0.11118,0.32524,1,0.13797,0.99932,0.08321
001898_lcam_front_lidar.ply,0.2,800,0.9,0.14328,0.3158,1,0.13038,0.99915,0.08061
001899_lcam_front_lidar.ply,0.2,800,0.9,0.1205,0.31936,1,0.13374,0.99926,0.08447
001900_lcam_front_lidar.ply,0.2,800,0.9,0.10942,0.3239,1,0.13435,0.99921,0.0813
001901_lcam_front_lidar.ply,0.2,800,0.9,0.11309,0.32901,1,0.14495,0.99933,0.08758
001902_lcam_front_lidar.ply,0.2,800,0.9,0.11062,0.32194,1,0.13735,0.99934,0.08575
001903_lcam_front_lidar.ply,0.2,800,0.9,0.1252,0.31557,1,0.13938,0.99935,0.10371
001904_lcam_front_lidar.ply,0.2,800,0.9,0.11311,0.32581,1,0.14842,0.9993,0.10106
001905_lcam_front_lidar.ply,0.2,800,0.9,0.1189,0.32808,1,0.15164,0.99924,0.09737
001906_lcam_front_lidar.ply,0.2,800,0.9,0.12159,0.3306,1,0.15112,0.99922,0.09623
001907_lcam_front_lidar.ply,0.2,800,0.9,0.13336,0.31886,1,0.13661,0.99911,0.08939
001908_lcam_front_lidar.ply,0.2,800,0.9,0.1306,0.32362,1,0.14462,0.99918,0.0905
001909_lcam_front_lidar.ply,0.2,800,0.9,0.11511,0.32824,1,0.15051,0.99934,0.09992
001910_lcam_front_lidar.ply,0.2,800,0.9,0.13494,0.32487,1,0.14175,0.99916,0.08384
001911_lcam_front_lidar.ply,0.2,800,0.9,0.14282,0.32346,1,0.14229,0.99918,0.08764
001912_lcam_front_lidar.ply,0.2,800,0.9,0.12696,0.31338,1,0.13661,0.9993,0.09762
001913_lcam_front_lidar.ply,0.2,800,0.9,0.12753,0.32192,1,0.14322,0.99925,0.0974
001914_lcam_front_lidar.ply,0.2,800,0.9,0.12695,0.24468,1,0.06364,0.99842,0.09196
001915_lcam_front_lidar.ply,0.2,800,0.9,0.12699,0.32458,1,0.14488,0.99927,0.09488
001916_lcam_front_lidar.ply,0.2,800,0.9,0.12296,0.32728,1,0.15464,0.99936,0.10968
001917_lcam_front_lidar.ply,0.2,800,0.9,0.14042,0.32967,1,0.15321,0.99926,0.09737
001918_lcam_front_lidar.ply,0.2,800,0.9,0.13218,0.3234,1,0.14882,0.99918,0.1038
001919_lcam_front_lidar.ply,0.2,800,0.9,0.12728,0.30537,1,0.14199,0.99943,0.12726
001920_lcam_front_lidar.ply,0.2,800,0.9,0.1217,0.31638,1,0.14329,0.99911,0.10661
001921_lcam_front_lidar.ply,0.2,800,0.9,0.12104,0.31668,1,0.15322,0.99943,0.12475
001922_lcam_front_lidar.ply,0.2,800,0.9,0.1388,0.31723,1,0.14971,0.99931,0.11652
001923_lcam_front_lidar.ply,0.2,800,0.9,0.13085,0.32621,1,0.15497,0.99915,0.1124
001924_lcam_front_lidar.ply,0.2,800,0.9,0.14433,0.23008,1,0.07292,0.9995,0.13528
001925_lcam_front_lidar.ply,0.2,800,0.9,0.13879,0.31899,1,0.1496,0.99897,0.11329
001926_lcam_front_lidar.ply,0.2,800,0.9,0.12156,0.23557,1,0.07752,0.99924,0.13803
001927_lcam_front_lidar.ply,0.2,800,0.9,0.14338,0.2924,1,0.1362,0.9992,0.133
001928_lcam_front_lidar.ply,0.2,800,0.9,0.14574,0.29317,1,0.14085,0.9996,0.14811
001929_lcam_front_lidar.ply,0.2,800,0.9,0.14277,0.23505,1,0.09387,0.99945,0.16685
001930_lcam_front_lidar.ply,0.2,800,0.9,0.12813,0.30354,1,0.1461,0.99939,0.13652
001931_lcam_front_lidar.ply,0.2,800,0.9,0.13247,0.30388,1,0.14217,0.99915,0.13
001932_lcam_front_lidar.ply,0.2,800,0.9,0.12106,0.30407,1,0.15146,0.99955,0.14514
001933_lcam_front_lidar.ply,0.2,800,0.9,0.13114,0.30151,1,0.13482,0.99904,0.11692
001934_lcam_front_lidar.ply,0.2,800,0.9,0.13061,0.30179,1,0.14711,0.99946,0.14418
001935_lcam_front_lidar.ply,0.2,800,0.9,0.11053,0.28499,1,0.12951,0.99968,0.1478
001936_lcam_front_lidar.ply,0.2,800,0.9,0.12524,0.2996,1,0.13546,0.99907,0.12646
001937_lcam_front_lidar.ply,0.2,800,0.9,0.1297,0.29453,1,0.12855,0.9989,0.12439
001938_lcam_front_lidar.ply,0.2,800,0.9,0.1331,0.29424,1,0.13624,0.9992,0.13499
001939_lcam_front_lidar.ply,0.2,800,0.9,0.12159,0.30132,1,0.14247,0.99931,0.13691
001940_lcam_front_lidar.ply,0.2,800,0.9,0.11782,0.28811,1,0.12633,0.99912,0.1303
001941_lcam_front_lidar.ply,0.2,800,0.9,0.13479,0.29187,1,0.13088,0.9991,0.13235
001942_lcam_front_lidar.ply,0.2,800,0.9,0.15658,0.28504,1,0.14029,0.99948,0.15843
001943_lcam_front_lidar.ply,0.2,800,0.9,0.14366,0.28771,1,0.14411,0.9997,0.16845
001944_lcam_front_lidar.ply,0.2,800,0.9,0.13269,0.28737,1,0.15046,0.99979,0.17543
001945_lcam_front_lidar.ply,0.2,800,0.9,0.14013,0.28996,1,0.14867,0.99966,0.17167
001946_lcam_front_lidar.ply,0.2,800,0.9,0.13904,0.28532,1,0.13996,0.99969,0.16017
001947_lcam_front_lidar.ply,0.2,800,0.9,0.12744,0.29066,1,0.14867,0.9997,0.17285
001948_lcam_front_lidar.ply,0.2,800,0.9,0.13442,0.29133,1,0.14327,0.99966,0.16079
001949_lcam_front_lidar.ply,0.2,800,0.9,0.13254,0.3014,1,0.1579,0.99973,0.16456
001950_lcam_front_lidar.ply,0.2,800,0.9,0.15135,0.30178,1,0.15698,0.99974,0.1622
001951_lcam_front_lidar.ply,0.2,800,0.9,0.13165,0.29077,1,0.1507,0.99971,0.1732
001952_lcam_front_lidar.ply,0.2,800,0.9,0.14407,0.2878,1,0.14947,0.99972,0.17342
001953_lcam_front_lidar.ply,0.2,800,0.9,0.13329,0.28367,1,0.1462,0.9997,0.17448
001954_lcam_front_lidar.ply,0.2,800,0.9,0.14343,0.29112,1,0.15078,0.99977,0.16904
001955_lcam_front_lidar.ply,0.2,800,0.9,0.1549,0.28932,1,0.14793,0.99972,0.17166
001956_lcam_front_lidar.ply,0.2,800,0.9,0.15218,0.28668,1,0.14223,0.99973,0.16086
001957_lcam_front_lidar.ply,0.2,800,0.9,0.14339,0.2993,1,0.15086,0.99967,0.15492
001958_lcam_front_lidar.ply,0.2,800,0.9,0.12923,0.29725,1,0.14982,0.99971,0.1589
001959_lcam_front_lidar.ply,0.2,800,0.9,0.13676,0.29764,1,0.15067,0.99967,0.15559
001960_lcam_front_lidar.ply,0.2,800,0.9,0.14285,0.2902,1,0.14873,0.99974,0.16126
001961_lcam_front_lidar.ply,0.2,800,0.9,0.13673,0.28704,1,0.1436,0.99965,0.1615
001962_lcam_front_lidar.ply,0.2,800,0.9,0.14282,0.29478,1,0.15037,0.99969,0.16203
001963_lcam_front_lidar.ply,0.2,800,0.9,0.12271,0.2982,1,0.15225,0.99966,0.16043
001964_lcam_front_lidar.ply,0.2,800,0.9,0.1372,0.29431,1,0.15061,0.99964,0.16854
001965_lcam_front_lidar.ply,0.2,800,0.9,0.11903,0.29725,1,0.15193,0.99963,0.16576
001966_lcam_front_lidar.ply,0.2,800,0.9,0.13665,0.29782,1,0.15188,0.9997,0.1639
001967_lcam_front_lidar.ply,0.2,800,0.9,0.11128,0.30049,1,0.15507,0.99967,0.16479
001968_lcam_front_lidar.ply,0.2,800,0.9,0.11979,0.30904,1,0.15821,0.99969,0.15733
001969_lcam_front_lidar.ply,0.2,800,0.9,0.12741,0.29991,1,0.15123,0.99972,0.15859
001970_lcam_front_lidar.ply,0.2,800,0.9,0.1318,0.29542,1,0.14331,0.99967,0.15319
001971_lcam_front_lidar.ply,0.2,800,0.9,0.11576,0.2987,1,0.1522,0.99977,0.16274
001972_lcam_front_lidar.ply,0.2,800,0.9,0.12727,0.29888,1,0.14937,0.99969,0.15291
001973_lcam_front_lidar.ply,0.2,800,0.9,0.14188,0.29547,1,0.14675,0.99976,0.15548
001974_lcam_front_lidar.ply,0.2,800,0.9,0.11573,0.29606,1,0.14894,0.99977,0.16216
001975_lcam_front_lidar.ply,0.2,800,0.9,0.11537,0.30488,1,0.15006,0.99971,0.14611
001976_lcam_front_lidar.ply,0.2,800,0.9,0.13984,0.26558,1,0.11651,0.99959,0.15115
001977_lcam_front_lidar.ply,0.2,800,0.9,0.12077,0.29,1,0.13874,0.99956,0.15757
001978_lcam_front_lidar.ply,0.2,800,0.9,0.13974,0.28783,1,0.14085,0.99971,0.15609
001979_lcam_front_lidar.ply,0.2,800,0.9,0.12753,0.29296,1,0.14104,0.99949,0.15123
001980_lcam_front_lidar.ply,0.2,800,0.9,0.14399,0.27337,1,0.13431,0.99968,0.17154
001981_lcam_front_lidar.ply,0.2,800,0.9,0.12193,0.27842,1,0.13431,0.99975,0.16515
001982_lcam_front_lidar.ply,0.2,800,0.9,0.15903,0.27838,1,0.13567,0.99967,0.16217
001983_lcam_front_lidar.ply,0.2,800,0.9,0.13749,0.28453,1,0.14,0.99976,0.16254
001984_lcam_front_lidar.ply,0.2,800,0.9,0.14118,0.28887,1,0.14166,0.99975,0.15994
001985_lcam_front_lidar.ply,0.2,800,0.9,0.13691,0.30322,1,0.14781,0.99946,0.14686
001986_lcam_front_lidar.ply,0.2,800,0.9,0.13611,0.29039,1,0.13361,0.99941,0.13884
001987_lcam_front_lidar.ply,0.2,800,0.9,0.1281,0.30178,1,0.14837,0.99954,0.14938
001988_lcam_front_lidar.ply,0.2,800,0.9,0.13116,0.29343,1,0.1375,0.99946,0.14236
001989_lcam_front_lidar.ply,0.2,800,0.9,0.12631,0.30546,1,0.15228,0.99965,0.14959
001990_lcam_front_lidar.ply,0.2,800,0.9,0.12111,0.29994,1,0.14563,0.9997,0.14373
001991_lcam_front_lidar.ply,0.2,800,0.9,0.12487,0.3077,1,0.15373,0.99962,0.15026
001992_lcam_front_lidar.ply,0.2,800,0.9,0.11608,0.31111,1,0.15454,0.99966,0.14224
001993_lcam_front_lidar.ply,0.2,800,0.9,0.13558,0.29913,1,0.14019,0.99978,0.13761
001994_lcam_front_lidar.ply,0.2,800,0.9,0.11718,0.29546,1,0.13752,0.99965,0.14065
001995_lcam_front_lidar.ply,0.2,800,0.9,0.1225,0.31296,1,0.15304,0.99972,0.14051
001996_lcam_front_lidar.ply,0.2,800,0.9,0.1187,0.31992,1,0.16245,0.99973,0.14094
001997_lcam_front_lidar.ply,0.2,800,0.9,0.1211,0.31087,1,0.15156,0.99975,0.13671
001998_lcam_front_lidar.ply,0.2,800,0.9,0.13315,0.31817,1,0.15771,0.99966,0.13185
001999_lcam_front_lidar.ply,0.2,800,0.9,0.13763,0.31701,1,0.15605,0.99981,0.13403
002000_lcam_front_lidar.ply,0.2,800,0.9,0.1114,0.32665,1,0.16115,0.99985,0.12792
002001_lcam_front_lidar.ply,0.2,800,0.9,0.11509,0.3248,1,0.15815,0.99979,0.12806
002002_lcam_front_lidar.ply,0.2,800,0.9,0.14635,0.30765,1,0.14933,0.99986,0.13362
002003_lcam_front_lidar.ply,0.2,800,0.9,0.10737,0.3322,1,0.16447,0.99982,0.12168
002004_lcam_front_lidar.ply,0.2,800,0.9,0.12091,0.3287,1,0.16259,0.99979,0.12357
002005_lcam_front_lidar.ply,0.2,800,0.9,0.12282,0.33172,1,0.16857,0.99982,0.129
002006_lcam_front_lidar.ply,0.2,800,0.9,0.11885,0.32873,1,0.16534,0.99982,0.12727
002007_lcam_front_lidar.ply,0.2,800,0.9,0.11502,0.32661,1,0.15777,0.99987,0.12219
002008_lcam_front_lidar.ply,0.2,800,0.9,0.14261,0.3295,1,0.16951,0.99972,0.13367
002009_lcam_front_lidar.ply,0.2,800,0.9,0.13598,0.32798,1,0.16626,0.99978,0.12641
002010_lcam_front_lidar.ply,0.2,800,0.9,0.11743,0.32738,1,0.16237,0.9997,0.12912
002011_lcam_front_lidar.ply,0.2,800,0.9,0.12265,0.33063,1,0.1651,0.99977,0.12481
002012_lcam_front_lidar.ply,0.2,800,0.9,0.11694,0.33825,1,0.17936,0.99978,0.13447
002013_lcam_front_lidar.ply,0.2,800,0.9,0.11518,0.32387,1,0.15766,0.99972,0.12324
002014_lcam_front_lidar.ply,0.2,800,0.9,0.12015,0.3255,1,0.16327,0.99981,0.12934
002015_lcam_front_lidar.ply,0.2,800,0.9,0.12488,0.32531,1,0.16292,0.99978,0.12846
002016_lcam_front_lidar.ply,0.2,800,0.9,0.1187,0.32057,1,0.15539,0.99972,0.12754
002017_lcam_front_lidar.ply,0.2,800,0.9,0.12288,0.31748,1,0.15337,0.99974,0.12736
002018_lcam_front_lidar.ply,0.2,800,0.9,0.13121,0.32156,1,0.15901,0.99976,0.12792
002019_lcam_front_lidar.ply,0.2,800,0.9,0.13644,0.32435,1,0.16283,0.99977,0.12887
002020_lcam_front_lidar.ply,0.2,800,0.9,0.11235,0.32007,1,0.16201,0.99977,0.13926
002021_lcam_front_lidar.ply,0.2,800,0.9,0.13101,0.31634,1,0.15142,0.99983,0.12461
002022_lcam_front_lidar.ply,0.2,800,0.9,0.11925,0.31098,1,0.14768,0.99981,0.1287
002023_lcam_front_lidar.ply,0.2,800,0.9,0.10749,0.31938,1,0.15885,0.99974,0.1343
002024_lcam_front_lidar.ply,0.2,800,0.9,0.12237,0.32066,1,0.15879,0.99978,0.1324
002025_lcam_front_lidar.ply,0.2,800,0.9,0.11898,0.324,1,0.16505,0.99979,0.13018
002026_lcam_front_lidar.ply,0.2,800,0.9,0.12278,0.321,1,0.16472,0.99976,0.13869
002027_lcam_front_lidar.ply,0.2,800,0.9,0.1369,0.32026,1,0.16237,0.99978,0.1316
002028_lcam_front_lidar.ply,0.2,800,0.9,0.11817,0.32755,1,0.16361,0.99985,0.12776
002029_lcam_front_lidar.ply,0.2,800,0.9,0.11933,0.32537,1,0.16216,0.99986,0.12581
002030_lcam_front_lidar.ply,0.2,800,0.9,0.12666,0.31878,1,0.15687,0.99984,0.12995
002031_lcam_front_lidar.ply,0.2,800,0.9,0.1077,0.32836,1,0.16217,0.99987,0.12383
002032_lcam_front_lidar.ply,0.2,800,0.9,0.11583,0.32498,1,0.16494,0.99983,0.1316
002033_lcam_front_lidar.ply,0.2,800,0.9,0.09895,0.32638,1,0.16506,0.99982,0.13667
002034_lcam_front_lidar.ply,0.2,800,0.9,0.10684,0.32548,1,0.16025,0.99989,0.12495
002035_lcam_front_lidar.ply,0.2,800,0.9,0.10706,0.33857,1,0.17423,0.99987,0.13336
002036_lcam_front_lidar.ply,0.2,800,0.9,0.13202,0.32858,1,0.16913,0.99987,0.13089
002037_lcam_front_lidar.ply,0.2,800,0.9,0.11687,0.32899,1,0.16972,0.99991,0.13253
002038_lcam_front_lidar.ply,0.2,800,0.9,0.11745,0.33762,1,0.1751,0.9999,0.13116
002039_lcam_front_lidar.ply,0.2,800,0.9,0.12931,0.33282,1,0.17226,0.9999,0.13386
002040_lcam_front_lidar.ply,0.2,800,0.9,0.11203,0.33041,1,0.16843,0.9999,0.13051
002041_lcam_front_lidar.ply,0.2,800,0.9,0.10963,0.3196,1,0.16135,0.99991,0.13757
002042_lcam_front_lidar.ply,0.2,800,0.9,0.12841,0.32816,1,0.17156,0.99992,0.13937
002043_lcam_front_lidar.ply,0.2,800,0.9,0.10919,0.32932,1,0.16762,0.99992,0.13423
002044_lcam_front_lidar.ply,0.2,800,0.9,0.11113,0.32277,1,0.16458,0.99994,0.13573
002045_lcam_front_lidar.ply,0.2,800,0.9,0.12078,0.32717,1,0.16512,0.99995,0.13215
002046_lcam_front_lidar.ply,0.2,800,0.9,0.12702,0.32848,1,0.16711,0.99995,0.13165
002047_lcam_front_lidar.ply,0.2,800,0.9,0.11331,0.32204,1,0.16348,0.99995,0.13445
002048_lcam_front_lidar.ply,0.2,800,0.9,0.12447,0.32544,1,0.16654,0.99996,0.13425
002049_lcam_front_lidar.ply,0.2,800,0.9,0.11685,0.32191,1,0.15951,0.99997,0.12989
002050_lcam_front_lidar.ply,0.2,800,0.9,0.10274,0.32241,1,0.15964,0.99996,0.13004
002051_lcam_front_lidar.ply,0.2,800,0.9,0.12759,0.31046,1,0.15531,0.99995,0.13964
002052_lcam_front_lidar.ply,0.2,800,0.9,0.1237,0.32,1,0.1632,0.99997,0.13781
002053_lcam_front_lidar.ply,0.2,800,0.9,0.13619,0.32339,1,0.16458,0.99997,0.13392
002054_lcam_front_lidar.ply,0.2,800,0.9,0.12123,0.32574,1,0.16625,0.99998,0.13303
002055_lcam_front_lidar.ply,0.2,800,0.9,0.1277,0.31824,1,0.16162,0.99998,0.13582
002056_lcam_front_lidar.ply,0.2,800,0.9,0.10714,0.33145,1,0.16856,0.99998,0.13358
002057_lcam_front_lidar.ply,0.2,800,0.9,0.11894,0.32677,1,0.16661,0.99997,0.13114
002058_lcam_front_lidar.ply,0.2,800,0.9,0.11375,0.32964,1,0.16857,0.99999,0.1319
002059_lcam_front_lidar.ply,0.2,800,0.9,0.1241,0.32815,1,0.16322,0.99997,0.12432
002060_lcam_front_lidar.ply,0.2,800,0.9,0.11145,0.33235,1,0.16814,0.99998,0.125
002061_lcam_front_lidar.ply,0.2,800,0.9,0.12168,0.34312,1,0.17269,0.99997,0.11791
002062_lcam_front_lidar.ply,0.2,800,0.9,0.12843,0.32555,1,0.16163,0.99998,0.12349
002063_lcam_front_lidar.ply,0.2,800,0.9,0.12222,0.32883,1,0.16784,0.99996,0.12926
002064_lcam_front_lidar.ply,0.2,800,0.9,0.11433,0.33585,1,0.1701,0.99997,0.11963
002065_lcam_front_lidar.ply,0.2,800,0.9,0.11179,0.3343,1,0.16633,0.99996,0.12028
002066_lcam_front_lidar.ply,0.2,800,0.9,0.09862,0.34202,1,0.17338,0.99997,0.11754
002067_lcam_front_lidar.ply,0.2,800,0.9,0.12756,0.34223,1,0.17667,0.99997,0.12106
002068_lcam_front_lidar.ply,0.2,800,0.9,0.10681,0.34198,1,0.17131,0.99996,0.11445
002069_lcam_front_lidar.ply,0.2,800,0.9,0.13999,0.33344,1,0.16975,0.99997,0.11736
002070_lcam_front_lidar.ply,0.2,800,0.9,0.13096,0.33029,1,0.16344,0.99996,0.1127
002071_lcam_front_lidar.ply,0.2,800,0.9,0.123,0.33423,1,0.16647,0.99997,0.11619
002072_lcam_front_lidar.ply,0.2,800,0.9,0.10767,0.34922,1,0.18109,0.99995,0.12029
002073_lcam_front_lidar.ply,0.2,800,0.9,0.11112,0.34002,1,0.17196,0.99996,0.11764
002074_lcam_front_lidar.ply,0.2,800,0.9,0.1111,0.33383,1,0.16637,0.99996,0.11982
002075_lcam_front_lidar.ply,0.2,800,0.9,0.09667,0.33857,1,0.16985,0.99998,0.12438
002076_lcam_front_lidar.ply,0.2,800,0.9,0.12663,0.3359,1,0.16921,0.99997,0.12348
002077_lcam_front_lidar.ply,0.2,800,0.9,0.10115,0.34834,1,0.17509,0.99992,0.11255
002078_lcam_front_lidar.ply,0.2,800,0.9,0.10136,0.34295,1,0.17325,0.99994,0.1161
002079_lcam_front_lidar.ply,0.2,800,0.9,0.11333,0.34773,1,0.18022,0.99993,0.11959
002080_lcam_front_lidar.ply,0.2,800,0.9,0.10293,0.33994,1,0.16289,0.99986,0.10371
002081_lcam_front_lidar.ply,0.2,800,0.9,0.11875,0.33779,1,0.16961,0.99986,0.11489
002082_lcam_front_lidar.ply,0.2,800,0.9,0.11112,0.32848,1,0.15774,0.99984,0.10919
002083_lcam_front_lidar.ply,0.2,800,0.9,0.12168,0.32244,1,0.15606,0.99991,0.12151
002084_lcam_front_lidar.ply,0.2,800,0.9,0.11063,0.32033,1,0.15076,0.99982,0.11575
002085_lcam_front_lidar.ply,0.2,800,0.9,0.12616,0.32815,1,0.1619,0.99987,0.1157
002086_lcam_front_lidar.ply,0.2,800,0.9,0.1109,0.32141,1,0.15636,0.99991,0.13018
002087_lcam_front_lidar.ply,0.2,800,0.9,0.09713,0.31729,1,0.15083,0.99989,0.12468
002088_lcam_front_lidar.ply,0.2,800,0.9,0.11892,0.31654,1,0.15551,0.99988,0.12666
002089_lcam_front_lidar.ply,0.2,800,0.9,0.11305,0.20554,1,0.0355,0.96522,0.12129
002090_lcam_front_lidar.ply,0.2,800,0.9,0.12443,0.31581,1,0.15826,0.99993,0.13964
002091_lcam_front_lidar.ply,0.2,800,0.9,0.10284,0.30336,1,0.13685,0.99983,0.12212
002092_lcam_front_lidar.ply,0.2,800,0.9,0.11911,0.32417,1,0.18581,0.99998,0.17802
002093_lcam_front_lidar.ply,0.2,800,0.9,0.12632,0.21229,1,0.05356,0.97262,0.13877
002094_lcam_front_lidar.ply,0.2,800,0.9,0.12204,0.2144,1,0.05656,0.97267,0.13228
002095_lcam_front_lidar.ply,0.2,800,0.9,0.10841,0.28821,1,0.12394,0.99992,0.1283
002096_lcam_front_lidar.ply,0.2,800,0.9,0.09494,0.29482,1,0.12613,0.99987,0.11796
002097_lcam_front_lidar.ply,0.2,800,0.9,0.1136,0.28632,1,0.12274,0.99987,0.12909
002098_lcam_front_lidar.ply,0.2,800,0.9,0.12722,0.2169,1,0.05791,0.97627,0.13662
002099_lcam_front_lidar.ply,0.2,800,0.9,0.11702,0.27198,1,0.10948,0.99991,0.12728
002100_lcam_front_lidar.ply,0.2,800,0.9,0.13066,0.20729,1,0.05797,0.98289,0.15121
002101_lcam_front_lidar.ply,0.2,800,0.9,0.11207,0.21398,1,0.06009,0.97868,0.14903
002102_lcam_front_lidar.ply,0.2,800,0.9,0.11115,0.21489,1,0.05808,0.97921,0.13851
002103_lcam_front_lidar.ply,0.2,800,0.9,0.12259,0.2101,1,0.05752,0.98189,0.14748
002104_lcam_front_lidar.ply,0.2,800,0.9,0.11477,0.23868,1,0.10322,0.99979,0.17966
002105_lcam_front_lidar.ply,0.2,800,0.9,0.09693,0.23283,1,0.10878,0.99975,0.21129
002106_lcam_front_lidar.ply,0.2,800,0.9,0.12693,0.22717,1,0.06946,0.99971,0.13307
002107_lcam_front_lidar.ply,0.2,800,0.9,0.11161,0.2407,1,0.11358,0.99812,0.1964
002108_lcam_front_lidar.ply,0.2,800,0.9,0.11112,0.24081,1,0.11121,0.99764,0.19736
002109_lcam_front_lidar.ply,0.2,800,0.9,0.10093,0.24734,1,0.10399,0.99556,0.17286
002110_lcam_front_lidar.ply,0.2,800,0.9,0.10775,0.24558,1,0.10698,0.99622,0.17722
002111_lcam_front_lidar.ply,0.2,800,0.9,0.1029,0.25595,1,0.10854,0.99435,0.16132
002112_lcam_front_lidar.ply,0.2,800,0.9,0.09134,0.24636,1,0.10272,0.99543,0.17075
002113_lcam_front_lidar.ply,0.2,800,0.9,0.08883,0.26224,1,0.11185,0.99498,0.16098
002114_lcam_front_lidar.ply,0.2,800,0.9,0.09335,0.25471,1,0.10986,0.99628,0.16611
002115_lcam_front_lidar.ply,0.2,800,0.9,0.10535,0.2493,1,0.106,0.99621,0.16442
002116_lcam_front_lidar.ply,0.2,800,0.9,0.11081,0.25114,1,0.10361,0.99574,0.15719
002117_lcam_front_lidar.ply,0.2,800,0.9,0.09507,0.24281,1,0.09953,0.9962,0.16985
002118_lcam_front_lidar.ply,0.2,800,0.9,0.09536,0.24936,1,0.1005,0.99523,0.15361
002119_lcam_front_lidar.ply,0.2,800,0.9,0.09801,0.24214,1,0.09569,0.99527,0.16064
002120_lcam_front_lidar.ply,0.2,800,0.9,0.11559,0.2521,1,0.10191,0.99519,0.15104
002121_lcam_front_lidar.ply,0.2,800,0.9,0.10356,0.2323,1,0.09115,0.99633,0.16993
002122_lcam_front_lidar.ply,0.2,800,0.9,0.09645,0.24685,1,0.0948,0.99602,0.15387
002123_lcam_front_lidar.ply,0.2,800,0.9,0.0922,0.24501,1,0.09972,0.99622,0.16765
002124_lcam_front_lidar.ply,0.2,800,0.9,0.09468,0.2377,1,0.0921,0.99697,0.16503
002125_lcam_front_lidar.ply,0.2,800,0.9,0.09807,0.22383,1,0.08732,0.9975,0.18483
002126_lcam_front_lidar.ply,0.2,800,0.9,0.13358,0.2257,1,0.08786,0.9969,0.17344
002127_lcam_front_lidar.ply,0.2,800,0.9,0.11029,0.23181,1,0.08659,0.99631,0.16408
002128_lcam_front_lidar.ply,0.2,800,0.9,0.11533,0.20845,1,0.03053,0.998,0.09587
002129_lcam_front_lidar.ply,0.2,800,0.9,0.11318,0.18966,1,0.03976,0.99006,0.15634
002130_lcam_front_lidar.ply,0.2,800,0.9,0.10838,0.22518,1,0.09193,0.99703,0.18247
002131_lcam_front_lidar.ply,0.2,800,0.9,0.09533,0.22969,1,0.08715,0.99686,0.1718
002132_lcam_front_lidar.ply,0.2,800,0.9,0.09076,0.23044,1,0.09344,0.99719,0.17787
002133_lcam_front_lidar.ply,0.2,800,0.9,0.12126,0.2269,1,0.08932,0.99761,0.17878
002134_lcam_front_lidar.ply,0.2,800,0.9,0.11352,0.23771,1,0.08251,0.99564,0.14646
002135_lcam_front_lidar.ply,0.2,800,0.9,0.10263,0.23938,1,0.08732,0.99639,0.14815
002136_lcam_front_lidar.ply,0.2,800,0.9,0.09824,0.22307,1,0.09382,0.99361,0.19556
002137_lcam_front_lidar.ply,0.2,800,0.9,0.11894,0.2177,1,0.07384,0.99634,0.16343
002138_lcam_front_lidar.ply,0.2,800,0.9,0.12012,0.2014,1,0.04046,0.99513,0.12414
002139_lcam_front_lidar.ply,0.2,800,0.9,0.1114,0.22353,1,0.07906,0.99719,0.16437
002140_lcam_front_lidar.ply,0.2,800,0.9,0.13594,0.21599,1,0.07257,0.99613,0.16119
002141_lcam_front_lidar.ply,0.2,800,0.9,0.1206,0.22098,1,0.0762,0.99644,0.16172
002142_lcam_front_lidar.ply,0.2,800,0.9,0.11492,0.2196,1,0.08028,0.99713,0.17161
002143_lcam_front_lidar.ply,0.2,800,0.9,0.13423,0.20806,1,0.05179,0.99504,0.13835
002144_lcam_front_lidar.ply,0.2,800,0.9,0.13225,0.21934,1,0.05528,0.99627,0.12095
002145_lcam_front_lidar.ply,0.2,800,0.9,0.12017,0.21261,1,0.04998,0.99513,0.12537
002146_lcam_front_lidar.ply,0.2,800,0.9,0.12525,0.21356,1,0.05419,0.99429,0.13211
002147_lcam_front_lidar.ply,0.2,800,0.9,0.12006,0.21996,1,0.05411,0.99563,0.11713
002148_lcam_front_lidar.ply,0.2,800,0.9,0.12242,0.22141,1,0.05324,0.99577,0.11553
002149_lcam_front_lidar.ply,0.2,800,0.9,0.132,0.22438,1,0.06378,0.99671,0.12908
002150_lcam_front_lidar.ply,0.2,800,0.9,0.13592,0.21863,1,0.05302,0.99594,0.12277
002151_lcam_front_lidar.ply,0.2,800,0.9,0.129,0.22216,1,0.06098,0.99688,0.1257
002152_lcam_front_lidar.ply,0.2,800,0.9,0.11121,0.22499,1,0.05623,0.99588,0.11834
002153_lcam_front_lidar.ply,0.2,800,0.9,0.1431,0.21807,1,0.05749,0.99672,0.13053
002154_lcam_front_lidar.ply,0.2,800,0.9,0.11905,0.22358,1,0.05982,0.99689,0.12619
002155_lcam_front_lidar.ply,0.2,800,0.9,0.12061,0.22272,1,0.05732,0.99699,0.12185
002156_lcam_front_lidar.ply,0.2,800,0.9,0.13405,0.22243,1,0.0584,0.99781,0.12178
002157_lcam_front_lidar.ply,0.2,800,0.9,0.11874,0.23416,1,0.06729,0.99873,0.12041
002158_lcam_front_lidar.ply,0.2,800,0.9,0.12689,0.23671,1,0.06704,0.99904,0.111
002159_lcam_front_lidar.ply,0.2,800,0.9,0.11889,0.2367,1,0.05827,0.99852,0.09829
002160_lcam_front_lidar.ply,0.2,800,0.9,0.13464,0.21687,1,0.04524,0.99947,0.10905
002161_lcam_front_lidar.ply,0.2,800,0.9,0.12801,0.22762,1,0.06203,0.99896,0.11312
002162_lcam_front_lidar.ply,0.2,800,0.9,0.12154,0.23038,1,0.06525,0.99755,0.11891
002163_lcam_front_lidar.ply,0.2,800,0.9,0.13106,0.23113,1,0.06301,0.99706,0.11383
002164_lcam_front_lidar.ply,0.2,800,0.9,0.12499,0.23488,1,0.0749,0.99849,0.13386
002165_lcam_front_lidar.ply,0.2,800,0.9,0.1254,0.24087,1,0.0769,0.99845,0.12273
002166_lcam_front_lidar.ply,0.2,800,0.9,0.11661,0.22593,1,0.0681,0.9985,0.1344
002167_lcam_front_lidar.ply,0.2,800,0.9,0.12654,0.24515,1,0.07842,0.99761,0.12036
002168_lcam_front_lidar.ply,0.2,800,0.9,0.09154,0.22909,1,0.0,0.0,0.0
002169_lcam_front_lidar.ply,0.2,800,0.9,0.11621,0.24426,1,0.07861,0.9981,0.12518
002170_lcam_front_lidar.ply,0.2,800,0.9,0.1026,0.23855,1,0.07638,0.99728,0.12982
002171_lcam_front_lidar.ply,0.2,800,0.9,0.11181,0.23975,1,0.07024,0.99777,0.11696
002172_lcam_front_lidar.ply,0.2,800,0.9,0.11467,0.23433,1,0.07282,0.99726,0.12909
002173_lcam_front_lidar.ply,0.2,800,0.9,0.12528,0.23947,1,0.07292,0.99774,0.11856
002174_lcam_front_lidar.ply,0.2,800,0.9,0.12489,0.23552,1,0.07451,0.99649,0.12928
002175_lcam_front_lidar.ply,0.2,800,0.9,0.1174,0.23693,1,0.06932,0.99749,0.1191
002176_lcam_front_lidar.ply,0.2,800,0.9,0.11357,0.23593,1,0.07287,0.99757,0.12876
002177_lcam_front_lidar.ply,0.2,800,0.9,0.12748,0.2219,1,0.0933,0.99199,0.19623
002178_lcam_front_lidar.ply,0.2,800,0.9,0.1224,0.22717,1,0.06897,0.99723,0.13527
002179_lcam_front_lidar.ply,0.2,800,0.9,0.12661,0.22824,1,0.07149,0.9959,0.13501
002180_lcam_front_lidar.ply,0.2,800,0.9,0.11639,0.22945,1,0.06924,0.99741,0.1338
002181_lcam_front_lidar.ply,0.2,800,0.9,0.12725,0.22922,1,0.07229,0.99852,0.13448
002182_lcam_front_lidar.ply,0.2,800,0.9,0.11106,0.22952,1,0.07749,0.99721,0.15073
002183_lcam_front_lidar.ply,0.2,800,0.9,0.12685,0.21906,1,0.07453,0.99832,0.15886
002184_lcam_front_lidar.ply,0.2,800,0.9,0.10352,0.23698,1,0.07847,0.99825,0.13709
002185_lcam_front_lidar.ply,0.2,800,0.9,0.13358,0.2274,1,0.07401,0.99703,0.14609
002186_lcam_front_lidar.ply,0.2,800,0.9,0.12801,0.22556,1,0.07439,0.9966,0.14765
002187_lcam_front_lidar.ply,0.2,800,0.9,0.1054,0.2336,1,0.07279,0.99643,0.1356
002188_lcam_front_lidar.ply,0.2,800,0.9,0.11191,0.23464,1,0.07525,0.99706,0.13351
002189_lcam_front_lidar.ply,0.2,800,0.9,0.11012,0.23131,1,0.07886,0.99637,0.14765
002190_lcam_front_lidar.ply,0.2,800,0.9,0.18818,0.22477,1,0.07851,0.9953,0.14325
002191_lcam_front_lidar.ply,0.2,800,0.9,0.12715,0.22907,1,0.07764,0.9952,0.14863
002192_lcam_front_lidar.ply,0.2,800,0.9,0.12149,0.22879,1,0.07524,0.99549,0.13911
002193_lcam_front_lidar.ply,0.2,800,0.9,0.11102,0.22911,1,0.07542,0.99621,0.14355
002194_lcam_front_lidar.ply,0.2,800,0.9,0.11183,0.23829,1,0.08728,0.99728,0.15631
002195_lcam_front_lidar.ply,0.2,800,0.9,0.1189,0.23287,1,0.08138,0.99528,0.14943
002196_lcam_front_lidar.ply,0.2,800,0.9,0.12272,0.24463,1,0.08823,0.99534,0.13778
002197_lcam_front_lidar.ply,0.2,800,0.9,0.11112,0.22171,1,0.06825,0.9951,0.1482
002198_lcam_front_lidar.ply,0.2,800,0.9,0.12782,0.24218,1,0.08956,0.99548,0.1486
002199_lcam_front_lidar.ply,0.2,800,0.9,0.11977,0.23704,1,0.08146,0.9955,0.14076
002200_lcam_front_lidar.ply,0.2,800,0.9,0.11663,0.2536,1,0.10255,0.99649,0.1517
002201_lcam_front_lidar.ply,0.2,800,0.9,0.11876,0.25254,1,0.09435,0.99643,0.14231
002202_lcam_front_lidar.ply,0.2,800,0.9,0.11916,0.23804,1,0.0855,0.99523,0.14238
002203_lcam_front_lidar.ply,0.2,800,0.9,0.1126,0.24505,1,0.09785,0.99489,0.15205
002204_lcam_front_lidar.ply,0.2,800,0.9,0.13464,0.24552,1,0.09184,0.99575,0.14305
002205_lcam_front_lidar.ply,0.2,800,0.9,0.1285,0.24219,1,0.08619,0.99529,0.13828
002206_lcam_front_lidar.ply,0.2,800,0.9,0.12257,0.24666,1,0.09478,0.99616,0.14623
002207_lcam_front_lidar.ply,0.2,800,0.9,0.11175,0.25689,1,0.09686,0.9956,0.13443
002208_lcam_front_lidar.ply,0.2,800,0.9,0.1083,0.256,1,0.10311,0.99551,0.14658
002209_lcam_front_lidar.ply,0.2,800,0.9,0.13513,0.2479,1,0.10228,0.99628,0.15711
002210_lcam_front_lidar.ply,0.2,800,0.9,0.1274,0.24801,1,0.09716,0.99537,0.15153
002211_lcam_front_lidar.ply,0.2,800,0.9,0.12726,0.24207,1,0.09288,0.99458,0.14875
002212_lcam_front_lidar.ply,0.2,800,0.9,0.12112,0.24286,1,0.09796,0.99575,0.15909
002213_lcam_front_lidar.ply,0.2,800,0.9,0.12274,0.24661,1,0.09977,0.99629,0.16002
002214_lcam_front_lidar.ply,0.2,800,0.9,0.11514,0.23681,1,0.09525,0.99555,0.16696
002215_lcam_front_lidar.ply,0.2,800,0.9,0.12534,0.23078,1,0.08788,0.99499,0.16439
002216_lcam_front_lidar.ply,0.2,800,0.9,0.11599,0.23095,1,0.09319,0.99482,0.17291
002217_lcam_front_lidar.ply,0.2,800,0.9,0.12701,0.23165,1,0.08665,0.99513,0.16499
002218_lcam_front_lidar.ply,0.2,800,0.9,0.11369,0.22514,1,0.09778,0.99035,0.20081
002219_lcam_front_lidar.ply,0.2,800,0.9,0.12637,0.23076,1,0.10151,0.98784,0.18967
002220_lcam_front_lidar.ply,0.2,800,0.9,0.11177,0.23802,1,0.09882,0.98837,0.17261
002221_lcam_front_lidar.ply,0.2,800,0.9,0.11149,0.23712,1,0.10126,0.98662,0.17958
002222_lcam_front_lidar.ply,0.2,800,0.9,0.12408,0.25535,1,0.12204,0.98719,0.18658
002223_lcam_front_lidar.ply,0.2,800,0.9,0.10182,0.24601,1,0.1081,0.98429,0.1808
002224_lcam_front_lidar.ply,0.2,800,0.9,0.10292,0.264,1,0.11641,0.98543,0.16145
002225_lcam_front_lidar.ply,0.2,800,0.9,0.10016,0.26139,1,0.12332,0.98428,0.18267
002226_lcam_front_lidar.ply,0.2,800,0.9,0.09704,0.27044,1,0.12705,0.98212,0.17053
002227_lcam_front_lidar.ply,0.2,800,0.9,0.11423,0.27715,1,0.13736,0.98342,0.17927
002228_lcam_front_lidar.ply,0.2,800,0.9,0.11697,0.26916,1,0.1334,0.98197,0.18427
002229_lcam_front_lidar.ply,0.2,800,0.9,0.11733,0.27411,1,0.1322,0.9824,0.17305
002230_lcam_front_lidar.ply,0.2,800,0.9,0.09758,0.2959,1,0.15048,0.98264,0.16849
002231_lcam_front_lidar.ply,0.2,800,0.9,0.1098,0.29386,1,0.14915,0.98158,0.16527
002232_lcam_front_lidar.ply,0.2,800,0.9,0.11085,0.2933,1,0.1489,0.98204,0.16692
002233_lcam_front_lidar.ply,0.2,800,0.9,0.10287,0.21365,1,0.032,0.95171,0.09321
002234_lcam_front_lidar.ply,0.2,800,0.9,0.1128,0.22011,1,0.03508,0.94909,0.08773
002235_lcam_front_lidar.ply,0.2,800,0.9,0.10948,0.21535,1,0.03907,0.95514,0.10317
002236_lcam_front_lidar.ply,0.2,800,0.9,0.11295,0.21977,1,0.03971,0.95034,0.0953
002237_lcam_front_lidar.ply,0.2,800,0.9,0.11107,0.21844,1,0.04614,0.95623,0.11198
002238_lcam_front_lidar.ply,0.2,800,0.9,0.11435,0.21266,1,0.04407,0.95591,0.1195
002239_lcam_front_lidar.ply,0.2,800,0.9,0.11055,0.2205,1,0.05087,0.95824,0.11797
002240_lcam_front_lidar.ply,0.2,800,0.9,0.10701,0.22316,1,0.04897,0.94939,0.10606
002241_lcam_front_lidar.ply,0.2,800,0.9,0.10244,0.21259,1,0.04853,0.95813,0.12724
002242_lcam_front_lidar.ply,0.2,800,0.9,0.1276,0.2181,1,0.04832,0.9493,0.11511
002243_lcam_front_lidar.ply,0.2,800,0.9,0.11883,0.21678,1,0.04746,0.9505,0.1201
002244_lcam_front_lidar.ply,0.2,800,0.9,0.12084,0.21363,1,0.04235,0.94421,0.11331
002245_lcam_front_lidar.ply,0.2,800,0.9,0.13575,0.19998,1,0.05254,0.9719,0.1578
002246_lcam_front_lidar.ply,0.2,800,0.9,0.14477,0.19975,1,0.05291,0.97576,0.15742
002247_lcam_front_lidar.ply,0.2,800,0.9,0.13318,0.21143,1,0.05094,0.96136,0.13058
002248_lcam_front_lidar.ply,0.2,800,0.9,0.13205,0.21091,1,0.05075,0.97071,0.13485
002249_lcam_front_lidar.ply,0.2,800,0.9,0.14275,0.2143,1,0.0543,0.96881,0.13512
002250_lcam_front_lidar.ply,0.2,800,0.9,0.14216,0.21903,1,0.05028,0.9724,0.11464
002251_lcam_front_lidar.ply,0.2,800,0.9,0.14275,0.22009,1,0.05026,0.97339,0.1121
002252_lcam_front_lidar.ply,0.2,800,0.9,0.14233,0.2172,1,0.05047,0.97374,0.12081
002253_lcam_front_lidar.ply,0.2,800,0.9,0.12828,0.2102,1,0.0434,0.97818,0.12394
002254_lcam_front_lidar.ply,0.2,800,0.9,0.12293,0.22086,1,0.04772,0.97736,0.10722
002255_lcam_front_lidar.ply,0.2,800,0.9,0.14984,0.22231,1,0.04862,0.97576,0.10082
002256_lcam_front_lidar.ply,0.2,800,0.9,0.13592,0.22726,1,0.05247,0.97354,0.1032
002257_lcam_front_lidar.ply,0.2,800,0.9,0.14301,0.22689,1,0.05187,0.97438,0.10256
002258_lcam_front_lidar.ply,0.2,800,0.9,0.1437,0.23331,1,0.05506,0.97493,0.09808
002259_lcam_front_lidar.ply,0.2,800,0.9,0.14296,0.22036,1,0.05507,0.97351,0.12223
002260_lcam_front_lidar.ply,0.2,800,0.9,0.14569,0.21926,1,0.05891,0.96945,0.12989
002261_lcam_front_lidar.ply,0.2,800,0.9,0.1703,0.21961,1,0.06103,0.96657,0.12883
002262_lcam_front_lidar.ply,0.2,800,0.9,0.16125,0.21814,1,0.06342,0.96585,0.13682
002263_lcam_front_lidar.ply,0.2,800,0.9,0.16388,0.21469,1,0.06823,0.9596,0.15527
002264_lcam_front_lidar.ply,0.2,800,0.9,0.14963,0.21831,1,0.06838,0.96378,0.1549
002265_lcam_front_lidar.ply,0.2,800,0.9,0.14869,0.21547,1,0.07185,0.96004,0.16472
002266_lcam_front_lidar.ply,0.2,800,0.9,0.14912,0.20631,1,0.0752,0.97005,0.18462
002267_lcam_front_lidar.ply,0.2,800,0.9,0.16189,0.21115,1,0.07734,0.95931,0.18125
002268_lcam_front_lidar.ply,0.2,800,0.9,0.14021,0.22372,1,0.08356,0.97926,0.17088
002269_lcam_front_lidar.ply,0.2,800,0.9,0.13701,0.22856,1,0.10044,0.9586,0.20329
002270_lcam_front_lidar.ply,0.2,800,0.9,0.1335,0.23597,1,0.10545,0.9562,0.19472
002271_lcam_front_lidar.ply,0.2,800,0.9,0.1249,0.24203,1,0.10766,0.95401,0.18661
002272_lcam_front_lidar.ply,0.2,800,0.9,0.11527,0.23489,1,0.08796,0.94377,0.16896
002273_lcam_front_lidar.ply,0.2,800,0.9,0.14329,0.25365,1,0.09866,0.9358,0.14308
002274_lcam_front_lidar.ply,0.2,800,0.9,0.12752,0.2315,1,0.09784,0.95556,0.18699
002275_lcam_front_lidar.ply,0.2,800,0.9,0.12282,0.23373,1,0.10236,0.95992,0.19456
002276_lcam_front_lidar.ply,0.2,800,0.9,0.12756,0.24184,1,0.09766,0.94661,0.16588
002277_lcam_front_lidar.ply,0.2,800,0.9,0.1273,0.24307,1,0.10203,0.94885,0.16922
002278_lcam_front_lidar.ply,0.2,800,0.9,0.11396,0.24363,1,0.09757,0.94961,0.17055
002279_lcam_front_lidar.ply,0.2,800,0.9,0.11914,0.24989,1,0.09913,0.94269,0.15589
002280_lcam_front_lidar.ply,0.2,800,0.9,0.13198,0.23824,1,0.08362,0.93856,0.14623
002281_lcam_front_lidar.ply,0.2,800,0.9,0.12895,0.2358,1,0.08669,0.94542,0.15475
002282_lcam_front_lidar.ply,0.2,800,0.9,0.1284,0.21275,1,0.04845,0.93086,0.1268
002283_lcam_front_lidar.ply,0.2,800,0.9,0.12164,0.20863,1,0.0457,0.93043,0.12992
002284_lcam_front_lidar.ply,0.2,800,0.9,0.10711,0.21302,1,0.05209,0.93878,0.13748
002285_lcam_front_lidar.ply,0.2,800,0.9,0.12984,0.21082,1,0.06159,0.94302,0.1527
002286_lcam_front_lidar.ply,0.2,800,0.9,0.1263,0.24283,1,0.11673,0.99869,0.20503
002287_lcam_front_lidar.ply,0.2,800,0.9,0.14268,0.24328,1,0.11432,0.99858,0.19735
002288_lcam_front_lidar.ply,0.2,800,0.9,0.14567,0.26517,1,0.13578,0.99896,0.19253
002289_lcam_front_lidar.ply,0.2,800,0.9,0.13259,0.26744,1,0.14273,0.99896,0.20175
002290_lcam_front_lidar.ply,0.2,800,0.9,0.13747,0.27481,1,0.14731,0.999,0.19954
002291_lcam_front_lidar.ply,0.2,800,0.9,0.13567,0.26881,1,0.14261,0.99865,0.20269
002292_lcam_front_lidar.ply,0.2,800,0.9,0.13818,0.2737,1,0.13933,0.999,0.18342
002293_lcam_front_lidar.ply,0.2,800,0.9,0.14167,0.2789,1,0.13845,0.99934,0.16768
002294_lcam_front_lidar.ply,0.2,800,0.9,0.13545,0.26991,1,0.13015,0.99873,0.17576
002295_lcam_front_lidar.ply,0.2,800,0.9,0.13263,0.22249,1,0.02663,0.95146,0.06394
002296_lcam_front_lidar.ply,0.2,800,0.9,0.12672,0.2758,1,0.14069,0.99947,0.18547
002297_lcam_front_lidar.ply,0.2,800,0.9,0.12815,0.27435,1,0.13639,0.9992,0.18274
002298_lcam_front_lidar.ply,0.2,800,0.9,0.12387,0.27436,1,0.13814,0.99861,0.18591
002299_lcam_front_lidar.ply,0.2,800,0.9,0.14233,0.25358,1,0.13191,0.99931,0.20807
002300_lcam_front_lidar.ply,0.2,800,0.9,0.12397,0.25785,1,0.12893,0.99882,0.19852
002301_lcam_front_lidar.ply,0.2,800,0.9,0.11174,0.25296,1,0.1272,0.99901,0.20125
002302_lcam_front_lidar.ply,0.2,800,0.9,0.13698,0.25426,1,0.12612,0.99911,0.1954
002303_lcam_front_lidar.ply,0.2,800,0.9,0.12194,0.18797,1,0.03742,0.94495,0.15208
002304_lcam_front_lidar.ply,0.2,800,0.9,0.14853,0.2423,1,0.12995,0.99997,0.2266
002305_lcam_front_lidar.ply,0.2,800,0.9,0.14159,0.25226,1,0.12311,0.99902,0.19429
002306_lcam_front_lidar.ply,0.2,800,0.9,0.14879,0.24824,1,0.13308,0.99957,0.22128
002307_lcam_front_lidar.ply,0.2,800,0.9,0.12731,0.25062,1,0.1292,0.99938,0.2116
002308_lcam_front_lidar.ply,0.2,800,0.9,0.13817,0.25828,1,0.13532,0.99812,0.20424
002309_lcam_front_lidar.ply,0.2,800,0.9,0.13102,0.25544,1,0.12716,0.99821,0.19451
002310_lcam_front_lidar.ply,0.2,800,0.9,0.12907,0.25077,1,0.12802,0.99862,0.20735
002311_lcam_front_lidar.ply,0.2,800,0.9,0.14689,0.20439,1,0.03693,0.90648,0.11645
002312_lcam_front_lidar.ply,0.2,800,0.9,0.14641,0.19394,1,0.03923,0.91537,0.14467
002313_lcam_front_lidar.ply,0.2,800,0.9,0.1327,0.19465,1,0.04374,0.91908,0.15459
002314_lcam_front_lidar.ply,0.2,800,0.9,0.12378,0.25413,1,0.12706,0.99694,0.19925
002315_lcam_front_lidar.ply,0.2,800,0.9,0.12324,0.21305,1,0.03647,0.89698,0.1004
002316_lcam_front_lidar.ply,0.2,800,0.9,0.14229,0.20908,1,0.04018,0.90319,0.11698
002317_lcam_front_lidar.ply,0.2,800,0.9,0.14759,0.20156,1,0.03687,0.89868,0.11406
002318_lcam_front_lidar.ply,0.2,800,0.9,0.14299,0.20261,1,0.0522,0.91406,0.15056
002319_lcam_front_lidar.ply,0.2,800,0.9,0.12706,0.20494,1,0.07729,0.92787,0.1931
002320_lcam_front_lidar.ply,0.2,800,0.9,0.12655,0.22671,1,0.10869,0.98574,0.21557
002321_lcam_front_lidar.ply,0.2,800,0.9,0.13883,0.20949,1,0.03672,0.88994,0.10598
002322_lcam_front_lidar.ply,0.2,800,0.9,0.12731,0.22008,1,0.11685,0.99451,0.2447
002323_lcam_front_lidar.ply,0.2,800,0.9,0.10456,0.19342,1,0.05698,0.92054,0.17899
002324_lcam_front_lidar.ply,0.2,800,0.9,0.11659,0.22706,1,0.09296,0.92606,0.18259
002325_lcam_front_lidar.ply,0.2,800,0.9,0.11666,0.2297,1,0.10515,0.94227,0.20305
002326_lcam_front_lidar.ply,0.2,800,0.9,0.11449,0.22669,1,0.0962,0.93125,0.18918
002327_lcam_front_lidar.ply,0.2,800,0.9,0.11116,0.23621,1,0.11046,0.93154,0.20052
002328_lcam_front_lidar.ply,0.2,800,0.9,0.11061,0.26398,1,0.11908,0.92368,0.16045
002329_lcam_front_lidar.ply,0.2,800,0.9,0.12377,0.26953,1,0.1275,0.92364,0.16929
002330_lcam_front_lidar.ply,0.2,800,0.9,0.11473,0.27156,1,0.13172,0.92846,0.17291
002331_lcam_front_lidar.ply,0.2,800,0.9,0.12076,0.27298,1,0.13802,0.93674,0.18722
002332_lcam_front_lidar.ply,0.2,800,0.9,0.11585,0.28856,1,0.13928,0.91719,0.15747
002333_lcam_front_lidar.ply,0.2,800,0.9,0.09538,0.2971,1,0.13837,0.92033,0.13939
002334_lcam_front_lidar.ply,0.2,800,0.9,0.10328,0.29798,1,0.1484,0.92613,0.1575
002335_lcam_front_lidar.ply,0.2,800,0.9,0.10118,0.31324,1,0.15381,0.91818,0.13839
002336_lcam_front_lidar.ply,0.2,800,0.9,0.10254,0.31402,1,0.15119,0.92924,0.13201
002337_lcam_front_lidar.ply,0.2,800,0.9,0.10515,0.31082,1,0.15893,0.92309,0.15399
002338_lcam_front_lidar.ply,0.2,800,0.9,0.10522,0.30989,1,0.15362,0.91397,0.14433
002339_lcam_front_lidar.ply,0.2,800,0.9,0.09888,0.30701,1,0.1418,0.90173,0.12485
002340_lcam_front_lidar.ply,0.2,800,0.9,0.11174,0.30443,1,0.14299,0.90188,0.12996
002341_lcam_front_lidar.ply,0.2,800,0.9,0.08657,0.2996,1,0.13957,0.90647,0.14279
002342_lcam_front_lidar.ply,0.2,800,0.9,0.10677,0.32343,1,0.15963,0.89955,0.12471
002343_lcam_front_lidar.ply,0.2,800,0.9,0.09485,0.30326,1,0.14987,0.90541,0.14753
002344_lcam_front_lidar.ply,0.2,800,0.9,0.09652,0.30095,1,0.14156,0.90874,0.14021
002345_lcam_front_lidar.ply,0.2,800,0.9,0.10472,0.29341,1,0.14751,0.91405,0.16254
002346_lcam_front_lidar.ply,0.2,800,0.9,0.11412,0.27874,1,0.11735,0.90293,0.12951
002347_lcam_front_lidar.ply,0.2,800,0.9,0.11293,0.28021,1,0.1129,0.88919,0.11622
002348_lcam_front_lidar.ply,0.2,800,0.9,0.08231,0.27887,1,0.12282,0.90964,0.14263
002349_lcam_front_lidar.ply,0.2,800,0.9,0.10619,0.27744,1,0.10753,0.89692,0.11419
002350_lcam_front_lidar.ply,0.2,800,0.9,0.11205,0.2669,1,0.09757,0.90592,0.11067
002351_lcam_front_lidar.ply,0.2,800,0.9,0.09595,0.26488,1,0.08959,0.88695,0.1034
002352_lcam_front_lidar.ply,0.2,800,0.9,0.09088,0.27279,1,0.10374,0.90428,0.11497
002353_lcam_front_lidar.ply,0.2,800,0.9,0.08875,0.26442,1,0.09581,0.90537,0.115
002354_lcam_front_lidar.ply,0.2,800,0.9,0.10945,0.28392,1,0.10782,0.90359,0.10284
002355_lcam_front_lidar.ply,0.2,800,0.9,0.11149,0.27038,1,0.10329,0.9017,0.11663
002356_lcam_front_lidar.ply,0.2,800,0.9,0.10177,0.28081,1,0.11591,0.90828,0.12146
002357_lcam_front_lidar.ply,0.2,800,0.9,0.10667,0.27728,1,0.11519,0.9145,0.12668
002358_lcam_front_lidar.ply,0.2,800,0.9,0.10121,0.27217,1,0.10629,0.90567,0.119
002359_lcam_front_lidar.ply,0.2,800,0.9,0.10355,0.27915,1,0.10907,0.90373,0.11436
002360_lcam_front_lidar.ply,0.2,800,0.9,0.11159,0.28719,1,0.10404,0.8976,0.09127
002361_lcam_front_lidar.ply,0.2,800,0.9,0.1113,0.28822,1,0.11615,0.90507,0.10526
002362_lcam_front_lidar.ply,0.2,800,0.9,0.09528,0.2939,1,0.1178,0.90239,0.10204
002363_lcam_front_lidar.ply,0.2,800,0.9,0.11109,0.2815,1,0.13301,0.92317,0.1519
002364_lcam_front_lidar.ply,0.2,800,0.9,0.11319,0.28434,1,0.12559,0.91417,0.13274
002365_lcam_front_lidar.ply,0.2,800,0.9,0.09522,0.28336,1,0.12754,0.92403,0.14408
002366_lcam_front_lidar.ply,0.2,800,0.9,0.09519,0.28348,1,0.12641,0.92373,0.14379
